# Blender 5.2.0 LTS
# www.blender.org
mtllib body.mtl
o pxl_gun_body
v 0.394527 0.132807 0.039378
v 0.394753 0.132807 0.039378
v 0.394541 0.159224 0.039378
v 0.394739 0.159224 0.039378
v 0.394527 0.159224 0.065794
v 0.394753 0.159224 0.065794
v 0.394541 0.132807 0.065794
v 0.394739 0.132807 0.065794
v 0.394527 0.132807 -0.066290
v 0.394753 0.132807 -0.066290
v 0.394541 0.159224 -0.066290
v 0.394739 0.159224 -0.066290
v 0.394527 0.159224 -0.039874
v 0.394753 0.159224 -0.039874
v 0.394541 0.132807 -0.039874
v 0.394739 0.132807 -0.039874
v 0.368050 0.185640 -0.013457
v 0.368396 0.185640 -0.013457
v 0.368074 0.238474 -0.013457
v 0.368372 0.238474 -0.013457
v 0.368050 0.238474 0.012961
v 0.368396 0.238474 0.012961
v 0.368074 0.185640 0.012961
v 0.368372 0.185640 0.012961
v 0.368110 0.159224 -0.066290
v 0.368336 0.159224 -0.066290
v 0.368124 0.185640 -0.066290
v 0.368322 0.185640 -0.066290
v 0.368110 0.185640 -0.039874
v 0.368336 0.185640 -0.039874
v 0.368124 0.159224 -0.039874
v 0.368322 0.159224 -0.039874
v 0.368110 0.159224 0.039378
v 0.368336 0.159224 0.039378
v 0.368124 0.185640 0.039378
v 0.368322 0.185640 0.039378
v 0.368110 0.185640 0.065794
v 0.368336 0.185640 0.065794
v 0.368124 0.159224 0.065794
v 0.368322 0.159224 0.065794
v 0.341690 0.212057 0.039378
v 0.341920 0.212057 0.039378
v 0.341692 0.212057 0.065794
v 0.341918 0.212057 0.065794
v 0.341696 0.185640 0.039378
v 0.341914 0.185640 0.039378
v 0.341706 0.185640 0.065794
v 0.341904 0.185640 0.065794
v 0.341659 0.185640 0.012961
v 0.341951 0.185640 0.012961
v 0.341688 0.238474 0.012961
v 0.341922 0.238474 0.012961
v 0.341706 0.238474 0.039378
v 0.341904 0.238474 0.039378
v 0.341689 0.238474 -0.013457
v 0.341921 0.238474 -0.013457
v 0.341719 0.251483 0.012961
v 0.341891 0.251483 0.012961
v 0.341731 0.251483 -0.013457
v 0.341879 0.251483 -0.013457
v 0.341690 0.212057 -0.039874
v 0.341920 0.212057 -0.039874
v 0.341706 0.238474 -0.039874
v 0.341904 0.238474 -0.039874
v 0.341659 0.185640 -0.013457
v 0.341951 0.185640 -0.013457
v 0.341696 0.185640 -0.039874
v 0.341914 0.185640 -0.039874
v 0.341692 0.212057 -0.066290
v 0.341918 0.212057 -0.066290
v 0.341706 0.185640 -0.066290
v 0.341904 0.185640 -0.066290
v 0.156591 0.238474 -0.066290
v 0.157185 0.238474 -0.066290
v 0.156521 0.238474 0.065794
v 0.157254 0.238474 0.065794
v 0.156521 0.212057 -0.066290
v 0.157254 0.212057 -0.066290
v 0.156591 0.212057 0.065794
v 0.157185 0.212057 0.065794
v 0.156690 0.185640 -0.039874
v 0.157086 0.185640 -0.039874
v 0.156651 0.185640 0.039378
v 0.157125 0.185640 0.039378
v 0.156651 0.159224 -0.039874
v 0.157125 0.159224 -0.039874
v 0.156690 0.159224 0.039378
v 0.157086 0.159224 0.039378
v -0.054848 0.238474 -0.066290
v -0.054048 0.238474 -0.066290
v -0.054672 0.159224 -0.039874
v -0.054224 0.159224 -0.039874
v -0.054646 0.159224 -0.066290
v -0.054250 0.159224 -0.066290
v -0.054709 0.159224 0.039378
v -0.054187 0.159224 0.039378
v -0.054817 0.238474 0.065794
v -0.054079 0.238474 0.065794
v -0.054646 0.159224 0.065794
v -0.054250 0.159224 0.065794
v -0.054685 0.132807 0.039378
v -0.054211 0.132807 0.039378
v -0.054646 0.132807 -0.039874
v -0.054250 0.132807 -0.039874
v -0.160330 0.212057 -0.039874
v -0.159902 0.212057 -0.039874
v -0.160256 0.238474 0.012961
v -0.159976 0.238474 0.012961
v -0.160328 0.212057 0.039378
v -0.159904 0.212057 0.039378
v -0.160262 0.264892 0.039378
v -0.159970 0.264892 0.039378
v -0.160215 0.264892 0.012961
v -0.160017 0.264892 0.012961
v -0.160236 0.238474 -0.013457
v -0.159996 0.238474 -0.013457
v -0.160262 0.264892 -0.039874
v -0.159970 0.264892 -0.039874
v -0.160215 0.264892 -0.013457
v -0.160017 0.264892 -0.013457
v -0.239367 0.264694 0.039378
v -0.239367 0.265090 0.039378
v -0.160116 0.264656 0.039378
v -0.160116 0.265129 0.039378
v -0.239367 0.264656 0.012961
v -0.239367 0.265129 0.012961
v -0.160116 0.264694 0.012961
v -0.160116 0.265090 0.012961
v -0.239367 0.264694 -0.013457
v -0.239367 0.265090 -0.013457
v -0.160116 0.264656 -0.013457
v -0.160116 0.265129 -0.013457
v -0.239367 0.264656 -0.039874
v -0.239367 0.265129 -0.039874
v -0.160116 0.264694 -0.039874
v -0.160116 0.265090 -0.039874
v 0.341805 0.251384 -0.013457
v 0.341805 0.251582 -0.013457
v 0.315388 0.251370 -0.013457
v 0.315388 0.251596 -0.013457
v 0.341805 0.251370 0.012961
v 0.341805 0.251596 0.012961
v 0.315388 0.251384 0.012961
v 0.315388 0.251582 0.012961
v 0.341805 0.238375 -0.039874
v 0.341805 0.238573 -0.039874
v 0.315388 0.238361 -0.039874
v 0.315388 0.238587 -0.039874
v 0.341805 0.238361 -0.013457
v 0.341805 0.238587 -0.013457
v 0.315388 0.238350 -0.013457
v 0.315388 0.238598 -0.013457
v 0.368223 0.238375 -0.013457
v 0.368223 0.238573 -0.013457
v 0.368223 0.238361 0.012961
v 0.368223 0.238587 0.012961
v 0.341805 0.238375 0.012961
v 0.341805 0.238573 0.012961
v 0.315388 0.238331 0.012961
v 0.315388 0.238617 0.012961
v 0.341805 0.238361 0.039378
v 0.341805 0.238587 0.039378
v 0.315388 0.238375 0.039378
v 0.315388 0.238573 0.039378
v 0.262556 0.238301 -0.013457
v 0.262556 0.238647 -0.013457
v 0.262556 0.238325 0.012961
v 0.262556 0.238623 0.012961
v -0.054448 0.238107 0.065794
v -0.054448 0.238841 0.065794
v -0.054448 0.238177 -0.066290
v -0.054448 0.238771 -0.066290
v -0.080866 0.238107 -0.066290
v -0.080866 0.238841 -0.066290
v -0.080866 0.238177 0.065794
v -0.080866 0.238771 0.065794
v 0.156888 0.238108 0.065794
v 0.156888 0.238840 0.065794
v 0.156888 0.238177 -0.066290
v 0.156888 0.238771 -0.066290
v 0.130471 0.238108 -0.066290
v 0.130471 0.238840 -0.066290
v 0.130471 0.238177 0.065794
v 0.130471 0.238771 0.065794
v -0.265784 0.238285 -0.039874
v -0.265784 0.238663 -0.039874
v -0.265784 0.238295 0.039378
v -0.265784 0.238653 0.039378
v -0.239367 0.238279 0.012961
v -0.239367 0.238669 0.012961
v -0.239367 0.238375 0.039378
v -0.239367 0.238573 0.039378
v -0.239367 0.238315 -0.013457
v -0.239367 0.238633 -0.013457
v -0.239367 0.238375 -0.039874
v -0.239367 0.238573 -0.039874
v -0.160116 0.238237 -0.013457
v -0.160116 0.238711 -0.013457
v -0.160116 0.238276 0.012961
v -0.160116 0.238672 0.012961
v 0.315388 0.211825 -0.039874
v 0.315388 0.212289 -0.039874
v 0.156888 0.211511 -0.066290
v 0.156888 0.212603 -0.066290
v 0.262556 0.211817 -0.013457
v 0.262556 0.212297 -0.013457
v 0.315388 0.211908 -0.013457
v 0.315388 0.212206 -0.013457
v 0.341805 0.211746 -0.066290
v 0.341805 0.212368 -0.066290
v 0.341805 0.211958 -0.039874
v 0.341805 0.212156 -0.039874
v 0.262556 0.211766 0.012961
v 0.262556 0.212348 0.012961
v 0.156888 0.211498 0.065794
v 0.156888 0.212616 0.065794
v 0.315388 0.211825 0.039378
v 0.315388 0.212289 0.039378
v 0.315388 0.211908 0.012961
v 0.315388 0.212206 0.012961
v 0.341805 0.211746 0.065794
v 0.341805 0.212368 0.065794
v 0.341805 0.211958 0.039378
v 0.341805 0.212156 0.039378
v -0.265784 0.211816 0.039378
v -0.265784 0.212298 0.039378
v -0.265784 0.211834 -0.039874
v -0.265784 0.212280 -0.039874
v -0.292201 0.211820 -0.039874
v -0.292201 0.212294 -0.039874
v -0.292201 0.211859 0.039378
v -0.292201 0.212255 0.039378
v -0.160116 0.211675 -0.039874
v -0.160116 0.212439 -0.039874
v -0.265784 0.211657 -0.066290
v -0.265784 0.212457 -0.066290
v -0.080866 0.211556 -0.066290
v -0.080866 0.212558 -0.066290
v -0.080866 0.211558 0.065794
v -0.080866 0.212556 0.065794
v -0.160116 0.211703 0.039378
v -0.160116 0.212411 0.039378
v -0.265784 0.211657 0.065794
v -0.265784 0.212457 0.065794
v 0.368223 0.185541 -0.066290
v 0.368223 0.185739 -0.066290
v 0.341805 0.185527 -0.066290
v 0.341805 0.185753 -0.066290
v 0.368223 0.185527 -0.039874
v 0.368223 0.185753 -0.039874
v 0.341805 0.185541 -0.039874
v 0.341805 0.185739 -0.039874
v -0.265784 0.185541 -0.066290
v -0.265784 0.185739 -0.066290
v -0.292201 0.185527 -0.066290
v -0.292201 0.185753 -0.066290
v -0.265784 0.185527 -0.039874
v -0.265784 0.185753 -0.039874
v -0.292201 0.185541 -0.039874
v -0.292201 0.185739 -0.039874
v -0.265784 0.185541 0.039378
v -0.265784 0.185739 0.039378
v -0.292201 0.185527 0.039378
v -0.292201 0.185753 0.039378
v -0.265784 0.185527 0.065794
v -0.265784 0.185753 0.065794
v -0.292201 0.185541 0.065794
v -0.292201 0.185739 0.065794
v 0.368223 0.185541 0.039378
v 0.368223 0.185739 0.039378
v 0.341805 0.185527 0.039378
v 0.341805 0.185753 0.039378
v 0.368223 0.185527 0.065794
v 0.368223 0.185753 0.065794
v 0.341805 0.185541 0.065794
v 0.341805 0.185739 0.065794
v -0.054448 0.158828 -0.039874
v -0.054448 0.159620 -0.039874
v 0.130471 0.158726 -0.039874
v 0.130471 0.159722 -0.039874
v -0.054448 0.158726 -0.066290
v -0.054448 0.159722 -0.066290
v 0.130471 0.158828 -0.066290
v 0.130471 0.159620 -0.066290
v 0.394640 0.159125 -0.066290
v 0.394640 0.159323 -0.066290
v 0.368223 0.159111 -0.066290
v 0.368223 0.159337 -0.066290
v 0.394640 0.159111 -0.039874
v 0.394640 0.159337 -0.039874
v 0.368223 0.159125 -0.039874
v 0.368223 0.159323 -0.039874
v 0.394640 0.159125 0.039378
v 0.394640 0.159323 0.039378
v 0.368223 0.159111 0.039378
v 0.368223 0.159337 0.039378
v 0.394640 0.159111 0.065794
v 0.394640 0.159337 0.065794
v 0.368223 0.159125 0.065794
v 0.368223 0.159323 0.065794
v -0.054448 0.158828 0.065794
v -0.054448 0.159620 0.065794
v 0.130471 0.158726 0.065794
v 0.130471 0.159722 0.065794
v -0.054448 0.158726 0.039378
v -0.054448 0.159722 0.039378
v 0.130471 0.158828 0.039378
v 0.130471 0.159620 0.039378
v 0.130471 0.159224 0.065010
v 0.130471 0.159224 0.066578
v -0.292201 0.132807 0.064698
v -0.292201 0.132807 0.066890
v 0.394640 0.132807 0.064841
v 0.394640 0.132807 0.066747
v 0.368223 0.159224 0.065520
v 0.368223 0.159224 0.066068
v 0.394640 0.159224 0.065695
v 0.394640 0.159224 0.065893
v 0.341805 0.185640 0.065427
v 0.341805 0.185640 0.066161
v 0.368223 0.185640 0.065695
v 0.368223 0.185640 0.065893
v 0.156888 0.212057 0.065423
v 0.156888 0.212057 0.066165
v 0.341805 0.212057 0.065398
v 0.341805 0.212057 0.066190
v 0.130471 0.238474 0.065615
v 0.130471 0.238474 0.065973
v 0.156888 0.238474 0.065695
v 0.156888 0.238474 0.065893
v -0.054448 0.159224 0.065212
v -0.054448 0.159224 0.066376
v -0.265784 0.185640 0.065410
v -0.265784 0.185640 0.066178
v -0.292201 0.185640 0.065645
v -0.292201 0.185640 0.065943
v -0.080866 0.212057 0.065423
v -0.080866 0.212057 0.066165
v -0.265784 0.212057 0.065398
v -0.265784 0.212057 0.066190
v -0.054448 0.238474 0.065615
v -0.054448 0.238474 0.065973
v -0.080866 0.238474 0.065695
v -0.080866 0.238474 0.065893
v -0.292201 0.185640 0.039265
v -0.292201 0.185640 0.039491
v -0.265784 0.185640 0.039279
v -0.265784 0.185640 0.039477
v -0.265784 0.212057 0.039216
v -0.265784 0.212057 0.039540
v -0.292201 0.212057 0.039279
v -0.292201 0.212057 0.039477
v -0.239367 0.238474 0.039185
v -0.239367 0.238474 0.039571
v -0.265784 0.238474 0.039279
v -0.265784 0.238474 0.039477
v -0.160116 0.212057 0.039075
v -0.160116 0.212057 0.039681
v -0.160116 0.264892 0.039108
v -0.160116 0.264892 0.039648
v -0.239367 0.264892 0.039180
v -0.239367 0.264892 0.039576
v 0.315388 0.212057 0.039265
v 0.315388 0.212057 0.039491
v 0.341805 0.212057 0.039279
v 0.341805 0.212057 0.039477
v 0.341805 0.238474 0.039265
v 0.341805 0.238474 0.039491
v 0.315388 0.238474 0.039279
v 0.315388 0.238474 0.039477
v 0.315388 0.238474 0.012831
v 0.315388 0.238474 0.013090
v 0.341805 0.238474 0.012850
v 0.341805 0.238474 0.013072
v 0.341805 0.251483 0.012875
v 0.341805 0.251483 0.013047
v 0.315388 0.251483 0.012887
v 0.315388 0.251483 0.013035
v 0.341805 0.185640 0.012788
v 0.341805 0.185640 0.013134
v 0.368223 0.238474 0.012788
v 0.368223 0.238474 0.013134
v 0.368223 0.185640 0.012812
v 0.368223 0.185640 0.013110
v 0.262556 0.212057 0.012788
v 0.262556 0.212057 0.013134
v 0.262556 0.238474 0.012812
v 0.262556 0.238474 0.013110
v 0.315388 0.212057 0.012812
v 0.315388 0.212057 0.013110
v -0.239367 0.238474 -0.013694
v -0.239367 0.238474 -0.013221
v -0.160116 0.238474 -0.013655
v -0.160116 0.238474 -0.013259
v -0.160116 0.264892 -0.013694
v -0.160116 0.264892 -0.013221
v -0.239367 0.264892 -0.013655
v -0.239367 0.264892 -0.013259
v 0.156888 0.159224 -0.040438
v 0.156888 0.159224 -0.039310
v -0.054448 0.132807 -0.040695
v -0.054448 0.132807 -0.039053
v 0.394640 0.132807 -0.040579
v 0.394640 0.132807 -0.039169
v 0.130471 0.159224 -0.040372
v 0.130471 0.159224 -0.039376
v -0.054448 0.159224 -0.040270
v -0.054448 0.159224 -0.039478
v 0.368223 0.159224 -0.040128
v 0.368223 0.159224 -0.039620
v 0.394640 0.159224 -0.039973
v 0.394640 0.159224 -0.039775
v 0.341805 0.185640 -0.040282
v 0.341805 0.185640 -0.039466
v 0.156888 0.185640 -0.040270
v 0.156888 0.185640 -0.039478
v 0.368223 0.185640 -0.039973
v 0.368223 0.185640 -0.039775
v -0.291862 0.132807 -0.066290
v -0.292540 0.132807 -0.066290
v -0.291995 0.185640 -0.039874
v -0.292407 0.185640 -0.039874
v -0.292052 0.185640 -0.066290
v -0.292350 0.185640 -0.066290
v -0.291969 0.185640 0.039378
v -0.292433 0.185640 0.039378
v -0.291896 0.132807 0.065794
v -0.292506 0.132807 0.065794
v -0.292052 0.185640 0.065794
v -0.292350 0.185640 0.065794
v -0.291965 0.212057 0.039378
v -0.292438 0.212057 0.039378
v -0.292003 0.212057 -0.039874
v -0.292399 0.212057 -0.039874
v -0.265609 0.212057 0.039378
v -0.265959 0.212057 0.039378
v -0.265685 0.185640 0.039378
v -0.265883 0.185640 0.039378
v -0.265671 0.185640 0.065794
v -0.265897 0.185640 0.065794
v -0.265685 0.212057 0.065794
v -0.265883 0.212057 0.065794
v -0.265547 0.238474 -0.039874
v -0.266021 0.238474 -0.039874
v -0.265586 0.238474 0.039378
v -0.265982 0.238474 0.039378
v -0.265635 0.212057 -0.039874
v -0.265933 0.212057 -0.039874
v -0.265671 0.212057 -0.066290
v -0.265897 0.212057 -0.066290
v -0.265671 0.185640 -0.039874
v -0.265897 0.185640 -0.039874
v -0.265685 0.185640 -0.066290
v -0.265883 0.185640 -0.066290
v -0.239254 0.264892 0.012961
v -0.239480 0.264892 0.012961
v -0.239268 0.238474 0.012961
v -0.239466 0.238474 0.012961
v -0.239254 0.238474 0.039378
v -0.239480 0.238474 0.039378
v -0.239268 0.264892 0.039378
v -0.239466 0.264892 0.039378
v -0.239254 0.264892 -0.039874
v -0.239480 0.264892 -0.039874
v -0.239268 0.238474 -0.039874
v -0.239466 0.238474 -0.039874
v -0.239254 0.238474 -0.013457
v -0.239480 0.238474 -0.013457
v -0.239268 0.264892 -0.013457
v -0.239466 0.264892 -0.013457
v -0.080569 0.212057 -0.066290
v -0.081163 0.212057 -0.066290
v -0.080500 0.212057 0.065794
v -0.081233 0.212057 0.065794
v -0.080500 0.238474 -0.066290
v -0.081233 0.238474 -0.066290
v -0.080569 0.238474 0.065794
v -0.081163 0.238474 0.065794
v 0.130871 0.238474 -0.066290
v 0.130071 0.238474 -0.066290
v 0.130772 0.159224 0.039378
v 0.130170 0.159224 0.039378
v 0.130840 0.238474 0.065794
v 0.130102 0.238474 0.065794
v 0.130669 0.159224 0.065794
v 0.130273 0.159224 0.065794
v 0.130708 0.159224 -0.039874
v 0.130234 0.159224 -0.039874
v 0.130669 0.159224 -0.066290
v 0.130273 0.159224 -0.066290
v 0.262669 0.238474 -0.013457
v 0.262443 0.238474 -0.013457
v 0.262655 0.212057 -0.013457
v 0.262457 0.212057 -0.013457
v 0.262669 0.212057 0.012961
v 0.262443 0.212057 0.012961
v 0.262655 0.238474 0.012961
v 0.262457 0.238474 0.012961
v 0.315501 0.238474 -0.039874
v 0.315275 0.238474 -0.039874
v 0.315487 0.212057 -0.039874
v 0.315289 0.212057 -0.039874
v 0.315501 0.212057 -0.013457
v 0.315275 0.212057 -0.013457
v 0.315474 0.238474 -0.013457
v 0.315302 0.238474 -0.013457
v 0.315487 0.238474 0.012961
v 0.315289 0.238474 0.012961
v 0.315474 0.251483 -0.013457
v 0.315302 0.251483 -0.013457
v 0.315462 0.251483 0.012961
v 0.315314 0.251483 0.012961
v 0.315487 0.212057 0.012961
v 0.315289 0.212057 0.012961
v 0.315501 0.212057 0.039378
v 0.315275 0.212057 0.039378
v 0.315487 0.238474 0.039378
v 0.315289 0.238474 0.039378
v 0.394640 0.134261 0.065794
v 0.394640 0.131353 0.065794
v -0.292201 0.134130 0.065794
v -0.292201 0.131484 0.065794
v -0.054448 0.133915 0.039378
v -0.054448 0.131699 0.039378
v 0.394640 0.133699 0.039378
v 0.394640 0.131915 0.039378
v -0.292201 0.134043 -0.066290
v -0.292201 0.131571 -0.066290
v -0.054448 0.133948 -0.039874
v -0.054448 0.131666 -0.039874
v 0.394640 0.134261 -0.066290
v 0.394640 0.131353 -0.066290
v 0.394640 0.133699 -0.039874
v 0.394640 0.131915 -0.039874
v 0.156888 0.159461 -0.039874
v 0.156888 0.158987 -0.039874
v 0.130471 0.159655 0.039378
v 0.130471 0.158793 0.039378
v 0.130471 0.159587 -0.039874
v 0.130471 0.158861 -0.039874
v 0.156888 0.159422 0.039378
v 0.156888 0.159026 0.039378
v -0.054448 0.159806 -0.039874
v -0.054448 0.158642 -0.039874
v -0.054448 0.159719 0.039378
v -0.054448 0.158729 0.039378
v 0.156888 0.186243 -0.039874
v 0.156888 0.185037 -0.039874
v 0.341805 0.186036 -0.039874
v 0.341805 0.185244 -0.039874
v 0.341805 0.185868 -0.013457
v 0.341805 0.185412 -0.013457
v 0.341805 0.185984 0.012961
v 0.341805 0.185296 0.012961
v 0.156888 0.186204 0.039378
v 0.156888 0.185076 0.039378
v 0.341805 0.186036 0.039378
v 0.341805 0.185244 0.039378
v 0.368223 0.185753 0.012961
v 0.368223 0.185527 0.012961
v 0.368223 0.185739 -0.013457
v 0.368223 0.185541 -0.013457
v -0.292201 0.132807 -0.065194
v -0.292201 0.132807 -0.067386
v 0.130471 0.159224 -0.065506
v 0.130471 0.159224 -0.067074
v 0.394640 0.132807 -0.065337
v 0.394640 0.132807 -0.067243
v 0.394640 0.159224 -0.066191
v 0.394640 0.159224 -0.066389
v 0.368223 0.159224 -0.066016
v 0.368223 0.159224 -0.066564
v 0.341805 0.185640 -0.065923
v 0.341805 0.185640 -0.066657
v 0.368223 0.185640 -0.066191
v 0.368223 0.185640 -0.066389
v 0.156888 0.212057 -0.065919
v 0.156888 0.212057 -0.066661
v 0.341805 0.212057 -0.065894
v 0.341805 0.212057 -0.066686
v 0.130471 0.238474 -0.066111
v 0.130471 0.238474 -0.066469
v 0.156888 0.238474 -0.066191
v 0.156888 0.238474 -0.066389
v -0.054448 0.159224 -0.065708
v -0.054448 0.159224 -0.066872
v -0.265784 0.185640 -0.065906
v -0.265784 0.185640 -0.066674
v -0.292201 0.185640 -0.066141
v -0.292201 0.185640 -0.066439
v -0.080866 0.212057 -0.065919
v -0.080866 0.212057 -0.066661
v -0.265784 0.212057 -0.065894
v -0.265784 0.212057 -0.066686
v -0.054448 0.238474 -0.066111
v -0.054448 0.238474 -0.066469
v -0.080866 0.238474 -0.066191
v -0.080866 0.238474 -0.066389
v 0.341805 0.238474 -0.039775
v 0.341805 0.238474 -0.039973
v 0.341805 0.212057 -0.039761
v 0.341805 0.212057 -0.039987
v 0.315388 0.238474 -0.039761
v 0.315388 0.238474 -0.039987
v 0.315388 0.212057 -0.039775
v 0.315388 0.212057 -0.039973
v -0.265784 0.185640 -0.039761
v -0.265784 0.185640 -0.039987
v -0.292201 0.212057 -0.039761
v -0.292201 0.212057 -0.039987
v -0.265784 0.212057 -0.039707
v -0.265784 0.212057 -0.040041
v -0.292201 0.185640 -0.039775
v -0.292201 0.185640 -0.039973
v -0.265784 0.238474 -0.039775
v -0.265784 0.238474 -0.039973
v -0.239367 0.238474 -0.039681
v -0.239367 0.238474 -0.040067
v -0.160116 0.212057 -0.039571
v -0.160116 0.212057 -0.040177
v -0.160116 0.264892 -0.039604
v -0.160116 0.264892 -0.040144
v -0.239367 0.264892 -0.039676
v -0.239367 0.264892 -0.040072
v 0.315388 0.251483 -0.013371
v 0.315388 0.251483 -0.013543
v 0.341805 0.251483 -0.013383
v 0.341805 0.251483 -0.013531
v 0.341805 0.238474 -0.013328
v 0.341805 0.238474 -0.013587
v 0.315388 0.238474 -0.013346
v 0.315388 0.238474 -0.013568
v 0.368223 0.185640 -0.013284
v 0.368223 0.185640 -0.013630
v 0.341805 0.185640 -0.013308
v 0.341805 0.185640 -0.013606
v 0.368223 0.238474 -0.013308
v 0.368223 0.238474 -0.013606
v 0.262556 0.238474 -0.013284
v 0.262556 0.238474 -0.013630
v 0.315388 0.212057 -0.013284
v 0.315388 0.212057 -0.013630
v 0.262556 0.212057 -0.013308
v 0.262556 0.212057 -0.013606
v -0.160116 0.238474 0.013197
v -0.160116 0.238474 0.012724
v -0.239367 0.264892 0.013197
v -0.239367 0.264892 0.012724
v -0.160116 0.264892 0.013159
v -0.160116 0.264892 0.012763
v -0.239367 0.238474 0.013159
v -0.239367 0.238474 0.012763
v 0.394640 0.132807 0.040083
v 0.394640 0.132807 0.038673
v -0.054448 0.132807 0.040199
v -0.054448 0.132807 0.038557
v 0.156888 0.159224 0.039942
v 0.156888 0.159224 0.038814
v 0.130471 0.159224 0.039876
v 0.130471 0.159224 0.038880
v -0.054448 0.159224 0.039774
v -0.054448 0.159224 0.038982
v 0.368223 0.159224 0.039632
v 0.368223 0.159224 0.039124
v 0.394640 0.159224 0.039477
v 0.394640 0.159224 0.039279
v 0.341805 0.185640 0.039786
v 0.341805 0.185640 0.038970
v 0.368223 0.185640 0.039477
v 0.368223 0.185640 0.039279
v 0.156888 0.185640 0.039774
v 0.156888 0.185640 0.038982
v 0.420831 0.210134 -0.039874
v 0.421293 0.210134 -0.039874
v 0.420821 0.210134 0.039378
v 0.421303 0.210134 0.039378
v 0.420907 0.185640 0.012961
v 0.421217 0.185640 0.012961
v 0.420825 0.132807 0.039378
v 0.421299 0.132807 0.039378
v 0.420951 0.185640 -0.013457
v 0.421173 0.185640 -0.013457
v 0.420922 0.159224 0.012961
v 0.421202 0.159224 0.012961
v 0.420924 0.159224 -0.013457
v 0.421200 0.159224 -0.013457
v 0.420825 0.132807 -0.039874
v 0.421299 0.132807 -0.039874
v 0.341698 0.159224 -0.013457
v 0.341924 0.159224 -0.013457
v 0.341712 0.185640 -0.013457
v 0.341910 0.185640 -0.013457
v 0.341698 0.185640 0.012961
v 0.341924 0.185640 0.012961
v 0.341712 0.159224 0.012961
v 0.341910 0.159224 0.012961
v 0.262448 0.079972 -0.066290
v 0.262674 0.079972 -0.066290
v 0.262462 0.106389 -0.066290
v 0.262660 0.106389 -0.066290
v 0.262448 0.106389 -0.039874
v 0.262674 0.106389 -0.039874
v 0.262462 0.079972 -0.039874
v 0.262660 0.079972 -0.039874
v 0.262448 0.079972 0.039378
v 0.262674 0.079972 0.039378
v 0.262462 0.106389 0.039378
v 0.262660 0.106389 0.039378
v 0.262448 0.106389 0.065794
v 0.262674 0.106389 0.065794
v 0.262462 0.079972 0.065794
v 0.262660 0.079972 0.065794
v 0.156781 0.079972 -0.066290
v 0.157007 0.079972 -0.066290
v 0.156795 0.106389 -0.066290
v 0.156993 0.106389 -0.066290
v 0.156781 0.106389 -0.039874
v 0.157007 0.106389 -0.039874
v 0.156795 0.079972 -0.039874
v 0.156993 0.079972 -0.039874
v 0.156781 0.079972 0.039378
v 0.157007 0.079972 0.039378
v 0.156795 0.106389 0.039378
v 0.156993 0.106389 0.039378
v 0.156781 0.106389 0.065794
v 0.157007 0.106389 0.065794
v 0.156795 0.079972 0.065794
v 0.156993 0.079972 0.065794
v -0.001722 0.079972 0.039378
v -0.001496 0.079972 0.039378
v -0.001708 0.106389 0.039378
v -0.001510 0.106389 0.039378
v -0.001722 0.106389 0.065794
v -0.001496 0.106389 0.065794
v -0.001708 0.079972 0.065794
v -0.001510 0.079972 0.065794
v -0.001722 0.079972 -0.066290
v -0.001496 0.079972 -0.066290
v -0.001708 0.106389 -0.066290
v -0.001510 0.106389 -0.066290
v -0.001722 0.106389 -0.039874
v -0.001496 0.106389 -0.039874
v -0.001708 0.079972 -0.039874
v -0.001510 0.079972 -0.039874
v -0.107389 0.079972 -0.066290
v -0.107163 0.079972 -0.066290
v -0.107375 0.106389 -0.066290
v -0.107177 0.106389 -0.066290
v -0.107389 0.106389 -0.039874
v -0.107163 0.106389 -0.039874
v -0.107375 0.079972 -0.039874
v -0.107177 0.079972 -0.039874
v -0.107389 0.079972 0.039378
v -0.107163 0.079972 0.039378
v -0.107375 0.106389 0.039378
v -0.107177 0.106389 0.039378
v -0.107389 0.106389 0.065794
v -0.107163 0.106389 0.065794
v -0.107375 0.079972 0.065794
v -0.107177 0.079972 0.065794
v 0.421062 0.208801 -0.039874
v 0.421062 0.211467 -0.039874
v -0.069521 0.209066 -0.039874
v -0.069521 0.211202 -0.039874
v -0.069521 0.208801 0.039378
v -0.069521 0.211467 0.039378
v 0.421062 0.209066 0.039378
v 0.421062 0.211202 0.039378
v 0.341811 0.159026 0.012961
v 0.341811 0.159422 0.012961
v 0.421062 0.158987 0.012961
v 0.421062 0.159461 0.012961
v 0.341811 0.158987 -0.013457
v 0.341811 0.159461 -0.013457
v 0.421062 0.159026 -0.013457
v 0.421062 0.159422 -0.013457
v 0.077643 0.106191 -0.039874
v 0.077643 0.106587 -0.039874
v 0.156894 0.106152 -0.039874
v 0.156894 0.106626 -0.039874
v 0.077643 0.106152 -0.066290
v 0.077643 0.106625 -0.066290
v 0.156894 0.106191 -0.066290
v 0.156894 0.106587 -0.066290
v 0.183308 0.106191 -0.039874
v 0.183308 0.106587 -0.039874
v 0.262561 0.106152 -0.039874
v 0.262561 0.106626 -0.039874
v 0.183308 0.106152 -0.066290
v 0.183308 0.106626 -0.066290
v 0.262561 0.106191 -0.066290
v 0.262561 0.106587 -0.066290
v 0.077643 0.106191 0.065794
v 0.077643 0.106587 0.065794
v 0.156894 0.106153 0.065794
v 0.156894 0.106626 0.065794
v 0.077643 0.106152 0.039378
v 0.077643 0.106626 0.039378
v 0.156894 0.106191 0.039378
v 0.156894 0.106587 0.039378
v -0.186528 0.106191 0.065794
v -0.186528 0.106587 0.065794
v -0.107276 0.106152 0.065794
v -0.107276 0.106626 0.065794
v -0.186528 0.106152 0.039378
v -0.186528 0.106626 0.039378
v -0.107276 0.106191 0.039378
v -0.107276 0.106587 0.039378
v -0.186528 0.106191 -0.039874
v -0.186528 0.106587 -0.039874
v -0.107276 0.106152 -0.039874
v -0.107276 0.106626 -0.039874
v -0.186528 0.106152 -0.066290
v -0.186528 0.106626 -0.066290
v -0.107276 0.106191 -0.066290
v -0.107276 0.106587 -0.066290
v -0.080860 0.106191 0.065794
v -0.080860 0.106587 0.065794
v -0.001609 0.106153 0.065794
v -0.001609 0.106626 0.065794
v -0.080860 0.106152 0.039378
v -0.080860 0.106626 0.039378
v -0.001609 0.106191 0.039378
v -0.001609 0.106587 0.039378
v -0.080860 0.106191 -0.039874
v -0.080860 0.106587 -0.039874
v -0.001609 0.106152 -0.039874
v -0.001609 0.106626 -0.039874
v -0.080860 0.106152 -0.066290
v -0.080860 0.106625 -0.066290
v -0.001609 0.106191 -0.066290
v -0.001609 0.106587 -0.066290
v 0.183308 0.106191 0.065794
v 0.183308 0.106587 0.065794
v 0.262561 0.106152 0.065794
v 0.262561 0.106626 0.065794
v 0.183308 0.106152 0.039378
v 0.183308 0.106626 0.039378
v 0.262561 0.106191 0.039378
v 0.262561 0.106587 0.039378
v -0.080860 0.079972 0.065557
v -0.080860 0.079972 0.066030
v -0.001609 0.079972 0.065596
v -0.001609 0.079972 0.065992
v -0.001609 0.106389 0.065557
v -0.001609 0.106389 0.066030
v -0.080860 0.106389 0.065596
v -0.080860 0.106389 0.065992
v 0.077643 0.079972 0.065557
v 0.077643 0.079972 0.066030
v 0.156894 0.079972 0.065596
v 0.156894 0.079972 0.065992
v 0.156894 0.106389 0.065557
v 0.156894 0.106389 0.066030
v 0.077643 0.106389 0.065596
v 0.077643 0.106389 0.065992
v -0.186528 0.079972 0.065557
v -0.186528 0.079972 0.066031
v -0.107276 0.079972 0.065596
v -0.107276 0.079972 0.065992
v -0.107276 0.106389 0.065557
v -0.107276 0.106389 0.066031
v -0.186528 0.106389 0.065596
v -0.186528 0.106389 0.065992
v 0.183308 0.079972 0.065557
v 0.183308 0.079972 0.066031
v 0.262561 0.079972 0.065596
v 0.262561 0.079972 0.065992
v 0.262561 0.106389 0.065557
v 0.262561 0.106389 0.066031
v 0.183308 0.106389 0.065596
v 0.183308 0.106389 0.065992
v 0.394646 0.132807 0.038400
v 0.394646 0.132807 0.040356
v -0.069521 0.210134 0.038080
v -0.069521 0.210134 0.040676
v -0.069521 0.132807 0.038363
v -0.069521 0.132807 0.040393
v 0.421062 0.210134 0.038566
v 0.421062 0.210134 0.040190
v 0.421062 0.132807 0.039183
v 0.421062 0.132807 0.039573
v 0.341811 0.159224 -0.013694
v 0.341811 0.159224 -0.013221
v 0.421062 0.159224 -0.013655
v 0.421062 0.159224 -0.013259
v 0.421062 0.185640 -0.013694
v 0.421062 0.185640 -0.013221
v 0.341811 0.185640 -0.013655
v 0.341811 0.185640 -0.013259
v -0.186528 0.079972 -0.040111
v -0.186528 0.079972 -0.039637
v -0.107276 0.079972 -0.040072
v -0.107276 0.079972 -0.039676
v -0.107276 0.106389 -0.040111
v -0.107276 0.106389 -0.039637
v -0.186528 0.106389 -0.040072
v -0.186528 0.106389 -0.039676
v -0.080860 0.079972 -0.040111
v -0.080860 0.079972 -0.039637
v -0.001609 0.079972 -0.040072
v -0.001609 0.079972 -0.039676
v -0.001609 0.106389 -0.040111
v -0.001609 0.106389 -0.039637
v -0.080860 0.106389 -0.040072
v -0.080860 0.106389 -0.039676
v 0.183308 0.079972 -0.040111
v 0.183308 0.079972 -0.039637
v 0.262561 0.079972 -0.040072
v 0.262561 0.079972 -0.039676
v 0.262561 0.106389 -0.040111
v 0.262561 0.106389 -0.039637
v 0.183308 0.106389 -0.040072
v 0.183308 0.106389 -0.039676
v 0.077643 0.079972 -0.040111
v 0.077643 0.079972 -0.039637
v 0.156894 0.079972 -0.040072
v 0.156894 0.079972 -0.039676
v 0.156894 0.106389 -0.040111
v 0.156894 0.106389 -0.039637
v 0.077643 0.106389 -0.040072
v 0.077643 0.106389 -0.039676
v -0.186415 0.106389 0.039378
v -0.186641 0.106389 0.039378
v -0.186429 0.079972 0.039378
v -0.186627 0.079972 0.039378
v -0.186415 0.079972 0.065794
v -0.186641 0.079972 0.065794
v -0.186429 0.106389 0.065794
v -0.186627 0.106389 0.065794
v -0.186415 0.106389 -0.066290
v -0.186641 0.106389 -0.066290
v -0.186429 0.079972 -0.066290
v -0.186627 0.079972 -0.066290
v -0.186415 0.079972 -0.039874
v -0.186641 0.079972 -0.039874
v -0.186429 0.106389 -0.039874
v -0.186627 0.106389 -0.039874
v -0.080747 0.106389 -0.066290
v -0.080973 0.106389 -0.066290
v -0.080761 0.079972 -0.066290
v -0.080959 0.079972 -0.066290
v -0.080747 0.079972 -0.039874
v -0.080973 0.079972 -0.039874
v -0.080761 0.106389 -0.039874
v -0.080959 0.106389 -0.039874
v -0.080747 0.106389 0.039378
v -0.080973 0.106389 0.039378
v -0.080761 0.079972 0.039378
v -0.080959 0.079972 0.039378
v -0.080747 0.079972 0.065794
v -0.080973 0.079972 0.065794
v -0.080761 0.106389 0.065794
v -0.080959 0.106389 0.065794
v -0.069187 0.210134 -0.039874
v -0.069855 0.210134 -0.039874
v -0.069227 0.132807 -0.039874
v -0.069815 0.132807 -0.039874
v -0.069187 0.132807 0.039378
v -0.069855 0.132807 0.039378
v -0.069227 0.210134 0.039378
v -0.069815 0.210134 0.039378
v 0.077756 0.106389 0.039378
v 0.077530 0.106389 0.039378
v 0.077742 0.079972 0.039378
v 0.077544 0.079972 0.039378
v 0.077756 0.079972 0.065794
v 0.077530 0.079972 0.065794
v 0.077742 0.106389 0.065794
v 0.077544 0.106389 0.065794
v 0.077756 0.106389 -0.066290
v 0.077530 0.106389 -0.066290
v 0.077742 0.079972 -0.066290
v 0.077544 0.079972 -0.066290
v 0.077756 0.079972 -0.039874
v 0.077530 0.079972 -0.039874
v 0.077742 0.106389 -0.039874
v 0.077544 0.106389 -0.039874
v 0.183421 0.106389 -0.066290
v 0.183195 0.106389 -0.066290
v 0.183407 0.079972 -0.066290
v 0.183209 0.079972 -0.066290
v 0.183421 0.079972 -0.039874
v 0.183195 0.079972 -0.039874
v 0.183407 0.106389 -0.039874
v 0.183209 0.106389 -0.039874
v 0.183421 0.106389 0.039378
v 0.183195 0.106389 0.039378
v 0.183407 0.079972 0.039378
v 0.183209 0.079972 0.039378
v 0.183421 0.079972 0.065794
v 0.183195 0.079972 0.065794
v 0.183407 0.106389 0.065794
v 0.183209 0.106389 0.065794
v -0.001609 0.080208 -0.066290
v -0.001609 0.079735 -0.066290
v -0.080860 0.080209 -0.039874
v -0.080860 0.079735 -0.039874
v -0.080860 0.080170 -0.066290
v -0.080860 0.079774 -0.066290
v -0.001609 0.080170 -0.039874
v -0.001609 0.079774 -0.039874
v -0.001609 0.080209 0.039378
v -0.001609 0.079735 0.039378
v -0.080860 0.080209 0.065794
v -0.080860 0.079736 0.065794
v -0.080860 0.080170 0.039378
v -0.080860 0.079774 0.039378
v -0.001609 0.080170 0.065794
v -0.001609 0.079774 0.065794
v 0.156894 0.080209 0.039378
v 0.156894 0.079735 0.039378
v 0.077643 0.080209 0.065794
v 0.077643 0.079736 0.065794
v 0.077643 0.080170 0.039378
v 0.077643 0.079774 0.039378
v 0.156894 0.080170 0.065794
v 0.156894 0.079774 0.065794
v 0.262561 0.080209 0.039378
v 0.262561 0.079735 0.039378
v 0.183308 0.080209 0.065794
v 0.183308 0.079735 0.065794
v 0.183308 0.080170 0.039378
v 0.183308 0.079774 0.039378
v 0.262561 0.080170 0.065794
v 0.262561 0.079774 0.065794
v 0.156894 0.080208 -0.066290
v 0.156894 0.079735 -0.066290
v 0.077643 0.080209 -0.039874
v 0.077643 0.079735 -0.039874
v 0.077643 0.080170 -0.066290
v 0.077643 0.079774 -0.066290
v 0.156894 0.080170 -0.039874
v 0.156894 0.079774 -0.039874
v -0.107276 0.080209 -0.066290
v -0.107276 0.079735 -0.066290
v -0.186528 0.080209 -0.039874
v -0.186528 0.079735 -0.039874
v -0.186528 0.080170 -0.066290
v -0.186528 0.079774 -0.066290
v -0.107276 0.080170 -0.039874
v -0.107276 0.079774 -0.039874
v -0.107276 0.080209 0.039378
v -0.107276 0.079735 0.039378
v -0.186528 0.080209 0.065794
v -0.186528 0.079735 0.065794
v -0.186528 0.080170 0.039378
v -0.186528 0.079774 0.039378
v -0.107276 0.080170 0.065794
v -0.107276 0.079774 0.065794
v 0.262561 0.080209 -0.066290
v 0.262561 0.079735 -0.066290
v 0.183308 0.080209 -0.039874
v 0.183308 0.079735 -0.039874
v 0.183308 0.080170 -0.066290
v 0.183308 0.079774 -0.066290
v 0.262561 0.080170 -0.039874
v 0.262561 0.079774 -0.039874
v 0.421062 0.133044 -0.039874
v 0.421062 0.132570 -0.039874
v 0.394646 0.133044 0.039378
v 0.394646 0.132570 0.039378
v 0.394646 0.133005 -0.039874
v 0.394646 0.132609 -0.039874
v 0.421062 0.133005 0.039378
v 0.421062 0.132609 0.039378
v 0.421062 0.185877 -0.013457
v 0.421062 0.185403 -0.013457
v 0.341811 0.185877 0.012961
v 0.341811 0.185403 0.012961
v 0.341811 0.185838 -0.013457
v 0.341811 0.185442 -0.013457
v 0.421062 0.185838 0.012961
v 0.421062 0.185442 0.012961
v 0.183308 0.106389 -0.066053
v 0.183308 0.106389 -0.066527
v 0.262561 0.106389 -0.066092
v 0.262561 0.106389 -0.066488
v 0.262561 0.079972 -0.066053
v 0.262561 0.079972 -0.066527
v 0.183308 0.079972 -0.066092
v 0.183308 0.079972 -0.066488
v -0.001609 0.079972 -0.066054
v -0.001609 0.079972 -0.066527
v -0.080860 0.106389 -0.066054
v -0.080860 0.106389 -0.066527
v -0.001609 0.106389 -0.066092
v -0.001609 0.106389 -0.066488
v -0.080860 0.079972 -0.066092
v -0.080860 0.079972 -0.066488
v 0.077643 0.106389 -0.066054
v 0.077643 0.106389 -0.066527
v 0.156894 0.106389 -0.066092
v 0.156894 0.106389 -0.066488
v 0.156894 0.079972 -0.066054
v 0.156894 0.079972 -0.066527
v 0.077643 0.079972 -0.066092
v 0.077643 0.079972 -0.066488
v -0.107276 0.079972 -0.066053
v -0.107276 0.079972 -0.066527
v -0.186528 0.106389 -0.066053
v -0.186528 0.106389 -0.066527
v -0.107276 0.106389 -0.066092
v -0.107276 0.106389 -0.066488
v -0.186528 0.079972 -0.066092
v -0.186528 0.079972 -0.066488
v 0.394646 0.132807 -0.038896
v 0.394646 0.132807 -0.040852
v -0.069521 0.210134 -0.038576
v -0.069521 0.210134 -0.041172
v 0.421062 0.210134 -0.039062
v 0.421062 0.210134 -0.040686
v -0.069521 0.132807 -0.038859
v -0.069521 0.132807 -0.040889
v 0.421062 0.132807 -0.039679
v 0.421062 0.132807 -0.040069
v 0.421062 0.159224 0.013197
v 0.421062 0.159224 0.012724
v 0.341811 0.185640 0.013197
v 0.341811 0.185640 0.012724
v 0.421062 0.185640 0.013159
v 0.421062 0.185640 0.012763
v 0.341811 0.159224 0.013159
v 0.341811 0.159224 0.012763
v -0.107276 0.079972 0.039615
v -0.107276 0.079972 0.039141
v -0.186528 0.106389 0.039615
v -0.186528 0.106389 0.039141
v -0.107276 0.106389 0.039576
v -0.107276 0.106389 0.039180
v -0.186528 0.079972 0.039576
v -0.186528 0.079972 0.039180
v 0.183308 0.106389 0.039615
v 0.183308 0.106389 0.039141
v 0.262561 0.106389 0.039576
v 0.262561 0.106389 0.039180
v 0.262561 0.079972 0.039615
v 0.262561 0.079972 0.039141
v 0.183308 0.079972 0.039576
v 0.183308 0.079972 0.039180
v 0.077643 0.106389 0.039614
v 0.077643 0.106389 0.039141
v 0.156894 0.106389 0.039576
v 0.156894 0.106389 0.039180
v 0.156894 0.079972 0.039614
v 0.156894 0.079972 0.039141
v 0.077643 0.079972 0.039576
v 0.077643 0.079972 0.039180
v -0.001609 0.079972 0.039614
v -0.001609 0.079972 0.039141
v -0.080860 0.106389 0.039614
v -0.080860 0.106389 0.039141
v -0.001609 0.106389 0.039576
v -0.001609 0.106389 0.039180
v -0.080860 0.079972 0.039576
v -0.080860 0.079972 0.039180
v 0.394443 0.132807 0.039378
v 0.394839 0.132807 0.039378
v 0.394468 0.132807 0.065794
v 0.394814 0.132807 0.065794
v 0.394415 0.079973 0.039378
v 0.394868 0.079973 0.039378
v 0.394492 0.079973 0.065794
v 0.394790 0.079973 0.065794
v 0.394403 0.132807 -0.039874
v 0.394879 0.132807 -0.039874
v 0.394458 0.079973 -0.039874
v 0.394824 0.079973 -0.039874
v 0.394468 0.132807 -0.066290
v 0.394814 0.132807 -0.066290
v 0.394492 0.079973 -0.066290
v 0.394790 0.079973 -0.066290
v 0.394405 0.053555 -0.039874
v 0.394878 0.053555 -0.039874
v 0.394443 0.053555 0.039378
v 0.394839 0.053555 0.039378
v 0.368111 0.053555 -0.066290
v 0.368337 0.053555 -0.066290
v 0.368100 0.079973 -0.066290
v 0.368348 0.079973 -0.066290
v 0.368111 0.079973 -0.039874
v 0.368337 0.079973 -0.039874
v 0.368075 0.053555 -0.039874
v 0.368373 0.053555 -0.039874
v 0.368051 0.079973 -0.092707
v 0.368397 0.079973 -0.092707
v 0.368051 0.132807 -0.066290
v 0.368397 0.132807 -0.066290
v 0.368075 0.132807 -0.092707
v 0.368373 0.132807 -0.092707
v 0.368049 0.053555 0.039378
v 0.368399 0.053555 0.039378
v 0.367987 0.027139 -0.039874
v 0.368461 0.027139 -0.039874
v 0.368026 0.027140 0.039378
v 0.368422 0.027140 0.039378
v 0.368125 0.079973 0.039378
v 0.368323 0.079973 0.039378
v 0.368081 0.079973 0.065794
v 0.368367 0.079973 0.065794
v 0.368125 0.053555 0.065794
v 0.368323 0.053555 0.065794
v 0.368051 0.132807 0.092211
v 0.368397 0.132807 0.092211
v 0.368075 0.079973 0.092211
v 0.368373 0.079973 0.092211
v 0.368075 0.132807 0.065794
v 0.368373 0.132807 0.065794
v 0.341658 0.027139 -0.039874
v 0.341956 0.027139 -0.039874
v 0.341632 0.027140 0.039378
v 0.341982 0.027140 0.039378
v 0.341570 0.000722 -0.039874
v 0.342044 0.000722 -0.039874
v 0.341609 0.000722 0.039378
v 0.342005 0.000722 0.039378
v 0.341694 0.027139 -0.066290
v 0.341920 0.027139 -0.066290
v 0.341694 0.053555 -0.039874
v 0.341920 0.053555 -0.039874
v 0.341708 0.053555 -0.066290
v 0.341906 0.053555 -0.066290
v 0.341694 0.053555 -0.092707
v 0.341920 0.053555 -0.092707
v 0.341694 0.079973 -0.066290
v 0.341920 0.079973 -0.066290
v 0.341708 0.079973 -0.092707
v 0.341906 0.079973 -0.092707
v 0.341694 0.053555 0.065794
v 0.341920 0.053555 0.065794
v 0.341708 0.027140 0.065795
v 0.341906 0.027140 0.065795
v 0.341708 0.053555 0.039378
v 0.341906 0.053555 0.039378
v 0.341708 0.079973 0.065794
v 0.341906 0.079973 0.065794
v 0.341694 0.079973 0.092211
v 0.341920 0.079973 0.092211
v 0.341708 0.053555 0.092211
v 0.341906 0.053555 0.092211
v 0.315278 0.000722 -0.066290
v 0.315504 0.000722 -0.066290
v 0.315292 0.027139 -0.066290
v 0.315490 0.027139 -0.066290
v 0.315278 0.027139 -0.039874
v 0.315504 0.027139 -0.039874
v 0.315292 0.000722 -0.039874
v 0.315490 0.000722 -0.039874
v 0.315278 0.027139 -0.092707
v 0.315504 0.027139 -0.092707
v 0.315278 0.053555 -0.066290
v 0.315504 0.053555 -0.066290
v 0.315292 0.053555 -0.092707
v 0.315490 0.053555 -0.092707
v 0.315278 0.027140 0.065795
v 0.315504 0.027140 0.065795
v 0.315292 0.053555 0.065794
v 0.315490 0.053555 0.065794
v 0.315278 0.053555 0.092211
v 0.315504 0.053555 0.092211
v 0.315292 0.027140 0.092211
v 0.315490 0.027140 0.092211
v 0.315278 0.000722 0.039378
v 0.315504 0.000722 0.039378
v 0.315292 0.000722 0.065795
v 0.315490 0.000722 0.065795
v 0.315292 0.027140 0.039378
v 0.315490 0.027140 0.039378
v 0.183156 0.106389 0.039378
v 0.183454 0.106389 0.039378
v 0.183132 0.106389 0.092211
v 0.183478 0.106389 0.092211
v 0.183132 0.079973 0.039378
v 0.183478 0.079973 0.039378
v 0.183156 0.079973 0.092211
v 0.183454 0.079973 0.092211
v 0.183156 0.106389 -0.092707
v 0.183454 0.106389 -0.092707
v 0.183132 0.106389 -0.039874
v 0.183478 0.106389 -0.039874
v 0.183132 0.079973 -0.092707
v 0.183478 0.079973 -0.092707
v 0.183156 0.079973 -0.039874
v 0.183454 0.079973 -0.039874
v 0.077490 0.106389 0.039378
v 0.077788 0.106389 0.039378
v 0.077466 0.106389 0.092211
v 0.077812 0.106389 0.092211
v 0.077466 0.079973 0.039378
v 0.077812 0.079973 0.039378
v 0.077490 0.079973 0.092211
v 0.077788 0.079973 0.092211
v 0.077490 0.106389 -0.092707
v 0.077788 0.106389 -0.092707
v 0.077466 0.106389 -0.039874
v 0.077812 0.106389 -0.039874
v 0.077466 0.079973 -0.092707
v 0.077812 0.079973 -0.092707
v 0.077490 0.079973 -0.039874
v 0.077788 0.079973 -0.039874
v -0.081012 0.106389 0.039378
v -0.080714 0.106389 0.039378
v -0.081036 0.106389 0.092211
v -0.080690 0.106389 0.092211
v -0.081036 0.079973 0.039378
v -0.080690 0.079973 0.039378
v -0.081012 0.079973 0.092211
v -0.080714 0.079973 0.092211
v -0.081160 0.000722 -0.066290
v -0.080566 0.000722 -0.066290
v -0.081230 0.000722 0.065795
v -0.080496 0.000722 0.065795
v -0.081230 -0.025695 -0.066290
v -0.080496 -0.025695 -0.066290
v -0.081160 -0.025695 0.065795
v -0.080566 -0.025695 0.065795
v -0.081012 0.106389 -0.092707
v -0.080714 0.106389 -0.092707
v -0.081036 0.106389 -0.039874
v -0.080690 0.106389 -0.039874
v -0.081036 0.079973 -0.092707
v -0.080690 0.079973 -0.092707
v -0.081012 0.079973 -0.039874
v -0.080714 0.079973 -0.039874
v -0.107454 -0.025695 -0.092707
v -0.107108 -0.025695 -0.092707
v -0.107430 0.027139 -0.092707
v -0.107132 0.027139 -0.092707
v -0.107454 0.027139 -0.066290
v -0.107108 0.027139 -0.066290
v -0.107529 -0.025695 -0.066290
v -0.107033 -0.025695 -0.066290
v -0.107572 -0.025695 0.065795
v -0.106990 -0.025695 0.065795
v -0.107690 -0.078529 -0.066290
v -0.106872 -0.078529 -0.066290
v -0.107628 -0.078529 0.065795
v -0.106934 -0.078529 0.065795
v -0.107454 0.027140 0.092211
v -0.107108 0.027140 0.092211
v -0.107430 -0.025695 0.092211
v -0.107132 -0.025695 0.092211
v -0.107430 0.027140 0.065795
v -0.107132 0.027140 0.065795
v -0.133871 -0.078529 -0.092707
v -0.133525 -0.078529 -0.092707
v -0.133847 -0.025695 -0.092707
v -0.133549 -0.025695 -0.092707
v -0.133871 -0.025695 -0.066290
v -0.133525 -0.025695 -0.066290
v -0.133995 -0.078529 -0.066290
v -0.133401 -0.078529 -0.066290
v -0.134207 -0.184197 -0.066290
v -0.133189 -0.184197 -0.066290
v -0.134039 -0.078529 0.065795
v -0.133357 -0.078529 0.065795
v -0.134144 -0.184197 0.065795
v -0.133252 -0.184197 0.065795
v -0.133871 -0.025695 0.092211
v -0.133525 -0.025695 0.092211
v -0.133847 -0.078529 0.092211
v -0.133549 -0.078529 0.092211
v -0.133847 -0.025695 0.065795
v -0.133549 -0.025695 0.065795
v -0.160416 -0.184197 -0.092707
v -0.159814 -0.184197 -0.092707
v -0.160363 -0.078529 -0.092707
v -0.159867 -0.078529 -0.092707
v -0.160416 -0.078529 -0.066290
v -0.159814 -0.078529 -0.066290
v -0.160363 -0.184197 -0.066290
v -0.159867 -0.184197 -0.066290
v -0.160416 -0.184197 0.065795
v -0.159814 -0.184197 0.065795
v -0.160363 -0.078529 0.065795
v -0.159867 -0.078529 0.065795
v -0.160416 -0.078529 0.092211
v -0.159814 -0.078529 0.092211
v -0.160363 -0.184197 0.092211
v -0.159867 -0.184197 0.092211
v -0.186677 0.106389 0.039378
v -0.186385 0.106389 0.039378
v -0.186651 0.079973 0.065794
v -0.186411 0.079973 0.065794
v -0.186630 0.079973 0.039378
v -0.186432 0.079973 0.039378
v -0.186677 0.106389 0.092211
v -0.186385 0.106389 0.092211
v -0.186630 0.079973 0.092211
v -0.186432 0.079973 0.092211
v -0.186677 0.106389 -0.092707
v -0.186385 0.106389 -0.092707
v -0.186651 0.079973 -0.066290
v -0.186411 0.079973 -0.066290
v -0.186630 0.079973 -0.092707
v -0.186432 0.079973 -0.092707
v -0.186677 0.106389 -0.039874
v -0.186385 0.106389 -0.039874
v -0.186630 0.079973 -0.039874
v -0.186432 0.079973 -0.039874
v -0.186644 -0.210614 -0.092707
v -0.186418 -0.210614 -0.092707
v -0.186630 -0.184197 -0.092707
v -0.186432 -0.184197 -0.092707
v -0.186644 -0.184197 -0.066290
v -0.186418 -0.184197 -0.066290
v -0.186630 -0.210614 -0.066290
v -0.186432 -0.210614 -0.066290
v -0.186644 -0.210614 0.065795
v -0.186418 -0.210614 0.065795
v -0.186630 -0.184197 0.065795
v -0.186432 -0.184197 0.065795
v -0.186644 -0.184197 0.092211
v -0.186418 -0.184197 0.092211
v -0.186630 -0.210614 0.092211
v -0.186432 -0.210614 0.092211
v -0.266346 -0.052113 -0.066290
v -0.265218 -0.052113 -0.066290
v -0.266277 0.079973 -0.066290
v -0.265287 0.079973 -0.066290
v -0.266346 0.079973 0.065794
v -0.265218 0.079973 0.065794
v -0.266277 -0.052113 0.065795
v -0.265287 -0.052113 0.065795
v -0.292820 -0.210614 -0.066290
v -0.291578 -0.210614 -0.066290
v -0.292744 -0.052113 -0.066290
v -0.291654 -0.052113 -0.066290
v -0.292820 -0.052113 0.065795
v -0.291578 -0.052113 0.065795
v -0.292744 -0.210614 0.065795
v -0.291654 -0.210614 0.065795
v -0.069524 0.131667 -0.039874
v -0.069524 0.133947 -0.039874
v 0.394641 0.132147 -0.039874
v 0.394641 0.133467 -0.039874
v 0.368224 0.132311 -0.066290
v 0.368224 0.133303 -0.066290
v 0.394641 0.132708 -0.066290
v 0.394641 0.132906 -0.066290
v 0.368224 0.131430 -0.092707
v 0.368224 0.134184 -0.092707
v -0.265782 0.131727 -0.092707
v -0.265782 0.133887 -0.092707
v -0.265782 0.132323 -0.066290
v -0.265782 0.133291 -0.066290
v -0.069524 0.131710 0.039378
v -0.069524 0.133904 0.039378
v -0.318616 0.132460 -0.066290
v -0.318616 0.133154 -0.066290
v -0.318616 0.132398 0.065794
v -0.318616 0.133216 0.065794
v -0.265782 0.132423 0.065794
v -0.265782 0.133191 0.065794
v -0.265782 0.131727 0.092211
v -0.265782 0.133887 0.092211
v 0.368224 0.131430 0.092211
v 0.368224 0.134184 0.092211
v 0.368224 0.132311 0.065794
v 0.368224 0.133303 0.065794
v 0.394641 0.132147 0.039378
v 0.394641 0.133467 0.039378
v 0.394641 0.132708 0.065794
v 0.394641 0.132906 0.065794
v -0.318616 0.106240 -0.066290
v -0.318616 0.106538 -0.066290
v -0.265782 0.106216 -0.066290
v -0.265782 0.106562 -0.066290
v -0.318616 0.106216 -0.092707
v -0.318616 0.106562 -0.092707
v -0.265782 0.106240 -0.092707
v -0.265782 0.106538 -0.092707
v -0.318616 0.106240 0.092211
v -0.318616 0.106538 0.092211
v -0.265782 0.106216 0.092211
v -0.265782 0.106562 0.092211
v -0.318616 0.106216 0.065794
v -0.318616 0.106562 0.065794
v -0.265782 0.106240 0.065794
v -0.265782 0.106538 0.065794
v -0.318616 0.106152 0.039378
v -0.318616 0.106626 0.039378
v -0.318616 0.106191 -0.039874
v -0.318616 0.106587 -0.039874
v -0.345033 0.106152 -0.039874
v -0.345033 0.106626 -0.039874
v -0.345033 0.106191 0.039378
v -0.345033 0.106587 0.039378
v -0.001613 0.079725 0.039378
v -0.001613 0.080221 0.039378
v -0.080863 0.079689 0.039378
v -0.080863 0.080257 0.039378
v -0.001613 0.079689 0.092211
v -0.001613 0.080257 0.092211
v -0.080863 0.079725 0.092211
v -0.080863 0.080221 0.092211
v -0.186531 0.079794 -0.092707
v -0.186531 0.080152 -0.092707
v -0.160115 0.079817 -0.066290
v -0.160115 0.080129 -0.066290
v -0.107281 0.079734 -0.092707
v -0.107281 0.080212 -0.092707
v -0.186531 0.079874 -0.066290
v -0.186531 0.080072 -0.066290
v -0.107281 0.079767 -0.039874
v -0.107281 0.080179 -0.039874
v -0.160115 0.079824 -0.039874
v -0.160115 0.080122 -0.039874
v 0.156890 0.079725 -0.092707
v 0.156890 0.080221 -0.092707
v 0.077639 0.079689 -0.092707
v 0.077639 0.080257 -0.092707
v 0.156890 0.079689 -0.039874
v 0.156890 0.080257 -0.039874
v 0.077639 0.079725 -0.039874
v 0.077639 0.080221 -0.039874
v 0.156890 0.079725 0.039378
v 0.156890 0.080221 0.039378
v 0.077639 0.079689 0.039378
v 0.077639 0.080257 0.039378
v 0.156890 0.079689 0.092211
v 0.156890 0.080257 0.092211
v 0.077639 0.079725 0.092211
v 0.077639 0.080221 0.092211
v 0.262556 0.079725 -0.092707
v 0.262556 0.080221 -0.092707
v 0.183305 0.079689 -0.092707
v 0.183305 0.080257 -0.092707
v 0.262556 0.079689 -0.039874
v 0.262556 0.080257 -0.039874
v 0.183305 0.079725 -0.039874
v 0.183305 0.080221 -0.039874
v -0.186531 0.079874 0.065794
v -0.186531 0.080072 0.065794
v -0.186531 0.079794 0.092211
v -0.186531 0.080152 0.092211
v -0.160115 0.079817 0.065794
v -0.160115 0.080129 0.065794
v -0.107281 0.079734 0.092211
v -0.107281 0.080212 0.092211
v -0.107281 0.079767 0.039378
v -0.107281 0.080179 0.039378
v -0.160115 0.079824 0.039378
v -0.160115 0.080122 0.039378
v 0.262556 0.079725 0.039378
v 0.262556 0.080221 0.039378
v 0.183305 0.079689 0.039378
v 0.183305 0.080257 0.039378
v 0.262556 0.079689 0.092211
v 0.262556 0.080257 0.092211
v 0.183305 0.079725 0.092211
v 0.183305 0.080221 0.092211
v -0.001613 0.079725 -0.092707
v -0.001613 0.080221 -0.092707
v -0.080863 0.079689 -0.092707
v -0.080863 0.080257 -0.092707
v -0.001613 0.079689 -0.039874
v -0.001613 0.080257 -0.039874
v -0.080863 0.079725 -0.039874
v -0.080863 0.080221 -0.039874
v -0.265782 -0.025794 0.065795
v -0.265782 -0.025596 0.065795
v -0.292199 -0.025808 0.065795
v -0.292199 -0.025582 0.065795
v -0.265782 -0.025808 0.092211
v -0.265782 -0.025582 0.092211
v -0.292199 -0.025794 0.092211
v -0.292199 -0.025596 0.092211
v -0.265782 -0.025794 -0.092707
v -0.265782 -0.025596 -0.092707
v -0.292199 -0.025808 -0.092707
v -0.292199 -0.025582 -0.092707
v -0.265782 -0.025808 -0.066290
v -0.265782 -0.025582 -0.066290
v -0.292199 -0.025794 -0.066290
v -0.292199 -0.025596 -0.066290
v -0.292199 -0.052480 0.065795
v -0.292199 -0.051746 0.065795
v -0.292199 -0.052410 -0.066290
v -0.292199 -0.051816 -0.066290
v -0.318616 -0.052480 -0.066290
v -0.318616 -0.051746 -0.066290
v -0.318616 -0.052410 0.065795
v -0.318616 -0.051816 0.065795
v -0.292199 -0.078628 0.065795
v -0.292199 -0.078430 0.065795
v -0.318616 -0.078642 0.065795
v -0.318616 -0.078416 0.065795
v -0.292199 -0.078642 0.092211
v -0.292199 -0.078416 0.092211
v -0.318616 -0.078628 0.092211
v -0.318616 -0.078430 0.092211
v -0.292199 -0.078628 -0.092707
v -0.292199 -0.078430 -0.092707
v -0.318616 -0.078642 -0.092707
v -0.318616 -0.078416 -0.092707
v -0.292199 -0.078642 -0.066290
v -0.292199 -0.078416 -0.066290
v -0.318616 -0.078628 -0.066290
v -0.318616 -0.078430 -0.066290
v -0.318616 -0.105312 0.065795
v -0.318616 -0.104579 0.065795
v -0.318616 -0.105243 -0.066290
v -0.318616 -0.104649 -0.066290
v -0.345033 -0.105313 -0.066290
v -0.345033 -0.104580 -0.066290
v -0.345033 -0.105243 0.065795
v -0.345033 -0.104649 0.065795
v -0.265782 0.132807 0.091300
v -0.265782 0.132807 0.093122
v 0.077639 0.106389 0.091646
v 0.077639 0.106389 0.092776
v 0.368224 0.132807 0.091383
v 0.368224 0.132807 0.093039
v 0.156890 0.106389 0.091887
v 0.156890 0.106389 0.092534
v 0.183305 0.106389 0.091944
v 0.183305 0.106389 0.092478
v 0.156890 0.079973 0.091959
v 0.156890 0.079973 0.092463
v 0.262556 0.106389 0.091931
v 0.262556 0.106389 0.092490
v 0.183305 0.079973 0.091954
v 0.183305 0.079973 0.092468
v 0.341807 0.079973 0.092016
v 0.341807 0.079973 0.092406
v 0.368224 0.079973 0.092062
v 0.368224 0.079973 0.092360
v 0.262556 0.079973 0.091972
v 0.262556 0.079973 0.092450
v 0.315391 0.053555 0.092071
v 0.315391 0.053555 0.092351
v 0.341807 0.053555 0.092112
v 0.341807 0.053555 0.092310
v 0.315391 0.027140 0.091368
v 0.315391 0.027140 0.093054
v 0.077639 0.079973 0.091809
v 0.077639 0.079973 0.092613
v -0.001613 0.079973 0.091769
v -0.001613 0.079973 0.092653
v -0.001613 0.106389 0.091789
v -0.001613 0.106389 0.092633
v -0.080863 0.079973 0.091818
v -0.080863 0.079973 0.092604
v -0.080863 0.106389 0.091912
v -0.080863 0.106389 0.092510
v -0.107281 0.027140 0.091747
v -0.107281 0.027140 0.092675
v -0.107281 0.106389 0.091963
v -0.107281 0.106389 0.092459
v -0.186531 0.106389 0.091938
v -0.186531 0.106389 0.092484
v -0.107281 0.079973 0.092038
v -0.107281 0.079973 0.092384
v -0.265782 0.106389 0.092024
v -0.265782 0.106389 0.092398
v -0.186531 0.079973 0.091877
v -0.186531 0.079973 0.092545
v -0.265782 0.053555 0.091977
v -0.265782 0.053555 0.092445
v -0.292199 0.079973 0.092087
v -0.292199 0.079973 0.092335
v -0.292199 0.053555 0.092112
v -0.292199 0.053555 0.092310
v -0.318616 0.106389 0.092065
v -0.318616 0.106389 0.092357
v -0.318616 0.079973 0.092112
v -0.318616 0.079973 0.092310
v -0.265782 -0.025695 0.091869
v -0.265782 -0.025695 0.092553
v -0.133698 -0.025695 0.091931
v -0.133698 -0.025695 0.092491
v -0.107281 -0.025695 0.092062
v -0.107281 -0.025695 0.092360
v -0.160115 -0.078529 0.091867
v -0.160115 -0.078529 0.092555
v -0.133698 -0.078529 0.092062
v -0.133698 -0.078529 0.092360
v -0.292199 -0.078529 0.091864
v -0.292199 -0.078529 0.092558
v -0.292199 -0.025695 0.092062
v -0.292199 -0.025695 0.092360
v -0.186531 -0.184197 0.091877
v -0.186531 -0.184197 0.092545
v -0.160115 -0.184197 0.091963
v -0.160115 -0.184197 0.092459
v -0.318616 -0.210614 0.091711
v -0.318616 -0.210614 0.092711
v -0.186531 -0.210614 0.091914
v -0.186531 -0.210614 0.092508
v -0.318616 -0.078529 0.091914
v -0.318616 -0.078529 0.092508
v -0.265782 -0.025695 0.065597
v -0.265782 -0.025695 0.065993
v -0.265782 0.053555 0.065557
v -0.265782 0.053555 0.066030
v -0.292199 -0.025695 0.065558
v -0.292199 -0.025695 0.066032
v -0.292199 0.053555 0.065645
v -0.292199 0.053555 0.065943
v -0.318616 0.053555 0.065681
v -0.318616 0.053555 0.065907
v -0.292199 0.079973 0.065681
v -0.292199 0.079973 0.065907
v -0.318616 0.079973 0.065695
v -0.318616 0.079973 0.065893
v 0.341807 0.053555 0.065681
v 0.341807 0.053555 0.065907
v 0.368224 0.053555 0.065695
v 0.368224 0.053555 0.065893
v 0.368224 0.079973 0.065651
v 0.368224 0.079973 0.065937
v 0.341807 0.079973 0.065695
v 0.341807 0.079973 0.065893
v 0.394641 0.132807 0.065621
v 0.394641 0.132807 0.065967
v 0.368224 0.132807 0.065645
v 0.368224 0.132807 0.065943
v 0.394641 0.079973 0.065645
v 0.394641 0.079973 0.065943
v 0.315391 0.027140 0.065210
v 0.315391 0.027140 0.066380
v 0.315391 0.053555 0.065695
v 0.315391 0.053555 0.065893
v 0.341807 0.027140 0.065696
v 0.341807 0.027140 0.065894
v -0.080863 0.000722 0.065124
v -0.080863 0.000722 0.066466
v 0.315391 0.000722 0.065002
v 0.315391 0.000722 0.066588
v -0.107281 0.027140 0.065154
v -0.107281 0.027140 0.066436
v -0.107281 -0.025695 0.065636
v -0.107281 -0.025695 0.065954
v -0.080863 -0.025695 0.065696
v -0.080863 -0.025695 0.065894
v -0.107281 -0.078529 0.065646
v -0.107281 -0.078529 0.065944
v -0.133698 -0.078529 0.065558
v -0.133698 -0.078529 0.066032
v -0.133698 -0.025695 0.065646
v -0.133698 -0.025695 0.065944
v -0.160115 -0.184197 0.065494
v -0.160115 -0.184197 0.066096
v -0.160115 -0.078529 0.065547
v -0.160115 -0.078529 0.066043
v -0.133698 -0.184197 0.065547
v -0.133698 -0.184197 0.066043
v -0.318616 0.106389 0.065621
v -0.318616 0.106389 0.065967
v -0.265782 0.106389 0.065645
v -0.265782 0.106389 0.065943
v -0.265782 0.132807 0.065621
v -0.265782 0.132807 0.065967
v -0.318616 0.132807 0.065645
v -0.318616 0.132807 0.065943
v -0.318616 -0.078529 0.065682
v -0.318616 -0.078529 0.065908
v -0.292199 -0.078529 0.065696
v -0.292199 -0.078529 0.065894
v -0.292199 -0.052113 0.065682
v -0.292199 -0.052113 0.065908
v -0.318616 -0.052113 0.065696
v -0.318616 -0.052113 0.065894
v -0.318616 -0.210614 0.065547
v -0.318616 -0.210614 0.066043
v -0.318616 -0.104946 0.065494
v -0.318616 -0.104946 0.066096
v -0.345033 -0.210614 0.065494
v -0.345033 -0.210614 0.066096
v -0.345033 -0.104946 0.065547
v -0.345033 -0.104946 0.066043
v 0.183305 0.079973 0.039141
v 0.183305 0.079973 0.039614
v 0.262556 0.079973 0.039180
v 0.262556 0.079973 0.039576
v 0.262556 0.106389 0.039141
v 0.262556 0.106389 0.039614
v 0.183305 0.106389 0.039180
v 0.183305 0.106389 0.039576
v 0.368224 0.053555 0.039265
v 0.368224 0.053555 0.039491
v 0.394641 0.053555 0.039279
v 0.394641 0.053555 0.039477
v 0.394641 0.079973 0.039265
v 0.394641 0.079973 0.039491
v 0.368224 0.079973 0.039279
v 0.368224 0.079973 0.039477
v 0.341807 0.027140 0.039265
v 0.341807 0.027140 0.039491
v 0.368224 0.027140 0.039279
v 0.368224 0.027140 0.039477
v 0.341807 0.053555 0.039279
v 0.341807 0.053555 0.039477
v 0.315391 0.000722 0.039265
v 0.315391 0.000722 0.039491
v 0.341807 0.000722 0.039279
v 0.341807 0.000722 0.039477
v 0.315391 0.027140 0.039279
v 0.315391 0.027140 0.039477
v -0.080863 0.079973 0.039141
v -0.080863 0.079973 0.039614
v -0.001613 0.079973 0.039180
v -0.001613 0.079973 0.039576
v -0.001613 0.106389 0.039141
v -0.001613 0.106389 0.039614
v -0.080863 0.106389 0.039180
v -0.080863 0.106389 0.039576
v 0.077639 0.079973 0.039141
v 0.077639 0.079973 0.039614
v 0.156890 0.079973 0.039180
v 0.156890 0.079973 0.039576
v 0.156890 0.106389 0.039141
v 0.156890 0.106389 0.039614
v 0.077639 0.106389 0.039180
v 0.077639 0.106389 0.039576
v -0.345033 0.079973 0.039265
v -0.345033 0.079973 0.039491
v -0.318616 0.079973 0.039279
v -0.318616 0.079973 0.039477
v -0.318616 0.106389 0.039265
v -0.318616 0.106389 0.039491
v -0.345033 0.106389 0.039279
v -0.345033 0.106389 0.039477
v -0.160115 0.079973 0.039213
v -0.160115 0.079973 0.039543
v -0.186531 0.106389 0.039199
v -0.186531 0.106389 0.039557
v -0.186531 0.079973 0.039279
v -0.186531 0.079973 0.039477
v -0.107281 0.106389 0.039172
v -0.107281 0.106389 0.039584
v -0.107281 0.079973 0.039229
v -0.107281 0.079973 0.039527
v -0.265782 -0.052113 -0.066807
v -0.265782 -0.052113 -0.065773
v -0.292199 -0.210614 -0.066790
v -0.292199 -0.210614 -0.065790
v -0.186531 -0.184197 -0.066586
v -0.186531 -0.184197 -0.065994
v -0.186531 -0.210614 -0.066538
v -0.186531 -0.210614 -0.066042
v -0.292199 -0.052113 -0.066637
v -0.292199 -0.052113 -0.065943
v -0.160115 -0.184197 -0.066865
v -0.160115 -0.184197 -0.065715
v -0.160115 0.079973 -0.066865
v -0.160115 0.079973 -0.065715
v -0.186531 0.079973 -0.066615
v -0.186531 0.079973 -0.065965
v -0.265782 0.079973 -0.066686
v -0.265782 0.079973 -0.065894
v -0.344835 0.079973 -0.039874
v -0.345231 0.079973 -0.039874
v -0.344796 0.079973 0.039378
v -0.345270 0.079973 0.039378
v -0.344796 0.106389 -0.039874
v -0.345270 0.106389 -0.039874
v -0.344835 0.106389 0.039378
v -0.345231 0.106389 0.039378
v -0.344524 -0.104946 -0.066290
v -0.345542 -0.104946 -0.066290
v -0.344587 -0.210614 -0.066290
v -0.345479 -0.210614 -0.066290
v -0.344524 -0.210614 0.065795
v -0.345542 -0.210614 0.065795
v -0.344587 -0.104946 0.065795
v -0.345479 -0.104946 0.065795
v -0.318371 -0.078529 -0.092707
v -0.318861 -0.078529 -0.092707
v -0.318308 -0.104946 -0.066290
v -0.318924 -0.104946 -0.066290
v -0.318316 -0.078529 -0.066290
v -0.318916 -0.078529 -0.066290
v -0.318282 -0.210614 -0.092707
v -0.318950 -0.210614 -0.092707
v -0.318368 -0.210614 -0.066290
v -0.318864 -0.210614 -0.066290
v -0.318275 -0.104946 0.065795
v -0.318957 -0.104946 0.065795
v -0.318249 -0.052113 0.065795
v -0.318983 -0.052113 0.065795
v -0.318319 -0.052113 -0.066290
v -0.318913 -0.052113 -0.066290
v -0.318418 -0.078529 0.065795
v -0.318814 -0.078529 0.065795
v -0.318371 -0.078529 0.092211
v -0.318861 -0.078529 0.092211
v -0.318282 -0.210614 0.092211
v -0.318950 -0.210614 0.092211
v -0.318368 -0.210614 0.065795
v -0.318864 -0.210614 0.065795
v -0.318461 0.079973 0.039378
v -0.318771 0.079973 0.039378
v -0.318330 0.053555 0.065794
v -0.318902 0.053555 0.065794
v -0.318509 0.079973 0.065794
v -0.318723 0.079973 0.065794
v -0.318407 0.079973 -0.039874
v -0.318825 0.079973 -0.039874
v -0.318371 0.053555 -0.066290
v -0.318861 0.053555 -0.066290
v -0.318509 0.079973 -0.066290
v -0.318723 0.079973 -0.066290
v -0.318461 0.106389 -0.039874
v -0.318771 0.106389 -0.039874
v -0.318509 0.106389 0.065794
v -0.318723 0.106389 0.065794
v -0.318503 0.106389 0.092211
v -0.318729 0.106389 0.092211
v -0.318517 0.079973 0.092211
v -0.318715 0.079973 0.092211
v -0.318407 0.106389 0.039378
v -0.318825 0.106389 0.039378
v -0.318371 0.132807 0.065794
v -0.318861 0.132807 0.065794
v -0.318330 0.132807 -0.066290
v -0.318902 0.132807 -0.066290
v -0.318509 0.106389 -0.066290
v -0.318723 0.106389 -0.066290
v -0.318503 0.079973 -0.092707
v -0.318729 0.079973 -0.092707
v -0.318517 0.106389 -0.092707
v -0.318715 0.106389 -0.092707
v -0.291914 0.053555 -0.066290
v -0.292484 0.053555 -0.066290
v -0.291853 -0.025695 0.065795
v -0.292545 -0.025695 0.065795
v -0.291951 0.053555 0.065794
v -0.292447 0.053555 0.065794
v -0.292086 0.079973 0.065794
v -0.292312 0.079973 0.065794
v -0.292086 0.053555 0.092211
v -0.292312 0.053555 0.092211
v -0.292100 0.079973 0.092211
v -0.292298 0.079973 0.092211
v -0.292086 0.079973 -0.092707
v -0.292312 0.079973 -0.092707
v -0.292100 0.079973 -0.066290
v -0.292298 0.079973 -0.066290
v -0.292100 0.053555 -0.092707
v -0.292298 0.053555 -0.092707
v -0.291951 -0.025695 -0.066290
v -0.292447 -0.025695 -0.066290
v -0.291953 -0.052113 -0.066290
v -0.292445 -0.052113 -0.066290
v -0.292053 -0.025695 -0.092707
v -0.292345 -0.025695 -0.092707
v -0.292053 -0.078529 -0.092707
v -0.292345 -0.078529 -0.092707
v -0.292100 -0.078529 -0.066290
v -0.292298 -0.078529 -0.066290
v -0.292004 -0.052113 0.065795
v -0.292394 -0.052113 0.065795
v -0.292053 -0.025695 0.092211
v -0.292345 -0.025695 0.092211
v -0.292053 -0.078529 0.092211
v -0.292345 -0.078529 0.092211
v -0.292100 -0.078529 0.065795
v -0.292298 -0.078529 0.065795
v -0.265669 0.132807 0.065794
v -0.265895 0.132807 0.065794
v -0.265683 0.106389 0.065794
v -0.265881 0.106389 0.065794
v -0.265669 0.106389 0.092211
v -0.265895 0.106389 0.092211
v -0.265683 0.132807 0.092211
v -0.265881 0.132807 0.092211
v -0.265545 0.053555 -0.092707
v -0.266019 0.053555 -0.092707
v -0.265584 -0.025695 -0.092707
v -0.265980 -0.025695 -0.092707
v -0.265545 -0.025695 -0.066290
v -0.266019 -0.025695 -0.066290
v -0.265584 0.053555 -0.066290
v -0.265980 0.053555 -0.066290
v -0.265545 0.053555 0.065794
v -0.266019 0.053555 0.065794
v -0.265584 -0.025695 0.065795
v -0.265980 -0.025695 0.065795
v -0.265545 -0.025695 0.092211
v -0.266019 -0.025695 0.092211
v -0.265584 0.053555 0.092211
v -0.265980 0.053555 0.092211
v -0.265669 0.132807 -0.092707
v -0.265895 0.132807 -0.092707
v -0.265683 0.106389 -0.092707
v -0.265881 0.106389 -0.092707
v -0.265669 0.106389 -0.066290
v -0.265895 0.106389 -0.066290
v -0.265683 0.132807 -0.066290
v -0.265881 0.132807 -0.066290
v -0.159288 -0.184197 -0.066290
v -0.160942 -0.184197 -0.066290
v -0.159500 0.079973 -0.039874
v -0.160730 0.079973 -0.039874
v -0.159570 0.079973 -0.066290
v -0.160660 0.079973 -0.066290
v -0.159228 -0.184197 0.065795
v -0.161002 -0.184197 0.065795
v -0.159651 0.079973 0.039378
v -0.160579 0.079973 0.039378
v -0.159570 0.079973 0.065794
v -0.160660 0.079973 0.065794
v -0.107132 0.079973 -0.092707
v -0.107430 0.079973 -0.092707
v -0.107108 0.079973 -0.039874
v -0.107454 0.079973 -0.039874
v -0.107108 0.106389 -0.092707
v -0.107454 0.106389 -0.092707
v -0.107132 0.106389 -0.039874
v -0.107430 0.106389 -0.039874
v -0.107132 0.079973 0.039378
v -0.107430 0.079973 0.039378
v -0.107108 0.079973 0.092211
v -0.107454 0.079973 0.092211
v -0.107108 0.106389 0.039378
v -0.107454 0.106389 0.039378
v -0.107132 0.106389 0.092211
v -0.107430 0.106389 0.092211
v -0.001464 0.079973 0.039378
v -0.001762 0.079973 0.039378
v -0.001440 0.079973 0.092211
v -0.001786 0.079973 0.092211
v -0.001440 0.106389 0.039378
v -0.001786 0.106389 0.039378
v -0.001464 0.106389 0.092211
v -0.001762 0.106389 0.092211
v -0.001464 0.079973 -0.092707
v -0.001762 0.079973 -0.092707
v -0.001440 0.079973 -0.039874
v -0.001786 0.079973 -0.039874
v -0.001440 0.106389 -0.092707
v -0.001786 0.106389 -0.092707
v -0.001464 0.106389 -0.039874
v -0.001762 0.106389 -0.039874
v 0.157039 0.079973 0.039378
v 0.156741 0.079973 0.039378
v 0.157063 0.079973 0.092211
v 0.156717 0.079973 0.092211
v 0.157063 0.106389 0.039378
v 0.156717 0.106389 0.039378
v 0.157039 0.106389 0.092211
v 0.156741 0.106389 0.092211
v 0.157039 0.079973 -0.092707
v 0.156741 0.079973 -0.092707
v 0.157063 0.079973 -0.039874
v 0.156717 0.079973 -0.039874
v 0.157063 0.106389 -0.092707
v 0.156717 0.106389 -0.092707
v 0.157039 0.106389 -0.039874
v 0.156741 0.106389 -0.039874
v 0.262705 0.079973 0.039378
v 0.262407 0.079973 0.039378
v 0.262729 0.079973 0.092211
v 0.262383 0.079973 0.092211
v 0.262729 0.106389 0.039378
v 0.262383 0.106389 0.039378
v 0.262705 0.106389 0.092211
v 0.262407 0.106389 0.092211
v 0.262705 0.079973 -0.092707
v 0.262407 0.079973 -0.092707
v 0.262729 0.079973 -0.039874
v 0.262383 0.079973 -0.039874
v 0.262729 0.106389 -0.092707
v 0.262383 0.106389 -0.092707
v 0.262705 0.106389 -0.039874
v 0.262407 0.106389 -0.039874
v -0.186531 -0.210280 -0.092707
v -0.186531 -0.210948 -0.092707
v -0.292199 -0.210273 -0.066290
v -0.292199 -0.210955 -0.066290
v -0.318616 -0.210369 -0.092707
v -0.318616 -0.210859 -0.092707
v -0.186531 -0.210366 -0.066290
v -0.186531 -0.210862 -0.066290
v -0.318616 -0.210416 -0.066290
v -0.318616 -0.210812 -0.066290
v -0.318616 -0.210314 0.065795
v -0.318616 -0.210914 0.065795
v -0.345033 -0.210247 -0.066290
v -0.345033 -0.210981 -0.066290
v -0.345033 -0.210317 0.065795
v -0.345033 -0.210911 0.065795
v -0.292199 -0.210306 0.065795
v -0.292199 -0.210922 0.065795
v -0.318616 -0.210369 0.092211
v -0.318616 -0.210859 0.092211
v -0.186531 -0.210280 0.092211
v -0.186531 -0.210948 0.092211
v -0.186531 -0.210366 0.065795
v -0.186531 -0.210862 0.065795
v -0.160115 -0.184084 -0.092707
v -0.160115 -0.184310 -0.092707
v -0.186531 -0.184084 -0.066290
v -0.186531 -0.184310 -0.066290
v -0.186531 -0.184098 -0.092707
v -0.186531 -0.184296 -0.092707
v -0.160115 -0.183999 -0.066290
v -0.160115 -0.184395 -0.066290
v -0.133698 -0.183830 -0.066290
v -0.133698 -0.184564 -0.066290
v -0.160115 -0.183957 0.065795
v -0.160115 -0.184437 0.065795
v -0.133698 -0.183900 0.065795
v -0.133698 -0.184494 0.065795
v -0.186531 -0.184084 0.092211
v -0.186531 -0.184310 0.092211
v -0.186531 -0.184098 0.065795
v -0.186531 -0.184296 0.065795
v -0.160115 -0.184098 0.092211
v -0.160115 -0.184296 0.092211
v -0.133698 -0.078289 0.065795
v -0.133698 -0.078769 0.065795
v -0.160115 -0.078416 0.092211
v -0.160115 -0.078642 0.092211
v -0.160115 -0.078430 0.065795
v -0.160115 -0.078628 0.065795
v -0.133698 -0.078430 0.092211
v -0.133698 -0.078628 0.092211
v -0.107281 -0.078163 -0.066290
v -0.107281 -0.078896 -0.066290
v -0.107281 -0.078232 0.065795
v -0.107281 -0.078826 0.065795
v -0.133698 -0.078331 -0.066290
v -0.133698 -0.078727 -0.066290
v -0.160115 -0.078416 -0.066290
v -0.160115 -0.078642 -0.066290
v -0.133698 -0.078416 -0.092707
v -0.133698 -0.078642 -0.092707
v -0.160115 -0.078430 -0.092707
v -0.160115 -0.078628 -0.092707
v -0.265782 -0.051746 -0.066290
v -0.265782 -0.052480 -0.066290
v -0.292199 -0.051746 0.065795
v -0.292199 -0.052480 0.065795
v -0.292199 -0.051816 -0.066290
v -0.292199 -0.052410 -0.066290
v -0.265782 -0.051816 0.065795
v -0.265782 -0.052410 0.065795
v -0.080863 -0.025329 -0.066290
v -0.080863 -0.026062 -0.066290
v -0.107281 -0.025455 0.065795
v -0.107281 -0.025935 0.065795
v -0.107281 -0.025497 -0.066290
v -0.107281 -0.025893 -0.066290
v -0.080863 -0.025398 0.065795
v -0.080863 -0.025992 0.065795
v -0.133698 -0.025582 -0.066290
v -0.133698 -0.025808 -0.066290
v -0.107281 -0.025582 -0.092707
v -0.107281 -0.025808 -0.092707
v -0.133698 -0.025596 -0.092707
v -0.133698 -0.025794 -0.092707
v -0.133698 -0.025582 0.092211
v -0.133698 -0.025808 0.092211
v -0.107281 -0.025596 0.092211
v -0.107281 -0.025794 0.092211
v -0.133698 -0.025596 0.065795
v -0.133698 -0.025794 0.065795
v 0.315391 0.001361 0.039378
v 0.315391 0.000083 0.039378
v -0.080863 0.001879 0.065795
v -0.080863 -0.000435 0.065795
v -0.080863 0.001974 -0.066290
v -0.080863 -0.000530 -0.066290
v 0.315391 0.001515 0.065795
v 0.315391 -0.000071 0.065795
v 0.315391 0.001218 -0.039874
v 0.315391 0.000226 -0.039874
v 0.315391 0.001515 -0.066290
v 0.315391 -0.000071 -0.066290
v 0.341807 0.000959 -0.039874
v 0.341807 0.000485 -0.039874
v 0.341807 0.000920 0.039378
v 0.341807 0.000524 0.039378
v 0.315391 0.028230 -0.092707
v 0.315391 0.026048 -0.092707
v -0.107281 0.028230 -0.066290
v -0.107281 0.026048 -0.066290
v -0.107281 0.027981 -0.092707
v -0.107281 0.026297 -0.092707
v 0.315391 0.027610 -0.066290
v 0.315391 0.026668 -0.066290
v 0.341807 0.027252 -0.066290
v 0.341807 0.027026 -0.066290
v 0.315391 0.027252 -0.039874
v 0.315391 0.027026 -0.039874
v 0.341807 0.027288 -0.039874
v 0.341807 0.026990 -0.039874
v 0.368224 0.027376 -0.039874
v 0.368224 0.026902 -0.039874
v 0.341807 0.027315 0.039378
v 0.341807 0.026965 0.039378
v 0.368224 0.027338 0.039378
v 0.368224 0.026942 0.039378
v 0.315391 0.027742 0.065795
v 0.315391 0.026538 0.065795
v 0.315391 0.027239 0.039378
v 0.315391 0.027041 0.039378
v 0.341807 0.027239 0.065795
v 0.341807 0.027041 0.065795
v -0.107281 0.028231 0.092211
v -0.107281 0.026049 0.092211
v 0.315391 0.027982 0.092211
v 0.315391 0.026298 0.092211
v -0.107281 0.027982 0.065795
v -0.107281 0.026298 0.065795
v 0.368224 0.053668 -0.066290
v 0.368224 0.053442 -0.066290
v 0.341807 0.053668 -0.039874
v 0.341807 0.053442 -0.039874
v 0.341807 0.053654 -0.066290
v 0.341807 0.053456 -0.066290
v 0.368224 0.053704 -0.039874
v 0.368224 0.053406 -0.039874
v 0.315391 0.053668 -0.066290
v 0.315391 0.053442 -0.066290
v 0.341807 0.053668 -0.092707
v 0.341807 0.053442 -0.092707
v 0.315391 0.053654 -0.092707
v 0.315391 0.053456 -0.092707
v 0.394641 0.053792 -0.039874
v 0.394641 0.053318 -0.039874
v 0.368224 0.053730 0.039378
v 0.368224 0.053380 0.039378
v 0.394641 0.053753 0.039378
v 0.394641 0.053357 0.039378
v 0.341807 0.053668 0.065794
v 0.341807 0.053442 0.065794
v 0.368224 0.053654 0.065794
v 0.368224 0.053456 0.065794
v 0.341807 0.053654 0.039378
v 0.341807 0.053456 0.039378
v 0.315391 0.053668 0.092211
v 0.315391 0.053442 0.092211
v 0.315391 0.053654 0.065794
v 0.315391 0.053456 0.065794
v 0.341807 0.053654 0.092211
v 0.341807 0.053456 0.092211
v -0.265782 0.053668 -0.092707
v -0.265782 0.053442 -0.092707
v -0.292199 0.053795 -0.066290
v -0.292199 0.053315 -0.066290
v -0.292199 0.053654 -0.092707
v -0.292199 0.053456 -0.092707
v -0.265782 0.053654 -0.066290
v -0.265782 0.053456 -0.066290
v -0.318616 0.053922 0.065794
v -0.318616 0.053189 0.065794
v -0.318616 0.053852 -0.066290
v -0.318616 0.053258 -0.066290
v -0.292199 0.053753 0.065794
v -0.292199 0.053357 0.065794
v -0.265782 0.053668 0.065794
v -0.265782 0.053442 0.065794
v -0.292199 0.053668 0.092211
v -0.292199 0.053442 0.092211
v -0.265782 0.053654 0.092211
v -0.265782 0.053456 0.092211
v -0.265782 0.080373 -0.066290
v -0.265782 0.079573 -0.066290
v -0.186531 0.080171 -0.066290
v -0.186531 0.079775 -0.066290
v -0.186531 0.080175 -0.039874
v -0.186531 0.079771 -0.039874
v -0.186531 0.080243 0.039378
v -0.186531 0.079703 0.039378
v -0.265782 0.080342 0.065794
v -0.265782 0.079604 0.065794
v -0.186531 0.080171 0.065794
v -0.186531 0.079775 0.065794
v -0.160115 0.080210 -0.039874
v -0.160115 0.079736 -0.039874
v -0.160115 0.080171 0.039378
v -0.160115 0.079775 0.039378
v -0.292199 0.080086 0.065794
v -0.292199 0.079860 0.065794
v -0.318616 0.080086 0.092211
v -0.318616 0.079860 0.092211
v -0.318616 0.080072 0.065794
v -0.318616 0.079874 0.065794
v -0.292199 0.080072 0.092211
v -0.292199 0.079874 0.092211
v 0.368224 0.080086 0.065794
v 0.368224 0.079860 0.065794
v 0.341807 0.080086 0.092211
v 0.341807 0.079860 0.092211
v 0.341807 0.080072 0.065794
v 0.341807 0.079874 0.065794
v 0.368224 0.080072 0.092211
v 0.368224 0.079874 0.092211
v 0.394641 0.080086 0.039378
v 0.394641 0.079860 0.039378
v 0.394641 0.080072 0.065794
v 0.394641 0.079874 0.065794
v 0.368224 0.080072 0.039378
v 0.368224 0.079874 0.039378
v -0.318616 0.080210 -0.039874
v -0.318616 0.079736 -0.039874
v -0.345033 0.080210 0.039378
v -0.345033 0.079736 0.039378
v -0.345033 0.080171 -0.039874
v -0.345033 0.079775 -0.039874
v -0.318616 0.080171 0.039378
v -0.318616 0.079775 0.039378
v -0.292199 0.080086 -0.092707
v -0.292199 0.079860 -0.092707
v -0.318616 0.080086 -0.066290
v -0.318616 0.079860 -0.066290
v -0.318616 0.080072 -0.092707
v -0.318616 0.079874 -0.092707
v -0.292199 0.080072 -0.066290
v -0.292199 0.079874 -0.066290
v 0.368224 0.080086 -0.092707
v 0.368224 0.079860 -0.092707
v 0.341807 0.080086 -0.066290
v 0.341807 0.079860 -0.066290
v 0.341807 0.080072 -0.092707
v 0.341807 0.079874 -0.092707
v 0.368224 0.080072 -0.066290
v 0.368224 0.079874 -0.066290
v 0.394641 0.080086 -0.066290
v 0.394641 0.079860 -0.066290
v 0.368224 0.080086 -0.039874
v 0.368224 0.079860 -0.039874
v 0.394641 0.080072 -0.039874
v 0.394641 0.079874 -0.039874
v -0.001613 0.106673 -0.092707
v -0.001613 0.106105 -0.092707
v -0.080863 0.106673 -0.039874
v -0.080863 0.106105 -0.039874
v -0.080863 0.106637 -0.092707
v -0.080863 0.106141 -0.092707
v -0.001613 0.106637 -0.039874
v -0.001613 0.106141 -0.039874
v -0.107281 0.106673 -0.092707
v -0.107281 0.106105 -0.092707
v -0.186531 0.106673 -0.039874
v -0.186531 0.106105 -0.039874
v -0.186531 0.106637 -0.092707
v -0.186531 0.106141 -0.092707
v -0.107281 0.106637 -0.039874
v -0.107281 0.106141 -0.039874
v 0.156890 0.106673 0.039378
v 0.156890 0.106105 0.039378
v 0.077639 0.106673 0.092211
v 0.077639 0.106105 0.092211
v 0.077639 0.106637 0.039378
v 0.077639 0.106141 0.039378
v 0.156890 0.106637 0.092211
v 0.156890 0.106141 0.092211
v 0.262556 0.106673 0.039378
v 0.262556 0.106105 0.039378
v 0.183305 0.106673 0.092211
v 0.183305 0.106105 0.092211
v 0.183305 0.106637 0.039378
v 0.183305 0.106141 0.039378
v 0.262556 0.106637 0.092211
v 0.262556 0.106141 0.092211
v -0.107281 0.106673 0.039378
v -0.107281 0.106105 0.039378
v -0.186531 0.106673 0.092211
v -0.186531 0.106105 0.092211
v -0.186531 0.106637 0.039378
v -0.186531 0.106141 0.039378
v -0.107281 0.106637 0.092211
v -0.107281 0.106141 0.092211
v -0.001613 0.106673 0.039378
v -0.001613 0.106105 0.039378
v -0.080863 0.106673 0.092211
v -0.080863 0.106105 0.092211
v -0.080863 0.106637 0.039378
v -0.080863 0.106141 0.039378
v -0.001613 0.106637 0.092211
v -0.001613 0.106141 0.092211
v 0.156890 0.106673 -0.092707
v 0.156890 0.106105 -0.092707
v 0.077639 0.106673 -0.039874
v 0.077639 0.106105 -0.039874
v 0.077639 0.106637 -0.092707
v 0.077639 0.106141 -0.092707
v 0.156890 0.106637 -0.039874
v 0.156890 0.106141 -0.039874
v 0.262556 0.106673 -0.092707
v 0.262556 0.106105 -0.092707
v 0.183305 0.106673 -0.039874
v 0.183305 0.106105 -0.039874
v 0.183305 0.106637 -0.092707
v 0.183305 0.106141 -0.092707
v 0.262556 0.106637 -0.039874
v 0.262556 0.106141 -0.039874
v 0.262556 0.106389 -0.092428
v 0.262556 0.106389 -0.092987
v 0.341807 0.079973 -0.092512
v 0.341807 0.079973 -0.092902
v 0.262556 0.079973 -0.092468
v 0.262556 0.079973 -0.092946
v 0.315391 0.053555 -0.092567
v 0.315391 0.053555 -0.092847
v 0.341807 0.053555 -0.092608
v 0.341807 0.053555 -0.092806
v 0.315391 0.027139 -0.092034
v 0.315391 0.027139 -0.093380
v 0.183305 0.079973 -0.092450
v 0.183305 0.079973 -0.092964
v 0.156890 0.079973 -0.092455
v 0.156890 0.079973 -0.092959
v 0.183305 0.106389 -0.092440
v 0.183305 0.106389 -0.092974
v 0.077639 0.079973 -0.092241
v 0.077639 0.079973 -0.093173
v 0.156890 0.106389 -0.092384
v 0.156890 0.106389 -0.093031
v -0.107281 0.027139 -0.092214
v -0.107281 0.027139 -0.093200
v 0.368224 0.132807 -0.091548
v 0.368224 0.132807 -0.093866
v 0.368224 0.079973 -0.092558
v 0.368224 0.079973 -0.092856
v 0.077639 0.106389 -0.092287
v 0.077639 0.106389 -0.093127
v -0.001613 0.079973 -0.092417
v -0.001613 0.079973 -0.092997
v -0.001613 0.106389 -0.092186
v -0.001613 0.106389 -0.093228
v -0.080863 0.106389 -0.092161
v -0.080863 0.106389 -0.093253
v -0.080863 0.079973 -0.092536
v -0.080863 0.079973 -0.092878
v -0.107281 0.106389 -0.092223
v -0.107281 0.106389 -0.093191
v -0.186531 0.106389 -0.092089
v -0.186531 0.106389 -0.093325
v -0.107281 0.079973 -0.092534
v -0.107281 0.079973 -0.092880
v -0.265782 0.132807 -0.091777
v -0.265782 0.132807 -0.093637
v -0.265782 0.106389 -0.092499
v -0.265782 0.106389 -0.092915
v -0.186531 0.079973 -0.092376
v -0.186531 0.079973 -0.093038
v -0.265782 0.053555 -0.092497
v -0.265782 0.053555 -0.092917
v -0.292199 0.079973 -0.092583
v -0.292199 0.079973 -0.092831
v -0.292199 0.053555 -0.092608
v -0.292199 0.053555 -0.092806
v -0.318616 0.106389 -0.092561
v -0.318616 0.106389 -0.092853
v -0.318616 0.079973 -0.092608
v -0.318616 0.079973 -0.092806
v -0.265782 -0.025695 -0.092365
v -0.265782 -0.025695 -0.093049
v -0.133698 -0.025695 -0.092427
v -0.133698 -0.025695 -0.092987
v -0.107281 -0.025695 -0.092558
v -0.107281 -0.025695 -0.092856
v -0.160115 -0.078529 -0.092363
v -0.160115 -0.078529 -0.093051
v -0.133698 -0.078529 -0.092558
v -0.133698 -0.078529 -0.092856
v -0.292199 -0.078529 -0.092360
v -0.292199 -0.078529 -0.093054
v -0.292199 -0.025695 -0.092558
v -0.292199 -0.025695 -0.092856
v -0.186531 -0.184197 -0.092373
v -0.186531 -0.184197 -0.093041
v -0.160115 -0.184197 -0.092459
v -0.160115 -0.184197 -0.092955
v -0.318616 -0.210614 -0.092207
v -0.318616 -0.210614 -0.093207
v -0.318616 -0.078529 -0.092410
v -0.318616 -0.078529 -0.093004
v -0.186531 -0.210614 -0.092410
v -0.186531 -0.210614 -0.093004
v -0.107281 -0.078529 -0.066117
v -0.107281 -0.078529 -0.066463
v -0.133698 -0.025695 -0.066117
v -0.133698 -0.025695 -0.066463
v -0.107281 -0.025695 -0.066143
v -0.107281 -0.025695 -0.066437
v -0.133698 -0.078529 -0.066092
v -0.133698 -0.078529 -0.066488
v -0.133698 -0.184197 -0.065989
v -0.133698 -0.184197 -0.066591
v -0.160115 -0.078529 -0.065989
v -0.160115 -0.078529 -0.066591
v -0.160115 -0.184197 -0.066042
v -0.160115 -0.184197 -0.066538
v -0.080863 0.000722 -0.065619
v -0.080863 0.000722 -0.066961
v -0.080863 -0.025695 -0.066191
v -0.080863 -0.025695 -0.066389
v -0.107281 0.027139 -0.065649
v -0.107281 0.027139 -0.066931
v 0.315391 0.027139 -0.065616
v 0.315391 0.027139 -0.066964
v 0.315391 0.000722 -0.065497
v 0.315391 0.000722 -0.067083
v 0.315391 0.053555 -0.066177
v 0.315391 0.053555 -0.066403
v 0.341807 0.027139 -0.066177
v 0.341807 0.027139 -0.066403
v 0.341807 0.053555 -0.066191
v 0.341807 0.053555 -0.066389
v 0.341807 0.079973 -0.066177
v 0.341807 0.079973 -0.066403
v 0.368224 0.053555 -0.066177
v 0.368224 0.053555 -0.066403
v 0.368224 0.079973 -0.066166
v 0.368224 0.079973 -0.066414
v 0.368224 0.132807 -0.066117
v 0.368224 0.132807 -0.066463
v 0.394641 0.079973 -0.066117
v 0.394641 0.079973 -0.066463
v 0.394641 0.132807 -0.066141
v 0.394641 0.132807 -0.066439
v -0.318616 -0.210614 -0.065989
v -0.318616 -0.210614 -0.066591
v -0.345033 -0.104946 -0.065989
v -0.345033 -0.104946 -0.066591
v -0.318616 -0.104946 -0.066042
v -0.318616 -0.104946 -0.066538
v -0.345033 -0.210614 -0.066042
v -0.345033 -0.210614 -0.066538
v -0.292199 -0.052113 -0.066191
v -0.292199 -0.052113 -0.066389
v -0.292199 -0.078529 -0.066177
v -0.292199 -0.078529 -0.066403
v -0.318616 -0.052113 -0.066177
v -0.318616 -0.052113 -0.066403
v -0.318616 -0.078529 -0.066191
v -0.318616 -0.078529 -0.066389
v -0.265782 0.053555 -0.066092
v -0.265782 0.053555 -0.066488
v -0.265782 -0.025695 -0.066053
v -0.265782 -0.025695 -0.066527
v -0.292199 0.053555 -0.066115
v -0.292199 0.053555 -0.066465
v -0.292199 -0.025695 -0.066092
v -0.292199 -0.025695 -0.066488
v -0.318616 0.079973 -0.066177
v -0.318616 0.079973 -0.066403
v -0.318616 0.053555 -0.066191
v -0.318616 0.053555 -0.066389
v -0.292199 0.079973 -0.066191
v -0.292199 0.079973 -0.066389
v -0.318616 0.132807 -0.066117
v -0.318616 0.132807 -0.066463
v -0.265782 0.132807 -0.066141
v -0.265782 0.132807 -0.066439
v -0.265782 0.106389 -0.066117
v -0.265782 0.106389 -0.066463
v -0.318616 0.106389 -0.066141
v -0.318616 0.106389 -0.066439
v 0.368224 0.053555 -0.039775
v 0.368224 0.053555 -0.039973
v 0.368224 0.027139 -0.039761
v 0.368224 0.027139 -0.039987
v 0.341807 0.053555 -0.039761
v 0.341807 0.053555 -0.039987
v 0.341807 0.027139 -0.039775
v 0.341807 0.027139 -0.039973
v 0.368224 0.079973 -0.039761
v 0.368224 0.079973 -0.039987
v 0.394641 0.053555 -0.039761
v 0.394641 0.053555 -0.039987
v 0.394641 0.079973 -0.039775
v 0.394641 0.079973 -0.039973
v 0.341807 0.000722 -0.039761
v 0.341807 0.000722 -0.039987
v 0.315391 0.027139 -0.039761
v 0.315391 0.027139 -0.039987
v 0.315391 0.000722 -0.039775
v 0.315391 0.000722 -0.039973
v -0.107281 0.106389 -0.039668
v -0.107281 0.106389 -0.040080
v -0.160115 0.079973 -0.039709
v -0.160115 0.079973 -0.040039
v -0.186531 0.106389 -0.039695
v -0.186531 0.106389 -0.040053
v -0.186531 0.079973 -0.039775
v -0.186531 0.079973 -0.039973
v -0.107281 0.079973 -0.039725
v -0.107281 0.079973 -0.040023
v -0.001613 0.079973 -0.039638
v -0.001613 0.079973 -0.040111
v -0.080863 0.106389 -0.039638
v -0.080863 0.106389 -0.040111
v -0.001613 0.106389 -0.039676
v -0.001613 0.106389 -0.040072
v -0.080863 0.079973 -0.039676
v -0.080863 0.079973 -0.040072
v -0.318616 0.106389 -0.039775
v -0.318616 0.106389 -0.039973
v -0.318616 0.079973 -0.039761
v -0.318616 0.079973 -0.039987
v -0.345033 0.106389 -0.039761
v -0.345033 0.106389 -0.039987
v -0.345033 0.079973 -0.039775
v -0.345033 0.079973 -0.039973
v 0.077639 0.106389 -0.039637
v 0.077639 0.106389 -0.040111
v 0.156890 0.106389 -0.039676
v 0.156890 0.106389 -0.040072
v 0.156890 0.079973 -0.039637
v 0.156890 0.079973 -0.040111
v 0.077639 0.079973 -0.039676
v 0.077639 0.079973 -0.040072
v 0.183305 0.106389 -0.039637
v 0.183305 0.106389 -0.040111
v 0.262556 0.106389 -0.039676
v 0.262556 0.106389 -0.040072
v 0.262556 0.079973 -0.039637
v 0.262556 0.079973 -0.040111
v 0.183305 0.079973 -0.039676
v 0.183305 0.079973 -0.040072
v -0.292199 -0.210614 0.066295
v -0.292199 -0.210614 0.065295
v -0.186531 -0.184197 0.066091
v -0.186531 -0.184197 0.065499
v -0.186531 -0.210614 0.066043
v -0.186531 -0.210614 0.065547
v -0.265782 -0.052113 0.066312
v -0.265782 -0.052113 0.065278
v -0.292199 -0.052113 0.066142
v -0.292199 -0.052113 0.065448
v -0.160115 -0.184197 0.066370
v -0.160115 -0.184197 0.065220
v -0.160115 0.079973 0.066369
v -0.160115 0.079973 0.065219
v -0.186531 0.079973 0.066119
v -0.186531 0.079973 0.065469
v -0.265782 0.079973 0.066190
v -0.265782 0.079973 0.065398
v 0.066026 0.071311 -0.094318
v 0.066080 0.071311 -0.094318
v 0.066010 0.078457 -0.094318
v 0.066096 0.078457 -0.094318
v 0.066002 0.071311 -0.087172
v 0.066104 0.071311 -0.087172
v 0.066000 0.085603 -0.094318
v 0.066106 0.085603 -0.094318
v 0.066005 0.092749 -0.087172
v 0.066101 0.092749 -0.087172
v 0.066026 0.092749 -0.094318
v 0.066080 0.092749 -0.094318
v 0.065989 0.078457 -0.115755
v 0.066117 0.078457 -0.115755
v 0.065999 0.085603 -0.115755
v 0.066107 0.085603 -0.115755
v 0.058857 0.071311 -0.122900
v 0.058959 0.071311 -0.122900
v 0.058862 0.085603 -0.115755
v 0.058954 0.085603 -0.115755
v 0.058865 0.078457 -0.115755
v 0.058951 0.078457 -0.115755
v 0.058860 0.092749 -0.122900
v 0.058956 0.092749 -0.122900
v 0.058859 0.071311 -0.115755
v 0.058957 0.071311 -0.115755
v 0.058859 0.092749 -0.115755
v 0.058957 0.092749 -0.115755
v 0.058844 0.078457 -0.094318
v 0.058972 0.078457 -0.094318
v 0.058844 0.085603 -0.094318
v 0.058972 0.085603 -0.094318
v 0.058857 0.071311 -0.094318
v 0.058959 0.071311 -0.094318
v 0.058857 0.092749 -0.094318
v 0.058959 0.092749 -0.094318
v 0.058835 0.064166 -0.115755
v 0.058981 0.064166 -0.115755
v 0.058851 0.064166 -0.087172
v 0.058965 0.064166 -0.087172
v 0.058881 0.071311 -0.087172
v 0.058935 0.071311 -0.087172
v 0.058835 0.099894 -0.115755
v 0.058981 0.099894 -0.115755
v 0.058851 0.099894 -0.087172
v 0.058965 0.099894 -0.087172
v 0.058881 0.092749 -0.087172
v 0.058935 0.092749 -0.087172
v 0.051733 0.064166 -0.094318
v 0.051794 0.064166 -0.094318
v 0.051733 0.057020 -0.087172
v 0.051794 0.057020 -0.087172
v 0.051736 0.057020 -0.094318
v 0.051790 0.057020 -0.094318
v 0.051736 0.064166 -0.087172
v 0.051790 0.064166 -0.087172
v 0.051733 0.071311 -0.122900
v 0.051793 0.071311 -0.122900
v 0.051733 0.064166 -0.115755
v 0.051793 0.064166 -0.115755
v 0.051736 0.064166 -0.122900
v 0.051790 0.064166 -0.122900
v 0.051736 0.071311 -0.115755
v 0.051790 0.071311 -0.115755
v 0.051733 0.107040 -0.094318
v 0.051794 0.107040 -0.094318
v 0.051733 0.099894 -0.087172
v 0.051794 0.099894 -0.087172
v 0.051736 0.099894 -0.094318
v 0.051790 0.099894 -0.094318
v 0.051736 0.107040 -0.087172
v 0.051790 0.107040 -0.087172
v 0.051733 0.099894 -0.122900
v 0.051793 0.099894 -0.122900
v 0.051733 0.092749 -0.115755
v 0.051793 0.092749 -0.115755
v 0.051736 0.092749 -0.122900
v 0.051790 0.092749 -0.122900
v 0.051736 0.099894 -0.115755
v 0.051790 0.099894 -0.115755
v 0.044553 0.064166 -0.115755
v 0.044681 0.064166 -0.115755
v 0.044553 0.057020 -0.094318
v 0.044681 0.057020 -0.094318
v 0.044563 0.057020 -0.115755
v 0.044671 0.057020 -0.115755
v 0.044563 0.064166 -0.094318
v 0.044671 0.064166 -0.094318
v 0.044553 0.107040 -0.115755
v 0.044681 0.107040 -0.115755
v 0.044553 0.099894 -0.094318
v 0.044681 0.099894 -0.094318
v 0.044563 0.099894 -0.115755
v 0.044671 0.099894 -0.115755
v 0.044563 0.107040 -0.094318
v 0.044671 0.107040 -0.094318
v 0.037472 0.106994 -0.094318
v 0.037472 0.107086 -0.094318
v 0.051763 0.106989 -0.087172
v 0.051763 0.107091 -0.087172
v 0.044617 0.106989 -0.094318
v 0.044617 0.107091 -0.094318
v 0.051763 0.107013 -0.094318
v 0.051763 0.107067 -0.094318
v 0.030326 0.106992 -0.087172
v 0.030326 0.107088 -0.087172
v 0.030326 0.107013 -0.094318
v 0.030326 0.107067 -0.094318
v 0.037472 0.106976 -0.115755
v 0.037472 0.107104 -0.115755
v 0.044617 0.106986 -0.115755
v 0.044617 0.107094 -0.115755
v 0.051763 0.099843 -0.122900
v 0.051763 0.099945 -0.122900
v 0.037472 0.099848 -0.115755
v 0.037472 0.099940 -0.115755
v 0.044617 0.099851 -0.115755
v 0.044617 0.099937 -0.115755
v 0.030326 0.099846 -0.122900
v 0.030326 0.099942 -0.122900
v 0.051763 0.099845 -0.115755
v 0.051763 0.099943 -0.115755
v 0.030326 0.099845 -0.115755
v 0.030326 0.099943 -0.115755
v 0.044617 0.099830 -0.094318
v 0.044617 0.099958 -0.094318
v 0.037472 0.099830 -0.094318
v 0.037472 0.099958 -0.094318
v 0.051763 0.099843 -0.094318
v 0.051763 0.099945 -0.094318
v 0.030326 0.099843 -0.094318
v 0.030326 0.099945 -0.094318
v 0.058908 0.099821 -0.115755
v 0.058908 0.099967 -0.115755
v 0.058908 0.099837 -0.087172
v 0.058908 0.099951 -0.087172
v 0.051763 0.099867 -0.087172
v 0.051763 0.099921 -0.087172
v 0.023180 0.099821 -0.115755
v 0.023180 0.099967 -0.115755
v 0.023180 0.099837 -0.087172
v 0.023180 0.099951 -0.087172
v 0.030326 0.099867 -0.087172
v 0.030326 0.099921 -0.087172
v 0.058908 0.092722 -0.094318
v 0.058908 0.092776 -0.094318
v 0.058908 0.092718 -0.087172
v 0.058908 0.092779 -0.087172
v 0.066053 0.092718 -0.094318
v 0.066053 0.092779 -0.094318
v 0.066053 0.092722 -0.087172
v 0.066053 0.092776 -0.087172
v 0.051763 0.092722 -0.122900
v 0.051763 0.092776 -0.122900
v 0.051763 0.092718 -0.115755
v 0.051763 0.092779 -0.115755
v 0.058908 0.092718 -0.122900
v 0.058908 0.092779 -0.122900
v 0.058908 0.092722 -0.115755
v 0.058908 0.092776 -0.115755
v 0.016034 0.092722 -0.094318
v 0.016034 0.092776 -0.094318
v 0.016034 0.092718 -0.087172
v 0.016034 0.092779 -0.087172
v 0.023180 0.092718 -0.094318
v 0.023180 0.092779 -0.094318
v 0.023180 0.092722 -0.087172
v 0.023180 0.092776 -0.087172
v 0.023180 0.092718 -0.115755
v 0.023180 0.092779 -0.115755
v 0.030326 0.092718 -0.122900
v 0.030326 0.092779 -0.122900
v 0.023180 0.092722 -0.122900
v 0.023180 0.092776 -0.122900
v 0.030326 0.092722 -0.115755
v 0.030326 0.092776 -0.115755
v 0.058908 0.085549 -0.115755
v 0.058908 0.085657 -0.115755
v 0.058908 0.085539 -0.094318
v 0.058908 0.085667 -0.094318
v 0.066053 0.085539 -0.115755
v 0.066053 0.085667 -0.115755
v 0.066053 0.085549 -0.094318
v 0.066053 0.085657 -0.094318
v 0.016034 0.085549 -0.115755
v 0.016034 0.085657 -0.115755
v 0.016034 0.085539 -0.094318
v 0.016034 0.085667 -0.094318
v 0.023180 0.085539 -0.115755
v 0.023180 0.085667 -0.115755
v 0.023180 0.085549 -0.094318
v 0.023180 0.085657 -0.094318
v 0.016098 0.078457 -0.115755
v 0.015970 0.078457 -0.115755
v 0.016087 0.085603 -0.094318
v 0.015981 0.085603 -0.094318
v 0.016088 0.085603 -0.115755
v 0.015980 0.085603 -0.115755
v 0.016077 0.078457 -0.094318
v 0.015991 0.078457 -0.094318
v 0.016085 0.071311 -0.087172
v 0.015983 0.071311 -0.087172
v 0.016061 0.071311 -0.094318
v 0.016007 0.071311 -0.094318
v 0.016082 0.092749 -0.087172
v 0.015986 0.092749 -0.087172
v 0.016061 0.092749 -0.094318
v 0.016007 0.092749 -0.094318
v 0.023253 0.064166 -0.115755
v 0.023107 0.064166 -0.115755
v 0.023231 0.071311 -0.094318
v 0.023129 0.071311 -0.094318
v 0.023229 0.071311 -0.115755
v 0.023131 0.071311 -0.115755
v 0.023237 0.064166 -0.087172
v 0.023123 0.064166 -0.087172
v 0.023207 0.071311 -0.087172
v 0.023153 0.071311 -0.087172
v 0.023244 0.078457 -0.094318
v 0.023116 0.078457 -0.094318
v 0.023223 0.078457 -0.115755
v 0.023137 0.078457 -0.115755
v 0.023231 0.071311 -0.122900
v 0.023129 0.071311 -0.122900
v 0.023226 0.085603 -0.115755
v 0.023134 0.085603 -0.115755
v 0.023228 0.092749 -0.122900
v 0.023132 0.092749 -0.122900
v 0.023229 0.092749 -0.115755
v 0.023131 0.092749 -0.115755
v 0.023244 0.085603 -0.094318
v 0.023116 0.085603 -0.094318
v 0.023231 0.092749 -0.094318
v 0.023129 0.092749 -0.094318
v 0.023253 0.099894 -0.115755
v 0.023107 0.099894 -0.115755
v 0.023237 0.099894 -0.087172
v 0.023123 0.099894 -0.087172
v 0.023207 0.092749 -0.087172
v 0.023153 0.092749 -0.087172
v 0.030356 0.057020 -0.094318
v 0.030296 0.057020 -0.094318
v 0.030356 0.064166 -0.087172
v 0.030296 0.064166 -0.087172
v 0.030353 0.064166 -0.094318
v 0.030299 0.064166 -0.094318
v 0.030353 0.057020 -0.087172
v 0.030299 0.057020 -0.087172
v 0.030356 0.064166 -0.122900
v 0.030296 0.064166 -0.122900
v 0.030356 0.071311 -0.115755
v 0.030296 0.071311 -0.115755
v 0.030353 0.071311 -0.122900
v 0.030299 0.071311 -0.122900
v 0.030353 0.064166 -0.115755
v 0.030299 0.064166 -0.115755
v 0.030356 0.099894 -0.094318
v 0.030296 0.099894 -0.094318
v 0.030356 0.107040 -0.087172
v 0.030296 0.107040 -0.087172
v 0.030353 0.107040 -0.094318
v 0.030299 0.107040 -0.094318
v 0.030353 0.099894 -0.087172
v 0.030299 0.099894 -0.087172
v 0.030356 0.092749 -0.122900
v 0.030296 0.092749 -0.122900
v 0.030356 0.099894 -0.115755
v 0.030296 0.099894 -0.115755
v 0.030353 0.099894 -0.122900
v 0.030299 0.099894 -0.122900
v 0.030353 0.092749 -0.115755
v 0.030299 0.092749 -0.115755
v 0.037536 0.099894 -0.115755
v 0.037408 0.099894 -0.115755
v 0.037536 0.107040 -0.094318
v 0.037408 0.107040 -0.094318
v 0.037526 0.107040 -0.115755
v 0.037418 0.107040 -0.115755
v 0.037526 0.099894 -0.094318
v 0.037418 0.099894 -0.094318
v 0.037536 0.057020 -0.115755
v 0.037408 0.057020 -0.115755
v 0.037536 0.064166 -0.094318
v 0.037408 0.064166 -0.094318
v 0.037526 0.064166 -0.115755
v 0.037418 0.064166 -0.115755
v 0.037526 0.057020 -0.094318
v 0.037418 0.057020 -0.094318
v 0.044617 0.057084 -0.115755
v 0.044617 0.056956 -0.115755
v 0.037472 0.057073 -0.094318
v 0.037472 0.056967 -0.094318
v 0.037472 0.057074 -0.115755
v 0.037472 0.056966 -0.115755
v 0.044617 0.057063 -0.094318
v 0.044617 0.056977 -0.094318
v 0.051763 0.057071 -0.087172
v 0.051763 0.056969 -0.087172
v 0.051763 0.057047 -0.094318
v 0.051763 0.056993 -0.094318
v 0.030326 0.057068 -0.087172
v 0.030326 0.056972 -0.087172
v 0.030326 0.057047 -0.094318
v 0.030326 0.056993 -0.094318
v 0.030326 0.064217 -0.094318
v 0.030326 0.064115 -0.094318
v 0.030326 0.064215 -0.115755
v 0.030326 0.064117 -0.115755
v 0.037472 0.064230 -0.094318
v 0.037472 0.064102 -0.094318
v 0.037472 0.064209 -0.115755
v 0.037472 0.064123 -0.115755
v 0.023180 0.064239 -0.115755
v 0.023180 0.064093 -0.115755
v 0.023180 0.064223 -0.087172
v 0.023180 0.064109 -0.087172
v 0.030326 0.064193 -0.087172
v 0.030326 0.064139 -0.087172
v 0.030326 0.064217 -0.122900
v 0.030326 0.064115 -0.122900
v 0.044617 0.064219 -0.115755
v 0.044617 0.064113 -0.115755
v 0.051763 0.064214 -0.122900
v 0.051763 0.064118 -0.122900
v 0.051763 0.064206 -0.115755
v 0.051763 0.064126 -0.115755
v 0.051763 0.064223 -0.094318
v 0.051763 0.064109 -0.094318
v 0.044617 0.064220 -0.094318
v 0.044617 0.064112 -0.094318
v 0.058908 0.064239 -0.115755
v 0.058908 0.064093 -0.115755
v 0.058908 0.064223 -0.087172
v 0.058908 0.064109 -0.087172
v 0.051763 0.064193 -0.087172
v 0.051763 0.064139 -0.087172
v 0.058908 0.071341 -0.094318
v 0.058908 0.071280 -0.094318
v 0.066053 0.071338 -0.094318
v 0.066053 0.071284 -0.094318
v 0.066053 0.071341 -0.087172
v 0.066053 0.071280 -0.087172
v 0.058908 0.071338 -0.087172
v 0.058908 0.071284 -0.087172
v 0.051763 0.071341 -0.122900
v 0.051763 0.071280 -0.122900
v 0.058908 0.071338 -0.122900
v 0.058908 0.071284 -0.122900
v 0.058908 0.071341 -0.115755
v 0.058908 0.071280 -0.115755
v 0.051763 0.071338 -0.115755
v 0.051763 0.071284 -0.115755
v 0.016034 0.071341 -0.094318
v 0.016034 0.071280 -0.094318
v 0.023180 0.071338 -0.094318
v 0.023180 0.071284 -0.094318
v 0.023180 0.071341 -0.087172
v 0.023180 0.071280 -0.087172
v 0.016034 0.071338 -0.087172
v 0.016034 0.071284 -0.087172
v 0.023180 0.071341 -0.122900
v 0.023180 0.071280 -0.122900
v 0.030326 0.071338 -0.122900
v 0.030326 0.071284 -0.122900
v 0.030326 0.071341 -0.115755
v 0.030326 0.071280 -0.115755
v 0.023180 0.071338 -0.115755
v 0.023180 0.071284 -0.115755
v 0.066053 0.078521 -0.115755
v 0.066053 0.078393 -0.115755
v 0.058908 0.078521 -0.094318
v 0.058908 0.078393 -0.094318
v 0.058908 0.078511 -0.115755
v 0.058908 0.078403 -0.115755
v 0.066053 0.078511 -0.094318
v 0.066053 0.078403 -0.094318
v 0.023180 0.078511 -0.115755
v 0.023180 0.078403 -0.115755
v 0.023180 0.078521 -0.094318
v 0.023180 0.078393 -0.094318
v 0.016034 0.078521 -0.115755
v 0.016034 0.078393 -0.115755
v 0.016034 0.078511 -0.094318
v 0.016034 0.078403 -0.094318
v 0.030326 0.071311 -0.122831
v 0.030326 0.071311 -0.122969
v 0.051763 0.071311 -0.122846
v 0.051763 0.071311 -0.122954
v 0.051763 0.064166 -0.122836
v 0.051763 0.064166 -0.122964
v 0.030326 0.064166 -0.122846
v 0.030326 0.064166 -0.122954
v 0.051763 0.092749 -0.122831
v 0.051763 0.092749 -0.122969
v 0.058908 0.071311 -0.122836
v 0.058908 0.071311 -0.122964
v 0.058908 0.092749 -0.122846
v 0.058908 0.092749 -0.122954
v 0.030326 0.092749 -0.122836
v 0.030326 0.092749 -0.122964
v 0.023180 0.071311 -0.122836
v 0.023180 0.071311 -0.122964
v 0.023180 0.092749 -0.122846
v 0.023180 0.092749 -0.122954
v 0.051763 0.099894 -0.122836
v 0.051763 0.099894 -0.122964
v 0.030326 0.099894 -0.122846
v 0.030326 0.099894 -0.122954
v 0.058908 0.071311 -0.115725
v 0.058908 0.071311 -0.115786
v 0.051763 0.064166 -0.115725
v 0.051763 0.064166 -0.115786
v 0.051763 0.071311 -0.115728
v 0.051763 0.071311 -0.115782
v 0.058908 0.064166 -0.115728
v 0.058908 0.064166 -0.115782
v 0.058908 0.099894 -0.115725
v 0.058908 0.099894 -0.115786
v 0.051763 0.092749 -0.115725
v 0.051763 0.092749 -0.115786
v 0.051763 0.099894 -0.115728
v 0.051763 0.099894 -0.115782
v 0.058908 0.092749 -0.115728
v 0.058908 0.092749 -0.115782
v 0.030326 0.071311 -0.115725
v 0.030326 0.071311 -0.115786
v 0.023180 0.064166 -0.115725
v 0.023180 0.064166 -0.115786
v 0.023180 0.071311 -0.115728
v 0.023180 0.071311 -0.115782
v 0.030326 0.064166 -0.115728
v 0.030326 0.064166 -0.115782
v 0.030326 0.099894 -0.115725
v 0.030326 0.099894 -0.115786
v 0.023180 0.092749 -0.115725
v 0.023180 0.092749 -0.115786
v 0.023180 0.099894 -0.115728
v 0.023180 0.099894 -0.115782
v 0.030326 0.092749 -0.115728
v 0.030326 0.092749 -0.115782
v 0.044617 0.064166 -0.115725
v 0.044617 0.064166 -0.115786
v 0.037472 0.057020 -0.115725
v 0.037472 0.057020 -0.115786
v 0.037472 0.064166 -0.115728
v 0.037472 0.064166 -0.115782
v 0.044617 0.057020 -0.115728
v 0.044617 0.057020 -0.115782
v 0.044617 0.107040 -0.115725
v 0.044617 0.107040 -0.115786
v 0.037472 0.099894 -0.115725
v 0.037472 0.099894 -0.115786
v 0.037472 0.107040 -0.115728
v 0.037472 0.107040 -0.115782
v 0.044617 0.099894 -0.115728
v 0.044617 0.099894 -0.115782
v 0.066053 0.085603 -0.115725
v 0.066053 0.085603 -0.115786
v 0.058908 0.078457 -0.115725
v 0.058908 0.078457 -0.115786
v 0.058908 0.085603 -0.115728
v 0.058908 0.085603 -0.115782
v 0.066053 0.078457 -0.115728
v 0.066053 0.078457 -0.115782
v 0.023180 0.085603 -0.115725
v 0.023180 0.085603 -0.115786
v 0.016034 0.078457 -0.115725
v 0.016034 0.078457 -0.115786
v 0.016034 0.085603 -0.115728
v 0.016034 0.085603 -0.115782
v 0.023180 0.078457 -0.115728
v 0.023180 0.078457 -0.115782
v 0.066053 0.078457 -0.094288
v 0.066053 0.078457 -0.094349
v 0.058908 0.071311 -0.094288
v 0.058908 0.071311 -0.094349
v 0.058908 0.078457 -0.094291
v 0.058908 0.078457 -0.094345
v 0.066053 0.071311 -0.094291
v 0.066053 0.071311 -0.094345
v 0.051763 0.064166 -0.094288
v 0.051763 0.064166 -0.094349
v 0.044617 0.057020 -0.094288
v 0.044617 0.057020 -0.094349
v 0.044617 0.064166 -0.094291
v 0.044617 0.064166 -0.094345
v 0.051763 0.057020 -0.094291
v 0.051763 0.057020 -0.094345
v 0.066053 0.092749 -0.094288
v 0.066053 0.092749 -0.094349
v 0.058908 0.085603 -0.094288
v 0.058908 0.085603 -0.094349
v 0.058908 0.092749 -0.094291
v 0.058908 0.092749 -0.094345
v 0.066053 0.085603 -0.094291
v 0.066053 0.085603 -0.094345
v 0.051763 0.107040 -0.094288
v 0.051763 0.107040 -0.094349
v 0.044617 0.099894 -0.094288
v 0.044617 0.099894 -0.094349
v 0.044617 0.107040 -0.094291
v 0.044617 0.107040 -0.094345
v 0.051763 0.099894 -0.094291
v 0.051763 0.099894 -0.094345
v 0.037472 0.064166 -0.094288
v 0.037472 0.064166 -0.094349
v 0.030326 0.057020 -0.094288
v 0.030326 0.057020 -0.094349
v 0.030326 0.064166 -0.094291
v 0.030326 0.064166 -0.094345
v 0.037472 0.057020 -0.094291
v 0.037472 0.057020 -0.094345
v 0.023180 0.078457 -0.094288
v 0.023180 0.078457 -0.094349
v 0.016034 0.071311 -0.094288
v 0.016034 0.071311 -0.094349
v 0.016034 0.078457 -0.094291
v 0.016034 0.078457 -0.094345
v 0.023180 0.071311 -0.094291
v 0.023180 0.071311 -0.094345
v 0.037472 0.107040 -0.094288
v 0.037472 0.107040 -0.094349
v 0.030326 0.099894 -0.094288
v 0.030326 0.099894 -0.094349
v 0.030326 0.107040 -0.094291
v 0.030326 0.107040 -0.094345
v 0.037472 0.099894 -0.094291
v 0.037472 0.099894 -0.094345
v 0.023180 0.092749 -0.094288
v 0.023180 0.092749 -0.094349
v 0.016034 0.085603 -0.094288
v 0.016034 0.085603 -0.094349
v 0.016034 0.092749 -0.094291
v 0.016034 0.092749 -0.094345
v 0.023180 0.085603 -0.094291
v 0.023180 0.085603 -0.094345
v 0.043413 0.074679 -0.130910
v 0.043451 0.074679 -0.130910
v 0.043414 0.069692 -0.133088
v 0.043450 0.069692 -0.133088
v 0.043417 0.074679 -0.133088
v 0.043447 0.074679 -0.133088
v 0.043415 0.069692 -0.128732
v 0.043449 0.069692 -0.128732
v 0.043421 0.074679 -0.135182
v 0.043443 0.074679 -0.135182
v 0.043419 0.078643 -0.135182
v 0.043445 0.078643 -0.135182
v 0.043415 0.072082 -0.126235
v 0.043449 0.072082 -0.126235
v 0.043418 0.074679 -0.126235
v 0.043446 0.074679 -0.126235
v 0.043409 0.067303 -0.122006
v 0.043455 0.067303 -0.122006
v 0.043415 0.067303 -0.128732
v 0.043449 0.067303 -0.128732
v 0.043415 0.072082 -0.122006
v 0.043449 0.072082 -0.122006
v 0.043417 0.080877 -0.133088
v 0.043447 0.080877 -0.133088
v 0.043416 0.080877 -0.130910
v 0.043448 0.080877 -0.130910
v 0.043417 0.082031 -0.137526
v 0.043447 0.082031 -0.137526
v 0.043421 0.078643 -0.137526
v 0.043443 0.078643 -0.137526
v 0.043424 0.082031 -0.133088
v 0.043440 0.082031 -0.133088
v 0.043417 0.083183 -0.133088
v 0.043447 0.083183 -0.133088
v 0.043419 0.085417 -0.135182
v 0.043445 0.085417 -0.135182
v 0.043421 0.085417 -0.137526
v 0.043443 0.085417 -0.137526
v 0.043417 0.089380 -0.133088
v 0.043447 0.089380 -0.133088
v 0.043421 0.089380 -0.135182
v 0.043443 0.089380 -0.135182
v 0.043413 0.089380 -0.130910
v 0.043451 0.089380 -0.130910
v 0.043416 0.083183 -0.130910
v 0.043448 0.083183 -0.130910
v 0.043414 0.094368 -0.133088
v 0.043450 0.094368 -0.133088
v 0.043415 0.094368 -0.128732
v 0.043449 0.094368 -0.128732
v 0.043415 0.091978 -0.126235
v 0.043449 0.091978 -0.126235
v 0.043418 0.089380 -0.126235
v 0.043446 0.089380 -0.126235
v 0.043409 0.096757 -0.122006
v 0.043455 0.096757 -0.122006
v 0.043415 0.091978 -0.122006
v 0.043449 0.091978 -0.122006
v 0.043415 0.096757 -0.128732
v 0.043449 0.096757 -0.128732
v 0.038655 0.096732 -0.122006
v 0.038655 0.096782 -0.122006
v 0.043432 0.096732 -0.128732
v 0.043432 0.096782 -0.128732
v 0.038655 0.096735 -0.128732
v 0.038655 0.096779 -0.128732
v 0.043432 0.096735 -0.122006
v 0.043432 0.096779 -0.122006
v 0.043432 0.094348 -0.133088
v 0.043432 0.094387 -0.133088
v 0.038655 0.094351 -0.133088
v 0.038655 0.094385 -0.133088
v 0.038655 0.094348 -0.128732
v 0.038655 0.094387 -0.128732
v 0.043432 0.094351 -0.128732
v 0.043432 0.094385 -0.128732
v 0.043432 0.089365 -0.135182
v 0.043432 0.089395 -0.135182
v 0.038655 0.089367 -0.135182
v 0.038655 0.089393 -0.135182
v 0.038655 0.089365 -0.133088
v 0.038655 0.089395 -0.133088
v 0.043432 0.089367 -0.133088
v 0.043432 0.089393 -0.133088
v 0.043432 0.085401 -0.137526
v 0.043432 0.085433 -0.137526
v 0.038655 0.085404 -0.137526
v 0.038655 0.085430 -0.137526
v 0.038655 0.085401 -0.135182
v 0.038655 0.085433 -0.135182
v 0.043432 0.085404 -0.135182
v 0.043432 0.085430 -0.135182
v 0.038655 0.080862 -0.133088
v 0.038655 0.080892 -0.133088
v 0.043432 0.080862 -0.130910
v 0.043432 0.080892 -0.130910
v 0.043432 0.080864 -0.133088
v 0.043432 0.080890 -0.133088
v 0.038655 0.080864 -0.130910
v 0.038655 0.080890 -0.130910
v 0.043432 0.074659 -0.130910
v 0.043432 0.074699 -0.130910
v 0.038655 0.074661 -0.130910
v 0.038655 0.074697 -0.130910
v 0.038655 0.074659 -0.126235
v 0.038655 0.074699 -0.126235
v 0.043432 0.074661 -0.126235
v 0.043432 0.074697 -0.126235
v 0.043432 0.072065 -0.126235
v 0.043432 0.072099 -0.126235
v 0.038655 0.072063 -0.126235
v 0.038655 0.072101 -0.126235
v 0.043432 0.072063 -0.122006
v 0.043432 0.072101 -0.122006
v 0.038655 0.072065 -0.122006
v 0.038655 0.072099 -0.122006
v 0.043432 0.074679 -0.126249
v 0.043432 0.074679 -0.126221
v 0.038655 0.074679 -0.126251
v 0.038655 0.074679 -0.126219
v 0.043432 0.072082 -0.126251
v 0.043432 0.072082 -0.126219
v 0.038655 0.072082 -0.126249
v 0.038655 0.072082 -0.126221
v 0.038655 0.089380 -0.126251
v 0.038655 0.089380 -0.126219
v 0.043432 0.089380 -0.126249
v 0.043432 0.089380 -0.126221
v 0.043432 0.091978 -0.126251
v 0.043432 0.091978 -0.126219
v 0.038655 0.091978 -0.126249
v 0.038655 0.091978 -0.126221
v 0.038655 0.074679 -0.130931
v 0.038655 0.074679 -0.130889
v 0.043432 0.074679 -0.130933
v 0.043432 0.074679 -0.130886
v 0.038655 0.080877 -0.130933
v 0.038655 0.080877 -0.130886
v 0.043432 0.080877 -0.130931
v 0.043432 0.080877 -0.130889
v 0.038655 0.083183 -0.130933
v 0.038655 0.083183 -0.130886
v 0.043432 0.083183 -0.130931
v 0.043432 0.083183 -0.130889
v 0.043432 0.089380 -0.130933
v 0.043432 0.089380 -0.130886
v 0.038655 0.089380 -0.130931
v 0.038655 0.089380 -0.130889
v 0.043432 0.082031 -0.133097
v 0.043432 0.082031 -0.133079
v 0.038655 0.082031 -0.133101
v 0.038655 0.082031 -0.133075
v 0.043432 0.080877 -0.133102
v 0.043432 0.080877 -0.133074
v 0.038655 0.080877 -0.133099
v 0.038655 0.080877 -0.133077
v 0.043432 0.083183 -0.133102
v 0.043432 0.083183 -0.133074
v 0.038655 0.083183 -0.133099
v 0.038655 0.083183 -0.133077
v 0.038672 0.069692 -0.128732
v 0.038638 0.069692 -0.128732
v 0.038674 0.074679 -0.130910
v 0.038636 0.074679 -0.130910
v 0.038673 0.069692 -0.133088
v 0.038637 0.069692 -0.133088
v 0.038670 0.074679 -0.133088
v 0.038640 0.074679 -0.133088
v 0.038672 0.072082 -0.126235
v 0.038638 0.072082 -0.126235
v 0.038669 0.074679 -0.126235
v 0.038641 0.074679 -0.126235
v 0.038678 0.067303 -0.122006
v 0.038632 0.067303 -0.122006
v 0.038672 0.072082 -0.122006
v 0.038638 0.072082 -0.122006
v 0.038672 0.067303 -0.128732
v 0.038638 0.067303 -0.128732
v 0.038670 0.080877 -0.133088
v 0.038640 0.080877 -0.133088
v 0.038671 0.080877 -0.130910
v 0.038639 0.080877 -0.130910
v 0.038668 0.078643 -0.135182
v 0.038642 0.078643 -0.135182
v 0.038666 0.074679 -0.135182
v 0.038644 0.074679 -0.135182
v 0.038670 0.082031 -0.137526
v 0.038640 0.082031 -0.137526
v 0.038666 0.078643 -0.137526
v 0.038644 0.078643 -0.137526
v 0.038663 0.082031 -0.133088
v 0.038647 0.082031 -0.133088
v 0.038670 0.083183 -0.133088
v 0.038640 0.083183 -0.133088
v 0.038668 0.085417 -0.135182
v 0.038642 0.085417 -0.135182
v 0.038666 0.085417 -0.137526
v 0.038644 0.085417 -0.137526
v 0.038670 0.089380 -0.133088
v 0.038640 0.089380 -0.133088
v 0.038666 0.089380 -0.135182
v 0.038644 0.089380 -0.135182
v 0.038674 0.089380 -0.130910
v 0.038636 0.089380 -0.130910
v 0.038671 0.083183 -0.130910
v 0.038639 0.083183 -0.130910
v 0.038673 0.094368 -0.133088
v 0.038637 0.094368 -0.133088
v 0.038672 0.094368 -0.128732
v 0.038638 0.094368 -0.128732
v 0.038672 0.091978 -0.126235
v 0.038638 0.091978 -0.126235
v 0.038669 0.089380 -0.126235
v 0.038641 0.089380 -0.126235
v 0.038678 0.096757 -0.122006
v 0.038632 0.096757 -0.122006
v 0.038672 0.096757 -0.128732
v 0.038638 0.096757 -0.128732
v 0.038672 0.091978 -0.122006
v 0.038638 0.091978 -0.122006
v 0.038655 0.067325 -0.128732
v 0.038655 0.067281 -0.128732
v 0.043432 0.067328 -0.128732
v 0.043432 0.067278 -0.128732
v 0.038655 0.067328 -0.122006
v 0.038655 0.067278 -0.122006
v 0.043432 0.067325 -0.122006
v 0.043432 0.067281 -0.122006
v 0.043432 0.069711 -0.133088
v 0.043432 0.069672 -0.133088
v 0.038655 0.069711 -0.128732
v 0.038655 0.069672 -0.128732
v 0.038655 0.069709 -0.133088
v 0.038655 0.069675 -0.133088
v 0.043432 0.069709 -0.128732
v 0.043432 0.069675 -0.128732
v 0.043432 0.074694 -0.135182
v 0.043432 0.074664 -0.135182
v 0.038655 0.074694 -0.133088
v 0.038655 0.074664 -0.133088
v 0.038655 0.074692 -0.135182
v 0.038655 0.074666 -0.135182
v 0.043432 0.074692 -0.133088
v 0.043432 0.074666 -0.133088
v 0.043432 0.078659 -0.137526
v 0.043432 0.078627 -0.137526
v 0.038655 0.078659 -0.135182
v 0.038655 0.078627 -0.135182
v 0.038655 0.078656 -0.137526
v 0.038655 0.078630 -0.137526
v 0.043432 0.078656 -0.135182
v 0.043432 0.078630 -0.135182
v 0.038655 0.083198 -0.133088
v 0.038655 0.083168 -0.133088
v 0.043432 0.083196 -0.133088
v 0.043432 0.083170 -0.133088
v 0.043432 0.083198 -0.130910
v 0.043432 0.083168 -0.130910
v 0.038655 0.083196 -0.130910
v 0.038655 0.083170 -0.130910
v 0.038655 0.089400 -0.130910
v 0.038655 0.089360 -0.130910
v 0.043432 0.089398 -0.130910
v 0.043432 0.089362 -0.130910
v 0.043432 0.089400 -0.126235
v 0.043432 0.089360 -0.126235
v 0.038655 0.089398 -0.126235
v 0.038655 0.089362 -0.126235
v 0.043432 0.091995 -0.126235
v 0.043432 0.091961 -0.126235
v 0.043432 0.091997 -0.122006
v 0.043432 0.091959 -0.122006
v 0.038655 0.091997 -0.126235
v 0.038655 0.091959 -0.126235
v 0.038655 0.091995 -0.122006
v 0.038655 0.091961 -0.122006
v 0.038655 0.082031 -0.137512
v 0.038655 0.082031 -0.137540
v 0.043432 0.082031 -0.137509
v 0.043432 0.082031 -0.137543
v 0.038655 0.078643 -0.137508
v 0.038655 0.078643 -0.137544
v 0.043432 0.078643 -0.137511
v 0.043432 0.078643 -0.137541
v 0.038655 0.085417 -0.137508
v 0.038655 0.085417 -0.137544
v 0.043432 0.085417 -0.137511
v 0.043432 0.085417 -0.137541
v 0.043432 0.078643 -0.135163
v 0.043432 0.078643 -0.135201
v 0.038655 0.074679 -0.135163
v 0.038655 0.074679 -0.135201
v 0.038655 0.078643 -0.135166
v 0.038655 0.078643 -0.135198
v 0.043432 0.074679 -0.135166
v 0.043432 0.074679 -0.135198
v 0.043432 0.089380 -0.135166
v 0.043432 0.089380 -0.135198
v 0.043432 0.085417 -0.135163
v 0.043432 0.085417 -0.135201
v 0.038655 0.089380 -0.135163
v 0.038655 0.089380 -0.135201
v 0.038655 0.085417 -0.135166
v 0.038655 0.085417 -0.135198
v 0.038655 0.094368 -0.133070
v 0.038655 0.094368 -0.133106
v 0.043432 0.094368 -0.133067
v 0.043432 0.094368 -0.133109
v 0.038655 0.089380 -0.133067
v 0.038655 0.089380 -0.133109
v 0.043432 0.089380 -0.133070
v 0.043432 0.089380 -0.133106
v 0.043432 0.074679 -0.133067
v 0.043432 0.074679 -0.133109
v 0.038655 0.069692 -0.133067
v 0.038655 0.069692 -0.133109
v 0.038655 0.074679 -0.133070
v 0.038655 0.074679 -0.133106
v 0.043432 0.069692 -0.133070
v 0.043432 0.069692 -0.133106
v 0.038655 0.069692 -0.128716
v 0.038655 0.069692 -0.128748
v 0.043432 0.069692 -0.128719
v 0.043432 0.069692 -0.128745
v 0.043432 0.067303 -0.128716
v 0.043432 0.067303 -0.128748
v 0.038655 0.067303 -0.128719
v 0.038655 0.067303 -0.128745
v 0.043432 0.096757 -0.128716
v 0.043432 0.096757 -0.128748
v 0.038655 0.094368 -0.128716
v 0.038655 0.094368 -0.128748
v 0.038655 0.096757 -0.128719
v 0.038655 0.096757 -0.128745
v 0.043432 0.094368 -0.128719
v 0.043432 0.094368 -0.128745
v 0.394640 0.133079 0.039491
v 0.394640 0.159125 0.039477
v 0.394640 0.159111 0.065522
v 0.394640 0.132920 0.039650
v 0.394640 0.158952 0.065681
v 0.394640 0.132906 0.065695
v 0.394640 0.133079 -0.066177
v 0.394640 0.159125 -0.066191
v 0.394640 0.159111 -0.040146
v 0.394640 0.132920 -0.066018
v 0.394640 0.158952 -0.039987
v 0.394640 0.132906 -0.039973
v 0.368223 0.186372 -0.013284
v 0.368223 0.238325 -0.013308
v 0.368223 0.238301 0.012681
v 0.368223 0.185813 -0.013177
v 0.368223 0.237742 0.012788
v 0.368223 0.185789 0.012812
v 0.368223 0.159496 -0.066177
v 0.368223 0.185541 -0.066191
v 0.368223 0.185527 -0.040146
v 0.368223 0.159337 -0.066018
v 0.368223 0.185368 -0.039987
v 0.368223 0.159323 -0.039973
v 0.368223 0.159496 0.039491
v 0.368223 0.185541 0.039477
v 0.368223 0.185527 0.065522
v 0.368223 0.159337 0.039650
v 0.368223 0.185368 0.065681
v 0.368223 0.159323 0.065695
v 0.341805 0.211942 0.039493
v 0.341805 0.211944 0.065522
v 0.341805 0.185904 0.039487
v 0.341805 0.185749 0.039642
v 0.341805 0.211785 0.065681
v 0.341805 0.185739 0.065695
v 0.341805 0.185786 0.013313
v 0.341805 0.211778 0.039263
v 0.341805 0.185749 0.039269
v 0.341805 0.212057 0.039215
v 0.341805 0.185992 0.013107
v 0.341805 0.238191 0.013078
v 0.341805 0.238357 0.013244
v 0.341805 0.238375 0.039279
v 0.341805 0.212336 0.039263
v 0.341805 0.238590 -0.012959
v 0.341805 0.251345 0.012875
v 0.341805 0.238591 0.012844
v 0.341805 0.251409 -0.013383
v 0.341805 0.251397 0.012591
v 0.341805 0.238660 -0.013341
v 0.341805 0.238358 -0.013737
v 0.341805 0.212336 -0.039759
v 0.341805 0.238375 -0.039775
v 0.341805 0.212057 -0.039711
v 0.341805 0.238194 -0.013573
v 0.341805 0.185992 -0.013603
v 0.341805 0.211778 -0.039759
v 0.341805 0.185786 -0.013809
v 0.341805 0.185749 -0.039765
v 0.341805 0.185904 -0.039983
v 0.341805 0.211944 -0.066018
v 0.341805 0.211942 -0.039989
v 0.341805 0.211785 -0.066177
v 0.341805 0.185749 -0.040138
v 0.341805 0.185739 -0.066191
v 0.156888 0.238177 -0.065993
v 0.156888 0.238107 0.062093
v 0.156888 0.212504 -0.065924
v 0.156888 0.212424 -0.062589
v 0.156888 0.238027 0.065427
v 0.156888 0.212354 0.065497
v 0.156888 0.185442 -0.039676
v 0.156888 0.185403 0.037920
v 0.156888 0.159552 -0.039638
v 0.156888 0.159461 -0.038417
v 0.156888 0.185312 0.039141
v 0.156888 0.159422 0.039180
v -0.054448 0.236007 -0.065890
v -0.054448 0.159448 -0.040185
v -0.054448 0.159422 -0.066092
v -0.054448 0.237385 -0.065505
v -0.054448 0.159485 0.038596
v -0.054448 0.159448 -0.039712
v -0.054448 0.159650 0.039245
v -0.054448 0.238074 -0.065089
v -0.054448 0.238105 0.065283
v -0.054448 0.236203 0.065425
v -0.054448 0.159422 0.065596
v -0.054448 0.159485 0.039740
v -0.054448 0.159000 -0.038491
v -0.054448 0.158963 0.039117
v -0.054448 0.133135 0.039141
v -0.054448 0.133044 0.037921
v -0.054448 0.133005 -0.039676
v -0.054448 0.158913 -0.039650
v -0.160116 0.212271 -0.038966
v -0.160116 0.238304 0.012933
v -0.160116 0.212269 0.038867
v -0.160116 0.264540 0.039232
v -0.160116 0.212568 0.039166
v -0.160116 0.238474 0.013159
v -0.160116 0.264746 0.039026
v -0.160116 0.238812 0.013101
v -0.160116 0.264793 0.013060
v -0.160116 0.238334 0.012368
v -0.160116 0.212839 -0.038789
v -0.160116 0.238354 -0.013407
v -0.160116 0.212574 -0.039660
v -0.160116 0.264540 -0.039728
v -0.160116 0.238474 -0.013626
v -0.160116 0.238763 -0.013577
v -0.160116 0.264746 -0.039522
v -0.160116 0.264793 -0.013556
v -0.239169 0.264892 0.039180
v -0.161573 0.264892 0.039141
v -0.239130 0.264892 0.013289
v -0.160314 0.264892 0.013159
v -0.237910 0.264892 0.013197
v -0.160353 0.264892 0.039050
v -0.239169 0.264892 -0.013655
v -0.161573 0.264892 -0.013694
v -0.239130 0.264892 -0.039546
v -0.160314 0.264892 -0.039676
v -0.237910 0.264892 -0.039638
v -0.160353 0.264892 -0.013785
v 0.341706 0.251483 -0.013358
v 0.315660 0.251483 -0.013344
v 0.341692 0.251483 0.012689
v 0.315501 0.251483 -0.013185
v 0.315487 0.251483 0.012862
v 0.341533 0.251483 0.012848
v 0.341706 0.238474 -0.039775
v 0.315660 0.238474 -0.039761
v 0.341692 0.238474 -0.013729
v 0.315501 0.238474 -0.039602
v 0.315512 0.238474 -0.013581
v 0.341533 0.238474 -0.013570
v 0.368124 0.238474 -0.013358
v 0.342077 0.238474 -0.013344
v 0.368110 0.238474 0.012689
v 0.341918 0.238474 -0.013185
v 0.341904 0.238474 0.012862
v 0.367951 0.238474 0.012848
v 0.341706 0.238474 0.013060
v 0.315733 0.238474 0.013104
v 0.341692 0.238474 0.039106
v 0.315531 0.238474 0.013306
v 0.315487 0.238474 0.039279
v 0.341533 0.238474 0.039265
v 0.315264 0.238474 -0.013333
v 0.263288 0.238474 -0.013284
v 0.315245 0.238474 0.012730
v 0.262705 0.238474 0.012812
v 0.314783 0.238474 0.012818
v 0.262729 0.238474 -0.013177
v -0.054815 0.238474 0.062093
v -0.054745 0.238474 -0.065993
v -0.080419 0.238474 -0.065924
v -0.080500 0.238474 -0.062589
v -0.080569 0.238474 0.065497
v -0.054895 0.238474 0.065427
v 0.156521 0.238474 0.062093
v 0.156591 0.238474 -0.065993
v 0.130918 0.238474 -0.065924
v 0.130838 0.238474 -0.062589
v 0.130768 0.238474 0.065497
v 0.156441 0.238474 0.065427
v -0.265595 0.238474 -0.039071
v -0.265605 0.238474 0.038946
v -0.239604 0.238474 0.012922
v -0.239466 0.238474 0.039279
v -0.239562 0.238474 0.013432
v -0.265352 0.238474 0.039199
v -0.265092 0.238474 -0.038914
v -0.239562 0.238474 0.012135
v -0.239526 0.238474 -0.013391
v -0.239526 0.238474 -0.013841
v -0.239466 0.238474 -0.039775
v -0.265327 0.238474 -0.039685
v -0.239172 0.238474 0.012690
v -0.161573 0.238474 -0.013221
v -0.239208 0.238474 -0.013298
v -0.160353 0.238474 -0.013129
v -0.238165 0.238474 0.012766
v -0.160314 0.238474 0.012763
v 0.314645 0.212057 -0.039762
v 0.160380 0.212057 -0.065155
v 0.262556 0.212057 -0.013726
v 0.263574 0.212057 -0.013697
v 0.315239 0.212057 -0.013606
v 0.315156 0.212057 -0.039498
v 0.341054 0.212057 -0.065979
v 0.163485 0.212057 -0.065744
v 0.315308 0.212057 -0.040123
v 0.341494 0.212057 -0.065540
v 0.315949 0.212057 -0.040106
v 0.341706 0.212057 -0.039973
v 0.162059 0.212057 -0.063094
v 0.262265 0.212057 0.012378
v 0.262316 0.212057 -0.013308
v 0.262004 0.212057 0.012911
v 0.157434 0.212057 -0.065198
v 0.157447 0.212057 0.064890
v 0.160460 0.212057 0.064632
v 0.314645 0.212057 0.039266
v 0.262556 0.212057 0.013287
v 0.263790 0.212057 0.013252
v 0.315156 0.212057 0.039002
v 0.315239 0.212057 0.013110
v 0.315308 0.212057 0.039627
v 0.163637 0.212057 0.065235
v 0.341054 0.212057 0.065483
v 0.341494 0.212057 0.065044
v 0.341706 0.212057 0.039477
v 0.315949 0.212057 0.039610
v -0.266025 0.212057 0.037893
v -0.266007 0.212057 -0.039651
v -0.291873 0.212057 -0.039638
v -0.291965 0.212057 -0.038417
v -0.292003 0.212057 0.039180
v -0.266118 0.212057 0.039137
v -0.265561 0.212057 -0.040097
v -0.163220 0.212057 -0.040256
v -0.265384 0.212057 -0.065777
v -0.083951 0.212057 -0.065789
v -0.262532 0.212057 -0.065890
v -0.160131 0.212057 -0.040272
v -0.081367 0.212057 -0.065595
v -0.159492 0.212057 -0.039679
v -0.081365 0.212057 0.064296
v -0.159734 0.212057 -0.038728
v -0.159762 0.212057 0.039123
v -0.082225 0.212057 0.064815
v -0.265384 0.212057 0.065281
v -0.162990 0.212057 0.039732
v -0.265543 0.212057 0.039619
v -0.262532 0.212057 0.065394
v -0.083943 0.212057 0.065295
v -0.160130 0.212057 0.039746
v 0.368124 0.185640 -0.066191
v 0.342077 0.185640 -0.066177
v 0.368110 0.185640 -0.040146
v 0.341918 0.185640 -0.066018
v 0.341904 0.185640 -0.039973
v 0.367951 0.185640 -0.039987
v -0.265883 0.185640 -0.066191
v -0.291929 0.185640 -0.066177
v -0.265897 0.185640 -0.040146
v -0.292088 0.185640 -0.066018
v -0.292102 0.185640 -0.039973
v -0.266056 0.185640 -0.039987
v -0.265883 0.185640 0.039477
v -0.291929 0.185640 0.039491
v -0.265897 0.185640 0.065522
v -0.292088 0.185640 0.039650
v -0.292102 0.185640 0.065695
v -0.266056 0.185640 0.065681
v 0.368124 0.185640 0.039477
v 0.342077 0.185640 0.039491
v 0.368110 0.185640 0.065522
v 0.341918 0.185640 0.039650
v 0.341904 0.185640 0.065695
v 0.367951 0.185640 0.065681
v -0.054052 0.159224 -0.040270
v 0.123468 0.159224 -0.040372
v -0.053950 0.159224 -0.065716
v 0.130075 0.159224 -0.065894
v -0.047445 0.159224 -0.065792
v 0.129973 0.159224 -0.040448
v 0.394541 0.159224 -0.066191
v 0.368495 0.159224 -0.066177
v 0.394527 0.159224 -0.040146
v 0.368336 0.159224 -0.066018
v 0.368322 0.159224 -0.039973
v 0.394368 0.159224 -0.039987
v 0.394541 0.159224 0.039477
v 0.368495 0.159224 0.039491
v 0.394527 0.159224 0.065522
v 0.368336 0.159224 0.039650
v 0.368322 0.159224 0.065695
v 0.394368 0.159224 0.065681
v -0.054052 0.159224 0.065398
v 0.123468 0.159224 0.065296
v -0.053950 0.159224 0.039952
v 0.130075 0.159224 0.039774
v -0.047445 0.159224 0.039876
v 0.129973 0.159224 0.065220
v 0.130456 0.158438 0.065794
v -0.257092 0.133903 0.065794
v 0.375541 0.133760 0.065794
v 0.368884 0.158950 0.065794
v 0.393687 0.135107 0.065794
v 0.394541 0.159125 0.065794
v 0.368110 0.158950 0.065794
v 0.146185 0.158440 0.065794
v 0.392079 0.134020 0.065794
v 0.341672 0.185253 0.065794
v 0.143060 0.160008 0.065794
v 0.367562 0.159498 0.065794
v 0.367949 0.159885 0.065794
v 0.368124 0.185541 0.065794
v 0.342692 0.185273 0.065794
v 0.131827 0.160183 0.065794
v 0.339037 0.185664 0.065794
v 0.157100 0.211652 0.065794
v 0.341409 0.211661 0.065794
v 0.162107 0.211686 0.065794
v 0.341438 0.186064 0.065794
v 0.130650 0.238042 0.065794
v 0.131255 0.162544 0.065794
v 0.156437 0.211984 0.065794
v 0.156517 0.212952 0.065794
v 0.156789 0.238375 0.065794
v 0.130903 0.238295 0.065794
v -0.246922 0.136735 0.065794
v 0.105367 0.158440 0.065794
v -0.054416 0.158642 0.065794
v -0.290320 0.134119 0.065794
v -0.059409 0.159258 0.065794
v -0.265562 0.185226 0.065794
v -0.291105 0.137450 0.065794
v -0.266405 0.185256 0.065794
v -0.292052 0.185491 0.065794
v -0.262893 0.185665 0.065794
v -0.055454 0.159936 0.065794
v -0.081078 0.211652 0.065794
v -0.086085 0.211686 0.065794
v -0.265388 0.211661 0.065794
v -0.265400 0.186082 0.065794
v -0.054627 0.238042 0.065794
v -0.080415 0.211984 0.065794
v -0.055030 0.161687 0.065794
v -0.080495 0.212952 0.065794
v -0.054880 0.238295 0.065794
v -0.080767 0.238375 0.065794
v -0.291929 0.185753 0.039378
v -0.265883 0.185739 0.039378
v -0.265946 0.211665 0.039378
v -0.292088 0.185912 0.039378
v -0.266176 0.211895 0.039378
v -0.292102 0.211958 0.039378
v -0.265622 0.212449 0.039378
v -0.239833 0.238281 0.039378
v -0.265685 0.238375 0.039378
v -0.265392 0.212219 0.039378
v -0.161980 0.212360 0.039378
v -0.239315 0.238253 0.039378
v -0.160386 0.264518 0.039378
v -0.238757 0.238474 0.039378
v -0.160419 0.212477 0.039378
v -0.239174 0.238742 0.039378
v -0.161777 0.264622 0.039378
v -0.239169 0.264694 0.039378
v 0.315660 0.212170 0.039378
v 0.341706 0.212156 0.039378
v 0.341692 0.238202 0.039378
v 0.315501 0.212329 0.039378
v 0.341533 0.238361 0.039378
v 0.315487 0.238375 0.039378
v 0.315944 0.238603 0.012961
v 0.341694 0.238585 0.012961
v 0.341719 0.251345 0.012961
v 0.315517 0.238682 0.012961
v 0.341435 0.251397 0.012961
v 0.315462 0.251409 0.012961
v 0.341978 0.186372 0.012961
v 0.367943 0.238301 0.012961
v 0.341916 0.238363 0.012961
v 0.368074 0.185789 0.012961
v 0.368050 0.237742 0.012961
v 0.342085 0.185813 0.012961
v 0.262729 0.212337 0.012961
v 0.314839 0.238345 0.012961
v 0.262705 0.238325 0.012961
v 0.263288 0.212230 0.012961
v 0.315239 0.212206 0.012961
v 0.315259 0.238264 0.012961
v -0.237910 0.238711 -0.013457
v -0.160314 0.238672 -0.013457
v -0.160353 0.264564 -0.013457
v -0.239130 0.238802 -0.013457
v -0.161573 0.264656 -0.013457
v -0.239169 0.264694 -0.013457
v 0.156892 0.158656 -0.039874
v -0.041268 0.133628 -0.039874
v 0.381910 0.133512 -0.039874
v 0.038281 0.145225 -0.039874
v 0.147821 0.158660 -0.039874
v 0.130506 0.158726 -0.039874
v -0.053627 0.133753 -0.039874
v 0.123468 0.158726 -0.039874
v -0.054052 0.158828 -0.039874
v 0.167080 0.158660 -0.039874
v 0.392720 0.133730 -0.039874
v 0.368118 0.158970 -0.039874
v 0.368837 0.158970 -0.039874
v 0.393935 0.134509 -0.039874
v 0.394541 0.159125 -0.039874
v 0.341661 0.185207 -0.039874
v 0.164831 0.159788 -0.039874
v 0.367609 0.159478 -0.039874
v 0.157452 0.159875 -0.039874
v 0.336060 0.185232 -0.039874
v 0.157284 0.185244 -0.039874
v 0.342791 0.185232 -0.039874
v 0.367969 0.159838 -0.039874
v 0.368124 0.185541 -0.039874
v -0.292201 0.134245 -0.065951
v -0.292201 0.185434 -0.040207
v -0.292201 0.185491 -0.066141
v -0.292201 0.133566 -0.065531
v -0.292201 0.185408 0.038395
v -0.292201 0.185434 -0.039747
v -0.292201 0.133146 -0.064852
v -0.292201 0.133112 0.065301
v -0.292201 0.185329 0.039274
v -0.292201 0.185408 0.039753
v -0.292201 0.134099 0.065489
v -0.292201 0.185491 0.065645
v -0.292201 0.185846 -0.038604
v -0.292201 0.185872 0.039146
v -0.292201 0.211729 0.039141
v -0.292201 0.211859 -0.039676
v -0.292201 0.185926 -0.039668
v -0.292201 0.211820 0.037921
v -0.265784 0.211635 0.039553
v -0.265784 0.185739 0.039477
v -0.265784 0.185753 0.065522
v -0.265784 0.211882 0.039800
v -0.265784 0.185912 0.065681
v -0.265784 0.211958 0.065695
v -0.265784 0.238237 -0.038417
v -0.265784 0.212299 0.039203
v -0.265784 0.238276 0.039180
v -0.265784 0.212206 -0.039725
v -0.265784 0.212232 0.038302
v -0.265784 0.238146 -0.039638
v -0.265784 0.211944 -0.066018
v -0.265784 0.185912 -0.039987
v -0.265784 0.211908 -0.040023
v -0.265784 0.211785 -0.066177
v -0.265784 0.185739 -0.066191
v -0.265784 0.185753 -0.040146
v -0.239367 0.264620 0.013074
v -0.239367 0.238573 0.013060
v -0.239367 0.238587 0.039106
v -0.239367 0.264779 0.013233
v -0.239367 0.238746 0.039265
v -0.239367 0.264793 0.039279
v -0.239367 0.264620 -0.039761
v -0.239367 0.238573 -0.039775
v -0.239367 0.238587 -0.013729
v -0.239367 0.264779 -0.039602
v -0.239367 0.238746 -0.013570
v -0.239367 0.264793 -0.013556
v -0.080866 0.212354 -0.065993
v -0.080866 0.212424 0.062093
v -0.080866 0.238027 -0.065924
v -0.080866 0.238107 -0.062589
v -0.080866 0.212504 0.065427
v -0.080866 0.238177 0.065497
v 0.130471 0.238074 -0.065089
v 0.130471 0.159716 0.039224
v 0.130471 0.238105 0.065283
v 0.130471 0.159422 0.065596
v 0.130471 0.236203 0.065425
v 0.130471 0.159525 0.039796
v 0.130471 0.159525 0.038474
v 0.130471 0.237385 -0.065505
v 0.130471 0.159461 -0.039704
v 0.130471 0.159461 -0.040202
v 0.130471 0.236007 -0.065890
v 0.130471 0.159422 -0.066092
v 0.262556 0.238202 -0.013344
v 0.262556 0.212156 -0.013358
v 0.262556 0.212170 0.012689
v 0.262556 0.238361 -0.013185
v 0.262556 0.212329 0.012848
v 0.262556 0.238375 0.012862
v 0.315388 0.238202 -0.039761
v 0.315388 0.212156 -0.039775
v 0.315388 0.212170 -0.013729
v 0.315388 0.238361 -0.039602
v 0.315388 0.212329 -0.013570
v 0.315388 0.238387 -0.013544
v 0.315388 0.238560 -0.013371
v 0.315388 0.238573 0.012534
v 0.315388 0.251345 -0.013371
v 0.315388 0.251397 -0.013087
v 0.315388 0.238634 0.012862
v 0.315388 0.251409 0.012887
v 0.315388 0.238234 0.013060
v 0.315388 0.212156 0.013060
v 0.315388 0.212170 0.039106
v 0.315388 0.238375 0.013201
v 0.315388 0.212329 0.039265
v 0.315388 0.238375 0.039279
v 0.345163 0.132807 0.064340
v -0.268319 0.132807 0.064471
v -0.054419 0.132807 0.040490
v 0.393186 0.132807 0.064252
v -0.016735 0.132807 0.040486
v 0.393748 0.132807 0.040270
v -0.290965 0.132807 -0.064388
v -0.058638 0.132807 0.038729
v -0.290878 0.132807 0.064316
v -0.055556 0.132807 0.037673
v -0.284413 0.132807 -0.064181
v -0.055589 0.132807 -0.038852
v -0.269885 0.132807 -0.065054
v 0.345163 0.132807 -0.064836
v -0.054418 0.132807 -0.041019
v 0.393748 0.132807 -0.040766
v -0.015608 0.132807 -0.041015
v 0.393186 0.132807 -0.064748
v 0.156560 0.159224 -0.039637
v 0.130902 0.159224 0.036719
v 0.130834 0.159224 -0.039511
v 0.131070 0.159224 0.038947
v 0.156651 0.159224 -0.038417
v 0.156690 0.159224 0.039180
v -0.051614 0.159224 -0.039292
v 0.130108 0.159224 -0.039511
v 0.130040 0.159224 0.038724
v -0.053866 0.159224 -0.038992
v 0.128369 0.159224 0.038947
v -0.053953 0.159224 0.038883
v 0.165374 0.185640 -0.039271
v 0.341409 0.185640 -0.039478
v 0.341577 0.185640 -0.013719
v 0.341461 0.185640 0.012505
v 0.165542 0.185640 -0.038028
v 0.341577 0.185640 -0.013260
v 0.157491 0.185640 -0.039074
v 0.340161 0.185640 0.012849
v 0.157452 0.185640 0.038728
v 0.164820 0.185640 0.038814
v 0.341461 0.185640 0.013357
v 0.341409 0.185640 0.038982
v 0.342033 0.185640 -0.012908
v 0.367951 0.185640 0.012848
v 0.342149 0.185640 0.012617
v 0.368124 0.185640 -0.013358
v 0.368110 0.185640 0.012689
v 0.342354 0.185640 -0.013229
v -0.257092 0.133903 -0.066290
v 0.130456 0.158438 -0.066290
v 0.375541 0.133760 -0.066290
v 0.394541 0.159125 -0.066290
v 0.393687 0.135107 -0.066290
v 0.368884 0.158950 -0.066290
v 0.146185 0.158440 -0.066290
v 0.368110 0.158950 -0.066290
v 0.392079 0.134020 -0.066290
v 0.143060 0.160008 -0.066290
v 0.341672 0.185253 -0.066290
v 0.367562 0.159498 -0.066290
v 0.368124 0.185541 -0.066290
v 0.367949 0.159885 -0.066290
v 0.342692 0.185273 -0.066290
v 0.339037 0.185664 -0.066290
v 0.131827 0.160183 -0.066290
v 0.157100 0.211652 -0.066290
v 0.162107 0.211686 -0.066290
v 0.341409 0.211661 -0.066290
v 0.341438 0.186064 -0.066290
v 0.130650 0.238042 -0.066290
v 0.156437 0.211984 -0.066290
v 0.131255 0.162544 -0.066290
v 0.156517 0.212952 -0.066290
v 0.130903 0.238295 -0.066290
v 0.156789 0.238375 -0.066290
v 0.105367 0.158440 -0.066290
v -0.246922 0.136735 -0.066290
v -0.054416 0.158642 -0.066290
v -0.265562 0.185226 -0.066290
v -0.059409 0.159258 -0.066290
v -0.290320 0.134119 -0.066290
v -0.291105 0.137450 -0.066290
v -0.292052 0.185491 -0.066290
v -0.266405 0.185256 -0.066290
v -0.055454 0.159936 -0.066290
v -0.262893 0.185665 -0.066290
v -0.081078 0.211652 -0.066290
v -0.265388 0.211661 -0.066290
v -0.086085 0.211686 -0.066290
v -0.265400 0.186082 -0.066290
v -0.054627 0.238042 -0.066290
v -0.055030 0.161687 -0.066290
v -0.080415 0.211984 -0.066290
v -0.080495 0.212952 -0.066290
v -0.080767 0.238375 -0.066290
v -0.054880 0.238295 -0.066290
v 0.341706 0.238375 -0.039874
v 0.341692 0.212329 -0.039874
v 0.315660 0.238361 -0.039874
v 0.315501 0.238202 -0.039874
v 0.341533 0.212170 -0.039874
v 0.315487 0.212156 -0.039874
v -0.265897 0.185912 -0.039874
v -0.291929 0.211944 -0.039874
v -0.265951 0.211890 -0.039874
v -0.292088 0.211785 -0.039874
v -0.266056 0.185753 -0.039874
v -0.292102 0.185739 -0.039874
v -0.265685 0.238375 -0.039874
v -0.239833 0.238281 -0.039874
v -0.265617 0.212459 -0.039874
v -0.161980 0.212360 -0.039874
v -0.265382 0.212224 -0.039874
v -0.239315 0.238253 -0.039874
v -0.238757 0.238474 -0.039874
v -0.160386 0.264518 -0.039874
v -0.160419 0.212477 -0.039874
v -0.161777 0.264622 -0.039874
v -0.239174 0.238742 -0.039874
v -0.239169 0.264694 -0.039874
v 0.315758 0.251397 -0.013457
v 0.341731 0.251409 -0.013457
v 0.341676 0.238682 -0.013457
v 0.315474 0.251345 -0.013457
v 0.341249 0.238603 -0.013457
v 0.315499 0.238585 -0.013457
v 0.341935 0.237925 -0.013457
v 0.367943 0.185813 -0.013457
v 0.341954 0.185789 -0.013457
v 0.368074 0.238325 -0.013457
v 0.368050 0.186372 -0.013457
v 0.342015 0.238345 -0.013457
v 0.263288 0.238301 -0.013457
v 0.315277 0.238363 -0.013457
v 0.315215 0.212337 -0.013457
v 0.262729 0.238194 -0.013457
v 0.314656 0.212230 -0.013457
v 0.262705 0.212206 -0.013457
v -0.160353 0.238802 0.012961
v -0.237910 0.264656 0.012961
v -0.160314 0.264694 0.012961
v -0.239130 0.264564 0.012961
v -0.161573 0.238711 0.012961
v -0.239169 0.238672 0.012961
v 0.381910 0.133512 0.039378
v -0.041268 0.133628 0.039378
v 0.156892 0.158656 0.039378
v 0.147821 0.158660 0.039378
v 0.038281 0.145225 0.039378
v 0.130506 0.158726 0.039378
v -0.054052 0.158828 0.039378
v 0.123468 0.158726 0.039378
v -0.053627 0.133753 0.039378
v 0.392720 0.133730 0.039378
v 0.167080 0.158660 0.039378
v 0.368118 0.158970 0.039378
v 0.394541 0.159125 0.039378
v 0.393935 0.134509 0.039378
v 0.368837 0.158970 0.039378
v 0.164831 0.159788 0.039378
v 0.341661 0.185207 0.039378
v 0.367609 0.159478 0.039378
v 0.368124 0.185541 0.039378
v 0.367969 0.159838 0.039378
v 0.342791 0.185232 0.039378
v 0.336060 0.185232 0.039378
v 0.157452 0.159875 0.039378
v 0.157284 0.185244 0.039378
v 0.421062 0.209903 -0.038826
v 0.421062 0.209893 0.038764
v 0.421062 0.185824 0.012932
v 0.421062 0.209582 0.039137
v 0.421062 0.133812 0.039141
v 0.421062 0.185605 0.013151
v 0.421062 0.209309 -0.038645
v 0.421062 0.185795 0.012260
v 0.421062 0.185751 -0.013413
v 0.421062 0.184985 0.013116
v 0.421062 0.134008 0.038512
v 0.421062 0.159282 0.013101
v 0.421062 0.159791 -0.013595
v 0.421062 0.209061 -0.039057
v 0.421062 0.185592 -0.013568
v 0.421062 0.133044 -0.038869
v 0.421062 0.159054 0.012933
v 0.421062 0.133044 0.038805
v 0.421062 0.133380 -0.039637
v 0.421062 0.209187 -0.039643
v 0.421062 0.159250 -0.013626
v 0.421062 0.159084 0.012368
v 0.421062 0.133673 -0.038673
v 0.421062 0.159086 -0.013400
v 0.341811 0.159496 -0.013344
v 0.341811 0.185541 -0.013358
v 0.341811 0.185527 0.012689
v 0.341811 0.159337 -0.013185
v 0.341811 0.185368 0.012848
v 0.341811 0.159323 0.012862
v 0.262561 0.080244 -0.066177
v 0.262561 0.106290 -0.066191
v 0.262561 0.106276 -0.040146
v 0.262561 0.080085 -0.066018
v 0.262561 0.106117 -0.039987
v 0.262561 0.080071 -0.039973
v 0.262561 0.080244 0.039491
v 0.262561 0.106290 0.039477
v 0.262561 0.106276 0.065522
v 0.262561 0.080085 0.039650
v 0.262561 0.106117 0.065681
v 0.262561 0.080071 0.065695
v 0.156894 0.080244 -0.066177
v 0.156894 0.106290 -0.066191
v 0.156894 0.106276 -0.040146
v 0.156894 0.080085 -0.066018
v 0.156894 0.106117 -0.039987
v 0.156894 0.080071 -0.039973
v 0.156894 0.080244 0.039491
v 0.156894 0.106290 0.039477
v 0.156894 0.106276 0.065522
v 0.156894 0.080085 0.039650
v 0.156894 0.106117 0.065681
v 0.156894 0.080071 0.065695
v -0.001609 0.080244 0.039491
v -0.001609 0.106290 0.039477
v -0.001609 0.106276 0.065522
v -0.001609 0.080085 0.039650
v -0.001609 0.106117 0.065681
v -0.001609 0.080071 0.065695
v -0.001609 0.080244 -0.066177
v -0.001609 0.106290 -0.066191
v -0.001609 0.106276 -0.040146
v -0.001609 0.080085 -0.066018
v -0.001609 0.106117 -0.039987
v -0.001609 0.080071 -0.039973
v -0.107276 0.080244 -0.066177
v -0.107276 0.106290 -0.066191
v -0.107276 0.106276 -0.040146
v -0.107276 0.080085 -0.066018
v -0.107276 0.106117 -0.039987
v -0.107276 0.080071 -0.039973
v -0.107276 0.080244 0.039491
v -0.107276 0.106290 0.039477
v -0.107276 0.106276 0.065522
v -0.107276 0.080085 0.039650
v -0.107276 0.106117 0.065681
v -0.107276 0.080071 0.065695
v 0.404446 0.210134 -0.038541
v -0.068453 0.210134 -0.038806
v -0.068188 0.210134 0.037812
v 0.419729 0.210134 -0.038308
v -0.052905 0.210134 0.038045
v 0.419994 0.210134 0.038310
v 0.342009 0.159224 0.012763
v 0.419605 0.159224 0.012724
v 0.342048 0.159224 -0.013129
v 0.420864 0.159224 -0.013259
v 0.343268 0.159224 -0.013221
v 0.420825 0.159224 0.012633
v 0.077841 0.106389 -0.040072
v 0.155437 0.106389 -0.040111
v 0.077880 0.106389 -0.065962
v 0.156696 0.106389 -0.066092
v 0.079100 0.106389 -0.066054
v 0.156657 0.106389 -0.040202
v 0.183506 0.106389 -0.040072
v 0.261103 0.106389 -0.040111
v 0.183545 0.106389 -0.065962
v 0.262363 0.106389 -0.066092
v 0.184766 0.106389 -0.066053
v 0.262324 0.106389 -0.040202
v 0.077841 0.106389 0.065596
v 0.155437 0.106389 0.065557
v 0.077880 0.106389 0.039706
v 0.156696 0.106389 0.039576
v 0.079100 0.106389 0.039614
v 0.156657 0.106389 0.065466
v -0.186330 0.106389 0.065596
v -0.108733 0.106389 0.065557
v -0.186291 0.106389 0.039706
v -0.107474 0.106389 0.039576
v -0.185070 0.106389 0.039614
v -0.107513 0.106389 0.065466
v -0.186330 0.106389 -0.040072
v -0.108733 0.106389 -0.040111
v -0.186291 0.106389 -0.065962
v -0.107474 0.106389 -0.066092
v -0.185070 0.106389 -0.066053
v -0.107513 0.106389 -0.040202
v -0.080662 0.106389 0.065596
v -0.003066 0.106389 0.065557
v -0.080623 0.106389 0.039706
v -0.001807 0.106389 0.039576
v -0.079403 0.106389 0.039614
v -0.001846 0.106389 0.065466
v -0.080662 0.106389 -0.040072
v -0.003066 0.106389 -0.040111
v -0.080623 0.106389 -0.065962
v -0.001807 0.106389 -0.066092
v -0.079403 0.106389 -0.066054
v -0.001846 0.106389 -0.040202
v 0.183506 0.106389 0.065596
v 0.261103 0.106389 0.065557
v 0.183545 0.106389 0.039706
v 0.262363 0.106389 0.039576
v 0.184766 0.106389 0.039615
v 0.262324 0.106389 0.065466
v -0.079403 0.080209 0.065794
v -0.001807 0.080170 0.065794
v -0.001846 0.106061 0.065794
v -0.080623 0.080300 0.065794
v -0.003066 0.106152 0.065794
v -0.080662 0.106191 0.065794
v 0.079100 0.080209 0.065794
v 0.156696 0.080170 0.065794
v 0.156657 0.106061 0.065794
v 0.077880 0.080300 0.065794
v 0.155437 0.106152 0.065794
v 0.077841 0.106191 0.065794
v -0.185071 0.080209 0.065794
v -0.107474 0.080170 0.065794
v -0.107513 0.106061 0.065794
v -0.186291 0.080300 0.065794
v -0.108733 0.106152 0.065794
v -0.186330 0.106191 0.065794
v 0.184765 0.080209 0.065794
v 0.262363 0.080170 0.065794
v 0.262324 0.106061 0.065794
v 0.183545 0.080300 0.065794
v 0.261104 0.106152 0.065794
v 0.183506 0.106191 0.065794
v 0.382828 0.133785 0.039378
v -0.068223 0.208602 0.039378
v -0.068506 0.133822 0.039378
v -0.053830 0.208836 0.039378
v 0.393989 0.133908 0.039378
v 0.419926 0.209322 0.039378
v 0.420867 0.133002 0.039378
v 0.420250 0.205245 0.039378
v 0.396013 0.133785 0.039378
v 0.343268 0.159461 -0.013457
v 0.420864 0.159422 -0.013457
v 0.420825 0.185312 -0.013457
v 0.342048 0.159552 -0.013457
v 0.419605 0.185403 -0.013457
v 0.342009 0.185442 -0.013457
v -0.185071 0.080209 -0.039874
v -0.107474 0.080170 -0.039874
v -0.107513 0.106061 -0.039874
v -0.186291 0.080300 -0.039874
v -0.108733 0.106152 -0.039874
v -0.186330 0.106191 -0.039874
v -0.079403 0.080209 -0.039874
v -0.001807 0.080170 -0.039874
v -0.001846 0.106061 -0.039874
v -0.080623 0.080300 -0.039874
v -0.003066 0.106152 -0.039874
v -0.080662 0.106191 -0.039874
v 0.184765 0.080209 -0.039874
v 0.262363 0.080170 -0.039874
v 0.262324 0.106061 -0.039874
v 0.183545 0.080300 -0.039874
v 0.261104 0.106152 -0.039874
v 0.183506 0.106191 -0.039874
v 0.079100 0.080209 -0.039874
v 0.156696 0.080170 -0.039874
v 0.156657 0.106061 -0.039874
v 0.077880 0.080300 -0.039874
v 0.155437 0.106152 -0.039874
v 0.077841 0.106191 -0.039874
v -0.186528 0.106117 0.039491
v -0.186528 0.080071 0.039477
v -0.186528 0.080085 0.065522
v -0.186528 0.106276 0.039650
v -0.186528 0.080244 0.065681
v -0.186528 0.106290 0.065695
v -0.186528 0.106117 -0.066177
v -0.186528 0.080071 -0.066191
v -0.186528 0.080085 -0.040146
v -0.186528 0.106276 -0.066018
v -0.186528 0.080244 -0.039987
v -0.186528 0.106290 -0.039973
v -0.080860 0.106117 -0.066177
v -0.080860 0.080071 -0.066191
v -0.080860 0.080085 -0.040146
v -0.080860 0.106276 -0.066018
v -0.080860 0.080244 -0.039987
v -0.080860 0.106290 -0.039973
v -0.080860 0.106117 0.039491
v -0.080860 0.080071 0.039477
v -0.080860 0.080085 0.065522
v -0.080860 0.106276 0.039650
v -0.080860 0.080244 0.065681
v -0.080860 0.106290 0.065695
v -0.069521 0.209341 -0.039540
v -0.069521 0.133101 -0.039580
v -0.069521 0.133141 0.038557
v -0.069521 0.209800 -0.039053
v -0.069521 0.133600 0.039044
v -0.069521 0.209840 0.039084
v 0.077643 0.106117 0.039491
v 0.077643 0.080071 0.039477
v 0.077643 0.080085 0.065522
v 0.077643 0.106276 0.039650
v 0.077643 0.080244 0.065681
v 0.077643 0.106290 0.065695
v 0.077643 0.106117 -0.066177
v 0.077643 0.080071 -0.066191
v 0.077643 0.080085 -0.040146
v 0.077643 0.106276 -0.066018
v 0.077643 0.080244 -0.039987
v 0.077643 0.106290 -0.039973
v 0.183308 0.106117 -0.066177
v 0.183308 0.080071 -0.066191
v 0.183308 0.080085 -0.040146
v 0.183308 0.106276 -0.066018
v 0.183308 0.080244 -0.039987
v 0.183308 0.106290 -0.039973
v 0.183308 0.106117 0.039491
v 0.183308 0.080071 0.039477
v 0.183308 0.080085 0.065522
v 0.183308 0.106276 0.039650
v 0.183308 0.080244 0.065681
v 0.183308 0.106290 0.065695
v -0.003066 0.079972 -0.066054
v -0.080623 0.079972 -0.040202
v -0.080662 0.079972 -0.066092
v -0.079403 0.079972 -0.040111
v -0.001846 0.079972 -0.065962
v -0.001807 0.079972 -0.040072
v -0.003066 0.079972 0.039614
v -0.080623 0.079972 0.065466
v -0.080662 0.079972 0.039576
v -0.079403 0.079972 0.065557
v -0.001846 0.079972 0.039706
v -0.001807 0.079972 0.065596
v 0.155437 0.079972 0.039614
v 0.077880 0.079972 0.065466
v 0.077841 0.079972 0.039576
v 0.079100 0.079972 0.065557
v 0.156657 0.079972 0.039706
v 0.156696 0.079972 0.065596
v 0.261103 0.079972 0.039615
v 0.183545 0.079972 0.065466
v 0.183506 0.079972 0.039576
v 0.184766 0.079972 0.065557
v 0.262324 0.079972 0.039706
v 0.262363 0.079972 0.065596
v 0.155437 0.079972 -0.066054
v 0.077880 0.079972 -0.040202
v 0.077841 0.079972 -0.066092
v 0.079100 0.079972 -0.040111
v 0.156657 0.079972 -0.065962
v 0.156696 0.079972 -0.040072
v -0.108733 0.079972 -0.066053
v -0.186291 0.079972 -0.040202
v -0.186330 0.079972 -0.066092
v -0.185070 0.079972 -0.040111
v -0.107513 0.079972 -0.065962
v -0.107474 0.079972 -0.040072
v -0.108733 0.079972 0.039614
v -0.186291 0.079972 0.065466
v -0.186330 0.079972 0.039576
v -0.185070 0.079972 0.065557
v -0.107513 0.079972 0.039706
v -0.107474 0.079972 0.065596
v 0.261103 0.079972 -0.066053
v 0.183545 0.079972 -0.040202
v 0.183506 0.079972 -0.066092
v 0.184766 0.079972 -0.040111
v 0.262324 0.079972 -0.065962
v 0.262363 0.079972 -0.040072
v 0.420734 0.132807 -0.039638
v 0.394883 0.132807 0.037920
v 0.394844 0.132807 -0.039676
v 0.394974 0.132807 0.039141
v 0.420825 0.132807 -0.038417
v 0.420864 0.132807 0.039180
v 0.419605 0.185640 -0.013221
v 0.342048 0.185640 0.012633
v 0.342009 0.185640 -0.013259
v 0.343268 0.185640 0.012724
v 0.420825 0.185640 -0.013129
v 0.420864 0.185640 0.012763
v 0.184765 0.106152 -0.066290
v 0.262363 0.106191 -0.066290
v 0.262324 0.080300 -0.066290
v 0.183545 0.106061 -0.066290
v 0.261104 0.080209 -0.066290
v 0.183506 0.080170 -0.066290
v -0.001846 0.080300 -0.066290
v -0.079403 0.106152 -0.066290
v -0.001807 0.106191 -0.066290
v -0.080623 0.106061 -0.066290
v -0.003066 0.080209 -0.066290
v -0.080662 0.080170 -0.066290
v 0.079100 0.106152 -0.066290
v 0.156696 0.106191 -0.066290
v 0.156657 0.080300 -0.066290
v 0.077880 0.106061 -0.066290
v 0.155437 0.080209 -0.066290
v 0.077841 0.080170 -0.066290
v -0.107513 0.080300 -0.066290
v -0.185071 0.106152 -0.066290
v -0.107474 0.106191 -0.066290
v -0.186291 0.106061 -0.066290
v -0.108733 0.080209 -0.066290
v -0.186330 0.080170 -0.066290
v 0.393989 0.133908 -0.039874
v -0.053830 0.208836 -0.039874
v 0.419926 0.209322 -0.039874
v -0.068223 0.208602 -0.039874
v 0.382828 0.133785 -0.039874
v -0.068506 0.133822 -0.039874
v 0.420250 0.205245 -0.039874
v 0.420867 0.133002 -0.039874
v 0.396013 0.133785 -0.039874
v 0.420825 0.159552 0.012961
v 0.343268 0.185403 0.012961
v 0.420864 0.185442 0.012961
v 0.342048 0.185312 0.012961
v 0.419605 0.159461 0.012961
v 0.342009 0.159422 0.012961
v -0.107513 0.080300 0.039378
v -0.185071 0.106152 0.039378
v -0.107474 0.106191 0.039378
v -0.186291 0.106061 0.039378
v -0.108733 0.080209 0.039378
v -0.186330 0.080170 0.039378
v 0.184765 0.106152 0.039378
v 0.262363 0.106191 0.039378
v 0.262324 0.080300 0.039378
v 0.183545 0.106061 0.039378
v 0.261104 0.080209 0.039378
v 0.183506 0.080170 0.039378
v 0.079100 0.106152 0.039378
v 0.156696 0.106191 0.039378
v 0.156657 0.080300 0.039378
v 0.077880 0.106061 0.039378
v 0.155437 0.080209 0.039378
v 0.077841 0.080170 0.039378
v -0.001846 0.080300 0.039378
v -0.079403 0.106152 0.039378
v -0.001807 0.106191 0.039378
v -0.080623 0.106061 0.039378
v -0.003066 0.080209 0.039378
v -0.080662 0.080170 0.039378
v 0.394641 0.132609 0.039576
v 0.394641 0.132634 0.065514
v 0.394641 0.080932 0.039604
v 0.394641 0.080122 0.065645
v 0.394641 0.080199 0.039744
v 0.394641 0.132075 0.065621
v 0.394641 0.080396 0.039152
v 0.394641 0.132569 -0.039088
v 0.394641 0.132609 0.039180
v 0.394641 0.080156 -0.039691
v 0.394641 0.132362 -0.039636
v 0.394641 0.080199 0.038630
v 0.394641 0.132569 -0.040112
v 0.394641 0.080748 -0.040057
v 0.394641 0.132634 -0.066010
v 0.394641 0.080156 -0.040170
v 0.394641 0.080122 -0.066141
v 0.394641 0.132075 -0.066117
v 0.394641 0.079747 0.037982
v 0.394641 0.053883 -0.039637
v 0.394641 0.079790 -0.039691
v 0.394641 0.053792 -0.038417
v 0.394641 0.079659 0.039152
v 0.394641 0.053753 0.039180
v 0.368224 0.053827 -0.066177
v 0.368224 0.079849 -0.066166
v 0.368224 0.079860 -0.040146
v 0.368224 0.053668 -0.066018
v 0.368224 0.079701 -0.039987
v 0.368224 0.053704 -0.040023
v 0.368224 0.080146 -0.092427
v 0.368224 0.132075 -0.066463
v 0.368224 0.080097 -0.066414
v 0.368224 0.080705 -0.092534
v 0.368224 0.132658 -0.092558
v 0.368224 0.132634 -0.066570
v 0.368224 0.053406 -0.039725
v 0.368224 0.053380 0.038302
v 0.368224 0.027467 -0.039637
v 0.368224 0.027376 -0.038416
v 0.368224 0.053313 0.039203
v 0.368224 0.027338 0.039180
v 0.368224 0.053977 0.039553
v 0.368224 0.079874 0.039477
v 0.368224 0.079830 0.065449
v 0.368224 0.053730 0.039800
v 0.368224 0.079628 0.065651
v 0.368224 0.053654 0.065695
v 0.368224 0.080116 0.066025
v 0.368224 0.132075 0.092038
v 0.368224 0.080122 0.092062
v 0.368224 0.080578 0.065937
v 0.368224 0.132658 0.065943
v 0.368224 0.132634 0.091931
v 0.341807 0.026990 -0.039725
v 0.341807 0.026965 0.038302
v 0.341807 0.001050 -0.039637
v 0.341807 0.000959 -0.038417
v 0.341807 0.026898 0.039203
v 0.341807 0.000920 0.039180
v 0.341807 0.027252 -0.066018
v 0.341807 0.053283 -0.039987
v 0.341807 0.027288 -0.040023
v 0.341807 0.027411 -0.066177
v 0.341807 0.053456 -0.066191
v 0.341807 0.053442 -0.040146
v 0.341807 0.053668 -0.092435
v 0.341807 0.079701 -0.066403
v 0.341807 0.053654 -0.066389
v 0.341807 0.053827 -0.092594
v 0.341807 0.079874 -0.092608
v 0.341807 0.079860 -0.066562
v 0.341807 0.027315 0.039800
v 0.341807 0.053283 0.065681
v 0.341807 0.027239 0.065696
v 0.341807 0.027562 0.039553
v 0.341807 0.053456 0.039477
v 0.341807 0.053442 0.065522
v 0.341807 0.053827 0.065907
v 0.341807 0.079874 0.065893
v 0.341807 0.079860 0.091939
v 0.341807 0.053668 0.066066
v 0.341807 0.079701 0.092098
v 0.341807 0.053654 0.092112
v 0.315391 0.000994 -0.066177
v 0.315391 0.027040 -0.066191
v 0.315391 0.027026 -0.040146
v 0.315391 0.000835 -0.066018
v 0.315391 0.026867 -0.039987
v 0.315391 0.000821 -0.039973
v 0.315391 0.027252 -0.092435
v 0.315391 0.053283 -0.066403
v 0.315391 0.027238 -0.066389
v 0.315391 0.027411 -0.092594
v 0.315391 0.053456 -0.092608
v 0.315391 0.053442 -0.066562
v 0.315391 0.027412 0.065908
v 0.315391 0.053456 0.065893
v 0.315391 0.053442 0.091939
v 0.315391 0.027253 0.066067
v 0.315391 0.053283 0.092098
v 0.315391 0.027239 0.092112
v 0.315391 0.000835 0.039650
v 0.315391 0.026868 0.065682
v 0.315391 0.000821 0.065696
v 0.315391 0.000994 0.039491
v 0.315391 0.027041 0.039477
v 0.315391 0.027027 0.065523
v 0.183305 0.106240 0.039527
v 0.183305 0.106216 0.091479
v 0.183305 0.080253 0.039551
v 0.183305 0.080146 0.040110
v 0.183305 0.106109 0.092038
v 0.183305 0.080122 0.092062
v 0.183305 0.106240 -0.092558
v 0.183305 0.106216 -0.040606
v 0.183305 0.080253 -0.092534
v 0.183305 0.080146 -0.091975
v 0.183305 0.106109 -0.040047
v 0.183305 0.080122 -0.040023
v 0.077639 0.106240 0.039527
v 0.077639 0.106216 0.091479
v 0.077639 0.080253 0.039551
v 0.077639 0.080146 0.040110
v 0.077639 0.106109 0.092038
v 0.077639 0.080122 0.092062
v 0.077639 0.106240 -0.092558
v 0.077639 0.106216 -0.040606
v 0.077639 0.080253 -0.092534
v 0.077639 0.080146 -0.091975
v 0.077639 0.106109 -0.040047
v 0.077639 0.080122 -0.040023
v -0.080863 0.106240 0.039527
v -0.080863 0.106216 0.091479
v -0.080863 0.080253 0.039551
v -0.080863 0.080146 0.040110
v -0.080863 0.106109 0.092038
v -0.080863 0.080122 0.092062
v -0.080863 0.000425 -0.065993
v -0.080863 0.000356 0.062094
v -0.080863 -0.025248 -0.065923
v -0.080863 -0.025329 -0.062589
v -0.080863 0.000275 0.065428
v -0.080863 -0.025398 0.065498
v -0.080863 0.106240 -0.092558
v -0.080863 0.106216 -0.040606
v -0.080863 0.080253 -0.092534
v -0.080863 0.080146 -0.091975
v -0.080863 0.106109 -0.040047
v -0.080863 0.080122 -0.040023
v -0.107281 -0.024963 -0.092534
v -0.107281 0.026990 -0.092558
v -0.107281 0.026966 -0.066570
v -0.107281 -0.025522 -0.092427
v -0.107281 0.026407 -0.066463
v -0.107281 -0.025447 -0.066538
v -0.107281 -0.025943 -0.066042
v -0.107281 -0.025986 0.064284
v -0.107281 -0.077925 -0.065881
v -0.107281 -0.078120 -0.064166
v -0.107281 -0.026125 0.065504
v -0.107281 -0.078182 0.065448
v -0.107281 -0.025404 0.066266
v -0.107281 0.026408 0.092038
v -0.107281 -0.025546 0.092062
v -0.107281 -0.024462 0.066086
v -0.107281 0.026991 0.065944
v -0.107281 0.026967 0.091931
v -0.133698 -0.077797 -0.092534
v -0.133698 -0.025844 -0.092558
v -0.133698 -0.025868 -0.066570
v -0.133698 -0.078356 -0.092427
v -0.133698 -0.026427 -0.066463
v -0.133698 -0.078232 -0.066587
v -0.133698 -0.183139 -0.065781
v -0.133698 -0.078826 -0.065993
v -0.133698 -0.078870 0.064824
v -0.133698 -0.183688 -0.064840
v -0.133698 -0.079238 0.065454
v -0.133698 -0.183751 0.065349
v -0.133698 -0.078188 0.066346
v -0.133698 -0.026427 0.092038
v -0.133698 -0.078380 0.092062
v -0.133698 -0.077085 0.066136
v -0.133698 -0.025844 0.065944
v -0.133698 -0.025868 0.091931
v -0.160115 -0.181750 -0.092406
v -0.160115 -0.078777 -0.092459
v -0.160115 -0.078830 -0.066676
v -0.160115 -0.183896 -0.092321
v -0.160115 -0.080976 -0.066591
v -0.160115 -0.183949 -0.066538
v -0.160115 -0.181750 0.066096
v -0.160115 -0.078777 0.066043
v -0.160115 -0.078830 0.091825
v -0.160115 -0.183896 0.066181
v -0.160115 -0.080976 0.091910
v -0.160115 -0.183949 0.091963
v -0.186531 0.106037 0.039524
v -0.186531 0.080093 0.065505
v -0.186531 0.080072 0.039477
v -0.186531 0.080142 0.065794
v -0.186531 0.106243 0.039730
v -0.186531 0.106243 0.091859
v -0.186531 0.080093 0.066083
v -0.186531 0.106037 0.092065
v -0.186531 0.080072 0.092112
v -0.186531 0.106037 -0.092561
v -0.186531 0.080093 -0.066579
v -0.186531 0.080072 -0.092608
v -0.186531 0.106243 -0.040226
v -0.186531 0.080142 -0.066290
v -0.186531 0.106243 -0.092355
v -0.186531 0.080093 -0.066001
v -0.186531 0.106037 -0.040020
v -0.186531 0.080072 -0.039973
v -0.186531 -0.210342 -0.092594
v -0.186531 -0.184296 -0.092608
v -0.186531 -0.184310 -0.066562
v -0.186531 -0.210501 -0.092435
v -0.186531 -0.184469 -0.066403
v -0.186531 -0.210515 -0.066389
v -0.186531 -0.210342 0.065908
v -0.186531 -0.184296 0.065894
v -0.186531 -0.184310 0.091939
v -0.186531 -0.210501 0.066067
v -0.186531 -0.184469 0.092098
v -0.186531 -0.210515 0.092112
v -0.265782 -0.050752 -0.065726
v -0.265782 0.079478 -0.065795
v -0.265782 0.079409 0.064433
v -0.265782 -0.051549 -0.064929
v -0.265782 0.078612 0.065230
v -0.265782 -0.051618 0.065300
v -0.292199 -0.208898 -0.065669
v -0.292199 -0.052658 -0.065745
v -0.292199 -0.052734 0.064469
v -0.292199 -0.209993 -0.064964
v -0.292199 -0.053829 0.065174
v -0.292199 -0.210069 0.065250
v -0.031704 0.132807 -0.041014
v 0.393048 0.132807 -0.040534
v 0.368031 0.132807 -0.065782
v 0.394542 0.132807 -0.066191
v 0.369421 0.132807 -0.065794
v 0.393981 0.132807 -0.041467
v 0.366847 0.132807 -0.091154
v -0.031568 0.132807 -0.043307
v 0.367728 0.132807 -0.066757
v 0.345328 0.132807 -0.091330
v -0.257619 0.132807 -0.091627
v -0.069441 0.132807 -0.041032
v -0.086842 0.132807 -0.043355
v -0.264702 0.132807 -0.091298
v -0.265298 0.132807 -0.066713
v -0.263211 0.132807 -0.065456
v -0.070621 0.132807 0.037542
v -0.070664 0.132807 -0.038877
v -0.266497 0.132807 -0.065806
v -0.318269 0.132807 -0.065943
v -0.318207 0.132807 0.063670
v -0.266266 0.132807 -0.063776
v -0.318012 0.132807 0.065385
v -0.266166 0.132807 0.065410
v -0.073019 0.132807 0.038742
v -0.265298 0.132807 -0.065480
v -0.265398 0.132807 0.065355
v -0.264702 0.132807 0.090802
v -0.086182 0.132807 0.042727
v -0.265398 0.132807 0.066130
v -0.069444 0.132807 0.040492
v -0.257619 0.132807 0.091131
v 0.345328 0.132807 0.090834
v -0.033015 0.132807 0.042680
v 0.366847 0.132807 0.090658
v 0.367728 0.132807 0.066261
v 0.393048 0.132807 0.040038
v -0.033145 0.132807 0.040475
v 0.368031 0.132807 0.065286
v 0.369421 0.132807 0.065298
v 0.394542 0.132807 0.065695
v 0.393981 0.132807 0.040971
v -0.318467 0.106389 -0.066439
v -0.266514 0.106389 -0.066463
v -0.318443 0.106389 -0.092427
v -0.265931 0.106389 -0.092558
v -0.317884 0.106389 -0.092534
v -0.265955 0.106389 -0.066570
v -0.318467 0.106389 0.092062
v -0.266514 0.106389 0.092038
v -0.318443 0.106389 0.066074
v -0.265931 0.106389 0.065943
v -0.317884 0.106389 0.065967
v -0.265955 0.106389 0.091931
v -0.318853 0.106389 0.037921
v -0.318814 0.106389 -0.039676
v -0.344705 0.106389 -0.039637
v -0.344796 0.106389 -0.038417
v -0.344835 0.106389 0.039180
v -0.318944 0.106389 0.039141
v -0.001861 0.079973 0.039626
v -0.079924 0.079973 0.039662
v -0.001897 0.079973 0.091680
v -0.080579 0.079973 0.039909
v -0.080615 0.079973 0.091963
v -0.002552 0.079973 0.091927
v -0.186099 0.079973 -0.092528
v -0.160084 0.079973 -0.066480
v -0.108293 0.079973 -0.092468
v -0.160492 0.079973 -0.066446
v -0.186352 0.079973 -0.092275
v -0.186432 0.079973 -0.066389
v -0.107520 0.079973 -0.092320
v -0.159766 0.079973 -0.066290
v -0.107487 0.079973 -0.040207
v -0.159966 0.079973 -0.040023
v -0.108153 0.079973 -0.040080
v -0.159959 0.079973 -0.066037
v 0.156642 0.079973 -0.092459
v 0.078578 0.079973 -0.092423
v 0.156606 0.079973 -0.040405
v 0.077923 0.079973 -0.092176
v 0.077887 0.079973 -0.040122
v 0.155951 0.079973 -0.040158
v 0.156642 0.079973 0.039626
v 0.078578 0.079973 0.039662
v 0.156606 0.079973 0.091680
v 0.077923 0.079973 0.039909
v 0.077887 0.079973 0.091963
v 0.155951 0.079973 0.091927
v 0.262308 0.079973 -0.092459
v 0.184244 0.079973 -0.092423
v 0.262272 0.079973 -0.040405
v 0.183589 0.079973 -0.092176
v 0.183553 0.079973 -0.040122
v 0.261617 0.079973 -0.040158
v -0.186432 0.079973 0.065893
v -0.186352 0.079973 0.091779
v -0.160492 0.079973 0.065950
v -0.186099 0.079973 0.092032
v -0.108293 0.079973 0.091972
v -0.160084 0.079973 0.065984
v -0.107487 0.079973 0.039711
v -0.159766 0.079973 0.065794
v -0.107520 0.079973 0.091824
v -0.159966 0.079973 0.039527
v -0.159959 0.079973 0.065541
v -0.108153 0.079973 0.039584
v 0.262308 0.079973 0.039626
v 0.184244 0.079973 0.039662
v 0.262272 0.079973 0.091680
v 0.183589 0.079973 0.039909
v 0.183553 0.079973 0.091963
v 0.261617 0.079973 0.091927
v -0.001861 0.079973 -0.092459
v -0.079924 0.079973 -0.092423
v -0.001897 0.079973 -0.040405
v -0.080579 0.079973 -0.092176
v -0.080615 0.079973 -0.040122
v -0.002552 0.079973 -0.040158
v -0.265881 -0.025695 0.065894
v -0.291927 -0.025695 0.065908
v -0.265895 -0.025695 0.091939
v -0.292086 -0.025695 0.066067
v -0.292100 -0.025695 0.092112
v -0.266054 -0.025695 0.092098
v -0.265881 -0.025695 -0.092608
v -0.291927 -0.025695 -0.092594
v -0.265895 -0.025695 -0.066562
v -0.292086 -0.025695 -0.092435
v -0.292100 -0.025695 -0.066389
v -0.266054 -0.025695 -0.066403
v -0.292565 -0.052113 0.062094
v -0.292496 -0.052113 -0.065993
v -0.318169 -0.052113 -0.065923
v -0.318249 -0.052113 -0.062589
v -0.318319 -0.052113 0.065498
v -0.292646 -0.052113 0.065429
v -0.292298 -0.078529 0.065894
v -0.318344 -0.078529 0.065908
v -0.292312 -0.078529 0.091939
v -0.318503 -0.078529 0.066067
v -0.318517 -0.078529 0.092112
v -0.292471 -0.078529 0.092098
v -0.292298 -0.078529 -0.092608
v -0.318344 -0.078529 -0.092594
v -0.292312 -0.078529 -0.066562
v -0.318503 -0.078529 -0.092435
v -0.318517 -0.078529 -0.066389
v -0.292471 -0.078529 -0.066403
v -0.318983 -0.104946 0.062094
v -0.318913 -0.104946 -0.065993
v -0.344586 -0.104946 -0.065923
v -0.344666 -0.104946 -0.062589
v -0.344736 -0.104946 0.065498
v -0.319063 -0.104946 0.065429
v -0.242050 0.131896 0.092211
v 0.077635 0.106956 0.092211
v 0.349962 0.131979 0.092211
v 0.319336 0.127530 0.092211
v 0.090103 0.106954 0.092211
v 0.156870 0.106713 0.092211
v 0.274606 0.120270 0.092211
v 0.162086 0.106713 0.092211
v 0.183286 0.106656 0.092211
v 0.157142 0.080582 0.092211
v 0.182660 0.106122 0.092211
v 0.157213 0.106066 0.092211
v 0.352444 0.129716 0.092211
v 0.187064 0.106656 0.092211
v 0.262522 0.106669 0.092211
v 0.183048 0.080230 0.092211
v 0.183038 0.105744 0.092211
v 0.157499 0.080225 0.092211
v 0.341708 0.080212 0.092211
v 0.366678 0.131566 0.092211
v 0.263555 0.106351 0.092211
v 0.367396 0.129298 0.092211
v 0.342123 0.080168 0.092211
v 0.368075 0.080122 0.092211
v 0.262835 0.106001 0.092211
v 0.262795 0.080212 0.092211
v 0.340605 0.080168 0.092211
v 0.315363 0.053725 0.092211
v 0.341336 0.079778 0.092211
v 0.263569 0.079734 0.092211
v 0.315729 0.053695 0.092211
v 0.341708 0.053654 0.092211
v 0.341612 0.079502 0.092211
v 0.263767 0.079100 0.092211
v 0.314548 0.029174 0.092211
v 0.315251 0.053469 0.092211
v 0.311892 0.029447 0.092211
v 0.262457 0.079734 0.092211
v 0.184641 0.079716 0.092211
v 0.288449 0.037009 0.092211
v 0.183255 0.079716 0.092211
v 0.158445 0.079721 0.092211
v 0.081298 0.079571 0.092211
v 0.299626 0.031506 0.092211
v 0.156849 0.079721 0.092211
v 0.003732 0.079531 0.092211
v 0.284473 0.033147 0.092211
v 0.077595 0.079571 0.092211
v 0.001113 0.080415 0.092211
v 0.077237 0.080375 0.092211
v 0.077074 0.105605 0.092211
v 0.074155 0.105824 0.092211
v -0.001191 0.105967 0.092211
v -0.001171 0.080587 0.092211
v 0.062917 0.106954 0.092211
v -0.186480 0.125792 0.092211
v -0.001592 0.106811 0.092211
v 0.264253 0.034809 0.092211
v -0.001650 0.079531 0.092211
v -0.074947 0.079580 0.092211
v -0.222927 0.127605 0.092211
v -0.080842 0.106688 0.092211
v -0.010079 0.106811 0.092211
v 0.302694 0.027983 0.092211
v -0.080637 0.079547 0.092211
v -0.106531 0.027604 0.092211
v -0.085069 0.106688 0.092211
v -0.188310 0.120818 0.092211
v -0.107261 0.106637 0.092211
v -0.106683 0.106141 0.092211
v -0.081256 0.080921 0.092211
v -0.081162 0.106090 0.092211
v -0.110273 0.106637 0.092211
v -0.254474 0.129998 0.092211
v -0.186487 0.106662 0.092211
v -0.081811 0.080366 0.092211
v -0.107033 0.105791 0.092211
v -0.107108 0.080146 0.092211
v -0.107108 0.079800 0.092211
v -0.106817 0.029104 0.092211
v -0.081498 0.079580 0.092211
v -0.188212 0.106662 0.092211
v -0.264871 0.131542 0.092211
v -0.265595 0.106576 0.092211
v -0.185427 0.079639 0.092211
v -0.107745 0.028006 0.092211
v -0.107454 0.079800 0.092211
v -0.265548 0.053993 0.092211
v -0.187432 0.106116 0.092211
v -0.265595 0.106202 0.092211
v -0.264197 0.054330 0.092211
v -0.186865 0.080214 0.092211
v -0.186804 0.105879 0.092211
v -0.292024 0.079973 0.092211
v -0.266016 0.054120 0.092211
v -0.265969 0.105939 0.092211
v -0.266347 0.053789 0.092211
v -0.292075 0.079674 0.092211
v -0.292100 0.053654 0.092211
v -0.318264 0.106243 0.092211
v -0.292199 0.080148 0.092211
v -0.266232 0.106202 0.092211
v -0.292498 0.080097 0.092211
v -0.318470 0.106037 0.092211
v -0.318517 0.080072 0.092211
v -0.187440 0.079318 0.092211
v -0.265548 0.053386 0.092211
v -0.265440 -0.024669 0.092211
v -0.107879 0.026981 0.092211
v -0.185669 0.078997 0.092211
v -0.133698 -0.025069 0.092211
v -0.265098 -0.025353 0.092211
v -0.134151 -0.025415 0.092211
v -0.186588 0.079340 0.092211
v -0.107745 0.025176 0.092211
v -0.133245 -0.025415 0.092211
v -0.107430 -0.025546 0.092211
v -0.134151 -0.025975 0.092211
v -0.264334 -0.026037 0.092211
v -0.160269 -0.078068 0.092211
v -0.133978 -0.026880 0.092211
v -0.159559 -0.078185 0.092211
v -0.133847 -0.078380 0.092211
v -0.291638 -0.078182 0.092211
v -0.161572 -0.078185 0.092211
v -0.265629 -0.026154 0.092211
v -0.266335 -0.026037 0.092211
v -0.292050 -0.025844 0.092211
v -0.291852 -0.077061 0.092211
v -0.160556 -0.078873 0.092211
v -0.291362 -0.078876 0.092211
v -0.186712 -0.183543 0.092211
v -0.160459 -0.081323 0.092211
v -0.186103 -0.183863 0.092211
v -0.160363 -0.183949 0.092211
v -0.317978 -0.209976 0.092211
v -0.187209 -0.183992 0.092211
v -0.291986 -0.079232 0.092211
v -0.186865 -0.184605 0.092211
v -0.313564 -0.210114 0.092211
v -0.186828 -0.210317 0.092211
v -0.318116 -0.205562 0.092211
v -0.292622 -0.078876 0.092211
v -0.318319 -0.078826 0.092211
v -0.265980 -0.025497 0.065795
v -0.266019 0.052098 0.065794
v -0.291871 -0.025458 0.065795
v -0.291962 -0.024238 0.065795
v -0.266110 0.053319 0.065794
v -0.292050 0.053406 0.065794
v -0.318344 0.053668 0.065794
v -0.292348 0.053704 0.065794
v -0.292312 0.079701 0.065794
v -0.318503 0.053827 0.065794
v -0.292471 0.079860 0.065794
v -0.318517 0.079874 0.065794
v 0.342079 0.053668 0.065794
v 0.368125 0.053654 0.065794
v 0.368081 0.079628 0.065794
v 0.341920 0.053827 0.065794
v 0.367879 0.079830 0.065794
v 0.341906 0.079874 0.065794
v 0.368367 0.080578 0.065794
v 0.394361 0.132634 0.065794
v 0.368373 0.132658 0.065794
v 0.394492 0.080122 0.065794
v 0.394468 0.132075 0.065794
v 0.368455 0.080116 0.065794
v 0.315976 0.028553 0.065795
v 0.341535 0.053442 0.065794
v 0.315490 0.053456 0.065794
v 0.316804 0.027725 0.065795
v 0.341708 0.027239 0.065795
v 0.341694 0.053283 0.065794
v -0.060715 0.001393 0.065795
v 0.314599 0.001515 0.065795
v 0.314806 0.026514 0.065795
v 0.297814 0.026555 0.065795
v -0.105733 0.026499 0.065795
v -0.080604 0.001412 0.065795
v -0.107122 -0.025310 0.065795
v -0.081812 0.000722 0.065795
v -0.106640 0.025592 0.065795
v -0.081534 -0.000898 0.065795
v -0.106896 -0.025536 0.065795
v -0.080962 -0.025596 0.065795
v -0.107430 -0.078380 0.065795
v -0.107440 -0.026370 0.065795
v -0.133314 -0.078292 0.065795
v -0.133461 -0.077525 0.065795
v -0.107539 -0.025854 0.065795
v -0.133549 -0.025844 0.065795
v -0.159814 -0.181750 0.065795
v -0.134002 -0.078766 0.065795
v -0.159867 -0.078777 0.065795
v -0.133946 -0.183949 0.065795
v -0.133935 -0.080455 0.065795
v -0.159729 -0.183896 0.065795
v -0.317884 0.106562 0.065794
v -0.265931 0.106538 0.065794
v -0.265955 0.132527 0.065794
v -0.318443 0.106669 0.065794
v -0.266514 0.132634 0.065794
v -0.318467 0.132658 0.065794
v -0.318344 -0.078416 0.065795
v -0.292298 -0.078430 0.065795
v -0.292312 -0.052385 0.065795
v -0.318503 -0.078257 0.065795
v -0.292471 -0.052226 0.065795
v -0.318517 -0.052212 0.065795
v -0.318864 -0.210366 0.065795
v -0.318917 -0.107393 0.065795
v -0.344647 -0.210313 0.065795
v -0.344732 -0.208167 0.065795
v -0.319002 -0.105247 0.065795
v -0.344785 -0.105194 0.065795
v 0.184762 0.080210 0.039378
v 0.262358 0.080171 0.039378
v 0.262319 0.106061 0.039378
v 0.183542 0.080301 0.039378
v 0.261099 0.106152 0.039378
v 0.183503 0.106191 0.039378
v 0.368496 0.053668 0.039378
v 0.394542 0.053654 0.039378
v 0.394528 0.079701 0.039378
v 0.368337 0.053827 0.039378
v 0.394369 0.079860 0.039378
v 0.368323 0.079874 0.039378
v 0.342079 0.027253 0.039378
v 0.368125 0.027239 0.039378
v 0.368111 0.053283 0.039378
v 0.341920 0.027412 0.039378
v 0.367952 0.053442 0.039378
v 0.341906 0.053456 0.039378
v 0.315663 0.000835 0.039378
v 0.341708 0.000821 0.039378
v 0.341694 0.026868 0.039378
v 0.315504 0.000994 0.039378
v 0.341535 0.027027 0.039378
v 0.315490 0.027041 0.039378
v -0.079406 0.080210 0.039378
v -0.001811 0.080171 0.039378
v -0.001850 0.106061 0.039378
v -0.080626 0.080301 0.039378
v -0.003070 0.106152 0.039378
v -0.080665 0.106191 0.039378
v 0.079096 0.080210 0.039378
v 0.156692 0.080171 0.039378
v 0.156653 0.106061 0.039378
v 0.077876 0.080301 0.039378
v 0.155433 0.106152 0.039378
v 0.077837 0.106191 0.039378
v -0.344761 0.080086 0.039378
v -0.318715 0.080072 0.039378
v -0.318729 0.106117 0.039378
v -0.344920 0.080245 0.039378
v -0.318888 0.106276 0.039378
v -0.344934 0.106290 0.039378
v -0.160513 0.080138 0.039378
v -0.186352 0.105957 0.039378
v -0.186432 0.080072 0.039378
v -0.186099 0.106210 0.039378
v -0.160082 0.080173 0.039378
v -0.108153 0.106183 0.039378
v -0.159417 0.080138 0.039378
v -0.107430 0.080122 0.039378
v -0.107487 0.106056 0.039378
v -0.265503 -0.053584 -0.066290
v -0.291580 -0.209943 -0.066290
v -0.186990 -0.184007 -0.066290
v -0.186827 -0.184576 -0.066290
v -0.288134 -0.210114 -0.066290
v -0.186779 -0.210366 -0.066290
v -0.291699 -0.204568 -0.066290
v -0.266393 -0.052630 -0.066290
v -0.291852 -0.052460 -0.066290
v -0.161311 -0.183622 -0.066290
v -0.261382 -0.058441 -0.066290
v -0.186363 -0.183901 -0.066290
v -0.265120 -0.052113 -0.066290
v -0.160690 -0.182559 -0.066290
v -0.160690 0.078335 -0.066290
v -0.261382 -0.045784 -0.066290
v -0.161311 0.079398 -0.066290
v -0.186347 0.079648 -0.066290
v -0.265265 -0.050245 -0.066290
v -0.187104 0.079648 -0.066290
v -0.265386 0.079577 -0.066290
v -0.345033 0.080171 -0.039676
v -0.345033 0.080210 0.037920
v -0.345033 0.106061 -0.039637
v -0.345033 0.106152 -0.038417
v -0.345033 0.080301 0.039141
v -0.345033 0.106191 0.039180
v -0.345033 -0.106004 -0.065781
v -0.345033 -0.210168 -0.065844
v -0.345033 -0.210105 0.064345
v -0.345033 -0.105455 -0.064840
v -0.345033 -0.209556 0.065286
v -0.345033 -0.105392 0.065349
v -0.318616 -0.078774 -0.092116
v -0.318616 -0.104203 -0.066598
v -0.318616 -0.078829 -0.066590
v -0.318616 -0.105040 -0.066631
v -0.318616 -0.079120 -0.092462
v -0.318616 -0.207899 -0.092373
v -0.318616 -0.107447 -0.066598
v -0.318616 -0.210280 -0.092279
v -0.318616 -0.210366 -0.066538
v -0.318616 -0.104605 0.062354
v -0.318616 -0.078896 -0.065990
v -0.318616 -0.104638 -0.065982
v -0.318616 -0.052479 0.062094
v -0.318616 -0.052410 -0.065993
v -0.318616 -0.078163 -0.065990
v -0.318616 -0.078229 -0.063256
v -0.318616 -0.078331 0.065597
v -0.318616 -0.052560 0.065429
v -0.318616 -0.078829 -0.063256
v -0.318616 -0.104530 0.065454
v -0.318616 -0.078727 0.065597
v -0.318616 -0.104123 0.066136
v -0.318616 -0.078774 0.091620
v -0.318616 -0.078727 0.065993
v -0.318616 -0.105051 0.066172
v -0.318616 -0.207899 0.091877
v -0.318616 -0.079120 0.091966
v -0.318616 -0.210280 0.091783
v -0.318616 -0.107714 0.066136
v -0.318616 -0.210366 0.066043
v -0.318616 0.079818 0.039752
v -0.318616 0.054245 0.065508
v -0.318616 0.079866 0.065687
v -0.318616 0.079764 -0.038178
v -0.318616 0.054082 0.064863
v -0.318616 0.079818 0.039314
v -0.318616 0.053841 0.063473
v -0.318616 0.079742 -0.039810
v -0.318616 0.053800 -0.065699
v -0.318616 0.079764 -0.040378
v -0.318616 0.079866 -0.066183
v -0.318616 0.054146 -0.066045
v -0.318616 0.080080 -0.066031
v -0.318616 0.080182 -0.040083
v -0.318616 0.106015 -0.040029
v -0.318616 0.106130 0.065687
v -0.318616 0.080128 0.039752
v -0.318616 0.080080 0.065687
v -0.318616 0.080232 0.065901
v -0.318616 0.106276 0.091939
v -0.318616 0.106282 0.065901
v -0.318616 0.080080 0.066053
v -0.318616 0.080072 0.092112
v -0.318616 0.106117 0.092098
v -0.318616 0.080347 0.039533
v -0.318616 0.106282 0.065535
v -0.318616 0.106180 0.039587
v -0.318616 0.132216 0.065549
v -0.318616 0.106598 0.039882
v -0.318616 0.106496 0.065687
v -0.318616 0.132521 -0.063969
v -0.318616 0.106620 0.039314
v -0.318616 0.132562 0.065203
v -0.318616 0.106598 0.037682
v -0.318616 0.132280 -0.065359
v -0.318616 0.106544 -0.039810
v -0.318616 0.106544 -0.040248
v -0.318616 0.132117 -0.066004
v -0.318616 0.106496 -0.066183
v -0.318616 0.106282 -0.066183
v -0.318616 0.080232 -0.066183
v -0.318616 0.106234 -0.040248
v -0.318616 0.080080 -0.066397
v -0.318616 0.106130 -0.066397
v -0.318616 0.080086 -0.092435
v -0.318616 0.106282 -0.066549
v -0.318616 0.106290 -0.092608
v -0.318616 0.080245 -0.092594
v -0.292199 0.053270 -0.065262
v -0.292199 -0.025085 0.065449
v -0.292199 0.053307 0.065546
v -0.292199 0.079701 0.065907
v -0.292199 0.053803 0.066042
v -0.292199 0.053668 0.091939
v -0.292199 0.079860 0.066066
v -0.292199 0.053827 0.092098
v -0.292199 0.079874 0.092112
v -0.292199 0.079860 -0.092435
v -0.292199 0.054242 -0.066575
v -0.292199 0.079874 -0.066389
v -0.292199 0.079701 -0.092594
v -0.292199 0.053654 -0.092608
v -0.292199 0.053840 -0.066977
v -0.292199 -0.025349 0.064547
v -0.292199 0.053052 -0.066005
v -0.292199 -0.025447 -0.066042
v -0.292199 -0.051812 -0.066044
v -0.292199 -0.026041 0.062305
v -0.292199 -0.025943 -0.066042
v -0.292199 -0.025841 -0.092355
v -0.292199 -0.051518 -0.066536
v -0.292199 -0.025943 -0.066538
v -0.292199 -0.052113 -0.066639
v -0.292199 -0.026047 -0.092561
v -0.292199 -0.078177 -0.092561
v -0.292199 -0.052708 -0.066536
v -0.292199 -0.078383 -0.092355
v -0.292199 -0.078430 -0.066389
v -0.292199 -0.051867 -0.063801
v -0.292199 -0.051918 0.065600
v -0.292199 -0.026117 0.065449
v -0.292199 -0.051643 0.065990
v -0.292199 -0.025841 0.091859
v -0.292199 -0.026041 0.066141
v -0.292199 -0.026047 0.092065
v -0.292199 -0.052113 0.066070
v -0.292199 -0.078177 0.092065
v -0.292199 -0.078430 0.065894
v -0.292199 -0.078383 0.091859
v -0.292199 -0.052583 0.065990
v -0.265782 0.132535 0.065907
v -0.265782 0.106488 0.065893
v -0.265782 0.106502 0.091939
v -0.265782 0.132694 0.066066
v -0.265782 0.106661 0.092098
v -0.265782 0.132708 0.092112
v -0.265782 0.052098 -0.092471
v -0.265782 -0.025497 -0.092509
v -0.265782 -0.025458 -0.066618
v -0.265782 0.053318 -0.092379
v -0.265782 -0.024238 -0.066527
v -0.265782 0.053357 -0.066488
v -0.265782 0.052098 0.066031
v -0.265782 -0.025497 0.065993
v -0.265782 -0.025458 0.091883
v -0.265782 0.053319 0.066122
v -0.265782 -0.024238 0.091974
v -0.265782 0.053357 0.092013
v -0.265782 0.132535 -0.092594
v -0.265782 0.106488 -0.092608
v -0.265782 0.106502 -0.066562
v -0.265782 0.132694 -0.092435
v -0.265782 0.106661 -0.066403
v -0.265782 0.132708 -0.066389
v -0.160115 -0.167612 -0.065463
v -0.160115 0.079358 -0.040553
v -0.160115 0.079428 -0.065745
v -0.160115 -0.183310 0.064485
v -0.160115 0.077413 -0.039512
v -0.160115 -0.183370 -0.065376
v -0.160115 0.079358 -0.038966
v -0.160115 -0.178040 0.064288
v -0.160115 0.079509 0.038958
v -0.160115 0.079509 0.039891
v -0.160115 -0.166410 0.064908
v -0.160115 0.079428 0.065249
v -0.107281 0.080122 -0.092558
v -0.107281 0.080146 -0.040606
v -0.107281 0.106109 -0.092534
v -0.107281 0.106216 -0.091975
v -0.107281 0.080253 -0.040047
v -0.107281 0.106240 -0.040023
v -0.107281 0.080122 0.039527
v -0.107281 0.080146 0.091479
v -0.107281 0.106109 0.039551
v -0.107281 0.106216 0.040110
v -0.107281 0.080253 0.092038
v -0.107281 0.106240 0.092062
v -0.001613 0.080122 0.039527
v -0.001613 0.080146 0.091479
v -0.001613 0.106109 0.039551
v -0.001613 0.106216 0.040110
v -0.001613 0.080253 0.092038
v -0.001613 0.106240 0.092062
v -0.001613 0.080122 -0.092558
v -0.001613 0.080146 -0.040606
v -0.001613 0.106109 -0.092534
v -0.001613 0.106216 -0.091975
v -0.001613 0.080253 -0.040047
v -0.001613 0.106240 -0.040023
v 0.156890 0.080122 0.039527
v 0.156890 0.080146 0.091479
v 0.156890 0.106109 0.039551
v 0.156890 0.106216 0.040110
v 0.156890 0.080253 0.092038
v 0.156890 0.106240 0.092062
v 0.156890 0.080122 -0.092558
v 0.156890 0.080146 -0.040606
v 0.156890 0.106109 -0.092534
v 0.156890 0.106216 -0.091975
v 0.156890 0.080253 -0.040047
v 0.156890 0.106240 -0.040023
v 0.262556 0.080122 0.039527
v 0.262556 0.080146 0.091479
v 0.262556 0.106109 0.039551
v 0.262556 0.106216 0.040110
v 0.262556 0.080253 0.092038
v 0.262556 0.106240 0.092062
v 0.262556 0.080122 -0.092558
v 0.262556 0.080146 -0.040606
v 0.262556 0.106109 -0.092534
v 0.262556 0.106216 -0.091975
v 0.262556 0.080253 -0.040047
v 0.262556 0.106240 -0.040023
v -0.189246 -0.210614 -0.092373
v -0.292094 -0.210614 -0.066667
v -0.318025 -0.210614 -0.092462
v -0.289431 -0.210614 -0.066631
v -0.186865 -0.210614 -0.092279
v -0.186779 -0.210614 -0.066538
v -0.318418 -0.210614 -0.066488
v -0.318371 -0.210614 -0.092116
v -0.293022 -0.210614 -0.066631
v -0.292615 -0.210614 -0.065949
v -0.318316 -0.210614 0.062761
v -0.318418 -0.210614 -0.066092
v -0.318916 -0.210614 0.062761
v -0.344586 -0.210614 -0.065923
v -0.318814 -0.210614 -0.066092
v -0.344666 -0.210614 -0.062589
v -0.318983 -0.210614 0.065495
v -0.344736 -0.210614 0.065498
v -0.318249 -0.210614 0.065495
v -0.292540 -0.210614 -0.062849
v -0.292507 -0.210614 0.065487
v -0.292942 -0.210614 0.066103
v -0.318371 -0.210614 0.091620
v -0.318316 -0.210614 0.066095
v -0.292105 -0.210614 0.066136
v -0.189246 -0.210614 0.091877
v -0.318025 -0.210614 0.091966
v -0.289698 -0.210614 0.066103
v -0.186779 -0.210614 0.066043
v -0.186865 -0.210614 0.091783
v -0.160387 -0.184197 -0.092594
v -0.186418 -0.184197 -0.066562
v -0.186432 -0.184197 -0.092608
v -0.186259 -0.184197 -0.066403
v -0.160228 -0.184197 -0.092435
v -0.160313 -0.184197 -0.066488
v -0.134145 -0.184197 -0.065923
v -0.159875 -0.184197 0.063375
v -0.159917 -0.184197 -0.066092
v -0.159823 -0.184197 0.065555
v -0.134065 -0.184197 -0.062589
v -0.133995 -0.184197 0.065498
v -0.160693 -0.184197 0.066035
v -0.186418 -0.184197 0.091939
v -0.186432 -0.184197 0.065894
v -0.186259 -0.184197 0.092098
v -0.160355 -0.184197 0.066374
v -0.160214 -0.184197 0.092112
v -0.134277 -0.078529 0.066035
v -0.160002 -0.078529 0.091939
v -0.160016 -0.078529 0.065894
v -0.159843 -0.078529 0.092098
v -0.133938 -0.078529 0.066373
v -0.133797 -0.078529 0.092112
v -0.133406 -0.078529 0.065555
v -0.107648 -0.078529 -0.062589
v -0.107578 -0.078529 0.065498
v -0.107728 -0.078529 -0.065923
v -0.133458 -0.078529 0.063375
v -0.133500 -0.078529 -0.066092
v -0.159843 -0.078529 -0.066403
v -0.133811 -0.078529 -0.092435
v -0.133896 -0.078529 -0.066488
v -0.133970 -0.078529 -0.092594
v -0.160002 -0.078529 -0.066562
v -0.160016 -0.078529 -0.092608
v -0.266229 -0.052113 -0.065923
v -0.291832 -0.052113 0.062094
v -0.291902 -0.052113 -0.065993
v -0.291752 -0.052113 0.065429
v -0.266149 -0.052113 -0.062589
v -0.266079 -0.052113 0.065498
v -0.081310 -0.025695 -0.065923
v -0.107041 -0.025695 0.063375
v -0.107083 -0.025695 -0.066092
v -0.106989 -0.025695 0.065555
v -0.081230 -0.025695 -0.062589
v -0.081160 -0.025695 0.065498
v -0.133426 -0.025695 -0.066403
v -0.107394 -0.025695 -0.092435
v -0.107479 -0.025695 -0.066488
v -0.107553 -0.025695 -0.092594
v -0.133585 -0.025695 -0.066562
v -0.133599 -0.025695 -0.092608
v -0.133426 -0.025695 0.092098
v -0.107521 -0.025695 0.066373
v -0.107380 -0.025695 0.092112
v -0.107860 -0.025695 0.066035
v -0.133585 -0.025695 0.091939
v -0.133599 -0.025695 0.065894
v 0.311484 0.000722 0.038998
v -0.079706 0.000722 0.064558
v -0.079611 0.000722 -0.064660
v -0.046119 0.000722 0.064638
v 0.314752 0.000722 0.040061
v 0.314599 0.000722 0.065002
v -0.068110 0.000722 -0.064185
v 0.314895 0.000722 -0.039410
v 0.314752 0.000722 0.038546
v 0.314895 0.000722 -0.040404
v -0.043257 0.000722 -0.065038
v 0.314599 0.000722 -0.065497
v 0.341479 0.000722 -0.039637
v 0.316030 0.000722 0.035438
v 0.315887 0.000722 -0.039378
v 0.316278 0.000722 0.038739
v 0.341570 0.000722 -0.038417
v 0.341609 0.000722 0.039180
v 0.280453 0.027139 -0.091616
v -0.106190 0.027139 -0.067451
v -0.106439 0.027139 -0.091865
v -0.072343 0.027139 -0.067381
v 0.314300 0.027139 -0.091546
v 0.314920 0.027139 -0.066761
v 0.341535 0.027139 -0.066177
v 0.315504 0.027139 -0.040146
v 0.315862 0.027139 -0.065819
v 0.315663 0.027139 -0.039987
v 0.341694 0.027139 -0.066018
v 0.341658 0.027139 -0.040023
v 0.367896 0.027139 -0.039637
v 0.341982 0.027140 0.038302
v 0.341956 0.027139 -0.039725
v 0.342049 0.027140 0.039203
v 0.367987 0.027139 -0.038417
v 0.368026 0.027140 0.039180
v 0.341385 0.027140 0.039553
v 0.315993 0.027140 0.064342
v 0.315490 0.027140 0.039477
v 0.316844 0.027140 0.065193
v 0.341632 0.027140 0.039800
v 0.341708 0.027140 0.065696
v -0.072342 0.027140 0.091120
v 0.314789 0.027140 0.066436
v 0.314549 0.027140 0.091369
v 0.296116 0.027140 0.066397
v -0.106190 0.027140 0.091050
v -0.106439 0.027140 0.066637
v 0.367952 0.053555 -0.066177
v 0.341920 0.053555 -0.040146
v 0.341906 0.053555 -0.066191
v 0.342079 0.053555 -0.039987
v 0.368111 0.053555 -0.066018
v 0.368075 0.053555 -0.040023
v 0.315663 0.053555 -0.066403
v 0.341694 0.053555 -0.092435
v 0.341708 0.053555 -0.066389
v 0.341535 0.053555 -0.092594
v 0.315504 0.053555 -0.066562
v 0.315490 0.053555 -0.092608
v 0.394313 0.053555 -0.039637
v 0.368399 0.053555 0.038302
v 0.368373 0.053555 -0.039725
v 0.368466 0.053555 0.039203
v 0.394405 0.053555 -0.038417
v 0.394443 0.053555 0.039180
v 0.342079 0.053555 0.065681
v 0.368049 0.053555 0.039800
v 0.368125 0.053555 0.065695
v 0.367802 0.053555 0.039553
v 0.341920 0.053555 0.065522
v 0.341906 0.053555 0.039477
v 0.341535 0.053555 0.065907
v 0.315504 0.053555 0.091939
v 0.315490 0.053555 0.065893
v 0.315663 0.053555 0.092098
v 0.341694 0.053555 0.066066
v 0.341708 0.053555 0.092112
v -0.266054 0.053555 -0.092594
v -0.291959 0.053555 -0.066869
v -0.292100 0.053555 -0.092608
v -0.291620 0.053555 -0.066530
v -0.265895 0.053555 -0.092435
v -0.265881 0.053555 -0.066389
v -0.292491 0.053555 -0.066050
v -0.318249 0.053555 0.062093
v -0.318319 0.053555 -0.065993
v -0.318169 0.053555 0.065427
v -0.292439 0.053555 -0.063870
v -0.292397 0.053555 0.065596
v -0.266054 0.053555 0.065907
v -0.292086 0.053555 0.091939
v -0.292001 0.053555 0.065992
v -0.291927 0.053555 0.092098
v -0.265895 0.053555 0.066066
v -0.265881 0.053555 0.092112
v -0.263315 0.079973 -0.065890
v -0.186729 0.079973 -0.066092
v -0.186733 0.079973 -0.040154
v -0.186801 0.079973 0.038569
v -0.264693 0.079973 -0.065505
v -0.186733 0.079973 -0.039728
v -0.186971 0.079973 0.039241
v -0.265413 0.079973 0.065283
v -0.265382 0.079973 -0.065089
v -0.263511 0.079973 0.065425
v -0.186801 0.079973 0.039752
v -0.186729 0.079973 0.065596
v -0.160443 0.079973 -0.039637
v -0.186261 0.079973 0.037717
v -0.186329 0.079973 -0.039672
v -0.186157 0.079973 0.039108
v -0.160352 0.079973 -0.038417
v -0.160313 0.079973 0.039180
v -0.292471 0.079973 0.065907
v -0.318503 0.079973 0.091939
v -0.318517 0.079973 0.065893
v -0.318344 0.079973 0.092098
v -0.292312 0.079973 0.066066
v -0.292298 0.079973 0.092112
v 0.367952 0.079973 0.065907
v 0.341920 0.079973 0.091939
v 0.341906 0.079973 0.065893
v 0.342079 0.079973 0.092098
v 0.368111 0.079973 0.066066
v 0.368125 0.079973 0.092112
v 0.368496 0.079973 0.065681
v 0.394528 0.079973 0.039650
v 0.394542 0.079973 0.065695
v 0.394369 0.079973 0.039491
v 0.368337 0.079973 0.065522
v 0.368323 0.079973 0.039477
v -0.318944 0.079973 -0.039637
v -0.344796 0.079973 0.037921
v -0.344835 0.079973 -0.039676
v -0.344705 0.079973 0.039141
v -0.318853 0.079973 -0.038417
v -0.318814 0.079973 0.039180
v -0.292471 0.079973 -0.092594
v -0.318503 0.079973 -0.066562
v -0.318517 0.079973 -0.092608
v -0.318344 0.079973 -0.066403
v -0.292312 0.079973 -0.092435
v -0.292298 0.079973 -0.066389
v 0.367952 0.079973 -0.092594
v 0.341920 0.079973 -0.066562
v 0.341906 0.079973 -0.092608
v 0.342079 0.079973 -0.066403
v 0.368111 0.079973 -0.092435
v 0.368125 0.079973 -0.066389
v 0.394369 0.079973 -0.066177
v 0.368337 0.079973 -0.040146
v 0.368323 0.079973 -0.066191
v 0.368496 0.079973 -0.039987
v 0.394528 0.079973 -0.066018
v 0.394542 0.079973 -0.039973
v -0.002552 0.106389 -0.092423
v -0.080579 0.106389 -0.040405
v -0.080615 0.106389 -0.092459
v -0.079924 0.106389 -0.040158
v -0.001897 0.106389 -0.092176
v -0.001861 0.106389 -0.040122
v -0.108220 0.106389 -0.092423
v -0.186247 0.106389 -0.040405
v -0.186283 0.106389 -0.092459
v -0.185592 0.106389 -0.040158
v -0.107565 0.106389 -0.092176
v -0.107529 0.106389 -0.040122
v 0.155951 0.106389 0.039662
v 0.077923 0.106389 0.091680
v 0.077887 0.106389 0.039626
v 0.078578 0.106389 0.091927
v 0.156606 0.106389 0.039909
v 0.156642 0.106389 0.091963
v 0.261617 0.106389 0.039662
v 0.183589 0.106389 0.091680
v 0.183553 0.106389 0.039626
v 0.184244 0.106389 0.091927
v 0.262272 0.106389 0.039909
v 0.262308 0.106389 0.091963
v -0.108220 0.106389 0.039662
v -0.186247 0.106389 0.091680
v -0.186283 0.106389 0.039626
v -0.185592 0.106389 0.091927
v -0.107565 0.106389 0.039909
v -0.107529 0.106389 0.091963
v -0.002552 0.106389 0.039662
v -0.080579 0.106389 0.091680
v -0.080615 0.106389 0.039626
v -0.079924 0.106389 0.091927
v -0.001897 0.106389 0.039909
v -0.001861 0.106389 0.091963
v 0.155951 0.106389 -0.092423
v 0.077923 0.106389 -0.040405
v 0.077887 0.106389 -0.092459
v 0.078578 0.106389 -0.040158
v 0.156606 0.106389 -0.092176
v 0.156642 0.106389 -0.040122
v 0.261617 0.106389 -0.092423
v 0.183589 0.106389 -0.040405
v 0.183553 0.106389 -0.092459
v 0.184244 0.106389 -0.040158
v 0.262272 0.106389 -0.092176
v 0.262308 0.106389 -0.040122
v 0.262835 0.106001 -0.092707
v 0.340605 0.080168 -0.092707
v 0.262795 0.080212 -0.092707
v 0.341336 0.079778 -0.092707
v 0.315363 0.053725 -0.092707
v 0.263569 0.079734 -0.092707
v 0.315729 0.053695 -0.092707
v 0.341612 0.079502 -0.092707
v 0.341708 0.053654 -0.092707
v 0.314718 0.028764 -0.092707
v 0.263767 0.079100 -0.092707
v 0.315251 0.053469 -0.092707
v 0.262457 0.079734 -0.092707
v 0.312597 0.028981 -0.092707
v 0.184641 0.079716 -0.092707
v 0.293878 0.035019 -0.092707
v 0.158445 0.079721 -0.092707
v 0.183255 0.079716 -0.092707
v 0.183038 0.105744 -0.092707
v 0.183048 0.080230 -0.092707
v 0.157499 0.080225 -0.092707
v 0.302803 0.030626 -0.092707
v 0.081880 0.079507 -0.092707
v 0.156849 0.079721 -0.092707
v 0.157142 0.080582 -0.092707
v 0.157213 0.106065 -0.092707
v 0.182660 0.106122 -0.092707
v 0.077653 0.079493 -0.092707
v 0.309261 0.027812 -0.092707
v -0.103759 0.027632 -0.092707
v 0.162086 0.106712 -0.092707
v 0.237290 0.115272 -0.092707
v 0.183286 0.106656 -0.092707
v 0.187064 0.106656 -0.092707
v 0.346154 0.128484 -0.092707
v 0.262522 0.106668 -0.092707
v 0.341708 0.080212 -0.092707
v 0.263555 0.106351 -0.092707
v 0.366061 0.131072 -0.092707
v 0.368075 0.080122 -0.092707
v 0.342123 0.080168 -0.092707
v 0.367065 0.127899 -0.092707
v 0.299850 0.125427 -0.092707
v 0.156870 0.106712 -0.092707
v 0.086902 0.106809 -0.092707
v 0.000174 0.080263 -0.092707
v 0.077219 0.105806 -0.092707
v 0.077173 0.080439 -0.092707
v 0.074315 0.079507 -0.092707
v -0.102314 0.029071 -0.092707
v -0.001545 0.079683 -0.092707
v -0.001092 0.105868 -0.092707
v 0.075050 0.105969 -0.092707
v -0.001323 0.080375 -0.092707
v 0.248881 0.123121 -0.092707
v 0.077620 0.106809 -0.092707
v 0.012992 0.106910 -0.092707
v 0.183999 0.120808 -0.092707
v -0.001632 0.106910 -0.092707
v -0.062298 0.106935 -0.092707
v -0.002841 0.079683 -0.092707
v -0.106178 0.028242 -0.092707
v -0.080757 0.079802 -0.092707
v -0.341995 0.092196 -0.092707
v -0.080879 0.106935 -0.092707
v -0.089835 0.106873 -0.092707
v -0.081409 0.105843 -0.092707
v -0.081034 0.080387 -0.092707
v -0.106112 0.105905 -0.092707
v 0.075867 0.117722 -0.092707
v -0.107294 0.106873 -0.092707
v -0.160566 0.107007 -0.092707
v -0.107108 0.080146 -0.092707
v -0.106797 0.105220 -0.092707
v -0.081277 0.080144 -0.092707
v -0.081140 0.079802 -0.092707
v -0.106788 0.029228 -0.092707
v -0.107108 0.079800 -0.092707
v 0.319536 0.131648 -0.092707
v -0.186445 0.107012 -0.092707
v -0.260052 0.131877 -0.092707
v -0.264852 0.131517 -0.092707
v -0.190338 0.107007 -0.092707
v -0.265574 0.106597 -0.092707
v -0.185437 0.079642 -0.092707
v -0.107454 0.079800 -0.092707
v -0.107774 0.028061 -0.092707
v -0.186862 0.080432 -0.092707
v -0.264502 0.106181 -0.092707
v -0.187149 0.105771 -0.092707
v -0.265574 0.106101 -0.092707
v -0.187578 0.079973 -0.092707
v -0.265572 0.053846 -0.092707
v -0.265990 0.105888 -0.092707
v -0.265992 0.054061 -0.092707
v -0.292024 0.079973 -0.092707
v -0.292100 0.053654 -0.092707
v -0.292075 0.079674 -0.092707
v -0.266288 0.053765 -0.092707
v -0.266283 0.106181 -0.092707
v -0.292199 0.080148 -0.092707
v -0.318264 0.106243 -0.092707
v -0.318470 0.106037 -0.092707
v -0.292498 0.080097 -0.092707
v -0.318517 0.080072 -0.092707
v -0.187432 0.079324 -0.092707
v -0.265440 -0.024669 -0.092707
v -0.265572 0.053404 -0.092707
v -0.107917 0.026970 -0.092707
v -0.133698 -0.025069 -0.092707
v -0.185677 0.079006 -0.092707
v -0.265098 -0.025353 -0.092707
v -0.186588 0.079346 -0.092707
v -0.134151 -0.025415 -0.092707
v -0.133245 -0.025415 -0.092707
v -0.107774 0.025050 -0.092707
v -0.107430 -0.025546 -0.092707
v -0.134151 -0.025975 -0.092707
v -0.160269 -0.078068 -0.092707
v -0.264334 -0.026037 -0.092707
v -0.159559 -0.078185 -0.092707
v -0.133978 -0.026880 -0.092707
v -0.133847 -0.078380 -0.092707
v -0.291638 -0.078182 -0.092707
v -0.265629 -0.026154 -0.092707
v -0.161572 -0.078185 -0.092707
v -0.291852 -0.077061 -0.092707
v -0.292050 -0.025844 -0.092707
v -0.266335 -0.026037 -0.092707
v -0.160556 -0.078873 -0.092707
v -0.186712 -0.183543 -0.092707
v -0.291362 -0.078876 -0.092707
v -0.160459 -0.081323 -0.092707
v -0.160363 -0.183949 -0.092707
v -0.186103 -0.183863 -0.092707
v -0.317978 -0.209976 -0.092707
v -0.291986 -0.079232 -0.092707
v -0.187209 -0.183992 -0.092707
v -0.292622 -0.078876 -0.092707
v -0.318116 -0.205562 -0.092707
v -0.318319 -0.078826 -0.092707
v -0.313564 -0.210114 -0.092707
v -0.186865 -0.184605 -0.092707
v -0.186828 -0.210317 -0.092707
v -0.107454 -0.077797 -0.066290
v -0.133418 -0.025868 -0.066290
v -0.107428 -0.025842 -0.066290
v -0.133525 -0.026427 -0.066290
v -0.107561 -0.078356 -0.066290
v -0.133500 -0.078331 -0.066290
v -0.133896 -0.078727 -0.066290
v -0.133999 -0.181750 -0.066290
v -0.159729 -0.078830 -0.066290
v -0.159814 -0.080976 -0.066290
v -0.134084 -0.183896 -0.066290
v -0.159867 -0.183949 -0.066290
v -0.106926 -0.025548 -0.066290
v -0.081534 -0.000898 -0.066290
v -0.080962 -0.025596 -0.066290
v -0.081812 0.000722 -0.066290
v -0.107134 -0.025340 -0.066290
v -0.106640 0.025591 -0.066290
v -0.105733 0.026498 -0.066290
v 0.295140 0.026465 -0.066290
v -0.080604 0.001412 -0.066290
v 0.314599 0.001515 -0.066290
v -0.060714 0.001393 -0.066290
v 0.314717 0.026418 -0.066290
v 0.315504 0.053283 -0.066290
v 0.341535 0.027252 -0.066290
v 0.316065 0.027813 -0.066290
v 0.341694 0.027411 -0.066290
v 0.315663 0.053442 -0.066290
v 0.341708 0.053456 -0.066290
v 0.341920 0.079701 -0.066290
v 0.367952 0.053668 -0.066290
v 0.341906 0.053654 -0.066290
v 0.368100 0.079849 -0.066290
v 0.368111 0.053827 -0.066290
v 0.342079 0.079860 -0.066290
v 0.368397 0.132075 -0.066290
v 0.394361 0.080146 -0.066290
v 0.368348 0.080097 -0.066290
v 0.394492 0.132658 -0.066290
v 0.394468 0.080705 -0.066290
v 0.368504 0.132634 -0.066290
v -0.318917 -0.208167 -0.066290
v -0.344647 -0.105247 -0.066290
v -0.318864 -0.105194 -0.066290
v -0.344732 -0.107393 -0.066290
v -0.319002 -0.210313 -0.066290
v -0.344785 -0.210366 -0.066290
v -0.292298 -0.052212 -0.066290
v -0.292312 -0.078257 -0.066290
v -0.318344 -0.052226 -0.066290
v -0.318503 -0.052385 -0.066290
v -0.292471 -0.078416 -0.066290
v -0.318517 -0.078430 -0.066290
v -0.265980 0.053357 -0.066290
v -0.266019 -0.024238 -0.066290
v -0.291957 0.053380 -0.066290
v -0.292024 0.052479 -0.066290
v -0.266110 -0.025458 -0.066290
v -0.292001 -0.025497 -0.066290
v -0.318503 0.079701 -0.066290
v -0.292621 0.053730 -0.066290
v -0.318517 0.053654 -0.066290
v -0.292298 0.079874 -0.066290
v -0.292374 0.053977 -0.066290
v -0.318344 0.079860 -0.066290
v -0.317884 0.132634 -0.066290
v -0.265931 0.132658 -0.066290
v -0.265955 0.106669 -0.066290
v -0.318443 0.132527 -0.066290
v -0.266514 0.106562 -0.066290
v -0.318467 0.106538 -0.066290
v 0.368125 0.053456 -0.039874
v 0.368111 0.027411 -0.039874
v 0.342079 0.053442 -0.039874
v 0.341920 0.053283 -0.039874
v 0.367952 0.027252 -0.039874
v 0.341906 0.027238 -0.039874
v 0.368337 0.079701 -0.039874
v 0.394369 0.053668 -0.039874
v 0.368323 0.053654 -0.039874
v 0.394542 0.079874 -0.039874
v 0.394528 0.053827 -0.039874
v 0.368496 0.079860 -0.039874
v 0.341708 0.027040 -0.039874
v 0.341694 0.000994 -0.039874
v 0.315663 0.027026 -0.039874
v 0.315504 0.026867 -0.039874
v 0.341535 0.000835 -0.039874
v 0.315490 0.000821 -0.039874
v -0.108153 0.106183 -0.039874
v -0.160082 0.080173 -0.039874
v -0.186099 0.106210 -0.039874
v -0.186352 0.105957 -0.039874
v -0.160513 0.080138 -0.039874
v -0.186432 0.080072 -0.039874
v -0.159417 0.080138 -0.039874
v -0.107487 0.106056 -0.039874
v -0.107430 0.080122 -0.039874
v -0.001850 0.080301 -0.039874
v -0.079406 0.106152 -0.039874
v -0.001811 0.106191 -0.039874
v -0.080626 0.106061 -0.039874
v -0.003070 0.080210 -0.039874
v -0.080665 0.080171 -0.039874
v -0.318715 0.106290 -0.039874
v -0.318729 0.080245 -0.039874
v -0.344761 0.106276 -0.039874
v -0.344920 0.106117 -0.039874
v -0.318888 0.080086 -0.039874
v -0.344934 0.080072 -0.039874
v 0.079096 0.106152 -0.039874
v 0.156692 0.106191 -0.039874
v 0.156653 0.080301 -0.039874
v 0.077876 0.106061 -0.039874
v 0.155433 0.080210 -0.039874
v 0.077837 0.080171 -0.039874
v 0.184762 0.106152 -0.039874
v 0.262358 0.106191 -0.039874
v 0.262319 0.080301 -0.039874
v 0.183542 0.106061 -0.039874
v 0.261099 0.080210 -0.039874
v 0.183503 0.080171 -0.039874
v -0.288134 -0.210114 0.065795
v -0.186827 -0.184576 0.065795
v -0.186779 -0.210366 0.065795
v -0.291580 -0.209943 0.065795
v -0.265503 -0.053584 0.065795
v -0.186990 -0.184007 0.065795
v -0.266393 -0.052630 0.065795
v -0.291699 -0.204568 0.065795
v -0.291852 -0.052460 0.065795
v -0.186363 -0.183901 0.065795
v -0.261382 -0.058441 0.065795
v -0.161311 -0.183622 0.065795
v -0.265120 -0.052113 0.065795
v -0.160690 0.078335 0.065794
v -0.160690 -0.182559 0.065795
v -0.161311 0.079398 0.065794
v -0.261382 -0.045784 0.065795
v -0.186347 0.079648 0.065794
v -0.187104 0.079648 0.065794
v -0.265265 -0.050245 0.065795
v -0.265386 0.079577 0.065794
v 0.066053 0.071338 -0.094291
v 0.066053 0.078353 -0.094275
v 0.066053 0.071362 -0.087296
v 0.066053 0.085380 -0.094265
v 0.066053 0.071571 -0.087359
v 0.066053 0.078475 -0.094275
v 0.066053 0.071528 -0.087223
v 0.066053 0.085593 -0.094254
v 0.066053 0.092632 -0.087220
v 0.066053 0.092722 -0.094291
v 0.066053 0.092701 -0.087289
v 0.066053 0.085730 -0.094265
v 0.066053 0.078521 -0.115361
v 0.066053 0.085530 -0.094371
v 0.066053 0.078500 -0.094361
v 0.066053 0.085549 -0.115701
v 0.066053 0.085550 -0.094643
v 0.066053 0.078546 -0.115691
v 0.058908 0.071571 -0.122713
v 0.058908 0.085407 -0.115801
v 0.058908 0.078475 -0.115798
v 0.058908 0.085594 -0.115811
v 0.058908 0.071528 -0.122849
v 0.058908 0.092632 -0.122852
v 0.058908 0.071360 -0.115804
v 0.058908 0.071362 -0.122776
v 0.058908 0.078353 -0.115798
v 0.058908 0.085715 -0.115801
v 0.058908 0.092701 -0.122783
v 0.058908 0.092700 -0.115804
v 0.058908 0.078414 -0.115712
v 0.058908 0.078393 -0.094712
v 0.058908 0.071379 -0.115706
v 0.058908 0.085667 -0.094712
v 0.058908 0.085649 -0.115709
v 0.058908 0.092681 -0.115706
v 0.058908 0.071360 -0.115452
v 0.058908 0.078368 -0.094382
v 0.058908 0.071362 -0.094369
v 0.058908 0.085692 -0.094382
v 0.058908 0.092700 -0.115452
v 0.058908 0.092698 -0.094369
v 0.058908 0.071260 -0.094634
v 0.058908 0.064267 -0.115682
v 0.058908 0.071262 -0.115706
v 0.058908 0.064239 -0.115306
v 0.058908 0.071252 -0.094332
v 0.058908 0.064223 -0.087310
v 0.058908 0.071260 -0.094194
v 0.058908 0.071284 -0.087199
v 0.058908 0.064304 -0.087229
v 0.058908 0.092798 -0.115706
v 0.058908 0.099793 -0.115682
v 0.058908 0.092800 -0.094634
v 0.058908 0.099837 -0.087310
v 0.058908 0.092808 -0.094332
v 0.058908 0.099821 -0.115306
v 0.058908 0.092800 -0.094194
v 0.058908 0.099756 -0.087229
v 0.058908 0.092776 -0.087199
v 0.051763 0.064092 -0.094288
v 0.051763 0.057050 -0.087246
v 0.051763 0.057047 -0.094291
v 0.051763 0.057094 -0.087203
v 0.051763 0.064135 -0.094244
v 0.051763 0.064139 -0.087199
v 0.051763 0.071237 -0.122870
v 0.051763 0.064196 -0.115829
v 0.051763 0.064193 -0.122873
v 0.051763 0.064240 -0.115786
v 0.051763 0.071280 -0.122826
v 0.051763 0.071284 -0.115782
v 0.051763 0.106966 -0.094288
v 0.051763 0.099924 -0.087246
v 0.051763 0.099921 -0.094291
v 0.051763 0.099968 -0.087203
v 0.051763 0.107010 -0.094244
v 0.051763 0.107013 -0.087199
v 0.051763 0.099820 -0.122870
v 0.051763 0.092779 -0.115829
v 0.051763 0.092776 -0.122873
v 0.051763 0.092823 -0.115786
v 0.051763 0.099863 -0.122826
v 0.051763 0.099867 -0.115782
v 0.044617 0.064077 -0.115691
v 0.044617 0.057084 -0.094712
v 0.044617 0.057074 -0.115701
v 0.044617 0.057109 -0.094382
v 0.044617 0.064102 -0.115361
v 0.044617 0.064112 -0.094372
v 0.044617 0.106951 -0.115691
v 0.044617 0.099958 -0.094712
v 0.044617 0.099948 -0.115701
v 0.044617 0.099983 -0.094382
v 0.044617 0.106976 -0.115361
v 0.044617 0.106986 -0.094372
v 0.037668 0.107040 -0.094272
v 0.051503 0.107040 -0.087359
v 0.044596 0.107040 -0.094267
v 0.051712 0.107040 -0.087296
v 0.051736 0.107040 -0.094291
v 0.044741 0.107040 -0.094267
v 0.051546 0.107040 -0.087223
v 0.037481 0.107040 -0.094262
v 0.030443 0.107040 -0.087220
v 0.030353 0.107040 -0.094291
v 0.030374 0.107040 -0.087289
v 0.037360 0.107040 -0.094272
v 0.044546 0.107040 -0.094369
v 0.037536 0.107040 -0.115361
v 0.037518 0.107040 -0.094364
v 0.044566 0.107040 -0.094634
v 0.044563 0.107040 -0.115701
v 0.037561 0.107040 -0.115691
v 0.051503 0.099894 -0.122713
v 0.037668 0.099894 -0.115801
v 0.044599 0.099894 -0.115798
v 0.037481 0.099894 -0.115811
v 0.051546 0.099894 -0.122849
v 0.030443 0.099894 -0.122852
v 0.051714 0.099894 -0.115804
v 0.051712 0.099894 -0.122776
v 0.044721 0.099894 -0.115798
v 0.037360 0.099894 -0.115801
v 0.030374 0.099894 -0.122783
v 0.030375 0.099894 -0.115804
v 0.044660 0.099894 -0.115712
v 0.044681 0.099894 -0.094712
v 0.051695 0.099894 -0.115706
v 0.037408 0.099894 -0.094712
v 0.037426 0.099894 -0.115709
v 0.030394 0.099894 -0.115706
v 0.051712 0.099894 -0.094369
v 0.051714 0.099894 -0.115452
v 0.044706 0.099894 -0.094382
v 0.037383 0.099894 -0.094382
v 0.030375 0.099894 -0.115452
v 0.030377 0.099894 -0.094369
v 0.051812 0.099894 -0.115706
v 0.051814 0.099894 -0.094634
v 0.058807 0.099894 -0.115682
v 0.058835 0.099894 -0.115306
v 0.051822 0.099894 -0.094332
v 0.058851 0.099894 -0.087310
v 0.051814 0.099894 -0.094194
v 0.051790 0.099894 -0.087199
v 0.058770 0.099894 -0.087229
v 0.030277 0.099894 -0.115706
v 0.023281 0.099894 -0.115682
v 0.030275 0.099894 -0.094634
v 0.023237 0.099894 -0.087310
v 0.030267 0.099894 -0.094332
v 0.023253 0.099894 -0.115306
v 0.030275 0.099894 -0.094194
v 0.023318 0.099894 -0.087229
v 0.030299 0.099894 -0.087199
v 0.058935 0.092749 -0.094291
v 0.058938 0.092749 -0.087246
v 0.065979 0.092749 -0.094288
v 0.066023 0.092749 -0.094244
v 0.058982 0.092749 -0.087203
v 0.066026 0.092749 -0.087199
v 0.051790 0.092749 -0.122873
v 0.051793 0.092749 -0.115829
v 0.058834 0.092749 -0.122870
v 0.058878 0.092749 -0.122826
v 0.051837 0.092749 -0.115786
v 0.058881 0.092749 -0.115782
v 0.016061 0.092749 -0.094291
v 0.016064 0.092749 -0.087246
v 0.023106 0.092749 -0.094288
v 0.023150 0.092749 -0.094244
v 0.016108 0.092749 -0.087203
v 0.023153 0.092749 -0.087199
v 0.023210 0.092749 -0.115829
v 0.030252 0.092749 -0.122870
v 0.023207 0.092749 -0.122873
v 0.030296 0.092749 -0.122826
v 0.023254 0.092749 -0.115786
v 0.030299 0.092749 -0.115782
v 0.058962 0.085603 -0.115701
v 0.058972 0.085603 -0.094712
v 0.065964 0.085603 -0.115691
v 0.065989 0.085603 -0.115361
v 0.058997 0.085603 -0.094382
v 0.065999 0.085603 -0.094372
v 0.016088 0.085603 -0.115701
v 0.016098 0.085603 -0.094712
v 0.023091 0.085603 -0.115691
v 0.023116 0.085603 -0.115361
v 0.016123 0.085603 -0.094382
v 0.023126 0.085603 -0.094372
v 0.016034 0.078546 -0.115691
v 0.016034 0.085550 -0.094643
v 0.016034 0.085549 -0.115701
v 0.016034 0.085530 -0.094371
v 0.016034 0.078521 -0.115361
v 0.016034 0.078500 -0.094361
v 0.016034 0.071571 -0.087359
v 0.016034 0.085380 -0.094265
v 0.016034 0.078475 -0.094275
v 0.016034 0.078353 -0.094275
v 0.016034 0.071338 -0.094291
v 0.016034 0.071362 -0.087296
v 0.016034 0.085593 -0.094254
v 0.016034 0.071528 -0.087223
v 0.016034 0.092632 -0.087220
v 0.016034 0.092722 -0.094291
v 0.016034 0.085730 -0.094265
v 0.016034 0.092701 -0.087289
v 0.023180 0.064267 -0.115682
v 0.023180 0.071260 -0.094634
v 0.023180 0.071262 -0.115706
v 0.023180 0.071252 -0.094332
v 0.023180 0.064239 -0.115306
v 0.023180 0.064223 -0.087310
v 0.023180 0.064304 -0.087229
v 0.023180 0.071284 -0.087199
v 0.023180 0.071260 -0.094194
v 0.023180 0.078368 -0.094382
v 0.023180 0.071360 -0.115452
v 0.023180 0.071362 -0.094369
v 0.023180 0.071379 -0.115706
v 0.023180 0.078393 -0.094712
v 0.023180 0.078414 -0.115712
v 0.023180 0.078353 -0.115798
v 0.023180 0.071362 -0.122776
v 0.023180 0.071360 -0.115804
v 0.023180 0.071571 -0.122713
v 0.023180 0.078475 -0.115798
v 0.023180 0.085407 -0.115801
v 0.023180 0.092632 -0.122852
v 0.023180 0.071528 -0.122849
v 0.023180 0.085594 -0.115811
v 0.023180 0.092701 -0.122783
v 0.023180 0.085715 -0.115801
v 0.023180 0.092700 -0.115804
v 0.023180 0.085649 -0.115709
v 0.023180 0.085667 -0.094712
v 0.023180 0.092681 -0.115706
v 0.023180 0.092698 -0.094369
v 0.023180 0.092700 -0.115452
v 0.023180 0.085692 -0.094382
v 0.023180 0.092798 -0.115706
v 0.023180 0.092800 -0.094634
v 0.023180 0.099793 -0.115682
v 0.023180 0.092808 -0.094332
v 0.023180 0.099837 -0.087310
v 0.023180 0.099821 -0.115306
v 0.023180 0.099756 -0.087229
v 0.023180 0.092800 -0.094194
v 0.023180 0.092776 -0.087199
v 0.030326 0.057094 -0.094288
v 0.030326 0.064135 -0.087246
v 0.030326 0.064139 -0.094291
v 0.030326 0.064092 -0.087203
v 0.030326 0.057050 -0.094244
v 0.030326 0.057047 -0.087199
v 0.030326 0.064240 -0.122870
v 0.030326 0.071280 -0.115829
v 0.030326 0.071284 -0.122873
v 0.030326 0.071237 -0.115786
v 0.030326 0.064196 -0.122826
v 0.030326 0.064193 -0.115782
v 0.030326 0.099968 -0.094288
v 0.030326 0.107010 -0.087246
v 0.030326 0.107013 -0.094291
v 0.030326 0.106966 -0.087203
v 0.030326 0.099924 -0.094244
v 0.030326 0.099921 -0.087199
v 0.030326 0.092823 -0.122870
v 0.030326 0.099863 -0.115829
v 0.030326 0.099867 -0.122873
v 0.030326 0.099820 -0.115786
v 0.030326 0.092779 -0.122826
v 0.030326 0.092776 -0.115782
v 0.037472 0.099983 -0.115691
v 0.037472 0.106976 -0.094712
v 0.037472 0.106986 -0.115701
v 0.037472 0.106951 -0.094382
v 0.037472 0.099958 -0.115361
v 0.037472 0.099948 -0.094372
v 0.037472 0.057109 -0.115691
v 0.037472 0.064102 -0.094712
v 0.037472 0.064112 -0.115701
v 0.037472 0.064077 -0.094382
v 0.037472 0.057084 -0.115361
v 0.037472 0.057074 -0.094372
v 0.044528 0.057020 -0.115691
v 0.037525 0.057020 -0.094643
v 0.037526 0.057020 -0.115701
v 0.037545 0.057020 -0.094371
v 0.044553 0.057020 -0.115361
v 0.044574 0.057020 -0.094361
v 0.051503 0.057020 -0.087359
v 0.037695 0.057020 -0.094265
v 0.044599 0.057020 -0.094275
v 0.044721 0.057020 -0.094275
v 0.051736 0.057020 -0.094291
v 0.051712 0.057020 -0.087296
v 0.037482 0.057020 -0.094254
v 0.051546 0.057020 -0.087223
v 0.030443 0.057020 -0.087220
v 0.030353 0.057020 -0.094291
v 0.037345 0.057020 -0.094265
v 0.030374 0.057020 -0.087289
v 0.030377 0.064166 -0.094369
v 0.030375 0.064166 -0.115452
v 0.037383 0.064166 -0.094382
v 0.037429 0.064166 -0.115712
v 0.037408 0.064166 -0.094712
v 0.030394 0.064166 -0.115706
v 0.030277 0.064166 -0.115706
v 0.030275 0.064166 -0.094634
v 0.023281 0.064166 -0.115682
v 0.023237 0.064166 -0.087310
v 0.023253 0.064166 -0.115306
v 0.030267 0.064166 -0.094332
v 0.030275 0.064166 -0.094194
v 0.030299 0.064166 -0.087199
v 0.023318 0.064166 -0.087229
v 0.030377 0.064166 -0.122776
v 0.037368 0.064166 -0.115798
v 0.030375 0.064166 -0.115804
v 0.037490 0.064166 -0.115798
v 0.030586 0.064166 -0.122713
v 0.044394 0.064166 -0.115808
v 0.051646 0.064166 -0.122852
v 0.044607 0.064166 -0.115819
v 0.030543 0.064166 -0.122849
v 0.044744 0.064166 -0.115808
v 0.051715 0.064166 -0.122783
v 0.051723 0.064166 -0.115795
v 0.051706 0.064166 -0.094669
v 0.044690 0.064166 -0.115702
v 0.051723 0.064166 -0.115715
v 0.044671 0.064166 -0.094372
v 0.044670 0.064166 -0.115430
v 0.051684 0.064166 -0.094375
v 0.058807 0.064166 -0.115682
v 0.051820 0.064166 -0.094669
v 0.051803 0.064166 -0.115715
v 0.051828 0.064166 -0.094333
v 0.058835 0.064166 -0.115306
v 0.058851 0.064166 -0.087310
v 0.058770 0.064166 -0.087229
v 0.051790 0.064166 -0.087199
v 0.051820 0.064166 -0.094181
v 0.058982 0.071311 -0.094288
v 0.066026 0.071311 -0.094291
v 0.066023 0.071311 -0.087246
v 0.058938 0.071311 -0.094244
v 0.065979 0.071311 -0.087203
v 0.058935 0.071311 -0.087199
v 0.051837 0.071311 -0.122870
v 0.058881 0.071311 -0.122873
v 0.058878 0.071311 -0.115829
v 0.051793 0.071311 -0.122826
v 0.058834 0.071311 -0.115786
v 0.051790 0.071311 -0.115782
v 0.016108 0.071311 -0.094288
v 0.023153 0.071311 -0.094291
v 0.023150 0.071311 -0.087246
v 0.016064 0.071311 -0.094244
v 0.023106 0.071311 -0.087203
v 0.016061 0.071311 -0.087199
v 0.023254 0.071311 -0.122870
v 0.030299 0.071311 -0.122873
v 0.030296 0.071311 -0.115829
v 0.023210 0.071311 -0.122826
v 0.030252 0.071311 -0.115786
v 0.023207 0.071311 -0.115782
v 0.065964 0.078457 -0.115691
v 0.058972 0.078457 -0.094712
v 0.058962 0.078457 -0.115701
v 0.058997 0.078457 -0.094382
v 0.065989 0.078457 -0.115361
v 0.065999 0.078457 -0.094372
v 0.023126 0.078457 -0.115701
v 0.023116 0.078457 -0.094712
v 0.016123 0.078457 -0.115691
v 0.016098 0.078457 -0.115361
v 0.023091 0.078457 -0.094382
v 0.016088 0.078457 -0.094372
v 0.030750 0.071242 -0.122900
v 0.051709 0.071257 -0.122900
v 0.051699 0.064255 -0.122900
v 0.051369 0.064230 -0.122900
v 0.030380 0.064220 -0.122900
v 0.030395 0.071216 -0.122900
v 0.051709 0.071365 -0.122900
v 0.030492 0.071380 -0.122900
v 0.051694 0.092583 -0.122900
v 0.051832 0.092325 -0.122900
v 0.058819 0.071375 -0.122900
v 0.051817 0.071365 -0.122900
v 0.051858 0.092680 -0.122900
v 0.058854 0.092695 -0.122900
v 0.058844 0.071705 -0.122900
v 0.051597 0.092680 -0.122900
v 0.030395 0.071477 -0.122900
v 0.030390 0.092685 -0.122900
v 0.030262 0.092355 -0.122900
v 0.030257 0.071380 -0.122900
v 0.023269 0.071375 -0.122900
v 0.023244 0.071705 -0.122900
v 0.023234 0.092695 -0.122900
v 0.030237 0.092685 -0.122900
v 0.030720 0.092813 -0.122900
v 0.051699 0.099805 -0.122900
v 0.051694 0.092818 -0.122900
v 0.051369 0.099830 -0.122900
v 0.030390 0.092838 -0.122900
v 0.030380 0.099840 -0.122900
v 0.058834 0.071280 -0.115755
v 0.051793 0.064240 -0.115755
v 0.051790 0.071284 -0.115755
v 0.051837 0.064196 -0.115755
v 0.058878 0.071237 -0.115755
v 0.058881 0.064193 -0.115755
v 0.058834 0.099863 -0.115755
v 0.051793 0.092823 -0.115755
v 0.051790 0.099867 -0.115755
v 0.051837 0.092779 -0.115755
v 0.058878 0.099820 -0.115755
v 0.058881 0.092776 -0.115755
v 0.030252 0.071280 -0.115755
v 0.023210 0.064240 -0.115755
v 0.023207 0.071284 -0.115755
v 0.023254 0.064196 -0.115755
v 0.030296 0.071237 -0.115755
v 0.030299 0.064193 -0.115755
v 0.030252 0.099863 -0.115755
v 0.023210 0.092823 -0.115755
v 0.023207 0.099867 -0.115755
v 0.023254 0.092779 -0.115755
v 0.030296 0.099820 -0.115755
v 0.030299 0.092776 -0.115755
v 0.044543 0.064135 -0.115755
v 0.037502 0.057094 -0.115755
v 0.037499 0.064139 -0.115755
v 0.037546 0.057050 -0.115755
v 0.044587 0.064092 -0.115755
v 0.044590 0.057047 -0.115755
v 0.044543 0.107010 -0.115755
v 0.037502 0.099968 -0.115755
v 0.037499 0.107013 -0.115755
v 0.037546 0.099924 -0.115755
v 0.044587 0.106966 -0.115755
v 0.044590 0.099921 -0.115755
v 0.065979 0.085572 -0.115755
v 0.058938 0.078531 -0.115755
v 0.058935 0.085576 -0.115755
v 0.058982 0.078487 -0.115755
v 0.066023 0.085529 -0.115755
v 0.066026 0.078484 -0.115755
v 0.023106 0.085572 -0.115755
v 0.016064 0.078531 -0.115755
v 0.016061 0.085576 -0.115755
v 0.016108 0.078487 -0.115755
v 0.023150 0.085529 -0.115755
v 0.023153 0.078484 -0.115755
v 0.065979 0.078426 -0.094318
v 0.058938 0.071385 -0.094318
v 0.058935 0.078430 -0.094318
v 0.058982 0.071341 -0.094318
v 0.066023 0.078383 -0.094318
v 0.066026 0.071338 -0.094318
v 0.051689 0.064135 -0.094318
v 0.044647 0.057094 -0.094318
v 0.044644 0.064139 -0.094318
v 0.044691 0.057050 -0.094318
v 0.051733 0.064092 -0.094318
v 0.051736 0.057047 -0.094318
v 0.065979 0.092718 -0.094318
v 0.058938 0.085677 -0.094318
v 0.058935 0.092722 -0.094318
v 0.058982 0.085633 -0.094318
v 0.066023 0.092675 -0.094318
v 0.066026 0.085630 -0.094318
v 0.051689 0.107010 -0.094318
v 0.044647 0.099968 -0.094318
v 0.044644 0.107013 -0.094318
v 0.044691 0.099924 -0.094318
v 0.051733 0.106966 -0.094318
v 0.051736 0.099921 -0.094318
v 0.037398 0.064135 -0.094318
v 0.030356 0.057094 -0.094318
v 0.030353 0.064139 -0.094318
v 0.030400 0.057050 -0.094318
v 0.037441 0.064092 -0.094318
v 0.037445 0.057047 -0.094318
v 0.023106 0.078426 -0.094318
v 0.016064 0.071385 -0.094318
v 0.016061 0.078430 -0.094318
v 0.016108 0.071341 -0.094318
v 0.023150 0.078383 -0.094318
v 0.023153 0.071338 -0.094318
v 0.037398 0.107010 -0.094318
v 0.030356 0.099968 -0.094318
v 0.030353 0.107013 -0.094318
v 0.030400 0.099924 -0.094318
v 0.037441 0.106966 -0.094318
v 0.037445 0.099921 -0.094318
v 0.023106 0.092718 -0.094318
v 0.016064 0.085677 -0.094318
v 0.016061 0.092722 -0.094318
v 0.016108 0.085633 -0.094318
v 0.023150 0.092675 -0.094318
v 0.023153 0.085630 -0.094318
v 0.043432 0.074660 -0.130939
v 0.043432 0.069780 -0.133070
v 0.043432 0.074664 -0.133073
v 0.043432 0.069709 -0.128758
v 0.043432 0.069710 -0.133060
v 0.043432 0.074631 -0.130910
v 0.043432 0.074690 -0.135171
v 0.043432 0.078589 -0.135169
v 0.043432 0.074694 -0.133113
v 0.043432 0.074635 -0.130870
v 0.043432 0.072078 -0.126263
v 0.043432 0.069721 -0.128726
v 0.043432 0.072110 -0.126252
v 0.043432 0.074660 -0.130836
v 0.043432 0.074665 -0.126249
v 0.043432 0.072058 -0.126236
v 0.043432 0.067356 -0.122084
v 0.043432 0.069699 -0.128700
v 0.043432 0.067326 -0.122142
v 0.043432 0.067320 -0.128715
v 0.043432 0.069668 -0.128715
v 0.043432 0.067365 -0.122029
v 0.043432 0.072065 -0.126198
v 0.043432 0.072065 -0.122023
v 0.043432 0.074694 -0.133073
v 0.043432 0.080790 -0.133073
v 0.043432 0.074698 -0.130937
v 0.043432 0.080839 -0.133103
v 0.043432 0.074739 -0.133103
v 0.043432 0.078641 -0.135166
v 0.043432 0.080861 -0.130926
v 0.043432 0.074792 -0.130929
v 0.043432 0.080862 -0.133067
v 0.043432 0.082006 -0.137490
v 0.043432 0.080869 -0.133116
v 0.043432 0.078664 -0.135180
v 0.043432 0.081982 -0.137511
v 0.043432 0.078656 -0.135208
v 0.043432 0.078654 -0.137515
v 0.043432 0.080896 -0.133103
v 0.043432 0.082016 -0.137406
v 0.043432 0.082023 -0.133096
v 0.043432 0.082046 -0.137406
v 0.043432 0.083164 -0.133103
v 0.043432 0.082039 -0.133096
v 0.043432 0.082056 -0.137490
v 0.043432 0.085396 -0.135180
v 0.043432 0.083191 -0.133116
v 0.043432 0.085404 -0.135208
v 0.043432 0.082080 -0.137511
v 0.043432 0.085406 -0.137515
v 0.043432 0.089320 -0.133103
v 0.043432 0.083221 -0.133103
v 0.043432 0.085419 -0.135166
v 0.043432 0.085471 -0.135169
v 0.043432 0.089369 -0.135171
v 0.043432 0.089365 -0.133113
v 0.043432 0.083270 -0.133073
v 0.043432 0.089365 -0.133073
v 0.043432 0.089361 -0.130937
v 0.043432 0.083198 -0.133067
v 0.043432 0.089267 -0.130929
v 0.043432 0.083199 -0.130926
v 0.043432 0.094279 -0.133070
v 0.043432 0.089399 -0.130939
v 0.043432 0.089395 -0.133073
v 0.043432 0.089428 -0.130910
v 0.043432 0.094350 -0.133060
v 0.043432 0.094351 -0.128758
v 0.043432 0.091982 -0.126263
v 0.043432 0.089424 -0.130870
v 0.043432 0.094339 -0.128726
v 0.043432 0.089399 -0.130836
v 0.043432 0.091950 -0.126252
v 0.043432 0.089394 -0.126249
v 0.043432 0.096704 -0.122084
v 0.043432 0.092002 -0.126236
v 0.043432 0.094361 -0.128700
v 0.043432 0.091995 -0.126198
v 0.043432 0.096695 -0.122029
v 0.043432 0.091995 -0.122023
v 0.043432 0.096734 -0.122142
v 0.043432 0.094392 -0.128715
v 0.043432 0.096740 -0.128715
v 0.038680 0.096757 -0.122083
v 0.043384 0.096757 -0.128707
v 0.038677 0.096757 -0.128710
v 0.043407 0.096757 -0.128655
v 0.038703 0.096757 -0.122031
v 0.043410 0.096757 -0.122028
v 0.043382 0.094368 -0.133069
v 0.038672 0.094368 -0.133071
v 0.038674 0.094368 -0.128776
v 0.043413 0.094368 -0.133044
v 0.038705 0.094368 -0.128751
v 0.043415 0.094368 -0.128749
v 0.043360 0.089380 -0.135167
v 0.038668 0.089380 -0.135169
v 0.038670 0.089380 -0.133111
v 0.043417 0.089380 -0.135159
v 0.038727 0.089380 -0.133103
v 0.043419 0.089380 -0.133101
v 0.043365 0.085417 -0.137510
v 0.038668 0.085417 -0.137513
v 0.038671 0.085417 -0.135207
v 0.043416 0.085417 -0.137501
v 0.038722 0.085417 -0.135198
v 0.043419 0.085417 -0.135195
v 0.038725 0.080877 -0.133073
v 0.043417 0.080877 -0.130934
v 0.043419 0.080877 -0.133075
v 0.043362 0.080877 -0.130925
v 0.038670 0.080877 -0.133064
v 0.038668 0.080877 -0.130923
v 0.043383 0.074679 -0.130890
v 0.038673 0.074679 -0.130892
v 0.038675 0.074679 -0.126283
v 0.043412 0.074679 -0.130862
v 0.038704 0.074679 -0.126255
v 0.043414 0.074679 -0.126253
v 0.043415 0.072082 -0.126218
v 0.038706 0.072082 -0.126216
v 0.043413 0.072082 -0.122049
v 0.038674 0.072082 -0.126192
v 0.038672 0.072082 -0.122023
v 0.043381 0.072082 -0.122025
v 0.043418 0.074665 -0.126235
v 0.038718 0.074663 -0.126235
v 0.043416 0.072109 -0.126235
v 0.038669 0.072096 -0.126235
v 0.043369 0.072098 -0.126235
v 0.038671 0.074652 -0.126235
v 0.038718 0.089396 -0.126235
v 0.043418 0.089394 -0.126235
v 0.043416 0.091951 -0.126235
v 0.038671 0.089407 -0.126235
v 0.043369 0.091962 -0.126235
v 0.038669 0.091964 -0.126235
v 0.038676 0.074700 -0.130910
v 0.043384 0.074702 -0.130910
v 0.038679 0.080808 -0.130910
v 0.043409 0.074748 -0.130910
v 0.043411 0.080856 -0.130910
v 0.038703 0.080853 -0.130910
v 0.038703 0.083206 -0.130910
v 0.043411 0.083204 -0.130910
v 0.043409 0.089311 -0.130910
v 0.038679 0.083252 -0.130910
v 0.043384 0.089356 -0.130910
v 0.038676 0.089359 -0.130910
v 0.043423 0.082022 -0.133088
v 0.038762 0.082018 -0.133088
v 0.043418 0.080894 -0.133088
v 0.038666 0.080888 -0.133088
v 0.043318 0.080891 -0.133088
v 0.038668 0.082015 -0.133088
v 0.038762 0.082044 -0.133088
v 0.043423 0.082040 -0.133088
v 0.043418 0.083166 -0.133088
v 0.038668 0.082047 -0.133088
v 0.043318 0.083169 -0.133088
v 0.038666 0.083172 -0.133088
v 0.038655 0.069709 -0.128758
v 0.038655 0.074631 -0.130910
v 0.038655 0.069710 -0.133060
v 0.038655 0.074664 -0.133073
v 0.038655 0.069780 -0.133070
v 0.038655 0.074660 -0.130939
v 0.038655 0.072078 -0.126263
v 0.038655 0.074635 -0.130870
v 0.038655 0.069721 -0.128726
v 0.038655 0.074660 -0.130836
v 0.038655 0.072110 -0.126252
v 0.038655 0.074665 -0.126249
v 0.038655 0.067356 -0.122084
v 0.038655 0.072058 -0.126236
v 0.038655 0.069699 -0.128700
v 0.038655 0.072065 -0.126198
v 0.038655 0.067365 -0.122029
v 0.038655 0.072065 -0.122023
v 0.038655 0.067326 -0.122142
v 0.038655 0.069668 -0.128715
v 0.038655 0.067320 -0.128715
v 0.038655 0.080790 -0.133073
v 0.038655 0.074694 -0.133073
v 0.038655 0.074698 -0.130937
v 0.038655 0.074792 -0.130929
v 0.038655 0.080861 -0.130926
v 0.038655 0.080862 -0.133067
v 0.038655 0.074739 -0.133103
v 0.038655 0.080839 -0.133103
v 0.038655 0.078641 -0.135166
v 0.038655 0.078589 -0.135169
v 0.038655 0.074690 -0.135171
v 0.038655 0.074694 -0.133113
v 0.038655 0.082006 -0.137490
v 0.038655 0.078664 -0.135180
v 0.038655 0.080869 -0.133116
v 0.038655 0.078656 -0.135208
v 0.038655 0.081982 -0.137511
v 0.038655 0.078654 -0.137515
v 0.038655 0.080896 -0.133103
v 0.038655 0.082023 -0.133096
v 0.038655 0.082016 -0.137406
v 0.038655 0.083164 -0.133103
v 0.038655 0.082046 -0.137406
v 0.038655 0.082039 -0.133096
v 0.038655 0.082056 -0.137490
v 0.038655 0.083191 -0.133116
v 0.038655 0.085396 -0.135180
v 0.038655 0.082080 -0.137511
v 0.038655 0.085404 -0.135208
v 0.038655 0.085406 -0.137515
v 0.038655 0.083221 -0.133103
v 0.038655 0.089320 -0.133103
v 0.038655 0.085419 -0.135166
v 0.038655 0.085471 -0.135169
v 0.038655 0.089365 -0.133113
v 0.038655 0.089369 -0.135171
v 0.038655 0.089365 -0.133073
v 0.038655 0.083270 -0.133073
v 0.038655 0.089361 -0.130937
v 0.038655 0.089267 -0.130929
v 0.038655 0.083198 -0.133067
v 0.038655 0.083199 -0.130926
v 0.038655 0.089399 -0.130939
v 0.038655 0.094279 -0.133070
v 0.038655 0.089395 -0.133073
v 0.038655 0.094350 -0.133060
v 0.038655 0.089428 -0.130910
v 0.038655 0.094351 -0.128758
v 0.038655 0.089424 -0.130870
v 0.038655 0.091982 -0.126263
v 0.038655 0.094339 -0.128726
v 0.038655 0.089399 -0.130836
v 0.038655 0.089394 -0.126249
v 0.038655 0.091950 -0.126252
v 0.038655 0.096704 -0.122084
v 0.038655 0.094361 -0.128700
v 0.038655 0.092002 -0.126236
v 0.038655 0.094392 -0.128715
v 0.038655 0.096734 -0.122142
v 0.038655 0.096740 -0.128715
v 0.038655 0.091995 -0.126198
v 0.038655 0.091995 -0.122023
v 0.038655 0.096695 -0.122029
v 0.038677 0.067303 -0.128710
v 0.043384 0.067303 -0.128707
v 0.038680 0.067303 -0.122083
v 0.043407 0.067303 -0.128655
v 0.043410 0.067303 -0.122028
v 0.038703 0.067303 -0.122031
v 0.043382 0.069692 -0.133069
v 0.038674 0.069692 -0.128776
v 0.038672 0.069692 -0.133071
v 0.038705 0.069692 -0.128751
v 0.043413 0.069692 -0.133044
v 0.043415 0.069692 -0.128749
v 0.043360 0.074679 -0.135167
v 0.038670 0.074679 -0.133111
v 0.038668 0.074679 -0.135169
v 0.038727 0.074679 -0.133103
v 0.043417 0.074679 -0.135159
v 0.043419 0.074679 -0.133101
v 0.043365 0.078643 -0.137510
v 0.038671 0.078643 -0.135207
v 0.038668 0.078643 -0.137513
v 0.038722 0.078643 -0.135198
v 0.043416 0.078643 -0.137501
v 0.043419 0.078643 -0.135195
v 0.038725 0.083183 -0.133073
v 0.043419 0.083183 -0.133075
v 0.043417 0.083183 -0.130934
v 0.038670 0.083183 -0.133064
v 0.043362 0.083183 -0.130925
v 0.038668 0.083183 -0.130923
v 0.038704 0.089380 -0.130890
v 0.043414 0.089380 -0.130892
v 0.043412 0.089380 -0.126283
v 0.038675 0.089380 -0.130862
v 0.043383 0.089380 -0.126255
v 0.038673 0.089380 -0.126253
v 0.043415 0.091978 -0.126218
v 0.043413 0.091978 -0.122049
v 0.038706 0.091978 -0.126216
v 0.038674 0.091978 -0.126192
v 0.043381 0.091978 -0.122025
v 0.038672 0.091978 -0.122023
v 0.038669 0.082017 -0.137526
v 0.043377 0.082014 -0.137526
v 0.038673 0.078677 -0.137526
v 0.043415 0.081997 -0.137526
v 0.043417 0.078658 -0.137526
v 0.038710 0.078661 -0.137526
v 0.038673 0.085383 -0.137526
v 0.043377 0.082048 -0.137526
v 0.038669 0.082045 -0.137526
v 0.043417 0.085402 -0.137526
v 0.043415 0.082065 -0.137526
v 0.038710 0.085399 -0.137526
v 0.043380 0.078624 -0.135182
v 0.038674 0.074719 -0.135182
v 0.038671 0.078627 -0.135182
v 0.038707 0.074698 -0.135182
v 0.043413 0.078603 -0.135182
v 0.043416 0.074695 -0.135182
v 0.043416 0.089364 -0.135182
v 0.043413 0.085457 -0.135182
v 0.038707 0.089361 -0.135182
v 0.038674 0.089340 -0.135182
v 0.043380 0.085436 -0.135182
v 0.038671 0.085433 -0.135182
v 0.038673 0.094350 -0.133088
v 0.043383 0.094347 -0.133088
v 0.038676 0.089432 -0.133088
v 0.043411 0.094316 -0.133088
v 0.043414 0.089398 -0.133088
v 0.038704 0.089401 -0.133088
v 0.043383 0.074658 -0.133088
v 0.038676 0.069744 -0.133088
v 0.038673 0.074661 -0.133088
v 0.038704 0.069713 -0.133088
v 0.043411 0.074627 -0.133088
v 0.043414 0.069710 -0.133088
v 0.038721 0.069676 -0.128732
v 0.043419 0.069679 -0.128732
v 0.043416 0.067328 -0.128732
v 0.038671 0.069667 -0.128732
v 0.043366 0.067319 -0.128732
v 0.038668 0.067316 -0.128732
v 0.043366 0.096741 -0.128732
v 0.038671 0.094393 -0.128732
v 0.038668 0.096744 -0.128732
v 0.038721 0.094384 -0.128732
v 0.043416 0.096732 -0.128732
v 0.043419 0.094381 -0.128732
vn -0.0001 0.9241 0.3820
vn -0.0000 -0.7071 0.7071
vn -0.8168 -0.4080 0.4080
vn -0.9428 0.2356 0.2357
vn 0.9428 0.2357 0.2357
vn 0.8168 -0.4080 0.4080
vn -0.0001 -0.3820 -0.9242
vn -0.9428 -0.2357 -0.2357
vn 0.9428 -0.2357 -0.2357
vn -0.0000 0.3819 0.9242
vn -0.0000 -0.9242 -0.3820
vn -0.0000 0.7071 -0.7071
vn -0.8168 0.4080 -0.4080
vn 0.8168 0.4080 -0.4080
vn -0.0000 0.9242 0.3820
vn -0.9428 0.2357 0.2357
vn -0.0000 -0.3819 -0.9242
vn -0.9428 -0.2356 -0.2357
vn -0.0001 0.3820 0.9242
vn -0.0001 -0.9241 -0.3820
vn -0.0000 0.9736 0.2284
vn 0.0001 -0.7074 0.7068
vn -0.8168 -0.4082 0.4077
vn -0.9232 0.2399 0.3003
vn 0.9232 0.2398 0.3003
vn 0.8169 -0.4081 0.4077
vn 0.0001 -0.5250 -0.8511
vn -0.9232 -0.2399 -0.3003
vn 0.9232 -0.2398 -0.3003
vn 0.0001 0.5250 0.8511
vn -0.0000 -0.9736 -0.2284
vn 0.0001 0.7074 -0.7068
vn -0.8168 0.4082 -0.4077
vn 0.8169 0.4081 -0.4077
vn -0.0000 0.9241 0.3821
vn -0.0001 -0.7071 0.7071
vn -0.8167 -0.4080 0.4080
vn 0.8167 -0.4081 0.4080
vn -0.0001 -0.3820 -0.9241
vn 0.0001 0.3820 0.9242
vn 0.0001 -0.9242 -0.3820
vn 0.0001 0.9242 0.3820
vn 0.0001 -0.3820 -0.9242
vn -0.0000 -0.9241 -0.3821
vn -0.0001 0.7071 -0.7071
vn -0.8167 0.4080 -0.4080
vn 0.8167 0.4081 -0.4080
vn 0.0001 -0.7072 0.7070
vn 0.0001 -0.3830 -0.9237
vn -0.9428 -0.2360 -0.2356
vn -0.9806 -0.1576 -0.1162
vn 0.9806 -0.1575 -0.1162
vn 0.9428 -0.2359 -0.2355
vn -0.0000 0.9238 0.3829
vn -0.9339 0.3439 -0.0982
vn 0.9339 0.3438 -0.0982
vn 0.0001 0.3822 0.9241
vn 0.0001 0.7071 -0.7071
vn -0.8167 0.4080 -0.4081
vn 0.8167 0.4080 -0.4081
vn 0.0002 0.3815 0.9244
vn 0.0001 -0.9242 -0.3819
vn -0.9427 0.2356 0.2363
vn 0.9427 0.2356 0.2363
vn -0.0000 0.7074 -0.7068
vn -0.0000 0.0004 -1.0000
vn -0.0000 0.9237 0.3832
vn -0.0000 -0.9237 0.3830
vn -0.9428 -0.2353 0.2360
vn 0.9428 -0.2353 0.2360
vn -0.0000 -0.3818 0.9242
vn -0.0000 -0.7071 -0.7071
vn -0.8168 -0.4080 -0.4079
vn 0.8168 -0.4080 -0.4079
vn -0.0000 0.9242 -0.3819
vn -0.0000 0.2301 0.9732
vn -0.0000 -0.8480 -0.5299
vn -0.9229 -0.2999 -0.2413
vn -0.9220 0.3036 0.2403
vn 0.9221 0.3035 0.2402
vn 0.9229 -0.2999 -0.2413
vn -0.0000 0.7082 -0.7060
vn -0.8161 0.4095 -0.4078
vn 0.8161 0.4095 -0.4078
vn 0.0001 -0.7060 0.7082
vn 0.0006 -0.2237 -0.9747
vn -0.8173 -0.4066 0.4083
vn 0.8174 -0.4065 0.4082
vn 0.0001 0.8505 0.5260
vn -0.0000 0.9242 0.3819
vn -0.9806 -0.1576 0.1162
vn -0.9428 -0.2354 -0.2360
vn 0.9428 -0.2353 -0.2360
vn 0.9806 -0.1576 0.1162
vn -0.8168 -0.4080 0.4079
vn 0.8168 -0.4080 0.4079
vn -0.0000 0.0003 1.0000
vn 0.0001 -0.9237 -0.3830
vn -0.0000 0.9237 -0.3832
vn -0.9427 0.2357 -0.2363
vn 0.9427 0.2356 -0.2363
vn 0.0001 -0.9242 0.3819
vn 0.0003 0.3816 -0.9243
vn 0.0001 0.7075 0.7068
vn -0.9338 0.3439 0.0982
vn 0.9339 0.3438 0.0982
vn -0.0000 0.9238 -0.3828
vn 0.0001 -0.3830 0.9237
vn -0.9428 -0.2360 0.2355
vn 0.9428 -0.2359 0.2355
vn 0.0001 -0.7072 -0.7070
vn -0.0000 -0.9241 0.3821
vn 0.0001 0.3822 -0.9241
vn 0.0001 0.7071 0.7071
vn -0.8167 0.4080 0.4081
vn 0.8167 0.4080 0.4080
vn -0.0000 -0.7057 0.7085
vn -0.0001 -0.0906 -0.9959
vn -0.8740 -0.3711 -0.3137
vn -0.8174 -0.4064 0.4083
vn 0.8174 -0.4064 0.4083
vn 0.8740 -0.3711 -0.3137
vn -0.0000 0.7746 0.6324
vn -0.8740 0.3711 0.3137
vn 0.8740 0.3711 0.3137
vn -0.0001 0.0906 0.9959
vn -0.0000 -0.7746 -0.6324
vn -0.0000 0.7057 -0.7085
vn -0.8174 0.4064 -0.4083
vn 0.8174 0.4064 -0.4083
vn -0.0000 -0.7065 0.7077
vn -0.0000 -0.1574 -0.9875
vn -0.9010 -0.3385 -0.2711
vn -0.8170 -0.4073 0.4082
vn 0.8170 -0.4073 0.4082
vn 0.9010 -0.3385 -0.2711
vn -0.0000 0.8119 0.5837
vn -0.9010 0.3385 0.2711
vn 0.9011 0.3385 0.2711
vn -0.0000 0.1574 0.9875
vn -0.0000 -0.8119 -0.5837
vn -0.0000 0.7065 -0.7077
vn -0.8170 0.4073 -0.4082
vn 0.8170 0.4073 -0.4082
vn -0.0000 -0.9878 0.1559
vn -0.0000 0.5849 -0.8111
vn -0.9678 0.2022 0.1498
vn -0.9686 -0.1627 0.1879
vn 0.9686 -0.1627 0.1879
vn 0.9678 0.2022 0.1498
vn -0.0000 0.7081 0.7062
vn -0.8184 0.4068 0.4060
vn 0.8184 0.4068 0.4060
vn -0.0000 -0.8132 0.5820
vn -0.0000 0.3151 -0.9491
vn -0.9881 0.0922 -0.1227
vn 0.9881 0.0922 -0.1227
vn -0.0000 0.8110 0.5851
vn -0.0000 0.9544 -0.2987
vn -0.0000 -0.3177 0.9482
vn -0.0000 -0.5856 -0.8106
vn -0.9010 -0.2724 -0.3375
vn 0.9010 -0.2724 -0.3375
vn -0.0000 -0.9882 -0.1530
vn -0.0000 0.7085 -0.7057
vn -0.8183 0.4072 -0.4056
vn 0.8183 0.4072 -0.4056
vn -0.0000 0.5834 0.8122
vn -0.0000 -0.1617 0.9868
vn -0.0000 -0.7075 -0.7067
vn -0.0000 0.8108 -0.5853
vn -0.9012 0.3376 -0.2719
vn 0.9012 0.3376 -0.2719
vn -0.0001 0.1582 -0.9874
vn -0.0000 0.7067 0.7075
vn -0.8169 0.4075 0.4081
vn 0.8169 0.4075 0.4081
vn -0.0000 -0.8117 0.5841
vn -0.0000 0.2339 0.9723
vn -0.0000 -0.9870 -0.1607
vn -0.9565 -0.2323 0.1763
vn -0.9657 0.2036 0.1609
vn 0.9657 0.2036 0.1609
vn 0.9565 -0.2323 0.1763
vn -0.0000 0.3855 -0.9227
vn -0.9424 0.2368 -0.2360
vn 0.9424 0.2368 -0.2360
vn -0.0000 -0.9235 -0.3835
vn -0.0000 0.9233 -0.3840
vn -0.9429 -0.2347 -0.2365
vn 0.9429 -0.2347 -0.2365
vn -0.0000 0.0007 1.0000
vn -0.0000 -0.3805 -0.9248
vn -0.0000 0.9248 0.3805
vn -0.0000 -0.7072 0.7070
vn -0.8174 -0.4074 0.4073
vn 0.8174 -0.4074 0.4073
vn 0.0001 -0.2287 -0.9735
vn 0.0001 0.5949 0.8038
vn -0.0000 -0.9238 0.3829
vn -0.9458 -0.3085 -0.1014
vn 0.9458 -0.3085 -0.1014
vn -0.0000 0.9229 0.3850
vn -0.0000 -0.9233 0.3842
vn -0.9428 -0.2349 0.2368
vn 0.9428 -0.2349 0.2368
vn -0.0000 0.0006 -1.0000
vn -0.0000 0.9245 -0.3813
vn -0.0000 -0.3810 0.9246
vn -0.0000 -0.7074 -0.7068
vn -0.8172 -0.4078 -0.4073
vn 0.8172 -0.4078 -0.4073
vn 0.7077 -0.0000 -0.7065
vn -0.9875 -0.0001 -0.1573
vn -0.2711 -0.9011 -0.3385
vn 0.4082 -0.8170 -0.4073
vn 0.4082 0.8170 -0.4073
vn -0.2711 0.9011 -0.3385
vn 0.5837 -0.0000 0.8119
vn 0.2711 -0.9011 0.3385
vn 0.2711 0.9010 0.3385
vn -0.7077 -0.0000 0.7065
vn 0.9875 -0.0001 0.1574
vn -0.4082 -0.8170 0.4073
vn -0.4082 0.8170 0.4073
vn -0.5837 -0.0000 -0.8120
vn 0.7078 -0.0000 -0.7065
vn -0.9876 -0.0001 -0.1573
vn -0.7072 -0.0000 0.7070
vn 0.9241 0.0001 0.3822
vn 0.2357 -0.9428 0.2357
vn -0.4080 -0.8167 0.4080
vn -0.4080 0.8168 0.4079
vn 0.2356 0.9428 0.2357
vn -0.3823 -0.0000 -0.9240
vn -0.2357 -0.9428 -0.2356
vn -0.2357 0.9428 -0.2356
vn 0.3821 -0.0000 0.9241
vn 0.7072 -0.0000 -0.7070
vn 0.4080 -0.8167 -0.4080
vn 0.4080 0.8168 -0.4079
vn -0.9242 0.0001 -0.3819
vn -0.7072 -0.0000 0.7071
vn 0.9242 0.0001 0.3819
vn 0.2360 -0.9428 0.2354
vn 0.2360 0.9428 0.2353
vn -0.3821 -0.0000 -0.9241
vn -0.2354 -0.9428 -0.2360
vn -0.2354 0.9428 -0.2360
vn 0.3833 -0.0000 0.9236
vn 0.7071 -0.0000 -0.7071
vn 0.4085 -0.8163 -0.4085
vn 0.4085 0.8163 -0.4084
vn -0.9236 -0.0000 -0.3833
vn -0.7071 -0.0000 0.7071
vn 0.9243 -0.0000 0.3817
vn 0.2358 -0.9428 0.2356
vn -0.4079 -0.8168 0.4080
vn -0.4079 0.8168 0.4080
vn 0.2357 0.9428 0.2356
vn -0.3818 -0.0000 -0.9243
vn -0.2356 -0.9428 -0.2357
vn -0.2356 0.9428 -0.2357
vn 0.3823 -0.0000 0.9240
vn 0.4080 0.8167 -0.4080
vn -0.9241 -0.0000 -0.3821
vn -0.7069 -0.0000 0.7074
vn 0.9245 -0.0000 0.3811
vn 0.2359 -0.9427 0.2358
vn -0.4074 -0.8171 0.4079
vn -0.4074 0.8171 0.4079
vn 0.2359 0.9427 0.2358
vn -0.3816 -0.0000 -0.9243
vn -0.2353 -0.9430 -0.2353
vn -0.2353 0.9430 -0.2353
vn 0.3814 -0.0000 0.9244
vn 0.7075 -0.0000 -0.7067
vn 0.4080 -0.8171 -0.4074
vn 0.4080 0.8171 -0.4073
vn -0.9243 0.0001 -0.3816
vn -0.7073 -0.0000 0.7069
vn 0.9736 -0.0000 0.2282
vn 0.2402 -0.9231 0.3004
vn -0.4079 -0.8170 0.4076
vn -0.4079 0.8170 0.4076
vn 0.2402 0.9231 0.3004
vn -0.5252 -0.0000 -0.8510
vn -0.2396 -0.9233 -0.3001
vn -0.2396 0.9233 -0.3001
vn -0.9734 -0.0000 -0.2291
vn 0.4084 -0.8166 -0.4078
vn 0.4084 0.8166 -0.4078
vn 0.5252 -0.0000 0.8510
vn -0.0907 -0.0000 -0.9959
vn -0.7057 -0.0000 0.7085
vn -0.4064 -0.8174 0.4083
vn -0.3711 -0.8740 -0.3137
vn -0.3711 0.8740 -0.3137
vn -0.4064 0.8174 0.4083
vn 0.7746 -0.0000 0.6324
vn 0.3711 -0.8740 0.3137
vn 0.3711 0.8740 0.3137
vn 0.0909 -0.0000 0.9959
vn 0.7057 -0.0000 -0.7085
vn 0.4064 -0.8174 -0.4083
vn 0.4064 0.8174 -0.4083
vn -0.7746 -0.0000 -0.6324
vn -0.0908 -0.0000 -0.9959
vn 0.2293 0.0001 0.9734
vn 0.3822 -0.0000 -0.9241
vn 0.2364 -0.9430 -0.2342
vn 0.2034 -0.9661 0.1591
vn 0.2034 0.9661 0.1591
vn 0.2364 0.9430 -0.2343
vn -0.9871 -0.0000 -0.1600
vn -0.2168 -0.9671 -0.1334
vn -0.2168 0.9671 -0.1334
vn -0.7072 -0.0000 -0.7070
vn -0.3776 -0.0000 0.9260
vn -0.4063 -0.8186 -0.4061
vn -0.4063 0.8185 -0.4061
vn 0.9258 -0.0000 -0.3780
vn 0.5892 -0.0000 0.8080
vn -0.2251 -0.0000 -0.9743
vn -0.9240 -0.0000 0.3824
vn -0.2351 -0.9390 0.2511
vn -0.2351 0.9390 0.2511
vn -0.3789 -0.0000 -0.9254
vn -0.7069 -0.0000 0.7073
vn -0.4063 -0.8182 0.4067
vn -0.4063 0.8182 0.4067
vn 0.9257 -0.0000 0.3783
vn 0.5839 -0.0000 -0.8119
vn -0.9876 -0.0001 0.1567
vn -0.2714 -0.9009 0.3387
vn -0.2714 0.9009 0.3387
vn 0.7078 -0.0000 0.7064
vn -0.5837 -0.0000 0.8120
vn 0.9874 -0.0001 -0.1581
vn -0.7077 -0.0000 -0.7065
vn -0.4085 -0.8167 -0.4075
vn -0.4085 0.8167 -0.4075
vn -0.9895 -0.0000 0.1446
vn 0.9485 -0.0000 0.3169
vn 0.1558 -0.9591 0.2364
vn -0.1549 -0.9558 -0.2500
vn -0.1550 0.9558 -0.2500
vn 0.1558 0.9591 0.2364
vn 0.0001 -0.0000 -1.0000
vn -0.2637 -0.9420 -0.2077
vn -0.2637 0.9420 -0.2077
vn 0.9745 -0.0001 -0.2243
vn -0.7081 -0.0000 -0.7061
vn -0.4075 -0.8180 -0.4061
vn -0.4075 0.8180 -0.4061
vn -0.5230 -0.0000 0.8523
vn -0.9243 -0.0000 0.3817
vn 0.9943 -0.0000 0.1070
vn -0.2322 -0.9431 0.2380
vn -0.2322 0.9431 0.2380
vn -0.3070 -0.0000 -0.9517
vn -0.3715 -0.0000 0.9284
vn 0.9276 -0.0000 -0.3736
vn -0.7075 -0.0000 -0.7067
vn -0.4042 -0.8210 -0.4033
vn -0.4042 0.8210 -0.4032
vn 0.8612 -0.0000 0.5083
vn -0.4496 -0.0000 -0.8933
vn -0.1396 -0.9514 0.2746
vn -0.1396 0.9514 0.2746
vn -0.8519 -0.0000 0.5237
vn -0.9959 -0.0000 -0.0902
vn 0.4493 -0.0000 0.8934
vn 0.5275 -0.0000 -0.8496
vn 0.2133 -0.9310 -0.2963
vn 0.2133 0.9310 -0.2963
vn 0.9499 -0.0000 -0.3125
vn -0.9897 -0.0000 -0.1428
vn -0.1548 -0.9558 0.2501
vn -0.1548 0.9558 0.2500
vn 0.0006 -0.0000 1.0000
vn 0.9749 -0.0001 0.2228
vn -0.5230 -0.0000 -0.8524
vn -0.7082 -0.0000 0.7060
vn -0.4069 -0.8185 0.4056
vn -0.4069 0.8185 0.4056
vn -0.3071 -0.0000 0.9517
vn 0.9942 0.0001 -0.1077
vn -0.9244 -0.0000 -0.3814
vn -0.2321 -0.9431 -0.2379
vn -0.2321 0.9431 -0.2379
vn -0.3715 -0.0000 -0.9284
vn -0.7075 -0.0000 0.7067
vn -0.4042 -0.8210 0.4033
vn -0.4042 0.8210 0.4032
vn 0.9276 -0.0000 0.3736
vn -0.1592 -0.0000 -0.9872
vn -0.4079 -0.8167 0.4082
vn -0.3387 -0.9010 -0.2710
vn -0.3387 0.9010 -0.2710
vn -0.4079 0.8167 0.4082
vn 0.8115 -0.0000 0.5844
vn 0.3381 -0.9011 0.2714
vn 0.3381 0.9011 0.2714
vn 0.1571 -0.0000 0.9876
vn 0.7064 -0.0000 -0.7078
vn 0.4072 -0.8171 -0.4082
vn 0.4072 0.8171 -0.4082
vn -0.8120 -0.0000 -0.5836
vn 0.7103 -0.0000 -0.7039
vn -0.9946 -0.0001 -0.1038
vn 0.1384 -0.9274 -0.3474
vn 0.4080 -0.8190 -0.4034
vn 0.4080 0.8190 -0.4034
vn 0.1384 0.9274 -0.3475
vn 0.6108 -0.0000 0.7918
vn 0.2940 -0.8848 0.3615
vn 0.2940 0.8848 0.3615
vn -0.9857 -0.0000 0.1688
vn 0.9922 -0.0000 0.1248
vn -0.2722 -0.9007 0.3385
vn -0.2722 0.9007 0.3385
vn -0.0388 -0.0000 -0.9992
vn -0.5856 -0.0000 0.8106
vn 0.9543 -0.0000 0.2988
vn -0.3177 -0.0000 -0.9482
vn -0.1624 -0.9685 -0.1889
vn -0.1624 0.9685 -0.1889
vn 0.3152 -0.0000 0.9490
vn 0.8110 -0.0000 -0.5851
vn 0.2295 -0.9326 0.2786
vn 0.2295 0.9326 0.2787
vn -0.8128 -0.0000 -0.5826
vn 0.6113 -0.0000 -0.7914
vn -0.9942 0.0001 0.1074
vn 0.2944 -0.8847 -0.3615
vn 0.2944 0.8847 -0.3614
vn 0.7099 -0.0000 0.7043
vn 0.4083 -0.8185 0.4042
vn 0.4083 0.8185 0.4042
vn 0.9918 -0.0000 -0.1275
vn -0.9852 -0.0000 -0.1713
vn -0.0388 -0.0000 0.9992
vn 0.9242 -0.0000 0.3819
vn -0.4080 0.8167 0.4080
vn 0.2357 0.9428 0.2357
vn -0.3820 -0.0000 -0.9241
vn -0.2357 -0.9428 -0.2357
vn -0.2357 0.9428 -0.2357
vn 0.3822 -0.0000 0.9241
vn 0.9241 -0.0000 0.3821
vn -0.4081 -0.8167 0.4080
vn -0.4081 0.8167 0.4080
vn -0.3823 -0.0000 -0.9241
vn -0.9242 -0.0000 -0.3820
vn 0.2358 -0.9428 0.2357
vn 0.2358 0.9428 0.2357
vn 0.3824 -0.0000 0.9240
vn 0.4081 -0.8167 -0.4080
vn 0.4081 0.8167 -0.4080
vn 0.7093 -0.0000 -0.7049
vn -0.9985 0.0002 -0.0551
vn -0.3368 -0.8595 -0.3845
vn 0.4085 -0.8178 -0.4055
vn 0.4085 0.8178 -0.4054
vn -0.3368 0.8595 -0.3844
vn 0.6530 -0.0000 0.7573
vn 0.3368 -0.8595 0.3845
vn 0.3368 0.8595 0.3844
vn -0.7093 -0.0000 0.7049
vn 0.9985 0.0003 0.0551
vn -0.4085 -0.8178 0.4055
vn -0.4085 0.8178 0.4054
vn -0.6530 -0.0000 -0.7574
vn -0.7071 -0.0001 0.7071
vn 0.9242 -0.0001 0.3818
vn 0.2357 -0.9428 0.2356
vn -0.4080 -0.8168 0.4079
vn -0.3819 -0.0000 -0.9242
vn 0.7071 -0.0001 -0.7071
vn 0.4079 -0.8168 -0.4079
vn 0.4079 0.8168 -0.4080
vn -0.9241 -0.0001 -0.3822
vn 0.9242 -0.0001 0.3820
vn 0.3820 -0.0000 0.9242
vn -0.9241 -0.0001 -0.3821
vn -0.0187 -0.9998 -0.0000
vn 0.9911 0.1332 -0.0000
vn 0.2408 0.2339 -0.9420
vn 0.0821 -0.4187 -0.9044
vn 0.0821 -0.4187 0.9044
vn 0.2408 0.2339 0.9420
vn -0.9968 0.0799 -0.0000
vn -0.1872 0.2439 -0.9516
vn -0.1872 0.2439 0.9516
vn 0.9285 -0.3713 -0.0000
vn -0.3460 0.9382 -0.0000
vn -0.1711 -0.2843 -0.9434
vn -0.1711 -0.2843 0.9434
vn -0.7089 -0.7053 -0.0000
vn -0.3945 -0.3884 -0.8328
vn -0.3945 -0.3884 0.8328
vn -0.3912 -0.9203 -0.0000
vn 0.9896 0.1440 -0.0000
vn -0.8827 0.4699 -0.0000
vn -0.3247 -0.9458 -0.0000
vn 0.9988 0.0494 -0.0000
vn -0.1928 -0.2280 -0.9544
vn -0.1928 -0.2280 0.9544
vn -0.9301 0.3672 -0.0000
vn -0.3704 0.9289 -0.0000
vn -0.7067 -0.7075 -0.0000
vn -0.4016 -0.4027 -0.8225
vn -0.4016 -0.4027 0.8225
vn 0.9300 -0.3675 -0.0000
vn 0.8115 0.5844 -0.0000
vn -0.9999 0.0155 -0.0000
vn 0.4669 -0.8843 -0.0000
vn -0.1774 -0.2470 -0.9526
vn -0.1774 -0.2470 0.9526
vn -0.7065 -0.7077 -0.0000
vn 0.9972 -0.0748 -0.0000
vn -0.4081 -0.4090 -0.8162
vn -0.4081 -0.4090 0.8162
vn -0.6558 0.7549 -0.0000
vn 0.3704 -0.9289 -0.0000
vn 0.2247 0.9744 -0.0000
vn 0.2323 -0.2298 -0.9451
vn 0.2323 -0.2298 0.9451
vn -0.9877 -0.1562 -0.0000
vn -0.3712 0.9285 -0.0000
vn -0.7081 -0.7061 -0.0000
vn -0.4046 -0.4023 -0.8212
vn -0.4046 -0.4023 0.8212
vn 0.9263 -0.3767 -0.0000
vn 0.8231 0.5679 -0.0000
vn -0.9967 0.0809 -0.0000
vn 0.0553 -0.9985 -0.0000
vn -0.0677 -0.4172 -0.9063
vn -0.0677 -0.4172 0.9063
vn 0.8110 0.5850 -0.0000
vn -0.9996 0.0293 -0.0000
vn 0.4766 -0.8791 -0.0000
vn 0.1708 -0.1796 -0.9688
vn 0.1708 -0.1796 0.9688
vn 0.1893 0.9819 -0.0000
vn -0.8535 -0.5212 -0.0000
vn 0.7007 -0.7135 -0.0000
vn 0.3911 -0.3969 -0.8303
vn 0.3911 -0.3969 0.8303
vn 0.9999 0.0139 -0.0000
vn -0.8139 0.5811 -0.0000
vn -0.4656 -0.8850 -0.0000
vn 0.1788 -0.2483 -0.9520
vn 0.1788 -0.2483 0.9520
vn -0.9974 -0.0727 -0.0000
vn 0.7068 -0.7074 -0.0000
vn 0.4082 -0.4087 -0.8163
vn 0.4082 -0.4087 0.8163
vn 0.6554 0.7553 -0.0000
vn -0.3739 -0.9275 -0.0000
vn 0.9877 -0.1565 -0.0000
vn -0.2330 -0.2308 -0.9447
vn -0.2330 -0.2308 0.9447
vn -0.2227 0.9749 -0.0000
vn 0.3712 0.9285 -0.0000
vn -0.9263 -0.3767 -0.0000
vn 0.7081 -0.7061 -0.0000
vn 0.4046 -0.4023 -0.8212
vn 0.4046 -0.4023 0.8212
vn 0.9245 0.3813 -0.0000
vn -0.7076 0.7066 -0.0000
vn -0.4079 0.4069 -0.8173
vn 0.2350 0.2350 -0.9431
vn 0.2350 0.2350 0.9431
vn -0.4078 0.4069 0.8174
vn -0.3807 -0.9247 -0.0000
vn -0.2360 -0.2360 -0.9427
vn -0.2360 -0.2360 0.9427
vn 0.3813 0.9244 -0.0000
vn -0.9247 -0.3807 -0.0000
vn 0.7066 -0.7076 -0.0000
vn 0.4070 -0.4079 -0.8173
vn 0.4070 -0.4079 0.8173
vn 0.3787 0.9255 -0.0000
vn -0.9258 -0.3780 -0.0000
vn 0.1478 -0.2169 -0.9649
vn 0.2340 0.2357 -0.9432
vn 0.2340 0.2357 0.9432
vn 0.1478 -0.2169 0.9649
vn 0.7069 -0.7073 -0.0000
vn 0.4062 -0.4066 -0.8183
vn 0.4062 -0.4066 0.8183
vn 0.9249 0.3803 -0.0000
vn -0.9870 0.1609 -0.0000
vn -0.2721 0.3385 -0.9008
vn -0.2721 0.3385 0.9008
vn 0.2293 -0.9734 -0.0000
vn -0.5855 -0.8107 -0.0000
vn 1.0000 0.0005 -0.0000
vn -0.2722 -0.3379 -0.9010
vn -0.2722 -0.3379 0.9010
vn -0.5849 0.8111 -0.0000
vn 0.5851 0.8109 -0.0000
vn -0.9871 -0.1601 -0.0001
vn 0.7071 -0.7071 -0.0000
vn 0.4077 -0.4078 -0.8170
vn 0.4077 -0.4078 0.8170
vn 0.9242 0.3820 -0.0000
vn -0.7071 0.7071 -0.0000
vn -0.4080 0.4080 -0.8168
vn 0.2357 0.2357 -0.9428
vn 0.2357 0.2357 0.9428
vn -0.4080 0.4080 0.8168
vn -0.3820 -0.9242 -0.0000
vn -0.2357 -0.2356 -0.9428
vn -0.2357 -0.2356 0.9428
vn 0.3820 0.9242 -0.0000
vn -0.9242 -0.3819 -0.0000
vn 0.4080 -0.4079 -0.8168
vn 0.4080 -0.4079 0.8168
vn 0.9733 0.2295 -0.0000
vn -0.7061 0.7081 -0.0000
vn -0.4075 0.4091 -0.8165
vn 0.2402 0.3039 -0.9219
vn 0.2402 0.3039 0.9219
vn -0.4075 0.4091 0.8165
vn -0.5297 -0.8482 -0.0000
vn -0.2411 -0.2997 -0.9231
vn -0.2411 -0.2997 0.9231
vn 0.5252 0.8510 -0.0000
vn -0.9749 -0.2227 -0.0000
vn 0.7086 -0.7056 -0.0000
vn 0.4083 -0.4059 -0.8176
vn 0.4083 -0.4059 0.8177
vn 0.2258 0.9742 -0.0000
vn -0.8519 -0.5238 -0.0000
vn -0.3009 -0.2393 -0.9231
vn 0.3000 0.2400 -0.9232
vn 0.3000 0.2400 0.9232
vn -0.3009 -0.2393 0.9231
vn 0.7063 -0.7079 -0.0000
vn 0.4067 -0.4078 -0.8175
vn 0.4067 -0.4078 0.8175
vn -0.7068 0.7074 -0.0000
vn -0.2283 -0.9736 -0.0000
vn -0.4077 0.4081 -0.8169
vn -0.4077 0.4081 0.8169
vn 0.8511 0.5250 -0.0000
vn 0.5253 0.8509 -0.0000
vn -0.9734 -0.2293 -0.0000
vn -0.2399 -0.2994 -0.9235
vn 0.2402 0.3007 -0.9230
vn 0.2402 0.3007 0.9230
vn -0.2399 -0.2994 0.9235
vn 0.7076 -0.7066 -0.0000
vn 0.4086 -0.4078 -0.8166
vn 0.4086 -0.4078 0.8166
vn 0.9731 0.2304 -0.0000
vn -0.7067 0.7075 -0.0000
vn -0.4079 0.4085 -0.8166
vn -0.4079 0.4085 0.8166
vn -0.5262 -0.8504 -0.0000
vn 0.9875 0.1573 -0.0000
vn -0.7077 0.7065 -0.0000
vn -0.4082 0.4073 -0.8170
vn 0.2711 0.3385 -0.9011
vn 0.2711 0.3385 0.9011
vn -0.4082 0.4073 0.8170
vn -0.5837 -0.8120 -0.0000
vn -0.2711 -0.3385 -0.9011
vn -0.2711 -0.3385 0.9011
vn 0.5837 0.8119 -0.0000
vn -0.9875 -0.1573 -0.0000
vn 0.7078 -0.7065 -0.0000
vn 0.4082 -0.4073 -0.8170
vn 0.4082 -0.4073 0.8170
vn 0.0070 -1.0000 -0.0000
vn 0.9939 0.1107 -0.0000
vn 0.3321 0.3927 -0.8576
vn 0.1378 -0.3587 -0.9232
vn 0.1378 -0.3587 0.9232
vn 0.3321 0.3927 0.8576
vn -0.9964 0.0844 -0.0000
vn -0.1874 0.2381 -0.9530
vn -0.1874 0.2381 0.9530
vn 0.3706 0.9288 -0.0001
vn -0.9434 -0.3316 -0.0000
vn 0.0678 -0.9977 -0.0000
vn 0.0408 -0.6475 -0.7610
vn 0.0408 -0.6475 0.7610
vn 0.6442 0.7648 -0.0000
vn -0.9997 -0.0226 -0.0000
vn 0.7140 -0.7001 -0.0000
vn 0.4096 -0.3991 -0.8204
vn 0.4096 -0.3991 0.8204
vn 0.9987 0.0509 -0.0000
vn -0.8876 0.4605 -0.0000
vn -0.3880 -0.9217 -0.0000
vn -0.1715 -0.2890 -0.9419
vn -0.1715 -0.2890 0.9419
vn 0.9285 -0.3714 -0.0000
vn -0.3556 0.9346 -0.0000
vn -0.7086 -0.7057 -0.0000
vn -0.3986 -0.3943 -0.8280
vn -0.3986 -0.3943 0.8280
vn -0.3145 -0.9493 -0.0000
vn 0.9989 0.0466 -0.0000
vn -0.0748 -0.5136 -0.8548
vn -0.0748 -0.5136 0.8548
vn -0.9284 0.3715 -0.0000
vn 0.6509 0.7591 -0.0000
vn -0.9987 -0.0518 0.0001
vn 0.7099 -0.7043 -0.0000
vn 0.4092 -0.4049 -0.8177
vn 0.4092 -0.4049 0.8177
vn 0.9304 -0.3665 -0.0000
vn -0.3714 0.9285 -0.0000
vn -0.7064 -0.7078 -0.0000
vn -0.4009 -0.4026 -0.8229
vn -0.4009 -0.4026 0.8229
vn -0.0000 0.9748 0.2232
vn -0.0000 -0.5241 -0.8516
vn 0.9620 -0.2159 0.1671
vn 0.9713 0.1696 0.1669
vn -0.9713 0.1696 0.1669
vn -0.9620 -0.2159 0.1671
vn -0.0000 -0.7079 0.7063
vn 0.8188 -0.4063 0.4056
vn -0.8188 -0.4063 0.4056
vn -0.0000 0.7099 0.7043
vn -0.0000 -0.2280 -0.9737
vn 0.9813 -0.1248 -0.1468
vn -0.9813 -0.1248 -0.1468
vn -0.0000 -0.8503 0.5263
vn -0.0000 0.2322 0.9727
vn -0.0000 0.5268 -0.8500
vn 0.9232 0.2412 -0.2991
vn -0.9232 0.2412 -0.2991
vn -0.0000 -0.9485 -0.3168
vn -0.0000 -0.5230 0.8523
vn -0.0000 0.9749 -0.2224
vn -0.0000 -0.7082 -0.7060
vn 0.8186 -0.4068 -0.4055
vn -0.8186 -0.4068 -0.4055
vn -0.0000 0.1601 0.9871
vn -0.0000 0.7070 -0.7072
vn -0.0000 -0.8113 -0.5846
vn 0.9010 -0.3383 -0.2717
vn -0.9010 -0.3383 -0.2717
vn -0.0000 -0.7070 0.7073
vn -0.0000 0.8113 0.5846
vn 0.8168 -0.4079 0.4080
vn -0.8168 -0.4079 0.4080
vn -0.0002 -0.1592 -0.9872
vn -0.0000 -0.9249 0.3803
vn 0.0001 0.7065 0.7077
vn 0.8175 0.4066 0.4078
vn 0.9426 -0.2360 0.2360
vn -0.9426 -0.2360 0.2360
vn -0.8175 0.4067 0.4078
vn 0.0001 0.3812 -0.9245
vn 0.9432 0.2348 -0.2349
vn -0.9432 0.2349 -0.2349
vn 0.0001 -0.3803 0.9249
vn -0.0000 -0.7077 -0.7066
vn 0.8175 -0.4077 -0.4067
vn -0.8175 -0.4078 -0.4067
vn -0.0000 -0.1618 0.9868
vn -0.0000 0.8107 -0.5854
vn 0.9016 0.3369 -0.2715
vn 0.9007 -0.3399 0.2707
vn -0.9007 -0.3398 0.2707
vn -0.9016 0.3369 -0.2715
vn 0.8166 -0.4085 -0.4078
vn -0.8166 -0.4084 -0.4078
vn -0.0001 0.7058 0.7084
vn -0.0003 0.1554 -0.9878
vn 0.8173 0.4064 0.4084
vn -0.8174 0.4064 0.4084
vn -0.0000 -0.8129 0.5824
vn 0.0001 -0.3842 0.9233
vn -0.0000 0.9233 -0.3841
vn 0.9428 0.2351 -0.2363
vn 0.9428 -0.2363 0.2351
vn -0.9428 -0.2363 0.2351
vn -0.9428 0.2351 -0.2363
vn 0.8159 -0.4088 -0.4088
vn -0.8159 -0.4089 -0.4088
vn 0.0001 -0.9242 0.3820
vn 0.8168 0.4079 0.4080
vn -0.8168 0.4080 0.4080
vn 0.0002 0.3819 -0.9242
vn -0.0000 -0.9242 0.3820
vn -0.0000 0.7071 0.7071
vn 0.8168 0.4080 0.4080
vn 0.9428 -0.2357 0.2357
vn -0.9428 -0.2357 0.2357
vn -0.8167 0.4080 0.4080
vn 0.0001 0.3821 -0.9241
vn 0.9428 0.2357 -0.2357
vn -0.9428 0.2357 -0.2357
vn 0.0002 -0.3821 0.9241
vn 0.0001 0.9241 -0.3820
vn 0.0001 -0.7071 -0.7071
vn 0.8168 -0.4080 -0.4080
vn -0.8167 -0.4080 -0.4080
vn 0.0002 0.3820 -0.9241
vn 0.0001 -0.3821 0.9241
vn -0.0000 0.9241 -0.3821
vn -0.0000 0.7057 0.7085
vn -0.0000 0.0907 -0.9959
vn 0.8740 0.3711 -0.3137
vn 0.8174 0.4064 0.4083
vn -0.8174 0.4064 0.4083
vn -0.8740 0.3711 -0.3137
vn -0.0000 -0.7746 0.6324
vn 0.8740 -0.3711 0.3137
vn -0.8740 -0.3711 0.3137
vn -0.0000 -0.0907 0.9959
vn -0.0000 0.7746 -0.6324
vn -0.0000 -0.7057 -0.7085
vn 0.8174 -0.4064 -0.4083
vn -0.8174 -0.4064 -0.4083
vn -0.0000 -0.3171 0.9484
vn -0.0000 0.9544 -0.2985
vn 0.9359 0.3486 0.0495
vn 0.9687 -0.1626 0.1878
vn -0.9687 -0.1626 0.1878
vn -0.9360 0.3486 0.0495
vn -0.0000 -0.5853 -0.8108
vn 0.9012 -0.2722 -0.3374
vn -0.9012 -0.2722 -0.3374
vn -0.0000 0.7090 -0.7052
vn -0.0000 -0.9887 -0.1498
vn 0.8186 0.4074 -0.4048
vn -0.8186 0.4073 -0.4048
vn -0.0000 0.5821 0.8131
vn -0.0000 0.3144 -0.9493
vn -0.0000 -0.8133 0.5818
vn -0.0000 0.8111 0.5850
vn 0.8841 0.4625 0.0672
vn -0.8841 0.4625 0.0672
vn -0.0000 0.5845 -0.8114
vn -0.0000 -0.9880 0.1547
vn -0.0000 0.7082 0.7060
vn 0.8184 0.4069 0.4057
vn -0.8184 0.4069 0.4057
vn 0.0001 -0.9241 0.3821
vn -0.9428 -0.2356 0.2357
vn -0.8168 0.4079 0.4080
vn -0.0000 0.3820 -0.9242
vn -0.9428 0.2356 -0.2357
vn -0.0000 -0.3820 0.9242
vn 0.0001 0.9241 -0.3821
vn -0.8168 -0.4079 -0.4080
vn 0.9428 -0.2355 0.2358
vn -0.9428 -0.2355 0.2358
vn -0.0000 0.3819 -0.9242
vn 0.9428 0.2358 -0.2355
vn -0.9429 0.2357 -0.2355
vn -0.0003 -0.3815 0.9244
vn -0.0002 0.9244 -0.3814
vn -0.0001 -0.7071 -0.7071
vn 0.8170 -0.4078 -0.4077
vn -0.8170 -0.4077 -0.4077
vn 0.0001 0.7072 0.7070
vn 0.0003 0.2265 -0.9740
vn 0.9223 0.3025 -0.2407
vn 0.8167 0.4081 0.4079
vn -0.8166 0.4082 0.4080
vn -0.9222 0.3027 -0.2407
vn -0.0001 -0.8491 0.5283
vn 0.9226 -0.3013 0.2410
vn -0.9226 -0.3012 0.2409
vn 0.0004 -0.2244 0.9745
vn 0.0001 0.8500 -0.5268
vn 0.0001 -0.7064 -0.7078
vn 0.8171 -0.4072 -0.4082
vn -0.8170 -0.4073 -0.4082
vn 0.0001 -0.9240 0.3824
vn 0.8167 0.4082 0.4080
vn 0.9429 -0.2355 0.2355
vn -0.9429 -0.2356 0.2355
vn 0.0002 0.3823 -0.9240
vn 0.9428 0.2358 -0.2358
vn -0.9428 0.2358 -0.2358
vn -0.0000 -0.3825 0.9240
vn -0.0000 0.9240 -0.3824
vn -0.0000 -0.7070 -0.7073
vn 0.8166 -0.4080 -0.4083
vn -0.8166 -0.4080 -0.4083
vn -0.9890 -0.0001 -0.1481
vn 0.9958 -0.0000 -0.0917
vn 0.3524 0.8506 -0.3902
vn -0.3717 0.8317 -0.4124
vn -0.3717 -0.8317 -0.4124
vn 0.3524 -0.8506 -0.3902
vn 0.0262 -0.0000 0.9997
vn -0.0941 0.9156 0.3910
vn -0.0941 -0.9156 0.3910
vn -0.6721 -0.0000 -0.7405
vn 0.9887 -0.0000 -0.1502
vn -0.7180 -0.0000 0.6960
vn -0.4109 0.8217 0.3950
vn -0.4109 -0.8217 0.3950
vn 0.5455 -0.0000 0.8381
vn -0.9881 -0.0000 -0.1541
vn 0.2290 0.9227 0.3101
vn 0.2290 -0.9227 0.3101
vn 0.6669 -0.0000 -0.7452
vn -0.5453 -0.0000 -0.8382
vn 0.9651 -0.0000 0.2617
vn -0.7450 -0.0000 0.6671
vn -0.1850 0.9160 -0.3561
vn -0.1850 -0.9160 -0.3561
vn 0.9982 -0.0000 0.0597
vn -0.9927 -0.0000 0.1205
vn -0.3717 0.8319 0.4121
vn -0.3717 -0.8319 0.4121
vn 0.0260 -0.0000 -0.9997
vn -0.7183 -0.0000 -0.6958
vn 0.9878 -0.0001 0.1555
vn -0.4108 0.8219 -0.3947
vn -0.4108 -0.8219 -0.3947
vn -0.6722 -0.0000 0.7404
vn -0.8086 -0.0000 0.5884
vn 0.1708 -0.0000 -0.9853
vn 0.0486 0.9507 -0.3063
vn -0.3333 0.9028 0.2717
vn -0.3333 -0.9028 0.2717
vn 0.0486 -0.9507 -0.3063
vn 0.7094 -0.0000 0.7048
vn 0.0011 0.8950 0.4460
vn 0.0011 -0.8951 0.4460
vn 0.8157 -0.0000 -0.5785
vn -0.1498 -0.0000 0.9887
vn -0.7039 -0.0000 -0.7103
vn -0.4034 0.8188 -0.4085
vn -0.4034 -0.8188 -0.4085
vn 0.9800 -0.0000 0.1988
vn -0.7075 -0.0000 0.7068
vn 0.2509 0.9149 0.3161
vn 0.2509 -0.9149 0.3161
vn -0.5499 -0.0000 -0.8352
vn 0.5499 -0.0000 0.8352
vn -0.9797 0.0001 -0.2003
vn 0.7076 -0.0000 -0.7066
vn 0.4086 0.8166 -0.4078
vn 0.4086 -0.8166 -0.4078
vn 0.9938 -0.0001 0.1114
vn -0.7049 -0.0000 0.7093
vn -0.4056 0.8172 0.4094
vn 0.2747 0.8957 0.3497
vn 0.2747 -0.8957 0.3497
vn -0.4056 -0.8172 0.4094
vn -0.6616 -0.0000 -0.7498
vn -0.2256 0.9684 0.1066
vn -0.2256 -0.9684 0.1067
vn -0.6016 -0.0000 -0.7988
vn 0.9847 -0.0000 0.1745
vn -0.0854 0.9856 -0.1458
vn -0.0854 -0.9856 -0.1459
vn -0.7592 -0.0000 0.6508
vn 0.6024 -0.0000 0.7982
vn -0.9977 -0.0000 -0.0680
vn 0.6558 -0.0000 -0.7549
vn 0.3386 0.8595 -0.3829
vn 0.3386 -0.8595 -0.3829
vn 0.9967 -0.0000 -0.0812
vn -0.6578 -0.0000 0.7532
vn -0.7070 -0.0000 -0.7072
vn -0.4071 0.8173 -0.4077
vn -0.4071 -0.8173 -0.4077
vn 0.3908 -0.0000 0.9205
vn -0.9218 -0.0000 -0.3878
vn -0.2312 0.9438 -0.2363
vn -0.2312 -0.9438 -0.2363
vn 0.7097 -0.0000 -0.7045
vn -0.7061 -0.0000 0.7081
vn -0.3809 -0.0000 -0.9246
vn -0.4056 0.8182 0.4074
vn -0.4056 -0.8182 0.4074
vn 0.9254 -0.0000 0.3789
vn -0.1711 -0.2843 0.9433
vn -0.7071 -0.7071 -0.0000
vn -0.3820 0.9242 -0.0000
vn -0.2357 0.2357 0.9428
vn -0.4080 -0.4079 0.8168
vn -0.4080 -0.4079 -0.8168
vn -0.2357 0.2357 -0.9428
vn 0.9242 -0.3819 -0.0000
vn 0.2357 -0.2356 0.9428
vn 0.2357 -0.2356 -0.9428
vn 0.3820 -0.9242 -0.0000
vn -0.9242 0.3820 -0.0000
vn 0.7071 0.7071 -0.0000
vn 0.4080 0.4080 0.8168
vn 0.4080 0.4080 -0.8168
vn -0.3847 0.9231 -0.0000
vn 0.9231 -0.3847 -0.0000
vn 0.2349 -0.2365 0.9428
vn -0.2365 0.2349 0.9428
vn -0.2365 0.2349 -0.9428
vn 0.2349 -0.2365 -0.9428
vn -0.4090 -0.4090 0.8157
vn -0.4090 -0.4090 -0.8157
vn -0.9242 0.3819 -0.0000
vn 0.4080 0.4079 0.8168
vn 0.4080 0.4079 -0.8168
vn -0.9258 -0.3779 -0.0000
vn 0.1478 -0.2169 0.9650
vn 0.4062 -0.4066 0.8184
vn 0.4062 -0.4066 -0.8184
vn 0.1478 -0.2169 -0.9650
vn 0.3785 0.9256 -0.0000
vn 0.2340 0.2358 0.9432
vn 0.2340 0.2358 -0.9432
vn -0.9869 0.1613 -0.0000
vn 0.9247 0.3806 -0.0000
vn 0.2293 -0.9733 -0.0000
vn 0.9749 -0.2227 -0.0000
vn -0.7086 -0.7056 -0.0000
vn -0.4083 -0.4059 0.8177
vn 0.2411 -0.2997 0.9231
vn 0.2411 -0.2997 -0.9231
vn -0.4083 -0.4059 -0.8177
vn -0.5252 0.8510 -0.0000
vn -0.2401 0.3039 0.9219
vn -0.2401 0.3039 -0.9219
vn 0.5297 -0.8482 -0.0000
vn -0.9733 0.2296 -0.0000
vn 0.7061 0.7081 -0.0000
vn 0.4075 0.4091 0.8164
vn 0.4075 0.4091 -0.8164
vn 0.2292 -0.9734 -0.0000
vn -0.8510 0.5252 -0.0000
vn -0.3007 0.2401 0.9230
vn 0.2995 -0.2399 0.9235
vn 0.2995 -0.2399 -0.9235
vn -0.3007 0.2401 -0.9230
vn 0.7067 0.7075 -0.0000
vn 0.4078 0.4085 0.8166
vn 0.4078 0.4085 -0.8166
vn -0.7075 -0.7067 -0.0000
vn -0.2304 0.9731 -0.0000
vn -0.4085 -0.4079 0.8166
vn -0.4085 -0.4079 -0.8166
vn 0.8504 -0.5262 -0.0000
vn 0.9742 -0.2259 -0.0000
vn -0.7079 -0.7063 -0.0000
vn -0.4078 -0.4067 0.8175
vn 0.2400 -0.3000 0.9233
vn 0.2400 -0.3000 -0.9233
vn -0.4078 -0.4067 -0.8175
vn -0.5238 0.8518 -0.0000
vn -0.2393 0.3008 0.9232
vn -0.2393 0.3008 -0.9232
vn 0.5251 -0.8511 -0.0000
vn -0.9736 0.2285 -0.0000
vn 0.7074 0.7068 -0.0000
vn 0.4081 0.4077 0.8169
vn 0.4081 0.4077 -0.8169
vn -0.5837 0.8119 -0.0000
vn 0.9875 -0.1573 -0.0000
vn 0.2711 -0.3385 0.9011
vn -0.2711 0.3385 0.9011
vn -0.2711 0.3385 -0.9011
vn 0.2711 -0.3385 -0.9011
vn -0.7078 -0.7065 -0.0000
vn -0.4082 -0.4073 0.8170
vn -0.4082 -0.4073 -0.8170
vn 0.5837 -0.8120 -0.0000
vn -0.9875 0.1573 -0.0000
vn 0.7077 0.7065 -0.0000
vn 0.4082 0.4073 0.8170
vn 0.4082 0.4073 -0.8170
vn 0.3707 0.9288 -0.0001
vn 0.6510 0.7591 -0.0000
vn 0.0001 -0.2206 0.9754
vn -0.0000 -0.3689 -0.9295
vn -0.9421 -0.2414 -0.2328
vn -0.9839 -0.1293 0.1232
vn 0.9839 -0.1293 0.1232
vn 0.9421 -0.2413 -0.2328
vn -0.0000 0.9876 -0.1568
vn -0.9468 0.2361 0.2188
vn 0.9468 0.2360 0.2188
vn -0.0000 -0.9151 -0.4033
vn -0.0000 0.9721 -0.2346
vn -0.9657 0.1614 -0.2033
vn 0.9657 0.1614 -0.2033
vn -0.0000 -0.1795 0.9838
vn -0.0001 -0.5740 0.8188
vn 0.0004 0.2104 -0.9776
vn -0.0000 0.9309 0.3652
vn -0.9437 0.2399 -0.2277
vn 0.9437 0.2398 -0.2277
vn -0.0000 -0.9733 0.2295
vn -0.0000 0.8040 -0.5946
vn -0.0000 0.3830 0.9238
vn -0.9402 -0.1527 0.3043
vn 0.9402 -0.1527 0.3043
vn -0.0000 0.9719 -0.2356
vn -0.0001 -0.7862 0.6180
vn -0.9404 -0.3053 -0.1498
vn 0.9404 -0.3053 -0.1498
vn -0.0000 -0.4003 -0.9164
vn 0.0001 0.2356 0.9719
vn -0.0000 -0.9870 -0.1609
vn -0.9657 0.2034 0.1615
vn 0.9657 0.2033 0.1615
vn 0.0001 0.3865 -0.9223
vn -0.0000 0.9223 0.3866
vn -0.0000 -0.9701 0.2426
vn -0.0000 0.1535 -0.9882
vn 0.0001 -0.2319 -0.9728
vn -0.0001 0.5934 0.8049
vn -0.0000 -0.9237 0.3831
vn -0.0001 0.9241 0.3821
vn -0.0001 -0.7072 0.7071
vn 0.9428 0.2358 0.2357
vn -0.0003 -0.3822 -0.9241
vn 0.9428 -0.2358 -0.2357
vn -0.0003 0.3822 0.9241
vn -0.0001 -0.9241 -0.3821
vn 0.9428 -0.2356 -0.2357
vn -0.0000 0.3820 0.9242
vn -0.0000 -0.9241 -0.3820
vn 0.8168 0.4079 -0.4080
vn -0.0000 0.9241 0.3820
vn -0.0000 -0.3820 -0.9242
vn -0.8168 0.4079 -0.4080
vn -0.0000 -0.3820 -0.9241
vn -0.0000 0.3820 0.9241
vn 0.0001 0.3820 0.9241
vn -0.9977 -0.0000 0.0678
vn 0.7090 -0.0000 0.7053
vn 0.4084 -0.8176 0.4058
vn -0.3290 -0.8645 0.3801
vn -0.3290 0.8645 0.3801
vn 0.4084 0.8176 0.4058
vn 0.6463 -0.0000 -0.7631
vn 0.3290 -0.8645 -0.3801
vn 0.3290 0.8645 -0.3801
vn -0.6463 -0.0000 0.7631
vn 0.9977 -0.0000 -0.0678
vn -0.7089 -0.0000 -0.7053
vn -0.4084 -0.8176 -0.4058
vn -0.4084 0.8176 -0.4058
vn -0.9875 0.0001 -0.1574
vn 0.2711 -0.9010 0.3385
vn 0.9875 0.0001 0.1574
vn -0.4081 0.8170 0.4073
vn -0.9875 -0.0000 -0.1575
vn -0.2711 -0.9010 -0.3385
vn -0.2711 0.9010 -0.3385
vn 0.5838 -0.0000 0.8119
vn 0.2711 0.9011 0.3385
vn 0.9875 -0.0000 0.1575
vn -0.5838 -0.0000 -0.8119
vn -0.9875 -0.0000 -0.1574
vn -0.5837 -0.0000 -0.8119
vn 0.9875 -0.0000 0.1574
vn 0.9875 -0.0001 0.1575
vn 0.5837 -0.0000 0.8120
vn 0.9875 0.1575 -0.0000
vn -0.5837 -0.8119 -0.0000
vn -0.9875 -0.1575 -0.0000
vn 0.7077 -0.7065 -0.0000
vn 0.9875 0.1574 -0.0000
vn 0.2711 0.3385 0.9010
vn -0.5838 -0.8119 -0.0000
vn -0.2711 -0.3385 0.9010
vn 0.5838 0.8119 -0.0000
vn -0.9973 0.0732 -0.0000
vn 0.6439 -0.7651 -0.0000
vn 0.3271 -0.3799 -0.8653
vn -0.0117 0.4325 -0.9015
vn -0.0117 0.4325 0.9015
vn 0.3271 -0.3799 0.8653
vn 0.7087 0.7055 -0.0000
vn 0.4089 0.4065 -0.8170
vn 0.4089 0.4065 0.8170
vn 0.9972 -0.0745 -0.0000
vn -0.5120 0.8590 -0.0000
vn -0.8153 -0.5790 -0.0000
vn -0.3310 -0.2685 -0.9046
vn -0.3310 -0.2685 0.9046
vn -0.6947 0.7193 -0.0000
vn -0.0876 -0.9962 -0.0000
vn -0.3848 0.4020 -0.8309
vn -0.3848 0.4020 0.8309
vn 0.8317 0.5552 -0.0000
vn 0.9876 0.1573 -0.0000
vn -0.2711 -0.3385 -0.9010
vn -0.9875 -0.1574 -0.0000
vn -0.0001 -0.9241 0.3820
vn -0.0001 0.7071 0.7071
vn -0.0002 0.3820 -0.9242
vn -0.0001 -0.3820 0.9242
vn -0.0000 0.9242 -0.3820
vn 0.8167 -0.4080 -0.4080
vn -0.0001 0.3820 -0.9242
vn -0.0002 -0.3820 0.9242
vn -0.0001 0.9241 -0.3820
vn -0.0000 0.9241 -0.3820
vn -0.8168 -0.4080 -0.4080
vn -0.0000 -0.9241 0.3820
vn -0.0000 -0.3820 0.9241
vn -0.0000 -0.9218 0.3877
vn 0.9428 -0.2371 0.2343
vn -0.9428 -0.2371 0.2343
vn -0.0000 0.3764 -0.9265
vn 0.9428 0.2371 -0.2343
vn -0.9428 0.2371 -0.2343
vn -0.0000 -0.3764 0.9265
vn -0.0000 0.9218 -0.3877
vn -0.0000 0.3820 -0.9241
vn -0.0000 -0.3821 0.9241
vn -0.9875 -0.0000 0.1575
vn 0.5838 -0.0000 -0.8119
vn 0.2711 0.9011 -0.3385
vn -0.2711 0.9011 0.3385
vn -0.2711 -0.9011 0.3385
vn 0.2711 -0.9011 -0.3385
vn 0.7077 -0.0000 0.7065
vn 0.4082 0.8170 0.4073
vn 0.4082 -0.8170 0.4073
vn 0.9875 -0.0000 -0.1575
vn -0.5837 -0.0000 0.8119
vn -0.4082 0.8170 -0.4073
vn -0.4082 -0.8170 -0.4073
vn -0.2711 0.9010 0.3385
vn -0.2711 -0.9010 0.3385
vn -0.5838 -0.0000 0.8119
vn -0.9875 -0.0000 0.1574
vn 0.5837 -0.0000 -0.8119
vn 0.2711 0.9010 -0.3385
vn 0.2711 -0.9010 -0.3385
vn 0.9875 -0.0000 -0.1574
vn 0.5837 -0.0000 -0.8120
vn -0.8119 -0.0000 0.5837
vn 0.1575 -0.0000 -0.9875
vn 0.3385 0.9011 -0.2711
vn -0.3385 0.9011 0.2711
vn -0.3385 -0.9010 0.2711
vn 0.3385 -0.9010 -0.2711
vn 0.7065 -0.0000 0.7077
vn 0.4073 0.8170 0.4082
vn 0.4073 -0.8170 0.4082
vn 0.8119 -0.0000 -0.5837
vn -0.1575 -0.0000 0.9875
vn -0.7065 -0.0000 -0.7077
vn -0.4073 0.8170 -0.4082
vn -0.4073 -0.8170 -0.4082
vn -0.9875 -0.0000 0.1573
vn 0.7078 -0.0000 0.7065
vn -0.4081 -0.8170 -0.4073
vn 0.9875 -0.1575 -0.0000
vn -0.7077 -0.7065 -0.0000
vn 0.2711 -0.3385 0.9010
vn 0.2711 -0.3385 -0.9010
vn -0.5838 0.8119 -0.0000
vn -0.2711 0.3385 0.9010
vn -0.2711 0.3385 -0.9010
vn 0.5838 -0.8119 -0.0000
vn -0.9875 0.1575 -0.0000
vn 0.5837 -0.8119 -0.0000
vn -0.9875 0.1574 -0.0000
vn 0.9875 -0.1574 -0.0000
vn -0.9876 0.1573 -0.0000
vn -0.5837 0.8120 -0.0000
vn -0.0000 -0.7066 0.7076
vn -0.0000 -0.5264 -0.8502
vn -0.9236 -0.2401 -0.2990
vn -0.8946 -0.4468 0.0002
vn 0.8946 -0.4468 0.0002
vn 0.9235 -0.2402 -0.2990
vn -0.0000 0.9730 0.2307
vn -0.9956 0.0608 -0.0716
vn 0.9956 0.0608 -0.0716
vn -0.0000 0.7081 -0.7061
vn -0.0000 0.5235 0.8520
vn -0.8173 0.4082 -0.4066
vn 0.8173 0.4082 -0.4066
vn -0.0000 -0.9740 -0.2266
vn -0.0001 0.8820 -0.4713
vn -0.0000 -0.2889 0.9574
vn -0.9269 -0.3610 -0.1029
vn 0.9269 -0.3609 -0.1029
vn -0.0000 -0.7070 -0.7072
vn -0.0000 0.7069 0.7073
vn -0.0000 -0.8822 0.4709
vn -0.9750 0.0893 0.2035
vn 0.9750 0.0893 0.2035
vn 0.0001 0.2886 -0.9575
vn -0.0000 -0.7062 -0.7080
vn -0.0000 0.9726 -0.2325
vn -0.0000 -0.5273 0.8497
vn -0.9234 -0.2408 0.2989
vn 0.9234 -0.2407 0.2989
vn -0.0000 0.5247 -0.8513
vn -0.0000 0.7075 0.7067
vn -0.8169 0.4082 0.4075
vn 0.8169 0.4081 0.4075
vn -0.0000 -0.9737 0.2280
vn -0.0000 -0.1565 -0.9877
vn -0.0000 0.8122 0.5833
vn -0.9010 0.3388 0.2710
vn 0.9010 0.3389 0.2710
vn -0.0000 -0.7063 0.7080
vn 0.0001 0.1579 0.9875
vn -0.0000 -0.8117 -0.5840
vn -0.0000 0.7066 -0.7076
vn -0.8170 0.4074 -0.4081
vn 0.8170 0.4074 -0.4081
vn 0.0001 0.9237 0.3831
vn 0.0001 -0.7071 0.7071
vn -0.8163 -0.4085 0.4084
vn -0.9428 0.2360 0.2354
vn 0.9428 0.2360 0.2354
vn 0.8163 -0.4084 0.4084
vn 0.0001 -0.3832 -0.9237
vn -0.9428 -0.2355 -0.2360
vn 0.9428 -0.2354 -0.2360
vn -0.0000 0.3842 0.9232
vn 0.0001 -0.9233 -0.3841
vn -0.8159 0.4088 -0.4088
vn 0.8159 0.4089 -0.4088
vn 0.0001 0.5243 0.8515
vn -0.0000 -0.9739 -0.2268
vn -0.9232 -0.2400 -0.3001
vn -0.9231 0.2396 0.3007
vn 0.9232 0.2395 0.3007
vn 0.9232 -0.2399 -0.3001
vn 0.0001 0.7077 -0.7065
vn -0.8172 0.4080 -0.4071
vn 0.8173 0.4079 -0.4071
vn -0.0000 0.9735 0.2285
vn -0.0000 -0.7074 0.7068
vn -0.8168 -0.4081 0.4077
vn -0.0001 -0.7058 0.7084
vn -0.0001 -0.1557 -0.9878
vn -0.9016 -0.3369 -0.2715
vn -0.8173 -0.4064 0.4084
vn 0.8173 -0.4065 0.4084
vn 0.9016 -0.3369 -0.2715
vn -0.0000 0.8129 0.5824
vn -0.9007 0.3399 0.2707
vn 0.9007 0.3398 0.2707
vn 0.0001 0.1619 0.9868
vn -0.0000 -0.8107 -0.5855
vn -0.0000 0.7075 -0.7067
vn -0.8166 0.4085 -0.4078
vn 0.8166 0.4085 -0.4078
vn -0.0000 0.9253 0.3793
vn -0.0000 -0.7068 0.7074
vn -0.8178 -0.4066 0.4072
vn -0.9428 0.2358 0.2357
vn 0.8178 -0.4066 0.4072
vn -0.0000 -0.3799 -0.9250
vn -0.9431 -0.2351 -0.2352
vn 0.9431 -0.2351 -0.2352
vn 0.0002 0.3794 0.9252
vn -0.0000 -0.9250 -0.3799
vn 0.0001 0.7074 -0.7069
vn -0.8178 0.4072 -0.4067
vn 0.8179 0.4071 -0.4067
vn 0.0001 0.5259 0.8506
vn -0.0000 -0.9732 -0.2298
vn -0.9230 -0.2401 -0.3006
vn -0.9234 0.2399 0.2997
vn 0.9234 0.2399 0.2997
vn 0.9230 -0.2401 -0.3006
vn -0.0000 0.7070 -0.7073
vn -0.8166 0.4080 -0.4083
vn 0.8167 0.4079 -0.4083
vn -0.0000 0.9734 0.2289
vn -0.0000 -0.7075 0.7067
vn -0.8166 -0.4084 0.4078
vn 0.8167 -0.4084 0.4078
vn 0.0001 -0.5252 -0.8510
vn -0.0000 -0.7058 0.7085
vn 0.0002 -0.1550 -0.9879
vn -0.8174 -0.4064 0.4084
vn 0.8174 -0.4063 0.4084
vn 0.9016 -0.3368 -0.2715
vn -0.0000 0.1616 0.9869
vn -0.0000 -0.8107 -0.5854
vn -0.8166 0.4084 -0.4078
vn -0.0000 0.3840 0.9233
vn -0.9428 -0.2352 -0.2363
vn -0.9428 0.2362 0.2351
vn 0.9428 0.2362 0.2351
vn 0.9428 -0.2351 -0.2363
vn -0.8160 0.4087 -0.4088
vn 0.8159 0.4088 -0.4088
vn 0.0001 0.9241 0.3821
vn -0.8167 -0.4081 0.4080
vn 0.8167 -0.4080 0.4080
vn 0.0002 -0.3822 -0.9241
vn -0.8167 0.4081 -0.4080
vn 0.0001 -0.3822 -0.9241
vn 0.0002 0.3804 0.9248
vn -0.0000 -0.9245 -0.3813
vn -0.9432 -0.2350 -0.2349
vn -0.9426 0.2361 0.2361
vn 0.9426 0.2360 0.2360
vn 0.9432 -0.2349 -0.2349
vn -0.8174 0.4079 -0.4068
vn 0.8175 0.4077 -0.4067
vn -0.0000 0.9248 0.3804
vn 0.0001 -0.7066 0.7076
vn -0.8174 -0.4069 0.4078
vn 0.8175 -0.4067 0.4078
vn 0.0003 -0.3814 -0.9244
vn -0.0001 0.3822 0.9241
vn -0.0001 0.9242 0.3820
vn 0.0001 -0.9241 -0.3820
vn -0.0001 -0.3822 -0.9241
vn -0.0001 0.7072 -0.7071
vn 0.8167 0.4082 -0.4080
vn -0.0001 0.3821 0.9241
vn 0.0001 -0.9241 -0.3821
vn -0.0000 -0.7072 0.7071
vn -0.0001 -0.2284 -0.9736
vn -0.9232 -0.3003 -0.2399
vn -0.8169 -0.4077 0.4081
vn 0.8168 -0.4077 0.4081
vn 0.9232 -0.3003 -0.2399
vn -0.0000 0.8511 0.5250
vn -0.9232 0.3003 0.2399
vn 0.9232 0.3003 0.2399
vn -0.0000 0.2284 0.9736
vn -0.0000 -0.8511 -0.5250
vn -0.0000 0.7068 -0.7074
vn -0.8168 0.4077 -0.4081
vn 0.8169 0.4077 -0.4081
vn -0.0000 -0.2284 -0.9736
vn -0.8168 -0.4077 0.4081
vn 0.8169 -0.4077 0.4081
vn -0.0001 0.2284 0.9736
vn -0.8169 0.4077 -0.4081
vn 0.8168 0.4077 -0.4081
vn 0.0001 -0.0908 -0.9959
vn 0.0001 0.0908 0.9959
vn -0.9234 0.2409 0.2988
vn 0.9234 0.2409 0.2988
vn 0.8168 -0.4081 0.4077
vn -0.0000 -0.5250 -0.8511
vn -0.9231 -0.2395 -0.3009
vn 0.9231 -0.2395 -0.3009
vn -0.0000 0.5276 0.8495
vn -0.0000 -0.9725 -0.2330
vn -0.0000 0.7062 -0.7080
vn -0.8156 0.4084 -0.4097
vn 0.8157 0.4084 -0.4097
vn -0.0000 -0.7060 0.7082
vn -0.0001 -0.1854 -0.9827
vn -0.9118 -0.3210 -0.2562
vn 0.8173 -0.4066 0.4083
vn 0.9118 -0.3210 -0.2562
vn -0.0000 0.8295 0.5584
vn -0.9110 0.3238 0.2555
vn 0.9110 0.3238 0.2555
vn -0.0000 0.1907 0.9817
vn -0.0000 -0.8275 -0.5614
vn -0.0000 0.7076 -0.7066
vn -0.8166 0.4086 -0.4078
vn 0.8166 0.4086 -0.4078
vn -0.0000 0.5218 0.8531
vn -0.0000 -0.9743 -0.2251
vn -0.9239 -0.2391 -0.2989
vn -0.9228 0.2393 0.3021
vn 0.9228 0.2393 0.3021
vn 0.9239 -0.2391 -0.2989
vn -0.0000 0.7089 -0.7053
vn -0.8180 0.4082 -0.4053
vn 0.8180 0.4082 -0.4053
vn -0.0000 0.9740 0.2263
vn -0.8180 -0.4068 0.4068
vn 0.8180 -0.4068 0.4068
vn -0.0000 -0.5252 -0.8510
vn -0.8169 -0.4081 0.4077
vn -0.9236 0.2413 0.2980
vn 0.9235 0.2413 0.2980
vn -0.9231 -0.2392 -0.3011
vn 0.9231 -0.2393 -0.3011
vn -0.0000 0.5287 0.8488
vn -0.0000 -0.9721 -0.2345
vn -0.0000 0.7056 -0.7086
vn -0.8152 0.4084 -0.4106
vn 0.8152 0.4084 -0.4106
vn -0.0000 0.9021 0.4316
vn -0.8171 -0.4072 0.4081
vn -0.9404 0.2531 0.2273
vn 0.9404 0.2531 0.2273
vn 0.8171 -0.4072 0.4081
vn -0.0000 -0.3297 -0.9441
vn -0.9408 -0.2512 -0.2275
vn 0.9408 -0.2512 -0.2275
vn -0.0000 0.3317 0.9434
vn -0.0000 -0.9010 -0.4337
vn -0.0000 0.7077 -0.7066
vn -0.8165 0.4087 -0.4079
vn 0.8165 0.4087 -0.4079
vn -0.0000 0.5205 0.8539
vn -0.0000 -0.9745 -0.2244
vn -0.9242 -0.2387 -0.2981
vn -0.9227 0.2390 0.3027
vn 0.9227 0.2390 0.3027
vn 0.9242 -0.2387 -0.2981
vn -0.0000 0.7094 -0.7048
vn -0.8185 0.4081 -0.4043
vn 0.8185 0.4081 -0.4043
vn -0.0000 0.9742 0.2256
vn -0.8185 -0.4062 0.4062
vn 0.8185 -0.4062 0.4062
vn -0.0000 -0.5254 -0.8508
vn -0.0000 0.9931 0.1172
vn -0.0000 -0.7081 0.7061
vn -0.8172 -0.4083 0.4068
vn -0.8852 0.2958 0.3590
vn 0.8852 0.2958 0.3590
vn 0.8172 -0.4082 0.4068
vn -0.0000 -0.6142 -0.7892
vn -0.8852 -0.2958 -0.3590
vn 0.8852 -0.2958 -0.3590
vn -0.0000 0.6141 0.7892
vn -0.0000 -0.9931 -0.1172
vn -0.8172 0.4083 -0.4068
vn 0.8172 0.4082 -0.4068
vn -0.0000 0.9931 0.1173
vn -0.8172 -0.4083 0.4069
vn 0.8172 -0.4083 0.4069
vn -0.8172 0.4083 -0.4069
vn 0.8172 0.4083 -0.4069
vn -0.0000 -0.9246 0.3809
vn -0.0000 0.3813 -0.9245
vn -0.9249 0.3803 -0.0000
vn -0.9427 -0.2366 0.2353
vn 0.9427 -0.2365 0.2353
vn 0.9248 0.3803 -0.0000
vn -0.0000 0.7068 0.7074
vn -0.8172 0.4073 0.4078
vn 0.8172 0.4073 0.4078
vn -0.0000 1.0000 -0.0000
vn -0.0000 -0.3836 0.9235
vn -0.0000 -0.3835 -0.9235
vn -0.9427 -0.2366 -0.2353
vn 0.9427 -0.2365 -0.2353
vn 0.0001 0.3811 0.9245
vn -0.0000 -0.9246 -0.3809
vn -0.8172 0.4073 -0.4078
vn 0.8172 0.4073 -0.4078
vn 0.0001 0.3811 -0.9245
vn -0.0000 -0.3836 -0.9235
vn -0.0000 -0.3835 0.9235
vn -0.0000 0.3812 0.9245
vn -0.0000 -0.3821 -0.9241
vn 0.8167 0.4080 -0.4080
vn -0.0000 0.3821 0.9241
vn -0.0000 0.9405 0.3397
vn -0.9413 0.2283 0.2487
vn 0.9413 0.2283 0.2487
vn -0.0000 -0.4235 -0.9059
vn -0.9413 -0.2283 -0.2487
vn 0.9413 -0.2283 -0.2487
vn -0.0000 0.4235 0.9059
vn -0.0000 -0.9405 -0.3397
vn -0.0000 0.7072 -0.7070
vn -0.8168 0.4080 -0.4079
vn 0.8168 0.4080 -0.4079
vn 0.9899 0.0001 -0.1419
vn -0.9259 -0.0000 -0.3778
vn -0.2255 -0.9440 -0.2408
vn -0.1708 -0.9323 -0.3189
vn -0.1708 0.9323 -0.3189
vn -0.2255 0.9440 -0.2408
vn -0.3595 -0.0000 0.9331
vn -0.2494 -0.9425 0.2226
vn -0.2494 0.9425 0.2226
vn -0.7076 -0.0000 0.7067
vn 0.9359 -0.0000 0.3521
vn -0.3940 -0.8310 0.3926
vn -0.3940 0.8310 0.3926
vn -0.3462 -0.0000 -0.9381
vn -0.6399 -0.0000 0.7685
vn 0.9650 0.0001 0.2624
vn -0.3357 -0.8506 0.4046
vn -0.3357 0.8506 0.4046
vn -0.7457 -0.0000 -0.6662
vn -0.9976 -0.0000 0.0688
vn 0.9923 -0.0000 0.1239
vn 0.2812 -0.8885 0.3626
vn 0.2812 0.8885 0.3626
vn 0.0712 -0.0000 -0.9975
vn -0.9982 -0.0001 -0.0597
vn 0.5918 -0.0000 0.8061
vn 0.7646 -0.0000 -0.6445
vn 0.1433 -0.9888 0.0417
vn 0.1433 0.9888 0.0417
vn 0.9501 -0.0000 0.3120
vn -0.5145 -0.0000 -0.8575
vn -0.0746 -0.9290 0.3624
vn -0.0746 0.9290 0.3624
vn -0.7535 -0.0000 0.6574
vn -0.8293 -0.0000 0.5588
vn 0.7061 -0.0000 0.7081
vn 0.4067 -0.8172 0.4083
vn 0.4067 0.8172 0.4083
vn 0.1853 -0.0000 -0.9827
vn 0.3218 -0.9116 -0.2559
vn 0.3218 0.9116 -0.2559
vn -0.1879 -0.0000 0.9822
vn 0.8283 -0.0000 -0.5603
vn -0.7069 -0.0000 -0.7073
vn 0.1634 -0.9755 -0.1474
vn 0.1634 0.9755 -0.1475
vn -0.9843 -0.0000 -0.1763
vn 0.5120 -0.0000 0.8590
vn 0.6583 -0.0000 -0.7528
vn 0.5879 -0.0000 -0.8089
vn -0.9995 -0.0000 0.0317
vn 0.2792 -0.8883 -0.3645
vn 0.2792 0.8883 -0.3645
vn 0.7663 -0.0000 0.6425
vn 0.0713 -0.0000 0.9975
vn 0.9921 -0.0000 -0.1257
vn -0.9973 -0.0000 -0.0733
vn -0.3358 -0.8504 -0.4050
vn -0.3358 0.8504 -0.4050
vn 0.9678 0.0001 -0.2516
vn -0.6397 -0.0000 -0.7686
vn -0.7453 -0.0000 0.6667
vn -0.2495 -0.9424 -0.2228
vn -0.2495 0.9424 -0.2228
vn -0.9254 -0.0000 0.3790
vn 0.9905 -0.0000 0.1379
vn -0.2256 -0.9439 0.2411
vn -0.2256 0.9439 0.2411
vn -0.3593 -0.0000 -0.9332
vn 0.9359 -0.0000 -0.3521
vn -0.7076 -0.0000 -0.7067
vn -0.3940 -0.8310 -0.3926
vn -0.3940 0.8310 -0.3926
vn -0.3462 -0.0000 0.9381
vn 0.7074 -0.0000 -0.7068
vn -0.9736 -0.0001 -0.2283
vn -0.2399 -0.9232 -0.3003
vn 0.4081 -0.8169 -0.4077
vn 0.4081 0.8169 -0.4077
vn -0.2399 0.9232 -0.3003
vn 0.5249 -0.0000 0.8511
vn 0.2399 -0.9232 0.3003
vn 0.2399 0.9232 0.3003
vn -0.7074 -0.0000 0.7068
vn 0.9736 -0.0001 0.2285
vn -0.4081 -0.8169 0.4077
vn -0.4081 0.8169 0.4077
vn -0.5250 -0.0000 -0.8511
vn -0.1572 -0.0000 -0.9876
vn -0.7065 -0.0000 0.7077
vn -0.4073 -0.8170 0.4082
vn -0.3385 -0.9010 -0.2711
vn -0.3385 0.9010 -0.2711
vn -0.4073 0.8170 0.4082
vn 0.8120 -0.0000 0.5837
vn 0.3385 -0.9010 0.2711
vn 0.3385 0.9010 0.2711
vn 0.1573 -0.0000 0.9875
vn 0.7065 -0.0000 -0.7077
vn 0.4073 -0.8170 -0.4082
vn 0.4073 0.8170 -0.4082
vn -0.8120 -0.0000 -0.5837
vn -0.7073 -0.0000 0.7070
vn 0.9574 -0.0000 0.2889
vn 0.2278 -0.9355 0.2699
vn -0.4081 -0.8168 0.4079
vn -0.4081 0.8168 0.4079
vn 0.2278 0.9355 0.2699
vn -0.4712 -0.0000 -0.8820
vn -0.2278 -0.9355 -0.2699
vn -0.2278 0.9355 -0.2699
vn 0.4712 -0.0000 0.8820
vn 0.7073 -0.0000 -0.7070
vn 0.4081 -0.8168 -0.4079
vn 0.4081 0.8168 -0.4078
vn -0.9574 -0.0000 -0.2889
vn 0.9235 -0.0000 0.3835
vn 0.1601 -0.0000 -0.9871
vn 0.1397 -0.9683 -0.2071
vn 0.2344 -0.9428 0.2369
vn 0.2344 0.9428 0.2369
vn 0.1397 0.9683 -0.2071
vn -0.9726 -0.0000 0.2326
vn -0.2406 -0.9229 0.3006
vn -0.2406 0.9229 0.3007
vn -0.9253 -0.0000 -0.3793
vn 0.3788 -0.0000 0.9255
vn 0.7073 -0.0000 -0.7069
vn 0.4069 -0.8180 -0.4065
vn 0.4069 0.8180 -0.4065
vn -0.5263 -0.0000 0.8503
vn 1.0000 -0.0000 0.0003
vn -0.5267 -0.0000 -0.8501
vn -0.2408 -0.9231 -0.2998
vn -0.2408 0.9231 -0.2998
vn -0.9735 -0.0000 -0.2287
vn 0.4077 -0.8170 -0.4078
vn 0.4077 0.8170 -0.4078
vn 0.5255 -0.0000 0.8508
vn -0.4081 0.8168 0.4078
vn 0.2279 -0.9355 0.2699
vn -0.4080 -0.8168 0.4078
vn -0.4080 0.8168 0.4078
vn 0.2279 0.9355 0.2699
vn -0.2278 -0.9356 -0.2699
vn -0.2278 0.9356 -0.2699
vn 0.4713 -0.0000 0.8820
vn 0.4081 0.8168 -0.4079
vn 0.7073 -0.0000 0.7069
vn 0.3788 -0.0000 -0.9255
vn 0.2344 -0.9428 -0.2369
vn 0.4069 -0.8180 0.4065
vn 0.4069 0.8180 0.4065
vn 0.2344 0.9428 -0.2369
vn -0.9253 -0.0000 0.3793
vn 0.1397 -0.9683 0.2071
vn 0.1397 0.9683 0.2071
vn 0.9235 -0.0000 -0.3835
vn -0.9726 -0.0000 -0.2326
vn -0.2406 -0.9229 -0.3006
vn -0.2406 0.9229 -0.3007
vn 0.1601 -0.0000 0.9871
vn -0.5267 -0.0000 0.8501
vn 1.0000 -0.0000 -0.0003
vn -0.2408 -0.9231 0.2998
vn -0.2408 0.9231 0.2998
vn -0.5263 -0.0000 -0.8503
vn 0.7071 -0.0000 0.7071
vn 0.5255 -0.0000 -0.8508
vn 0.4077 -0.8170 0.4078
vn 0.4077 0.8170 0.4078
vn -0.9735 -0.0000 0.2287
vn 0.9241 -0.0000 0.3822
vn 0.7072 -0.0000 -0.7071
vn -0.9242 -0.0000 -0.3819
vn -0.0909 -0.0000 -0.9959
vn 0.0905 -0.0000 0.9959
vn 0.9242 -0.0000 0.3820
vn 0.2356 -0.9428 0.2357
vn -0.3822 -0.0000 -0.9241
vn 0.4079 -0.8168 -0.4080
vn -0.0905 -0.0000 -0.9959
vn 0.0907 -0.0000 0.9959
vn 0.9893 -0.1458 -0.0000
vn -0.0070 1.0000 -0.0000
vn -0.1087 0.3823 -0.9176
vn 0.2421 -0.3523 -0.9040
vn 0.2421 -0.3523 0.9040
vn -0.1087 0.3823 0.9176
vn -0.9936 -0.1129 -0.0000
vn -0.1872 -0.2086 -0.9599
vn -0.1872 -0.2086 0.9599
vn -0.5336 -0.8457 0.0001
vn 0.9970 -0.0776 0.0001
vn -0.0607 0.9982 -0.0000
vn 0.1387 0.3470 -0.9276
vn 0.1388 0.3470 0.9276
vn -0.2137 -0.9769 -0.0001
vn 0.6672 0.7449 -0.0000
vn -0.0649 0.9979 -0.0000
vn -0.1139 0.3622 -0.9251
vn -0.1139 0.3622 0.9251
vn 0.3853 0.9228 -0.0000
vn -0.9228 -0.3854 -0.0000
vn 0.0248 -0.3806 -0.9244
vn 0.0248 -0.3806 0.9244
vn -0.9208 -0.3900 -0.0000
vn 0.9805 0.1967 -0.0000
vn -0.1226 0.9925 -0.0000
vn 0.0698 0.3615 -0.9298
vn 0.0698 0.3615 0.9298
vn -0.7073 0.7069 -0.0000
vn -0.3826 -0.9239 -0.0000
vn -0.2337 -0.2995 -0.9250
vn -0.2337 -0.2995 0.9250
vn 0.9239 0.3826 -0.0000
vn -0.3854 0.9227 -0.0000
vn -0.7725 -0.6350 -0.0000
vn -0.0890 0.2054 -0.9746
vn -0.0890 0.2054 0.9746
vn 0.9991 -0.0423 -0.0000
vn -0.2160 -0.9764 -0.0000
vn 0.8484 0.5294 -0.0000
vn -0.7044 0.7098 -0.0000
vn -0.3992 0.4004 -0.8248
vn -0.3992 0.4004 0.8248
vn 0.7078 0.7064 -0.0000
vn 0.0445 -0.2246 -0.9734
vn 0.0445 -0.2246 0.9734
vn -0.9873 0.1589 -0.0000
vn -0.1605 0.9870 -0.0000
vn -0.9230 -0.3848 -0.0000
vn -0.2651 0.1533 -0.9519
vn -0.2652 0.1533 0.9519
vn 0.9721 -0.2344 -0.0000
vn 0.9250 0.3798 -0.0000
vn -0.7076 0.7067 -0.0000
vn -0.4071 0.4063 -0.8180
vn -0.4071 0.4063 0.8180
vn -0.3788 -0.9255 -0.0000
vn 0.8203 -0.5719 -0.0000
vn -0.3395 0.9406 -0.0000
vn -0.1114 0.2097 -0.9714
vn -0.1114 0.2097 0.9714
vn -0.8551 -0.5185 -0.0000
vn -0.8186 0.5744 -0.0000
vn -0.3841 -0.9233 -0.0000
vn 0.9804 -0.1970 -0.0000
vn -0.8576 0.5143 -0.0000
vn -0.1857 -0.9826 -0.0000
vn 0.9514 -0.3080 -0.0000
vn 0.9924 -0.1227 -0.0000
vn -0.9024 0.4308 -0.0000
vn -0.2163 -0.3422 -0.9144
vn -0.2163 -0.3422 0.9144
vn -0.1593 -0.9872 -0.0000
vn -0.0000 -0.0000 -0.0000
vn -0.9238 0.3828 -0.0000
vn 0.0669 -0.3807 -0.9223
vn 0.0669 -0.3807 0.9223
vn -0.1086 -0.9941 -0.0000
vn 0.9885 0.1510 -0.0000
vn -0.7097 0.7045 -0.0000
vn -0.5804 -0.8143 -0.0000
vn -0.9875 -0.1576 -0.0000
vn 0.1906 0.3474 -0.9181
vn 0.1906 0.3474 0.9181
vn 0.5846 0.8114 -0.0000
vn -0.9857 0.1687 -0.0000
vn 0.4461 -0.8950 -0.0000
vn 0.0486 0.9988 -0.0000
vn -0.9581 0.2864 -0.0001
vn -0.0823 -0.9966 -0.0000
vn 0.9675 -0.2530 -0.0000
vn -0.0536 -0.2357 -0.9704
vn -0.0536 -0.2357 0.9704
vn 0.6538 -0.7567 -0.0001
vn 0.0698 0.9976 -0.0000
vn -0.1347 0.3462 -0.9284
vn -0.1347 0.3462 0.9284
vn -0.9773 0.2118 -0.0001
vn -0.9969 0.0786 -0.0000
vn 0.4700 -0.8827 -0.0000
vn 0.8515 0.5244 -0.0000
vn -0.1805 0.0886 -0.9796
vn -0.1805 0.0886 0.9796
vn -0.6667 0.7453 -0.0000
vn 0.2756 -0.9613 -0.0000
vn 0.0757 0.9971 -0.0000
vn 0.1162 0.3557 -0.9273
vn 0.1162 0.3557 0.9273
vn 0.9238 -0.3830 -0.0000
vn -0.3823 0.9240 -0.0000
vn -0.9835 0.1807 -0.0000
vn 0.9210 -0.3895 -0.0000
vn 0.1614 0.9869 -0.0000
vn -0.0222 0.3669 -0.9300
vn -0.0222 0.3669 0.9300
vn -0.9274 0.3740 -0.0000
vn 0.3771 -0.9262 -0.0000
vn 0.7060 0.7082 -0.0000
vn 0.1580 -0.1601 -0.9744
vn 0.1580 -0.1601 0.9744
vn 0.7042 -0.7100 -0.0000
vn 0.2111 0.9775 -0.0000
vn -0.8554 -0.5179 -0.0000
vn -0.9903 0.1391 -0.0000
vn 0.5643 -0.8256 -0.0000
vn 0.7156 0.6985 -0.0000
vn 0.2244 -0.0905 -0.9703
vn 0.2244 -0.0905 0.9703
vn 0.9590 -0.2834 -0.0000
vn -0.4664 0.8846 -0.0000
vn -0.2231 -0.0088 -0.9748
vn -0.2231 -0.0088 0.9748
vn -0.7084 -0.7059 -0.0000
vn 0.4709 0.8822 -0.0000
vn -0.9576 -0.2881 -0.0000
vn 0.2032 0.0077 -0.9791
vn 0.2032 0.0077 0.9791
vn 0.7072 -0.7070 -0.0000
vn 0.8960 0.4440 -0.0000
vn -0.8106 0.5856 -0.0000
vn -0.4737 -0.8807 -0.0000
vn 1.0000 0.0003 -0.0000
vn -0.3861 0.9224 -0.0000
vn 0.1825 0.1833 -0.9660
vn 0.1825 0.1833 0.9660
vn -0.3855 -0.9227 -0.0000
vn -0.9257 0.3782 -0.0000
vn 0.3804 -0.9248 0.0001
vn 0.7063 0.7080 -0.0000
vn 0.4055 0.4072 -0.8184
vn 0.4055 0.4072 0.8184
vn 0.9234 -0.3838 -0.0000
vn -0.0004 1.0000 -0.0000
vn 0.2350 -0.2366 -0.9428
vn 0.2350 -0.2366 0.9428
vn -0.9233 -0.3842 -0.0000
vn -0.9245 0.3811 -0.0000
vn 0.3808 -0.9246 -0.0000
vn 0.7073 0.7069 -0.0000
vn 0.4077 0.4073 -0.8172
vn 0.4077 0.4073 0.8172
vn -0.8128 -0.5825 -0.0000
vn 0.8113 -0.5846 -0.0000
vn 0.3137 0.9495 -0.0000
vn 0.0807 -0.1915 -0.9782
vn 0.0807 -0.1915 0.9782
vn -0.9662 -0.2580 -0.0000
vn 0.6590 -0.7521 -0.0000
vn -0.0027 1.0000 -0.0000
vn -0.1072 0.1267 -0.9861
vn -0.1072 0.1268 0.9861
vn 0.8946 0.4469 -0.0000
vn -0.8507 0.5257 -0.0000
vn -0.0894 -0.9960 -0.0000
vn -0.2150 -0.9766 -0.0000
vn 0.8532 0.5216 -0.0000
vn -0.7050 0.7092 -0.0000
vn -0.4027 0.4049 -0.8209
vn -0.4027 0.4049 0.8209
vn -0.8511 -0.5250 -0.0000
vn 0.9736 -0.2285 -0.0000
vn -0.3156 0.9489 -0.0000
vn -0.1201 0.1683 -0.9784
vn -0.1201 0.1683 0.9784
vn -0.2187 -0.9758 -0.0000
vn 0.8546 0.5192 -0.0000
vn -0.7048 0.7094 -0.0000
vn -0.4035 0.4069 -0.8195
vn -0.4035 0.4069 0.8195
vn 0.8506 0.5258 -0.0000
vn -0.9732 0.2298 -0.0000
vn 0.0615 -0.1422 -0.9879
vn 0.0615 -0.1422 0.9879
vn 0.3163 -0.9487 -0.0000
vn -0.8548 -0.5190 -0.0000
vn 0.7047 -0.7095 -0.0000
vn 0.4028 -0.4062 -0.8202
vn 0.4028 -0.4062 0.8202
vn 0.2156 0.9765 -0.0000
vn -0.7882 -0.6155 -0.0000
vn 0.9239 -0.3827 -0.0000
vn -0.2670 0.9637 -0.0000
vn -0.1046 0.0996 -0.9895
vn -0.1046 0.0996 0.9895
vn -0.1136 -0.9935 -0.0000
vn 0.7898 0.6134 -0.0000
vn -0.7054 0.7088 -0.0000
vn -0.4058 0.4081 -0.8177
vn -0.4058 0.4081 0.8178
vn 0.7072 0.7070 -0.0000
vn -0.9569 0.2905 -0.0000
vn 0.2775 0.2775 -0.9198
vn 0.2775 0.2775 0.9198
vn 0.2907 -0.9568 -0.0000
vn -0.6342 -0.7732 -0.0000
vn 0.9957 0.0922 -0.0000
vn -0.7087 0.7056 -0.0000
vn -0.4074 0.4057 -0.8182
vn -0.4074 0.4057 0.8182
vn 0.0903 0.9959 -0.0000
vn -0.7735 -0.6338 -0.0000
vn 0.7053 -0.7089 -0.0000
vn 0.4054 -0.4075 -0.8183
vn 0.4054 -0.4075 0.8183
vn -0.7065 0.7077 -0.0000
vn -0.1574 -0.9875 -0.0000
vn -0.3393 -0.2704 -0.9010
vn -0.4073 0.4082 -0.8170
vn -0.4073 0.4082 0.8170
vn -0.3393 -0.2704 0.9010
vn 0.8120 0.5837 -0.0000
vn 0.3383 0.2712 -0.9011
vn 0.3383 0.2712 0.9011
vn 0.1529 0.9882 -0.0000
vn -0.8130 -0.5823 -0.0000
vn 0.7056 -0.7086 -0.0000
vn 0.4059 -0.4079 -0.8178
vn 0.4059 -0.4079 0.8178
vn 0.9233 0.3841 -0.0000
vn -0.4088 0.4088 -0.8159
vn 0.2351 0.2363 -0.9428
vn 0.2351 0.2363 0.9428
vn -0.4088 0.4088 0.8159
vn -0.2363 -0.2351 -0.9428
vn -0.2363 -0.2351 0.9428
vn 0.3821 0.9241 -0.0000
vn -0.9241 -0.3821 -0.0000
vn 0.4080 -0.4080 -0.8168
vn 0.4080 -0.4080 0.8168
vn 0.9243 0.3816 -0.0000
vn -0.7074 0.7068 -0.0000
vn -0.4080 0.4074 -0.8171
vn 0.2353 0.2353 -0.9430
vn 0.2353 0.2353 0.9430
vn -0.4079 0.4074 0.8171
vn -0.3813 -0.9245 -0.0000
vn -0.2359 -0.2359 -0.9427
vn -0.2359 -0.2359 0.9427
vn 0.3815 0.9244 -0.0000
vn -0.9245 -0.3812 -0.0000
vn 0.4074 -0.4079 -0.8171
vn 0.4074 -0.4079 0.8171
vn 0.2291 0.9734 -0.0000
vn -0.8510 -0.5252 -0.0000
vn -0.3006 -0.2401 -0.9230
vn 0.2997 0.2399 -0.9234
vn 0.2997 0.2399 0.9234
vn -0.3006 -0.2401 0.9230
vn 0.7067 -0.7075 -0.0000
vn 0.4078 -0.4084 -0.8166
vn 0.4078 -0.4084 0.8166
vn -0.7073 0.7070 -0.0000
vn -0.2297 -0.9733 -0.0000
vn -0.4082 0.4080 -0.8166
vn -0.4082 0.4080 0.8166
vn 0.3696 0.9292 -0.0000
vn -0.9233 -0.3840 -0.0000
vn -0.2289 -0.2290 -0.9461
vn 0.2359 0.2358 -0.9427
vn 0.2359 0.2359 0.9427
vn -0.2289 -0.2289 0.9461
vn 0.7094 -0.7048 -0.0000
vn 0.4032 -0.3978 -0.8241
vn 0.4032 -0.3977 0.8241
vn 0.9292 0.3696 -0.0000
vn -0.3978 0.4032 -0.8241
vn -0.3978 0.4033 0.8241
vn 0.9957 0.0928 0.0001
vn -0.7025 0.7116 -0.0000
vn -0.4066 0.4131 -0.8149
vn -0.1169 0.2985 -0.9472
vn -0.1169 0.2985 0.9472
vn -0.4066 0.4131 0.8149
vn -0.6875 -0.7261 -0.0000
vn -0.3749 -0.3931 -0.8396
vn -0.3749 -0.3931 0.8396
vn -0.9997 -0.0236 -0.0000
vn 0.9240 -0.3825 -0.0000
vn 0.2314 -0.2382 -0.9432
vn 0.2314 -0.2382 0.9432
vn 0.3512 0.9363 -0.0000
vn 0.3741 0.9274 -0.0000
vn -1.0000 -0.0100 -0.0000
vn 0.2285 0.2263 -0.9469
vn 0.2285 0.2263 0.9469
vn 0.3671 -0.9302 -0.0000
vn -0.3634 -0.9316 -0.0000
vn 0.9248 0.3804 -0.0000
vn -0.7091 0.7051 -0.0000
vn -0.4011 0.3957 -0.8262
vn -0.4011 0.3957 0.8262
vn -0.7059 0.7083 -0.0000
vn -0.2269 -0.9739 -0.0001
vn -0.2993 -0.2395 -0.9236
vn -0.4065 0.4084 -0.8173
vn -0.4065 0.4084 0.8173
vn -0.2993 -0.2395 0.9236
vn 0.8521 0.5234 -0.0000
vn 0.3014 0.2397 -0.9229
vn 0.3014 0.2397 0.9229
vn 0.2281 0.9736 -0.0000
vn -0.8508 -0.5254 -0.0000
vn 0.4075 -0.4073 -0.8173
vn 0.4075 -0.4073 0.8173
vn 0.1230 0.9924 -0.0000
vn -0.7878 -0.6159 -0.0000
vn -0.3574 -0.2962 -0.8858
vn 0.3595 0.2960 -0.8849
vn 0.3595 0.2960 0.8849
vn -0.3574 -0.2962 0.8858
vn 0.4081 -0.4079 -0.8168
vn 0.4081 -0.4079 0.8168
vn -0.7063 0.7080 -0.0000
vn -0.1187 -0.9929 -0.0000
vn -0.4073 0.4086 -0.8168
vn -0.4073 0.4086 0.8168
vn 0.7893 0.6140 -0.0000
vn 0.9736 0.2283 -0.0000
vn -0.4081 0.4077 -0.8169
vn 0.2399 0.3003 -0.9232
vn 0.2399 0.3003 0.9232
vn -0.4081 0.4077 0.8169
vn -0.5250 -0.8511 -0.0000
vn -0.2399 -0.3003 -0.9232
vn -0.2399 -0.3003 0.9232
vn 0.5250 0.8511 -0.0000
vn -0.9736 -0.2285 -0.0000
vn 0.7074 -0.7068 -0.0000
vn 0.4081 -0.4077 -0.8168
vn 0.4081 -0.4077 0.8169
vn -0.3821 -0.9241 -0.0000
vn -0.2357 -0.2357 -0.9428
vn -0.2357 -0.2357 0.9428
vn 0.4080 -0.4080 -0.8167
vn 0.4080 -0.4080 0.8167
vn -0.1175 -0.9931 -0.0000
vn -0.3590 -0.2958 -0.8852
vn -0.4069 0.4083 -0.8172
vn -0.4069 0.4083 0.8172
vn -0.3590 -0.2958 0.8852
vn 0.7892 0.6142 -0.0000
vn 0.3590 0.2958 -0.8852
vn 0.3590 0.2958 0.8852
vn 0.1174 0.9931 -0.0000
vn -0.7892 -0.6142 -0.0000
vn 0.7061 -0.7081 -0.0000
vn 0.4069 -0.4083 -0.8172
vn 0.4069 -0.4083 0.8172
vn 0.9241 0.3821 -0.0000
vn -0.4080 0.4080 -0.8167
vn -0.9242 -0.3820 -0.0000
vn -0.9241 -0.3820 -0.0000
vn -0.3820 -0.9241 -0.0000
vn -0.9254 0.3789 -0.0000
vn 0.3786 -0.9256 -0.0000
vn 0.2345 -0.2368 -0.9428
vn 0.0123 0.4459 -0.8950
vn 0.0123 0.4459 0.8950
vn 0.2345 -0.2368 0.9428
vn 0.4067 0.4065 -0.8181
vn 0.4067 0.4065 0.8181
vn 0.9237 -0.3832 -0.0000
vn 0.1602 0.9871 -0.0000
vn -0.9729 -0.2312 -0.0000
vn -0.2397 -0.3013 -0.9229
vn -0.2397 -0.3013 0.9229
vn 0.9738 0.2275 -0.0000
vn -0.7079 0.7063 -0.0000
vn -0.4083 0.4071 -0.8171
vn -0.4083 0.4071 0.8171
vn -0.5242 -0.8516 -0.0000
vn 0.1888 -0.9820 -0.0000
vn 0.6796 0.7336 -0.0000
vn 0.2675 0.2784 -0.9225
vn 0.1495 -0.1416 -0.9786
vn 0.1495 -0.1416 0.9786
vn 0.2675 0.2784 0.9225
vn -0.9236 0.3833 -0.0000
vn -0.0877 0.2307 -0.9691
vn -0.0877 0.2307 0.9691
vn -0.6154 -0.7882 -0.0000
vn 0.9935 0.1142 -0.0000
vn -0.7090 0.7053 -0.0000
vn -0.4069 0.4049 -0.8188
vn -0.4069 0.4049 0.8188
vn 0.0587 0.9983 -0.0000
vn -0.7664 -0.6424 -0.0000
vn 0.7036 -0.7106 -0.0000
vn 0.4036 -0.4085 -0.8187
vn 0.4036 -0.4085 0.8187
vn -0.9081 0.4187 -0.0000
vn 0.5188 -0.8549 -0.0000
vn -0.2560 0.2230 -0.9406
vn -0.2560 0.2230 0.9406
vn 0.4876 0.8731 -0.0000
vn 1.0000 -0.0000 -0.0000
vn -0.3316 0.9434 -0.0000
vn -0.3315 -0.9434 -0.0000
vn -0.2556 -0.2236 -0.9406
vn -0.2556 -0.2236 0.9406
vn 0.5258 0.8506 -0.0000
vn -0.9073 -0.4204 -0.0000
vn 0.4881 -0.8728 -0.0000
vn 0.0983 -0.4904 -0.8659
vn 0.0983 -0.4904 0.8659
vn 0.2676 0.9635 -0.0000
vn -0.8699 -0.4933 -0.0000
vn 0.4085 -0.4076 -0.8167
vn 0.4085 -0.4076 0.8167
vn -0.0000 0.7065 0.7077
vn -0.0002 0.1573 -0.9875
vn 0.9010 0.3386 -0.2711
vn 0.8170 0.4073 0.4082
vn -0.8170 0.4073 0.4082
vn -0.9011 0.3385 -0.2711
vn -0.0000 -0.8119 0.5837
vn 0.9010 -0.3386 0.2711
vn -0.9011 -0.3385 0.2711
vn -0.0002 -0.1573 0.9875
vn -0.0000 0.8119 -0.5837
vn -0.0000 -0.7065 -0.7077
vn 0.8170 -0.4073 -0.4082
vn -0.0000 -0.9016 0.4326
vn -0.0000 0.7070 0.7072
vn 0.9406 -0.2522 0.2275
vn -0.9406 -0.2522 0.2275
vn -0.0000 0.3302 -0.9439
vn 0.9406 0.2522 -0.2275
vn -0.9406 0.2522 -0.2275
vn -0.0000 -0.3302 0.9439
vn -0.0000 0.9016 -0.4326
vn 0.8168 -0.4079 -0.4080
vn -0.0000 -0.3840 0.9234
vn -0.0000 0.9234 -0.3839
vn 0.9707 0.1256 -0.2050
vn 0.9433 -0.2355 0.2340
vn -0.9433 -0.2355 0.2340
vn -0.9707 0.1257 -0.2050
vn 0.9840 -0.1590 0.0797
vn -0.9840 -0.1591 0.0797
vn -0.0000 -0.2661 -0.9639
vn -0.0000 -0.9251 0.3798
vn -0.0000 0.9929 0.1186
vn 0.8851 0.2955 0.3597
vn -0.8850 0.2955 0.3597
vn -0.0000 -0.9934 -0.1147
vn -0.0000 0.6132 0.7899
vn -0.0000 0.7086 -0.7056
vn 0.8175 0.4083 -0.4061
vn -0.8175 0.4084 -0.4061
vn 0.0001 0.0993 -0.9951
vn -0.0000 -0.7731 0.6343
vn 0.9647 0.1062 0.2409
vn -0.9647 0.1062 0.2409
vn -0.0001 -0.0977 -0.9952
vn 0.8169 -0.4077 0.4079
vn 0.8735 -0.3733 -0.3125
vn -0.8735 -0.3733 -0.3125
vn -0.8170 -0.4076 0.4079
vn -0.0000 0.7731 0.6342
vn 0.0002 0.0801 0.9968
vn -0.0000 0.7041 -0.7101
vn 0.9735 -0.1609 -0.1625
vn -0.9735 -0.1609 -0.1625
vn -0.0000 -0.7769 -0.6297
vn 0.0001 -0.0824 0.9966
vn -0.0000 0.7762 -0.6304
vn -0.0000 -0.7045 -0.7097
vn -0.0000 0.9260 0.3775
vn -0.0000 -0.3790 -0.9254
vn 0.9435 -0.2339 -0.2347
vn -0.9435 -0.2339 -0.2347
vn -0.0000 -0.7062 0.7080
vn -0.0000 -0.2657 0.9641
vn -0.0000 0.9933 -0.1154
vn 0.8852 0.2954 -0.3594
vn -0.8852 0.2954 -0.3594
vn -0.0000 -0.9255 -0.3787
vn -0.0000 0.6133 -0.7898
vn -0.0000 -0.9935 0.1138
vn -0.0000 0.7087 0.7055
vn 0.8177 0.4082 0.4059
vn -0.8177 0.4082 0.4059
vn -0.0000 -0.3788 0.9255
vn -0.0000 0.9266 -0.3759
vn 0.9622 0.2174 -0.1637
vn 0.9540 -0.2999 -0.0001
vn -0.9540 -0.2999 -0.0001
vn -0.9622 0.2174 -0.1637
vn 0.9706 0.0874 -0.2244
vn -0.9706 0.0874 -0.2244
vn -0.0004 -0.1121 0.9937
vn -0.0002 0.5019 -0.8649
vn 0.9709 -0.2034 -0.1262
vn -0.9709 -0.2034 -0.1261
vn -0.0000 -0.9234 -0.3838
vn -0.0000 0.1269 -0.9919
vn -0.0000 -0.9636 0.2674
vn -0.0000 0.3836 0.9235
vn 0.9428 0.2376 0.2337
vn -0.9429 0.2376 0.2337
vn -0.0001 -0.3763 -0.9265
vn -0.0000 -0.7069 0.7073
vn 0.9922 0.0894 0.0872
vn -0.9922 0.0894 0.0872
vn -0.0000 0.9268 0.3754
vn -0.0001 0.3854 0.9227
vn -0.0000 -0.9225 -0.3861
vn 0.9540 0.2999 0.0001
vn -0.9540 0.2999 0.0001
vn -0.0000 0.3816 0.9243
vn 0.9922 -0.0894 -0.0872
vn -0.9922 -0.0894 -0.0872
vn -0.0000 0.9239 0.3826
vn -0.0000 -0.3826 -0.9239
vn 0.9428 -0.2359 -0.2357
vn -0.9428 -0.2359 -0.2357
vn 0.8167 0.4079 -0.4081
vn -0.8167 0.4079 -0.4081
vn -0.0000 -0.9241 -0.3822
vn -0.0000 0.9225 0.3861
vn -0.0001 -0.3854 -0.9227
vn 0.9709 0.2034 0.1262
vn -0.9709 0.2034 0.1261
vn -0.0000 -0.9268 -0.3754
vn -0.0001 0.3764 0.9265
vn 0.9428 -0.2376 -0.2337
vn -0.9429 -0.2376 -0.2337
vn -0.0000 0.7069 -0.7073
vn -0.0000 -0.1270 0.9919
vn -0.0000 0.9636 -0.2674
vn 0.9622 -0.2174 0.1637
vn -0.9622 -0.2174 0.1637
vn -0.0004 0.1121 -0.9937
vn -0.0002 -0.5019 0.8649
vn -0.0000 0.9234 0.3838
vn -0.0000 0.3788 -0.9255
vn -0.0000 -0.9266 0.3759
vn -0.0000 0.7062 0.7080
vn 0.9706 -0.0874 0.2244
vn -0.9706 -0.0874 0.2244
vn -0.0000 -0.7076 0.7066
vn -0.0000 -0.3816 -0.9243
vn -0.0000 -0.9239 -0.3826
vn -0.0000 0.3826 0.9239
vn 0.9428 0.2359 0.2356
vn -0.9428 0.2359 0.2356
vn -0.0000 -0.7070 0.7072
vn 0.8168 -0.4079 0.4081
vn -0.8168 -0.4079 0.4081
vn -0.0000 0.8707 -0.4918
vn 0.9803 -0.1921 -0.0448
vn 0.9317 -0.2807 0.2307
vn -0.9317 -0.2807 0.2307
vn -0.9803 -0.1922 -0.0448
vn -0.0000 -0.7067 -0.7075
vn 0.8169 -0.4076 -0.4082
vn -0.8169 -0.4076 -0.4082
vn -0.0000 -0.9221 0.3868
vn 0.8150 0.4098 0.4097
vn 0.9429 -0.2339 0.2371
vn -0.9429 -0.2339 0.2371
vn -0.8150 0.4097 0.4097
vn -0.0000 0.3869 -0.9221
vn 0.9429 0.2371 -0.2339
vn -0.9429 0.2371 -0.2339
vn 0.0001 -0.3820 0.9242
vn 0.0001 -0.3811 0.9245
vn -0.0000 0.9260 -0.3774
vn 0.9425 0.2363 -0.2363
vn 0.9440 -0.2334 0.2334
vn -0.9440 -0.2334 0.2334
vn -0.9425 0.2363 -0.2363
vn -0.0000 -0.7058 -0.7084
vn 0.8191 -0.4043 -0.4069
vn -0.8191 -0.4044 -0.4069
vn -0.0000 -0.9245 0.3812
vn -0.0000 0.7083 0.7059
vn 0.8191 0.4069 0.4044
vn -0.8191 0.4069 0.4044
vn -0.0000 0.3774 -0.9261
vn -0.0000 0.2659 -0.9640
vn -0.0000 -0.8705 0.4922
vn -0.0000 0.7071 0.7072
vn 0.9735 -0.1617 0.1614
vn -0.9736 -0.1617 0.1614
vn -0.0000 0.7729 0.6346
vn -0.0001 -0.0982 -0.9952
vn 0.9787 0.1365 -0.1536
vn -0.9787 0.1365 -0.1536
vn -0.0000 -0.7068 0.7075
vn -0.0000 -0.3851 0.9229
vn -0.0000 0.9226 -0.3857
vn 0.9434 -0.2358 0.2331
vn -0.9434 -0.2358 0.2331
vn -0.0000 -0.7055 -0.7087
vn -0.0000 -0.0000 -1.0000
vn -0.0000 -0.9249 0.3802
vn -0.0000 0.9249 0.3802
vn 0.9434 0.2340 0.2348
vn -0.9435 0.2340 0.2348
vn -0.0000 -0.9263 -0.3769
vn -0.0001 0.3790 0.9254
vn -0.0001 0.7064 -0.7078
vn 0.8189 0.4052 -0.4066
vn -0.8189 0.4051 -0.4066
vn 0.0004 0.0848 0.9964
vn -0.0000 0.7046 -0.7096
vn 0.9809 0.1557 0.1167
vn -0.9809 0.1557 0.1167
vn 0.0001 -0.7765 -0.6301
vn -0.0000 0.9212 0.3891
vn -0.0000 -0.3878 -0.9217
vn 0.9432 -0.2370 -0.2327
vn -0.9432 -0.2370 -0.2327
vn -0.0000 -0.0000 1.0000
vn 0.9431 0.2345 -0.2356
vn -0.9431 0.2345 -0.2355
vn -0.0001 0.7067 0.7075
vn -0.0001 0.3794 -0.9252
vn 0.8181 0.4063 0.4070
vn -0.8181 0.4062 0.4070
vn -0.0000 -0.9256 0.3785
vn -0.0000 0.7072 0.7071
vn 0.8167 0.4081 0.4080
vn -0.8167 0.4081 0.4080
vn -0.0000 0.3822 -0.9241
vn -0.0000 -0.3822 0.9241
vn -0.0000 -0.7072 -0.7071
vn 0.8167 -0.4081 -0.4080
vn -0.8167 -0.4081 -0.4080
vn -0.0000 -0.9875 0.1575
vn -0.0000 0.7077 0.7065
vn 0.8170 0.4082 0.4073
vn 0.9011 -0.2711 0.3385
vn -0.9010 -0.2711 0.3385
vn -0.8170 0.4082 0.4073
vn -0.0000 0.5837 -0.8119
vn 0.9010 0.2711 -0.3385
vn -0.9010 0.2711 -0.3385
vn -0.0000 -0.5838 0.8119
vn -0.0000 0.9875 -0.1575
vn -0.0000 -0.7077 -0.7065
vn 0.8170 -0.4082 -0.4073
vn -0.8170 -0.4082 -0.4073
vn -0.0000 -0.9875 0.1574
vn 0.9010 -0.2711 0.3385
vn -0.9011 0.2711 -0.3385
vn -0.0000 -0.5837 0.8119
vn -0.0000 0.9875 -0.1574
vn -0.0000 0.7072 0.7070
vn -0.0000 0.9995 0.0301
vn -0.0000 -0.6710 -0.7414
vn 0.9398 -0.3394 -0.0398
vn 0.8477 0.3579 0.3914
vn -0.8477 0.3579 0.3914
vn -0.9398 -0.3394 -0.0398
vn -0.0000 -0.7101 0.7041
vn 0.8188 -0.4078 0.4041
vn -0.8188 -0.4078 0.4041
vn -0.0000 0.5607 -0.8281
vn -0.0000 -0.9902 0.1399
vn 0.9159 0.2408 -0.3212
vn -0.9159 0.2408 -0.3212
vn -0.0000 0.6714 0.7411
vn -0.0000 -0.5597 0.8287
vn -0.0000 0.9730 -0.2309
vn -0.0000 -0.7425 -0.6698
vn 0.8942 -0.4471 -0.0235
vn -0.8942 -0.4471 -0.0235
vn -0.0000 -0.6761 0.7368
vn -0.0000 0.9972 -0.0752
vn -0.0000 -0.7079 -0.7064
vn 0.8185 -0.4064 -0.4062
vn -0.8185 -0.4064 -0.4062
vn -0.0001 0.2284 -0.9736
vn 0.9232 0.3003 -0.2399
vn 0.8169 0.4077 0.4081
vn -0.8169 0.4077 0.4081
vn -0.9232 0.3003 -0.2399
vn -0.0000 -0.8511 0.5250
vn 0.9232 -0.3003 0.2399
vn -0.9232 -0.3003 0.2399
vn -0.0001 -0.2284 0.9736
vn -0.0000 0.8511 -0.5250
vn -0.0000 -0.7068 -0.7074
vn 0.8169 -0.4077 -0.4081
vn -0.8169 -0.4077 -0.4081
vn -0.0000 0.2284 -0.9736
vn -0.0000 -0.2284 0.9736
vn -0.0000 0.2285 -0.9736
vn 0.8168 0.4077 0.4081
vn -0.8168 0.4077 0.4081
vn 0.0001 -0.2284 0.9736
vn -0.8168 -0.4077 -0.4081
vn 0.0001 0.2284 -0.9736
vn -0.0000 -0.2285 0.9736
vn 0.8168 -0.4077 -0.4081
vn -0.0001 0.2283 -0.9736
vn -0.8169 0.4076 0.4081
vn -0.0001 -0.2283 0.9736
vn 0.8169 -0.4076 -0.4081
vn -0.8169 -0.4076 -0.4081
vn 0.8169 0.4076 0.4081
vn -0.9933 -0.0000 0.1157
vn 0.2657 -0.0000 -0.9641
vn -0.1062 0.9647 -0.2409
vn -0.2954 0.8852 0.3594
vn -0.2954 -0.8852 0.3594
vn -0.1062 -0.9647 -0.2409
vn 0.9255 -0.0000 0.3788
vn 0.2339 0.9435 0.2347
vn 0.2339 -0.9435 0.2347
vn 0.9935 -0.0001 -0.1135
vn -0.6133 -0.0000 0.7898
vn -0.7087 -0.0000 -0.7055
vn -0.4082 0.8177 -0.4059
vn -0.4082 -0.8177 -0.4059
vn 0.7062 -0.0000 -0.7080
vn 0.3789 -0.0000 0.9254
vn 0.1609 0.9735 0.1625
vn 0.1609 -0.9735 0.1624
vn -0.9260 -0.0000 -0.3774
vn -0.7763 -0.0000 0.6304
vn 0.0822 -0.0000 -0.9966
vn 0.1590 0.9840 -0.0797
vn 0.1590 -0.9840 -0.0797
vn 0.7045 -0.0000 0.7097
vn -0.0801 -0.0000 -0.9968
vn 0.7769 -0.0000 0.6297
vn 0.3733 0.8735 0.3125
vn 0.3733 -0.8735 0.3125
vn -0.7041 -0.0000 0.7101
vn 0.0976 -0.0000 0.9952
vn -0.7731 -0.0000 -0.6342
vn 0.7068 -0.0000 -0.7074
vn 0.4076 0.8170 -0.4079
vn 0.4076 -0.8170 -0.4079
vn 0.7730 -0.0000 -0.6344
vn -0.0994 -0.0000 0.9950
vn -0.7071 -0.0000 -0.7071
vn -0.1257 0.9707 0.2050
vn -0.1257 -0.9707 0.2050
vn -0.9233 0.0001 0.3840
vn 0.3839 0.0001 -0.9234
vn 0.2355 0.9433 -0.2340
vn 0.2355 -0.9433 -0.2340
vn 0.7062 -0.0000 0.7080
vn 0.2661 -0.0000 0.9639
vn -0.9930 -0.0001 -0.1184
vn -0.2955 0.8850 -0.3597
vn -0.2955 -0.8850 -0.3597
vn 0.9251 -0.0000 -0.3798
vn 0.9934 -0.0001 0.1148
vn -0.7086 -0.0000 0.7056
vn -0.4084 0.8175 0.4062
vn -0.4084 -0.8175 0.4062
vn -0.6133 -0.0000 -0.7899
vn -0.9241 -0.0000 0.3821
vn 0.3821 -0.0000 -0.9241
vn 0.2345 0.9428 -0.2367
vn -0.2367 0.9428 0.2345
vn -0.2367 -0.9428 0.2345
vn 0.2345 -0.9428 -0.2367
vn 0.4080 0.8168 0.4080
vn 0.4080 -0.8167 0.4080
vn 0.9226 -0.0000 -0.3857
vn -0.3857 -0.0000 0.9226
vn -0.4093 0.8154 -0.4094
vn -0.4093 -0.8154 -0.4094
vn -0.7769 -0.0000 0.6297
vn 0.0847 -0.0000 -0.9964
vn 0.3675 0.8752 -0.3145
vn -0.3737 0.8732 0.3127
vn -0.3737 -0.8732 0.3127
vn 0.3675 -0.8752 -0.3145
vn 0.7044 -0.0000 0.7098
vn 0.4047 0.8180 0.4088
vn 0.4047 -0.8180 0.4087
vn 0.7718 -0.0000 -0.6359
vn -0.1057 -0.0000 0.9944
vn -0.7079 -0.0000 -0.7063
vn -0.4088 0.8166 -0.4074
vn -0.4088 -0.8166 -0.4074
vn -0.9255 -0.0001 0.3787
vn 0.3810 -0.0000 -0.9246
vn 0.2340 0.9437 -0.2340
vn -0.2362 0.9425 0.2363
vn -0.2362 -0.9425 0.2362
vn 0.2340 -0.9436 -0.2340
vn 0.4054 0.8184 0.4073
vn 0.4053 -0.8184 0.4073
vn 0.9245 -0.0000 -0.3811
vn -0.3786 -0.0000 0.9256
vn -0.4073 0.8184 -0.4054
vn -0.4073 -0.8184 -0.4054
vn -0.9256 -0.0000 0.3786
vn 0.2340 0.9436 -0.2340
vn -0.2362 0.9426 0.2362
vn -0.2362 -0.9426 0.2362
vn 0.4053 0.8184 0.4073
vn 0.9246 -0.0000 -0.3811
vn -0.3785 -0.0000 0.9256
vn -0.1058 -0.0000 0.9944
vn 0.3675 0.8753 -0.3145
vn 0.3675 -0.8753 -0.3145
vn 0.0842 -0.0000 -0.9965
vn 0.4046 0.8180 0.4088
vn 0.4046 -0.8180 0.4088
vn 0.9227 -0.0000 -0.3856
vn -0.3856 -0.0000 0.9227
vn -0.4093 0.8154 -0.4093
vn 0.4080 -0.8168 0.4080
vn -0.7747 -0.0000 0.6324
vn 0.0904 -0.0001 -0.9959
vn 0.3711 0.8740 -0.3137
vn -0.3711 0.8740 0.3137
vn -0.3711 -0.8740 0.3137
vn 0.3711 -0.8740 -0.3137
vn 0.7057 -0.0000 0.7085
vn 0.4064 0.8174 0.4083
vn 0.4064 -0.8174 0.4083
vn 0.7746 -0.0000 -0.6324
vn -0.0907 -0.0000 0.9959
vn -0.7057 -0.0000 -0.7085
vn -0.4064 0.8174 -0.4083
vn -0.4064 -0.8174 -0.4083
vn -0.7769 -0.0000 0.6296
vn 0.0843 -0.0000 -0.9964
vn 0.4047 -0.8180 0.4088
vn -0.1059 -0.0000 0.9944
vn -0.4093 -0.8154 -0.4093
vn -0.9241 -0.0000 0.3820
vn 0.3820 -0.0000 -0.9242
vn -0.2362 0.9425 0.2362
vn 0.3811 -0.0000 -0.9245
vn 0.4054 -0.8184 0.4073
vn -0.9953 -0.0000 -0.0968
vn 0.6838 -0.0000 -0.7297
vn 0.3744 0.8375 -0.3979
vn -0.1265 0.9885 -0.0824
vn -0.1265 -0.9885 -0.0824
vn 0.3744 -0.8375 -0.3979
vn 0.6092 -0.0000 0.7930
vn 0.2843 0.8906 0.3551
vn 0.2843 -0.8906 0.3551
vn 0.9947 -0.0000 -0.1026
vn -0.6905 -0.0000 0.7234
vn -0.7067 -0.0000 -0.7075
vn -0.4058 0.8182 -0.4073
vn -0.4058 -0.8182 -0.4073
vn 0.9884 -0.0000 0.1519
vn -0.7323 -0.0000 0.6810
vn -0.1610 0.9716 0.1735
vn -0.1610 -0.9716 0.1735
vn -0.6097 -0.0000 -0.7926
vn -0.6959 -0.0000 -0.7182
vn 0.9827 -0.0000 0.1854
vn -0.7046 -0.0000 0.7096
vn -0.4039 0.8184 0.4088
vn -0.4039 -0.8184 0.4088
vn -0.8053 -0.0000 0.5928
vn 0.1860 -0.0000 -0.9825
vn -0.3278 0.9049 0.2715
vn -0.3278 -0.9049 0.2715
vn 0.7120 -0.0000 0.7021
vn 0.8196 -0.0000 -0.5729
vn -0.1463 -0.0000 0.9892
vn -0.7015 -0.0000 -0.7127
vn -0.3992 0.8210 -0.4082
vn -0.3992 -0.8210 -0.4082
vn -0.9983 -0.0000 -0.0575
vn 0.6796 -0.0000 -0.7336
vn 0.3732 0.8358 -0.4026
vn -0.3678 0.8349 0.4094
vn -0.3678 -0.8349 0.4094
vn 0.3732 -0.8358 -0.4026
vn 0.7131 -0.0000 0.7011
vn 0.4093 0.8196 0.4010
vn 0.4093 -0.8196 0.4010
vn 0.9720 -0.0000 0.2351
vn -0.6707 -0.0000 0.7418
vn -0.7221 -0.0000 -0.6918
vn -0.4089 0.8259 -0.3883
vn -0.4089 -0.8259 -0.3883
vn -0.9206 -0.0000 0.3905
vn 0.3904 -0.0000 -0.9206
vn 0.2379 0.9432 -0.2318
vn -0.2318 0.9432 0.2379
vn -0.2318 -0.9432 0.2379
vn 0.2379 -0.9432 -0.2318
vn 0.4107 0.8141 0.4107
vn 0.4107 -0.8141 0.4107
vn 0.9233 -0.0000 -0.3841
vn -0.3840 -0.0000 0.9233
vn -0.4088 0.8160 -0.4088
vn -0.4088 -0.8160 -0.4088
vn -0.8129 -0.0000 0.5824
vn 0.1553 0.0001 -0.9879
vn 0.3369 0.9016 -0.2715
vn -0.3398 0.9007 0.2707
vn -0.3399 -0.9007 0.2707
vn 0.3368 -0.9016 -0.2715
vn 0.7058 -0.0000 0.7084
vn 0.4064 0.8173 0.4084
vn 0.4064 -0.8173 0.4084
vn 0.8107 -0.0001 -0.5854
vn -0.1618 -0.0002 0.9868
vn -0.4085 0.8166 -0.4078
vn -0.4085 -0.8166 -0.4078
vn -0.9257 -0.0000 0.3783
vn 0.3642 -0.0000 -0.9313
vn 0.2354 0.9429 -0.2355
vn -0.2294 0.9459 0.2294
vn -0.2294 -0.9459 0.2294
vn 0.2354 -0.9429 -0.2355
vn 0.7088 -0.0000 0.7054
vn 0.4017 0.8251 0.3972
vn 0.4017 -0.8251 0.3972
vn 0.9313 -0.0000 -0.3643
vn -0.3782 -0.0000 0.9257
vn -0.7054 -0.0000 -0.7088
vn -0.3972 0.8251 -0.4018
vn -0.3972 -0.8251 -0.4018
vn 0.9901 -0.0000 -0.1406
vn -0.6933 -0.0000 0.7207
vn -0.3762 0.8413 0.3882
vn 0.3739 0.8337 -0.4063
vn 0.3739 -0.8337 -0.4063
vn -0.3762 -0.8413 0.3882
vn -0.7041 -0.0000 -0.7101
vn -0.4053 0.8170 -0.4103
vn -0.4053 -0.8170 -0.4103
vn -0.9999 -0.0000 -0.0138
vn 0.6777 -0.0000 -0.7353
vn 0.7104 -0.0000 0.7038
vn 0.4105 0.8170 0.4051
vn 0.4105 -0.8170 0.4051
vn 0.2351 0.9428 -0.2362
vn -0.2362 0.9428 0.2351
vn -0.2362 -0.9428 0.2351
vn 0.2351 -0.9428 -0.2362
vn 0.4079 0.8168 0.4080
vn 0.4079 -0.8168 0.4080
vn 0.9233 -0.0000 -0.3840
vn 0.9242 -0.0000 -0.3820
vn -0.3821 -0.0000 0.9241
vn -0.2357 0.9428 0.2357
vn 0.2357 0.9428 -0.2356
vn 0.2357 -0.9428 -0.2356
vn -0.2357 -0.9428 0.2357
vn -0.4080 0.8167 -0.4080
vn -0.4080 -0.8167 -0.4080
vn 0.1552 -0.0000 -0.9879
vn -0.3399 0.9007 0.2707
vn 0.3369 -0.9016 -0.2715
vn 0.4064 0.8174 0.4084
vn 0.4064 -0.8174 0.4084
vn 0.8107 -0.0000 -0.5854
vn -0.1618 -0.0000 0.9868
vn 0.9245 -0.0000 -0.3812
vn -0.3804 -0.0000 0.9248
vn -0.2360 0.9426 0.2361
vn 0.2349 0.9432 -0.2349
vn 0.2349 -0.9432 -0.2349
vn -0.2360 -0.9426 0.2361
vn -0.4078 0.8175 -0.4067
vn -0.4078 -0.8175 -0.4067
vn -0.9248 -0.0000 0.3804
vn 0.3812 -0.0000 -0.9245
vn 0.4067 0.8175 0.4078
vn 0.4067 -0.8175 0.4078
vn -0.9246 -0.0000 0.3810
vn 0.3786 -0.0000 -0.9255
vn 0.2362 0.9425 -0.2362
vn -0.2340 0.9437 0.2340
vn -0.2340 -0.9437 0.2340
vn 0.2362 -0.9425 -0.2362
vn 0.7081 -0.0000 0.7061
vn 0.4073 0.8184 0.4054
vn 0.4073 -0.8184 0.4054
vn 0.9256 -0.0000 -0.3786
vn -0.3809 -0.0000 0.9246
vn -0.7061 -0.0000 -0.7082
vn -0.4053 0.8184 -0.4073
vn -0.4053 -0.8184 -0.4073
vn -0.7718 -0.0000 0.6359
vn 0.1054 -0.0000 -0.9944
vn 0.3737 0.8732 -0.3127
vn -0.3675 0.8752 0.3145
vn -0.3675 -0.8752 0.3145
vn 0.3737 -0.8732 -0.3127
vn 0.7079 -0.0000 0.7063
vn 0.4088 0.8166 0.4074
vn 0.4088 -0.8166 0.4074
vn 0.7769 -0.0000 -0.6297
vn -0.0845 -0.0000 0.9964
vn -0.7044 -0.0000 -0.7098
vn -0.4047 0.8180 -0.4088
vn -0.4047 -0.8180 -0.4088
vn -0.9227 -0.0000 0.3856
vn 0.3856 -0.0000 -0.9227
vn 0.2367 0.9428 -0.2345
vn -0.2345 0.9429 0.2367
vn -0.2345 -0.9429 0.2367
vn 0.2367 -0.9428 -0.2345
vn 0.4094 0.8154 0.4094
vn 0.4094 -0.8154 0.4093
vn 0.9241 -0.0000 -0.3822
vn -0.4079 0.8168 -0.4080
vn -0.4079 -0.8168 -0.4080
vn 0.9874 -0.0000 0.1583
vn -0.4067 0.8182 0.4064
vn 0.1628 0.9686 0.1879
vn 0.1628 -0.9686 0.1879
vn -0.4067 -0.8182 0.4064
vn -0.5857 -0.0000 -0.8105
vn -0.1740 0.9622 0.2097
vn -0.1740 -0.9622 0.2097
vn -0.3143 -0.0000 -0.9493
vn 0.8138 -0.0000 0.5812
vn -0.1211 0.9905 -0.0649
vn -0.1211 -0.9905 -0.0649
vn -0.8110 -0.0000 0.5850
vn -0.9544 -0.0000 -0.2986
vn 0.5855 -0.0000 -0.8106
vn 0.2724 0.9011 -0.3375
vn 0.2724 -0.9011 -0.3375
vn 0.3176 -0.0000 0.9482
vn 0.9883 -0.0000 -0.1523
vn -0.5832 -0.0000 0.8123
vn -0.7086 -0.0000 -0.7056
vn -0.4073 0.8184 -0.4055
vn -0.8118 -0.0000 0.5839
vn 0.1572 -0.0000 -0.9876
vn -0.3381 0.9012 0.2710
vn -0.3381 -0.9012 0.2710
vn 0.8126 -0.0000 -0.5828
vn -0.1556 -0.0000 0.9878
vn -0.7060 -0.0000 -0.7082
vn -0.4067 0.8173 -0.4083
vn -0.4067 -0.8173 -0.4083
vn 0.2356 0.9428 -0.2357
vn 0.2356 -0.9428 -0.2357
vn 0.9241 -0.0000 -0.3821
vn -0.3822 -0.0000 0.9241
vn -0.9241 -0.0001 0.3821
vn 0.3818 -0.0000 -0.9242
vn 0.2356 -0.9428 -0.2356
vn 0.7070 -0.0000 0.7072
vn 0.9242 -0.0001 -0.3820
vn -0.3820 -0.0000 0.9241
vn 0.2357 0.9428 -0.2357
vn 0.2357 -0.9428 -0.2357
vn -0.9242 -0.0000 0.3820
vn 0.3820 -0.0000 -0.9241
vn 0.4080 0.8167 0.4080
vn -0.8120 -0.0000 0.5837
vn 0.1573 -0.0000 -0.9875
vn 0.3385 0.9010 -0.2711
vn -0.3385 0.9010 0.2711
vn 0.8120 -0.0000 -0.5837
vn -0.1572 -0.0000 0.9876
vn -0.9574 -0.0000 0.2889
vn 0.4712 -0.0000 -0.8820
vn 0.2278 0.9355 -0.2699
vn -0.2279 0.9355 0.2699
vn -0.2278 -0.9355 0.2699
vn 0.2278 -0.9355 -0.2699
vn 0.7073 -0.0000 0.7070
vn 0.4081 0.8168 0.4078
vn 0.4081 -0.8168 0.4079
vn 0.9574 -0.0000 -0.2889
vn -0.4712 -0.0000 0.8820
vn -0.7073 -0.0000 -0.7070
vn -0.4081 0.8168 -0.4079
vn -0.4081 -0.8168 -0.4079
vn 0.2279 0.9355 -0.2699
vn -0.2278 0.9355 0.2699
vn 0.2279 -0.9355 -0.2699
vn 0.4081 0.8168 0.4079
vn 0.4081 -0.8168 0.4078
vn 0.4713 -0.0000 -0.8820
vn -0.2278 0.9356 0.2699
vn -0.2278 -0.9356 0.2699
vn -0.4080 0.8168 -0.4078
vn -0.4080 -0.8168 -0.4079
vn -0.4081 0.8168 -0.4078
vn -0.0898 0.2034 0.9750
vn 0.0704 0.3515 0.9335
vn 0.0704 0.3515 -0.9335
vn -0.0898 0.2034 -0.9750
vn 0.0443 -0.2261 0.9731
vn 0.0442 -0.2261 -0.9731
vn -0.9230 -0.3847 -0.0000
vn -0.2666 0.1523 0.9517
vn -0.2666 0.1523 -0.9517
vn 0.9250 0.3799 -0.0000
vn -0.7075 0.7067 -0.0000
vn -0.3498 0.9368 -0.0000
vn 0.8216 -0.5701 -0.0000
vn -0.1225 0.2080 0.9704
vn -0.1225 0.2080 -0.9704
vn -0.8541 -0.5200 -0.0000
vn -0.3838 -0.9234 -0.0000
vn -0.8232 0.5678 -0.0000
vn 0.9813 -0.1927 -0.0000
vn -0.2360 -0.3053 0.9226
vn -0.2360 -0.3053 -0.9226
vn -0.8867 0.4623 -0.0000
vn 0.9668 -0.2556 -0.0000
vn 0.0248 -0.3823 0.9237
vn 0.0248 -0.3823 -0.9237
vn -0.1871 -0.9823 -0.0000
vn -0.3825 -0.9239 -0.0000
vn -0.1068 0.3114 0.9443
vn -0.1068 0.3114 -0.9443
vn -0.9141 0.4054 -0.0000
vn 0.9966 -0.0820 -0.0000
vn -0.1562 -0.3039 0.9398
vn -0.1562 -0.3039 -0.9398
vn 0.1383 0.3362 0.9316
vn 0.1383 0.3362 -0.9316
vn 0.0297 -0.9996 -0.0000
vn -0.9930 0.1179 -0.0000
vn 0.9903 0.1387 -0.0000
vn -0.2344 0.0584 0.9704
vn -0.2344 0.0584 -0.9704
vn 0.3174 0.9483 -0.0000
vn -0.0873 -0.9962 -0.0000
vn -0.1841 -0.2123 0.9597
vn -0.1841 -0.2123 -0.9597
vn -0.0578 0.9983 -0.0000
vn 0.9514 0.3079 -0.0000
vn -0.8610 -0.5086 -0.0000
vn -0.1225 0.9925 -0.0000
vn -0.3866 0.9223 -0.0000
vn 0.9992 -0.0408 -0.0000
vn -0.7689 -0.6394 -0.0000
vn -0.7026 0.7116 -0.0000
vn 0.8455 0.5340 -0.0000
vn -0.3939 0.3963 0.8294
vn -0.3939 0.3963 -0.8294
vn -0.2112 -0.9774 -0.0000
vn -0.4630 -0.8864 -0.0000
vn -0.0605 0.9982 -0.0000
vn 0.8540 0.5203 -0.0001
vn -0.1252 0.3562 0.9260
vn -0.1252 0.3562 -0.9260
vn 0.9866 0.1629 -0.0000
vn -0.5859 -0.8104 -0.0000
vn 0.1846 -0.3229 0.9282
vn 0.1846 -0.3229 -0.9282
vn -0.9929 -0.1187 -0.0000
vn 0.9193 0.3937 -0.0000
vn 0.2294 -0.9733 -0.0000
vn 0.7028 -0.7114 -0.0000
vn -0.9845 -0.1755 -0.0000
vn 0.1503 0.3370 0.9294
vn 0.1503 0.3370 -0.9294
vn 0.5900 0.8074 -0.0000
vn -0.2756 -0.9613 -0.0000
vn -0.0435 0.9991 -0.0000
vn 0.7511 0.6602 -0.0000
vn -0.2712 -0.9625 -0.0000
vn -0.0342 0.9994 -0.0000
vn 0.5124 0.8587 -0.0000
vn -0.1630 0.0524 0.9852
vn -0.1630 0.0524 -0.9852
vn -0.9748 -0.2232 -0.0000
vn 0.6989 0.7152 -0.0000
vn 0.5268 -0.8500 -0.0000
vn -0.0223 -0.2526 0.9673
vn -0.0223 -0.2526 -0.9673
vn -0.2671 -0.9637 -0.0000
vn 0.0059 1.0000 -0.0000
vn -0.0035 1.0000 -0.0000
vn 0.0746 0.3743 0.9243
vn 0.0746 0.3743 -0.9243
vn -0.7007 -0.7134 -0.0000
vn -0.3915 0.9202 -0.0000
vn 0.9177 -0.3973 -0.0000
vn -0.0642 -0.9979 -0.0000
vn -0.0251 0.9997 -0.0000
vn 0.4567 0.8896 -0.0000
vn -0.1118 0.3200 0.9408
vn -0.1118 0.3200 -0.9408
vn 0.7096 0.7046 -0.0000
vn 0.3754 -0.9269 -0.0000
vn 0.1605 -0.1611 0.9738
vn 0.1605 -0.1611 -0.9738
vn -0.9243 0.3817 -0.0000
vn -0.8495 -0.5275 -0.0000
vn 0.2264 0.9740 -0.0000
vn -0.9728 -0.2315 -0.0000
vn 0.1389 0.9903 -0.0000
vn 0.9846 -0.1751 -0.0000
vn 0.2606 -0.3514 0.8992
vn 0.2606 -0.3514 -0.8992
vn 0.5613 -0.8276 -0.0000
vn -0.9946 0.1036 -0.0000
vn 0.7174 0.6967 -0.0000
vn 0.1667 -0.0609 0.9841
vn 0.1667 -0.0609 -0.9841
vn 0.9590 -0.2833 -0.0000
vn -0.7085 -0.7057 -0.0000
vn -0.1192 -0.0560 0.9913
vn -0.1192 -0.0560 -0.9913
vn -0.4659 0.8848 -0.0000
vn -0.5908 0.8068 -0.0000
vn 0.9858 -0.1678 -0.0000
vn -0.7033 -0.7109 -0.0000
vn 0.5844 -0.8114 -0.0000
vn -1.0000 0.0001 -0.0000
vn 0.5844 0.8115 -0.0000
vn 0.2386 0.0394 0.9703
vn 0.2386 0.0394 -0.9703
vn -0.3859 -0.9225 -0.0000
vn -0.3859 0.9225 -0.0000
vn 0.1825 0.1831 0.9660
vn 0.1825 0.1831 -0.9660
vn 0.7064 0.7078 -0.0000
vn 0.3806 -0.9248 -0.0000
vn 0.4060 0.4074 0.8181
vn 0.4060 0.4074 -0.8181
vn -0.9231 -0.3846 -0.0000
vn -0.0006 1.0000 -0.0000
vn 0.9233 -0.3840 -0.0000
vn 0.2349 -0.2367 0.9428
vn 0.2349 -0.2367 -0.9428
vn -0.9245 0.3812 -0.0000
vn -0.8132 -0.5820 -0.0000
vn 0.3130 0.9498 -0.0000
vn 0.0806 -0.1915 0.9782
vn 0.0806 -0.1915 -0.9782
vn -0.9661 -0.2581 -0.0000
vn -0.0030 1.0000 -0.0000
vn -0.1073 0.1267 0.9861
vn -0.1073 0.1267 -0.9861
vn 0.6587 -0.7524 -0.0000
vn 0.8531 0.5217 -0.0000
vn -0.2141 -0.9768 -0.0000
vn -0.7049 0.7093 -0.0000
vn -0.4023 0.4045 0.8213
vn -0.4023 0.4046 -0.8213
vn -0.8548 -0.5189 -0.0000
vn -0.4058 0.4081 -0.8178
vn 0.2906 -0.9568 -0.0000
vn 0.0903 0.9959 -0.0001
vn -0.2283 0.9736 -0.0000
vn 0.8511 -0.5250 -0.0000
vn 0.3006 -0.2397 0.9231
vn -0.2995 0.2404 0.9233
vn -0.2996 0.2405 -0.9233
vn 0.3007 -0.2397 -0.9231
vn -0.7068 -0.7074 -0.0000
vn -0.4076 -0.4081 0.8169
vn -0.4076 -0.4081 -0.8169
vn 0.2310 -0.9729 -0.0000
vn -0.8502 0.5264 -0.0000
vn 0.4088 0.4083 0.8162
vn 0.4088 0.4083 -0.8162
vn -0.7052 -0.7090 -0.0000
vn -0.1117 0.9937 -0.0000
vn -0.3588 0.2959 0.8853
vn -0.4054 -0.4081 0.8180
vn -0.4054 -0.4081 -0.8180
vn -0.3588 0.2959 -0.8853
vn 0.7902 -0.6129 -0.0000
vn 0.3598 -0.2951 0.8851
vn 0.3598 -0.2951 -0.8851
vn 0.1172 -0.9931 -0.0000
vn -0.7892 0.6141 -0.0000
vn 0.4068 0.4082 0.8172
vn 0.4068 0.4082 -0.8172
vn 0.9243 0.3817 -0.0000
vn -0.3644 -0.9312 -0.0000
vn -0.1169 0.2980 0.9474
vn 0.2281 0.2263 0.9470
vn 0.2281 0.2263 -0.9470
vn -0.1169 0.2980 -0.9474
vn -0.7092 0.7050 -0.0000
vn -0.4014 0.3958 0.8260
vn -0.4013 0.3958 -0.8260
vn -0.9999 -0.0104 -0.0000
vn 0.3738 0.9275 -0.0000
vn 0.3664 -0.9305 -0.0000
vn 0.2311 -0.2379 0.9434
vn 0.2311 -0.2379 -0.9434
vn 0.9246 -0.3810 -0.0000
vn -0.9997 -0.0256 -0.0000
vn -0.3745 -0.3956 0.8386
vn -0.3745 -0.3956 -0.8386
vn 0.3514 0.9362 -0.0000
vn -0.7043 0.7099 -0.0000
vn 0.9979 0.0653 -0.0000
vn -0.4075 0.4114 0.8153
vn -0.4075 0.4114 -0.8153
vn -0.6854 -0.7282 -0.0000
vn 0.3933 -0.9194 -0.0000
vn -0.9194 0.3933 -0.0000
vn -0.2285 0.2394 0.9436
vn 0.2394 -0.2285 0.9436
vn 0.2394 -0.2285 -0.9436
vn -0.2285 0.2394 -0.9436
vn 0.4111 0.4111 0.8136
vn 0.4111 0.4111 -0.8136
vn 0.9241 -0.3820 -0.0000
vn -0.4080 -0.4080 0.8168
vn -0.4080 -0.4080 -0.8168
vn 0.3820 -0.9241 -0.0000
vn -0.9241 0.3821 -0.0000
vn -0.2360 0.2354 0.9428
vn 0.2354 -0.2360 0.9428
vn 0.2354 -0.2360 -0.9428
vn -0.2360 0.2354 -0.9428
vn 0.4080 0.4080 0.8167
vn -0.3832 0.9237 -0.0000
vn -0.4084 -0.4084 0.8163
vn -0.4084 -0.4084 -0.8163
vn 0.2267 -0.9740 -0.0000
vn -0.8516 0.5242 -0.0000
vn -0.3007 0.2395 0.9232
vn 0.3001 -0.2400 0.9232
vn 0.3001 -0.2400 -0.9232
vn -0.3007 0.2395 -0.9232
vn 0.7065 0.7077 -0.0000
vn 0.4070 0.4079 0.8173
vn 0.4070 0.4079 -0.8173
vn -0.2284 0.9736 -0.0000
vn -0.4077 -0.4081 0.8168
vn -0.4077 -0.4081 -0.8168
vn 0.8511 -0.5251 -0.0000
vn -0.1174 0.9931 -0.0000
vn 0.7892 -0.6142 -0.0000
vn 0.3590 -0.2958 0.8852
vn -0.3590 0.2958 0.8852
vn -0.3590 0.2958 -0.8852
vn 0.3590 -0.2958 -0.8852
vn -0.7061 -0.7081 -0.0000
vn -0.4069 -0.4083 0.8172
vn -0.4068 -0.4083 -0.8172
vn 0.1174 -0.9931 -0.0000
vn -0.7892 0.6142 -0.0000
vn 0.4069 0.4083 0.8172
vn 0.4068 0.4083 -0.8172
vn -0.3820 0.9241 -0.0000
vn -0.4080 -0.4080 0.8167
vn -0.4080 -0.4080 -0.8167
vn 0.9241 -0.3821 -0.0000
vn 0.2357 -0.2357 0.9428
vn 0.2357 -0.2357 -0.9428
vn -0.1616 0.9869 -0.0000
vn -0.3391 0.2714 0.9008
vn -0.4084 -0.4078 0.8166
vn -0.4084 -0.4078 -0.8166
vn -0.3391 0.2714 -0.9008
vn 0.8107 -0.5855 -0.0000
vn 0.3371 -0.2714 0.9015
vn 0.3371 -0.2714 -0.9015
vn 0.1587 -0.9873 -0.0000
vn -0.8119 0.5838 -0.0000
vn 0.4076 0.4086 0.8166
vn 0.4076 0.4086 -0.8166
vn 0.3813 -0.9245 -0.0000
vn -0.9248 0.3804 -0.0000
vn -0.2361 0.2361 0.9426
vn 0.2349 -0.2349 0.9432
vn 0.2349 -0.2349 -0.9432
vn -0.2361 0.2361 -0.9426
vn 0.4067 0.4078 0.8175
vn 0.4067 0.4078 -0.8175
vn -0.3804 0.9248 -0.0000
vn 0.9245 -0.3813 -0.0000
vn -0.7074 -0.7068 -0.0000
vn -0.4081 -0.4077 0.8169
vn 0.2399 -0.3003 0.9232
vn 0.2399 -0.3003 -0.9232
vn -0.4081 -0.4077 -0.8168
vn -0.5250 0.8511 -0.0000
vn -0.2399 0.3003 0.9232
vn -0.2399 0.3003 -0.9232
vn 0.5250 -0.8511 -0.0000
vn -0.9736 0.2283 -0.0000
vn 0.9242 -0.3820 -0.0000
vn 0.3821 -0.9241 -0.0000
vn -0.3821 0.9241 -0.0000
vn 0.5187 -0.8549 -0.0000
vn 0.4086 -0.4076 0.8167
vn -0.0000 0.7074 0.7069
vn -0.0000 -0.9254 0.3790
vn -0.9390 0.2512 0.2351
vn -0.8182 0.4068 0.4063
vn 0.8182 0.4068 0.4063
vn 0.9390 0.2512 0.2351
vn -0.0000 0.3784 -0.9257
vn -0.9661 0.1591 -0.2034
vn 0.9661 0.1591 -0.2034
vn -0.0001 -0.9743 0.2252
vn -0.0000 0.8082 -0.5890
vn -0.9671 -0.1334 0.2168
vn 0.9671 -0.1334 0.2168
vn -0.0000 0.3824 0.9240
vn -0.0000 0.9734 -0.2292
vn -0.0000 -0.1600 0.9871
vn -0.9430 -0.2343 -0.2364
vn 0.9430 -0.2343 -0.2364
vn -0.0000 -0.3780 -0.9258
vn -0.8185 -0.4061 0.4063
vn 0.8185 -0.4061 0.4063
vn -0.0000 0.9260 0.3776
vn -0.0001 0.1565 0.9877
vn -0.0000 -0.8119 -0.5839
vn -0.9009 0.3387 0.2714
vn 0.9009 0.3387 0.2714
vn -0.0000 0.7064 -0.7078
vn -0.0002 -0.1581 -0.9874
vn -0.8168 -0.4075 0.4085
vn 0.8167 -0.4075 0.4085
vn -0.0000 0.8120 0.5837
vn -0.0000 0.8088 0.5881
vn -0.0000 -0.9736 -0.2282
vn -0.9745 0.1506 -0.1666
vn -0.9660 0.1606 0.2026
vn 0.9660 0.1606 0.2026
vn 0.9745 0.1506 -0.1666
vn -0.0000 0.3827 -0.9239
vn -0.9673 -0.0731 -0.2429
vn 0.9673 -0.0731 -0.2429
vn -0.0000 -0.1602 -0.9871
vn -0.0000 0.9731 0.2304
vn -0.9428 -0.2358 0.2358
vn 0.9428 -0.2358 0.2358
vn 0.0001 0.3832 0.9237
vn -0.9862 0.1294 0.1036
vn 0.9862 0.1294 0.1036
vn -0.0000 -0.9237 -0.3832
vn -0.0000 0.9237 -0.3830
vn 0.0001 -0.3830 0.9238
vn -0.0000 -0.7072 -0.7070
vn -0.9862 -0.1292 0.1035
vn 0.9862 -0.1292 0.1035
vn -0.0000 -0.1577 -0.9875
vn -0.9008 -0.3389 -0.2714
vn 0.9008 -0.3390 -0.2714
vn -0.0000 0.8115 0.5843
vn -0.0001 0.1588 -0.9873
vn -0.9008 0.3390 -0.2713
vn 0.9008 0.3390 -0.2713
vn -0.0000 -0.8113 0.5847
vn -0.0001 0.1580 0.9874
vn -0.0000 -0.8121 -0.5835
vn -0.9643 -0.1889 -0.1854
vn 0.9643 -0.1889 -0.1854
vn -0.0000 0.8121 -0.5835
vn -0.0001 -0.1580 0.9874
vn -0.0000 -0.7064 -0.7078
vn -0.9643 0.1889 -0.1854
vn 0.9643 0.1889 -0.1854
vn -0.0000 -0.1561 -0.9877
vn -0.0000 0.8128 0.5825
vn -0.9006 0.3400 0.2709
vn 0.9006 0.3400 0.2709
vn -0.0000 -0.7058 0.7084
vn -0.0001 0.1635 0.9865
vn -0.0000 -0.9732 -0.2299
vn -0.0000 0.3830 -0.9237
vn -0.9429 0.2372 -0.2339
vn 0.9429 0.2372 -0.2339
vn -0.0000 -0.3772 0.9261
vn -0.0000 -0.7069 -0.7073
vn -0.8189 -0.4057 -0.4060
vn 0.8189 -0.4057 -0.4060
vn -0.0000 0.9263 -0.3768
vn -0.0000 0.7058 0.7084
vn -0.0000 -0.8128 0.5825
vn -0.9006 -0.3400 0.2709
vn 0.9006 -0.3400 0.2709
vn -0.0000 0.1561 -0.9877
vn -0.0000 -0.3830 -0.9237
vn -0.0000 0.9732 -0.2299
vn -0.9429 -0.2372 -0.2339
vn 0.9429 -0.2371 -0.2339
vn -0.0001 -0.1636 0.9865
vn -0.0000 0.3773 0.9261
vn -0.0000 -0.9263 -0.3767
vn -0.8189 0.4057 -0.4060
vn 0.8189 0.4057 -0.4060
vn -0.0000 -0.9241 0.3822
vn -0.9428 0.2357 -0.2356
vn 0.9428 0.2357 -0.2356
vn -0.0000 0.9243 -0.3816
vn -0.8168 -0.4080 -0.4078
vn 0.8168 -0.4080 -0.4078
vn -0.0000 -0.9242 0.3819
vn -0.0000 0.3821 -0.9241
vn -0.9428 -0.2357 0.2356
vn 0.9428 -0.2357 0.2356
vn -0.8168 0.4080 0.4079
vn 0.8168 0.4080 0.4079
vn -0.0000 0.9242 -0.3818
vn -0.0000 -0.8120 0.5837
vn -0.0001 0.1574 -0.9875
vn 0.9011 -0.3385 0.2711
vn 0.9011 0.3385 -0.2711
vn -0.0000 0.8120 -0.5837
vn -0.0001 -0.1572 0.9876
vn -0.8170 -0.4073 -0.4081
vn -0.0001 0.1573 -0.9876
vn 0.9010 0.3385 -0.2711
vn -0.8170 0.4073 0.4081
vn -0.0001 -0.1571 0.9876
vn 0.9727 0.0001 0.2321
vn -0.1591 -0.9661 -0.2031
vn 0.1683 -0.9717 0.1658
vn 0.1683 0.9717 0.1657
vn -0.1591 0.9661 -0.2031
vn -0.3829 -0.0000 0.9238
vn -0.2140 -0.9342 0.2855
vn -0.2140 0.9342 0.2855
vn -0.3778 -0.0000 -0.9259
vn -0.4061 -0.8186 0.4061
vn -0.4061 0.8186 0.4061
vn 0.9260 -0.0000 0.3776
vn -0.9730 0.0001 -0.2306
vn 0.1602 -0.0000 0.9871
vn 0.9237 0.0001 -0.3830
vn 0.2345 -0.9429 -0.2367
vn 0.2345 0.9429 -0.2367
vn 0.7072 -0.0000 0.7070
vn 0.3785 -0.0000 -0.9256
vn 0.4066 -0.8182 0.4065
vn 0.4066 0.8182 0.4065
vn -0.9255 -0.0000 0.3787
vn -0.8115 -0.0000 -0.5844
vn 0.1582 -0.0000 0.9874
vn 0.3388 -0.9009 0.2714
vn 0.3388 0.9009 0.2714
vn 0.7067 -0.0000 -0.7075
vn -0.1585 -0.0000 -0.9874
vn -0.4076 -0.8167 0.4085
vn -0.4076 0.8167 0.4086
vn 0.8119 -0.0000 0.5838
vn -0.8088 -0.0000 0.5881
vn 0.9736 0.0001 -0.2281
vn -0.1506 -0.9745 -0.1666
vn -0.1606 -0.9660 0.2026
vn -0.1606 0.9660 0.2026
vn -0.1506 0.9745 -0.1666
vn -0.3827 -0.0000 -0.9239
vn 0.0731 -0.9673 -0.2429
vn 0.0731 0.9673 -0.2429
vn 0.1602 -0.0000 -0.9871
vn -0.9731 0.0001 0.2305
vn 0.9238 0.0001 0.3829
vn 0.2357 -0.9428 0.2358
vn 0.2357 0.9428 0.2358
vn -0.3831 -0.0000 0.9237
vn -0.1294 -0.9862 0.1036
vn -0.1294 0.9862 0.1036
vn 0.9237 -0.0001 -0.3830
vn -0.9238 -0.0000 -0.3830
vn 0.3829 -0.0000 0.9238
vn 0.1292 -0.9862 0.1035
vn 0.1292 0.9862 0.1035
vn 0.7067 -0.0001 0.7075
vn 0.1579 -0.0000 -0.9875
vn 0.3390 -0.9008 -0.2714
vn 0.3390 0.9008 -0.2714
vn -0.8115 -0.0001 0.5843
vn -0.1591 -0.0000 -0.9873
vn -0.3390 -0.9008 -0.2713
vn -0.3390 0.9008 -0.2714
vn 0.8113 -0.0000 0.5846
vn -0.7063 -0.0000 -0.7079
vn -0.1576 -0.0000 0.9875
vn 0.1889 -0.9644 -0.1854
vn 0.1889 0.9643 -0.1854
vn 0.8121 -0.0000 -0.5835
vn -0.8121 -0.0000 -0.5836
vn 0.1581 -0.0000 0.9874
vn -0.1889 -0.9644 -0.1854
vn -0.1889 0.9643 -0.1854
vn 0.7058 -0.0000 0.7085
vn 0.1558 -0.0000 -0.9878
vn -0.8128 -0.0000 0.5825
vn -0.3400 -0.9006 0.2709
vn -0.3400 0.9006 0.2708
vn -0.1638 -0.0000 0.9865
vn 0.9732 -0.0000 -0.2299
vn -0.3832 -0.0000 -0.9237
vn -0.2372 -0.9429 -0.2339
vn -0.2372 0.9429 -0.2339
vn 0.3771 -0.0000 0.9262
vn 0.7069 -0.0000 -0.7073
vn 0.4057 -0.8189 -0.4060
vn 0.4057 0.8189 -0.4059
vn -0.9263 0.0001 -0.3767
vn -0.7058 -0.0000 0.7084
vn 0.8129 0.0001 0.5824
vn 0.3400 -0.9006 0.2709
vn 0.3400 0.9006 0.2708
vn -0.1558 -0.0000 -0.9878
vn 0.3831 -0.0000 -0.9237
vn -0.9732 -0.0000 -0.2300
vn 0.2372 -0.9429 -0.2339
vn 0.2372 0.9429 -0.2339
vn 0.1636 -0.0000 0.9865
vn -0.3772 -0.0000 0.9262
vn 0.9264 -0.0000 -0.3766
vn -0.4057 -0.8189 -0.4060
vn -0.4057 0.8189 -0.4060
vn -0.3820 -0.0000 0.9242
vn 0.7071 -0.0000 0.7072
vn 0.3819 -0.0000 -0.9242
vn 0.3820 0.0001 -0.9242
vn -0.9242 -0.0000 0.3819
vn -0.2357 -0.9428 0.2356
vn 0.7071 -0.0001 0.7071
vn 0.4080 -0.8168 0.4079
vn 0.9242 -0.0000 -0.3819
vn -0.7071 -0.0001 -0.7071
vn -0.4080 0.8168 -0.4080
vn 0.7065 -0.0000 0.7078
vn 0.3385 -0.9011 -0.2711
vn -0.8119 -0.0000 0.5838
vn -0.3385 -0.9011 0.2711
vn 0.8119 -0.0000 -0.5838
vn -0.7064 -0.0000 -0.7078
vn 0.1574 -0.0000 -0.9875
vn -0.1574 -0.0000 0.9875
vn -0.7065 -0.0000 -0.7078
vn -0.0000 -0.1582 -0.9874
vn -0.8167 -0.4075 0.4085
vn -0.0000 -0.8118 -0.5839
vn -0.0000 0.1566 0.9877
vn -0.0000 0.3784 -0.9256
vn -0.0000 -0.1560 -0.9878
vn -0.0000 0.1636 0.9865
vn -0.0000 0.3831 -0.9237
vn -0.0000 0.1580 0.9874
vn -0.9008 -0.3390 -0.2714
vn -0.0000 -0.1578 -0.9875
vn -0.0000 0.3831 0.9237
vn 0.9428 -0.2357 0.2358
vn -0.9428 -0.2357 0.2358
vn -0.0000 -0.3830 0.9238
vn -0.0000 0.9237 -0.3831
vn -0.0000 0.1590 -0.9873
vn -0.0000 -0.1580 0.9874
vn -0.0001 0.1561 -0.9877
vn -0.0000 -0.3831 -0.9237
vn 0.9429 -0.2372 -0.2339
vn -0.0000 -0.1637 0.9865
vn -0.0000 0.9241 0.3822
vn -0.0000 -0.3822 -0.9241
vn 0.9428 -0.2357 -0.2356
vn 0.9428 0.2356 0.2357
vn -0.9428 -0.2357 -0.2356
vn -0.0000 -0.9243 -0.3816
vn -0.0000 -0.9242 -0.3818
vn -0.0000 0.7072 -0.7071
vn 0.9011 -0.3385 -0.2711
vn -0.9011 0.3385 0.2711
vn -0.9011 -0.3385 -0.2711
vn -0.0000 -0.8120 -0.5837
vn -0.0000 0.1572 0.9876
vn 0.8170 -0.4073 0.4081
vn -0.8171 -0.4073 0.4081
vn 0.1581 -0.0000 -0.9874
vn 0.1334 0.9671 0.2168
vn -0.3387 0.9009 0.2714
vn -0.3387 -0.9009 0.2714
vn 0.1334 -0.9671 0.2168
vn 0.4075 0.8167 0.4085
vn 0.4075 -0.8167 0.4085
vn 0.8118 -0.0000 -0.5839
vn -0.1567 -0.0000 0.9876
vn -0.2511 0.9390 0.2351
vn -0.2511 -0.9390 0.2351
vn -0.8081 -0.0000 -0.5891
vn 0.9743 -0.0000 0.2252
vn -0.1591 0.9661 -0.2034
vn -0.1591 -0.9661 -0.2034
vn -0.3824 -0.0000 0.9240
vn 0.9254 -0.0000 0.3790
vn -0.4068 0.8182 0.4063
vn -0.4068 -0.8182 0.4063
vn -0.3785 -0.0000 -0.9256
vn 0.1600 -0.0000 0.9871
vn -0.9734 -0.0001 -0.2292
vn 0.2343 0.9430 -0.2364
vn 0.2343 -0.9430 -0.2364
vn -0.9260 0.0001 0.3775
vn 0.4061 0.8186 0.4063
vn 0.4061 -0.8185 0.4063
vn 0.3780 -0.0000 -0.9258
vn 0.1294 0.9862 0.1035
vn -0.1889 -0.9643 -0.1854
vn 0.1294 -0.9862 0.1036
vn -0.8121 -0.0000 -0.5835
vn -0.3389 0.9008 -0.2714
vn -0.3389 -0.9008 -0.2714
vn -0.7066 -0.0000 0.7076
vn -0.1580 -0.0000 -0.9874
vn -0.0733 0.9673 -0.2427
vn -0.0733 -0.9673 -0.2427
vn 0.8115 -0.0000 0.5843
vn 0.8129 -0.0000 0.5824
vn 0.3400 -0.9006 0.2708
vn -0.9732 -0.0000 -0.2299
vn -0.3772 -0.0000 0.9261
vn 0.3830 -0.0000 0.9237
vn -0.9237 -0.0000 -0.3831
vn 0.1605 0.9660 0.2025
vn 0.1605 -0.9660 0.2025
vn 0.3824 -0.0000 -0.9240
vn 0.8082 -0.0000 0.5889
vn -0.9743 -0.0000 -0.2253
vn 0.1162 0.9691 -0.2177
vn 0.1162 -0.9691 -0.2177
vn -0.1600 -0.0000 -0.9871
vn -0.2351 0.9429 0.2359
vn -0.2351 -0.9429 0.2359
vn 0.9733 0.0001 0.2294
vn 0.9247 -0.0000 -0.3807
vn -0.3810 -0.0000 0.9246
vn -0.1621 0.9733 0.1622
vn -0.1621 -0.9733 0.1622
vn -0.1563 -0.0000 -0.9877
vn 0.8121 -0.0000 0.5835
vn 0.2166 0.9681 -0.1257
vn 0.2166 -0.9681 -0.1257
vn -0.7063 -0.0000 0.7079
vn 0.1598 -0.0000 0.9871
vn 0.4080 0.8165 -0.4084
vn 0.4080 -0.8166 -0.4083
vn -0.8114 -0.0000 -0.5844
vn -0.8136 -0.0000 0.5814
vn 0.1524 -0.0000 -0.9883
vn -0.3404 0.9006 0.2702
vn -0.3404 -0.9006 0.2702
vn 0.7053 -0.0000 0.7089
vn 0.9733 -0.0000 -0.2297
vn -0.1620 -0.0000 0.9868
vn -0.3825 -0.0000 -0.9240
vn -0.2369 0.9430 -0.2337
vn -0.2369 -0.9430 -0.2337
vn -0.9265 -0.0000 -0.3762
vn 0.7071 -0.0000 -0.7072
vn 0.4055 0.8192 -0.4055
vn 0.4055 -0.8192 -0.4055
vn 0.3761 -0.0000 0.9266
vn -0.7072 0.0001 0.7070
vn 0.2356 0.9429 0.2356
vn 0.2356 -0.9428 0.2356
vn -0.4080 -0.8168 0.4080
vn -0.3820 -0.0000 -0.9242
vn 0.3818 -0.0000 0.9242
vn 0.4079 0.8168 -0.4079
vn 0.9242 -0.0000 0.3818
vn -0.7072 -0.0001 0.7070
vn -0.4080 0.8168 0.4080
vn 0.3819 -0.0000 0.9242
vn -0.9242 -0.0000 -0.3818
vn 0.9242 -0.0002 0.3820
vn -0.3821 -0.0001 -0.9241
vn 0.3821 -0.0001 0.9241
vn -0.9241 -0.0002 -0.3820
vn 0.4080 -0.8168 -0.4080
vn 0.4080 0.8168 -0.4080
vn 0.7064 -0.0000 0.7078
vn -0.1574 -0.0000 -0.9875
vn -0.3385 0.9011 -0.2711
vn -0.4073 0.8170 0.4081
vn 0.8120 0.0001 0.5837
vn 0.3385 0.9011 0.2711
vn 0.1574 -0.0000 0.9875
vn -0.8120 0.0001 -0.5837
vn 0.4073 0.8170 -0.4081
vn 0.9876 -0.1570 -0.0000
vn -0.1623 0.1623 0.9733
vn 0.0306 0.1174 0.9926
vn 0.0307 0.1174 -0.9926
vn -0.1623 0.1623 -0.9733
vn -0.2710 0.3383 0.9011
vn -0.2710 0.3383 -0.9012
vn -0.9876 0.1568 -0.0000
vn 0.7080 0.7063 -0.0000
vn 0.4082 0.4070 0.8171
vn 0.4082 0.4070 -0.8171
vn 0.5833 -0.8123 -0.0000
vn 0.9242 0.3819 -0.0000
vn -0.3818 -0.9242 0.0001
vn -0.1173 -0.0307 0.9926
vn -0.1173 -0.0307 -0.9926
vn 0.1568 -0.9876 0.0001
vn -0.3384 0.2711 0.9011
vn -0.3384 0.2711 -0.9011
vn 0.8123 -0.5833 -0.0000
vn -0.7062 -0.7080 -0.0000
vn -0.4069 -0.4083 -0.8172
vn -0.1562 0.9877 -0.0000
vn -0.9239 -0.3826 -0.0000
vn 0.3825 0.9240 -0.0000
vn 0.1315 -0.1315 0.9826
vn 0.1315 -0.1315 -0.9826
vn -0.1616 -0.9869 0.0001
vn 0.8109 0.5852 -0.0000
vn 0.3376 0.2718 0.9012
vn 0.3376 0.2718 -0.9012
vn 0.1574 0.9875 0.0001
vn 0.7064 -0.7078 -0.0000
vn 0.4073 -0.4082 0.8170
vn 0.4073 -0.4082 -0.8170
vn -0.8119 -0.5838 -0.0000
vn 0.9869 0.1613 0.0001
vn -0.5851 -0.8110 -0.0000
vn -0.2717 -0.3376 0.9012
vn -0.2717 -0.3376 -0.9012
vn -0.9875 -0.1577 -0.0000
vn 0.3820 0.9242 -0.0001
vn -0.2356 -0.2357 -0.9428
vn 0.2356 0.2357 -0.9428
vn 0.7071 -0.7071 -0.0001
vn -0.3819 -0.9242 -0.0001
vn -0.7071 0.7071 -0.0001
vn -0.4080 0.4080 0.8167
vn -0.9241 -0.3822 -0.0000
vn 0.7071 -0.7072 0.0001
vn 0.4080 -0.4081 0.8167
vn 0.4080 -0.4081 -0.8167
vn 0.9241 0.3822 -0.0000
vn -0.7071 0.7072 0.0001
vn -0.4080 0.4081 0.8167
vn -0.4080 0.4081 -0.8167
vn 0.3819 0.9242 -0.0000
vn 0.2356 0.2357 0.9428
vn 0.7071 -0.7071 0.0001
vn -0.7071 0.7071 0.0001
vn -0.4080 0.4079 0.8168
vn -0.4080 0.4079 -0.8168
vn 0.3820 0.9242 0.0001
vn -0.2356 -0.2357 0.9428
vn 0.7070 -0.7072 0.0001
vn -0.3818 -0.9243 0.0001
vn -0.7070 0.7072 0.0001
vn 0.2357 0.2356 0.9428
vn 0.2357 0.2356 -0.9428
vn -0.7072 0.7070 -0.0000
vn 0.3819 0.9242 0.0001
vn 0.4081 -0.4080 -0.8167
vn -0.3819 -0.9242 0.0001
vn -0.4081 0.4080 -0.8167
vn -0.4081 0.4081 -0.8167
vn 0.3821 0.9241 0.0001
vn 0.4079 -0.4080 0.8168
vn -0.3820 -0.9242 0.0001
vn -0.4079 0.4080 0.8168
vn 0.3817 0.9243 -0.0000
vn 0.7070 -0.7072 -0.0000
vn 0.4079 -0.4080 -0.8168
vn -0.3817 -0.9243 -0.0000
vn -0.7070 0.7072 -0.0000
vn -0.4079 0.4080 -0.8168
vn -0.3818 -0.9243 -0.0000
vn 0.4079 -0.4079 0.8168
vn 0.4079 -0.4079 -0.8168
vn -0.4079 0.4079 0.8168
vn -0.4079 0.4079 -0.8168
vn -0.3819 -0.9242 -0.0000
vn -0.0000 -0.5461 -0.8377
vn -0.0000 0.9793 0.2022
vn -0.9162 0.2493 0.3137
vn -0.9818 -0.0852 -0.1699
vn 0.9818 -0.0852 -0.1699
vn 0.9162 0.2493 0.3137
vn -0.0000 -0.7078 0.7064
vn -0.9748 0.0879 0.2048
vn 0.9748 0.0879 0.2048
vn -0.0000 0.5475 -0.8368
vn -0.0000 0.5474 0.8369
vn -0.9852 0.1205 0.1218
vn 0.9852 0.1206 0.1218
vn -0.0000 -1.0000 0.0001
vn -0.0000 -0.9714 0.2373
vn -0.9620 0.1547 0.2250
vn -0.8173 0.4081 0.4069
vn 0.8173 0.4081 0.4069
vn 0.9620 0.1547 0.2250
vn -0.0000 0.5147 -0.8574
vn -0.0000 -0.7398 0.6728
vn -0.0000 -0.1282 -0.9917
vn -0.9750 -0.1626 -0.1514
vn 0.9750 -0.1626 -0.1514
vn -0.0000 0.9804 0.1970
vn -0.0000 0.8625 -0.5061
vn 0.0001 -0.2490 0.9685
vn -0.8172 -0.4074 -0.4076
vn 0.8172 -0.4074 -0.4076
vn -0.0000 -0.9991 -0.0417
vn -0.0001 0.5601 -0.8284
vn -0.9680 0.1965 -0.1561
vn 0.9680 0.1965 -0.1561
vn -0.0000 0.2098 0.9777
vn -0.0000 0.1693 -0.9856
vn -0.8170 0.4078 0.4078
vn 0.8170 0.4078 0.4078
vn -0.0000 -0.8167 0.5770
vn -0.0000 0.9355 -0.3533
vn -0.0000 -0.4103 0.9119
vn -0.8169 -0.4075 -0.4081
vn 0.8169 -0.4075 -0.4081
vn -0.0000 0.7079 0.7063
vn -0.0000 -0.9860 0.1669
vn -0.9922 -0.0556 -0.1112
vn 0.9922 -0.0557 -0.1112
vn -0.0000 0.5770 -0.8168
vn -0.0000 -0.9295 -0.3688
vn -0.0000 0.9700 -0.2431
vn -0.0000 -0.1334 0.9911
vn -0.0004 0.9857 -0.1685
vn -0.8167 -0.4079 -0.4082
vn 0.8167 -0.4078 -0.4083
vn 0.0001 -0.5784 0.8157
vn -0.0001 -0.5731 0.8195
vn -0.0001 -0.2782 -0.9605
vn -0.9837 -0.0000 0.1800
vn 0.9837 -0.0000 0.1800
vn -0.0000 0.9973 0.0739
vn -0.0000 -0.9553 0.2956
vn -0.0000 0.4626 -0.8866
vn -0.8172 0.4076 0.4074
vn 0.8172 0.4076 0.4074
vn -0.0000 0.7940 -0.6079
vn 0.0003 -0.1109 0.9938
vn -0.8951 -0.0000 -0.4458
vn 0.8951 -0.0000 -0.4458
vn 0.0003 0.1109 0.9938
vn -0.0000 -0.7940 -0.6079
vn -0.9923 0.0556 -0.1111
vn 0.9923 0.0556 -0.1111
vn -0.0001 0.5727 0.8198
vn -0.0000 -0.9973 0.0738
vn -0.9620 -0.1548 0.2252
vn 0.9619 -0.1548 0.2252
vn -0.0001 0.2783 -0.9605
vn -0.0000 -0.4625 -0.8866
vn -0.0000 0.9553 0.2956
vn -0.8172 -0.4076 0.4075
vn 0.8172 -0.4076 0.4075
vn -0.0000 -0.9702 -0.2421
vn -0.0000 0.9297 -0.3682
vn -0.9748 -0.0879 0.2049
vn 0.9748 -0.0879 0.2049
vn -0.0000 0.1334 0.9911
vn -0.0000 0.9709 0.2396
vn -0.0000 -0.7077 0.7065
vn -0.8171 -0.4081 0.4072
vn 0.8171 -0.4081 0.4072
vn -0.0000 -0.5151 -0.8571
vn -0.0000 0.9860 0.1669
vn -0.0000 -0.7080 0.7062
vn -0.0000 -0.5770 -0.8167
vn -0.9818 0.0852 -0.1699
vn 0.9818 0.0852 -0.1699
vn 0.0001 0.5783 0.8158
vn -0.0000 -0.9858 -0.1681
vn 0.0001 0.7069 -0.7074
vn -0.8167 0.4079 -0.4083
vn 0.8167 0.4078 -0.4082
vn -0.0000 -0.9794 0.2021
vn -0.0000 0.5463 -0.8376
vn -0.9162 -0.2494 0.3137
vn 0.9162 -0.2494 0.3137
vn -0.0000 1.0000 0.0004
vn -0.0000 -0.5473 0.8369
vn -0.0000 -0.5478 -0.8366
vn -0.9852 -0.1206 0.1217
vn 0.9852 -0.1206 0.1217
vn -0.0000 0.1280 -0.9918
vn -0.0000 0.7401 0.6725
vn -0.9750 0.1625 -0.1514
vn 0.9750 0.1625 -0.1514
vn -0.0000 -0.9805 0.1967
vn 0.0001 0.2489 0.9685
vn -0.0000 -0.8625 -0.5061
vn -0.8171 0.4075 -0.4077
vn 0.8171 0.4075 -0.4077
vn -0.0001 -0.5606 -0.8281
vn -0.0000 0.9991 -0.0417
vn -0.9680 -0.1966 -0.1561
vn 0.9680 -0.1966 -0.1561
vn -0.0000 -0.2101 0.9777
vn -0.0000 0.4101 0.9120
vn -0.0000 -0.9355 -0.3533
vn -0.0000 0.7067 -0.7075
vn -0.8169 0.4075 -0.4082
vn 0.8169 0.4075 -0.4082
vn -0.0000 -0.1690 -0.9856
vn -0.0000 0.8168 0.5770
vn -0.8169 -0.4078 0.4078
vn 0.8169 -0.4078 0.4078
vn 0.3032 0.0001 -0.9529
vn -0.8888 -0.0000 0.4583
vn -0.2635 -0.9376 0.2271
vn 0.2635 -0.9376 -0.2270
vn 0.2635 0.9376 -0.2271
vn -0.2635 0.9376 0.2271
vn 0.7069 -0.0000 0.7073
vn 0.4080 -0.8167 0.4081
vn 0.4080 0.8167 0.4081
vn -0.3032 0.0001 0.9529
vn 0.8888 -0.0000 -0.4583
vn -0.4079 -0.8168 -0.4081
vn -0.4079 0.8168 -0.4081
vn -0.9326 0.0001 0.3609
vn 0.7071 0.0001 0.7072
vn -0.2312 -0.9424 0.2416
vn -0.2312 0.9424 0.2416
vn 0.4080 0.8168 0.4079
vn 0.4032 -0.0000 -0.9151
vn 0.2312 -0.9424 -0.2416
vn 0.2312 0.9424 -0.2416
vn -0.4033 -0.0000 0.9150
vn 0.9326 0.0001 -0.3609
vn -0.7071 0.0001 -0.7071
vn -0.4081 -0.8167 -0.4080
vn -0.4081 0.8167 -0.4080
vn -0.9792 -0.0000 0.2031
vn 0.7075 -0.0000 0.7067
vn 0.4080 -0.8169 0.4076
vn -0.2489 -0.9163 0.3137
vn -0.2489 0.9163 0.3137
vn 0.4080 0.8169 0.4076
vn 0.5460 -0.0000 -0.8378
vn 0.2489 -0.9163 -0.3137
vn 0.2489 0.9163 -0.3137
vn -0.5461 0.0001 0.8377
vn 0.9792 0.0001 -0.2030
vn -0.7076 -0.0000 -0.7066
vn -0.4080 -0.8169 -0.4076
vn -0.4080 0.8169 -0.4076
vn -0.9744 -0.0001 0.2247
vn 0.7074 -0.0001 0.7068
vn 0.4081 -0.8169 0.4076
vn -0.2410 -0.9222 0.3023
vn -0.2410 0.9222 0.3023
vn 0.4081 0.8168 0.4077
vn 0.5283 0.0001 -0.8491
vn 0.2410 -0.9222 -0.3023
vn 0.2410 0.9222 -0.3023
vn -0.5282 0.0001 0.8491
vn 0.9745 -0.0001 -0.2246
vn -0.7074 -0.0001 -0.7068
vn -0.4081 -0.8169 -0.4076
vn -0.4081 0.8168 -0.4077
vn 0.9776 -0.0004 0.2104
vn -0.5401 -0.0002 -0.8416
vn -0.2460 -0.9184 -0.3098
vn 0.2460 -0.9184 0.3098
vn 0.2461 0.9184 0.3099
vn -0.2460 0.9184 -0.3099
vn -0.4082 -0.8169 0.4076
vn -0.4082 0.8169 0.4076
vn -0.9776 -0.0004 -0.2104
vn 0.5402 -0.0002 0.8415
vn 0.4082 -0.8168 -0.4076
vn 0.4082 0.8168 -0.4076
vn -0.9262 -0.0000 0.3770
vn 0.7072 -0.0000 0.7071
vn 0.4081 -0.8167 0.4079
vn -0.2344 -0.9428 0.2370
vn -0.2344 0.9428 0.2370
vn 0.4081 0.8167 0.4079
vn 0.3872 -0.0000 -0.9220
vn 0.2345 -0.9428 -0.2370
vn 0.2345 0.9428 -0.2370
vn -0.3871 -0.0000 0.9220
vn 0.9262 -0.0000 -0.3769
vn -0.4080 0.8168 -0.4079
vn 0.9353 0.0003 0.3538
vn 0.2300 -0.9421 0.2439
vn 0.2300 0.9422 0.2438
vn -0.4101 0.0001 -0.9120
vn -0.2301 -0.9421 -0.2438
vn -0.2301 0.9422 -0.2437
vn 0.4099 0.0001 0.9121
vn 0.7071 0.0001 -0.7071
vn 0.4080 0.8168 -0.4078
vn -0.9353 0.0003 -0.3540
vn -0.7073 -0.7069 -0.0003
vn 0.9694 -0.2456 -0.0000
vn 0.2351 -0.2915 -0.9272
vn -0.4083 -0.4080 0.8166
vn 0.2354 -0.2915 0.9272
vn -0.5103 0.8600 -0.0004
vn -0.2350 0.2915 -0.9272
vn -0.2353 0.2916 0.9272
vn 0.7074 0.7068 -0.0003
vn -0.9694 0.2456 -0.0000
vn 0.4079 0.4078 -0.8169
vn 0.4083 0.4079 0.8166
vn 0.5104 -0.8599 -0.0004
vn 0.9695 0.2451 0.0001
vn -0.4080 0.4077 -0.8169
vn 0.2351 0.2915 -0.9272
vn 0.2351 0.2915 0.9272
vn -0.4080 0.4077 0.8169
vn -0.5103 -0.8600 -0.0000
vn -0.2351 -0.2915 -0.9272
vn -0.2351 -0.2915 0.9272
vn 0.5102 0.8601 -0.0000
vn -0.9695 -0.2452 0.0001
vn 0.7073 -0.7070 -0.0000
vn 0.4080 -0.4078 -0.8168
vn 0.4080 -0.4078 0.8168
vn 0.7070 0.7072 -0.0000
vn -0.8976 0.4408 -0.0000
vn -0.2556 0.2270 -0.9398
vn 0.4079 0.4081 -0.8168
vn 0.4079 0.4081 0.8168
vn -0.2556 0.2270 0.9398
vn 0.3219 -0.9468 -0.0000
vn 0.2556 -0.2270 -0.9398
vn 0.2556 -0.2270 0.9398
vn -0.3219 0.9468 -0.0000
vn -0.7070 -0.7072 -0.0000
vn -0.4079 -0.4081 -0.8168
vn -0.4079 -0.4081 0.8168
vn 0.8976 -0.4408 -0.0000
vn 0.8977 0.4406 -0.0000
vn -0.7070 0.7072 -0.0001
vn -0.4078 0.4081 -0.8168
vn 0.2556 0.2270 -0.9397
vn 0.2556 0.2270 0.9397
vn -0.4079 0.4081 0.8167
vn -0.3216 -0.9469 -0.0002
vn -0.2556 -0.2271 -0.9398
vn -0.2556 -0.2271 0.9397
vn 0.3217 0.9469 -0.0002
vn -0.8977 -0.4407 -0.0000
vn 0.7070 -0.7072 -0.0001
vn 0.4078 -0.4081 -0.8168
vn 0.4079 -0.4081 0.8167
vn -0.7090 -0.7052 -0.0000
vn 0.9942 -0.1079 -0.0001
vn 0.3203 -0.0000 -0.9473
vn -0.4466 -0.0001 -0.8947
vn -0.4468 -0.0001 0.8946
vn 0.3202 -0.0000 0.9474
vn -0.6159 0.7878 -0.0000
vn -0.2981 0.3620 -0.8832
vn -0.2981 0.3620 0.8832
vn 0.7079 0.7063 0.0002
vn -0.9938 0.1114 0.0001
vn 0.4079 0.4069 -0.8173
vn 0.4077 0.4069 0.8175
vn 0.6175 -0.7866 0.0002
vn 0.9943 0.1067 -0.0001
vn -0.7092 0.7051 -0.0002
vn -0.6162 -0.7876 -0.0002
vn -0.2982 -0.3622 -0.8831
vn -0.2984 -0.3622 0.8831
vn 0.6177 0.7864 -0.0000
vn -0.9933 -0.1157 -0.0001
vn 0.7075 -0.7067 -0.0000
vn 0.4080 -0.4073 -0.8171
vn 0.4080 -0.4073 0.8171
vn -0.9852 0.1206 0.1218
vn -0.0000 0.5473 0.8369
vn -0.0000 -0.5462 -0.8376
vn -0.0000 -0.1284 -0.9917
vn 0.0001 -0.7398 0.6728
vn -0.0000 0.9804 0.1969
vn -0.0000 -0.2489 0.9685
vn -0.0001 0.5602 -0.8284
vn -0.0000 0.2099 0.9777
vn -0.0000 0.7080 0.7063
vn -0.9922 -0.0557 -0.1112
vn -0.0000 0.5770 -0.8167
vn -0.0001 -0.7069 -0.7073
vn 0.8166 -0.4079 -0.4083
vn -0.8167 -0.4078 -0.4082
vn -0.0000 -0.5784 0.8157
vn -0.0000 0.7078 0.7065
vn -0.8172 0.4082 0.4069
vn 0.0001 0.5148 -0.8573
vn 0.0001 -0.5731 0.8195
vn 0.9837 0.0001 0.1800
vn 0.0001 -0.2783 -0.9605
vn -0.0001 0.4627 -0.8865
vn 0.8172 0.4077 0.4074
vn -0.0000 -0.7044 -0.7098
vn -0.0000 -0.1110 0.9938
vn -0.0005 0.1111 0.9938
vn 0.0001 0.5726 0.8198
vn 0.0001 0.2784 -0.9605
vn 0.9620 -0.1548 0.2252
vn -0.0001 -0.4626 -0.8866
vn -0.0000 -0.7073 0.7069
vn 0.8172 -0.4077 0.4075
vn -0.9748 -0.0880 0.2049
vn -0.0000 0.1333 0.9911
vn 0.0001 -0.5152 -0.8571
vn -0.8171 -0.4082 0.4072
vn -0.0000 -0.5771 -0.8167
vn -0.0000 0.5783 0.8158
vn 0.8167 0.4078 -0.4083
vn -0.8167 0.4078 -0.4082
vn -0.0000 0.5464 -0.8375
vn 0.0001 0.7401 0.6725
vn -0.0000 0.1281 -0.9918
vn 0.0002 0.2488 0.9686
vn 0.8172 0.4074 -0.4077
vn -0.0001 -0.5607 -0.8280
vn -0.0000 -0.2102 0.9777
vn 0.7070 -0.0000 0.7073
vn -0.8888 -0.0000 0.4582
vn -0.2635 0.9376 0.2270
vn -0.2635 -0.9376 0.2270
vn 0.3032 -0.0000 -0.9529
vn 0.2635 0.9376 -0.2270
vn -0.3032 -0.0000 0.9529
vn 0.8888 -0.0000 -0.4582
vn -0.9326 -0.0001 0.3609
vn 0.7071 -0.0001 0.7072
vn 0.9326 -0.0001 -0.3609
vn -0.9793 -0.0003 0.2023
vn 0.2489 -0.9164 -0.3136
vn 0.7077 -0.0001 0.7065
vn 0.4080 0.8170 0.4075
vn 0.4080 -0.8171 0.4074
vn 0.9793 -0.0002 -0.2023
vn -0.4080 0.8170 -0.4075
vn -0.4080 -0.8170 -0.4074
vn -0.9745 0.0004 0.2243
vn 0.2410 0.9223 -0.3022
vn -0.2410 0.9223 0.3023
vn 0.7075 0.0001 0.7067
vn 0.4081 0.8169 0.4075
vn 0.9746 0.0004 -0.2242
vn -0.7075 0.0001 -0.7067
vn -0.4081 0.8169 -0.4075
vn 0.9777 0.0003 0.2102
vn -0.7075 0.0001 0.7067
vn -0.4082 0.8169 0.4075
vn 0.2460 0.9184 0.3098
vn 0.2460 -0.9184 0.3099
vn -0.5401 -0.0000 -0.8416
vn -0.2460 0.9184 -0.3098
vn -0.2460 -0.9184 -0.3099
vn 0.5402 -0.0000 0.8415
vn -0.9777 0.0003 -0.2102
vn 0.7075 0.0001 -0.7067
vn 0.4082 0.8169 -0.4075
vn 0.9263 0.0003 0.3769
vn -0.7071 0.0001 0.7071
vn 0.2345 0.9428 0.2370
vn 0.2345 -0.9428 0.2371
vn -0.3871 0.0001 -0.9220
vn -0.2344 0.9428 -0.2370
vn -0.2344 -0.9428 -0.2371
vn 0.3872 0.0001 0.9220
vn -0.9262 0.0003 -0.3769
vn 0.7072 0.0001 -0.7071
vn -0.4101 -0.0000 -0.9120
vn -0.2301 0.9421 -0.2438
vn 0.9353 -0.0000 0.3537
vn 0.2300 0.9421 0.2438
vn 0.2300 -0.9421 0.2438
vn 0.4099 -0.0000 0.9121
vn -0.9353 -0.0000 -0.3539
vn 0.4080 -0.8168 -0.4079
vn -0.9533 -0.3022 0.0001
vn -0.2353 0.0001 0.9719
vn 0.4467 -0.0000 0.8947
vn 0.4466 -0.0000 -0.8947
vn -0.2353 0.0001 -0.9719
vn 0.4577 0.8891 0.0001
vn 0.2269 0.2636 0.9376
vn 0.2268 0.2637 -0.9376
vn -0.4583 -0.8888 0.0001
vn -0.4080 0.4078 0.8169
vn -0.4080 0.4078 -0.8169
vn 0.9532 0.3025 0.0001
vn 0.4579 -0.8890 -0.0002
vn -0.9532 0.3022 -0.0001
vn 0.2269 -0.2638 0.9375
vn 0.2269 -0.2637 -0.9375
vn 0.7072 0.7070 -0.0001
vn -0.7071 -0.7071 0.0001
vn -0.4581 0.8889 0.0001
vn -0.4079 -0.4078 0.8169
vn -0.4081 -0.4079 -0.8168
vn 0.9532 -0.3023 -0.0000
vn -0.9409 -0.3387 -0.0002
vn 0.4245 0.9054 -0.0004
vn 0.2283 0.2490 0.9412
vn -0.2282 -0.2491 0.9412
vn -0.2281 -0.2490 -0.9412
vn 0.2281 0.2490 -0.9413
vn 0.7072 -0.7070 -0.0001
vn 0.4081 -0.4080 0.8167
vn 0.9410 0.3385 -0.0002
vn -0.4244 -0.9055 -0.0004
vn -0.7072 0.7070 -0.0001
vn -0.4081 0.4080 0.8167
vn -0.7071 -0.7071 -0.0001
vn -0.4250 0.9052 -0.0003
vn -0.2283 0.2490 0.9412
vn -0.4083 -0.4081 0.8166
vn -0.4081 -0.4081 -0.8167
vn -0.2282 0.2490 -0.9412
vn 0.9407 -0.3393 -0.0001
vn 0.2282 -0.2492 0.9412
vn 0.2281 -0.2492 -0.9412
vn 0.4247 -0.9053 -0.0003
vn -0.9410 0.3385 -0.0001
vn 0.4082 0.4079 0.8167
vn -0.9199 -0.3921 -0.0001
vn -0.2384 -0.2334 0.9427
vn 0.4081 -0.4081 0.8167
vn -0.2383 -0.2334 -0.9427
vn 0.3720 0.9282 -0.0003
vn 0.2384 0.2334 0.9427
vn 0.2383 0.2334 -0.9427
vn -0.3720 -0.9282 -0.0003
vn -0.4081 0.4081 0.8167
vn 0.9199 0.3921 -0.0001
vn -0.9199 -0.3922 -0.0000
vn 0.3723 0.9281 -0.0000
vn 0.2383 0.2334 0.9427
vn -0.2383 -0.2334 0.9427
vn 0.9199 0.3921 -0.0000
vn -0.3724 -0.9281 -0.0000
vn -0.7072 0.7071 -0.0000
vn 0.9733 -0.2297 -0.0000
vn -0.7073 -0.7069 -0.0000
vn -0.4083 -0.4079 0.8167
vn 0.2400 -0.3003 0.9232
vn 0.2400 -0.3003 -0.9232
vn -0.4083 -0.4079 -0.8167
vn -0.5253 0.8509 -0.0000
vn -0.2400 0.3002 0.9232
vn -0.2400 0.3002 -0.9232
vn 0.5253 -0.8509 -0.0000
vn -0.9734 0.2293 -0.0000
vn 0.4083 0.4078 0.8167
vn 0.4083 0.4078 -0.8167
vn -0.9737 -0.2277 -0.0000
vn 0.2400 0.3003 0.9231
vn -0.2400 -0.3003 0.9232
vn -0.2400 -0.3003 -0.9232
vn 0.2400 0.3003 -0.9231
vn 0.7076 -0.7067 -0.0000
vn 0.4083 -0.4076 0.8168
vn 0.4083 -0.4076 -0.8168
vn 0.9736 0.2281 -0.0000
vn -0.4083 0.4077 0.8168
vn -0.4083 0.4077 -0.8168
vt 41.974602 -27.042299
vt 41.974602 -27.025400
vt 41.957699 -27.025400
vt 41.957699 -27.042299
vt 42.042301 -27.042299
vt 42.042301 -27.025400
vt 42.025398 -27.025400
vt 42.025398 -27.042299
vt 42.008499 -27.008499
vt 42.008499 -26.974600
vt 41.991501 -26.974600
vt 41.991501 -27.008499
vt 42.042301 -27.008499
vt 42.025398 -27.008499
vt 41.974602 -27.008499
vt 41.957699 -27.008499
vt 41.974602 -26.991501
vt 41.957699 -26.991501
vt 41.974602 -26.974600
vt 41.991501 -26.966299
vt 42.008499 -26.966299
vt 42.025398 -26.991501
vt 42.025398 -26.974600
vt 42.042301 -26.991501
vt 42.042301 -26.974600
vt 41.957699 -26.974600
vt 41.974602 -26.957701
vt 41.991501 -26.957701
vt 42.025398 -26.957701
vt 42.008499 -26.957701
vt 42.186199 -26.974600
vt 42.135399 -26.974600
vt 42.186199 -26.991501
vt 42.135399 -26.991501
vt 42.186199 -27.008499
vt 42.135399 -27.008499
vt 42.186199 -27.025400
vt 42.135399 -27.025400
vt 41.813801 -27.008499
vt 41.830700 -27.008499
vt 41.813801 -26.991501
vt 41.830700 -26.991501
vt 41.813801 -27.025400
vt 41.830700 -27.025400
vt 41.796902 -27.008499
vt 41.796902 -26.991501
vt 41.813801 -26.974600
vt 41.830700 -26.974600
vt 41.864601 -27.008499
vt 41.864601 -26.991501
vt 42.067699 -26.957701
vt 42.067699 -27.042299
vt 42.084599 -27.042299
vt 42.084599 -26.957701
vt 41.932301 -26.957701
vt 41.932301 -27.042299
vt 41.949200 -27.042299
vt 41.949200 -26.957701
vt 42.203098 -27.025400
vt 42.203098 -26.974600
vt 41.813801 -27.042299
vt 41.813801 -26.957701
vt 42.220100 -27.025400
vt 42.220100 -26.974600
vt 42.203098 -27.042299
vt 42.203098 -26.957701
vt 41.796902 -27.042299
vt 41.796902 -27.025400
vt 42.220100 -27.042299
vt 42.220100 -26.957701
vt 41.796902 -26.974600
vt 41.796902 -26.957701
vt 42.067699 -27.025400
vt 41.949200 -27.025400
vt 41.779900 -27.042299
vt 41.779900 -27.025400
vt 41.779900 -26.974600
vt 41.779900 -26.957701
vt 42.067699 -26.974600
vt 41.949200 -26.974600
vt 42.050800 -27.025400
vt 42.203098 -27.008499
vt 42.067699 -26.991501
vt 42.050800 -26.974600
vt 41.932301 -27.025400
vt 41.779900 -27.008499
vt 41.915401 -26.991501
vt 41.932301 -26.974600
vt 41.915401 -26.974600
vt 41.779900 -26.991501
vt 41.864601 -26.957701
vt 42.169300 -26.991501
vt 42.169300 -26.974600
vt 42.186199 -26.966299
vt 42.169300 -26.966299
vt 41.864601 -26.974600
vt 42.067699 -27.008499
vt 41.991501 -26.991501
vt 42.008499 -26.991501
vt 42.203098 -26.991501
vt 41.932301 -26.991501
vt 42.220100 -27.008499
vt 42.084599 -26.991501
vt 42.084599 -26.974600
vt 42.220100 -26.991501
vt 42.135399 -26.957701
vt 42.186199 -26.957701
vt 41.830700 -26.966299
vt 41.813801 -26.966299
vt 41.932301 -27.008499
vt 48.025398 -54.958302
vt 47.974602 -54.958302
vt 47.991501 -54.973999
vt 47.974602 -55.007801
vt 48.008499 -54.973999
vt 47.991501 -54.990898
vt 48.008499 -54.990898
vt 48.025398 -55.007801
vt 48.042301 -55.041698
vt 48.042301 -55.024799
vt 48.025398 -55.024799
vt 48.025398 -55.041698
vt 47.974602 -55.041698
vt 47.974602 -55.024799
vt 47.957699 -55.024799
vt 47.957699 -55.041698
vt 47.805302 -55.025398
vt 48.119701 -55.025398
vt 48.119701 -54.974602
vt 47.805302 -54.974602
vt 47.856098 -54.991501
vt 47.805302 -54.991501
vt 47.856098 -55.008499
vt 47.805302 -55.008499
vt 48.025398 -55.025398
vt 47.974602 -55.025398
vt 48.025398 -55.042301
vt 47.974602 -55.042301
vt 47.957699 -55.025398
vt 47.906898 -55.025398
vt 47.957699 -55.042301
vt 47.906898 -55.042301
vt 48.025398 -54.957699
vt 47.974602 -54.957699
vt 48.025398 -54.974602
vt 47.974602 -54.974602
vt 48.194698 -54.957699
vt 48.143902 -54.957699
vt 48.194698 -54.974602
vt 48.143902 -54.974602
vt 48.194698 -55.025398
vt 48.143902 -55.025398
vt 48.194698 -55.042301
vt 48.143902 -55.042301
vt 48.126999 -54.957699
vt 48.076199 -54.957699
vt 48.126999 -54.974602
vt 48.076199 -54.974602
vt 48.126999 -55.025398
vt 48.076199 -55.025398
vt 48.126999 -55.042301
vt 48.076199 -55.042301
vt 47.957699 -54.957699
vt 47.906898 -54.957699
vt 47.957699 -54.974602
vt 47.906898 -54.974602
vt 47.873001 -55.041698
vt 47.923801 -55.041698
vt 47.923801 -55.024799
vt 47.873001 -55.024799
vt 47.805302 -55.041698
vt 47.856098 -55.041698
vt 47.856098 -55.024799
vt 47.805302 -55.024799
vt 48.093102 -55.041698
vt 48.093102 -55.024799
vt 48.177700 -55.007801
vt 47.880299 -54.958302
vt 47.880299 -55.007801
vt 48.194698 -54.958302
vt 48.194698 -55.007801
vt 48.143902 -54.990898
vt 48.194698 -54.990898
vt 48.194698 -54.973999
vt 48.143902 -54.973999
vt 47.923801 -55.042301
vt 47.873001 -55.025398
vt 47.873001 -55.042301
vt 47.923801 -55.025398
vt 47.923801 -54.974602
vt 47.873001 -54.957699
vt 47.873001 -54.974602
vt 47.923801 -54.957699
vt 48.093102 -54.974602
vt 48.042301 -54.957699
vt 48.042301 -54.974602
vt 48.093102 -54.957699
vt 47.856098 -55.042301
vt 47.805302 -55.042301
vt 47.856098 -55.025398
vt 47.856098 -54.974602
vt 47.805302 -54.957699
vt 47.856098 -54.957699
vt 48.093102 -55.042301
vt 48.042301 -55.025398
vt 48.042301 -55.042301
vt 48.093102 -55.025398
vt 48.177700 -54.974602
vt 48.177700 -55.025398
vt 48.194698 -55.008499
vt 48.143902 -54.991501
vt 48.143902 -55.008499
vt 48.194698 -54.991501
vt 47.906898 -55.024799
vt 47.906898 -55.041698
vt 48.076199 -55.041698
vt 48.126999 -55.024799
vt 48.076199 -55.024799
vt 48.126999 -55.041698
vt 48.143902 -55.041698
vt 48.194698 -55.024799
vt 48.143902 -55.024799
vt 48.194698 -55.041698
vt 47.822300 -55.007801
vt 48.119701 -54.958302
vt 47.805302 -54.958302
vt 48.119701 -55.007801
vt 47.805302 -55.007801
vt 47.805302 -54.990898
vt 47.856098 -54.973999
vt 47.805302 -54.973999
vt 47.856098 -54.990898
vt 19.974600 -38.889999
vt 19.957701 -38.889999
vt 19.974600 -38.923801
vt 19.957701 -38.923801
vt 20.025400 -38.889999
vt 20.025400 -38.923801
vt 20.042299 -38.889999
vt 20.042299 -38.923801
vt 20.025400 -38.940800
vt 19.974600 -38.940800
vt 20.042299 -38.940800
vt 20.059200 -38.923801
vt 20.059200 -38.889999
vt 20.025400 -38.957699
vt 19.974600 -38.957699
vt 19.957701 -38.940800
vt 19.940800 -38.889999
vt 19.940800 -38.923801
vt 20.025400 -38.974602
vt 19.974600 -38.974602
vt 20.042299 -38.957699
vt 20.059200 -38.940800
vt 19.957701 -38.957699
vt 19.940800 -38.940800
vt 20.042299 -38.974602
vt 20.059200 -38.957699
vt 19.940800 -38.957699
vt 19.957701 -38.974602
vt 19.974600 -38.906898
vt 19.940800 -38.906898
vt 20.059200 -38.906898
vt 20.025400 -38.906898
vt 20.042299 -38.991501
vt 19.957701 -38.991501
vt 20.059200 -38.991501
vt 20.042299 -39.025398
vt 19.957701 -39.025398
vt 19.940800 -38.991501
vt 20.059200 -39.025398
vt 20.042299 -39.093102
vt 19.957701 -39.093102
vt 19.940800 -39.025398
vt 20.059200 -39.093102
vt 19.940800 -39.093102
vt 20.059200 -39.110001
vt 20.042299 -39.110001
vt 19.957701 -39.110001
vt 19.940800 -39.110001
vt 20.042299 -39.008499
vt 19.957701 -39.008499
vt 20.060400 -39.025398
vt 19.763000 -39.025398
vt 19.779900 -39.042301
vt 19.763000 -39.042301
vt 19.779900 -39.059200
vt 20.186199 -39.059200
vt 20.186199 -39.042301
vt 20.060400 -38.974602
vt 20.220100 -39.042301
vt 20.220100 -38.957699
vt 20.186199 -38.957699
vt 20.186199 -38.940800
vt 19.779900 -38.940800
vt 19.779900 -38.957699
vt 19.763000 -38.974602
vt 19.763000 -38.957699
vt 20.220100 -39.059200
vt 20.220100 -38.940800
vt 20.220100 -38.974602
vt 20.220100 -39.025398
vt 20.237000 -39.025398
vt 20.237000 -38.974602
vt 20.016899 -38.974602
vt 20.067699 -38.974602
vt 20.016899 -38.940800
vt 20.067699 -38.940800
vt 20.135401 -39.059200
vt 20.118500 -39.042301
vt 20.084600 -39.059200
vt 20.135401 -39.042301
vt 20.084600 -39.025398
vt 20.118500 -39.025398
vt 19.915400 -39.059200
vt 19.966101 -39.059200
vt 19.915400 -39.025398
vt 19.966101 -39.025398
vt 19.915400 -38.974602
vt 19.966101 -38.974602
vt 19.915400 -38.940800
vt 19.966101 -38.940800
vt 19.847700 -39.059200
vt 19.898399 -39.059200
vt 19.847700 -39.025398
vt 19.898399 -39.025398
vt 20.135401 -38.957699
vt 20.135401 -38.940800
vt 20.118500 -38.957699
vt 20.084600 -38.940800
vt 20.084600 -38.974602
vt 20.118500 -38.974602
vt 19.847700 -38.974602
vt 19.898399 -38.974602
vt 19.847700 -38.940800
vt 19.898399 -38.940800
vt 20.016899 -39.059200
vt 20.067699 -39.059200
vt 20.016899 -39.025398
vt 20.067699 -39.025398
vt 20.203100 -38.957699
vt 20.203100 -38.940800
vt 20.203100 -39.059200
vt 20.203100 -39.042301
vt 20.237000 -39.042301
vt 20.237000 -38.957699
vt 19.813801 -38.889999
vt 20.033899 -38.906898
vt 20.220100 -38.889999
vt 20.084600 -38.906898
vt 20.101601 -38.906898
vt 20.084600 -38.923801
vt 20.152300 -38.906898
vt 20.101601 -38.923801
vt 20.203100 -38.923801
vt 20.220100 -38.923801
vt 20.152300 -38.923801
vt 20.033899 -38.923801
vt 19.983101 -38.923801
vt 19.983101 -38.906898
vt 19.932301 -38.923801
vt 19.932301 -38.906898
vt 19.915400 -38.957699
vt 19.915400 -38.906898
vt 19.864599 -38.906898
vt 19.915400 -38.923801
vt 19.813801 -38.906898
vt 19.864599 -38.923801
vt 19.813801 -38.940800
vt 19.796900 -38.923801
vt 19.796900 -38.940800
vt 19.779900 -38.906898
vt 19.779900 -38.923801
vt 19.813801 -38.991501
vt 19.898399 -38.991501
vt 19.915400 -38.991501
vt 19.881500 -39.025398
vt 19.796900 -39.025398
vt 19.796900 -38.991501
vt 19.864599 -39.093102
vt 19.881500 -39.093102
vt 19.779900 -39.110001
vt 19.864599 -39.110001
vt 19.779900 -39.025398
vt 20.237000 -38.889999
vt 20.237000 -38.923801
vt 19.932301 -38.974602
vt 20.186199 -38.974602
vt 19.932301 -38.991501
vt 19.898399 -39.093102
vt 19.779900 -38.889999
vt 19.796900 -39.008499
vt 19.779900 -39.008499
vt 19.763000 -39.110001
vt 20.237000 -38.940800
vt 20.203100 -38.974602
vt 19.763000 -38.923801
vt 19.763000 -38.906898
vt 19.881500 -38.923801
vt 19.813801 -39.008499
vt 19.796900 -39.110001
vt 19.813801 -38.923801
vt 19.957701 -39.042301
vt 20.042299 -39.042301
vt 20.042299 -38.906898
vt 19.957701 -38.906898
vt 19.864599 -39.059200
vt 19.796900 -39.042301
vt 19.864599 -39.042301
vt 19.796900 -38.957699
vt 19.864599 -38.940800
vt 19.864599 -38.957699
vt 19.881500 -39.059200
vt 19.881500 -39.042301
vt 19.898399 -39.042301
vt 19.881500 -38.957699
vt 19.898399 -38.957699
vt 19.881500 -38.940800
vt 19.915400 -39.042301
vt 19.813801 -39.042301
vt 19.813801 -38.957699
vt 19.932301 -39.042301
vt 19.932301 -38.957699
vt 20.186199 -39.025398
vt 20.203100 -39.025398
vt 19.813801 -39.059200
vt 19.796900 -39.059200
vt 19.864599 -39.025398
vt 19.864599 -38.974602
vt 19.881500 -38.974602
vt 19.779900 -38.974602
vt 19.983101 -39.059200
vt 19.932301 -39.025398
vt 19.932301 -39.059200
vt 19.983101 -39.025398
vt 20.033899 -38.940800
vt 20.033899 -38.974602
vt 20.152300 -38.974602
vt 20.101601 -38.940800
vt 20.101601 -38.974602
vt 20.152300 -38.940800
vt 19.983101 -38.974602
vt 19.932301 -38.940800
vt 19.983101 -38.940800
vt 20.033899 -39.025398
vt 20.033899 -39.059200
vt 20.152300 -39.059200
vt 20.101601 -39.025398
vt 20.101601 -39.059200
vt 20.152300 -39.025398
vt 19.847700 -38.906898
vt 19.847700 -38.923801
vt 19.898399 -38.923801
vt 19.898399 -38.906898
vt 19.966101 -38.923801
vt 20.084600 -38.957699
vt 19.966101 -38.906898
vt 20.016899 -38.923801
vt 20.016899 -38.906898
vt 20.067699 -38.906898
vt 20.067699 -38.923801
vt 20.135401 -38.906898
vt 20.186199 -38.889999
vt 20.186199 -38.906898
vt 20.135401 -38.923801
vt 20.220100 -38.906898
vt 20.186199 -38.991501
vt 20.101601 -38.991501
vt 20.084600 -38.991501
vt 20.203100 -38.991501
vt 20.135401 -39.093102
vt 20.118500 -39.093102
vt 20.220100 -39.110001
vt 20.135401 -39.110001
vt 20.101601 -39.093102
vt 20.067699 -38.991501
vt 19.813801 -38.974602
vt 19.763000 -38.889999
vt 20.237000 -39.110001
vt 20.203100 -39.008499
vt 20.220100 -39.008499
vt 19.763000 -38.940800
vt 19.796900 -38.974602
vt 20.118500 -38.923801
vt 20.237000 -38.906898
vt 20.203100 -39.110001
vt 20.186199 -39.008499
vt 20.186199 -38.923801
vt 27.993099 -49.006901
vt 27.993099 -49.002300
vt 27.988600 -49.006901
vt 27.993099 -48.997700
vt 27.988600 -48.993099
vt 27.993099 -48.993099
vt 28.006901 -49.002300
vt 28.006901 -48.997700
vt 28.011400 -49.006901
vt 28.011400 -48.993099
vt 28.006901 -49.006901
vt 28.006901 -48.993099
vt 28.006901 -49.011398
vt 27.988600 -49.011398
vt 28.006901 -48.988602
vt 27.988600 -48.988602
vt 27.993099 -49.011398
vt 27.988600 -49.015999
vt 27.993099 -49.015999
vt 28.011400 -49.011398
vt 27.993099 -48.984001
vt 27.993099 -48.988602
vt 27.988600 -48.984001
vt 28.011400 -48.988602
vt 28.006901 -49.015999
vt 28.006901 -48.984001
vt 28.002300 -48.993099
vt 27.997700 -48.993099
vt 28.002300 -49.006901
vt 27.997700 -49.006901
vt 27.983999 -48.993099
vt 27.983999 -48.988602
vt 28.016001 -48.993099
vt 28.016001 -48.988602
vt 27.983999 -49.006901
vt 28.016001 -49.006901
vt 28.011400 -49.015999
vt 28.011400 -48.984001
vt 27.997700 -49.011398
vt 28.002300 -49.015999
vt 28.002300 -49.011398
vt 27.997700 -49.015999
vt 27.997700 -48.984001
vt 28.002300 -48.988602
vt 28.002300 -48.984001
vt 27.997700 -48.988602
vt 27.983999 -48.997700
vt 27.988600 -49.002300
vt 27.988600 -48.997700
vt 27.983999 -49.002300
vt 28.011400 -48.997700
vt 28.016001 -49.002300
vt 28.016001 -48.997700
vt 28.011400 -49.002300
vt 4.000730 -53.004700
vt 4.002130 -53.007900
vt 4.002130 -53.004700
vt 3.999340 -53.007900
vt 4.003470 -53.004700
vt 4.003470 -53.002201
vt 3.997740 -53.006401
vt 3.997740 -53.004700
vt 3.995030 -53.009399
vt 3.999340 -53.009399
vt 3.995030 -53.006401
vt 4.002130 -53.000702
vt 4.000730 -53.000702
vt 4.004970 -53.000000
vt 4.004970 -53.002201
vt 4.002130 -53.000000
vt 4.002130 -52.999298
vt 4.003470 -52.997799
vt 4.004970 -52.997799
vt 4.002130 -52.995300
vt 4.003470 -52.995300
vt 4.000730 -52.995300
vt 4.000730 -52.999298
vt 4.002130 -52.992100
vt 3.999340 -52.992100
vt 3.997740 -52.993599
vt 3.997740 -52.995300
vt 3.995030 -52.990601
vt 3.995030 -52.993599
vt 3.999340 -52.990601
vt 4.001530 -52.994999
vt 3.998470 -52.999298
vt 4.001530 -52.999298
vt 3.998470 -52.994999
vt 3.998470 -53.002102
vt 4.001530 -53.002102
vt 3.998470 -53.003502
vt 4.001530 -53.003502
vt 3.998470 -53.005001
vt 4.001530 -53.005001
vt 3.998470 -53.000702
vt 4.001530 -53.000702
vt 4.001530 -52.997700
vt 3.998470 -52.997700
vt 4.001530 -53.004700
vt 3.998470 -53.004700
vt 4.001530 -53.006401
vt 3.998470 -53.006401
vt 3.998470 -52.995300
vt 4.001530 -52.995300
vt 4.001530 -52.993599
vt 3.998470 -52.993599
vt 4.001530 -53.000000
vt 3.998470 -53.000000
vt 4.000660 -53.007900
vt 3.999270 -53.004700
vt 3.997870 -53.007900
vt 3.997870 -53.004700
vt 4.002260 -53.006401
vt 4.002260 -53.004700
vt 4.004970 -53.009399
vt 4.004970 -53.006401
vt 4.000660 -53.009399
vt 3.997870 -53.000702
vt 3.999270 -53.000702
vt 3.996530 -53.002201
vt 3.996530 -53.004700
vt 3.995030 -53.000000
vt 3.995030 -53.002201
vt 3.997870 -53.000000
vt 3.997870 -52.999298
vt 3.996530 -52.997799
vt 3.995030 -52.997799
vt 3.997870 -52.995300
vt 3.996530 -52.995300
vt 3.999270 -52.995300
vt 3.999270 -52.999298
vt 3.997870 -52.992100
vt 4.000660 -52.992100
vt 4.002260 -52.993599
vt 4.002260 -52.995300
vt 4.004970 -52.990601
vt 4.000660 -52.990601
vt 4.004970 -52.993599
vt 4.001530 -53.002201
vt 3.998470 -53.002201
vt 4.001530 -52.997799
vt 3.998470 -52.997799
vt 4.001530 -52.992100
vt 3.998470 -52.992100
vt 4.001530 -53.007900
vt 3.998470 -53.007900
vt 3.998470 -53.009399
vt 4.001530 -53.009399
vt 3.998470 -52.990601
vt 4.001530 -52.990601
s 1
usemtl Meshpart1Mtl.001
f 3509/1/1 3510/2/2 3/2/3 1/1/4
f 3510/2/2 3509/1/1 2/1/5 4/2/6
f 3510/2/2 3511/3/7 5/3/8 3/2/3
f 3511/3/7 3510/2/2 4/2/6 6/3/9
f 3511/3/7 3509/1/1 1/1/4 5/3/8
f 3509/1/1 3511/3/7 6/3/9 2/1/5
f 3512/1/10 3513/3/11 5/3/8 1/1/4
f 3513/3/11 3512/1/10 2/1/5 6/3/9
f 3513/3/11 3514/4/12 7/4/13 5/3/8
f 3514/4/12 3513/3/11 6/3/9 8/4/14
f 3514/4/12 3512/1/10 1/1/4 7/4/13
f 3512/1/10 3514/4/12 8/4/14 2/1/5
f 3515/5/15 3516/6/2 11/6/3 9/5/16
f 3516/6/2 3515/5/15 10/5/5 12/6/6
f 3516/6/2 3517/7/17 13/7/18 11/6/3
f 3517/7/17 3516/6/2 12/6/6 14/7/9
f 3517/7/17 3515/5/15 9/5/16 13/7/18
f 3515/5/15 3517/7/17 14/7/9 10/5/5
f 3518/5/19 3519/7/20 13/7/18 9/5/16
f 3519/7/20 3518/5/19 10/5/5 14/7/9
f 3519/7/20 3520/8/12 15/8/13 13/7/18
f 3520/8/12 3519/7/20 14/7/9 16/8/14
f 3520/8/12 3518/5/19 9/5/16 15/8/13
f 3518/5/19 3520/8/12 16/8/14 10/5/5
f 3521/9/21 3522/10/22 19/10/23 17/9/24
f 3522/10/22 3521/9/21 18/9/25 20/10/26
f 3522/10/22 3523/11/27 21/11/28 19/10/23
f 3523/11/27 3522/10/22 20/10/26 22/11/29
f 3523/11/27 3521/9/21 17/9/24 21/11/28
f 3521/9/21 3523/11/27 22/11/29 18/9/25
f 3524/9/30 3525/11/31 21/11/28 17/9/24
f 3525/11/31 3524/9/30 18/9/25 22/11/29
f 3525/11/31 3526/12/32 23/12/33 21/11/28
f 3526/12/32 3525/11/31 22/11/29 24/12/34
f 3526/12/32 3524/9/30 17/9/24 23/12/33
f 3524/9/30 3526/12/32 24/12/34 18/9/25
f 3527/6/35 3528/13/36 27/13/37 25/6/16
f 3528/13/36 3527/6/35 26/6/5 28/13/38
f 3528/13/36 3529/14/39 29/14/8 27/13/37
f 3529/14/39 3528/13/36 28/13/38 30/14/9
f 3529/14/39 3527/6/35 25/6/16 29/14/8
f 3527/6/35 3529/14/39 30/14/9 26/6/5
f 3530/6/40 3531/14/41 29/14/8 25/6/16
f 3531/14/41 3530/6/40 26/6/5 30/14/9
f 3531/14/41 3532/7/12 31/7/13 29/14/8
f 3532/7/12 3531/14/41 30/14/9 32/7/14
f 3532/7/12 3530/6/40 25/6/16 31/7/13
f 3530/6/40 3532/7/12 32/7/14 26/6/5
f 3533/2/42 3534/15/2 35/15/3 33/2/16
f 3534/15/2 3533/2/42 34/2/5 36/15/6
f 3534/15/2 3535/16/43 37/16/8 35/15/3
f 3535/16/43 3534/15/2 36/15/6 38/16/9
f 3535/16/43 3533/2/42 33/2/16 37/16/8
f 3533/2/42 3535/16/43 38/16/9 34/2/5
f 3536/2/19 3537/16/44 37/16/8 33/2/16
f 3537/16/44 3536/2/19 34/2/5 38/16/9
f 3537/16/44 3538/3/45 39/3/46 37/16/8
f 3538/3/45 3537/16/44 38/16/9 40/3/47
f 3538/3/45 3536/2/19 33/2/16 39/3/46
f 3536/2/19 3538/3/45 40/3/47 34/2/5
f 3539/17/48 3540/18/49 43/18/50 41/17/51
f 3540/18/49 3539/17/48 42/17/52 44/18/53
f 3540/18/49 3541/15/54 45/15/55 43/18/50
f 3541/15/54 3540/18/49 44/18/53 46/15/56
f 3541/15/54 3539/17/48 41/17/51 45/15/55
f 3539/17/48 3541/15/54 46/15/56 42/17/52
f 3542/15/57 3543/18/44 43/18/50 45/15/55
f 3543/18/44 3542/15/57 46/15/56 44/18/53
f 3543/18/44 3544/16/58 47/16/59 43/18/50
f 3544/16/58 3543/18/44 44/18/53 48/16/60
f 3544/16/58 3542/15/57 45/15/55 47/16/59
f 3542/15/57 3544/16/58 48/16/60 46/15/56
f 3545/12/61 3546/17/62 41/17/51 49/12/63
f 3546/17/62 3545/12/61 50/12/64 42/17/52
f 3546/17/62 3547/15/65 45/15/55 41/17/51
f 3547/15/65 3546/17/62 42/17/52 46/15/56
f 3547/15/65 3545/12/61 49/12/63 45/15/55
f 3545/12/61 3547/15/65 46/15/56 50/12/64
f 3548/17/66 3549/12/67 49/12/63 41/17/51
f 3549/12/67 3548/17/66 42/17/52 50/12/64
f 3549/12/67 3550/11/68 51/11/69 49/12/63
f 3550/11/68 3549/12/67 50/12/64 52/11/70
f 3550/11/68 3548/17/66 41/17/51 51/11/69
f 3548/17/66 3550/11/68 52/11/70 42/17/52
f 3551/11/71 3552/19/72 53/19/73 51/11/69
f 3552/19/72 3551/11/71 52/11/70 54/19/74
f 3552/19/72 3553/17/75 41/17/51 53/19/73
f 3553/17/75 3552/19/72 54/19/74 42/17/52
f 3553/17/75 3551/11/71 51/11/69 41/17/51
f 3551/11/71 3553/17/75 42/17/52 52/11/70
f 3554/10/76 3555/20/77 57/20/78 55/10/79
f 3555/20/77 3554/10/76 56/10/80 58/20/81
f 3555/20/77 3556/11/82 51/11/83 57/20/78
f 3556/11/82 3555/20/77 58/20/81 52/11/84
f 3556/11/82 3554/10/76 55/10/79 51/11/83
f 3554/10/76 3556/11/82 52/11/84 56/10/80
f 3557/21/85 3558/20/86 57/20/78 59/21/87
f 3558/20/86 3557/21/85 60/21/88 58/20/81
f 3558/20/86 3559/10/89 55/10/79 57/20/78
f 3559/10/89 3558/20/86 58/20/81 56/10/80
f 3559/10/89 3557/21/85 59/21/87 55/10/79
f 3557/21/85 3559/10/89 56/10/80 60/21/88
f 3560/10/17 3561/22/90 61/22/91 55/10/92
f 3561/22/90 3560/10/17 56/10/93 62/22/94
f 3561/22/90 3562/23/2 63/23/95 61/22/91
f 3562/23/2 3561/22/90 62/22/94 64/23/96
f 3562/23/2 3560/10/17 55/10/92 63/23/95
f 3560/10/17 3562/23/2 64/23/96 56/10/93
f 3563/22/97 3564/10/98 55/10/92 61/22/91
f 3564/10/98 3563/22/97 62/22/94 56/10/93
f 3564/10/98 3565/9/99 65/9/100 55/10/92
f 3565/9/99 3564/10/98 56/10/93 66/9/101
f 3565/9/99 3563/22/97 61/22/91 65/9/100
f 3563/22/97 3565/9/99 66/9/101 62/22/94
f 3566/22/102 3567/9/103 65/9/100 61/22/91
f 3567/9/103 3566/22/102 62/22/94 66/9/101
f 3567/9/103 3568/14/104 67/14/105 65/9/100
f 3568/14/104 3567/9/103 66/9/101 68/14/106
f 3568/14/104 3566/22/102 61/22/91 67/14/105
f 3566/22/102 3568/14/104 68/14/106 62/22/94
f 3569/14/107 3570/24/108 69/24/109 67/14/105
f 3570/24/108 3569/14/107 68/14/106 70/24/110
f 3570/24/108 3571/22/111 61/22/91 69/24/109
f 3571/22/111 3570/24/108 70/24/110 62/22/94
f 3571/22/111 3569/14/107 67/14/105 61/22/91
f 3569/14/107 3571/22/111 62/22/94 68/14/106
f 3572/24/112 3573/14/113 67/14/105 69/24/109
f 3573/14/113 3572/24/112 70/24/110 68/14/106
f 3573/14/113 3574/13/114 71/13/115 67/14/105
f 3574/13/114 3573/14/113 68/14/106 72/13/116
f 3574/13/114 3572/24/112 69/24/109 71/13/115
f 3572/24/112 3574/13/114 72/13/116 70/24/110
f 3575/25/117 3576/26/118 75/26/119 73/25/120
f 3576/26/118 3575/25/117 74/25/121 76/26/122
f 3576/26/118 3577/24/123 77/24/124 75/26/119
f 3577/24/123 3576/26/118 76/26/122 78/24/125
f 3577/24/123 3575/25/117 73/25/120 77/24/124
f 3575/25/117 3577/24/123 78/24/125 74/25/121
f 3578/24/126 3579/26/127 75/26/119 77/24/124
f 3579/26/127 3578/24/126 78/24/125 76/26/122
f 3579/26/127 3580/18/128 79/18/129 75/26/119
f 3580/18/128 3579/26/127 76/26/122 80/18/130
f 3580/18/128 3578/24/126 77/24/124 79/18/129
f 3578/24/126 3580/18/128 80/18/130 78/24/125
f 3581/14/131 3582/15/132 83/15/133 81/14/134
f 3582/15/132 3581/14/131 82/14/135 84/15/136
f 3582/15/132 3583/7/137 85/7/138 83/15/133
f 3583/7/137 3582/15/132 84/15/136 86/7/139
f 3583/7/137 3581/14/131 81/14/134 85/7/138
f 3581/14/131 3583/7/137 86/7/139 82/14/135
f 3584/7/140 3585/15/141 83/15/133 85/7/138
f 3585/15/141 3584/7/140 86/7/139 84/15/136
f 3585/15/141 3586/2/142 87/2/143 83/15/133
f 3586/2/142 3585/15/141 84/15/136 88/2/144
f 3586/2/142 3584/7/140 85/7/138 87/2/143
f 3584/7/140 3586/2/142 88/2/144 86/7/139
f 3587/25/145 3588/7/146 91/7/147 89/25/148
f 3588/7/146 3587/25/145 90/25/149 92/7/150
f 3588/7/146 3589/6/151 93/6/152 91/7/147
f 3589/6/151 3588/7/146 92/7/150 94/6/153
f 3589/6/151 3587/25/145 89/25/148 93/6/152
f 3587/25/145 3589/6/151 94/6/153 90/25/149
f 3590/25/154 3591/2/155 95/2/156 89/25/148
f 3591/2/155 3590/25/154 90/25/149 96/2/157
f 3591/2/155 3592/7/158 91/7/147 95/2/156
f 3592/7/158 3591/2/155 96/2/157 92/7/150
f 3592/7/158 3590/25/154 89/25/148 91/7/147
f 3590/25/154 3592/7/158 92/7/150 90/25/149
f 3593/2/159 3594/25/160 89/25/148 95/2/156
f 3594/25/160 3593/2/159 96/2/157 90/25/149
f 3594/25/160 3595/26/161 97/26/162 89/25/148
f 3595/26/161 3594/25/160 90/25/149 98/26/163
f 3595/26/161 3593/2/159 95/2/156 97/26/162
f 3593/2/159 3595/26/161 98/26/163 96/2/157
f 3596/26/164 3597/3/165 99/3/166 97/26/162
f 3597/3/165 3596/26/164 98/26/163 100/3/167
f 3597/3/165 3598/2/168 95/2/156 99/3/166
f 3598/2/168 3597/3/165 100/3/167 96/2/157
f 3598/2/168 3596/26/164 97/26/162 95/2/156
f 3596/26/164 3598/2/168 96/2/157 98/26/163
f 3599/7/169 3600/2/170 95/2/156 91/7/147
f 3600/2/170 3599/7/169 92/7/150 96/2/157
f 3600/2/170 3601/1/171 101/1/172 95/2/156
f 3601/1/171 3600/2/170 96/2/157 102/1/173
f 3601/1/171 3599/7/169 91/7/147 101/1/172
f 3599/7/169 3601/1/171 102/1/173 92/7/150
f 3602/1/174 3603/8/175 103/8/176 101/1/172
f 3603/8/175 3602/1/174 102/1/173 104/8/177
f 3603/8/175 3604/7/178 91/7/147 103/8/176
f 3604/7/178 3603/8/175 104/8/177 92/7/150
f 3604/7/178 3602/1/174 101/1/172 91/7/147
f 3602/1/174 3604/7/178 92/7/150 102/1/173
f 3605/22/179 3606/11/180 107/11/181 105/22/182
f 3606/11/180 3605/22/179 106/22/183 108/11/184
f 3606/11/180 3607/17/185 109/17/186 107/11/181
f 3607/17/185 3606/11/180 108/11/184 110/17/187
f 3607/17/185 3605/22/179 105/22/182 109/17/186
f 3605/22/179 3607/17/185 110/17/187 106/22/183
f 3608/27/188 3609/17/189 109/17/186 111/27/190
f 3609/17/189 3608/27/188 112/27/191 110/17/187
f 3609/17/189 3610/11/192 107/11/181 109/17/186
f 3610/11/192 3609/17/189 110/17/187 108/11/184
f 3610/11/192 3608/27/188 111/27/190 107/11/181
f 3608/27/188 3610/11/192 108/11/184 112/27/191
f 3611/27/193 3612/11/194 107/11/181 111/27/190
f 3612/11/194 3611/27/193 112/27/191 108/11/184
f 3612/11/194 3613/28/195 113/28/196 107/11/181
f 3613/28/195 3612/11/194 108/11/184 114/28/197
f 3613/28/195 3611/27/193 111/27/190 113/28/196
f 3611/27/193 3613/28/195 114/28/197 112/27/191
f 3614/11/198 3615/22/199 105/22/182 107/11/181
f 3615/22/199 3614/11/198 108/11/184 106/22/183
f 3615/22/199 3616/10/200 115/10/201 105/22/182
f 3616/10/200 3615/22/199 106/22/183 116/10/202
f 3616/10/200 3614/11/198 107/11/181 115/10/201
f 3614/11/198 3616/10/200 116/10/202 108/11/184
f 3617/22/203 3618/29/204 117/29/205 105/22/182
f 3618/29/204 3617/22/203 106/22/183 118/29/206
f 3618/29/204 3619/10/207 115/10/201 117/29/205
f 3619/10/207 3618/29/204 118/29/206 116/10/202
f 3619/10/207 3617/22/203 105/22/182 115/10/201
f 3617/22/203 3619/10/207 116/10/202 106/22/183
f 3620/10/208 3621/29/209 117/29/205 115/10/201
f 3621/29/209 3620/10/208 116/10/202 118/29/206
f 3621/29/209 3622/30/210 119/30/211 117/29/205
f 3622/30/210 3621/29/209 118/29/206 120/30/212
f 3622/30/210 3620/10/208 115/10/201 119/30/211
f 3620/10/208 3622/30/210 120/30/212 116/10/202
f 3623/31/213 3624/32/214 123/32/215 121/31/216
f 3624/32/214 3623/31/213 122/31/217 124/32/218
f 3624/32/214 3625/33/219 125/33/220 123/32/215
f 3625/33/219 3624/32/214 124/32/218 126/33/221
f 3625/33/219 3623/31/213 121/31/216 125/33/220
f 3623/31/213 3625/33/219 126/33/221 122/31/217
f 3626/34/222 3627/33/223 125/33/220 127/34/224
f 3627/33/223 3626/34/222 128/34/225 126/33/221
f 3627/33/223 3628/32/226 123/32/215 125/33/220
f 3628/32/226 3627/33/223 126/33/221 124/32/218
f 3628/32/226 3626/34/222 127/34/224 123/32/215
f 3626/34/222 3628/32/226 124/32/218 128/34/225
f 3629/35/227 3630/36/228 131/36/215 129/35/216
f 3630/36/228 3629/35/227 130/35/217 132/36/218
f 3630/36/228 3631/37/219 133/37/220 131/36/215
f 3631/37/219 3630/36/228 132/36/218 134/37/221
f 3631/37/219 3629/35/227 129/35/216 133/37/220
f 3629/35/227 3631/37/219 134/37/221 130/35/217
f 3632/38/222 3633/37/223 133/37/220 135/38/224
f 3633/37/223 3632/38/222 136/38/225 134/37/221
f 3633/37/223 3634/36/226 131/36/215 133/37/220
f 3634/36/226 3633/37/223 134/37/221 132/36/218
f 3634/36/226 3632/38/222 135/38/224 131/36/215
f 3632/38/222 3634/36/226 132/36/218 136/38/225
f 3635/39/229 3636/40/230 139/40/231 137/39/232
f 3636/40/230 3635/39/229 138/39/233 140/40/234
f 3636/40/230 3637/41/235 141/41/236 139/40/231
f 3637/41/235 3636/40/230 140/40/234 142/41/237
f 3637/41/235 3635/39/229 137/39/232 141/41/236
f 3635/39/229 3637/41/235 142/41/237 138/39/233
f 3638/40/238 3639/42/239 143/42/240 139/40/231
f 3639/42/239 3638/40/238 140/40/234 144/42/241
f 3639/42/239 3640/41/242 141/41/236 143/42/240
f 3640/41/242 3639/42/239 144/42/241 142/41/237
f 3640/41/242 3638/40/238 139/40/231 141/41/236
f 3638/40/238 3640/41/242 142/41/237 140/40/234
f 3641/43/243 3642/44/244 147/44/245 145/43/232
f 3642/44/244 3641/43/243 146/43/233 148/44/246
f 3642/44/244 3643/39/247 149/39/248 147/44/245
f 3643/39/247 3642/44/244 148/44/246 150/39/249
f 3643/39/247 3641/43/243 145/43/232 149/39/248
f 3641/43/243 3643/39/247 150/39/249 146/43/233
f 3644/44/250 3645/40/251 151/40/252 147/44/245
f 3645/40/251 3644/44/250 148/44/246 152/40/253
f 3645/40/251 3646/39/254 149/39/248 151/40/252
f 3646/39/254 3645/40/251 152/40/253 150/39/249
f 3646/39/254 3644/44/250 147/44/245 149/39/248
f 3644/44/250 3646/39/254 150/39/249 148/44/246
f 3647/45/255 3648/39/256 149/39/257 153/45/258
f 3648/39/256 3647/45/255 154/45/259 150/39/260
f 3648/39/256 3649/46/261 155/46/262 149/39/257
f 3649/46/261 3648/39/256 150/39/260 156/46/263
f 3649/46/261 3647/45/255 153/45/258 155/46/262
f 3647/45/255 3649/46/261 156/46/263 154/45/259
f 3650/39/264 3651/41/239 157/41/240 149/39/257
f 3651/41/239 3650/39/264 150/39/260 158/41/265
f 3651/41/239 3652/46/266 155/46/262 157/41/240
f 3652/46/266 3651/41/239 158/41/265 156/46/263
f 3652/46/266 3650/39/264 149/39/257 155/46/262
f 3650/39/264 3652/46/266 156/46/263 150/39/260
f 3653/41/267 3654/42/268 159/42/269 157/41/270
f 3654/42/268 3653/41/267 158/41/271 160/42/272
f 3654/42/268 3655/47/273 161/47/274 159/42/269
f 3655/47/273 3654/42/268 160/42/272 162/47/275
f 3655/47/273 3653/41/267 157/41/270 161/47/274
f 3653/41/267 3655/47/273 162/47/275 158/41/271
f 3656/42/276 3657/48/277 163/48/278 159/42/269
f 3657/48/277 3656/42/276 160/42/272 164/48/279
f 3657/48/277 3658/47/280 161/47/274 163/48/278
f 3658/47/280 3657/48/277 164/48/279 162/47/275
f 3658/47/280 3656/42/276 159/42/269 161/47/274
f 3656/42/276 3658/47/280 162/47/275 160/42/272
f 3659/40/281 3660/49/282 165/49/283 151/40/284
f 3660/49/282 3659/40/281 152/40/285 166/49/286
f 3660/49/282 3661/42/287 159/42/288 165/49/283
f 3661/42/287 3660/49/282 166/49/286 160/42/289
f 3661/42/287 3659/40/281 151/40/284 159/42/288
f 3659/40/281 3661/42/287 160/42/289 152/40/285
f 3662/50/277 3663/42/290 159/42/288 167/50/291
f 3663/42/290 3662/50/277 168/50/292 160/42/289
f 3663/42/290 3664/49/293 165/49/283 159/42/288
f 3664/49/293 3663/42/290 160/42/289 166/49/286
f 3664/49/293 3662/50/277 167/50/291 165/49/283
f 3662/50/277 3664/49/293 166/49/286 168/50/292
f 3665/51/294 3666/52/295 171/52/296 169/51/297
f 3666/52/295 3665/51/294 170/51/298 172/52/299
f 3666/52/295 3667/53/300 173/53/301 171/52/296
f 3667/53/300 3666/52/295 172/52/299 174/53/302
f 3667/53/300 3665/51/294 169/51/297 173/53/301
f 3665/51/294 3667/53/300 174/53/302 170/51/298
f 3668/53/303 3669/54/304 175/54/305 173/53/301
f 3669/54/304 3668/53/303 174/53/302 176/54/306
f 3669/54/304 3670/51/307 169/51/297 175/54/305
f 3670/51/307 3669/54/304 176/54/306 170/51/298
f 3670/51/307 3668/53/303 173/53/301 169/51/297
f 3668/53/303 3670/51/307 170/51/298 174/53/302
f 3671/55/308 3672/56/295 179/56/296 177/55/297
f 3672/56/295 3671/55/308 178/55/298 180/56/299
f 3672/56/295 3673/57/300 181/57/301 179/56/296
f 3673/57/300 3672/56/295 180/56/299 182/57/302
f 3673/57/300 3671/55/308 177/55/297 181/57/301
f 3671/55/308 3673/57/300 182/57/302 178/55/298
f 3674/57/303 3675/58/304 183/58/305 181/57/301
f 3675/58/304 3674/57/303 182/57/302 184/58/306
f 3675/58/304 3676/55/307 177/55/297 183/58/305
f 3676/55/307 3675/58/304 184/58/306 178/55/298
f 3676/55/307 3674/57/303 181/57/301 177/55/297
f 3674/57/303 3676/55/307 178/55/298 182/57/302
f 3677/59/309 3678/60/310 187/60/311 185/59/312
f 3678/60/310 3677/59/309 186/59/313 188/60/314
f 3678/60/310 3679/33/315 189/33/316 187/60/311
f 3679/33/315 3678/60/310 188/60/314 190/33/317
f 3679/33/315 3677/59/309 185/59/312 189/33/316
f 3677/59/309 3679/33/315 190/33/317 186/59/313
f 3680/31/318 3681/33/319 189/33/316 191/31/320
f 3681/33/319 3680/31/318 192/31/321 190/33/317
f 3681/33/319 3682/60/322 187/60/311 189/33/316
f 3682/60/322 3681/33/319 190/33/317 188/60/314
f 3682/60/322 3680/31/318 191/31/320 187/60/311
f 3680/31/318 3682/60/322 188/60/314 192/31/321
f 3683/59/323 3684/33/324 189/33/316 185/59/312
f 3684/33/324 3683/59/323 186/59/313 190/33/317
f 3684/33/324 3685/35/325 193/35/326 189/33/316
f 3685/35/325 3684/33/324 190/33/317 194/35/327
f 3685/35/325 3683/59/323 185/59/312 193/35/326
f 3683/59/323 3685/35/325 194/35/327 186/59/313
f 3686/35/328 3687/37/329 195/37/330 193/35/326
f 3687/37/329 3686/35/328 194/35/327 196/37/331
f 3687/37/329 3688/59/332 185/59/312 195/37/330
f 3688/59/332 3687/37/329 196/37/331 186/59/313
f 3688/59/332 3686/35/328 193/35/326 185/59/312
f 3686/35/328 3688/59/332 186/59/313 194/35/327
f 3689/33/333 3690/36/334 197/36/335 189/33/316
f 3690/36/334 3689/33/333 190/33/317 198/36/336
f 3690/36/334 3691/35/337 193/35/326 197/36/335
f 3691/35/337 3690/36/334 198/36/336 194/35/327
f 3691/35/337 3689/33/333 189/33/316 193/35/326
f 3689/33/333 3691/35/337 194/35/327 190/33/317
f 3692/36/338 3693/33/339 189/33/316 197/36/335
f 3693/33/339 3692/36/338 198/36/336 190/33/317
f 3693/33/339 3694/34/340 199/34/341 189/33/316
f 3694/34/340 3693/33/339 190/33/317 200/34/342
f 3694/34/340 3692/36/338 197/36/335 199/34/341
f 3692/36/338 3694/34/340 200/34/342 198/36/336
f 3695/44/343 3696/56/344 203/56/345 201/44/346
f 3696/56/344 3695/44/343 202/44/347 204/56/348
f 3696/56/344 3697/49/349 205/49/350 203/56/345
f 3697/49/349 3696/56/344 204/56/348 206/49/351
f 3697/49/349 3695/44/343 201/44/346 205/49/350
f 3695/44/343 3697/49/349 206/49/351 202/44/347
f 3698/49/352 3699/40/353 207/40/354 205/49/350
f 3699/40/353 3698/49/352 206/49/351 208/40/355
f 3699/40/353 3700/44/356 201/44/346 207/40/354
f 3700/44/356 3699/40/353 208/40/355 202/44/347
f 3700/44/356 3698/49/352 205/49/350 201/44/346
f 3698/49/352 3700/44/356 202/44/347 206/49/351
f 3701/61/357 3702/56/358 203/56/345 209/61/359
f 3702/56/358 3701/61/357 210/61/360 204/56/348
f 3702/56/358 3703/44/361 201/44/346 203/56/345
f 3703/44/361 3702/56/358 204/56/348 202/44/347
f 3703/44/361 3701/61/357 209/61/359 201/44/346
f 3701/61/357 3703/44/361 202/44/347 210/61/360
f 3704/61/362 3705/44/363 201/44/346 209/61/359
f 3705/44/363 3704/61/362 210/61/360 202/44/347
f 3705/44/363 3706/43/364 211/43/365 201/44/346
f 3706/43/364 3705/44/363 202/44/347 212/43/366
f 3706/43/364 3704/61/362 209/61/359 211/43/365
f 3704/61/362 3706/43/364 212/43/366 210/61/360
f 3707/56/367 3708/50/368 213/50/369 203/56/345
f 3708/50/368 3707/56/367 204/56/348 214/50/370
f 3708/50/368 3709/49/371 205/49/350 213/50/369
f 3709/49/371 3708/50/368 214/50/370 206/49/351
f 3709/49/371 3707/56/367 203/56/345 205/49/350
f 3707/56/367 3709/49/371 206/49/351 204/56/348
f 3710/50/372 3711/56/373 203/56/345 213/50/369
f 3711/56/373 3710/50/372 214/50/370 204/56/348
f 3711/56/373 3712/55/374 215/55/375 203/56/345
f 3712/55/374 3711/56/373 204/56/348 216/55/376
f 3712/55/374 3710/50/372 213/50/369 215/55/375
f 3710/50/372 3712/55/374 216/55/376 214/50/370
f 3713/55/377 3714/48/378 217/48/379 215/55/375
f 3714/48/378 3713/55/377 216/55/376 218/48/380
f 3714/48/378 3715/50/381 213/50/369 217/48/379
f 3715/50/381 3714/48/378 218/48/380 214/50/370
f 3715/50/381 3713/55/377 215/55/375 213/50/369
f 3713/55/377 3715/50/381 214/50/370 216/55/376
f 3716/50/382 3717/48/383 217/48/379 213/50/369
f 3717/48/383 3716/50/382 214/50/370 218/48/380
f 3717/48/383 3718/42/384 219/42/385 217/48/379
f 3718/42/384 3717/48/383 218/48/380 220/42/386
f 3718/42/384 3716/50/382 213/50/369 219/42/385
f 3716/50/382 3718/42/384 220/42/386 214/50/370
f 3719/48/387 3720/55/388 215/55/375 217/48/379
f 3720/55/388 3719/48/387 218/48/380 216/55/376
f 3720/55/388 3721/62/389 221/62/390 215/55/375
f 3721/62/389 3720/55/388 216/55/376 222/62/391
f 3721/62/389 3719/48/387 217/48/379 221/62/390
f 3719/48/387 3721/62/389 222/62/391 218/48/380
f 3722/62/392 3723/47/393 223/47/394 221/62/390
f 3723/47/393 3722/62/392 222/62/391 224/47/395
f 3723/47/393 3724/48/396 217/48/379 223/47/394
f 3724/48/396 3723/47/393 224/47/395 218/48/380
f 3724/48/396 3722/62/392 221/62/390 217/48/379
f 3722/62/392 3724/48/396 218/48/380 222/62/391
f 3725/60/397 3726/59/329 227/59/398 225/60/399
f 3726/59/329 3725/60/397 226/60/400 228/59/401
f 3726/59/329 3727/63/402 229/63/403 227/59/398
f 3727/63/402 3726/59/329 228/59/401 230/63/404
f 3727/63/402 3725/60/397 225/60/399 229/63/403
f 3725/60/397 3727/63/402 230/63/404 226/60/400
f 3728/63/405 3729/64/406 231/64/407 229/63/403
f 3729/64/406 3728/63/405 230/63/404 232/64/408
f 3729/64/406 3730/60/409 225/60/399 231/64/407
f 3730/60/409 3729/64/406 232/64/408 226/60/400
f 3730/60/409 3728/63/405 229/63/403 225/60/399
f 3728/63/405 3730/60/409 226/60/400 230/63/404
f 3731/59/410 3732/38/411 233/38/412 227/59/413
f 3732/38/411 3731/59/410 228/59/414 234/38/415
f 3732/38/411 3733/65/416 235/65/417 233/38/412
f 3733/65/416 3732/38/411 234/38/415 236/65/418
f 3733/65/416 3731/59/410 227/59/413 235/65/417
f 3731/59/410 3733/65/416 236/65/418 228/59/414
f 3734/53/419 3735/65/420 235/65/417 237/53/421
f 3735/65/420 3734/53/419 238/53/422 236/65/418
f 3735/65/420 3736/38/423 233/38/412 235/65/417
f 3736/38/423 3735/65/420 236/65/418 234/38/415
f 3736/38/423 3734/53/419 237/53/421 233/38/412
f 3734/53/419 3736/38/423 234/38/415 238/53/422
f 3737/53/424 3738/38/425 233/38/412 237/53/421
f 3738/38/425 3737/53/424 238/53/422 234/38/415
f 3738/38/425 3739/54/426 239/54/427 233/38/412
f 3739/54/426 3738/38/425 234/38/415 240/54/428
f 3739/54/426 3737/53/424 237/53/421 239/54/427
f 3737/53/424 3739/54/426 240/54/428 238/53/422
f 3740/38/429 3741/32/430 241/32/431 233/38/412
f 3741/32/430 3740/38/429 234/38/415 242/32/432
f 3741/32/430 3742/54/433 239/54/427 241/32/431
f 3742/54/433 3741/32/430 242/32/432 240/54/428
f 3742/54/433 3740/38/429 233/38/412 239/54/427
f 3740/38/429 3742/54/433 240/54/428 234/38/415
f 3743/66/434 3744/32/435 241/32/431 243/66/436
f 3744/32/435 3743/66/434 244/66/437 242/32/432
f 3744/32/435 3745/60/438 225/60/439 241/32/431
f 3745/60/438 3744/32/435 242/32/432 226/60/440
f 3745/60/438 3743/66/434 243/66/436 225/60/439
f 3743/66/434 3745/60/438 226/60/440 244/66/437
f 3746/66/441 3747/54/442 239/54/427 243/66/436
f 3747/54/442 3746/66/441 244/66/437 240/54/428
f 3747/54/442 3748/32/443 241/32/431 239/54/427
f 3748/32/443 3747/54/442 240/54/428 242/32/432
f 3748/32/443 3746/66/441 243/66/436 241/32/431
f 3746/66/441 3748/32/443 242/32/432 244/66/437
f 3749/67/255 3750/61/444 247/61/231 245/67/232
f 3750/61/444 3749/67/255 246/67/445 248/61/446
f 3750/61/444 3751/68/447 249/68/448 247/61/231
f 3751/68/447 3750/61/444 248/61/446 250/68/449
f 3751/68/447 3749/67/255 245/67/232 249/68/448
f 3749/67/255 3751/68/447 250/68/449 246/67/445
f 3752/61/450 3753/43/251 251/43/240 247/61/231
f 3753/43/251 3752/61/450 248/61/446 252/43/265
f 3753/43/251 3754/68/266 249/68/448 251/43/240
f 3754/68/266 3753/43/251 252/43/265 250/68/449
f 3754/68/266 3752/61/450 247/61/231 249/68/448
f 3752/61/450 3754/68/266 250/68/449 248/61/446
f 3755/65/229 3756/69/451 255/69/231 253/65/452
f 3756/69/451 3755/65/229 254/65/453 256/69/446
f 3756/69/451 3757/59/454 257/59/448 255/69/231
f 3757/59/454 3756/69/451 256/69/446 258/59/449
f 3757/59/454 3755/65/229 253/65/452 257/59/448
f 3755/65/229 3757/59/454 258/59/449 254/65/453
f 3758/69/238 3759/63/251 259/63/240 255/69/231
f 3759/63/251 3758/69/238 256/69/446 260/63/265
f 3759/63/251 3760/59/455 257/59/448 259/63/240
f 3760/59/455 3759/63/251 260/63/265 258/59/449
f 3760/59/455 3758/69/238 255/69/231 257/59/448
f 3758/69/238 3760/59/455 258/59/449 256/69/446
f 3761/60/229 3762/64/451 263/64/231 261/60/452
f 3762/64/451 3761/60/229 262/60/453 264/64/446
f 3762/64/451 3763/66/454 265/66/448 263/64/231
f 3763/66/454 3762/64/451 264/64/446 266/66/449
f 3763/66/454 3761/60/229 261/60/452 265/66/448
f 3761/60/229 3763/66/454 266/66/449 262/60/453
f 3764/64/238 3765/70/251 267/70/240 263/64/231
f 3765/70/251 3764/64/238 264/64/446 268/70/265
f 3765/70/251 3766/66/455 265/66/448 267/70/240
f 3766/66/455 3765/70/251 268/70/265 266/66/449
f 3766/66/455 3764/64/238 263/64/231 265/66/448
f 3764/64/238 3766/66/455 266/66/449 264/64/446
f 3767/71/255 3768/47/444 271/47/456 269/71/232
f 3768/47/444 3767/71/255 270/71/445 272/47/457
f 3768/47/444 3769/72/447 273/72/448 271/47/456
f 3769/72/447 3768/47/444 272/47/457 274/72/449
f 3769/72/447 3767/71/255 269/71/232 273/72/448
f 3767/71/255 3769/72/447 274/72/449 270/71/445
f 3770/47/458 3771/62/239 275/62/459 271/47/456
f 3771/62/239 3770/47/458 272/47/457 276/62/460
f 3771/62/239 3772/72/266 273/72/448 275/62/459
f 3772/72/266 3771/62/239 276/62/460 274/72/449
f 3772/72/266 3770/47/458 271/47/456 273/72/448
f 3770/47/458 3772/72/266 274/72/449 272/47/457
f 3773/73/461 3774/74/462 279/74/463 277/73/464
f 3774/74/462 3773/73/461 278/73/465 280/74/466
f 3774/74/462 3775/52/467 281/52/468 279/74/463
f 3775/52/467 3774/74/462 280/74/466 282/52/469
f 3775/52/467 3773/73/461 277/73/464 281/52/468
f 3773/73/461 3775/52/467 282/52/469 278/73/465
f 3776/57/470 3777/52/471 281/52/468 283/57/472
f 3777/52/471 3776/57/470 284/57/473 282/52/469
f 3777/52/471 3778/74/474 279/74/463 281/52/468
f 3778/74/474 3777/52/471 282/52/469 280/74/466
f 3778/74/474 3776/57/470 283/57/472 279/74/463
f 3776/57/470 3778/74/474 280/74/466 284/57/473
f 3779/75/475 3780/67/476 287/67/477 285/75/478
f 3780/67/476 3779/75/475 286/75/445 288/67/260
f 3780/67/476 3781/76/479 289/76/262 287/67/477
f 3781/76/479 3780/67/476 288/67/260 290/76/263
f 3781/76/479 3779/75/475 285/75/478 289/76/262
f 3779/75/475 3781/76/479 290/76/263 286/75/445
f 3782/67/238 3783/68/480 291/68/481 287/67/477
f 3783/68/480 3782/67/238 288/67/260 292/68/482
f 3783/68/480 3784/76/483 289/76/262 291/68/481
f 3784/76/483 3783/68/480 292/68/482 290/76/263
f 3784/76/483 3782/67/238 287/67/477 289/76/262
f 3782/67/238 3784/76/483 290/76/263 288/67/260
f 3785/77/475 3786/71/484 295/71/477 293/77/478
f 3786/71/484 3785/77/475 294/77/445 296/71/446
f 3786/71/484 3787/78/247 297/78/448 295/71/477
f 3787/78/247 3786/71/484 296/71/446 298/78/449
f 3787/78/247 3785/77/475 293/77/478 297/78/448
f 3785/77/475 3787/78/247 298/78/449 294/77/445
f 3788/71/485 3789/72/480 299/72/481 295/71/477
f 3789/72/480 3788/71/485 296/71/446 300/72/482
f 3789/72/480 3790/78/486 297/78/448 299/72/481
f 3790/78/486 3789/72/480 300/72/482 298/78/449
f 3790/78/486 3788/71/485 295/71/477 297/78/448
f 3788/71/485 3790/78/486 298/78/449 296/71/446
f 3791/51/461 3792/58/462 303/58/463 301/51/464
f 3792/58/462 3791/51/461 302/51/465 304/58/466
f 3792/58/462 3793/79/467 305/79/468 303/58/463
f 3793/79/467 3792/58/462 304/58/466 306/79/469
f 3793/79/467 3791/51/461 301/51/464 305/79/468
f 3791/51/461 3793/79/467 306/79/469 302/51/465
f 3794/80/470 3795/79/471 305/79/468 307/80/472
f 3795/79/471 3794/80/470 308/80/473 306/79/469
f 3795/79/471 3796/58/474 303/58/463 305/79/468
f 3796/58/474 3795/79/471 306/79/469 304/58/466
f 3796/58/474 3794/80/470 307/80/472 303/58/463
f 3794/80/470 3796/58/474 304/58/466 308/80/473
f 3797/81/487 3798/75/488 311/75/489 309/81/490
f 3798/75/488 3797/81/487 310/81/491 312/75/492
f 3798/75/488 3799/69/493 313/69/494 311/75/489
f 3799/69/493 3798/75/488 312/75/492 314/69/495
f 3799/69/493 3797/81/487 309/81/490 313/69/494
f 3797/81/487 3799/69/493 314/69/495 310/81/491
f 3800/59/496 3801/69/497 313/69/494 315/59/498
f 3801/69/497 3800/59/496 316/59/499 314/69/495
f 3801/69/497 3802/63/500 317/63/501 313/69/494
f 3802/63/500 3801/69/497 314/69/495 318/63/502
f 3802/63/500 3800/59/496 315/59/498 317/63/501
f 3800/59/496 3802/63/500 318/63/502 316/59/499
f 3803/59/503 3804/81/504 309/81/490 315/59/498
f 3804/81/504 3803/59/503 316/59/499 310/81/491
f 3804/81/504 3805/69/505 313/69/494 309/81/490
f 3805/69/505 3804/81/504 310/81/491 314/69/495
f 3805/69/505 3803/59/503 315/59/498 313/69/494
f 3803/59/503 3805/69/505 314/69/495 316/59/499
f 3806/35/506 3807/81/507 309/81/490 319/35/508
f 3807/81/507 3806/35/506 320/35/509 310/81/491
f 3807/81/507 3808/59/510 315/59/498 309/81/490
f 3808/59/510 3807/81/507 310/81/491 316/59/499
f 3808/59/510 3806/35/506 319/35/508 315/59/498
f 3806/35/506 3808/59/510 316/59/499 320/35/509
f 3809/59/511 3810/82/512 321/82/513 315/59/498
f 3810/82/512 3809/59/511 316/59/499 322/82/514
f 3810/82/512 3811/35/515 319/35/508 321/82/513
f 3811/35/515 3810/82/512 322/82/514 320/35/509
f 3811/35/515 3809/59/511 315/59/498 319/35/508
f 3809/59/511 3811/35/515 320/35/509 316/59/499
f 3812/81/516 3813/35/517 319/35/508 309/81/490
f 3813/35/517 3812/81/516 310/81/491 320/35/509
f 3813/35/517 3814/83/518 323/83/519 319/35/508
f 3814/83/518 3813/35/517 320/35/509 324/83/520
f 3814/83/518 3812/81/516 309/81/490 323/83/519
f 3812/81/516 3814/83/518 324/83/520 310/81/491
f 3815/33/521 3816/83/522 323/83/519 325/33/523
f 3816/83/522 3815/33/521 326/33/524 324/83/520
f 3816/83/522 3817/35/525 319/35/508 323/83/519
f 3817/35/525 3816/83/522 324/83/520 320/35/509
f 3817/35/525 3815/33/521 325/33/523 319/35/508
f 3815/33/521 3817/35/525 320/35/509 326/33/524
f 3818/84/526 3819/81/527 309/81/490 327/84/528
f 3819/81/527 3818/84/526 328/84/529 310/81/491
f 3819/81/527 3820/83/530 323/83/519 309/81/490
f 3820/83/530 3819/81/527 310/81/491 324/83/520
f 3820/83/530 3818/84/526 327/84/528 323/83/519
f 3818/84/526 3820/83/530 324/83/520 328/84/529
f 3821/83/531 3822/79/532 329/79/533 323/83/519
f 3822/79/532 3821/83/531 324/83/520 330/79/534
f 3822/79/532 3823/84/535 327/84/528 329/79/533
f 3823/84/535 3822/79/532 330/79/534 328/84/529
f 3823/84/535 3821/83/531 323/83/519 327/84/528
f 3821/83/531 3823/84/535 328/84/529 324/83/520
f 3824/75/536 3825/81/537 309/81/490 311/75/489
f 3825/81/537 3824/75/536 312/75/492 310/81/491
f 3825/81/537 3826/85/538 331/85/539 309/81/490
f 3826/85/538 3825/81/537 310/81/491 332/85/540
f 3826/85/538 3824/75/536 311/75/489 331/85/539
f 3824/75/536 3826/85/538 332/85/540 312/75/492
f 3827/75/541 3828/85/542 331/85/539 311/75/489
f 3828/85/542 3827/75/541 312/75/492 332/85/540
f 3828/85/542 3829/45/543 333/45/544 331/85/539
f 3829/45/543 3828/85/542 332/85/540 334/45/545
f 3829/45/543 3827/75/541 311/75/489 333/45/544
f 3827/75/541 3829/45/543 334/45/545 312/75/492
f 3830/75/546 3831/45/547 333/45/544 311/75/489
f 3831/45/547 3830/75/546 312/75/492 334/45/545
f 3831/45/547 3832/86/548 335/86/549 333/45/544
f 3832/86/548 3831/45/547 334/45/545 336/86/550
f 3832/86/548 3830/75/546 311/75/489 335/86/549
f 3830/75/546 3832/86/548 336/86/550 312/75/492
f 3833/45/551 3834/85/552 331/85/539 333/45/544
f 3834/85/552 3833/45/551 334/45/545 332/85/540
f 3834/85/552 3835/87/553 337/87/554 331/85/539
f 3835/87/553 3834/85/552 332/85/540 338/87/555
f 3835/87/553 3833/45/551 333/45/544 337/87/554
f 3833/45/551 3835/87/553 338/87/555 334/45/545
f 3836/87/556 3837/46/557 339/46/558 337/87/554
f 3837/46/557 3836/87/556 338/87/555 340/46/559
f 3837/46/557 3838/45/560 333/45/544 339/46/558
f 3838/45/560 3837/46/557 340/46/559 334/45/545
f 3838/45/560 3836/87/556 337/87/554 333/45/544
f 3836/87/556 3838/45/560 334/45/545 338/87/555
f 3839/88/561 3840/87/562 337/87/554 341/88/563
f 3840/87/562 3839/88/561 342/88/564 338/87/555
f 3840/87/562 3841/85/565 331/85/539 337/87/554
f 3841/85/565 3840/87/562 338/87/555 332/85/540
f 3841/85/565 3839/88/561 341/88/563 331/85/539
f 3839/88/561 3841/85/565 332/85/540 342/88/564
f 3842/87/566 3843/88/567 341/88/563 337/87/554
f 3843/88/567 3842/87/566 338/87/555 342/88/564
f 3843/88/567 3844/89/568 343/89/569 341/88/563
f 3844/89/568 3843/88/567 342/88/564 344/89/570
f 3844/89/568 3842/87/566 337/87/554 343/89/569
f 3842/87/566 3844/89/568 344/89/570 338/87/555
f 3845/86/571 3846/45/572 347/45/573 345/86/574
f 3846/45/572 3845/86/571 346/86/575 348/45/576
f 3846/45/572 3847/46/577 349/46/578 347/45/573
f 3847/46/577 3846/45/572 348/45/576 350/46/579
f 3847/46/577 3845/86/571 345/86/574 349/46/578
f 3845/86/571 3847/46/577 350/46/579 346/86/575
f 3848/86/580 3849/46/581 349/46/578 345/86/574
f 3849/46/581 3848/86/580 346/86/575 350/46/579
f 3849/46/581 3850/90/582 351/90/583 349/46/578
f 3850/90/582 3849/46/581 350/46/579 352/90/584
f 3850/90/582 3848/86/580 345/86/574 351/90/583
f 3848/86/580 3850/90/582 352/90/584 346/86/575
f 3851/46/585 3852/47/586 353/47/587 349/46/588
f 3852/47/586 3851/46/585 350/46/589 354/47/590
f 3852/47/586 3853/71/591 355/71/592 353/47/587
f 3853/71/591 3852/47/586 354/47/590 356/71/593
f 3853/71/591 3851/46/585 349/46/588 355/71/592
f 3851/46/585 3853/71/591 356/71/593 350/46/589
f 3854/46/594 3855/50/595 357/50/596 349/46/588
f 3855/50/595 3854/46/594 350/46/589 358/50/597
f 3855/50/595 3856/47/598 353/47/587 357/50/596
f 3856/47/598 3855/50/595 358/50/597 354/47/590
f 3856/47/598 3854/46/594 349/46/588 353/47/587
f 3854/46/594 3856/47/598 354/47/590 350/46/589
f 3857/91/599 3858/47/600 353/47/587 359/91/601
f 3858/47/600 3857/91/599 360/91/602 354/47/590
f 3858/47/600 3859/50/603 357/50/596 353/47/587
f 3859/50/603 3858/47/600 354/47/590 358/50/597
f 3859/50/603 3857/91/599 359/91/601 357/50/596
f 3857/91/599 3859/50/603 358/50/597 360/91/602
f 3860/47/604 3861/91/605 359/91/601 353/47/587
f 3861/91/605 3860/47/604 354/47/590 360/91/602
f 3861/91/605 3862/62/606 361/62/607 359/91/601
f 3862/62/606 3861/91/605 360/91/602 362/62/608
f 3862/62/606 3860/47/604 353/47/587 361/62/607
f 3860/47/604 3862/62/606 362/62/608 354/47/590
f 3863/92/609 3864/33/610 365/33/611 363/92/612
f 3864/33/610 3863/92/609 364/92/613 366/33/614
f 3864/33/610 3865/31/615 367/31/616 365/33/611
f 3865/31/615 3864/33/610 366/33/614 368/31/617
f 3865/31/615 3863/92/609 363/92/612 367/31/616
f 3863/92/609 3865/31/615 368/31/617 364/92/613
f 3866/92/618 3867/31/619 367/31/616 363/92/612
f 3867/31/619 3866/92/618 364/92/613 368/31/617
f 3867/31/619 3868/93/606 369/93/620 367/31/616
f 3868/93/606 3867/31/619 368/31/617 370/93/621
f 3868/93/606 3866/92/618 363/92/612 369/93/620
f 3866/92/618 3868/93/606 370/93/621 364/92/613
f 3869/93/622 3870/31/623 373/31/624 371/93/625
f 3870/31/623 3869/93/622 372/93/626 374/31/627
f 3870/31/623 3871/94/628 375/94/629 373/31/624
f 3871/94/628 3870/31/623 374/31/627 376/94/630
f 3871/94/628 3869/93/622 371/93/625 375/94/629
f 3869/93/622 3871/94/628 376/94/630 372/93/626
f 3872/93/631 3873/94/632 375/94/629 371/93/625
f 3873/94/632 3872/93/631 372/93/626 376/94/630
f 3873/94/632 3874/95/633 377/95/634 375/94/629
f 3874/95/633 3873/94/632 376/94/630 378/95/635
f 3874/95/633 3872/93/631 371/93/625 377/95/634
f 3872/93/631 3874/95/633 378/95/635 372/93/626
f 3875/35/636 3876/60/637 381/60/638 379/35/639
f 3876/60/637 3875/35/636 380/35/640 382/60/641
f 3876/60/637 3877/31/642 373/31/643 381/60/638
f 3877/31/642 3876/60/637 382/60/641 374/31/644
f 3877/31/642 3875/35/636 379/35/639 373/31/643
f 3875/35/636 3877/31/642 374/31/644 380/35/640
f 3878/82/645 3879/60/646 381/60/638 383/82/647
f 3879/60/646 3878/82/645 384/82/648 382/60/641
f 3879/60/646 3880/35/649 379/35/639 381/60/638
f 3880/35/649 3879/60/646 382/60/641 380/35/640
f 3880/35/649 3878/82/645 383/82/647 379/35/639
f 3878/82/645 3880/35/649 380/35/640 384/82/648
f 3881/34/650 3882/93/651 371/93/652 385/34/653
f 3882/93/651 3881/34/650 386/34/654 372/93/655
f 3882/93/651 3883/32/656 387/32/657 371/93/652
f 3883/32/656 3882/93/651 372/93/655 388/32/658
f 3883/32/656 3881/34/650 385/34/653 387/32/657
f 3881/34/650 3883/32/656 388/32/658 386/34/654
f 3884/34/659 3885/92/660 389/92/661 385/34/653
f 3885/92/660 3884/34/659 386/34/654 390/92/662
f 3885/92/660 3886/93/663 371/93/652 389/92/661
f 3886/93/663 3885/92/660 390/92/662 372/93/655
f 3886/93/663 3884/34/659 385/34/653 371/93/652
f 3884/34/659 3886/93/663 372/93/655 386/34/654
f 3887/47/664 3888/96/665 393/96/666 391/47/667
f 3888/96/665 3887/47/664 392/47/668 394/96/669
f 3888/96/665 3889/91/670 395/91/671 393/96/666
f 3889/91/670 3888/96/665 394/96/669 396/91/672
f 3889/91/670 3887/47/664 391/47/667 395/91/671
f 3887/47/664 3889/91/670 396/91/672 392/47/668
f 3890/47/673 3891/91/674 395/91/671 391/47/667
f 3891/91/674 3890/47/673 392/47/668 396/91/672
f 3891/91/674 3892/62/675 397/62/676 395/91/671
f 3892/62/675 3891/91/674 396/91/672 398/62/677
f 3892/62/675 3890/47/673 391/47/667 397/62/676
f 3890/47/673 3892/62/675 398/62/677 392/47/668
f 3893/73/678 3894/56/679 401/56/680 399/73/681
f 3894/56/679 3893/73/678 400/73/682 402/56/683
f 3894/56/679 3895/69/684 403/69/685 401/56/680
f 3895/69/684 3894/56/679 402/56/683 404/69/686
f 3895/69/684 3893/73/678 399/73/681 403/69/685
f 3893/73/678 3895/69/684 404/69/686 400/73/682
f 3896/56/687 3897/73/688 399/73/681 401/56/680
f 3897/73/688 3896/56/687 402/56/683 400/73/682
f 3897/73/688 3898/81/689 405/81/690 399/73/681
f 3898/81/689 3897/73/688 400/73/682 406/81/691
f 3898/81/689 3896/56/687 401/56/680 405/81/690
f 3896/56/687 3898/81/689 406/81/691 402/56/683
f 3899/56/692 3900/81/693 405/81/690 401/56/680
f 3900/81/693 3899/56/692 402/56/683 406/81/691
f 3900/81/693 3901/85/694 407/85/695 405/81/690
f 3901/85/694 3900/81/693 406/81/691 408/85/696
f 3901/85/694 3899/56/692 401/56/680 407/85/695
f 3899/56/692 3901/85/694 408/85/696 402/56/683
f 3902/73/697 3903/69/698 403/69/685 399/73/681
f 3903/69/698 3902/73/697 400/73/682 404/69/686
f 3903/69/698 3904/59/699 409/59/700 403/69/685
f 3904/59/699 3903/69/698 404/69/686 410/59/701
f 3904/59/699 3902/73/697 399/73/681 409/59/700
f 3902/73/697 3904/59/699 410/59/701 400/73/682
f 3905/59/702 3906/69/703 403/69/685 409/59/700
f 3906/69/703 3905/59/702 410/59/701 404/69/686
f 3906/69/703 3907/63/704 411/63/705 403/69/685
f 3907/63/704 3906/69/703 404/69/686 412/63/706
f 3907/63/704 3905/59/702 409/59/700 411/63/705
f 3905/59/702 3907/63/704 412/63/706 410/59/701
f 3908/35/707 3909/73/708 399/73/681 413/35/709
f 3909/73/708 3908/35/707 414/35/710 400/73/682
f 3909/73/708 3910/59/711 409/59/700 399/73/681
f 3910/59/711 3909/73/708 400/73/682 410/59/701
f 3910/59/711 3908/35/707 413/35/709 409/59/700
f 3908/35/707 3910/59/711 410/59/701 414/35/710
f 3911/73/712 3912/35/713 413/35/709 399/73/681
f 3912/35/713 3911/73/712 400/73/682 414/35/710
f 3912/35/713 3913/97/714 415/97/715 413/35/709
f 3913/97/714 3912/35/713 414/35/710 416/97/716
f 3913/97/714 3911/73/712 399/73/681 415/97/715
f 3911/73/712 3913/97/714 416/97/716 400/73/682
f 3914/35/717 3915/59/718 409/59/700 413/35/709
f 3915/59/718 3914/35/717 414/35/710 410/59/701
f 3915/59/718 3916/82/719 417/82/720 409/59/700
f 3916/82/719 3915/59/718 410/59/701 418/82/721
f 3916/82/719 3914/35/717 413/35/709 417/82/720
f 3914/35/717 3916/82/719 418/82/721 414/35/710
f 3917/4/722 3918/15/723 421/15/724 419/4/725
f 3918/15/723 3917/4/722 420/4/726 422/15/727
f 3918/15/723 3919/16/728 423/16/729 421/15/724
f 3919/16/728 3918/15/723 422/15/727 424/16/730
f 3919/16/728 3917/4/722 419/4/725 423/16/729
f 3917/4/722 3919/16/728 424/16/730 420/4/726
f 3920/4/731 3921/14/732 425/14/733 419/4/725
f 3921/14/732 3920/4/731 420/4/726 426/14/734
f 3921/14/732 3922/15/735 421/15/724 425/14/733
f 3922/15/735 3921/14/732 426/14/734 422/15/727
f 3922/15/735 3920/4/731 419/4/725 421/15/724
f 3920/4/731 3922/15/735 422/15/727 420/4/726
f 3923/4/736 3924/5/737 427/5/738 419/4/725
f 3924/5/737 3923/4/736 420/4/726 428/5/739
f 3924/5/737 3925/14/740 425/14/733 427/5/738
f 3925/14/740 3924/5/737 428/5/739 426/14/734
f 3925/14/740 3923/4/736 419/4/725 425/14/733
f 3923/4/736 3925/14/740 426/14/734 420/4/726
f 3926/14/741 3927/5/742 427/5/738 425/14/733
f 3927/5/742 3926/14/741 426/14/734 428/5/739
f 3927/5/742 3928/13/743 429/13/744 427/5/738
f 3928/13/743 3927/5/742 428/5/739 430/13/745
f 3928/13/743 3926/14/741 425/14/733 429/13/744
f 3926/14/741 3928/13/743 430/13/745 426/14/734
f 3929/15/746 3930/14/747 425/14/733 421/15/724
f 3930/14/747 3929/15/746 422/15/727 426/14/734
f 3930/14/747 3931/22/748 431/22/749 425/14/733
f 3931/22/748 3930/14/747 426/14/734 432/22/750
f 3931/22/748 3929/15/746 421/15/724 431/22/749
f 3929/15/746 3931/22/748 432/22/750 422/15/727
f 3932/17/751 3933/15/752 421/15/724 433/17/753
f 3933/15/752 3932/17/751 434/17/754 422/15/727
f 3933/15/752 3934/22/755 431/22/749 421/15/724
f 3934/22/755 3933/15/752 422/15/727 432/22/750
f 3934/22/755 3932/17/751 433/17/753 431/22/749
f 3932/17/751 3934/22/755 432/22/750 434/17/754
f 3935/22/756 3936/14/757 437/14/758 435/22/759
f 3936/14/757 3935/22/756 436/22/760 438/14/761
f 3936/14/757 3937/13/762 439/13/763 437/14/758
f 3937/13/762 3936/14/757 438/14/761 440/13/764
f 3937/13/762 3935/22/756 435/22/759 439/13/763
f 3935/22/756 3937/13/762 440/13/764 436/22/760
f 3938/22/765 3939/13/208 439/13/763 435/22/759
f 3939/13/208 3938/22/765 436/22/760 440/13/764
f 3939/13/208 3940/24/766 441/24/767 439/13/763
f 3940/24/766 3939/13/208 440/13/764 442/24/768
f 3940/24/766 3938/22/765 435/22/759 441/24/767
f 3938/22/765 3940/24/766 442/24/768 436/22/760
f 3941/19/769 3942/22/770 435/22/771 443/19/772
f 3942/22/770 3941/19/769 444/19/773 436/22/774
f 3942/22/770 3943/23/170 445/23/775 435/22/771
f 3943/23/170 3942/22/770 436/22/774 446/23/776
f 3943/23/170 3941/19/769 443/19/772 445/23/775
f 3941/19/769 3943/23/170 446/23/776 444/19/773
f 3944/17/777 3945/22/778 435/22/771 447/17/779
f 3945/22/778 3944/17/777 448/17/780 436/22/774
f 3945/22/778 3946/19/781 443/19/772 435/22/771
f 3946/19/781 3945/22/778 436/22/774 444/19/773
f 3946/19/781 3944/17/777 447/17/779 443/19/772
f 3944/17/777 3946/19/781 444/19/773 448/17/780
f 3947/18/782 3948/15/783 451/15/784 449/18/785
f 3948/15/783 3947/18/782 450/18/786 452/15/787
f 3948/15/783 3949/17/72 447/17/788 451/15/784
f 3949/17/72 3948/15/783 452/15/787 448/17/789
f 3949/17/72 3947/18/782 449/18/785 447/17/788
f 3947/18/782 3949/17/72 448/17/789 450/18/786
f 3950/18/790 3951/16/114 453/16/791 449/18/785
f 3951/16/114 3950/18/790 450/18/786 454/16/792
f 3951/16/114 3952/15/793 451/15/784 453/16/791
f 3952/15/793 3951/16/114 454/16/792 452/15/787
f 3952/15/793 3950/18/790 449/18/785 451/15/784
f 3950/18/790 3952/15/793 452/15/787 450/18/786
f 3953/30/794 3954/10/795 457/10/796 455/30/797
f 3954/10/795 3953/30/794 456/30/798 458/10/799
f 3954/10/795 3955/23/800 459/23/801 457/10/796
f 3955/23/800 3954/10/795 458/10/799 460/23/802
f 3955/23/800 3953/30/794 455/30/797 459/23/801
f 3953/30/794 3955/23/800 460/23/802 456/30/798
f 3956/30/803 3957/23/804 459/23/801 455/30/797
f 3957/23/804 3956/30/803 456/30/798 460/23/802
f 3957/23/804 3958/29/805 461/29/806 459/23/801
f 3958/29/805 3957/23/804 460/23/802 462/29/807
f 3958/29/805 3956/30/803 455/30/797 461/29/806
f 3956/30/803 3958/29/805 462/29/807 456/30/798
f 3959/27/790 3960/19/114 465/19/796 463/27/797
f 3960/19/114 3959/27/790 464/27/798 466/19/799
f 3960/19/114 3961/11/808 467/11/801 465/19/796
f 3961/11/808 3960/19/114 466/19/799 468/11/802
f 3961/11/808 3959/27/790 463/27/797 467/11/801
f 3959/27/790 3961/11/808 468/11/802 464/27/798
f 3962/27/809 3963/11/810 467/11/801 463/27/797
f 3963/11/810 3962/27/809 464/27/798 468/11/802
f 3963/11/810 3964/28/72 469/28/806 467/11/801
f 3964/28/72 3963/11/810 468/11/802 470/28/807
f 3964/28/72 3962/27/809 463/27/797 469/28/806
f 3962/27/809 3964/28/72 470/28/807 464/27/798
f 3965/18/811 3966/24/812 473/24/813 471/18/814
f 3966/24/812 3965/18/811 472/18/815 474/24/816
f 3966/24/812 3967/26/817 475/26/818 473/24/813
f 3967/26/817 3966/24/812 474/24/816 476/26/819
f 3967/26/817 3965/18/811 471/18/814 475/26/818
f 3965/18/811 3967/26/817 476/26/819 472/18/815
f 3968/26/820 3969/24/821 473/24/813 475/26/818
f 3969/24/821 3968/26/820 476/26/819 474/24/816
f 3969/24/821 3970/25/822 477/25/823 473/24/813
f 3970/25/822 3969/24/821 474/24/816 478/25/824
f 3970/25/822 3968/26/820 475/26/818 477/25/823
f 3968/26/820 3970/25/822 478/25/824 476/26/819
f 3971/26/825 3972/7/826 481/7/827 479/26/828
f 3972/7/826 3971/26/825 480/26/829 482/7/830
f 3972/7/826 3973/25/831 483/25/832 481/7/827
f 3973/25/831 3972/7/826 482/7/830 484/25/833
f 3973/25/831 3971/26/825 479/26/828 483/25/832
f 3971/26/825 3973/25/831 484/25/833 480/26/829
f 3974/6/834 3975/25/835 483/25/832 485/6/836
f 3975/25/835 3974/6/834 486/6/837 484/25/833
f 3975/25/835 3976/7/838 481/7/827 483/25/832
f 3976/7/838 3975/25/835 484/25/833 482/7/830
f 3976/7/838 3974/6/834 485/6/836 481/7/827
f 3974/6/834 3976/7/838 482/7/830 486/6/837
f 3977/7/839 3978/26/840 479/26/828 481/7/827
f 3978/26/840 3977/7/839 482/7/830 480/26/829
f 3978/26/840 3979/2/841 487/2/842 479/26/828
f 3979/2/841 3978/26/840 480/26/829 488/2/843
f 3979/2/841 3977/7/839 481/7/827 487/2/842
f 3977/7/839 3979/2/841 488/2/843 482/7/830
f 3980/2/844 3981/26/845 479/26/828 487/2/842
f 3981/26/845 3980/2/844 488/2/843 480/26/829
f 3981/26/845 3982/3/846 489/3/847 479/26/828
f 3982/3/846 3981/26/845 480/26/829 490/3/848
f 3982/3/846 3980/2/844 487/2/842 489/3/847
f 3980/2/844 3982/3/846 490/3/848 488/2/843
f 3983/11/849 3984/98/795 493/98/796 491/11/797
f 3984/98/795 3983/11/849 492/11/850 494/98/851
f 3984/98/795 3985/99/852 495/99/801 493/98/796
f 3985/99/852 3984/98/795 494/98/851 496/99/853
f 3985/99/852 3983/11/849 491/11/797 495/99/801
f 3983/11/849 3985/99/852 496/99/853 492/11/850
f 3986/11/854 3987/99/855 495/99/801 491/11/797
f 3987/99/855 3986/11/854 492/11/850 496/99/853
f 3987/99/855 3988/10/72 497/10/806 495/99/801
f 3988/10/72 3987/99/855 496/99/853 498/10/856
f 3988/10/72 3986/11/854 491/11/797 497/10/806
f 3986/11/854 3988/10/72 498/10/856 492/11/850
f 3989/19/794 3990/17/795 501/17/796 499/19/857
f 3990/17/795 3989/19/794 500/19/858 502/17/792
f 3990/17/795 3991/98/859 503/98/860 501/17/796
f 3991/98/859 3990/17/795 502/17/792 504/98/861
f 3991/98/859 3989/19/794 499/19/857 503/98/860
f 3989/19/794 3991/98/859 504/98/861 500/19/858
f 3992/19/862 3993/98/863 503/98/860 499/19/857
f 3993/98/863 3992/19/862 500/19/858 504/98/861
f 3993/98/863 3994/11/864 505/11/865 503/98/860
f 3994/11/864 3993/98/863 504/98/861 506/11/866
f 3994/11/864 3992/19/862 499/19/857 505/11/865
f 3992/19/862 3994/11/864 506/11/866 500/19/858
f 3995/11/867 3996/10/868 507/10/869 505/11/870
f 3996/10/868 3995/11/867 506/11/871 508/10/872
f 3996/10/868 3997/20/873 509/20/874 507/10/869
f 3997/20/873 3996/10/868 508/10/872 510/20/875
f 3997/20/873 3995/11/867 505/11/870 509/20/874
f 3995/11/867 3997/20/873 510/20/875 506/11/871
f 3998/20/876 3999/10/877 507/10/869 509/20/874
f 3999/10/877 3998/20/876 510/20/875 508/10/872
f 3999/10/877 4000/21/878 511/21/879 507/10/869
f 4000/21/878 3999/10/877 508/10/872 512/21/880
f 4000/21/878 3998/20/876 509/20/874 511/21/879
f 3998/20/876 4000/21/878 512/21/880 510/20/875
f 4001/10/881 4002/99/867 513/99/882 507/10/883
f 4002/99/867 4001/10/881 508/10/884 514/99/871
f 4002/99/867 4003/22/885 515/22/886 513/99/882
f 4003/22/885 4002/99/867 514/99/871 516/22/887
f 4003/22/885 4001/10/881 507/10/883 515/22/886
f 4001/10/881 4003/22/885 516/22/887 508/10/884
f 4004/10/888 4005/22/889 515/22/886 507/10/883
f 4005/22/889 4004/10/888 508/10/884 516/22/887
f 4005/22/889 4006/23/890 517/23/891 515/22/886
f 4006/23/890 4005/22/889 516/22/887 518/23/892
f 4006/23/890 4004/10/888 507/10/883 517/23/891
f 4004/10/888 4006/23/890 518/23/892 508/10/884
f 4007/70/893 4008/78/894 521/78/895 519/70/896
f 4008/78/894 4007/70/893 520/70/897 522/78/898
f 4008/78/894 4009/88/899 523/88/900 521/78/895
f 4009/88/899 4008/78/894 522/78/898 524/88/901
f 4009/88/899 4007/70/893 519/70/896 523/88/900
f 4007/70/893 4009/88/899 524/88/901 520/70/897
f 4010/70/902 4011/88/903 523/88/900 519/70/896
f 4011/88/903 4010/70/902 520/70/897 524/88/901
f 4011/88/903 4012/64/904 525/64/905 523/88/900
f 4012/64/904 4011/88/903 524/88/901 526/64/906
f 4012/64/904 4010/70/902 519/70/896 525/64/905
f 4010/70/902 4012/64/904 526/64/906 520/70/897
f 4013/75/907 4014/88/908 523/88/900 527/75/909
f 4014/88/908 4013/75/907 528/75/910 524/88/901
f 4014/88/908 4015/78/911 521/78/895 523/88/900
f 4015/78/911 4014/88/908 524/88/901 522/78/898
f 4015/78/911 4013/75/907 527/75/909 521/78/895
f 4013/75/907 4015/78/911 522/78/898 528/75/910
f 4016/88/912 4017/75/913 527/75/909 523/88/900
f 4017/75/913 4016/88/912 524/88/901 528/75/910
f 4017/75/913 4018/85/914 529/85/915 527/75/909
f 4018/85/914 4017/75/913 528/75/910 530/85/916
f 4018/85/914 4016/88/912 523/88/900 529/85/915
f 4016/88/912 4018/85/914 530/85/916 524/88/901
f 4019/75/917 4020/69/918 531/69/919 527/75/909
f 4020/69/918 4019/75/917 528/75/910 532/69/920
f 4020/69/918 4021/85/921 529/85/915 531/69/919
f 4021/85/921 4020/69/918 532/69/920 530/85/916
f 4021/85/921 4019/75/917 527/75/909 529/85/915
f 4019/75/917 4021/85/921 530/85/916 528/75/910
f 4022/63/922 4023/85/923 529/85/915 533/63/924
f 4023/85/923 4022/63/922 534/63/925 530/85/916
f 4023/85/923 4024/69/926 531/69/919 529/85/915
f 4024/69/926 4023/85/923 530/85/916 532/69/920
f 4024/69/926 4022/63/922 533/63/924 531/69/919
f 4022/63/922 4024/69/926 532/69/920 534/63/925
f 4025/73/927 4026/84/928 537/84/929 535/73/930
f 4026/84/928 4025/73/927 536/73/931 538/84/932
f 4026/84/928 4027/81/933 539/81/934 537/84/929
f 4027/81/933 4026/84/928 538/84/932 540/81/935
f 4027/81/933 4025/73/927 535/73/930 539/81/934
f 4025/73/927 4027/81/933 540/81/935 536/73/931
f 4028/84/936 4029/73/937 535/73/930 537/84/929
f 4029/73/937 4028/84/936 538/84/932 536/73/931
f 4029/73/937 4030/79/938 541/79/939 535/73/930
f 4030/79/938 4029/73/937 536/73/931 542/79/940
f 4030/79/938 4028/84/936 537/84/929 541/79/939
f 4028/84/936 4030/79/938 542/79/940 538/84/932
f 4031/85/941 4032/81/942 539/81/934 543/85/943
f 4032/81/942 4031/85/941 544/85/944 540/81/935
f 4032/81/942 4033/84/945 537/84/929 539/81/934
f 4033/84/945 4032/81/942 540/81/935 538/84/932
f 4033/84/945 4031/85/941 543/85/943 537/84/929
f 4031/85/941 4033/84/945 538/84/932 544/85/944
f 4034/85/946 4035/84/947 537/84/929 543/85/943
f 4035/84/947 4034/85/946 544/85/944 538/84/932
f 4035/84/947 4036/88/948 545/88/949 537/84/929
f 4036/88/948 4035/84/947 538/84/932 546/88/950
f 4036/88/948 4034/85/946 543/85/943 545/88/949
f 4034/85/946 4036/88/948 546/88/950 544/85/944
f 4037/73/951 4038/37/952 549/37/953 547/73/954
f 4038/37/952 4037/73/951 548/73/955 550/37/956
f 4038/37/952 4039/35/957 551/35/958 549/37/953
f 4039/35/957 4038/37/952 550/37/956 552/35/959
f 4039/35/957 4037/73/951 547/73/954 551/35/958
f 4037/73/951 4039/35/957 552/35/959 548/73/955
f 4040/33/960 4041/73/961 547/73/954 553/33/962
f 4041/73/961 4040/33/960 554/33/963 548/73/955
f 4041/73/961 4042/35/964 551/35/958 547/73/954
f 4042/35/964 4041/73/961 548/73/955 552/35/959
f 4042/35/964 4040/33/960 553/33/962 551/35/958
f 4040/33/960 4042/35/964 552/35/959 554/33/963
f 4043/73/965 4044/33/966 553/33/962 547/73/954
f 4044/33/966 4043/73/965 548/73/955 554/33/963
f 4044/33/966 4045/79/967 555/79/968 553/33/962
f 4045/79/967 4044/33/966 554/33/963 556/79/969
f 4045/79/967 4043/73/965 547/73/954 555/79/968
f 4043/73/965 4045/79/967 556/79/969 548/73/955
f 4046/79/970 4047/33/971 553/33/962 555/79/968
f 4047/33/971 4046/79/970 556/79/969 554/33/963
f 4047/33/971 4048/31/972 557/31/973 553/33/962
f 4048/31/972 4047/33/971 554/33/963 558/31/974
f 4048/31/972 4046/79/970 555/79/968 557/31/973
f 4046/79/970 4048/31/972 558/31/974 556/79/969
f 4049/35/975 4050/100/976 559/100/977 551/35/958
f 4050/100/976 4049/35/975 552/35/959 560/100/978
f 4050/100/976 4051/33/979 553/33/962 559/100/977
f 4051/33/979 4050/100/976 560/100/978 554/33/963
f 4051/33/979 4049/35/975 551/35/958 553/33/962
f 4049/35/975 4051/33/979 554/33/963 552/35/959
f 4052/82/980 4053/100/981 559/100/977 561/82/982
f 4053/100/981 4052/82/980 562/82/983 560/100/978
f 4053/100/981 4054/35/984 551/35/958 559/100/977
f 4054/35/984 4053/100/981 560/100/978 552/35/959
f 4054/35/984 4052/82/980 561/82/982 551/35/958
f 4052/82/980 4054/35/984 552/35/959 562/82/983
f 4055/69/488 4056/74/487 565/74/491 563/69/492
f 4056/74/487 4055/69/488 564/69/489 566/74/490
f 4056/74/487 4057/75/493 567/75/495 565/74/491
f 4057/75/493 4056/74/487 566/74/490 568/75/494
f 4057/75/493 4055/69/488 563/69/492 567/75/495
f 4055/69/488 4057/75/493 568/75/494 564/69/489
f 4058/76/500 4059/75/497 567/75/495 569/76/502
f 4059/75/497 4058/76/500 570/76/501 568/75/494
f 4059/75/497 4060/68/496 571/68/985 567/75/495
f 4060/68/496 4059/75/497 568/75/494 572/68/498
f 4060/68/496 4058/76/500 569/76/502 571/68/985
f 4058/76/500 4060/68/496 572/68/498 570/76/501
f 4061/74/504 4062/68/503 571/68/985 565/74/491
f 4062/68/503 4061/74/504 566/74/490 572/68/498
f 4062/68/503 4063/75/505 567/75/495 571/68/985
f 4063/75/505 4062/68/503 572/68/498 568/75/494
f 4063/75/505 4061/74/504 565/74/491 567/75/495
f 4061/74/504 4063/75/505 568/75/494 566/74/490
f 4064/74/507 4065/39/506 573/39/509 565/74/491
f 4065/39/506 4064/74/507 566/74/490 574/39/508
f 4065/39/506 4066/68/510 571/68/985 573/39/509
f 4066/68/510 4065/39/506 574/39/508 572/68/498
f 4066/68/510 4064/74/507 565/74/491 571/68/985
f 4064/74/507 4066/68/510 572/68/498 566/74/490
f 4067/45/512 4068/68/511 571/68/985 575/45/514
f 4068/68/511 4067/45/512 576/45/513 572/68/498
f 4068/68/511 4069/39/515 573/39/509 571/68/985
f 4069/39/515 4068/68/511 572/68/498 574/39/508
f 4069/39/515 4067/45/512 575/45/514 573/39/509
f 4067/45/512 4069/39/515 574/39/508 576/45/513
f 4070/39/517 4071/74/516 565/74/491 573/39/509
f 4071/74/516 4070/39/517 574/39/508 566/74/490
f 4071/74/516 4072/101/518 577/101/520 565/74/491
f 4072/101/518 4071/74/516 566/74/490 578/101/519
f 4072/101/518 4070/39/517 573/39/509 577/101/520
f 4070/39/517 4072/101/518 578/101/519 574/39/508
f 4073/101/522 4074/41/521 579/41/524 577/101/520
f 4074/41/521 4073/101/522 578/101/519 580/41/523
f 4074/41/521 4075/39/525 573/39/509 579/41/524
f 4075/39/525 4074/41/521 580/41/523 574/39/508
f 4075/39/525 4073/101/522 577/101/520 573/39/509
f 4073/101/522 4075/39/525 574/39/508 578/101/519
f 4076/80/526 4077/101/530 577/101/520 581/80/529
f 4077/101/530 4076/80/526 582/80/528 578/101/519
f 4077/101/530 4078/74/527 565/74/491 577/101/520
f 4078/74/527 4077/101/530 578/101/519 566/74/490
f 4078/74/527 4076/80/526 581/80/529 565/74/491
f 4076/80/526 4078/74/527 566/74/490 582/80/528
f 4079/101/531 4080/80/535 581/80/529 577/101/520
f 4080/80/535 4079/101/531 578/101/519 582/80/528
f 4080/80/535 4081/88/532 583/88/534 581/80/529
f 4081/88/532 4080/80/535 582/80/528 584/88/533
f 4081/88/532 4079/101/531 577/101/520 583/88/534
f 4079/101/531 4081/88/532 584/88/533 578/101/519
f 4082/74/537 4083/69/536 563/69/492 565/74/491
f 4083/69/536 4082/74/537 566/74/490 564/69/489
f 4083/69/536 4084/73/538 585/73/540 563/69/492
f 4084/73/538 4083/69/536 564/69/489 586/73/539
f 4084/73/538 4082/74/537 565/74/491 585/73/540
f 4082/74/537 4084/73/538 586/73/539 566/74/490
f 4085/82/543 4086/73/542 585/73/540 587/82/545
f 4086/73/542 4085/82/543 588/82/544 586/73/539
f 4086/73/542 4087/69/541 563/69/492 585/73/540
f 4087/69/541 4086/73/542 586/73/539 564/69/489
f 4087/69/541 4085/82/543 587/82/545 563/69/492
f 4085/82/543 4087/69/541 564/69/489 588/82/544
f 4088/69/546 4089/102/548 589/102/550 563/69/492
f 4089/102/548 4088/69/546 564/69/489 590/102/549
f 4089/102/548 4090/82/547 587/82/545 589/102/550
f 4090/82/547 4089/102/548 590/102/549 588/82/544
f 4090/82/547 4088/69/546 563/69/492 587/82/545
f 4088/69/546 4090/82/547 588/82/544 564/69/489
f 4091/73/552 4092/82/551 587/82/545 585/73/540
f 4092/82/551 4091/73/552 586/73/539 588/82/544
f 4092/82/551 4093/103/553 591/103/555 587/82/545
f 4093/103/553 4092/82/551 588/82/544 592/103/554
f 4093/103/553 4091/73/552 585/73/540 591/103/555
f 4091/73/552 4093/103/553 592/103/554 586/73/539
f 4094/100/557 4095/103/556 591/103/555 593/100/559
f 4095/103/556 4094/100/557 594/100/558 592/103/554
f 4095/103/556 4096/82/560 587/82/545 591/103/555
f 4096/82/560 4095/103/556 592/103/554 588/82/544
f 4096/82/560 4094/100/557 593/100/559 587/82/545
f 4094/100/557 4096/82/560 588/82/544 594/100/558
f 4097/79/561 4098/73/565 585/73/540 595/79/564
f 4098/73/565 4097/79/561 596/79/563 586/73/539
f 4098/73/565 4099/103/562 591/103/555 585/73/540
f 4099/103/562 4098/73/565 586/73/539 592/103/554
f 4099/103/562 4097/79/561 595/79/564 591/103/555
f 4097/79/561 4099/103/562 592/103/554 596/79/563
f 4100/103/566 4101/104/568 597/104/570 591/103/555
f 4101/104/568 4100/103/566 592/103/554 598/104/569
f 4101/104/568 4102/79/567 595/79/564 597/104/570
f 4102/79/567 4101/104/568 598/104/569 596/79/563
f 4102/79/567 4100/103/566 591/103/555 595/79/564
f 4100/103/566 4102/79/567 596/79/563 592/103/554
f 4103/47/986 4104/41/987 601/41/988 599/47/989
f 4104/41/987 4103/47/986 600/47/990 602/41/991
f 4104/41/987 4105/48/992 603/48/993 601/41/988
f 4105/48/992 4104/41/987 602/41/991 604/48/994
f 4105/48/992 4103/47/986 599/47/989 603/48/993
f 4103/47/986 4105/48/992 604/48/994 600/47/990
f 4106/48/995 4107/41/996 601/41/988 603/48/993
f 4107/41/996 4106/48/995 604/48/994 602/41/991
f 4107/41/996 4108/42/997 605/42/998 601/41/988
f 4108/42/997 4107/41/996 602/41/991 606/42/999
f 4108/42/997 4106/48/995 603/48/993 605/42/998
f 4106/48/995 4108/42/997 606/42/999 604/48/994
f 4109/82/1000 4110/105/1001 609/105/1002 607/82/1003
f 4110/105/1001 4109/82/1000 608/82/1004 610/105/1005
f 4110/105/1001 4111/100/986 611/100/1006 609/105/1002
f 4111/100/986 4110/105/1001 610/105/1005 612/100/1007
f 4111/100/986 4109/82/1000 607/82/1003 611/100/1006
f 4109/82/1000 4111/100/986 612/100/1007 608/82/1004
f 4112/105/995 4113/82/1008 607/82/1003 609/105/1002
f 4113/82/1008 4112/105/995 610/105/1005 608/82/1004
f 4113/82/1008 4114/102/997 613/102/1009 607/82/1003
f 4114/102/997 4113/82/1008 608/82/1004 614/102/1010
f 4114/102/997 4112/105/995 609/105/1002 613/102/1009
f 4112/105/995 4114/102/997 614/102/1010 610/105/1005
f 4115/60/591 4116/31/1011 617/31/1012 615/60/1013
f 4116/31/1011 4115/60/591 616/60/1014 618/31/1015
f 4116/31/1011 4117/100/1016 611/100/1017 617/31/1012
f 4117/100/1016 4116/31/1011 618/31/1015 612/100/1018
f 4117/100/1016 4115/60/591 615/60/1013 611/100/1017
f 4115/60/591 4117/100/1016 612/100/1018 616/60/1014
f 4118/34/1019 4119/100/1020 611/100/1017 619/34/597
f 4119/100/1020 4118/34/1019 620/34/596 612/100/1018
f 4119/100/1020 4120/31/1021 617/31/1012 611/100/1017
f 4120/31/1021 4119/100/1020 612/100/1018 618/31/1015
f 4120/31/1021 4118/34/1019 619/34/597 617/31/1012
f 4118/34/1019 4120/31/1021 618/31/1015 620/34/596
f 4121/31/600 4122/106/599 621/106/602 617/31/1012
f 4122/106/599 4121/31/600 618/31/1015 622/106/601
f 4122/106/599 4123/34/603 619/34/597 621/106/602
f 4123/34/603 4122/106/599 622/106/601 620/34/596
f 4123/34/603 4121/31/600 617/31/1012 619/34/597
f 4121/31/600 4123/34/603 620/34/596 618/31/1015
f 4124/106/605 4125/31/604 617/31/1012 621/106/602
f 4125/31/604 4124/106/605 622/106/601 618/31/1015
f 4125/31/604 4126/107/606 623/107/608 617/31/1012
f 4126/107/606 4125/31/604 618/31/1015 624/107/607
f 4126/107/606 4124/106/605 621/106/602 623/107/608
f 4124/106/605 4126/107/606 624/107/607 622/106/601
f 4127/108/1022 4128/109/1023 627/109/1024 625/108/1025
f 4128/109/1023 4127/108/1022 626/108/1026 628/109/1027
f 4128/109/1023 4129/47/1028 629/47/1029 627/109/1024
f 4129/47/1028 4128/109/1023 628/109/1027 630/47/1030
f 4129/47/1028 4127/108/1022 625/108/1025 629/47/1029
f 4127/108/1022 4129/47/1028 630/47/1030 626/108/1026
f 4130/108/1031 4131/47/1032 629/47/1029 625/108/1025
f 4131/47/1032 4130/108/1031 626/108/1026 630/47/1030
f 4131/47/1032 4132/48/1033 631/48/1034 629/47/1029
f 4132/48/1033 4131/47/1032 630/47/1030 632/48/1035
f 4132/48/1033 4130/108/1031 625/108/1025 631/48/1034
f 4130/108/1031 4132/48/1033 632/48/1035 626/108/1026
f 4133/47/1036 4134/45/1037 633/45/1038 629/47/1039
f 4134/45/1037 4133/47/1036 630/47/1040 634/45/1041
f 4134/45/1037 4135/39/1042 635/39/1043 633/45/1038
f 4135/39/1042 4134/45/1037 634/45/1041 636/39/1044
f 4135/39/1042 4133/47/1036 629/47/1039 635/39/1043
f 4133/47/1036 4135/39/1042 636/39/1044 630/47/1040
f 4136/71/1045 4137/45/1046 633/45/1038 637/71/1047
f 4137/45/1046 4136/71/1045 638/71/1048 634/45/1041
f 4137/45/1046 4138/47/1049 629/47/1039 633/45/1038
f 4138/47/1049 4137/45/1046 634/45/1041 630/47/1040
f 4138/47/1049 4136/71/1045 637/71/1047 629/47/1039
f 4136/71/1045 4138/47/1049 630/47/1040 638/71/1048
f 4139/96/1050 4140/48/1051 631/48/1052 639/96/1053
f 4140/48/1051 4139/96/1050 640/96/1054 632/48/1055
f 4140/48/1051 4141/42/1056 641/42/1057 631/48/1052
f 4141/42/1056 4140/48/1051 632/48/1055 642/42/1058
f 4141/42/1056 4139/96/1050 639/96/1053 641/42/1057
f 4139/96/1050 4141/42/1056 642/42/1058 640/96/1054
f 4142/96/1059 4143/42/1060 641/42/1057 639/96/1053
f 4143/42/1060 4142/96/1059 640/96/1054 642/42/1058
f 4143/42/1060 4144/50/1061 643/50/1062 641/42/1057
f 4144/50/1061 4143/42/1060 642/42/1058 644/50/1063
f 4144/50/1061 4142/96/1059 639/96/1053 643/50/1062
f 4142/96/1059 4144/50/1061 644/50/1063 640/96/1054
f 4145/32/1064 4146/107/1065 647/107/1066 645/32/1067
f 4146/107/1065 4145/32/1064 646/32/1068 648/107/1069
f 4146/107/1065 4147/106/1070 649/106/1071 647/107/1066
f 4147/106/1070 4146/107/1065 648/107/1069 650/106/1072
f 4147/106/1070 4145/32/1064 645/32/1067 649/106/1071
f 4145/32/1064 4147/106/1070 650/106/1072 646/32/1068
f 4148/107/1073 4149/32/1074 645/32/1067 647/107/1066
f 4149/32/1074 4148/107/1073 648/107/1069 646/32/1068
f 4149/32/1074 4150/31/1075 651/31/1076 645/32/1067
f 4150/31/1075 4149/32/1074 646/32/1068 652/31/1077
f 4150/31/1075 4148/107/1073 647/107/1066 651/31/1076
f 4148/107/1073 4150/31/1075 652/31/1077 648/107/1069
f 4151/75/684 4152/52/679 655/52/683 653/75/686
f 4152/52/679 4151/75/684 654/75/685 656/52/680
f 4152/52/679 4153/85/678 657/85/682 655/52/683
f 4153/85/678 4152/52/679 656/52/680 658/85/681
f 4153/85/678 4151/75/684 653/75/686 657/85/682
f 4151/75/684 4153/85/678 658/85/681 654/75/685
f 4154/85/688 4155/52/1078 655/52/683 657/85/682
f 4155/52/1078 4154/85/688 658/85/681 656/52/680
f 4155/52/1078 4156/74/689 659/74/691 655/52/683
f 4156/74/689 4155/52/1078 656/52/680 660/74/690
f 4156/74/689 4154/85/688 657/85/682 659/74/691
f 4154/85/688 4156/74/689 660/74/690 658/85/681
f 4157/73/694 4158/74/693 659/74/691 661/73/696
f 4158/74/693 4157/73/694 662/73/695 660/74/690
f 4158/74/693 4159/52/692 655/52/683 659/74/691
f 4159/52/692 4158/74/693 660/74/690 656/52/680
f 4159/52/692 4157/73/694 661/73/696 655/52/683
f 4157/73/694 4159/52/692 656/52/680 662/73/695
f 4160/75/698 4161/85/697 657/85/682 653/75/686
f 4161/85/697 4160/75/698 654/75/685 658/85/681
f 4161/85/697 4162/68/699 663/68/701 657/85/682
f 4162/68/699 4161/85/697 658/85/681 664/68/700
f 4162/68/699 4160/75/698 653/75/686 663/68/701
f 4160/75/698 4162/68/699 664/68/700 654/75/685
f 4163/76/704 4164/75/703 653/75/686 665/76/706
f 4164/75/703 4163/76/704 666/76/705 654/75/685
f 4164/75/703 4165/68/702 663/68/701 653/75/686
f 4165/68/702 4164/75/703 654/75/685 664/68/700
f 4165/68/702 4163/76/704 665/76/706 663/68/701
f 4163/76/704 4165/68/702 664/68/700 666/76/705
f 4166/85/708 4167/39/707 667/39/710 657/85/682
f 4167/39/707 4166/85/708 658/85/681 668/39/709
f 4167/39/707 4168/68/711 663/68/701 667/39/710
f 4168/68/711 4167/39/707 668/39/709 664/68/700
f 4168/68/711 4166/85/708 657/85/682 663/68/701
f 4166/85/708 4168/68/711 664/68/700 658/85/681
f 4169/45/719 4170/68/718 663/68/701 669/45/721
f 4170/68/718 4169/45/719 670/45/720 664/68/700
f 4170/68/718 4171/39/717 667/39/710 663/68/701
f 4171/39/717 4170/68/718 664/68/700 668/39/709
f 4171/39/717 4169/45/719 669/45/721 667/39/710
f 4169/45/719 4171/39/717 668/39/709 670/45/720
f 4172/39/713 4173/85/1079 657/85/682 667/39/710
f 4173/85/1079 4172/39/713 668/39/709 658/85/681
f 4173/85/1079 4174/110/714 671/110/716 657/85/682
f 4174/110/714 4173/85/1079 658/85/681 672/110/715
f 4174/110/714 4172/39/713 667/39/710 671/110/716
f 4172/39/713 4174/110/714 672/110/715 668/39/709
usemtl Meshpart2Mtl.001
f 4175/111/1080 4176/112/1081 675/112/1082 673/111/1083
f 4176/112/1081 4175/111/1080 674/111/1084 676/112/1085
f 4176/112/1081 4177/113/1086 677/113/1087 675/112/1082
f 4177/113/1086 4176/112/1081 676/112/1085 678/113/1088
f 4177/113/1086 4175/111/1080 673/111/1083 677/113/1087
f 4175/111/1080 4177/113/1086 678/113/1088 674/111/1084
f 4178/112/1089 4179/114/1090 679/114/1091 675/112/1082
f 4179/114/1090 4178/112/1089 676/112/1085 680/114/1092
f 4179/114/1090 4180/113/1093 677/113/1087 679/114/1091
f 4180/113/1093 4179/114/1090 680/114/1092 678/113/1088
f 4180/113/1093 4178/112/1089 675/112/1082 677/113/1087
f 4178/112/1089 4180/113/1093 678/113/1088 676/112/1085
f 4181/111/1094 4182/113/1095 677/113/1087 673/111/1083
f 4182/113/1095 4181/111/1094 674/111/1084 678/113/1088
f 4182/113/1095 4183/115/1096 681/115/1097 677/113/1087
f 4183/115/1096 4182/113/1095 678/113/1088 682/115/1098
f 4183/115/1096 4181/111/1094 673/111/1083 681/115/1097
f 4181/111/1094 4183/115/1096 682/115/1098 674/111/1084
f 4184/113/1099 4185/114/1100 679/114/1091 677/113/1087
f 4185/114/1100 4184/113/1099 678/113/1088 680/114/1092
f 4185/114/1100 4186/116/1101 683/116/1102 679/114/1091
f 4186/116/1101 4185/114/1100 680/114/1092 684/116/1103
f 4186/116/1101 4184/113/1099 677/113/1087 683/116/1102
f 4184/113/1099 4186/116/1101 684/116/1103 678/113/1088
f 4187/117/1104 4188/111/1105 673/111/1083 685/117/1106
f 4188/111/1105 4187/117/1104 686/117/1107 674/111/1084
f 4188/111/1105 4189/115/1108 681/115/1097 673/111/1083
f 4189/115/1108 4188/111/1105 674/111/1084 682/115/1098
f 4189/115/1108 4187/117/1104 685/117/1106 681/115/1097
f 4187/117/1104 4189/115/1108 682/115/1098 686/117/1107
f 4190/118/1109 4191/116/1110 683/116/1102 687/118/1111
f 4191/116/1110 4190/118/1109 688/118/1112 684/116/1103
f 4191/116/1110 4192/114/1113 679/114/1091 683/116/1102
f 4192/114/1113 4191/116/1110 684/116/1103 680/114/1092
f 4192/114/1113 4190/118/1109 687/118/1111 679/114/1091
f 4190/118/1109 4192/114/1113 680/114/1092 688/118/1112
f 4193/118/1114 4194/111/1115 673/111/1083 687/118/1111
f 4194/111/1115 4193/118/1114 688/118/1112 674/111/1084
f 4194/111/1115 4195/117/1116 685/117/1106 673/111/1083
f 4195/117/1116 4194/111/1115 674/111/1084 686/117/1107
f 4195/117/1116 4193/118/1114 687/118/1111 685/117/1106
f 4193/118/1114 4195/117/1116 686/117/1107 688/118/1112
f 4196/116/1117 4197/118/1118 687/118/1111 683/116/1102
f 4197/118/1118 4196/116/1117 684/116/1103 688/118/1112
f 4197/118/1118 4198/117/1119 685/117/1106 687/118/1111
f 4198/117/1119 4197/118/1118 688/118/1112 686/117/1107
f 4198/117/1119 4196/116/1117 683/116/1102 685/117/1106
f 4196/116/1117 4198/117/1119 686/117/1107 684/116/1103
f 4199/117/1120 4200/115/1121 691/115/3 689/117/16
f 4200/115/1121 4199/117/1120 690/117/1122 692/115/38
f 4200/115/1121 4201/113/1123 693/113/8 691/115/3
f 4201/113/1123 4200/115/1121 692/115/38 694/113/1124
f 4201/113/1123 4199/117/1120 689/117/16 693/113/8
f 4199/117/1120 4201/113/1123 694/113/1124 690/117/1122
f 4202/117/1125 4203/113/1126 693/113/8 689/117/16
f 4203/113/1126 4202/117/1125 690/117/1122 694/113/1124
f 4203/113/1126 4204/116/45 695/116/13 693/113/8
f 4204/116/45 4203/113/1126 694/113/1124 696/116/47
f 4204/116/45 4202/117/1125 689/117/16 695/116/13
f 4202/117/1125 4204/116/45 696/116/47 690/117/1122
f 4205/119/15 4206/120/2 699/120/3 697/119/16
f 4206/120/2 4205/119/15 698/119/5 700/120/753
f 4206/120/2 4207/121/43 701/121/8 699/120/3
f 4207/121/43 4206/120/2 700/120/753 702/121/1127
f 4207/121/43 4205/119/15 697/119/16 701/121/8
f 4205/119/15 4207/121/43 702/121/1127 698/119/5
f 4208/119/1128 4209/121/1129 701/121/8 697/119/16
f 4209/121/1129 4208/119/1128 698/119/5 702/121/1127
f 4209/121/1129 4210/122/12 703/122/13 701/121/8
f 4210/122/12 4209/121/1129 702/121/1127 704/122/1130
f 4210/122/12 4208/119/1128 697/119/16 703/122/13
f 4208/119/1128 4210/122/12 704/122/1130 698/119/5
f 4211/123/1131 4212/124/2 707/124/3 705/123/16
f 4212/124/2 4211/123/1131 706/123/5 708/124/753
f 4212/124/2 4213/125/1132 709/125/8 707/124/3
f 4213/125/1132 4212/124/2 708/124/753 710/125/1127
f 4213/125/1132 4211/123/1131 705/123/16 709/125/8
f 4211/123/1131 4213/125/1132 710/125/1127 706/123/5
f 4214/123/40 4215/125/11 709/125/8 705/123/16
f 4215/125/11 4214/123/40 706/123/5 710/125/1127
f 4215/125/11 4216/126/12 711/126/13 709/125/8
f 4216/126/12 4215/125/11 710/125/1127 712/126/1130
f 4216/126/12 4214/123/40 705/123/16 711/126/13
f 4214/123/40 4216/126/12 712/126/1130 706/123/5
f 4217/119/15 4218/120/2 715/120/754 713/119/4
f 4218/120/2 4217/119/15 714/119/5 716/120/6
f 4218/120/2 4219/121/7 717/121/18 715/120/754
f 4219/121/7 4218/120/2 716/120/6 718/121/9
f 4219/121/7 4217/119/15 713/119/4 717/121/18
f 4217/119/15 4219/121/7 718/121/9 714/119/5
f 4220/119/19 4221/121/20 717/121/18 713/119/4
f 4221/121/20 4220/119/19 714/119/5 718/121/9
f 4221/121/20 4222/122/12 719/122/1133 717/121/18
f 4222/122/12 4221/121/20 718/121/9 720/122/14
f 4222/122/12 4220/119/19 713/119/4 719/122/1133
f 4220/119/19 4222/122/12 720/122/14 714/119/5
f 4223/123/1 4224/124/2 723/124/754 721/123/4
f 4224/124/2 4223/123/1 722/123/5 724/124/6
f 4224/124/2 4225/125/7 725/125/18 723/124/754
f 4225/125/7 4224/124/2 724/124/6 726/125/9
f 4225/125/7 4223/123/1 721/123/4 725/125/18
f 4223/123/1 4225/125/7 726/125/9 722/123/5
f 4226/123/19 4227/125/1129 725/125/18 721/123/4
f 4227/125/1129 4226/123/19 722/123/5 726/125/9
f 4227/125/1129 4228/126/12 727/126/1133 725/125/18
f 4228/126/12 4227/125/1129 726/125/9 728/126/14
f 4228/126/12 4226/123/19 721/123/4 727/126/1133
f 4226/123/19 4228/126/12 728/126/14 722/123/5
f 4229/123/1131 4230/124/2 731/124/3 729/123/16
f 4230/124/2 4229/123/1131 730/123/5 732/124/6
f 4230/124/2 4231/125/1134 733/125/8 731/124/3
f 4231/125/1134 4230/124/2 732/124/6 734/125/9
f 4231/125/1134 4229/123/1131 729/123/16 733/125/8
f 4229/123/1131 4231/125/1134 734/125/9 730/123/5
f 4232/123/1135 4233/125/1129 733/125/8 729/123/16
f 4233/125/1129 4232/123/1135 730/123/5 734/125/9
f 4233/125/1129 4234/126/12 735/126/13 733/125/8
f 4234/126/12 4233/125/1129 734/125/9 736/126/14
f 4234/126/12 4232/123/1135 729/123/16 735/126/13
f 4232/123/1135 4234/126/12 736/126/14 730/123/5
f 4235/119/15 4236/120/2 739/120/3 737/119/16
f 4236/120/2 4235/119/15 738/119/5 740/120/6
f 4236/120/2 4237/121/1132 741/121/8 739/120/3
f 4237/121/1132 4236/120/2 740/120/6 742/121/9
f 4237/121/1132 4235/119/15 737/119/16 741/121/8
f 4235/119/15 4237/121/1132 742/121/9 738/119/5
f 4238/119/1135 4239/121/1129 741/121/8 737/119/16
f 4239/121/1129 4238/119/1135 738/119/5 742/121/9
f 4239/121/1129 4240/122/12 743/122/13 741/121/8
f 4240/122/12 4239/121/1129 742/121/9 744/122/14
f 4240/122/12 4238/119/1135 737/119/16 743/122/13
f 4238/119/1135 4240/122/12 744/122/14 738/119/5
f 4241/119/15 4242/120/2 747/120/37 745/119/16
f 4242/120/2 4241/119/15 746/119/5 748/120/6
f 4242/120/2 4243/121/43 749/121/8 747/120/37
f 4243/121/43 4242/120/2 748/120/6 750/121/9
f 4243/121/43 4241/119/15 745/119/16 749/121/8
f 4241/119/15 4243/121/43 750/121/9 746/119/5
f 4244/119/1128 4245/121/1129 749/121/8 745/119/16
f 4245/121/1129 4244/119/1128 746/119/5 750/121/9
f 4245/121/1129 4246/122/12 751/122/46 749/121/8
f 4246/122/12 4245/121/1129 750/121/9 752/122/14
f 4246/122/12 4244/119/1128 745/119/16 751/122/46
f 4244/119/1128 4246/122/12 752/122/14 746/119/5
f 4247/123/1131 4248/124/2 755/124/37 753/123/16
f 4248/124/2 4247/123/1131 754/123/5 756/124/6
f 4248/124/2 4249/125/1132 757/125/8 755/124/37
f 4249/125/1132 4248/124/2 756/124/6 758/125/9
f 4249/125/1132 4247/123/1131 753/123/16 757/125/8
f 4247/123/1131 4249/125/1132 758/125/9 754/123/5
f 4250/123/1136 4251/125/11 757/125/8 753/123/16
f 4251/125/11 4250/123/1136 754/123/5 758/125/9
f 4251/125/11 4252/126/12 759/126/46 757/125/8
f 4252/126/12 4251/125/11 758/125/9 760/126/14
f 4252/126/12 4250/123/1136 753/123/16 759/126/46
f 4250/123/1136 4252/126/12 760/126/14 754/123/5
f 4253/127/1137 4254/128/1138 763/128/1139 761/127/1140
f 4254/128/1138 4253/127/1137 762/127/1141 764/128/1142
f 4254/128/1138 4255/129/1143 765/129/1144 763/128/1139
f 4255/129/1143 4254/128/1138 764/128/1142 766/129/1145
f 4255/129/1143 4253/127/1137 761/127/1140 765/129/1144
f 4253/127/1137 4255/129/1143 766/129/1145 762/127/1141
f 4256/127/1146 4257/129/1147 765/129/1144 761/127/1140
f 4257/129/1147 4256/127/1146 762/127/1141 766/129/1145
f 4257/129/1147 4258/130/1148 767/130/1149 765/129/1144
f 4258/130/1148 4257/129/1147 766/129/1145 768/130/1150
f 4258/130/1148 4256/127/1146 761/127/1140 767/130/1149
f 4256/127/1146 4258/130/1148 768/130/1150 762/127/1141
f 4259/131/227 4260/132/1151 771/132/215 769/131/216
f 4260/132/1151 4259/131/227 770/131/217 772/132/218
f 4260/132/1151 4261/133/219 773/133/1152 771/132/215
f 4261/133/219 4260/132/1151 772/132/218 774/133/221
f 4261/133/219 4259/131/227 769/131/216 773/133/1152
f 4259/131/227 4261/133/219 774/133/221 770/131/217
f 4262/134/222 4263/133/1153 773/133/1152 775/134/224
f 4263/133/1153 4262/134/222 776/134/1154 774/133/221
f 4263/133/1153 4264/132/226 771/132/215 773/133/1152
f 4264/132/226 4263/133/1153 774/133/221 772/132/218
f 4264/132/226 4262/134/222 775/134/224 771/132/215
f 4262/134/222 4264/132/226 772/132/218 776/134/1154
f 4265/135/213 4266/136/1155 779/136/1156 777/135/216
f 4266/136/1155 4265/135/213 778/135/217 780/136/1157
f 4266/136/1155 4267/137/1158 781/137/220 779/136/1156
f 4267/137/1158 4266/136/1155 780/136/1157 782/137/1159
f 4267/137/1158 4265/135/213 777/135/216 781/137/220
f 4265/135/213 4267/137/1158 782/137/1159 778/135/217
f 4268/138/222 4269/137/1160 781/137/220 783/138/224
f 4269/137/1160 4268/138/222 784/138/225 782/137/1159
f 4269/137/1160 4270/136/1161 779/136/1156 781/137/220
f 4270/136/1161 4269/137/1160 782/137/1159 780/136/1157
f 4270/136/1161 4268/138/222 783/138/224 779/136/1156
f 4268/138/222 4270/136/1161 780/136/1157 784/138/225
f 4271/139/213 4272/140/1162 787/140/1156 785/139/216
f 4272/140/1162 4271/139/213 786/139/217 788/140/218
f 4272/140/1162 4273/141/219 789/141/220 787/140/1156
f 4273/141/219 4272/140/1162 788/140/218 790/141/221
f 4273/141/219 4271/139/213 785/139/216 789/141/220
f 4271/139/213 4273/141/219 790/141/221 786/139/217
f 4274/142/222 4275/141/1153 789/141/220 791/142/224
f 4275/141/1153 4274/142/222 792/142/225 790/141/221
f 4275/141/1153 4276/140/1163 787/140/1156 789/141/220
f 4276/140/1163 4275/141/1153 790/141/221 788/140/218
f 4276/140/1163 4274/142/222 791/142/224 787/140/1156
f 4274/142/222 4276/140/1163 788/140/218 792/142/225
f 4277/143/213 4278/144/1155 795/144/1156 793/143/216
f 4278/144/1155 4277/143/213 794/143/217 796/144/1157
f 4278/144/1155 4279/145/1158 797/145/220 795/144/1156
f 4279/145/1158 4278/144/1155 796/144/1157 798/145/1159
f 4279/145/1158 4277/143/213 793/143/216 797/145/220
f 4277/143/213 4279/145/1158 798/145/1159 794/143/217
f 4280/146/222 4281/145/1160 797/145/220 799/146/224
f 4281/145/1160 4280/146/222 800/146/225 798/145/1159
f 4281/145/1160 4282/144/1161 795/144/1156 797/145/220
f 4282/144/1161 4281/145/1160 798/145/1159 796/144/1157
f 4282/144/1161 4280/146/222 799/146/224 795/144/1156
f 4280/146/222 4282/144/1161 796/144/1157 800/146/225
f 4283/147/213 4284/148/1162 803/148/215 801/147/216
f 4284/148/1162 4283/147/213 802/147/217 804/148/218
f 4284/148/1162 4285/149/219 805/149/1152 803/148/215
f 4285/149/219 4284/148/1162 804/148/218 806/149/221
f 4285/149/219 4283/147/213 801/147/216 805/149/1152
f 4283/147/213 4285/149/219 806/149/221 802/147/217
f 4286/150/222 4287/149/1164 805/149/1152 807/150/224
f 4287/149/1164 4286/150/222 808/150/225 806/149/221
f 4287/149/1164 4288/148/1163 803/148/215 805/149/1152
f 4288/148/1163 4287/149/1164 806/149/221 804/148/218
f 4288/148/1163 4286/150/222 807/150/224 803/148/215
f 4286/150/222 4288/148/1163 804/148/218 808/150/225
f 4289/151/213 4290/152/1162 811/152/1156 809/151/216
f 4290/152/1162 4289/151/213 810/151/217 812/152/1157
f 4290/152/1162 4291/153/219 813/153/1152 811/152/1156
f 4291/153/219 4290/152/1162 812/152/1157 814/153/221
f 4291/153/219 4289/151/213 809/151/216 813/153/1152
f 4289/151/213 4291/153/219 814/153/221 810/151/217
f 4292/154/222 4293/153/1164 813/153/1152 815/154/224
f 4293/153/1164 4292/154/222 816/154/225 814/153/221
f 4293/153/1164 4294/152/1163 811/152/1156 813/153/1152
f 4294/152/1163 4293/153/1164 814/153/221 812/152/1157
f 4294/152/1163 4292/154/222 815/154/224 811/152/1156
f 4292/154/222 4294/152/1163 812/152/1157 816/154/225
f 4295/155/213 4296/156/1155 819/156/215 817/155/216
f 4296/156/1155 4295/155/213 818/155/217 820/156/1157
f 4296/156/1155 4297/157/1158 821/157/220 819/156/215
f 4297/157/1158 4296/156/1155 820/156/1157 822/157/1159
f 4297/157/1158 4295/155/213 817/155/216 821/157/220
f 4295/155/213 4297/157/1158 822/157/1159 818/155/217
f 4298/158/222 4299/157/1165 821/157/220 823/158/224
f 4299/157/1165 4298/158/222 824/158/225 822/157/1159
f 4299/157/1165 4300/156/1163 819/156/215 821/157/220
f 4300/156/1163 4299/157/1165 822/157/1159 820/156/1157
f 4300/156/1163 4298/158/222 823/158/224 819/156/215
f 4298/158/222 4300/156/1163 820/156/1157 824/158/225
f 4301/159/213 4302/160/1155 827/160/215 825/159/216
f 4302/160/1155 4301/159/213 826/159/217 828/160/1157
f 4302/160/1155 4303/161/1158 829/161/220 827/160/215
f 4303/161/1158 4302/160/1155 828/160/1157 830/161/1159
f 4303/161/1158 4301/159/213 825/159/216 829/161/220
f 4301/159/213 4303/161/1158 830/161/1159 826/159/217
f 4304/162/222 4305/161/1165 829/161/220 831/162/224
f 4305/161/1165 4304/162/222 832/162/225 830/161/1159
f 4305/161/1165 4306/160/1163 827/160/215 829/161/220
f 4306/160/1163 4305/161/1165 830/161/1159 828/160/1157
f 4306/160/1163 4304/162/222 831/162/224 827/160/215
f 4304/162/222 4306/160/1163 828/160/1157 832/162/225
f 4307/163/213 4308/164/1162 835/164/1156 833/163/216
f 4308/164/1162 4307/163/213 834/163/217 836/164/218
f 4308/164/1162 4309/165/1166 837/165/220 835/164/1156
f 4309/165/1166 4308/164/1162 836/164/218 838/165/1159
f 4309/165/1166 4307/163/213 833/163/216 837/165/220
f 4307/163/213 4309/165/1166 838/165/1159 834/163/217
f 4310/166/222 4311/165/1153 837/165/220 839/166/224
f 4311/165/1153 4310/166/222 840/166/225 838/165/1159
f 4311/165/1153 4312/164/1163 835/164/1156 837/165/220
f 4312/164/1163 4311/165/1153 838/165/1159 836/164/218
f 4312/164/1163 4310/166/222 839/166/224 835/164/1156
f 4310/166/222 4312/164/1163 836/164/218 840/166/225
f 4313/167/1167 4314/168/665 843/168/666 841/167/667
f 4314/168/665 4313/167/1167 842/167/668 844/168/669
f 4314/168/665 4315/169/1168 845/169/671 843/168/666
f 4315/169/1168 4314/168/665 844/168/669 846/169/672
f 4315/169/1168 4313/167/1167 841/167/667 845/169/671
f 4313/167/1167 4315/169/1168 846/169/672 842/167/668
f 4316/167/673 4317/169/1169 845/169/671 841/167/667
f 4317/169/1169 4316/167/673 842/167/668 846/169/672
f 4317/169/1169 4318/170/1170 847/170/676 845/169/671
f 4318/170/1170 4317/169/1169 846/169/672 848/170/677
f 4318/170/1170 4316/167/673 841/167/667 847/170/676
f 4316/167/673 4318/170/1170 848/170/677 842/167/668
f 4319/123/1171 4320/122/665 851/122/666 849/123/667
f 4320/122/665 4319/123/1171 850/123/668 852/122/669
f 4320/122/665 4321/121/1168 853/121/671 851/122/666
f 4321/121/1168 4320/122/665 852/122/669 854/121/672
f 4321/121/1168 4319/123/1171 849/123/667 853/121/671
f 4319/123/1171 4321/121/1168 854/121/672 850/123/668
f 4322/123/673 4323/121/1169 853/121/671 849/123/667
f 4323/121/1169 4322/123/673 850/123/668 854/121/672
f 4323/121/1169 4324/124/1170 855/124/676 853/121/671
f 4324/124/1170 4323/121/1169 854/121/672 856/124/677
f 4324/124/1170 4322/123/673 849/123/667 855/124/676
f 4322/123/673 4324/124/1170 856/124/677 850/123/668
f 4325/171/1171 4326/172/665 859/172/666 857/171/667
f 4326/172/665 4325/171/1171 858/171/668 860/172/669
f 4326/172/665 4327/173/1168 861/173/671 859/172/666
f 4327/173/1168 4326/172/665 860/172/669 862/173/672
f 4327/173/1168 4325/171/1171 857/171/667 861/173/671
f 4325/171/1171 4327/173/1168 862/173/672 858/171/668
f 4328/171/673 4329/173/1169 861/173/671 857/171/667
f 4329/173/1169 4328/171/673 858/171/668 862/173/672
f 4329/173/1169 4330/174/1170 863/174/676 861/173/671
f 4330/174/1170 4329/173/1169 862/173/672 864/174/677
f 4330/174/1170 4328/171/673 857/171/667 863/174/676
f 4328/171/673 4330/174/1170 864/174/677 858/171/668
f 4331/119/1167 4332/175/665 867/175/666 865/119/667
f 4332/175/665 4331/119/1167 866/119/1172 868/175/669
f 4332/175/665 4333/176/1173 869/176/671 867/175/666
f 4333/176/1173 4332/175/665 868/175/669 870/176/1174
f 4333/176/1173 4331/119/1167 865/119/667 869/176/671
f 4331/119/1167 4333/176/1173 870/176/1174 866/119/1172
f 4334/119/1175 4335/176/1169 869/176/671 865/119/667
f 4335/176/1169 4334/119/1175 866/119/1172 870/176/1174
f 4335/176/1169 4336/120/1170 871/120/676 869/176/671
f 4336/120/1170 4335/176/1169 870/176/1174 872/120/677
f 4336/120/1170 4334/119/1175 865/119/667 871/120/676
f 4334/119/1175 4336/120/1170 872/120/677 866/119/1172
f 4337/177/1176 4338/178/1177 875/178/1178 873/177/1179
f 4338/178/1177 4337/177/1176 874/177/1180 876/178/1181
f 4338/178/1177 4339/179/1182 877/179/1183 875/178/1178
f 4339/179/1182 4338/178/1177 876/178/1181 878/179/1184
f 4339/179/1182 4337/177/1176 873/177/1179 877/179/1183
f 4337/177/1176 4339/179/1182 878/179/1184 874/177/1180
f 4340/178/1185 4341/177/1186 873/177/1179 875/178/1178
f 4341/177/1186 4340/178/1185 876/178/1181 874/177/1180
f 4341/177/1186 4342/180/1187 879/180/1188 873/177/1179
f 4342/180/1187 4341/177/1186 874/177/1180 880/180/1189
f 4342/180/1187 4340/178/1185 875/178/1178 879/180/1188
f 4340/178/1185 4342/180/1187 880/180/1189 876/178/1181
f 4343/181/1190 4344/180/1191 879/180/1188 881/181/1192
f 4344/180/1191 4343/181/1190 882/181/1193 880/180/1189
f 4344/180/1191 4345/177/1194 873/177/1179 879/180/1188
f 4345/177/1194 4344/180/1191 880/180/1189 874/177/1180
f 4345/177/1194 4343/181/1190 881/181/1192 873/177/1179
f 4343/181/1190 4345/177/1194 874/177/1180 882/181/1193
f 4346/182/1195 4347/183/665 885/183/666 883/182/667
f 4347/183/665 4346/182/1195 884/182/668 886/183/669
f 4347/183/665 4348/184/670 887/184/1196 885/183/666
f 4348/184/670 4347/183/665 886/183/669 888/184/1174
f 4348/184/670 4346/182/1195 883/182/667 887/184/1196
f 4346/182/1195 4348/184/670 888/184/1174 884/182/668
f 4349/182/673 4350/184/674 887/184/1196 883/182/667
f 4350/184/674 4349/182/673 884/182/668 888/184/1174
f 4350/184/674 4351/185/1170 889/185/676 887/184/1196
f 4351/185/1170 4350/184/674 888/184/1174 890/185/677
f 4351/185/1170 4349/182/673 883/182/667 889/185/676
f 4349/182/673 4351/185/1170 890/185/677 884/182/668
f 4352/171/1171 4353/172/665 893/172/666 891/171/667
f 4353/172/665 4352/171/1171 892/171/668 894/172/669
f 4353/172/665 4354/173/1168 895/173/671 893/172/666
f 4354/173/1168 4353/172/665 894/172/669 896/173/672
f 4354/173/1168 4352/171/1171 891/171/667 895/173/671
f 4352/171/1171 4354/173/1168 896/173/672 892/171/668
f 4355/171/673 4356/173/1169 895/173/671 891/171/667
f 4356/173/1169 4355/171/673 892/171/668 896/173/672
f 4356/173/1169 4357/174/1170 897/174/676 895/173/671
f 4357/174/1170 4356/173/1169 896/173/672 898/174/677
f 4357/174/1170 4355/171/673 891/171/667 897/174/676
f 4355/171/673 4357/174/1170 898/174/677 892/171/668
f 4358/167/1167 4359/168/665 901/168/666 899/167/667
f 4359/168/665 4358/167/1167 900/167/668 902/168/669
f 4359/168/665 4360/169/1168 903/169/671 901/168/666
f 4360/169/1168 4359/168/665 902/168/669 904/169/672
f 4360/169/1168 4358/167/1167 899/167/667 903/169/671
f 4358/167/1167 4360/169/1168 904/169/672 900/167/668
f 4361/167/673 4362/169/1169 903/169/671 899/167/667
f 4362/169/1169 4361/167/673 900/167/668 904/169/672
f 4362/169/1169 4363/170/1170 905/170/676 903/169/671
f 4363/170/1170 4362/169/1169 904/169/672 906/170/677
f 4363/170/1170 4361/167/673 899/167/667 905/170/676
f 4361/167/673 4363/170/1170 906/170/677 900/167/668
f 4364/119/1171 4365/175/665 909/175/666 907/119/667
f 4365/175/665 4364/119/1171 908/119/668 910/175/669
f 4365/175/665 4366/176/1168 911/176/671 909/175/666
f 4366/176/1168 4365/175/665 910/175/669 912/176/672
f 4366/176/1168 4364/119/1171 907/119/667 911/176/671
f 4364/119/1171 4366/176/1168 912/176/672 908/119/668
f 4367/119/673 4368/176/1197 911/176/671 907/119/667
f 4368/176/1197 4367/119/673 908/119/668 912/176/672
f 4368/176/1197 4369/120/1170 913/120/676 911/176/671
f 4369/120/1170 4368/176/1197 912/176/672 914/120/677
f 4369/120/1170 4367/119/673 907/119/667 913/120/676
f 4367/119/673 4369/120/1170 914/120/677 908/119/668
f 4370/123/1171 4371/122/665 917/122/666 915/123/667
f 4371/122/665 4370/123/1171 916/123/668 918/122/669
f 4371/122/665 4372/121/1168 919/121/671 917/122/666
f 4372/121/1168 4371/122/665 918/122/669 920/121/672
f 4372/121/1168 4370/123/1171 915/123/667 919/121/671
f 4370/123/1171 4372/121/1168 920/121/672 916/123/668
f 4373/123/673 4374/121/1197 919/121/671 915/123/667
f 4374/121/1197 4373/123/673 916/123/668 920/121/672
f 4374/121/1197 4375/124/1170 921/124/676 919/121/671
f 4375/124/1170 4374/121/1197 920/121/672 922/124/677
f 4375/124/1170 4373/123/673 915/123/667 921/124/676
f 4373/123/673 4375/124/1170 922/124/677 916/123/668
f 4376/121/1198 4377/122/1199 925/122/116 923/121/797
f 4377/122/1199 4376/121/1198 924/121/850 926/122/851
f 4377/122/1199 4378/119/1200 927/119/801 925/122/116
f 4378/119/1200 4377/122/1199 926/122/851 928/119/802
f 4378/119/1200 4376/121/1198 923/121/797 927/119/801
f 4376/121/1198 4378/119/1200 928/119/802 924/121/850
f 4379/121/1201 4380/119/1202 927/119/801 923/121/797
f 4380/119/1202 4379/121/1201 924/121/850 928/119/802
f 4380/119/1202 4381/120/864 929/120/1203 927/119/801
f 4381/120/864 4380/119/1202 928/119/802 930/120/856
f 4381/120/864 4379/121/1201 923/121/797 929/120/1203
f 4379/121/1201 4381/120/864 930/120/856 924/121/850
f 4382/125/794 4383/126/1199 933/126/116 931/125/797
f 4383/126/1199 4382/125/794 932/125/798 934/126/851
f 4383/126/1199 4384/123/1204 935/123/801 933/126/116
f 4384/123/1204 4383/126/1199 934/126/851 936/123/853
f 4384/123/1204 4382/125/794 931/125/797 935/123/801
f 4382/125/794 4384/123/1204 936/123/853 932/125/798
f 4385/125/1205 4386/123/1206 935/123/801 931/125/797
f 4386/123/1206 4385/125/1205 932/125/798 936/123/853
f 4386/123/1206 4387/124/864 937/124/1203 935/123/801
f 4387/124/864 4386/123/1206 936/123/853 938/124/856
f 4387/124/864 4385/125/1205 931/125/797 937/124/1203
f 4385/125/1205 4387/124/864 938/124/856 932/125/798
f 4388/125/794 4389/126/795 941/126/796 939/125/797
f 4389/126/795 4388/125/794 940/125/798 942/126/792
f 4389/126/795 4390/123/852 943/123/801 941/126/796
f 4390/123/852 4389/126/795 942/126/792 944/123/802
f 4390/123/852 4388/125/794 939/125/797 943/123/801
f 4388/125/794 4390/123/852 944/123/802 940/125/798
f 4391/125/854 4392/123/1207 943/123/801 939/125/797
f 4392/123/1207 4391/125/854 940/125/798 944/123/802
f 4392/123/1207 4393/124/72 945/124/806 943/123/801
f 4393/124/72 4392/123/1207 944/123/802 946/124/1208
f 4393/124/72 4391/125/854 939/125/797 945/124/806
f 4391/125/854 4393/124/72 946/124/1208 940/125/798
f 4394/121/1209 4395/122/795 949/122/796 947/121/797
f 4395/122/795 4394/121/1209 948/121/798 950/122/792
f 4395/122/795 4396/119/852 951/119/801 949/122/796
f 4396/119/852 4395/122/795 950/122/792 952/119/802
f 4396/119/852 4394/121/1209 947/121/797 951/119/801
f 4394/121/1209 4396/119/852 952/119/802 948/121/798
f 4397/121/1210 4398/119/1207 951/119/801 947/121/797
f 4398/119/1207 4397/121/1210 948/121/798 952/119/802
f 4398/119/1207 4399/120/72 953/120/806 951/119/801
f 4399/120/72 4398/119/1207 952/119/802 954/120/1208
f 4399/120/72 4397/121/1210 947/121/797 953/120/806
f 4397/121/1210 4399/120/72 954/120/1208 948/121/798
f 4400/112/1211 4401/114/795 957/114/796 955/112/1212
f 4401/114/795 4400/112/1211 956/112/1213 958/114/792
f 4401/114/795 4402/118/1214 959/118/1215 957/114/796
f 4402/118/1214 4401/114/795 958/114/792 960/118/1216
f 4402/118/1214 4400/112/1211 955/112/1212 959/118/1215
f 4400/112/1211 4402/118/1214 960/118/1216 956/112/1213
f 4403/112/1217 4404/118/1218 959/118/1215 955/112/1212
f 4404/118/1218 4403/112/1217 956/112/1213 960/118/1216
f 4404/118/1218 4405/111/72 961/111/806 959/118/1215
f 4405/111/72 4404/118/1218 960/118/1216 962/111/1208
f 4405/111/72 4403/112/1217 955/112/1212 961/111/806
f 4403/112/1217 4405/111/72 962/111/1208 956/112/1213
f 4406/121/1209 4407/122/795 965/122/116 963/121/797
f 4407/122/795 4406/121/1209 964/121/798 966/122/792
f 4407/122/795 4408/119/1219 967/119/801 965/122/116
f 4408/119/1219 4407/122/795 966/122/792 968/119/802
f 4408/119/1219 4406/121/1209 963/121/797 967/119/801
f 4406/121/1209 4408/119/1219 968/119/802 964/121/798
f 4409/121/1210 4410/119/1202 967/119/801 963/121/797
f 4410/119/1202 4409/121/1210 964/121/798 968/119/802
f 4410/119/1202 4411/120/72 969/120/1203 967/119/801
f 4411/120/72 4410/119/1202 968/119/802 970/120/1208
f 4411/120/72 4409/121/1210 963/121/797 969/120/1203
f 4409/121/1210 4411/120/72 970/120/1208 964/121/798
f 4412/125/794 4413/126/795 973/126/116 971/125/797
f 4413/126/795 4412/125/794 972/125/798 974/126/792
f 4413/126/795 4414/123/852 975/123/801 973/126/116
f 4414/123/852 4413/126/795 974/126/792 976/123/802
f 4414/123/852 4412/125/794 971/125/797 975/123/801
f 4412/125/794 4414/123/852 976/123/802 972/125/798
f 4415/125/1210 4416/123/1207 975/123/801 971/125/797
f 4416/123/1207 4415/125/1210 972/125/798 976/123/802
f 4416/123/1207 4417/124/72 977/124/1203 975/123/801
f 4417/124/72 4416/123/1207 976/123/802 978/124/1208
f 4417/124/72 4415/125/1210 971/125/797 977/124/1203
f 4415/125/1210 4417/124/72 978/124/1208 972/125/798
f 4418/125/794 4419/126/795 981/126/796 979/125/797
f 4419/126/795 4418/125/794 980/125/798 982/126/792
f 4419/126/795 4420/123/1219 983/123/801 981/126/796
f 4420/123/1219 4419/126/795 982/126/792 984/123/802
f 4420/123/1219 4418/125/794 979/125/797 983/123/801
f 4418/125/794 4420/123/1219 984/123/802 980/125/798
f 4421/125/854 4422/123/1207 983/123/801 979/125/797
f 4422/123/1207 4421/125/854 980/125/798 984/123/802
f 4422/123/1207 4423/124/72 985/124/806 983/123/801
f 4423/124/72 4422/123/1207 984/123/802 986/124/1208
f 4423/124/72 4421/125/854 979/125/797 985/124/806
f 4421/125/854 4423/124/72 986/124/1208 980/125/798
f 4424/121/1209 4425/122/795 989/122/796 987/121/797
f 4425/122/795 4424/121/1209 988/121/798 990/122/792
f 4425/122/795 4426/119/852 991/119/801 989/122/796
f 4426/119/852 4425/122/795 990/122/792 992/119/802
f 4426/119/852 4424/121/1209 987/121/797 991/119/801
f 4424/121/1209 4426/119/852 992/119/802 988/121/798
f 4427/121/1220 4428/119/1207 991/119/801 987/121/797
f 4428/119/1207 4427/121/1220 988/121/798 992/119/802
f 4428/119/1207 4429/120/72 993/120/806 991/119/801
f 4429/120/72 4428/119/1207 992/119/802 994/120/1208
f 4429/120/72 4427/121/1220 987/121/797 993/120/806
f 4427/121/1220 4429/120/72 994/120/1208 988/121/798
f 4430/186/1221 4431/187/1222 997/187/1223 995/186/1224
f 4431/187/1222 4430/186/1221 996/186/1225 998/187/1226
f 4431/187/1222 4432/188/1227 999/188/1228 997/187/1223
f 4432/188/1227 4431/187/1222 998/187/1226 1000/188/1229
f 4432/188/1227 4430/186/1221 995/186/1224 999/188/1228
f 4430/186/1221 4432/188/1227 1000/188/1229 996/186/1225
f 4433/187/1230 4434/186/1231 995/186/1224 997/187/1223
f 4434/186/1231 4433/187/1230 998/187/1226 996/186/1225
f 4434/186/1231 4435/189/340 1001/189/1232 995/186/1224
f 4435/189/340 4434/186/1231 996/186/1225 1002/189/1233
f 4435/189/340 4433/187/1230 997/187/1223 1001/189/1232
f 4433/187/1230 4435/189/340 1002/189/1233 998/187/1226
f 4436/190/1221 4437/191/1222 1005/191/1223 1003/190/1224
f 4437/191/1222 4436/190/1221 1004/190/1225 1006/191/1226
f 4437/191/1222 4438/192/1227 1007/192/1228 1005/191/1223
f 4438/192/1227 4437/191/1222 1006/191/1226 1008/192/1229
f 4438/192/1227 4436/190/1221 1003/190/1224 1007/192/1228
f 4436/190/1221 4438/192/1227 1008/192/1229 1004/190/1225
f 4439/191/1230 4440/190/1231 1003/190/1224 1005/191/1223
f 4440/190/1231 4439/191/1230 1006/191/1226 1004/190/1225
f 4440/190/1231 4441/193/340 1009/193/1232 1003/190/1224
f 4441/193/340 4440/190/1231 1004/190/1225 1010/193/1233
f 4441/193/340 4439/191/1230 1005/191/1223 1009/193/1232
f 4439/191/1230 4441/193/340 1010/193/1233 1006/191/1226
f 4442/145/1221 4443/144/1222 1013/144/1223 1011/145/1234
f 4443/144/1222 4442/145/1221 1012/145/1235 1014/144/1226
f 4443/144/1222 4444/146/1227 1015/146/1228 1013/144/1223
f 4444/146/1227 4443/144/1222 1014/144/1226 1016/146/1229
f 4444/146/1227 4442/145/1221 1011/145/1234 1015/146/1228
f 4442/145/1221 4444/146/1227 1016/146/1229 1012/145/1235
f 4445/144/1230 4446/145/1236 1011/145/1234 1013/144/1223
f 4446/145/1236 4445/144/1230 1014/144/1226 1012/145/1235
f 4446/145/1236 4447/143/340 1017/143/1232 1011/145/1234
f 4447/143/340 4446/145/1236 1012/145/1235 1018/143/1233
f 4447/143/340 4445/144/1230 1013/144/1223 1017/143/1232
f 4445/144/1230 4447/143/340 1018/143/1233 1014/144/1226
f 4448/194/1237 4449/195/1238 1021/195/1239 1019/194/1224
f 4449/195/1238 4448/194/1237 1020/194/1225 1022/195/1240
f 4449/195/1238 4450/196/1227 1023/196/1228 1021/195/1239
f 4450/196/1227 4449/195/1238 1022/195/1240 1024/196/1229
f 4450/196/1227 4448/194/1237 1019/194/1224 1023/196/1228
f 4448/194/1237 4450/196/1227 1024/196/1229 1020/194/1225
f 4451/195/1241 4452/194/1231 1019/194/1224 1021/195/1239
f 4452/194/1231 4451/195/1241 1022/195/1240 1020/194/1225
f 4452/194/1231 4453/197/340 1025/197/1232 1019/194/1224
f 4453/197/340 4452/194/1231 1020/194/1225 1026/197/1233
f 4453/197/340 4451/195/1241 1021/195/1239 1025/197/1232
f 4451/195/1241 4453/197/340 1026/197/1233 1022/195/1240
f 4454/137/1221 4455/136/1222 1029/136/1223 1027/137/1234
f 4455/136/1222 4454/137/1221 1028/137/1235 1030/136/1226
f 4455/136/1222 4456/138/1227 1031/138/1228 1029/136/1223
f 4456/138/1227 4455/136/1222 1030/136/1226 1032/138/1229
f 4456/138/1227 4454/137/1221 1027/137/1234 1031/138/1228
f 4454/137/1221 4456/138/1227 1032/138/1229 1028/137/1235
f 4457/136/1230 4458/137/1236 1027/137/1234 1029/136/1223
f 4458/137/1236 4457/136/1230 1030/136/1226 1028/137/1235
f 4458/137/1236 4459/135/340 1033/135/1232 1027/137/1234
f 4459/135/340 4458/137/1236 1028/137/1235 1034/135/1233
f 4459/135/340 4457/136/1230 1029/136/1223 1033/135/1232
f 4457/136/1230 4459/135/340 1034/135/1233 1030/136/1226
f 4460/198/1237 4461/127/1238 1037/127/1223 1035/198/1224
f 4461/127/1238 4460/198/1237 1036/198/1225 1038/127/1240
f 4461/127/1238 4462/199/1227 1039/199/1228 1037/127/1223
f 4462/199/1227 4461/127/1238 1038/127/1240 1040/199/1229
f 4462/199/1227 4460/198/1237 1035/198/1224 1039/199/1228
f 4460/198/1237 4462/199/1227 1040/199/1229 1036/198/1225
f 4463/127/1241 4464/198/1231 1035/198/1224 1037/127/1223
f 4464/198/1231 4463/127/1241 1038/127/1240 1036/198/1225
f 4464/198/1231 4465/200/340 1041/200/1232 1035/198/1224
f 4465/200/340 4464/198/1231 1036/198/1225 1042/200/1233
f 4465/200/340 4463/127/1241 1037/127/1223 1041/200/1232
f 4463/127/1241 4465/200/340 1042/200/1233 1038/127/1240
f 4466/201/1237 4467/202/1238 1045/202/1223 1043/201/1224
f 4467/202/1238 4466/201/1237 1044/201/1235 1046/202/1240
f 4467/202/1238 4468/130/1227 1047/130/1228 1045/202/1223
f 4468/130/1227 4467/202/1238 1046/202/1240 1048/130/1229
f 4468/130/1227 4466/201/1237 1043/201/1224 1047/130/1228
f 4466/201/1237 4468/130/1227 1048/130/1229 1044/201/1235
f 4469/202/1241 4470/201/1231 1043/201/1224 1045/202/1223
f 4470/201/1231 4469/202/1241 1046/202/1240 1044/201/1235
f 4470/201/1231 4471/203/340 1049/203/1232 1043/201/1224
f 4471/203/340 4470/201/1231 1044/201/1235 1050/203/1233
f 4471/203/340 4469/202/1241 1045/202/1223 1049/203/1232
f 4469/202/1241 4471/203/340 1050/203/1233 1046/202/1240
f 4472/204/1237 4473/205/1242 1053/205/1223 1051/204/1224
f 4473/205/1242 4472/204/1237 1052/204/1225 1054/205/1226
f 4473/205/1242 4474/206/1227 1055/206/1228 1053/205/1223
f 4474/206/1227 4473/205/1242 1054/205/1226 1056/206/1229
f 4474/206/1227 4472/204/1237 1051/204/1224 1055/206/1228
f 4472/204/1237 4474/206/1227 1056/206/1229 1052/204/1225
f 4475/205/1241 4476/204/1231 1051/204/1224 1053/205/1223
f 4476/204/1231 4475/205/1241 1054/205/1226 1052/204/1225
f 4476/204/1231 4477/207/340 1057/207/1232 1051/204/1224
f 4477/207/340 4476/204/1231 1052/204/1225 1058/207/1233
f 4477/207/340 4475/205/1241 1053/205/1223 1057/207/1232
f 4475/205/1241 4477/207/340 1058/207/1233 1054/205/1226
f 4478/151/1243 4479/208/1244 1061/208/1245 1059/151/1246
f 4479/208/1244 4478/151/1243 1060/151/1247 1062/208/1248
f 4479/208/1244 4480/209/1249 1063/209/1250 1061/208/1245
f 4480/209/1249 4479/208/1244 1062/208/1248 1064/209/1251
f 4480/209/1249 4478/151/1243 1059/151/1246 1063/209/1250
f 4478/151/1243 4480/209/1249 1064/209/1251 1060/151/1247
f 4481/208/1252 4482/151/1253 1059/151/1246 1061/208/1245
f 4482/151/1253 4481/208/1252 1062/208/1248 1060/151/1247
f 4482/151/1253 4483/149/1254 1065/149/1255 1059/151/1246
f 4483/149/1254 4482/151/1253 1060/151/1247 1066/149/1256
f 4483/149/1254 4481/208/1252 1061/208/1245 1065/149/1255
f 4481/208/1252 4483/149/1254 1066/149/1256 1062/208/1248
f 4484/210/1257 4485/211/1238 1069/211/1239 1067/210/1224
f 4485/211/1238 4484/210/1257 1068/210/1225 1070/211/1240
f 4485/211/1238 4486/212/1258 1071/212/1228 1069/211/1239
f 4486/212/1258 4485/211/1238 1070/211/1240 1072/212/1229
f 4486/212/1258 4484/210/1257 1067/210/1224 1071/212/1228
f 4484/210/1257 4486/212/1258 1072/212/1229 1068/210/1225
f 4487/211/1241 4488/210/338 1067/210/1224 1069/211/1239
f 4488/210/338 4487/211/1241 1070/211/1240 1068/210/1225
f 4488/210/338 4489/213/340 1073/213/1232 1067/210/1224
f 4489/213/340 4488/210/338 1068/210/1225 1074/213/1259
f 4489/213/340 4487/211/1241 1069/211/1239 1073/213/1232
f 4487/211/1241 4489/213/340 1074/213/1259 1070/211/1240
f 4490/125/1260 4491/214/1261 1077/214/1071 1075/125/1262
f 4491/214/1261 4490/125/1260 1076/125/1263 1078/214/1072
f 4491/214/1261 4492/215/1264 1079/215/1265 1077/214/1071
f 4492/215/1264 4491/214/1261 1078/214/1072 1080/215/1266
f 4492/215/1264 4490/125/1260 1075/125/1262 1079/215/1265
f 4490/125/1260 4492/215/1264 1080/215/1266 1076/125/1263
f 4493/125/1267 4494/215/1268 1079/215/1265 1075/125/1262
f 4494/215/1268 4493/125/1267 1076/125/1263 1080/215/1266
f 4494/215/1268 4495/126/1075 1081/126/1076 1079/215/1265
f 4495/126/1075 4494/215/1268 1080/215/1266 1082/126/1077
f 4495/126/1075 4493/125/1267 1075/125/1262 1081/126/1076
f 4493/125/1267 4495/126/1075 1082/126/1077 1076/125/1263
f 4496/216/1064 4497/217/1065 1085/217/1066 1083/216/1067
f 4497/217/1065 4496/216/1064 1084/216/1068 1086/217/1069
f 4497/217/1065 4498/218/1261 1087/218/1071 1085/217/1066
f 4498/218/1261 4497/217/1065 1086/217/1069 1088/218/1072
f 4498/218/1261 4496/216/1064 1083/216/1067 1087/218/1071
f 4496/216/1064 4498/218/1261 1088/218/1072 1084/216/1068
f 4499/217/1269 4500/216/1270 1083/216/1067 1085/217/1066
f 4500/216/1270 4499/217/1269 1086/217/1069 1084/216/1068
f 4500/216/1270 4501/219/1075 1089/219/1076 1083/216/1067
f 4501/219/1075 4500/216/1270 1084/216/1068 1090/219/1077
f 4501/219/1075 4499/217/1269 1085/217/1066 1089/219/1076
f 4499/217/1269 4501/219/1075 1090/219/1077 1086/217/1069
f 4502/121/1271 4503/124/1261 1093/124/1071 1091/121/1066
f 4503/124/1261 4502/121/1271 1092/121/1069 1094/124/1072
f 4503/124/1261 4504/123/1064 1095/123/1067 1093/124/1071
f 4504/123/1064 4503/124/1261 1094/124/1072 1096/123/1068
f 4504/123/1064 4502/121/1271 1091/121/1066 1095/123/1067
f 4502/121/1271 4504/123/1064 1096/123/1068 1092/121/1069
f 4505/121/1269 4506/123/1270 1095/123/1067 1091/121/1066
f 4506/123/1270 4505/121/1269 1092/121/1069 1096/123/1068
f 4506/123/1270 4507/122/1075 1097/122/1076 1095/123/1067
f 4507/122/1075 4506/123/1270 1096/123/1068 1098/122/1077
f 4507/122/1075 4505/121/1269 1091/121/1066 1097/122/1076
f 4505/121/1269 4507/122/1075 1098/122/1077 1092/121/1069
f 4508/220/1064 4509/221/1271 1101/221/1066 1099/220/1067
f 4509/221/1271 4508/220/1064 1100/220/1068 1102/221/1069
f 4509/221/1271 4510/222/1261 1103/222/1071 1101/221/1066
f 4510/222/1261 4509/221/1271 1102/221/1069 1104/222/1072
f 4510/222/1261 4508/220/1064 1099/220/1067 1103/222/1071
f 4508/220/1064 4510/222/1261 1104/222/1072 1100/220/1068
f 4511/221/1269 4512/220/1270 1099/220/1067 1101/221/1066
f 4512/220/1270 4511/221/1269 1102/221/1069 1100/220/1068
f 4512/220/1270 4513/223/1075 1105/223/1076 1099/220/1067
f 4513/223/1075 4512/220/1270 1100/220/1068 1106/223/1077
f 4513/223/1075 4511/221/1269 1101/221/1066 1105/223/1076
f 4511/221/1269 4513/223/1075 1106/223/1077 1102/221/1069
f 4514/224/1186 4515/225/1185 1109/225/1181 1107/224/1180
f 4515/225/1185 4514/224/1186 1108/224/1179 1110/225/1178
f 4515/225/1185 4516/226/1187 1111/226/1189 1109/225/1181
f 4516/226/1187 4515/225/1185 1110/225/1178 1112/226/1188
f 4516/226/1187 4514/224/1186 1107/224/1180 1111/226/1189
f 4514/224/1186 4516/226/1187 1112/226/1188 1108/224/1179
f 4517/225/1177 4518/224/1176 1107/224/1180 1109/225/1181
f 4518/224/1176 4517/225/1177 1110/225/1178 1108/224/1179
f 4518/224/1176 4519/227/1182 1113/227/1184 1107/224/1180
f 4519/227/1182 4518/224/1176 1108/224/1179 1114/227/1183
f 4519/227/1182 4517/225/1177 1109/225/1181 1113/227/1184
f 4517/225/1177 4519/227/1182 1114/227/1183 1110/225/1178
f 4520/226/1191 4521/228/1190 1115/228/1193 1111/226/1189
f 4521/228/1190 4520/226/1191 1112/226/1188 1116/228/1192
f 4521/228/1190 4522/224/1194 1107/224/1180 1115/228/1193
f 4522/224/1194 4521/228/1190 1116/228/1192 1108/224/1179
f 4522/224/1194 4520/226/1191 1111/226/1189 1107/224/1180
f 4520/226/1191 4522/224/1194 1108/224/1179 1112/226/1188
f 4523/229/1064 4524/230/1065 1119/230/1262 1117/229/1067
f 4524/230/1065 4523/229/1064 1118/229/1068 1120/230/1263
f 4524/230/1065 4525/231/1261 1121/231/1071 1119/230/1262
f 4525/231/1261 4524/230/1065 1120/230/1263 1122/231/1072
f 4525/231/1261 4523/229/1064 1117/229/1067 1121/231/1071
f 4523/229/1064 4525/231/1261 1122/231/1072 1118/229/1068
f 4526/230/1073 4527/229/1272 1117/229/1067 1119/230/1262
f 4527/229/1272 4526/230/1073 1120/230/1263 1118/229/1068
f 4527/229/1272 4528/232/1075 1123/232/1076 1117/229/1067
f 4528/232/1075 4527/229/1272 1118/229/1068 1124/232/1077
f 4528/232/1075 4526/230/1073 1119/230/1262 1123/232/1076
f 4526/230/1073 4528/232/1075 1124/232/1077 1120/230/1263
f 4529/220/1064 4530/221/1271 1127/221/1066 1125/220/1265
f 4530/221/1271 4529/220/1064 1126/220/1266 1128/221/1069
f 4530/221/1271 4531/222/1261 1129/222/1071 1127/221/1066
f 4531/222/1261 4530/221/1271 1128/221/1069 1130/222/1072
f 4531/222/1261 4529/220/1064 1125/220/1265 1129/222/1071
f 4529/220/1064 4531/222/1261 1130/222/1072 1126/220/1266
f 4532/221/1269 4533/220/1270 1125/220/1265 1127/221/1066
f 4533/220/1270 4532/221/1269 1128/221/1069 1126/220/1266
f 4533/220/1270 4534/223/1075 1131/223/1076 1125/220/1265
f 4534/223/1075 4533/220/1270 1126/220/1266 1132/223/1077
f 4534/223/1075 4532/221/1269 1127/221/1066 1131/223/1076
f 4532/221/1269 4534/223/1075 1132/223/1077 1128/221/1069
f 4535/125/1271 4536/214/1261 1135/214/1071 1133/125/1066
f 4536/214/1261 4535/125/1271 1134/125/1069 1136/214/1072
f 4536/214/1261 4537/215/1264 1137/215/1067 1135/214/1071
f 4537/215/1264 4536/214/1261 1136/214/1072 1138/215/1068
f 4537/215/1264 4535/125/1271 1133/125/1066 1137/215/1067
f 4535/125/1271 4537/215/1264 1138/215/1068 1134/125/1069
f 4538/125/1267 4539/215/1270 1137/215/1067 1133/125/1066
f 4539/215/1270 4538/125/1267 1134/125/1069 1138/215/1068
f 4539/215/1270 4540/126/1075 1139/126/1076 1137/215/1067
f 4540/126/1075 4539/215/1270 1138/215/1068 1140/126/1077
f 4540/126/1075 4538/125/1267 1133/125/1066 1139/126/1076
f 4538/125/1267 4540/126/1075 1140/126/1077 1134/125/1069
f 4541/121/1271 4542/124/1261 1143/124/1071 1141/121/1066
f 4542/124/1261 4541/121/1271 1142/121/1069 1144/124/1072
f 4542/124/1261 4543/123/1273 1145/123/1067 1143/124/1071
f 4543/123/1273 4542/124/1261 1144/124/1072 1146/123/1068
f 4543/123/1273 4541/121/1271 1141/121/1066 1145/123/1067
f 4541/121/1271 4543/123/1273 1146/123/1068 1142/121/1069
f 4544/121/1269 4545/123/1270 1145/123/1067 1141/121/1066
f 4545/123/1270 4544/121/1269 1142/121/1069 1146/123/1068
f 4545/123/1270 4546/122/1075 1147/122/1076 1145/123/1067
f 4546/122/1075 4545/123/1270 1146/123/1068 1148/122/1077
f 4546/122/1075 4544/121/1269 1141/121/1066 1147/122/1076
f 4544/121/1269 4546/122/1075 1148/122/1077 1142/121/1069
f 4547/216/1273 4548/217/1065 1151/217/1066 1149/216/1067
f 4548/217/1065 4547/216/1273 1150/216/1068 1152/217/1069
f 4548/217/1065 4549/218/1261 1153/218/1071 1151/217/1066
f 4549/218/1261 4548/217/1065 1152/217/1069 1154/218/1072
f 4549/218/1261 4547/216/1273 1149/216/1067 1153/218/1071
f 4547/216/1273 4549/218/1261 1154/218/1072 1150/216/1068
f 4550/217/1269 4551/216/1270 1149/216/1067 1151/217/1066
f 4551/216/1270 4550/217/1269 1152/217/1069 1150/216/1068
f 4551/216/1270 4552/219/1075 1155/219/1076 1149/216/1067
f 4552/219/1075 4551/216/1270 1150/216/1068 1156/219/1077
f 4552/219/1075 4550/217/1269 1151/217/1066 1155/219/1076
f 4550/217/1269 4552/219/1075 1156/219/1077 1152/217/1069
usemtl Meshpart3Mtl.001
f 4553/233/1274 4554/234/1275 1159/234/1276 1157/233/1277
f 4554/234/1275 4553/233/1274 1158/233/1278 1160/234/1279
f 4554/234/1275 4555/235/1280 1161/235/1281 1159/234/1276
f 4555/235/1280 4554/234/1275 1160/234/1279 1162/235/1282
f 4555/235/1280 4553/233/1274 1157/233/1277 1161/235/1281
f 4553/233/1274 4555/235/1280 1162/235/1282 1158/233/1278
f 4556/236/1283 4557/235/1284 1161/235/1281 1163/236/1285
f 4557/235/1284 4556/236/1283 1164/236/1286 1162/235/1282
f 4557/235/1284 4558/234/1287 1159/234/1276 1161/235/1281
f 4558/234/1287 4557/235/1284 1162/235/1282 1160/234/1279
f 4558/234/1287 4556/236/1283 1163/236/1285 1159/234/1276
f 4556/236/1283 4558/234/1287 1160/234/1279 1164/236/1286
f 4559/235/1288 4560/237/1289 1165/237/1290 1161/235/1281
f 4560/237/1289 4559/235/1288 1162/235/1282 1166/237/1291
f 4560/237/1289 4561/233/1292 1157/233/1277 1165/237/1290
f 4561/233/1292 4560/237/1289 1166/237/1291 1158/233/1278
f 4561/233/1292 4559/235/1288 1161/235/1281 1157/233/1277
f 4559/235/1288 4561/233/1292 1158/233/1278 1162/235/1282
f 4562/238/1293 4563/237/1294 1165/237/1290 1167/238/1295
f 4563/237/1294 4562/238/1293 1168/238/1296 1166/237/1291
f 4563/237/1294 4564/235/1297 1161/235/1281 1165/237/1290
f 4564/235/1297 4563/237/1294 1166/237/1291 1162/235/1282
f 4564/235/1297 4562/238/1293 1167/238/1295 1161/235/1281
f 4562/238/1293 4564/235/1297 1162/235/1282 1168/238/1296
f 4565/237/1298 4566/238/1299 1167/238/1295 1165/237/1290
f 4566/238/1299 4565/237/1298 1166/237/1291 1168/238/1296
f 4566/238/1299 4567/239/1300 1169/239/1301 1167/238/1295
f 4567/239/1300 4566/238/1299 1168/238/1296 1170/239/1302
f 4567/239/1300 4565/237/1298 1165/237/1290 1169/239/1301
f 4565/237/1298 4567/239/1300 1170/239/1302 1166/237/1291
f 4568/238/1303 4569/240/1304 1171/240/1305 1167/238/1295
f 4569/240/1304 4568/238/1303 1168/238/1296 1172/240/1306
f 4569/240/1304 4570/239/1307 1169/239/1301 1171/240/1305
f 4570/239/1307 4569/240/1304 1172/240/1306 1170/239/1302
f 4570/239/1307 4568/238/1303 1167/238/1295 1169/239/1301
f 4568/238/1303 4570/239/1307 1170/239/1302 1168/238/1296
f 4571/235/1308 4572/241/1309 1173/241/1310 1161/235/1281
f 4572/241/1309 4571/235/1308 1162/235/1282 1174/241/1311
f 4572/241/1309 4573/238/1312 1167/238/1295 1173/241/1310
f 4573/238/1312 4572/241/1309 1174/241/1311 1168/238/1296
f 4573/238/1312 4571/235/1308 1161/235/1281 1167/238/1295
f 4571/235/1308 4573/238/1312 1168/238/1296 1162/235/1282
f 4574/241/1313 4575/235/1314 1161/235/1281 1173/241/1310
f 4575/235/1314 4574/241/1313 1174/241/1311 1162/235/1282
f 4575/235/1314 4576/242/1315 1175/242/1316 1161/235/1281
f 4576/242/1315 4575/235/1314 1162/235/1282 1176/242/1317
f 4576/242/1315 4574/241/1313 1173/241/1310 1175/242/1316
f 4574/241/1313 4576/242/1315 1176/242/1317 1174/241/1311
f 4577/243/1318 4578/240/1319 1179/240/1320 1177/243/1321
f 4578/240/1319 4577/243/1318 1178/243/1322 1180/240/1323
f 4578/240/1319 4579/238/1324 1181/238/1325 1179/240/1320
f 4579/238/1324 4578/240/1319 1180/240/1323 1182/238/1326
f 4579/238/1324 4577/243/1318 1177/243/1321 1181/238/1325
f 4577/243/1318 4579/238/1324 1182/238/1326 1178/243/1322
f 4580/243/1327 4581/238/1328 1181/238/1325 1177/243/1321
f 4581/238/1328 4580/243/1327 1178/243/1322 1182/238/1326
f 4581/238/1328 4582/241/12 1183/241/1329 1181/238/1325
f 4582/241/12 4581/238/1328 1182/238/1326 1184/241/1330
f 4582/241/12 4580/243/1327 1177/243/1321 1183/241/1329
f 4580/243/1327 4582/241/12 1184/241/1330 1178/243/1322
f 4583/244/1331 4584/239/1332 1187/239/1333 1185/244/1334
f 4584/239/1332 4583/244/1331 1186/244/1335 1188/239/1336
f 4584/239/1332 4585/240/1337 1179/240/1338 1187/239/1333
f 4585/240/1337 4584/239/1332 1188/239/1336 1180/240/1339
f 4585/240/1337 4583/244/1331 1185/244/1334 1179/240/1338
f 4583/244/1331 4585/240/1337 1180/240/1339 1186/244/1335
f 4586/244/1340 4587/245/1341 1189/245/1342 1185/244/1334
f 4587/245/1341 4586/244/1340 1186/244/1335 1190/245/26
f 4587/245/1341 4588/239/27 1187/239/1333 1189/245/1342
f 4588/239/27 4587/245/1341 1190/245/26 1188/239/1336
f 4588/239/27 4586/244/1340 1185/244/1334 1187/239/1333
f 4586/244/1340 4588/239/27 1188/239/1336 1186/244/1335
f 4589/241/1343 4590/242/1344 1191/242/1345 1183/241/1346
f 4590/242/1344 4589/241/1343 1184/241/1347 1192/242/1348
f 4590/242/1344 4591/246/1349 1193/246/1350 1191/242/1345
f 4591/246/1349 4590/242/1344 1192/242/1348 1194/246/1351
f 4591/246/1349 4589/241/1343 1183/241/1346 1193/246/1350
f 4589/241/1343 4591/246/1349 1194/246/1351 1184/241/1347
f 4592/246/1352 4593/242/1353 1191/242/1345 1193/246/1350
f 4593/242/1353 4592/246/1352 1194/246/1351 1192/242/1348
f 4593/242/1353 4594/247/1354 1195/247/1355 1191/242/1345
f 4594/247/1354 4593/242/1353 1192/242/1348 1196/247/1356
f 4594/247/1354 4592/246/1352 1193/246/1350 1195/247/1355
f 4592/246/1352 4594/247/1354 1196/247/1356 1194/246/1351
f 4595/242/1357 4596/235/1358 1197/235/1359 1191/242/1360
f 4596/235/1358 4595/242/1357 1192/242/5 1198/235/1361
f 4596/235/1358 4597/236/1362 1199/236/1363 1197/235/1359
f 4597/236/1362 4596/235/1358 1198/235/1361 1200/236/1364
f 4597/236/1362 4595/242/1357 1191/242/1360 1199/236/1363
f 4595/242/1357 4597/236/1362 1200/236/1364 1192/242/5
f 4598/242/1365 4599/236/1366 1199/236/1363 1191/242/1360
f 4599/236/1366 4598/242/1365 1192/242/5 1200/236/1364
f 4599/236/1366 4600/248/1367 1201/248/1368 1199/236/1363
f 4600/248/1367 4599/236/1366 1200/236/1364 1202/248/1369
f 4600/248/1367 4598/242/1365 1191/242/1360 1201/248/1368
f 4598/242/1365 4600/248/1367 1202/248/1369 1192/242/5
f 4601/236/1370 4602/249/1371 1203/249/1372 1199/236/1373
f 4602/249/1371 4601/236/1370 1200/236/1374 1204/249/1375
f 4602/249/1371 4603/250/1376 1205/250/1377 1203/249/1372
f 4603/250/1376 4602/249/1371 1204/249/1375 1206/250/1378
f 4603/250/1376 4601/236/1370 1199/236/1373 1205/250/1377
f 4601/236/1370 4603/250/1376 1206/250/1378 1200/236/1374
f 4604/236/1379 4605/234/1380 1207/234/1381 1199/236/1373
f 4605/234/1380 4604/236/1379 1200/236/1374 1208/234/1382
f 4605/234/1380 4606/249/1383 1203/249/1372 1207/234/1381
f 4606/249/1383 4605/234/1380 1208/234/1382 1204/249/1375
f 4606/249/1383 4604/236/1379 1199/236/1373 1203/249/1372
f 4604/236/1379 4606/249/1383 1204/249/1375 1200/236/1374
f 4607/246/1384 4608/247/1385 1211/247/1345 1209/246/1386
f 4608/247/1385 4607/246/1384 1210/246/1387 1212/247/1388
f 4608/247/1385 4609/251/1349 1213/251/1350 1211/247/1345
f 4609/251/1349 4608/247/1385 1212/247/1388 1214/251/1351
f 4609/251/1349 4607/246/1384 1209/246/1386 1213/251/1350
f 4607/246/1384 4609/251/1349 1214/251/1351 1210/246/1387
f 4610/251/1389 4611/247/1390 1211/247/1345 1213/251/1350
f 4611/247/1390 4610/251/1389 1214/251/1351 1212/247/1388
f 4611/247/1390 4612/252/1354 1215/252/1391 1211/247/1345
f 4612/252/1354 4611/247/1390 1212/247/1388 1216/252/1356
f 4612/252/1354 4610/251/1389 1213/251/1350 1215/252/1391
f 4610/251/1389 4612/252/1354 1216/252/1356 1214/251/1351
f 4613/253/1392 4614/241/1328 1219/241/1393 1217/253/1394
f 4614/241/1328 4613/253/1392 1218/253/1395 1220/241/1396
f 4614/241/1328 4615/246/12 1209/246/1397 1219/241/1393
f 4615/246/12 4614/241/1328 1220/241/1396 1210/246/1398
f 4615/246/12 4613/253/1392 1217/253/1394 1209/246/1397
f 4613/253/1392 4615/246/12 1210/246/1398 1218/253/1395
f 4616/253/1399 4617/243/1319 1221/243/1400 1217/253/1394
f 4617/243/1319 4616/253/1399 1218/253/1395 1222/243/1401
f 4617/243/1319 4618/241/1402 1219/241/1393 1221/243/1400
f 4618/241/1402 4617/243/1319 1222/243/1401 1220/241/1396
f 4618/241/1402 4616/253/1399 1217/253/1394 1219/241/1393
f 4616/253/1399 4618/241/1402 1220/241/1396 1218/253/1395
f 4619/254/57 4620/240/44 1225/240/8 1223/254/16
f 4620/240/44 4619/254/57 1224/254/5 1226/240/9
f 4620/240/44 4621/243/58 1221/243/1403 1225/240/8
f 4621/243/58 4620/240/44 1226/240/9 1222/243/14
f 4621/243/58 4619/254/57 1223/254/16 1221/243/1403
f 4619/254/57 4621/243/58 1222/243/14 1224/254/5
f 4622/254/15 4623/244/1319 1227/244/1400 1223/254/16
f 4623/244/1319 4622/254/15 1224/254/5 1228/244/6
f 4623/244/1319 4624/240/1404 1225/240/8 1227/244/1400
f 4624/240/1404 4623/244/1319 1228/244/6 1226/240/9
f 4624/240/1404 4622/254/15 1223/254/16 1225/240/8
f 4622/254/15 4624/240/1404 1226/240/9 1224/254/5
f 4625/247/1405 4626/248/1406 1229/248/1407 1211/247/1408
f 4626/248/1406 4625/247/1405 1212/247/1409 1230/248/1410
f 4626/248/1406 4627/255/1337 1231/255/1411 1229/248/1407
f 4627/255/1337 4626/248/1406 1230/248/1410 1232/255/1412
f 4627/255/1337 4625/247/1405 1211/247/1408 1231/255/1411
f 4625/247/1405 4627/255/1337 1232/255/1412 1212/247/1409
f 4628/247/1413 4629/242/1414 1233/242/1415 1211/247/1408
f 4629/242/1414 4628/247/1413 1212/247/1409 1234/242/1416
f 4629/242/1414 4630/248/1417 1229/248/1407 1233/242/1415
f 4630/248/1417 4629/242/1414 1234/242/1416 1230/248/1410
f 4630/248/1417 4628/247/1413 1211/247/1408 1229/248/1407
f 4628/247/1413 4630/248/1417 1230/248/1410 1212/247/1409
f 4631/248/35 4632/236/1319 1235/236/1400 1229/248/16
f 4632/236/1319 4631/248/35 1230/248/5 1236/236/6
f 4632/236/1319 4633/250/1404 1237/250/8 1235/236/1400
f 4633/250/1404 4632/236/1319 1236/236/6 1238/250/9
f 4633/250/1404 4631/248/35 1229/248/16 1237/250/8
f 4631/248/35 4633/250/1404 1238/250/9 1230/248/5
f 4634/248/1418 4635/250/44 1237/250/8 1229/248/16
f 4635/250/44 4634/248/1418 1230/248/5 1238/250/9
f 4635/250/44 4636/256/45 1239/256/13 1237/250/8
f 4636/256/45 4635/250/44 1238/250/9 1240/256/47
f 4636/256/45 4634/248/1418 1229/248/16 1239/256/13
f 4634/248/1418 4636/256/45 1240/256/47 1230/248/5
f 4637/257/1419 4638/253/2 1243/253/3 1241/257/4
f 4638/253/2 4637/257/1419 1242/257/5 1244/253/6
f 4638/253/2 4639/246/7 1245/246/8 1243/253/3
f 4639/246/7 4638/253/2 1244/253/6 1246/246/1127
f 4639/246/7 4637/257/1419 1241/257/4 1245/246/8
f 4637/257/1419 4639/246/7 1246/246/1127 1242/257/5
f 4640/257/1136 4641/246/1420 1245/246/8 1241/257/4
f 4641/246/1420 4640/257/1136 1242/257/5 1246/246/1127
f 4641/246/1420 4642/251/12 1247/251/13 1245/246/8
f 4642/251/12 4641/246/1420 1246/246/1127 1248/251/14
f 4642/251/12 4640/257/1136 1241/257/4 1247/251/13
f 4640/257/1136 4642/251/12 1248/251/14 1242/257/5
f 4643/258/1418 4644/243/1129 1251/243/8 1249/258/16
f 4644/243/1129 4643/258/1418 1250/258/5 1252/243/9
f 4644/243/1129 4645/253/45 1243/253/13 1251/243/8
f 4645/253/45 4644/243/1129 1252/243/9 1244/253/47
f 4645/253/45 4643/258/1418 1249/258/16 1243/253/13
f 4643/258/1418 4645/253/45 1244/253/47 1250/258/5
f 4646/258/35 4647/254/36 1253/254/3 1249/258/16
f 4647/254/36 4646/258/35 1250/258/5 1254/254/38
f 4647/254/36 4648/243/1421 1251/243/8 1253/254/3
f 4648/243/1421 4647/254/36 1254/254/38 1252/243/9
f 4648/243/1421 4646/258/35 1249/258/16 1251/243/8
f 4646/258/35 4648/243/1421 1252/243/9 1250/258/5
f 4649/255/35 4650/248/1319 1257/248/1400 1255/255/16
f 4650/248/1319 4649/255/35 1256/255/1122 1258/248/6
f 4650/248/1319 4651/256/1404 1259/256/8 1257/248/1400
f 4651/256/1404 4650/248/1319 1258/248/6 1260/256/9
f 4651/256/1404 4649/255/35 1255/255/16 1259/256/8
f 4649/255/35 4651/256/1404 1260/256/9 1256/255/1122
f 4652/255/1125 4653/256/1126 1259/256/8 1255/255/16
f 4653/256/1126 4652/255/1125 1256/255/1122 1260/256/9
f 4653/256/1126 4654/259/1422 1261/259/46 1259/256/8
f 4654/259/1422 4653/256/1126 1260/256/9 1262/259/1423
f 4654/259/1422 4652/255/1125 1255/255/16 1261/259/46
f 4652/255/1125 4654/259/1422 1262/259/1423 1256/255/1122
f 4655/252/1424 4656/255/1425 1255/255/8 1263/252/4
f 4656/255/1425 4655/252/1424 1264/252/5 1256/255/9
f 4656/255/1425 4657/260/45 1265/260/13 1255/255/8
f 4657/260/45 4656/255/1425 1256/255/9 1266/260/47
f 4657/260/45 4655/252/1424 1263/252/4 1265/260/13
f 4655/252/1424 4657/260/45 1266/260/47 1264/252/5
f 4658/252/1419 4659/247/1426 1267/247/1400 1263/252/4
f 4659/247/1426 4658/252/1419 1264/252/5 1268/247/38
f 4659/247/1426 4660/255/1421 1255/255/8 1267/247/1400
f 4660/255/1421 4659/247/1426 1268/247/38 1256/255/9
f 4660/255/1421 4658/252/1419 1263/252/4 1255/255/8
f 4658/252/1419 4660/255/1421 1256/255/9 1264/252/5
f 4661/261/1358 4662/262/1427 1271/262/1428 1269/261/1429
f 4662/262/1427 4661/261/1358 1270/261/1430 1272/262/1431
f 4662/262/1427 4663/235/1432 1273/235/1433 1271/262/1428
f 4663/235/1432 4662/262/1427 1272/262/1431 1274/235/1434
f 4663/235/1432 4661/261/1358 1269/261/1429 1273/235/1433
f 4661/261/1358 4663/235/1432 1274/235/1434 1270/261/1430
f 4664/235/1435 4665/262/1436 1271/262/1428 1273/235/1433
f 4665/262/1436 4664/235/1435 1274/235/1434 1272/262/1431
f 4665/262/1436 4666/250/1437 1275/250/1438 1271/262/1428
f 4666/250/1437 4665/262/1436 1272/262/1431 1276/250/1439
f 4666/250/1437 4664/235/1435 1273/235/1433 1275/250/1438
f 4664/235/1435 4666/250/1437 1276/250/1439 1274/235/1434
f 4667/263/1358 4668/264/1440 1279/264/1428 1277/263/1441
f 4668/264/1440 4667/263/1358 1278/263/1442 1280/264/1431
f 4668/264/1440 4669/244/1432 1281/244/1433 1279/264/1428
f 4669/244/1432 4668/264/1440 1280/264/1431 1282/244/1434
f 4669/244/1432 4667/263/1358 1277/263/1441 1281/244/1433
f 4667/263/1358 4669/244/1432 1282/244/1434 1278/263/1442
f 4670/244/1443 4671/264/1436 1279/264/1428 1281/244/1433
f 4671/264/1436 4670/244/1443 1282/244/1434 1280/264/1431
f 4671/264/1436 4672/238/1437 1283/238/1444 1279/264/1428
f 4672/238/1437 4671/264/1436 1280/264/1431 1284/238/1445
f 4672/238/1437 4670/244/1443 1281/244/1433 1283/238/1444
f 4670/244/1443 4672/238/1437 1284/238/1445 1282/244/1434
f 4673/261/1358 4674/262/1440 1287/262/1428 1285/261/1429
f 4674/262/1440 4673/261/1358 1286/261/1430 1288/262/1431
f 4674/262/1440 4675/235/1432 1289/235/1433 1287/262/1428
f 4675/235/1432 4674/262/1440 1288/262/1431 1290/235/1434
f 4675/235/1432 4673/261/1358 1285/261/1429 1289/235/1433
f 4673/261/1358 4675/235/1432 1290/235/1434 1286/261/1430
f 4676/235/1435 4677/262/1436 1287/262/1428 1289/235/1433
f 4677/262/1436 4676/235/1435 1290/235/1434 1288/262/1431
f 4677/262/1436 4678/250/1437 1291/250/1444 1287/262/1428
f 4678/250/1437 4677/262/1436 1288/262/1431 1292/250/1439
f 4678/250/1437 4676/235/1435 1289/235/1433 1291/250/1444
f 4676/235/1435 4678/250/1437 1292/250/1439 1290/235/1434
f 4679/263/1358 4680/264/1440 1295/264/1428 1293/263/1429
f 4680/264/1440 4679/263/1358 1294/263/1442 1296/264/1431
f 4680/264/1440 4681/244/1432 1297/244/1433 1295/264/1428
f 4681/244/1432 4680/264/1440 1296/264/1431 1298/244/1434
f 4681/244/1432 4679/263/1358 1293/263/1429 1297/244/1433
f 4679/263/1358 4681/244/1432 1298/244/1434 1294/263/1442
f 4682/244/1435 4683/264/1436 1295/264/1428 1297/244/1433
f 4683/264/1436 4682/244/1435 1298/244/1434 1296/264/1431
f 4683/264/1436 4684/238/1437 1299/238/1444 1295/264/1428
f 4684/238/1437 4683/264/1436 1296/264/1431 1300/238/1445
f 4684/238/1437 4682/244/1435 1297/244/1433 1299/238/1444
f 4682/244/1435 4684/238/1437 1300/238/1445 1298/244/1434
f 4685/261/1358 4686/262/1440 1303/262/1428 1301/261/1429
f 4686/262/1440 4685/261/1358 1302/261/1442 1304/262/1431
f 4686/262/1440 4687/235/1432 1305/235/1433 1303/262/1428
f 4687/235/1432 4686/262/1440 1304/262/1431 1306/235/1434
f 4687/235/1432 4685/261/1358 1301/261/1429 1305/235/1433
f 4685/261/1358 4687/235/1432 1306/235/1434 1302/261/1442
f 4688/235/1435 4689/262/1436 1303/262/1428 1305/235/1433
f 4689/262/1436 4688/235/1435 1306/235/1434 1304/262/1431
f 4689/262/1436 4690/250/1437 1307/250/1438 1303/262/1428
f 4690/250/1437 4689/262/1436 1304/262/1431 1308/250/1439
f 4690/250/1437 4688/235/1435 1305/235/1433 1307/250/1438
f 4688/235/1435 4690/250/1437 1308/250/1439 1306/235/1434
f 4691/257/117 4692/260/1446 1311/260/119 1309/257/120
f 4692/260/1446 4691/257/117 1310/257/121 1312/260/122
f 4692/260/1446 4693/265/123 1313/265/124 1311/260/119
f 4693/265/123 4692/260/1446 1312/260/122 1314/265/125
f 4693/265/123 4691/257/117 1309/257/120 1313/265/124
f 4691/257/117 4693/265/123 1314/265/125 1310/257/121
f 4694/265/1447 4695/260/127 1311/260/119 1313/265/124
f 4695/260/127 4694/265/1447 1314/265/125 1312/260/122
f 4695/260/127 4696/266/128 1315/266/129 1311/260/119
f 4696/266/128 4695/260/127 1312/260/122 1316/266/130
f 4696/266/128 4694/265/1447 1313/265/124 1315/266/129
f 4694/265/1447 4696/266/128 1316/266/130 1314/265/125
f 4697/263/1358 4698/264/1440 1319/264/1428 1317/263/1441
f 4698/264/1440 4697/263/1358 1318/263/1442 1320/264/1431
f 4698/264/1440 4699/244/1432 1321/244/1433 1319/264/1428
f 4699/244/1432 4698/264/1440 1320/264/1431 1322/244/1434
f 4699/244/1432 4697/263/1358 1317/263/1441 1321/244/1433
f 4697/263/1358 4699/244/1432 1322/244/1434 1318/263/1442
f 4700/244/1435 4701/264/1436 1319/264/1428 1321/244/1433
f 4701/264/1436 4700/244/1435 1322/244/1434 1320/264/1431
f 4701/264/1436 4702/238/1437 1323/238/1444 1319/264/1428
f 4702/238/1437 4701/264/1436 1320/264/1431 1324/238/1439
f 4702/238/1437 4700/244/1435 1321/244/1433 1323/238/1444
f 4700/244/1435 4702/238/1437 1324/238/1439 1322/244/1434
f 4703/267/1340 4704/258/1341 1327/258/1342 1325/267/1448
f 4704/258/1341 4703/267/1340 1326/267/1449 1328/258/1450
f 4704/258/1341 4705/253/1451 1329/253/1452 1327/258/1342
f 4705/253/1451 4704/258/1341 1328/258/1450 1330/253/1453
f 4705/253/1451 4703/267/1340 1325/267/1448 1329/253/1452
f 4703/267/1340 4705/253/1451 1330/253/1453 1326/267/1449
f 4706/267/1454 4707/253/1455 1329/253/1452 1325/267/1448
f 4707/253/1455 4706/267/1454 1326/267/1449 1330/253/1453
f 4707/253/1455 4708/265/1456 1331/265/1457 1329/253/1452
f 4708/265/1456 4707/253/1455 1330/253/1453 1332/265/1458
f 4708/265/1456 4706/267/1454 1325/267/1448 1331/265/1457
f 4706/267/1454 4708/265/1456 1332/265/1458 1326/267/1449
f 4709/265/1459 4710/266/1460 1333/266/1461 1331/265/87
f 4710/266/1460 4709/265/1459 1332/265/1462 1334/266/1463
f 4710/266/1460 4711/268/1464 1335/268/1465 1333/266/1461
f 4711/268/1464 4710/266/1460 1334/266/1463 1336/268/1466
f 4711/268/1464 4709/265/1459 1331/265/87 1335/268/1465
f 4709/265/1459 4711/268/1464 1336/268/1466 1332/265/1462
f 4712/268/1467 4713/266/1468 1333/266/1461 1335/268/1465
f 4713/266/1468 4712/268/1467 1336/268/1466 1334/266/1463
f 4713/266/1468 4714/269/1469 1337/269/1470 1333/266/1461
f 4714/269/1469 4713/266/1468 1334/266/1463 1338/269/1471
f 4714/269/1469 4712/268/1467 1335/268/1465 1337/269/1470
f 4712/268/1467 4714/269/1469 1338/269/1471 1336/268/1466
f 4715/266/1472 4716/259/1473 1339/259/1474 1333/266/1475
f 4716/259/1473 4715/266/1472 1334/266/1476 1340/259/1477
f 4716/259/1473 4717/270/1478 1341/270/1479 1339/259/1474
f 4717/270/1478 4716/259/1473 1340/259/1477 1342/270/1480
f 4717/270/1478 4715/266/1472 1333/266/1475 1341/270/1479
f 4715/266/1472 4717/270/1478 1342/270/1480 1334/266/1476
f 4718/266/1481 4719/255/1341 1343/255/1482 1333/266/1475
f 4719/255/1341 4718/266/1481 1334/266/1476 1344/255/1483
f 4719/255/1341 4720/259/1484 1339/259/1474 1343/255/1482
f 4720/259/1484 4719/255/1341 1344/255/1483 1340/259/1477
f 4720/259/1484 4718/266/1481 1333/266/1475 1339/259/1474
f 4718/266/1481 4720/259/1484 1340/259/1477 1334/266/1476
f 4721/271/1340 4722/267/1341 1347/267/1485 1345/271/1486
f 4722/267/1341 4721/271/1340 1346/271/1487 1348/267/26
f 4722/267/1341 4723/265/1451 1349/265/1488 1347/267/1485
f 4723/265/1451 4722/267/1341 1348/267/26 1350/265/1489
f 4723/265/1451 4721/271/1340 1345/271/1486 1349/265/1488
f 4721/271/1340 4723/265/1451 1350/265/1489 1346/271/1487
f 4724/271/1490 4725/265/1491 1349/265/1488 1345/271/1486
f 4725/265/1491 4724/271/1490 1346/271/1487 1350/265/1489
f 4725/265/1491 4726/268/1492 1351/268/1493 1349/265/1488
f 4726/268/1492 4725/265/1491 1350/265/1489 1352/268/1494
f 4726/268/1492 4724/271/1490 1345/271/1486 1351/268/1493
f 4724/271/1490 4726/268/1492 1352/268/1494 1346/271/1487
f 4727/272/1495 4728/268/1274 1351/268/1496 1353/272/1497
f 4728/268/1274 4727/272/1495 1354/272/1498 1352/268/1499
f 4728/268/1274 4729/269/1500 1355/269/1501 1351/268/1496
f 4729/269/1500 4728/268/1274 1352/268/1499 1356/269/1502
f 4729/269/1500 4727/272/1495 1353/272/1497 1355/269/1501
f 4727/272/1495 4729/269/1500 1356/269/1502 1354/272/1498
f 4730/272/1503 4731/269/1504 1355/269/1501 1353/272/1497
f 4731/269/1504 4730/272/1503 1354/272/1498 1356/269/1502
f 4731/269/1504 4732/273/1505 1357/273/1506 1355/269/1501
f 4732/273/1505 4731/269/1504 1356/269/1502 1358/273/1507
f 4732/273/1505 4730/272/1503 1353/272/1497 1357/273/1506
f 4730/272/1503 4732/273/1505 1358/273/1507 1354/272/1498
f 4733/269/1508 4734/270/1509 1359/270/1510 1355/269/1511
f 4734/270/1509 4733/269/1508 1356/269/1512 1360/270/1513
f 4734/270/1509 4735/274/1514 1361/274/1515 1359/270/1510
f 4735/274/1514 4734/270/1509 1360/270/1513 1362/274/1516
f 4735/274/1514 4733/269/1508 1355/269/1511 1361/274/1515
f 4733/269/1508 4735/274/1514 1362/274/1516 1356/269/1512
f 4736/269/1517 4737/266/1380 1363/266/1518 1355/269/1511
f 4737/266/1380 4736/269/1517 1356/269/1512 1364/266/1519
f 4737/266/1380 4738/270/1520 1359/270/1510 1363/266/1518
f 4738/270/1520 4737/266/1380 1364/266/1519 1360/270/1513
f 4738/270/1520 4736/269/1517 1355/269/1511 1359/270/1510
f 4736/269/1517 4738/270/1520 1360/270/1513 1356/269/1512
f 4739/275/1521 4740/271/1522 1367/271/1523 1365/275/1524
f 4740/271/1522 4739/275/1521 1366/275/1525 1368/271/1526
f 4740/271/1522 4741/268/1527 1369/268/1528 1367/271/1523
f 4741/268/1527 4740/271/1522 1368/271/1526 1370/268/1529
f 4741/268/1527 4739/275/1521 1365/275/1524 1369/268/1528
f 4739/275/1521 4741/268/1527 1370/268/1529 1366/275/1525
f 4742/275/1530 4743/268/1531 1369/268/1528 1365/275/1524
f 4743/268/1531 4742/275/1530 1366/275/1525 1370/268/1529
f 4743/268/1531 4744/272/1283 1371/272/1532 1369/268/1528
f 4744/272/1283 4743/268/1531 1370/268/1529 1372/272/1533
f 4744/272/1283 4742/275/1530 1365/275/1524 1371/272/1532
f 4742/275/1530 4744/272/1283 1372/272/1533 1366/275/1525
f 4745/273/1534 4746/269/1522 1375/269/1535 1373/273/1524
f 4746/269/1522 4745/273/1534 1374/273/1525 1376/269/1536
f 4746/269/1522 4747/274/1527 1377/274/1528 1375/269/1535
f 4747/274/1527 4746/269/1522 1376/269/1536 1378/274/1529
f 4747/274/1527 4745/273/1534 1373/273/1524 1377/274/1528
f 4745/273/1534 4747/274/1527 1378/274/1529 1374/273/1525
f 4748/273/1530 4749/274/1531 1377/274/1528 1373/273/1524
f 4749/274/1531 4748/273/1530 1374/273/1525 1378/274/1529
f 4749/274/1531 4750/276/1283 1379/276/1537 1377/274/1528
f 4750/276/1283 4749/274/1531 1378/274/1529 1380/276/1538
f 4750/276/1283 4748/273/1530 1373/273/1524 1379/276/1537
f 4748/273/1530 4750/276/1283 1380/276/1538 1374/273/1525
f 4751/261/1539 4752/236/1540 1383/236/1541 1381/261/1542
f 4752/236/1540 4751/261/1539 1382/261/1543 1384/236/1544
f 4752/236/1540 4753/235/1545 1385/235/1546 1383/236/1541
f 4753/235/1545 4752/236/1540 1384/236/1544 1386/235/1547
f 4753/235/1545 4751/261/1539 1381/261/1542 1385/235/1546
f 4751/261/1539 4753/235/1545 1386/235/1547 1382/261/1543
f 4754/236/1548 4755/261/1549 1381/261/1542 1383/236/1541
f 4755/261/1549 4754/236/1548 1384/236/1544 1382/261/1543
f 4755/261/1549 4756/262/1550 1387/262/1551 1381/261/1542
f 4756/262/1550 4755/261/1549 1382/261/1543 1388/262/1552
f 4756/262/1550 4754/236/1548 1383/236/1541 1387/262/1551
f 4754/236/1548 4756/262/1550 1388/262/1552 1384/236/1544
f 4757/236/1553 4758/262/1554 1387/262/1551 1383/236/1541
f 4758/262/1554 4757/236/1553 1384/236/1544 1388/262/1552
f 4758/262/1554 4759/250/1437 1389/250/1555 1387/262/1551
f 4759/250/1437 4758/262/1554 1388/262/1552 1390/250/1556
f 4759/250/1437 4757/236/1553 1383/236/1541 1389/250/1555
f 4757/236/1553 4759/250/1437 1390/250/1556 1384/236/1544
f 4760/263/1539 4761/240/1557 1393/240/1541 1391/263/1542
f 4761/240/1557 4760/263/1539 1392/263/1543 1394/240/1544
f 4761/240/1557 4762/244/1545 1395/244/1546 1393/240/1541
f 4762/244/1545 4761/240/1557 1394/240/1544 1396/244/1547
f 4762/244/1545 4760/263/1539 1391/263/1542 1395/244/1546
f 4760/263/1539 4762/244/1545 1396/244/1547 1392/263/1543
f 4763/264/1558 4764/240/1548 1393/240/1541 1397/264/1551
f 4764/240/1548 4763/264/1558 1398/264/1552 1394/240/1544
f 4764/240/1548 4765/263/1559 1391/263/1542 1393/240/1541
f 4765/263/1559 4764/240/1548 1394/240/1544 1392/263/1543
f 4765/263/1559 4763/264/1558 1397/264/1551 1391/263/1542
f 4763/264/1558 4765/263/1559 1392/263/1543 1398/264/1552
f 4766/240/1560 4767/264/1554 1397/264/1551 1393/240/1541
f 4767/264/1554 4766/240/1560 1394/240/1544 1398/264/1552
f 4767/264/1554 4768/238/1437 1399/238/1555 1397/264/1551
f 4768/238/1437 4767/264/1554 1398/264/1552 1400/238/1556
f 4768/238/1437 4766/240/1560 1393/240/1541 1399/238/1555
f 4766/240/1560 4768/238/1437 1400/238/1556 1394/240/1544
f 4769/277/35 4770/275/2 1403/275/37 1401/277/16
f 4770/275/2 4769/277/35 1402/277/5 1404/275/6
f 4770/275/2 4771/272/1561 1405/272/8 1403/275/37
f 4771/272/1561 4770/275/2 1404/275/6 1406/272/9
f 4771/272/1561 4769/277/35 1401/277/16 1405/272/8
f 4769/277/35 4771/272/1561 1406/272/9 1402/277/5
f 4772/277/1135 4773/272/44 1405/272/8 1401/277/16
f 4773/272/44 4772/277/1135 1402/277/5 1406/272/9
f 4773/272/44 4774/278/12 1407/278/46 1405/272/8
f 4774/278/12 4773/272/44 1406/272/9 1408/278/14
f 4774/278/12 4772/277/1135 1401/277/16 1407/278/46
f 4772/277/1135 4774/278/12 1408/278/14 1402/277/5
f 4775/279/15 4776/273/2 1411/273/3 1409/279/16
f 4776/273/2 4775/279/15 1410/279/5 1412/273/1401
f 4776/273/2 4777/276/7 1413/276/8 1411/273/3
f 4777/276/7 4776/273/2 1412/273/1401 1414/276/9
f 4777/276/7 4775/279/15 1409/279/16 1413/276/8
f 4775/279/15 4777/276/7 1414/276/9 1410/279/5
f 4778/279/19 4779/276/11 1413/276/8 1409/279/16
f 4779/276/11 4778/279/19 1410/279/5 1414/276/9
f 4779/276/11 4780/280/12 1415/280/13 1413/276/8
f 4780/280/12 4779/276/11 1414/276/9 1416/280/1562
f 4780/280/12 4778/279/19 1409/279/16 1415/280/13
f 4778/279/19 4780/280/12 1416/280/1562 1410/279/5
f 4781/281/1131 4782/240/2 1419/240/3 1417/281/16
f 4782/240/2 4781/281/1131 1418/281/5 1420/240/6
f 4782/240/2 4783/236/1561 1421/236/8 1419/240/3
f 4783/236/1561 4782/240/2 1420/240/6 1422/236/9
f 4783/236/1561 4781/281/1131 1417/281/16 1421/236/8
f 4781/281/1131 4783/236/1561 1422/236/9 1418/281/5
f 4784/281/1563 4785/236/1129 1421/236/8 1417/281/16
f 4785/236/1129 4784/281/1563 1418/281/5 1422/236/9
f 4785/236/1129 4786/282/12 1423/282/13 1421/236/8
f 4786/282/12 4785/236/1129 1422/236/9 1424/282/14
f 4786/282/12 4784/281/1563 1417/281/16 1423/282/13
f 4784/281/1563 4786/282/12 1424/282/14 1418/281/5
f 4787/278/1564 4788/281/195 1427/281/95 1425/278/1565
f 4788/281/195 4787/278/1564 1426/278/1566 1428/281/96
f 4788/281/195 4789/282/1567 1429/282/1568 1427/281/95
f 4789/282/1567 4788/281/195 1428/281/96 1430/282/1569
f 4789/282/1567 4787/278/1564 1425/278/1565 1429/282/1568
f 4787/278/1564 4789/282/1567 1430/282/1569 1426/278/1566
f 4790/278/1570 4791/282/1571 1429/282/1568 1425/278/1565
f 4791/282/1571 4790/278/1570 1426/278/1566 1430/282/1569
f 4791/282/1571 4792/279/1572 1431/279/1573 1429/282/1568
f 4792/279/1572 4791/282/1571 1430/282/1569 1432/279/1574
f 4792/279/1572 4790/278/1570 1425/278/1565 1431/279/1573
f 4790/278/1570 4792/279/1572 1432/279/1574 1426/278/1566
f 4793/283/1575 4794/284/1576 1435/284/1577 1433/283/1578
f 4794/284/1576 4793/283/1575 1434/283/1579 1436/284/1580
f 4794/284/1576 4795/285/1581 1437/285/1582 1435/284/1577
f 4795/285/1581 4794/284/1576 1436/284/1580 1438/285/1583
f 4795/285/1581 4793/283/1575 1433/283/1578 1437/285/1582
f 4793/283/1575 4795/285/1581 1438/285/1583 1434/283/1579
f 4796/286/1584 4797/285/1585 1437/285/1582 1439/286/1586
f 4797/285/1585 4796/286/1584 1440/286/1587 1438/285/1583
f 4797/285/1585 4798/284/1588 1435/284/1577 1437/285/1582
f 4798/284/1588 4797/285/1585 1438/285/1583 1436/284/1580
f 4798/284/1588 4796/286/1584 1439/286/1586 1435/284/1577
f 4796/286/1584 4798/284/1588 1436/284/1580 1440/286/1587
f 4799/287/1589 4800/283/1590 1433/283/1578 1441/287/1591
f 4800/283/1590 4799/287/1589 1442/287/1592 1434/283/1579
f 4800/283/1590 4801/285/1593 1437/285/1582 1433/283/1578
f 4801/285/1593 4800/283/1590 1434/283/1579 1438/285/1583
f 4801/285/1593 4799/287/1589 1441/287/1591 1437/285/1582
f 4799/287/1589 4801/285/1593 1438/285/1583 1442/287/1592
f 4802/287/1594 4803/288/1595 1443/288/1596 1441/287/1591
f 4803/288/1595 4802/287/1594 1442/287/1592 1444/288/1597
f 4803/288/1595 4804/283/1598 1433/283/1578 1443/288/1596
f 4804/283/1598 4803/288/1595 1444/288/1597 1434/283/1579
f 4804/283/1598 4802/287/1594 1441/287/1591 1433/283/1578
f 4802/287/1594 4804/283/1598 1434/283/1579 1442/287/1592
f 4805/283/1599 4806/288/1600 1443/288/1596 1433/283/1578
f 4806/288/1600 4805/283/1599 1434/283/1579 1444/288/1597
f 4806/288/1600 4807/289/1601 1445/289/1602 1443/288/1596
f 4807/289/1601 4806/288/1600 1444/288/1597 1446/289/1603
f 4807/289/1601 4805/283/1599 1433/283/1578 1445/289/1602
f 4805/283/1599 4807/289/1601 1446/289/1603 1434/283/1579
f 4808/289/1604 4809/290/1605 1447/290/1606 1445/289/1602
f 4809/290/1605 4808/289/1604 1446/289/1603 1448/290/1607
f 4809/290/1605 4810/283/1608 1433/283/1578 1447/290/1606
f 4810/283/1608 4809/290/1605 1448/290/1607 1434/283/1579
f 4810/283/1608 4808/289/1604 1445/289/1602 1433/283/1578
f 4808/289/1604 4810/283/1608 1434/283/1579 1446/289/1603
f 4811/289/1609 4812/291/1610 1449/291/1611 1445/289/1602
f 4812/291/1610 4811/289/1609 1446/289/1603 1450/291/1612
f 4812/291/1610 4813/292/1613 1451/292/1614 1449/291/1611
f 4813/292/1613 4812/291/1610 1450/291/1612 1452/292/1615
f 4813/292/1613 4811/289/1609 1445/289/1602 1451/292/1614
f 4811/289/1609 4813/292/1613 1452/292/1615 1446/289/1603
f 4814/289/1616 4815/292/1617 1451/292/1614 1445/289/1602
f 4815/292/1617 4814/289/1616 1446/289/1603 1452/292/1615
f 4815/292/1617 4816/293/1618 1453/293/1619 1451/292/1614
f 4816/293/1618 4815/292/1617 1452/292/1615 1454/293/1620
f 4816/293/1618 4814/289/1616 1445/289/1602 1453/293/1619
f 4814/289/1616 4816/293/1618 1454/293/1620 1446/289/1603
f 4817/290/1621 4818/289/1622 1445/289/1602 1447/290/1606
f 4818/289/1622 4817/290/1621 1448/290/1607 1446/289/1603
f 4818/289/1622 4819/293/1623 1453/293/1619 1445/289/1602
f 4819/293/1623 4818/289/1622 1446/289/1603 1454/293/1620
f 4819/293/1623 4817/290/1621 1447/290/1606 1453/293/1619
f 4817/290/1621 4819/293/1623 1454/293/1620 1448/290/1607
f 4820/294/1624 4821/290/1625 1447/290/1606 1455/294/1626
f 4821/290/1625 4820/294/1624 1456/294/1627 1448/290/1607
f 4821/290/1625 4822/293/1628 1453/293/1619 1447/290/1606
f 4822/293/1628 4821/290/1625 1448/290/1607 1454/293/1620
f 4822/293/1628 4820/294/1624 1455/294/1626 1453/293/1619
f 4820/294/1624 4822/293/1628 1454/293/1620 1456/294/1627
f 4823/290/1629 4824/294/1630 1455/294/1626 1447/290/1606
f 4824/294/1630 4823/290/1629 1448/290/1607 1456/294/1627
f 4824/294/1630 4825/295/1631 1457/295/1632 1455/294/1626
f 4825/295/1631 4824/294/1630 1456/294/1627 1458/295/1633
f 4825/295/1631 4823/290/1629 1447/290/1606 1457/295/1632
f 4823/290/1629 4825/295/1631 1458/295/1633 1448/290/1607
f 4826/290/1634 4827/295/1635 1457/295/1632 1447/290/1606
f 4827/295/1635 4826/290/1634 1448/290/1607 1458/295/1633
f 4827/295/1635 4828/296/1636 1459/296/1637 1457/295/1632
f 4828/296/1636 4827/295/1635 1458/295/1633 1460/296/1638
f 4828/296/1636 4826/290/1634 1447/290/1606 1459/296/1637
f 4826/290/1634 4828/296/1636 1460/296/1638 1448/290/1607
f 4829/297/1639 4830/290/1640 1447/290/1606 1461/297/1641
f 4830/290/1640 4829/297/1639 1462/297/1642 1448/290/1607
f 4830/290/1640 4831/296/1643 1459/296/1637 1447/290/1606
f 4831/296/1643 4830/290/1640 1448/290/1607 1460/296/1638
f 4831/296/1643 4829/297/1639 1461/297/1641 1459/296/1637
f 4829/297/1639 4831/296/1643 1460/296/1638 1462/297/1642
f 4832/296/1644 4833/298/1645 1463/298/1646 1459/296/1637
f 4833/298/1645 4832/296/1644 1460/296/1638 1464/298/1647
f 4833/298/1645 4834/297/1648 1461/297/1641 1463/298/1646
f 4834/297/1648 4833/298/1645 1464/298/1647 1462/297/1642
f 4834/297/1648 4832/296/1644 1459/296/1637 1461/297/1641
f 4832/296/1644 4834/297/1648 1462/297/1642 1460/296/1638
f 4835/291/1649 4836/289/1650 1467/289/1651 1465/291/1652
f 4836/289/1650 4835/291/1649 1466/291/1653 1468/289/1654
f 4836/289/1650 4837/299/1655 1469/299/1656 1467/289/1651
f 4837/299/1655 4836/289/1650 1468/289/1654 1470/299/1657
f 4837/299/1655 4835/291/1649 1465/291/1652 1469/299/1656
f 4835/291/1649 4837/299/1655 1470/299/1657 1466/291/1653
f 4838/288/1658 4839/299/1659 1469/299/1656 1471/288/1660
f 4839/299/1659 4838/288/1658 1472/288/1661 1470/299/1657
f 4839/299/1659 4840/289/1662 1467/289/1651 1469/299/1656
f 4840/289/1662 4839/299/1659 1470/299/1657 1468/289/1654
f 4840/289/1662 4838/288/1658 1471/288/1660 1467/289/1651
f 4838/288/1658 4840/289/1662 1468/289/1654 1472/288/1661
f 4841/300/1649 4842/294/1650 1475/294/1651 1473/300/1652
f 4842/294/1650 4841/300/1649 1474/300/1653 1476/294/1654
f 4842/294/1650 4843/292/1655 1477/292/1656 1475/294/1651
f 4843/292/1655 4842/294/1650 1476/294/1654 1478/292/1657
f 4843/292/1655 4841/300/1649 1473/300/1652 1477/292/1656
f 4841/300/1649 4843/292/1655 1478/292/1657 1474/300/1653
f 4844/293/1658 4845/292/1659 1477/292/1656 1479/293/1660
f 4845/292/1659 4844/293/1658 1480/293/1661 1478/292/1657
f 4845/292/1659 4846/294/1662 1475/294/1651 1477/292/1656
f 4846/294/1662 4845/292/1659 1478/292/1657 1476/294/1654
f 4846/294/1662 4844/293/1658 1479/293/1660 1475/294/1651
f 4844/293/1658 4846/294/1662 1476/294/1654 1480/293/1661
f 4847/301/1663 4848/302/1664 1483/302/1665 1481/301/1666
f 4848/302/1664 4847/301/1663 1482/301/1667 1484/302/1668
f 4848/302/1664 4849/303/1669 1485/303/1670 1483/302/1665
f 4849/303/1669 4848/302/1664 1484/302/1668 1486/303/1671
f 4849/303/1669 4847/301/1663 1481/301/1666 1485/303/1670
f 4847/301/1663 4849/303/1669 1486/303/1671 1482/301/1667
f 4850/303/1672 4851/304/1673 1487/304/1674 1485/303/1670
f 4851/304/1673 4850/303/1672 1486/303/1671 1488/304/1675
f 4851/304/1673 4852/301/1676 1481/301/1666 1487/304/1674
f 4852/301/1676 4851/304/1673 1488/304/1675 1482/301/1667
f 4852/301/1676 4850/303/1672 1485/303/1670 1481/301/1666
f 4850/303/1672 4852/301/1676 1482/301/1667 1486/303/1671
f 4853/305/1677 4854/306/1678 1491/306/1679 1489/305/1680
f 4854/306/1678 4853/305/1677 1490/305/1681 1492/306/1682
f 4854/306/1678 4855/307/1683 1493/307/1684 1491/306/1679
f 4855/307/1683 4854/306/1678 1492/306/1682 1494/307/1685
f 4855/307/1683 4853/305/1677 1489/305/1680 1493/307/1684
f 4853/305/1677 4855/307/1683 1494/307/1685 1490/305/1681
f 4856/306/1686 4857/308/1687 1495/308/1688 1491/306/1679
f 4857/308/1687 4856/306/1686 1492/306/1682 1496/308/1689
f 4857/308/1687 4858/307/1690 1493/307/1684 1495/308/1688
f 4858/307/1690 4857/308/1687 1496/308/1689 1494/307/1685
f 4858/307/1690 4856/306/1686 1491/306/1679 1493/307/1684
f 4856/306/1686 4858/307/1690 1494/307/1685 1492/306/1682
f 4859/309/1691 4860/310/1692 1499/310/1693 1497/309/1694
f 4860/310/1692 4859/309/1691 1498/309/1695 1500/310/1696
f 4860/310/1692 4861/311/1697 1501/311/1698 1499/310/1693
f 4861/311/1697 4860/310/1692 1500/310/1696 1502/311/1699
f 4861/311/1697 4859/309/1691 1497/309/1694 1501/311/1698
f 4859/309/1691 4861/311/1697 1502/311/1699 1498/309/1695
f 4862/310/1700 4863/309/1701 1497/309/1694 1499/310/1693
f 4863/309/1701 4862/310/1700 1500/310/1696 1498/309/1695
f 4863/309/1701 4864/312/1702 1503/312/1703 1497/309/1694
f 4864/312/1702 4863/309/1701 1498/309/1695 1504/312/1704
f 4864/312/1702 4862/310/1700 1499/310/1693 1503/312/1703
f 4862/310/1700 4864/312/1702 1504/312/1704 1500/310/1696
f 4865/311/1705 4866/310/1706 1499/310/1693 1501/311/1698
f 4866/310/1706 4865/311/1705 1502/311/1699 1500/310/1696
f 4866/310/1706 4867/313/1707 1505/313/1708 1499/310/1693
f 4867/313/1707 4866/310/1706 1500/310/1696 1506/313/1709
f 4867/313/1707 4865/311/1705 1501/311/1698 1505/313/1708
f 4865/311/1705 4867/313/1707 1506/313/1709 1502/311/1699
f 4868/314/251 4869/313/1710 1505/313/1708 1507/314/1711
f 4869/313/1710 4868/314/251 1508/314/1712 1506/313/1709
f 4869/313/1710 4870/310/1713 1499/310/1693 1505/313/1708
f 4870/310/1713 4869/313/1710 1506/313/1709 1500/310/1696
f 4870/310/1713 4868/314/251 1507/314/1711 1499/310/1693
f 4868/314/251 4870/310/1713 1500/310/1696 1508/314/1712
f 4871/315/229 4872/316/1678 1511/316/1679 1509/315/1680
f 4872/316/1678 4871/315/229 1510/315/1714 1512/316/1682
f 4872/316/1678 4873/317/1683 1513/317/1684 1511/316/1679
f 4873/317/1683 4872/316/1678 1512/316/1682 1514/317/1685
f 4873/317/1683 4871/315/229 1509/315/1680 1513/317/1684
f 4871/315/229 4873/317/1683 1514/317/1685 1510/315/1714
f 4874/316/1686 4875/318/1687 1515/318/1688 1511/316/1679
f 4875/318/1687 4874/316/1686 1512/316/1682 1516/318/1689
f 4875/318/1687 4876/317/1690 1513/317/1684 1515/318/1688
f 4876/317/1690 4875/318/1687 1516/318/1689 1514/317/1685
f 4876/317/1690 4874/316/1686 1511/316/1679 1513/317/1684
f 4874/316/1686 4876/317/1690 1514/317/1685 1512/316/1682
f 4877/319/229 4878/320/1678 1519/320/1679 1517/319/1680
f 4878/320/1678 4877/319/229 1518/319/1714 1520/320/1682
f 4878/320/1678 4879/321/1683 1521/321/1684 1519/320/1679
f 4879/321/1683 4878/320/1678 1520/320/1682 1522/321/1685
f 4879/321/1683 4877/319/229 1517/319/1680 1521/321/1684
f 4877/319/229 4879/321/1683 1522/321/1685 1518/319/1714
f 4880/320/1686 4881/322/1687 1523/322/1688 1519/320/1679
f 4881/322/1687 4880/320/1686 1520/320/1682 1524/322/1689
f 4881/322/1687 4882/321/1690 1521/321/1684 1523/322/1688
f 4882/321/1690 4881/322/1687 1524/322/1689 1522/321/1685
f 4882/321/1690 4880/320/1686 1519/320/1679 1521/321/1684
f 4880/320/1686 4882/321/1690 1522/321/1685 1520/320/1682
f 4883/323/229 4884/324/1678 1527/324/1715 1525/323/1716
f 4884/324/1678 4883/323/229 1526/323/1717 1528/324/1718
f 4884/324/1678 4885/325/1683 1529/325/1719 1527/324/1715
f 4885/325/1683 4884/324/1678 1528/324/1718 1530/325/1720
f 4885/325/1683 4883/323/229 1525/323/1716 1529/325/1719
f 4883/323/229 4885/325/1683 1530/325/1720 1526/323/1717
f 4886/324/1721 4887/326/1687 1531/326/1688 1527/324/1715
f 4887/326/1687 4886/324/1721 1528/324/1718 1532/326/1722
f 4887/326/1687 4888/325/1690 1529/325/1719 1531/326/1688
f 4888/325/1690 4887/326/1687 1532/326/1722 1530/325/1720
f 4888/325/1690 4886/324/1721 1527/324/1715 1529/325/1719
f 4886/324/1721 4888/325/1690 1530/325/1720 1528/324/1718
f 4889/327/1723 4890/328/1724 1535/328/1725 1533/327/1726
f 4890/328/1724 4889/327/1723 1534/327/1727 1536/328/1728
f 4890/328/1724 4891/329/1729 1537/329/1730 1535/328/1725
f 4891/329/1729 4890/328/1724 1536/328/1728 1538/329/1731
f 4891/329/1729 4889/327/1723 1533/327/1726 1537/329/1730
f 4889/327/1723 4891/329/1729 1538/329/1731 1534/327/1727
f 4892/328/1732 4893/330/1733 1539/330/1734 1535/328/1725
f 4893/330/1733 4892/328/1732 1536/328/1728 1540/330/1735
f 4893/330/1733 4894/329/1736 1537/329/1730 1539/330/1734
f 4894/329/1736 4893/330/1733 1540/330/1735 1538/329/1731
f 4894/329/1736 4892/328/1732 1535/328/1725 1537/329/1730
f 4892/328/1732 4894/329/1736 1538/329/1731 1536/328/1728
f 4895/331/1737 4896/329/1738 1537/329/1730 1541/331/1739
f 4896/329/1738 4895/331/1737 1542/331/1740 1538/329/1731
f 4896/329/1738 4897/330/1741 1539/330/1734 1537/329/1730
f 4897/330/1741 4896/329/1738 1538/329/1731 1540/330/1735
f 4897/330/1741 4895/331/1737 1541/331/1739 1539/330/1734
f 4895/331/1737 4897/330/1741 1540/330/1735 1542/331/1740
f 4898/332/1742 4899/329/1743 1537/329/1730 1543/332/1744
f 4899/329/1743 4898/332/1742 1544/332/1745 1538/329/1731
f 4899/329/1743 4900/331/1746 1541/331/1739 1537/329/1730
f 4900/331/1746 4899/329/1743 1538/329/1731 1542/331/1740
f 4900/331/1746 4898/332/1742 1543/332/1744 1541/331/1739
f 4898/332/1742 4900/331/1746 1542/331/1740 1544/332/1745
f 4901/333/229 4902/334/1678 1547/334/1715 1545/333/1716
f 4902/334/1678 4901/333/229 1546/333/1717 1548/334/1718
f 4902/334/1678 4903/335/1683 1549/335/1719 1547/334/1715
f 4903/335/1683 4902/334/1678 1548/334/1718 1550/335/1720
f 4903/335/1683 4901/333/229 1545/333/1716 1549/335/1719
f 4901/333/229 4903/335/1683 1550/335/1720 1546/333/1717
f 4904/334/1721 4905/336/1702 1551/336/1688 1547/334/1715
f 4905/336/1702 4904/334/1721 1548/334/1718 1552/336/1722
f 4905/336/1702 4906/335/1690 1549/335/1719 1551/336/1688
f 4906/335/1690 4905/336/1702 1552/336/1722 1550/335/1720
f 4906/335/1690 4904/334/1721 1547/334/1715 1549/335/1719
f 4904/334/1721 4906/335/1690 1550/335/1720 1548/334/1718
f 4907/337/1677 4908/338/1678 1555/338/1679 1553/337/1680
f 4908/338/1678 4907/337/1677 1554/337/1681 1556/338/1682
f 4908/338/1678 4909/339/1683 1557/339/1684 1555/338/1679
f 4909/339/1683 4908/338/1678 1556/338/1682 1558/339/1685
f 4909/339/1683 4907/337/1677 1553/337/1680 1557/339/1684
f 4907/337/1677 4909/339/1683 1558/339/1685 1554/337/1681
f 4910/338/1686 4911/340/1687 1559/340/1688 1555/338/1679
f 4911/340/1687 4910/338/1686 1556/338/1682 1560/340/1722
f 4911/340/1687 4912/339/1690 1557/339/1684 1559/340/1688
f 4912/339/1690 4911/340/1687 1560/340/1722 1558/339/1685
f 4912/339/1690 4910/338/1686 1555/338/1679 1557/339/1684
f 4910/338/1686 4912/339/1690 1558/339/1685 1556/338/1682
f 4913/293/255 4914/341/1747 1563/341/231 1561/293/258
f 4914/341/1747 4913/293/255 1562/293/259 1564/341/446
f 4914/341/1747 4915/294/447 1565/294/236 1563/341/231
f 4915/294/447 4914/341/1747 1564/341/446 1566/294/237
f 4915/294/447 4913/293/255 1561/293/258 1565/294/236
f 4913/293/255 4915/294/447 1566/294/237 1562/293/259
f 4916/341/238 4917/342/1748 1567/342/459 1563/341/231
f 4917/342/1748 4916/341/238 1564/341/446 1568/342/460
f 4917/342/1748 4918/294/1749 1565/294/236 1567/342/459
f 4918/294/1749 4917/342/1748 1568/342/460 1566/294/237
f 4918/294/1749 4916/341/238 1563/341/231 1565/294/236
f 4916/341/238 4918/294/1749 1566/294/237 1564/341/446
f 4919/288/255 4920/343/1747 1571/343/231 1569/288/258
f 4920/343/1747 4919/288/255 1570/288/259 1572/343/446
f 4920/343/1747 4921/289/247 1573/289/236 1571/343/231
f 4921/289/247 4920/343/1747 1572/343/446 1574/289/237
f 4921/289/247 4919/288/255 1569/288/258 1573/289/236
f 4919/288/255 4921/289/247 1574/289/237 1570/288/259
f 4922/343/238 4923/344/251 1575/344/240 1571/343/231
f 4923/344/251 4922/343/238 1572/343/446 1576/344/265
f 4923/344/251 4924/289/455 1573/289/236 1575/344/240
f 4924/289/455 4923/344/251 1576/344/265 1574/289/237
f 4924/289/455 4922/343/238 1571/343/231 1573/289/236
f 4922/343/238 4924/289/455 1574/289/237 1572/343/446
f 4925/341/1750 4926/344/295 1579/344/296 1577/341/297
f 4926/344/295 4925/341/1750 1578/341/298 1580/344/299
f 4926/344/295 4927/291/300 1581/291/301 1579/344/296
f 4927/291/300 4926/344/295 1580/344/299 1582/291/302
f 4927/291/300 4925/341/1750 1577/341/297 1581/291/301
f 4925/341/1750 4927/291/300 1582/291/302 1578/341/298
f 4928/291/1751 4929/292/304 1583/292/305 1581/291/301
f 4929/292/304 4928/291/1751 1582/291/302 1584/292/306
f 4929/292/304 4930/341/307 1577/341/297 1583/292/305
f 4930/341/307 4929/292/304 1584/292/306 1578/341/298
f 4930/341/307 4928/291/1751 1581/291/301 1577/341/297
f 4928/291/1751 4930/341/307 1578/341/298 1582/291/302
f 4931/341/255 4932/292/1752 1587/292/231 1585/341/232
f 4932/292/1752 4931/341/255 1586/341/445 1588/292/446
f 4932/292/1752 4933/342/447 1589/342/448 1587/292/231
f 4933/342/447 4932/292/1752 1588/292/446 1590/342/449
f 4933/342/447 4931/341/255 1585/341/232 1589/342/448
f 4931/341/255 4933/342/447 1590/342/449 1586/341/445
f 4934/292/450 4935/300/251 1591/300/240 1587/292/231
f 4935/300/251 4934/292/450 1588/292/446 1592/300/265
f 4935/300/251 4936/342/266 1589/342/448 1591/300/240
f 4936/342/266 4935/300/251 1592/300/265 1590/342/449
f 4936/342/266 4934/292/450 1587/292/231 1589/342/448
f 4934/292/450 4936/342/266 1590/342/449 1588/292/446
f 4937/343/255 4938/299/451 1595/299/1753 1593/343/232
f 4938/299/451 4937/343/255 1594/343/445 1596/299/234
f 4938/299/451 4939/344/1754 1597/344/448 1595/299/1753
f 4939/344/1754 4938/299/451 1596/299/234 1598/344/449
f 4939/344/1754 4937/343/255 1593/343/232 1597/344/448
f 4937/343/255 4939/344/1754 1598/344/449 1594/343/445
f 4940/299/485 4941/291/251 1599/291/1755 1595/299/1753
f 4941/291/251 4940/299/485 1596/299/234 1600/291/482
f 4941/291/251 4942/344/266 1597/344/448 1599/291/1755
f 4942/344/266 4941/291/251 1600/291/482 1598/344/449
f 4942/344/266 4940/299/485 1595/299/1753 1597/344/448
f 4940/299/485 4942/344/266 1598/344/449 1596/299/234
f 4943/292/1756 4944/291/295 1603/291/296 1601/292/297
f 4944/291/295 4943/292/1756 1602/292/298 1604/291/299
f 4944/291/295 4945/345/300 1605/345/301 1603/291/296
f 4945/345/300 4944/291/295 1604/291/299 1606/345/302
f 4945/345/300 4943/292/1756 1601/292/297 1605/345/301
f 4943/292/1756 4945/345/300 1606/345/302 1602/292/298
f 4946/345/1757 4947/346/304 1607/346/305 1605/345/301
f 4947/346/304 4946/345/1757 1606/345/302 1608/346/306
f 4947/346/304 4948/292/307 1601/292/297 1607/346/305
f 4948/292/307 4947/346/304 1608/346/306 1602/292/298
f 4948/292/307 4946/345/1757 1605/345/301 1601/292/297
f 4946/345/1757 4948/292/307 1602/292/298 1606/345/302
f 4949/347/1758 4950/348/1759 1611/348/1760 1609/347/1761
f 4950/348/1759 4949/347/1758 1610/347/1762 1612/348/1763
f 4950/348/1759 4951/349/1764 1613/349/1765 1611/348/1760
f 4951/349/1764 4950/348/1759 1612/348/1763 1614/349/1766
f 4951/349/1764 4949/347/1758 1609/347/1761 1613/349/1765
f 4949/347/1758 4951/349/1764 1614/349/1766 1610/347/1762
f 4952/349/1767 4953/348/1768 1611/348/1760 1613/349/1765
f 4953/348/1768 4952/349/1767 1614/349/1766 1612/348/1763
f 4953/348/1768 4954/350/1769 1615/350/1770 1611/348/1760
f 4954/350/1769 4953/348/1768 1612/348/1763 1616/350/1771
f 4954/350/1769 4952/349/1767 1613/349/1765 1615/350/1770
f 4952/349/1767 4954/350/1769 1616/350/1771 1614/349/1766
f 4955/349/1772 4956/350/1773 1615/350/1770 1613/349/1765
f 4956/350/1773 4955/349/1772 1614/349/1766 1616/350/1771
f 4956/350/1773 4957/351/1774 1617/351/1775 1615/350/1770
f 4957/351/1774 4956/350/1773 1616/350/1771 1618/351/1776
f 4957/351/1774 4955/349/1772 1613/349/1765 1617/351/1775
f 4955/349/1772 4957/351/1774 1618/351/1776 1614/349/1766
f 4958/352/1777 4959/351/1778 1617/351/1775 1619/352/1779
f 4959/351/1778 4958/352/1777 1620/352/1780 1618/351/1776
f 4959/351/1778 4960/350/591 1615/350/1770 1617/351/1775
f 4960/350/591 4959/351/1778 1618/351/1776 1616/350/1771
f 4960/350/591 4958/352/1777 1619/352/1779 1615/350/1770
f 4958/352/1777 4960/350/591 1616/350/1771 1620/352/1780
f 4961/349/1781 4962/351/1782 1617/351/1775 1613/349/1765
f 4962/351/1782 4961/349/1781 1614/349/1766 1618/351/1776
f 4962/351/1782 4963/353/1783 1621/353/1784 1617/351/1775
f 4963/353/1783 4962/351/1782 1618/351/1776 1622/353/1785
f 4963/353/1783 4961/349/1781 1613/349/1765 1621/353/1784
f 4961/349/1781 4963/353/1783 1622/353/1785 1614/349/1766
f 4964/354/1786 4965/351/1787 1617/351/1775 1623/354/1788
f 4965/351/1787 4964/354/1786 1624/354/1789 1618/351/1776
f 4965/351/1787 4966/352/1790 1619/352/1779 1617/351/1775
f 4966/352/1790 4965/351/1787 1618/351/1776 1620/352/1780
f 4966/352/1790 4964/354/1786 1623/354/1788 1619/352/1779
f 4964/354/1786 4966/352/1790 1620/352/1780 1624/354/1789
f 4967/355/1791 4968/349/1792 1613/349/1765 1625/355/1793
f 4968/349/1792 4967/355/1791 1626/355/1794 1614/349/1766
f 4968/349/1792 4969/353/1795 1621/353/1784 1613/349/1765
f 4969/353/1795 4968/349/1792 1614/349/1766 1622/353/1785
f 4969/353/1795 4967/355/1791 1625/355/1793 1621/353/1784
f 4967/355/1791 4969/353/1795 1622/353/1785 1626/355/1794
f 4970/349/1796 4971/355/1797 1625/355/1793 1613/349/1765
f 4971/355/1797 4970/349/1796 1614/349/1766 1626/355/1794
f 4971/355/1797 4972/356/1798 1627/356/1799 1625/355/1793
f 4972/356/1798 4971/355/1797 1626/355/1794 1628/356/1800
f 4972/356/1798 4970/349/1796 1613/349/1765 1627/356/1799
f 4970/349/1796 4972/356/1798 1628/356/1800 1614/349/1766
f 4973/353/1267 4974/357/1801 1629/357/1802 1621/353/1784
f 4974/357/1801 4973/353/1267 1622/353/1785 1630/357/1803
f 4974/357/1801 4975/355/1804 1625/355/1793 1629/357/1802
f 4975/355/1804 4974/357/1801 1630/357/1803 1626/355/1794
f 4975/355/1804 4973/353/1267 1621/353/1784 1625/355/1793
f 4973/353/1267 4975/355/1804 1626/355/1794 1622/353/1785
f 4976/294/1805 4977/355/1806 1625/355/1793 1631/294/1807
f 4977/355/1806 4976/294/1805 1632/294/1808 1626/355/1794
f 4977/355/1806 4978/357/1809 1629/357/1802 1625/355/1793
f 4978/357/1809 4977/355/1806 1626/355/1794 1630/357/1803
f 4978/357/1809 4976/294/1805 1631/294/1807 1629/357/1802
f 4976/294/1805 4978/357/1809 1630/357/1803 1632/294/1808
f 4979/294/1810 4980/342/1811 1633/342/1812 1631/294/1807
f 4980/342/1811 4979/294/1810 1632/294/1808 1634/342/1813
f 4980/342/1811 4981/355/1814 1625/355/1793 1633/342/1812
f 4981/355/1814 4980/342/1811 1634/342/1813 1626/355/1794
f 4981/355/1814 4979/294/1810 1631/294/1807 1625/355/1793
f 4979/294/1810 4981/355/1814 1626/355/1794 1632/294/1808
f 4982/357/1815 4983/293/1816 1635/293/1817 1629/357/1802
f 4983/293/1816 4982/357/1815 1630/357/1803 1636/293/1818
f 4983/293/1816 4984/294/1819 1631/294/1807 1635/293/1817
f 4984/294/1819 4983/293/1816 1636/293/1818 1632/294/1808
f 4984/294/1819 4982/357/1815 1629/357/1802 1631/294/1807
f 4982/357/1815 4984/294/1819 1632/294/1808 1630/357/1803
f 4985/293/1820 4986/357/1821 1629/357/1802 1635/293/1817
f 4986/357/1821 4985/293/1820 1636/293/1818 1630/357/1803
f 4986/357/1821 4987/354/1822 1623/354/1788 1629/357/1802
f 4987/354/1822 4986/357/1821 1630/357/1803 1624/354/1789
f 4987/354/1822 4985/293/1820 1635/293/1817 1623/354/1788
f 4985/293/1820 4987/354/1822 1624/354/1789 1636/293/1818
f 4988/293/1823 4989/354/1824 1623/354/1788 1635/293/1817
f 4989/354/1824 4988/293/1823 1636/293/1818 1624/354/1789
f 4989/354/1824 4990/352/1825 1619/352/1779 1623/354/1788
f 4990/352/1825 4989/354/1824 1624/354/1789 1620/352/1780
f 4990/352/1825 4988/293/1823 1635/293/1817 1619/352/1779
f 4988/293/1823 4990/352/1825 1620/352/1780 1636/293/1818
f 4991/358/1826 4992/293/1827 1635/293/1817 1637/358/1828
f 4992/293/1827 4991/358/1826 1638/358/1829 1636/293/1818
f 4992/293/1827 4993/352/1830 1619/352/1779 1635/293/1817
f 4993/352/1830 4992/293/1827 1636/293/1818 1620/352/1780
f 4993/352/1830 4991/358/1826 1637/358/1828 1619/352/1779
f 4991/358/1826 4993/352/1830 1620/352/1780 1638/358/1829
f 4994/359/1831 4995/293/1832 1635/293/1817 1639/359/1833
f 4995/293/1832 4994/359/1831 1640/359/1834 1636/293/1818
f 4995/293/1832 4996/358/1835 1637/358/1828 1635/293/1817
f 4996/358/1835 4995/293/1832 1636/293/1818 1638/358/1829
f 4996/358/1835 4994/359/1831 1639/359/1833 1637/358/1828
f 4994/359/1831 4996/358/1835 1638/358/1829 1640/359/1834
f 4997/359/1836 4998/358/1837 1637/358/1828 1639/359/1833
f 4998/358/1837 4997/359/1836 1640/359/1834 1638/358/1829
f 4998/358/1837 4999/348/1838 1611/348/1760 1637/358/1828
f 4999/348/1838 4998/358/1837 1638/358/1829 1612/348/1763
f 4999/348/1838 4997/359/1836 1639/359/1833 1611/348/1760
f 4997/359/1836 4999/348/1838 1612/348/1763 1640/359/1834
f 5000/348/1839 5001/360/656 1641/360/1840 1611/348/1760
f 5001/360/656 5000/348/1839 1612/348/1763 1642/360/1841
f 5001/360/656 5002/359/1842 1639/359/1833 1641/360/1840
f 5002/359/1842 5001/360/656 1642/360/1841 1640/359/1834
f 5002/359/1842 5000/348/1839 1611/348/1760 1639/359/1833
f 5000/348/1839 5002/359/1842 1640/359/1834 1612/348/1763
f 5003/348/1843 5004/347/1844 1609/347/1761 1611/348/1760
f 5004/347/1844 5003/348/1843 1612/348/1763 1610/347/1762
f 5004/347/1844 5005/360/1845 1641/360/1840 1609/347/1761
f 5005/360/1845 5004/347/1844 1610/347/1762 1642/360/1841
f 5005/360/1845 5003/348/1843 1611/348/1760 1641/360/1840
f 5003/348/1843 5005/360/1845 1642/360/1841 1612/348/1763
f 5006/293/1846 5007/359/1847 1639/359/1833 1635/293/1817
f 5007/359/1847 5006/293/1846 1636/293/1818 1640/359/1834
f 5007/359/1847 5008/361/1848 1643/361/1849 1639/359/1833
f 5008/361/1848 5007/359/1847 1640/359/1834 1644/361/1850
f 5008/361/1848 5006/293/1846 1635/293/1817 1643/361/1849
f 5006/293/1846 5008/361/1848 1644/361/1850 1636/293/1818
f 5009/347/1851 5010/362/1852 1645/362/1853 1609/347/1761
f 5010/362/1852 5009/347/1851 1610/347/1762 1646/362/1854
f 5010/362/1852 5011/360/1855 1641/360/1840 1645/362/1853
f 5011/360/1855 5010/362/1852 1646/362/1854 1642/360/1841
f 5011/360/1855 5009/347/1851 1609/347/1761 1641/360/1840
f 5009/347/1851 5011/360/1855 1642/360/1841 1610/347/1762
f 5012/293/1856 5013/361/1857 1643/361/1849 1635/293/1817
f 5013/361/1857 5012/293/1856 1636/293/1818 1644/361/1850
f 5013/361/1857 5014/363/1858 1647/363/1859 1643/361/1849
f 5014/363/1858 5013/361/1857 1644/361/1850 1648/363/1860
f 5014/363/1858 5012/293/1856 1635/293/1817 1647/363/1859
f 5012/293/1856 5014/363/1858 1648/363/1860 1636/293/1818
f 5015/362/1861 5016/347/1862 1609/347/1761 1645/362/1853
f 5016/347/1862 5015/362/1861 1646/362/1854 1610/347/1762
f 5016/347/1862 5017/364/1863 1649/364/1864 1609/347/1761
f 5017/364/1863 5016/347/1862 1610/347/1762 1650/364/1865
f 5017/364/1863 5015/362/1861 1645/362/1853 1649/364/1864
f 5015/362/1861 5017/364/1863 1650/364/1865 1646/362/1854
f 5018/364/1866 5019/361/1867 1643/361/1849 1649/364/1864
f 5019/361/1867 5018/364/1866 1650/364/1865 1644/361/1850
f 5019/361/1867 5020/362/500 1645/362/1853 1643/361/1849
f 5020/362/500 5019/361/1867 1644/361/1850 1646/362/1854
f 5020/362/500 5018/364/1866 1649/364/1864 1645/362/1853
f 5018/364/1866 5020/362/500 1646/362/1854 1650/364/1865
f 5021/364/1868 5022/347/1869 1609/347/1761 1649/364/1864
f 5022/347/1869 5021/364/1868 1650/364/1865 1610/347/1762
f 5022/347/1869 5023/365/1870 1651/365/1871 1609/347/1761
f 5023/365/1870 5022/347/1869 1610/347/1762 1652/365/1872
f 5023/365/1870 5021/364/1868 1649/364/1864 1651/365/1871
f 5021/364/1868 5023/365/1870 1652/365/1872 1650/364/1865
f 5024/361/1873 5025/364/1874 1649/364/1864 1643/361/1849
f 5025/364/1874 5024/361/1873 1644/361/1850 1650/364/1865
f 5025/364/1874 5026/366/1875 1653/366/1876 1649/364/1864
f 5026/366/1875 5025/364/1874 1650/364/1865 1654/366/1877
f 5026/366/1875 5024/361/1873 1643/361/1849 1653/366/1876
f 5024/361/1873 5026/366/1875 1654/366/1877 1644/361/1850
f 5027/366/1878 5028/363/1879 1647/363/1859 1653/366/1876
f 5028/363/1879 5027/366/1878 1654/366/1877 1648/363/1860
f 5028/363/1879 5029/361/1880 1643/361/1849 1647/363/1859
f 5029/361/1880 5028/363/1879 1648/363/1860 1644/361/1850
f 5029/361/1880 5027/366/1878 1653/366/1876 1643/361/1849
f 5027/366/1878 5029/361/1880 1644/361/1850 1654/366/1877
f 5030/365/1881 5031/347/1882 1609/347/1761 1651/365/1871
f 5031/347/1882 5030/365/1881 1652/365/1872 1610/347/1762
f 5031/347/1882 5032/367/1883 1655/367/1884 1609/347/1761
f 5032/367/1883 5031/347/1882 1610/347/1762 1656/367/1885
f 5032/367/1883 5030/365/1881 1651/365/1871 1655/367/1884
f 5030/365/1881 5032/367/1883 1656/367/1885 1652/365/1872
f 5033/368/1886 5034/363/1887 1647/363/1859 1657/368/1888
f 5034/363/1887 5033/368/1886 1658/368/1889 1648/363/1860
f 5034/363/1887 5035/366/1890 1653/366/1876 1647/363/1859
f 5035/366/1890 5034/363/1887 1648/363/1860 1654/366/1877
f 5035/366/1890 5033/368/1886 1657/368/1888 1653/366/1876
f 5033/368/1886 5035/366/1890 1654/366/1877 1658/368/1889
f 5036/369/1891 5037/365/1892 1651/365/1871 1659/369/1893
f 5037/365/1892 5036/369/1891 1660/369/1894 1652/365/1872
f 5037/365/1892 5038/367/1895 1655/367/1884 1651/365/1871
f 5038/367/1895 5037/365/1892 1652/365/1872 1656/367/1885
f 5038/367/1895 5036/369/1891 1659/369/1893 1655/367/1884
f 5036/369/1891 5038/367/1895 1656/367/1885 1660/369/1894
f 5039/369/1896 5040/368/1897 1657/368/1888 1659/369/1893
f 5040/368/1897 5039/369/1896 1660/369/1894 1658/368/1889
f 5040/368/1897 5041/365/1898 1651/365/1871 1657/368/1888
f 5041/365/1898 5040/368/1897 1658/368/1889 1652/365/1872
f 5041/365/1898 5039/369/1896 1659/369/1893 1651/365/1871
f 5039/369/1896 5041/365/1898 1652/365/1872 1660/369/1894
f 5042/370/1899 5043/369/1900 1659/369/1893 1661/370/1901
f 5043/369/1900 5042/370/1899 1662/370/1902 1660/369/1894
f 5043/369/1900 5044/367/1903 1655/367/1884 1659/369/1893
f 5044/367/1903 5043/369/1900 1660/369/1894 1656/367/1885
f 5044/367/1903 5042/370/1899 1661/370/1901 1655/367/1884
f 5042/370/1899 5044/367/1903 1656/367/1885 1662/370/1902
f 5045/369/1904 5046/370/1905 1661/370/1901 1659/369/1893
f 5046/370/1905 5045/369/1904 1660/369/1894 1662/370/1902
f 5046/370/1905 5047/371/1906 1663/371/1907 1661/370/1901
f 5047/371/1906 5046/370/1905 1662/370/1902 1664/371/1908
f 5047/371/1906 5045/369/1904 1659/369/1893 1663/371/1907
f 5045/369/1904 5047/371/1906 1664/371/1908 1660/369/1894
f 5048/372/1909 5049/370/1910 1661/370/1901 1665/372/1911
f 5049/370/1910 5048/372/1909 1666/372/1912 1662/370/1902
f 5049/370/1910 5050/367/1913 1655/367/1884 1661/370/1901
f 5050/367/1913 5049/370/1910 1662/370/1902 1656/367/1885
f 5050/367/1913 5048/372/1909 1665/372/1911 1655/367/1884
f 5048/372/1909 5050/367/1913 1656/367/1885 1666/372/1912
f 5051/370/1914 5052/372/1915 1665/372/1911 1661/370/1901
f 5052/372/1915 5051/370/1914 1662/370/1902 1666/372/1912
f 5052/372/1915 5053/373/1916 1667/373/1917 1665/372/1911
f 5053/373/1916 5052/372/1915 1666/372/1912 1668/373/1918
f 5053/373/1916 5051/370/1914 1661/370/1901 1667/373/1917
f 5051/370/1914 5053/373/1916 1668/373/1918 1662/370/1902
f 5054/368/1919 5055/369/1920 1659/369/1893 1657/368/1888
f 5055/369/1920 5054/368/1919 1658/368/1889 1660/369/1894
f 5055/369/1920 5056/374/1921 1669/374/1922 1659/369/1893
f 5056/374/1921 5055/369/1920 1660/369/1894 1670/374/1923
f 5056/374/1921 5054/368/1919 1657/368/1888 1669/374/1922
f 5054/368/1919 5056/374/1921 1670/374/1923 1658/368/1889
f 5057/363/1924 5058/368/1925 1657/368/1888 1647/363/1859
f 5058/368/1925 5057/363/1924 1648/363/1860 1658/368/1889
f 5058/368/1925 5059/375/1926 1671/375/1927 1657/368/1888
f 5059/375/1926 5058/368/1925 1658/368/1889 1672/375/1928
f 5059/375/1926 5057/363/1924 1647/363/1859 1671/375/1927
f 5057/363/1924 5059/375/1926 1672/375/1928 1648/363/1860
f 5060/374/1929 5061/375/1930 1671/375/1927 1669/374/1922
f 5061/375/1930 5060/374/1929 1670/374/1923 1672/375/1928
f 5061/375/1930 5062/368/1931 1657/368/1888 1671/375/1927
f 5062/368/1931 5061/375/1930 1672/375/1928 1658/368/1889
f 5062/368/1931 5060/374/1929 1669/374/1922 1657/368/1888
f 5060/374/1929 5062/368/1931 1658/368/1889 1670/374/1923
f 5063/363/1932 5064/375/1933 1671/375/1927 1647/363/1859
f 5064/375/1933 5063/363/1932 1648/363/1860 1672/375/1928
f 5064/375/1933 5065/376/1934 1673/376/1935 1671/375/1927
f 5065/376/1934 5064/375/1933 1672/375/1928 1674/376/1936
f 5065/376/1934 5063/363/1932 1647/363/1859 1673/376/1935
f 5063/363/1932 5065/376/1934 1674/376/1936 1648/363/1860
f 5066/375/1937 5067/374/1938 1669/374/1922 1671/375/1927
f 5067/374/1938 5066/375/1937 1672/375/1928 1670/374/1923
f 5067/374/1938 5068/377/1939 1675/377/1940 1669/374/1922
f 5068/377/1939 5067/374/1938 1670/374/1923 1676/377/1941
f 5068/377/1939 5066/375/1937 1671/375/1927 1675/377/1940
f 5066/375/1937 5068/377/1939 1676/377/1941 1672/375/1928
f 5069/375/1942 5070/377/1943 1675/377/1940 1671/375/1927
f 5070/377/1943 5069/375/1942 1672/375/1928 1676/377/1941
f 5070/377/1943 5071/326/1944 1677/326/1945 1675/377/1940
f 5071/326/1944 5070/377/1943 1676/377/1941 1678/326/1946
f 5071/326/1944 5069/375/1942 1671/375/1927 1677/326/1945
f 5069/375/1942 5071/326/1944 1678/326/1946 1672/375/1928
f 5072/378/1947 5073/377/1948 1675/377/1940 1679/378/1949
f 5073/377/1948 5072/378/1947 1680/378/1950 1676/377/1941
f 5073/377/1948 5074/374/1951 1669/374/1922 1675/377/1940
f 5074/374/1951 5073/377/1948 1676/377/1941 1670/374/1923
f 5074/374/1951 5072/378/1947 1679/378/1949 1669/374/1922
f 5072/378/1947 5074/374/1951 1670/374/1923 1680/378/1950
f 5075/374/1952 5076/379/1953 1681/379/1954 1669/374/1922
f 5076/379/1953 5075/374/1952 1670/374/1923 1682/379/1955
f 5076/379/1953 5077/378/1956 1679/378/1949 1681/379/1954
f 5077/378/1956 5076/379/1953 1682/379/1955 1680/378/1950
f 5077/378/1956 5075/374/1952 1669/374/1922 1679/378/1949
f 5075/374/1952 5077/378/1956 1680/378/1950 1670/374/1923
f 5078/377/1957 5079/378/1958 1679/378/1949 1675/377/1940
f 5079/378/1958 5078/377/1957 1676/377/1941 1680/378/1950
f 5079/378/1958 5080/380/1959 1683/380/1960 1679/378/1949
f 5080/380/1959 5079/378/1958 1680/378/1950 1684/380/1961
f 5080/380/1959 5078/377/1957 1675/377/1940 1683/380/1960
f 5078/377/1957 5080/380/1959 1684/380/1961 1676/377/1941
f 5081/377/1962 5082/380/1963 1683/380/1960 1675/377/1940
f 5082/380/1963 5081/377/1962 1676/377/1941 1684/380/1961
f 5082/380/1963 5083/381/1964 1685/381/1965 1683/380/1960
f 5083/381/1964 5082/380/1963 1684/380/1961 1686/381/1966
f 5083/381/1964 5081/377/1962 1675/377/1940 1685/381/1965
f 5081/377/1962 5083/381/1964 1686/381/1966 1676/377/1941
f 5084/382/1967 5085/380/1968 1683/380/1960 1687/382/1969
f 5085/380/1968 5084/382/1967 1688/382/1970 1684/380/1961
f 5085/380/1968 5086/378/1971 1679/378/1949 1683/380/1960
f 5086/378/1971 5085/380/1968 1684/380/1961 1680/378/1950
f 5086/378/1971 5084/382/1967 1687/382/1969 1679/378/1949
f 5084/382/1967 5086/378/1971 1680/378/1950 1688/382/1970
f 5087/380/1972 5088/382/1973 1687/382/1969 1683/380/1960
f 5088/382/1973 5087/380/1972 1684/380/1961 1688/382/1970
f 5088/382/1973 5089/383/1974 1689/383/1975 1687/382/1969
f 5089/383/1974 5088/382/1973 1688/382/1970 1690/383/1976
f 5089/383/1974 5087/380/1972 1683/380/1960 1689/383/1975
f 5087/380/1972 5089/383/1974 1690/383/1976 1684/380/1961
f 5090/382/1977 5091/378/1978 1679/378/1949 1687/382/1969
f 5091/378/1978 5090/382/1977 1688/382/1970 1680/378/1950
f 5091/378/1978 5092/384/1979 1691/384/1980 1679/378/1949
f 5092/384/1979 5091/378/1978 1680/378/1950 1692/384/1981
f 5092/384/1979 5090/382/1977 1687/382/1969 1691/384/1980
f 5090/382/1977 5092/384/1979 1692/384/1981 1688/382/1970
f 5093/374/1982 5094/369/1983 1695/369/1984 1693/374/1985
f 5094/369/1983 5093/374/1982 1694/374/1986 1696/369/1987
f 5094/369/1983 5095/379/1988 1697/379/1989 1695/369/1984
f 5095/379/1988 5094/369/1983 1696/369/1987 1698/379/1990
f 5095/379/1988 5093/374/1982 1693/374/1985 1697/379/1989
f 5093/374/1982 5095/379/1988 1698/379/1990 1694/374/1986
f 5096/379/1991 5097/369/1992 1695/369/1984 1697/379/1989
f 5097/369/1992 5096/379/1991 1698/379/1990 1696/369/1987
f 5097/369/1992 5098/371/1993 1699/371/1994 1695/369/1984
f 5098/371/1993 5097/369/1992 1696/369/1987 1700/371/1995
f 5098/371/1993 5096/379/1991 1697/379/1989 1699/371/1994
f 5096/379/1991 5098/371/1993 1700/371/1995 1698/379/1990
f 5099/295/1996 5100/371/610 1699/371/1997 1701/295/1998
f 5100/371/610 5099/295/1996 1702/295/1999 1700/371/2000
f 5100/371/610 5101/370/1821 1703/370/2001 1699/371/1997
f 5101/370/1821 5100/371/610 1700/371/2000 1704/370/2002
f 5101/370/1821 5099/295/1996 1701/295/1998 1703/370/2001
f 5099/295/1996 5101/370/1821 1704/370/2002 1702/295/1999
f 5102/295/2003 5103/370/2004 1703/370/2001 1701/295/1998
f 5103/370/2004 5102/295/2003 1702/295/1999 1704/370/2002
f 5103/370/2004 5104/373/606 1705/373/2005 1703/370/2001
f 5104/373/606 5103/370/2004 1704/370/2002 1706/373/2006
f 5104/373/606 5102/295/2003 1701/295/1998 1705/373/2005
f 5102/295/2003 5104/373/606 1706/373/2006 1702/295/1999
f 5105/342/2007 5106/300/2008 1709/300/2009 1707/342/2010
f 5106/300/2008 5105/342/2007 1708/342/2011 1710/300/2012
f 5106/300/2008 5107/356/2013 1711/356/2014 1709/300/2009
f 5107/356/2013 5106/300/2008 1710/300/2012 1712/356/2015
f 5107/356/2013 5105/342/2007 1707/342/2010 1711/356/2014
f 5105/342/2007 5107/356/2013 1712/356/2015 1708/342/2011
f 5108/342/2016 5109/356/2017 1711/356/2014 1707/342/2010
f 5109/356/2017 5108/342/2016 1708/342/2011 1712/356/2015
f 5109/356/2017 5110/355/557 1713/355/2018 1711/356/2014
f 5110/355/557 5109/356/2017 1712/356/2015 1714/355/2019
f 5110/355/557 5108/342/2016 1707/342/2010 1713/355/2018
f 5108/342/2016 5110/355/557 1714/355/2019 1708/342/2011
f 5111/356/2020 5112/385/2021 1715/385/2022 1711/356/2023
f 5112/385/2021 5111/356/2020 1712/356/2024 1716/385/2025
f 5112/385/2021 5113/349/2026 1717/349/2027 1715/385/2022
f 5113/349/2026 5112/385/2021 1716/385/2025 1718/349/2028
f 5113/349/2026 5111/356/2020 1711/356/2023 1717/349/2027
f 5111/356/2020 5113/349/2026 1718/349/2028 1712/356/2024
f 5114/386/2029 5115/385/2030 1715/385/2022 1719/386/2031
f 5115/385/2030 5114/386/2029 1720/386/2032 1716/385/2025
f 5115/385/2030 5116/356/1947 1711/356/2023 1715/385/2022
f 5116/356/1947 5115/385/2030 1716/385/2025 1712/356/2024
f 5116/356/1947 5114/386/2029 1719/386/2031 1711/356/2023
f 5114/386/2029 5116/356/1947 1712/356/2024 1720/386/2032
f 5117/293/2033 5118/342/2034 1707/342/2035 1721/293/2036
f 5118/342/2034 5117/293/2033 1722/293/2037 1708/342/2038
f 5118/342/2034 5119/294/2039 1723/294/2040 1707/342/2035
f 5119/294/2039 5118/342/2034 1708/342/2038 1724/294/2041
f 5119/294/2039 5117/293/2033 1721/293/2036 1723/294/2040
f 5117/293/2033 5119/294/2039 1724/294/2041 1722/293/2037
f 5120/293/2042 5121/341/1944 1725/341/2043 1721/293/2036
f 5121/341/1944 5120/293/2042 1722/293/2037 1726/341/2044
f 5121/341/1944 5122/342/1821 1707/342/2035 1725/341/2043
f 5122/342/1821 5121/341/1944 1726/341/2044 1708/342/2038
f 5122/342/1821 5120/293/2042 1721/293/2036 1707/342/2035
f 5120/293/2042 5122/342/1821 1708/342/2038 1722/293/2037
f 5123/387/2045 5124/388/2046 1729/388/2047 1727/387/2048
f 5124/388/2046 5123/387/2045 1728/387/2049 1730/388/2050
f 5124/388/2046 5125/293/2051 1721/293/2052 1729/388/2047
f 5125/293/2051 5124/388/2046 1730/388/2050 1722/293/2053
f 5125/293/2051 5123/387/2045 1727/387/2048 1721/293/2052
f 5123/387/2045 5125/293/2051 1722/293/2053 1728/387/2049
f 5126/293/2054 5127/363/2055 1731/363/2056 1721/293/2052
f 5127/363/2055 5126/293/2054 1722/293/2053 1732/363/2057
f 5127/363/2055 5128/387/2058 1727/387/2048 1731/363/2056
f 5128/387/2058 5127/363/2055 1732/363/2057 1728/387/2049
f 5128/387/2058 5126/293/2054 1721/293/2052 1727/387/2048
f 5126/293/2054 5128/387/2058 1728/387/2049 1722/293/2053
f 5129/376/2059 5130/387/2060 1727/387/2048 1733/376/2061
f 5130/387/2060 5129/376/2059 1734/376/2062 1728/387/2049
f 5130/387/2060 5131/363/2063 1731/363/2056 1727/387/2048
f 5131/363/2063 5130/387/2060 1728/387/2049 1732/363/2057
f 5131/363/2063 5129/376/2059 1733/376/2061 1731/363/2056
f 5129/376/2059 5131/363/2063 1732/363/2057 1734/376/2062
f 5132/387/2064 5133/376/2065 1733/376/2061 1727/387/2048
f 5133/376/2065 5132/387/2064 1728/387/2049 1734/376/2062
f 5133/376/2065 5134/389/2066 1735/389/2067 1733/376/2061
f 5134/389/2066 5133/376/2065 1734/376/2062 1736/389/2068
f 5134/389/2066 5132/387/2064 1727/387/2048 1735/389/2067
f 5132/387/2064 5134/389/2066 1736/389/2068 1728/387/2049
f 5135/317/2069 5136/376/2070 1733/376/2071 1737/317/2072
f 5136/376/2070 5135/317/2069 1738/317/2073 1734/376/2074
f 5136/376/2070 5137/326/2075 1739/326/2076 1733/376/2071
f 5137/326/2075 5136/376/2070 1734/376/2074 1740/326/2077
f 5137/326/2075 5135/317/2069 1737/317/2072 1739/326/2076
f 5135/317/2069 5137/326/2075 1740/326/2077 1738/317/2073
f 5138/326/2078 5139/376/2079 1733/376/2071 1739/326/2076
f 5139/376/2079 5138/326/2078 1740/326/2077 1734/376/2074
f 5139/376/2079 5140/375/606 1741/375/2080 1733/376/2071
f 5140/375/606 5139/376/2079 1734/376/2074 1742/375/2081
f 5140/375/606 5138/326/2078 1739/326/2076 1741/375/2080
f 5138/326/2078 5140/375/606 1742/375/2081 1740/326/2077
f 5141/381/2082 5142/326/2083 1739/326/2084 1743/381/2085
f 5142/326/2083 5141/381/2082 1744/381/2086 1740/326/2087
f 5142/326/2083 5143/377/1895 1745/377/2088 1739/326/2084
f 5143/377/1895 5142/326/2083 1740/326/2087 1746/377/2089
f 5143/377/1895 5141/381/2082 1743/381/2085 1745/377/2088
f 5141/381/2082 5143/377/1895 1746/377/2089 1744/381/2086
f 5144/390/2090 5145/326/2091 1739/326/2084 1747/390/2092
f 5145/326/2091 5144/390/2090 1748/390/2093 1740/326/2087
f 5145/326/2091 5146/381/2094 1743/381/2085 1739/326/2084
f 5146/381/2094 5145/326/2091 1740/326/2087 1744/381/2086
f 5146/381/2094 5144/390/2090 1747/390/2092 1743/381/2085
f 5144/390/2090 5146/381/2094 1744/381/2086 1748/390/2093
f 5147/372/2095 5148/367/2008 1751/367/2096 1749/372/2097
f 5148/367/2008 5147/372/2095 1750/372/2098 1752/367/2099
f 5148/367/2008 5149/347/2100 1753/347/2101 1751/367/2096
f 5149/347/2100 5148/367/2008 1752/367/2099 1754/347/2102
f 5149/347/2100 5147/372/2095 1749/372/2097 1753/347/2101
f 5147/372/2095 5149/347/2100 1754/347/2102 1750/372/2098
f 5150/372/2103 5151/347/2104 1753/347/2101 1749/372/2097
f 5151/347/2104 5150/372/2103 1750/372/2098 1754/347/2102
f 5151/347/2104 5152/391/2105 1755/391/2106 1753/347/2101
f 5152/391/2105 5151/347/2104 1754/347/2102 1756/391/2107
f 5152/391/2105 5150/372/2103 1749/372/2097 1755/391/2106
f 5150/372/2103 5152/391/2105 1756/391/2107 1750/372/2098
f 5153/384/609 5154/378/610 1759/378/611 1757/384/612
f 5154/378/610 5153/384/609 1758/384/613 1760/378/614
f 5154/378/610 5155/392/2108 1761/392/2109 1759/378/611
f 5155/392/2108 5154/378/610 1760/378/614 1762/392/2110
f 5155/392/2108 5153/384/609 1757/384/612 1761/392/2109
f 5153/384/609 5155/392/2108 1762/392/2110 1758/384/613
f 5156/384/2003 5157/392/2004 1761/392/2109 1757/384/612
f 5157/392/2004 5156/384/2003 1758/384/613 1762/392/2110
f 5157/392/2004 5158/393/606 1763/393/2111 1761/392/2109
f 5158/393/606 5157/392/2004 1762/392/2110 1764/393/2112
f 5158/393/606 5156/384/2003 1757/384/612 1763/393/2111
f 5156/384/2003 5158/393/606 1764/393/2112 1758/384/613
f 5159/382/623 5160/285/2113 1767/285/2114 1765/382/2115
f 5160/285/2113 5159/382/623 1766/382/2116 1768/285/2117
f 5160/285/2113 5161/394/2118 1769/394/2119 1767/285/2114
f 5161/394/2118 5160/285/2113 1768/285/2117 1770/394/2120
f 5161/394/2118 5159/382/623 1765/382/2115 1769/394/2119
f 5159/382/623 5161/394/2118 1770/394/2120 1766/382/2116
f 5162/394/2121 5163/285/2122 1767/285/2114 1769/394/2119
f 5163/285/2122 5162/394/2121 1770/394/2120 1768/285/2117
f 5163/285/2122 5164/286/2123 1771/286/2124 1767/285/2114
f 5164/286/2123 5163/285/2122 1768/285/2117 1772/286/2125
f 5164/286/2123 5162/394/2121 1769/394/2119 1771/286/2124
f 5162/394/2121 5164/286/2123 1772/286/2125 1770/394/2120
f 5165/354/1171 5166/357/665 1775/357/666 1773/354/667
f 5166/357/665 5165/354/1171 1774/354/668 1776/357/669
f 5166/357/665 5167/353/1168 1777/353/671 1775/357/666
f 5167/353/1168 5166/357/665 1776/357/669 1778/353/672
f 5167/353/1168 5165/354/1171 1773/354/667 1777/353/671
f 5165/354/1171 5167/353/1168 1778/353/672 1774/354/668
f 5168/354/673 5169/353/1197 1777/353/671 1773/354/667
f 5169/353/1197 5168/354/673 1774/354/668 1778/353/672
f 5169/353/1197 5170/351/1170 1779/351/676 1777/353/671
f 5170/351/1170 5169/353/1197 1778/353/672 1780/351/677
f 5170/351/1170 5168/354/673 1773/354/667 1779/351/676
f 5168/354/673 5170/351/1170 1780/351/677 1774/354/668
f 5171/300/2126 5172/395/610 1783/395/2127 1781/300/612
f 5172/395/610 5171/300/2126 1782/300/613 1784/395/614
f 5172/395/610 5173/386/2108 1785/386/2109 1783/395/2127
f 5173/386/2108 5172/395/610 1784/395/614 1786/386/2110
f 5173/386/2108 5171/300/2126 1781/300/612 1785/386/2109
f 5171/300/2126 5173/386/2108 1786/386/2110 1782/300/613
f 5174/300/2003 5175/386/2004 1785/386/2109 1781/300/612
f 5175/386/2004 5174/300/2003 1782/300/613 1786/386/2110
f 5175/386/2004 5176/356/606 1787/356/2005 1785/386/2109
f 5176/356/606 5175/386/2004 1786/386/2110 1788/356/2006
f 5176/356/606 5174/300/2003 1781/300/612 1787/356/2005
f 5174/300/2003 5176/356/606 1788/356/2006 1782/300/613
f 5177/341/609 5178/292/610 1791/292/611 1789/341/612
f 5178/292/610 5177/341/609 1790/341/613 1792/292/614
f 5178/292/610 5179/300/2108 1781/300/2109 1791/292/611
f 5179/300/2108 5178/292/610 1792/292/614 1782/300/2110
f 5179/300/2108 5177/341/609 1789/341/612 1781/300/2109
f 5177/341/609 5179/300/2108 1782/300/2110 1790/341/613
f 5180/341/618 5181/300/2128 1781/300/2109 1789/341/612
f 5181/300/2128 5180/341/618 1790/341/613 1782/300/2110
f 5181/300/2128 5182/342/606 1793/342/2005 1781/300/2109
f 5182/342/606 5181/300/2128 1782/300/2110 1794/342/2006
f 5182/342/606 5180/341/618 1789/341/612 1793/342/2005
f 5180/341/618 5182/342/606 1794/342/2006 1790/341/613
f 5183/388/609 5184/396/610 1797/396/611 1795/388/612
f 5184/396/610 5183/388/609 1796/388/613 1798/396/614
f 5184/396/610 5185/341/615 1789/341/2109 1797/396/611
f 5185/341/615 5184/396/610 1798/396/614 1790/341/2110
f 5185/341/615 5183/388/609 1795/388/612 1789/341/2109
f 5183/388/609 5185/341/615 1790/341/2110 1796/388/613
f 5186/388/618 5187/341/2129 1789/341/2109 1795/388/612
f 5187/341/2129 5186/388/618 1796/388/613 1790/341/2110
f 5187/341/2129 5188/293/606 1799/293/2005 1789/341/2109
f 5188/293/606 5187/341/2129 1790/341/2110 1800/293/2006
f 5188/293/606 5186/388/618 1795/388/612 1799/293/2005
f 5186/388/618 5188/293/606 1800/293/2006 1796/388/613
f 5189/361/1171 5190/359/665 1803/359/666 1801/361/667
f 5190/359/665 5189/361/1171 1802/361/668 1804/359/669
f 5190/359/665 5191/360/1168 1805/360/671 1803/359/666
f 5191/360/1168 5190/359/665 1804/359/669 1806/360/672
f 5191/360/1168 5189/361/1171 1801/361/667 1805/360/671
f 5189/361/1171 5191/360/1168 1806/360/672 1802/361/668
f 5192/361/673 5193/360/1197 1805/360/671 1801/361/667
f 5193/360/1197 5192/361/673 1802/361/668 1806/360/672
f 5193/360/1197 5194/362/1170 1807/362/676 1805/360/671
f 5194/362/1170 5193/360/1197 1806/360/672 1808/362/677
f 5194/362/1170 5192/361/673 1801/361/667 1807/362/676
f 5192/361/673 5194/362/1170 1808/362/677 1802/361/668
f 5195/358/1171 5196/352/665 1811/352/666 1809/358/667
f 5196/352/665 5195/358/1171 1810/358/668 1812/352/669
f 5196/352/665 5197/350/1168 1813/350/671 1811/352/666
f 5197/350/1168 5196/352/665 1812/352/669 1814/350/672
f 5197/350/1168 5195/358/1171 1809/358/667 1813/350/671
f 5195/358/1171 5197/350/1168 1814/350/672 1810/358/668
f 5198/358/673 5199/350/1169 1813/350/671 1809/358/667
f 5199/350/1169 5198/358/673 1810/358/668 1814/350/672
f 5199/350/1169 5200/348/1170 1815/348/676 1813/350/671
f 5200/348/1170 5199/350/1169 1814/350/672 1816/348/677
f 5200/348/1170 5198/358/673 1809/358/667 1815/348/676
f 5198/358/673 5200/348/1170 1816/348/677 1810/358/668
f 5201/397/2126 5202/373/610 1819/373/611 1817/397/612
f 5202/373/610 5201/397/2126 1818/397/613 1820/373/614
f 5202/373/610 5203/372/2130 1821/372/2109 1819/373/611
f 5203/372/2130 5202/373/610 1820/373/614 1822/372/2110
f 5203/372/2130 5201/397/2126 1817/397/612 1821/372/2109
f 5201/397/2126 5203/372/2130 1822/372/2110 1818/397/613
f 5204/397/618 5205/372/2128 1821/372/2109 1817/397/612
f 5205/372/2128 5204/397/618 1818/397/613 1822/372/2110
f 5205/372/2128 5206/398/606 1823/398/2005 1821/372/2109
f 5206/398/606 5205/372/2128 1822/372/2110 1824/398/2006
f 5206/398/606 5204/397/618 1817/397/612 1823/398/2005
f 5204/397/618 5206/398/606 1824/398/2006 1818/397/613
f 5207/399/2131 5208/365/2132 1827/365/2133 1825/399/2134
f 5208/365/2132 5207/399/2131 1826/399/2135 1828/365/2136
f 5208/365/2132 5209/368/1967 1829/368/2137 1827/365/2133
f 5209/368/1967 5208/365/2132 1828/365/2136 1830/368/2138
f 5209/368/1967 5207/399/2131 1825/399/2134 1829/368/2137
f 5207/399/2131 5209/368/1967 1830/368/2138 1826/399/2135
f 5210/365/2139 5211/399/2140 1825/399/2134 1827/365/2133
f 5211/399/2140 5210/365/2139 1828/365/2136 1826/399/2135
f 5211/399/2140 5212/364/2141 1831/364/2142 1825/399/2134
f 5212/364/2141 5211/399/2140 1826/399/2135 1832/364/2143
f 5212/364/2141 5210/365/2139 1827/365/2133 1831/364/2142
f 5210/365/2139 5212/364/2141 1832/364/2143 1828/365/2136
f 5213/399/2144 5214/366/2145 1833/366/2146 1825/399/2134
f 5214/366/2145 5213/399/2144 1826/399/2135 1834/366/2147
f 5214/366/2145 5215/364/2148 1831/364/2142 1833/366/2146
f 5215/364/2148 5214/366/2145 1834/366/2147 1832/364/2143
f 5215/364/2148 5213/399/2144 1825/399/2134 1831/364/2142
f 5213/399/2144 5215/364/2148 1832/364/2143 1826/399/2135
f 5216/400/2149 5217/401/2150 1837/401/2151 1835/400/2152
f 5217/401/2150 5216/400/2149 1836/400/2153 1838/401/2154
f 5217/401/2150 5218/380/2155 1839/380/2156 1837/401/2151
f 5218/380/2155 5217/401/2150 1838/401/2154 1840/380/2157
f 5218/380/2155 5216/400/2149 1835/400/2152 1839/380/2156
f 5216/400/2149 5218/380/2155 1840/380/2157 1836/400/2153
f 5219/380/2158 5220/401/2159 1837/401/2151 1839/380/2156
f 5220/401/2159 5219/380/2158 1840/380/2157 1838/401/2154
f 5220/401/2159 5221/383/2160 1841/383/2161 1837/401/2151
f 5221/383/2160 5220/401/2159 1838/401/2154 1842/383/2162
f 5221/383/2160 5219/380/2158 1839/380/2156 1841/383/2161
f 5219/380/2158 5221/383/2160 1842/383/2162 1840/380/2157
f 5222/401/2163 5223/400/2164 1835/400/2152 1837/401/2151
f 5223/400/2164 5222/401/2163 1838/401/2154 1836/400/2153
f 5223/400/2164 5224/392/2165 1843/392/2166 1835/400/2152
f 5224/392/2165 5223/400/2164 1836/400/2153 1844/392/2167
f 5224/392/2165 5222/401/2163 1837/401/2151 1843/392/2166
f 5222/401/2163 5224/392/2165 1844/392/2167 1838/401/2154
f 5225/381/2168 5226/400/2169 1835/400/2152 1845/381/2170
f 5226/400/2169 5225/381/2168 1846/381/2171 1836/400/2153
f 5226/400/2169 5227/380/2172 1839/380/2156 1835/400/2152
f 5227/380/2172 5226/400/2169 1836/400/2153 1840/380/2157
f 5227/380/2172 5225/381/2168 1845/381/2170 1839/380/2156
f 5225/381/2168 5227/380/2172 1840/380/2157 1846/381/2171
f 5228/400/2173 5229/381/2174 1845/381/2170 1835/400/2152
f 5229/381/2174 5228/400/2173 1836/400/2153 1846/381/2171
f 5229/381/2174 5230/399/2175 1847/399/2176 1845/381/2170
f 5230/399/2175 5229/381/2174 1846/381/2171 1848/399/2177
f 5230/399/2175 5228/400/2173 1835/400/2152 1847/399/2176
f 5228/400/2173 5230/399/2175 1848/399/2177 1836/400/2153
f 5231/400/2178 5232/399/2179 1847/399/2176 1835/400/2152
f 5232/399/2179 5231/400/2178 1836/400/2153 1848/399/2177
f 5232/399/2179 5233/368/2180 1849/368/2181 1847/399/2176
f 5233/368/2180 5232/399/2179 1848/399/2177 1850/368/2182
f 5233/368/2180 5231/400/2178 1835/400/2152 1849/368/2181
f 5231/400/2178 5233/368/2180 1850/368/2182 1836/400/2153
f 5234/400/2183 5235/368/2184 1849/368/2181 1835/400/2152
f 5235/368/2184 5234/400/2183 1836/400/2153 1850/368/2182
f 5235/368/2184 5236/402/1170 1851/402/2185 1849/368/2181
f 5236/402/1170 5235/368/2184 1850/368/2182 1852/402/2186
f 5236/402/1170 5234/400/2183 1835/400/2152 1851/402/2185
f 5234/400/2183 5236/402/1170 1852/402/2186 1836/400/2153
f 5237/235/2187 5238/238/2188 1855/238/2189 1853/235/2190
f 5238/238/2188 5237/235/2187 1854/235/2191 1856/238/2192
f 5238/238/2188 5239/261/2193 1857/261/2194 1855/238/2189
f 5239/261/2193 5238/238/2188 1856/238/2192 1858/261/2195
f 5239/261/2193 5237/235/2187 1853/235/2190 1857/261/2194
f 5237/235/2187 5239/261/2193 1858/261/2195 1854/235/2191
f 5240/261/2196 5241/238/2197 1855/238/2189 1857/261/2194
f 5241/238/2197 5240/261/2196 1858/261/2195 1856/238/2192
f 5241/238/2197 5242/264/2198 1859/264/2199 1855/238/2189
f 5242/264/2198 5241/238/2197 1856/238/2192 1860/264/880
f 5242/264/2198 5240/261/2196 1857/261/2194 1859/264/2199
f 5240/261/2196 5242/264/2198 1860/264/880 1858/261/2195
f 5243/403/2200 5244/279/2201 1863/279/791 1861/403/2202
f 5244/279/2201 5243/403/2200 1862/403/2203 1864/279/851
f 5244/279/2201 5245/278/2204 1865/278/2205 1863/279/791
f 5245/278/2204 5244/279/2201 1864/279/851 1866/278/2206
f 5245/278/2204 5243/403/2200 1861/403/2202 1865/278/2205
f 5243/403/2200 5245/278/2204 1866/278/2206 1862/403/2203
f 5246/403/2207 5247/278/2208 1865/278/2205 1861/403/2202
f 5247/278/2208 5246/403/2207 1862/403/2203 1866/278/2206
f 5247/278/2208 5248/404/1292 1867/404/2209 1865/278/2205
f 5248/404/1292 5247/278/2208 1866/278/2206 1868/404/856
f 5248/404/1292 5246/403/2207 1861/403/2202 1867/404/2209
f 5246/403/2207 5248/404/1292 1868/404/856 1862/403/2203
f 5249/274/2210 5250/403/2211 1871/403/2212 1869/274/2213
f 5250/403/2211 5249/274/2210 1870/274/2214 1872/403/2215
f 5250/403/2211 5251/269/1298 1873/269/2216 1871/403/2212
f 5251/269/1298 5250/403/2211 1872/403/2215 1874/269/2217
f 5251/269/1298 5249/274/2210 1869/274/2213 1873/269/2216
f 5249/274/2210 5251/269/1298 1874/269/2217 1870/274/2214
f 5252/403/2218 5253/274/2219 1869/274/2213 1871/403/2212
f 5253/274/2219 5252/403/2218 1872/403/2215 1870/274/2214
f 5253/274/2219 5254/280/2220 1875/280/2221 1869/274/2213
f 5254/280/2220 5253/274/2219 1870/274/2214 1876/280/2222
f 5254/280/2220 5252/403/2218 1871/403/2212 1875/280/2221
f 5252/403/2218 5254/280/2220 1876/280/2222 1872/403/2215
f 5255/403/2223 5256/280/2224 1875/280/2221 1871/403/2212
f 5256/280/2224 5255/403/2223 1872/403/2215 1876/280/2222
f 5256/280/2224 5257/279/2225 1877/279/2226 1875/280/2221
f 5257/279/2225 5256/280/2224 1876/280/2222 1878/279/2227
f 5257/279/2225 5255/403/2223 1871/403/2212 1877/279/2226
f 5255/403/2223 5257/279/2225 1878/279/2227 1872/403/2215
f 5258/404/2228 5259/269/2229 1873/269/2216 1879/404/2230
f 5259/269/2229 5258/404/2228 1880/404/2231 1874/269/2217
f 5259/269/2229 5260/403/795 1871/403/2212 1873/269/2216
f 5260/403/795 5259/269/2229 1874/269/2217 1872/403/2215
f 5260/403/795 5258/404/2228 1879/404/2230 1871/403/2212
f 5258/404/2228 5260/403/795 1872/403/2215 1880/404/2231
f 5261/281/2232 5262/282/1358 1883/282/2233 1881/281/2234
f 5262/282/1358 5261/281/2232 1882/281/2235 1884/282/2236
f 5262/282/1358 5263/269/2237 1873/269/2216 1883/282/2233
f 5263/269/2237 5262/282/1358 1884/282/2236 1874/269/2217
f 5263/269/2237 5261/281/2232 1881/281/2234 1873/269/2216
f 5261/281/2232 5263/269/2237 1874/269/2217 1882/281/2235
f 5264/269/2238 5265/268/2239 1885/268/2240 1873/269/2216
f 5265/268/2239 5264/269/2238 1874/269/2217 1886/268/2241
f 5265/268/2239 5266/281/2242 1881/281/2234 1885/268/2240
f 5266/281/2242 5265/268/2239 1886/268/2241 1882/281/2235
f 5266/281/2242 5264/269/2238 1873/269/2216 1881/281/2234
f 5264/269/2238 5266/281/2242 1882/281/2235 1874/269/2217
f 5267/269/2243 5268/404/2244 1879/404/2230 1873/269/2216
f 5268/404/2244 5267/269/2243 1874/269/2217 1880/404/2231
f 5268/404/2244 5269/268/2245 1885/268/2240 1879/404/2230
f 5269/268/2245 5268/404/2244 1880/404/2231 1886/268/2241
f 5269/268/2245 5267/269/2243 1873/269/2216 1885/268/2240
f 5267/269/2243 5269/268/2245 1886/268/2241 1874/269/2217
f 5270/404/2246 5271/271/2247 1887/271/2248 1879/404/2230
f 5271/271/2247 5270/404/2246 1880/404/2231 1888/271/2249
f 5271/271/2247 5272/268/2250 1885/268/2240 1887/271/2248
f 5272/268/2250 5271/271/2247 1888/271/2249 1886/268/2241
f 5272/268/2250 5270/404/2246 1879/404/2230 1885/268/2240
f 5270/404/2246 5272/268/2250 1886/268/2241 1880/404/2231
f 5273/404/2251 5274/277/2252 1889/277/2253 1879/404/2230
f 5274/277/2252 5273/404/2251 1880/404/2231 1890/277/2254
f 5274/277/2252 5275/271/2255 1887/271/2248 1889/277/2253
f 5275/271/2255 5274/277/2252 1890/277/2254 1888/271/2249
f 5275/271/2255 5273/404/2251 1879/404/2230 1887/271/2248
f 5273/404/2251 5275/271/2255 1888/271/2249 1880/404/2231
f 5276/277/2256 5277/404/2257 1879/404/2230 1889/277/2253
f 5277/404/2257 5276/277/2256 1890/277/2254 1880/404/2231
f 5277/404/2257 5278/278/2258 1891/278/2259 1879/404/2230
f 5278/278/2258 5277/404/2257 1880/404/2231 1892/278/2260
f 5278/278/2258 5276/277/2256 1889/277/2253 1891/278/2259
f 5276/277/2256 5278/278/2258 1892/278/2260 1890/277/2254
f 5279/238/2261 5280/243/2262 1895/243/2263 1893/238/2264
f 5280/243/2262 5279/238/2261 1894/238/2265 1896/243/2266
f 5280/243/2262 5281/240/1298 1897/240/2267 1895/243/2263
f 5281/240/1298 5280/243/2262 1896/243/2266 1898/240/2268
f 5281/240/1298 5279/238/2261 1893/238/2264 1897/240/2267
f 5279/238/2261 5281/240/1298 1898/240/2268 1894/238/2265
f 5282/235/2269 5283/243/2270 1895/243/2263 1899/235/2271
f 5283/243/2270 5282/235/2269 1900/235/2272 1896/243/2266
f 5283/243/2270 5284/238/2273 1893/238/2264 1895/243/2263
f 5284/238/2273 5283/243/2270 1896/243/2266 1894/238/2265
f 5284/238/2273 5282/235/2269 1899/235/2271 1893/238/2264
f 5282/235/2269 5284/238/2273 1894/238/2265 1900/235/2272
f 5285/243/2274 5286/235/2275 1899/235/2271 1895/243/2263
f 5286/235/2275 5285/243/2274 1896/243/2266 1900/235/2272
f 5286/235/2275 5287/248/2276 1901/248/2277 1899/235/2271
f 5287/248/2276 5286/235/2275 1900/235/2272 1902/248/2278
f 5287/248/2276 5285/243/2274 1895/243/2263 1901/248/2277
f 5285/243/2274 5287/248/2276 1902/248/2278 1896/243/2266
f 5288/235/2279 5289/236/2280 1903/236/2281 1899/235/2271
f 5289/236/2280 5288/235/2279 1900/235/2272 1904/236/2282
f 5289/236/2280 5290/248/2283 1901/248/2277 1903/236/2281
f 5290/248/2283 5289/236/2280 1904/236/2282 1902/248/2278
f 5290/248/2283 5288/235/2279 1899/235/2271 1901/248/2277
f 5288/235/2279 5290/248/2283 1902/248/2278 1900/235/2272
f 5291/236/2284 5292/235/1456 1899/235/2271 1903/236/2281
f 5292/235/1456 5291/236/2284 1904/236/2282 1900/235/2272
f 5292/235/1456 5293/261/2285 1905/261/2286 1899/235/2271
f 5293/261/2285 5292/235/1456 1900/235/2272 1906/261/2287
f 5293/261/2285 5291/236/2284 1903/236/2281 1905/261/2286
f 5291/236/2284 5293/261/2285 1906/261/2287 1904/236/2282
f 5294/405/1129 5295/238/2288 1893/238/2264 1907/405/2289
f 5295/238/2288 5294/405/1129 1908/405/2290 1894/238/2265
f 5295/238/2288 5296/240/1469 1897/240/2267 1893/238/2264
f 5296/240/1469 5295/238/2288 1894/238/2265 1898/240/2268
f 5296/240/1469 5294/405/1129 1907/405/2289 1897/240/2267
f 5294/405/1129 5296/240/1469 1898/240/2268 1908/405/2290
f 5297/240/2291 5298/263/2292 1909/263/2293 1897/240/2267
f 5298/263/2292 5297/240/2291 1898/240/2268 1910/263/2294
f 5298/263/2292 5299/405/195 1907/405/2289 1909/263/2293
f 5299/405/195 5298/263/2292 1910/263/2294 1908/405/2290
f 5299/405/195 5297/240/2291 1897/240/2267 1907/405/2289
f 5297/240/2291 5299/405/195 1908/405/2290 1898/240/2268
f 5300/240/10 5301/244/747 1911/244/2295 1897/240/2267
f 5301/244/747 5300/240/10 1898/240/2268 1912/244/2296
f 5301/244/747 5302/263/2297 1909/263/2293 1911/244/2295
f 5302/263/2297 5301/244/747 1912/244/2296 1910/263/2294
f 5302/263/2297 5300/240/10 1897/240/2267 1909/263/2293
f 5300/240/10 5302/263/2297 1910/263/2294 1898/240/2268
f 5303/238/2298 5304/405/2299 1907/405/2289 1893/238/2264
f 5304/405/2299 5303/238/2298 1894/238/2265 1908/405/2290
f 5304/405/2299 5305/264/2250 1913/264/2300 1907/405/2289
f 5305/264/2250 5304/405/2299 1908/405/2290 1914/264/2301
f 5305/264/2250 5303/238/2298 1893/238/2264 1913/264/2300
f 5303/238/2298 5305/264/2250 1914/264/2301 1894/238/2265
f 5306/239/2302 5307/264/2303 1913/264/2300 1915/239/2304
f 5307/264/2303 5306/239/2302 1916/239/2305 1914/264/2301
f 5307/264/2303 5308/405/2306 1907/405/2289 1913/264/2300
f 5308/405/2306 5307/264/2303 1914/264/2301 1908/405/2290
f 5308/405/2306 5306/239/2302 1915/239/2304 1907/405/2289
f 5306/239/2302 5308/405/2306 1908/405/2290 1916/239/2305
f 5309/234/2307 5310/264/2308 1913/264/2300 1917/234/2309
f 5310/264/2308 5309/234/2307 1918/234/2310 1914/264/2301
f 5310/264/2308 5311/239/1558 1915/239/2304 1913/264/2300
f 5311/239/1558 5310/264/2308 1914/264/2301 1916/239/2305
f 5311/239/1558 5309/234/2307 1917/234/2309 1915/239/2304
f 5309/234/2307 5311/239/1558 1916/239/2305 1918/234/2310
f 5312/264/2311 5313/234/2312 1917/234/2309 1913/264/2300
f 5313/234/2312 5312/264/2311 1914/264/2301 1918/234/2310
f 5313/234/2312 5314/261/2313 1905/261/2286 1917/234/2309
f 5314/261/2313 5313/234/2312 1918/234/2310 1906/261/2287
f 5314/261/2313 5312/264/2311 1913/264/2300 1905/261/2286
f 5312/264/2311 5314/261/2313 1906/261/2287 1914/264/2301
f 5315/261/2314 5316/234/2315 1917/234/2309 1905/261/2286
f 5316/234/2315 5315/261/2314 1906/261/2287 1918/234/2310
f 5316/234/2315 5317/406/2316 1919/406/2317 1917/234/2309
f 5317/406/2316 5316/234/2315 1918/234/2310 1920/406/2318
f 5317/406/2316 5315/261/2314 1905/261/2286 1919/406/2317
f 5315/261/2314 5317/406/2316 1920/406/2318 1906/261/2287
f 5318/406/2319 5319/236/35 1903/236/2281 1919/406/2317
f 5319/236/35 5318/406/2319 1920/406/2318 1904/236/2282
f 5319/236/35 5320/261/2320 1905/261/2286 1903/236/2281
f 5320/261/2320 5319/236/35 1904/236/2282 1906/261/2287
f 5320/261/2320 5318/406/2319 1919/406/2317 1905/261/2286
f 5318/406/2319 5320/261/2320 1906/261/2287 1920/406/2318
f 5321/236/1572 5322/406/2321 1919/406/2317 1903/236/2281
f 5322/406/2321 5321/236/1572 1904/236/2282 1920/406/2318
f 5322/406/2321 5323/250/2322 1921/250/2323 1919/406/2317
f 5323/250/2322 5322/406/2321 1920/406/2318 1922/250/2324
f 5323/250/2322 5321/236/1572 1903/236/2281 1921/250/2323
f 5321/236/1572 5323/250/2322 1922/250/2324 1904/236/2282
f 5324/406/17 5325/262/2325 1923/262/2326 1919/406/2317
f 5325/262/2325 5324/406/17 1920/406/2318 1924/262/2327
f 5325/262/2325 5326/250/35 1921/250/2323 1923/262/2326
f 5326/250/35 5325/262/2325 1924/262/2327 1922/250/2324
f 5326/250/35 5324/406/17 1919/406/2317 1921/250/2323
f 5324/406/17 5326/250/35 1922/250/2324 1920/406/2318
f 5327/248/2251 5328/265/2328 1927/265/2329 1925/248/2330
f 5328/265/2328 5327/248/2251 1926/248/2331 1928/265/2332
f 5328/265/2328 5329/243/2333 1929/243/2334 1927/265/2329
f 5329/243/2333 5328/265/2328 1928/265/2332 1930/243/2335
f 5329/243/2333 5327/248/2251 1925/248/2330 1929/243/2334
f 5327/248/2251 5329/243/2333 1930/243/2335 1926/248/2331
f 5330/240/2336 5331/243/795 1929/243/2337 1931/240/2338
f 5331/243/795 5330/240/2336 1932/240/2339 1930/243/2340
f 5331/243/795 5332/254/2341 1933/254/2342 1929/243/2337
f 5332/254/2341 5331/243/795 1930/243/2340 1934/254/2343
f 5332/254/2341 5330/240/2336 1931/240/2338 1933/254/2342
f 5330/240/2336 5332/254/2341 1934/254/2343 1932/240/2339
f 5333/240/2344 5334/254/1202 1933/254/2342 1931/240/2338
f 5334/254/1202 5333/240/2344 1932/240/2339 1934/254/2343
f 5334/254/1202 5335/244/72 1935/244/2209 1933/254/2342
f 5335/244/72 5334/254/1202 1934/254/2343 1936/244/1208
f 5335/244/72 5333/240/2344 1931/240/2338 1935/244/2209
f 5333/240/2344 5335/244/72 1936/244/1208 1932/240/2339
f 5336/250/2345 5337/248/2346 1925/248/2347 1937/250/2348
f 5337/248/2346 5336/250/2345 1938/250/2349 1926/248/2350
f 5337/248/2346 5338/236/2351 1939/236/2352 1925/248/2347
f 5338/236/2351 5337/248/2346 1926/248/2350 1940/236/2353
f 5338/236/2351 5336/250/2345 1937/250/2348 1939/236/2352
f 5336/250/2345 5338/236/2351 1940/236/2353 1938/250/2349
f 5339/250/2354 5340/256/2355 1941/256/2356 1937/250/2348
f 5340/256/2355 5339/250/2354 1938/250/2349 1942/256/2357
f 5340/256/2355 5341/248/2358 1925/248/2347 1941/256/2356
f 5341/248/2358 5340/256/2355 1942/256/2357 1926/248/2350
f 5341/248/2358 5339/250/2354 1937/250/2348 1925/248/2347
f 5339/250/2354 5341/248/2358 1926/248/2350 1938/250/2349
f 5342/265/2359 5343/248/2360 1925/248/2330 1927/265/2329
f 5343/248/2360 5342/265/2359 1928/265/2332 1926/248/2331
f 5343/248/2360 5344/266/2361 1943/266/2362 1925/248/2330
f 5344/266/2361 5343/248/2360 1926/248/2331 1944/266/2363
f 5344/266/2361 5342/265/2359 1927/265/2329 1943/266/2362
f 5342/265/2359 5344/266/2361 1944/266/2363 1928/265/2332
f 5345/282/2364 5346/265/2365 1927/265/2329 1945/282/2366
f 5346/265/2365 5345/282/2364 1946/282/2367 1928/265/2332
f 5346/265/2365 5347/266/2368 1943/266/2362 1927/265/2329
f 5347/266/2368 5346/265/2365 1928/265/2332 1944/266/2363
f 5347/266/2368 5345/282/2364 1945/282/2366 1943/266/2362
f 5345/282/2364 5347/266/2368 1944/266/2363 1946/282/2367
f 5348/270/2369 5349/282/2370 1945/282/2366 1947/270/2371
f 5349/282/2370 5348/270/2369 1948/270/2372 1946/282/2367
f 5349/282/2370 5350/266/2373 1943/266/2362 1945/282/2366
f 5350/266/2373 5349/282/2370 1946/282/2367 1944/266/2363
f 5350/266/2373 5348/270/2369 1947/270/2371 1943/266/2362
f 5348/270/2369 5350/266/2373 1944/266/2363 1948/270/2372
f 5351/282/2374 5352/270/2375 1947/270/2371 1945/282/2366
f 5352/270/2375 5351/282/2374 1946/282/2367 1948/270/2372
f 5352/270/2375 5353/274/2376 1949/274/2377 1947/270/2371
f 5353/274/2376 5352/270/2375 1948/270/2372 1950/274/2378
f 5353/274/2376 5351/282/2374 1945/282/2366 1949/274/2377
f 5351/282/2374 5353/274/2376 1950/274/2378 1946/282/2367
f 5354/282/2379 5355/274/2380 1949/274/2377 1945/282/2366
f 5355/274/2380 5354/282/2379 1946/282/2367 1950/274/2378
f 5355/274/2380 5356/269/2381 1951/269/2382 1949/274/2377
f 5356/269/2381 5355/274/2380 1950/274/2378 1952/269/2383
f 5356/269/2381 5354/282/2379 1945/282/2366 1951/269/2382
f 5354/282/2379 5356/269/2381 1952/269/2383 1946/282/2367
f 5357/282/2384 5358/281/2385 1953/281/2386 1945/282/2366
f 5358/281/2385 5357/282/2384 1946/282/2367 1954/281/2387
f 5358/281/2385 5359/265/2388 1927/265/2329 1953/281/2386
f 5359/265/2388 5358/281/2385 1954/281/2387 1928/265/2332
f 5359/265/2388 5357/282/2384 1945/282/2366 1927/265/2329
f 5357/282/2384 5359/265/2388 1928/265/2332 1946/282/2367
f 5360/281/2389 5361/267/2390 1955/267/2391 1953/281/2386
f 5361/267/2390 5360/281/2389 1954/281/2387 1956/267/2392
f 5361/267/2390 5362/265/1459 1927/265/2329 1955/267/2391
f 5362/265/1459 5361/267/2390 1956/267/2392 1928/265/2332
f 5362/265/1459 5360/281/2389 1953/281/2386 1927/265/2329
f 5360/281/2389 5362/265/1459 1928/265/2332 1954/281/2387
f 5363/267/1406 5364/281/2393 1953/281/2386 1955/267/2391
f 5364/281/2393 5363/267/1406 1956/267/2392 1954/281/2387
f 5364/281/2393 5365/271/208 1957/271/2394 1953/281/2386
f 5365/271/208 5364/281/2393 1954/281/2387 1958/271/2395
f 5365/271/208 5363/267/1406 1955/267/2391 1957/271/2394
f 5363/267/1406 5365/271/208 1958/271/2395 1956/267/2392
f 5366/268/2396 5367/271/2397 1957/271/2394 1959/268/2398
f 5367/271/2397 5366/268/2396 1960/268/2399 1958/271/2395
f 5367/271/2397 5368/281/2400 1953/281/2386 1957/271/2394
f 5368/281/2400 5367/271/2397 1958/271/2395 1954/281/2387
f 5368/281/2400 5366/268/2396 1959/268/2398 1953/281/2386
f 5366/268/2396 5368/281/2400 1954/281/2387 1960/268/2399
f 5369/239/1209 5370/405/2401 1963/405/2402 1961/239/797
f 5370/405/2401 5369/239/1209 1962/239/798 1964/405/2403
f 5370/405/2401 5371/263/2404 1965/263/801 1963/405/2402
f 5371/263/2404 5370/405/2401 1964/405/2403 1966/263/802
f 5371/263/2404 5369/239/1209 1961/239/797 1965/263/801
f 5369/239/1209 5371/263/2404 1966/263/802 1962/239/798
f 5372/239/2405 5373/263/810 1965/263/801 1961/239/797
f 5373/263/810 5372/239/2405 1962/239/798 1966/263/802
f 5373/263/810 5374/245/2406 1967/245/2407 1965/263/801
f 5374/245/2406 5373/263/810 1966/263/802 1968/245/2408
f 5374/245/2406 5372/239/2405 1961/239/797 1967/245/2407
f 5372/239/2405 5374/245/2406 1968/245/2408 1962/239/798
f 5375/256/2409 5376/270/2410 1971/270/2411 1969/256/2412
f 5376/270/2410 5375/256/2409 1970/256/2413 1972/270/2414
f 5376/270/2410 5377/266/2415 1973/266/2416 1971/270/2411
f 5377/266/2415 5376/270/2410 1972/270/2414 1974/266/2417
f 5377/266/2415 5375/256/2409 1969/256/2412 1973/266/2416
f 5375/256/2409 5377/266/2415 1974/266/2417 1970/256/2413
f 5378/256/2418 5379/266/2419 1973/266/2416 1969/256/2412
f 5379/266/2419 5378/256/2418 1970/256/2413 1974/266/2417
f 5379/266/2419 5380/248/2420 1975/248/2421 1973/266/2416
f 5380/248/2420 5379/266/2419 1974/266/2417 1976/248/2422
f 5380/248/2420 5378/256/2418 1969/256/2412 1975/248/2421
f 5378/256/2418 5380/248/2420 1976/248/2422 1970/256/2413
f 5381/243/2423 5382/265/2410 1979/265/2411 1977/243/2424
f 5382/265/2410 5381/243/2423 1978/243/2413 1980/265/2414
f 5382/265/2410 5383/267/2415 1981/267/2416 1979/265/2411
f 5383/267/2415 5382/265/2410 1980/265/2414 1982/267/2425
f 5383/267/2415 5381/243/2423 1977/243/2424 1981/267/2416
f 5381/243/2423 5383/267/2415 1982/267/2425 1978/243/2413
f 5384/243/2426 5385/267/2427 1981/267/2416 1977/243/2424
f 5385/267/2427 5384/243/2426 1978/243/2413 1982/267/2425
f 5385/267/2427 5386/254/2420 1983/254/2421 1981/267/2416
f 5386/254/2420 5385/267/2427 1982/267/2425 1984/254/2422
f 5386/254/2420 5384/243/2426 1977/243/2424 1983/254/2421
f 5384/243/2426 5386/254/2420 1984/254/2422 1978/243/2413
f 5387/249/1209 5388/262/2428 1987/262/2402 1985/249/797
f 5388/262/2428 5387/249/1209 1986/249/798 1988/262/2403
f 5388/262/2428 5389/406/2404 1989/406/801 1987/262/2402
f 5389/406/2404 5388/262/2428 1988/262/2403 1990/406/802
f 5389/406/2404 5387/249/1209 1985/249/797 1989/406/801
f 5387/249/1209 5389/406/2404 1990/406/802 1986/249/798
f 5390/249/2405 5391/406/810 1989/406/801 1985/249/797
f 5391/406/810 5390/249/2405 1986/249/798 1990/406/802
f 5391/406/810 5392/234/2406 1991/234/2407 1989/406/801
f 5392/234/2406 5391/406/810 1990/406/802 1992/234/2408
f 5392/234/2406 5390/249/2405 1985/249/797 1991/234/2407
f 5390/249/2405 5392/234/2406 1992/234/2408 1986/249/798
f 5393/273/2429 5394/235/2430 1995/235/2431 1993/273/2432
f 5394/235/2430 5393/273/2429 1994/273/2433 1996/235/2434
f 5394/235/2430 5395/236/2435 1997/236/2436 1995/235/2431
f 5395/236/2435 5394/235/2430 1996/235/2434 1998/236/2437
f 5395/236/2435 5393/273/2429 1993/273/2432 1997/236/2436
f 5393/273/2429 5395/236/2435 1998/236/2437 1994/273/2433
f 5396/272/2438 5397/235/2439 1995/235/2431 1999/272/2440
f 5397/235/2439 5396/272/2438 2000/272/2441 1996/235/2434
f 5397/235/2439 5398/273/2442 1993/273/2432 1995/235/2431
f 5398/273/2442 5397/235/2439 1996/235/2434 1994/273/2433
f 5398/273/2442 5396/272/2438 1999/272/2440 1993/273/2432
f 5396/272/2438 5398/273/2442 1994/273/2433 2000/272/2441
f 5399/235/2443 5400/272/2444 1999/272/2440 1995/235/2431
f 5400/272/2444 5399/235/2443 1996/235/2434 2000/272/2441
f 5400/272/2444 5401/238/2445 2001/238/2446 1999/272/2440
f 5401/238/2445 5400/272/2444 2000/272/2441 2002/238/2447
f 5401/238/2445 5399/235/2443 1995/235/2431 2001/238/2446
f 5399/235/2443 5401/238/2445 2002/238/2447 1996/235/2434
f 5402/238/2448 5403/272/2449 1999/272/2440 2001/238/2446
f 5403/272/2449 5402/238/2448 2002/238/2447 2000/272/2441
f 5403/272/2449 5404/240/2450 2003/240/2451 1999/272/2440
f 5404/240/2450 5403/272/2449 2000/272/2441 2004/240/2452
f 5404/240/2450 5402/238/2448 2001/238/2446 2003/240/2451
f 5402/238/2448 5404/240/2450 2004/240/2452 2002/238/2447
f 5405/250/1545 5406/235/2453 2007/235/2454 2005/250/2455
f 5406/235/2453 5405/250/1545 2006/250/2456 2008/235/2457
f 5406/235/2453 5407/262/2458 2009/262/2459 2007/235/2454
f 5407/262/2458 5406/235/2453 2008/235/2457 2010/262/2460
f 5407/262/2458 5405/250/1545 2005/250/2455 2009/262/2459
f 5405/250/1545 5407/262/2458 2010/262/2460 2006/250/2456
f 5408/262/2461 5409/235/2462 2007/235/2454 2009/262/2459
f 5409/235/2462 5408/262/2461 2010/262/2460 2008/235/2457
f 5409/235/2462 5410/261/2463 2011/261/2464 2007/235/2454
f 5410/261/2463 5409/235/2462 2008/235/2457 2012/261/2465
f 5410/261/2463 5408/262/2461 2009/262/2459 2011/261/2464
f 5408/262/2461 5410/261/2463 2012/261/2465 2010/262/2460
f 5411/238/1545 5412/244/2453 2015/244/2454 2013/238/2455
f 5412/244/2453 5411/238/1545 2014/238/2456 2016/244/2457
f 5412/244/2453 5413/264/2458 2017/264/2459 2015/244/2454
f 5413/264/2458 5412/244/2453 2016/244/2457 2018/264/2460
f 5413/264/2458 5411/238/1545 2013/238/2455 2017/264/2459
f 5411/238/1545 5413/264/2458 2018/264/2460 2014/238/2456
f 5414/264/2461 5415/244/2462 2015/244/2454 2017/264/2459
f 5415/244/2462 5414/264/2461 2018/264/2460 2016/244/2457
f 5415/244/2462 5416/263/2463 2019/263/2464 2015/244/2454
f 5416/263/2463 5415/244/2462 2016/244/2457 2020/263/2465
f 5416/263/2463 5414/264/2461 2017/264/2459 2019/263/2464
f 5414/264/2461 5416/263/2463 2020/263/2465 2018/264/2460
f 5417/238/1545 5418/244/2466 2023/244/2454 2021/238/2455
f 5418/244/2466 5417/238/1545 2022/238/2456 2024/244/2457
f 5418/244/2466 5419/264/2458 2025/264/2459 2023/244/2454
f 5419/264/2458 5418/244/2466 2024/244/2457 2026/264/2460
f 5419/264/2458 5417/238/1545 2021/238/2455 2025/264/2459
f 5417/238/1545 5419/264/2458 2026/264/2460 2022/238/2456
f 5420/264/2467 5421/244/2462 2023/244/2454 2025/264/2459
f 5421/244/2462 5420/264/2467 2026/264/2460 2024/244/2457
f 5421/244/2462 5422/263/2463 2027/263/2464 2023/244/2454
f 5422/263/2463 5421/244/2462 2024/244/2457 2028/263/2465
f 5422/263/2463 5420/264/2467 2025/264/2459 2027/263/2464
f 5420/264/2467 5422/263/2463 2028/263/2465 2026/264/2460
f 5423/250/1545 5424/235/2466 2031/235/2454 2029/250/2455
f 5424/235/2466 5423/250/1545 2030/250/2456 2032/235/2457
f 5424/235/2466 5425/262/2458 2033/262/2459 2031/235/2454
f 5425/262/2458 5424/235/2466 2032/235/2457 2034/262/2460
f 5425/262/2458 5423/250/1545 2029/250/2455 2033/262/2459
f 5423/250/1545 5425/262/2458 2034/262/2460 2030/250/2456
f 5426/262/2467 5427/235/2462 2031/235/2454 2033/262/2459
f 5427/235/2462 5426/262/2467 2034/262/2460 2032/235/2457
f 5427/235/2462 5428/261/2463 2035/261/2464 2031/235/2454
f 5428/261/2463 5427/235/2462 2032/235/2457 2036/261/2465
f 5428/261/2463 5426/262/2467 2033/262/2459 2035/261/2464
f 5426/262/2467 5428/261/2463 2036/261/2465 2034/262/2460
f 5429/238/1545 5430/244/2468 2039/244/2454 2037/238/2469
f 5430/244/2468 5429/238/1545 2038/238/2470 2040/244/2457
f 5430/244/2468 5431/264/2458 2041/264/2459 2039/244/2454
f 5431/264/2458 5430/244/2468 2040/244/2457 2042/264/2460
f 5431/264/2458 5429/238/1545 2037/238/2469 2041/264/2459
f 5429/238/1545 5431/264/2458 2042/264/2460 2038/238/2470
f 5432/264/2471 5433/244/2462 2039/244/2454 2041/264/2459
f 5433/244/2462 5432/264/2471 2042/264/2460 2040/244/2457
f 5433/244/2462 5434/263/2463 2043/263/2464 2039/244/2454
f 5434/263/2463 5433/244/2462 2040/244/2457 2044/263/2472
f 5434/263/2463 5432/264/2471 2041/264/2459 2043/263/2464
f 5432/264/2471 5434/263/2463 2044/263/2472 2042/264/2460
f 5435/250/1545 5436/235/2473 2047/235/2454 2045/250/2455
f 5436/235/2473 5435/250/1545 2046/250/2470 2048/235/2457
f 5436/235/2473 5437/262/2458 2049/262/2459 2047/235/2454
f 5437/262/2458 5436/235/2473 2048/235/2457 2050/262/2460
f 5437/262/2458 5435/250/1545 2045/250/2455 2049/262/2459
f 5435/250/1545 5437/262/2458 2050/262/2460 2046/250/2470
f 5438/262/2474 5439/235/2462 2047/235/2454 2049/262/2459
f 5439/235/2462 5438/262/2474 2050/262/2460 2048/235/2457
f 5439/235/2462 5440/261/2463 2051/261/2475 2047/235/2454
f 5440/261/2463 5439/235/2462 2048/235/2457 2052/261/2472
f 5440/261/2463 5438/262/2474 2049/262/2459 2051/261/2475
f 5438/262/2474 5440/261/2463 2052/261/2472 2050/262/2460
f 5441/238/1545 5442/244/2476 2055/244/2454 2053/238/2455
f 5442/244/2476 5441/238/1545 2054/238/2477 2056/244/2457
f 5442/244/2476 5443/264/2458 2057/264/2459 2055/244/2454
f 5443/264/2458 5442/244/2476 2056/244/2457 2058/264/2460
f 5443/264/2458 5441/238/1545 2053/238/2455 2057/264/2459
f 5441/238/1545 5443/264/2458 2058/264/2460 2054/238/2477
f 5444/264/2478 5445/244/2462 2055/244/2454 2057/264/2459
f 5445/244/2462 5444/264/2478 2058/264/2460 2056/244/2457
f 5445/244/2462 5446/263/2463 2059/263/2479 2055/244/2454
f 5446/263/2463 5445/244/2462 2056/244/2457 2060/263/2480
f 5446/263/2463 5444/264/2478 2057/264/2459 2059/263/2479
f 5444/264/2478 5446/263/2463 2060/263/2480 2058/264/2460
f 5447/250/1545 5448/235/2476 2063/235/2454 2061/250/2481
f 5448/235/2476 5447/250/1545 2062/250/2477 2064/235/2457
f 5448/235/2476 5449/262/2458 2065/262/2459 2063/235/2454
f 5449/262/2458 5448/235/2476 2064/235/2457 2066/262/2460
f 5449/262/2458 5447/250/1545 2061/250/2481 2065/262/2459
f 5447/250/1545 5449/262/2458 2066/262/2460 2062/250/2477
f 5450/262/2478 5451/235/2462 2063/235/2454 2065/262/2459
f 5451/235/2462 5450/262/2478 2066/262/2460 2064/235/2457
f 5451/235/2462 5452/261/2463 2067/261/2464 2063/235/2454
f 5452/261/2463 5451/235/2462 2064/235/2457 2068/261/2480
f 5452/261/2463 5450/262/2478 2065/262/2459 2067/261/2464
f 5450/262/2478 5452/261/2463 2068/261/2480 2066/262/2460
f 5453/407/2482 5454/408/2483 2071/408/2484 2069/407/2485
f 5454/408/2483 5453/407/2482 2070/407/2486 2072/408/2487
f 5454/408/2483 5455/287/2488 2073/287/2489 2071/408/2484
f 5455/287/2488 5454/408/2483 2072/408/2487 2074/287/2490
f 5455/287/2488 5453/407/2482 2069/407/2485 2073/287/2489
f 5453/407/2482 5455/287/2488 2074/287/2490 2070/407/2486
f 5456/408/2491 5457/407/2492 2069/407/2485 2071/408/2484
f 5457/407/2492 5456/408/2491 2072/408/2487 2070/407/2486
f 5457/407/2492 5458/409/2493 2075/409/2494 2069/407/2485
f 5458/409/2493 5457/407/2492 2070/407/2486 2076/409/2495
f 5458/409/2493 5456/408/2491 2071/408/2484 2075/409/2494
f 5456/408/2491 5458/409/2493 2076/409/2495 2072/408/2487
f 5459/285/2496 5460/287/2497 2073/287/2489 2077/285/2498
f 5460/287/2497 5459/285/2496 2078/285/2499 2074/287/2490
f 5460/287/2497 5461/408/2500 2071/408/2484 2073/287/2489
f 5461/408/2500 5460/287/2497 2074/287/2490 2072/408/2487
f 5461/408/2500 5459/285/2496 2077/285/2498 2071/408/2484
f 5459/285/2496 5461/408/2500 2072/408/2487 2078/285/2499
f 5462/408/2501 5463/296/2502 2079/296/2503 2071/408/2484
f 5463/296/2502 5462/408/2501 2072/408/2487 2080/296/2504
f 5463/296/2502 5464/285/2505 2077/285/2498 2079/296/2503
f 5464/285/2505 5463/296/2502 2080/296/2504 2078/285/2499
f 5464/285/2505 5462/408/2501 2071/408/2484 2077/285/2498
f 5462/408/2501 5464/285/2505 2078/285/2499 2072/408/2487
f 5465/296/2506 5466/286/2507 2081/286/2508 2079/296/2503
f 5466/286/2507 5465/296/2506 2080/296/2504 2082/286/2509
f 5466/286/2507 5467/285/2510 2077/285/2498 2081/286/2508
f 5467/285/2510 5466/286/2507 2082/286/2509 2078/285/2499
f 5467/285/2510 5465/296/2506 2079/296/2503 2077/285/2498
f 5465/296/2506 5467/285/2510 2078/285/2499 2080/296/2504
f 5468/286/2511 5469/296/2512 2079/296/2503 2081/286/2508
f 5469/296/2512 5468/286/2511 2082/286/2509 2080/296/2504
f 5469/296/2512 5470/298/2513 2083/298/2514 2079/296/2503
f 5470/298/2513 5469/296/2512 2080/296/2504 2084/298/2515
f 5470/298/2513 5468/286/2511 2081/286/2508 2083/298/2514
f 5468/286/2511 5470/298/2513 2084/298/2515 2082/286/2509
f 5471/296/2516 5472/408/2517 2071/408/2484 2079/296/2503
f 5472/408/2517 5471/296/2516 2080/296/2504 2072/408/2487
f 5472/408/2517 5473/410/2518 2085/410/2519 2071/408/2484
f 5473/410/2518 5472/408/2517 2072/408/2487 2086/410/2520
f 5473/410/2518 5471/296/2516 2079/296/2503 2085/410/2519
f 5471/296/2516 5473/410/2518 2086/410/2520 2080/296/2504
f 5474/410/2521 5475/295/2522 2087/295/2523 2085/410/2519
f 5475/295/2522 5474/410/2521 2086/410/2520 2088/295/2524
f 5475/295/2522 5476/296/2525 2079/296/2503 2087/295/2523
f 5476/296/2525 5475/295/2522 2088/295/2524 2080/296/2504
f 5476/296/2525 5474/410/2521 2085/410/2519 2079/296/2503
f 5474/410/2521 5476/296/2525 2080/296/2504 2086/410/2520
f 5477/410/2526 5478/411/2527 2089/411/2528 2085/410/2519
f 5478/411/2527 5477/410/2526 2086/410/2520 2090/411/2529
f 5478/411/2527 5479/295/2530 2087/295/2523 2089/411/2528
f 5479/295/2530 5478/411/2527 2090/411/2529 2088/295/2524
f 5479/295/2530 5477/410/2526 2085/410/2519 2087/295/2523
f 5477/410/2526 5479/295/2530 2088/295/2524 2086/410/2520
f 5480/410/2531 5481/412/2532 2091/412/2533 2085/410/2519
f 5481/412/2532 5480/410/2531 2086/410/2520 2092/412/2534
f 5481/412/2532 5482/411/2535 2089/411/2528 2091/412/2533
f 5482/411/2535 5481/412/2532 2092/412/2534 2090/411/2529
f 5482/411/2535 5480/410/2531 2085/410/2519 2089/411/2528
f 5480/410/2531 5482/411/2535 2090/411/2529 2086/410/2520
f 5483/413/2536 5484/409/2537 2095/409/2538 2093/413/2539
f 5484/409/2537 5483/413/2536 2094/413/2540 2096/409/2541
f 5484/409/2537 5485/407/1742 2097/407/2542 2095/409/2538
f 5485/407/1742 5484/409/2537 2096/409/2541 2098/407/2543
f 5485/407/1742 5483/413/2536 2093/413/2539 2097/407/2542
f 5483/413/2536 5485/407/1742 2098/407/2543 2094/413/2540
f 5486/409/2544 5487/413/2545 2093/413/2539 2095/409/2538
f 5487/413/2545 5486/409/2544 2096/409/2541 2094/413/2540
f 5487/413/2545 5488/414/2518 2099/414/2546 2093/413/2539
f 5488/414/2518 5487/413/2545 2094/413/2540 2100/414/2547
f 5488/414/2518 5486/409/2544 2095/409/2538 2099/414/2546
f 5486/409/2544 5488/414/2518 2100/414/2547 2096/409/2541
f 5489/415/2548 5490/416/2549 2103/416/2550 2101/415/2551
f 5490/416/2549 5489/415/2548 2102/415/2552 2104/416/2553
f 5490/416/2549 5491/414/2554 2099/414/2555 2103/416/2550
f 5491/414/2554 5490/416/2549 2104/416/2553 2100/414/2556
f 5491/414/2554 5489/415/2548 2101/415/2551 2099/414/2555
f 5489/415/2548 5491/414/2554 2100/414/2556 2102/415/2552
f 5492/416/2557 5493/415/2558 2101/415/2551 2103/416/2550
f 5493/415/2558 5492/416/2557 2104/416/2553 2102/415/2552
f 5493/415/2558 5494/417/2559 2105/417/2560 2101/415/2551
f 5494/417/2559 5493/415/2558 2102/415/2552 2106/417/2561
f 5494/417/2559 5492/416/2557 2103/416/2550 2105/417/2560
f 5492/416/2557 5494/417/2559 2106/417/2561 2104/416/2553
f 5495/416/2562 5496/411/2563 2107/411/2564 2103/416/2565
f 5496/411/2563 5495/416/2562 2104/416/2566 2108/411/2567
f 5496/411/2563 5497/412/1610 2109/412/2568 2107/411/2564
f 5497/412/1610 5496/411/2563 2108/411/2567 2110/412/2569
f 5497/412/1610 5495/416/2562 2103/416/2565 2109/412/2568
f 5495/416/2562 5497/412/1610 2110/412/2569 2104/416/2566
f 5498/411/2570 5499/416/2571 2103/416/2565 2107/411/2564
f 5499/416/2571 5498/411/2570 2108/411/2567 2104/416/2566
f 5499/416/2571 5500/418/353 2111/418/2572 2103/416/2565
f 5500/418/353 5499/416/2571 2104/416/2566 2112/418/2573
f 5500/418/353 5498/411/2570 2107/411/2564 2111/418/2572
f 5498/411/2570 5500/418/353 2112/418/2573 2108/411/2567
f 5501/417/2574 5502/418/2563 2115/418/2575 2113/417/2576
f 5502/418/2563 5501/417/2574 2114/417/2577 2116/418/2567
f 5502/418/2563 5503/416/1610 2117/416/2578 2115/418/2575
f 5503/416/1610 5502/418/2563 2116/418/2567 2118/416/2569
f 5503/416/1610 5501/417/2574 2113/417/2576 2117/416/2578
f 5501/417/2574 5503/416/1610 2118/416/2569 2114/417/2577
f 5504/418/2579 5505/417/2580 2113/417/2576 2115/418/2575
f 5505/417/2580 5504/418/2579 2116/418/2567 2114/417/2577
f 5505/417/2580 5506/336/353 2119/336/2572 2113/417/2576
f 5506/336/353 5505/417/2580 2114/417/2577 2120/336/2573
f 5506/336/353 5504/418/2579 2115/418/2575 2119/336/2572
f 5504/418/2579 5506/336/353 2120/336/2573 2116/418/2567
f 5507/417/2557 5508/419/2581 2121/419/2551 2113/417/2582
f 5508/419/2581 5507/417/2557 2114/417/2583 2122/419/2552
f 5508/419/2581 5509/363/2559 2123/363/2560 2121/419/2551
f 5509/363/2559 5508/419/2581 2122/419/2552 2124/363/2561
f 5509/363/2559 5507/417/2557 2113/417/2582 2123/363/2560
f 5507/417/2557 5509/363/2559 2124/363/2561 2114/417/2583
f 5510/419/2548 5511/417/2584 2113/417/2582 2121/419/2551
f 5511/417/2584 5510/419/2548 2122/419/2552 2114/417/2583
f 5511/417/2584 5512/415/2554 2125/415/2585 2113/417/2582
f 5512/415/2554 5511/417/2584 2114/417/2583 2126/415/2586
f 5512/415/2554 5510/419/2548 2121/419/2551 2125/415/2585
f 5510/419/2548 5512/415/2554 2126/415/2586 2122/419/2552
f 5513/414/2587 5514/324/2588 2129/324/2539 2127/414/2538
f 5514/324/2588 5513/414/2587 2128/414/2541 2130/324/2540
f 5514/324/2588 5515/415/2518 2125/415/2589 2129/324/2539
f 5515/415/2518 5514/324/2588 2130/324/2540 2126/415/2547
f 5515/415/2518 5513/414/2587 2127/414/2538 2125/415/2589
f 5513/414/2587 5515/415/2518 2126/415/2547 2128/414/2541
f 5516/324/2536 5517/414/2537 2127/414/2538 2129/324/2539
f 5517/414/2537 5516/324/2536 2130/324/2540 2128/414/2541
f 5517/414/2537 5518/413/1742 2131/413/2542 2127/414/2538
f 5518/413/1742 5517/414/2537 2128/414/2541 2132/413/2590
f 5518/413/1742 5516/324/2536 2129/324/2539 2131/413/2542
f 5516/324/2536 5518/413/1742 2132/413/2590 2130/324/2540
f 5519/420/2591 5520/410/2592 2135/410/2593 2133/420/2594
f 5520/410/2592 5519/420/2591 2134/420/2595 2136/410/2596
f 5520/410/2592 5521/408/2597 2137/408/2598 2135/410/2593
f 5521/408/2597 5520/410/2592 2136/410/2596 2138/408/2599
f 5521/408/2597 5519/420/2591 2133/420/2594 2137/408/2598
f 5519/420/2591 5521/408/2597 2138/408/2599 2134/420/2595
f 5522/410/2600 5523/420/2601 2133/420/2594 2135/410/2593
f 5523/420/2601 5522/410/2600 2136/410/2596 2134/420/2595
f 5523/420/2601 5524/421/2602 2139/421/2603 2133/420/2594
f 5524/421/2602 5523/420/2601 2134/420/2595 2140/421/2604
f 5524/421/2602 5522/410/2600 2135/410/2593 2139/421/2603
f 5522/410/2600 5524/421/2602 2140/421/2604 2136/410/2596
f 5525/422/2605 5526/363/2606 2143/363/2582 2141/422/2551
f 5526/363/2606 5525/422/2605 2142/422/2552 2144/363/2583
f 5526/363/2606 5527/419/2554 2145/419/2555 2143/363/2582
f 5527/419/2554 5526/363/2606 2144/363/2583 2146/419/2607
f 5527/419/2554 5525/422/2605 2141/422/2551 2145/419/2555
f 5525/422/2605 5527/419/2554 2146/419/2607 2142/422/2552
f 5528/363/2557 5529/422/2608 2141/422/2551 2143/363/2582
f 5529/422/2608 5528/363/2557 2144/363/2583 2142/422/2552
f 5529/422/2608 5530/423/2559 2147/423/2560 2141/422/2551
f 5530/423/2559 5529/422/2608 2142/422/2552 2148/423/2561
f 5530/423/2559 5528/363/2557 2143/363/2582 2147/423/2560
f 5528/363/2557 5530/423/2559 2148/423/2561 2144/363/2583
f 5531/415/2587 5532/315/2588 2151/315/2539 2149/415/2538
f 5532/315/2588 5531/415/2587 2150/415/2541 2152/315/2540
f 5532/315/2588 5533/419/2518 2145/419/2589 2151/315/2539
f 5533/419/2518 5532/315/2588 2152/315/2540 2146/419/2609
f 5533/419/2518 5531/415/2587 2149/415/2538 2145/419/2589
f 5531/415/2587 5533/419/2518 2146/419/2609 2150/415/2541
f 5534/315/2610 5535/415/2611 2149/415/2538 2151/315/2539
f 5535/415/2611 5534/315/2610 2152/315/2540 2150/415/2541
f 5535/415/2611 5536/324/1742 2153/324/2542 2149/415/2538
f 5536/324/1742 5535/415/2611 2150/415/2541 2154/324/2590
f 5536/324/1742 5534/315/2610 2151/315/2539 2153/324/2542
f 5534/315/2610 5536/324/1742 2154/324/2590 2152/315/2540
f 5537/336/2570 5538/363/2571 2143/363/2612 2155/336/2575
f 5538/363/2571 5537/336/2570 2156/336/2567 2144/363/2566
f 5538/363/2571 5539/321/353 2157/321/2572 2143/363/2612
f 5539/321/353 5538/363/2571 2144/363/2566 2158/321/2573
f 5539/321/353 5537/336/2570 2155/336/2575 2157/321/2572
f 5537/336/2570 5539/321/353 2158/321/2573 2156/336/2567
f 5540/363/2574 5541/336/2613 2155/336/2575 2143/363/2612
f 5541/336/2613 5540/363/2574 2144/363/2566 2156/336/2567
f 5541/336/2613 5542/417/1610 2159/417/2568 2155/336/2575
f 5542/417/1610 5541/336/2613 2156/336/2567 2160/417/2614
f 5542/417/1610 5540/363/2574 2143/363/2612 2159/417/2568
f 5540/363/2574 5542/417/1610 2160/417/2614 2144/363/2566
f 5543/388/2615 5544/423/2616 2163/423/2617 2161/388/2618
f 5544/423/2616 5543/388/2615 2162/388/2619 2164/423/2620
f 5544/423/2616 5545/422/2621 2165/422/2622 2163/423/2617
f 5545/422/2621 5544/423/2616 2164/423/2620 2166/422/2623
f 5545/422/2621 5543/388/2615 2161/388/2618 2165/422/2622
f 5543/388/2615 5545/422/2621 2166/422/2623 2162/388/2619
f 5546/423/2624 5547/388/2625 2161/388/2618 2163/423/2617
f 5547/388/2625 5546/423/2624 2164/423/2620 2162/388/2619
f 5547/388/2625 5548/293/2626 2167/293/2627 2161/388/2618
f 5548/293/2626 5547/388/2625 2162/388/2619 2168/293/2628
f 5548/293/2626 5546/423/2624 2163/423/2617 2167/293/2627
f 5546/423/2624 5548/293/2626 2168/293/2628 2164/423/2620
f 5549/422/2629 5550/424/2630 2169/424/2631 2165/422/2622
f 5550/424/2630 5549/422/2629 2166/422/2623 2170/424/2632
f 5550/424/2630 5551/388/2633 2161/388/2618 2169/424/2631
f 5551/388/2633 5550/424/2630 2170/424/2632 2162/388/2619
f 5551/388/2633 5549/422/2629 2165/422/2622 2161/388/2618
f 5549/422/2629 5551/388/2633 2162/388/2619 2166/422/2623
f 5552/424/2634 5553/422/2635 2165/422/2622 2169/424/2631
f 5553/422/2635 5552/424/2634 2170/424/2632 2166/422/2623
f 5553/422/2635 5554/289/2636 2171/289/2637 2165/422/2622
f 5554/289/2636 5553/422/2635 2166/422/2623 2172/289/2638
f 5554/289/2636 5552/424/2634 2169/424/2631 2171/289/2637
f 5552/424/2634 5554/289/2636 2172/289/2638 2170/424/2632
f 5555/425/2639 5556/388/2640 2161/388/2618 2173/425/2641
f 5556/388/2640 5555/425/2639 2174/425/2642 2162/388/2619
f 5556/388/2640 5557/424/2643 2169/424/2631 2161/388/2618
f 5557/424/2643 5556/388/2640 2162/388/2619 2170/424/2632
f 5557/424/2643 5555/425/2639 2173/425/2641 2169/424/2631
f 5555/425/2639 5557/424/2643 2170/424/2632 2174/425/2642
f 5558/388/2644 5559/425/2645 2173/425/2641 2161/388/2618
f 5559/425/2645 5558/388/2644 2162/388/2619 2174/425/2642
f 5559/425/2645 5560/396/2646 2175/396/2647 2173/425/2641
f 5560/396/2646 5559/425/2645 2174/425/2642 2176/396/2648
f 5560/396/2646 5558/388/2644 2161/388/2618 2175/396/2647
f 5558/388/2644 5560/396/2646 2176/396/2648 2162/388/2619
f 5561/288/2649 5562/419/2650 2179/419/2651 2177/288/2652
f 5562/419/2650 5561/288/2649 2178/288/2653 2180/419/2654
f 5562/419/2650 5563/315/2655 2181/315/2656 2179/419/2651
f 5563/315/2655 5562/419/2650 2180/419/2654 2182/315/2657
f 5563/315/2655 5561/288/2649 2177/288/2652 2181/315/2656
f 5561/288/2649 5563/315/2655 2182/315/2657 2178/288/2653
f 5564/419/2658 5565/288/2659 2177/288/2652 2179/419/2651
f 5565/288/2659 5564/419/2658 2180/419/2654 2178/288/2653
f 5565/288/2659 5566/289/2660 2183/289/2661 2177/288/2652
f 5566/289/2660 5565/288/2659 2178/288/2653 2184/289/2662
f 5566/289/2660 5564/419/2658 2179/419/2651 2183/289/2661
f 5564/419/2658 5566/289/2660 2184/289/2662 2180/419/2654
f 5567/344/2663 5568/424/2664 2187/424/2665 2185/344/2666
f 5568/424/2664 5567/344/2663 2186/344/2667 2188/424/2668
f 5568/424/2664 5569/289/1742 2183/289/2669 2187/424/2665
f 5569/289/1742 5568/424/2664 2188/424/2668 2184/289/2670
f 5569/289/1742 5567/344/2663 2185/344/2666 2183/289/2669
f 5567/344/2663 5569/289/1742 2184/289/2670 2186/344/2667
f 5570/424/2671 5571/344/2672 2185/344/2666 2187/424/2665
f 5571/344/2672 5570/424/2671 2188/424/2668 2186/344/2667
f 5571/344/2672 5572/425/2518 2189/425/2673 2185/344/2666
f 5572/425/2518 5571/344/2672 2186/344/2667 2190/425/2674
f 5572/425/2518 5570/424/2671 2187/424/2665 2189/425/2673
f 5570/424/2671 5572/425/2518 2190/425/2674 2188/424/2668
f 5573/302/2675 5574/396/2676 2193/396/2677 2191/302/2678
f 5574/396/2676 5573/302/2675 2192/302/2679 2194/396/2680
f 5574/396/2676 5575/425/2681 2189/425/2682 2193/396/2677
f 5575/425/2681 5574/396/2676 2194/396/2680 2190/425/2683
f 5575/425/2681 5573/302/2675 2191/302/2678 2189/425/2682
f 5573/302/2675 5575/425/2681 2190/425/2683 2192/302/2679
f 5576/396/2684 5577/302/2685 2191/302/2678 2193/396/2677
f 5577/302/2685 5576/396/2684 2194/396/2680 2192/302/2679
f 5577/302/2685 5578/301/364 2195/301/2686 2191/302/2678
f 5578/301/364 5577/302/2685 2192/302/2679 2196/301/2687
f 5578/301/364 5576/396/2684 2193/396/2677 2195/301/2686
f 5576/396/2684 5578/301/364 2196/301/2687 2194/396/2680
f 5579/396/2688 5580/293/2689 2197/293/2690 2193/396/2691
f 5580/293/2689 5579/396/2688 2194/396/2692 2198/293/2693
f 5580/293/2689 5581/388/2694 2199/388/2695 2197/293/2690
f 5581/388/2694 5580/293/2689 2198/293/2693 2200/388/2696
f 5581/388/2694 5579/396/2688 2193/396/2691 2199/388/2695
f 5579/396/2688 5581/388/2694 2200/388/2696 2194/396/2692
f 5582/293/2697 5583/396/2698 2193/396/2691 2197/293/2690
f 5583/396/2698 5582/293/2697 2198/293/2693 2194/396/2692
f 5583/396/2698 5584/341/2699 2201/341/2700 2193/396/2691
f 5584/341/2699 5583/396/2698 2194/396/2692 2202/341/2701
f 5584/341/2699 5582/293/2697 2197/293/2690 2201/341/2700
f 5582/293/2697 5584/341/2699 2202/341/2701 2198/293/2693
f 5585/321/2702 5586/293/2703 2197/293/2704 2203/321/2705
f 5586/293/2703 5585/321/2702 2204/321/2706 2198/293/2707
f 5586/293/2703 5587/294/2708 2205/294/2709 2197/293/2704
f 5587/294/2708 5586/293/2703 2198/293/2707 2206/294/2710
f 5587/294/2708 5585/321/2702 2203/321/2705 2205/294/2709
f 5585/321/2702 5587/294/2708 2206/294/2710 2204/321/2706
f 5588/293/2711 5589/321/2712 2203/321/2705 2197/293/2704
f 5589/321/2712 5588/293/2711 2198/293/2707 2204/321/2706
f 5589/321/2712 5590/363/2713 2207/363/2714 2203/321/2705
f 5590/363/2713 5589/321/2712 2204/321/2706 2208/363/2715
f 5590/363/2713 5588/293/2711 2197/293/2704 2207/363/2714
f 5588/293/2711 5590/363/2713 2208/363/2715 2198/293/2707
f 5591/291/2536 5592/425/2611 2211/425/2716 2209/291/2717
f 5592/425/2611 5591/291/2536 2210/291/2718 2212/425/2719
f 5592/425/2611 5593/344/1742 2213/344/2720 2211/425/2716
f 5593/344/1742 5592/425/2611 2212/425/2719 2214/344/2721
f 5593/344/1742 5591/291/2536 2209/291/2717 2213/344/2720
f 5591/291/2536 5593/344/1742 2214/344/2721 2210/291/2718
f 5594/425/2722 5595/291/2672 2209/291/2717 2211/425/2716
f 5595/291/2672 5594/425/2722 2212/425/2719 2210/291/2718
f 5595/291/2672 5596/302/2518 2215/302/2673 2209/291/2717
f 5596/302/2518 5595/291/2672 2210/291/2718 2216/302/2674
f 5596/302/2518 5594/425/2722 2211/425/2716 2215/302/2673
f 5594/425/2722 5596/302/2518 2216/302/2674 2212/425/2719
f 5597/289/2723 5598/343/2724 2219/343/2725 2217/289/2726
f 5598/343/2724 5597/289/2723 2218/289/2727 2220/343/2728
f 5598/343/2724 5599/344/2518 2213/344/2729 2219/343/2725
f 5599/344/2518 5598/343/2724 2220/343/2728 2214/344/2730
f 5599/344/2518 5597/289/2723 2217/289/2726 2213/344/2729
f 5597/289/2723 5599/344/2518 2214/344/2730 2218/289/2727
f 5600/343/2536 5601/289/2611 2217/289/2726 2219/343/2725
f 5601/289/2611 5600/343/2536 2220/343/2728 2218/289/2727
f 5601/289/2611 5602/288/1742 2221/288/2720 2217/289/2726
f 5602/288/1742 5601/289/2611 2218/289/2727 2222/288/2721
f 5602/288/1742 5600/343/2536 2219/343/2725 2221/288/2720
f 5600/343/2536 5602/288/1742 2222/288/2721 2220/343/2728
f 5603/303/2675 5604/301/2731 2225/301/2677 2223/303/2732
f 5604/301/2731 5603/303/2675 2224/303/2679 2226/301/2733
f 5604/301/2731 5605/302/2681 2215/302/2734 2225/301/2677
f 5605/302/2681 5604/301/2731 2226/301/2733 2216/302/2735
f 5605/302/2681 5603/303/2675 2223/303/2732 2215/302/2734
f 5603/303/2675 5605/302/2681 2216/302/2735 2224/303/2679
f 5606/301/2736 5607/303/2737 2223/303/2732 2225/301/2677
f 5607/303/2737 5606/301/2736 2226/301/2733 2224/303/2679
f 5607/303/2737 5608/304/364 2227/304/2686 2223/303/2732
f 5608/304/364 5607/303/2737 2224/303/2679 2228/304/2687
f 5608/304/364 5606/301/2736 2225/301/2677 2227/304/2686
f 5606/301/2736 5608/304/364 2228/304/2687 2226/301/2733
f 5609/341/2738 5610/301/2739 2225/301/2740 2229/341/2741
f 5610/301/2739 5609/341/2738 2230/341/2742 2226/301/2743
f 5610/301/2739 5611/292/340 2231/292/2744 2225/301/2740
f 5611/292/340 5610/301/2739 2226/301/2743 2232/292/2745
f 5611/292/340 5609/341/2738 2229/341/2741 2231/292/2744
f 5609/341/2738 5611/292/340 2232/292/2745 2230/341/2742
f 5612/301/2746 5613/341/2747 2229/341/2741 2225/301/2740
f 5613/341/2747 5612/301/2746 2226/301/2743 2230/341/2742
f 5613/341/2747 5614/396/1249 2233/396/2748 2229/341/2741
f 5614/396/1249 5613/341/2747 2230/341/2742 2234/396/2749
f 5614/396/1249 5612/301/2746 2225/301/2740 2233/396/2748
f 5612/301/2746 5614/396/1249 2234/396/2749 2226/301/2743
f 5615/341/2536 5616/294/2611 2235/294/2726 2229/341/2725
f 5616/294/2611 5615/341/2536 2230/341/2728 2236/294/2727
f 5616/294/2611 5617/293/1742 2237/293/2720 2235/294/2726
f 5617/293/1742 5616/294/2611 2236/294/2727 2238/293/2721
f 5617/293/1742 5615/341/2536 2229/341/2725 2237/293/2720
f 5615/341/2536 5617/293/1742 2238/293/2721 2230/341/2728
f 5618/294/2723 5619/341/2724 2229/341/2725 2235/294/2726
f 5619/341/2724 5618/294/2723 2236/294/2727 2230/341/2728
f 5619/341/2724 5620/342/2518 2239/342/2729 2229/341/2725
f 5620/342/2518 5619/341/2724 2230/341/2728 2240/342/2730
f 5620/342/2518 5618/294/2723 2235/294/2726 2239/342/2729
f 5618/294/2723 5620/342/2518 2240/342/2730 2236/294/2727
f 5621/426/2750 5622/408/2751 2243/408/2752 2241/426/2753
f 5622/408/2751 5621/426/2750 2242/426/2754 2244/408/2755
f 5622/408/2751 5623/427/2756 2245/427/2757 2243/408/2752
f 5623/427/2756 5622/408/2751 2244/408/2755 2246/427/2758
f 5623/427/2756 5621/426/2750 2241/426/2753 2245/427/2757
f 5621/426/2750 5623/427/2756 2246/427/2758 2242/426/2754
f 5624/408/2759 5625/426/2760 2241/426/2753 2243/408/2752
f 5625/426/2760 5624/408/2759 2244/408/2755 2242/426/2754
f 5625/426/2760 5626/420/2761 2247/420/2762 2241/426/2753
f 5626/420/2761 5625/426/2760 2242/426/2754 2248/420/2763
f 5626/420/2761 5624/408/2759 2243/408/2752 2247/420/2762
f 5624/408/2759 5626/420/2761 2248/420/2763 2244/408/2755
f 5627/408/2764 5628/296/2765 2249/296/2766 2243/408/2767
f 5628/296/2765 5627/408/2764 2244/408/2768 2250/296/2769
f 5628/296/2765 5629/285/2770 2251/285/2771 2249/296/2766
f 5629/285/2770 5628/296/2765 2250/296/2769 2252/285/2772
f 5629/285/2770 5627/408/2764 2243/408/2767 2251/285/2771
f 5627/408/2764 5629/285/2770 2252/285/2772 2244/408/2768
f 5630/296/2773 5631/408/2774 2243/408/2767 2249/296/2766
f 5631/408/2774 5630/296/2773 2250/296/2769 2244/408/2768
f 5631/408/2774 5632/410/2775 2253/410/2776 2243/408/2767
f 5632/410/2775 5631/408/2774 2244/408/2768 2254/410/2777
f 5632/410/2775 5630/296/2773 2249/296/2766 2253/410/2776
f 5630/296/2773 5632/410/2775 2254/410/2777 2250/296/2769
f 5633/421/2778 5634/371/2779 2257/371/2780 2255/421/2781
f 5634/371/2779 5633/421/2778 2256/421/2782 2258/371/2783
f 5634/371/2779 5635/410/1742 2253/410/2784 2257/371/2780
f 5635/410/1742 5634/371/2779 2258/371/2783 2254/410/2785
f 5635/410/1742 5633/421/2778 2255/421/2781 2253/410/2784
f 5633/421/2778 5635/410/1742 2254/410/2785 2256/421/2782
f 5636/371/2786 5637/421/2724 2255/421/2781 2257/371/2780
f 5637/421/2724 5636/371/2786 2258/371/2783 2256/421/2782
f 5637/421/2724 5638/369/2518 2259/369/2787 2255/421/2781
f 5638/369/2518 5637/421/2724 2256/421/2782 2260/369/2788
f 5638/369/2518 5636/371/2786 2257/371/2780 2259/369/2787
f 5636/371/2786 5638/369/2518 2260/369/2788 2258/371/2783
f 5639/420/2789 5640/409/222 2263/409/2790 2261/420/2791
f 5640/409/222 5639/420/2789 2262/420/2792 2264/409/2793
f 5640/409/222 5641/428/2794 2265/428/2795 2263/409/2790
f 5641/428/2794 5640/409/222 2264/409/2793 2266/428/2796
f 5641/428/2794 5639/420/2789 2261/420/2791 2265/428/2795
f 5639/420/2789 5641/428/2794 2266/428/2796 2262/420/2792
f 5642/429/2797 5643/420/2798 2261/420/2791 2267/429/2799
f 5643/420/2798 5642/429/2797 2268/429/2800 2262/420/2792
f 5643/420/2798 5644/428/2801 2265/428/2795 2261/420/2791
f 5644/428/2801 5643/420/2798 2262/420/2792 2266/428/2796
f 5644/428/2801 5642/429/2797 2267/429/2799 2265/428/2795
f 5642/429/2797 5644/428/2801 2266/428/2796 2268/429/2800
f 5645/429/2802 5646/421/2803 2269/421/2804 2267/429/2799
f 5646/421/2803 5645/429/2802 2268/429/2800 2270/421/2805
f 5646/421/2803 5647/420/2806 2261/420/2791 2269/421/2804
f 5647/420/2806 5646/421/2803 2270/421/2805 2262/420/2792
f 5647/420/2806 5645/429/2802 2267/429/2799 2261/420/2791
f 5645/429/2802 5647/420/2806 2262/420/2792 2268/429/2800
f 5648/421/2807 5649/429/2808 2267/429/2799 2269/421/2804
f 5649/429/2808 5648/421/2807 2270/421/2805 2268/429/2800
f 5649/429/2808 5650/412/2809 2271/412/2810 2267/429/2799
f 5650/412/2809 5649/429/2808 2268/429/2800 2272/412/2573
f 5650/412/2809 5648/421/2807 2269/421/2804 2271/412/2810
f 5648/421/2807 5650/412/2809 2272/412/2573 2270/421/2805
f 5651/377/2811 5652/429/2812 2267/429/2799 2273/377/2813
f 5652/429/2812 5651/377/2811 2274/377/2814 2268/429/2800
f 5652/429/2812 5653/428/1249 2265/428/2795 2267/429/2799
f 5653/428/1249 5652/429/2812 2268/429/2800 2266/428/2796
f 5653/428/1249 5651/377/2811 2273/377/2813 2265/428/2795
f 5651/377/2811 5653/428/1249 2266/428/2796 2274/377/2814
f 5654/429/2815 5655/377/2816 2273/377/2813 2267/429/2799
f 5655/377/2816 5654/429/2815 2268/429/2800 2274/377/2814
f 5655/377/2816 5656/430/2817 2275/430/2818 2273/377/2813
f 5656/430/2817 5655/377/2816 2274/377/2814 2276/430/2819
f 5656/430/2817 5654/429/2815 2267/429/2799 2275/430/2818
f 5654/429/2815 5656/430/2817 2276/430/2819 2268/429/2800
f 5657/410/2536 5658/295/2611 2279/295/2820 2277/410/2725
f 5658/295/2611 5657/410/2536 2278/410/2728 2280/295/2821
f 5658/295/2611 5659/296/1742 2281/296/2720 2279/295/2820
f 5659/296/1742 5658/295/2611 2280/295/2821 2282/296/2721
f 5659/296/1742 5657/410/2536 2277/410/2725 2281/296/2720
f 5657/410/2536 5659/296/1742 2282/296/2721 2278/410/2728
f 5660/295/2822 5661/410/2823 2277/410/2725 2279/295/2820
f 5661/410/2823 5660/295/2822 2280/295/2821 2278/410/2728
f 5661/410/2823 5662/371/2518 2283/371/2729 2277/410/2725
f 5662/371/2518 5661/410/2823 2278/410/2728 2284/371/2730
f 5662/371/2518 5660/295/2822 2279/295/2820 2283/371/2729
f 5660/295/2822 5662/371/2518 2284/371/2730 2280/295/2821
f 5663/292/2824 5664/342/2825 2287/342/2820 2285/292/2725
f 5664/342/2825 5663/292/2824 2286/292/2728 2288/342/2826
f 5664/342/2825 5665/341/2827 2289/341/2720 2287/342/2820
f 5665/341/2827 5664/342/2825 2288/342/2826 2290/341/2721
f 5665/341/2827 5663/292/2824 2285/292/2725 2289/341/2720
f 5663/292/2824 5665/341/2827 2290/341/2721 2286/292/2728
f 5666/342/2828 5667/292/2829 2285/292/2725 2287/342/2820
f 5667/292/2829 5666/342/2828 2288/342/2826 2286/292/2728
f 5667/292/2829 5668/300/2518 2291/300/2729 2285/292/2725
f 5668/300/2518 5667/292/2829 2286/292/2728 2292/300/2730
f 5668/300/2518 5666/342/2828 2287/342/2820 2291/300/2729
f 5666/342/2828 5668/300/2518 2292/300/2730 2288/342/2826
f 5669/292/2723 5670/304/2829 2293/304/2725 2285/292/2830
f 5670/304/2829 5669/292/2723 2286/292/2831 2294/304/2728
f 5670/304/2829 5671/346/2518 2295/346/2729 2293/304/2725
f 5671/346/2518 5670/304/2829 2294/304/2728 2296/346/2730
f 5671/346/2518 5669/292/2723 2285/292/2830 2295/346/2729
f 5669/292/2723 5671/346/2518 2296/346/2730 2286/292/2831
f 5672/304/2832 5673/292/2833 2285/292/2830 2293/304/2725
f 5673/292/2833 5672/304/2832 2294/304/2728 2286/292/2831
f 5673/292/2833 5674/301/1742 2297/301/2834 2285/292/2830
f 5674/301/1742 5673/292/2833 2286/292/2831 2298/301/2543
f 5674/301/1742 5672/304/2832 2293/304/2725 2297/301/2834
f 5672/304/2832 5674/301/1742 2298/301/2543 2294/304/2728
f 5675/384/2835 5676/297/2836 2301/297/2837 2299/384/2838
f 5676/297/2836 5675/384/2835 2300/384/1247 2302/297/1248
f 5676/297/2836 5677/284/1249 2303/284/1250 2301/297/2837
f 5677/284/1249 5676/297/2836 2302/297/1248 2304/284/1251
f 5677/284/1249 5675/384/2835 2299/384/2838 2303/284/1250
f 5675/384/2835 5677/284/1249 2304/284/1251 2300/384/1247
f 5678/297/2839 5679/384/2840 2299/384/2838 2301/297/2837
f 5679/384/2840 5678/297/2839 2302/297/1248 2300/384/1247
f 5679/384/2840 5680/431/1254 2305/431/1255 2299/384/2838
f 5680/431/1254 5679/384/2840 2300/384/1247 2306/431/1256
f 5680/431/1254 5678/297/2839 2301/297/2837 2305/431/1255
f 5678/297/2839 5680/431/1254 2306/431/1256 2302/297/1248
f 5681/427/2536 5682/285/2611 2309/285/2820 2307/427/2725
f 5682/285/2611 5681/427/2536 2308/427/2728 2310/285/2821
f 5682/285/2611 5683/287/1742 2311/287/2720 2309/285/2820
f 5683/287/1742 5682/285/2611 2310/285/2821 2312/287/2721
f 5683/287/1742 5681/427/2536 2307/427/2725 2311/287/2720
f 5681/427/2536 5683/287/1742 2312/287/2721 2308/427/2728
f 5684/285/2822 5685/427/2823 2307/427/2725 2309/285/2820
f 5685/427/2823 5684/285/2822 2310/285/2821 2308/427/2728
f 5685/427/2823 5686/408/2518 2313/408/2729 2307/427/2725
f 5686/408/2518 5685/427/2823 2308/427/2728 2314/408/2730
f 5686/408/2518 5684/285/2822 2309/285/2820 2313/408/2729
f 5684/285/2822 5686/408/2518 2314/408/2730 2310/285/2821
f 5687/299/2824 5688/344/2825 2317/344/2820 2315/299/2725
f 5688/344/2825 5687/299/2824 2316/299/2728 2318/344/2826
f 5688/344/2825 5689/343/2827 2319/343/2720 2317/344/2820
f 5689/343/2827 5688/344/2825 2318/344/2826 2320/343/2721
f 5689/343/2827 5687/299/2824 2315/299/2725 2319/343/2720
f 5687/299/2824 5689/343/2827 2320/343/2721 2316/299/2728
f 5690/344/2828 5691/299/2724 2315/299/2725 2317/344/2820
f 5691/299/2724 5690/344/2828 2318/344/2826 2316/299/2728
f 5691/299/2724 5692/291/2518 2321/291/2729 2315/299/2725
f 5692/291/2518 5691/299/2724 2316/299/2728 2322/291/2730
f 5692/291/2518 5690/344/2828 2317/344/2820 2321/291/2729
f 5690/344/2828 5692/291/2518 2322/291/2730 2318/344/2826
f 5693/345/2536 5694/302/310 2325/302/2830 2323/345/2725
f 5694/302/310 5693/345/2536 2324/345/2728 2326/302/2831
f 5694/302/310 5695/291/1742 2321/291/2834 2325/302/2830
f 5695/291/1742 5694/302/310 2326/302/2831 2322/291/2543
f 5695/291/1742 5693/345/2536 2323/345/2725 2321/291/2834
f 5693/345/2536 5695/291/1742 2322/291/2543 2324/345/2728
f 5696/302/2723 5697/345/2829 2323/345/2725 2325/302/2830
f 5697/345/2829 5696/302/2723 2326/302/2831 2324/345/2728
f 5697/345/2829 5698/303/2518 2327/303/2729 2323/345/2725
f 5698/303/2518 5697/345/2829 2324/345/2728 2328/303/2730
f 5698/303/2518 5696/302/2723 2325/302/2830 2327/303/2729
f 5696/302/2723 5698/303/2518 2328/303/2730 2326/302/2831
f 5699/432/2841 5700/433/2842 2331/433/2843 2329/432/2844
f 5700/433/2842 5699/432/2841 2330/432/2845 2332/433/2846
f 5700/433/2842 5701/434/2847 2333/434/2848 2331/433/2843
f 5701/434/2847 5700/433/2842 2332/433/2846 2334/434/2849
f 5701/434/2847 5699/432/2841 2329/432/2844 2333/434/2848
f 5699/432/2841 5701/434/2847 2334/434/2849 2330/432/2845
f 5702/433/2850 5703/432/2851 2329/432/2844 2331/433/2843
f 5703/432/2851 5702/433/2850 2332/433/2846 2330/432/2845
f 5703/432/2851 5704/435/2852 2335/435/2853 2329/432/2844
f 5704/435/2852 5703/432/2851 2330/432/2845 2336/435/2854
f 5704/435/2852 5702/433/2850 2331/433/2843 2335/435/2853
f 5702/433/2850 5704/435/2852 2336/435/2854 2332/433/2846
f 5705/315/2841 5706/428/2842 2339/428/2855 2337/315/2856
f 5706/428/2842 5705/315/2841 2338/315/2845 2340/428/2857
f 5706/428/2842 5707/407/2847 2341/407/2848 2339/428/2855
f 5707/407/2847 5706/428/2842 2340/428/2857 2342/407/2849
f 5707/407/2847 5705/315/2841 2337/315/2856 2341/407/2848
f 5705/315/2841 5707/407/2847 2342/407/2849 2338/315/2845
f 5708/428/2850 5709/315/2851 2337/315/2856 2339/428/2855
f 5709/315/2851 5708/428/2850 2340/428/2857 2338/315/2845
f 5709/315/2851 5710/317/2852 2343/317/2853 2337/315/2856
f 5710/317/2852 5709/315/2851 2338/315/2845 2344/317/2854
f 5710/317/2852 5708/428/2850 2339/428/2855 2343/317/2853
f 5708/428/2850 5710/317/2852 2344/317/2854 2340/428/2857
f 5711/331/2841 5712/436/2842 2347/436/2843 2345/331/2856
f 5712/436/2842 5711/331/2841 2346/331/2845 2348/436/2846
f 5712/436/2842 5713/437/2847 2349/437/2858 2347/436/2843
f 5713/437/2847 5712/436/2842 2348/436/2846 2350/437/2859
f 5713/437/2847 5711/331/2841 2345/331/2856 2349/437/2858
f 5711/331/2841 5713/437/2847 2350/437/2859 2346/331/2845
f 5714/436/2850 5715/331/2851 2345/331/2856 2347/436/2843
f 5715/331/2851 5714/436/2850 2348/436/2846 2346/331/2845
f 5715/331/2851 5716/330/318 2351/330/2853 2345/331/2856
f 5716/330/318 5715/331/2851 2346/331/2845 2352/330/2854
f 5716/330/318 5714/436/2850 2347/436/2843 2351/330/2853
f 5714/436/2850 5716/330/318 2352/330/2854 2348/436/2846
f 5717/438/2841 5718/439/2860 2355/439/2855 2353/438/2861
f 5718/439/2860 5717/438/2841 2354/438/2862 2356/439/2857
f 5718/439/2860 5719/440/2847 2357/440/2858 2355/439/2855
f 5719/440/2847 5718/439/2860 2356/439/2857 2358/440/2849
f 5719/440/2847 5717/438/2841 2353/438/2861 2357/440/2858
f 5717/438/2841 5719/440/2847 2358/440/2849 2354/438/2862
f 5720/439/2850 5721/438/2851 2353/438/2861 2355/439/2855
f 5721/438/2851 5720/439/2850 2356/439/2857 2354/438/2862
f 5721/438/2851 5722/441/318 2359/441/2863 2353/438/2861
f 5722/441/318 5721/438/2851 2354/438/2862 2360/441/2864
f 5722/441/318 5720/439/2850 2355/439/2855 2359/441/2863
f 5720/439/2850 5722/441/318 2360/441/2864 2356/439/2857
f 5723/319/2841 5724/411/2842 2363/411/2855 2361/319/2844
f 5724/411/2842 5723/319/2841 2362/319/2845 2364/411/2857
f 5724/411/2842 5725/429/2847 2365/429/2858 2363/411/2855
f 5725/429/2847 5724/411/2842 2364/411/2857 2366/429/2849
f 5725/429/2847 5723/319/2841 2361/319/2844 2365/429/2858
f 5723/319/2841 5725/429/2847 2366/429/2849 2362/319/2845
f 5726/411/2850 5727/319/2851 2361/319/2844 2363/411/2855
f 5727/319/2851 5726/411/2850 2364/411/2857 2362/319/2845
f 5727/319/2851 5728/321/2852 2367/321/2865 2361/319/2844
f 5728/321/2852 5727/319/2851 2362/319/2845 2368/321/2854
f 5728/321/2852 5726/411/2850 2363/411/2855 2367/321/2865
f 5726/411/2850 5728/321/2852 2368/321/2854 2364/411/2857
f 5729/442/2841 5730/443/2842 2371/443/2843 2369/442/2844
f 5730/443/2842 5729/442/2841 2370/442/2845 2372/443/2846
f 5730/443/2842 5731/387/2847 2373/387/2848 2371/443/2843
f 5731/387/2847 5730/443/2842 2372/443/2846 2374/387/2849
f 5731/387/2847 5729/442/2841 2369/442/2844 2373/387/2848
f 5729/442/2841 5731/387/2847 2374/387/2849 2370/442/2845
f 5732/443/2850 5733/442/2851 2369/442/2844 2371/443/2843
f 5733/442/2851 5732/443/2850 2372/443/2846 2370/442/2845
f 5733/442/2851 5734/444/2852 2375/444/2865 2369/442/2844
f 5734/444/2852 5733/442/2851 2370/442/2845 2376/444/2854
f 5734/444/2852 5732/443/2850 2371/443/2843 2375/444/2865
f 5732/443/2850 5734/444/2852 2376/444/2854 2372/443/2846
f 5735/311/2841 5736/445/2842 2379/445/2843 2377/311/2856
f 5736/445/2842 5735/311/2841 2378/311/2845 2380/445/2846
f 5736/445/2842 5737/446/2847 2381/446/2858 2379/445/2843
f 5737/446/2847 5736/445/2842 2380/445/2846 2382/446/2859
f 5737/446/2847 5735/311/2841 2377/311/2856 2381/446/2858
f 5735/311/2841 5737/446/2847 2382/446/2859 2378/311/2845
f 5738/445/2850 5739/311/2851 2377/311/2856 2379/445/2843
f 5739/311/2851 5738/445/2850 2380/445/2846 2378/311/2845
f 5739/311/2851 5740/313/318 2383/313/2853 2377/311/2856
f 5740/313/318 5739/311/2851 2378/311/2845 2384/313/2854
f 5740/313/318 5738/445/2850 2379/445/2843 2383/313/2853
f 5738/445/2850 5740/313/318 2384/313/2854 2380/445/2846
f 5741/447/2841 5742/448/2860 2387/448/2855 2385/447/2861
f 5742/448/2860 5741/447/2841 2386/447/2862 2388/448/2857
f 5742/448/2860 5743/449/2847 2389/449/2858 2387/448/2855
f 5743/449/2847 5742/448/2860 2388/448/2857 2390/449/2849
f 5743/449/2847 5741/447/2841 2385/447/2861 2389/449/2858
f 5741/447/2841 5743/449/2847 2390/449/2849 2386/447/2862
f 5744/448/2850 5745/447/2851 2385/447/2861 2387/448/2855
f 5745/447/2851 5744/448/2850 2388/448/2857 2386/447/2862
f 5745/447/2851 5746/450/318 2391/450/2863 2385/447/2861
f 5746/450/318 5745/447/2851 2386/447/2862 2392/450/2864
f 5746/450/318 5744/448/2850 2387/448/2855 2391/450/2863
f 5744/448/2850 5746/450/318 2392/450/2864 2388/448/2857
f 5747/451/1267 5748/370/1804 2395/370/2866 2393/451/2867
f 5748/370/1804 5747/451/1267 2394/451/2868 2396/370/2869
f 5748/370/1804 5749/452/1801 2397/452/2870 2395/370/2866
f 5749/452/1801 5748/370/1804 2396/370/2869 2398/452/2871
f 5749/452/1801 5747/451/1267 2393/451/2867 2397/452/2870
f 5747/451/1267 5749/452/1801 2398/452/2871 2394/451/2868
f 5750/370/2872 5751/369/1805 2399/369/2873 2395/370/2866
f 5751/369/1805 5750/370/2872 2396/370/2869 2400/369/2874
f 5751/369/1805 5752/452/1809 2397/452/2870 2399/369/2873
f 5752/452/1809 5751/369/1805 2400/369/2874 2398/452/2871
f 5752/452/1809 5750/370/2872 2395/370/2866 2397/452/2870
f 5750/370/2872 5752/452/1809 2398/452/2871 2396/370/2869
f 5753/369/2875 5754/370/1814 2395/370/2866 2399/369/2873
f 5754/370/1814 5753/369/2875 2400/369/2874 2396/370/2869
f 5754/370/1814 5755/371/2876 2401/371/1813 2395/370/2866
f 5755/371/2876 5754/370/1814 2396/370/2869 2402/371/1812
f 5755/371/2876 5753/369/2875 2399/369/2873 2401/371/1813
f 5753/369/2875 5755/371/2876 2402/371/1812 2400/369/2874
f 5756/421/2877 5757/452/2878 2397/452/2870 2403/421/2879
f 5757/452/2878 5756/421/2877 2404/421/2880 2398/452/2871
f 5757/452/2878 5758/369/2881 2399/369/2873 2397/452/2870
f 5758/369/2881 5757/452/2878 2398/452/2871 2400/369/2874
f 5758/369/2881 5756/421/2877 2403/421/2879 2399/369/2873
f 5756/421/2877 5758/369/2881 2400/369/2874 2404/421/2880
f 5759/452/2882 5760/421/2883 2403/421/2879 2397/452/2870
f 5760/421/2883 5759/452/2882 2398/452/2871 2404/421/2880
f 5760/421/2883 5761/453/2884 2405/453/2885 2403/421/2879
f 5761/453/2884 5760/421/2883 2404/421/2880 2406/453/2886
f 5761/453/2884 5759/452/2882 2397/452/2870 2405/453/2885
f 5759/452/2882 5761/453/2884 2406/453/2886 2398/452/2871
f 5762/421/2887 5763/366/2888 2407/366/2889 2403/421/2879
f 5763/366/2888 5762/421/2887 2404/421/2880 2408/366/2890
f 5763/366/2888 5764/453/2891 2405/453/2885 2407/366/2889
f 5764/453/2891 5763/366/2888 2408/366/2890 2406/453/2886
f 5764/453/2891 5762/421/2887 2403/421/2879 2405/453/2885
f 5762/421/2887 5764/453/2891 2406/453/2886 2404/421/2880
f 5765/454/2892 5766/453/1786 2405/453/2885 2409/454/2893
f 5766/453/1786 5765/454/2892 2410/454/2894 2406/453/2886
f 5766/453/1786 5767/366/1790 2407/366/2889 2405/453/2885
f 5767/366/1790 5766/453/1786 2406/453/2886 2408/366/2890
f 5767/366/1790 5765/454/2892 2409/454/2893 2407/366/2889
f 5765/454/2892 5767/366/1790 2408/366/2890 2410/454/2894
f 5768/421/2895 5769/455/2896 2411/455/2897 2403/421/2879
f 5769/455/2896 5768/421/2895 2404/421/2880 2412/455/2898
f 5769/455/2896 5770/366/1830 2407/366/2889 2411/455/2897
f 5770/366/1830 5769/455/2896 2412/455/2898 2408/366/2890
f 5770/366/1830 5768/421/2895 2403/421/2879 2407/366/2889
f 5768/421/2895 5770/366/1830 2408/366/2890 2404/421/2880
f 5771/366/1777 5772/364/591 2413/364/2899 2407/366/2889
f 5772/364/591 5771/366/1777 2408/366/2890 2414/364/2900
f 5772/364/591 5773/454/1778 2409/454/2893 2413/364/2899
f 5773/454/1778 5772/364/591 2414/364/2900 2410/454/2894
f 5773/454/1778 5771/366/1777 2407/366/2889 2409/454/2893
f 5771/366/1777 5773/454/1778 2410/454/2894 2408/366/2890
f 5774/455/2901 5775/421/2902 2403/421/2879 2411/455/2897
f 5775/421/2902 5774/455/2901 2412/455/2898 2404/421/2880
f 5775/421/2902 5776/456/2903 2415/456/2904 2403/421/2879
f 5776/456/2903 5775/421/2902 2404/421/2880 2416/456/2905
f 5776/456/2903 5774/455/2901 2411/455/2897 2415/456/2904
f 5774/455/2901 5776/456/2903 2416/456/2905 2412/455/2898
f 5777/364/2906 5778/391/2907 2417/391/2908 2413/364/2899
f 5778/391/2907 5777/364/2906 2414/364/2900 2418/391/2909
f 5778/391/2907 5779/454/2910 2409/454/2893 2417/391/2908
f 5779/454/2910 5778/391/2907 2418/391/2909 2410/454/2894
f 5779/454/2910 5777/364/2906 2413/364/2899 2409/454/2893
f 5777/364/2906 5779/454/2910 2410/454/2894 2414/364/2900
f 5780/454/2911 5781/391/2912 2417/391/2908 2409/454/2893
f 5781/391/2912 5780/454/2911 2410/454/2894 2418/391/2909
f 5781/391/2912 5782/451/2913 2393/451/2867 2417/391/2908
f 5782/451/2913 5781/391/2912 2418/391/2909 2394/451/2868
f 5782/451/2913 5780/454/2911 2409/454/2893 2393/451/2867
f 5780/454/2911 5782/451/2913 2394/451/2868 2410/454/2894
f 5783/370/2914 5784/451/2915 2393/451/2867 2395/370/2866
f 5784/451/2915 5783/370/2914 2396/370/2869 2394/451/2868
f 5784/451/2915 5785/391/2916 2417/391/2908 2393/451/2867
f 5785/391/2916 5784/451/2915 2394/451/2868 2418/391/2909
f 5785/391/2916 5783/370/2914 2395/370/2866 2417/391/2908
f 5783/370/2914 5785/391/2916 2418/391/2909 2396/370/2869
f 5786/373/2917 5787/370/2918 2395/370/2866 2419/373/2919
f 5787/370/2918 5786/373/2917 2420/373/2920 2396/370/2869
f 5787/370/2918 5788/391/2921 2417/391/2908 2395/370/2866
f 5788/391/2921 5787/370/2918 2396/370/2869 2418/391/2909
f 5788/391/2921 5786/373/2917 2419/373/2919 2417/391/2908
f 5786/373/2917 5788/391/2921 2418/391/2909 2420/373/2920
f 5789/391/2922 5790/364/2923 2413/364/2899 2417/391/2908
f 5790/364/2923 5789/391/2922 2418/391/2909 2414/364/2900
f 5790/364/2923 5791/457/2924 2421/457/2925 2413/364/2899
f 5791/457/2924 5790/364/2923 2414/364/2900 2422/457/2926
f 5791/457/2924 5789/391/2922 2417/391/2908 2421/457/2925
f 5789/391/2922 5791/457/2924 2422/457/2926 2418/391/2909
f 5792/458/2927 5793/457/2928 2421/457/2925 2423/458/2929
f 5793/457/2928 5792/458/2927 2424/458/2930 2422/457/2926
f 5793/457/2928 5794/455/660 2411/455/2897 2421/457/2925
f 5794/455/660 5793/457/2928 2422/457/2926 2412/455/2898
f 5794/455/660 5792/458/2927 2423/458/2929 2411/455/2897
f 5792/458/2927 5794/455/660 2412/455/2898 2424/458/2930
f 5795/455/2931 5796/456/2932 2415/456/2904 2411/455/2897
f 5796/456/2932 5795/455/2931 2412/455/2898 2416/456/2905
f 5796/456/2932 5797/458/2933 2423/458/2929 2415/456/2904
f 5797/458/2933 5796/456/2932 2416/456/2905 2424/458/2930
f 5797/458/2933 5795/455/2931 2411/455/2897 2423/458/2929
f 5795/455/2931 5797/458/2933 2424/458/2930 2412/455/2898
f 5798/459/2934 5799/457/2935 2421/457/2925 2425/459/2936
f 5799/457/2935 5798/459/2934 2426/459/2937 2422/457/2926
f 5799/457/2935 5800/458/2938 2423/458/2929 2421/457/2925
f 5800/458/2938 5799/457/2935 2422/457/2926 2424/458/2930
f 5800/458/2938 5798/459/2934 2425/459/2936 2423/458/2929
f 5798/459/2934 5800/458/2938 2424/458/2930 2426/459/2937
f 5801/391/2939 5802/457/2940 2421/457/2925 2417/391/2908
f 5802/457/2940 5801/391/2939 2418/391/2909 2422/457/2926
f 5802/457/2940 5803/459/2941 2425/459/2936 2421/457/2925
f 5803/459/2941 5802/457/2940 2422/457/2926 2426/459/2937
f 5803/459/2941 5801/391/2939 2417/391/2908 2425/459/2936
f 5801/391/2939 5803/459/2941 2426/459/2937 2418/391/2909
f 5804/391/2942 5805/459/2943 2425/459/2936 2417/391/2908
f 5805/459/2943 5804/391/2942 2418/391/2909 2426/459/2937
f 5805/459/2943 5806/460/2944 2427/460/2945 2425/459/2936
f 5806/460/2944 5805/459/2943 2426/459/2937 2428/460/2946
f 5806/460/2944 5804/391/2942 2417/391/2908 2427/460/2945
f 5804/391/2942 5806/460/2944 2428/460/2946 2418/391/2909
f 5807/458/2947 5808/456/2948 2415/456/2904 2423/458/2929
f 5808/456/2948 5807/458/2947 2424/458/2930 2416/456/2905
f 5808/456/2948 5809/461/2949 2429/461/2950 2415/456/2904
f 5809/461/2949 5808/456/2948 2416/456/2905 2430/461/2951
f 5809/461/2949 5807/458/2947 2423/458/2929 2429/461/2950
f 5807/458/2947 5809/461/2949 2430/461/2951 2424/458/2930
f 5810/391/2952 5811/460/2953 2427/460/2945 2417/391/2908
f 5811/460/2953 5810/391/2952 2418/391/2909 2428/460/2946
f 5811/460/2953 5812/350/2954 2431/350/2955 2427/460/2945
f 5812/350/2954 5811/460/2953 2428/460/2946 2432/350/2956
f 5812/350/2954 5810/391/2952 2417/391/2908 2431/350/2955
f 5810/391/2952 5812/350/2954 2432/350/2956 2418/391/2909
f 5813/460/2957 5814/461/2958 2429/461/2950 2427/460/2945
f 5814/461/2958 5813/460/2957 2428/460/2946 2430/461/2951
f 5814/461/2958 5815/350/2959 2431/350/2955 2429/461/2950
f 5815/350/2959 5814/461/2958 2430/461/2951 2432/350/2956
f 5815/350/2959 5813/460/2957 2427/460/2945 2431/350/2955
f 5813/460/2957 5815/350/2959 2432/350/2956 2428/460/2946
f 5816/391/2960 5817/350/2961 2431/350/2955 2417/391/2908
f 5817/350/2961 5816/391/2960 2418/391/2909 2432/350/2956
f 5817/350/2961 5818/462/2962 2433/462/2963 2431/350/2955
f 5818/462/2962 5817/350/2961 2432/350/2956 2434/462/2964
f 5818/462/2962 5816/391/2960 2417/391/2908 2433/462/2963
f 5816/391/2960 5818/462/2962 2434/462/2964 2418/391/2909
f 5819/352/2965 5820/350/2966 2431/350/2955 2435/352/2967
f 5820/350/2966 5819/352/2965 2436/352/2968 2432/350/2956
f 5820/350/2966 5821/461/2969 2429/461/2950 2431/350/2955
f 5821/461/2969 5820/350/2966 2432/350/2956 2430/461/2951
f 5821/461/2969 5819/352/2965 2435/352/2967 2429/461/2950
f 5819/352/2965 5821/461/2969 2430/461/2951 2436/352/2968
f 5822/461/2970 5823/456/2971 2415/456/2904 2429/461/2950
f 5823/456/2971 5822/461/2970 2430/461/2951 2416/456/2905
f 5823/456/2971 5824/352/591 2435/352/2967 2415/456/2904
f 5824/352/591 5823/456/2971 2416/456/2905 2436/352/2968
f 5824/352/591 5822/461/2970 2429/461/2950 2435/352/2967
f 5822/461/2970 5824/352/591 2436/352/2968 2430/461/2951
f 5825/391/2972 5826/462/2973 2433/462/2963 2417/391/2908
f 5826/462/2973 5825/391/2972 2418/391/2909 2434/462/2964
f 5826/462/2973 5827/463/2974 2437/463/2975 2433/462/2963
f 5827/463/2974 5826/462/2973 2434/462/2964 2438/463/2976
f 5827/463/2974 5825/391/2972 2417/391/2908 2437/463/2975
f 5825/391/2972 5827/463/2974 2438/463/2976 2418/391/2909
f 5828/463/2977 5829/462/2978 2433/462/2963 2437/463/2975
f 5829/462/2978 5828/463/2977 2438/463/2976 2434/462/2964
f 5829/462/2978 5830/464/2979 2439/464/2980 2433/462/2963
f 5830/464/2979 5829/462/2978 2434/462/2964 2440/464/2981
f 5830/464/2979 5828/463/2977 2437/463/2975 2439/464/2980
f 5828/463/2977 5830/464/2979 2440/464/2981 2438/463/2976
f 5831/465/2982 5832/352/2983 2435/352/2967 2441/465/2984
f 5832/352/2983 5831/465/2982 2442/465/2985 2436/352/2968
f 5832/352/2983 5833/456/2986 2415/456/2904 2435/352/2967
f 5833/456/2986 5832/352/2983 2436/352/2968 2416/456/2905
f 5833/456/2986 5831/465/2982 2441/465/2984 2415/456/2904
f 5831/465/2982 5833/456/2986 2416/456/2905 2442/465/2985
f 5834/465/2987 5835/464/2988 2439/464/2980 2441/465/2984
f 5835/464/2988 5834/465/2987 2442/465/2985 2440/464/2981
f 5835/464/2988 5836/462/2989 2433/462/2963 2439/464/2980
f 5836/462/2989 5835/464/2988 2440/464/2981 2434/462/2964
f 5836/462/2989 5834/465/2987 2441/465/2984 2433/462/2963
f 5834/465/2987 5836/462/2989 2434/462/2964 2442/465/2985
f 5837/464/2990 5838/465/2991 2441/465/2984 2439/464/2980
f 5838/465/2991 5837/464/2990 2440/464/2981 2442/465/2985
f 5838/465/2991 5839/294/2992 2443/294/2993 2441/465/2984
f 5839/294/2992 5838/465/2991 2442/465/2985 2444/294/2994
f 5839/294/2992 5837/464/2990 2439/464/2980 2443/294/2993
f 5837/464/2990 5839/294/2992 2444/294/2994 2440/464/2981
f 5840/464/2995 5841/294/2996 2443/294/2993 2439/464/2980
f 5841/294/2996 5840/464/2995 2440/464/2981 2444/294/2994
f 5841/294/2996 5842/355/2173 2445/355/2997 2443/294/2993
f 5842/355/2173 5841/294/2996 2444/294/2994 2446/355/2998
f 5842/355/2173 5840/464/2995 2439/464/2980 2445/355/2997
f 5840/464/2995 5842/355/2173 2446/355/2998 2440/464/2981
f 5843/342/2999 5844/355/3000 2445/355/2997 2447/342/3001
f 5844/355/3000 5843/342/2999 2448/342/3002 2446/355/2998
f 5844/355/3000 5845/294/2131 2443/294/2993 2445/355/2997
f 5845/294/2131 5844/355/3000 2446/355/2998 2444/294/2994
f 5845/294/2131 5843/342/2999 2447/342/3001 2443/294/2993
f 5843/342/2999 5845/294/2131 2444/294/2994 2448/342/3002
f 5846/464/3003 5847/355/3004 2445/355/2997 2439/464/2980
f 5847/355/3004 5846/464/3003 2440/464/2981 2446/355/2998
f 5847/355/3004 5848/466/3005 2449/466/3006 2445/355/2997
f 5848/466/3005 5847/355/3004 2446/355/2998 2450/466/3007
f 5848/466/3005 5846/464/3003 2439/464/2980 2449/466/3006
f 5846/464/3003 5848/466/3005 2450/466/3007 2440/464/2981
f 5849/466/1915 5850/355/3008 2445/355/2997 2449/466/3006
f 5850/355/3008 5849/466/1915 2450/466/3007 2446/355/2998
f 5850/355/3008 5851/356/1916 2451/356/1918 2445/355/2997
f 5851/356/1916 5850/355/3008 2446/355/2998 2452/356/1917
f 5851/356/1916 5849/466/1915 2449/466/3006 2451/356/1918
f 5849/466/1915 5851/356/1916 2452/356/1917 2450/466/3007
f 5852/465/3009 5853/467/3010 2453/467/3011 2441/465/2984
f 5853/467/3010 5852/465/3009 2442/465/2985 2454/467/3012
f 5853/467/3010 5854/294/1920 2443/294/2993 2453/467/3011
f 5854/294/1920 5853/467/3010 2454/467/3012 2444/294/2994
f 5854/294/1920 5852/465/3009 2441/465/2984 2443/294/2993
f 5852/465/3009 5854/294/1920 2444/294/2994 2442/465/2985
f 5855/456/3013 5856/468/3014 2455/468/3015 2415/456/2904
f 5856/468/3014 5855/456/3013 2416/456/2905 2456/468/3016
f 5856/468/3014 5857/465/3017 2441/465/2984 2455/468/3015
f 5857/465/3017 5856/468/3014 2456/468/3016 2442/465/2985
f 5857/465/3017 5855/456/3013 2415/456/2904 2441/465/2984
f 5855/456/3013 5857/465/3017 2442/465/2985 2416/456/2905
f 5858/467/1929 5859/465/1931 2441/465/2984 2453/467/3011
f 5859/465/1931 5858/467/1929 2454/467/3012 2442/465/2985
f 5859/465/1931 5860/468/1930 2455/468/3015 2441/465/2984
f 5860/468/1930 5859/465/1931 2442/465/2985 2456/468/3016
f 5860/468/1930 5858/467/1929 2453/467/3011 2455/468/3015
f 5858/467/1929 5860/468/1930 2456/468/3016 2454/467/3012
f 5861/468/3018 5862/456/3019 2415/456/2904 2455/468/3015
f 5862/456/3019 5861/468/3018 2456/468/3016 2416/456/2905
f 5862/456/3019 5863/469/3020 2457/469/3021 2415/456/2904
f 5863/469/3020 5862/456/3019 2416/456/2905 2458/469/3022
f 5863/469/3020 5861/468/3018 2455/468/3015 2457/469/3021
f 5861/468/3018 5863/469/3020 2458/469/3022 2456/468/3016
f 5864/468/1937 5865/314/1939 2459/314/1941 2455/468/3015
f 5865/314/1939 5864/468/1937 2456/468/3016 2460/314/1940
f 5865/314/1939 5866/467/1938 2453/467/3011 2459/314/1941
f 5866/467/1938 5865/314/1939 2460/314/1940 2454/467/3012
f 5866/467/1938 5864/468/1937 2455/468/3015 2453/467/3011
f 5864/468/1937 5866/467/1938 2454/467/3012 2456/468/3016
f 5867/314/1943 5868/468/1942 2455/468/3015 2459/314/1941
f 5868/468/1942 5867/314/1943 2460/314/1940 2456/468/3016
f 5868/468/1942 5869/448/1944 2461/448/1946 2455/468/3015
f 5869/448/1944 5868/468/1942 2456/468/3016 2462/448/1945
f 5869/448/1944 5867/314/1943 2459/314/1941 2461/448/1946
f 5867/314/1943 5869/448/1944 2462/448/1945 2460/314/1940
f 5870/425/1947 5871/467/1951 2453/467/3011 2463/425/1950
f 5871/467/1951 5870/425/1947 2464/425/1949 2454/467/3012
f 5871/467/1951 5872/314/1948 2459/314/1941 2453/467/3011
f 5872/314/1948 5871/467/1951 2454/467/3012 2460/314/1940
f 5872/314/1948 5870/425/1947 2463/425/1950 2459/314/1941
f 5870/425/1947 5872/314/1948 2460/314/1940 2464/425/1949
f 5873/425/1956 5874/470/1953 2465/470/1955 2463/425/1950
f 5874/470/1953 5873/425/1956 2464/425/1949 2466/470/1954
f 5874/470/1953 5875/467/3023 2453/467/3011 2465/470/1955
f 5875/467/3023 5874/470/1953 2466/470/1954 2454/467/3012
f 5875/467/3023 5873/425/1956 2463/425/1950 2453/467/3011
f 5873/425/1956 5875/467/3023 2454/467/3012 2464/425/1949
f 5876/314/1957 5877/471/1959 2467/471/1961 2459/314/1941
f 5877/471/1959 5876/314/1957 2460/314/1940 2468/471/1960
f 5877/471/1959 5878/425/1958 2463/425/1950 2467/471/1961
f 5878/425/1958 5877/471/1959 2468/471/1960 2464/425/1949
f 5878/425/1958 5876/314/1957 2459/314/1941 2463/425/1950
f 5876/314/1957 5878/425/1958 2464/425/1949 2460/314/1940
f 5879/314/1962 5880/472/1964 2469/472/1966 2459/314/1941
f 5880/472/1964 5879/314/1962 2460/314/1940 2470/472/3024
f 5880/472/1964 5881/471/1963 2467/471/1961 2469/472/1966
f 5881/471/1963 5880/472/1964 2470/472/3024 2468/471/1960
f 5881/471/1963 5879/314/1962 2459/314/1941 2467/471/1961
f 5879/314/1962 5881/471/1963 2468/471/1960 2460/314/1940
f 5882/473/1967 5883/425/3025 2463/425/1950 2471/473/1970
f 5883/425/3025 5882/473/1967 2472/473/1969 2464/425/1949
f 5883/425/3025 5884/471/1968 2467/471/1961 2463/425/1950
f 5884/471/1968 5883/425/3025 2464/425/1949 2468/471/1960
f 5884/471/1968 5882/473/1967 2471/473/1970 2467/471/1961
f 5882/473/1967 5884/471/1968 2468/471/1960 2472/473/1969
f 5885/425/1978 5886/473/3026 2471/473/1970 2463/425/1950
f 5886/473/3026 5885/425/1978 2464/425/1949 2472/473/1969
f 5886/473/3026 5887/302/1979 2473/302/1981 2471/473/1970
f 5887/302/1979 5886/473/3026 2472/473/1969 2474/302/1980
f 5887/302/1979 5885/425/1978 2463/425/1950 2473/302/1981
f 5885/425/1978 5887/302/1979 2474/302/1980 2464/425/1949
f 5888/473/1973 5889/471/1972 2467/471/1961 2471/473/1970
f 5889/471/1972 5888/473/1973 2472/473/1969 2468/471/1960
f 5889/471/1972 5890/474/1974 2475/474/1976 2467/471/1961
f 5890/474/1974 5889/471/1972 2468/471/1960 2476/474/1975
f 5890/474/1974 5888/473/1973 2471/473/1970 2475/474/1976
f 5888/473/1973 5890/474/1974 2476/474/1975 2472/473/1969
f 5891/313/3027 5892/468/3028 2479/468/3029 2477/313/3030
f 5892/468/3028 5891/313/3027 2478/313/3031 2480/468/3032
f 5892/468/3028 5893/469/3033 2481/469/3034 2479/468/3029
f 5893/469/3033 5892/468/3028 2480/468/3032 2482/469/3035
f 5893/469/3033 5891/313/3027 2477/313/3030 2481/469/3034
f 5891/313/3027 5893/469/3033 2482/469/3035 2478/313/3031
f 5894/468/3036 5895/313/3037 2477/313/3030 2479/468/3029
f 5895/313/3037 5894/468/3036 2480/468/3032 2478/313/3031
f 5895/313/3037 5896/448/1061 2483/448/3038 2477/313/3030
f 5896/448/1061 5895/313/3037 2478/313/3031 2484/448/3039
f 5896/448/1061 5894/468/3036 2479/468/3029 2483/448/3038
f 5894/468/3036 5896/448/1061 2484/448/3039 2480/468/3032
f 5897/448/3040 5898/475/3041 2485/475/3042 2483/448/3043
f 5898/475/3041 5897/448/3040 2484/448/3044 2486/475/3045
f 5898/475/3041 5899/314/3046 2487/314/3047 2485/475/3042
f 5899/314/3046 5898/475/3041 2486/475/3045 2488/314/3048
f 5899/314/3046 5897/448/3040 2483/448/3043 2487/314/3047
f 5897/448/3040 5899/314/3046 2488/314/3048 2484/448/3044
f 5900/314/3049 5901/475/3050 2485/475/3042 2487/314/3047
f 5901/475/3050 5900/314/3049 2488/314/3048 2486/475/3045
f 5901/475/3050 5902/472/1033 2489/472/3051 2485/475/3042
f 5902/472/1033 5901/475/3050 2486/475/3045 2490/472/3052
f 5902/472/1033 5900/314/3049 2487/314/3047 2489/472/3051
f 5900/314/3049 5902/472/1033 2490/472/3052 2488/314/3048
f 5903/469/3053 5904/306/3054 2491/306/3055 2481/469/3056
f 5904/306/3054 5903/469/3053 2482/469/3057 2492/306/3058
f 5904/306/3054 5905/476/3059 2493/476/3060 2491/306/3055
f 5905/476/3059 5904/306/3054 2492/306/3058 2494/476/3061
f 5905/476/3059 5903/469/3053 2481/469/3056 2493/476/3060
f 5903/469/3053 5905/476/3059 2494/476/3061 2482/469/3057
f 5906/306/3062 5907/469/3063 2481/469/3056 2491/306/3055
f 5907/469/3063 5906/306/3062 2492/306/3058 2482/469/3057
f 5907/469/3063 5908/456/3064 2495/456/3065 2481/469/3056
f 5908/456/3064 5907/469/3063 2482/469/3057 2496/456/3066
f 5908/456/3064 5906/306/3062 2491/306/3055 2495/456/3065
f 5906/306/3062 5908/456/3064 2496/456/3066 2492/306/3058
f 5909/456/3067 5910/421/3068 2497/421/3069 2495/456/3065
f 5910/421/3068 5909/456/3067 2496/456/3066 2498/421/3070
f 5910/421/3068 5911/306/3071 2491/306/3055 2497/421/3069
f 5911/306/3071 5910/421/3068 2498/421/3070 2492/306/3058
f 5911/306/3071 5909/456/3067 2495/456/3065 2491/306/3055
f 5909/456/3067 5911/306/3071 2492/306/3058 2496/456/3066
f 5912/477/3072 5913/306/3073 2491/306/3055 2499/477/3074
f 5913/306/3073 5912/477/3072 2500/477/3075 2492/306/3058
f 5913/306/3073 5914/421/3076 2497/421/3069 2491/306/3055
f 5914/421/3076 5913/306/3073 2492/306/3058 2498/421/3070
f 5914/421/3076 5912/477/3072 2499/477/3074 2497/421/3069
f 5912/477/3072 5914/421/3076 2498/421/3070 2500/477/3075
f 5915/369/3077 5916/410/3078 2503/410/3079 2501/369/3080
f 5916/410/3078 5915/369/3077 2502/369/3081 2504/410/3082
f 5916/410/3078 5917/421/997 2497/421/3083 2503/410/3079
f 5917/421/997 5916/410/3078 2504/410/3082 2498/421/3084
f 5917/421/997 5915/369/3077 2501/369/3080 2497/421/3083
f 5915/369/3077 5917/421/997 2498/421/3084 2502/369/3081
f 5918/410/987 5919/369/3085 2501/369/3080 2503/410/3079
f 5919/369/3085 5918/410/987 2504/410/3082 2502/369/3081
f 5919/369/3085 5920/371/986 2505/371/3086 2501/369/3080
f 5920/371/986 5919/369/3085 2502/369/3081 2506/371/3087
f 5920/371/986 5918/410/987 2503/410/3079 2505/371/3086
f 5918/410/987 5920/371/986 2506/371/3087 2504/410/3082
f 5921/370/3088 5922/295/3089 2509/295/3090 2507/370/3091
f 5922/295/3089 5921/370/3088 2508/370/3092 2510/295/3093
f 5922/295/3089 5923/371/997 2505/371/3094 2509/295/3090
f 5923/371/997 5922/295/3089 2510/295/3093 2506/371/999
f 5923/371/997 5921/370/3088 2507/370/3091 2505/371/3094
f 5921/370/3088 5923/371/997 2506/371/999 2508/370/3092
f 5924/373/986 5925/295/3095 2509/295/3090 2511/373/3096
f 5925/295/3095 5924/373/986 2512/373/3097 2510/295/3093
f 5925/295/3095 5926/370/2139 2507/370/3091 2509/295/3090
f 5926/370/2139 5925/295/3095 2510/295/3093 2508/370/3092
f 5926/370/2139 5924/373/986 2511/373/3096 2507/370/3091
f 5924/373/986 5926/370/2139 2508/370/3092 2512/373/3097
f 5927/391/3098 5928/397/3099 2515/397/3100 2513/391/3101
f 5928/397/3099 5927/391/3098 2514/391/3102 2516/397/3103
f 5928/397/3099 5929/373/3104 2511/373/3105 2515/397/3100
f 5929/373/3104 5928/397/3099 2516/397/3103 2512/373/3106
f 5929/373/3104 5927/391/3098 2513/391/3101 2511/373/3105
f 5927/391/3098 5929/373/3104 2512/373/3106 2514/391/3102
f 5930/478/3033 5931/397/3107 2515/397/3100 2517/478/3108
f 5931/397/3107 5930/478/3033 2518/478/3109 2516/397/3103
f 5931/397/3107 5932/391/3110 2513/391/3101 2515/397/3100
f 5932/391/3110 5931/397/3107 2516/397/3103 2514/391/3102
f 5932/391/3110 5930/478/3033 2517/478/3108 2513/391/3101
f 5930/478/3033 5932/391/3110 2514/391/3102 2518/478/3109
f 5933/473/3111 5934/345/3112 2521/345/3113 2519/473/3114
f 5934/345/3112 5933/473/3111 2520/473/3115 2522/345/3116
f 5934/345/3112 5935/291/3117 2523/291/3118 2521/345/3113
f 5935/291/3117 5934/345/3112 2522/345/3116 2524/291/3119
f 5935/291/3117 5933/473/3111 2519/473/3114 2523/291/3118
f 5933/473/3111 5935/291/3117 2524/291/3119 2520/473/3115
f 5936/345/3120 5937/473/3121 2519/473/3114 2521/345/3113
f 5937/473/3121 5936/345/3120 2522/345/3116 2520/473/3115
f 5937/473/3121 5938/479/1033 2525/479/3122 2519/473/3114
f 5938/479/1033 5937/473/3121 2520/473/3115 2526/479/3123
f 5938/479/1033 5936/345/3120 2521/345/3113 2525/479/3122
f 5936/345/3120 5938/479/1033 2526/479/3123 2522/345/3116
f 5939/480/986 5940/425/3124 2529/425/988 2527/480/3125
f 5940/425/3124 5939/480/986 2528/480/3126 2530/425/991
f 5940/425/3124 5941/481/3127 2531/481/3128 2529/425/988
f 5941/481/3127 5940/425/3124 2530/425/991 2532/481/3129
f 5941/481/3127 5939/480/986 2527/480/3125 2531/481/3128
f 5939/480/986 5941/481/3127 2532/481/3129 2528/480/3126
f 5942/481/3088 5943/425/996 2529/425/988 2531/481/3128
f 5943/425/996 5942/481/3088 2532/481/3129 2530/425/991
f 5943/425/996 5944/302/997 2533/302/998 2529/425/988
f 5944/302/997 5943/425/996 2530/425/991 2534/302/999
f 5944/302/997 5942/481/3088 2531/481/3128 2533/302/998
f 5942/481/3088 5944/302/997 2534/302/999 2532/481/3129
f 5945/294/1045 5946/467/3130 2537/467/3131 2535/294/3132
f 5946/467/3130 5945/294/1045 2536/294/3133 2538/467/3134
f 5946/467/3130 5947/342/3135 2539/342/3136 2537/467/3131
f 5947/342/3135 5946/467/3130 2538/467/3134 2540/342/3137
f 5947/342/3135 5945/294/1045 2535/294/3132 2539/342/3136
f 5945/294/1045 5947/342/3135 2540/342/3137 2536/294/3133
f 5948/342/3138 5949/467/3139 2537/467/3131 2539/342/3136
f 5949/467/3139 5948/342/3138 2540/342/3137 2538/467/3134
f 5949/467/3139 5950/470/3104 2541/470/3140 2537/467/3131
f 5950/470/3104 5949/467/3139 2538/467/3134 2542/470/3141
f 5950/470/3104 5948/342/3138 2539/342/3136 2541/470/3140
f 5948/342/3138 5950/470/3104 2542/470/3141 2540/342/3137
f 5951/356/3142 5952/342/3143 2539/342/3144 2543/356/3145
f 5952/342/3143 5951/356/3142 2544/356/3146 2540/342/3147
f 5952/342/3143 5953/300/3104 2545/300/3148 2539/342/3144
f 5953/300/3104 5952/342/3143 2540/342/3147 2546/300/3149
f 5953/300/3104 5951/356/3142 2543/356/3145 2545/300/3148
f 5951/356/3142 5953/300/3104 2546/300/3149 2544/356/3146
f 5954/355/1261 5955/342/3150 2539/342/3144 2547/355/1052
f 5955/342/3150 5954/355/1261 2548/355/1055 2540/342/3147
f 5955/342/3150 5956/356/3151 2543/356/3145 2539/342/3144
f 5956/356/3151 5955/342/3150 2540/342/3147 2544/356/3146
f 5956/356/3151 5954/355/1261 2547/355/1052 2543/356/3145
f 5954/355/1261 5956/356/3151 2544/356/3146 2548/355/1055
f 5957/349/1938 5958/463/3152 2551/463/3153 2549/349/3154
f 5958/463/3152 5957/349/1938 2550/349/3155 2552/463/3156
f 5958/463/3152 5959/464/3157 2553/464/3158 2551/463/3153
f 5959/464/3157 5958/463/3152 2552/463/3156 2554/464/3159
f 5959/464/3157 5957/349/1938 2549/349/3154 2553/464/3158
f 5957/349/1938 5959/464/3157 2554/464/3159 2550/349/3155
f 5960/349/3160 5961/464/3161 2553/464/3158 2549/349/3154
f 5961/464/3161 5960/349/3160 2550/349/3155 2554/464/3159
f 5961/464/3161 5962/466/1061 2555/466/1062 2553/464/3158
f 5962/466/1061 5961/464/3161 2554/464/3159 2556/466/1063
f 5962/466/1061 5960/349/3160 2549/349/3154 2555/466/1062
f 5960/349/3160 5962/466/1061 2556/466/1063 2550/349/3155
f 5963/295/986 5964/296/987 2559/296/988 2557/295/3086
f 5964/296/987 5963/295/986 2558/295/3087 2560/296/991
f 5964/296/987 5965/371/3162 2561/371/3128 2559/296/988
f 5965/371/3162 5964/296/987 2560/296/991 2562/371/3129
f 5965/371/3162 5963/295/986 2557/295/3086 2561/371/3128
f 5963/295/986 5965/371/3162 2562/371/3129 2558/295/3087
f 5966/371/3163 5967/296/3089 2559/296/988 2561/371/3128
f 5967/296/3089 5966/371/3163 2562/371/3129 2560/296/991
f 5967/296/3089 5968/410/997 2563/410/998 2559/296/988
f 5968/410/997 5967/296/3089 2560/296/991 2564/410/999
f 5968/410/997 5966/371/3163 2561/371/3128 2563/410/998
f 5966/371/3163 5968/410/997 2564/410/999 2562/371/3129
f 5969/373/3088 5970/482/3089 2567/482/988 2565/373/3128
f 5970/482/3089 5969/373/3088 2566/373/3129 2568/482/991
f 5970/482/3089 5971/295/997 2557/295/998 2567/482/988
f 5971/295/997 5970/482/3089 2568/482/991 2558/295/999
f 5971/295/997 5969/373/3088 2565/373/3128 2557/295/998
f 5969/373/3088 5971/295/997 2558/295/999 2566/373/3129
f 5972/397/986 5973/482/3164 2567/482/988 2569/397/3086
f 5973/482/3164 5972/397/986 2570/397/3087 2568/482/991
f 5973/482/3164 5974/373/3127 2565/373/3128 2567/482/988
f 5974/373/3127 5973/482/3164 2568/482/991 2566/373/3129
f 5974/373/3127 5972/397/986 2569/397/3086 2565/373/3128
f 5972/397/986 5974/373/3127 2566/373/3129 2570/397/3087
f 5975/410/986 5976/483/987 2571/483/988 2563/410/3086
f 5976/483/987 5975/410/986 2564/410/3087 2572/483/991
f 5976/483/987 5977/421/3127 2573/421/3128 2571/483/988
f 5977/421/3127 5976/483/987 2572/483/991 2574/421/3129
f 5977/421/3127 5975/410/986 2563/410/3086 2573/421/3128
f 5975/410/986 5977/421/3127 2574/421/3129 2564/410/3087
f 5978/421/3088 5979/483/3089 2571/483/988 2573/421/3128
f 5979/483/3089 5978/421/3088 2574/421/3129 2572/483/991
f 5979/483/3089 5980/477/997 2575/477/998 2571/483/988
f 5980/477/997 5979/483/3089 2572/483/991 2576/477/999
f 5980/477/997 5978/421/3088 2573/421/3128 2575/477/998
f 5978/421/3088 5980/477/997 2576/477/999 2574/421/3129
f 5981/350/2141 5982/484/2140 2579/484/2135 2577/350/2143
f 5982/484/2140 5981/350/2141 2578/350/2142 2580/484/2134
f 5982/484/2140 5983/462/2139 2581/462/2136 2579/484/2135
f 5983/462/2139 5982/484/2140 2580/484/2134 2582/462/2133
f 5983/462/2139 5981/350/2141 2577/350/2143 2581/462/2136
f 5981/350/2141 5983/462/2139 2582/462/2133 2578/350/2142
f 5984/462/2132 5985/484/2131 2579/484/2135 2581/462/2136
f 5985/484/2131 5984/462/2132 2582/462/2133 2580/484/2134
f 5985/484/2131 5986/465/1967 2583/465/2138 2579/484/2135
f 5986/465/1967 5985/484/2131 2580/484/2134 2584/465/2137
f 5986/465/1967 5984/462/2132 2581/462/2136 2583/465/2138
f 5984/462/2132 5986/465/1967 2584/465/2137 2582/462/2133
f 5987/484/2144 5988/350/2148 2577/350/2143 2579/484/2135
f 5988/350/2148 5987/484/2144 2580/484/2134 2578/350/2142
f 5988/350/2148 5989/352/2145 2585/352/2147 2577/350/2143
f 5989/352/2145 5988/350/2148 2578/350/2142 2586/352/2146
f 5989/352/2145 5987/484/2144 2579/484/2135 2585/352/2147
f 5987/484/2144 5989/352/2145 2586/352/2146 2580/484/2134
f 5990/458/1264 5991/460/1271 2589/460/1066 2587/458/1067
f 5991/460/1271 5990/458/1264 2588/458/1068 2590/460/1069
f 5991/460/1271 5992/459/1070 2591/459/1071 2589/460/1066
f 5992/459/1070 5991/460/1271 2590/460/1069 2592/459/1072
f 5992/459/1070 5990/458/1264 2587/458/1067 2591/459/1071
f 5990/458/1264 5992/459/1070 2592/459/1072 2588/458/1068
f 5993/460/1269 5994/458/1270 2587/458/1067 2589/460/1066
f 5994/458/1270 5993/460/1269 2590/460/1069 2588/458/1068
f 5994/458/1270 5995/461/1075 2593/461/1076 2587/458/1067
f 5995/461/1075 5994/458/1270 2588/458/1068 2594/461/1077
f 5995/461/1075 5993/460/1269 2589/460/1066 2593/461/1076
f 5993/460/1269 5995/461/1075 2594/461/1077 2590/460/1069
f 5996/466/986 5997/356/987 2597/356/988 2595/466/3086
f 5997/356/987 5996/466/986 2596/466/3087 2598/356/991
f 5997/356/987 5998/485/3162 2599/485/3128 2597/356/988
f 5998/485/3162 5997/356/987 2598/356/991 2600/485/3129
f 5998/485/3162 5996/466/986 2595/466/3086 2599/485/3128
f 5996/466/986 5998/485/3162 2600/485/3129 2596/466/3087
f 5999/485/3088 6000/356/3089 2597/356/988 2599/485/3128
f 6000/356/3089 5999/485/3088 2600/485/3129 2598/356/991
f 6000/356/3089 6001/386/997 2601/386/998 2597/356/988
f 6001/386/997 6000/356/3089 2598/356/991 2602/386/999
f 6001/386/997 5999/485/3088 2599/485/3128 2601/386/998
f 5999/485/3088 6001/386/997 2602/386/999 2600/485/3129
f 6002/457/1260 6003/364/1261 2605/364/1071 2603/457/1066
f 6003/364/1261 6002/457/1260 2604/457/1069 2606/364/1072
f 6003/364/1261 6004/366/1064 2607/366/1067 2605/364/1071
f 6004/366/1064 6003/364/1261 2606/364/1072 2608/366/1068
f 6004/366/1064 6002/457/1260 2603/457/1066 2607/366/1067
f 6002/457/1260 6004/366/1064 2608/366/1068 2604/457/1069
f 6005/457/1269 6006/366/1270 2607/366/1067 2603/457/1066
f 6006/366/1270 6005/457/1269 2604/457/1069 2608/366/1068
f 6006/366/1270 6007/455/1075 2609/455/1076 2607/366/1067
f 6007/455/1075 6006/366/1270 2608/366/1068 2610/455/1077
f 6007/455/1075 6005/457/1269 2603/457/1066 2609/455/1076
f 6005/457/1269 6007/455/1075 2610/455/1077 2604/457/1069
f 6008/454/1260 6009/451/1261 2613/451/1071 2611/454/1066
f 6009/451/1261 6008/454/1260 2612/454/1069 2614/451/1072
f 6009/451/1261 6010/452/1064 2615/452/1067 2613/451/1071
f 6010/452/1064 6009/451/1261 2614/451/1072 2616/452/1068
f 6010/452/1064 6008/454/1260 2611/454/1066 2615/452/1067
f 6008/454/1260 6010/452/1064 2616/452/1068 2612/454/1069
f 6011/454/1269 6012/452/1270 2615/452/1067 2611/454/1066
f 6012/452/1270 6011/454/1269 2612/454/1069 2616/452/1068
f 6012/452/1270 6013/453/1075 2617/453/1076 2615/452/1067
f 6013/453/1075 6012/452/1270 2616/452/1068 2618/453/1077
f 6013/453/1075 6011/454/1269 2611/454/1066 2617/453/1076
f 6011/454/1269 6013/453/1075 2618/453/1077 2612/454/1069
f 6014/486/2159 6015/471/2158 2621/471/2157 2619/486/2154
f 6015/471/2158 6014/486/2159 2620/486/2151 2622/471/2156
f 6015/471/2158 6016/474/2160 2623/474/2162 2621/471/2157
f 6016/474/2160 6015/471/2158 2622/471/2156 2624/474/2161
f 6016/474/2160 6014/486/2159 2619/486/2154 2623/474/2162
f 6014/486/2159 6016/474/2160 2624/474/2161 2620/486/2151
f 6017/486/2150 6018/487/2149 2625/487/2153 2619/486/2154
f 6018/487/2149 6017/486/2150 2620/486/2151 2626/487/2152
f 6018/487/2149 6019/471/2155 2621/471/2157 2625/487/2153
f 6019/471/2155 6018/487/2149 2626/487/2152 2622/471/2156
f 6019/471/2155 6017/486/2150 2619/486/2154 2621/471/2157
f 6017/486/2150 6019/471/2155 2622/471/2156 2620/486/2151
f 6020/487/2164 6021/486/2163 2619/486/2154 2625/487/2153
f 6021/486/2163 6020/487/2164 2626/487/2152 2620/486/2151
f 6021/486/2163 6022/480/2165 2627/480/2167 2619/486/2154
f 6022/480/2165 6021/486/2163 2620/486/2151 2628/480/2166
f 6022/480/2165 6020/487/2164 2625/487/2153 2627/480/2167
f 6020/487/2164 6022/480/2165 2628/480/2166 2626/487/2152
f 6023/471/2172 6024/487/3165 2625/487/2153 2621/471/2157
f 6024/487/3165 6023/471/2172 2622/471/2156 2626/487/2152
f 6024/487/3165 6025/472/2168 2629/472/2171 2625/487/2153
f 6025/472/2168 6024/487/3165 2626/487/2152 2630/472/2170
f 6025/472/2168 6023/471/2172 2621/471/2157 2629/472/2171
f 6023/471/2172 6025/472/2168 2630/472/2170 2622/471/2156
f 6026/487/2173 6027/484/2175 2631/484/2177 2625/487/2153
f 6027/484/2175 6026/487/2173 2626/487/2152 2632/484/2176
f 6027/484/2175 6028/472/2174 2629/472/2171 2631/484/2177
f 6028/472/2174 6027/484/2175 2632/484/2176 2630/472/2170
f 6028/472/2174 6026/487/2173 2625/487/2153 2629/472/2171
f 6026/487/2173 6028/472/2174 2630/472/2170 2626/487/2152
f 6029/484/2179 6030/487/2178 2625/487/2153 2631/484/2177
f 6030/487/2178 6029/484/2179 2632/484/2176 2626/487/2152
f 6030/487/2178 6031/465/2180 2633/465/2182 2625/487/2153
f 6031/465/2180 6030/487/2178 2626/487/2152 2634/465/2181
f 6031/465/2180 6029/484/2179 2631/484/2177 2633/465/2182
f 6029/484/2179 6031/465/2180 2634/465/2181 2632/484/2176
f 6032/465/2184 6033/487/2183 2625/487/2153 2633/465/2182
f 6033/487/2183 6032/465/2184 2634/465/2181 2626/487/2152
f 6033/487/2183 6034/488/1170 2635/488/3166 2625/487/2153
f 6034/488/1170 6033/487/2183 2626/487/2152 2636/488/2185
f 6034/488/1170 6032/465/2184 2633/465/2182 2635/488/3166
f 6032/465/2184 6034/488/1170 2636/488/2185 2634/465/2181
usemtl Meshpart4Mtl.001
f 6035/489/3167 6036/490/3168 2639/490/3169 2637/489/3170
f 6036/490/3168 6035/489/3167 2638/489/3171 2640/490/3172
f 6036/490/3168 6037/491/3173 2641/491/3174 2639/490/3169
f 6037/491/3173 6036/490/3168 2640/490/3172 2642/491/3175
f 6037/491/3173 6035/489/3167 2637/489/3170 2641/491/3174
f 6035/489/3167 6037/491/3173 2642/491/3175 2638/489/3171
f 6038/492/3176 6039/491/3177 2641/491/3174 2643/492/3178
f 6039/491/3177 6038/492/3176 2644/492/3179 2642/491/3175
f 6039/491/3177 6040/490/3180 2639/490/3169 2641/491/3174
f 6040/490/3180 6039/491/3177 2642/491/3175 2640/490/3172
f 6040/490/3180 6038/492/3176 2643/492/3178 2639/490/3169
f 6038/492/3176 6040/490/3180 2640/490/3172 2644/492/3179
f 6041/491/3181 6042/492/3182 2643/492/3178 2641/491/3174
f 6042/492/3182 6041/491/3181 2642/491/3175 2644/492/3179
f 6042/492/3182 6043/493/2297 2645/493/3183 2643/492/3178
f 6043/493/2297 6042/492/3182 2644/492/3179 2646/493/3184
f 6043/493/2297 6041/491/3181 2641/491/3174 2645/493/3183
f 6041/491/3181 6043/493/2297 2646/493/3184 2642/491/3175
f 6044/494/2325 6045/493/3185 2645/493/3183 2647/494/3186
f 6045/493/3185 6044/494/2325 2648/494/3187 2646/493/3184
f 6045/493/3185 6046/492/3188 2643/492/3178 2645/493/3183
f 6046/492/3188 6045/493/3185 2646/493/3184 2644/492/3179
f 6046/492/3188 6044/494/2325 2647/494/3186 2643/492/3178
f 6044/494/2325 6046/492/3188 2644/492/3179 2648/494/3187
f 6047/495/3189 6048/492/3190 2643/492/3178 2649/495/3191
f 6048/492/3190 6047/495/3189 2650/495/3192 2644/492/3179
f 6048/492/3190 6049/490/3193 2639/490/3169 2643/492/3178
f 6049/490/3193 6048/492/3190 2644/492/3179 2640/490/3172
f 6049/490/3193 6047/495/3189 2649/495/3191 2639/490/3169
f 6047/495/3189 6049/490/3193 2640/490/3172 2650/495/3192
f 6050/496/131 6051/492/3194 2643/492/3178 2651/496/3195
f 6051/492/3194 6050/496/131 2652/496/3196 2644/492/3179
f 6051/492/3194 6052/495/3197 2649/495/3191 2643/492/3178
f 6052/495/3197 6051/492/3194 2644/492/3179 2650/495/3192
f 6052/495/3197 6050/496/131 2651/496/3195 2649/495/3191
f 6050/496/131 6052/495/3197 2650/495/3192 2652/496/3196
f 6053/497/3198 6054/496/3199 2655/496/3200 2653/497/3201
f 6054/496/3199 6053/497/3198 2654/497/3202 2656/496/3203
f 6054/496/3199 6055/495/3204 2657/495/3205 2655/496/3200
f 6055/495/3204 6054/496/3199 2656/496/3203 2658/495/3206
f 6055/495/3204 6053/497/3198 2653/497/3201 2657/495/3205
f 6053/497/3198 6055/495/3204 2658/495/3206 2654/497/3202
f 6056/496/3207 6057/497/3208 2653/497/3201 2655/496/3200
f 6057/497/3208 6056/496/3207 2656/496/3203 2654/497/3202
f 6057/497/3208 6058/498/200 2659/498/3209 2653/497/3201
f 6058/498/200 6057/497/3208 2654/497/3202 2660/498/3210
f 6058/498/200 6056/496/3207 2655/496/3200 2659/498/3209
f 6056/496/3207 6058/498/200 2660/498/3210 2656/496/3203
f 6059/499/1354 6060/497/3211 2653/497/3201 2661/499/3212
f 6060/497/3211 6059/499/1354 2662/499/3213 2654/497/3202
f 6060/497/3211 6061/495/3214 2657/495/3205 2653/497/3201
f 6061/495/3214 6060/497/3211 2654/497/3202 2658/495/3206
f 6061/495/3214 6059/499/1354 2661/499/3212 2657/495/3205
f 6059/499/1354 6061/495/3214 2658/495/3206 2662/499/3213
f 6062/496/3215 6063/498/3216 2659/498/3209 2655/496/3200
f 6063/498/3216 6062/496/3215 2656/496/3203 2660/498/3210
f 6063/498/3216 6064/500/3217 2663/500/3218 2659/498/3209
f 6064/500/3217 6063/498/3216 2660/498/3210 2664/500/3219
f 6064/500/3217 6062/496/3215 2655/496/3200 2663/500/3218
f 6062/496/3215 6064/500/3217 2664/500/3219 2656/496/3203
f 6065/495/1274 6066/490/3220 2665/490/3221 2657/495/3205
f 6066/490/3220 6065/495/1274 2658/495/3206 2666/490/3222
f 6066/490/3220 6067/499/3223 2661/499/3212 2665/490/3221
f 6067/499/3223 6066/490/3220 2666/490/3222 2662/499/3213
f 6067/499/3223 6065/495/1274 2657/495/3205 2661/499/3212
f 6065/495/1274 6067/499/3223 2662/499/3213 2658/495/3206
f 6068/492/3224 6069/496/1545 2655/496/3200 2667/492/3225
f 6069/496/1545 6068/492/3224 2668/492/3226 2656/496/3203
f 6069/496/1545 6070/500/3227 2663/500/3218 2655/496/3200
f 6070/500/3227 6069/496/1545 2656/496/3203 2664/500/3219
f 6070/500/3227 6068/492/3224 2667/492/3225 2663/500/3218
f 6068/492/3224 6070/500/3227 2664/500/3219 2668/492/3226
f 6071/499/3228 6072/490/3229 2665/490/3221 2661/499/3212
f 6072/490/3229 6071/499/3228 2662/499/3213 2666/490/3222
f 6072/490/3229 6073/489/3193 2669/489/3230 2665/490/3221
f 6073/489/3193 6072/490/3229 2666/490/3222 2670/489/3231
f 6073/489/3193 6071/499/3228 2661/499/3212 2669/489/3230
f 6071/499/3228 6073/489/3193 2670/489/3231 2662/499/3213
f 6074/492/3232 6075/500/3233 2663/500/3218 2667/492/3225
f 6075/500/3233 6074/492/3232 2668/492/3226 2664/500/3219
f 6075/500/3233 6076/494/3234 2671/494/3235 2663/500/3218
f 6076/494/3234 6075/500/3233 2664/500/3219 2672/494/3236
f 6076/494/3234 6074/492/3232 2667/492/3225 2671/494/3235
f 6074/492/3232 6076/494/3234 2672/494/3236 2668/492/3226
f 6077/489/3237 6078/501/3238 2673/501/3239 2669/489/3230
f 6078/501/3238 6077/489/3237 2670/489/3231 2674/501/3240
f 6078/501/3238 6079/499/3241 2661/499/3212 2673/501/3239
f 6079/499/3241 6078/501/3238 2674/501/3240 2662/499/3213
f 6079/499/3241 6077/489/3237 2669/489/3230 2661/499/3212
f 6077/489/3237 6079/499/3241 2662/499/3213 2670/489/3231
f 6080/501/3242 6081/489/3243 2669/489/3230 2673/501/3239
f 6081/489/3243 6080/501/3242 2674/501/3240 2670/489/3231
f 6081/489/3243 6082/502/3244 2675/502/3245 2669/489/3230
f 6082/502/3244 6081/489/3243 2670/489/3231 2676/502/3246
f 6082/502/3244 6080/501/3242 2673/501/3239 2675/502/3245
f 6080/501/3242 6082/502/3244 2676/502/3246 2674/501/3240
f 6083/489/3247 6084/491/3248 2677/491/3249 2669/489/3230
f 6084/491/3248 6083/489/3247 2670/489/3231 2678/491/3250
f 6084/491/3248 6085/502/3251 2675/502/3245 2677/491/3249
f 6085/502/3251 6084/491/3248 2678/491/3250 2676/502/3246
f 6085/502/3251 6083/489/3247 2669/489/3230 2675/502/3245
f 6083/489/3247 6085/502/3251 2676/502/3246 2670/489/3231
f 6086/500/3252 6087/503/3253 2679/503/3254 2663/500/3218
f 6087/503/3253 6086/500/3252 2664/500/3219 2680/503/3255
f 6087/503/3253 6088/494/3256 2671/494/3235 2679/503/3254
f 6088/494/3256 6087/503/3253 2680/503/3255 2672/494/3236
f 6088/494/3256 6086/500/3252 2663/500/3218 2671/494/3235
f 6086/500/3252 6088/494/3256 2672/494/3236 2664/500/3219
f 6089/504/3257 6090/494/3258 2671/494/3235 2681/504/3259
f 6090/494/3258 6089/504/3257 2682/504/3260 2672/494/3236
f 6090/494/3258 6091/503/3261 2679/503/3254 2671/494/3235
f 6091/503/3261 6090/494/3258 2672/494/3236 2680/503/3255
f 6091/503/3261 6089/504/3257 2681/504/3259 2679/503/3254
f 6089/504/3257 6091/503/3261 2680/503/3255 2682/504/3260
f 6092/494/3262 6093/504/3263 2681/504/3259 2671/494/3235
f 6093/504/3263 6092/494/3262 2672/494/3236 2682/504/3260
f 6093/504/3263 6094/493/747 2683/493/3264 2681/504/3259
f 6094/493/747 6093/504/3263 2682/504/3260 2684/493/3265
f 6094/493/747 6092/494/3262 2671/494/3235 2683/493/3264
f 6092/494/3262 6094/493/747 2684/493/3265 2672/494/3236
f 6095/505/794 6096/506/852 2687/506/802 2685/505/798
f 6096/506/852 6095/505/794 2686/505/797 2688/506/801
f 6096/506/852 6097/507/795 2689/507/799 2687/506/802
f 6097/507/795 6096/506/852 2688/506/801 2690/507/796
f 6097/507/795 6095/505/794 2685/505/798 2689/507/799
f 6095/505/794 6097/507/795 2690/507/796 2686/505/797
f 6098/506/1202 6099/505/854 2685/505/798 2687/506/802
f 6099/505/854 6098/506/1202 2688/506/801 2686/505/797
f 6099/505/854 6100/502/72 2691/502/807 2685/505/798
f 6100/502/72 6099/505/854 2686/505/797 2692/502/806
f 6100/502/72 6098/506/1202 2687/506/802 2691/502/807
f 6098/506/1202 6100/502/72 2692/502/806 2688/506/801
f 6101/497/3266 6102/501/2404 2695/501/3267 2693/497/850
f 6102/501/2404 6101/497/3266 2694/497/797 2696/501/3268
f 6102/501/2404 6103/508/795 2697/508/792 2695/501/3267
f 6103/508/795 6102/501/2404 2696/501/3268 2698/508/116
f 6103/508/795 6101/497/3266 2693/497/850 2697/508/792
f 6101/497/3266 6103/508/795 2698/508/116 2694/497/797
f 6104/501/3269 6105/497/854 2693/497/850 2695/501/3267
f 6105/497/854 6104/501/3269 2696/501/3268 2694/497/797
f 6105/497/854 6106/499/3217 2699/499/3270 2693/497/850
f 6106/499/3217 6105/497/854 2694/497/797 2700/499/3271
f 6106/499/3217 6104/501/3269 2695/501/3267 2699/499/3270
f 6104/501/3269 6106/499/3217 2700/499/3271 2696/501/3268
f 6107/509/794 6108/504/1219 2703/504/802 2701/509/798
f 6108/504/1219 6107/509/794 2702/509/797 2704/504/801
f 6108/504/1219 6109/510/795 2705/510/799 2703/504/802
f 6109/510/795 6108/504/1219 2704/504/801 2706/510/796
f 6109/510/795 6107/509/794 2701/509/798 2705/510/799
f 6107/509/794 6109/510/795 2706/510/796 2702/509/797
f 6110/504/1202 6111/509/854 2701/509/798 2703/504/802
f 6111/509/854 6110/504/1202 2704/504/801 2702/509/797
f 6111/509/854 6112/511/72 2707/511/807 2701/509/798
f 6112/511/72 6111/509/854 2702/509/797 2708/511/806
f 6112/511/72 6110/504/1202 2703/504/802 2707/511/807
f 6110/504/1202 6112/511/72 2708/511/806 2704/504/801
f 6113/512/3272 6114/500/3273 2711/500/3267 2709/512/3274
f 6114/500/3273 6113/512/3272 2710/512/3275 2712/500/3268
f 6114/500/3273 6115/498/2428 2713/498/3276 2711/500/3267
f 6115/498/2428 6114/500/3273 2712/500/3268 2714/498/3277
f 6115/498/2428 6113/512/3272 2709/512/3274 2713/498/3276
f 6113/512/3272 6115/498/2428 2714/498/3277 2710/512/3275
f 6116/500/3278 6117/512/854 2709/512/3274 2711/500/3267
f 6117/512/854 6116/500/3278 2712/500/3268 2710/512/3275
f 6117/512/854 6118/503/3217 2715/503/73 2709/512/3274
f 6118/503/3217 6117/512/854 2710/512/3275 2716/503/74
f 6118/503/3217 6116/500/3278 2711/500/3267 2715/503/73
f 6116/500/3278 6118/503/3217 2716/503/74 2712/500/3268
f 6119/501/3279 6120/507/3280 2719/507/2192 2717/501/2195
f 6120/507/3280 6119/501/3279 2718/501/3281 2720/507/3282
f 6120/507/3280 6121/513/2187 2721/513/2191 2719/507/2192
f 6121/513/2187 6120/507/3280 2720/507/3282 2722/513/2190
f 6121/513/2187 6119/501/3279 2717/501/2195 2721/513/2191
f 6119/501/3279 6121/513/2187 2722/513/2190 2718/501/3281
f 6122/507/3283 6123/501/3284 2717/501/2195 2719/507/2192
f 6123/501/3284 6122/507/3283 2720/507/3282 2718/501/3281
f 6123/501/3284 6124/505/2198 2723/505/3285 2717/501/2195
f 6124/505/2198 6123/501/3284 2718/501/3281 2724/505/2199
f 6124/505/2198 6122/507/3283 2719/507/2192 2723/505/3285
f 6122/507/3283 6124/505/2198 2724/505/2199 2720/507/3282
f 6125/514/3279 6126/510/3286 2727/510/2192 2725/514/2195
f 6126/510/3286 6125/514/3279 2726/514/3281 2728/510/3287
f 6126/510/3286 6127/503/2187 2729/503/3288 2727/510/2192
f 6127/503/2187 6126/510/3286 2728/510/3287 2730/503/2190
f 6127/503/2187 6125/514/3279 2725/514/2195 2729/503/3288
f 6125/514/3279 6127/503/2187 2730/503/2190 2726/514/3281
f 6128/510/3283 6129/514/3289 2725/514/2195 2727/510/2192
f 6129/514/3289 6128/510/3283 2728/510/3287 2726/514/3281
f 6129/514/3289 6130/509/2198 2731/509/3285 2725/514/2195
f 6130/509/2198 6129/514/3289 2726/514/3281 2732/509/2199
f 6130/509/2198 6128/510/3283 2727/510/2192 2731/509/3285
f 6128/510/3283 6130/509/2198 2732/509/2199 2728/510/3287
f 6131/515/3290 6132/510/409 2735/510/3291 2733/515/3292
f 6132/510/409 6131/515/3290 2734/515/3293 2736/510/3294
f 6132/510/409 6133/516/3295 2737/516/3296 2735/510/3291
f 6133/516/3295 6132/510/409 2736/510/3294 2738/516/3297
f 6133/516/3295 6131/515/3290 2733/515/3292 2737/516/3296
f 6131/515/3290 6133/516/3295 2738/516/3297 2734/515/3293
f 6134/510/3298 6135/494/229 2739/494/3299 2735/510/3291
f 6135/494/229 6134/510/3298 2736/510/3294 2740/494/3300
f 6135/494/229 6136/516/3301 2737/516/3296 2739/494/3299
f 6136/516/3301 6135/494/229 2740/494/3300 2738/516/3297
f 6136/516/3301 6134/510/3298 2735/510/3291 2737/516/3296
f 6134/510/3298 6136/516/3301 2738/516/3297 2736/510/3294
f 6137/510/3302 6138/515/3303 2733/515/3292 2735/510/3291
f 6138/515/3303 6137/510/3302 2736/510/3294 2734/515/3293
f 6138/515/3303 6139/503/3304 2741/503/3305 2733/515/3292
f 6139/503/3304 6138/515/3303 2734/515/3293 2742/503/3306
f 6139/503/3304 6137/510/3302 2735/510/3291 2741/503/3305
f 6137/510/3302 6139/503/3304 2742/503/3306 2736/510/3294
f 6140/500/3307 6141/503/3308 2741/503/3305 2743/500/3309
f 6141/503/3308 6140/500/3307 2744/500/3310 2742/503/3306
f 6141/503/3308 6142/515/3311 2733/515/3292 2741/503/3305
f 6142/515/3311 6141/503/3308 2742/503/3306 2734/515/3293
f 6142/515/3311 6140/500/3307 2743/500/3309 2733/515/3292
f 6140/500/3307 6142/515/3311 2734/515/3293 2744/500/3310
f 6143/516/3312 6144/517/3313 2745/517/3314 2737/516/3296
f 6144/517/3313 6143/516/3312 2738/516/3297 2746/517/3315
f 6144/517/3313 6145/515/3316 2733/515/3292 2745/517/3314
f 6145/515/3316 6144/517/3313 2746/517/3315 2734/515/3293
f 6145/515/3316 6143/516/3312 2737/516/3296 2733/515/3292
f 6143/516/3312 6145/515/3316 2734/515/3293 2738/516/3297
f 6146/516/3317 6147/518/1664 2747/518/3318 2737/516/3296
f 6147/518/1664 6146/516/3317 2738/516/3297 2748/518/3319
f 6147/518/1664 6148/517/3320 2745/517/3314 2747/518/3318
f 6148/517/3320 6147/518/1664 2748/518/3319 2746/517/3315
f 6148/517/3320 6146/516/3317 2737/516/3296 2745/517/3314
f 6146/516/3317 6148/517/3320 2746/517/3315 2738/516/3297
f 6149/505/3321 6150/517/3322 2751/517/3323 2749/505/3324
f 6150/517/3322 6149/505/3321 2750/505/3325 2752/517/3326
f 6150/517/3322 6151/518/3327 2753/518/3328 2751/517/3323
f 6151/518/3327 6150/517/3322 2752/517/3326 2754/518/3329
f 6151/518/3327 6149/505/3321 2749/505/3324 2753/518/3328
f 6149/505/3321 6151/518/3327 2754/518/3329 2750/505/3325
f 6152/517/3330 6153/505/3331 2749/505/3324 2751/517/3323
f 6153/505/3331 6152/517/3330 2752/517/3326 2750/505/3325
f 6153/505/3331 6154/501/3332 2755/501/3333 2749/505/3324
f 6154/501/3332 6153/505/3331 2750/505/3325 2756/501/3334
f 6154/501/3332 6152/517/3330 2751/517/3323 2755/501/3333
f 6152/517/3330 6154/501/3332 2756/501/3334 2752/517/3326
f 6155/489/364 6156/505/3335 2749/505/3324 2757/489/3336
f 6156/505/3335 6155/489/364 2758/489/3337 2750/505/3325
f 6156/505/3335 6157/518/3338 2753/518/3328 2749/505/3324
f 6157/518/3338 6156/505/3335 2750/505/3325 2754/518/3329
f 6157/518/3338 6155/489/364 2757/489/3336 2753/518/3328
f 6155/489/364 6157/518/3338 2754/518/3329 2758/489/3337
f 6158/517/3339 6159/501/3340 2755/501/3333 2751/517/3323
f 6159/501/3340 6158/517/3339 2752/517/3326 2756/501/3334
f 6159/501/3340 6160/499/239 2759/499/3341 2755/501/3333
f 6160/499/239 6159/501/3340 2756/501/3334 2760/499/3342
f 6160/499/239 6158/517/3339 2751/517/3323 2759/499/3341
f 6158/517/3339 6160/499/239 2760/499/3342 2752/517/3326
f 6161/518/3343 6162/516/3344 2761/516/3345 2753/518/3328
f 6162/516/3344 6161/518/3343 2754/518/3329 2762/516/3346
f 6162/516/3344 6163/489/3347 2757/489/3336 2761/516/3345
f 6163/489/3347 6162/516/3344 2762/516/3346 2758/489/3337
f 6163/489/3347 6161/518/3343 2753/518/3328 2757/489/3336
f 6161/518/3343 6163/489/3347 2758/489/3337 2754/518/3329
f 6164/515/3348 6165/517/329 2751/517/3323 2763/515/3349
f 6165/517/329 6164/515/3348 2764/515/3350 2752/517/3326
f 6165/517/329 6166/499/3351 2759/499/3341 2751/517/3323
f 6166/499/3351 6165/517/329 2752/517/3326 2760/499/3342
f 6166/499/3351 6164/515/3348 2763/515/3349 2759/499/3341
f 6164/515/3348 6166/499/3351 2760/499/3342 2764/515/3350
f 6167/494/3352 6168/489/3353 2757/489/3336 2765/494/3354
f 6168/489/3353 6167/494/3352 2766/494/3355 2758/489/3337
f 6168/489/3353 6169/516/3356 2761/516/3345 2757/489/3336
f 6169/516/3356 6168/489/3353 2758/489/3337 2762/516/3346
f 6169/516/3356 6167/494/3352 2765/494/3354 2761/516/3345
f 6167/494/3352 6169/516/3356 2762/516/3346 2766/494/3355
f 6170/515/3357 6171/499/3358 2759/499/3341 2763/515/3349
f 6171/499/3358 6170/515/3357 2764/515/3350 2760/499/3342
f 6171/499/3358 6172/500/406 2767/500/3359 2759/499/3341
f 6172/500/406 6171/499/3358 2760/499/3342 2768/500/3360
f 6172/500/406 6170/515/3357 2763/515/3349 2767/500/3359
f 6170/515/3357 6172/500/406 2768/500/3360 2764/515/3350
f 6173/489/3361 6174/494/3362 2765/494/3354 2757/489/3336
f 6174/494/3362 6173/489/3361 2758/489/3337 2766/494/3355
f 6174/494/3362 6175/491/3363 2769/491/3364 2765/494/3354
f 6175/491/3363 6174/494/3362 2766/494/3355 2770/491/3365
f 6175/491/3363 6173/489/3361 2757/489/3336 2769/491/3364
f 6173/489/3361 6175/491/3363 2770/491/3365 2758/489/3337
f 6176/491/3366 6177/494/3367 2765/494/3354 2769/491/3364
f 6177/494/3367 6176/491/3366 2770/491/3365 2766/494/3355
f 6177/494/3367 6178/504/3368 2771/504/3369 2765/494/3354
f 6178/504/3368 6177/494/3367 2766/494/3355 2772/504/3370
f 6178/504/3368 6176/491/3366 2769/491/3364 2771/504/3369
f 6176/491/3366 6178/504/3368 2772/504/3370 2770/491/3365
f 6179/494/3371 6180/510/3372 2773/510/3373 2765/494/3354
f 6180/510/3372 6179/494/3371 2766/494/3355 2774/510/3374
f 6180/510/3372 6181/504/3375 2771/504/3369 2773/510/3373
f 6181/504/3375 6180/510/3372 2774/510/3374 2772/504/3370
f 6181/504/3375 6179/494/3371 2765/494/3354 2771/504/3369
f 6179/494/3371 6181/504/3375 2772/504/3370 2766/494/3355
f 6182/499/3376 6183/497/3377 2775/497/3378 2759/499/3341
f 6183/497/3377 6182/499/3376 2760/499/3342 2776/497/3379
f 6183/497/3377 6184/500/3380 2767/500/3359 2775/497/3378
f 6184/500/3380 6183/497/3377 2776/497/3379 2768/500/3360
f 6184/500/3380 6182/499/3376 2759/499/3341 2767/500/3359
f 6182/499/3376 6184/500/3380 2768/500/3360 2760/499/3342
f 6185/512/3381 6186/500/3382 2767/500/3359 2777/512/3383
f 6186/500/3382 6185/512/3381 2778/512/3384 2768/500/3360
f 6186/500/3382 6187/497/3385 2775/497/3378 2767/500/3359
f 6187/497/3385 6186/500/3382 2768/500/3360 2776/497/3379
f 6187/497/3385 6185/512/3381 2777/512/3383 2775/497/3378
f 6185/512/3381 6187/497/3385 2776/497/3379 2778/512/3384
f 6188/500/3386 6189/512/3387 2777/512/3383 2767/500/3359
f 6189/512/3387 6188/500/3386 2768/500/3360 2778/512/3384
f 6189/512/3387 6190/503/972 2779/503/3388 2777/512/3383
f 6190/503/972 6189/512/3387 2778/512/3384 2780/503/3389
f 6190/503/972 6188/500/3386 2767/500/3359 2779/503/3388
f 6188/500/3386 6190/503/972 2780/503/3389 2768/500/3360
f 6191/493/2827 6192/504/2825 2783/504/2831 2781/493/2590
f 6192/504/2825 6191/493/2827 2782/493/2542 2784/504/2830
f 6192/504/2825 6193/519/2536 2785/519/2728 2783/504/2831
f 6193/519/2536 6192/504/2825 2784/504/2830 2786/519/2725
f 6193/519/2536 6191/493/2827 2781/493/2590 2785/519/2728
f 6191/493/2827 6193/519/2536 2786/519/2725 2782/493/2542
f 6194/519/3390 6195/504/2822 2783/504/2831 2785/519/2728
f 6195/504/2822 6194/519/3390 2786/519/2725 2784/504/2830
f 6195/504/2822 6196/520/2518 2787/520/2730 2783/504/2831
f 6196/520/2518 6195/504/2822 2784/504/2830 2788/520/2729
f 6196/520/2518 6194/519/3390 2785/519/2728 2787/520/2730
f 6194/519/3390 6196/520/2518 2788/520/2729 2786/519/2725
f 6197/505/3391 6198/489/3392 2791/489/2821 2789/505/2590
f 6198/489/3392 6197/505/3391 2790/505/2542 2792/489/2820
f 6198/489/3392 6199/502/2832 2793/502/2728 2791/489/2821
f 6199/502/2832 6198/489/3392 2792/489/2820 2794/502/2725
f 6199/502/2832 6197/505/3391 2789/505/2590 2793/502/2728
f 6197/505/3391 6199/502/2832 2794/502/2725 2790/505/2542
f 6200/502/3390 6201/489/2723 2791/489/2821 2793/502/2728
f 6201/489/2723 6200/502/3390 2794/502/2725 2792/489/2820
f 6201/489/2723 6202/491/2518 2795/491/2730 2791/489/2821
f 6202/491/2518 6201/489/2723 2792/489/2820 2796/491/2729
f 6202/491/2518 6200/502/3390 2793/502/2728 2795/491/2730
f 6200/502/3390 6202/491/2518 2796/491/2729 2794/502/2725
f 6203/521/1742 6204/522/2537 2799/522/2831 2797/521/2543
f 6204/522/2537 6203/521/1742 2798/521/2834 2800/522/2830
f 6204/522/2537 6205/498/2536 2801/498/2728 2799/522/2831
f 6205/498/2536 6204/522/2537 2800/522/2830 2802/498/2725
f 6205/498/2536 6203/521/1742 2797/521/2543 2801/498/2728
f 6203/521/1742 6205/498/2536 2802/498/2725 2798/521/2834
f 6206/498/2724 6207/522/2822 2799/522/2831 2801/498/2728
f 6207/522/2822 6206/498/2724 2802/498/2725 2800/522/2830
f 6207/522/2822 6208/512/2518 2803/512/2730 2799/522/2831
f 6208/512/2518 6207/522/2822 2800/522/2830 2804/512/2729
f 6208/512/2518 6206/498/2724 2801/498/2728 2803/512/2730
f 6206/498/2724 6208/512/2518 2804/512/2729 2802/498/2725
f 6209/497/3393 6210/501/3394 2807/501/3395 2805/497/2727
f 6210/501/3394 6209/497/3393 2806/497/2830 2808/501/2725
f 6210/501/3394 6211/508/3396 2809/508/3397 2807/501/3395
f 6211/508/3396 6210/501/3394 2808/501/2725 2810/508/2542
f 6211/508/3396 6209/497/3393 2805/497/2727 2809/508/3397
f 6209/497/3393 6211/508/3396 2810/508/2542 2806/497/2830
f 6212/501/3390 6213/497/3398 2805/497/2727 2807/501/3395
f 6213/497/3398 6212/501/3390 2808/501/2725 2806/497/2830
f 6213/497/3398 6214/499/3399 2811/499/2864 2805/497/2727
f 6214/499/3399 6213/497/3398 2806/497/2830 2812/499/3400
f 6214/499/3399 6212/501/3390 2807/501/3395 2811/499/2864
f 6212/501/3390 6214/499/3399 2812/499/3400 2808/501/2725
f 6215/491/3401 6216/493/2836 2815/493/3402 2813/491/1251
f 6216/493/2836 6215/491/3401 2814/491/1250 2816/493/2837
f 6216/493/2836 6217/523/3403 2817/523/3404 2815/493/3402
f 6217/523/3403 6216/493/2836 2816/493/2837 2818/523/1246
f 6217/523/3403 6215/491/3401 2813/491/1251 2817/523/3404
f 6215/491/3401 6217/523/3403 2818/523/1246 2814/491/1250
f 6218/523/2840 6219/493/3405 2815/493/3402 2817/523/3404
f 6219/493/3405 6218/523/2840 2818/523/1246 2816/493/2837
f 6219/493/3405 6220/519/3406 2819/519/1256 2815/493/3402
f 6220/519/3406 6219/493/3405 2816/493/2837 2820/519/1255
f 6220/519/3406 6218/523/2840 2817/523/3404 2819/519/1256
f 6218/523/2840 6220/519/3406 2820/519/1255 2818/523/1246
f 6221/524/3401 6222/521/3407 2823/521/1248 2821/524/1251
f 6222/521/3407 6221/524/3401 2822/524/1250 2824/521/2837
f 6222/521/3407 6223/497/2835 2825/497/1247 2823/521/1248
f 6223/497/2835 6222/521/3407 2824/521/2837 2826/497/2838
f 6223/497/2835 6221/524/3401 2821/524/1251 2825/497/1247
f 6221/524/3401 6223/497/2835 2826/497/2838 2822/524/1250
f 6224/497/3408 6225/521/2839 2823/521/1248 2825/497/1247
f 6225/521/2839 6224/497/3408 2826/497/2838 2824/521/2837
f 6225/521/2839 6226/498/3409 2827/498/1256 2823/521/1248
f 6226/498/3409 6225/521/2839 2824/521/2837 2828/498/1255
f 6226/498/3409 6224/497/3408 2825/497/1247 2827/498/1256
f 6224/497/3408 6226/498/3409 2828/498/1255 2826/497/2838
f 6227/490/3197 6228/496/3410 2831/496/3179 2829/490/3192
f 6228/496/3410 6227/490/3197 2830/490/3191 2832/496/3178
f 6228/496/3410 6229/492/131 2833/492/3196 2831/496/3179
f 6229/492/131 6228/496/3410 2832/496/3178 2834/492/3411
f 6229/492/131 6227/490/3197 2829/490/3192 2833/492/3196
f 6227/490/3197 6229/492/131 2834/492/3411 2830/490/3191
f 6230/496/3412 6231/490/3413 2829/490/3192 2831/496/3179
f 6231/490/3413 6230/496/3412 2832/496/3178 2830/490/3191
f 6231/490/3413 6232/495/3193 2835/495/3172 2829/490/3192
f 6232/495/3193 6231/490/3413 2830/490/3191 2836/495/3169
f 6232/495/3193 6230/496/3412 2831/496/3179 2835/495/3172
f 6230/496/3412 6232/495/3193 2836/495/3169 2832/496/3178
f 6233/497/3177 6234/496/3176 2831/496/3179 2837/497/3175
f 6234/496/3176 6233/497/3177 2838/497/3174 2832/496/3178
f 6234/496/3176 6235/495/3180 2835/495/3172 2831/496/3179
f 6235/495/3180 6234/496/3176 2832/496/3178 2836/495/3169
f 6235/495/3180 6233/497/3177 2837/497/3175 2835/495/3172
f 6233/497/3177 6235/495/3180 2836/495/3169 2838/497/3174
f 6236/495/3168 6237/499/3167 2839/499/3171 2835/495/3172
f 6237/499/3167 6236/495/3168 2836/495/3169 2840/499/3170
f 6237/499/3167 6238/497/3414 2837/497/3175 2839/499/3171
f 6238/497/3414 6237/499/3167 2840/499/3170 2838/497/3174
f 6238/497/3414 6236/495/3168 2835/495/3172 2837/497/3175
f 6236/495/3168 6238/497/3414 2838/497/3174 2836/495/3169
f 6239/496/3182 6240/497/3181 2837/497/3175 2831/496/3179
f 6240/497/3181 6239/496/3182 2832/496/3178 2838/497/3174
f 6240/497/3181 6241/498/2297 2841/498/3184 2837/497/3175
f 6241/498/2297 6240/497/3181 2838/497/3174 2842/498/3183
f 6241/498/2297 6239/496/3182 2831/496/3179 2841/498/3184
f 6239/496/3182 6241/498/2297 2842/498/3183 2832/496/3178
f 6242/500/2325 6243/496/3188 2831/496/3179 2843/500/3187
f 6243/496/3188 6242/500/2325 2844/500/3186 2832/496/3178
f 6243/496/3188 6244/498/3185 2841/498/3184 2831/496/3179
f 6244/498/3185 6243/496/3188 2832/496/3178 2842/498/3183
f 6244/498/3185 6242/500/2325 2843/500/3187 2841/498/3184
f 6242/500/2325 6244/498/3185 2842/498/3183 2844/500/3186
f 6245/505/3238 6246/499/3415 2847/499/3231 2845/505/3240
f 6246/499/3415 6245/505/3238 2846/505/3239 2848/499/3230
f 6246/499/3415 6247/489/3241 2849/489/3213 2847/499/3231
f 6247/489/3241 6246/499/3415 2848/499/3230 2850/489/3212
f 6247/489/3241 6245/505/3238 2845/505/3240 2849/489/3213
f 6245/505/3238 6247/489/3241 2850/489/3212 2846/505/3239
f 6248/499/3243 6249/505/3416 2845/505/3240 2847/499/3231
f 6249/505/3416 6248/499/3243 2848/499/3230 2846/505/3239
f 6249/505/3416 6250/508/3417 2851/508/3246 2845/505/3240
f 6250/508/3417 6249/505/3416 2846/505/3239 2852/508/3245
f 6250/508/3417 6248/499/3243 2847/499/3231 2851/508/3246
f 6248/499/3243 6250/508/3417 2852/508/3245 2848/499/3230
f 6251/508/3251 6252/497/3248 2853/497/3250 2851/508/3246
f 6252/497/3248 6251/508/3251 2852/508/3245 2854/497/3249
f 6252/497/3248 6253/499/3247 2847/499/3231 2853/497/3250
f 6253/499/3247 6252/497/3248 2854/497/3249 2848/499/3230
f 6253/499/3247 6251/508/3251 2851/508/3246 2847/499/3231
f 6251/508/3251 6253/499/3247 2848/499/3230 2852/508/3245
f 6254/495/3229 6255/489/3418 2849/489/3213 2855/495/3222
f 6255/489/3418 6254/495/3229 2856/495/3419 2850/489/3212
f 6255/489/3418 6256/499/3193 2847/499/3231 2849/489/3213
f 6256/499/3193 6255/489/3418 2850/489/3212 2848/499/3230
f 6256/499/3193 6254/495/3229 2855/495/3222 2847/499/3231
f 6254/495/3229 6256/499/3193 2848/499/3230 2856/495/3419
f 6257/489/3223 6258/495/3420 2855/495/3222 2849/489/3213
f 6258/495/3420 6257/489/3223 2850/489/3212 2856/495/3419
f 6258/495/3420 6259/490/1274 2857/490/3206 2855/495/3222
f 6259/490/1274 6258/495/3420 2856/495/3419 2858/490/3205
f 6259/490/1274 6257/489/3223 2849/489/3213 2857/490/3206
f 6257/489/3223 6259/490/1274 2858/490/3205 2850/489/3212
f 6260/490/3214 6261/491/3421 2859/491/3202 2857/490/3206
f 6261/491/3421 6260/490/3214 2858/490/3205 2860/491/3201
f 6261/491/3421 6262/489/1354 2849/489/3213 2859/491/3202
f 6262/489/1354 6261/491/3421 2860/491/3201 2850/489/3212
f 6262/489/1354 6260/490/3214 2857/490/3206 2849/489/3213
f 6260/490/3214 6262/489/1354 2850/489/3212 2858/490/3205
f 6263/491/3198 6264/490/3204 2857/490/3206 2859/491/3202
f 6264/490/3204 6263/491/3198 2860/491/3201 2858/490/3205
f 6264/490/3204 6265/492/3199 2861/492/3203 2857/490/3206
f 6265/492/3199 6264/490/3204 2858/490/3205 2862/492/3200
f 6265/492/3199 6263/491/3198 2859/491/3202 2861/492/3203
f 6263/491/3198 6265/492/3199 2862/492/3200 2860/491/3201
f 6266/493/200 6267/491/3208 2859/491/3202 2863/493/3422
f 6267/491/3208 6266/493/200 2864/493/3423 2860/491/3201
f 6267/491/3208 6268/492/3207 2861/492/3203 2859/491/3202
f 6268/492/3207 6267/491/3208 2860/491/3201 2862/492/3200
f 6268/492/3207 6266/493/200 2863/493/3422 2861/492/3203
f 6266/493/200 6268/492/3207 2862/492/3200 2864/493/3423
f 6269/493/3424 6270/492/3425 2861/492/3203 2863/493/3422
f 6270/492/3425 6269/493/3424 2864/493/3423 2862/492/3200
f 6270/492/3425 6271/494/3217 2865/494/3219 2861/492/3203
f 6271/494/3217 6270/492/3425 2862/492/3200 2866/494/3218
f 6271/494/3217 6269/493/3424 2863/493/3422 2865/494/3219
f 6269/493/3424 6271/494/3217 2866/494/3218 2864/493/3423
f 6272/492/1545 6273/496/3426 2867/496/3226 2861/492/3203
f 6273/496/3426 6272/492/1545 2862/492/3200 2868/496/3225
f 6273/496/3426 6274/494/3227 2865/494/3219 2867/496/3226
f 6274/494/3227 6273/496/3426 2868/496/3225 2866/494/3218
f 6274/494/3227 6272/492/1545 2861/492/3203 2865/494/3219
f 6272/492/1545 6274/494/3227 2866/494/3218 2862/492/3200
f 6275/500/3234 6276/494/3427 2865/494/3219 2869/500/3236
f 6276/494/3427 6275/500/3234 2870/500/3235 2866/494/3218
f 6276/494/3427 6277/496/3232 2867/496/3226 2865/494/3219
f 6277/496/3232 6276/494/3427 2866/494/3218 2868/496/3225
f 6277/496/3232 6275/500/3234 2869/500/3236 2867/496/3226
f 6275/500/3234 6277/496/3232 2868/496/3225 2870/500/3235
f 6278/494/3252 6279/500/3428 2869/500/3236 2865/494/3219
f 6279/500/3428 6278/494/3252 2866/494/3218 2870/500/3235
f 6279/500/3428 6280/510/3253 2871/510/3255 2869/500/3236
f 6280/510/3253 6279/500/3428 2870/500/3235 2872/510/3254
f 6280/510/3253 6278/494/3252 2865/494/3219 2871/510/3255
f 6278/494/3252 6280/510/3253 2872/510/3254 2866/494/3218
f 6281/500/3258 6282/512/3429 2873/512/3430 2869/500/3236
f 6282/512/3429 6281/500/3258 2870/500/3235 2874/512/3259
f 6282/512/3429 6283/510/3431 2871/510/3255 2873/512/3430
f 6283/510/3431 6282/512/3429 2874/512/3259 2872/510/3254
f 6283/510/3431 6281/500/3258 2869/500/3236 2871/510/3255
f 6281/500/3258 6283/510/3431 2872/510/3254 2870/500/3235
f 6284/512/3263 6285/500/3262 2869/500/3236 2873/512/3430
f 6285/500/3262 6284/512/3263 2874/512/3259 2870/500/3235
f 6285/500/3262 6286/498/747 2875/498/3265 2869/500/3236
f 6286/498/747 6285/500/3262 2870/500/3235 2876/498/3264
f 6286/498/747 6284/512/3263 2873/512/3430 2875/498/3265
f 6284/512/3263 6286/498/747 2876/498/3264 2874/512/3259
f 6287/513/15 6288/508/1132 2879/508/9 2877/513/5
f 6288/508/1132 6287/513/15 2878/513/16 2880/508/8
f 6288/508/1132 6289/501/2 2881/501/6 2879/508/9
f 6289/501/2 6288/508/1132 2880/508/8 2882/501/3
f 6289/501/2 6287/513/15 2877/513/5 2881/501/6
f 6287/513/15 6289/501/2 2882/501/3 2878/513/16
f 6290/508/11 6291/513/1128 2877/513/5 2879/508/9
f 6291/513/1128 6290/508/11 2880/508/8 2878/513/16
f 6291/513/1128 6292/525/12 2883/525/14 2877/513/5
f 6292/525/12 6291/513/1128 2878/513/16 2884/525/13
f 6292/525/12 6290/508/11 2879/508/9 2883/525/14
f 6290/508/11 6292/525/12 2884/525/13 2880/508/8
f 6293/502/3432 6294/489/3433 2887/489/3434 2885/502/3435
f 6294/489/3433 6293/502/3432 2886/502/4 2888/489/3436
f 6294/489/3433 6295/491/2 2889/491/6 2887/489/3434
f 6295/491/2 6294/489/3433 2888/489/3436 2890/491/3
f 6295/491/2 6293/502/3432 2885/502/3435 2889/491/6
f 6293/502/3432 6295/491/2 2890/491/3 2886/502/4
f 6296/489/3437 6297/502/1128 2885/502/3435 2887/489/3434
f 6297/502/1128 6296/489/3437 2888/489/3436 2886/502/4
f 6297/502/1128 6298/505/1572 2891/505/1574 2885/502/3435
f 6298/505/1572 6297/502/1128 2886/502/4 2892/505/1573
f 6298/505/1572 6296/489/3437 2887/489/3434 2891/505/1574
f 6296/489/3437 6298/505/1572 2892/505/1573 2888/489/3436
f 6299/503/15 6300/526/1132 2895/526/9 2893/503/5
f 6300/526/1132 6299/503/15 2894/503/16 2896/526/8
f 6300/526/1132 6301/514/2 2897/514/6 2895/526/9
f 6301/514/2 6300/526/1132 2896/526/8 2898/514/3
f 6301/514/2 6299/503/15 2893/503/5 2897/514/6
f 6299/503/15 6301/514/2 2898/514/3 2894/503/16
f 6302/526/11 6303/503/1128 2893/503/5 2895/526/9
f 6303/503/1128 6302/526/11 2896/526/8 2894/503/16
f 6303/503/1128 6304/512/12 2899/512/14 2893/503/5
f 6304/512/12 6303/503/1128 2894/503/16 2900/512/13
f 6304/512/12 6302/526/11 2895/526/9 2899/512/14
f 6302/526/11 6304/512/12 2900/512/13 2896/526/8
f 6305/493/90 6306/510/1561 2903/510/3434 2901/493/5
f 6306/510/1561 6305/493/90 2902/493/16 2904/510/3436
f 6306/510/1561 6307/504/1426 2905/504/96 2903/510/3434
f 6307/504/1426 6306/510/1561 2904/510/3436 2906/504/95
f 6307/504/1426 6305/493/90 2901/493/5 2905/504/96
f 6305/493/90 6307/504/1426 2906/504/95 2902/493/16
f 6308/510/3438 6309/493/1128 2901/493/5 2903/510/3434
f 6309/493/1128 6308/510/3438 2904/510/3436 2902/493/16
f 6309/493/1128 6310/494/3439 2907/494/1574 2901/493/5
f 6310/494/3439 6309/493/1128 2902/493/16 2908/494/1573
f 6310/494/3439 6308/510/3438 2903/510/3434 2907/494/1574
f 6308/510/3438 6310/494/3439 2908/494/1573 2904/510/3436
f 6311/510/3197 6312/514/132 2911/514/3440 2909/510/139
f 6312/514/132 6311/510/3197 2910/510/3441 2912/514/3442
f 6312/514/132 6313/509/131 2913/509/135 2911/514/3440
f 6313/509/131 6312/514/132 2912/514/3442 2914/509/134
f 6313/509/131 6311/510/3197 2909/510/139 2913/509/135
f 6311/510/3197 6313/509/131 2914/509/134 2910/510/3441
f 6314/514/3443 6315/510/3444 2909/510/139 2911/514/3440
f 6315/510/3444 6314/514/3443 2912/514/3442 2910/510/3441
f 6315/510/3444 6316/503/142 2915/503/144 2909/510/139
f 6316/503/142 6315/510/3444 2910/510/3441 2916/503/143
f 6316/503/142 6314/514/3443 2911/514/3440 2915/503/144
f 6314/514/3443 6316/503/142 2916/503/143 2912/514/3442
f 6317/507/3197 6318/501/132 2919/501/3440 2917/507/139
f 6318/501/132 6317/507/3197 2918/507/3441 2920/501/3442
f 6318/501/132 6319/505/131 2921/505/3445 2919/501/3440
f 6319/505/131 6318/501/132 2920/501/3442 2922/505/3446
f 6319/505/131 6317/507/3197 2917/507/139 2921/505/3445
f 6317/507/3197 6319/505/131 2922/505/3446 2918/507/3441
f 6320/501/3443 6321/507/140 2917/507/139 2919/501/3440
f 6321/507/140 6320/501/3443 2920/501/3442 2918/507/3441
f 6321/507/140 6322/513/142 2923/513/144 2917/507/139
f 6322/513/142 6321/507/140 2918/507/3441 2924/513/143
f 6322/513/142 6320/501/3443 2919/501/3440 2923/513/144
f 6320/501/3443 6322/513/142 2924/513/143 2920/501/3442
f 6323/517/3403 6324/516/3447 2927/516/3448 2925/517/3449
f 6324/516/3447 6323/517/3403 2926/517/3450 2928/516/3451
f 6324/516/3447 6325/518/1249 2929/518/3452 2927/516/3448
f 6325/518/1249 6324/516/3447 2928/516/3451 2930/518/3453
f 6325/518/1249 6323/517/3403 2925/517/3449 2929/518/3452
f 6323/517/3403 6325/518/1249 2930/518/3453 2926/517/3450
f 6326/516/3454 6327/517/3455 2925/517/3449 2927/516/3448
f 6327/517/3455 6326/516/3454 2928/516/3451 2926/517/3450
f 6327/517/3455 6328/515/3406 2931/515/3456 2925/517/3449
f 6328/515/3406 6327/517/3455 2926/517/3450 2932/515/3457
f 6328/515/3406 6326/516/3454 2927/516/3448 2931/515/3456
f 6326/516/3454 6328/515/3406 2932/515/3457 2928/516/3451
f 6329/503/3458 6330/516/3459 2927/516/3448 2933/503/3460
f 6330/516/3459 6329/503/3458 2934/503/3461 2928/516/3451
f 6330/516/3459 6331/515/3462 2931/515/3456 2927/516/3448
f 6331/515/3462 6330/516/3459 2928/516/3451 2932/515/3457
f 6331/515/3462 6329/503/3458 2933/503/3460 2931/515/3456
f 6329/503/3458 6331/515/3462 2932/515/3457 2934/503/3461
f 6332/515/3463 6333/500/1658 2935/500/3464 2931/515/3456
f 6333/500/1658 6332/515/3463 2932/515/3457 2936/500/3465
f 6333/500/1658 6334/503/3466 2933/503/3460 2935/500/3464
f 6334/503/3466 6333/500/1658 2936/500/3465 2934/503/3461
f 6334/503/3466 6332/515/3463 2931/515/3456 2933/503/3460
f 6332/515/3463 6334/503/3466 2934/503/3461 2932/515/3457
f 6335/516/3467 6336/503/3468 2933/503/3460 2927/516/3448
f 6336/503/3468 6335/516/3467 2928/516/3451 2934/503/3461
f 6336/503/3468 6337/510/2786 2937/510/3469 2933/503/3460
f 6337/510/2786 6336/503/3468 2934/503/3461 2938/510/3470
f 6337/510/2786 6335/516/3467 2927/516/3448 2937/510/3469
f 6335/516/3467 6337/510/2786 2938/510/3470 2928/516/3451
f 6338/494/2827 6339/516/3471 2927/516/3448 2939/494/3472
f 6339/516/3471 6338/494/2827 2940/494/3473 2928/516/3451
f 6339/516/3471 6340/510/3474 2937/510/3469 2927/516/3448
f 6340/510/3474 6339/516/3471 2928/516/3451 2938/510/3470
f 6340/510/3474 6338/494/2827 2939/494/3472 2937/510/3469
f 6338/494/2827 6340/510/3474 2938/510/3470 2940/494/3473
f 6341/494/406 6342/489/3358 2943/489/3475 2941/494/3360
f 6342/489/3358 6341/494/406 2942/494/3476 2944/489/3477
f 6342/489/3358 6343/516/3478 2945/516/3479 2943/489/3475
f 6343/516/3478 6342/489/3358 2944/489/3477 2946/516/3480
f 6343/516/3478 6341/494/406 2941/494/3360 2945/516/3479
f 6341/494/406 6343/516/3478 2946/516/3480 2942/494/3476
f 6344/518/3481 6345/516/3482 2945/516/3479 2947/518/3483
f 6345/516/3482 6344/518/3481 2948/518/3484 2946/516/3480
f 6345/516/3482 6346/489/3485 2943/489/3475 2945/516/3479
f 6346/489/3485 6345/516/3482 2946/516/3480 2944/489/3477
f 6346/489/3485 6344/518/3481 2947/518/3483 2943/489/3475
f 6344/518/3481 6346/489/3485 2944/489/3477 2948/518/3484
f 6347/489/3376 6348/494/3380 2941/494/3360 2943/489/3475
f 6348/494/3380 6347/489/3376 2944/489/3477 2942/494/3476
f 6348/494/3380 6349/491/3486 2949/491/3379 2941/494/3360
f 6349/491/3486 6348/494/3380 2942/494/3476 2950/491/3487
f 6349/491/3486 6347/489/3376 2943/489/3475 2949/491/3379
f 6347/489/3376 6349/491/3486 2950/491/3487 2944/489/3477
f 6350/504/3381 6351/491/3385 2949/491/3379 2951/504/3384
f 6351/491/3385 6350/504/3381 2952/504/3383 2950/491/3487
f 6351/491/3385 6352/494/3488 2941/494/3360 2949/491/3379
f 6352/494/3488 6351/491/3385 2950/491/3487 2942/494/3476
f 6352/494/3488 6350/504/3381 2951/504/3384 2941/494/3360
f 6350/504/3381 6352/494/3488 2942/494/3476 2952/504/3383
f 6353/494/3489 6354/510/972 2953/510/3389 2941/494/3360
f 6354/510/972 6353/494/3489 2942/494/3476 2954/510/3388
f 6354/510/972 6355/504/3387 2951/504/3384 2953/510/3389
f 6355/504/3387 6354/510/972 2954/510/3388 2952/504/3383
f 6355/504/3387 6353/494/3489 2941/494/3360 2951/504/3384
f 6353/494/3489 6355/504/3387 2952/504/3383 2942/494/3476
f 6356/505/3490 6357/518/3491 2947/518/3483 2955/505/3492
f 6357/518/3491 6356/505/3490 2956/505/3493 2948/518/3484
f 6357/518/3491 6358/489/277 2943/489/3475 2947/518/3483
f 6358/489/277 6357/518/3491 2948/518/3484 2944/489/3477
f 6358/489/277 6356/505/3490 2955/505/3492 2943/489/3475
f 6356/505/3490 6358/489/277 2944/489/3477 2956/505/3493
f 6359/518/3494 6360/505/3495 2955/505/3492 2947/518/3483
f 6360/505/3495 6359/518/3494 2948/518/3484 2956/505/3493
f 6360/505/3495 6361/517/3496 2957/517/3497 2955/505/3492
f 6361/517/3496 6360/505/3495 2956/505/3493 2958/517/3498
f 6361/517/3496 6359/518/3494 2947/518/3483 2957/517/3497
f 6359/518/3494 6361/517/3496 2958/517/3498 2948/518/3484
f 6362/501/2536 6363/517/3499 2957/517/3497 2959/501/3500
f 6363/517/3499 6362/501/2536 2960/501/3501 2958/517/3498
f 6363/517/3499 6364/505/3502 2955/505/3492 2957/517/3497
f 6364/505/3502 6363/517/3499 2958/517/3498 2956/505/3493
f 6364/505/3502 6362/501/2536 2959/501/3500 2955/505/3492
f 6362/501/2536 6364/505/3502 2956/505/3493 2960/501/3501
f 6365/517/3503 6366/501/3504 2959/501/3500 2957/517/3497
f 6366/501/3504 6365/517/3503 2958/517/3498 2960/501/3501
f 6366/501/3504 6367/499/972 2961/499/3505 2959/501/3500
f 6367/499/972 6366/501/3504 2960/501/3501 2962/499/3506
f 6367/499/972 6365/517/3503 2957/517/3497 2961/499/3505
f 6365/517/3503 6367/499/972 2962/499/3506 2958/517/3498
f 6368/500/3507 6369/517/3508 2957/517/3497 2963/500/3509
f 6369/517/3508 6368/500/3507 2964/500/3510 2958/517/3498
f 6369/517/3508 6370/499/3511 2961/499/3505 2957/517/3497
f 6370/499/3511 6369/517/3508 2958/517/3498 2962/499/3506
f 6370/499/3511 6368/500/3507 2963/500/3509 2961/499/3505
f 6368/500/3507 6370/499/3511 2962/499/3506 2964/500/3510
f 6371/515/3372 6372/517/3512 2957/517/3497 2965/515/3513
f 6372/517/3512 6371/515/3372 2966/515/3514 2958/517/3498
f 6372/517/3512 6373/500/3515 2963/500/3509 2957/517/3497
f 6373/500/3515 6372/517/3512 2958/517/3498 2964/500/3510
f 6373/500/3515 6371/515/3372 2965/515/3513 2963/500/3509
f 6371/515/3372 6373/500/3515 2964/500/3510 2966/515/3514
f 6374/497/3516 6375/500/3517 2963/500/3509 2967/497/3518
f 6375/500/3517 6374/497/3516 2968/497/3519 2964/500/3510
f 6375/500/3517 6376/499/3520 2961/499/3505 2963/500/3509
f 6376/499/3520 6375/500/3517 2964/500/3510 2962/499/3506
f 6376/499/3520 6374/497/3516 2967/497/3518 2961/499/3505
f 6374/497/3516 6376/499/3520 2962/499/3506 2968/497/3519
f 6377/500/3521 6378/497/3522 2967/497/3518 2963/500/3509
f 6378/497/3522 6377/500/3521 2964/500/3510 2968/497/3519
f 6378/497/3522 6379/512/3523 2969/512/3524 2967/497/3518
f 6379/512/3523 6378/497/3522 2968/497/3519 2970/512/3525
f 6379/512/3523 6377/500/3521 2963/500/3509 2969/512/3524
f 6377/500/3521 6379/512/3523 2970/512/3525 2964/500/3510
f 6380/512/3526 6381/503/3527 2971/503/3528 2969/512/3524
f 6381/503/3527 6380/512/3526 2970/512/3525 2972/503/3529
f 6381/503/3527 6382/500/3530 2963/500/3509 2971/503/3528
f 6382/500/3530 6381/503/3527 2972/503/3529 2964/500/3510
f 6382/500/3530 6380/512/3526 2969/512/3524 2963/500/3509
f 6380/512/3526 6382/500/3530 2964/500/3510 2970/512/3525
f 6383/498/244 6384/521/3531 2975/521/233 2973/498/3532
f 6384/521/3531 6383/498/244 2974/498/3533 2976/521/3534
f 6384/521/3531 6385/522/3535 2977/522/237 2975/521/233
f 6385/522/3535 6384/521/3531 2976/521/3534 2978/522/236
f 6385/522/3535 6383/498/244 2973/498/3532 2977/522/237
f 6383/498/244 6385/522/3535 2978/522/236 2974/498/3533
f 6386/498/3536 6387/522/455 2977/522/237 2973/498/3532
f 6387/522/455 6386/498/3536 2974/498/3533 2978/522/236
f 6387/522/455 6388/512/251 2979/512/3537 2977/522/237
f 6388/512/251 6387/522/455 2978/522/236 2980/512/481
f 6388/512/251 6386/498/3536 2973/498/3532 2979/512/3537
f 6386/498/3536 6388/512/251 2980/512/481 2974/498/3533
f 6389/501/3538 6390/508/3539 2983/508/3540 2981/501/234
f 6390/508/3539 6389/501/3538 2982/501/3533 2984/508/478
f 6390/508/3539 6391/497/3535 2985/497/263 2983/508/3540
f 6391/497/3535 6390/508/3539 2984/508/478 2986/497/236
f 6391/497/3535 6389/501/3538 2981/501/234 2985/497/263
f 6389/501/3538 6391/497/3535 2986/497/236 2982/501/3533
f 6392/501/3541 6393/497/3542 2985/497/263 2981/501/234
f 6393/497/3542 6392/501/3541 2982/501/3533 2986/497/236
f 6393/497/3542 6394/499/480 2987/499/241 2985/497/263
f 6394/499/480 6393/497/3542 2986/497/236 2988/499/481
f 6394/499/480 6392/501/3541 2981/501/234 2987/499/241
f 6392/501/3541 6394/499/480 2988/499/481 2982/501/3533
f 6395/519/3543 6396/493/475 2991/493/445 2989/519/446
f 6396/493/475 6395/519/3543 2990/519/477 2992/493/3534
f 6396/493/475 6397/504/3544 2993/504/449 2991/493/445
f 6397/504/3544 6396/493/475 2992/493/3534 2994/504/236
f 6397/504/3544 6395/519/3543 2989/519/446 2993/504/449
f 6395/519/3543 6397/504/3544 2994/504/236 2990/519/477
f 6398/519/3545 6399/504/3546 2993/504/449 2989/519/446
f 6399/504/3546 6398/519/3545 2990/519/477 2994/504/236
f 6399/504/3546 6400/520/480 2995/520/265 2993/504/449
f 6400/520/480 6399/504/3546 2994/504/236 2996/520/3547
f 6400/520/480 6398/519/3545 2989/519/446 2995/520/265
f 6398/519/3545 6400/520/480 2996/520/3547 2990/519/477
f 6401/502/451 6402/505/255 2999/505/3540 2997/502/446
f 6402/505/255 6401/502/451 2998/502/231 3000/505/3534
f 6402/505/255 6403/489/447 3001/489/449 2999/505/3540
f 6403/489/447 6402/505/255 3000/505/3534 3002/489/448
f 6403/489/447 6401/502/451 2997/502/446 3001/489/449
f 6401/502/451 6403/489/447 3002/489/448 2998/502/231
f 6404/502/485 6405/489/266 3001/489/449 2997/502/446
f 6405/489/266 6404/502/485 2998/502/231 3002/489/448
f 6405/489/266 6406/491/251 3003/491/3548 3001/489/449
f 6406/491/251 6405/489/266 3002/489/448 3004/491/3547
f 6406/491/251 6404/502/485 2997/502/446 3003/491/3548
f 6404/502/485 6406/491/251 3004/491/3547 2998/502/231
f 6407/524/3403 6408/498/2836 3007/498/2837 3005/524/2838
f 6408/498/2836 6407/524/3403 3006/524/3404 3008/498/3402
f 6408/498/2836 6409/497/3549 3009/497/1250 3007/498/2837
f 6409/497/3549 6408/498/2836 3008/498/3402 3010/497/1251
f 6409/497/3549 6407/524/3403 3005/524/2838 3009/497/1250
f 6407/524/3403 6409/497/3549 3010/497/1251 3006/524/3404
f 6410/498/3405 6411/524/2840 3005/524/2838 3007/498/2837
f 6411/524/2840 6410/498/3405 3008/498/3402 3006/524/3404
f 6411/524/2840 6412/521/3406 3011/521/1255 3005/524/2838
f 6412/521/3406 6411/524/2840 3006/524/3404 3012/521/1256
f 6412/521/3406 6410/498/3405 3007/498/2837 3011/521/1255
f 6410/498/3405 6412/521/3406 3012/521/1256 3008/498/3402
f 6413/491/1664 6414/493/3550 3015/493/3551 3013/491/3552
f 6414/493/3550 6413/491/1664 3014/491/1665 3016/493/1666
f 6414/493/3550 6415/523/3553 3017/523/3554 3015/493/3551
f 6415/523/3553 6414/493/3550 3016/493/1666 3018/523/1670
f 6415/523/3553 6413/491/1664 3013/491/3552 3017/523/3554
f 6413/491/1664 6415/523/3553 3018/523/1670 3014/491/1665
f 6416/523/3555 6417/493/3556 3015/493/3551 3017/523/3554
f 6417/493/3556 6416/523/3555 3018/523/1670 3016/493/1666
f 6417/493/3556 6418/519/1673 3019/519/3557 3015/493/3551
f 6418/519/1673 6417/493/3556 3016/493/1666 3020/519/1674
f 6418/519/1673 6416/523/3555 3017/523/3554 3019/519/3557
f 6416/523/3555 6418/519/1673 3020/519/1674 3018/523/1670
f 6419/499/3558 6420/489/1070 3023/489/3559 3021/499/3560
f 6420/489/1070 6419/499/3558 3022/499/3561 3024/489/3562
f 6420/489/1070 6421/505/1264 3025/505/3563 3023/489/3559
f 6421/505/1264 6420/489/1070 3024/489/3562 3026/505/3564
f 6421/505/1264 6419/499/3558 3021/499/3560 3025/505/3563
f 6419/499/3558 6421/505/1264 3026/505/3564 3022/499/3561
f 6422/505/3565 6423/501/3566 3027/501/3567 3025/505/3563
f 6423/501/3566 6422/505/3565 3026/505/3564 3028/501/3568
f 6423/501/3566 6424/499/3569 3021/499/3560 3027/501/3567
f 6424/499/3569 6423/501/3566 3028/501/3568 3022/499/3561
f 6424/499/3569 6422/505/3565 3025/505/3563 3021/499/3560
f 6422/505/3565 6424/499/3569 3022/499/3561 3026/505/3564
f 6425/489/610 6426/499/3570 3021/499/3560 3023/489/3559
f 6426/499/3570 6425/489/610 3024/489/3562 3022/499/3561
f 6426/499/3570 6427/494/3571 3029/494/3572 3021/499/3560
f 6427/494/3571 6426/499/3570 3022/499/3561 3030/494/3573
f 6427/494/3571 6425/489/610 3023/489/3559 3029/494/3572
f 6425/489/610 6427/494/3571 3030/494/3573 3024/489/3562
f 6428/494/3574 6429/491/3139 3031/491/3575 3029/494/3572
f 6429/491/3139 6428/494/3574 3030/494/3573 3032/491/3576
f 6429/491/3139 6430/489/2999 3023/489/3559 3031/491/3575
f 6430/489/2999 6429/491/3139 3032/491/3576 3024/489/3562
f 6430/489/2999 6428/494/3574 3029/494/3572 3023/489/3559
f 6428/494/3574 6430/489/2999 3024/489/3562 3030/494/3573
f 6431/494/3577 6432/493/3578 3033/493/3118 3029/494/3572
f 6432/493/3578 6431/494/3577 3030/494/3573 3034/493/3579
f 6432/493/3578 6433/491/3580 3031/491/3575 3033/493/3118
f 6433/491/3580 6432/493/3578 3034/493/3579 3032/491/3576
f 6433/491/3580 6431/494/3577 3029/494/3572 3031/491/3575
f 6431/494/3577 6433/491/3580 3032/491/3576 3030/494/3573
f 6434/494/3581 6435/499/3582 3021/499/3560 3029/494/3572
f 6435/499/3582 6434/494/3581 3030/494/3573 3022/499/3561
f 6435/499/3582 6436/500/606 3035/500/3583 3021/499/3560
f 6436/500/606 6435/499/3582 3022/499/3561 3036/500/3584
f 6436/500/606 6434/494/3581 3029/494/3572 3035/500/3583
f 6434/494/3581 6436/500/606 3036/500/3584 3030/494/3573
f 6437/500/3585 6438/499/2008 3021/499/3560 3035/500/3583
f 6438/499/2008 6437/500/3585 3036/500/3584 3022/499/3561
f 6438/499/2008 6439/497/3586 3037/497/3587 3021/499/3560
f 6439/497/3586 6438/499/2008 3022/499/3561 3038/497/3588
f 6439/497/3586 6437/500/3585 3035/500/3583 3037/497/3587
f 6437/500/3585 6439/497/3586 3038/497/3588 3036/500/3584
f 6440/497/3589 6441/498/3590 3039/498/3591 3037/497/3587
f 6441/498/3590 6440/497/3589 3038/497/3588 3040/498/3592
f 6441/498/3590 6442/500/3593 3035/500/3583 3039/498/3591
f 6442/500/3593 6441/498/3590 3040/498/3592 3036/500/3584
f 6442/500/3593 6440/497/3589 3037/497/3587 3035/500/3583
f 6440/497/3589 6442/500/3593 3036/500/3584 3038/497/3588
f 6443/500/3594 6444/510/3595 3041/510/3596 3035/500/3583
f 6444/510/3595 6443/500/3594 3036/500/3584 3042/510/3597
f 6444/510/3595 6445/494/645 3029/494/3572 3041/510/3596
f 6445/494/645 6444/510/3595 3042/510/3597 3030/494/3573
f 6445/494/645 6443/500/3594 3035/500/3583 3029/494/3572
f 6443/500/3594 6445/494/645 3030/494/3573 3036/500/3584
f 6446/510/3598 6447/500/1175 3035/500/3583 3041/510/3596
f 6447/500/1175 6446/510/3598 3042/510/3597 3036/500/3584
f 6447/500/1175 6448/503/1170 3043/503/677 3035/500/3583
f 6448/503/1170 6447/500/1175 3036/500/3584 3044/503/676
f 6448/503/1170 6446/510/3598 3041/510/3596 3043/503/677
f 6446/510/3598 6448/503/1170 3044/503/676 3042/510/3597
f 6449/491/2128 6450/505/3599 3047/505/613 3045/491/2110
f 6450/505/3599 6449/491/2128 3046/491/3600 3048/505/3601
f 6450/505/3599 6451/489/3602 3049/489/2112 3047/505/613
f 6451/489/3602 6450/505/3599 3048/505/3601 3050/489/2005
f 6451/489/3602 6449/491/2128 3045/491/2110 3049/489/2112
f 6449/491/2128 6451/489/3602 3050/489/2005 3046/491/3600
f 6452/505/3570 6453/491/3603 3045/491/2110 3047/505/613
f 6453/491/3603 6452/505/3570 3048/505/3601 3046/491/3600
f 6453/491/3603 6454/502/3604 3051/502/3605 3045/491/2110
f 6454/502/3604 6453/491/3603 3046/491/3600 3052/502/611
f 6454/502/3604 6452/505/3570 3047/505/613 3051/502/3605
f 6452/505/3570 6454/502/3604 3052/502/611 3048/505/3601
f 6455/504/3606 6456/494/618 3055/494/613 3053/504/2110
f 6456/494/618 6455/504/3606 3054/504/2109 3056/494/612
f 6456/494/618 6457/510/3607 3057/510/3608 3055/494/613
f 6457/510/3607 6456/494/618 3056/494/612 3058/510/3609
f 6457/510/3607 6455/504/3606 3053/504/2110 3057/510/3608
f 6455/504/3606 6457/510/3607 3058/510/3609 3054/504/2109
f 6458/494/3610 6459/504/615 3053/504/2110 3055/494/613
f 6459/504/615 6458/494/3610 3056/494/612 3054/504/2109
f 6459/504/615 6460/493/3611 3059/493/3612 3053/504/2110
f 6460/493/3611 6459/504/615 3054/504/2109 3060/493/3613
f 6460/493/3611 6458/494/3610 3055/494/613 3059/493/3612
f 6458/494/3610 6460/493/3611 3060/493/3613 3056/494/612
f 6461/499/619 6462/508/3614 3063/508/3615 3061/499/617
f 6462/508/3614 6461/499/619 3062/499/616 3064/508/612
f 6462/508/3614 6463/497/3616 3065/497/621 3063/508/3615
f 6463/497/3616 6462/508/3614 3064/508/612 3066/497/620
f 6463/497/3616 6461/499/619 3061/499/617 3065/497/621
f 6461/499/619 6463/497/3616 3066/497/620 3062/499/616
f 6464/508/609 6465/499/615 3061/499/617 3063/508/3615
f 6465/499/615 6464/508/609 3064/508/612 3062/499/616
f 6465/499/615 6466/501/3617 3067/501/3618 3061/499/617
f 6466/501/3617 6465/499/615 3062/499/616 3068/501/3619
f 6466/501/3617 6464/508/609 3063/508/3615 3067/501/3618
f 6464/508/609 6466/501/3617 3068/501/3619 3064/508/612
f 6467/503/2004 6468/498/3620 3071/498/613 3069/503/3621
f 6468/498/3620 6467/503/2004 3070/503/2109 3072/498/612
f 6468/498/3620 6469/512/3622 3073/512/2006 3071/498/613
f 6469/512/3622 6468/498/3620 3072/498/612 3074/512/2111
f 6469/512/3622 6467/503/2004 3069/503/3621 3073/512/2006
f 6467/503/2004 6469/512/3622 3074/512/2111 3070/503/2109
f 6470/498/3570 6471/503/3623 3069/503/3621 3071/498/613
f 6471/503/3623 6470/498/3570 3072/498/612 3070/503/2109
f 6471/503/3623 6472/500/3624 3075/500/614 3069/503/3621
f 6472/500/3624 6471/503/3623 3070/503/2109 3076/500/2127
f 6472/500/3624 6470/498/3570 3071/498/613 3075/500/614
f 6470/498/3570 6472/500/3624 3076/500/2127 3072/498/612
f 6473/527/2004 6474/528/618 3079/528/3625 3077/527/2110
f 6474/528/618 6473/527/2004 3078/527/616 3080/528/3626
f 6474/528/618 6475/529/606 3081/529/621 3079/528/3625
f 6475/529/606 6474/528/618 3080/528/3626 3082/529/620
f 6475/529/606 6473/527/2004 3077/527/2110 3081/529/621
f 6473/527/2004 6475/529/606 3082/529/620 3078/527/616
f 6476/528/609 6477/527/2130 3077/527/2110 3079/528/3625
f 6477/527/2130 6476/528/609 3080/528/3626 3078/527/616
f 6477/527/2130 6478/530/3627 3083/530/3605 3077/527/2110
f 6478/530/3627 6477/527/2130 3078/527/616 3084/530/2127
f 6478/530/3627 6476/528/609 3079/528/3625 3083/530/3605
f 6476/528/609 6478/530/3627 3084/530/2127 3080/528/3626
f 6479/531/2128 6480/532/3628 3087/532/613 3085/531/2110
f 6480/532/3628 6479/531/2128 3086/531/2109 3088/532/612
f 6480/532/3628 6481/533/3616 3089/533/2006 3087/532/613
f 6481/533/3616 6480/532/3628 3088/532/612 3090/533/3629
f 6481/533/3616 6479/531/2128 3085/531/2110 3089/533/2006
f 6479/531/2128 6481/533/3616 3090/533/3629 3086/531/2109
f 6482/532/609 6483/531/3630 3085/531/2110 3087/532/613
f 6483/531/3630 6482/532/609 3088/532/612 3086/531/2109
f 6483/531/3630 6484/534/3617 3091/534/614 3085/531/2110
f 6484/534/3617 6483/531/3630 3086/531/2109 3092/534/3631
f 6484/534/3617 6482/532/609 3087/532/613 3091/534/614
f 6482/532/609 6484/534/3617 3092/534/3631 3088/532/612
f 6485/535/2128 6486/536/3628 3095/536/613 3093/535/2110
f 6486/536/3628 6485/535/2128 3094/535/2109 3096/536/612
f 6486/536/3628 6487/537/3616 3097/537/2006 3095/536/613
f 6487/537/3616 6486/536/3628 3096/536/612 3098/537/3629
f 6487/537/3616 6485/535/2128 3093/535/2110 3097/537/2006
f 6485/535/2128 6487/537/3616 3098/537/3629 3094/535/2109
f 6488/536/3610 6489/535/3630 3093/535/2110 3095/536/613
f 6489/535/3630 6488/536/3610 3096/536/612 3094/535/2109
f 6489/535/3630 6490/538/3617 3099/538/3612 3093/535/2110
f 6490/538/3617 6489/535/3630 3094/535/2109 3100/538/3632
f 6490/538/3617 6488/536/3610 3095/536/613 3099/538/3612
f 6488/536/3610 6490/538/3617 3100/538/3632 3096/536/612
f 6491/539/3606 6492/540/3633 3103/540/3625 3101/539/3621
f 6492/540/3633 6491/539/3606 3102/539/2109 3104/540/3626
f 6492/540/3633 6493/541/3616 3105/541/3634 3103/540/3625
f 6493/541/3616 6492/540/3633 3104/540/3626 3106/541/2111
f 6493/541/3616 6491/539/3606 3101/539/3621 3105/541/3634
f 6491/539/3606 6493/541/3616 3106/541/2111 3102/539/2109
f 6494/540/2126 6495/539/3635 3101/539/3621 3103/540/3625
f 6495/539/3635 6494/540/2126 3104/540/3626 3102/539/2109
f 6495/539/3635 6496/542/3617 3107/542/3636 3101/539/3621
f 6496/542/3617 6495/539/3635 3102/539/2109 3108/542/2127
f 6496/542/3617 6494/540/2126 3103/540/3625 3107/542/3636
f 6494/540/2126 6496/542/3617 3108/542/2127 3104/540/3626
f 6497/538/3606 6498/491/3637 3111/491/613 3109/538/3621
f 6498/491/3637 6497/538/3606 3110/538/3600 3112/491/3626
f 6498/491/3637 6499/536/3638 3113/536/3634 3111/491/613
f 6499/536/3638 6498/491/3637 3112/491/3626 3114/536/3639
f 6499/536/3638 6497/538/3606 3109/538/3621 3113/536/3634
f 6497/538/3606 6499/536/3638 3114/536/3639 3110/538/3600
f 6500/491/3570 6501/538/3640 3109/538/3621 3111/491/613
f 6501/538/3640 6500/491/3570 3112/491/3626 3110/538/3600
f 6501/538/3640 6502/523/3641 3115/523/3636 3109/538/3621
f 6502/523/3641 6501/538/3640 3110/538/3600 3116/523/3642
f 6502/523/3641 6500/491/3570 3111/491/613 3115/523/3636
f 6500/491/3570 6502/523/3641 3116/523/3642 3112/491/3626
f 6503/505/2004 6504/530/618 3119/530/613 3117/505/2110
f 6504/530/618 6503/505/2004 3118/505/2109 3120/530/3601
f 6504/530/618 6505/527/606 3121/527/3634 3119/530/613
f 6505/527/606 6504/530/618 3120/530/3601 3122/527/3639
f 6505/527/606 6503/505/2004 3117/505/2110 3121/527/3634
f 6503/505/2004 6505/527/606 3122/527/3639 3118/505/2109
f 6506/530/2126 6507/505/615 3117/505/2110 3119/530/613
f 6507/505/615 6506/530/2126 3120/530/3601 3118/505/2109
f 6507/505/615 6508/507/610 3123/507/614 3117/505/2110
f 6508/507/610 6507/505/615 3118/505/2109 3124/507/611
f 6508/507/610 6506/530/2126 3119/530/613 3123/507/614
f 6506/530/2126 6508/507/610 3124/507/611 3120/530/3601
f 6509/519/3606 6510/537/3637 3127/537/3615 3125/519/2110
f 6510/537/3637 6509/519/3606 3126/519/3600 3128/537/3601
f 6510/537/3637 6511/493/3638 3129/493/3634 3127/537/3615
f 6511/493/3638 6510/537/3637 3128/537/3601 3130/493/3639
f 6511/493/3638 6509/519/3606 3125/519/2110 3129/493/3634
f 6509/519/3606 6511/493/3638 3130/493/3639 3126/519/3600
f 6512/537/609 6513/519/3643 3125/519/2110 3127/537/3615
f 6513/519/3643 6512/537/609 3128/537/3601 3126/519/3600
f 6513/519/3643 6514/535/3641 3131/535/3636 3125/519/2110
f 6514/535/3641 6513/519/3643 3126/519/3600 3132/535/3642
f 6514/535/3641 6512/537/609 3127/537/3615 3131/535/3636
f 6512/537/609 6514/535/3641 3132/535/3642 3128/537/3601
f 6515/509/619 6516/534/618 3135/534/3625 3133/509/617
f 6516/534/618 6515/509/619 3134/509/616 3136/534/3626
f 6516/534/618 6517/531/606 3137/531/3644 3135/534/3625
f 6517/531/606 6516/534/618 3136/534/3626 3138/531/3645
f 6517/531/606 6515/509/619 3133/509/617 3137/531/3644
f 6515/509/619 6517/531/606 3138/531/3645 3134/509/616
f 6518/534/3570 6519/509/615 3133/509/617 3135/534/3625
f 6519/509/615 6518/534/3570 3136/534/3626 3134/509/616
f 6519/509/615 6520/510/610 3139/510/3646 3133/509/617
f 6520/510/610 6519/509/615 3134/509/616 3140/510/3647
f 6520/510/610 6518/534/3570 3135/534/3625 3139/510/3646
f 6518/534/3570 6520/510/610 3140/510/3647 3136/534/3626
f 6521/529/2004 6522/513/618 3143/513/3615 3141/529/617
f 6522/513/618 6521/529/2004 3142/529/616 3144/513/3601
f 6522/513/618 6523/501/606 3145/501/3634 3143/513/3615
f 6523/501/606 6522/513/618 3144/513/3601 3146/501/3639
f 6523/501/606 6521/529/2004 3141/529/617 3145/501/3634
f 6521/529/2004 6523/501/606 3146/501/3639 3142/529/616
f 6524/513/2126 6525/529/615 3141/529/617 3143/513/3615
f 6525/529/615 6524/513/2126 3144/513/3601 3142/529/616
f 6525/529/615 6526/528/610 3147/528/614 3141/529/617
f 6526/528/610 6525/529/615 3142/529/616 3148/528/611
f 6526/528/610 6524/513/2126 3143/513/3615 3147/528/614
f 6524/513/2126 6526/528/610 3148/528/611 3144/513/3601
f 6527/542/2004 6528/524/618 3151/524/3615 3149/542/617
f 6528/524/618 6527/542/2004 3150/542/616 3152/524/3601
f 6528/524/618 6529/540/606 3153/540/3634 3151/524/3615
f 6529/540/606 6528/524/618 3152/524/3601 3154/540/3639
f 6529/540/606 6527/542/2004 3149/542/617 3153/540/3634
f 6527/542/2004 6529/540/606 3154/540/3639 3150/542/616
f 6530/524/3610 6531/542/2108 3149/542/617 3151/524/3615
f 6531/542/2108 6530/524/3610 3152/524/3601 3150/542/616
f 6531/542/2108 6532/497/610 3155/497/3636 3149/542/617
f 6532/497/610 6531/542/2108 3150/542/616 3156/497/3642
f 6532/497/610 6530/524/3610 3151/524/3615 3155/497/3636
f 6530/524/3610 6532/497/610 3156/497/3642 3152/524/3601
f 6533/533/2004 6534/503/618 3159/503/613 3157/533/2110
f 6534/503/618 6533/533/2004 3158/533/2109 3160/503/3626
f 6534/503/618 6535/514/606 3161/514/3634 3159/503/613
f 6535/514/606 6534/503/618 3160/503/3626 3162/514/3639
f 6535/514/606 6533/533/2004 3157/533/2110 3161/514/3634
f 6533/533/2004 6535/514/606 3162/514/3639 3158/533/2109
f 6536/503/609 6537/533/3648 3157/533/2110 3159/503/613
f 6537/533/3648 6536/503/609 3160/503/3626 3158/533/2109
f 6537/533/3648 6538/532/610 3163/532/3636 3157/533/2110
f 6538/532/610 6537/533/3648 3158/533/2109 3164/532/3642
f 6538/532/610 6536/503/609 3159/503/613 3163/532/3636
f 6536/503/609 6538/532/610 3164/532/3642 3160/503/3626
f 6539/498/3606 6540/541/2003 3167/541/3625 3165/498/3621
f 6540/541/2003 6539/498/3606 3166/498/3600 3168/541/3626
f 6540/541/2003 6541/521/606 3169/521/3634 3167/541/3625
f 6541/521/606 6540/541/2003 3168/541/3626 3170/521/3639
f 6541/521/606 6539/498/3606 3165/498/3621 3169/521/3634
f 6539/498/3606 6541/521/606 3170/521/3639 3166/498/3600
f 6542/541/2126 6543/498/615 3165/498/3621 3167/541/3625
f 6543/498/615 6542/541/2126 3168/541/3626 3166/498/3600
f 6543/498/615 6544/539/610 3171/539/3636 3165/498/3621
f 6544/539/610 6543/498/615 3166/498/3600 3172/539/3642
f 6544/539/610 6542/541/2126 3167/541/3625 3171/539/3636
f 6542/541/2126 6544/539/610 3172/539/3642 3168/541/3626
usemtl Meshpart5Mtl.001
f 6545/543/3649 6546/544/3650 3175/544/3651 3173/543/3652
f 6546/544/3650 6545/543/3649 3174/543/3653 3176/544/3654
f 6546/544/3650 6547/545/3655 3177/545/3656 3175/544/3651
f 6547/545/3655 6546/544/3650 3176/544/3654 3178/545/3657
f 6547/545/3655 6545/543/3649 3173/543/3652 3177/545/3656
f 6545/543/3649 6547/545/3655 3178/545/3657 3174/543/3653
f 6548/546/3658 6549/544/3659 3175/544/3651 3179/546/3660
f 6549/544/3659 6548/546/3658 3180/546/3661 3176/544/3654
f 6549/544/3659 6550/543/3662 3173/543/3652 3175/544/3651
f 6550/543/3662 6549/544/3659 3176/544/3654 3174/543/3653
f 6550/543/3662 6548/546/3658 3179/546/3660 3173/543/3652
f 6548/546/3658 6550/543/3662 3174/543/3653 3180/546/3661
f 6551/547/2410 6552/548/3663 3183/548/3664 3181/547/3665
f 6552/548/3663 6551/547/2410 3182/547/3666 3184/548/3667
f 6552/548/3663 6553/545/3668 3177/545/3656 3183/548/3664
f 6553/545/3668 6552/548/3663 3184/548/3667 3178/545/3657
f 6553/545/3668 6551/547/2410 3181/547/3665 3177/545/3656
f 6551/547/2410 6553/545/3668 3178/545/3657 3182/547/3666
f 6554/543/3669 6555/549/3670 3185/549/3671 3173/543/3652
f 6555/549/3670 6554/543/3669 3174/543/3653 3186/549/3672
f 6555/549/3670 6556/546/3673 3179/546/3660 3185/549/3671
f 6556/546/3673 6555/549/3670 3186/549/3672 3180/546/3661
f 6556/546/3673 6554/543/3669 3173/543/3652 3179/546/3660
f 6554/543/3669 6556/546/3673 3180/546/3661 3174/543/3653
f 6557/549/3674 6558/543/3675 3173/543/3652 3185/549/3671
f 6558/543/3675 6557/549/3674 3186/549/3672 3174/543/3653
f 6558/543/3675 6559/550/3248 3187/550/3676 3173/543/3652
f 6559/550/3248 6558/543/3675 3174/543/3653 3188/550/3677
f 6559/550/3248 6557/549/3674 3185/549/3671 3187/550/3676
f 6557/549/3674 6559/550/3248 3188/550/3677 3186/549/3672
f 6560/549/3678 6561/551/3679 3189/551/3680 3185/549/3671
f 6561/551/3679 6560/549/3678 3186/549/3672 3190/551/3681
f 6561/551/3679 6562/546/3682 3179/546/3660 3189/551/3680
f 6562/546/3682 6561/551/3679 3190/551/3681 3180/546/3661
f 6562/546/3682 6560/549/3678 3185/549/3671 3179/546/3660
f 6560/549/3678 6562/546/3682 3180/546/3661 3186/549/3672
f 6563/551/3683 6564/552/2201 3191/552/3684 3189/551/3680
f 6564/552/2201 6563/551/3683 3190/551/3681 3192/552/3685
f 6564/552/2201 6565/546/3686 3179/546/3660 3191/552/3684
f 6565/546/3686 6564/552/2201 3192/552/3685 3180/546/3661
f 6565/546/3686 6563/551/3683 3189/551/3680 3179/546/3660
f 6563/551/3683 6565/546/3686 3180/546/3661 3190/551/3681
f 6566/551/3687 6567/549/3688 3185/549/3671 3189/551/3680
f 6567/549/3688 6566/551/3687 3190/551/3681 3186/549/3672
f 6567/549/3688 6568/553/2463 3193/553/3689 3185/549/3671
f 6568/553/2463 6567/549/3688 3186/549/3672 3194/553/3690
f 6568/553/2463 6566/551/3687 3189/551/3680 3193/553/3689
f 6566/551/3687 6568/553/2463 3194/553/3690 3190/551/3681
f 6569/545/3691 6570/554/3692 3195/554/3693 3177/545/3656
f 6570/554/3692 6569/545/3691 3178/545/3657 3196/554/3694
f 6570/554/3692 6571/543/3695 3173/543/3652 3195/554/3693
f 6571/543/3695 6570/554/3692 3196/554/3694 3174/543/3653
f 6571/543/3695 6569/545/3691 3177/545/3656 3173/543/3652
f 6569/545/3691 6571/543/3695 3174/543/3653 3178/545/3657
f 6572/554/3696 6573/545/3697 3177/545/3656 3195/554/3693
f 6573/545/3697 6572/554/3696 3196/554/3694 3178/545/3657
f 6573/545/3697 6574/548/3698 3183/548/3664 3177/545/3656
f 6574/548/3698 6573/545/3697 3178/545/3657 3184/548/3667
f 6574/548/3698 6572/554/3696 3195/554/3693 3183/548/3664
f 6572/554/3696 6574/548/3698 3184/548/3667 3196/554/3694
f 6575/555/3248 6576/543/3699 3173/543/3652 3197/555/3700
f 6576/543/3699 6575/555/3248 3198/555/3701 3174/543/3653
f 6576/543/3699 6577/554/3702 3195/554/3693 3173/543/3652
f 6577/554/3702 6576/543/3699 3174/543/3653 3196/554/3694
f 6577/554/3702 6575/555/3248 3197/555/3700 3195/554/3693
f 6575/555/3248 6577/554/3702 3196/554/3694 3198/555/3701
f 6578/556/3703 6579/554/3704 3195/554/3693 3199/556/3705
f 6579/554/3704 6578/556/3703 3200/556/3706 3196/554/3694
f 6579/554/3704 6580/548/3707 3183/548/3664 3195/554/3693
f 6580/548/3707 6579/554/3704 3196/554/3694 3184/548/3667
f 6580/548/3707 6578/556/3703 3199/556/3705 3183/548/3664
f 6578/556/3703 6580/548/3707 3184/548/3667 3200/556/3706
f 6581/556/3708 6582/548/3709 3183/548/3664 3199/556/3705
f 6582/548/3709 6581/556/3708 3200/556/3706 3184/548/3667
f 6582/548/3709 6583/557/795 3201/557/3710 3183/548/3664
f 6583/557/795 6582/548/3709 3184/548/3667 3202/557/3711
f 6583/557/795 6581/556/3708 3199/556/3705 3201/557/3710
f 6581/556/3708 6583/557/795 3202/557/3711 3200/556/3706
f 6584/554/3712 6585/556/3713 3199/556/3705 3195/554/3693
f 6585/556/3713 6584/554/3712 3196/554/3694 3200/556/3706
f 6585/556/3713 6586/558/2245 3203/558/3714 3199/556/3705
f 6586/558/2245 6585/556/3713 3200/556/3706 3204/558/3715
f 6586/558/2245 6584/554/3712 3195/554/3693 3203/558/3714
f 6584/554/3712 6586/558/2245 3204/558/3715 3196/554/3694
f 6587/556/3716 6588/559/3717 3205/559/3718 3199/556/3705
f 6588/559/3717 6587/556/3716 3200/556/3706 3206/559/3719
f 6588/559/3717 6589/558/2385 3203/558/3714 3205/559/3718
f 6589/558/2385 6588/559/3717 3206/559/3719 3204/558/3715
f 6589/558/2385 6587/556/3716 3199/556/3705 3203/558/3714
f 6587/556/3716 6589/558/2385 3204/558/3715 3200/556/3706
f 6590/556/3720 6591/560/3721 3207/560/3722 3199/556/3705
f 6591/560/3721 6590/556/3720 3200/556/3706 3208/560/3723
f 6591/560/3721 6592/559/3724 3205/559/3718 3207/560/3722
f 6592/559/3724 6591/560/3721 3208/560/3723 3206/559/3719
f 6592/559/3724 6590/556/3720 3199/556/3705 3205/559/3718
f 6590/556/3720 6592/559/3724 3206/559/3719 3200/556/3706
f 6593/560/3725 6594/556/3726 3199/556/3705 3207/560/3722
f 6594/556/3726 6593/560/3725 3208/560/3723 3200/556/3706
f 6594/556/3726 6595/561/195 3209/561/3727 3199/556/3705
f 6595/561/195 6594/556/3726 3200/556/3706 3210/561/3728
f 6595/561/195 6593/560/3725 3207/560/3722 3209/561/3727
f 6593/560/3725 6595/561/195 3210/561/3728 3208/560/3723
f 6596/562/3729 6597/559/3730 3205/559/3718 3211/562/3731
f 6597/559/3730 6596/562/3729 3212/562/3732 3206/559/3719
f 6597/559/3730 6598/560/3733 3207/560/3722 3205/559/3718
f 6598/560/3733 6597/559/3730 3206/559/3719 3208/560/3723
f 6598/560/3733 6596/562/3729 3211/562/3731 3207/560/3722
f 6596/562/3729 6598/560/3733 3208/560/3723 3212/562/3732
f 6599/560/3734 6600/563/3735 3213/563/3736 3207/560/3722
f 6600/563/3735 6599/560/3734 3208/560/3723 3214/563/3737
f 6600/563/3735 6601/562/3738 3211/562/3731 3213/563/3736
f 6601/562/3738 6600/563/3735 3214/563/3737 3212/562/3732
f 6601/562/3738 6599/560/3734 3207/560/3722 3211/562/3731
f 6599/560/3734 6601/562/3738 3212/562/3732 3208/560/3723
f 6602/559/3739 6603/562/3740 3211/562/3731 3205/559/3718
f 6603/562/3740 6602/559/3739 3206/559/3719 3212/562/3732
f 6603/562/3740 6604/564/3741 3215/564/3742 3211/562/3731
f 6604/564/3741 6603/562/3740 3212/562/3732 3216/564/3743
f 6604/564/3741 6602/559/3739 3205/559/3718 3215/564/3742
f 6602/559/3739 6604/564/3741 3216/564/3743 3206/559/3719
f 6605/559/3744 6606/564/3745 3215/564/3742 3205/559/3718
f 6606/564/3745 6605/559/3744 3206/559/3719 3216/564/3743
f 6606/564/3745 6607/565/3746 3217/565/3747 3215/564/3742
f 6607/565/3746 6606/564/3745 3216/564/3743 3218/565/3748
f 6607/565/3746 6605/559/3744 3205/559/3718 3217/565/3747
f 6605/559/3744 6607/565/3746 3218/565/3748 3206/559/3719
f 6608/566/3749 6609/564/3750 3215/564/3742 3219/566/3751
f 6609/564/3750 6608/566/3749 3220/566/3752 3216/564/3743
f 6609/564/3750 6610/562/3691 3211/562/3731 3215/564/3742
f 6610/562/3691 6609/564/3750 3216/564/3743 3212/562/3732
f 6610/562/3691 6608/566/3749 3219/566/3751 3211/562/3731
f 6608/566/3749 6610/562/3691 3212/562/3732 3220/566/3752
f 6611/564/3753 6612/566/3754 3219/566/3751 3215/564/3742
f 6612/566/3754 6611/564/3753 3216/564/3743 3220/566/3752
f 6612/566/3754 6613/567/3755 3221/567/3756 3219/566/3751
f 6613/567/3755 6612/566/3754 3220/566/3752 3222/567/3757
f 6613/567/3755 6611/564/3753 3215/564/3742 3221/567/3756
f 6611/564/3753 6613/567/3755 3222/567/3757 3216/564/3743
f 6614/568/3758 6615/564/3759 3215/564/3742 3223/568/3760
f 6615/564/3759 6614/568/3758 3224/568/3761 3216/564/3743
f 6615/564/3759 6616/567/3762 3221/567/3756 3215/564/3742
f 6616/567/3762 6615/564/3759 3216/564/3743 3222/567/3757
f 6616/567/3762 6614/568/3758 3223/568/3760 3221/567/3756
f 6614/568/3758 6616/567/3762 3222/567/3757 3224/568/3761
f 6617/564/3763 6618/568/3764 3223/568/3760 3215/564/3742
f 6618/568/3764 6617/564/3763 3216/564/3743 3224/568/3761
f 6618/568/3764 6619/569/2306 3225/569/3765 3223/568/3760
f 6619/569/2306 6618/568/3764 3224/568/3761 3226/569/3766
f 6619/569/2306 6617/564/3763 3215/564/3742 3225/569/3765
f 6617/564/3763 6619/569/2306 3226/569/3766 3216/564/3743
f 6620/570/3767 6621/568/3768 3223/568/3760 3227/570/3769
f 6621/568/3768 6620/570/3767 3228/570/3770 3224/568/3761
f 6621/568/3768 6622/567/3771 3221/567/3756 3223/568/3760
f 6622/567/3771 6621/568/3768 3224/568/3761 3222/567/3757
f 6622/567/3771 6620/570/3767 3227/570/3769 3221/567/3756
f 6620/570/3767 6622/567/3771 3222/567/3757 3228/570/3770
f 6623/568/3772 6624/570/3773 3227/570/3769 3223/568/3760
f 6624/570/3773 6623/568/3772 3224/568/3761 3228/570/3770
f 6624/570/3773 6625/571/3774 3229/571/3775 3227/570/3769
f 6625/571/3774 6624/570/3773 3228/570/3770 3230/571/3776
f 6625/571/3774 6623/568/3772 3223/568/3760 3229/571/3775
f 6623/568/3772 6625/571/3774 3230/571/3776 3224/568/3761
f 6626/570/3777 6627/567/3778 3221/567/3756 3227/570/3769
f 6627/567/3778 6626/570/3777 3228/570/3770 3222/567/3757
f 6627/567/3778 6628/572/2325 3231/572/3779 3221/567/3756
f 6628/572/2325 6627/567/3778 3222/567/3757 3232/572/3780
f 6628/572/2325 6626/570/3777 3227/570/3769 3231/572/3779
f 6626/570/3777 6628/572/2325 3232/572/3780 3228/570/3770
f 6629/573/3781 6630/574/3782 3235/574/3783 3233/573/3784
f 6630/574/3782 6629/573/3781 3234/573/3785 3236/574/3786
f 6630/574/3782 6631/575/3787 3237/575/3788 3235/574/3783
f 6631/575/3787 6630/574/3782 3236/574/3786 3238/575/3789
f 6631/575/3787 6629/573/3781 3233/573/3784 3237/575/3788
f 6629/573/3781 6631/575/3787 3238/575/3789 3234/573/3785
f 6632/574/3790 6633/573/3791 3233/573/3784 3235/574/3783
f 6633/573/3791 6632/574/3790 3236/574/3786 3234/573/3785
f 6633/573/3791 6634/576/1618 3239/576/3792 3233/573/3784
f 6634/576/1618 6633/573/3791 3234/573/3785 3240/576/3793
f 6634/576/1618 6632/574/3790 3235/574/3783 3239/576/3792
f 6632/574/3790 6634/576/1618 3240/576/3793 3236/574/3786
f 6635/577/3794 6636/578/3795 3243/578/2543 3241/577/3796
f 6636/578/3795 6635/577/3794 3242/577/3797 3244/578/3798
f 6636/578/3795 6637/575/3799 3245/575/3800 3243/578/2543
f 6637/575/3799 6636/578/3795 3244/578/3798 3246/575/3801
f 6637/575/3799 6635/577/3794 3241/577/3796 3245/575/3800
f 6635/577/3794 6637/575/3799 3246/575/3801 3242/577/3797
f 6638/577/3802 6639/575/3803 3245/575/3800 3241/577/3796
f 6639/575/3803 6638/577/3802 3242/577/3797 3246/575/3801
f 6639/575/3803 6640/574/3804 3247/574/3805 3245/575/3800
f 6640/574/3804 6639/575/3803 3246/575/3801 3248/574/3806
f 6640/574/3804 6638/577/3802 3241/577/3796 3247/574/3805
f 6638/577/3802 6640/574/3804 3248/574/3806 3242/577/3797
f 6641/579/3807 6642/580/3808 3251/580/3809 3249/579/3810
f 6642/580/3808 6641/579/3807 3250/579/3811 3252/580/3812
f 6642/580/3808 6643/578/3813 3253/578/3814 3251/580/3809
f 6643/578/3813 6642/580/3808 3252/580/3812 3254/578/3815
f 6643/578/3813 6641/579/3807 3249/579/3810 3253/578/3814
f 6641/579/3807 6643/578/3813 3254/578/3815 3250/579/3811
f 6644/579/3816 6645/578/3817 3253/578/3814 3249/579/3810
f 6645/578/3817 6644/579/3816 3250/579/3811 3254/578/3815
f 6645/578/3817 6646/577/3818 3255/577/3819 3253/578/3814
f 6646/577/3818 6645/578/3817 3254/578/3815 3256/577/3820
f 6646/577/3818 6644/579/3816 3249/579/3810 3255/577/3819
f 6644/579/3816 6646/577/3818 3256/577/3820 3250/579/3811
f 6647/581/3821 6648/582/3822 3259/582/3823 3257/581/3824
f 6648/582/3822 6647/581/3821 3258/581/3825 3260/582/3826
f 6648/582/3822 6649/580/3827 3261/580/3828 3259/582/3823
f 6649/580/3827 6648/582/3822 3260/582/3826 3262/580/3829
f 6649/580/3827 6647/581/3821 3257/581/3824 3261/580/3828
f 6647/581/3821 6649/580/3827 3262/580/3829 3258/581/3825
f 6650/581/3830 6651/580/3831 3261/580/3828 3257/581/3824
f 6651/580/3831 6650/581/3830 3258/581/3825 3262/580/3829
f 6651/580/3831 6652/579/3832 3263/579/3833 3261/580/3828
f 6652/579/3832 6651/580/3831 3262/580/3829 3264/579/3834
f 6652/579/3832 6650/581/3830 3257/581/3824 3263/579/3833
f 6650/581/3830 6652/579/3832 3264/579/3834 3258/581/3825
f 6653/578/3835 6654/583/3836 3267/583/3837 3265/578/3838
f 6654/583/3836 6653/578/3835 3266/578/3839 3268/583/3840
f 6654/583/3836 6655/577/1658 3269/577/3841 3267/583/3837
f 6655/577/1658 6654/583/3836 3268/583/3840 3270/577/3842
f 6655/577/1658 6653/578/3835 3265/578/3838 3269/577/3841
f 6653/578/3835 6655/577/1658 3270/577/3842 3266/578/3839
f 6656/583/3843 6657/578/3844 3265/578/3838 3267/583/3837
f 6657/578/3844 6656/583/3843 3268/583/3840 3266/578/3839
f 6657/578/3844 6658/584/277 3271/584/3845 3265/578/3838
f 6658/584/277 6657/578/3844 3266/578/3839 3272/584/3846
f 6658/584/277 6656/583/3843 3267/583/3837 3271/584/3845
f 6656/583/3843 6658/584/277 3272/584/3846 3268/583/3840
f 6659/583/3847 6660/584/3848 3275/584/3849 3273/583/3850
f 6660/584/3848 6659/583/3847 3274/583/3851 3276/584/3852
f 6660/584/3848 6661/585/3853 3277/585/3854 3275/584/3849
f 6661/585/3853 6660/584/3848 3276/584/3852 3278/585/3855
f 6661/585/3853 6659/583/3847 3273/583/3850 3277/585/3854
f 6659/583/3847 6661/585/3853 3278/585/3855 3274/583/3851
f 6662/583/3856 6663/585/3857 3277/585/3854 3273/583/3850
f 6663/585/3857 6662/583/3856 3274/583/3851 3278/585/3855
f 6663/585/3857 6664/586/2518 3279/586/2864 3277/585/3854
f 6664/586/2518 6663/585/3857 3278/585/3855 3280/586/3858
f 6664/586/2518 6662/583/3856 3273/583/3850 3279/586/2864
f 6662/583/3856 6664/586/2518 3280/586/3858 3274/583/3851
f 6665/586/3531 6666/585/3859 3283/585/3860 3281/586/452
f 6666/585/3859 6665/586/3531 3282/586/1714 3284/585/3861
f 6666/585/3859 6667/576/3862 3285/576/3863 3283/585/3860
f 6667/576/3862 6666/585/3859 3284/585/3861 3286/576/3864
f 6667/576/3862 6665/586/3531 3281/586/452 3285/576/3863
f 6665/586/3531 6667/576/3862 3286/576/3864 3282/586/1714
f 6668/585/3865 6669/573/3866 3287/573/240 3283/585/3860
f 6669/573/3866 6668/585/3865 3284/585/3861 3288/573/3867
f 6669/573/3866 6670/576/3868 3285/576/3863 3287/573/240
f 6670/576/3868 6669/573/3866 3288/573/3867 3286/576/3864
f 6670/576/3868 6668/585/3865 3283/585/3860 3285/576/3863
f 6668/585/3865 6670/576/3868 3286/576/3864 3284/585/3861
f 6671/587/3869 6672/588/3870 3291/588/3871 3289/587/990
f 6672/588/3870 6671/587/3869 3290/587/3872 3292/588/3873
f 6672/588/3870 6673/589/3874 3293/589/3875 3291/588/3871
f 6673/589/3874 6672/588/3870 3292/588/3873 3294/589/3876
f 6673/589/3874 6671/587/3869 3289/587/990 3293/589/3875
f 6671/587/3869 6673/589/3874 3294/589/3876 3290/587/3872
f 6674/590/3877 6675/589/3878 3293/589/3875 3295/590/3879
f 6675/589/3878 6674/590/3877 3296/590/3880 3294/589/3876
f 6675/589/3878 6676/588/3881 3291/588/3871 3293/589/3875
f 6676/588/3881 6675/589/3878 3294/589/3876 3292/588/3873
f 6676/588/3881 6674/590/3877 3295/590/3879 3291/588/3871
f 6674/590/3877 6676/588/3881 3292/588/3873 3296/590/3880
f 6677/591/3882 6678/592/1786 3299/592/3883 3297/591/3884
f 6678/592/1786 6677/591/3882 3298/591/3885 3300/592/3886
f 6678/592/1786 6679/593/3887 3301/593/3888 3299/592/3883
f 6679/593/3887 6678/592/1786 3300/592/3886 3302/593/3889
f 6679/593/3887 6677/591/3882 3297/591/3884 3301/593/3888
f 6677/591/3882 6679/593/3887 3302/593/3889 3298/591/3885
f 6680/591/3890 6681/593/3891 3301/593/3888 3297/591/3884
f 6681/593/3891 6680/591/3890 3298/591/3885 3302/593/3889
f 6681/593/3891 6682/594/3892 3303/594/3893 3301/593/3888
f 6682/594/3892 6681/593/3891 3302/593/3889 3304/594/3894
f 6682/594/3892 6680/591/3890 3297/591/3884 3303/594/3893
f 6680/591/3890 6682/594/3892 3304/594/3894 3298/591/3885
f 6683/588/3895 6684/587/3896 3307/587/3897 3305/588/3898
f 6684/587/3896 6683/588/3895 3306/588/3899 3308/587/3900
f 6684/587/3896 6685/583/3901 3309/583/3902 3307/587/3897
f 6685/583/3901 6684/587/3896 3308/587/3900 3310/583/3903
f 6685/583/3901 6683/588/3895 3305/588/3898 3309/583/3902
f 6683/588/3895 6685/583/3901 3310/583/3903 3306/588/3899
f 6686/587/3904 6687/584/3905 3311/584/3906 3307/587/3897
f 6687/584/3905 6686/587/3904 3308/587/3900 3312/584/3907
f 6687/584/3905 6688/583/3908 3309/583/3902 3311/584/3906
f 6688/583/3908 6687/584/3905 3312/584/3907 3310/583/3903
f 6688/583/3908 6686/587/3904 3307/587/3897 3309/583/3902
f 6686/587/3904 6688/583/3908 3310/583/3903 3308/587/3900
f 6689/574/3909 6690/575/3910 3315/575/3911 3313/574/3912
f 6690/575/3910 6689/574/3909 3314/574/3913 3316/575/3914
f 6690/575/3910 6691/592/3915 3317/592/3916 3315/575/3911
f 6691/592/3915 6690/575/3910 3316/575/3914 3318/592/3917
f 6691/592/3915 6689/574/3909 3313/574/3912 3317/592/3916
f 6689/574/3909 6691/592/3915 3318/592/3917 3314/574/3913
f 6692/574/3918 6693/592/3919 3317/592/3916 3313/574/3912
f 6693/592/3919 6692/574/3918 3314/574/3913 3318/592/3917
f 6693/592/3919 6694/591/3920 3319/591/3921 3317/592/3916
f 6694/591/3920 6693/592/3919 3318/592/3917 3320/591/3922
f 6694/591/3920 6692/574/3918 3313/574/3912 3319/591/3921
f 6692/574/3918 6694/591/3920 3320/591/3922 3314/574/3913
f 6695/595/3923 6696/596/3924 3323/596/3925 3321/595/3926
f 6696/596/3924 6695/595/3923 3322/595/3927 3324/596/3928
f 6696/596/3924 6697/584/3929 3325/584/3930 3323/596/3925
f 6697/584/3929 6696/596/3924 3324/596/3928 3326/584/3931
f 6697/584/3929 6695/595/3923 3321/595/3926 3325/584/3930
f 6695/595/3923 6697/584/3929 3326/584/3931 3322/595/3927
f 6698/583/3932 6699/584/3933 3325/584/3930 3327/583/3934
f 6699/584/3933 6698/583/3932 3328/583/3935 3326/584/3931
f 6699/584/3933 6700/596/3936 3323/596/3925 3325/584/3930
f 6700/596/3936 6699/584/3933 3326/584/3931 3324/596/3928
f 6700/596/3936 6698/583/3932 3327/583/3934 3323/596/3925
f 6698/583/3932 6700/596/3936 3324/596/3928 3328/583/3935
f 6701/596/3937 6702/595/3938 3321/595/3926 3323/596/3925
f 6702/595/3938 6701/596/3937 3324/596/3928 3322/595/3927
f 6702/595/3938 6703/575/3939 3329/575/3940 3321/595/3926
f 6703/575/3939 6702/595/3938 3322/595/3927 3330/575/3941
f 6703/575/3939 6701/596/3937 3323/596/3925 3329/575/3940
f 6701/596/3937 6703/575/3939 3330/575/3941 3324/596/3928
f 6704/596/3942 6705/575/3943 3329/575/3940 3323/596/3925
f 6705/575/3943 6704/596/3942 3324/596/3928 3330/575/3941
f 6705/575/3943 6706/574/3944 3331/574/3945 3329/575/3940
f 6706/574/3944 6705/575/3943 3330/575/3941 3332/574/3946
f 6706/574/3944 6704/596/3942 3323/596/3925 3331/574/3945
f 6704/596/3942 6706/574/3944 3332/574/3946 3324/596/3928
f 6707/597/3658 6708/598/3662 3335/598/3653 3333/597/3661
f 6708/598/3662 6707/597/3658 3334/597/3947 3336/598/3652
f 6708/598/3662 6709/599/3948 3337/599/3654 3335/598/3653
f 6709/599/3948 6708/598/3662 3336/598/3652 3338/599/3651
f 6709/599/3948 6707/597/3658 3333/597/3661 3337/599/3654
f 6707/597/3658 6709/599/3948 3338/599/3651 3334/597/3947
f 6710/600/3655 6711/599/3650 3337/599/3654 3339/600/3657
f 6711/599/3650 6710/600/3655 3340/600/3656 3338/599/3651
f 6711/599/3650 6712/598/3949 3335/598/3653 3337/599/3654
f 6712/598/3949 6711/599/3650 3338/599/3651 3336/598/3652
f 6712/598/3949 6710/600/3655 3339/600/3657 3335/598/3653
f 6710/600/3655 6712/598/3949 3336/598/3652 3340/600/3656
f 6713/601/3950 6714/598/3951 3335/598/3653 3341/601/3672
f 6714/598/3951 6713/601/3950 3342/601/3671 3336/598/3652
f 6714/598/3951 6715/597/3952 3333/597/3661 3335/598/3653
f 6715/597/3952 6714/598/3951 3336/598/3652 3334/597/3947
f 6715/597/3952 6713/601/3950 3341/601/3672 3333/597/3661
f 6713/601/3950 6715/597/3952 3334/597/3947 3342/601/3671
f 6716/598/3953 6717/601/3674 3341/601/3672 3335/598/3653
f 6717/601/3674 6716/598/3953 3336/598/3652 3342/601/3671
f 6717/601/3674 6718/602/3248 3343/602/3677 3341/601/3672
f 6718/602/3248 6717/601/3674 3342/601/3671 3344/602/3676
f 6718/602/3248 6716/598/3953 3335/598/3653 3343/602/3677
f 6716/598/3953 6718/602/3248 3344/602/3676 3336/598/3652
f 6719/603/3954 6720/601/3678 3341/601/3672 3345/603/3681
f 6720/601/3678 6719/603/3954 3346/603/3680 3342/601/3671
f 6720/601/3678 6721/597/3955 3333/597/3661 3341/601/3672
f 6721/597/3955 6720/601/3678 3342/601/3671 3334/597/3947
f 6721/597/3955 6719/603/3954 3345/603/3681 3333/597/3661
f 6719/603/3954 6721/597/3955 3334/597/3947 3346/603/3680
f 6722/601/3688 6723/603/3687 3345/603/3681 3341/601/3672
f 6723/603/3687 6722/601/3688 3342/601/3671 3346/603/3680
f 6723/603/3687 6724/604/2463 3347/604/3690 3345/603/3681
f 6724/604/2463 6723/603/3687 3346/603/3680 3348/604/3689
f 6724/604/2463 6722/601/3688 3341/601/3672 3347/604/3690
f 6722/601/3688 6724/604/2463 3348/604/3689 3342/601/3671
f 6725/603/3683 6726/597/3686 3333/597/3661 3345/603/3681
f 6726/597/3686 6725/603/3683 3346/603/3680 3334/597/3947
f 6726/597/3686 6727/605/2201 3349/605/3685 3333/597/3661
f 6727/605/2201 6726/597/3686 3334/597/3947 3350/605/3684
f 6727/605/2201 6725/603/3683 3345/603/3681 3349/605/3685
f 6725/603/3683 6727/605/2201 3350/605/3684 3346/603/3680
f 6728/606/3692 6729/600/3956 3339/600/3657 3351/606/3694
f 6729/600/3956 6728/606/3692 3352/606/3957 3340/600/3656
f 6729/600/3956 6730/598/3958 3335/598/3653 3339/600/3657
f 6730/598/3958 6729/600/3956 3340/600/3656 3336/598/3652
f 6730/598/3958 6728/606/3692 3351/606/3694 3335/598/3653
f 6728/606/3692 6730/598/3958 3336/598/3652 3352/606/3957
f 6731/598/3699 6732/607/3959 3353/607/3960 3335/598/3653
f 6732/607/3959 6731/598/3699 3336/598/3652 3354/607/3961
f 6732/607/3959 6733/606/3962 3351/606/3694 3353/607/3960
f 6733/606/3962 6732/607/3959 3354/607/3961 3352/606/3957
f 6733/606/3962 6731/598/3699 3335/598/3653 3351/606/3694
f 6731/598/3699 6733/606/3962 3352/606/3957 3336/598/3652
f 6734/600/3697 6735/606/3696 3351/606/3694 3339/600/3657
f 6735/606/3696 6734/600/3697 3340/600/3656 3352/606/3957
f 6735/606/3696 6736/608/3698 3355/608/3667 3351/606/3694
f 6736/608/3698 6735/606/3696 3352/606/3957 3356/608/3664
f 6736/608/3698 6734/600/3697 3339/600/3657 3355/608/3667
f 6734/600/3697 6736/608/3698 3356/608/3664 3340/600/3656
f 6737/608/3663 6738/609/3963 3357/609/3666 3355/608/3667
f 6738/609/3963 6737/608/3663 3356/608/3664 3358/609/3964
f 6738/609/3963 6739/600/3965 3339/600/3657 3357/609/3666
f 6739/600/3965 6738/609/3963 3358/609/3964 3340/600/3656
f 6739/600/3965 6737/608/3663 3355/608/3667 3339/600/3657
f 6737/608/3663 6739/600/3965 3340/600/3656 3356/608/3664
f 6740/610/3966 6741/608/3707 3355/608/3667 3359/610/3967
f 6741/608/3707 6740/610/3966 3360/610/3705 3356/608/3664
f 6741/608/3707 6742/606/3968 3351/606/3694 3355/608/3667
f 6742/606/3968 6741/608/3707 3356/608/3664 3352/606/3957
f 6742/606/3968 6740/610/3966 3359/610/3967 3351/606/3694
f 6740/610/3966 6742/606/3968 3352/606/3957 3360/610/3705
f 6743/608/3969 6744/610/3708 3359/610/3967 3355/608/3667
f 6744/610/3708 6743/608/3969 3356/608/3664 3360/610/3705
f 6744/610/3708 6745/611/795 3361/611/3970 3359/610/3967
f 6745/611/795 6744/610/3708 3360/610/3705 3362/611/3710
f 6745/611/795 6743/608/3969 3355/608/3667 3361/611/3970
f 6743/608/3969 6745/611/795 3362/611/3710 3356/608/3664
f 6746/606/3712 6747/612/3971 3363/612/3715 3351/606/3694
f 6747/612/3971 6746/606/3712 3352/606/3957 3364/612/3714
f 6747/612/3971 6748/610/3972 3359/610/3967 3363/612/3715
f 6748/610/3972 6747/612/3971 3364/612/3714 3360/610/3705
f 6748/610/3972 6746/606/3712 3351/606/3694 3359/610/3967
f 6746/606/3712 6748/610/3972 3360/610/3705 3352/606/3957
f 6749/613/3717 6750/610/3973 3359/610/3967 3365/613/3719
f 6750/610/3973 6749/613/3717 3366/613/3718 3360/610/3705
f 6750/610/3973 6751/612/2385 3363/612/3715 3359/610/3967
f 6751/612/2385 6750/610/3973 3360/610/3705 3364/612/3714
f 6751/612/2385 6749/613/3717 3365/613/3719 3363/612/3715
f 6749/613/3717 6751/612/2385 3364/612/3714 3366/613/3718
f 6752/610/3974 6753/613/3975 3365/613/3719 3359/610/3967
f 6753/613/3975 6752/610/3974 3360/610/3705 3366/613/3718
f 6753/613/3975 6754/614/3721 3367/614/3976 3365/613/3719
f 6754/614/3721 6753/613/3975 3366/613/3718 3368/614/3722
f 6754/614/3721 6752/610/3974 3359/610/3967 3367/614/3976
f 6752/610/3974 6754/614/3721 3368/614/3722 3360/610/3705
f 6755/610/3726 6756/614/3977 3367/614/3976 3359/610/3967
f 6756/614/3977 6755/610/3726 3360/610/3705 3368/614/3722
f 6756/614/3977 6757/615/3978 3369/615/3979 3367/614/3976
f 6757/615/3978 6756/614/3977 3368/614/3722 3370/615/3727
f 6757/615/3978 6755/610/3726 3359/610/3967 3369/615/3979
f 6755/610/3726 6757/615/3978 3370/615/3727 3360/610/3705
f 6758/613/3730 6759/616/3729 3371/616/3732 3365/613/3719
f 6759/616/3729 6758/613/3730 3366/613/3718 3372/616/3980
f 6759/616/3729 6760/614/3981 3367/614/3976 3371/616/3732
f 6760/614/3981 6759/616/3729 3372/616/3980 3368/614/3722
f 6760/614/3981 6758/613/3730 3365/613/3719 3367/614/3976
f 6758/613/3730 6760/614/3981 3368/614/3722 3366/613/3718
f 6761/614/3734 6762/616/3982 3371/616/3732 3367/614/3976
f 6762/616/3982 6761/614/3734 3368/614/3722 3372/616/3980
f 6762/616/3982 6763/617/3735 3373/617/3737 3371/616/3732
f 6763/617/3735 6762/616/3982 3372/616/3980 3374/617/3983
f 6763/617/3735 6761/614/3734 3367/614/3976 3373/617/3737
f 6761/614/3734 6763/617/3735 3374/617/3983 3368/614/3722
f 6764/616/3740 6765/613/3739 3365/613/3719 3371/616/3732
f 6765/613/3739 6764/616/3740 3372/616/3980 3366/613/3718
f 6765/613/3739 6766/618/3984 3375/618/3743 3365/613/3719
f 6766/618/3984 6765/613/3739 3366/613/3718 3376/618/3742
f 6766/618/3984 6764/616/3740 3371/616/3732 3375/618/3743
f 6764/616/3740 6766/618/3984 3376/618/3742 3372/616/3980
f 6767/618/3745 6768/613/3985 3365/613/3719 3375/618/3743
f 6768/613/3985 6767/618/3745 3376/618/3742 3366/613/3718
f 6768/613/3985 6769/619/1437 3377/619/3986 3365/613/3719
f 6769/619/1437 6768/613/3985 3366/613/3718 3378/619/3987
f 6769/619/1437 6767/618/3745 3375/618/3743 3377/619/3986
f 6767/618/3745 6769/619/1437 3378/619/3987 3376/618/3742
f 6770/618/3988 6771/620/3749 3379/620/3752 3375/618/3743
f 6771/620/3749 6770/618/3988 3376/618/3742 3380/620/3751
f 6771/620/3749 6772/616/3691 3371/616/3732 3379/620/3752
f 6772/616/3691 6771/620/3749 3380/620/3751 3372/616/3980
f 6772/616/3691 6770/618/3988 3375/618/3743 3371/616/3732
f 6770/618/3988 6772/616/3691 3372/616/3980 3376/618/3742
f 6773/620/3754 6774/618/3753 3375/618/3743 3379/620/3752
f 6774/618/3753 6773/620/3754 3380/620/3751 3376/618/3742
f 6774/618/3753 6775/621/3755 3381/621/3757 3375/618/3743
f 6775/621/3755 6774/618/3753 3376/618/3742 3382/621/3756
f 6775/621/3755 6773/620/3754 3379/620/3752 3381/621/3757
f 6773/620/3754 6775/621/3755 3382/621/3756 3380/620/3751
f 6776/618/3989 6777/622/3990 3383/622/3761 3375/618/3743
f 6777/622/3990 6776/618/3989 3376/618/3742 3384/622/3760
f 6777/622/3990 6778/621/3762 3381/621/3757 3383/622/3761
f 6778/621/3762 6777/622/3990 3384/622/3760 3382/621/3756
f 6778/621/3762 6776/618/3989 3375/618/3743 3381/621/3757
f 6776/618/3989 6778/621/3762 3382/621/3756 3376/618/3742
f 6779/618/3991 6780/623/3746 3385/623/3992 3375/618/3743
f 6780/623/3746 6779/618/3991 3376/618/3742 3386/623/3765
f 6780/623/3746 6781/622/3764 3383/622/3761 3385/623/3992
f 6781/622/3764 6780/623/3746 3386/623/3765 3384/622/3760
f 6781/622/3764 6779/618/3991 3375/618/3743 3383/622/3761
f 6779/618/3991 6781/622/3764 3384/622/3760 3376/618/3742
f 6782/624/3993 6783/621/3994 3381/621/3757 3387/624/3770
f 6783/621/3994 6782/624/3993 3388/624/3769 3382/621/3756
f 6783/621/3994 6784/622/3768 3383/622/3761 3381/621/3757
f 6784/622/3768 6783/621/3994 3382/621/3756 3384/622/3760
f 6784/622/3768 6782/624/3993 3387/624/3770 3383/622/3761
f 6782/624/3993 6784/622/3768 3384/622/3760 3388/624/3769
f 6785/621/3778 6786/624/3777 3387/624/3770 3381/621/3757
f 6786/624/3777 6785/621/3778 3382/621/3756 3388/624/3769
f 6786/624/3777 6787/625/2325 3389/625/3780 3387/624/3770
f 6787/625/2325 6786/624/3777 3388/624/3769 3390/625/3779
f 6787/625/2325 6785/621/3778 3381/621/3757 3389/625/3780
f 6785/621/3778 6787/625/2325 3390/625/3779 3382/621/3756
f 6788/622/3772 6789/626/3774 3391/626/3776 3383/622/3761
f 6789/626/3774 6788/622/3772 3384/622/3760 3392/626/3775
f 6789/626/3774 6790/624/3773 3387/624/3770 3391/626/3776
f 6790/624/3773 6789/626/3774 3392/626/3775 3388/624/3769
f 6790/624/3773 6788/622/3772 3383/622/3761 3387/624/3770
f 6788/622/3772 6790/624/3773 3388/624/3769 3384/622/3760
f 6791/574/3995 6792/575/3996 3395/575/3997 3393/574/2834
f 6792/575/3996 6791/574/3995 3394/574/2543 3396/575/3998
f 6792/575/3996 6793/576/3999 3397/576/4000 3395/575/3997
f 6793/576/3999 6792/575/3996 3396/575/3998 3398/576/3784
f 6793/576/3999 6791/574/3995 3393/574/2834 3397/576/4000
f 6791/574/3995 6793/576/3999 3398/576/3784 3394/574/2543
f 6794/575/4001 6795/573/972 3399/573/2787 3395/575/3997
f 6795/573/972 6794/575/4001 3396/575/3998 3400/573/2788
f 6795/573/972 6796/576/4002 3397/576/4000 3399/573/2787
f 6796/576/4002 6795/573/972 3400/573/2788 3398/576/3784
f 6796/576/4002 6794/575/4001 3395/575/3997 3397/576/4000
f 6794/575/4001 6796/576/4002 3398/576/3784 3396/575/3998
f 6797/578/4003 6798/574/3799 3403/574/3801 3401/578/3797
f 6798/574/3799 6797/578/4003 3402/578/3796 3404/574/3800
f 6798/574/3799 6799/577/4004 3405/577/2834 3403/574/3801
f 6799/577/4004 6798/574/3799 3404/574/3800 3406/577/3397
f 6799/577/4004 6797/578/4003 3401/578/3797 3405/577/2834
f 6797/578/4003 6799/577/4004 3406/577/3397 3402/578/3796
f 6800/574/4005 6801/578/3802 3401/578/3797 3403/574/3801
f 6801/578/3802 6800/574/4005 3404/574/3800 3402/578/3796
f 6801/578/3802 6802/575/3399 3407/575/3806 3401/578/3797
f 6802/575/3399 6801/578/3802 3402/578/3796 3408/575/3805
f 6802/575/3399 6800/574/4005 3403/574/3801 3407/575/3806
f 6800/574/4005 6802/575/3399 3408/575/3805 3404/574/3800
f 6803/580/4006 6804/577/3813 3411/577/3815 3409/580/3811
f 6804/577/3813 6803/580/4006 3410/580/3810 3412/577/4007
f 6804/577/3813 6805/579/4008 3413/579/4009 3411/577/3815
f 6805/579/4008 6804/577/3813 3412/577/4007 3414/579/4010
f 6805/579/4008 6803/580/4006 3409/580/3811 3413/579/4009
f 6803/580/4006 6805/579/4008 3414/579/4010 3410/580/3810
f 6806/577/4011 6807/580/3816 3409/580/3811 3411/577/3815
f 6807/580/3816 6806/577/4011 3412/577/4007 3410/580/3810
f 6807/580/3816 6808/578/340 3415/578/4012 3409/580/3811
f 6808/578/340 6807/580/3816 3410/580/3810 3416/578/4013
f 6808/578/340 6806/577/4011 3411/577/3815 3415/578/4012
f 6806/577/4011 6808/578/340 3416/578/4013 3412/577/4007
f 6809/582/4014 6810/579/3827 3419/579/4015 3417/582/4016
f 6810/579/3827 6809/582/4014 3418/582/3824 3420/579/3828
f 6810/579/3827 6811/581/4017 3421/581/4018 3419/579/4015
f 6811/581/4017 6810/579/3827 3420/579/3828 3422/581/3823
f 6811/581/4017 6809/582/4014 3417/582/4016 3421/581/4018
f 6809/582/4014 6811/581/4017 3422/581/3823 3418/582/3824
f 6812/579/4019 6813/582/3830 3417/582/4016 3419/579/4015
f 6813/582/3830 6812/579/4019 3420/579/3828 3418/582/3824
f 6813/582/3830 6814/580/4020 3423/580/4021 3417/582/4016
f 6814/580/4020 6813/582/3830 3418/582/3824 3424/580/3833
f 6814/580/4020 6812/579/4019 3419/579/4015 3423/580/4021
f 6812/579/4019 6814/580/4020 3424/580/3833 3420/579/3828
f 6815/577/4022 6816/578/4023 3427/578/4024 3425/577/4025
f 6816/578/4023 6815/577/4022 3426/577/4026 3428/578/3841
f 6816/578/4023 6817/584/4027 3429/584/4028 3427/578/4024
f 6817/584/4027 6816/578/4023 3428/578/3841 3430/584/4029
f 6817/584/4027 6815/577/4022 3425/577/4025 3429/584/4028
f 6815/577/4022 6817/584/4027 3430/584/4029 3426/577/4026
f 6818/577/4030 6819/584/4031 3429/584/4028 3425/577/4025
f 6819/584/4031 6818/577/4030 3426/577/4026 3430/584/4029
f 6819/584/4031 6820/583/4032 3431/583/4033 3429/584/4028
f 6820/583/4032 6819/584/4031 3430/584/4029 3432/583/3845
f 6820/583/4032 6818/577/4030 3425/577/4025 3431/583/4033
f 6818/577/4030 6820/583/4032 3432/583/3845 3426/577/4026
f 6821/583/4034 6822/584/4035 3435/584/233 3433/583/4036
f 6822/584/4035 6821/583/4034 3434/583/4037 3436/584/452
f 6822/584/4035 6823/585/4038 3437/585/4039 3435/584/233
f 6823/585/4038 6822/584/4035 3436/584/452 3438/585/4040
f 6823/585/4038 6821/583/4034 3433/583/4036 3437/585/4039
f 6821/583/4034 6823/585/4038 3438/585/4040 3434/583/4037
f 6824/583/4041 6825/585/4042 3437/585/4039 3433/583/4036
f 6825/585/4042 6824/583/4041 3434/583/4037 3438/585/4040
f 6825/585/4042 6826/586/4043 3439/586/1722 3437/585/4039
f 6826/586/4043 6825/585/4042 3438/585/4040 3440/586/459
f 6826/586/4043 6824/583/4041 3433/583/4036 3439/586/1722
f 6824/583/4041 6826/586/4043 3440/586/459 3434/583/4037
f 6827/585/229 6828/573/4044 3443/573/4045 3441/585/1681
f 6828/573/4044 6827/585/229 3442/585/1680 3444/573/3863
f 6828/573/4044 6829/586/4046 3445/586/4047 3443/573/4045
f 6829/586/4046 6828/573/4044 3444/573/3863 3446/586/4048
f 6829/586/4046 6827/585/229 3441/585/1681 3445/586/4047
f 6827/585/229 6829/586/4046 3446/586/4048 3442/585/1680
f 6830/586/4049 6831/573/4050 3443/573/4045 3445/586/4047
f 6831/573/4050 6830/586/4049 3446/586/4048 3444/573/3863
f 6831/573/4050 6832/576/251 3447/576/241 3443/573/4045
f 6832/576/251 6831/573/4050 3444/573/3863 3448/576/4051
f 6832/576/251 6830/586/4049 3445/586/4047 3447/576/241
f 6830/586/4049 6832/576/251 3448/576/4051 3446/586/4048
f 6833/595/1895 6834/596/4052 3451/596/4053 3449/595/4054
f 6834/596/4052 6833/595/1895 3450/595/4055 3452/596/4056
f 6834/596/4052 6835/627/4057 3453/627/4058 3451/596/4053
f 6835/627/4057 6834/596/4052 3452/596/4056 3454/627/4059
f 6835/627/4057 6833/595/1895 3449/595/4054 3453/627/4058
f 6833/595/1895 6835/627/4057 3454/627/4059 3450/595/4055
f 6836/596/4060 6837/628/3627 3455/628/4061 3451/596/4053
f 6837/628/3627 6836/596/4060 3452/596/4056 3456/628/4062
f 6837/628/3627 6838/627/4063 3453/627/4058 3455/628/4061
f 6838/627/4063 6837/628/3627 3456/628/4062 3454/627/4059
f 6838/627/4063 6836/596/4060 3451/596/4053 3453/627/4058
f 6836/596/4060 6838/627/4063 3454/627/4059 3452/596/4056
f 6839/629/4064 6840/596/4065 3451/596/4053 3457/629/4066
f 6840/596/4065 6839/629/4064 3458/629/4067 3452/596/4056
f 6840/596/4065 6841/595/4068 3449/595/4054 3451/596/4053
f 6841/595/4068 6840/596/4065 3452/596/4056 3450/595/4055
f 6841/595/4068 6839/629/4064 3457/629/4066 3449/595/4054
f 6839/629/4064 6841/595/4068 3450/595/4055 3458/629/4067
f 6842/630/4069 6843/596/4070 3451/596/4053 3459/630/4071
f 6843/596/4070 6842/630/4069 3460/630/4072 3452/596/4056
f 6843/596/4070 6844/629/4073 3457/629/4066 3451/596/4053
f 6844/629/4073 6843/596/4070 3452/596/4056 3458/629/4067
f 6844/629/4073 6842/630/4069 3459/630/4071 3457/629/4066
f 6842/630/4069 6844/629/4073 3458/629/4067 3460/630/4072
f 6845/628/4074 6846/587/4075 3463/587/4076 3461/628/4077
f 6846/587/4075 6845/628/4074 3462/628/4078 3464/587/4079
f 6846/587/4075 6847/627/4080 3465/627/4081 3463/587/4076
f 6847/627/4080 6846/587/4075 3464/587/4079 3466/627/3645
f 6847/627/4080 6845/628/4074 3461/628/4077 3465/627/4081
f 6845/628/4074 6847/627/4080 3466/627/3645 3462/628/4078
f 6848/587/4082 6849/628/4083 3461/628/4077 3463/587/4076
f 6849/628/4083 6848/587/4082 3464/587/4079 3462/628/4078
f 6849/628/4083 6850/588/4084 3467/588/4085 3461/628/4077
f 6850/588/4084 6849/628/4083 3462/628/4078 3468/588/3647
f 6850/588/4084 6848/587/4082 3463/587/4076 3467/588/4085
f 6848/587/4082 6850/588/4084 3468/588/3647 3464/587/4079
f 6851/591/4086 6852/630/4087 3471/630/4088 3469/591/4089
f 6852/630/4087 6851/591/4086 3470/591/4090 3472/630/4091
f 6852/630/4087 6853/592/4092 3473/592/4093 3471/630/4088
f 6853/592/4092 6852/630/4087 3472/630/4091 3474/592/4094
f 6853/592/4092 6851/591/4086 3469/591/4089 3473/592/4093
f 6851/591/4086 6853/592/4092 3474/592/4094 3470/591/4090
f 6854/592/4095 6855/630/4096 3471/630/4088 3473/592/4093
f 6855/630/4096 6854/592/4095 3474/592/4094 3472/630/4091
f 6855/630/4096 6856/629/4068 3475/629/4097 3471/630/4088
f 6856/629/4068 6855/630/4096 3472/630/4091 3476/629/1010
f 6856/629/4068 6854/592/4095 3473/592/4093 3475/629/4097
f 6854/592/4095 6856/629/4068 3476/629/1010 3474/592/4094
f 6857/631/3920 6858/632/4098 3479/632/4099 3477/631/4100
f 6858/632/4098 6857/631/3920 3478/631/2111 3480/632/4101
f 6858/632/4098 6859/592/4102 3481/592/4103 3479/632/4099
f 6859/592/4102 6858/632/4098 3480/632/4101 3482/592/4104
f 6859/592/4102 6857/631/3920 3477/631/4100 3481/592/4103
f 6857/631/3920 6859/592/4102 3482/592/4104 3478/631/2111
f 6860/632/4105 6861/591/3910 3483/591/4106 3479/632/4099
f 6861/591/3910 6860/632/4105 3480/632/4101 3484/591/2127
f 6861/591/3910 6862/592/4107 3481/592/4103 3483/591/4106
f 6862/592/4107 6861/591/3910 3484/591/2127 3482/592/4104
f 6862/592/4107 6860/632/4105 3479/632/4099 3481/592/4103
f 6860/632/4105 6862/592/4107 3482/592/4104 3480/632/4101
f 6863/588/4108 6864/633/4109 3487/633/4110 3485/588/4111
f 6864/633/4109 6863/588/4108 3486/588/4101 3488/633/4104
f 6864/633/4109 6865/587/606 3489/587/3608 3487/633/4110
f 6865/587/606 6864/633/4109 3488/633/4104 3490/587/3609
f 6865/587/606 6863/588/4108 3485/588/4111 3489/587/3608
f 6863/588/4108 6865/587/606 3490/587/3609 3486/588/4101
f 6866/633/4112 6867/588/4113 3485/588/4111 3487/633/4110
f 6867/588/4113 6866/633/4112 3488/633/4104 3486/588/4101
f 6867/588/4113 6868/634/4114 3491/634/3605 3485/588/4111
f 6868/634/4114 6867/588/4113 3486/588/4101 3492/634/2127
f 6868/634/4114 6866/633/4112 3487/633/4110 3491/634/3605
f 6866/633/4112 6868/634/4114 3492/634/2127 3488/633/4104
f 6869/633/4115 6870/634/4116 3495/634/4117 3493/633/4118
f 6870/634/4116 6869/633/4115 3494/633/4119 3496/634/4120
f 6870/634/4116 6871/635/4121 3497/635/4122 3495/634/4117
f 6871/635/4121 6870/634/4116 3496/634/4120 3498/635/4123
f 6871/635/4121 6869/633/4115 3493/633/4118 3497/635/4122
f 6869/633/4115 6871/635/4121 3498/635/4123 3494/633/4119
f 6872/633/4124 6873/635/4125 3497/635/4122 3493/633/4118
f 6873/635/4125 6872/633/4124 3494/633/4119 3498/635/4123
f 6873/635/4125 6874/636/1061 3499/636/4126 3497/635/4122
f 6874/636/1061 6873/635/4125 3498/635/4123 3500/636/4127
f 6874/636/1061 6872/633/4124 3493/633/4118 3499/636/4126
f 6872/633/4124 6874/636/1061 3500/636/4127 3494/633/4119
f 6875/637/4128 6876/631/2103 3503/631/4129 3501/637/4130
f 6876/631/2103 6875/637/4128 3502/637/4131 3504/631/4132
f 6876/631/2103 6877/638/4133 3505/638/4134 3503/631/4129
f 6877/638/4133 6876/631/2103 3504/631/4132 3506/638/4135
f 6877/638/4133 6875/637/4128 3501/637/4130 3505/638/4134
f 6875/637/4128 6877/638/4133 3506/638/4135 3502/637/4131
f 6878/631/4136 6879/637/2100 3501/637/4130 3503/631/4129
f 6879/637/2100 6878/631/4136 3504/631/4132 3502/637/4131
f 6879/637/2100 6880/632/2876 3507/632/4137 3501/637/4130
f 6880/632/2876 6879/637/2100 3502/637/4131 3508/632/4138
f 6880/632/2876 6878/631/4136 3503/631/4129 3507/632/4137
f 6878/631/4136 6880/632/2876 3508/632/4138 3504/631/4132
