# Blender 5.2.0 LTS
# www.blender.org
mtllib crystalscythe.mtl
o crysta
v -0.185294 -1.746768 0.078450
v -0.181014 -1.749712 0.080766
v -0.358049 -1.870341 0.241015
v -0.354011 -1.873119 0.243200
v -0.333152 -2.029945 -0.008617
v -0.328660 -2.033035 -0.006186
v -0.248092 -1.356115 -0.080880
v -0.246558 -1.357245 -0.081640
v -0.317493 -1.462485 -0.060908
v -0.315743 -1.463775 -0.061774
v -0.300150 -1.382803 -0.145874
v -0.298692 -1.383877 -0.146596
v -0.215828 -1.377471 -0.005935
v -0.214308 -1.378649 -0.006925
v -0.317526 -1.462426 -0.060749
v -0.315710 -1.463834 -0.061932
v -0.248035 -1.356130 -0.080797
v -0.246615 -1.357231 -0.081723
v 0.743971 1.134669 -0.008765
v 0.747129 1.136051 -0.007807
v 0.684617 1.269848 -0.007851
v 0.686727 1.270772 -0.007211
v 0.637728 1.321959 0.068935
v 0.640520 1.323181 0.069783
v 0.580646 1.572996 0.104952
v 0.584472 1.573984 0.104058
v 0.630302 1.418376 0.143552
v 0.632890 1.419044 0.142946
v 0.637415 1.322129 0.069759
v 0.640833 1.323011 0.068959
v -0.333894 -2.030451 -0.008363
v -0.327918 -2.032529 -0.006441
v -0.359865 -1.870396 0.240873
v -0.352195 -1.873064 0.243341
v -0.470025 -2.405005 0.001263
v -0.461485 -2.407975 0.004010
v 0.850815 2.256835 -0.014991
v 0.856445 2.255865 -0.016377
v 0.814992 2.010687 0.007336
v 0.818668 2.010053 0.006432
v 0.770479 1.906160 -0.097139
v 0.775241 1.905340 -0.098311
v 0.584012 1.059704 -0.000959
v 0.586432 1.059896 -0.001228
v 0.587197 0.989274 -0.018698
v 0.590105 0.989504 -0.019021
v 0.560122 1.203993 -0.113313
v 0.564082 1.204307 -0.113753
v -0.163929 -0.934102 -0.043765
v -0.159579 -0.935488 -0.042378
v -0.284247 -1.187730 0.082977
v -0.280293 -1.188990 0.084237
v -0.224704 -1.118297 -0.034018
v -0.221736 -1.119243 -0.033072
v 0.684549 1.270638 -0.006433
v 0.686795 1.269982 -0.008629
v 0.561171 1.204422 -0.112623
v 0.563033 1.203878 -0.114443
v 0.579547 1.306319 -0.124673
v 0.581319 1.305801 -0.126405
v 0.532836 1.139743 0.092433
v 0.536524 1.137977 0.095083
v 0.637923 1.323146 0.068495
v 0.640325 1.321994 0.070222
v 0.630080 1.419436 0.142159
v 0.633112 1.417984 0.144338
v -0.192359 -0.714635 -0.018690
v -0.189933 -0.715575 -0.017386
v -0.169228 -0.577818 0.036079
v -0.166112 -0.579024 0.037753
v -0.279450 -0.789343 0.088591
v -0.276272 -0.790573 0.090299
v 0.396440 0.882168 0.019204
v 0.398110 0.881600 0.018259
v 0.323023 0.808513 -0.066587
v 0.324815 0.807905 -0.067601
v 0.395379 0.898298 -0.050977
v 0.396871 0.897790 -0.051822
v 0.379086 0.777460 -0.006405
v 0.380648 0.776930 -0.007289
v -0.183474 -1.205340 0.003428
v -0.180322 -1.206300 0.006272
v -0.309006 -1.265729 0.122879
v -0.306372 -1.266531 0.125256
v -0.298978 -1.450474 0.048517
v -0.295716 -1.451466 0.051460
v -0.128675 -0.205990 -0.094404
v -0.127207 -0.206684 -0.095724
v -0.122364 -0.115868 -0.134272
v -0.120364 -0.116812 -0.136070
v -0.069774 -0.257224 -0.001163
v -0.067622 -0.258240 -0.003097
v -0.168883 -0.578041 0.036484
v -0.166457 -0.578801 0.037349
v -0.192894 -0.714558 -0.018661
v -0.189398 -0.715652 -0.017415
v -0.115608 -0.468375 -0.017981
v -0.112248 -0.469427 -0.016783
v -0.122555 -0.115737 -0.133799
v -0.120173 -0.116943 -0.136543
v -0.012396 -0.223798 0.008577
v -0.010454 -0.224780 0.006341
v 0.012643 -0.108140 0.003739
v 0.014485 -0.109072 0.001619
v 0.323182 0.808711 -0.066576
v 0.324656 0.807707 -0.067612
v 0.281713 0.837878 -0.153791
v 0.283517 0.836648 -0.155059
v 0.395171 0.898694 -0.050728
v 0.397079 0.897394 -0.052070
v 0.396198 0.882298 0.017773
v 0.398352 0.881470 0.019691
v 0.251744 0.813116 0.148517
v 0.254550 0.812038 0.151013
v 0.378797 0.777606 -0.007799
v 0.380937 0.776784 -0.005895
v 0.138102 0.578591 0.063937
v 0.140106 0.577314 0.065413
v 0.237788 0.652572 -0.007617
v 0.239562 0.651440 -0.006311
v 0.205067 0.711805 0.088432
v 0.206895 0.710639 0.089778
v 0.156583 0.639176 -0.080764
v 0.158723 0.637250 -0.082557
v 0.281575 0.838199 -0.153554
v 0.283655 0.836327 -0.155296
v 0.323054 0.808988 -0.066369
v 0.324784 0.807430 -0.067819
v 0.237779 0.652812 -0.006214
v 0.239571 0.651200 -0.007714
v 0.251454 0.812064 0.148500
v 0.254840 0.813090 0.151030
v 0.406489 0.690328 -0.010542
v 0.409035 0.691100 -0.008640
v 0.378775 0.776864 -0.007664
v 0.380959 0.777526 -0.006031
v 0.323026 0.807899 -0.066429
v 0.324812 0.808519 -0.067759
v 0.379211 0.776967 -0.006358
v 0.380523 0.777423 -0.007336
v 0.406858 0.690400 -0.008918
v 0.408666 0.691028 -0.010264
v 0.237499 0.652561 -0.008021
v 0.239851 0.651451 -0.005907
v 0.138166 0.578395 0.063832
v 0.140042 0.577509 0.065518
v 0.149810 0.462334 -0.010373
v 0.152128 0.461240 -0.008289
v 0.156696 0.638562 -0.080902
v 0.158610 0.637864 -0.082418
v 0.149659 0.462265 -0.008294
v 0.152279 0.461309 -0.010368
v 0.109633 0.591872 -0.119009
v 0.111435 0.591216 -0.120435
v -0.192679 -0.714632 -0.016733
v -0.189613 -0.715578 -0.019343
v -0.194142 -0.549006 -0.080417
v -0.191978 -0.549674 -0.082259
v -0.115293 -0.468480 -0.016220
v -0.112563 -0.469322 -0.018544
v -0.071007 -0.257150 -0.003253
v -0.066389 -0.258314 -0.001007
v -0.169634 -0.577926 0.035961
v -0.165706 -0.578916 0.037871
v -0.115386 -0.468533 -0.018091
v -0.112470 -0.469269 -0.016673
v 0.149169 0.462347 -0.011032
v 0.152769 0.461227 -0.007630
v 0.086798 0.556808 0.085216
v 0.090896 0.555534 0.089086
v -0.001353 0.109164 0.029207
v 0.004343 0.107392 0.034587
v 0.008971 0.007957 -0.007296
v 0.010545 0.007211 -0.010360
v -0.058260 0.220966 -0.092585
v -0.056406 0.220088 -0.096193
v -0.079094 0.024548 -0.104007
v -0.077696 0.023886 -0.106729
v 0.149724 0.462146 -0.007313
v 0.152214 0.461428 -0.011349
v -0.059153 0.221051 -0.091440
v -0.055513 0.220003 -0.097338
v 0.109096 0.591958 -0.117391
v 0.111972 0.591130 -0.122053
v -0.129449 -0.206086 -0.093970
v -0.126433 -0.206588 -0.096158
v -0.069986 -0.257517 -0.001195
v -0.067410 -0.257947 -0.003065
v -0.115798 -0.468589 -0.016026
v -0.112058 -0.469213 -0.018738
v -0.192969 -0.714838 -0.017268
v -0.189323 -0.715372 -0.018808
v -0.259994 -0.935124 -0.095050
v -0.254488 -0.935932 -0.097376
v -0.195528 -0.548978 -0.080295
v -0.190592 -0.549702 -0.082381
v -0.122539 -0.116238 -0.134047
v -0.120189 -0.116442 -0.136295
v 0.008906 0.007658 -0.008013
v 0.010610 0.007510 -0.009643
v 0.012502 -0.108514 0.003694
v 0.014626 -0.108698 0.001664
v -0.079360 0.024301 -0.104445
v -0.077430 0.024133 -0.106291
v -0.000055 0.108216 0.031749
v 0.003045 0.108340 0.032045
v 0.011976 -0.108669 0.002528
v 0.015152 -0.108543 0.002830
v 0.008691 0.007542 -0.008930
v 0.010825 0.007626 -0.008726
v -0.248751 -1.356655 -0.080633
v -0.245899 -1.356705 -0.081887
v -0.225414 -1.118732 -0.032580
v -0.221026 -1.118808 -0.034510
v -0.216568 -1.378034 -0.005770
v -0.213568 -1.378086 -0.007090
v -0.192531 -0.715162 -0.019195
v -0.189761 -0.715048 -0.016881
v -0.279265 -0.790016 0.088273
v -0.276457 -0.789900 0.090617
v -0.163398 -0.934863 -0.044445
v -0.160110 -0.934727 -0.041699
v -0.318233 -1.110690 -0.101090
v -0.314475 -1.109930 -0.104408
v -0.248537 -1.356925 -0.080190
v -0.246113 -1.356435 -0.082330
v -0.300704 -1.383599 -0.145102
v -0.298138 -1.383081 -0.147368
v -0.298372 -1.451177 0.049201
v -0.296322 -1.450763 0.050775
v -0.306945 -1.548180 0.086304
v -0.305061 -1.547799 0.087751
v -0.214491 -1.580171 -0.026219
v -0.212107 -1.579689 -0.024389
v -0.215689 -1.580429 -0.024000
v -0.210909 -1.579431 -0.026608
v -0.138644 -1.885821 0.000533
v -0.134330 -1.884919 -0.001821
v -0.244178 -1.806559 -0.162929
v -0.240266 -1.805741 -0.165064
v -0.184823 -1.748678 0.079389
v -0.181485 -1.747802 0.079827
v -0.138682 -1.885946 -0.000932
v -0.134292 -1.884794 -0.000356
v -0.215653 -1.580547 -0.025613
v -0.210945 -1.579312 -0.024995
v -1.125895 1.833852 0.120561
v -1.123939 1.833408 0.122154
v -1.086530 1.689240 0.032822
v -1.084674 1.688820 0.034334
v -1.092400 1.765887 0.061731
v -1.091108 1.765594 0.062783
v -0.319177 -1.464149 -0.059776
v -0.314059 -1.462111 -0.062906
v -0.244225 -1.806947 -0.162772
v -0.240219 -1.805352 -0.165222
v -0.332530 -1.704309 -0.241032
v -0.329018 -1.702911 -0.243180
v -1.373094 1.525971 0.004163
v -1.371306 1.524669 0.002465
v -1.455269 1.421553 -0.001822
v -1.453231 1.420067 -0.003758
v -1.452973 1.582654 -0.123056
v -1.450767 1.581046 -0.125152
v -1.556996 1.460428 -0.123068
v -1.554264 1.457732 -0.125618
v -1.612519 1.296486 -0.010007
v -1.610601 1.294594 -0.011797
v -1.720291 1.241995 -0.067473
v -1.717969 1.239705 -0.069639
v -1.369437 1.696980 -0.121625
v -1.368043 1.695980 -0.122807
v -1.371068 1.636539 -0.072747
v -1.369872 1.635681 -0.073759
v -1.452671 1.582425 -0.123426
v -1.451069 1.581275 -0.124782
v -1.455638 1.421601 -0.001775
v -1.452862 1.420019 -0.003805
v -1.510702 1.526415 -0.158956
v -1.508718 1.525285 -0.160407
v -1.452879 1.582425 -0.123366
v -1.450861 1.581275 -0.124842
v -0.214542 -1.580662 -0.026128
v -0.212056 -1.579198 -0.024480
v -0.307368 -1.548795 0.086122
v -0.304638 -1.547185 0.087932
v -0.184702 -1.749152 0.078582
v -0.181606 -1.747328 0.080635
v -1.541289 1.434189 0.079157
v -1.536591 1.431430 0.079587
v -1.733140 1.096519 0.003120
v -1.728000 1.093501 0.003591
v -1.613247 1.296531 -0.011057
v -1.609873 1.294549 -0.010747
v -1.479041 1.667941 -0.066347
v -1.480279 1.669439 -0.067080
v -1.555007 1.589113 -0.099479
v -1.556373 1.590767 -0.100287
v -1.546306 1.650218 0.011361
v -1.547614 1.651802 0.010586
v 0.613508 1.912574 -0.111718
v 0.615788 1.914906 -0.111540
v 0.425152 2.096089 -0.117293
v 0.428224 2.099231 -0.117053
v 0.563046 1.959047 -0.069097
v 0.564910 1.960953 -0.068951
v -1.437605 1.733112 -0.014529
v -1.439535 1.736068 -0.016303
v -1.270179 1.845120 -0.011956
v -1.271641 1.847360 -0.013300
v -1.158423 1.879326 -0.083718
v -1.160557 1.882594 -0.085679
v -1.387538 1.802529 0.036673
v -1.388622 1.804191 0.035676
v 0.359675 2.032047 0.122753
v 0.361613 2.035813 0.124655
v 0.236258 2.126874 0.061894
v 0.237602 2.129486 0.063213
v 0.079786 2.188339 0.097821
v 0.081742 2.192141 0.099741
v -1.437882 1.733282 -0.016279
v -1.439258 1.735898 -0.014553
v -1.402970 1.673729 0.101186
v -1.404170 1.676011 0.102692
v -1.246163 1.758100 0.097144
v -1.247699 1.761020 0.099072
v -1.367837 1.695204 -0.121018
v -1.369643 1.697756 -0.123414
v -1.158175 1.879101 -0.082952
v -1.160805 1.882819 -0.086444
v -1.437578 1.733187 -0.014099
v -1.439562 1.735993 -0.016733
v -0.678285 2.078429 0.034194
v -0.678285 2.080971 0.035280
v -0.871124 2.096521 -0.008669
v -0.871124 2.100079 -0.007149
v -0.710426 2.044234 0.114002
v -0.710426 2.046867 0.115127
v -0.611185 2.071969 -0.068534
v -0.611773 2.074491 -0.070248
v -0.671339 2.004064 -0.148268
v -0.671827 2.006156 -0.149690
v -0.808210 2.014455 -0.086528
v -0.808850 2.017205 -0.088398
v -1.519298 1.720699 0.007412
v -1.520002 1.722981 0.006132
v -1.438301 1.733717 -0.014927
v -1.438839 1.735463 -0.015906
v -1.368329 1.695147 -0.121468
v -1.369151 1.697814 -0.122964
v 0.135871 2.179271 -0.104716
v 0.135687 2.182248 -0.107202
v -0.042377 2.153682 -0.121843
v -0.042533 2.156218 -0.123960
v -0.045475 2.260421 0.006784
v -0.045653 2.263299 0.004382
v -0.101337 2.140026 0.127557
v -0.102245 2.142294 0.129371
v -0.044978 2.260394 0.004410
v -0.046150 2.263326 0.006755
v -0.228519 2.133944 0.071593
v -0.229571 2.136577 0.073699
v -0.678524 2.078547 0.034145
v -0.678046 2.080853 0.035329
v -0.710663 2.044405 0.113977
v -0.710189 2.046695 0.115153
v -0.532241 2.004141 0.119511
v -0.531607 2.007199 0.121081
v -0.045060 2.260700 0.006566
v -0.046068 2.263020 0.004599
v -0.041961 2.153813 -0.121938
v -0.042949 2.156086 -0.123865
v -0.180237 2.166443 -0.035980
v -0.181235 2.168737 -0.037925
v -0.045220 2.260815 0.004313
v -0.045908 2.262905 0.006853
v 0.081118 2.189165 0.097475
v 0.080410 2.191315 0.100087
v -0.101429 2.140059 0.127127
v -0.102153 2.142261 0.129801
v -0.982948 2.095365 -0.021827
v -0.982712 2.097535 -0.023879
v -0.871215 2.097463 -0.007118
v -0.871033 2.099137 -0.008701
v -0.808655 2.014684 -0.086379
v -0.808405 2.016976 -0.088547
v -1.270869 1.845209 -0.013442
v -1.270951 1.847271 -0.011814
v -1.388036 1.802264 0.035309
v -1.388124 1.804456 0.037041
v -1.246886 1.758432 0.097216
v -1.246976 1.760688 0.098999
v -1.546881 1.650209 0.011407
v -1.547039 1.651811 0.010541
v -1.555581 1.588840 -0.099288
v -1.555799 1.591040 -0.100478
v -1.612096 1.644375 0.013013
v -1.612264 1.646065 0.012099
v -1.403548 1.673630 0.101302
v -1.403592 1.676110 0.102575
v -1.438553 1.733655 -0.015896
v -1.438587 1.735525 -0.014936
v -1.519632 1.720816 0.006246
v -1.519668 1.722864 0.007297
v 0.773004 1.903875 -0.095912
v 0.772716 1.907625 -0.099538
v 0.816954 2.008752 0.008449
v 0.816706 2.011988 0.005319
v 1.136898 2.024059 0.002422
v 1.136522 2.028941 -0.002299
v -1.555488 1.458237 -0.123717
v -1.555772 1.459923 -0.124969
v -1.614511 1.441075 -0.133720
v -1.614789 1.442725 -0.134944
v -1.641858 1.528763 -0.007713
v -1.642262 1.531157 -0.009491
v 0.096844 0.902366 0.004068
v 0.096198 0.904590 0.006028
v 0.210916 0.864436 0.084833
v 0.210328 0.866462 0.086619
v 0.259746 0.963278 -0.010940
v 0.259098 0.965510 -0.008972
v 0.097164 0.902081 0.006381
v 0.095878 0.904875 0.003715
v 0.259975 0.963193 -0.008810
v 0.258869 0.965595 -0.011102
v 0.283287 0.835803 -0.153032
v 0.281943 0.838723 -0.155818
v 0.211201 0.864481 0.085011
v 0.210043 0.866417 0.086441
v 0.323209 0.939231 0.074272
v 0.322205 0.940909 0.075512
v 0.259946 0.963517 -0.010604
v 0.258898 0.965271 -0.009308
v 0.087922 0.716915 0.019556
v 0.087420 0.719197 0.017400
v 0.157820 0.637455 -0.080943
v 0.157486 0.638971 -0.082377
v 0.110733 0.590640 -0.118868
v 0.110335 0.592448 -0.120577
v -0.137038 -1.884574 -0.002328
v -0.135936 -1.886166 0.001040
v -0.183823 -1.747273 0.077563
v -0.182485 -1.749207 0.081654
v -0.331680 -2.030372 -0.009767
v -0.330132 -2.032608 -0.005036
v -1.402640 1.673940 0.100713
v -1.404500 1.675800 0.103164
v -1.546093 1.650143 0.009831
v -1.547827 1.651877 0.012117
v -1.529546 1.512536 0.126780
v -1.531454 1.514444 0.129295
v -1.043067 2.025813 0.005349
v -1.045747 2.029067 0.008997
v -1.245806 1.758195 0.096577
v -1.248056 1.760925 0.099639
v -1.124041 1.832567 0.120166
v -1.125793 1.834693 0.122550
v -0.306994 -1.265491 0.122580
v -0.308384 -1.266769 0.125554
v -0.363518 -1.403402 0.037796
v -0.364470 -1.404278 0.039832
v -0.296819 -1.450484 0.048858
v -0.297875 -1.451456 0.051118
v -1.402711 1.674465 0.100699
v -1.404429 1.675275 0.103178
v -1.519040 1.721553 0.005892
v -1.520260 1.722127 0.007652
v -1.546313 1.650705 0.010041
v -1.547607 1.651315 0.011907
v -0.870322 2.097072 -0.009495
v -0.871926 2.099528 -0.006323
v -0.888494 1.898670 0.134689
v -0.890178 1.901250 0.138021
v -0.709650 2.044361 0.113028
v -0.711202 2.046740 0.116101
v -0.353801 -1.870909 0.239233
v -0.358259 -1.872551 0.244981
v -0.505385 -1.850825 0.128441
v -0.509701 -1.852415 0.134005
v -0.462441 -2.405269 -0.001637
v -0.469069 -2.407711 0.006910
v 0.611647 2.139885 -0.017721
v 0.613633 2.141535 -0.014319
v 0.481401 2.196278 0.031631
v 0.483477 2.198002 0.035184
v 0.530525 1.901365 0.143860
v 0.533259 1.903636 0.148540
v -0.011746 -0.223519 0.006652
v -0.011104 -0.225059 0.008266
v -0.171564 -0.209462 0.082114
v -0.170726 -0.211472 0.084220
v -0.068972 -0.257075 -0.002818
v -0.068424 -0.258389 -0.001442
v -0.177306 2.066414 0.136436
v -0.177970 2.069206 0.139822
v -0.228733 2.133945 0.071051
v -0.229357 2.136575 0.074240
v -0.531432 2.003599 0.117785
v -0.532416 2.007741 0.122807
v 0.218099 2.404785 -0.008494
v 0.216977 2.408195 -0.004350
v -0.045104 2.260463 0.003884
v -0.046024 2.263257 0.007281
v 0.081201 2.188913 0.097168
v 0.080327 2.191567 0.100394
v -0.228639 2.133479 0.070437
v -0.229451 2.137041 0.074855
v -0.495652 2.092942 0.054477
v -0.496170 2.095218 0.057301
v -0.531623 2.004348 0.118656
v -0.532225 2.006992 0.121936
v -0.495710 2.093197 0.054793
v -0.496112 2.094963 0.056985
v -0.678037 2.078611 0.033385
v -0.678533 2.080789 0.036088
v -0.531722 2.004784 0.119197
v -0.532126 2.006556 0.121395
v -0.888865 1.898675 0.134508
v -0.889807 1.901245 0.138201
v -1.043942 2.026171 0.005350
v -1.044872 2.028709 0.008996
v -1.124446 1.832344 0.119510
v -1.125388 1.834916 0.123205
v -0.888942 1.898589 0.134439
v -0.889730 1.901331 0.138271
v -0.982579 2.095578 -0.024071
v -0.983081 2.097322 -0.021635
v -1.044144 2.026524 0.005893
v -1.044670 2.028356 0.008453
v -0.870843 2.097322 -0.009275
v -0.871405 2.099278 -0.006543
v -1.721412 1.395754 -0.009778
v -1.723268 1.396886 -0.005999
v -1.820882 1.137712 0.018850
v -1.822478 1.138688 0.022102
v -1.740618 1.221242 0.033856
v -1.741822 1.221978 0.036308
v -0.045413 2.260804 0.003999
v -0.045715 2.262915 0.007166
v -0.212119 2.232685 0.007479
v -0.212335 2.234195 0.009745
v -0.228913 2.134338 0.071262
v -0.229177 2.136183 0.074029
v -0.212227 2.232758 0.007565
v -0.212227 2.234122 0.009659
v -0.354574 2.254192 -0.006540
v -0.354574 2.255928 -0.003874
v -0.229045 2.134460 0.071417
v -0.229045 2.136060 0.073874
v 0.284775 2.240015 -0.017410
v 0.286097 2.241565 -0.014366
v 0.080058 2.189412 0.097155
v 0.081470 2.191068 0.100407
v 0.236386 2.127542 0.061301
v 0.237474 2.128818 0.063807
v 0.602331 1.817730 0.143341
v 0.603649 1.817910 0.144920
v 0.678236 1.790459 0.082707
v 0.679572 1.790641 0.084307
v 0.653955 1.907023 0.089317
v 0.655385 1.907217 0.091029
v -0.677998 2.078677 0.033010
v -0.678572 2.080723 0.036463
v -0.487761 2.198353 -0.007796
v -0.488603 2.201347 -0.002743
v -0.870724 2.096875 -0.010314
v -0.871524 2.099725 -0.005504
v -0.495704 2.093345 0.054649
v -0.496118 2.094815 0.057129
v -0.487946 2.199009 -0.006688
v -0.488418 2.200691 -0.003850
v -0.678007 2.078711 0.033068
v -0.678563 2.080689 0.036406
v -0.177265 2.067318 0.137327
v -0.178011 2.068302 0.138931
v -0.101362 2.140594 0.127542
v -0.102220 2.141726 0.129386
v -0.228614 2.134691 0.071719
v -0.229476 2.135829 0.073572
v 0.360717 2.032993 0.122108
v 0.360571 2.034867 0.125299
v 0.482529 2.195988 0.031446
v 0.482349 2.198292 0.035370
v 0.237009 2.127162 0.060819
v 0.236851 2.129198 0.064288
v 0.654507 1.906527 0.089028
v 0.654833 1.907713 0.091318
v 0.534352 1.825089 0.149232
v 0.534622 1.826071 0.151126
v 0.602879 1.817418 0.143354
v 0.603101 1.818222 0.144908
v -0.354310 2.254241 -0.006749
v -0.354838 2.255879 -0.003666
v -0.495620 2.093175 0.054187
v -0.496202 2.094985 0.057591
v -0.228718 2.134244 0.070735
v -0.229372 2.136276 0.074557
v -0.487992 2.199261 -0.006376
v -0.488372 2.200439 -0.004162
v 0.360284 2.033143 0.121802
v 0.361004 2.034717 0.125605
v 0.531453 1.901540 0.143881
v 0.532331 1.903460 0.148519
v 0.481995 2.196170 0.031064
v 0.482883 2.198110 0.035752
v -0.012009 -0.223520 0.006080
v -0.010841 -0.225058 0.008838
v -0.136096 -0.143479 0.103977
v -0.135254 -0.144589 0.105965
v -0.171566 -0.209912 0.082172
v -0.170724 -0.211022 0.084162
v -1.044058 2.026464 0.005074
v -1.044756 2.028417 0.009272
v -1.180522 1.977366 0.005762
v -1.181076 1.978914 0.009090
v -1.246511 1.758384 0.095580
v -1.247351 1.760736 0.100636
v 0.056578 2.065495 0.148746
v 0.057078 2.067025 0.152637
v 0.360290 2.032846 0.120946
v 0.360998 2.035014 0.126462
v 0.080506 2.189450 0.096770
v 0.081022 2.191030 0.100791
v 0.080690 2.189649 0.097342
v 0.080838 2.190830 0.100220
v -0.101874 2.140497 0.126848
v -0.101708 2.141823 0.130080
v 0.056758 2.065696 0.149316
v 0.056898 2.066824 0.152067
v 0.559992 2.331962 -0.013875
v 0.559518 2.334058 -0.010155
v 0.285660 2.239797 -0.017650
v 0.285212 2.241783 -0.014126
v 0.482658 2.196171 0.031688
v 0.482220 2.198109 0.035128
v 0.237140 2.127247 0.060900
v 0.236720 2.129113 0.064208
v 0.728205 1.689577 0.087533
v 0.729115 1.690143 0.089859
v 0.678525 1.790314 0.082537
v 0.679283 1.790786 0.084477
v 0.586916 1.744737 0.129010
v 0.587826 1.745303 0.131336
v 0.678313 1.790182 0.081982
v 0.679495 1.790918 0.085032
v 0.728076 1.689496 0.087190
v 0.729244 1.690224 0.090202
v 0.897921 1.820783 -0.011140
v 0.899519 1.821777 -0.007022
v 1.215837 1.682664 -0.007751
v 1.217223 1.686136 -0.000671
v 0.898241 1.820081 -0.011526
v 0.899199 1.822479 -0.006636
v 0.728057 1.688350 0.085618
v 0.729263 1.691370 0.091774
v -0.332136 -1.086510 0.092157
v -0.332892 -1.087170 0.095087
v -0.402181 -1.277365 0.030943
v -0.403041 -1.278115 0.034275
v -0.281954 -1.188085 0.082385
v -0.282586 -1.188635 0.084830
v -0.401767 -1.277521 0.031706
v -0.403455 -1.277959 0.033513
v -0.363025 -1.403589 0.037777
v -0.364963 -1.404091 0.039852
v -0.306719 -1.265879 0.123029
v -0.308659 -1.266381 0.125106
v -1.530431 1.512342 0.126680
v -1.530569 1.514638 0.129396
v -1.546914 1.650254 0.010079
v -1.547006 1.651766 0.011869
v -1.612132 1.644427 0.011618
v -1.612228 1.646013 0.013494
v 0.654099 1.907032 0.088911
v 0.655241 1.907208 0.091435
v 0.531478 1.902436 0.145284
v 0.532306 1.902564 0.147116
v 0.534030 1.825510 0.149167
v 0.534944 1.825650 0.151191
v 0.678100 1.790477 0.081841
v 0.679708 1.790623 0.085173
v 0.815839 2.010280 0.004832
v 0.817821 2.010460 0.008936
v 0.653992 1.907058 0.088768
v 0.655348 1.907182 0.091578
v 0.613424 2.139079 -0.018012
v 0.611856 2.142341 -0.014028
v 0.533005 1.900185 0.143372
v 0.530779 1.904815 0.149027
v 0.854698 2.254127 -0.018399
v 0.852562 2.258573 -0.012969
v 0.415072 0.969992 0.122264
v 0.417192 0.969320 0.124668
v 0.583985 1.060192 -0.002496
v 0.586459 1.059408 0.000310
v 0.457636 1.077782 0.115419
v 0.459418 1.077218 0.117440
v 0.815848 2.010336 0.004936
v 0.817812 2.010404 0.008831
v 0.852207 2.256300 -0.018506
v 0.855053 2.256400 -0.012863
v 0.653333 1.907073 0.087522
v 0.656007 1.907166 0.092824
v 0.414761 0.969994 0.121842
v 0.417503 0.969318 0.125090
v 0.587752 0.989611 -0.019925
v 0.589550 0.989167 -0.017793
v 0.584311 1.060025 -0.002173
v 0.586133 1.059575 -0.000013
v 0.653584 1.907017 0.087796
v 0.655756 1.907223 0.092550
v 0.851815 2.256178 -0.019658
v 0.855445 2.256522 -0.011710
v 0.530630 1.902381 0.143437
v 0.533154 1.902619 0.148963
v 0.415275 0.970206 0.122510
v 0.416989 0.969106 0.124422
v 0.426519 0.915576 0.080873
v 0.428115 0.914552 0.082653
v 0.587401 0.990190 -0.020253
v 0.589901 0.988588 -0.017465
v 0.933063 1.547632 -0.003075
v 0.934697 1.548648 0.002181
v 0.581816 1.573028 0.102117
v 0.583302 1.573952 0.106893
v 0.729580 1.499974 0.070578
v 0.730660 1.500646 0.074052
v 0.612001 2.140567 -0.017547
v 0.613280 2.140854 -0.014494
v 0.559093 2.332861 -0.013596
v 0.560417 2.333159 -0.010434
v 0.481867 2.197011 0.032041
v 0.483011 2.197268 0.034774
v 0.252010 0.812411 0.148434
v 0.254284 0.812743 0.151096
v 0.396302 0.881742 0.017593
v 0.398248 0.882026 0.019871
v 0.321867 0.939947 0.073909
v 0.323547 0.940193 0.075875
v 0.284528 2.240524 -0.017641
v 0.286344 2.241056 -0.014135
v 0.216551 2.406201 -0.008328
v 0.218525 2.406780 -0.004516
v 0.079646 2.189912 0.096621
v 0.081882 2.190568 0.100941
v -0.298588 -1.450641 0.048598
v -0.296106 -1.451299 0.051378
v -0.216000 -1.377813 -0.007474
v -0.214136 -1.378307 -0.005385
v -0.183301 -1.205448 0.003278
v -0.180495 -1.206192 0.006422
v 0.584395 1.060467 -0.002093
v 0.586049 1.059134 -0.000093
v 0.534050 1.139367 0.092997
v 0.535310 1.138353 0.094519
v 0.457789 1.078095 0.115538
v 0.459265 1.076905 0.117322
v 0.773007 1.327595 -0.019294
v 0.774813 1.326625 -0.016546
v 0.729120 1.500847 0.070792
v 0.731120 1.499773 0.073837
v 0.638223 1.323054 0.067987
v 0.640025 1.322086 0.070731
v 0.744602 1.135636 -0.010252
v 0.746498 1.135084 -0.006320
v 0.638221 1.322834 0.067484
v 0.640027 1.322306 0.071234
v 0.533765 1.139126 0.091861
v 0.535595 1.138594 0.095655
v 0.150265 0.462363 -0.010345
v 0.151673 0.461211 -0.008317
v 0.138619 0.578349 0.063977
v 0.139589 0.577555 0.065373
v 0.088337 0.556589 0.086417
v 0.089357 0.555753 0.087885
v 0.001080 0.108693 0.030790
v 0.001910 0.107863 0.033004
v 0.009298 0.008044 -0.010056
v 0.010218 0.007124 -0.007600
v 0.147192 0.129167 -0.016228
v 0.148258 0.128101 -0.013386
v 0.678904 1.789307 0.079955
v 0.678904 1.791793 0.087059
v 1.136710 2.025178 -0.003714
v 1.136710 2.027822 0.003837
v 0.816830 2.009443 0.004234
v 0.816830 2.011297 0.009533
v 0.056935 2.065907 0.148772
v 0.056721 2.066613 0.152612
v -0.101717 2.140917 0.127145
v -0.101865 2.141403 0.129783
v -0.177549 2.067518 0.136539
v -0.177727 2.068103 0.139718
v -0.069696 -0.257338 -0.003550
v -0.067700 -0.258126 -0.000710
v -0.172055 -0.210108 0.081872
v -0.170235 -0.210826 0.084462
v -0.237328 -0.399281 0.074845
v -0.235020 -0.400191 0.078131
v -1.246098 1.760091 0.096572
v -1.247764 1.759029 0.099643
v -1.387517 1.803719 0.035136
v -1.388643 1.803001 0.037213
v -1.437868 1.735038 -0.016710
v -1.439272 1.734143 -0.014122
v 0.407065 0.692055 -0.011290
v 0.408459 0.689373 -0.007892
v 0.252593 0.813643 0.148415
v 0.253701 0.811511 0.151115
v 0.205467 0.712210 0.087853
v 0.206495 0.710234 0.090357
v 0.602534 1.818045 0.143463
v 0.603446 1.817595 0.144798
v 0.586885 1.745259 0.129462
v 0.587857 1.744781 0.130884
v 0.678353 1.790821 0.082701
v 0.679455 1.790279 0.084313
v -0.710426 2.045257 0.112617
v -0.710426 2.045844 0.116513
v -0.889336 1.899532 0.133514
v -0.889336 1.900388 0.139195
v -0.531924 2.005277 0.117684
v -0.531924 2.006063 0.122908
v -1.821414 0.963607 0.013424
v -1.822046 0.963475 0.017610
v -1.740945 1.221668 0.033261
v -1.741495 1.221552 0.036903
v -1.821473 1.138243 0.019107
v -1.821886 1.138157 0.021845
v -0.402075 -1.277647 0.031235
v -0.403147 -1.277833 0.033984
v -0.444332 -1.449447 0.002876
v -0.445290 -1.449613 0.005334
v -0.363596 -1.403771 0.037793
v -0.364392 -1.403909 0.039835
v 0.773044 1.327887 -0.019845
v 0.774776 1.326333 -0.015995
v 0.932975 1.548952 -0.002459
v 0.934785 1.547328 0.001565
v 0.729349 1.501002 0.070600
v 0.730891 1.499618 0.074029
v -0.136664 -0.143872 0.103576
v -0.134686 -0.144196 0.106366
v -0.012233 -0.224156 0.006319
v -0.010617 -0.224422 0.008600
v 0.012736 -0.108470 0.001511
v 0.014392 -0.108742 0.003847
v -0.163356 -0.934519 -0.044767
v -0.160152 -0.935071 -0.041377
v -0.279579 -0.789662 0.087629
v -0.276143 -0.790254 0.091262
v -0.334356 -1.086523 0.091674
v -0.330672 -1.087157 0.095570
v -0.064656 0.124070 0.077189
v -0.061726 0.123670 0.081325
v -0.136943 -0.143861 0.103182
v -0.134407 -0.144207 0.106760
v 0.012357 -0.108441 0.000976
v 0.014771 -0.108771 0.004382
v -0.064117 0.123997 0.077950
v -0.062265 0.123743 0.080564
v 0.012262 -0.108428 0.000841
v 0.014866 -0.108784 0.004517
v 0.000671 0.108391 0.030735
v 0.002319 0.108165 0.033059
v -0.030836 0.358247 0.074865
v -0.028140 0.357879 0.078669
v -0.064062 0.123989 0.078027
v -0.062319 0.123751 0.080487
v 0.000571 0.108404 0.030594
v 0.002419 0.108152 0.033200
v 0.685217 1.270891 -0.008198
v 0.686127 1.269729 -0.006864
v 0.773332 1.327848 -0.018768
v 0.774488 1.326372 -0.017072
v 0.638549 1.323304 0.068516
v 0.639699 1.321836 0.070202
v 0.088280 0.556660 0.083957
v 0.089414 0.555682 0.090345
v -0.029887 0.358408 0.074516
v -0.029089 0.357718 0.079018
v 0.000908 0.108785 0.028589
v 0.002082 0.107771 0.035205
v 0.728298 1.690106 0.087118
v 0.729022 1.689614 0.090274
v 0.587024 1.745256 0.128659
v 0.587718 1.744784 0.131687
v 0.582180 1.573747 0.102853
v 0.582938 1.573233 0.106157
v 0.933078 1.548753 -0.003276
v 0.934682 1.547527 0.002382
v 0.728087 1.690299 0.086672
v 0.729233 1.689421 0.090719
v 0.581855 1.574028 0.102022
v 0.583263 1.572952 0.106988
v 0.584733 1.060731 -0.002129
v 0.585711 1.058869 -0.000057
v 0.744903 1.136594 -0.009658
v 0.746197 1.134126 -0.006914
v 0.534102 1.139962 0.092532
v 0.535258 1.137758 0.094984
v 0.534672 1.138535 0.092830
v 0.534688 1.139185 0.094686
v 0.521248 1.238047 0.057233
v 0.521270 1.238953 0.059822
v 0.458516 1.077057 0.115163
v 0.458538 1.077943 0.117697
v 0.729832 1.500488 0.070602
v 0.730408 1.500132 0.074028
v 0.582224 1.573697 0.102513
v 0.582894 1.573283 0.106497
v 0.638764 1.322793 0.067219
v 0.639484 1.322347 0.071499
v 0.125756 0.655033 0.061605
v 0.126416 0.655187 0.063245
v 0.088551 0.556102 0.086414
v 0.089143 0.556240 0.087888
v 0.138861 0.577895 0.064071
v 0.139347 0.578009 0.065279
v -0.216005 -1.377951 -0.007659
v -0.214131 -1.378169 -0.005200
v -0.298194 -1.450871 0.048877
v -0.296500 -1.451069 0.051099
v -0.214374 -1.579804 -0.026714
v -0.212224 -1.580056 -0.023894
v -0.234905 -0.399648 0.074015
v -0.237443 -0.399823 0.078961
v -0.421491 -0.545840 -0.024808
v -0.423209 -0.545958 -0.021460
v -0.384900 -0.679645 -0.010725
v -0.386930 -0.679785 -0.006770
v 0.149921 0.461841 -0.012582
v 0.152017 0.461733 -0.006080
v 0.000707 0.108319 0.029452
v 0.002283 0.108237 0.034342
v 0.147014 0.128671 -0.017013
v 0.148436 0.128597 -0.012601
v -0.168786 -0.578341 0.034644
v -0.166554 -0.578501 0.039189
v -0.069894 -0.257647 -0.004564
v -0.067502 -0.257817 0.000304
v -0.237071 -0.399672 0.074662
v -0.235277 -0.399800 0.078315
v -0.237467 -0.399692 0.074012
v -0.234881 -0.399780 0.078964
v -0.279261 -0.789911 0.086764
v -0.276461 -0.790005 0.092126
v -0.168637 -0.578388 0.035065
v -0.166703 -0.578454 0.038767
v -0.286399 -0.098585 -0.010726
v -0.288543 -0.098385 -0.007812
v -0.170402 -0.210536 0.082157
v -0.171888 -0.210398 0.084178
v -0.134906 -0.144106 0.103925
v -0.136444 -0.143962 0.106017
v 0.933404 1.549048 -0.002998
v 0.934355 1.547232 0.002103
v 1.215864 1.685671 -0.007783
v 1.217196 1.683128 -0.000639
v 0.728034 1.691055 0.085339
v 0.729286 1.688665 0.092052
v -0.047557 1.879097 0.118674
v -0.047791 1.878563 0.122878
v 0.056946 2.066530 0.148568
v 0.056710 2.065990 0.152816
v -0.177517 2.068088 0.135942
v -0.177759 2.067532 0.140316
v 0.677476 1.792349 0.080708
v 0.680332 1.788751 0.086306
v 0.897681 1.822590 -0.011119
v 0.899760 1.819970 -0.007044
v 1.135144 2.028473 -0.003008
v 1.138276 2.024527 0.003132
v 0.206340 0.711250 0.087962
v 0.205622 0.711194 0.090248
v 0.126342 0.655130 0.061612
v 0.125830 0.655090 0.063238
v 0.139430 0.577978 0.063636
v 0.138778 0.577926 0.065714
v -0.062466 0.123754 0.077561
v -0.063916 0.123986 0.080953
v -0.028342 0.357879 0.074084
v -0.030634 0.358247 0.079450
v -0.144601 -0.001848 0.050791
v -0.146581 -0.001530 0.055423
v -0.234063 -0.400060 0.073808
v -0.238285 -0.399412 0.079168
v -0.384418 -0.679945 -0.010649
v -0.387412 -0.679485 -0.006847
v -0.276177 -0.790217 0.087307
v -0.279545 -0.789699 0.091583
v 0.459257 1.076295 0.114801
v 0.457797 1.078705 0.118059
v 0.441684 1.276008 -0.039726
v 0.440372 1.278172 -0.036798
v 0.333557 1.170188 -0.009723
v 0.332415 1.172072 -0.007175
v 0.427483 0.915589 0.081125
v 0.427151 0.914539 0.082401
v 0.416300 0.970186 0.122822
v 0.415964 0.969126 0.124109
v 0.322910 0.940713 0.074111
v 0.322504 0.939427 0.075673
v -0.384335 -0.679978 -0.010774
v -0.387495 -0.679452 -0.006722
v -0.439088 -1.036515 -0.008698
v -0.442988 -1.035866 -0.003696
v -0.276427 -0.790197 0.087606
v -0.279295 -0.789719 0.091284
v -1.539070 1.433588 0.076183
v -1.538810 1.432032 0.082561
v -1.741300 1.222090 0.033114
v -1.741140 1.221130 0.037050
v -1.730669 1.095603 0.000927
v -1.730471 1.094418 0.005785
v -0.276000 -0.790326 0.087239
v -0.279722 -0.789590 0.091651
v -0.439621 -1.036470 -0.007877
v -0.442455 -1.035910 -0.004517
v -0.331123 -1.087115 0.091973
v -0.333905 -1.086565 0.095271
v 0.582783 1.573702 0.103044
v 0.582335 1.573278 0.105966
v 0.587668 1.745302 0.128231
v 0.587074 1.744738 0.132115
v 0.445649 1.552740 0.078952
v 0.445101 1.552220 0.082532
v 0.375756 1.806726 0.064160
v 0.376148 1.805254 0.070198
v 0.360482 2.034539 0.121207
v 0.360806 2.033321 0.126200
v 0.056611 2.067077 0.147344
v 0.057045 2.065444 0.154040
v 0.535625 1.825296 0.148072
v 0.533349 1.825864 0.152286
v 0.376833 1.805770 0.065549
v 0.375071 1.806210 0.068809
v 0.312380 1.603177 0.057248
v 0.309956 1.603783 0.061734
v 0.253550 0.811838 0.148882
v 0.252744 0.813316 0.150647
v 0.323175 0.939211 0.073866
v 0.322239 0.940929 0.075918
v 0.210980 0.864792 0.084941
v 0.210264 0.866106 0.086511
v 0.587694 1.745300 0.128351
v 0.587048 1.744740 0.131995
v 0.603357 1.818138 0.142061
v 0.602623 1.817502 0.146201
v 0.311733 1.603971 0.056299
v 0.310603 1.602989 0.062682
v 0.122942 0.791723 -0.016315
v 0.121364 0.791017 -0.014417
v 0.211493 0.865839 0.084679
v 0.209751 0.865059 0.086773
v 0.097284 0.903820 0.004129
v 0.095758 0.903136 0.005967
v 0.446574 1.551931 0.079456
v 0.444176 1.553029 0.082027
v 0.589095 1.744231 0.128324
v 0.585647 1.745810 0.132021
v 0.357829 1.597503 -0.023529
v 0.355005 1.598797 -0.020501
v 0.206528 0.710899 0.088163
v 0.205434 0.711545 0.090047
v 0.088183 0.717754 0.017597
v 0.087159 0.718358 0.019359
v 0.126514 0.654857 0.061688
v 0.125658 0.655363 0.063162
v 0.535056 1.825541 0.149099
v 0.533918 1.825619 0.151259
v 0.532504 1.902459 0.145037
v 0.531280 1.902541 0.147362
v 0.376792 1.805933 0.065584
v 0.375112 1.806047 0.068774
v -0.010814 0.587344 -0.007550
v -0.012490 0.588120 -0.004973
v 0.126724 0.654815 0.061445
v 0.125448 0.655405 0.063405
v 0.088303 0.717764 0.017507
v 0.087039 0.718348 0.019449
v -0.363872 -1.403995 0.037416
v -0.364116 -1.403685 0.040212
v -0.384735 -1.616900 0.058221
v -0.385065 -1.616480 0.062009
v -0.297236 -1.451111 0.048718
v -0.297458 -1.450829 0.051258
v -0.363314 -1.404039 0.037501
v -0.364674 -1.403641 0.040127
v -0.444193 -1.449711 0.002913
v -0.445429 -1.449349 0.005298
v -0.384031 -1.616945 0.058438
v -0.385769 -1.616435 0.061792
v 0.534428 1.826351 0.148459
v 0.534546 1.824809 0.151899
v 0.311063 1.604838 0.056460
v 0.311273 1.602121 0.062522
v 0.602924 1.818676 0.142220
v 0.603056 1.816964 0.146042
v 0.582697 1.573913 0.103335
v 0.582421 1.573067 0.105675
v 0.445511 1.552899 0.079582
v 0.445239 1.552061 0.081902
v 0.531621 1.471120 0.059787
v 0.531367 1.470340 0.061947
v -0.134449 -0.144518 0.103407
v -0.136901 -0.143550 0.106535
v -0.061963 0.123386 0.077691
v -0.064419 0.124354 0.080823
v -0.144725 -0.002031 0.052002
v -0.146457 -0.001347 0.054212
v 0.416863 0.969014 0.122458
v 0.415401 0.970298 0.124474
v 0.324437 1.065491 -0.006245
v 0.322777 1.066949 -0.003957
v 0.323348 0.939506 0.074008
v 0.322066 0.940634 0.075776
v 0.088110 0.717483 0.017685
v 0.087232 0.718629 0.019271
v 0.206552 0.710475 0.088072
v 0.205410 0.711969 0.090138
v 0.122627 0.790750 -0.016223
v 0.121679 0.791990 -0.014510
v -0.010568 0.587154 -0.007620
v -0.012736 0.588310 -0.004902
v -0.028150 0.357350 0.075090
v -0.030826 0.358776 0.078444
v 0.089892 0.555614 0.085841
v 0.087802 0.556728 0.088461
v -0.028368 0.357556 0.075607
v -0.030608 0.358570 0.077927
v -0.010201 0.587076 -0.007764
v -0.013103 0.588389 -0.004758
v -0.097542 0.389363 -0.005190
v -0.099602 0.390295 -0.003056
v 0.442091 1.276242 -0.039483
v 0.439965 1.277937 -0.037041
v 0.459730 1.076541 0.115048
v 0.457324 1.078459 0.117812
v 0.522126 1.237809 0.057532
v 0.520392 1.239191 0.059524
v 0.089508 0.555706 0.086285
v 0.088186 0.556636 0.088017
v 0.126819 0.654594 0.061465
v 0.125353 0.655626 0.063385
v -0.010834 0.587156 -0.007333
v -0.012470 0.588308 -0.005189
v -0.037844 1.714901 -0.006488
v -0.034312 1.712319 -0.002774
v 0.055036 2.067570 0.148807
v 0.058620 2.064950 0.152576
v -0.048915 1.879737 0.119471
v -0.046433 1.877923 0.122080
v -0.046978 1.879452 0.119148
v -0.048370 1.878208 0.122404
v -0.177031 2.068352 0.136709
v -0.178245 2.067268 0.139549
v -0.186669 1.963100 0.092666
v -0.187653 1.962220 0.094970
v -0.443752 -1.449945 0.001719
v -0.445870 -1.449115 0.006491
v -0.575891 -1.795866 0.003088
v -0.578321 -1.794914 0.008562
v -0.384036 -1.617029 0.058168
v -0.385764 -1.616351 0.062063
v -0.179482 0.058641 -0.006002
v -0.181522 0.059917 -0.002750
v -0.286546 -0.099063 -0.010743
v -0.288396 -0.097907 -0.007795
v -0.134643 -0.144679 0.103327
v -0.136707 -0.143389 0.106615
v 0.055591 2.067755 0.148062
v 0.058065 2.064765 0.153321
v -0.037071 1.714810 -0.006742
v -0.035085 1.712410 -0.002520
v 0.078969 1.818802 -0.002064
v 0.080579 1.816858 0.001357
v 0.417070 0.969227 0.122472
v 0.415194 0.970085 0.124460
v 0.459454 1.077076 0.115447
v 0.457600 1.077924 0.117412
v 0.324750 1.065697 -0.006312
v 0.322464 1.066743 -0.003890
v 0.376599 1.806508 0.065286
v 0.375305 1.805472 0.069072
v 0.532512 1.902996 0.144387
v 0.531272 1.902004 0.148013
v 0.361317 2.034468 0.121735
v 0.359971 2.033392 0.125672
v -0.163174 -0.935268 -0.045353
v -0.160334 -0.934322 -0.040791
v -0.333454 -1.087153 0.092113
v -0.331574 -1.086527 0.095132
v -0.283313 -1.188708 0.081932
v -0.281227 -1.188012 0.085282
v 0.270093 1.650144 -0.007835
v 0.269135 1.648776 -0.003831
v 0.225761 1.877633 0.060501
v 0.225057 1.876627 0.063445
v 0.080218 1.818464 -0.002207
v 0.079330 1.817196 0.001501
v 0.376340 1.806544 0.065559
v 0.375564 1.805436 0.068798
v 0.324519 1.066102 -0.006109
v 0.322695 1.066338 -0.004093
v 0.459740 1.077343 0.115088
v 0.457314 1.077657 0.117772
v 0.333956 1.171004 -0.009522
v 0.332016 1.171255 -0.007376
v -0.219199 -0.182362 -0.010752
v -0.223101 -0.180412 -0.006362
v -0.420333 -0.546907 -0.025403
v -0.424367 -0.544891 -0.020865
v -0.234702 -0.400472 0.074832
v -0.237646 -0.399000 0.078144
v -0.308510 -1.266376 0.123082
v -0.306868 -1.265884 0.125052
v -0.182831 -1.206100 0.003731
v -0.180965 -1.205540 0.005969
v -0.282927 -1.188557 0.082819
v -0.281613 -1.188163 0.084396
v 0.632692 1.418669 0.141892
v 0.630500 1.418751 0.144606
v 0.532605 1.470688 0.059492
v 0.530383 1.470772 0.062242
v 0.522632 1.238448 0.056828
v 0.519886 1.238552 0.060227
v 0.583436 1.573501 0.103444
v 0.581682 1.573479 0.105565
v 0.532288 1.470740 0.059906
v 0.530700 1.470720 0.061828
v 0.632524 1.418721 0.142126
v 0.630668 1.418699 0.144372
v -1.085739 1.690015 0.032156
v -1.085465 1.688046 0.035000
v -1.247047 1.760393 0.096905
v -1.246815 1.758727 0.099311
v -1.269301 1.661327 0.013774
v -1.269063 1.659613 0.016250
v -1.125036 1.834488 0.120118
v -1.124798 1.832772 0.122597
v 0.080083 1.818980 -0.002190
v 0.079465 1.816680 0.001483
v 0.225702 1.878222 0.060229
v 0.225116 1.876038 0.063717
v 0.057204 2.067658 0.148460
v 0.056452 2.064862 0.152924
v -0.176968 2.069191 0.136156
v -0.178308 2.066429 0.140102
v -0.249333 1.911417 0.001552
v -0.250223 1.909583 0.004172
v -0.376302 1.896325 -0.020071
v -0.377414 1.894035 -0.016799
v 0.531978 1.471456 0.060005
v 0.531010 1.470004 0.061729
v 0.445832 1.553165 0.079929
v 0.444918 1.551795 0.081555
v 0.411495 1.472804 -0.006890
v 0.410517 1.471336 -0.005148
v -1.125121 1.834625 0.120095
v -1.124713 1.832635 0.122620
v -1.091963 1.766761 0.060962
v -1.091545 1.764719 0.063552
v -0.889634 1.901416 0.134508
v -0.889038 1.898504 0.138202
v -0.532559 2.006723 0.118763
v -0.531289 2.004617 0.121829
v -0.493449 1.870695 0.010713
v -0.492525 1.869165 0.012941
v -0.377408 1.896092 -0.019762
v -0.376308 1.894268 -0.017108
v -1.731116 1.095272 0.002111
v -1.730024 1.094748 0.004600
v -1.741973 1.221971 0.033365
v -1.740467 1.221249 0.036799
v -1.822538 0.963929 0.013674
v -1.820922 0.963153 0.017360
v -0.701112 1.837248 0.011289
v -0.700300 1.834352 0.014609
v -0.493321 1.871123 0.010459
v -0.492653 1.868737 0.013195
v -0.532391 2.007336 0.118387
v -0.531457 2.004004 0.122205
v -0.889859 1.901825 0.134217
v -0.888813 1.898095 0.138493
v -1.092625 1.766105 0.061103
v -1.090883 1.765375 0.063410
v -1.086484 1.689400 0.032409
v -1.084720 1.688660 0.034746
v -0.905079 1.798894 -0.070993
v -0.902485 1.797806 -0.067557
v -1.539627 1.433780 0.077894
v -1.538253 1.431840 0.080850
v -1.635748 1.420240 0.113718
v -1.634572 1.418580 0.116248
v -1.742139 1.222908 0.033105
v -1.740301 1.220312 0.037058
v -1.539281 1.433291 0.078639
v -1.538599 1.432329 0.080105
v -1.530906 1.514063 0.127165
v -1.530094 1.512917 0.128911
v -1.635581 1.420005 0.114077
v -1.634739 1.418815 0.115889
v 0.376830 1.807724 0.065181
v 0.375074 1.804256 0.069176
v 0.057859 2.068295 0.148347
v 0.055797 2.064225 0.153036
v 0.226060 1.878416 0.060492
v 0.224758 1.875844 0.063454
v -0.384122 -1.617168 0.059048
v -0.385678 -1.616212 0.061182
v -0.305445 -1.548333 0.086261
v -0.306561 -1.547647 0.087793
v -0.296579 -1.451442 0.048935
v -0.298115 -1.450498 0.051042
v -0.307517 -1.548836 0.084780
v -0.304489 -1.547144 0.089274
v -0.357626 -1.872622 0.239738
v -0.354434 -1.870838 0.244476
v -0.184427 -1.748951 0.077718
v -0.181881 -1.747529 0.081498
v -1.404285 1.675731 0.100681
v -1.402855 1.674009 0.103197
v -1.269713 1.661109 0.014078
v -1.268651 1.659831 0.015946
v -1.247555 1.760311 0.097010
v -1.246307 1.758809 0.099206
v -1.293338 1.564528 -0.011379
v -1.292146 1.563092 -0.009281
v -1.531511 1.514256 0.126567
v -1.529489 1.512724 0.129508
v -1.372980 1.525911 0.002179
v -1.371420 1.524729 0.004448
v -1.404529 1.675597 0.100544
v -1.402611 1.674143 0.103334
v -1.293440 1.564339 -0.011346
v -1.292044 1.563281 -0.009315
v -1.373102 1.526084 0.002249
v -1.371298 1.524556 0.004379
v -1.531522 1.514356 0.126832
v -1.529478 1.512624 0.129244
v -1.455086 1.421518 -0.003777
v -1.453414 1.420102 -0.001803
v -1.539529 1.433280 0.078695
v -1.538351 1.432340 0.080049
v -1.455068 1.421462 -0.003730
v -1.453432 1.420158 -0.001850
v -1.531252 1.514089 0.127174
v -1.529748 1.512890 0.128902
v -0.354734 -1.872861 0.240133
v -0.357326 -1.870599 0.244082
v -0.304288 -1.549487 0.084414
v -0.307718 -1.546493 0.089640
v -0.506236 -1.852761 0.129232
v -0.508850 -1.850479 0.133214
v -0.182532 -1.206419 0.004173
v -0.181264 -1.205221 0.005527
v -0.223908 -1.119420 -0.034280
v -0.222532 -1.118120 -0.032810
v -0.283026 -1.189075 0.082799
v -0.281514 -1.187645 0.084415
v -1.720261 1.395633 -0.006839
v -1.724419 1.397007 -0.008937
v -1.773392 1.172515 -0.048508
v -1.776028 1.173385 -0.049838
v -1.820179 1.137704 0.021233
v -1.823181 1.138696 0.019719
v -1.640893 1.529262 -0.009300
v -1.643227 1.530658 -0.007904
v -1.721222 1.395651 -0.008557
v -1.723458 1.396989 -0.007219
v -1.634005 1.418720 0.114292
v -1.636315 1.420100 0.115673
v -1.721164 1.395622 -0.007141
v -1.723516 1.397018 -0.008635
v -1.640942 1.529296 -0.007892
v -1.643178 1.530624 -0.009312
v -1.613474 1.441202 -0.133585
v -1.615826 1.442598 -0.135080
v -1.721051 1.395970 -0.008739
v -1.723629 1.396670 -0.007037
v -1.739600 1.221170 0.034012
v -1.742840 1.222050 0.036152
v -1.633650 1.419000 0.113986
v -1.636670 1.419820 0.115980
v -1.820627 1.138180 0.021171
v -1.822733 1.138220 0.019781
v -1.773461 1.172927 -0.048348
v -1.775959 1.172974 -0.049998
v -1.820149 0.963511 0.016561
v -1.823311 0.963571 0.014473
v -0.505580 -1.850806 0.130499
v -0.509506 -1.852434 0.131948
v -0.574987 -1.794512 0.005042
v -0.579225 -1.796268 0.006608
v -0.445517 -2.125588 -0.019019
v -0.451123 -2.127912 -0.016949
v -1.554660 1.589538 -0.099172
v -1.556720 1.590341 -0.100594
v -1.641091 1.529582 -0.007934
v -1.643029 1.530338 -0.009270
v -1.611218 1.644845 0.013220
v -1.613142 1.645595 0.011892
v -1.613140 1.441488 -0.133188
v -1.616160 1.442312 -0.135476
v -1.717640 1.240443 -0.067427
v -1.720621 1.241257 -0.069685
v -1.721085 1.395978 -0.006938
v -1.723595 1.396662 -0.008839
v -0.981365 2.095389 -0.022270
v -0.984295 2.097511 -0.023436
v -1.114178 1.848061 -0.135896
v -1.118152 1.850939 -0.137477
v -1.043173 2.026546 0.007664
v -1.045641 2.028334 0.006682
v -1.641094 1.529007 -0.009504
v -1.643026 1.530913 -0.007700
v -1.634295 1.418556 0.114175
v -1.636025 1.420264 0.115791
v -1.529603 1.512605 0.127201
v -1.531397 1.514375 0.128875
v -1.478929 1.668438 -0.066134
v -1.480392 1.668941 -0.067292
v -1.546312 1.650787 0.011487
v -1.547608 1.651233 0.010461
v -1.519020 1.721623 0.007270
v -1.520280 1.722057 0.006273
v -1.179355 1.977304 0.006453
v -1.182243 1.978976 0.008399
v -1.269832 1.845615 -0.013354
v -1.271988 1.846865 -0.011902
v -1.245552 1.758761 0.097179
v -1.248310 1.760359 0.099037
v -1.554708 1.589786 -0.099055
v -1.556672 1.590094 -0.100711
v -1.554570 1.458914 -0.123449
v -1.556690 1.459246 -0.125237
v -1.640978 1.529791 -0.007689
v -1.643142 1.530130 -0.009515
v -1.611038 1.645102 0.011602
v -1.613322 1.645338 0.013510
v -1.640977 1.529848 -0.009507
v -1.643144 1.530072 -0.007697
v -1.529154 1.513351 0.126914
v -1.531847 1.513629 0.129162
v -1.554900 1.589801 -0.099127
v -1.556481 1.590079 -0.100639
v -1.509072 1.525738 -0.159071
v -1.510348 1.525962 -0.160291
v -1.554875 1.458947 -0.123622
v -1.556384 1.459213 -0.125064
v -0.575212 -1.794788 0.007697
v -0.579000 -1.795992 0.003953
v -0.426288 -1.771413 -0.150349
v -0.430230 -1.772667 -0.154246
v -0.445894 -2.125979 -0.015586
v -0.450746 -2.127521 -0.020381
v -0.331419 -1.086431 0.092635
v -0.333609 -1.087249 0.094609
v -0.439978 -1.035794 -0.007152
v -0.442098 -1.036586 -0.005242
v -0.398430 -1.185021 -0.023012
v -0.400618 -1.185839 -0.021040
v -0.220371 -0.180769 -0.008782
v -0.221929 -0.182005 -0.008332
v -0.170076 -0.209619 0.082859
v -0.172214 -0.211315 0.083475
v -0.286411 -0.097643 -0.009575
v -0.288531 -0.099327 -0.008963
v -0.371909 -1.205309 -0.074027
v -0.374707 -1.205991 -0.075170
v -0.314231 -1.462549 -0.060366
v -0.319005 -1.463711 -0.062316
v -0.398003 -1.185060 -0.021404
v -0.401045 -1.185800 -0.022647
v -0.371310 -1.205159 -0.073740
v -0.375306 -1.206141 -0.075458
v -0.298046 -1.383002 -0.145644
v -0.300796 -1.383678 -0.146826
v -0.314993 -1.462731 -0.060642
v -0.318243 -1.463529 -0.062039
v -0.420082 -0.545376 -0.023929
v -0.424618 -0.546422 -0.022339
v -0.354693 -0.912771 -0.086028
v -0.360175 -0.914037 -0.084108
v -0.384220 -0.679324 -0.009342
v -0.387610 -0.680106 -0.008154
v -0.120468 -0.116014 -0.134295
v -0.122260 -0.116666 -0.136047
v -0.127190 -0.206064 -0.094330
v -0.128692 -0.206610 -0.095798
v -0.220153 -0.181024 -0.007582
v -0.222147 -0.181750 -0.009532
v -0.462063 -2.406586 0.004292
v -0.469447 -2.406394 0.000981
v -0.503688 -1.851720 0.132951
v -0.511398 -1.851520 0.129495
v -0.445722 -2.126817 -0.016819
v -0.450918 -2.126683 -0.019149
v -0.355004 -0.913490 -0.083821
v -0.359864 -0.913318 -0.086315
v -0.371809 -1.205703 -0.073829
v -0.374807 -1.205597 -0.075369
v -0.398069 -1.185482 -0.021279
v -0.400979 -1.185379 -0.022773
v -0.383702 -0.680057 -0.006923
v -0.388128 -0.679373 -0.010573
v -0.355922 -0.913638 -0.083820
v -0.358946 -0.913170 -0.086315
v -0.439114 -1.036488 -0.004610
v -0.442962 -1.035892 -0.007784
v -0.096730 0.389369 -0.002421
v -0.100414 0.390289 -0.005825
v -0.055897 0.220169 -0.093063
v -0.058769 0.220885 -0.095715
v -0.178572 0.058797 -0.002593
v -0.182432 0.059761 -0.006159
v -0.144737 -0.001898 0.052362
v -0.146445 -0.001480 0.053852
v -0.179355 0.058998 -0.005377
v -0.181649 0.059560 -0.003375
v -0.134313 -0.144367 0.103783
v -0.137037 -0.143701 0.106160
v -0.143980 -0.002092 0.051618
v -0.147202 -0.001286 0.054596
v -0.027807 0.357643 0.075214
v -0.031169 0.358483 0.078320
v -0.179022 0.058909 -0.005744
v -0.181982 0.059649 -0.003008
v -0.097022 0.389442 -0.005555
v -0.100122 0.390216 -0.002691
v 0.312243 1.603174 0.058586
v 0.310093 1.603786 0.060396
v 0.377428 1.805571 0.065936
v 0.374476 1.806409 0.068421
v 0.270654 1.649164 -0.006709
v 0.268574 1.649755 -0.004958
v -0.397834 -1.185768 -0.022505
v -0.401214 -1.185092 -0.021547
v -0.442799 -1.449933 0.003535
v -0.446823 -1.449127 0.004675
v -0.401325 -1.277997 0.032245
v -0.403897 -1.277483 0.032973
v 0.309690 1.595032 -0.061878
v 0.307020 1.595628 -0.064236
v 0.270855 1.649183 -0.004737
v 0.268373 1.649737 -0.006929
v 0.386666 1.876682 -0.078150
v 0.382746 1.877558 -0.081611
v 0.088543 0.717960 0.019158
v 0.086799 0.718152 0.017798
v 0.123117 0.791264 -0.014614
v 0.121189 0.791476 -0.016118
v 0.158834 0.638083 -0.080739
v 0.156472 0.638343 -0.082581
v 0.123275 0.791312 -0.016314
v 0.121031 0.791428 -0.014418
v 0.207106 0.711164 0.088154
v 0.204856 0.711280 0.090056
v 0.211737 0.865392 0.084783
v 0.209507 0.865506 0.086669
v -0.169958 -0.210847 0.082395
v -0.172332 -0.210087 0.083939
v -0.219830 -0.181810 -0.009415
v -0.222470 -0.180964 -0.007698
v -0.234501 -0.400272 0.075400
v -0.237847 -0.399200 0.077576
v 0.098386 0.903899 0.005078
v 0.094656 0.903057 0.005018
v 0.159767 0.638690 -0.081626
v 0.155539 0.637736 -0.081694
v 0.123485 0.791671 -0.015345
v 0.120821 0.791069 -0.015388
v 0.207075 0.711170 0.088337
v 0.204887 0.711274 0.089873
v 0.254004 0.812536 0.149164
v 0.252290 0.812618 0.150366
v 0.211584 0.865403 0.085051
v 0.209660 0.865495 0.086401
v 0.323537 0.939588 0.074130
v 0.321877 0.940552 0.075654
v 0.324475 1.065716 -0.005898
v 0.322739 1.066725 -0.004304
v 0.260159 0.963966 -0.010633
v 0.258685 0.964822 -0.009279
v -0.330873 -1.087250 0.093014
v -0.334155 -1.086430 0.094230
v -0.398338 -1.185726 -0.022465
v -0.400710 -1.185134 -0.021586
v -0.401225 -1.278086 0.032095
v -0.403997 -1.277394 0.033123
v 0.419587 0.980946 -0.145518
v 0.416383 0.983340 -0.147490
v 0.484640 1.148273 -0.051397
v 0.482478 1.149887 -0.052727
v 0.563401 1.203179 -0.112734
v 0.560803 1.205121 -0.114333
v 0.522411 1.238209 0.057452
v 0.520107 1.238791 0.059604
v 0.479214 1.415588 -0.037910
v 0.476828 1.416192 -0.035680
v 0.441967 1.276852 -0.039139
v 0.440089 1.277327 -0.037385
v 0.419688 0.982028 -0.145309
v 0.416282 0.982258 -0.147699
v 0.324752 1.066143 -0.004297
v 0.322462 1.066297 -0.005905
v 0.334362 1.171037 -0.007484
v 0.331610 1.171223 -0.009415
v -0.046297 1.879441 0.120100
v -0.049051 1.878219 0.121451
v -0.091579 1.839988 -0.006059
v -0.093779 1.839012 -0.004979
v -0.034708 1.714218 -0.005303
v -0.037448 1.713002 -0.003959
v 0.536094 1.138602 0.092466
v 0.533266 1.139118 0.095050
v 0.633430 1.418375 0.141572
v 0.629762 1.419045 0.144925
v 0.522420 1.238288 0.057467
v 0.520098 1.238712 0.059589
v -0.575098 -1.796162 0.007612
v -0.579114 -1.794618 0.004038
v -0.442325 -1.450486 0.006318
v -0.447297 -1.448574 0.001892
v -0.426291 -1.772797 -0.150546
v -0.430227 -1.771283 -0.154050
v -0.177212 2.068687 0.136876
v -0.178064 2.066933 0.139381
v -0.249343 1.911397 0.001581
v -0.250213 1.909603 0.004143
v -0.186860 1.963281 0.092931
v -0.187462 1.962039 0.094705
v 0.523101 1.238434 0.057558
v 0.519417 1.238566 0.059498
v 0.532992 1.470676 0.060078
v 0.529996 1.470783 0.061656
v 0.479408 1.415840 -0.037525
v 0.476634 1.415940 -0.036065
v 0.411982 1.472402 -0.006712
v 0.410030 1.471738 -0.005326
v 0.446370 1.552818 0.080035
v 0.444380 1.552142 0.081448
v 0.357468 1.598508 -0.022762
v 0.355366 1.597792 -0.021268
v 0.385771 1.877701 -0.079246
v 0.383641 1.876539 -0.080515
v 0.358909 2.009447 -0.155197
v 0.356099 2.007914 -0.156872
v 0.469943 1.812775 -0.160433
v 0.467285 1.811325 -0.162017
v -0.314312 -1.464403 -0.059804
v -0.318924 -1.461857 -0.062878
v -0.329157 -1.704503 -0.241028
v -0.332391 -1.702717 -0.243184
v -0.426499 -1.773012 -0.151125
v -0.430019 -1.771068 -0.153471
v -0.281526 -1.188964 0.082909
v -0.283014 -1.187755 0.084305
v -0.401745 -1.278444 0.031797
v -0.403477 -1.277036 0.033421
v -0.307022 -1.266672 0.123442
v -0.308356 -1.265588 0.124692
v -0.575833 -1.796412 0.004662
v -0.578379 -1.794368 0.006988
v -0.506250 -1.852657 0.130042
v -0.508836 -1.850583 0.132404
v -0.383263 -1.618003 0.058620
v -0.386537 -1.615377 0.061610
v -0.383741 -1.617620 0.059071
v -0.386059 -1.615760 0.061160
v -0.505599 -1.853180 0.129471
v -0.509487 -1.850060 0.132975
v -0.304563 -1.549145 0.085729
v -0.307443 -1.546834 0.088325
v -0.332137 -2.029921 -0.005853
v -0.329675 -2.033059 -0.008951
v -0.243377 -1.804679 -0.162545
v -0.241067 -1.807621 -0.165449
v -0.137537 -1.884032 0.000677
v -0.135437 -1.886708 -0.001965
v -0.449784 -2.125119 -0.016478
v -0.446856 -2.128381 -0.019489
v -0.244043 -1.804120 -0.162123
v -0.240401 -1.808179 -0.165870
v -0.332056 -2.030208 -0.006219
v -0.329756 -2.032772 -0.008585
v 0.396545 0.883075 0.018451
v 0.398005 0.880693 0.019013
v 0.587612 0.991084 -0.019259
v 0.589690 0.987694 -0.018459
v 0.426632 0.916181 0.081499
v 0.428002 0.913947 0.082026
v 0.205672 0.712535 0.088191
v 0.206290 0.709909 0.090019
v 0.238413 0.653120 -0.007739
v 0.238937 0.650892 -0.006189
v 0.407403 0.692241 -0.010654
v 0.408121 0.689187 -0.008528
v 0.587768 0.990865 -0.017768
v 0.589534 0.987913 -0.019950
v 0.395416 0.899230 -0.050523
v 0.396834 0.896858 -0.052275
v 0.417281 0.983321 -0.145634
v 0.418689 0.980965 -0.147374
v 0.396645 0.883100 0.019019
v 0.397905 0.880668 0.018444
v 0.395510 0.899231 -0.051119
v 0.396740 0.896857 -0.051680
v 0.587714 0.991198 -0.018431
v 0.589588 0.987580 -0.019287
v 0.685171 1.271221 -0.006800
v 0.686173 1.269399 -0.008262
v 0.579714 1.307369 -0.124489
v 0.581152 1.304751 -0.126589
v 0.773297 1.328226 -0.017024
v 0.774523 1.325994 -0.018816
v 0.397478 0.882607 0.018255
v 0.397072 0.881161 0.019209
v 0.427518 0.915778 0.081291
v 0.427116 0.914350 0.082234
v 0.322943 0.940911 0.074337
v 0.322471 0.939229 0.075447
v 0.396372 0.898754 -0.050721
v 0.395878 0.897334 -0.052078
v 0.345688 0.953952 -0.089611
v 0.345268 0.952748 -0.090761
v 0.418246 0.982893 -0.145788
v 0.417724 0.981393 -0.147220
v 0.355572 1.599187 -0.021093
v 0.357262 1.597113 -0.022937
v 0.307490 1.596392 -0.062113
v 0.309220 1.594268 -0.064001
v 0.467217 1.813765 -0.159701
v 0.470012 1.810335 -0.162750
v 0.355671 1.599854 -0.022532
v 0.357163 1.596446 -0.021498
v 0.586213 1.747668 0.129369
v 0.588529 1.742373 0.130976
v 0.310413 1.605206 0.058967
v 0.311923 1.601754 0.060015
v 0.478368 1.416641 -0.037409
v 0.477674 1.415139 -0.036182
v 0.531913 1.471637 0.060126
v 0.531075 1.469823 0.061608
v 0.411375 1.472868 -0.006671
v 0.410637 1.471272 -0.005367
v -0.092172 1.840727 -0.006573
v -0.093186 1.838273 -0.004465
v -0.186726 1.963714 0.092913
v -0.187596 1.961606 0.094723
v -0.249359 1.911514 0.001992
v -0.250197 1.909487 0.003732
v -1.193303 1.640535 -0.067154
v -1.193281 1.637865 -0.066438
v -1.269191 1.661618 0.014704
v -1.269173 1.659323 0.015320
v -1.370482 1.637550 -0.073639
v -1.370458 1.634670 -0.072867
v -0.889828 1.901581 0.134770
v -0.888844 1.898339 0.137940
v -1.092413 1.767912 0.060134
v -1.091095 1.763569 0.064380
v -0.701345 1.837907 0.010889
v -0.700067 1.833694 0.015009
v -0.532191 2.007717 0.118361
v -0.531657 2.003623 0.122231
v -0.377101 1.897043 -0.020197
v -0.376615 1.893317 -0.016674
v -0.177937 2.070101 0.135963
v -0.177339 2.065519 0.140295
v -0.046911 1.879901 0.120172
v -0.048437 1.877759 0.121380
v -0.186286 1.963888 0.093126
v -0.188036 1.961432 0.094510
v -0.091867 1.840639 -0.006161
v -0.093491 1.838361 -0.004877
v 0.356708 1.598770 -0.022400
v 0.356126 1.597530 -0.021631
v 0.269949 1.650172 -0.006275
v 0.269279 1.648748 -0.005392
v 0.308621 1.595896 -0.063408
v 0.308089 1.594764 -0.062706
v -1.085782 1.690543 0.033014
v -1.085423 1.687517 0.034142
v -1.269340 1.661798 0.014517
v -1.269024 1.659142 0.015507
v -1.193433 1.640390 -0.067240
v -1.193151 1.638010 -0.066352
v -1.293137 1.564887 -0.009605
v -1.292347 1.562733 -0.011056
v -1.372545 1.526262 0.003948
v -1.371855 1.524378 0.002680
v -1.452363 1.583196 -0.123198
v -1.451377 1.580504 -0.125010
v 0.356906 1.598909 -0.021796
v 0.355928 1.597391 -0.022234
v 0.311627 1.604192 0.059696
v 0.310709 1.602768 0.059285
v 0.270094 1.650206 -0.005618
v 0.269134 1.648714 -0.006048
v -0.651047 1.916377 -0.107454
v -0.650595 1.913483 -0.109154
v -0.493249 1.871610 0.012813
v -0.492725 1.868250 0.010840
v -0.700936 1.837276 0.013816
v -0.700476 1.834324 0.012082
v -0.886922 1.881062 -0.159017
v -0.885364 1.878558 -0.160964
v -0.672776 2.007027 -0.147488
v -0.670390 2.003193 -0.150470
v -0.904712 1.799845 -0.068112
v -0.902852 1.796855 -0.070438
v -1.455058 1.421914 -0.001767
v -1.453442 1.419706 -0.003813
v -1.556194 1.459851 -0.123628
v -1.555066 1.458309 -0.125058
v -1.510350 1.526726 -0.158870
v -1.509069 1.524975 -0.160493
v -1.454981 1.421793 -0.003689
v -1.453519 1.419827 -0.001891
v -1.539622 1.433726 0.078534
v -1.538258 1.431894 0.080210
v -1.612431 1.296710 -0.011973
v -1.610689 1.294370 -0.009832
v -0.651487 1.916683 -0.107444
v -0.650155 1.913177 -0.109165
v -0.701281 1.837315 0.013693
v -0.700131 1.834285 0.012205
v -0.904554 1.800382 -0.068278
v -0.903010 1.796318 -0.070273
v -0.904172 1.800471 -0.069292
v -0.903392 1.796229 -0.069258
v -0.701241 1.838709 0.012925
v -0.700171 1.832892 0.012972
v -1.092297 1.768693 0.062233
v -1.091211 1.762787 0.062281
v -1.194558 1.641509 -0.065820
v -1.192026 1.636891 -0.067772
v -0.904765 1.800145 -0.068515
v -0.902799 1.796555 -0.070035
v -1.086439 1.690558 0.034224
v -1.084765 1.687502 0.032932
v -0.887265 1.881858 -0.159123
v -0.885021 1.877762 -0.160857
v -1.612518 1.296562 -0.010085
v -1.610602 1.294518 -0.011720
v -1.775545 1.173840 -0.048461
v -1.773875 1.172060 -0.049885
v -1.719757 1.241519 -0.068021
v -1.718503 1.240181 -0.069092
v -0.331309 -1.702079 -0.239482
v -0.330239 -1.705141 -0.244730
v -0.242687 -1.804819 -0.161716
v -0.241757 -1.807481 -0.166278
v -0.449062 -2.124625 -0.014342
v -0.447578 -2.128875 -0.021625
v -1.367484 1.694704 -0.120548
v -1.369996 1.698256 -0.123885
v -1.158715 1.879864 -0.083669
v -1.160265 1.882056 -0.085728
v -1.115359 1.848361 -0.135616
v -1.116971 1.850639 -0.137757
v -1.158747 1.880319 -0.083853
v -1.160233 1.881601 -0.085543
v -1.270097 1.845539 -0.011704
v -1.271723 1.846941 -0.013552
v -1.179991 1.977442 0.008345
v -1.181607 1.978838 0.006507
v -1.518968 1.721034 0.007723
v -1.520332 1.722646 0.005820
v -1.367994 1.695599 -0.121176
v -1.369486 1.697361 -0.123257
v -1.479144 1.668081 -0.065994
v -1.480176 1.669299 -0.067432
v -1.718398 1.240513 -0.067641
v -1.719862 1.241187 -0.069471
v -1.773789 1.172526 -0.048022
v -1.775631 1.173374 -0.050324
v -1.721199 1.395795 -0.006462
v -1.723481 1.396845 -0.009314
v -1.159067 1.880060 -0.083798
v -1.159913 1.881860 -0.085598
v -1.043736 2.026014 0.008599
v -1.045078 2.028866 0.005747
v -1.115693 1.848498 -0.135684
v -1.116637 1.850502 -0.137688
v -0.426893 -1.771367 -0.150299
v -0.429625 -1.772713 -0.154297
v -0.329116 -1.702793 -0.239679
v -0.332432 -1.704427 -0.244533
v -0.446067 -2.125639 -0.014686
v -0.450573 -2.127861 -0.021282
v -1.368119 1.696010 -0.121205
v -1.369361 1.696950 -0.123227
v -1.451294 1.581414 -0.123166
v -1.452446 1.582287 -0.125042
v -1.479118 1.668279 -0.065829
v -1.480203 1.669101 -0.067597
v -1.044013 2.026363 0.008394
v -1.044801 2.028517 0.005951
v -1.159106 1.879912 -0.083509
v -1.159873 1.882008 -0.085887
v -1.180486 1.977283 0.008398
v -1.181112 1.978997 0.006454
v -0.808072 2.014949 -0.086293
v -0.808988 2.016711 -0.088633
v -0.671017 2.004022 -0.147533
v -0.672149 2.006198 -0.150425
v -0.885545 1.878662 -0.158464
v -0.886741 1.880958 -0.161516
v -0.487772 2.198869 -0.004101
v -0.488592 2.200832 -0.006437
v -0.354000 2.253685 -0.003571
v -0.355148 2.256435 -0.006843
v -0.610851 2.071727 -0.067603
v -0.612107 2.074733 -0.071179
v 0.284881 2.239560 -0.014138
v 0.285991 2.242020 -0.017638
v 0.356830 2.007184 -0.153906
v 0.358178 2.010176 -0.158162
v 0.135219 2.179518 -0.104192
v 0.136339 2.182002 -0.107726
v 0.649836 1.578882 -0.057003
v 0.651106 1.580418 -0.058682
v 0.637019 1.486418 -0.150933
v 0.638195 1.487842 -0.152489
v 0.543809 1.564862 -0.150157
v 0.545029 1.566338 -0.151771
v -0.808341 2.014799 -0.086256
v -0.808719 2.016861 -0.088670
v -0.870901 2.097079 -0.006480
v -0.871347 2.099521 -0.009339
v -0.611213 2.071778 -0.067691
v -0.611745 2.074682 -0.071091
v -0.180272 2.166661 -0.035907
v -0.181200 2.168519 -0.037997
v -0.105772 2.088278 -0.138208
v -0.106724 2.090182 -0.140350
v -0.266085 2.047730 -0.103029
v -0.267075 2.049709 -0.105255
v -0.671755 2.004210 -0.148079
v -0.671411 2.006011 -0.149880
v -0.611632 2.072430 -0.068591
v -0.611326 2.074030 -0.070191
v -0.525088 2.006233 -0.117901
v -0.524744 2.008026 -0.119695
v -0.212408 2.232767 0.009457
v -0.212046 2.234113 0.007766
v -0.180959 2.166764 -0.035914
v -0.180513 2.168416 -0.037990
v -0.354843 2.254063 -0.003954
v -0.354305 2.256057 -0.006460
v -0.870676 2.096556 -0.005318
v -0.871572 2.100044 -0.010500
v -0.487788 2.198316 -0.002990
v -0.488576 2.201384 -0.007548
v -0.611172 2.072033 -0.067612
v -0.611786 2.074427 -0.071170
v -0.180153 2.166750 -0.035879
v -0.181319 2.168430 -0.038026
v -0.041976 2.154260 -0.122020
v -0.042934 2.155640 -0.123783
v -0.105796 2.088579 -0.138447
v -0.106700 2.089881 -0.140111
v -0.885783 1.878655 -0.157907
v -0.886503 1.880965 -0.162073
v -1.115785 1.848279 -0.134484
v -1.116545 1.850721 -0.138888
v -0.982421 2.095136 -0.020484
v -0.983239 2.097764 -0.025223
v -0.045399 2.261009 0.006942
v -0.045729 2.262711 0.004224
v -0.180611 2.166947 -0.035926
v -0.180861 2.168232 -0.037978
v -0.212103 2.232800 0.009634
v -0.212351 2.234080 0.007590
v -0.808375 2.014931 -0.085932
v -0.808685 2.016729 -0.088994
v -0.885959 1.878740 -0.158168
v -0.886327 1.880880 -0.161813
v -0.982634 2.095308 -0.020908
v -0.983026 2.097592 -0.024798
v 0.637114 1.485615 -0.150143
v 0.638100 1.488645 -0.153279
v 0.650027 1.578287 -0.056432
v 0.650915 1.581013 -0.059252
v 0.933221 1.546115 0.001649
v 0.934539 1.550165 -0.002543
v -0.354189 2.253591 -0.002559
v -0.354959 2.256529 -0.007856
v -0.524652 2.006122 -0.116980
v -0.525180 2.008138 -0.120616
v -0.611215 2.072222 -0.067575
v -0.611743 2.074238 -0.071208
v -1.555538 1.589371 -0.099058
v -1.555842 1.590509 -0.100709
v -1.451726 1.581312 -0.123324
v -1.452014 1.582388 -0.124884
v -1.509577 1.525352 -0.158958
v -1.509843 1.526348 -0.160404
v -1.479502 1.668098 -0.065854
v -1.479818 1.669282 -0.067572
v -0.354379 2.253802 -0.002756
v -0.354769 2.256318 -0.007659
v -0.406277 2.026047 -0.116960
v -0.406533 2.027693 -0.120165
v -0.524768 2.006174 -0.116936
v -0.525064 2.008085 -0.120660
v -0.354706 2.254102 -0.003342
v -0.354442 2.256017 -0.007073
v -0.180843 2.166814 -0.035440
v -0.180629 2.168366 -0.038464
v -0.266702 2.047840 -0.102428
v -0.266458 2.049600 -0.105856
v -0.354631 2.254002 -0.003054
v -0.354517 2.256118 -0.007360
v -0.266624 2.047909 -0.102491
v -0.266536 2.049531 -0.105794
v -0.406450 2.026028 -0.116847
v -0.406360 2.027712 -0.120277
v 0.426907 2.096874 -0.115755
v 0.426469 2.098446 -0.118591
v 0.357758 2.007767 -0.154389
v 0.357250 2.009593 -0.157680
v 0.285758 2.239635 -0.013806
v 0.285114 2.241945 -0.017970
v -0.044812 2.260672 0.007662
v -0.046316 2.263048 0.003504
v 0.218336 2.405230 -0.004217
v 0.216740 2.407750 -0.008627
v 0.136473 2.179663 -0.104040
v 0.135085 2.181856 -0.107878
v 0.744581 1.134917 -0.006888
v 0.746519 1.135803 -0.009684
v 0.561060 1.203673 -0.112029
v 0.563144 1.204627 -0.115037
v 0.684825 1.269923 -0.006309
v 0.686519 1.270697 -0.008753
v 0.427055 2.096501 -0.115049
v 0.426321 2.098819 -0.119298
v 0.285802 2.239633 -0.013766
v 0.285070 2.241947 -0.018010
v 0.560168 2.331707 -0.009626
v 0.559342 2.334313 -0.014405
v 0.562746 1.959611 -0.066603
v 0.565210 1.960389 -0.071445
v 0.425642 2.097330 -0.115118
v 0.427734 2.097991 -0.119228
v 0.558331 2.332561 -0.009218
v 0.561179 2.333459 -0.014812
v 0.558542 2.332620 -0.009589
v 0.560968 2.333400 -0.014441
v 0.611812 2.140444 -0.014363
v 0.613469 2.140976 -0.017677
v 0.562775 1.959614 -0.066619
v 0.565181 1.960386 -0.071429
v 0.898119 1.820026 -0.006077
v 0.899321 1.822534 -0.012086
v 1.215696 1.682658 -0.000038
v 1.217364 1.686142 -0.008384
v 0.607046 1.665580 -0.126737
v 0.608724 1.669080 -0.135124
v -0.120332 -0.115509 -0.133924
v -0.122396 -0.117171 -0.136418
v -0.220396 -0.180779 -0.007646
v -0.221904 -0.181995 -0.009468
v -0.286621 -0.097801 -0.008242
v -0.288321 -0.099170 -0.010295
v 0.284688 2.240396 -0.014380
v 0.286184 2.241184 -0.017397
v 0.134866 2.180279 -0.104117
v 0.136692 2.181241 -0.107802
v 0.216636 2.406015 -0.004602
v 0.218440 2.406965 -0.008242
v 0.468380 1.811668 -0.159721
v 0.468848 1.812432 -0.162729
v 0.614436 1.913395 -0.110270
v 0.614860 1.914086 -0.112988
v 0.612362 1.803280 -0.139210
v 0.612730 1.803880 -0.141573
v -0.122579 -0.115724 -0.133771
v -0.120149 -0.116956 -0.136571
v -0.012243 -0.223874 0.008402
v -0.010607 -0.224704 0.006516
v -0.069490 -0.257330 -0.001217
v -0.067906 -0.258134 -0.003043
v 0.468167 1.811695 -0.159360
v 0.469061 1.812405 -0.163090
v 0.357128 2.008382 -0.154466
v 0.357880 2.008978 -0.157602
v 0.614160 1.913353 -0.109595
v 0.615136 1.914127 -0.113663
v 0.426272 2.097330 -0.115437
v 0.427104 2.097990 -0.118909
v 0.560706 1.204791 -0.111703
v 0.563498 1.203509 -0.115363
v 0.587404 0.989962 -0.017224
v 0.589898 0.988816 -0.020494
v 0.416653 0.982755 -0.144758
v 0.419317 0.981531 -0.148250
v 0.772701 1.905326 -0.096107
v 0.773019 1.906175 -0.099344
v 0.612407 1.803210 -0.138979
v 0.612685 1.803950 -0.141803
v 0.614525 1.913413 -0.110381
v 0.614771 1.914067 -0.112877
v 0.395352 0.897969 -0.050505
v 0.396898 0.898118 -0.052293
v 0.281649 0.837170 -0.153307
v 0.283581 0.837356 -0.155543
v 0.344761 0.953281 -0.089357
v 0.346195 0.953419 -0.091015
v 0.649653 1.579985 -0.056955
v 0.651289 1.579315 -0.058729
v 0.543602 1.565935 -0.150078
v 0.545236 1.565265 -0.151850
v 0.607130 1.667639 -0.130111
v 0.608640 1.667021 -0.131749
v -0.113854 -0.468234 -0.015121
v -0.114002 -0.469568 -0.019643
v -0.186671 -0.266407 -0.073825
v -0.186763 -0.267238 -0.076639
v -0.127887 -0.205852 -0.093421
v -0.127995 -0.206822 -0.096707
v 0.606919 1.667512 -0.128833
v 0.608851 1.667148 -0.133027
v 0.611650 1.803749 -0.138447
v 0.613442 1.803411 -0.142335
v 0.897399 1.821529 -0.006216
v 0.900041 1.821031 -0.011946
v -0.162515 -0.934522 -0.041879
v -0.160993 -0.935068 -0.044265
v -0.224068 -1.118466 -0.032215
v -0.222372 -1.119074 -0.034874
v -0.258061 -0.935234 -0.094927
v -0.256421 -0.935822 -0.097499
v -0.317109 -1.110039 -0.101566
v -0.315599 -1.110580 -0.103932
v 0.772623 1.905238 -0.095281
v 0.773097 1.906263 -0.100169
v 0.614385 1.913170 -0.108910
v 0.614911 1.914310 -0.114349
v 0.853272 2.255576 -0.011993
v 0.853988 2.257124 -0.019376
v 0.237647 0.652460 -0.005936
v 0.239703 0.651552 -0.007992
v 0.149686 0.462354 -0.008048
v 0.152252 0.461220 -0.010614
v 0.156685 0.638641 -0.080692
v 0.158621 0.637785 -0.082628
v 0.579472 1.306602 -0.123911
v 0.581394 1.305517 -0.127167
v 0.636584 1.487708 -0.149978
v 0.638630 1.486552 -0.153444
v 0.772815 1.327728 -0.016066
v 0.775005 1.326492 -0.019774
v 0.772715 1.327816 -0.015862
v 0.775105 1.326405 -0.019978
v 0.636263 1.487923 -0.149398
v 0.638951 1.486337 -0.154024
v 0.932481 1.548965 0.001961
v 0.935279 1.547315 -0.002856
v 0.615230 1.912526 -0.108720
v 0.614066 1.914954 -0.114538
v 0.613083 2.139786 -0.013806
v 0.612197 2.141634 -0.018234
v 0.854230 2.255098 -0.012684
v 0.853030 2.257602 -0.018684
v -0.356122 -0.913219 -0.083387
v -0.358746 -0.913589 -0.086749
v -0.398249 -1.185250 -0.020391
v -0.400799 -1.185610 -0.023661
v -0.440095 -1.036057 -0.004988
v -0.441981 -1.036323 -0.007405
v 0.008862 0.008009 -0.007082
v 0.010654 0.007159 -0.010574
v -0.058345 0.221007 -0.092417
v -0.056321 0.220047 -0.096361
v 0.146830 0.129058 -0.013064
v 0.148620 0.128210 -0.016550
v -0.042416 2.154674 -0.121257
v -0.042494 2.155226 -0.124545
v 0.135831 2.180398 -0.103807
v 0.135727 2.181121 -0.108111
v 0.015083 1.994804 -0.131961
v 0.014973 1.995576 -0.136561
v 0.357575 2.008186 -0.153091
v 0.357433 2.009175 -0.158978
v 0.014823 1.995009 -0.132748
v 0.015233 1.995371 -0.135774
v -0.106404 2.089092 -0.138127
v -0.106091 2.089368 -0.140432
v -0.042622 2.154802 -0.121671
v -0.042288 2.155097 -0.124131
v 0.149334 0.462257 -0.006680
v 0.152604 0.461317 -0.011982
v 0.146316 0.129039 -0.012522
v 0.149134 0.128229 -0.017092
v -0.058734 0.220930 -0.092117
v -0.055932 0.220124 -0.096661
v -0.448644 -2.126588 -0.015961
v -0.447996 -2.126912 -0.020007
v -0.331318 -2.031284 -0.004829
v -0.330494 -2.031696 -0.009974
v -0.466263 -2.406236 0.005814
v -0.465247 -2.406744 -0.000542
v 0.897751 1.821956 -0.007070
v 0.899689 1.820604 -0.011092
v 0.611539 1.804283 -0.138302
v 0.613553 1.802877 -0.142481
v 0.772129 1.906260 -0.096208
v 0.773591 1.905240 -0.099242
v 0.407639 0.691330 -0.008161
v 0.407885 0.690098 -0.011021
v 0.238540 0.652683 -0.005393
v 0.238810 0.651329 -0.008535
v 0.323790 0.808852 -0.065602
v 0.324048 0.807566 -0.068586
v -0.224268 -1.118661 -0.032171
v -0.222172 -1.118879 -0.034919
v -0.182701 -1.205736 0.005904
v -0.181095 -1.205904 0.003796
v -0.216323 -1.377929 -0.004784
v -0.213813 -1.378191 -0.008076
v -0.315670 -1.463113 -0.059494
v -0.317566 -1.463147 -0.063188
v -0.443913 -1.449515 0.005854
v -0.445708 -1.449546 0.002356
v -0.398306 -1.185409 -0.019652
v -0.400742 -1.185451 -0.024400
v 0.613463 2.139970 -0.014243
v 0.611817 2.141451 -0.017797
v 0.615259 1.913191 -0.110311
v 0.614037 1.914289 -0.112948
v 0.564492 1.959538 -0.067914
v 0.563464 1.960463 -0.070134
v 0.745103 1.136449 -0.006796
v 0.745996 1.134271 -0.009776
v 0.584818 1.060786 0.000256
v 0.585626 1.058814 -0.002442
v 0.561648 1.205258 -0.112017
v 0.562556 1.203042 -0.115049
v -0.114979 -0.468901 -0.016081
v -0.112877 -0.468901 -0.018683
v -0.194291 -0.549340 -0.079814
v -0.191829 -0.549340 -0.082861
v -0.188225 -0.266823 -0.073366
v -0.185209 -0.266823 -0.077098
v 0.897895 1.822142 -0.007083
v 0.899545 1.820418 -0.011079
v 0.771898 1.906755 -0.095395
v 0.773822 1.904745 -0.100055
v 1.135514 2.027749 0.002958
v 1.137906 2.025251 -0.002834
v 0.545183 1.564862 -0.149673
v 0.543655 1.566338 -0.152255
v 0.357530 1.597075 -0.020134
v 0.355304 1.599225 -0.023897
v 0.608762 1.666483 -0.129447
v 0.607008 1.668177 -0.132413
v -0.256887 -0.935571 -0.094893
v -0.257595 -0.935485 -0.097533
v -0.315943 -1.110360 -0.101217
v -0.316765 -1.110260 -0.104281
v -0.356944 -0.913464 -0.083240
v -0.357924 -0.913344 -0.086896
v -0.372806 -1.205711 -0.072731
v -0.373810 -1.205589 -0.076467
v -0.187253 -0.266894 -0.070726
v -0.186181 -0.266752 -0.079738
v -0.193438 -0.549391 -0.078157
v -0.192682 -0.549289 -0.084519
v -0.257839 -0.935607 -0.091193
v -0.256643 -0.935449 -0.101233
v 0.418340 0.980993 -0.144728
v 0.417630 0.983293 -0.148280
v 0.333306 1.170093 -0.006848
v 0.332666 1.172167 -0.010051
v 0.483843 1.148161 -0.050643
v 0.483275 1.149999 -0.053482
v -0.186063 -0.267074 -0.068898
v -0.187371 -0.266572 -0.081566
v -0.256863 -0.935673 -0.092549
v -0.257619 -0.935383 -0.099876
v -0.357058 -0.913548 -0.081423
v -0.357810 -0.913260 -0.088713
v 0.933449 1.549112 0.002221
v 0.934311 1.547168 -0.003115
v 0.649852 1.581046 -0.054007
v 0.651090 1.578254 -0.061677
v 1.215894 1.685833 -0.000275
v 1.217166 1.682967 -0.008147
v -0.315300 -1.110486 -0.101226
v -0.317408 -1.110134 -0.104271
v -0.298123 -1.383556 -0.144360
v -0.300719 -1.383124 -0.148110
v -0.372447 -1.205793 -0.073355
v -0.374169 -1.205506 -0.075843
v -0.185085 -0.267328 -0.070608
v -0.188349 -0.266318 -0.079856
v -0.355787 -0.913914 -0.080403
v -0.359081 -0.912894 -0.089733
v -0.421175 -0.546263 -0.019805
v -0.423525 -0.545535 -0.026463
v -1.116042 1.850165 -0.134569
v -1.116288 1.848835 -0.138803
v -0.885977 1.880711 -0.157120
v -0.886309 1.878909 -0.162860
v -1.193126 1.640104 -0.063919
v -1.193458 1.638296 -0.069673
v -0.055980 0.220307 -0.092941
v -0.058686 0.220747 -0.095837
v -0.077281 0.024036 -0.104176
v -0.079509 0.024398 -0.106560
v -0.179310 0.059085 -0.003101
v -0.181694 0.059473 -0.005651
v 0.333395 1.171118 -0.007022
v 0.332577 1.171142 -0.009876
v 0.441408 1.277079 -0.036939
v 0.440648 1.277101 -0.039585
v 0.483944 1.149069 -0.050720
v 0.483174 1.149091 -0.053404
v -0.106020 2.089603 -0.137810
v -0.106476 2.088857 -0.140748
v 0.015341 1.995701 -0.132250
v 0.014715 1.994679 -0.136272
v -0.266256 2.049249 -0.102060
v -0.266904 2.048191 -0.106224
v 0.649866 1.581565 -0.055192
v 0.651076 1.577735 -0.060492
v 0.607242 1.669365 -0.128114
v 0.608528 1.665295 -0.133746
v 1.215495 1.687683 0.000332
v 1.217565 1.681116 -0.008754
v 0.022316 1.906372 -0.057004
v 0.021190 1.905848 -0.060096
v -0.035522 1.713869 -0.003106
v -0.036634 1.713351 -0.006157
v -0.092228 1.839710 -0.004282
v -0.093130 1.839290 -0.006756
v -0.224243 -1.118945 -0.032185
v -0.222197 -1.118595 -0.034905
v -0.248747 -1.356923 -0.079370
v -0.245903 -1.356437 -0.083150
v -0.317414 -1.110491 -0.101340
v -0.315294 -1.110129 -0.104158
v 0.284096 0.837001 -0.152588
v 0.281134 0.837525 -0.156262
v 0.159228 0.637934 -0.079706
v 0.156078 0.638492 -0.083614
v 0.098120 0.903195 0.007031
v 0.094922 0.903761 0.003065
v 0.469892 1.811797 -0.159710
v 0.467336 1.812302 -0.162740
v 0.310115 1.594982 -0.060971
v 0.306595 1.595678 -0.065143
v 0.386001 1.876864 -0.078345
v 0.383411 1.877376 -0.081415
v -0.009954 0.586995 -0.004116
v -0.013350 0.588469 -0.008406
v -0.055691 0.219814 -0.092316
v -0.058975 0.221240 -0.096463
v -0.097398 0.389319 -0.002640
v -0.099746 0.390339 -0.005606
v 0.283417 0.836269 -0.153431
v 0.281813 0.838256 -0.155419
v 0.260157 0.963484 -0.009046
v 0.258687 0.965304 -0.010866
v 0.346102 0.952577 -0.089413
v 0.344854 0.954123 -0.090959
v -0.317219 -1.463255 -0.060037
v -0.316017 -1.463005 -0.062645
v -0.215754 -1.378202 -0.004942
v -0.214382 -1.377918 -0.007918
v -0.214018 -1.580079 -0.023745
v -0.212580 -1.579781 -0.026863
v -0.009936 0.587078 -0.004422
v -0.013368 0.588386 -0.008100
v 0.112337 0.590857 -0.117790
v 0.108731 0.592231 -0.121654
v -0.054860 0.219585 -0.091739
v -0.059806 0.221469 -0.097039
v 0.079320 1.818284 0.000792
v 0.080228 1.817376 -0.001499
v -0.036676 1.714208 -0.003123
v -0.035480 1.713012 -0.006139
v 0.021213 1.906650 -0.057188
v 0.022293 1.905570 -0.059912
v 0.269737 1.650199 -0.003329
v 0.269491 1.648721 -0.008337
v 0.228876 1.920419 -0.082860
v 0.228676 1.919220 -0.086922
v 0.384802 1.877694 -0.077935
v 0.384610 1.876546 -0.081825
v 0.608654 1.667424 -0.129095
v 0.607116 1.667236 -0.132765
v 0.357575 1.598292 -0.019251
v 0.355259 1.598008 -0.024779
v 0.613436 1.803689 -0.138266
v 0.611656 1.803471 -0.142517
v -0.192205 -0.715470 -0.016128
v -0.190087 -0.714740 -0.019948
v -0.162509 -0.935055 -0.041710
v -0.160999 -0.934535 -0.044434
v -0.258041 -0.935804 -0.094769
v -0.256441 -0.935252 -0.097657
v 0.346212 0.952841 -0.089325
v 0.344744 0.953859 -0.091047
v 0.260093 0.963929 -0.009169
v 0.258751 0.964859 -0.010743
v 0.324347 1.065707 -0.004232
v 0.322866 1.066733 -0.005970
v 0.441834 1.276857 -0.037048
v 0.440222 1.277323 -0.039476
v 0.478846 1.415651 -0.035552
v 0.477196 1.416129 -0.038038
v 0.581318 1.305803 -0.124205
v 0.579548 1.306316 -0.126874
v 0.346220 0.952930 -0.089435
v 0.344736 0.953770 -0.090937
v 0.324639 1.065636 -0.004057
v 0.322575 1.066804 -0.006145
v 0.418872 0.981641 -0.145607
v 0.417098 0.982645 -0.147402
v 0.088642 0.717124 0.019490
v 0.086700 0.718988 0.017466
v 0.111508 0.590610 -0.118707
v 0.109560 0.592478 -0.120737
v -0.010741 0.586858 -0.005312
v -0.012563 0.588606 -0.007210
v -0.671678 2.005916 -0.147146
v -0.671488 2.004304 -0.150812
v -0.650907 1.915660 -0.106643
v -0.650735 1.914200 -0.109965
v -0.903917 1.799500 -0.066659
v -0.903647 1.797200 -0.071891
v 0.356158 1.599868 -0.019591
v 0.356676 1.596432 -0.024439
v 0.468439 1.813211 -0.159586
v 0.468789 1.810889 -0.162864
v 0.612342 1.804934 -0.138481
v 0.612750 1.802226 -0.142301
v -0.120331 -0.117024 -0.133789
v -0.122397 -0.115656 -0.136553
v -0.179506 0.058620 -0.003043
v -0.181498 0.059938 -0.005709
v -0.077608 0.023696 -0.104315
v -0.079182 0.024738 -0.106421
v -0.286414 -0.099185 -0.007855
v -0.288528 -0.097785 -0.010683
v 0.441775 1.277203 -0.037039
v 0.440281 1.276977 -0.039485
v 0.581336 1.306197 -0.124062
v 0.579530 1.305923 -0.127016
v 0.484384 1.149205 -0.050712
v 0.482734 1.148955 -0.053412
v 0.581484 1.305923 -0.124160
v 0.579382 1.306196 -0.126918
v 0.479122 1.415747 -0.035351
v 0.476920 1.416033 -0.038240
v 0.638758 1.486981 -0.150202
v 0.636456 1.487279 -0.153221
v -0.525190 2.007666 -0.117474
v -0.524642 2.006593 -0.120122
v -0.651051 1.915381 -0.107191
v -0.650591 1.914479 -0.109417
v -0.671807 2.005549 -0.147895
v -0.671359 2.004671 -0.150064
v -0.220466 -0.181770 -0.007708
v -0.221834 -0.181004 -0.009406
v -0.127333 -0.206678 -0.094310
v -0.128549 -0.205996 -0.095818
v -0.186153 -0.267139 -0.074533
v -0.187281 -0.266507 -0.075931
v 0.229463 1.920525 -0.082813
v 0.228089 1.919115 -0.086969
v 0.270378 1.650244 -0.003522
v 0.268850 1.648676 -0.008145
v 0.080417 1.818490 0.001592
v 0.079131 1.817170 -0.002299
v -1.193643 1.639951 -0.064943
v -1.192941 1.638449 -0.068649
v -1.369141 1.697338 -0.120099
v -1.368338 1.695622 -0.124334
v -1.116601 1.850431 -0.134387
v -1.115729 1.848568 -0.138986
v -0.185398 -0.267618 -0.073533
v -0.188036 -0.266028 -0.076931
v -0.420204 -0.547193 -0.020370
v -0.424496 -0.544605 -0.025898
v -0.219701 -0.182261 -0.006691
v -0.222599 -0.180513 -0.010423
v 0.562748 1.204125 -0.112723
v 0.561456 1.204175 -0.114343
v 0.484485 1.149045 -0.050902
v 0.482633 1.149115 -0.053222
v 0.581330 1.306026 -0.124415
v 0.579536 1.306094 -0.126663
v 0.411913 1.472354 -0.004584
v 0.410099 1.471786 -0.007455
v 0.638806 1.487506 -0.149814
v 0.636408 1.486754 -0.153608
v 0.478777 1.416127 -0.035600
v 0.477265 1.415653 -0.037991
v -1.370518 1.636876 -0.072315
v -1.370422 1.635344 -0.074191
v -1.368791 1.697292 -0.121222
v -1.368689 1.695668 -0.123211
v -1.193361 1.640311 -0.065436
v -1.193223 1.638089 -0.068157
v -0.249165 1.911636 0.004756
v -0.250392 1.909364 0.000968
v 0.015713 1.996459 -0.132146
v 0.014343 1.993921 -0.136376
v -0.092169 1.840446 -0.003943
v -0.093189 1.838554 -0.007095
v -1.556063 1.459767 -0.122944
v -1.555197 1.458393 -0.125743
v -1.719783 1.241887 -0.066443
v -1.718477 1.239813 -0.070669
v -1.615029 1.442501 -0.133107
v -1.614271 1.441299 -0.135557
v 0.384872 1.877890 -0.078601
v 0.384540 1.876350 -0.081159
v 0.228951 1.920632 -0.083542
v 0.228601 1.919008 -0.086240
v 0.357675 2.009474 -0.154714
v 0.357333 2.007886 -0.157354
v 0.228904 1.920831 -0.083396
v 0.228648 1.918809 -0.086386
v 0.021946 1.907632 -0.056299
v 0.021560 1.904588 -0.060801
v 0.357684 2.010103 -0.153930
v 0.357324 2.007257 -0.158139
v 0.411977 1.472642 -0.004756
v 0.410035 1.471498 -0.007283
v 0.357421 1.598742 -0.020708
v 0.355413 1.597558 -0.023322
v 0.545640 1.566319 -0.149375
v 0.543198 1.564881 -0.152554
v 0.228898 1.920950 -0.083318
v 0.228654 1.918690 -0.086464
v 0.079870 1.818715 0.000879
v 0.079678 1.816945 -0.001585
v 0.021852 1.907022 -0.057281
v 0.021654 1.905198 -0.059820
v 0.412032 1.473260 -0.004316
v 0.409980 1.470880 -0.007722
v 0.545134 1.566429 -0.149777
v 0.543704 1.564771 -0.152151
v 0.638431 1.488086 -0.150344
v 0.636783 1.486174 -0.153078
v -0.376760 1.896027 -0.017349
v -0.376956 1.894333 -0.019521
v -0.492871 1.870933 0.013113
v -0.493103 1.868927 0.010541
v -0.406274 2.028006 -0.117106
v -0.406536 2.025734 -0.120018
v -0.266867 2.049672 -0.102811
v -0.266293 2.047767 -0.105473
v -0.377166 1.896203 -0.017006
v -0.376550 1.894157 -0.019864
v -0.406660 2.027715 -0.117382
v -0.406150 2.026025 -0.119743
v 0.021724 1.906906 -0.057608
v 0.021782 1.905314 -0.059492
v -0.092721 1.840639 -0.004172
v -0.092637 1.838361 -0.006867
v 0.014989 1.996251 -0.133006
v 0.015067 1.994129 -0.135516
v -0.266952 2.049780 -0.102710
v -0.266208 2.047660 -0.105574
v -0.250075 1.911345 0.004003
v -0.249481 1.909655 0.001721
v -0.377186 1.896113 -0.017174
v -0.376530 1.894247 -0.019696
v 0.021807 1.907586 -0.056804
v 0.021699 1.904634 -0.060296
v 0.015080 1.996602 -0.132591
v 0.014976 1.993778 -0.135931
v 0.357583 2.010850 -0.153468
v 0.357425 2.006510 -0.158601
v 0.015588 1.996936 -0.132090
v 0.014468 1.993444 -0.136432
v -0.249324 1.911917 0.004624
v -0.250232 1.909083 0.001100
v -0.266146 2.050074 -0.102459
v -0.267014 2.047366 -0.105825
v -1.775322 1.173501 -0.047851
v -1.774098 1.172399 -0.050496
v -1.731063 1.095454 0.004421
v -1.730077 1.094566 0.002290
v -1.822448 0.964187 0.017068
v -1.821012 0.962895 0.013966
v -0.525080 2.008124 -0.117710
v -0.524752 2.006135 -0.119886
v -0.406584 2.027959 -0.117371
v -0.406226 2.025781 -0.119753
v -0.493204 1.871248 0.013269
v -0.492770 1.868612 0.010385
v -1.293617 1.563954 -0.009096
v -1.291867 1.563666 -0.011564
v -1.452709 1.581988 -0.122921
v -1.451031 1.581712 -0.125287
v -1.371109 1.636215 -0.072352
v -1.369831 1.636005 -0.074155
v -0.525529 2.008108 -0.117611
v -0.524303 2.006152 -0.119985
v -0.493683 1.871040 0.013174
v -0.492291 1.868820 0.010480
v -0.651454 1.915940 -0.107079
v -0.650188 1.913920 -0.109529
v -1.269925 1.660425 0.015871
v -1.268439 1.660515 0.014153
v -1.293444 1.563768 -0.009518
v -1.292040 1.563852 -0.011142
v -1.371277 1.636061 -0.072320
v -1.369663 1.636159 -0.074186
v -1.612480 1.296214 -0.009144
v -1.610640 1.294866 -0.012660
v -1.731274 1.095525 0.004701
v -1.729866 1.094495 0.002011
v -1.775360 1.173426 -0.047932
v -1.774060 1.172474 -0.050414
v -0.315726 -1.464022 -0.059411
v -0.317510 -1.462238 -0.063271
v -0.426973 -1.773326 -0.149516
v -0.429545 -1.770754 -0.155079
v -0.443886 -1.450455 0.006106
v -0.445736 -1.448605 0.002104
v -0.214578 -1.580634 -0.023896
v -0.212020 -1.579226 -0.026711
v -0.244118 -1.807193 -0.161912
v -0.240326 -1.805107 -0.166082
v -0.318193 -1.463997 -0.059608
v -0.315043 -1.462263 -0.063074
v -1.455136 1.421846 -0.001726
v -1.453364 1.419774 -0.003854
v -1.612553 1.296701 -0.009710
v -1.610567 1.294379 -0.012094
v -1.556530 1.460132 -0.123263
v -1.554730 1.458028 -0.125423
v -0.186801 -1.752636 0.080759
v -0.353963 -1.871944 0.238016
v -0.329497 -2.026065 -0.003109
v -0.248635 -1.357988 -0.081939
v -0.315403 -1.460461 -0.062894
v -0.298969 -1.383714 -0.144764
v -0.216397 -1.378474 -0.007979
v -0.313848 -1.459973 -0.060834
v -0.247484 -1.357785 -0.080195
v 0.741065 1.144283 -0.006512
v 0.685606 1.269667 -0.006383
v 0.642051 1.318335 0.065899
v 0.585357 1.563135 0.105034
v 0.631195 1.418945 0.141795
v 0.638129 1.328821 0.072003
v -0.332476 -2.032988 -0.004192
v -0.356740 -1.881957 0.233260
v -0.460196 -2.386931 0.006643
v 0.850250 2.238490 -0.016902
v 0.816483 2.011144 0.004947
v 0.775291 1.913605 -0.093382
v 0.585101 1.059512 -0.002416
v 0.588271 0.993864 -0.019232
v 0.564059 1.190222 -0.105214
v -0.166167 -0.945834 -0.040202
v -0.278851 -1.182762 0.078406
v -0.223386 -1.117788 -0.032027
v 0.681949 1.269881 -0.011196
v 0.563392 1.206137 -0.112817
v 0.581042 1.304517 -0.124454
v 0.540713 1.152173 0.094130
v 0.638043 1.322429 0.070772
v 0.630688 1.412711 0.140558
v -0.191743 -0.714440 -0.016447
v -0.169507 -0.583802 0.036453
v -0.274608 -0.785604 0.086529
v 0.396625 0.881510 0.016863
v 0.326262 0.810862 -0.065542
v 0.395584 0.897152 -0.050648
v 0.325489 0.808466 -0.065336
v 0.396192 0.879566 0.017391
v 0.379419 0.778426 -0.007271
v -0.185215 -1.209483 0.007292
v -0.306347 -1.267219 0.122209
v -0.296105 -1.444834 0.050687
v -0.127167 -0.205654 -0.094563
v -0.120749 -0.121422 -0.131810
v -0.071823 -0.253036 -0.008078
v -0.167229 -0.578594 0.035522
v -0.188861 -0.705744 -0.016182
v -0.116951 -0.476544 -0.015641
v -0.011962 -0.221728 0.006223
v -0.117163 -0.117969 -0.130383
v 0.012201 -0.110129 0.001670
v 0.324139 0.809315 -0.067856
v 0.284602 0.837409 -0.151728
v 0.393234 0.895525 -0.053077
v 0.395934 0.879858 0.019357
v 0.258174 0.813196 0.144422
v 0.379160 0.778935 -0.005310
v 0.141281 0.580629 0.064028
v 0.237392 0.651989 -0.005227
v 0.205746 0.709238 0.087703
v 0.269125 1.652598 -0.004999
v 0.373415 1.805378 0.066484
v 0.225498 1.875516 0.061273
v 0.083307 1.817143 0.000409
v 0.261195 0.808297 0.140638
v 0.405756 0.693846 -0.008149
v 0.379393 0.776015 -0.005732
v 0.326620 0.805662 -0.064670
v 0.379541 0.776604 -0.007554
v 0.405726 0.694821 -0.010409
v 0.235831 0.648367 -0.005716
v 0.140154 0.577517 0.063282
v 0.151777 0.466033 -0.008003
v 0.156752 0.636090 -0.081824
v 0.150119 0.469011 -0.013709
v 0.111546 0.591388 -0.118374
v -0.189853 -0.706639 -0.019626
v -0.192073 -0.549839 -0.079987
v -0.116581 -0.473494 -0.018828
v -0.075154 -0.282490 -0.001550
v -0.162978 -0.566483 0.033393
v -0.114549 -0.468403 -0.015850
v 0.148786 0.461026 -0.007281
v 0.089685 0.550258 0.084324
v 0.009155 0.133359 0.032075
v -0.056678 0.213436 -0.093251
v 0.007735 0.009750 -0.011151
v -0.077181 0.025573 -0.104134
v 0.148842 0.461811 -0.011522
v -0.048573 0.234309 -0.092745
v 0.109898 0.585729 -0.117282
v -0.126615 -0.209737 -0.092484
v -0.069855 -0.258650 -0.003517
v -0.113070 -0.458391 -0.018539
v -0.191972 -0.715026 -0.020019
v -0.252999 -0.917105 -0.092712
v -0.194035 -0.561575 -0.079307
v 0.359397 2.008461 -0.155499
v 0.426933 2.095022 -0.117730
v 0.611390 1.914062 -0.112256
v 0.469199 1.814834 -0.160654
v 0.002317 0.096256 0.028711
v 0.012959 -0.094919 0.002919
v 0.009658 0.007422 -0.007740
v -0.246574 -1.355554 -0.079570
v -0.223722 -1.133399 -0.034226
v -0.215795 -1.375871 -0.008171
v -0.191947 -0.717890 -0.016948
v -0.275766 -0.790271 0.086947
v -0.163858 -0.929475 -0.040795
v -0.313697 -1.125971 -0.103339
v -0.248742 -1.355607 -0.082615
v -0.298420 -1.380924 -0.144550
v -0.296730 -1.453521 0.049861
v -0.305149 -1.547121 0.085683
v -0.216103 -1.577492 -0.022297
v -0.212732 -1.587557 -0.027160
v -0.138716 -1.881357 -0.003199
v -0.240823 -1.805074 -0.161029
v -0.182893 -1.748218 0.077606
v -0.138647 -1.877984 0.001029
v -0.211195 -1.589587 -0.022090
v -1.121327 1.823964 0.114320
v -1.087138 1.698036 0.037935
v -1.092285 1.765296 0.062780
v -0.315436 -1.476250 -0.067997
v -0.244586 -1.801255 -0.164669
v -0.329414 -1.703293 -0.239668
v -1.373756 1.524714 0.002141
v -1.452992 1.423980 -0.003902
v -1.450604 1.578842 -0.120457
v -1.559949 1.451151 -0.120572
v -1.612466 1.296189 -0.012566
v -1.715280 1.244150 -0.067918
v -1.369560 1.694345 -0.121386
v -1.371113 1.636365 -0.074233
v -1.448965 1.584703 -0.123064
v -1.455438 1.426670 -0.008942
v -1.508421 1.525991 -0.158032
v -1.452827 1.579798 -0.123822
v -0.214088 -1.580975 -0.023168
v -0.303538 -1.550286 0.085337
v -0.185365 -1.742683 0.077993
v -1.546339 1.419338 0.073587
v -1.718798 1.115291 0.004909
v -1.611931 1.295208 -0.008912
v -1.481101 1.667746 -0.066213
v -1.554607 1.591667 -0.098165
v -1.546216 1.650608 0.008886
v 0.610635 1.917544 -0.110115
v 0.440681 2.083802 -0.114560
v 0.563870 1.960213 -0.070454
v -1.425151 1.742559 -0.017004
v -1.270961 1.845473 -0.014001
v -1.169474 1.876753 -0.080293
v -1.276776 1.843235 -0.011424
v -1.434051 1.738790 -0.013623
v -1.387616 1.802894 0.035063
v 0.349015 2.041512 0.120502
v 0.236480 2.127636 0.064098
v 0.094105 2.183887 0.097782
v -1.436175 1.733886 -0.012470
v -1.402640 1.676234 0.100621
v -1.252383 1.757715 0.096583
v -1.170724 1.873214 -0.084129
v -1.368307 1.698343 -0.120366
v -1.435106 1.735008 -0.017951
v -0.680121 2.079317 0.035638
v -0.863473 2.096778 -0.004388
v -0.711067 2.046493 0.112366
v -0.614601 2.071421 -0.070994
v -0.672120 2.005937 -0.147589
v -0.803082 2.016435 -0.088400
v -1.514988 1.721903 0.004300
v -1.439167 1.733984 -0.016168
v -1.375130 1.698544 -0.114986
v 0.131016 2.181330 -0.104900
v -0.040840 2.156257 -0.121460
v -0.043619 2.259482 0.002578
v -0.102712 2.142110 0.126820
v -0.049182 2.257874 0.008766
v -0.225177 2.136592 0.072903
v -0.677677 2.078646 0.036552
v -0.708646 2.045753 0.113447
v -0.538266 2.007889 0.118523
v -0.047031 2.259602 0.003656
v -0.043994 2.156225 -0.120599
v -0.177738 2.168460 -0.037457
v -0.099063 2.143151 0.126666
v 0.077380 2.190558 0.098008
v -0.044785 2.259862 0.007834
v -0.978170 2.095490 -0.023322
v -0.871764 2.097489 -0.008838
v -0.812658 2.019002 -0.084603
v -1.271894 1.844949 -0.011040
v -1.385161 1.803438 0.036212
v -1.248843 1.761166 0.095988
v -1.547937 1.650487 0.010194
v -1.556595 1.592277 -0.095408
v -1.610705 1.644891 0.011673
v -1.406139 1.676773 0.098153
v -1.439303 1.733971 -0.014235
v -1.517400 1.721642 0.007230
v 0.776939 1.909079 -0.094593
v 0.818519 2.008885 0.005229
v 1.119156 2.023246 -0.002005
v -1.557266 1.459261 -0.123727
v -1.613844 1.442778 -0.133323
v -1.639268 1.526024 -0.014577
v 0.099772 0.903641 0.005938
v 0.209969 0.866802 0.083981
v 0.256999 0.962431 -0.008539
v 0.100968 0.903713 0.003142
v 0.257996 0.962633 -0.011112
v 0.279974 0.840102 -0.150171
v 0.212811 0.867762 0.084343
v 0.320995 0.939672 0.074042
v 0.259762 0.963159 -0.007989
v 0.090219 0.712891 0.012461
v 0.156402 0.638141 -0.081445
v 0.111406 0.593800 -0.117556
v -0.138678 -1.884909 0.000282
v -0.183705 -1.753881 0.077104
v -0.323817 -2.023202 -0.005748
v -1.406701 1.672885 0.101065
v -1.545324 1.649917 0.013049
v -1.529275 1.517095 0.126229
v -1.052286 2.013886 0.013510
v -1.240721 1.765144 0.097670
v -1.126097 1.834326 0.119870
v -0.308877 -1.273566 0.120333
v -0.362612 -1.403559 0.039583
v -0.298698 -1.448618 0.050358
v -1.409121 1.675432 0.097935
v -1.519230 1.720475 0.007504
v -1.545426 1.652384 0.011584
v -0.869400 2.095674 -0.005001
v -0.886891 1.904105 0.134388
v -0.713914 2.044700 0.113451
v -0.359871 -1.874808 0.238257
v -0.504381 -1.855513 0.132531
v -0.463813 -2.373769 0.013613
v 0.610198 2.139807 -0.014148
v 0.484886 2.194030 0.033466
v 0.532614 1.913302 0.140573
v -0.014169 -0.224947 0.007903
v -0.164150 -0.212241 0.078733
v -0.068559 -0.256845 -0.001336
v -0.181172 2.068913 0.136534
v -0.229949 2.133119 0.074231
v -0.510858 2.011920 0.119254
v 0.210904 2.400374 -0.004387
v -0.041584 2.262024 0.006821
v 0.080249 2.192830 0.096789
v -0.246112 2.130386 0.073377
v -0.494570 2.092855 0.057125
v -0.528446 2.008961 0.118298
v -0.497857 2.092817 0.056552
v -0.673015 2.078747 0.036445
v -0.532644 2.007427 0.118759
v -0.893648 1.900666 0.134742
v -1.043602 2.023976 0.009797
v -1.121438 1.836530 0.120241
v -0.895995 1.908400 0.128791
v -0.983326 2.093960 -0.021296
v -1.042341 2.027723 0.007547
v -0.980603 2.095264 -0.021649
v -0.890894 1.908732 0.129629
v -0.872939 2.096898 -0.007136
v -1.725855 1.381899 -0.005303
v -1.817255 1.145147 0.020573
v -1.742433 1.222132 0.034330
v -0.052517 2.259069 0.006782
v -0.211024 2.232497 0.009358
v -0.226813 2.138554 0.070657
v -0.213635 2.232590 0.009168
v -0.350372 2.253068 -0.003917
v -0.230044 2.138074 0.070813
v 0.282375 2.238250 -0.013264
v 0.086500 2.189750 0.096539
v 0.236054 2.129907 0.062054
v 0.604341 1.818381 0.142929
v 0.677785 1.792012 0.084276
v 0.654322 1.904596 0.090763
v -0.678695 2.081516 0.033594
v -0.503589 2.193150 -0.003826
v -0.857397 2.099451 -0.006340
v -0.497265 2.095227 0.054992
v -0.490038 2.196969 -0.003871
v -0.671603 2.081915 0.034516
v -0.177396 2.069163 0.137410
v -0.104282 2.140038 0.127990
v -0.226880 2.134349 0.074218
v 0.360281 2.036361 0.122258
v 0.477115 2.193594 0.035246
v 0.240915 2.127486 0.063146
v 0.650790 1.902992 0.092886
v 0.537257 1.826222 0.149438
v 0.602466 1.818663 0.143770
v -0.354528 2.252645 -0.003987
v -0.491365 2.096534 0.055293
v -0.233470 2.136544 0.071379
v -0.493637 2.099252 0.053366
v -0.360007 2.251210 -0.004253
v -0.486997 2.199187 -0.004581
v 0.363439 2.034196 0.123073
v 0.528440 1.908090 0.144529
v 0.480952 2.190859 0.036286
v -0.017678 -0.222217 0.011274
v -0.135365 -0.145652 0.103940
v -0.169459 -0.209508 0.082981
v -1.050481 2.023012 0.008223
v -1.179300 1.976912 0.008246
v -1.240002 1.773067 0.092977
v 0.059298 2.067961 0.149700
v 0.347482 2.038114 0.123778
v 0.082359 2.187040 0.099831
v 0.078784 2.188198 0.099719
v -0.097071 2.140734 0.128389
v 0.055711 2.068322 0.149909
v 0.555401 2.329480 -0.011202
v 0.292452 2.241191 -0.014961
v 0.481477 2.199262 0.032359
v 0.239976 2.130642 0.061013
v 0.475765 2.196935 0.032974
v 0.286688 2.238787 -0.014308
v 0.726256 1.692094 0.089086
v 0.678507 1.789161 0.084000
v 0.590440 1.745117 0.128956
v 0.681267 1.789212 0.082917
v 0.729129 1.692313 0.087918
v 0.890645 1.817899 -0.005133
v 1.198752 1.688202 -0.002593
v 0.899329 1.818355 -0.007766
v 0.738108 1.692888 0.085360
v -0.332277 -1.090635 0.092827
v -0.398956 -1.272833 0.034652
v -0.283854 -1.187927 0.083299
v -0.401327 -1.278843 0.033548
v -0.363926 -1.400513 0.039666
v -0.309674 -1.267821 0.121811
v -1.533196 1.521052 0.121510
v -1.548021 1.650017 0.011759
v -1.610322 1.644443 0.013307
v 0.649931 1.905554 0.092428
v 0.532842 1.901529 0.145834
v 0.535434 1.827545 0.149617
v 0.679673 1.795041 0.082937
v 0.809861 2.003285 0.010579
v 0.656271 1.906326 0.089430
v 0.614740 2.139503 -0.014214
v 0.539975 1.915838 0.138512
v 0.841870 2.247688 -0.013243
v 0.418568 0.972573 0.122131
v 0.579566 1.058674 0.003609
v 0.459040 1.076048 0.115562
v 0.815060 2.011760 0.007752
v 0.848547 2.241530 -0.012882
v 0.662687 1.915651 0.085999
v 0.426394 0.972938 0.115445
v 0.587493 0.990639 -0.017612
v 0.584207 1.057804 -0.000653
v 0.653300 1.909685 0.090683
v 0.831432 2.225695 -0.004240
v 0.538840 1.905802 0.142895
v 0.417573 0.968576 0.121553
v 0.428143 0.916571 0.081902
v 0.578316 0.986392 -0.011388
v 0.915609 1.546709 0.005534
v 0.594864 1.570104 0.101304
v 0.730239 1.502227 0.071913
v 0.610294 2.143487 -0.015297
v 0.559267 2.328825 -0.011413
v 0.484471 2.197835 0.032487
v 0.256880 0.816286 0.146134
v 0.394641 0.882255 0.020924
v 0.323036 0.938359 0.074824
v 0.282954 2.242228 -0.014819
v 0.217246 2.402180 -0.005595
v 0.085926 2.194042 0.095493
v -0.292997 -1.445032 0.047501
v -0.215987 -1.377309 -0.005427
v -0.185822 -1.217885 0.005495
v 0.582414 1.061560 0.002422
v 0.534257 1.137518 0.093217
v 0.461059 1.078367 0.114895
v 0.771928 1.328678 -0.016058
v 0.729509 1.495779 0.071113
v 0.641541 1.324284 0.068372
v 0.741868 1.137606 -0.006197
v 0.639063 1.318644 0.068835
v 0.538045 1.140913 0.092427
v 0.149245 0.466835 -0.005278
v 0.138388 0.576818 0.064529
v 0.090192 0.555887 0.086059
v 0.002776 0.107283 0.031049
v 0.010873 0.010199 -0.008264
v 0.143120 0.126487 -0.013899
v 0.689133 1.799875 0.080239
v 1.119303 2.021837 0.001743
v 0.818480 2.007797 0.007768
v 0.048102 2.068240 0.149867
v -0.101532 2.139568 0.128773
v -0.173723 2.069376 0.138043
v -0.071703 -0.258304 -0.000171
v -0.170493 -0.212554 0.082129
v -0.232615 -0.394433 0.075452
v -1.254944 1.760307 0.093986
v -1.387560 1.802023 0.035993
v -1.435276 1.736529 -0.012938
v 0.400936 0.693308 -0.004753
v 0.253634 0.809980 0.147517
v 0.208104 0.712406 0.089171
v 0.603459 1.816762 0.143456
v 0.588411 1.746412 0.129937
v 0.676493 1.790342 0.085071
v -0.709919 2.043439 0.114877
v -0.876507 1.906720 0.135338
v -0.542336 2.005318 0.120359
v -1.819633 0.977308 0.016226
v -1.745265 1.214774 0.034273
v -1.820311 1.137632 0.020668
v -0.402456 -1.282945 0.032304
v -0.442892 -1.446938 0.005035
v -0.365232 -1.403288 0.038370
v 0.774940 1.331818 -0.016472
v 0.928982 1.544806 0.000414
v 0.732431 1.498991 0.070733
v -0.131478 -0.144759 0.101901
v -0.012141 -0.222203 0.008203
v 0.011977 -0.110424 0.003605
v -0.164553 -0.934639 -0.040409
v -0.276891 -0.794742 0.087768
v -0.329470 -1.081086 0.091671
v -0.063036 0.116488 0.078442
v -0.133046 -0.141199 0.103380
v 0.011176 -0.107068 0.004517
v -0.061033 0.121700 0.077520
v 0.010920 -0.094455 0.005902
v 0.000387 0.107078 0.032568
v -0.029644 0.343631 0.075556
v -0.061775 0.125081 0.078362
v -0.000090 0.110305 0.033208
v 0.686065 1.271362 -0.006883
v 0.770585 1.325985 -0.016647
v 0.641627 1.321647 0.066863
v 0.082178 0.538774 0.085583
v -0.027130 0.357619 0.076281
v 0.002244 0.129521 0.035116
v 0.725477 1.689348 0.089356
v 0.588838 1.742764 0.129479
v 0.584328 1.577017 0.104644
v 0.923194 1.551870 0.003394
v 0.728650 1.687257 0.088128
v 0.589214 1.575606 0.103086
v 0.586003 1.061314 -0.000096
v 0.739312 1.133939 -0.006640
v 0.537651 1.137449 0.091094
v 0.533638 1.139242 0.093634
v 0.520608 1.233074 0.060462
v 0.461561 1.081612 0.114934
v 0.727789 1.499517 0.072624
v 0.585455 1.569788 0.103641
v 0.639926 1.328836 0.069866
v 0.125790 0.651936 0.062854
v 0.090201 0.557625 0.086461
v 0.138422 0.578367 0.064911
v -0.216277 -1.380978 -0.005761
v -0.295721 -1.451199 0.048729
v -0.214760 -1.574815 -0.023746
v -0.244336 -0.409559 0.072013
v -0.420393 -0.546674 -0.022159
v -0.385332 -0.674278 -0.008279
v 0.147557 0.445321 -0.008554
v 0.005495 0.111424 0.030670
v 0.145538 0.130666 -0.014063
v -0.167888 -0.571382 0.037244
v -0.073579 -0.265253 0.000055
v -0.233935 -0.400376 0.075357
v -0.234814 -0.410352 0.075545
v -0.273664 -0.775952 0.087577
v -0.169744 -0.578296 0.037996
v -0.281115 -0.102270 -0.004367
v -0.171363 -0.208639 0.082891
v -0.137360 -0.144876 0.103788
v 0.934272 1.551158 0.000563
v 1.201132 1.680939 -0.002583
v 0.740054 1.686319 0.085300
v -0.047870 1.882834 0.121283
v 0.053201 2.064157 0.150223
v -0.173452 2.065593 0.138070
v 0.695592 1.795953 0.078431
v 0.898078 1.823425 -0.007389
v 1.114877 2.011740 0.001810
v 0.202860 0.707583 0.088028
v 0.126978 0.654707 0.062698
v 0.139596 0.581279 0.064912
v -0.064807 0.124544 0.078518
v -0.036651 0.327117 0.075938
v -0.138075 0.014047 0.055183
v -0.240328 -0.413384 0.074815
v -0.383358 -0.679106 -0.006802
v -0.279452 -0.784716 0.087574
v 0.456067 1.081939 0.112066
v 0.439484 1.273482 -0.036295
v 0.335221 1.171500 -0.007725
v 0.426318 0.915962 0.082236
v 0.415505 0.968702 0.122522
v 0.325807 0.940135 0.075755
v -0.384602 -0.684488 -0.007116
v -0.436774 -1.024993 -0.004305
v -0.280477 -0.790404 0.087465
v -1.554579 1.411822 0.074796
v -1.739128 1.220919 0.034829
v -1.728751 1.103228 0.005317
v -0.282041 -0.800466 0.087705
v -0.438196 -1.035101 -0.003991
v -0.333658 -1.083935 0.092170
v 0.581117 1.574769 0.104473
v 0.585231 1.738777 0.128942
v 0.449463 1.554944 0.081717
v 0.372371 1.812886 0.069085
v 0.358218 2.031667 0.123305
v 0.067811 2.061711 0.148892
v 0.528189 1.822409 0.147204
v 0.377119 1.804283 0.068039
v 0.316169 1.611746 0.061078
v 0.253103 0.814564 0.148077
v 0.319590 0.936761 0.076229
v 0.212017 0.865434 0.086384
v 0.585747 1.746288 0.130080
v 0.599761 1.812811 0.142789
v 0.346048 1.625032 0.068982
v 0.122667 0.793446 -0.014166
v 0.207935 0.865015 0.083331
v 0.097846 0.901870 0.005551
v 0.445300 1.554587 0.079763
v 0.579484 1.737502 0.126056
v 0.360321 1.598583 -0.018558
v 0.202964 0.710297 0.087684
v 0.089568 0.716918 0.019967
v 0.126391 0.656258 0.062204
v 0.533369 1.826668 0.149552
v 0.530801 1.900337 0.145697
v 0.383729 1.808761 0.071189
v -0.007125 0.591520 -0.004481
v 0.124493 0.655528 0.061268
v 0.087484 0.716189 0.018923
v -0.362832 -1.406390 0.039197
v -0.382061 -1.607258 0.059344
v -0.298998 -1.451373 0.049882
v -0.365567 -1.406342 0.038381
v -0.443268 -1.450123 0.004988
v -0.385829 -1.608881 0.058461
v 0.535197 1.823761 0.149340
v 0.343145 1.630831 0.070490
v 0.597838 1.816472 0.143724
v 0.580403 1.571961 0.103692
v 0.447921 1.551682 0.080747
v 0.531128 1.472585 0.061504
v -0.134684 -0.134371 0.102763
v -0.067288 0.114737 0.078851
v -0.144399 -0.001913 0.054116
v 0.413778 0.970091 0.121488
v 0.324936 1.062537 -0.001786
v 0.323764 0.941440 0.074780
v 0.089018 0.718902 0.018614
v 0.202501 0.712627 0.086158
v 0.122343 0.789594 -0.013977
v -0.010381 0.585427 -0.004273
v -0.027139 0.365272 0.075586
v 0.086636 0.555028 0.085873
v -0.030540 0.360407 0.074722
v -0.013946 0.578778 -0.004575
v -0.096980 0.390807 -0.003006
v 0.442825 1.274227 -0.034698
v 0.459669 1.084439 0.112575
v 0.519776 1.237583 0.057878
v 0.088405 0.557524 0.086089
v 0.124252 0.653040 0.062139
v -0.008149 0.588136 -0.003812
v -0.034674 1.726857 0.003195
v 0.050865 2.051660 0.146282
v -0.046049 1.879041 0.119370
v -0.053312 1.884145 0.120424
v -0.176472 2.063599 0.137010
v -0.185853 1.963237 0.094593
v -0.444947 -1.456560 0.005277
v -0.570299 -1.785248 0.007079
v -0.387255 -1.616166 0.058974
v -0.181435 0.055015 -0.003269
v -0.284932 -0.097357 -0.008110
v -0.138201 -0.141168 0.102231
v 0.055307 2.049254 0.141808
v -0.031982 1.720139 -0.002874
v 0.077721 1.818288 0.000872
v 0.415928 0.971867 0.122316
v 0.456891 1.076035 0.115532
v 0.327219 1.064885 -0.001137
v 0.377675 1.809483 0.068709
v 0.528555 1.902760 0.145138
v 0.362967 2.029649 0.123333
v -0.169511 -0.945270 -0.036126
v -0.330526 -1.087431 0.092518
v -0.282389 -1.184319 0.082846
v 0.324747 1.067672 -0.004228
v 0.453778 1.078907 0.111948
v 0.333851 1.168778 -0.007396
v -0.224199 -0.191449 -0.006733
v -0.414736 -0.536796 -0.020468
v -0.237888 -0.398800 0.074543
v -0.305757 -1.263764 0.121876
v -0.186606 -1.206440 0.008903
v -0.281706 -1.189472 0.083417
v 0.629418 1.417950 0.141505
v 0.532756 1.468158 0.061954
v 0.523257 1.245268 0.059973
v 0.582354 1.570532 0.104298
v 0.532934 1.471321 0.062069
v 0.629556 1.421335 0.141589
v -1.090472 1.689620 0.034224
v -1.245846 1.757784 0.096573
v -1.267327 1.661931 0.016191
v -1.244085 1.759787 0.097802
v -1.088180 1.691897 0.035593
v -1.125901 1.831486 0.120296
v 0.081662 1.820732 0.001787
v 0.222267 1.877877 0.061893
v 0.060119 2.059013 0.146741
v -0.251032 1.911652 0.003732
v -0.184342 2.059043 0.130409
v -0.371389 1.897467 -0.016170
v 0.529156 1.471743 0.060396
v 0.445916 1.550828 0.079664
v 0.412760 1.473048 -0.004210
v -1.122789 1.832918 0.120454
v -1.090973 1.767879 0.063828
v -0.900428 1.894918 0.134128
v -0.528546 2.000926 0.115680
v -0.491925 1.871342 0.012355
v -0.380546 1.895785 -0.016515
v -1.731880 1.095307 0.003998
v -1.742234 1.212586 0.033603
v -1.816379 0.974497 0.015495
v -0.695301 1.838484 0.014288
v -0.495222 1.871043 0.012966
v -0.533294 2.001122 0.117011
v -0.538542 2.001823 0.118783
v -0.882048 1.900000 0.134000
v -0.701071 1.837879 0.015061
v -1.090422 1.764548 0.060879
v -1.084524 1.691195 0.033443
v -0.913953 1.794465 -0.062823
v -1.543098 1.430637 0.079873
v -1.634299 1.418165 0.113776
v -1.732261 1.233864 0.038931
v -1.539731 1.433491 0.080180
v -1.531770 1.511165 0.127109
v -1.632258 1.420792 0.114545
v 0.361823 1.814880 0.068602
v 0.079119 2.044990 0.142189
v 0.226518 1.878247 0.063428
v -0.381232 -1.612036 0.060713
v -0.306793 -1.547630 0.086289
v -0.298951 -1.456263 0.051183
v -0.304523 -1.554706 0.088552
v -0.352409 -1.865475 0.237327
v -0.185946 -1.747308 0.081135
v -1.399499 1.675786 0.100604
v -1.270047 1.661566 0.016535
v -1.248704 1.757480 0.097074
v -1.270514 1.659405 0.015379
v -1.399105 1.672764 0.098385
v -1.293324 1.566368 -0.008933
v -1.527093 1.515534 0.126224
v -1.373781 1.526582 0.005231
v -1.404488 1.671532 0.101072
v -1.294839 1.564017 -0.009278
v -1.400577 1.669269 0.097435
v -1.371118 1.527211 0.003902
v -1.374776 1.523768 0.004365
v -1.527126 1.512202 0.124271
v -1.453969 1.422771 -0.001616
v -1.538061 1.433633 0.079177
v -1.457512 1.422588 0.001288
v -1.529789 1.510615 0.125421
v -0.357820 -1.869036 0.239372
v -0.310766 -1.559916 0.090828
v -0.503824 -1.849637 0.132508
v -0.183225 -1.204722 0.005122
v -0.223219 -1.120614 -0.031911
v -0.280006 -1.187719 0.080913
v -1.726947 1.381386 -0.008482
v -1.775189 1.173895 -0.047625
v -1.819733 1.141121 0.018541
v -1.642929 1.527165 -0.007227
v -1.720585 1.397948 -0.006594
v -1.636249 1.420323 0.112231
v -1.720208 1.398417 -0.009269
v -1.642606 1.527673 -0.009892
v -1.616148 1.442461 -0.131451
v -1.721600 1.395031 -0.006235
v -1.739510 1.227200 0.035386
v -1.637646 1.417011 0.112193
v -1.820981 1.137365 0.019401
v -1.776205 1.170240 -0.047002
v -1.820678 0.973227 0.014214
v -0.508140 -1.852739 0.128344
v -0.574901 -1.798902 0.007852
v -0.452379 -2.113447 -0.014014
v -1.557414 1.589892 -0.097420
v -1.640860 1.531874 -0.009267
v -1.611958 1.643383 0.011210
v -1.617579 1.438838 -0.131555
v -1.718019 1.245528 -0.068334
v -1.721301 1.395245 -0.009657
v -0.985870 2.092131 -0.023043
v -1.109160 1.864253 -0.127443
v -1.043776 2.027379 0.005456
v -1.640600 1.528309 -0.005304
v -1.634073 1.421480 0.113969
v -1.532857 1.512505 0.126553
v -1.481124 1.669202 -0.064639
v -1.546007 1.652055 0.010214
v -1.519611 1.720554 0.006171
v -1.183697 1.972165 0.008281
v -1.269807 1.846561 -0.011263
v -1.246632 1.763989 0.094720
v -1.556531 1.588021 -0.099243
v -1.556540 1.461490 -0.122814
v -1.639967 1.529942 -0.011088
v -1.611888 1.642502 0.013258
v -1.640792 1.531204 -0.007234
v -1.533522 1.515714 0.124108
v -1.554918 1.587233 -0.101191
v -1.510586 1.525754 -0.158788
v -1.554896 1.461540 -0.124649
v -0.574203 -1.797681 0.003624
v -0.430527 -1.775255 -0.148970
v -0.450233 -2.115194 -0.019762
v -0.334503 -1.087326 0.091205
v -0.439458 -1.038296 -0.005313
v -0.399277 -1.182628 -0.020585
v -0.221343 -0.180782 -0.007567
v -0.174227 -0.207999 0.079358
v -0.284027 -0.102295 -0.007881
v -0.373653 -1.206732 -0.073107
v -0.323278 -1.437399 -0.060215
v -0.398110 -1.187986 -0.023992
v -0.370315 -1.215238 -0.076154
v -0.300230 -1.383039 -0.144524
v -0.316785 -1.459114 -0.063215
v -0.418534 -0.562921 -0.023668
v -0.362855 -0.877177 -0.076140
v -0.386545 -0.679648 -0.010522
v -0.122488 -0.118596 -0.133180
v -0.128656 -0.205127 -0.094778
v -0.217834 -0.180921 -0.012136
v -0.465894 -2.381926 0.004532
v -0.503714 -1.878741 0.120974
v -0.449535 -2.127395 -0.015329
v -0.360057 -0.938713 -0.081726
v -0.373952 -1.203331 -0.073179
v -0.398588 -1.184384 -0.023779
v -0.386183 -0.693429 -0.010886
v -0.358818 -0.912920 -0.083310
v -0.438312 -1.028983 -0.008193
v -0.098698 0.382250 -0.006028
v -0.058939 0.220813 -0.092572
v -0.176604 0.067595 -0.006360
v -0.146340 -0.002313 0.052423
v -0.177693 0.051776 0.000988
v -0.138157 -0.126557 0.097149
v -0.119628 -0.114619 -0.133563
v -0.077871 0.022758 -0.104636
v 0.008988 0.006533 -0.009595
v 0.012486 -0.107199 0.001481
v 0.310930 1.605700 0.058445
v 0.372063 1.797903 0.065320
v 0.270994 1.649825 -0.004314
v -0.400325 -1.192917 -0.019561
v -0.441546 -1.433845 0.004607
v -0.403037 -1.277943 0.031233
v 0.307992 1.598511 -0.061861
v 0.271100 1.649868 -0.007415
v 0.378499 1.860844 -0.076874
v 0.088639 0.718376 0.017288
v 0.121888 0.788884 -0.015370
v 0.155644 0.642435 -0.078520
v 0.124047 0.791318 -0.013107
v 0.205111 0.713818 0.087919
v 0.209607 0.862971 0.084661
v -0.172301 -0.211463 0.081874
v -0.220389 -0.183684 -0.006241
v -0.234430 -0.391322 0.075012
v 0.102784 0.876191 -0.001863
v 0.147553 0.681917 -0.065098
v 0.122083 0.791753 -0.016683
v 0.206869 0.715199 0.090112
v 0.252280 0.812336 0.148545
v 0.211230 0.863212 0.086738
v 0.321820 0.941713 0.072867
v 0.322646 1.063206 -0.004218
v 0.260650 0.965078 -0.009052
v -0.335160 -1.092225 0.090074
v -0.399030 -1.185781 -0.020438
v -0.401904 -1.274276 0.032173
v 0.422838 0.991446 -0.143192
v 0.484151 1.148529 -0.053690
v 0.558953 1.200781 -0.112468
v 0.519361 1.241173 0.055753
v 0.477896 1.411103 -0.035610
v 0.442170 1.277976 -0.037280
v 0.413533 0.988524 -0.139605
v 0.324493 1.067054 -0.006275
v 0.333587 1.166950 -0.009694
v -0.048340 1.876136 0.117004
v -0.091706 1.838662 -0.004310
v -0.037224 1.717809 -0.003162
v 0.535284 1.144587 0.093249
v 0.624729 1.404051 0.138682
v 0.522425 1.238225 0.059870
v -0.574009 -1.792287 0.003653
v -0.446698 -1.460648 0.001489
v -0.430320 -1.769797 -0.149013
v -0.179339 2.061055 0.133984
v -0.245986 1.915655 0.008996
v -0.187860 1.963459 0.093236
v 0.520610 1.245776 0.056757
v 0.530584 1.467968 0.059339
v 0.479028 1.415231 -0.034830
v 0.410849 1.474194 -0.005220
v 0.444085 1.552001 0.078704
v 0.358145 1.596056 -0.020598
v 0.385340 1.877633 -0.081427
v 0.359596 2.003287 -0.154562
v 0.465743 1.815530 -0.159606
v -0.319229 -1.475016 -0.067386
v -0.332072 -1.702883 -0.239532
v -0.425673 -1.768442 -0.153181
v -0.283744 -1.190371 0.083779
v -0.399071 -1.276177 0.035037
v -0.308155 -1.265318 0.122862
v -0.574689 -1.794766 0.007928
v -0.507553 -1.848995 0.128916
v -0.390411 -1.623900 0.060383
v -0.384029 -1.617366 0.061676
v -0.490102 -1.822144 0.124577
v -0.312535 -1.555460 0.086370
v -0.326993 -2.026603 -0.009224
v -0.241662 -1.809466 -0.160216
v -0.139348 -1.885861 -0.002413
v -0.441655 -2.119385 -0.019483
v -0.252241 -1.825473 -0.152889
v -0.332257 -2.031048 -0.009175
v 0.399219 0.883304 0.019739
v 0.578998 0.984434 -0.014987
v 0.427855 0.914977 0.080011
v 0.208503 0.709943 0.086406
v 0.239652 0.653026 -0.005838
v 0.400858 0.690226 -0.007919
v 0.582631 0.987762 -0.021523
v 0.397958 0.899901 -0.052412
v 0.419054 0.981094 -0.144239
v 0.398497 0.882909 0.017075
v 0.397369 0.898317 -0.049859
v 0.577339 0.983538 -0.018744
v 0.685927 1.271341 -0.008654
v 0.586686 1.305542 -0.120551
v 0.770013 1.325664 -0.018800
v 0.396997 0.882806 0.020007
v 0.426051 0.914880 0.080944
v 0.325277 0.938884 0.074195
v 0.395542 0.899818 -0.053023
v 0.346639 0.953045 -0.090294
v 0.416479 0.980590 -0.144345
v 0.355836 1.599324 -0.023881
v 0.310611 1.596699 -0.062533
v 0.456903 1.793496 -0.150971
v 0.356908 1.599170 -0.019380
v 0.570886 1.735637 0.122902
v 0.313868 1.604254 0.058192
v 0.477713 1.416996 -0.035615
v 0.529021 1.469911 0.058456
v 0.412996 1.471303 -0.005828
v -0.096443 1.842356 -0.003965
v -0.187161 1.960900 0.091755
v -0.247718 1.910523 0.003870
v -1.196284 1.639505 -0.065569
v -1.269270 1.660036 0.013388
v -1.366418 1.636566 -0.071664
v -0.889317 1.897979 0.134334
v -1.081728 1.769717 0.063210
v -0.709722 1.836300 0.016237
v -0.526414 2.004675 0.118486
v -0.376880 1.897863 -0.015576
v -0.185622 2.064215 0.135391
v -0.049433 1.879171 0.119168
v -0.184068 1.959981 0.092963
v -0.093020 1.841200 -0.002937
v 0.354936 1.598571 -0.022466
v 0.271507 1.647820 -0.007021
v 0.308585 1.595808 -0.062118
v -1.090088 1.687763 0.031583
v -1.266347 1.660411 0.013946
v -1.193260 1.639850 -0.065047
v -1.295606 1.563239 -0.011049
v -1.371727 1.526263 0.002174
v -1.446929 1.580171 -0.118911
v 0.354897 1.598787 -0.020841
v 0.311190 1.603907 0.057985
v 0.271030 1.648366 -0.005221
v -0.650013 1.913606 -0.105825
v -0.498032 1.870099 0.010152
v -0.698221 1.837085 0.011440
v -0.884740 1.879503 -0.158467
v -0.683931 1.996173 -0.147391
v -0.901177 1.802275 -0.072235
v -1.457729 1.423768 -0.008729
v -1.554251 1.459708 -0.123924
v -1.510103 1.523715 -0.157698
v -1.456820 1.419914 -0.001669
v -1.538497 1.431572 0.077663
v -1.607885 1.299837 -0.009220
v -0.654033 1.912488 -0.105864
v -0.701759 1.836424 0.010869
v -0.895784 1.800922 -0.068255
v -0.903516 1.798422 -0.066845
v -0.712315 1.833691 0.011434
v -1.080133 1.767792 0.057767
v -1.186550 1.642648 -0.064053
v -0.912128 1.793561 -0.067027
v -1.085443 1.689320 0.031383
v -1.176480 1.650273 -0.069252
v -0.889220 1.875541 -0.156711
v -0.905574 1.798789 -0.071056
v -1.620062 1.290196 -0.014193
v -1.770313 1.177164 -0.049271
v -1.718848 1.240324 -0.067576
v -0.329436 -1.709789 -0.238212
v -0.245368 -1.806531 -0.164413
v -0.437333 -2.102455 -0.029990
v -1.351354 1.709244 -0.121298
v -1.159766 1.879135 -0.086105
v -1.118821 1.849322 -0.135306
v -1.160808 1.881590 -0.083060
v -1.268489 1.848132 -0.013336
v -1.181498 1.975475 0.006031
v -1.516527 1.720051 0.003032
v -1.374895 1.696132 -0.118125
v -1.479052 1.669668 -0.066318
v -1.720115 1.241122 -0.067662
v -1.772423 1.177600 -0.049278
v -1.723622 1.384525 -0.011262
v -1.157903 1.881357 -0.085054
v -1.050485 2.017131 -0.000251
v -1.116671 1.851592 -0.134355
v -0.426211 -1.773660 -0.153145
v -0.335566 -1.710685 -0.236429
v -0.442905 -2.093429 -0.033011
v -1.371292 1.694682 -0.121476
v -1.451417 1.584072 -0.123353
v -1.478346 1.668007 -0.067840
v -1.048260 2.024745 0.006037
v -1.158559 1.884296 -0.082067
v -1.179329 1.977636 0.006514
v -0.807812 2.014489 -0.088757
v -0.676509 2.003908 -0.147966
v -0.881730 1.884154 -0.158428
v -0.487341 2.198937 -0.006336
v -0.367494 2.247956 -0.006708
v -0.595970 2.086437 -0.063628
v 0.284152 2.238117 -0.018178
v 0.352999 2.014910 -0.153094
v 0.139559 2.180097 -0.105216
v 0.649086 1.578342 -0.060081
v 0.636735 1.488883 -0.150778
v 0.546613 1.564810 -0.150021
v -0.807746 2.017325 -0.086318
v -0.867460 2.096465 -0.010031
v -0.620620 2.072351 -0.068718
v -0.180787 2.165551 -0.038734
v -0.108760 2.089727 -0.137727
v -0.263690 2.050626 -0.103735
v -0.669145 2.006063 -0.147559
v -0.611214 2.071922 -0.070647
v -0.527688 2.008008 -0.118454
v -0.212975 2.232695 0.007856
v -0.183262 2.170038 -0.035554
v -0.346909 2.252624 -0.005476
v -0.856324 2.099545 -0.009613
v -0.495837 2.195463 -0.006910
v -0.612259 2.075141 -0.067970
v -0.177190 2.166001 -0.040147
v -0.044525 2.154100 -0.122428
v -0.106033 2.090663 -0.138276
v -0.889520 1.881476 -0.158476
v -1.111963 1.852285 -0.135873
v -0.983156 2.090468 -0.026118
v -0.051411 2.259488 0.004821
v -0.180195 2.169255 -0.035968
v -0.210539 2.232694 0.007928
v -0.810869 2.015133 -0.087644
v -0.885865 1.884348 -0.157344
v -0.978461 2.092170 -0.025804
v 0.640169 1.489444 -0.148668
v 0.652257 1.578007 -0.058884
v 0.919578 1.547583 -0.005429
v -0.365676 2.243895 -0.009826
v -0.525330 2.009954 -0.117163
v -0.608234 2.073258 -0.069845
v -1.553801 1.588989 -0.100976
v -1.453670 1.581230 -0.124301
v -1.509527 1.527068 -0.158725
v -1.453176 1.582787 -0.123297
v -1.553737 1.590672 -0.099807
v -1.480169 1.666819 -0.067743
v -0.360309 2.242091 -0.011416
v -0.407917 2.028240 -0.117728
v -0.520730 2.009712 -0.117817
v -0.350601 2.250943 -0.007015
v -0.183150 2.167089 -0.037389
v -0.266163 2.052520 -0.102168
v -0.353862 2.247391 -0.008952
v -0.269092 2.050008 -0.103577
v -0.403968 2.028996 -0.117455
v 0.424644 2.097473 -0.116963
v 0.358296 2.012533 -0.154013
v 0.290608 2.232233 -0.021441
v -0.040560 2.262235 0.003998
v 0.213227 2.401601 -0.007665
v 0.134628 2.183687 -0.103873
v 0.742808 1.138087 -0.009329
v 0.566463 1.204342 -0.110461
v 0.685214 1.268324 -0.008467
v 0.426240 2.101508 -0.115013
v 0.289610 2.239950 -0.017045
v 0.554348 2.328666 -0.013460
v 0.561461 1.966056 -0.069347
v 0.429386 2.097952 -0.115751
v 0.557049 2.322126 -0.015121
v 0.562423 2.314160 -0.013668
v 0.610889 2.140829 -0.016878
v 0.566208 1.977896 -0.065071
v 0.899088 1.817852 -0.010450
v 1.197340 1.688124 -0.006415
v 0.626518 1.672136 -0.125250
v -0.126278 -0.117377 -0.130393
v -0.221217 -0.179848 -0.009536
v -0.284909 -0.100049 -0.010344
v 0.283380 2.241826 -0.016640
v 0.139223 2.184414 -0.103294
v 0.217726 2.401227 -0.007702
v 0.473142 1.813303 -0.160177
v 0.613193 1.911010 -0.112566
v 0.611351 1.804844 -0.140256
v -0.116556 -0.123790 -0.126964
v -0.013319 -0.224268 0.006329
v -0.067942 -0.256200 -0.002791
v 0.322664 0.807419 -0.067887
v 0.238274 0.653035 -0.008409
v 0.159834 0.639858 -0.080996
v 0.282446 0.835379 -0.152431
v 0.560762 1.198696 -0.112665
v 0.586609 0.991347 -0.021095
v 0.421602 0.984480 -0.144556
v 0.767632 1.904386 -0.098606
v 0.614057 1.806260 -0.139544
v 0.615914 1.912421 -0.111843
v 0.394408 0.898426 -0.052844
v 0.285850 0.840622 -0.151347
v 0.345667 0.951759 -0.090162
v 0.648778 1.580608 -0.059781
v 0.546372 1.567039 -0.149701
v 0.607674 1.665430 -0.130399
v -0.117131 -0.453102 -0.021982
v -0.185043 -0.267173 -0.075180
v -0.129444 -0.210304 -0.093837
v 0.610112 1.671036 -0.130212
v 0.614424 1.801556 -0.139347
v 0.884587 1.817252 -0.015297
v -0.163530 -0.936219 -0.043724
v -0.222791 -1.113147 -0.034645
v -0.255536 -0.937035 -0.094902
v -0.224923 -1.117013 -0.035143
v -0.314716 -1.109033 -0.101828
v -0.257636 -0.940571 -0.095452
v 0.770878 1.908305 -0.097381
v 0.619774 1.916213 -0.110601
v 0.845555 2.238156 -0.020324
v 0.236743 0.650269 -0.008115
v 0.152607 0.468403 -0.010659
v 0.158655 0.637058 -0.080142
v 0.582829 1.308191 -0.124827
v 0.638215 1.483248 -0.150064
v 0.769608 1.328772 -0.021019
v 0.774006 1.330761 -0.019111
v 0.642586 1.485514 -0.148267
v 0.928039 1.544187 -0.002491
v 0.617718 1.923355 -0.108210
v 0.615052 2.139414 -0.017046
v 0.844507 2.248647 -0.017092
v -0.360369 -0.921096 -0.081924
v -0.400005 -1.177572 -0.022523
v -0.439663 -1.036601 -0.007224
v 0.010783 0.010960 -0.009679
v -0.053689 0.216451 -0.092180
v 0.144231 0.128041 -0.015460
v -0.040207 2.153597 -0.122855
v 0.131326 2.177918 -0.106602
v 0.015624 2.000384 -0.133693
v 0.136298 2.177611 -0.106623
v 0.349307 2.011286 -0.154930
v 0.019375 1.997650 -0.134082
v 0.011836 1.999582 -0.134165
v -0.104508 2.089341 -0.139033
v -0.042940 2.152655 -0.123240
v 0.147959 0.453659 -0.010619
v 0.145238 0.132685 -0.015735
v -0.053039 0.221522 -0.092686
v -0.446351 -2.127764 -0.017588
v -0.336454 -2.039312 -0.007624
v -0.461184 -2.384385 0.001511
v 0.891862 1.823074 -0.012971
v 0.620970 1.806406 -0.137298
v 0.772651 1.903771 -0.097163
v 0.405235 0.691603 -0.010183
v 0.241841 0.654344 -0.007707
v 0.324081 0.805215 -0.065793
v -0.221621 -1.125594 -0.031780
v -0.183027 -1.206091 0.004015
v -0.213879 -1.363149 -0.006730
v -0.319270 -1.460765 -0.060010
v -0.442727 -1.447778 0.003019
v -0.398899 -1.195903 -0.022229
v 0.610832 2.126886 -0.020955
v 0.613185 1.917179 -0.109522
v 0.565320 1.960545 -0.069414
v 0.741467 1.135085 -0.009308
v 0.586602 1.061942 -0.002246
v 0.564476 1.201421 -0.110827
v -0.115541 -0.468405 -0.018678
v -0.191440 -0.545192 -0.080020
v -0.185077 -0.277088 -0.073949
v 0.898817 1.824001 -0.010223
v 0.778621 1.905131 -0.095078
v 1.123575 2.018995 -0.002102
v 0.543915 1.567274 -0.149724
v 0.366314 1.598750 -0.027499
v 0.604478 1.664720 -0.130398
v -0.259016 -0.936535 -0.096113
v -0.315990 -1.104311 -0.102365
v -0.354989 -0.915881 -0.085475
v -0.371173 -1.198564 -0.075689
v -0.356437 -0.926579 -0.085414
v -0.317888 -1.109997 -0.102019
v -0.193671 -0.375746 -0.078116
v -0.196236 -0.549031 -0.081706
v -0.234572 -0.768476 -0.090378
v 0.417925 0.987495 -0.143053
v 0.336064 1.168991 -0.010426
v 0.481369 1.147904 -0.052389
v -0.201685 -0.348328 -0.077140
v -0.260454 -0.931045 -0.095697
v -0.352935 -0.910643 -0.085410
v 0.933503 1.550921 -0.001520
v 0.676980 1.580639 -0.053905
v 1.188283 1.675152 -0.005425
v -0.317583 -1.115433 -0.102499
v -0.302040 -1.371823 -0.143087
v -0.371845 -1.205707 -0.075614
v -0.196474 -0.285632 -0.073851
v -0.356489 -0.891516 -0.083053
v -0.418748 -0.546855 -0.024490
v -1.114509 1.847570 -0.136188
v -0.896371 1.875550 -0.158051
v -1.186848 1.648009 -0.069918
v -0.059354 0.215275 -0.093320
v -0.079374 0.026277 -0.104131
v -0.177995 0.060264 -0.006567
v 0.336123 1.172170 -0.009340
v 0.440444 1.274629 -0.038124
v 0.481573 1.150781 -0.051470
v -0.106550 2.087605 -0.138820
v 0.007160 1.998744 -0.133941
v -0.256808 2.048993 -0.105727
v 0.652643 1.582759 -0.059592
v 0.613123 1.664600 -0.127760
v 1.157407 1.678100 -0.013166
v 0.019026 1.902596 -0.056958
v -0.036397 1.718039 -0.005271
v -0.091055 1.838904 -0.006009
v -0.224771 -1.120327 -0.034908
v -0.248224 -1.346444 -0.080668
v -0.314343 -1.112251 -0.101473
v 0.279473 0.835875 -0.152086
v 0.158544 0.643479 -0.081637
v 0.099526 0.899704 0.002091
v 0.466200 1.811502 -0.159291
v 0.313379 1.605866 -0.065507
v 0.385476 1.874071 -0.081038
v -0.015673 0.573250 -0.007969
v -0.057941 0.232878 -0.089716
v -0.096891 0.389974 -0.005413
v 0.283435 0.841109 -0.151280
v 0.261084 0.962925 -0.012748
v 0.344020 0.952471 -0.089882
v -0.314655 -1.463328 -0.060459
v -0.216534 -1.381390 -0.007428
v -0.214903 -1.575700 -0.025628
v -0.010058 0.585280 -0.008634
v 0.107180 0.588811 -0.117545
v -0.052458 0.237721 -0.092834
v 0.078155 1.817914 -0.001028
v -0.033010 1.718398 -0.005327
v 0.022179 1.902632 -0.056993
v 0.270970 1.657913 -0.008437
v 0.231335 1.917015 -0.084178
v 0.381821 1.875895 -0.079369
v 0.606098 1.668901 -0.130270
v 0.369464 1.604847 -0.027837
v 0.610252 1.798843 -0.139171
v -0.191837 -0.724434 -0.020177
v -0.163344 -0.933249 -0.043663
v -0.255149 -0.933860 -0.094738
v 0.344125 0.954705 -0.088230
v 0.260912 0.965282 -0.010711
v 0.323007 1.063640 -0.006104
v 0.442768 1.278906 -0.039079
v 0.478583 1.413171 -0.037679
v 0.577410 1.307030 -0.123346
v 0.346179 0.954620 -0.090175
v 0.325688 1.062278 -0.009389
v 0.415672 0.982409 -0.144043
v 0.086696 0.715086 0.016681
v 0.108777 0.592876 -0.116815
v -0.009401 0.589100 -0.007158
v -0.672804 2.001489 -0.147445
v -0.652888 1.915824 -0.108797
v -0.888595 1.808258 -0.072898
v 0.364878 1.608245 -0.028259
v 0.469844 1.810316 -0.159875
v 0.607267 1.801954 -0.139790
v -0.121290 -0.111404 -0.132935
v -0.177892 0.056505 -0.007832
v -0.079795 0.023214 -0.104674
v -0.181127 0.055947 -0.005629
v -0.123859 -0.114307 -0.132383
v -0.284713 -0.096975 -0.010442
v 0.442698 1.275970 -0.039170
v 0.577031 1.303580 -0.123243
v 0.483892 1.152392 -0.052574
v 0.579897 1.308983 -0.124848
v 0.480887 1.415276 -0.039041
v 0.635020 1.483997 -0.150039
v -0.529086 2.005721 -0.119112
v -0.650025 1.916896 -0.108927
v -0.670117 2.004023 -0.148232
v -0.219352 -0.183047 -0.010763
v -0.129606 -0.206939 -0.093996
v -0.186353 -0.265419 -0.074886
v 0.227177 1.915949 -0.083033
v 0.266270 1.655511 -0.006794
v 0.083081 1.817494 -0.001338
v -1.194475 1.641626 -0.067986
v -1.363575 1.697125 -0.121518
v -1.120743 1.844028 -0.135344
v -0.188974 -0.266835 -0.073488
v -0.406317 -0.522580 -0.024652
v -0.221686 -0.186224 -0.010405
v 0.561397 1.204829 -0.112950
v 0.487969 1.153852 -0.055469
v 0.578229 1.300188 -0.123928
v 0.415092 1.470631 -0.008299
v 0.625114 1.484040 -0.143220
v 0.478089 1.417488 -0.037162
v -1.369232 1.637072 -0.073972
v -1.367500 1.694981 -0.120935
v -1.201612 1.640419 -0.068208
v -0.244215 1.910064 0.001314
v 0.008841 1.990738 -0.129569
v -0.093531 1.841614 -0.006515
v -1.559328 1.456527 -0.124247
v -1.704935 1.263394 -0.075159
v -1.613747 1.440870 -0.133547
v 0.382829 1.878958 -0.080743
v 0.232088 1.920309 -0.085632
v 0.356470 2.006209 -0.154397
v 0.228000 1.921276 -0.085820
v 0.041420 1.909681 -0.062599
v 0.344299 2.002367 -0.150647
v 0.411383 1.474400 -0.007375
v 0.358716 1.596151 -0.022859
v 0.539220 1.564553 -0.146506
v 0.222784 1.917830 -0.082994
v 0.080189 1.819767 -0.001765
v 0.024230 1.904988 -0.057950
v 0.418604 1.474607 -0.012324
v 0.544671 1.563833 -0.149880
v 0.633840 1.488511 -0.150429
v -0.378424 1.895986 -0.018922
v -0.490072 1.871922 0.010007
v -0.407131 2.021828 -0.114560
v -0.269708 2.046875 -0.103499
v -0.375927 1.899171 -0.021078
v -0.404686 2.025935 -0.117528
v 0.020483 1.906544 -0.058956
v -0.087422 1.844238 -0.009377
v 0.013724 1.990640 -0.130443
v -0.267855 2.044252 -0.101151
v -0.251345 1.911475 0.001734
v -0.373982 1.896813 -0.018909
v 0.023850 1.908639 -0.060768
v 0.017335 1.993612 -0.132985
v 0.337431 2.005324 -0.152572
v 0.005696 1.994744 -0.131475
v -0.247866 1.913172 0.000211
v -0.264179 2.046543 -0.103012
v -1.774196 1.168926 -0.047275
v -1.731938 1.094915 0.002763
v -1.818363 0.971130 0.013940
v -0.523204 2.006313 -0.117786
v -0.408987 2.025234 -0.117463
v -0.492172 1.875093 0.007223
v -1.297019 1.565823 -0.013565
v -1.447929 1.582869 -0.121456
v -1.370602 1.634797 -0.073194
v -0.526037 2.004841 -0.117487
v -0.495428 1.872353 0.008535
v -0.647787 1.915637 -0.107300
v -1.270454 1.659003 0.013842
v -1.293190 1.565519 -0.010624
v -1.368123 1.635413 -0.071274
v -1.617668 1.288707 -0.011484
v -1.730418 1.097912 0.002333
v -1.772918 1.172713 -0.048152
v -0.319428 -1.465010 -0.060911
v -0.425929 -1.757098 -0.146481
v -0.442454 -1.452038 0.001860
v -0.214994 -1.580195 -0.026978
v -0.242946 -1.792560 -0.157905
v -0.313398 -1.469455 -0.061552
v -1.456864 1.420089 -0.004255
v -1.608773 1.299284 -0.012249
v -1.554947 1.457088 -0.121829
v -0.097747 0.387111 -0.002549
v -0.178957 0.060018 -0.002810
v -0.145790 0.002434 0.051655
v -0.031650 0.356518 0.074925
vn -0.6260 -0.7542 0.1982
vn 0.4505 -0.0464 -0.8916
vn -0.4227 0.4237 -0.8011
vn -0.9509 0.1345 -0.2788
vn 0.4016 -0.7958 0.4532
vn 0.8770 -0.4704 -0.0978
vn 0.1992 0.7682 0.6084
vn -0.6155 0.7761 -0.1376
vn 0.7705 -0.1773 0.6124
vn -0.6625 -0.6663 -0.3424
vn 0.3607 0.8077 -0.4664
vn -0.5806 0.7919 0.1895
vn -0.9672 0.1879 0.1708
vn 0.3586 -0.7955 -0.4884
vn 0.8258 -0.2511 -0.5050
vn 0.2822 -0.2337 0.9304
vn -0.4875 0.3466 0.8013
vn 0.7866 -0.5934 0.1707
vn -0.6384 -0.1986 -0.7436
vn 0.6539 0.7473 0.1185
vn -0.4816 0.7384 0.4720
vn -0.9174 0.3928 0.0634
vn 0.3303 -0.5737 -0.7495
vn 0.8636 -0.3017 -0.4038
vn -0.1033 -0.7147 0.6918
vn -0.6445 0.0634 0.7620
vn 0.5316 -0.8470 -0.0054
vn -0.4362 0.8868 0.1525
vn -0.0538 -0.4903 0.8699
vn -0.6907 -0.6138 0.3824
vn -0.9425 -0.2306 -0.2417
vn 0.7934 0.5365 0.2876
vn 0.6238 -0.0387 0.7807
vn 0.4667 -0.6780 -0.5678
vn -0.7353 -0.5429 -0.4056
vn 0.9709 0.2092 0.1166
vn 0.2642 -0.9621 0.0671
vn -0.2628 0.1544 -0.9524
vn -0.8807 -0.0799 -0.4668
vn -0.8778 -0.4187 0.2327
vn 0.9777 0.0605 -0.2009
vn 0.5319 0.2849 -0.7974
vn -0.1423 0.9078 0.3945
vn -0.9483 -0.0049 0.3175
vn 0.8777 0.4665 -0.1098
vn -0.4026 -0.3839 0.8310
vn -0.0531 -0.7501 -0.6592
vn -0.8759 0.0766 -0.4764
vn -0.9510 -0.0079 0.3092
vn 0.4314 -0.4906 0.7571
vn 0.8482 -0.5237 0.0791
vn 0.2674 0.9464 0.1813
vn -0.8179 0.5209 -0.2443
vn 0.9420 -0.0951 0.3220
vn -0.1799 -0.9828 -0.0428
vn -0.1649 0.3670 -0.9155
vn -0.8227 0.3670 -0.4340
vn -0.9733 0.0050 0.2295
vn 0.9172 -0.3210 -0.2361
vn 0.6053 0.1217 -0.7867
vn 0.2604 0.8403 0.4755
vn -0.8563 0.3757 0.3544
vn 0.9932 0.0558 -0.1020
vn -0.0891 -0.2151 -0.9725
vn -0.0906 0.9927 -0.0792
vn -0.9678 0.2377 0.0824
vn -0.8008 -0.1990 -0.5649
vn 0.6810 -0.0805 -0.7279
vn 0.9160 0.3810 -0.1258
vn 0.1193 -0.8362 0.5353
vn -0.9697 -0.1718 0.1738
vn 0.9989 -0.0230 -0.0404
vn -0.3589 -0.9067 0.2216
vn 0.4071 0.6619 -0.6295
vn -0.7821 0.4423 -0.4389
vn -0.9636 0.1064 -0.2454
vn 0.8261 -0.4611 0.3238
vn 0.9857 -0.1178 0.1208
vn -0.0938 0.5444 0.8336
vn -0.7424 0.5778 0.3390
vn 0.6195 0.1422 0.7720
vn -0.7096 -0.0835 -0.6997
vn 0.5197 0.8047 0.2871
vn -0.3684 0.5632 0.7397
vn -0.8755 0.1726 0.4513
vn 0.4609 -0.2192 -0.8600
vn 0.8618 0.2004 -0.4660
vn 0.3055 -0.7779 0.5491
vn -0.4259 -0.2448 0.8710
vn 0.7553 -0.5907 -0.2840
vn 0.4261 0.9046 0.0066
vn -0.6097 -0.0780 0.7888
vn -0.9688 0.2196 0.1151
vn -0.6781 0.5004 -0.5383
vn 0.8186 -0.2081 0.5353
vn 0.1677 -0.3249 0.9308
vn -0.1370 -0.9000 -0.4138
vn -0.7611 0.0813 -0.6435
vn 0.6876 -0.6064 0.3994
vn -0.3277 0.3645 0.8716
vn -0.3198 -0.9436 -0.0859
vn -0.8910 0.0128 -0.4539
vn -0.8566 0.4794 0.1909
vn 0.4500 -0.0266 0.8926
vn 0.6933 -0.6012 0.3974
vn 0.5276 0.7026 -0.4776
vn -0.6396 0.5151 -0.5706
vn 0.9530 -0.1014 0.2855
vn -0.4662 -0.1978 -0.8623
vn 0.4649 0.7747 0.4287
vn -0.5771 0.3937 0.7155
vn -0.9861 0.0910 0.1392
vn 0.5760 -0.3927 -0.7169
vn 0.9720 -0.1542 -0.1771
vn -0.5282 -0.5021 0.6848
vn -0.8518 0.3356 0.4022
vn 0.7159 -0.6734 -0.1845
vn 0.5812 0.1736 0.7950
vn -0.5399 -0.7796 -0.3175
vn -0.4745 0.8564 -0.2037
vn -0.8250 0.2939 0.4827
vn 0.7141 0.1689 -0.6793
vn -0.6031 -0.6617 0.4453
vn 0.5284 -0.4290 -0.7327
vn -0.2830 -0.0693 -0.9566
vn -0.8955 -0.0380 -0.4434
vn 0.4516 -0.4479 0.7717
vn 0.8971 -0.4288 0.1068
vn 0.1941 0.9745 0.1123
vn -0.6163 0.5371 -0.5760
vn 0.7468 0.1212 0.6539
vn 0.6732 0.5960 0.4376
vn 0.0903 -0.8356 0.5418
vn -0.6657 0.1324 0.7344
vn -0.0689 0.6449 0.7611
vn 0.9725 0.1528 -0.1760
vn 0.7013 -0.5142 -0.4936
vn -0.3941 0.5585 -0.7299
vn -0.7649 0.4262 0.4830
vn 0.6144 -0.2253 -0.7561
vn 0.2994 -0.1196 -0.9466
vn 0.2239 0.9527 0.2053
vn -0.8428 0.4647 -0.2715
vn -0.4714 0.1316 -0.8720
vn 0.8725 -0.2890 -0.3940
vn 0.9285 -0.0927 0.3595
vn -0.3643 -0.9047 0.2207
vn -0.9612 0.0828 -0.2632
vn 0.8025 -0.4713 0.3659
vn -0.2649 0.7966 -0.5434
vn 0.5486 -0.1897 0.8143
vn -0.4889 0.2428 0.8379
vn -0.6485 0.5753 0.4984
vn 0.5110 0.1259 -0.8503
vn 0.7896 -0.3583 -0.4981
vn -0.6725 -0.5413 -0.5048
vn -0.9390 -0.2359 0.2502
vn 0.1320 -0.6111 -0.7805
vn 0.1594 0.8124 -0.5609
vn 0.5903 0.0408 0.8061
vn -0.4629 0.4689 0.7523
vn -0.4725 0.8791 0.0629
vn 0.6673 0.1011 -0.7379
vn 0.8771 -0.4429 -0.1860
vn -0.6921 -0.6034 -0.3960
vn -0.8917 0.2776 0.3575
vn 0.4701 -0.6488 -0.5984
vn -0.5351 -0.8064 0.2519
vn 0.6803 0.0874 -0.7277
vn -0.5134 0.2886 -0.8081
vn -0.8891 -0.1754 -0.4228
vn 0.3436 -0.6511 0.6768
vn 0.8690 -0.2450 0.4300
vn -0.2925 0.7177 0.6319
vn -0.7635 0.6081 -0.2175
vn 0.4616 0.1383 0.8762
vn 0.6215 0.7610 -0.1863
vn -0.5932 -0.0077 0.8050
vn -0.9182 0.3923 -0.0550
vn -0.4370 0.7054 -0.5581
vn 0.8957 -0.1419 0.4214
vn 0.3255 -0.3992 0.8571
vn -0.0972 -0.8118 -0.5758
vn -0.6794 0.0296 -0.7331
vn 0.5913 -0.7809 0.2013
vn -0.1535 0.9440 0.2919
vn -0.9278 -0.2061 -0.3108
vn -0.3329 0.1536 -0.9304
vn 0.0977 0.7782 -0.6203
vn -0.2665 0.2720 0.9247
vn -0.6818 -0.3869 0.6209
vn 0.0342 -0.9439 -0.3283
vn 0.1875 -0.3792 -0.9061
vn -0.1384 -0.8801 0.4542
vn 0.9739 -0.1654 0.1557
vn 0.6723 0.2014 -0.7124
vn 0.2577 -0.3705 0.8924
vn 0.6259 -0.3233 -0.7098
vn -0.5061 0.7862 0.3546
vn -0.9121 0.0854 -0.4009
vn -0.6681 -0.2816 -0.6887
vn 0.8727 0.1809 0.4535
vn 0.5303 0.5165 0.6723
vn -0.2849 -0.6982 0.6567
vn -0.7799 -0.6252 -0.0301
vn 0.4228 -0.2605 0.8680
vn 0.6107 -0.5643 0.5555
vn -0.3348 -0.6052 -0.7222
vn -0.8024 -0.5958 -0.0328
vn -0.5899 -0.4022 0.7002
vn 0.9020 0.1178 -0.4153
vn 0.3703 -0.1903 -0.9092
vn -0.4349 0.8852 -0.1652
vn -0.8532 -0.0427 0.5198
vn 0.6446 0.4775 -0.5970
vn -0.5962 -0.7579 0.2650
vn 0.5843 -0.2429 -0.7744
vn -0.2150 0.1215 -0.9690
vn -0.8593 0.0628 -0.5075
vn 0.4644 -0.5631 0.6836
vn 0.9110 -0.4099 0.0450
vn 0.1753 0.9392 0.2952
vn -0.5994 0.6329 -0.4901
vn 0.7189 0.0113 0.6951
vn -0.3896 -0.9183 -0.0701
vn -0.1029 0.8495 -0.5175
vn -0.7594 0.4381 0.4811
vn -0.8492 -0.2004 0.4886
vn 0.4736 -0.6810 -0.5585
vn 0.7174 -0.0980 -0.6897
vn 0.5962 -0.0921 0.7975
vn -0.2731 0.1718 0.9465
vn 0.9602 -0.2777 -0.0310
vn 0.1384 0.9717 -0.1916
vn 0.5636 -0.2856 0.7751
vn -0.2130 -0.0050 0.9770
vn -0.6885 0.4527 0.5666
vn 0.7523 0.0030 -0.6588
vn 0.9332 -0.3593 0.0057
vn -0.4879 -0.8317 -0.2649
vn -0.8578 -0.0454 0.5119
vn 0.5481 -0.4807 -0.6845
vn -0.2276 -0.9732 -0.0340
vn 0.3594 0.8881 -0.2866
vn -0.8042 0.3593 -0.4734
vn -0.8935 0.1133 -0.4345
vn 0.8516 -0.3220 0.4137
vn 0.9273 -0.0733 0.3672
vn -0.3617 0.2899 0.8861
vn -0.8849 0.3594 0.2963
vn 0.3928 0.0368 0.9189
vn -0.7056 -0.2452 0.6648
vn 0.1255 -0.8938 -0.4305
vn -0.5976 -0.1550 -0.7867
vn -0.9945 0.0159 -0.1035
vn 0.1059 -0.3274 0.9389
vn 0.7019 -0.5586 0.4420
vn 0.2989 0.9543 -0.0052
vn -0.6529 0.3646 -0.6639
vn 0.7478 -0.0726 0.6599
vn 0.3377 -0.8556 0.3922
vn -0.7900 0.5838 -0.1872
vn -0.7539 0.5388 0.3759
vn -0.4088 -0.2322 0.8826
vn 0.4664 -0.4310 -0.7725
vn 0.1965 0.0499 -0.9792
vn 0.4294 0.5700 0.7005
vn -0.4252 0.2571 0.8678
vn 0.7859 0.0949 -0.6110
vn -0.6459 -0.2126 -0.7332
vn 0.3216 0.8696 0.3748
vn -0.3473 0.4180 0.8394
vn -0.9946 0.1015 0.0218
vn -0.1065 -0.0583 -0.9926
vn 0.6201 0.0023 -0.7845
vn -0.1138 -0.8219 0.5582
vn -0.5572 0.1609 0.8146
vn 0.5262 -0.5018 -0.6865
vn 0.2986 -0.7559 0.5826
vn -0.5749 -0.4531 -0.6814
vn -0.9838 -0.1761 0.0334
vn -0.6210 -0.1742 0.7642
vn 0.8547 -0.4158 -0.3107
vn 0.2769 -0.3853 -0.8803
vn 0.0841 0.9913 -0.1015
vn -0.7650 0.3373 0.5487
vn 0.8033 0.0835 -0.5897
vn -0.3849 0.0332 -0.9224
vn 0.2267 0.9511 0.2099
vn -0.8625 0.2848 0.4184
vn -0.9329 0.1232 -0.3385
vn 0.4136 -0.0739 -0.9074
vn 0.9388 0.0150 -0.3440
vn -0.0734 -0.9813 0.1780
vn -0.9055 -0.0722 0.4181
vn 0.8790 -0.3393 -0.3351
vn 0.9713 -0.0969 0.2174
vn 0.0764 -0.9843 -0.1589
vn -0.1579 -0.7082 0.6881
vn 0.4245 -0.2132 0.8800
vn 0.8056 0.0821 -0.5867
vn 0.2493 -0.3829 -0.8895
vn -0.9693 0.1030 -0.2232
vn -0.7118 -0.0960 0.6958
vn -0.3406 0.2042 -0.9178
vn 0.1906 0.9526 0.2370
vn -0.0798 0.3903 0.9172
vn 0.2969 0.6764 -0.6740
vn 0.0679 -0.9515 -0.3000
vn -0.0405 0.9983 -0.0414
vn -0.9916 0.0723 -0.1073
vn -0.9766 -0.1620 -0.1417
vn 0.9958 -0.0774 0.0480
vn 0.9844 0.1562 0.0811
vn -0.0935 -0.1467 0.9848
vn -0.7846 -0.1288 0.6064
vn 0.6622 -0.0723 0.7458
vn 0.3484 0.5251 0.7765
vn -0.0422 -0.9979 -0.0483
vn -0.9091 -0.1528 0.3875
vn -0.5467 0.3122 0.7769
vn 0.9492 0.2891 0.1240
vn 0.8965 -0.1781 -0.4056
vn -0.2560 0.7579 -0.6001
vn -0.9213 0.3852 0.0537
vn 0.6738 0.3581 -0.6463
vn -0.2596 -0.8984 0.3544
vn 0.6385 -0.0949 -0.7637
vn -0.3594 -0.0731 -0.9303
vn -0.7935 -0.4779 -0.3769
vn 0.5333 -0.4249 0.7314
vn 0.9819 -0.0185 0.1883
vn -0.3432 0.8631 0.3703
vn -0.8376 0.2577 -0.4817
vn 0.6114 0.3145 0.7262
vn 0.1713 -0.9847 -0.0317
vn -0.6342 0.4810 -0.6053
vn -0.9714 0.1602 0.1752
vn -0.7038 -0.3055 0.6414
vn 0.7593 -0.0086 -0.6506
vn 0.2286 0.4035 -0.8859
vn 0.3204 0.7766 0.5425
vn -0.4922 0.2446 0.8354
vn 0.8045 0.5065 -0.3101
vn 0.2324 -0.9714 -0.0480
vn 0.4701 0.4789 -0.7413
vn -0.3943 0.1317 -0.9095
vn -0.5967 -0.5761 -0.5586
vn 0.8047 -0.2911 0.5174
vn 0.9132 0.3966 0.0934
vn -0.5878 0.5082 0.6295
vn -0.9245 0.0029 -0.3812
vn 0.5674 0.3052 0.7648
vn 0.0727 -0.9689 -0.2364
vn -0.4265 0.7625 -0.4864
vn -0.9625 0.1650 0.2153
vn -0.7914 -0.4898 0.3657
vn 0.8381 -0.1519 -0.5239
vn 0.5970 0.4900 -0.6352
vn 0.4032 0.3109 0.8607
vn -0.4998 0.0201 0.8659
vn 0.9439 0.3212 0.0768
vn 0.1279 0.0129 -0.9917
vn -0.2766 0.9355 0.2200
vn -0.9982 0.0185 -0.0573
vn -0.6449 -0.1842 -0.7417
vn 0.8122 0.1981 -0.5487
vn 0.8445 0.5025 0.1851
vn 0.1986 -0.9265 0.3195
vn -0.8883 -0.4568 -0.0468
vn 0.9795 0.0320 0.1990
vn 0.3254 -0.7302 -0.6008
vn -0.1187 0.9126 0.3913
vn -0.7658 0.2815 -0.5782
vn -0.7180 0.0981 -0.6891
vn 0.7986 -0.2418 0.5512
vn 0.7498 -0.0586 0.6590
vn -0.6146 -0.5106 0.6013
vn -0.9738 -0.2240 -0.0384
vn 0.1357 -0.4779 0.8679
vn 0.0764 -0.8876 -0.4543
vn -0.4337 0.8925 -0.1238
vn -0.9145 0.0731 0.3979
vn -0.7739 -0.5036 0.3840
vn 0.8046 0.1275 -0.5800
vn 0.5579 0.6604 -0.5025
vn 0.4829 0.1128 0.8684
vn -0.3470 -0.1866 0.9191
vn 0.9361 0.3243 0.1362
vn -0.7626 -0.2978 -0.5743
vn 0.3511 0.8843 -0.3077
vn -0.4423 0.7861 0.4318
vn -0.9591 0.2187 0.1795
vn 0.1005 -0.5534 -0.8269
vn 0.7290 -0.0688 -0.6811
vn 0.2602 -0.6129 0.7461
vn -0.5180 0.2383 0.8215
vn 0.6918 -0.6440 -0.3265
vn -0.4344 -0.8107 0.3925
vn -0.4525 0.3232 -0.8311
vn -0.7462 0.6596 -0.0900
vn -0.6757 0.3840 0.6293
vn 0.4780 -0.7562 -0.4469
vn 0.1786 -0.2527 -0.9509
vn 0.7534 0.6448 0.1290
vn -0.2839 0.7756 0.5637
vn 0.8240 -0.3172 -0.4694
vn -0.3338 -0.8766 0.3467
vn -0.5396 0.2153 -0.8139
vn -0.8578 0.5129 -0.0326
vn -0.7475 0.0926 0.6577
vn 0.4836 -0.7863 -0.3845
vn 0.2180 -0.2585 -0.9411
vn 0.6913 0.6772 0.2519
vn -0.4580 0.6431 0.6138
vn 0.8349 -0.2769 -0.4757
vn -0.1397 0.6806 -0.7192
vn 0.6121 0.0684 0.7878
vn -0.2843 0.3880 0.8767
vn -0.7459 0.5530 0.3713
vn 0.6860 -0.2602 -0.6794
vn 0.9488 -0.3147 -0.0265
vn -0.4225 -0.8976 0.1254
vn -0.8456 -0.1073 0.5229
vn 0.4116 -0.8209 -0.3960
vn -0.3180 -0.4206 0.8497
vn 0.6524 -0.6092 -0.4508
vn -0.3907 -0.6602 -0.6415
vn -0.7984 -0.5991 0.0603
vn 0.4487 0.1369 0.8831
vn 0.9590 0.1331 0.2503
vn -0.3581 0.8957 -0.2638
vn -0.8219 -0.1345 -0.5535
vn 0.5970 0.7031 0.3863
vn -0.4440 -0.8138 -0.3750
vn 0.5027 0.8642 0.0200
vn -0.7873 0.6111 -0.0819
vn -0.9187 0.3672 -0.1452
vn 0.7765 -0.6301 0.0092
vn 0.9176 -0.3905 0.0740
vn -0.1810 -0.1645 0.9696
vn -0.7507 0.2560 0.6090
vn 0.5007 -0.4780 0.7217
vn -0.8031 -0.5274 0.2773
vn 0.4072 0.6473 0.6443
vn 0.7073 -0.4090 0.5766
vn 0.1130 -0.8883 0.4452
vn -0.9177 0.3611 -0.1653
vn -0.3870 0.9194 -0.0699
vn 0.3325 -0.1802 -0.9257
vn 0.6811 -0.7265 -0.0911
vn -0.3901 0.5703 -0.7229
vn -0.6994 0.6629 0.2673
vn 0.6976 -0.6958 0.1712
vn -0.6151 -0.7879 -0.0306
vn -0.8612 -0.5076 0.0244
vn 0.4814 0.8669 0.1294
vn 0.7710 0.6321 0.0778
vn -0.0762 0.1476 -0.9861
vn -0.5684 -0.4303 -0.7013
vn 0.4673 0.6293 -0.6209
vn 0.8476 0.5283 -0.0490
vn -0.0553 -0.5119 -0.8573
vn 0.3299 -0.9263 -0.1821
vn 0.6594 -0.5587 0.5031
vn -0.2939 0.8808 -0.3713
vn -0.4170 0.2550 -0.8724
vn -0.8316 -0.3645 0.4191
vn 0.3588 -0.7863 0.5030
vn -0.6386 0.6789 -0.3624
vn -0.8595 -0.4634 0.2158
vn 0.7128 0.6264 0.3155
vn 0.3753 -0.3819 -0.8446
vn 0.5919 -0.7923 -0.1479
vn -0.1674 0.3790 -0.9101
vn -0.8033 0.5397 -0.2519
vn -0.2667 -0.3187 0.9095
vn -0.4866 -0.8118 0.3229
vn -0.5381 -0.7131 -0.4493
vn 0.2842 0.8892 0.3585
vn 0.1235 0.3732 0.9195
vn 0.9031 -0.4186 -0.0962
vn -0.2686 -0.8646 -0.4246
vn 0.5551 0.7378 0.3840
vn 0.6151 -0.1845 0.7666
vn 0.4421 0.6417 -0.6267
vn 0.5825 -0.2514 -0.7730
vn 0.6144 -0.7734 -0.1563
vn -0.1180 0.6248 0.7718
vn -0.0748 0.9958 0.0527
vn -0.9137 -0.3155 -0.2561
vn 0.0986 -0.8240 -0.5580
vn -0.6629 0.6309 0.4031
vn -0.8040 -0.5943 -0.0175
vn 0.1794 0.6723 0.7182
vn 0.4687 -0.1538 0.8699
vn 0.3064 -0.7400 0.5988
vn -0.6210 0.5202 -0.5864
vn -0.2937 0.9506 -0.1006
vn 0.8459 0.0332 -0.5323
vn 0.8213 -0.5229 0.2280
vn -0.0399 0.6079 -0.7930
vn -0.8834 -0.1838 0.4311
vn 0.8947 -0.1780 0.4096
vn 0.1956 -0.9356 -0.2941
vn -0.4875 -0.8687 -0.0884
vn -0.4864 0.6650 0.5667
vn 0.1986 0.8579 0.4740
vn -0.2583 0.3783 -0.8889
vn -0.1289 -0.6057 -0.7852
vn -0.1282 0.9864 -0.1030
vn -0.7859 -0.4617 -0.4113
vn -0.3111 0.4816 0.8193
vn -0.0395 -0.3547 0.9342
vn -0.1143 -0.9250 0.3624
vn -0.4636 0.5866 -0.6641
vn -0.3402 0.9390 0.0509
vn 0.9797 0.1043 -0.1709
vn 0.4606 -0.7477 0.4783
vn 0.1050 0.8078 -0.5800
vn 0.8874 0.0150 -0.4608
vn -0.5246 -0.5355 -0.6618
vn -0.1581 -0.9831 -0.0922
vn 0.4766 -0.8090 0.3441
vn -0.0294 0.8219 -0.5689
vn -0.5445 0.2688 -0.7946
vn -0.6298 0.2202 0.7449
vn 0.1609 -0.7950 0.5849
vn -0.3543 0.8690 -0.3455
vn -0.9708 0.1144 0.2107
vn 0.6390 0.5140 0.5722
vn 0.3897 -0.3590 0.8481
vn -0.3084 -0.6721 0.6732
vn -0.4013 0.7557 -0.5176
vn 0.3090 0.9242 -0.2245
vn 0.4514 -0.5570 -0.6971
vn 0.2252 -0.9257 0.3039
vn 0.1365 0.4800 -0.8666
vn -0.4345 0.4506 -0.7798
vn -0.5753 -0.6398 0.5097
vn 0.1107 -0.9037 -0.4135
vn -0.0131 -0.3423 -0.9395
vn -0.4965 0.8675 0.0296
vn -0.4566 0.5185 0.7230
vn 0.9443 0.3228 0.0643
vn 0.6451 -0.5583 -0.5217
vn 0.0999 0.8124 0.5745
vn 0.2780 -0.4846 0.8294
vn 0.8425 0.0953 -0.5303
vn 0.2875 -0.6940 -0.6601
vn -0.0118 -0.9989 0.0455
vn 0.2981 0.5004 0.8129
vn 0.5968 0.7957 0.1035
vn -0.9130 0.3182 -0.2552
vn -0.3986 -0.7705 -0.4974
vn -0.0480 0.9266 0.3729
vn -0.4431 -0.6850 -0.5783
vn -0.5042 0.4167 0.7564
vn 0.0502 -0.4541 0.8895
vn 0.0881 -0.9512 0.2958
vn -0.4760 0.3535 -0.8053
vn -0.5109 0.8359 -0.2007
vn 0.9488 0.2734 -0.1582
vn 0.7046 -0.5251 0.4774
vn 0.1429 0.7711 -0.6204
vn 0.8173 0.4822 -0.3155
vn -0.9196 -0.0664 -0.3873
vn -0.3649 -0.5057 -0.7817
vn 0.2964 -0.5313 -0.7937
vn 0.0957 0.8319 0.5466
vn -0.5947 0.5871 0.5491
vn 0.2828 -0.7933 0.5391
vn 0.3164 -0.9226 -0.2207
vn -0.0457 0.2277 0.9727
vn 0.9766 -0.1943 -0.0923
vn -0.4610 -0.5852 -0.6671
vn -0.3535 -0.9296 0.1040
vn 0.2150 -0.7481 0.6277
vn 0.3678 0.6338 -0.6805
vn -0.2324 0.1878 -0.9543
vn -0.6894 0.5349 0.4884
vn -0.2554 -0.5573 0.7901
vn -0.1005 0.8391 -0.5346
vn -0.4358 -0.5684 0.6979
vn 0.9996 0.0262 0.0114
vn 0.4559 -0.6962 -0.5544
vn -0.1904 -0.9639 -0.1860
vn -0.2437 0.3941 0.8861
vn 0.4031 0.7202 0.5647
vn -0.5832 0.4874 -0.6498
vn -0.2077 -0.5186 -0.8294
vn -0.2632 0.9149 0.3060
vn -0.7191 -0.3852 -0.5784
vn -0.1740 0.4527 0.8745
vn 0.0429 -0.7406 0.6706
vn -0.3272 -0.9419 0.0752
vn -0.4742 0.5143 -0.7146
vn -0.1257 0.9597 -0.2513
vn 0.8435 -0.1908 -0.5021
vn 0.4836 -0.8581 0.1727
vn 0.3299 0.6776 -0.6572
vn -0.5152 0.3845 -0.7660
vn -0.4818 -0.4078 0.7756
vn -0.2604 -0.9634 0.0637
vn -0.1255 -0.7504 -0.6489
vn -0.1549 0.9606 0.2309
vn -0.2861 0.5023 0.8160
vn 0.9767 -0.0854 0.1971
vn 0.4487 -0.8338 -0.3217
vn 0.4219 0.7588 0.4962
vn 0.6606 0.5470 0.5141
vn 0.6057 -0.5334 -0.5905
vn 0.4187 -0.8911 0.1749
vn 0.3074 -0.4482 0.8394
vn 0.2082 0.8745 -0.4381
vn 0.3349 0.2306 -0.9136
vn -0.9785 -0.1789 -0.1031
vn -0.1364 -0.7372 0.6618
vn -0.2377 0.6731 -0.7004
vn -0.9323 0.1009 0.3472
vn 0.5161 0.5607 0.6475
vn 0.3940 -0.3581 0.8465
vn -0.3641 -0.6299 0.6860
vn -0.5938 0.7354 -0.3266
vn 0.1720 0.9753 -0.1389
vn 0.3630 -0.5174 -0.7750
vn 0.2032 -0.8826 0.4240
vn -0.0613 0.6808 -0.7299
vn 0.9630 0.0459 0.2656
vn -0.2830 0.5855 -0.7597
vn 0.0363 -0.3253 -0.9449
vn 0.5904 -0.6486 -0.4803
vn 0.2011 0.6873 0.6980
vn -0.3283 0.9302 0.1644
vn -0.7066 -0.5740 0.4138
vn -0.0905 -0.9014 -0.4234
vn -0.4817 0.4369 0.7596
vn 0.9190 0.0495 -0.3911
vn -0.5604 -0.6928 -0.4539
vn -0.0559 -0.9573 0.2836
vn 0.6487 -0.6125 0.4517
vn 0.0648 0.6525 -0.7550
vn -0.5779 0.1749 -0.7972
vn -0.4566 0.4941 0.7398
vn 0.1389 -0.4720 0.8706
vn -0.4545 0.8159 -0.3574
vn 0.6332 0.6668 -0.3930
vn -0.8749 -0.2070 -0.4379
vn -0.0723 -0.7278 -0.6820
vn 0.6283 -0.4415 -0.6406
vn -0.1781 0.9169 0.3573
vn -0.8194 0.5210 0.2390
vn 0.1502 -0.5241 0.8383
vn 0.4527 -0.8875 -0.0858
vn -0.3171 0.4021 0.8589
vn 0.3201 -0.6138 -0.7217
vn -0.9833 -0.0591 0.1722
vn -0.5030 -0.5899 0.6316
vn 0.2151 -0.8171 0.5349
vn -0.0932 0.5894 -0.8024
vn -0.7469 0.5185 -0.4163
vn 0.2743 0.6946 0.6651
vn 0.2485 -0.4138 0.8758
vn -0.0468 0.9189 -0.3916
vn -0.9022 0.1938 0.3854
vn -0.0860 -0.9089 -0.4082
vn -0.2932 0.0632 -0.9540
vn -0.7821 0.4390 -0.4423
vn -0.3402 -0.2035 0.9181
vn 0.2362 -0.7072 0.6664
vn 0.6460 0.7503 0.1401
vn -0.1124 0.5825 -0.8050
vn 0.4324 -0.2180 0.8749
vn -0.8228 -0.5195 -0.2305
vn 0.5714 -0.3826 0.7260
vn 0.7362 -0.6399 -0.2203
vn 0.1176 -0.6895 -0.7147
vn -0.8191 0.2460 0.5182
vn -0.1570 0.2531 0.9546
vn 0.2904 0.8547 -0.4302
vn 0.5900 -0.1313 -0.7967
vn -0.3579 0.8171 0.4520
vn -0.4506 -0.8043 0.3874
vn 0.7468 0.6634 -0.0466
vn 0.6637 -0.3869 -0.6401
vn 0.4019 -0.7100 -0.5783
vn -0.5450 0.4434 0.7116
vn -0.2605 0.7395 0.6206
vn -0.5822 0.3438 -0.7368
vn -0.0285 -0.2067 -0.9780
vn -0.7467 0.6651 -0.0001
vn -0.1491 -0.8817 -0.4477
vn 0.8618 0.1767 0.4755
vn 0.8316 0.3956 -0.3899
vn 0.3543 0.1700 -0.9196
vn -0.4174 -0.5368 0.7333
vn 0.1982 -0.1859 0.9624
vn -0.4940 0.8591 0.1334
vn 0.1396 0.6987 -0.7017
vn -0.5728 0.0492 0.8182
vn -0.8061 0.0873 -0.5853
vn 0.2630 -0.8508 0.4550
vn 0.6010 -0.6932 -0.3979
vn 0.3514 -0.2327 -0.9068
vn -0.7158 0.2720 0.6432
vn -0.3060 -0.2670 0.9138
vn 0.7150 0.6398 0.2817
vn 0.8229 0.0783 -0.5627
vn -0.1417 0.5348 0.8330
vn 0.4018 -0.6143 0.6791
vn 0.4715 0.7959 -0.3799
vn 0.5293 -0.2004 -0.8244
vn 0.5136 -0.7839 -0.3488
vn -0.1496 0.2313 0.9613
vn -0.1516 0.8399 0.5212
vn -0.9276 -0.2264 -0.2971
vn -0.1240 -0.6063 -0.7855
vn -0.7755 0.3876 0.4983
vn -0.6165 -0.4887 -0.6173
vn 0.6108 -0.7513 0.2500
vn 0.8356 -0.2412 -0.4935
vn 0.1997 -0.0615 -0.9779
vn -0.8272 -0.4405 0.3487
vn -0.1475 -0.6085 0.7797
vn 0.0574 0.9487 0.3109
vn 0.5982 0.3738 -0.7088
vn -0.5815 -0.0659 0.8109
vn -0.7641 -0.2780 0.5821
vn 0.6179 -0.7862 0.0127
vn -0.1064 -0.7172 -0.6887
vn -0.8101 -0.4776 -0.3400
vn -0.0334 0.1661 0.9855
vn 0.7100 -0.0465 0.7026
vn 0.0582 0.8826 -0.4665
vn -0.4373 -0.1634 -0.8844
vn 0.4668 0.5834 0.6647
vn -0.9600 -0.2307 0.1588
vn 0.8179 -0.2139 -0.5341
vn -0.1222 0.6113 -0.7819
vn -0.6100 0.5291 -0.5900
vn -0.1038 -0.7048 0.7018
vn 0.4161 -0.6929 0.5888
vn 0.1132 0.7440 0.6585
vn -0.1408 0.9831 -0.1167
vn 0.2865 -0.0439 0.9571
vn -0.8761 0.2737 -0.3970
vn -0.3225 -0.7615 0.5623
vn -0.0704 -0.9570 -0.2815
vn -0.2908 -0.4194 -0.8600
vn -0.5513 0.6833 0.4786
vn -0.3113 0.0561 0.9487
vn 0.9561 0.2882 -0.0527
vn 0.2896 -0.5783 -0.7627
vn -0.0050 0.6659 0.7461
vn -0.7855 -0.5879 0.1934
vn 0.9802 -0.0411 0.1936
vn 0.6968 -0.5148 -0.4995
vn 0.1207 -0.6846 -0.7189
vn -0.4073 0.4214 0.8103
vn 0.2718 0.5457 0.7927
vn -0.1220 0.6953 -0.7083
vn 0.0763 -0.0330 -0.9965
vn -0.2521 0.9247 0.2853
vn -0.9648 -0.2611 0.0317
vn 0.6116 -0.5592 0.5597
vn 0.4986 -0.8341 -0.2358
vn -0.0107 -0.6529 -0.7574
vn -0.2953 0.5726 0.7648
vn 0.2799 0.1243 0.9520
vn 0.6694 0.6327 -0.3893
vn 0.3852 -0.3312 -0.8614
vn 0.1206 0.8158 0.5657
vn -0.8084 -0.5217 0.2726
vn 0.9378 -0.1707 0.3024
vn 0.4093 -0.6428 -0.6475
vn -0.2875 -0.8014 -0.5245
vn -0.5299 0.2694 0.8041
vn 0.1450 0.5428 0.8273
vn -0.2914 0.7164 -0.6339
vn -0.0270 -0.1707 -0.9849
vn -0.2696 0.8980 0.3478
vn -0.9250 0.1561 -0.3464
vn 0.1831 -0.7865 0.5898
vn 0.2660 -0.8566 -0.4421
vn -0.2207 -0.4357 -0.8726
vn -0.5937 0.5694 0.5685
vn -0.0993 0.1392 0.9853
vn 0.7469 0.6186 -0.2440
vn 0.5161 -0.2242 -0.8267
vn 0.1461 0.7760 0.6136
vn -0.5092 0.6426 -0.5724
vn -0.1688 -0.8272 0.5359
vn 0.3129 -0.8102 -0.4956
vn 0.1020 -0.4162 -0.9035
vn -0.2206 0.7068 0.6721
vn 0.0106 0.2393 0.9709
vn 0.9787 0.0678 0.1939
vn 0.7781 -0.3628 -0.5128
vn 0.4668 0.5192 0.7160
vn 0.7915 -0.4172 0.4467
vn -0.1434 0.7883 -0.5984
vn -0.7106 -0.6253 0.3226
vn -0.3403 -0.8280 -0.4457
vn -0.5658 0.1175 0.8161
vn -0.2069 -0.9605 0.1860
vn 0.5463 0.8374 0.0181
vn 0.5406 -0.0682 -0.8385
vn 0.3960 -0.3954 -0.8288
vn -0.4467 0.1176 0.8869
vn -0.2900 0.4372 0.8514
vn -0.7973 0.3440 -0.4960
vn -0.2251 0.0408 -0.9735
vn -0.8527 0.4243 0.3047
vn -0.9198 -0.3612 0.1533
vn 0.7087 -0.5538 0.4371
vn 0.5039 -0.7784 -0.3744
vn -0.1496 -0.6237 -0.7672
vn -0.3026 0.4487 0.8409
vn 0.3795 0.0862 0.9212
vn 0.4982 0.7417 -0.4490
vn 0.2469 -0.2578 -0.9341
vn 0.0994 0.7793 0.6187
vn -0.8103 -0.4915 0.3192
vn 0.8725 -0.4108 0.2647
vn 0.2726 -0.6455 -0.7135
vn -0.4740 -0.7292 -0.4935
vn -0.4725 0.1576 0.8671
vn 0.2744 0.3903 0.8789
vn -0.2826 0.8030 -0.5248
vn -0.1084 -0.1930 -0.9752
vn -0.1079 0.8139 0.5708
vn -0.6400 -0.5356 0.5510
vn 0.9288 -0.0832 -0.3611
vn -0.0628 -0.4298 -0.9008
vn -0.5659 -0.5883 -0.5777
vn 0.1080 0.2019 0.9734
vn 0.6253 0.3771 0.6832
vn -0.4379 0.8637 -0.2497
vn -0.5515 0.1797 -0.8146
vn 0.0260 0.8569 0.5148
vn 0.7165 0.2919 -0.6336
vn -0.5643 0.7318 0.3821
vn -0.8265 0.2625 -0.4980
vn -0.2239 0.0633 -0.9726
vn 0.9034 0.2181 0.3693
vn 0.3055 0.4168 0.8561
vn -0.1376 -0.9657 0.2204
vn -0.6397 -0.4652 -0.6119
vn 0.5336 -0.3005 0.7905
vn -0.1851 0.8317 -0.5234
vn -0.9040 -0.4168 0.0951
vn -0.0196 -0.5740 -0.8186
vn -0.0218 0.1893 -0.9817
vn -0.2312 0.9333 0.2748
vn -0.2954 0.4207 0.8577
vn 0.9903 0.0670 0.1215
vn 0.3336 -0.4853 -0.8082
vn 0.0596 0.5042 0.8615
vn -0.6821 0.5769 -0.4494
vn -0.4988 -0.7812 0.3753
vn -0.0751 -0.7802 -0.6210
vn -0.2892 -0.0650 -0.9550
vn -0.5156 0.7467 0.4203
vn -0.3330 0.1399 0.9325
vn 0.9502 0.3099 -0.0312
vn 0.3882 -0.4046 -0.8280
vn 0.1194 0.5690 0.8136
vn 0.1570 0.8724 -0.4629
vn -0.8977 -0.4063 -0.1707
vn -0.0063 -0.6057 -0.7957
vn 0.3941 0.0677 -0.9166
vn -0.2243 0.8836 0.4111
vn -0.6879 0.2909 0.6650
vn 0.7647 -0.3243 0.5569
vn 0.6346 -0.5742 -0.5173
vn -0.0478 0.3246 0.9446
vn -0.1270 0.8527 -0.5068
vn -0.7989 -0.5343 0.2762
vn -0.2215 -0.6522 -0.7250
vn -0.0360 0.0380 -0.9986
vn -0.1027 0.8881 0.4479
vn -0.2965 0.3050 0.9050
vn 0.9745 -0.1714 0.1446
vn 0.4665 -0.5299 -0.7083
vn 0.3948 0.3778 0.8375
vn -0.6123 -0.6622 0.4320
vn 0.9439 0.2140 -0.2517
vn 0.2007 -0.3582 -0.9118
vn -0.2491 -0.5866 -0.7706
vn 0.0009 0.3097 0.9508
vn 0.4432 0.5010 0.7433
vn -0.4960 0.7964 -0.3459
vn -0.4133 0.1585 -0.8967
vn -0.2191 0.8603 0.4602
vn 0.0104 -0.8864 0.4628
vn 0.8747 0.4687 -0.1235
vn 0.3614 -0.2286 -0.9040
vn 0.0834 -0.8124 -0.5771
vn -0.1854 0.0167 0.9825
vn 0.0725 0.6515 0.7551
vn -0.9274 0.2302 -0.2949
vn -0.2948 -0.2917 -0.9100
vn -0.5201 0.5283 0.6712
vn 0.3686 0.8416 -0.3947
vn -0.8157 -0.5605 0.1433
vn 0.7768 -0.4083 0.4795
vn 0.6725 -0.6615 -0.3319
vn 0.4014 0.0458 0.9148
vn 0.9703 0.0923 -0.2236
vn -0.5122 0.8226 -0.2471
vn -0.3411 -0.0651 -0.9378
vn 0.4325 -0.2505 -0.8661
vn 0.7089 0.3587 0.6073
vn -0.0199 0.6422 0.7663
vn -0.2140 -0.8889 0.4051
vn -0.2358 -0.6576 -0.7155
vn 0.0876 0.0498 0.9949
vn -0.8204 0.2749 0.5013
vn 0.1580 -0.8310 -0.5334
vn -0.2107 -0.0531 -0.9761
vn -0.5189 0.5055 -0.6893
vn 0.1600 -0.3865 0.9083
vn 0.3781 -0.8274 0.4152
vn 0.8649 0.4927 -0.0961
vn 0.1582 0.6465 -0.7463
vn 0.7510 -0.1291 0.6475
vn -0.8041 -0.5788 0.1356
vn 0.7120 -0.5839 0.3900
vn 0.5805 -0.6981 -0.4192
vn -0.0962 -0.5671 -0.8180
vn -0.3811 0.2300 0.8955
vn 0.3558 -0.0696 0.9320
vn 0.4166 0.8488 -0.3255
vn 0.2167 -0.2614 -0.9406
vn -0.0769 0.5599 0.8250
vn 0.7836 0.5369 -0.3124
vn -0.9539 0.3002 0.0027
vn -0.3221 -0.2900 -0.9012
vn 0.3311 -0.0065 -0.9436
vn 0.5308 0.6007 0.5978
vn -0.0869 0.4187 0.9040
vn 0.4275 -0.8595 0.2802
vn 0.1113 -0.7453 -0.6574
vn 0.3172 -0.1175 0.9411
vn -0.6620 -0.6809 0.3132
vn 0.9957 -0.0910 -0.0167
vn 0.2985 -0.3869 -0.8725
vn -0.3462 -0.6509 -0.6756
vn -0.2619 0.0215 0.9648
vn 0.3899 0.3240 0.8620
vn -0.4498 0.8346 -0.3181
vn -0.2742 0.1070 -0.9557
vn -0.1920 0.7543 0.6278
vn -0.8395 -0.5263 0.1350
vn 0.9981 0.0186 0.0588
vn 0.3972 -0.7648 -0.5073
vn -0.0502 -0.5847 -0.8097
vn -0.3732 0.2446 0.8950
vn 0.1755 0.0874 0.9806
vn -0.3946 0.7708 -0.5002
vn -0.1878 -0.0130 -0.9821
vn -0.3396 0.8027 0.4903
vn 0.7998 0.5389 -0.2644
vn -0.9897 -0.0983 -0.1042
vn 0.2832 -0.3300 -0.9005
vn 0.1853 0.7139 0.6752
vn 0.4485 -0.7699 0.4540
vn -0.7242 0.6796 0.1171
vn -0.2609 -0.9104 0.3211
vn -0.4399 -0.7013 -0.5610
vn -0.5914 0.0377 -0.8055
vn 0.0693 0.4520 0.8893
vn 0.1426 -0.3386 0.9301
vn 0.9285 0.0338 -0.3698
vn 0.0083 -0.1935 -0.9811
vn 0.6670 0.2184 0.7123
vn 0.8495 -0.4830 -0.2123
vn 0.1789 0.9377 -0.2979
vn -0.2035 0.3129 -0.9277
vn 0.1366 -0.4374 -0.8888
vn 0.7400 -0.0603 0.6699
vn 0.3937 0.6861 0.6118
vn -0.8411 -0.3529 0.4100
vn -0.5371 -0.2953 -0.7901
vn 0.1493 0.1324 0.9799
vn -0.9723 0.2181 0.0835
vn 0.1868 -0.8960 0.4029
vn -0.0125 -0.9084 -0.4180
vn -0.3782 -0.3744 -0.8466
vn -0.0399 0.4726 0.8804
vn 0.2528 -0.2442 0.9362
vn 0.9004 0.2942 -0.3207
vn 0.1189 -0.3167 -0.9410
vn 0.4477 0.5063 0.7370
vn 0.0624 -0.9770 -0.2040
vn 0.5714 0.7575 0.3158
vn 0.3869 0.4038 -0.8290
vn 0.2518 -0.1632 -0.9539
vn -0.2016 -0.5596 0.8039
vn -0.0835 -0.0062 0.9965
vn -0.9483 0.2587 -0.1839
vn -0.3864 0.3271 -0.8624
vn -0.7715 -0.0106 0.6361
vn 0.6631 -0.5725 0.4822
vn 0.0196 0.9691 0.2458
vn 0.6271 0.5309 -0.5700
vn 0.9261 -0.1652 -0.3392
vn -0.2031 -0.4553 0.8668
vn -0.6139 0.2148 0.7596
vn -0.5735 -0.4883 -0.6578
vn 0.3955 -0.0296 -0.9180
vn -0.8428 -0.3486 0.4101
vn -0.2566 0.7317 -0.6315
vn -0.6417 -0.6017 0.4755
vn -0.3381 -0.8737 -0.3498
vn -0.0051 -0.5103 -0.8600
vn -0.0815 0.7608 0.6439
vn -0.4017 0.1810 0.8977
vn 0.8644 -0.3615 0.3495
vn 0.4613 -0.7389 -0.4911
vn 0.3939 0.3826 0.8357
vn -0.8672 -0.2797 0.4119
vn 0.6748 -0.6902 -0.2613
vn 0.0544 -0.4498 -0.8915
vn -0.6135 -0.1302 -0.7789
vn 0.1844 -0.0078 0.9828
vn 0.7270 -0.3487 0.5915
vn 0.4177 0.8730 -0.2519
vn -0.1834 0.3317 -0.9254
vn 0.5534 0.4431 0.7053
vn 0.1668 0.9782 -0.1236
vn -0.6641 -0.6617 0.3480
vn -0.5679 -0.1791 -0.8034
vn -0.3434 0.3288 -0.8798
vn 0.4633 0.4025 0.7895
vn 0.2833 -0.1001 0.9538
vn 0.8269 -0.4099 -0.3851
vn 0.1757 -0.2861 -0.9419
vn 0.8567 -0.2251 0.4641
vn 0.6924 -0.4012 0.5997
vn 0.4541 0.7676 -0.4523
vn 0.3810 -0.4217 -0.8228
vn 0.6765 -0.7184 -0.1620
vn 0.2400 0.1918 0.9516
vn -0.1893 0.7581 0.6240
vn -0.7996 -0.5799 0.1557
vn 0.0897 -0.7247 -0.6832
vn -0.4773 0.4504 0.7545
vn 0.6053 0.7235 -0.3318
vn -0.7638 -0.1440 0.6292
vn -0.8202 0.1631 -0.5483
vn -0.3741 0.4642 -0.8028
vn 0.8264 0.0838 0.5568
vn 0.4366 -0.2336 0.8688
vn 0.2890 -0.8209 -0.4925
vn -0.3364 -0.3366 -0.8795
vn 0.6914 -0.6650 0.2825
vn -0.7328 0.5778 0.3593
vn -0.3052 -0.9373 0.1682
vn -0.4974 -0.1981 -0.8446
vn -0.8246 0.3722 -0.4261
vn -0.1530 0.3959 0.9055
vn 0.3851 -0.1694 0.9072
vn 0.6534 0.6766 -0.3395
vn -0.2819 0.1415 -0.9490
vn 0.5920 0.1703 0.7878
vn 0.7653 0.2396 -0.5975
vn -0.5472 0.5932 0.5905
vn -0.8356 0.4606 -0.2992
vn -0.5106 0.1928 -0.8379
vn 0.7511 -0.1167 0.6498
vn 0.2259 0.1968 0.9541
vn -0.4474 -0.8738 0.1907
vn -0.7758 -0.3286 -0.5387
vn 0.3062 -0.5959 0.7424
vn -0.4603 0.8709 0.1720
vn -0.5399 -0.7943 0.2787
vn -0.4699 -0.1290 -0.8732
vn -0.6163 0.5404 -0.5728
vn 0.0098 0.6008 0.7993
vn 0.3547 -0.0516 0.9336
vn 0.8287 0.3943 -0.3972
vn -0.1062 0.0950 -0.9898
vn 0.6728 0.1682 0.7204
vn 0.5453 -0.4157 -0.7279
vn 0.4787 0.8740 0.0836
vn -0.2005 0.8432 -0.4988
vn -0.2864 0.1555 -0.9454
vn 0.7979 -0.5413 0.2652
vn 0.7768 0.2100 0.5937
vn -0.7916 -0.2341 0.5644
vn -0.7235 0.3533 -0.5931
vn 0.4840 -0.4266 0.7640
vn -0.9437 -0.1040 0.3142
vn 0.9304 -0.2769 -0.2402
vn -0.1142 -0.2348 -0.9653
vn -0.4268 -0.2005 -0.8818
vn 0.1530 0.1585 0.9754
vn 0.4629 0.1204 0.8782
vn 0.0641 0.9763 -0.2066
vn -0.1721 0.5341 -0.8277
vn 0.2545 0.7976 0.5468
vn -0.6329 0.7494 0.1948
vn -0.1169 -0.9832 0.1400
vn -0.4010 -0.4504 -0.7977
vn -0.6115 0.2273 -0.7579
vn 0.0916 0.3848 0.9184
vn 0.3128 -0.2888 0.9049
vn 0.8693 0.2974 -0.3948
vn 0.1390 0.0857 -0.9866
vn 0.7913 0.2324 0.5655
vn 0.5821 0.5815 -0.5684
vn -0.7649 0.1101 0.6346
vn -0.8957 -0.0418 -0.4428
vn -0.4660 0.0677 -0.8822
vn 0.7770 0.2475 0.5788
vn 0.2877 0.1318 0.9486
vn 0.1872 -0.9815 -0.0411
vn -0.4069 -0.6597 -0.6318
vn 0.6320 -0.5081 0.5852
vn -0.8090 0.4743 0.3472
vn -0.0680 -0.9812 0.1805
vn -0.4372 -0.5587 -0.7048
vn -0.8242 0.1436 -0.5478
vn -0.0587 0.3682 0.9279
vn 0.3798 -0.3133 0.8704
vn 0.7163 0.5260 -0.4586
vn -0.2050 0.0389 -0.9780
vn 0.6640 0.2966 0.6864
vn 0.5674 0.7551 -0.3284
vn -0.5899 0.4846 0.6459
vn -0.8839 0.4543 -0.1105
vn -0.5021 0.3447 -0.7932
vn 0.7734 0.0078 0.6339
vn 0.0886 0.1958 0.9766
vn -0.2942 -0.9552 0.0334
vn -0.6927 0.0107 -0.7211
vn 0.6005 -0.3324 0.7273
vn -0.5773 0.3715 0.7271
vn -0.2838 -0.8878 -0.3623
vn -0.6239 -0.1596 -0.7650
vn -0.7124 0.5459 -0.4409
vn 0.3753 -0.3293 0.8664
vn 0.2908 -0.8944 0.3397
vn 0.8197 0.2841 -0.4973
vn -0.2091 0.5307 -0.8214
vn 0.8426 -0.3105 0.4401
vn -0.6321 0.4980 0.5936
vn -0.1301 -0.9581 -0.2553
vn -0.5370 -0.0942 -0.8383
vn -0.7662 0.4883 -0.4178
vn 0.1594 -0.0093 0.9872
vn 0.4406 -0.6203 0.6489
vn 0.7734 0.5489 -0.3172
vn -0.0915 0.5108 -0.8548
vn 0.8340 0.0147 0.5516
vn -0.7679 0.4694 0.4359
vn -0.0155 -0.9911 -0.1321
vn -0.3879 -0.3523 -0.8517
vn -0.7119 0.3098 -0.6302
vn 0.0708 0.0815 0.9942
vn 0.3732 -0.5750 0.7281
vn 0.8089 0.4931 -0.3202
vn -0.0154 0.3368 -0.9414
vn 0.7513 0.1128 0.6503
vn -0.2531 0.7555 0.6043
vn -0.5317 -0.8398 -0.1101
vn -0.7273 -0.1304 -0.6738
vn -0.5565 0.5642 -0.6099
vn 0.4559 -0.2627 0.8504
vn 0.1233 -0.8257 0.5505
vn 0.7652 -0.1595 -0.6237
vn -0.0748 0.2905 -0.9540
vn 0.8254 -0.4469 0.3450
vn 0.6995 -0.5450 -0.4622
vn 0.3823 0.9037 0.1925
vn -0.1331 0.6893 -0.7121
vn 0.1229 -0.0348 -0.9918
vn 0.6673 -0.5798 0.4674
vn 0.4632 0.0916 0.8815
vn -0.8935 -0.4133 0.1755
vn -0.5793 0.1950 -0.7915
vn 0.0496 -0.4392 0.8970
vn 0.7158 0.6590 -0.2308
vn -0.9654 -0.2474 0.0825
vn -0.2147 -0.3736 -0.9024
vn 0.1799 -0.1474 -0.9726
vn 0.1808 0.4909 0.8522
vn -0.2099 0.2716 0.9392
vn 0.5188 -0.8094 0.2752
vn 0.3385 -0.7769 -0.5309
vn 0.3407 -0.2807 0.8973
vn -0.9678 0.2329 -0.0956
vn 0.1582 -0.9702 0.1835
vn 0.1422 -0.7522 -0.6434
vn -0.1584 -0.1245 -0.9795
vn -0.2601 0.2275 0.9384
vn 0.0569 -0.4706 0.8805
vn 0.9269 0.3745 -0.0228
vn 0.3766 -0.0355 -0.9257
vn 0.2799 0.3049 0.9103
vn -0.8281 -0.1567 0.5382
vn 0.2689 -0.8620 -0.4297
vn -0.3168 -0.2945 -0.9016
vn -0.8687 0.1304 -0.4780
vn 0.1396 -0.2665 0.9537
vn 0.6163 -0.6628 0.4252
vn 0.5482 0.8210 -0.1596
vn -0.3685 0.4598 -0.8080
vn 0.7009 0.0391 0.7122
vn -0.8879 0.0980 -0.4495
vn 0.3617 -0.9234 -0.1287
vn 0.5805 -0.3739 -0.7233
vn 0.2758 0.3062 -0.9111
vn -0.6241 -0.2641 0.7354
vn -0.1163 -0.8191 0.5617
vn 0.7193 0.4305 0.5453
vn 0.6655 0.4177 -0.6186
vn -0.2024 -0.1357 0.9698
vn -0.7801 0.2945 0.5520
vn 0.1388 -0.7483 -0.6486
vn -0.2083 0.1770 -0.9619
vn -0.4929 0.6441 -0.5850
vn 0.0991 -0.4970 0.8621
vn 0.3353 -0.8689 0.3641
vn 0.8726 0.4878 0.0261
vn 0.2417 0.7622 -0.6005
vn 0.7464 -0.2105 0.6314
vn 0.3465 -0.7919 -0.5028
vn 0.5893 0.7960 -0.1382
vn -0.2128 0.6024 -0.7693
vn -0.2746 -0.1927 -0.9421
vn 0.6457 -0.6458 0.4075
vn 0.7520 0.1226 0.6477
vn -0.8377 -0.0704 0.5416
vn -0.7859 0.2302 -0.5739
vn 0.2351 -0.2762 0.9319
vn 0.2282 -0.9629 0.1441
vn 0.8744 0.4795 -0.0747
vn 0.1690 -0.0492 -0.9844
vn 0.1527 -0.7482 -0.6457
vn 0.1532 -0.5269 0.8360
vn 0.1689 0.2426 0.9553
vn -0.9997 -0.0232 0.0016
vn -0.2479 -0.1465 -0.9576
vn -0.2462 0.1419 0.9588
vn 0.1259 0.9908 0.0489
vn -0.5173 -0.8491 -0.1075
vn 0.0231 -0.1618 -0.9865
vn 0.1607 0.1761 -0.9712
vn -0.1335 0.1201 0.9837
vn -0.2657 -0.2191 0.9388
vn 0.9176 -0.3773 0.1253
vn 0.7300 -0.2341 -0.6421
vn 0.5082 -0.2801 0.8145
vn 0.0321 -0.9979 -0.0561
vn 0.5754 0.7703 0.2748
vn 0.5500 0.3422 -0.7618
vn 0.3595 -0.2085 -0.9096
vn -0.3381 -0.3337 0.8800
vn -0.1255 0.2228 0.9668
vn -0.8668 0.3874 -0.3139
vn -0.2406 0.2858 -0.9276
vn -0.8153 0.1853 0.5487
vn 0.2057 0.9358 0.2862
vn -0.8201 -0.5544 0.1418
vn -0.6590 0.1182 -0.7428
vn -0.2683 0.6998 -0.6620
vn 0.4337 0.0668 0.8986
vn 0.0583 -0.5247 0.8493
vn 0.7460 -0.4256 -0.5122
vn 0.0785 0.0612 -0.9950
vn 0.7285 -0.5220 0.4436
vn 0.7992 -0.1426 -0.5839
vn -0.3087 0.8967 0.3171
vn -0.6512 0.5408 -0.5324
vn -0.3005 0.0466 -0.9526
vn 0.7965 -0.1329 0.5898
vn 0.3362 0.3812 0.8612
vn -0.6156 -0.7014 0.3592
vn -0.8037 -0.2634 -0.5336
vn 0.2042 -0.4247 0.8820
vn -0.7229 0.0434 0.6896
vn 0.1856 -0.9274 -0.3249
vn -0.5290 -0.3041 -0.7923
vn -0.9574 0.1213 -0.2619
vn 0.2090 -0.0791 0.9747
vn 0.6954 -0.5115 0.5048
vn 0.4470 0.8465 -0.2893
vn -0.4688 0.4203 -0.7769
vn 0.8000 0.2037 0.5644
vn 0.0212 -0.9937 -0.1098
vn 0.6290 0.6774 -0.3815
vn -0.2175 0.3840 -0.8974
vn -0.5377 -0.2497 -0.8053
vn 0.5522 -0.3969 0.7331
vn 0.8033 0.2452 0.5428
vn -0.7064 0.4544 0.5428
vn -0.8609 0.3050 -0.4073
vn 0.1198 0.1715 0.9779
vn 0.6126 -0.6172 -0.4938
vn -0.1698 0.9626 0.2112
vn -0.5938 0.2232 -0.7730
vn -0.2696 -0.1824 -0.9455
vn 0.7794 -0.3252 0.5355
vn 0.5453 0.0697 0.8353
vn -0.6282 -0.6795 0.3789
vn -0.8424 -0.3648 -0.3967
vn 0.0575 -0.4872 0.8714
vn -0.0201 -0.9966 -0.0797
vn 0.6831 0.5869 -0.4347
vn -0.0677 0.4055 -0.9116
vn -0.5719 -0.0907 -0.8153
vn 0.5655 -0.2378 0.7897
vn 0.8696 0.2802 0.4066
vn -0.5505 0.7023 0.4514
vn -0.7691 0.4047 -0.4947
vn 0.2404 0.2695 0.9325
vn 0.3060 0.8116 0.4977
vn -0.8912 -0.3037 0.3370
vn -0.7154 0.4558 -0.5296
vn -0.1798 0.9563 -0.2304
vn 0.5475 0.0280 0.8363
vn 0.1476 -0.6522 0.7435
vn 0.6804 -0.2533 -0.6877
vn -0.2072 0.4659 -0.8602
vn 0.6539 -0.6359 0.4100
vn -0.3830 -0.9207 -0.0753
vn 0.9622 -0.1808 -0.2036
vn 0.5288 -0.0147 -0.8486
vn -0.2382 -0.0034 -0.9712
vn 0.0992 -0.3054 0.9470
vn 0.7820 -0.2325 0.5783
vn 0.0035 0.9889 0.1485
vn -0.1748 0.3108 -0.9343
vn 0.1657 0.0079 0.9861
vn -0.9683 -0.1545 0.1962
vn 0.5276 -0.8115 -0.2514
vn 0.0653 -0.2663 -0.9617
vn -0.6328 0.0648 -0.7716
vn -0.2333 -0.2030 0.9510
vn 0.4526 -0.5296 0.7174
vn 0.4471 0.8939 0.0331
vn -0.0255 0.4927 -0.8698
vn 0.3815 0.2184 0.8982
vn -0.8905 0.3213 0.3221
vn -0.0039 -0.9767 -0.2144
vn -0.2107 -0.4486 -0.8686
vn -0.4768 0.2781 -0.8338
vn 0.0411 -0.1184 0.9921
vn 0.2065 -0.7700 0.6037
vn 0.9320 0.3016 -0.2008
vn 0.0747 0.2982 -0.9516
vn 0.5735 -0.0856 0.8147
vn 0.3972 0.7674 0.5033
vn -0.9445 -0.2179 0.2456
vn -0.5832 0.5427 -0.6045
vn -0.0288 0.9650 -0.2606
vn 0.5014 -0.0475 0.8639
vn 0.0485 -0.6682 0.7424
vn 0.6992 -0.3338 -0.6323
vn -0.0382 0.4536 -0.8904
vn 0.5721 -0.7118 0.4075
vn -0.9310 0.3471 -0.1132
vn -0.1002 -0.9399 0.3264
vn -0.0290 -0.5461 -0.8372
vn -0.6201 -0.0237 -0.7842
vn -0.6074 0.4733 0.6380
vn -0.0122 0.1043 0.9945
vn 0.5788 0.7655 -0.2812
vn 0.1311 -0.1419 -0.9812
vn 0.1521 0.5071 0.8483
vn -0.9399 -0.3178 0.1248
vn 0.6083 -0.7723 -0.1831
vn 0.0883 -0.2100 -0.9737
vn -0.6741 -0.0999 -0.7319
vn -0.4043 -0.2667 0.8749
vn 0.3900 -0.3957 0.8314
vn 0.1293 0.9885 0.0787
vn -0.1130 0.4163 -0.9022
vn 0.1988 0.2260 0.9536
vn -0.0909 -0.9872 0.1310
vn 0.6459 0.6881 -0.3306
vn -0.1218 0.1569 -0.9801
vn -0.3800 -0.3534 -0.8548
vn 0.3362 -0.1800 0.9244
vn 0.5780 0.3244 0.7488
vn -0.8210 0.4983 0.2786
vn -0.7974 0.2384 -0.5543
vn -0.2111 0.3754 0.9025
vn -0.3762 -0.9027 0.2089
vn 0.7847 -0.1102 -0.6101
vn -0.0619 -0.0033 -0.9981
vn -0.7088 -0.3288 -0.6240
vn 0.3819 -0.4537 0.8052
vn 0.9408 -0.1198 0.3171
vn -0.2658 0.9220 0.2815
vn -0.6570 0.3468 -0.6694
vn 0.4944 0.2148 0.8423
vn -0.6116 -0.7167 -0.3352
vn 0.8456 -0.3334 0.4168
vn 0.8837 -0.1845 -0.4301
vn 0.3174 -0.1191 -0.9408
vn -0.5712 -0.1751 0.8019
vn 0.1730 -0.2334 0.9569
vn 0.1043 0.9911 0.0821
vn 0.4600 0.3952 -0.7951
vn -0.3862 0.3427 0.8564
vn -0.1991 -0.9789 0.0465
vn 0.7637 0.5999 -0.2383
vn 0.0632 0.2787 -0.9583
vn -0.3380 -0.1759 -0.9246
vn 0.2623 -0.2120 0.9414
vn 0.6121 0.2483 0.7508
vn -0.7117 0.6609 0.2380
vn -0.6725 0.4098 -0.6162
vn -0.1807 0.3832 0.9058
vn -0.0293 0.9984 0.0479
vn -0.5329 -0.8138 0.2319
vn -0.5787 -0.2055 -0.7892
vn -0.4285 0.3620 -0.8278
vn 0.4024 0.3082 0.8620
vn 0.2703 -0.2588 0.9273
vn 0.8633 -0.2471 -0.4402
vn 0.1821 -0.1270 -0.9750
vn 0.8805 -0.1766 0.4400
vn 0.1326 -0.9872 -0.0886
vn 0.2925 0.9463 -0.1377
vn -0.3875 0.2133 -0.8969
vn -0.4118 -0.2264 -0.8827
vn 0.4852 -0.2635 0.8338
vn 0.5158 0.1745 0.8388
vn -0.8875 0.0531 0.4577
vn -0.9314 0.0468 -0.3611
vn -0.2375 0.0233 0.9711
vn 0.7129 -0.4321 0.5523
vn -0.1169 0.9823 -0.1462
vn 0.4247 0.5067 -0.7503
vn 0.7200 -0.1383 -0.6800
vn -0.4358 -0.0328 0.8995
vn -0.5548 0.5933 0.5833
vn -0.7551 -0.3790 -0.5349
vn 0.1310 -0.2380 -0.9624
vn -0.8920 -0.1438 0.4285
vn 0.1193 0.9417 0.3147
vn -0.9691 -0.2271 0.0966
vn -0.3959 0.2651 -0.8792
vn -0.0521 0.8637 -0.5013
vn 0.2107 0.3591 0.9092
vn -0.0608 -0.3774 0.9240
vn 0.9152 -0.2918 -0.2778
vn 0.0886 0.2334 -0.9683
vn 0.4219 -0.4016 0.8128
vn -0.0467 0.9909 0.1260
vn -0.8595 -0.4984 -0.1137
vn -0.3403 -0.1134 -0.9335
vn 0.0260 0.5750 -0.8177
vn -0.0710 0.3493 0.9343
vn -0.4383 -0.3385 0.8327
vn 0.8836 -0.4681 -0.0137
vn 0.4208 -0.0822 -0.9034
vn 0.3234 -0.3123 0.8932
vn 0.9160 0.2764 -0.2907
vn -0.2294 0.7660 0.6005
vn -0.4440 0.8813 -0.1619
vn -0.2104 0.5368 -0.8170
vn 0.5660 -0.4367 0.6993
vn 0.1363 0.1514 0.9790
vn -0.8157 -0.5770 0.0412
vn -0.5140 0.3976 -0.7601
vn 0.2699 -0.5813 0.7676
vn -0.6439 -0.7325 -0.2210
vn 0.8773 -0.3976 0.2689
vn 0.7942 -0.2363 -0.5599
vn 0.1384 -0.1487 -0.9792
vn -0.4457 -0.1960 0.8735
vn 0.3324 -0.2716 0.9032
vn 0.1409 0.9878 0.0661
vn 0.3264 0.3267 -0.8869
vn -0.2443 0.2820 0.9278
vn -0.8488 0.3592 -0.3879
vn -0.1463 -0.9892 0.0042
vn 0.3827 -0.1629 -0.9094
vn -0.2983 0.1987 -0.9336
vn -0.8695 0.2896 0.4002
vn -0.3965 -0.0315 0.9175
vn 0.4569 0.8800 0.1299
vn 0.4578 0.0543 -0.8874
vn -0.3165 0.1841 0.9306
vn -0.2960 -0.9476 -0.1201
vn 0.7842 0.1861 0.5919
vn 0.9610 0.0349 -0.2744
vn 0.5318 -0.3081 -0.7888
vn -0.6686 -0.1290 0.7323
vn -0.0303 0.1866 0.9820
vn -0.2736 0.9043 -0.3276
vn 0.4374 0.3029 -0.8467
vn -0.6753 0.4708 0.5677
vn -0.3718 0.6598 -0.6531
vn -0.3532 -0.8224 0.4460
vn 0.1675 -0.8413 -0.5139
vn 0.2063 -0.3266 -0.9224
vn -0.4366 0.7348 0.5191
vn -0.4535 0.1810 0.8727
vn 0.9403 0.1545 0.3032
vn 0.8174 -0.3677 -0.4435
vn 0.2643 0.5470 0.7943
vn -0.6992 0.6312 0.3358
vn -0.4218 -0.6413 -0.6410
vn -0.0402 0.2174 -0.9752
vn -0.1837 0.8551 -0.4849
vn -0.5261 -0.2168 0.8224
vn -0.3808 -0.8602 0.3391
vn 0.9640 0.0224 0.2651
vn 0.4832 0.5989 -0.6386
vn 0.1071 -0.5866 0.8028
vn 0.2512 -0.9157 0.3138
vn 0.3555 0.9216 0.1560
vn 0.6830 0.1388 -0.7172
vn 0.6609 -0.4942 -0.5648
vn -0.4359 -0.3140 0.8434
vn -0.5003 0.3334 0.7991
vn -0.7887 -0.1351 -0.5998
vn 0.0445 -0.1607 -0.9860
vn -0.9550 0.0056 0.2967
vn -0.6176 -0.7691 -0.1643
vn 0.9436 -0.3094 -0.1178
vn 0.6020 -0.0318 -0.7978
vn -0.1152 0.1469 -0.9824
vn -0.0406 -0.3285 0.9436
vn 0.6606 -0.3834 0.6454
vn 0.2025 0.9534 0.2237
vn 0.0166 0.4975 -0.8673
vn 0.0911 0.0371 0.9952
vn -0.3657 -0.9179 -0.1541
vn 0.7570 0.2890 0.5860
vn 0.9329 0.0360 -0.3583
vn 0.5277 -0.3536 -0.7724
vn -0.7095 -0.1050 0.6968
vn -0.1694 0.2552 0.9519
vn -0.3311 0.8433 -0.4234
vn 0.3644 0.3410 -0.8666
vn -0.7187 0.5561 0.4175
vn -0.7474 0.6642 -0.0153
vn -0.3133 -0.9314 -0.1852
vn 0.0554 -0.1300 -0.9900
vn -0.3392 0.5186 -0.7848
vn -0.5752 0.2926 0.7639
vn -0.2314 -0.4016 0.8861
vn 0.8414 0.5025 0.1988
vn 0.4346 0.3072 -0.8466
vn 0.1563 0.0424 0.9868
vn -0.4425 0.8643 0.2391
vn -0.7262 -0.6768 -0.1205
vn -0.4904 -0.2232 -0.8424
vn -0.2177 0.5331 -0.8176
vn -0.1015 0.0934 0.9904
vn -0.3917 -0.5996 0.6979
vn 0.9154 -0.3729 -0.1516
vn 0.1967 0.1238 -0.9726
vn 0.3145 -0.3294 0.8903
vn -0.8250 -0.4086 -0.3905
vn 0.5209 -0.7623 0.3842
vn 0.6957 -0.5766 -0.4285
vn 0.2011 -0.2334 -0.9514
vn -0.6991 -0.0087 0.7150
vn -0.0318 -0.3950 0.9181
vn 0.5048 0.8486 0.1582
vn 0.5834 0.1033 -0.8056
vn -0.3295 0.3311 0.8842
vn -0.0155 0.7629 -0.6464
vn -0.6590 -0.6989 0.2780
vn 0.1281 -0.7789 -0.6139
vn 0.2911 -0.2285 -0.9290
vn -0.3088 0.8712 0.3816
vn -0.5072 0.3804 0.7734
vn 0.9043 -0.0081 0.4268
vn 0.7933 -0.5014 -0.3452
vn 0.2496 0.4887 0.8360
vn -0.7894 0.6122 -0.0457
vn -0.5337 -0.8165 -0.2200
vn -0.0076 -0.1256 -0.9921
vn -0.3948 0.5182 -0.7587
vn -0.6528 0.2942 0.6981
vn -0.3337 -0.4087 0.8495
vn 0.8552 0.4677 0.2234
vn 0.2419 0.1830 -0.9529
vn -0.1019 -0.1154 0.9881
vn 0.2091 0.8470 0.4888
vn -0.7413 -0.1192 -0.6605
vn 0.3019 0.2129 -0.9293
vn 0.6411 0.6365 -0.4288
vn -0.4478 0.1489 0.8816
vn -0.8425 -0.2995 0.4477
vn 0.6181 -0.7505 0.2338
vn 0.8414 -0.1383 -0.5225
vn -0.2218 -0.6143 0.7572
vn -0.0305 0.9079 -0.4180
vn -0.6719 -0.6520 -0.3514
vn 0.4827 -0.4388 -0.7579
vn 0.4926 0.3228 -0.8082
vn -0.5327 0.7950 0.2901
vn -0.7842 0.1445 0.6035
vn 0.7477 0.0788 0.6594
vn 0.8866 -0.2467 -0.3912
vn -0.3165 0.3049 0.8983
vn -0.8709 -0.2675 -0.4123
vn 0.7116 -0.4304 0.5553
vn 0.7083 -0.4237 -0.5645
vn 0.1795 -0.3571 -0.9166
vn -0.7292 0.1843 0.6591
vn -0.1848 0.1045 0.9772
vn 0.2534 0.9495 -0.1851
vn 0.5368 0.3279 -0.7774
vn -0.2406 0.7908 0.5628
vn -0.6643 0.6478 -0.3729
vn -0.4401 -0.8746 -0.2034
vn 0.2077 -0.4352 -0.8760
vn -0.0117 0.3532 -0.9355
vn -0.7670 0.4039 0.4986
vn -0.6174 -0.3816 0.6879
vn 0.8496 0.2976 0.4356
vn 0.6236 0.0268 -0.7813
vn -0.2919 0.0877 0.9524
vn 0.7346 0.6126 0.2917
vn -0.7889 0.2069 -0.5787
vn 0.0463 -0.1026 -0.9937
vn 0.6917 -0.0867 -0.7170
vn -0.3286 0.3910 0.8598
vn -0.8589 0.3170 0.4022
vn -0.0940 -0.9693 0.2274
vn 0.3989 -0.7192 -0.5689
vn -0.4995 -0.3008 0.8124
vn 0.4081 -0.9028 0.1357
vn 0.2939 0.9522 -0.0827
vn 0.1437 0.0793 -0.9864
vn 0.2619 -0.4985 -0.8264
vn 0.1065 -0.3026 0.9471
vn -0.0277 0.2899 0.9567
vn -0.9694 -0.2372 -0.0639
vn -0.5072 -0.2288 -0.8309
vn -0.6496 -0.0534 0.7584
vn -0.5297 -0.8353 -0.1473
vn 0.8238 -0.3166 0.4702
vn 0.8484 -0.2921 -0.4414
vn 0.1711 -0.4928 -0.8531
vn -0.6437 -0.2533 0.7222
vn 0.1096 -0.0758 0.9911
vn -0.1176 0.9704 -0.2108
vn 0.4144 0.0974 -0.9049
vn -0.4715 0.3549 0.8073
vn 0.3273 -0.8581 -0.3957
vn 0.7030 0.6594 0.2663
vn 0.0165 0.4571 -0.8893
vn 0.1932 -0.2530 -0.9480
vn 0.2404 -0.8702 0.4301
vn 0.0841 -0.3542 0.9314
vn -0.9636 -0.2549 -0.0805
vn -0.3822 0.2886 -0.8779
vn -0.3184 -0.4718 0.8222
vn -0.7821 -0.5505 -0.2919
vn 0.9544 -0.2987 -0.0014
vn 0.4994 0.1812 -0.8472
vn -0.2187 0.0816 -0.9724
vn -0.4213 -0.5369 0.7309
vn 0.3022 -0.4337 0.8489
vn -0.1844 0.9290 0.3209
vn 0.0020 0.7631 -0.6463
vn -0.1869 0.1741 0.9668
vn 0.0884 0.9691 -0.2303
vn -0.4197 -0.9061 -0.0535
vn 0.5010 -0.4102 -0.7621
vn 0.6012 -0.0357 -0.7983
vn -0.5731 0.4270 0.6994
vn -0.6750 0.0509 0.7361
vn 0.7543 -0.1442 0.6405
vn 0.9530 -0.2710 -0.1353
vn 0.0643 0.0795 0.9948
vn -0.7575 0.1399 -0.6377
vn 0.2579 -0.7208 0.6434
vn 0.5736 -0.6527 -0.4949
vn 0.1615 -0.3618 -0.9182
vn -0.7875 0.4740 0.3940
vn -0.4224 0.2237 0.8784
vn 0.6102 0.7896 -0.0656
vn 0.7764 0.0783 -0.6254
vn -0.0757 0.8306 0.5517
vn 0.8439 0.5300 0.0833
vn -0.7301 0.2922 -0.6177
vn 0.1875 -0.4315 -0.8824
vn 0.8104 -0.1485 -0.5668
vn 0.1295 0.7390 0.6612
vn -0.5989 0.5953 0.5357
vn 0.0833 -0.7860 0.6125
vn 0.4014 -0.8336 -0.3795
vn -0.3274 0.1186 0.9374
vn 0.3844 -0.6988 0.6032
vn 0.3082 0.9386 -0.1548
vn 0.6551 -0.0343 -0.7547
vn 0.7046 -0.6128 -0.3578
vn -0.3307 -0.0618 0.9417
vn -0.4800 0.5688 0.6678
vn -0.7895 -0.4086 -0.4581
vn 0.0798 -0.4841 -0.8714
vn -0.9218 0.0499 0.3844
vn -0.3201 0.7147 -0.6219
vn -0.2457 -0.9533 0.1755
vn 0.5888 -0.5081 -0.6286
vn 0.4431 0.0575 -0.8946
vn -0.7374 0.5917 0.3259
vn -0.7024 0.0745 0.7079
vn 0.7308 0.4511 0.5123
vn 0.9653 0.0170 -0.2607
vn -0.1158 0.5042 0.8558
vn 0.3675 -0.5823 0.7252
vn 0.1489 0.8660 -0.4774
vn 0.6012 -0.2358 -0.7635
vn 0.6756 -0.6374 -0.3704
vn -0.4149 0.2335 0.8794
vn -0.5249 0.6670 0.5288
vn -0.7946 -0.4948 -0.3518
vn -0.0426 -0.6705 -0.7407
vn -0.9508 0.0554 0.3047
vn -0.2476 0.7626 -0.5976
vn -0.6579 -0.7460 -0.1028
vn 0.2229 -0.6744 -0.7040
vn 0.3265 0.0958 -0.9403
vn -0.6019 0.7489 0.2772
vn -0.7854 0.0365 0.6180
vn 0.8160 0.0919 0.5708
vn 0.7905 -0.3427 -0.5076
vn -0.2638 0.4012 0.8772
vn 0.0768 0.8521 0.5177
vn -0.3834 -0.8876 -0.2551
vn -0.6779 0.2819 -0.6789
vn -0.5961 0.5942 -0.5400
vn 0.6151 -0.2872 0.7343
vn 0.5353 -0.5988 0.5958
vn 0.7512 0.0987 -0.6527
vn 0.0547 0.3973 -0.9161
vn 0.9633 -0.2659 0.0368
vn -0.7291 0.6826 -0.0492
vn 0.2553 -0.9334 -0.2521
vn 0.4328 -0.0045 -0.9015
vn 0.1820 0.4848 -0.8555
vn -0.5338 -0.1624 0.8299
vn -0.2632 -0.6305 0.7302
vn 0.8052 0.3556 0.4746
vn 0.7925 0.4803 -0.3758
vn 0.2175 -0.0348 0.9754
vn -0.0166 -0.9862 0.1648
vn 0.5608 0.8214 0.1038
vn 0.5250 0.0441 -0.8499
vn 0.3719 -0.4919 -0.7873
vn -0.3792 -0.1955 0.9044
vn -0.2527 0.3495 0.9022
vn -0.8821 0.1958 -0.4284
vn -0.2383 -0.0004 -0.9712
vn -0.8651 0.2454 0.4375
vn -0.2116 -0.9473 0.2406
vn 0.8470 0.3725 0.3793
vn 0.8711 -0.0741 -0.4855
vn 0.3731 -0.6806 -0.6305
vn -0.5453 -0.1009 0.8321
vn 0.0076 0.4642 0.8857
vn -0.5369 0.6080 -0.5849
vn 0.2526 -0.0519 -0.9662
vn -0.6785 0.5326 0.5059
vn -0.0662 -0.8812 -0.4681
vn 0.5216 0.8248 0.2183
vn -0.1958 0.6889 -0.6979
vn -0.3814 0.2974 -0.8753
vn 0.3651 -0.5990 0.7126
vn 0.5259 -0.1762 0.8321
vn -0.8442 0.1901 0.5012
vn -0.8373 0.4695 -0.2802
vn -0.2642 -0.2230 0.9383
vn -0.0783 0.8860 -0.4569
vn -0.6893 -0.6192 -0.3761
vn 0.2058 -0.5765 -0.7907
vn 0.5283 0.1778 -0.8302
vn -0.6081 0.6996 0.3753
vn -0.9139 -0.0595 0.4016
vn 0.6552 -0.2421 0.7156
vn 0.8190 -0.3580 -0.4484
vn -0.4268 0.2134 0.8788
vn 0.4144 0.8324 0.3679
vn -0.9489 0.0750 -0.3066
vn -0.1963 0.2543 -0.9470
vn 0.4618 0.5905 -0.6619
vn -0.0985 0.1443 0.9846
vn -0.7389 -0.1817 0.6489
vn 0.4771 -0.8753 -0.0794
vn 0.4788 -0.1253 -0.8689
vn -0.0943 -0.5820 0.8077
vn -0.5322 -0.7009 0.4749
vn 0.8452 -0.2551 -0.4696
vn 0.1036 -0.2912 -0.9510
vn -0.6066 -0.2946 -0.7384
vn 0.4139 0.0427 0.9093
vn 0.9260 -0.0149 0.3772
vn -0.0324 0.9815 -0.1885
vn -0.4819 0.2736 -0.8324
vn 0.4537 0.5848 0.6724
vn 0.5584 0.7138 0.4227
vn -0.7093 0.2084 -0.6734
vn 0.4607 -0.0296 -0.8870
vn 0.8678 0.3262 -0.3750
vn -0.2449 0.4662 0.8501
vn -0.8327 0.1376 0.5364
vn 0.3199 -0.8662 0.3840
vn 0.7386 -0.4823 -0.4710
vn -0.4417 -0.3314 0.8337
vn -0.2795 -0.9434 0.1786
vn 0.6316 0.7423 0.2235
vn 0.7684 -0.1213 -0.6284
vn 0.5263 -0.5728 -0.6284
vn -0.6812 0.0389 0.7311
vn -0.4483 0.4935 0.7453
vn -0.6196 0.3382 -0.7084
vn 0.0840 -0.0239 -0.9962
vn -0.8833 0.4600 0.0903
vn 0.5120 0.6308 -0.5831
vn -0.7568 -0.0906 0.6474
vn -0.7837 -0.2020 -0.5874
vn -0.4250 0.0334 -0.9046
vn 0.7597 0.3874 0.5222
vn 0.4358 0.1647 0.8848
vn 0.4448 -0.8824 -0.1537
vn -0.2007 -0.7068 -0.6783
vn 0.7692 -0.4144 0.4864
vn -0.7547 -0.2585 -0.6030
vn 0.4137 -0.8391 0.3533
vn 0.7497 -0.4356 -0.4982
vn 0.1522 -0.1540 -0.9763
vn -0.9273 -0.1151 0.3563
vn -0.3399 -0.3979 0.8521
vn 0.2795 0.9385 0.2027
vn 0.6833 0.2573 -0.6833
vn -0.5194 0.2961 0.8016
vn -0.0726 -0.9948 -0.0712
vn 0.7345 0.2986 0.6094
vn 0.9315 0.1682 -0.3226
vn 0.5490 -0.4080 -0.7295
vn -0.6085 -0.4251 0.6701
vn -0.1461 0.1541 0.9772
vn -0.5483 0.7053 -0.4493
vn 0.3919 0.2649 -0.8810
vn -0.7943 0.2500 0.5537
vn -0.9829 0.1075 0.1496
vn 0.4173 -0.7066 -0.5715
vn 0.2627 0.3309 -0.9064
vn -0.3471 0.6786 -0.6473
vn -0.1951 -0.3937 0.8983
vn 0.4038 -0.7004 0.5886
vn 0.7741 0.5142 0.3693
vn 0.3818 0.8312 -0.4043
vn 0.4163 -0.1822 0.8908
vn 0.9950 0.0569 -0.0824
vn -0.5886 0.6500 0.4807
vn -0.3168 -0.8554 -0.4097
vn -0.3102 -0.0556 -0.9490
vn -0.1318 -0.8820 0.4525
vn 0.4694 0.7104 0.5243
vn -0.9723 0.2321 -0.0268
vn -0.3999 0.5659 -0.7210
vn 0.3458 0.8001 -0.4902
vn 0.0954 -0.1258 0.9875
vn -0.6440 -0.3193 0.6952
vn 0.3726 -0.8117 -0.4498
vn 0.2448 0.2639 -0.9330
vn -0.0282 -0.7372 0.6751
vn -0.6816 0.4929 0.5408
vn -0.4048 -0.5069 -0.7611
vn 0.1302 0.3824 -0.9148
vn -0.3546 0.9194 -0.1703
vn -0.6335 0.0792 0.7697
vn -0.3316 -0.6636 0.6706
vn 0.8988 0.3879 0.2040
vn 0.2879 0.5818 -0.7607
vn 0.0103 -0.4658 0.8848
vn -0.9023 0.3930 -0.1775
vn 0.2648 -0.8045 -0.5317
vn 0.4747 0.1141 -0.8727
vn -0.0249 0.7013 -0.7125
vn -0.7432 -0.3680 0.5587
vn -0.2128 -0.9118 0.3511
vn 0.6500 0.3644 0.6669
vn 0.6294 0.6889 -0.3595
vn -0.0888 -0.3866 0.9180
vn 0.8782 -0.2964 -0.3753
vn 0.2790 0.7746 0.5676
vn 0.0376 0.9265 -0.3743
vn 0.3830 0.3481 -0.8556
vn 0.5918 -0.6745 0.4413
vn 0.2521 -0.1292 0.9590
vn -0.8965 -0.4048 -0.1800
vn -0.2889 0.5288 -0.7981
vn -0.0463 -0.6801 0.7317
vn 0.4451 -0.6429 -0.6234
vn 0.5743 0.7681 0.2831
vn 0.0950 0.8911 -0.4438
vn -0.1941 0.3469 -0.9176
vn 0.4260 -0.6827 0.5936
vn 0.6071 0.0422 0.7935
vn -0.8797 0.1422 0.4538
vn -0.6243 0.5479 -0.5568
vn -0.0303 -0.4455 0.8948
vn -0.8820 0.2007 0.4264
vn -0.0950 -0.9809 -0.1696
vn -0.4010 -0.0105 -0.9160
vn -0.8875 0.2745 -0.3701
vn -0.3051 -0.0041 0.9523
vn 0.3714 -0.3857 0.8446
vn 0.4578 0.8889 -0.0165
vn -0.3074 0.3353 -0.8905
vn 0.4694 -0.0404 0.8821
vn 0.8818 0.4295 0.1950
vn -0.8183 0.4321 0.3790
vn -0.5030 0.7283 -0.4654
vn -0.1177 0.9371 -0.3285
vn 0.1889 -0.1928 0.9629
vn -0.2824 -0.3569 0.8904
vn -0.2404 -0.7510 -0.6150
vn -0.3414 0.3581 -0.8690
vn -0.0011 -0.8531 0.5218
vn -0.8642 -0.4693 -0.1815
vn 0.9415 0.0229 -0.3361
vn 0.0719 0.6188 -0.7823
vn 0.5088 -0.6217 0.5955
vn -0.1234 0.7292 0.6731
vn 0.5885 -0.5294 -0.6111
vn 0.4448 0.8938 -0.0569
vn -0.2636 0.6768 -0.6873
vn -0.1635 -0.0864 -0.9828
vn 0.8117 -0.4943 0.3112
vn 0.7313 0.2624 0.6296
vn -0.8051 -0.3055 0.5084
vn -0.7155 0.1877 -0.6729
vn 0.4352 -0.2941 0.8509
vn -0.8830 -0.4561 0.1105
vn 0.4446 -0.6447 -0.6219
vn 0.0074 -0.0208 -0.9998
vn -0.6635 0.3060 -0.6827
vn 0.0076 -0.6438 0.7651
vn 0.5613 -0.8035 0.1984
vn 0.5599 0.7893 0.2519
vn -0.2701 0.6304 -0.7278
vn 0.4462 -0.3770 0.8117
vn -0.5956 0.5174 0.6144
vn -0.4521 -0.8261 -0.3363
vn -0.5034 0.1644 -0.8483
vn -0.6398 0.7139 -0.2846
vn -0.0506 -0.1200 0.9915
vn 0.1693 -0.7823 0.5994
vn 0.8939 0.4259 -0.1401
vn -0.0363 0.6242 -0.7804
vn 0.6434 -0.3385 0.6866
vn -0.8529 0.5171 0.0716
vn 0.6518 -0.6926 -0.3088
vn 0.3809 0.5393 -0.7510
vn 0.1731 0.6910 -0.7018
vn -0.4544 -0.5333 0.7135
vn -0.2505 -0.6930 0.6760
vn 0.5181 0.5238 0.6762
vn 0.5831 0.8104 -0.0565
vn 0.1251 -0.0961 0.9875
vn 0.6227 0.7751 0.1069
vn -0.6928 0.3156 -0.6484
vn -0.0396 -0.0481 -0.9981
vn 0.6854 -0.1527 -0.7120
vn -0.3938 0.5079 0.7661
vn -0.8737 0.4643 0.1453
vn -0.2740 -0.9367 0.2178
vn 0.4756 -0.5529 -0.6842
vn -0.6012 0.1066 0.7919
vn 0.2115 -0.9532 0.2160
vn 0.4188 0.7197 -0.5537
vn -0.3648 -0.0452 -0.9300
vn -0.4146 -0.6319 -0.6549
vn 0.5748 -0.0800 0.8143
vn 0.6419 0.5163 0.5669
vn -0.8425 0.2809 0.4597
vn -0.9233 -0.0786 -0.3759
vn -0.0568 0.4060 0.9121
vn 0.9153 0.2205 -0.3370
vn -0.4463 0.5994 0.6644
vn -0.7830 0.4231 -0.4560
vn -0.1373 0.5023 -0.8537
vn 0.6772 -0.4706 0.5656
vn -0.0295 -0.5069 0.8615
vn -0.6213 -0.6666 -0.4119
vn -0.5325 0.3401 -0.7751
vn 0.1490 -0.8152 0.5596
vn -0.8123 -0.5584 0.1684
vn 0.7136 -0.3284 -0.6188
vn -0.2117 0.9029 0.3741
vn -0.4567 0.6140 -0.6437
vn 0.3542 -0.1321 0.9258
vn 0.8205 0.3724 -0.4337
vn -0.6183 0.4869 0.6169
vn -0.4677 0.7461 -0.4739
vn -0.2864 0.4921 -0.8221
vn 0.8132 -0.1861 0.5514
vn 0.4853 0.0423 0.8733
vn -0.2806 -0.9199 -0.2739
vn -0.5463 0.0089 -0.8375
vn 0.4134 -0.7149 0.5639
vn -0.7985 0.2136 0.5628
vn 0.3729 -0.7005 -0.6085
vn -0.7062 0.4052 -0.5805
vn 0.0641 -0.3495 0.9347
vn 0.4236 0.8938 0.1474
vn -0.8077 -0.4867 0.3328
vn 0.6432 -0.2459 -0.7251
vn -0.3219 0.3715 -0.8708
vn -0.8646 0.2143 -0.4545
vn 0.1474 -0.6489 0.7465
vn 0.7463 -0.5353 0.3957
vn 0.1197 0.8537 0.5067
vn -0.4112 0.8646 -0.2888
vn 0.5430 0.0541 0.8380
vn 0.7211 0.6740 -0.1604
vn -0.5965 0.3155 0.7380
vn -0.7131 0.5259 -0.4636
vn 0.0091 0.7866 -0.6174
vn 0.9075 0.0709 0.4139
vn 0.4145 -0.3728 0.8302
vn 0.1751 -0.7302 -0.6604
vn -0.5001 0.2126 -0.8395
vn 0.6060 -0.6691 0.4302
vn -0.4196 0.6400 -0.6437
vn -0.3551 -0.8898 0.2866
vn 0.3856 -0.6501 -0.6547
vn 0.2009 -0.0380 -0.9789
vn -0.6437 0.7019 0.3048
vn -0.5676 0.1936 0.8003
vn 0.8458 0.4482 0.2893
vn 0.8546 -0.1436 -0.4991
vn 0.0069 0.6023 0.7983
vn -0.7606 0.6306 0.1544
vn 0.0002 -0.7501 0.6614
vn -0.5150 -0.8165 -0.2608
vn -0.8921 -0.1217 -0.4352
vn 0.0788 0.7950 0.6014
vn 0.5171 0.1599 0.8409
vn 0.6333 0.1776 -0.7532
vn -0.3206 -0.4483 -0.8344
vn 0.7584 0.5705 0.3152
vn -0.2876 -0.9562 -0.0545
vn -0.2552 0.5073 0.8231
vn 0.5016 0.1017 0.8591
vn 0.8029 -0.4252 0.4178
vn -0.8900 0.1311 -0.4367
vn -0.8226 0.5371 0.1867
vn 0.4894 0.7268 -0.4819
vn 0.9786 0.0287 0.2037
vn -0.5913 0.5485 -0.5912
vn -0.2652 -0.8641 0.4277
vn 0.6474 0.5968 0.4740
vn 0.9765 -0.1211 -0.1781
vn 0.5725 -0.7876 -0.2277
vn -0.8038 0.0421 0.5935
vn -0.3680 0.6863 0.6274
vn -0.3494 0.2931 -0.8900
vn 0.5334 -0.2831 -0.7971
vn -0.8412 0.5404 0.0210
vn 0.6459 0.6390 -0.4178
vn -0.2006 -0.8543 -0.4795
vn 0.5614 -0.8064 0.1860
vn 0.9574 -0.1345 0.2556
vn -0.4059 0.6781 -0.6128
vn -0.7582 -0.0202 -0.6517
vn -0.4526 0.1697 0.8754
vn 0.4875 -0.3320 0.8075
vn -0.8762 0.4784 -0.0594
vn 0.3323 -0.5812 0.7428
vn 0.2925 0.9550 0.0481
vn 0.8641 0.1015 -0.4930
vn 0.8566 -0.5159 -0.0080
vn -0.4712 -0.1552 0.8683
vn -0.6767 0.5178 0.5234
vn -0.5597 -0.5384 -0.6300
vn 0.5363 -0.4097 -0.7379
vn -0.9676 -0.0027 0.2526
vn 0.4562 -0.5437 -0.7045
vn -0.3931 -0.7146 0.5787
vn 0.6274 -0.2783 0.7272
vn 0.9341 -0.3567 -0.0156
vn -0.3588 -0.3333 -0.8719
vn -0.9217 -0.2468 -0.2993
vn 0.1032 0.9872 -0.1218
vn 0.8370 0.1717 0.5195
vn -0.8009 0.2039 -0.5630
vn -0.1901 -0.3556 -0.9151
vn 0.4785 -0.7600 0.4397
vn 0.9962 -0.0309 -0.0813
vn 0.6037 0.0902 -0.7921
vn -0.8232 -0.5017 -0.2660
vn -0.5529 -0.6733 0.4908
vn -0.2780 0.9196 0.2775
vn 0.7924 0.5548 -0.2535
vn -0.9137 -0.1537 0.3763
vn -0.5734 -0.0192 0.8190
vn 0.5128 0.8117 -0.2795
vn 0.9313 0.1095 0.3474
vn 0.4868 -0.2858 0.8254
vn -0.9474 0.2731 -0.1669
vn -0.4567 0.6479 -0.6096
vn 0.0980 -0.8034 -0.5873
vn 0.7368 -0.6452 0.2022
vn -0.6464 -0.1095 -0.7551
vn -0.5787 -0.6044 0.5475
vn 0.2314 0.9716 0.0496
vn 0.8082 0.1613 0.5664
vn 0.5219 -0.4121 0.7468
vn -0.9352 -0.0163 -0.3539
vn -0.6397 0.5571 -0.5296
vn 0.4474 -0.4659 -0.7634
vn 0.8966 -0.4404 0.0468
vn -0.3832 -0.0902 -0.9193
vn -0.5758 -0.8168 -0.0373
vn 0.3642 0.7779 0.5120
vn 0.8119 -0.4462 0.3764
vn 0.5331 -0.7984 0.2798
vn -0.9211 0.2512 -0.2974
vn -0.7153 0.6595 -0.2309
vn 0.3426 -0.0379 -0.9387
vn 0.8087 -0.4448 -0.3848
vn -0.3561 0.3987 -0.8452
vn 0.3655 -0.4177 0.8318
vn 0.4288 0.8117 -0.3965
vn 0.7275 -0.1015 -0.6786
vn 0.6876 -0.6986 -0.1980
vn -0.4090 0.3826 0.8285
vn -0.3020 0.9105 0.2824
vn -0.7964 -0.3352 -0.5035
vn 0.1648 -0.6727 -0.7213
vn -0.8913 0.3683 0.2644
vn -0.5666 0.1945 0.8007
vn 0.5980 0.6483 -0.4712
vn 0.9492 0.0803 0.3041
vn 0.5122 -0.1743 0.8410
vn -0.9072 0.3130 -0.2811
vn -0.3876 0.5360 -0.7500
vn 0.0287 -0.9063 -0.4217
vn 0.6677 -0.6788 0.3057
vn -0.6413 -0.2322 -0.7313
vn -0.4367 -0.8916 0.1198
vn 0.6203 0.1786 0.7637
vn 0.9705 -0.2248 0.0873
vn 0.5946 -0.6658 -0.4507
vn -0.8401 0.1681 0.5158
vn -0.1953 0.4500 0.8714
vn 0.0506 0.7903 -0.6106
vn 0.7245 -0.1665 -0.6688
vn -0.6958 0.6590 0.2856
vn -0.3837 -0.8761 0.2921
vn -0.3032 0.8050 0.5100
vn 0.5602 0.2321 0.7952
vn 0.4588 -0.5475 0.6998
vn -0.8488 -0.3424 -0.4029
vn -0.8161 0.4482 -0.3650
vn 0.6445 -0.0047 -0.7646
vn 0.9542 -0.1105 0.2782
vn -0.4358 0.1073 -0.8936
vn 0.1014 -0.9647 0.2432
vn 0.5696 0.5546 0.6066
vn 0.9494 0.2295 -0.2145
vn 0.7241 -0.5250 -0.4474
vn -0.6276 -0.3805 0.6792
vn -0.3460 0.3631 0.8651
vn -0.5548 0.4081 -0.7250
vn 0.5605 0.0476 -0.8268
vn -0.9008 0.2012 0.3848
vn 0.2530 -0.8692 -0.4249
vn -0.6949 -0.0747 0.7152
vn 0.1802 -0.1473 0.9725
vn 0.7600 -0.4114 0.5031
vn -0.5905 -0.1726 -0.7884
vn -0.9873 0.0586 -0.1477
vn 0.2870 0.9505 -0.1190
vn 0.7716 0.2376 0.5901
vn -0.5562 0.4753 -0.6817
vn 0.6747 -0.5321 -0.5116
vn -0.4404 -0.6230 0.6465
vn 0.3949 -0.1068 0.9125
vn 0.9470 -0.0979 0.3059
vn -0.2257 -0.4705 -0.8531
vn -0.8205 -0.4933 -0.2889
vn -0.1624 0.9754 -0.1494
vn 0.6189 0.4884 0.6152
vn -0.7115 0.0658 -0.6996
vn -0.6292 -0.1517 -0.7623
vn 0.5706 -0.7577 0.3167
vn 0.8998 -0.1214 -0.4191
vn 0.3736 0.1748 -0.9110
vn -0.9182 -0.3075 0.2496
vn -0.3641 -0.5925 0.7186
vn 0.0798 0.8874 0.4541
vn 0.6783 0.6281 -0.3814
vn -0.6103 0.1457 0.7787
vn -0.1622 0.5118 0.8437
vn -0.5598 0.4430 -0.7003
vn 0.5988 0.6977 -0.3932
vn 0.4730 0.7948 0.3803
vn -0.6870 -0.1255 0.7158
vn -0.8770 -0.4790 0.0378
vn 0.6486 -0.7185 0.2511
vn 0.9002 0.4074 -0.1538
vn -0.5756 -0.7702 0.2748
vn -0.1819 -0.5819 0.7927
vn -0.2412 0.9702 0.0230
vn 0.8760 0.3124 0.3674
vn 0.5858 -0.1943 0.7868
vn -0.8166 -0.5359 0.2145
vn -0.9224 -0.1210 -0.3667
vn 0.4005 -0.7297 -0.5543
vn 0.9891 -0.1149 0.0920
vn -0.6434 -0.5089 -0.5719
vn 0.2994 -0.9401 -0.1628
vn -0.4195 0.1579 0.8939
vn 0.4391 0.2699 0.8570
vn 0.9407 0.0078 0.3391
vn -0.8100 -0.4171 -0.4122
vn -0.9644 -0.0744 0.2537
vn -0.0351 0.9047 -0.4246
vn 0.8176 0.5412 0.1967
vn -0.8437 0.1374 -0.5190
vn 0.2253 -0.9743 -0.0048
vn -0.0970 0.9365 0.3370
vn 0.9125 0.2944 -0.2840
vn 0.9468 0.0827 -0.3110
vn -0.8787 -0.3464 0.3286
vn -0.9236 -0.1384 0.3575
vn -0.3302 0.0353 -0.9433
vn 0.4418 0.1777 -0.8793
vn -0.9021 -0.1311 -0.4110
vn -0.3465 -0.7062 0.6175
vn -0.4978 0.8437 0.2006
vn 0.2552 0.7062 0.6605
vn 0.5130 -0.0307 0.8579
vn -0.7715 -0.4975 -0.3965
vn -0.8539 0.3051 -0.4216
vn 0.6802 0.0913 -0.7273
vn 0.8578 0.2659 0.4398
vn -0.4714 -0.2168 -0.8549
vn 0.0033 0.9986 0.0536
vn 0.1491 -0.9131 -0.3794
vn 0.9261 -0.1563 0.3433
vn 0.9038 0.1347 0.4061
vn -0.8968 0.1866 -0.4011
vn -0.8791 -0.1058 -0.4648
vn -0.4041 -0.2120 0.8898
vn 0.3870 -0.1647 0.9072
vn -0.9420 -0.1305 0.3092
vn -0.1046 -0.9853 0.1352
vn -0.2290 0.8316 0.5060
vn 0.6464 0.3976 0.6512
vn 0.8723 -0.1379 0.4691
vn -0.8956 -0.0746 -0.4386
vn -0.8819 0.4524 -0.1326
vn 0.4171 0.4683 -0.7789
vn 0.9651 0.2476 -0.0847
vn -0.4789 0.2987 -0.8255
vn -0.0096 -0.9855 -0.1695
vn -0.5994 0.2093 0.7726
vn 0.1872 0.0481 0.9812
vn 0.7500 -0.3089 0.5848
vn -0.7509 -0.0859 -0.6548
vn -0.9735 0.2279 0.0202
vn 0.3516 0.9018 -0.2511
vn 0.8372 0.1633 0.5219
vn -0.6240 0.3834 -0.6809
vn -0.0118 -0.9686 -0.2485
vn -0.6575 0.1170 0.7443
vn 0.1488 -0.0665 0.9866
vn 0.6844 -0.4709 0.5566
vn -0.6894 -0.1291 -0.7128
vn -0.9755 0.2137 -0.0516
vn 0.4182 0.8823 -0.2160
vn 0.8111 0.0691 0.5808
vn -0.5787 0.4146 -0.7023
vn -0.6296 -0.5219 -0.5755
vn 0.3056 -0.7627 0.5699
vn 0.7862 -0.2991 -0.5408
vn 0.1076 -0.4914 -0.8642
vn -0.9706 -0.2284 0.0766
vn -0.6780 0.0626 0.7324
vn -0.0770 0.9318 -0.3547
vn 0.7360 -0.0922 -0.6706
vn -0.7401 0.2733 0.6145
vn 0.5798 0.5918 0.5600
vn 0.3214 -0.8513 0.4147
vn -0.3747 -0.4714 0.7983
vn -0.3435 0.3454 0.8733
vn 0.9142 0.2283 -0.3348
vn 0.7666 -0.5762 -0.2835
vn -0.5294 -0.6918 -0.4911
vn -0.8934 -0.3825 0.2355
vn 0.2490 -0.4718 -0.8458
vn -0.4896 0.6585 -0.5716
vn -0.8736 0.4185 0.2484
vn 0.3138 0.3288 -0.8907
vn -0.0961 0.9020 -0.4208
vn -0.4217 -0.8828 -0.2072
vn 0.6384 -0.3977 -0.6590
vn 0.5985 0.2637 -0.7565
vn -0.6969 0.6358 0.3318
vn -0.8206 0.0210 0.5712
vn 0.6653 0.1745 0.7259
vn 0.9895 -0.0802 -0.1200
vn -0.2562 0.2738 0.9270
vn -0.0979 -0.9423 0.3202
vn 0.2162 0.9741 0.0657
vn 0.9663 -0.0563 -0.2513
vn 0.9017 -0.3906 -0.1852
vn -0.9415 -0.0217 0.3364
vn -0.9066 0.3166 0.2789
vn -0.2911 -0.1406 -0.9463
vn 0.4987 -0.2338 -0.8347
vn -0.8959 0.0447 -0.4421
vn -0.1072 0.9311 0.3487
vn 0.6762 0.1856 -0.7129
vn 0.9957 -0.0197 0.0908
vn 0.6033 0.2912 0.7424
vn -0.7032 0.5784 -0.4134
vn -0.1858 0.2436 -0.9519
vn -0.3544 -0.9181 0.1775
vn 0.6796 -0.2944 0.6719
vn -0.7853 0.0261 -0.6186
vn 0.6165 0.2078 -0.7594
vn -0.1049 -0.9945 0.0012
vn 0.6581 -0.5128 0.5513
vn 0.9967 0.0466 0.0662
vn -0.2875 0.1881 -0.9391
vn -0.7533 -0.3598 -0.5505
vn -0.3541 0.7468 0.5629
vn 0.6627 0.1141 0.7401
vn -0.8513 0.2764 -0.4460
vn 0.6437 -0.0217 0.7649
vn -0.2883 0.8699 -0.4002
vn 0.5551 0.3507 -0.7542
vn 0.9720 -0.0429 -0.2312
vn -0.3951 0.0272 0.9182
vn -0.8135 0.4204 0.4019
vn -0.3506 -0.8600 -0.3709
vn 0.5241 -0.4197 -0.7411
vn -0.8412 -0.3536 0.4091
vn -0.5790 -0.4956 -0.6474
vn 0.2313 -0.6856 0.6903
vn 0.8288 -0.5337 -0.1682
vn 0.3153 -0.5022 -0.8052
vn -0.9955 -0.0831 0.0452
vn -0.6273 -0.0654 0.7761
vn 0.2043 0.9646 -0.1665
vn 0.8350 -0.0299 -0.5494
vn -0.7402 0.4762 0.4746
vn 0.2204 -0.9725 -0.0748
vn -0.1750 0.7292 0.6616
vn 0.9663 0.2485 0.0663
vn 0.9884 0.1488 0.0296
vn -0.9571 -0.2899 -0.0014
vn -0.9812 -0.1899 0.0356
vn -0.0535 0.2789 -0.9588
vn 0.6762 0.3519 -0.6473
vn -0.7439 0.0302 -0.6676
vn 0.2129 0.9463 0.2433
vn -0.5704 -0.1592 -0.8058
vn 0.3499 -0.1221 -0.9288
vn 0.8446 0.2538 -0.4715
vn -0.7134 0.3252 0.6208
vn -0.9982 -0.0581 0.0168
vn 0.2423 -0.8836 0.4008
vn 0.8437 -0.4053 -0.3521
vn -0.6402 -0.3364 0.6906
vn -0.3216 0.5998 -0.7327
vn -0.2889 -0.9205 0.2632
vn 0.5207 -0.7063 -0.4796
vn 0.4896 -0.1225 -0.8633
vn -0.7513 0.6022 0.2700
vn -0.7369 0.0320 0.6752
vn 0.7381 0.4071 0.5380
vn 0.9680 -0.1078 -0.2267
vn -0.1680 0.5532 0.8159
vn -0.3820 -0.7666 -0.5162
vn 0.2886 -0.2073 0.9347
vn 0.9030 -0.3074 0.3003
vn 0.7899 -0.4106 -0.4555
vn -0.9799 0.0290 0.1976
vn -0.5485 0.0560 0.8343
vn 0.2005 0.9715 -0.1264
vn 0.9169 0.1699 -0.3610
vn -0.7635 0.5909 0.2607
vn 0.4339 0.8446 0.3136
vn 0.3283 -0.3055 -0.8938
vn 0.7620 -0.6072 -0.2251
vn 0.7926 -0.3507 0.4989
vn -0.6177 0.6944 -0.3692
vn -0.3497 0.2229 -0.9100
vn -0.6647 -0.7111 0.2292
vn 0.4381 -0.7501 0.4955
vn -0.9100 0.2499 -0.3308
vn -0.4433 0.6225 -0.6450
vn -0.0258 -0.9721 0.2332
vn 0.6705 -0.4878 -0.5590
vn 0.5198 0.0425 -0.8532
vn -0.8298 0.3865 0.4024
vn -0.6901 -0.1386 0.7104
vn 0.6559 0.5062 0.5599
vn 0.9666 0.1564 -0.2030
vn -0.1866 0.4485 0.8741
vn -0.4324 0.6021 0.6712
vn 0.5260 0.4926 -0.6933
vn 0.9632 0.2689 0.0050
vn 0.7119 0.0674 0.6991
vn -0.8869 0.1718 -0.4289
vn -0.3009 0.3551 -0.8851
vn 0.1366 -0.9507 -0.2784
vn 0.8102 -0.3887 0.4388
vn -0.7169 -0.2881 -0.6349
vn -0.1454 -0.5694 -0.8091
vn 0.5530 -0.4743 0.6850
vn 0.9969 0.0155 0.0777
vn 0.7368 0.1573 -0.6576
vn -0.8345 -0.5386 0.1165
vn -0.3422 -0.5810 0.7385
vn -0.2478 0.9162 0.3148
vn 0.6993 0.6580 -0.2794
vn -0.8701 -0.0396 0.4912
vn 0.1036 0.9908 -0.0866
vn -0.4166 -0.8616 -0.2900
vn 0.6587 -0.2601 -0.7060
vn 0.7245 0.1818 -0.6649
vn -0.6647 0.4403 0.6036
vn -0.7877 0.0056 0.6161
vn 0.6504 -0.1466 0.7453
vn 0.9796 -0.2007 -0.0098
vn -0.1224 0.0005 0.9925
vn 0.6386 0.6313 -0.4400
vn -0.1609 -0.9611 -0.2247
vn 0.6427 -0.5347 0.5486
vn 0.9403 0.0779 0.3312
vn -0.3080 0.5529 -0.7742
vn -0.7352 -0.0116 -0.6777
vn -0.4569 0.4990 0.7364
vn 0.3734 0.0250 0.9273
vn -0.8531 0.4955 -0.1634
vn -0.6090 -0.4745 -0.6356
vn 0.7559 0.6515 0.0645
vn 0.4335 0.7151 -0.5484
vn 0.2247 0.2442 -0.9433
vn -0.3122 -0.6392 0.7028
vn -0.2304 -0.4592 0.8579
vn -0.2610 0.6917 -0.6734
vn 0.4103 0.4769 -0.7773
vn -0.6652 -0.2907 0.6878
vn -0.0875 0.9682 -0.2346
vn -0.2741 -0.8402 -0.4679
vn 0.6579 -0.4145 -0.6288
vn 0.8292 0.2240 -0.5121
vn -0.8763 0.2898 0.3848
vn -0.9129 -0.3559 0.1998
vn 0.4406 -0.2862 0.8509
vn 0.9778 -0.1871 0.0944
vn -0.4860 -0.1340 0.8636
vn -0.0669 0.9331 0.3533
vn -0.5215 -0.1944 -0.8308
vn 0.4569 0.1476 -0.8772
vn 0.6564 0.6827 -0.3210
vn -0.7221 0.2126 0.6583
vn -0.9378 -0.3271 0.1164
vn 0.5650 -0.6836 0.4619
vn 0.9443 -0.0266 -0.3280
vn -0.4944 -0.5192 0.6971
vn 0.3661 0.2981 -0.8815
vn 0.3494 -0.9023 0.2524
vn 0.8431 0.1495 0.5165
vn 0.8372 0.5159 -0.1814
vn -0.3892 -0.1533 -0.9083
vn -0.6450 -0.6689 -0.3695
vn -0.5958 0.7259 0.3437
vn 0.5294 0.6436 0.5527
vn -0.9342 -0.1573 -0.3201
vn -0.1848 -0.8735 -0.4503
vn -0.4346 0.2438 0.8670
vn 0.3636 -0.1992 0.9100
vn 0.6942 -0.6060 0.3883
vn -0.7781 0.2147 -0.5903
vn -0.8707 0.4831 0.0920
vn 0.5756 0.7942 -0.1946
vn 0.9337 -0.0106 0.3580
vn -0.4115 0.7351 -0.5388
vn -0.5896 -0.8048 0.0688
vn 0.7761 0.3388 0.5319
vn 0.8263 -0.3894 -0.4069
vn 0.3149 -0.8064 -0.5006
vn -0.8189 0.1156 0.5622
vn -0.3756 0.5860 0.7180
vn -0.3051 0.5318 -0.7900
vn 0.3428 -0.1172 -0.9321
vn -0.6903 0.7227 0.0345
vn 0.7403 0.1887 0.6452
vn -0.0015 0.7493 -0.6622
vn 0.5470 -0.0619 -0.8348
vn 0.9290 -0.3348 -0.1575
vn -0.1548 0.5336 0.8314
vn -0.5509 0.8172 0.1693
vn -0.6066 -0.7945 0.0286
vn 0.4468 -0.7051 -0.5506
vn -0.7777 0.2728 0.5663
vn 0.4506 -0.3585 0.8176
vn 0.4606 0.8518 -0.2496
vn 0.6764 -0.4263 -0.6007
vn 0.7760 -0.6167 0.1322
vn -0.1598 0.1349 0.9779
vn -0.5982 0.5865 0.5460
vn -0.6576 -0.7499 -0.0720
vn 0.4797 -0.6573 -0.5813
vn -0.7702 0.3373 0.5413
vn 0.5996 0.7493 -0.2811
vn 0.1106 -0.6560 0.7466
vn -0.3928 0.2820 0.8753
vn -0.2385 0.8484 0.4727
vn 0.6724 -0.3086 -0.6728
vn 0.4889 -0.8393 -0.2378
vn -0.8427 -0.1429 -0.5191
vn -0.8605 0.4485 0.2419
vn -0.0368 -0.6025 -0.7973
vn 0.6651 0.7322 -0.1466
vn -0.3897 -0.7860 0.4799
vn -0.5960 0.4976 0.6302
vn -0.3593 0.7785 0.5147
vn 0.7046 -0.4074 -0.5809
vn 0.4958 -0.7146 -0.4935
vn -0.5956 0.1971 -0.7787
vn -0.8045 0.5856 -0.0993
vn 0.0123 -0.3265 -0.9451
vn 0.7455 0.5459 0.3823
vn -0.8376 -0.4270 0.3406
vn -0.6452 0.7518 -0.1361
vn -0.0918 0.9957 0.0135
vn 0.8047 -0.4734 0.3582
vn 0.3587 -0.8981 0.2546
vn 0.2913 -0.0429 -0.9557
vn -0.2424 0.6493 -0.7209
vn 0.5866 -0.7042 -0.3999
vn 0.6403 -0.3311 -0.6931
vn 0.5406 0.5664 0.6220
vn 0.1744 0.9821 -0.0715
vn 0.0696 0.6175 -0.7835
vn 0.4217 -0.8711 0.2516
vn 0.4788 -0.3014 0.8246
vn -0.9715 -0.0675 0.2274
vn -0.4393 0.7582 -0.4819
vn -0.0677 -0.7972 0.6000
vn -0.8883 -0.2426 -0.3900
vn 0.6535 0.6652 -0.3612
vn -0.0479 0.9581 0.2823
vn -0.6708 0.6246 0.3999
vn 0.1587 -0.7629 -0.6267
vn 0.7041 -0.2932 -0.6468
vn 0.3917 -0.3811 0.8374
vn -0.1687 0.4216 0.8910
vn 0.5725 -0.8193 -0.0312
vn 0.5293 0.4451 -0.7223
vn 0.6219 0.1351 0.7713
vn -0.0201 0.7956 0.6055
vn -0.1104 0.9742 -0.1968
vn 0.6597 -0.5133 -0.5489
vn 0.7214 -0.6405 0.2631
vn -0.8894 -0.4572 0.0071
vn -0.5848 0.7852 0.2036
vn 0.2997 -0.9324 -0.2022
vn 0.1597 0.6726 -0.7226
vn 0.7744 -0.0691 0.6289
vn -0.2180 0.6828 0.6973
vn -0.1997 0.9797 -0.0178
vn 0.4079 -0.1307 -0.9036
vn 0.5566 -0.7170 -0.4197
vn -0.9195 -0.3385 -0.1999
vn -0.6878 0.5530 0.4702
vn 0.0543 -0.7922 -0.6078
vn -0.1725 0.5762 0.7989
vn -0.8330 -0.1205 -0.5400
vn -0.2185 0.6427 -0.7343
vn 0.1162 0.9899 -0.0817
vn -0.2840 -0.4302 0.8569
vn -0.6149 -0.7643 0.1943
vn 0.8822 -0.4054 -0.2395
vn 0.5124 0.6283 -0.5855
vn 0.0803 -0.9016 0.4250
vn -0.2441 0.7145 -0.6556
vn 0.9650 -0.2483 -0.0849
vn 0.7586 0.4245 0.4944
vn 0.1373 0.9155 0.3783
vn -0.3178 -0.3786 -0.8693
vn 0.3581 -0.7174 -0.5976
vn -0.4935 -0.5014 0.7107
vn 0.0632 0.4908 0.8690
vn -0.3952 -0.8278 -0.3983
vn -0.2508 0.5165 -0.8188
vn 0.8360 0.5130 0.1947
vn -0.0062 0.8110 0.5850
vn -0.5714 0.8206 -0.0103
vn 0.2788 -0.2233 -0.9340
vn 0.8807 -0.2790 -0.3828
vn -0.4811 -0.7652 0.4278
vn -0.5679 0.5528 0.6098
vn 0.4637 -0.7203 -0.5159
vn 0.1763 0.3564 0.9175
vn -0.8120 -0.4592 -0.3601
vn -0.4991 0.8064 -0.3173
vn -0.2262 0.9315 0.2847
vn 0.4164 -0.5379 0.7330
vn 0.2623 -0.9414 0.2120
vn 0.8733 0.2538 -0.4159
vn 0.1408 0.8810 -0.4517
vn 0.7900 -0.6130 0.0033
vn -0.1857 0.6716 0.7172
vn -0.6958 -0.2309 -0.6801
vn 0.0894 0.6117 -0.7860
vn 0.1865 0.9744 -0.1253
vn -0.3853 -0.2627 0.8846
vn -0.5488 -0.7651 0.3369
vn 0.9300 -0.3572 0.0869
vn 0.7243 0.4848 -0.4903
vn 0.1229 -0.8125 0.5699
vn -0.7590 0.5746 0.3062
vn -0.0000 -0.6466 -0.7628
vn 0.2624 0.3352 -0.9049
vn 0.0315 0.8743 -0.4843
vn -0.5274 -0.4985 0.6880
vn -0.2643 -0.9456 0.1896
vn 0.8991 0.0127 0.4376
vn 0.7194 0.6247 -0.3038
vn 0.2111 -0.6143 0.7603
vn -0.9198 0.0947 0.3809
vn -0.0520 -0.2576 -0.9649
vn -0.0361 0.6422 -0.7657
vn -0.3672 0.9259 -0.0887
vn -0.3529 -0.8515 0.3878
vn -0.0235 -0.9391 -0.3427
vn 0.9248 0.1063 0.3654
vn 0.2923 0.9480 -0.1256
vn 0.3060 -0.8797 0.3640
vn 0.0088 -0.7002 -0.7139
vn 0.9231 0.3735 0.0913
vn 0.0510 0.7752 -0.6296
vn -0.1601 0.0974 -0.9823
vn 0.1682 -0.9827 0.0773
vn 0.4586 -0.5673 0.6840
vn -0.9369 0.0578 0.3448
vn -0.4804 0.6848 -0.5480
vn -0.0780 -0.6484 0.7573
vn 0.9347 -0.1722 -0.3110
vn -0.0094 0.6861 0.7275
vn -0.0821 0.9821 -0.1693
vn 0.3207 0.5781 -0.7503
vn 0.4900 -0.7263 0.4820
vn 0.0754 -0.2287 0.9706
vn -0.8695 -0.3915 -0.3010
vn -0.3695 0.5572 -0.7437
vn -0.1949 -0.8132 0.5484
vn -0.7290 0.1439 -0.6692
vn 0.7408 -0.6399 -0.2043
vn 0.7622 0.4527 -0.4626
vn 0.0744 0.7073 -0.7029
vn -0.8277 -0.5610 0.0135
vn -0.2168 -0.9247 0.3130
vn -0.1079 0.5474 0.8299
vn 0.4247 0.9053 -0.0058
vn -0.5206 -0.4215 0.7426
vn -0.9238 0.2629 -0.2783
vn 0.6837 -0.5915 -0.4275
vn 0.5681 0.5616 -0.6015
vn -0.0687 0.8230 -0.5639
vn -0.7391 -0.5949 0.3158
vn -0.1411 -0.9331 0.3308
vn 0.2144 0.4449 0.8695
vn 0.4272 0.9014 0.0704
vn -0.1922 -0.4144 0.8896
vn -0.8848 -0.2507 -0.3928
vn 0.9350 -0.0178 -0.3542
vn 0.2972 0.8341 -0.4647
vn -0.3732 0.8107 -0.4511
vn -0.1648 -0.9640 0.2088
vn 0.4978 -0.8519 0.1628
vn 0.0159 0.3474 0.9376
vn -0.0817 0.9661 0.2449
vn 0.1005 -0.5711 0.8147
vn -0.9529 -0.1911 -0.2353
vn 0.3043 0.6079 -0.7334
vn -0.0479 0.9987 -0.0174
vn -0.6586 0.6435 0.3901
vn -0.1263 -0.8023 -0.5833
vn 0.4163 -0.2654 -0.8696
vn 0.6666 -0.2306 0.7089
vn -0.1347 0.7205 0.6803
vn 0.4331 -0.8262 -0.3603
vn -0.7491 0.3133 0.5837
vn 0.0146 0.2743 -0.9615
vn 0.4672 0.8461 -0.2564
vn 0.1637 0.8737 0.4580
vn -0.7914 -0.6107 0.0279
vn -0.4543 -0.5828 -0.6737
vn 0.7511 -0.5745 0.3254
vn 0.8013 0.4819 0.3546
vn -0.1479 -0.9864 -0.0713
vn 0.2803 -0.4525 0.8466
vn -0.9474 0.0351 -0.3182
vn -0.4612 0.8118 0.3582
vn 0.0211 0.5147 0.8571
vn 0.2538 -0.9672 -0.0108
vn -0.2046 -0.7889 -0.5794
vn 0.7809 0.4069 -0.4740
vn 0.2515 0.9434 0.2162
vn 0.4900 -0.5596 -0.6684
vn 0.6722 -0.1456 0.7259
vn -0.8120 -0.5762 0.0932
vn -0.5784 0.5962 0.5568
vn 0.0907 0.4504 0.8882
vn 0.7687 -0.6382 0.0425
vn 0.2909 -0.7977 -0.5282
vn 0.4650 0.7065 -0.5335
vn -0.2494 0.9122 0.3250
vn 0.5756 -0.4130 -0.7058
vn -0.4714 0.3887 -0.7916
vn 0.8763 0.4006 0.2677
vn 0.1472 0.7556 0.6383
vn -0.5669 0.7164 0.4068
vn 0.3553 -0.5431 -0.7608
vn 0.9063 -0.2769 -0.3193
vn -0.1379 -0.7236 0.6762
vn -0.4877 0.2806 0.8267
vn 0.3717 -0.8904 -0.2628
vn -0.8734 -0.3007 0.3830
vn 0.2040 -0.5716 -0.7948
vn -0.2896 0.2259 -0.9301
vn -0.8299 0.4351 -0.3493
vn 0.0274 -0.7128 0.7008
vn 0.5153 -0.8549 0.0603
vn 0.6213 0.7296 0.2858
vn -0.2804 0.8299 -0.4824
vn 0.6431 -0.4040 0.6505
vn -0.6818 -0.5179 0.5167
vn -0.4376 0.2619 -0.8602
vn -0.5183 0.8375 -0.1733
vn -0.5715 0.5662 0.5940
vn 0.0234 -0.9847 -0.1724
vn 0.0023 -0.5320 -0.8467
vn 0.9444 0.3041 0.1254
vn -0.0584 0.8981 0.4360
vn 0.5688 -0.7361 -0.3669
vn 0.1129 0.0294 0.9932
vn -0.9748 -0.1750 -0.1386
vn -0.4055 0.9130 -0.0437
vn -0.0651 0.7607 0.6459
vn 0.2078 -0.7228 0.6590
vn -0.0599 -0.9978 -0.0287
vn 0.9170 0.1648 -0.3633
vn 0.0421 0.9943 -0.0982
vn 0.3873 -0.9185 -0.0803
vn 0.8792 0.4141 0.2358
vn -0.8709 -0.3885 0.3009
vn -0.6737 0.7388 -0.0168
vn -0.2367 0.8920 0.3852
vn 0.6721 -0.6967 -0.2507
vn 0.0374 -0.7234 -0.6894
vn 0.2228 0.0760 -0.9719
vn -0.2494 0.7086 -0.6601
vn 0.2863 -0.3556 -0.8897
vn 0.7790 0.5892 -0.2143
vn -0.6177 -0.3975 0.6786
vn -0.6952 0.3248 0.6413
vn 0.2134 -0.9689 -0.1250
vn -0.6936 0.2192 -0.6862
vn -0.8057 -0.4909 -0.3314
vn 0.7157 0.6979 -0.0266
vn -0.4167 0.7711 0.4814
vn -0.7078 0.5500 0.4433
vn 0.4601 -0.6946 -0.5530
vn 0.7361 -0.4546 -0.5014
vn 0.2483 -0.4562 0.8545
vn -0.2693 0.1552 0.9505
vn 0.6007 -0.7727 0.2054
vn 0.1837 -0.8319 0.5237
vn -0.9846 -0.1195 -0.1279
vn -0.7611 0.3054 0.5722
vn -0.0894 0.1440 0.9855
vn 0.2314 -0.7764 -0.5862
vn -0.4947 -0.4592 -0.7378
vn 0.3899 0.8282 -0.4025
vn -0.1107 0.6145 0.7811
vn 0.2305 -0.3705 -0.8998
vn 0.7463 0.6530 0.1289
vn -0.0816 -0.8250 -0.5593
vn 0.3168 -0.9200 0.2306
vn 0.5354 -0.5791 0.6148
vn -0.3517 0.7162 -0.6027
vn -0.4575 0.1188 -0.8813
vn -0.8062 -0.1669 0.5677
vn -0.1551 -0.5825 0.7979
vn -0.8221 0.5012 -0.2701
vn -0.6024 0.2844 0.7458
vn 0.7711 0.5967 -0.2221
vn 0.8412 -0.2029 0.5012
vn 0.1899 -0.2806 0.9409
vn -0.7994 0.5721 -0.1833
vn -0.2077 0.6966 -0.6867
vn -0.2246 -0.8637 -0.4512
vn 0.4302 -0.8053 0.4079
vn -0.6162 0.0928 -0.7821
vn 0.5970 -0.3489 -0.7224
vn -0.8340 -0.0614 0.5484
vn 0.2918 -0.5694 0.7685
vn 0.6166 -0.6412 0.4568
vn -0.3075 0.4519 -0.8374
vn -0.6431 0.5397 -0.5434
vn 0.5007 0.8021 0.3256
vn 0.6897 0.1002 0.7171
vn -0.0336 0.9559 -0.2917
vn -0.7279 0.1969 0.6569
vn 0.4478 0.8938 -0.0224
vn 0.7035 -0.0157 0.7105
vn -0.0285 -0.0747 0.9968
vn -0.9315 0.3408 -0.1272
vn -0.4477 0.5180 -0.7289
vn -0.0817 -0.9556 -0.2833
vn 0.5822 -0.4253 0.6930
vn -0.6034 0.1269 -0.7873
vn 0.9486 0.2350 -0.2120
vn -0.4410 -0.7317 -0.5198
vn 0.2453 -0.7717 0.5868
vn 0.8387 -0.3769 0.3932
vn 0.3426 0.6724 -0.6561
vn -0.3802 0.5535 -0.7410
vn -0.1591 0.6578 0.7362
vn 0.2172 -0.3289 0.9191
vn -0.3554 0.8866 -0.2961
vn 0.7460 -0.5893 -0.3102
vn -0.4684 -0.6869 0.5556
vn 0.3868 0.0665 0.9198
vn 0.9014 -0.1951 0.3866
vn 0.0934 -0.5948 -0.7984
vn -0.6571 -0.4496 -0.6051
vn 0.1170 0.9150 -0.3862
vn 0.5501 0.3749 0.7462
vn -0.5302 -0.1614 -0.8323
vn -0.7956 -0.5610 0.2288
vn 0.1903 0.9289 0.3176
vn 0.5196 0.0853 0.8501
vn 0.1604 -0.5475 0.8213
vn -0.7470 0.1357 -0.6509
vn -0.3521 0.7431 -0.5690
vn 0.7076 -0.3682 -0.6031
vn 0.7807 -0.5050 0.3680
vn -0.0548 0.1273 -0.9903
vn -0.7970 -0.5568 -0.2340
vn 0.2117 0.7645 0.6089
vn 0.2934 -0.3300 0.8972
vn -0.0411 -0.7889 0.6132
vn -0.4845 0.4255 -0.7643
vn -0.1468 0.8710 -0.4689
vn 0.8160 -0.2808 -0.5052
vn 0.6706 -0.6831 0.2891
vn 0.2936 0.3528 -0.8885
vn 0.3621 -0.6708 -0.6473
vn -0.9519 -0.2313 0.2011
vn -0.0510 -0.6173 0.7851
vn 0.4560 -0.8645 0.2115
vn -0.0186 0.0477 -0.9987
vn -0.6087 0.4606 -0.6460
vn 0.6881 0.6818 0.2484
vn 0.4875 -0.3455 0.8018
vn -0.0799 0.7532 -0.6529
vn 0.5162 -0.5551 -0.6522
vn -0.8843 -0.4610 -0.0739
vn 0.1167 -0.6805 0.7234
vn 0.5424 -0.8354 0.0886
vn 0.1638 0.0670 -0.9842
vn -0.3909 0.5510 -0.7373
vn 0.6949 0.6494 0.3088
vn 0.3277 -0.5438 0.7726
vn -0.1828 0.6958 -0.6946
vn -0.3412 -0.7145 -0.6108
vn -0.5479 0.7553 0.3596
vn -0.4099 -0.2918 0.8642
vn -0.3911 -0.8419 0.3717
vn 0.0420 0.1179 -0.9921
vn 0.0683 0.7645 -0.6410
vn 0.9668 -0.1696 0.1911
vn 0.2576 -0.5669 0.7824
vn 0.6969 0.4010 -0.5945
vn -0.4682 -0.4470 -0.7622
vn -0.4000 0.8083 0.4321
vn -0.6226 -0.1181 0.7735
vn -0.6359 -0.7185 0.2817
vn 0.2550 0.3582 -0.8981
vn 0.2294 0.9071 -0.3529
vn 0.8711 -0.3159 0.3760
vn -0.0502 -0.6672 0.7432
vn 0.8252 0.3875 -0.4109
vn 0.3841 0.7291 0.5665
vn 0.7924 -0.4013 -0.4595
vn 0.4054 -0.7478 0.5258
vn 0.3308 -0.0549 0.9421
vn 0.1435 0.9579 -0.2485
vn 0.1901 0.4446 -0.8753
vn -0.9920 -0.1035 0.0718
vn -0.1231 -0.6512 0.7488
vn -0.3514 0.6008 -0.7180
vn -0.0172 -0.7517 -0.6593
vn -0.8377 0.1645 0.5208
vn -0.0978 -0.4873 0.8677
vn 0.2682 -0.9117 0.3112
vn -0.2861 0.1950 -0.9381
vn -0.6589 0.6375 -0.3993
vn 0.8297 0.5454 0.1189
vn 0.6283 -0.3494 0.6951
vn 0.0532 0.7993 -0.5986
vn 0.8174 0.3215 0.4780
vn 0.1445 -0.7140 -0.6851
vn -0.0377 -0.9716 0.2338
vn 0.2006 -0.5160 0.8328
vn 0.4471 0.7708 -0.4539
vn 0.1903 0.2183 -0.9571
vn -0.9466 0.2997 0.1186
vn -0.5028 -0.5208 0.6899
vn -0.2563 0.7625 -0.5941
vn -0.5741 -0.5751 -0.5829
vn -0.6646 0.6464 0.3748
vn -0.3785 -0.3587 0.8533
vn -0.4975 -0.8399 0.2171
vn -0.2433 0.1024 -0.9645
vn -0.0646 0.7966 -0.6010
vn 0.9553 -0.2946 -0.0242
vn 0.0240 -0.6575 0.7531
vn 0.3531 0.5455 -0.7601
vn 0.9899 0.0738 -0.1210
vn -0.8490 -0.4943 -0.1868
vn -0.1156 -0.6763 0.7275
vn 0.3427 -0.5282 0.7769
vn 0.0667 0.5536 -0.8301
vn -0.3852 0.3803 -0.8408
vn -0.3114 0.7619 0.5679
vn -0.0948 0.0760 0.9926
vn -0.3104 0.9158 -0.2550
vn 0.7074 -0.3149 -0.6328
vn -0.9042 -0.3734 0.2075
vn -0.0713 -0.6740 0.7353
vn 0.5808 -0.6349 0.5096
vn -0.1775 0.4524 -0.8740
vn -0.7726 0.3265 -0.5445
vn 0.1242 0.8103 0.5727
vn 0.3972 -0.0319 0.9172
vn -0.2634 0.9179 -0.2968
vn -0.8332 0.4094 0.3716
vn 0.8238 0.5437 0.1605
vn 0.5024 -0.1856 0.8445
vn -0.2941 -0.2045 0.9336
vn -0.5529 0.6219 -0.5546
vn 0.2339 0.6718 -0.7028
vn -0.0467 -0.8776 -0.4771
vn 0.1214 -0.7726 0.6232
vn -0.1560 0.1176 -0.9807
vn -0.9182 -0.3765 -0.1233
vn 0.2690 0.8273 0.4932
vn 0.2258 -0.0270 0.9738
vn -0.1251 -0.6031 0.7878
vn -0.3268 0.4200 -0.8467
vn 0.0500 0.8814 -0.4697
vn 0.8605 -0.3767 -0.3429
vn 0.5410 -0.6504 0.5332
vn 0.3616 0.2497 -0.8983
vn -0.9558 -0.2857 -0.0694
vn 0.0560 0.8617 0.5044
vn 0.1018 -0.1474 0.9838
vn -0.4941 -0.5761 0.6511
vn -0.6314 0.2401 -0.7373
vn -0.0582 0.7909 -0.6091
vn 0.6462 -0.6296 -0.4314
vn 0.2871 -0.6768 0.6779
vn 0.1237 0.2801 -0.9520
vn 0.5521 0.5059 0.6627
vn 0.6753 -0.6220 -0.3963
vn 0.2354 -0.9180 0.3192
vn 0.0427 -0.3905 0.9196
vn 0.4393 0.8304 -0.3427
vn 0.5838 0.1633 -0.7953
vn -0.9460 -0.0337 -0.3225
vn -0.3964 -0.6704 0.6272
vn 0.0319 0.6600 -0.7506
vn -0.6748 -0.6823 -0.2814
vn -0.1254 0.8580 0.4980
vn 0.0393 0.0499 0.9980
vn -0.0034 -0.6009 0.7993
vn -0.2487 0.3474 -0.9041
vn -0.1742 0.8662 -0.4683
vn 0.9906 0.0080 -0.1366
vn 0.6367 -0.4021 0.6579
vn 0.4243 0.4110 -0.8069
vn 0.7981 -0.4080 -0.4434
vn -0.9353 -0.3453 -0.0772
vn -0.2550 -0.4636 0.8486
vn 0.5036 -0.5185 0.6911
vn 0.2346 0.5223 -0.8199
vn -0.5269 0.5606 -0.6388
vn 0.1230 0.7593 0.6391
vn 0.1774 -0.2019 0.9632
vn -0.0773 0.8940 -0.4413
vn -0.7275 0.5045 0.4649
vn 0.9392 0.3391 0.0542
vn -0.2266 -0.8654 -0.4470
vn 0.0583 -0.8061 0.5889
vn -0.2383 0.1524 -0.9592
vn -0.3559 -0.8425 -0.4043
vn -0.6851 0.6212 0.3804
vn -0.3738 0.0352 0.9268
vn 0.0076 -0.5986 0.8010
vn -0.1317 0.2988 -0.9452
vn -0.4866 0.7466 -0.4536
vn 0.8363 0.5108 0.1993
vn 0.3907 -0.2226 0.8932
vn 0.2572 0.6167 -0.7440
vn 0.6669 -0.6817 -0.3009
vn -0.9642 -0.2037 -0.1699
vn -0.5963 -0.4899 0.6360
vn 0.1571 -0.6530 0.7409
vn 0.2801 0.2041 -0.9380
vn -0.4891 0.2640 -0.8313
vn 0.0987 0.8810 0.4628
vn -0.0164 -0.0526 0.9985
vn 0.0990 0.7768 -0.6219
vn 0.0846 -0.8953 -0.4373
vn -0.8726 0.4471 0.1964
vn -0.4891 -0.1314 0.8623
vn 0.0003 -0.6663 0.7457
vn 0.0459 0.1817 -0.9823
vn -0.4490 0.6115 -0.6515
vn 0.7136 0.6213 0.3237
vn 0.3273 -0.0824 0.9413
vn 0.3687 0.6869 -0.6262
vn -0.9905 -0.0921 0.1018
vn 0.1817 0.8707 0.4571
vn 0.1956 -0.1007 0.9755
vn -0.5085 -0.4336 0.7440
vn -0.7179 0.3214 -0.6175
vn -0.0500 0.7850 -0.6175
vn 0.4598 -0.7452 -0.4830
vn 0.2278 -0.6243 0.7472
vn -0.0344 0.3170 -0.9478
vn 0.9507 0.0723 -0.3017
vn -0.6482 -0.7384 -0.1858
vn 0.0352 -0.7152 0.6980
vn 0.6775 -0.3977 0.6188
vn 0.1385 0.4575 -0.8784
vn -0.5195 0.1639 -0.8386
vn -0.3044 0.7745 0.5545
vn 0.0957 0.0022 0.9954
vn -0.4147 0.8086 -0.4173
vn -0.6859 0.6793 -0.2608
vn 0.8140 0.0372 0.5797
vn -0.2440 -0.2234 0.9437
vn -0.7802 0.0457 0.6239
vn 0.2298 0.5050 -0.8319
vn 0.7923 0.2505 -0.5564
vn -0.2051 -0.8859 -0.4160
vn -0.5699 -0.7035 0.4245
vn 0.3417 -0.2901 -0.8939
vn -0.1061 0.8658 0.4891
vn 0.9462 -0.1919 -0.2605
vn 0.5836 -0.5061 0.6351
vn 0.0811 0.0080 0.9967
vn -0.1801 0.8327 -0.5237
vn 0.3262 0.3225 -0.8886
vn -0.7624 -0.6157 -0.1993
vn -0.1390 -0.6642 0.7345
vn -0.4161 0.2183 -0.8827
vn -0.3844 0.9218 -0.0493
vn 0.8797 0.0953 0.4658
vn 0.1723 -0.0555 0.9835
vn -0.5650 0.2268 0.7933
vn 0.2642 0.4854 -0.8334
vn 0.8893 0.1706 -0.4242
vn -0.2376 -0.9337 -0.2680
vn -0.4964 -0.3801 0.7805
vn 0.3697 -0.1092 -0.9227
vn 0.1749 -0.9821 -0.0693
vn -0.8975 0.0605 -0.4368
vn -0.9368 -0.0623 0.3442
vn -0.4082 -0.2769 0.8699
vn 0.4689 0.0010 -0.8833
vn -0.2913 0.1455 -0.9455
vn 0.1515 0.9610 0.2313
vn -0.4091 0.0022 0.9125
vn 0.4661 0.2801 -0.8392
vn 0.1016 -0.9259 -0.3639
vn -0.9741 0.2002 -0.1048
vn -0.3923 -0.3216 0.8618
vn -0.0703 -0.8980 0.4343
vn 0.2016 -0.3290 -0.9226
vn -0.0453 0.4182 -0.9072
vn 0.9233 0.2493 0.2921
vn 0.0345 -0.3086 0.9506
vn 0.3837 0.4287 -0.8179
vn -0.7063 -0.1568 0.6903
vn -0.0387 0.8429 -0.5367
vn 0.4368 0.8677 0.2372
vn 0.3710 0.4028 0.8367
vn -0.7285 -0.4823 -0.4866
vn -0.4796 0.1262 -0.8683
vn 0.8049 -0.4907 -0.3336
vn 0.8539 0.2048 0.4785
vn -0.1728 -0.6238 -0.7622
vn -0.8492 0.4285 -0.3087
vn 0.6073 0.6404 0.4702
vn -0.1934 0.0085 0.9811
vn -0.8455 0.0629 0.5302
vn -0.1402 0.4335 -0.8902
vn 0.6180 0.4363 -0.6540
vn 0.0367 -0.9716 -0.2339
vn -0.3894 -0.5615 0.7301
vn 0.4179 -0.1368 -0.8982
vn 0.9404 0.2631 0.2157
vn -0.4456 -0.8491 -0.2838
vn -0.3193 -0.5692 0.7577
vn 0.1434 -0.1548 0.9775
vn 0.4351 0.3113 -0.8448
vn -0.0427 -0.1177 -0.9921
vn -0.6857 0.7232 0.0826
vn -0.5164 0.2172 0.8283
vn -0.2714 0.6164 -0.7392
vn 0.5973 -0.4232 0.6813
vn -0.9443 0.0215 -0.3285
vn -0.7741 0.3456 0.5304
vn -0.5815 0.2873 0.7611
vn 0.6660 -0.4208 -0.6159
vn 0.1814 -0.3440 -0.9213
vn 0.0612 0.9427 -0.3279
vn -0.1391 0.9601 0.2425
vn 0.6747 0.2815 -0.6823
vn -0.7761 -0.4468 -0.4450
vn -0.1946 0.5442 -0.8161
vn -0.6153 0.7849 -0.0737
vn -0.9808 0.1567 0.1159
vn 0.0129 -0.7265 -0.6870
vn 0.3684 -0.1072 -0.9235
vn 0.7534 0.6038 0.2605
vn -0.1317 0.7946 0.5927
vn 0.9255 -0.1775 -0.3346
vn -0.0355 -0.7056 0.7077
vn -0.5752 0.1322 0.8073
vn 0.5276 -0.8466 -0.0704
vn -0.2386 -0.9586 0.1556
vn -0.5675 0.5434 -0.6186
vn -0.7904 0.5058 0.3456
vn -0.6301 -0.1294 0.7656
vn 0.4468 -0.6194 -0.6455
vn 0.2156 0.0451 -0.9754
vn 0.7643 0.4943 0.4142
vn -0.1952 0.4548 0.8690
vn 0.8591 -0.0273 -0.5110
vn -0.9549 -0.2501 -0.1603
vn 0.4713 0.8396 0.2701
vn 0.1106 0.1237 0.9861
vn -0.3749 -0.3134 0.8725
vn -0.1910 0.1692 -0.9669
vn 0.2825 0.5804 -0.7637
vn 0.6875 -0.7171 -0.1147
vn 0.3139 -0.6153 0.7232
vn 0.4722 -0.2038 -0.8576
vn -0.7535 0.1655 -0.6363
vn 0.5754 0.6030 0.5525
vn -0.4824 0.0944 0.8708
vn -0.9245 0.0218 0.3805
vn 0.2327 0.1349 -0.9632
vn 0.7789 0.2168 -0.5885
vn 0.1132 -0.9935 0.0156
vn -0.4714 -0.6154 0.6317
vn 0.6045 -0.5081 -0.6135
vn -0.6149 0.3490 -0.7071
vn 0.7117 0.5277 0.4637
vn -0.2991 0.4620 0.8349
vn -0.8529 0.3906 0.3463
vn 0.3374 -0.0978 -0.9363
vn 0.8915 -0.0245 -0.4524
vn -0.1078 -0.9569 0.2695
vn -0.6184 -0.2466 0.7461
vn 0.5125 -0.7131 -0.4784
vn -0.2123 0.9388 -0.2713
vn 0.9781 -0.2054 0.0324
vn 0.6543 0.0835 0.7516
vn -0.0020 0.4162 0.9093
vn -0.0631 -0.1483 -0.9869
vn 0.6080 -0.3494 -0.7129
vn -0.3419 -0.8972 0.2795
vn -0.0955 -0.0563 0.9938
vn -0.1544 -0.5869 -0.7948
vn 0.5059 0.8475 0.1607
vn 0.6355 -0.6849 0.3564
vn 0.0334 -0.3370 0.9409
vn -0.1360 0.4610 0.8769
vn 0.6056 0.3245 -0.7266
vn 0.7113 -0.4649 -0.5272
vn -0.8886 -0.2474 -0.3862
vn -0.5877 0.0280 0.8086
vn 0.2352 -0.1248 -0.9639
vn -0.7057 -0.6535 -0.2738
vn 0.0602 0.9844 -0.1651
vn -0.6789 0.4634 0.5695
vn -0.7925 -0.1064 0.6005
vn 0.0799 -0.4743 -0.8767
vn 0.2913 0.1152 -0.9497
vn 0.6279 -0.5639 0.5365
vn -0.2592 -0.1333 0.9566
vn 0.6951 -0.4657 -0.5477
vn -0.6075 0.5840 -0.5384
vn 0.7047 0.5663 0.4275
vn -0.1335 0.4193 0.8979
vn 0.8467 0.1277 -0.5165
vn -0.0972 -0.9798 0.1746
vn -0.6108 0.7847 0.1055
vn 0.8867 0.4264 0.1785
vn 0.2969 -0.0020 0.9549
vn -0.4450 0.3150 0.8383
vn -0.2949 0.6399 -0.7096
vn 0.4699 0.3682 -0.8023
vn -0.3883 -0.8939 -0.2238
vn -0.1643 -0.3687 0.9149
vn 0.0228 0.0363 -0.9991
vn -0.6778 -0.6141 -0.4044
vn 0.2291 0.9542 -0.1922
vn -0.5866 0.5468 0.5974
vn -0.9137 -0.0209 0.4058
vn 0.2755 -0.5511 -0.7877
vn 0.7118 -0.0348 -0.7015
vn 0.4630 -0.5351 0.7067
vn -0.3064 -0.0457 0.9508
vn 0.8200 -0.5451 -0.1743
vn 0.7288 0.6502 0.2146
vn 0.1406 -0.9106 0.3886
vn -0.3761 -0.1561 0.9133
vn -0.0476 0.5682 0.8215
vn 0.7940 0.0959 -0.6003
vn 0.5008 -0.6495 -0.5721
vn -0.7758 0.2991 -0.5556
vn -0.7442 0.3674 0.5579
vn 0.1630 -0.1441 -0.9760
vn 0.0241 0.9501 -0.3111
vn 0.7934 -0.2589 0.5509
vn -0.1165 0.1533 0.9813
vn -0.3916 0.7524 0.5296
vn 0.4186 0.2757 -0.8653
vn 0.7628 -0.3655 -0.5334
vn -0.7956 -0.5392 -0.2763
vn -0.7410 0.0644 0.6684
vn 0.1550 -0.4632 -0.8726
vn 0.2797 0.9044 0.3223
vn 0.8253 -0.4441 -0.3487
vn 0.6665 -0.5747 0.4749
vn 0.2523 -0.1042 0.9620
vn -0.0946 0.6242 -0.7755
vn 0.3864 0.0088 -0.9223
vn -0.7633 -0.6363 -0.1116
vn -0.0312 -0.5341 0.8449
vn -0.3794 0.1976 -0.9039
vn -0.3407 -0.8678 0.3617
vn -0.0685 0.9961 -0.0558
vn 0.5724 0.3396 0.7463
vn 0.5130 -0.1190 0.8501
vn -0.6783 -0.2882 -0.6759
vn -0.6121 0.1712 -0.7721
vn 0.7796 -0.2328 -0.5814
vn 0.9729 -0.0868 0.2141
vn 0.0454 -0.2176 -0.9750
vn 0.0381 0.9670 -0.2519
vn 0.4928 -0.5945 0.6354
vn -0.0910 -0.1345 0.9867
vn -0.1902 0.7779 0.5989
vn 0.4906 0.2604 -0.8316
vn 0.6016 -0.4408 -0.6661
vn -0.9860 -0.1503 -0.0724
vn -0.5483 0.1952 0.8132
vn -0.0140 -0.3005 -0.9537
vn 0.9179 -0.3957 -0.0286
vn -0.8419 -0.5336 -0.0800
vn -0.0375 -0.5758 0.8167
vn 0.3370 -0.3352 0.8798
vn 0.4276 -0.1187 -0.8961
vn -0.0798 -0.2882 -0.9543
vn 0.1053 0.9793 0.1729
vn 0.2346 0.1481 0.9607
vn 0.1929 0.4588 -0.8674
vn 0.1712 -0.9682 -0.1821
vn -0.9421 0.2989 0.1521
vn -0.2012 -0.0883 0.9756
vn -0.3319 0.2607 -0.9066
vn 0.8707 0.4847 0.0836
vn -0.5909 0.8065 0.0167
vn 0.9883 0.0613 0.1396
vn 0.4370 -0.0631 0.8972
vn -0.2894 0.1064 0.9513
vn -0.0333 0.3340 -0.9420
vn 0.6573 0.1332 -0.7418
vn -0.2061 -0.9682 -0.1417
vn -0.2143 -0.5540 0.8044
vn 0.0215 -0.3464 -0.9379
vn -0.1303 -0.9905 -0.0448
vn -0.5696 0.8159 -0.0990
vn -0.5582 0.2690 0.7849
vn -0.6246 -0.2944 0.7233
vn 0.3525 -0.4272 -0.8326
vn 0.2602 0.2440 -0.9342
vn 0.7352 0.2253 0.6393
vn 0.1591 0.2563 0.9534
vn 0.8578 -0.0127 -0.5139
vn 0.8769 -0.4473 0.1759
vn -0.5852 -0.8106 -0.0229
vn -0.3046 -0.1288 0.9437
vn 0.4683 -0.2437 0.8493
vn 0.7024 -0.3603 -0.6138
vn -0.0045 -0.2869 -0.9580
vn 0.1735 0.9836 -0.0487
vn -0.1332 0.2262 0.9649
vn 0.1767 0.0632 -0.9822
vn -0.8457 0.2271 -0.4829
vn 0.8927 0.3097 0.3274
vn -0.1766 0.3608 0.9158
vn -0.6305 0.3438 0.6959
vn 0.1652 -0.2127 -0.9630
vn 0.6253 -0.2010 -0.7541
vn -0.1021 -0.9562 0.2743
vn -0.3826 -0.3966 0.8345
vn 0.2520 -0.8387 -0.4828
vn -0.9220 0.3211 -0.2166
vn 0.7905 0.5849 -0.1816
vn 0.2419 0.5938 0.7674
vn -0.5201 0.5025 0.6906
vn -0.3864 -0.1833 -0.9039
vn 0.3841 -0.1323 -0.9137
vn 0.0499 -0.9145 0.4014
vn -0.0475 -0.0567 0.9973
vn 0.0928 -0.7617 -0.6412
vn 0.2320 -0.9396 0.2516
vn -0.7902 -0.1899 -0.5827
vn -0.9777 -0.0813 0.1937
vn -0.5315 -0.1555 0.8326
vn 0.6453 -0.2789 -0.7112
vn -0.0843 -0.1746 -0.9810
vn 0.1036 0.9946 0.0023
vn -0.5805 0.2025 0.7887
vn 0.6173 0.0754 -0.7831
vn -0.7004 0.6218 0.3505
vn 0.7122 0.5977 -0.3681
vn 0.7747 0.3386 0.5341
vn 0.0631 0.3065 0.9498
vn -0.7358 0.2907 -0.6117
vn 0.0153 0.3248 -0.9456
vn 0.0583 -0.9981 -0.0173
vn 0.4561 -0.2358 0.8581
vn -0.4286 -0.2550 -0.8668
vn -0.1388 -0.9352 -0.3258
vn -0.3421 0.7993 0.4941
vn 0.2505 -0.0618 0.9661
vn 0.3660 -0.4839 0.7949
vn -0.4115 0.2176 -0.8850
vn -0.4880 0.6031 -0.6310
vn 0.8949 0.3639 -0.2583
vn 0.8792 -0.0316 0.4754
vn 0.2843 0.5062 -0.8142
vn -0.9681 -0.0663 -0.2416
vn 0.4934 0.7660 -0.4121
vn 0.0575 0.8894 0.4535
vn -0.6121 0.4954 0.6164
vn -0.1833 -0.5505 -0.8144
vn 0.4584 -0.0885 -0.8843
vn 0.5247 -0.6047 0.5992
vn -0.0099 0.2890 0.9573
vn 0.4224 -0.7655 -0.4853
vn -0.7576 0.2300 -0.6108
vn 0.3492 0.8919 0.2874
vn -0.4428 0.3432 0.8283
vn -0.9600 0.1427 0.2408
vn 0.0306 0.1437 -0.9891
vn 0.7165 0.3458 -0.6059
vn 0.1589 -0.9786 0.1310
vn -0.5735 -0.2249 0.7877
vn 0.6495 -0.2192 -0.7281
vn 0.0352 0.9221 -0.3855
vn 0.9029 -0.0989 0.4184
vn 0.0268 0.3007 0.9533
vn -0.2585 0.8620 0.4361
vn 0.2989 0.2776 -0.9130
vn 0.6795 -0.3814 -0.6268
vn -0.8573 -0.4965 -0.1364
vn -0.5293 0.2538 0.8095
vn 0.1611 -0.4707 -0.8675
vn -0.2297 0.7823 0.5790
vn 0.8740 0.0445 -0.4839
vn 0.6278 -0.4228 0.6535
vn 0.2153 0.1343 0.9673
vn -0.5038 0.8260 -0.2529
vn -0.2626 0.4397 -0.8589
vn -0.7848 -0.6070 0.1250
vn 0.1013 -0.6479 0.7549
vn -0.7359 0.1574 -0.6586
vn -0.9050 -0.4253 -0.0084
vn 0.1007 0.9840 0.1467
vn -0.2181 0.0649 0.9738
vn -0.4426 -0.3977 0.8037
vn -0.6877 -0.2565 -0.6791
vn -0.7199 0.1849 -0.6690
vn 0.7185 -0.6914 -0.0758
vn 0.4651 -0.2907 0.8362
vn 0.0327 -0.2580 -0.9656
vn 0.1427 0.9881 -0.0571
vn 0.1113 -0.9925 0.0503
vn 0.3780 0.3567 0.8543
vn -0.1831 0.2602 -0.9480
vn -0.8752 0.1694 0.4531
vn 0.3677 -0.9295 0.0281
vn -0.9892 0.0954 -0.1112
vn -0.7473 0.0525 0.6624
vn -0.0708 -0.0669 0.9952
vn 0.1654 -0.0296 -0.9858
vn -0.5728 0.0750 -0.8162
vn 0.7787 0.6187 0.1044
vn -0.0555 0.0014 0.9985
vn 0.1811 0.0385 -0.9827
vn -0.0115 0.8391 0.5439
vn 0.7280 -0.5046 -0.4641
vn 0.4482 -0.6933 0.5643
vn 0.1547 -0.2333 0.9600
vn -0.1579 0.7764 -0.6102
vn 0.1517 0.2802 -0.9479
vn -0.8726 -0.4720 -0.1257
vn -0.3565 -0.7072 0.6105
vn -0.6284 0.1784 -0.7571
vn -0.1798 -0.9835 -0.0218
vn -0.5745 0.8130 0.0949
vn -0.2280 0.4096 0.8833
vn 0.0868 -0.1213 0.9888
vn -0.1167 -0.0376 -0.9925
vn -0.4003 0.4772 -0.7824
vn 0.8474 0.5272 -0.0627
vn 0.5591 0.2617 0.7867
vn 0.3913 0.3287 -0.8596
vn -0.1262 0.9254 -0.3573
vn 0.9874 0.0062 0.1580
vn 0.0018 0.3290 0.9443
vn -0.1951 0.8798 0.4334
vn 0.0235 0.3864 -0.9220
vn 0.2993 -0.3394 -0.8917
vn -0.9387 -0.3438 -0.0263
vn -0.2810 0.2798 0.9180
vn 0.0170 -0.3894 -0.9209
vn -0.2344 -0.9709 0.0495
vn -0.2242 0.9375 0.2663
vn 0.5131 0.0797 0.8546
vn 0.4531 -0.4131 0.7900
vn -0.6144 -0.2327 -0.7539
vn -0.6005 0.2660 -0.7541
vn 0.8219 -0.0326 -0.5687
vn 0.9613 -0.0931 0.2592
vn 0.0959 0.0514 -0.9941
vn -0.4661 -0.8821 0.0680
vn 0.0318 0.9943 0.1018
vn 0.3260 0.1237 0.9372
vn 0.2123 -0.2983 0.9306
vn -0.4316 -0.0984 -0.8967
vn -0.3190 0.3201 -0.8921
vn 0.9092 -0.2414 -0.3393
vn 0.8458 -0.2355 0.4787
vn 0.3518 -0.0824 -0.9324
vn 0.6357 -0.7469 0.1948
vn -0.9128 -0.3695 0.1738
vn -0.1832 0.1952 0.9635
vn 0.4590 -0.2582 0.8501
vn 0.3728 -0.7099 -0.5976
vn -0.2914 -0.3826 -0.8768
vn 0.5601 0.7822 -0.2728
vn 0.1944 0.4897 0.8499
vn 0.0887 -0.0861 -0.9923
vn -0.3490 -0.9187 0.1849
vn -0.3763 0.7937 0.4781
vn 0.3742 0.3272 0.8677
vn 0.5232 -0.4106 0.7467
vn -0.7560 -0.1980 -0.6239
vn -0.7762 0.5170 -0.3608
vn 0.7240 0.2821 -0.6294
vn 0.9312 0.0277 0.3634
vn -0.2800 0.2259 -0.9330
vn 0.9153 0.3079 -0.2598
vn -0.2303 -0.9712 0.0603
vn 0.1313 -0.4753 0.8700
vn 0.6176 0.1133 0.7783
vn 0.1118 0.1289 -0.9853
vn -0.3516 -0.4568 -0.8171
vn -0.7399 0.6348 0.2229
vn -0.0937 0.2830 0.9545
vn -0.5864 0.3004 -0.7523
vn -0.1764 -0.9474 0.2672
vn -0.9059 0.4221 0.0344
vn -0.0687 0.3394 0.9381
vn -0.0052 -0.4454 0.8953
vn -0.2285 -0.8096 -0.5407
vn -0.3581 -0.1336 -0.9241
vn 0.9857 0.0416 -0.1631
vn 0.3566 0.2498 0.9002
vn 0.0661 -0.2255 -0.9720
vn 0.5230 0.7431 -0.4175
vn 0.7840 -0.4041 0.4712
vn 0.1996 0.3235 0.9250
vn 0.1790 0.9116 0.3701
vn 0.4657 0.0047 -0.8849
vn 0.5226 -0.6983 -0.4890
vn -0.9833 -0.1180 -0.1386
vn -0.2761 0.5606 0.7807
vn 0.0864 -0.5859 -0.8058
vn -0.5791 -0.7423 0.3371
vn -0.0730 0.9873 -0.1409
vn 0.2905 0.4895 0.8222
vn 0.1253 -0.0970 0.9874
vn -0.5128 -0.3947 -0.7624
vn -0.3439 0.1924 -0.9191
vn 0.9036 -0.3314 -0.2714
vn 0.8078 -0.0700 0.5853
vn 0.2641 -0.3236 -0.9086
vn -0.5971 -0.6052 -0.5265
vn -0.0896 0.9940 0.0633
vn -0.6020 0.1323 0.7875
vn -0.8290 -0.4150 0.3750
vn 0.1704 -0.2455 -0.9543
vn 0.5629 0.3246 -0.7601
vn 0.6536 -0.6315 0.4171
vn -0.1954 -0.3998 0.8955
vn 0.8458 -0.2253 -0.4835
vn -0.7561 -0.3354 0.5620
vn 0.1664 0.9861 0.0046
vn 0.6357 0.3239 0.7007
vn 0.1681 -0.2610 0.9506
vn -0.9167 -0.0697 -0.3935
vn -0.4917 0.5214 -0.6974
vn 0.5322 -0.6667 -0.5219
vn 0.7873 -0.3748 0.4895
vn -0.3489 -0.1745 -0.9208
vn -0.7660 -0.1731 0.6191
vn 0.4227 0.8829 -0.2046
vn 0.7171 0.0732 0.6931
vn 0.1262 -0.2001 0.9716
vn -0.9507 0.0138 -0.3097
vn -0.5279 0.3228 -0.7856
vn 0.2318 -0.9101 -0.3436
vn 0.6669 -0.5772 0.4714
vn -0.4290 -0.3603 -0.8283
vn -0.2789 -0.9546 -0.1046
vn -0.0562 0.9281 0.3681
vn 0.5708 -0.0610 0.8188
vn 0.5363 -0.4243 0.7296
vn -0.6450 0.0796 -0.7600
vn -0.6023 0.4426 -0.6643
vn 0.7944 0.0630 -0.6042
vn 0.9780 -0.1463 0.1485
vn 0.0916 0.2382 -0.9669
vn 0.1706 0.7646 0.6215
vn 0.4695 -0.4118 -0.7810
vn 0.6367 -0.7218 0.2712
vn 0.5246 -0.3429 0.7793
vn -0.4196 0.8182 -0.3931
vn -0.2784 0.4107 -0.8683
vn -0.8411 -0.5106 0.1782
vn -0.0906 -0.7942 0.6008
vn -0.8965 0.1999 -0.3953
vn 0.9081 -0.0892 0.4092
vn -0.3913 -0.8821 -0.2624
vn -0.5389 -0.4327 0.7227
vn 0.1577 -0.1229 0.9798
vn 0.8499 0.0213 -0.5266
vn 0.2254 -0.2728 -0.9353
vn -0.3558 0.9318 -0.0713
vn -0.5155 0.2472 0.8204
vn 0.2630 0.4122 -0.8723
vn 0.4267 -0.6495 -0.6293
vn -0.6915 -0.5643 0.4510
vn 0.2396 -0.4932 0.8363
vn 0.7848 -0.5776 0.2246
vn -0.3039 -0.1614 -0.9389
vn -0.9160 -0.0554 -0.3973
vn 0.2721 0.9579 0.0912
vn 0.7016 -0.0483 0.7109
vn -0.5912 0.4435 -0.6736
vn -0.9224 0.0455 -0.3836
vn 0.5382 0.8347 -0.1164
vn -0.1718 0.5750 0.7999
vn -0.8275 0.3062 0.4706
vn -0.2729 -0.2492 -0.9292
vn 0.4878 -0.0897 -0.8683
vn 0.1137 -0.9060 0.4078
vn -0.2765 -0.0183 0.9608
vn 0.3645 -0.6622 -0.6547
vn 0.1573 0.9443 -0.2890
vn 0.6633 -0.7246 0.1872
vn 0.3580 -0.0966 0.9287
vn 0.0896 0.5441 0.8342
vn -0.0019 -0.0054 -1.0000
vn 0.2771 -0.5967 -0.7531
vn -0.9085 -0.3844 0.1640
vn -0.4457 0.0336 0.8945
vn -0.5277 -0.4460 -0.7229
vn -0.7260 0.6337 0.2670
vn 0.8325 0.4155 -0.3664
vn 0.5372 0.1238 0.8343
vn -0.1535 0.4359 0.8868
vn -0.7530 0.3607 -0.5503
vn -0.2218 0.0299 -0.9746
vn -0.4219 -0.8778 0.2270
vn 0.1926 -0.2973 0.9352
vn -0.5195 -0.3884 -0.7611
vn -0.0670 -0.9728 -0.2217
vn -0.6946 0.6726 -0.2551
vn -0.7873 0.2460 0.5654
vn -0.4812 -0.3766 0.7916
vn 0.4510 -0.0596 -0.8905
vn 0.0030 0.5161 -0.8565
vn 0.6837 0.5448 0.4855
vn -0.0903 0.1171 0.9890
vn 0.7485 0.4049 -0.5252
vn -0.4975 0.4916 0.7148
vn 0.7896 0.4657 -0.3996
vn 0.9151 -0.1083 0.3883
vn 0.3349 -0.1697 0.9269
vn -0.7438 0.5772 -0.3370
vn -0.1020 0.5923 -0.7992
vn -0.2112 -0.9119 -0.3520
vn 0.4565 -0.7402 0.4938
vn -0.6282 0.0071 -0.7780
vn 0.6581 0.6889 -0.3038
vn 0.1934 -0.9337 -0.3015
vn 0.5728 -0.5658 0.5931
vn 0.7996 0.1998 0.5664
vn -0.1555 0.4724 -0.8675
vn -0.3975 -0.2889 -0.8709
vn -0.7815 0.2505 0.5714
vn 0.1996 -0.0481 0.9787
vn -0.8073 0.2426 -0.5380
vn 0.4809 0.8767 0.0134
vn 0.3364 -0.6444 -0.6867
vn 0.7156 -0.5214 0.4648
vn 0.8132 0.2491 0.5259
vn -0.2171 0.8290 -0.5154
vn -0.5509 0.1971 -0.8109
vn -0.6823 0.0744 0.7273
vn 0.3578 -0.3174 0.8782
vn -0.8624 0.3704 -0.3451
vn -0.2700 -0.8235 -0.4989
vn -0.4806 0.3642 0.7978
vn 0.3198 -0.3482 0.8812
vn 0.4078 -0.8497 0.3340
vn -0.6374 0.1526 -0.7553
vn -0.7259 0.6549 -0.2102
vn 0.8093 0.4912 -0.3221
vn 0.8999 -0.2396 0.3643
vn -0.1031 0.7239 -0.6821
vn -0.2933 -0.8805 0.3724
vn -0.8973 0.3873 -0.2120
vn -0.5863 0.5541 0.5909
vn -0.1695 -0.0203 0.9853
vn -0.0856 -0.7455 -0.6610
vn -0.5140 -0.0802 -0.8540
vn 0.8269 0.5299 -0.1882
vn 0.0859 0.4800 0.8730
vn 0.1751 -0.3166 -0.9323
vn 0.5702 0.6978 -0.4334
vn 0.4850 -0.6903 0.5369
vn 0.2376 0.0193 0.9712
vn 0.0290 0.7048 0.7088
vn 0.1990 -0.4229 -0.8840
vn 0.3717 -0.8784 -0.3006
vn -0.9511 -0.2891 0.1089
vn -0.4473 0.4198 0.7897
vn -0.2903 -0.6426 -0.7091
vn 0.0188 0.9061 0.4227
vn 0.5200 -0.5414 -0.6606
vn 0.5443 -0.6616 0.5158
vn 0.3960 -0.1091 0.9117
vn -0.6506 0.5830 -0.4866
vn -0.4911 0.0195 -0.8709
vn -0.7377 -0.5489 0.3931
vn 0.0496 -0.5890 0.8066
vn -0.9156 -0.0127 -0.4018
vn -0.1638 -0.9250 -0.3430
vn -0.5768 0.4717 0.6669
vn 0.8287 0.4452 -0.3392
vn 0.8587 -0.1217 0.4979
vn -0.0900 0.5480 -0.8317
vn 0.7571 -0.5050 -0.4143
vn -0.7078 -0.5153 0.4832
vn 0.2431 -0.1031 0.9645
vn 0.8453 -0.2085 0.4919
vn -0.0250 -0.3428 -0.9391
vn -0.7306 -0.2497 -0.6355
vn 0.0995 0.9840 -0.1481
vn 0.5109 0.4915 0.7053
vn -0.4287 0.3481 -0.8337
vn -0.1773 0.9574 0.2278
vn 0.7773 -0.1670 -0.6065
vn 0.8855 -0.1442 0.4417
vn 0.4375 0.4081 0.8013
vn -0.6118 0.5421 -0.5760
vn -0.1987 -0.0040 -0.9800
vn -0.5879 -0.7135 0.3812
vn 0.3222 -0.3540 0.8780
vn -0.7890 -0.2121 -0.5766
vn -0.9455 -0.3192 -0.0646
vn 0.3586 0.8906 -0.2797
vn 0.0060 0.7491 0.6625
vn -0.4826 0.2473 0.8402
vn -0.1180 -0.4494 -0.8855
vn 0.3388 0.1065 -0.9348
vn 0.7423 -0.5501 0.3826
vn 0.2199 0.0320 0.9750
vn 0.5450 -0.6006 -0.5850
vn 0.5469 -0.5032 -0.6691
vn -0.8032 -0.2936 0.5183
vn 0.1711 -0.4282 0.8873
vn 0.7400 -0.4820 0.4691
vn -0.3777 0.1451 -0.9145
vn -0.8882 0.1667 -0.4282
vn 0.2449 0.9412 0.2329
vn 0.6304 0.2224 0.7438
vn -0.3693 0.7858 -0.4962
vn -0.3476 -0.8464 0.4035
vn -0.4786 0.8679 -0.1331
vn 0.1134 0.5888 0.8003
vn 0.1117 -0.0998 0.9887
vn -0.4249 -0.6526 -0.6274
vn -0.4462 0.0109 -0.8949
vn 0.9552 -0.0952 -0.2802
vn 0.7581 0.2098 0.6175
vn 0.2487 -0.3113 -0.9172
vn -0.4056 0.8188 -0.4063
vn 0.9823 0.1237 0.1407
vn 0.2444 0.3863 0.8894
vn -0.3670 0.7654 0.5286
vn -0.0835 0.1583 -0.9839
vn 0.5555 -0.2892 -0.7796
vn -0.6298 -0.7529 0.1912
vn -0.3698 0.0994 0.9238
vn -0.0430 -0.5973 -0.8009
vn -0.7912 -0.0056 0.6115
vn 0.5739 0.8166 -0.0623
vn 0.6466 -0.2372 0.7250
vn -0.0426 -0.2751 0.9605
vn -0.9426 0.2678 -0.1997
vn -0.4934 0.4509 -0.7438
vn -0.1031 -0.9295 -0.3541
vn 0.4748 -0.7148 0.5135
vn -0.5621 -0.0896 -0.8222
vn -0.6209 0.5924 0.5133
vn 0.6132 0.6368 -0.4674
vn 0.7379 0.1050 0.6667
vn 0.0496 0.3807 0.9234
vn -0.8774 0.4160 -0.2390
vn -0.4873 0.1471 -0.8608
vn -0.3288 -0.9130 0.2416
vn 0.5423 -0.2173 0.8116
vn -0.6783 -0.1772 -0.7131
vn 0.8340 -0.2929 -0.4676
vn -0.8020 -0.2198 0.5554
vn 0.4017 0.1278 0.9068
vn 0.7690 0.0571 0.6367
vn -0.2224 -0.2571 -0.9404
vn -0.6389 -0.1989 -0.7431
vn 0.0481 0.9733 -0.2245
vn 0.4263 0.7651 0.4826
vn -0.3697 0.5126 -0.7749
vn 0.7163 0.5584 -0.4185
vn 0.5330 -0.6413 0.5519
vn 0.2223 0.2413 0.9447
vn 0.3773 0.8366 0.3971
vn 0.4430 -0.1993 -0.8741
vn 0.2901 -0.8635 -0.4126
vn -0.9766 0.1416 -0.1621
vn -0.2360 0.6465 0.7255
vn -0.1599 -0.5906 -0.7910
vn 0.9610 -0.0765 -0.2659
vn -0.6875 -0.5008 0.5259
vn 0.0703 0.3388 0.9382
vn 0.6042 0.4308 0.6704
vn 0.1051 -0.4908 -0.8649
vn -0.4462 -0.6160 -0.6492
vn -0.3418 0.8512 -0.3984
vn 0.0048 0.9103 0.4138
vn -0.4203 0.1216 -0.8992
vn -0.8226 -0.5681 0.0232
vn 0.4820 0.8373 -0.2580
vn -0.2280 0.4962 0.8377
vn -0.5322 0.2080 0.8207
vn -0.0251 -0.5889 -0.8078
vn 0.3072 -0.3459 -0.8865
vn 0.5688 -0.6531 0.4999
vn 0.1751 -0.1129 0.9780
vn 0.5769 -0.7510 -0.3213
vn -0.6825 0.6620 -0.3100
vn 0.9668 0.1462 -0.2096
vn 0.5114 0.5253 0.6800
vn -0.2264 0.7679 0.5992
vn -0.4212 -0.1338 -0.8971
vn 0.3055 -0.4047 -0.8619
vn -0.3288 -0.7860 0.5235
vn -0.0439 0.1167 0.9922
vn -0.2450 -0.8089 -0.5345
vn -0.4059 0.7736 -0.4866
vn 0.9747 0.1419 -0.1727
vn 0.1982 0.5669 0.7996
vn -0.2309 0.9366 0.2635
vn -0.3327 0.1218 -0.9351
vn 0.0618 -0.5406 -0.8390
vn -0.8304 -0.4231 0.3625
vn -0.0626 0.4775 0.8764
vn -0.2008 -0.6251 -0.7543
vn 0.1354 0.8586 -0.4944
vn 0.7282 -0.6322 -0.2646
vn 0.8499 -0.0065 0.5269
vn 0.5600 0.7416 0.3693
vn -0.4135 0.1648 -0.8955
vn -0.1519 -0.6030 -0.7831
vn -0.7470 -0.1500 0.6477
vn 0.3251 0.2779 0.9039
vn -0.7687 -0.3681 -0.5231
vn -0.9066 -0.3063 0.2904
vn 0.1702 0.7978 -0.5784
vn 0.1427 0.9118 0.3850
vn -0.1966 0.4723 0.8593
vn -0.3180 -0.6440 -0.6958
vn 0.0356 -0.0748 -0.9966
vn 0.8895 -0.3993 0.2220
vn 0.4943 0.3072 0.8132
vn 0.3802 -0.7044 -0.5994
vn 0.7392 0.2567 -0.6226
vn 0.1220 -0.8441 0.5221
vn 0.4242 -0.1072 0.8992
vn 0.5921 0.5576 0.5818
vn -0.2670 -0.4433 -0.8557
vn -0.2776 -0.9228 -0.2671
vn -0.8942 0.3314 0.3008
vn 0.0387 0.6055 0.7949
vn -0.7650 -0.3351 -0.5499
vn -0.8573 0.4407 -0.2663
vn 0.7355 0.5000 -0.4571
vn 0.3474 0.7572 0.5531
vn -0.4579 0.7554 0.4686
vn -0.5717 -0.2257 -0.7888
vn 0.2155 -0.3777 -0.9005
vn -0.1072 -0.7787 0.6182
vn 0.0400 0.3754 0.9260
vn -0.0966 -0.8048 -0.5856
vn -0.8478 -0.5005 0.1750
vn 0.1888 0.8192 -0.5415
vn -0.0983 0.8176 0.5674
vn -0.5071 0.3173 0.8013
vn -0.1918 -0.7269 -0.6594
vn 0.2267 -0.2567 -0.9395
vn 0.7770 -0.4194 0.4694
vn 0.2878 0.2427 0.9264
vn 0.5736 -0.7104 -0.4078
vn -0.9065 0.3082 -0.2885
vn 0.6627 0.5824 -0.4709
vn 0.1234 0.7552 0.6438
vn -0.6128 0.6898 0.3855
vn -0.5774 -0.2835 -0.7657
vn 0.1677 -0.5067 -0.8456
vn -0.2052 -0.7491 0.6299
vn -0.0730 0.4286 0.9005
vn -0.0280 -0.8197 -0.5721
vn -0.2255 -0.8097 0.5419
vn -0.7252 0.4525 -0.5190
vn -0.5720 0.7345 0.3651
vn -0.2644 0.3027 0.9157
vn 0.1230 -0.8071 -0.5775
vn -0.2326 -0.2343 -0.9439
vn 0.8627 0.4861 -0.1398
vn 0.1923 0.7372 0.6477
vn 0.5571 -0.3139 -0.7689
vn 0.5259 0.6406 -0.5595
vn 0.7516 -0.5116 0.4164
vn 0.4500 0.2339 0.8619
vn 0.2849 0.8796 0.3810
vn 0.2424 -0.2415 -0.9396
vn 0.4135 -0.8247 -0.3859
vn -0.9732 -0.1569 0.1680
vn -0.1345 0.6118 0.7795
vn -0.1813 -0.6626 -0.7267
vn -0.9573 -0.0466 0.2853
vn 0.4524 0.6352 -0.6260
vn 0.3898 0.8440 0.3683
vn -0.0771 0.5778 0.8125
vn -0.4583 -0.6023 -0.6536
vn 0.0431 -0.2354 -0.9709
vn 0.6997 -0.6332 0.3309
vn 0.5431 0.1752 0.8212
vn 0.2106 -0.8596 -0.4656
vn 0.1156 -0.8967 0.4272
vn -0.9171 -0.0627 -0.3938
vn -0.8873 0.2310 0.3992
vn -0.3290 0.0349 0.9437
vn 0.4119 -0.6277 -0.6606
vn -0.2837 -0.3127 -0.9065
vn 0.4068 0.8957 -0.1797
vn -0.2974 0.5310 0.7934
vn 0.4726 -0.1559 -0.8674
vn 0.7983 -0.3789 0.4681
vn -0.7963 -0.5000 0.3405
vn -0.4565 0.3747 0.8070
vn 0.3569 0.3396 0.8702
vn 0.5420 -0.7687 -0.3396
vn -0.2569 -0.8237 -0.5054
vn 0.1138 0.7436 -0.6589
vn -0.0759 0.8481 0.5243
vn 0.1370 -0.4429 -0.8860
vn -0.7440 0.3548 -0.5662
vn 0.8065 0.2189 0.5492
vn -0.3113 0.1566 0.9373
vn -0.7415 0.1834 0.6454
vn 0.3662 0.0030 -0.9305
vn 0.7836 -0.0259 -0.6207
vn -0.1028 -0.9935 0.0491
vn -0.5062 -0.5636 0.6528
vn 0.3782 -0.7090 -0.5952
vn -0.3867 -0.7994 0.4598
vn -0.5135 0.5154 -0.6861
vn -0.5363 0.7400 0.4060
vn -0.5166 0.1145 0.8485
vn 0.1259 -0.9110 -0.3928
vn 0.1555 -0.3610 -0.9195
vn 0.9259 0.2181 0.3085
vn 0.0943 0.6239 0.7758
vn 0.7577 -0.4250 -0.4952
vn -0.5581 -0.6504 -0.5153
vn -0.2516 0.9541 -0.1623
vn -0.6885 0.4542 0.5654
vn -0.8337 -0.3240 0.4472
vn 0.3339 -0.2548 -0.9075
vn 0.4329 0.5236 -0.7338
vn 0.7463 -0.2228 0.6272
vn -0.3310 -0.1194 0.9361
vn 0.8800 -0.0449 -0.4729
vn -0.6653 -0.7439 -0.0632
vn 0.0474 0.9426 -0.3307
vn -0.3685 0.7156 0.5934
vn -0.5779 0.1473 0.8027
vn 0.2779 -0.4787 -0.8328
vn 0.4115 0.1477 -0.8994
vn 0.8617 -0.1102 0.4954
vn 0.1442 0.1956 0.9700
vn 0.8567 -0.3278 -0.3982
vn -0.8240 -0.5524 0.1255
vn 0.1462 0.9217 0.3593
vn 0.4089 -0.1911 0.8924
vn -0.1393 -0.6287 0.7651
vn -0.7813 0.0133 -0.6241
vn -0.3490 0.5655 -0.7473
vn 0.5739 -0.6103 -0.5460
vn 0.6223 -0.6396 0.4512
vn -0.0469 0.0296 -0.9985
vn -0.7062 -0.1135 -0.6989
vn -0.0413 0.9074 0.4183
vn -0.6242 -0.1562 0.7655
vn -0.9378 -0.3371 0.0828
vn 0.0292 0.1946 -0.9805
vn 0.6122 0.5199 -0.5957
vn 0.4558 -0.8897 -0.0254
vn -0.4446 -0.6182 0.6482
vn 0.7484 0.0334 -0.6624
vn -0.8479 -0.2367 -0.4745
vn 0.5708 0.7733 -0.2761
vn -0.2601 0.8453 0.4668
vn -0.8594 0.4100 0.3056
vn 0.0332 -0.6377 -0.7696
vn 0.6883 -0.2699 -0.6733
vn 0.2076 -0.6055 0.7683
vn -0.3533 0.2433 0.9033
vn 0.5505 -0.8149 -0.1811
vn 0.2444 -0.8351 0.4929
vn 0.6865 0.3138 0.6559
vn 0.9959 0.0695 -0.0576
vn 0.7342 -0.6145 -0.2886
vn -0.4619 -0.3106 0.8308
vn -0.0972 0.3478 0.9325
vn -0.0616 0.9453 -0.3203
vn 0.6287 0.2604 -0.7327
vn -0.6780 0.5916 0.4363
vn -0.6533 -0.4810 -0.5847
vn 0.1951 -0.4243 -0.8843
vn -0.9685 -0.1360 0.2085
vt 49.990002 -5.218530
vt 49.969700 -5.233970
vt 50.000900 -5.253940
vt 50.010201 -5.169580
vt 50.007702 -5.182890
vt 50.018299 -5.172920
vt 50.000801 -5.172260
vt 50.000999 -4.858080
vt 50.000900 -4.841210
vt 49.991299 -4.834680
vt 49.986900 -4.803310
vt 49.982101 -4.822660
vt 49.999699 -5.300810
vt 50.001999 -4.717960
vt 49.999100 -4.748700
vt 50.012199 -4.761780
vt 50.000099 -4.867530
vt 50.002399 -4.876330
vt 50.014198 -4.849480
vt 50.005402 -5.116850
vt 49.989498 -5.148540
vt 50.004200 -5.139850
vt 50.015701 -4.836740
vt 49.988300 -4.857640
vt 50.002300 -5.089390
vt 49.995399 -5.072300
vt 49.988800 -5.098740
vt 49.997700 -4.889760
vt 50.008400 -4.898970
vt 50.006401 -4.887740
vt 50.000900 -4.902850
vt 49.999401 -5.150730
vt 49.984501 -5.158270
vt 49.993801 -5.181370
vt 50.011902 -5.025790
vt 50.016899 -5.014540
vt 50.000301 -5.032220
vt 50.002201 -5.058610
vt 49.999100 -5.028040
vt 49.999699 -5.013580
vt 50.019299 -4.895340
vt 49.981300 -4.898430
vt 49.991901 -4.927760
vt 50.000900 -4.918500
vt 49.988899 -4.911100
vt 50.071499 -4.793820
vt 50.084801 -4.774250
vt 50.066002 -4.765360
vt 50.047798 -4.772770
vt 50.001202 -4.913660
vt 50.001202 -4.942280
vt 50.010201 -4.920220
vt 50.014999 -4.926060
vt 50.010201 -5.068670
vt 49.989101 -4.930480
vt 49.995998 -4.986460
vt 50.011799 -4.972430
vt 50.001099 -4.999050
vt 50.013199 -4.996970
vt 50.012001 -5.116940
vt 49.917500 -4.748910
vt 49.908798 -4.737790
vt 49.885300 -4.760780
vt 49.903599 -4.773490
vt 50.012798 -5.138790
vt 49.989101 -5.193500
vt 50.003201 -5.197490
vt 50.000099 -5.235670
vt 50.020500 -5.225770
vt 49.984798 -4.770800
vt 49.995800 -4.788870
vt 49.992199 -4.779280
vt 50.030300 -5.212950
vt 49.999599 -4.809330
vt 50.000301 -4.822400
vt 50.015499 -4.802270
vt 50.015499 -4.817610
vt 50.001400 -4.838060
vt 50.008598 -4.844890
vt 50.015301 -4.787940
vt 50.009201 -4.795490
vt 50.020000 -4.809270
vt 49.990101 -4.820900
vt 49.999599 -4.863120
vt 50.147099 -5.008340
vt 50.156601 -5.012490
vt 50.155499 -4.998630
vt 49.885300 -5.013950
vt 49.908798 -5.014650
vt 49.891701 -5.008630
vt 50.141998 -5.001930
vt 50.120998 -5.001580
vt 50.107101 -5.010590
vt 50.135700 -4.995480
vt 49.917099 -4.984540
vt 49.932598 -4.992180
vt 49.952099 -4.987650
vt 50.137600 -4.987260
vt 50.118000 -4.987740
vt 50.133301 -5.015280
vt 50.047001 -4.995660
vt 50.071098 -5.000990
vt 50.050999 -4.985680
vt 50.038601 -5.008670
vt 50.046101 -5.018620
vt 50.063202 -5.010930
vt 50.152100 -4.999150
vt 49.945202 -5.013250
vt 49.967499 -5.015360
vt 49.967899 -4.999300
vt 49.974899 -4.983940
vt 49.990799 -4.990920
vt 50.028702 -4.984960
vt 49.984798 -5.004620
vt 50.084999 -5.002860
vt 50.163700 -4.998430
vt 49.865601 -5.012220
vt 49.860100 -4.999140
vt 49.820099 -4.999990
vt 50.156601 -5.015540
vt 50.164001 -5.016790
vt 50.167400 -5.001080
vt 49.950100 -4.999370
vt 49.935799 -4.989280
vt 49.929699 -5.001240
vt 49.926800 -5.019300
vt 49.921799 -4.990640
vt 49.951199 -4.997690
vt 49.942501 -5.010210
vt 49.948399 -5.014970
vt 50.020802 -5.235670
vt 50.014900 -5.218530
vt 49.996498 -5.253940
vt 49.862400 -4.790640
vt 49.844501 -4.793620
vt 49.846500 -4.810810
vt 49.907299 -4.746570
vt 49.882000 -4.780050
vt 49.897202 -4.770800
vt 49.999401 -5.158270
vt 49.992298 -5.175480
vt 50.000702 -5.181370
vt 49.847900 -4.784770
vt 49.928902 -4.737710
vt 49.926701 -4.762500
vt 49.949001 -4.744310
vt 49.993301 -5.233970
vt 49.974400 -5.231450
vt 49.979599 -5.300810
vt 50.114399 -4.732410
vt 50.098099 -4.725360
vt 50.104301 -4.762190
vt 50.036400 -5.028040
vt 50.016399 -5.026310
vt 50.029202 -5.032220
vt 50.015598 -4.741520
vt 50.009201 -4.733090
vt 49.971298 -4.749290
vt 50.064999 -4.699190
vt 50.032101 -4.717270
vt 50.047901 -4.726220
vt 49.975800 -4.738240
vt 49.952999 -4.740040
vt 49.915001 -4.737940
vt 49.822498 -4.825460
vt 49.810101 -4.857730
vt 49.820202 -4.847300
vt 50.011299 -4.720820
vt 49.993500 -4.718120
vt 50.073502 -4.719900
vt 50.067402 -4.733980
vt 50.113201 -4.772770
vt 50.122700 -4.776180
vt 50.119701 -4.761610
vt 49.976799 -4.725020
vt 50.025101 -4.732360
vt 50.082901 -4.745760
vt 50.104599 -4.771800
vt 50.020901 -5.018000
vt 49.890202 -4.752730
vt 50.044899 -4.741720
vt 50.107800 -4.708370
vt 50.128899 -4.788770
vt 50.111198 -4.781870
vt 50.150200 -4.772340
vt 50.189899 -4.789450
vt 49.996300 -5.135850
vt 49.987499 -5.159720
vt 50.002499 -5.148540
vt 49.836300 -4.794350
vt 50.139900 -4.748700
vt 50.144501 -4.717960
vt 50.089802 -4.878790
vt 50.111000 -4.867530
vt 50.095100 -4.865310
vt 50.111401 -4.876330
vt 50.091202 -4.885620
vt 50.154598 -4.806480
vt 50.110600 -4.803310
vt 50.129101 -4.812460
vt 50.069500 -4.898430
vt 50.087502 -4.889760
vt 50.078201 -4.882490
vt 50.010899 -5.172260
vt 50.015099 -5.150730
vt 50.104698 -4.857640
vt 50.134602 -4.834110
vt 50.117699 -4.834680
vt 50.131001 -4.858080
vt 50.056702 -4.942280
vt 50.055199 -4.927760
vt 50.048901 -4.930480
vt 50.037998 -4.986460
vt 50.039001 -4.999050
vt 50.056301 -4.983920
vt 50.179901 -4.746690
vt 50.008301 -5.049970
vt 49.864300 -4.774580
vt 49.858002 -4.783180
vt 50.088799 -4.913660
vt 50.063599 -4.911100
vt 49.810101 -4.879560
vt 49.982201 -5.181190
vt 50.039501 -5.013580
vt 50.017601 -5.116850
vt 50.003101 -5.098740
vt 50.029900 -4.984520
vt 50.034100 -4.955240
vt 50.123501 -4.841210
vt 50.103001 -4.845190
vt 50.053600 -4.918110
vt 50.011200 -5.197490
vt 49.985001 -5.068240
vt 49.989601 -5.084960
vt 50.016899 -5.072300
vt 50.001900 -5.012310
vt 50.031898 -4.765150
vt 50.019600 -5.000210
vt 50.092999 -4.840360
vt 50.079399 -4.853610
vt 49.982700 -5.129520
vt 49.845501 -4.820900
vt 49.821499 -4.863120
vt 50.093498 -4.805940
vt 50.076698 -4.799570
vt 50.064201 -4.891820
vt 50.053101 -4.901080
vt 50.049900 -4.887070
vt 50.082401 -4.800230
vt 50.048801 -4.910240
vt 50.036400 -4.926530
vt 49.989700 -5.202090
vt 50.104301 -4.816160
vt 50.078300 -4.866720
vt 50.025501 -4.951270
vt 50.033298 -4.785800
vt 50.014400 -4.754670
vt 49.965698 -5.224420
vt 50.015301 -4.992590
vt 50.010201 -5.022670
vt 50.116798 -4.822660
vt 49.902100 -4.788870
vt 49.879200 -4.792440
vt 50.006599 -4.761190
vt 49.990700 -4.763100
vt 50.089199 -4.815990
vt 49.901402 -4.779280
vt 49.976200 -4.766260
vt 49.950199 -4.770520
vt 49.924900 -4.775210
vt 49.833401 -4.822570
vt 49.999599 -5.193500
vt 49.876202 -4.804520
vt 49.866299 -4.809330
vt 49.855999 -4.822400
vt 50.009899 -5.139850
vt 49.999001 -4.825460
vt 49.993900 -4.853380
vt 50.002602 -4.857730
vt 49.998901 -4.808760
vt 50.014400 -4.822570
vt 49.983200 -4.819760
vt 50.004398 -4.847300
vt 50.001900 -4.879560
vt 50.016399 -5.231450
vt 50.000702 -5.224420
vt 49.997799 -5.265840
vt 49.987499 -4.801260
vt 50.001598 -4.794350
vt 49.991402 -4.844890
vt 49.997101 -4.737940
vt 49.982899 -4.768810
vt 50.000900 -4.746570
vt 50.015999 -4.810810
vt 49.991699 -4.791410
vt 50.001400 -4.793620
vt 50.000801 -4.784770
vt 50.000900 -4.752730
vt 49.998402 -4.769220
vt 50.012299 -4.780050
vt 49.984501 -4.817610
vt 49.980000 -4.809270
vt 49.980999 -5.221510
vt 50.011700 -5.135850
vt 49.999199 -5.129520
vt 49.997200 -5.148180
vt 49.998901 -5.022670
vt 50.010399 -5.026310
vt 49.998798 -5.012310
vt 49.990700 -5.150710
vt 49.992298 -5.182890
vt 49.981701 -5.172920
vt 49.997101 -5.068240
vt 49.989399 -5.114180
vt 49.998901 -5.084960
vt 49.983101 -5.014540
vt 49.988098 -5.025790
vt 50.000301 -5.300810
vt 49.999500 -4.951270
vt 49.988201 -4.972430
vt 49.999500 -4.992590
vt 50.006599 -5.000210
vt 50.013100 -5.018000
vt 50.007401 -4.799570
vt 50.008400 -4.774250
vt 49.999298 -4.793820
vt 50.000500 -5.181190
vt 50.004101 -5.159720
vt 49.992100 -4.800580
vt 49.990002 -4.765360
vt 50.002300 -4.910240
vt 49.998100 -4.901080
vt 49.989799 -4.920220
vt 50.011101 -4.911100
vt 50.010700 -4.891820
vt 50.009602 -5.049970
vt 50.000599 -4.887070
vt 50.018700 -4.898430
vt 50.009399 -4.882490
vt 49.999401 -4.866720
vt 49.998798 -4.879450
vt 49.981701 -4.877230
vt 49.993500 -4.856360
vt 49.985802 -4.849480
vt 50.007301 -4.845190
vt 49.995399 -4.823010
vt 49.995201 -4.840360
vt 49.998901 -4.853610
vt 50.015099 -4.765150
vt 49.999298 -4.770060
vt 49.999401 -4.785800
vt 50.011700 -4.857640
vt 50.017899 -4.822660
vt 50.017300 -4.741520
vt 50.000401 -4.761190
vt 50.011700 -4.754670
vt 50.007599 -4.816160
vt 49.999199 -4.815990
vt 50.010101 -4.805940
vt 49.997200 -4.800230
vt 49.980499 -4.748910
vt 49.979801 -4.773490
vt 49.969700 -5.212950
vt 50.010502 -5.148540
vt 50.015499 -5.158270
vt 50.007500 -5.202090
vt 50.010899 -5.193500
vt 49.996498 -5.000930
vt 50.007500 -5.020500
vt 50.020802 -5.000080
vt 49.981800 -5.002250
vt 50.087502 -4.997660
vt 50.111401 -5.002360
vt 50.091202 -4.989780
vt 50.063599 -4.988860
vt 50.067699 -5.000870
vt 50.088799 -5.001200
vt 50.087299 -5.006420
vt 50.090099 -5.018310
vt 50.123501 -5.000940
vt 50.110401 -5.015690
vt 50.134602 -5.002240
vt 50.078201 -4.990640
vt 50.081001 -5.011270
vt 50.082401 -5.002750
vt 50.076401 -5.007880
vt 50.096401 -5.020150
vt 50.111198 -4.983730
vt 50.076698 -4.992560
vt 50.097599 -5.004600
vt 50.104301 -4.992390
vt 50.089199 -5.000750
vt 50.026199 -5.000690
vt 50.014400 -4.988270
vt 50.006599 -4.999640
vt 49.888699 -5.008350
vt 49.879200 -4.998120
vt 49.866501 -5.009160
vt 49.926701 -4.982960
vt 49.901402 -4.992220
vt 49.950199 -4.998380
vt 49.971298 -4.984960
vt 49.990700 -5.002300
vt 50.015598 -4.982730
vt 50.031898 -4.984900
vt 50.071499 -5.000730
vt 49.902100 -4.995800
vt 49.876202 -5.001290
vt 49.866299 -4.999590
vt 49.856300 -5.015510
vt 49.956501 -5.013540
vt 49.976200 -4.998520
vt 49.927101 -5.020000
vt 49.953899 -5.018620
vt 49.924900 -5.008660
vt 49.855999 -5.000350
vt 49.843399 -5.015540
vt 49.849098 -5.019960
vt 49.845501 -4.990080
vt 49.836399 -5.001360
vt 49.816002 -5.006150
vt 49.822899 -5.008570
vt 50.003502 -5.212950
vt 49.992500 -5.225770
vt 50.018200 -5.265840
vt 50.133301 -4.787940
vt 50.107101 -4.764880
vt 50.101700 -4.768810
vt 50.120998 -4.769220
vt 50.109798 -4.752730
vt 50.152100 -4.784770
vt 50.147099 -4.791410
vt 50.177101 -4.844890
vt 50.183998 -4.853380
vt 50.177502 -4.825460
vt 50.092701 -4.746570
vt 50.015701 -5.221510
vt 50.143700 -4.802270
vt 50.063202 -4.748020
vt 50.046101 -4.749360
vt 50.072899 -4.765020
vt 50.023201 -4.725020
vt 50.006500 -4.718120
vt 50.038601 -4.740850
vt 49.926498 -4.719900
vt 49.945202 -4.727410
vt 49.880901 -4.802540
vt 49.882500 -4.814110
vt 49.894100 -4.804300
vt 50.071098 -4.737710
vt 49.984798 -4.729050
vt 49.975498 -4.738850
vt 49.995499 -4.743910
vt 50.027802 -4.749110
vt 49.988701 -4.720820
vt 49.967499 -4.730630
vt 50.084999 -4.737940
vt 49.967899 -4.717270
vt 49.845402 -4.806480
vt 50.156601 -4.801260
vt 50.150902 -4.809270
vt 50.013000 -4.746640
vt 49.935001 -4.699190
vt 49.868999 -4.858080
vt 49.891899 -4.849480
vt 49.876499 -4.841210
vt 49.892200 -4.708370
vt 49.891701 -4.755000
vt 49.885601 -4.732410
vt 49.849800 -4.772340
vt 49.810101 -4.789450
vt 49.886200 -4.791580
vt 49.977299 -5.014540
vt 49.989799 -5.022670
vt 49.998100 -5.012310
vt 49.885601 -4.774550
vt 49.963600 -5.028040
vt 49.970798 -5.032220
vt 49.888599 -4.876330
vt 49.909901 -4.877230
vt 49.865601 -4.761780
vt 49.912701 -4.887740
vt 49.926800 -4.895340
vt 49.918999 -4.880830
vt 49.976398 -5.058610
vt 49.985500 -5.033350
vt 49.978199 -5.025790
vt 49.982399 -5.116850
vt 49.990101 -5.139850
vt 49.994301 -5.116940
vt 50.001701 -5.138790
vt 49.855499 -4.717960
vt 49.932301 -4.918500
vt 49.943298 -4.942280
vt 49.942501 -4.920220
vt 49.889599 -4.836740
vt 49.865398 -4.834110
vt 50.006901 -5.114180
vt 50.012100 -5.148180
vt 50.017300 -5.129520
vt 49.960999 -4.999050
vt 49.969299 -4.972430
vt 49.943699 -4.983920
vt 49.960300 -4.750600
vt 50.003502 -5.253940
vt 50.020401 -5.300810
vt 49.911201 -4.913660
vt 49.921700 -4.898970
vt 49.984901 -5.150730
vt 49.989101 -5.172260
vt 50.001801 -5.182890
vt 50.017799 -5.181190
vt 49.889000 -4.867530
vt 49.986301 -5.068670
vt 49.820099 -4.746690
vt 49.917599 -4.800230
vt 50.008801 -5.150710
vt 49.920601 -4.853610
vt 49.901699 -4.856360
vt 49.999599 -5.172920
vt 50.014999 -5.068240
vt 50.111301 -4.795100
vt 49.972000 -4.996970
vt 49.984699 -4.992590
vt 49.907001 -4.840360
vt 49.959499 -4.761740
vt 49.966702 -4.785800
vt 49.973801 -4.770060
vt 49.993099 -5.169580
vt 49.950100 -4.887070
vt 49.923599 -4.800580
vt 49.914101 -4.765360
vt 49.963600 -4.926530
vt 49.974499 -4.951270
vt 49.929699 -4.879450
vt 49.988800 -5.197490
vt 49.948399 -4.926060
vt 49.952202 -4.772770
vt 49.928501 -4.793820
vt 49.933601 -4.760020
vt 49.986099 -5.089390
vt 49.921700 -4.866720
vt 49.902401 -4.823010
vt 49.951199 -4.910240
vt 50.043499 -4.760630
vt 50.075100 -4.775210
vt 49.910801 -4.815990
vt 50.133499 -4.795490
vt 49.993401 -4.761190
vt 50.156601 -4.817610
vt 50.164001 -4.819760
vt 50.009300 -4.763100
vt 50.023800 -4.766260
vt 50.178501 -4.863120
vt 50.189899 -4.879560
vt 50.123798 -4.804520
vt 50.120800 -4.792440
vt 50.163601 -4.838060
vt 50.144001 -4.822400
vt 50.009602 -4.955240
s 1
usemtl Meshpart1Mtl.001
f 2645/1/1 2646/2/2 3/2/3 1/1/4
f 2646/2/2 2645/1/1 2/1/5 4/2/6
f 2646/2/2 2647/3/7 5/3/8 3/2/3
f 2647/3/7 2646/2/2 4/2/6 6/3/9
f 2647/3/7 2645/1/1 1/1/4 5/3/8
f 2645/1/1 2647/3/7 6/3/9 2/1/5
f 2648/4/10 2649/5/11 9/5/12 7/4/13
f 2649/5/11 2648/4/10 8/4/14 10/5/15
f 2649/5/11 2650/6/16 11/6/17 9/5/12
f 2650/6/16 2649/5/11 10/5/15 12/6/18
f 2650/6/16 2648/4/10 7/4/13 11/6/17
f 2648/4/10 2650/6/16 12/6/18 8/4/14
f 2651/7/19 2652/5/20 15/5/21 13/7/22
f 2652/5/20 2651/7/19 14/7/23 16/5/24
f 2652/5/20 2653/4/25 17/4/26 15/5/21
f 2653/4/25 2652/5/20 16/5/24 18/4/27
f 2653/4/25 2651/7/19 13/7/22 17/4/26
f 2651/7/19 2653/4/25 18/4/27 14/7/23
f 2654/8/28 2655/9/29 21/9/30 19/8/31
f 2655/9/29 2654/8/28 20/8/32 22/9/33
f 2655/9/29 2656/10/34 23/10/35 21/9/30
f 2656/10/34 2655/9/29 22/9/33 24/10/36
f 2656/10/34 2654/8/28 19/8/31 23/10/35
f 2654/8/28 2656/10/34 24/10/36 20/8/32
f 2657/11/37 2658/12/38 27/12/39 25/11/40
f 2658/12/38 2657/11/37 26/11/41 28/12/42
f 2658/12/38 2659/10/43 29/10/44 27/12/39
f 2659/10/43 2658/12/38 28/12/42 30/10/45
f 2659/10/43 2657/11/37 25/11/40 29/10/44
f 2657/11/37 2659/10/43 30/10/45 26/11/41
f 2660/3/46 2661/2/47 33/2/48 31/3/49
f 2661/2/47 2660/3/46 32/3/50 34/2/51
f 2661/2/47 2662/13/52 35/13/53 33/2/48
f 2662/13/52 2661/2/47 34/2/51 36/13/54
f 2662/13/52 2660/3/46 31/3/49 35/13/53
f 2660/3/46 2662/13/52 36/13/54 32/3/50
f 2663/14/55 2664/15/56 39/15/57 37/14/58
f 2664/15/56 2663/14/55 38/14/59 40/15/60
f 2664/15/56 2665/16/61 41/16/62 39/15/57
f 2665/16/61 2664/15/56 40/15/60 42/16/63
f 2665/16/61 2663/14/55 37/14/58 41/16/62
f 2663/14/55 2665/16/61 42/16/63 38/14/59
f 2666/17/64 2667/18/65 45/18/66 43/17/67
f 2667/18/65 2666/17/64 44/17/68 46/18/69
f 2667/18/65 2668/19/70 47/19/71 45/18/66
f 2668/19/70 2667/18/65 46/18/69 48/19/72
f 2668/19/70 2666/17/64 43/17/67 47/19/71
f 2666/17/64 2668/19/70 48/19/72 44/17/68
f 2669/20/73 2670/21/74 51/21/75 49/20/76
f 2670/21/74 2669/20/73 50/20/77 52/21/78
f 2670/21/74 2671/22/79 53/22/80 51/21/75
f 2671/22/79 2670/21/74 52/21/78 54/22/81
f 2671/22/79 2669/20/73 49/20/76 53/22/80
f 2669/20/73 2671/22/79 54/22/81 50/20/77
f 2672/9/82 2673/19/83 57/19/84 55/9/85
f 2673/19/83 2672/9/82 56/9/86 58/19/87
f 2673/19/83 2674/23/88 59/23/89 57/19/84
f 2674/23/88 2673/19/83 58/19/87 60/23/90
f 2674/23/88 2672/9/82 55/9/85 59/23/89
f 2672/9/82 2674/23/88 60/23/90 56/9/86
f 2675/24/91 2676/10/92 63/10/93 61/24/94
f 2676/10/92 2675/24/91 62/24/95 64/10/96
f 2676/10/92 2677/12/97 65/12/98 63/10/93
f 2677/12/97 2676/10/92 64/10/96 66/12/99
f 2677/12/97 2675/24/91 61/24/94 65/12/98
f 2675/24/91 2677/12/97 66/12/99 62/24/95
f 2678/25/100 2679/26/101 69/26/102 67/25/103
f 2679/26/101 2678/25/100 68/25/104 70/26/105
f 2679/26/101 2680/27/106 71/27/107 69/26/102
f 2680/27/106 2679/26/101 70/26/105 72/27/108
f 2680/27/106 2678/25/100 67/25/103 71/27/107
f 2678/25/100 2680/27/106 72/27/108 68/25/104
f 2681/28/109 2682/29/110 75/29/111 73/28/112
f 2682/29/110 2681/28/109 74/28/113 76/29/114
f 2682/29/110 2683/30/115 77/30/116 75/29/111
f 2683/30/115 2682/29/110 76/29/114 78/30/117
f 2683/30/115 2681/28/109 73/28/112 77/30/116
f 2681/28/109 2683/30/115 78/30/117 74/28/113
f 2684/29/118 2685/28/119 73/28/112 75/29/111
f 2685/28/119 2684/29/118 76/29/114 74/28/113
f 2685/28/119 2686/31/120 79/31/121 73/28/112
f 2686/31/120 2685/28/119 74/28/113 80/31/122
f 2686/31/120 2684/29/118 75/29/111 79/31/121
f 2684/29/118 2686/31/120 80/31/122 76/29/114
f 2687/32/123 2688/33/124 83/33/125 81/32/126
f 2688/33/124 2687/32/123 82/32/127 84/33/128
f 2688/33/124 2689/34/129 85/34/130 83/33/125
f 2689/34/129 2688/33/124 84/33/128 86/34/131
f 2689/34/129 2687/32/123 81/32/126 85/34/130
f 2687/32/123 2689/34/129 86/34/131 82/32/127
f 2690/35/132 2691/36/133 89/36/134 87/35/135
f 2691/36/133 2690/35/132 88/35/136 90/36/137
f 2691/36/133 2692/37/138 91/37/139 89/36/134
f 2692/37/138 2691/36/133 90/36/137 92/37/140
f 2692/37/138 2690/35/132 87/35/135 91/37/139
f 2690/35/132 2692/37/138 92/37/140 88/35/136
f 2693/26/141 2694/25/142 95/25/143 93/26/144
f 2694/25/142 2693/26/141 94/26/145 96/25/146
f 2694/25/142 2695/38/147 97/38/148 95/25/143
f 2695/38/147 2694/25/142 96/25/146 98/38/149
f 2695/38/147 2693/26/141 93/26/144 97/38/148
f 2693/26/141 2695/38/147 98/38/149 94/26/145
f 2696/39/150 2697/36/151 99/36/152 101/39/153
f 2697/36/151 2696/39/150 102/39/154 100/36/155
f 2697/36/151 2698/40/156 103/40/157 99/36/152
f 2698/40/156 2697/36/151 100/36/155 104/40/158
f 2698/40/156 2696/39/150 101/39/153 103/40/157
f 2696/39/150 2698/40/156 104/40/158 102/39/154
f 2699/29/159 2700/41/160 107/41/161 105/29/162
f 2700/41/160 2699/29/159 106/29/163 108/41/164
f 2700/41/160 2701/30/165 109/30/166 107/41/161
f 2701/30/165 2700/41/160 108/41/164 110/30/167
f 2701/30/165 2699/29/159 105/29/162 109/30/166
f 2699/29/159 2701/30/165 110/30/167 106/29/163
f 2702/28/168 2703/42/169 113/42/170 111/28/171
f 2703/42/169 2702/28/168 112/28/172 114/42/173
f 2703/42/169 2704/31/174 115/31/175 113/42/170
f 2704/31/174 2703/42/169 114/42/173 116/31/176
f 2704/31/174 2702/28/168 111/28/171 115/31/175
f 2702/28/168 2704/31/174 116/31/176 112/28/172
f 2705/43/177 2706/44/178 119/44/179 117/43/180
f 2706/44/178 2705/43/177 118/43/181 120/44/182
f 2706/44/178 2707/45/183 121/45/184 119/44/179
f 2707/45/183 2706/44/178 120/44/182 122/45/185
f 2707/45/183 2705/43/177 117/43/180 121/45/184
f 2705/43/177 2707/45/183 122/45/185 118/43/181
f 2708/46/186 2709/47/187 1203/47/188 1197/46/189
f 2709/47/187 2708/46/186 1198/46/190 1204/47/191
f 2709/47/187 2710/48/192 1199/48/193 1203/47/188
f 2710/48/192 2709/47/187 1204/47/191 1200/48/194
f 2710/48/192 2711/49/195 1201/49/196 1199/48/193
f 2711/49/195 2710/48/192 1200/48/194 1202/49/197
f 2711/49/195 2708/46/186 1197/46/189 1201/49/196
f 2708/46/186 2711/49/195 1202/49/197 1198/46/190
f 2712/42/198 2713/50/199 133/50/200 131/42/201
f 2713/50/199 2712/42/198 132/42/202 134/50/203
f 2713/50/199 2714/31/204 135/31/205 133/50/200
f 2714/31/204 2713/50/199 134/50/203 136/31/206
f 2714/31/204 2712/42/198 131/42/201 135/31/205
f 2712/42/198 2714/31/204 136/31/206 132/42/202
f 2715/29/207 2716/31/208 139/31/209 137/29/210
f 2716/31/208 2715/29/207 138/29/211 140/31/212
f 2716/31/208 2717/50/213 141/50/214 139/31/209
f 2717/50/213 2716/31/208 140/31/212 142/50/215
f 2717/50/213 2715/29/207 137/29/210 141/50/214
f 2715/29/207 2717/50/213 142/50/215 138/29/211
f 2718/44/216 2719/43/217 145/43/218 143/44/219
f 2719/43/217 2718/44/216 144/44/220 146/43/221
f 2719/43/217 2720/51/222 147/51/223 145/43/218
f 2720/51/222 2719/43/217 146/43/221 148/51/224
f 2720/51/222 2718/44/216 143/44/219 147/51/223
f 2718/44/216 2720/51/222 148/51/224 144/44/220
f 2721/52/225 2722/51/226 151/51/227 149/52/228
f 2722/51/226 2721/52/225 150/52/229 152/51/230
f 2722/51/226 2723/53/231 153/53/232 151/51/227
f 2723/53/231 2722/51/226 152/51/230 154/53/233
f 2723/53/231 2721/52/225 149/52/228 153/53/232
f 2721/52/225 2723/53/231 154/53/233 150/52/229
f 2724/25/234 2725/54/235 157/54/236 155/25/237
f 2725/54/235 2724/25/234 156/25/238 158/54/239
f 2725/54/235 2726/38/240 159/38/241 157/54/236
f 2726/38/240 2725/54/235 158/54/239 160/38/242
f 2726/38/240 2724/25/234 155/25/237 159/38/241
f 2724/25/234 2726/38/240 160/38/242 156/25/238
f 2727/37/243 2728/26/244 163/26/245 161/37/246
f 2728/26/244 2727/37/243 162/37/247 164/26/248
f 2728/26/244 2729/38/249 165/38/250 163/26/245
f 2729/38/249 2728/26/244 164/26/248 166/38/251
f 2729/38/249 2727/37/243 161/37/246 165/38/250
f 2727/37/243 2729/38/249 166/38/251 162/37/247
f 2730/51/252 2731/55/253 169/55/254 167/51/255
f 2731/55/253 2730/51/252 168/51/256 170/55/257
f 2731/55/253 2732/56/258 171/56/259 169/55/254
f 2732/56/258 2731/55/253 170/55/257 172/56/260
f 2732/56/258 2730/51/252 167/51/255 171/56/259
f 2730/51/252 2732/56/258 172/56/260 168/51/256
f 2733/57/261 2734/58/262 173/58/263 175/57/264
f 2734/58/262 2733/57/261 176/57/265 174/58/266
f 2734/58/262 2735/59/267 177/59/268 173/58/263
f 2735/59/267 2734/58/262 174/58/266 178/59/269
f 2735/59/267 2733/57/261 175/57/264 177/59/268
f 2733/57/261 2735/59/267 178/59/269 176/57/265
f 2736/51/270 2737/57/271 181/57/272 179/51/273
f 2737/57/271 2736/51/270 180/51/274 182/57/275
f 2737/57/271 2738/53/276 183/53/277 181/57/272
f 2738/53/276 2737/57/271 182/57/275 184/53/278
f 2738/53/276 2736/51/270 179/51/273 183/53/277
f 2736/51/270 2738/53/276 184/53/278 180/51/274
f 2739/35/279 2740/37/280 187/37/281 185/35/282
f 2740/37/280 2739/35/279 186/35/283 188/37/284
f 2740/37/280 2741/38/285 189/38/286 187/37/281
f 2741/38/285 2740/37/280 188/37/284 190/38/287
f 2741/38/285 2739/35/279 185/35/282 189/38/286
f 2739/35/279 2741/38/285 190/38/287 186/35/283
f 2742/25/288 2743/60/289 193/60/290 191/25/291
f 2743/60/289 2742/25/288 192/25/292 194/60/293
f 2743/60/289 2744/54/294 195/54/295 193/60/290
f 2744/54/294 2743/60/289 194/60/293 196/54/296
f 2744/54/294 2742/25/288 191/25/291 195/54/295
f 2742/25/288 2744/54/294 196/54/296 192/25/292
f 2745/61/297 2746/62/298 2095/62/299 2091/61/300
f 2746/62/298 2745/61/297 2092/61/301 2096/62/302
f 2746/62/298 2747/63/303 2093/63/304 2095/62/299
f 2747/63/303 2746/62/298 2096/62/302 2094/63/305
f 2747/63/303 2748/64/306 2089/64/307 2093/63/304
f 2748/64/306 2747/63/303 2094/63/305 2090/64/308
f 2748/64/306 2745/61/297 2091/61/300 2089/64/307
f 2745/61/297 2748/64/306 2090/64/308 2092/61/301
f 2749/56/309 2750/40/310 207/40/311 205/56/312
f 2750/40/310 2749/56/309 206/56/313 208/40/314
f 2750/40/310 2751/58/315 209/58/316 207/40/311
f 2751/58/315 2750/40/310 208/40/314 210/58/317
f 2751/58/315 2749/56/309 205/56/312 209/58/316
f 2749/56/309 2751/58/315 210/58/317 206/56/313
f 2752/4/318 2753/22/319 213/22/320 211/4/321
f 2753/22/319 2752/4/318 212/4/322 214/22/323
f 2753/22/319 2754/7/324 215/7/325 213/22/320
f 2754/7/324 2753/22/319 214/22/323 216/7/326
f 2754/7/324 2752/4/318 211/4/321 215/7/325
f 2752/4/318 2754/7/324 216/7/326 212/4/322
f 2755/25/327 2756/27/328 219/27/329 217/25/330
f 2756/27/328 2755/25/327 218/25/331 220/27/332
f 2756/27/328 2757/20/333 221/20/334 219/27/329
f 2757/20/333 2756/27/328 220/27/332 222/20/335
f 2757/20/333 2755/25/327 217/25/330 221/20/334
f 2755/25/327 2757/20/333 222/20/335 218/25/331
f 2758/65/336 2759/4/337 225/4/338 223/65/339
f 2759/4/337 2758/65/336 224/65/340 226/4/341
f 2759/4/337 2760/6/342 227/6/343 225/4/338
f 2760/6/342 2759/4/337 226/4/341 228/6/344
f 2760/6/342 2758/65/336 223/65/339 227/6/343
f 2758/65/336 2760/6/342 228/6/344 224/65/340
f 2761/34/345 2762/66/346 231/66/347 229/34/348
f 2762/66/346 2761/34/345 230/34/349 232/66/350
f 2762/66/346 2763/67/351 233/67/352 231/66/347
f 2763/67/351 2762/66/346 232/66/350 234/67/353
f 2763/67/351 2761/34/345 229/34/348 233/67/352
f 2761/34/345 2763/67/351 234/67/353 230/34/349
f 2764/67/354 2765/68/355 237/68/356 235/67/357
f 2765/68/355 2764/67/354 236/67/358 238/68/359
f 2765/68/355 2766/69/360 239/69/361 237/68/356
f 2766/69/360 2765/68/355 238/68/359 240/69/362
f 2766/69/360 2764/67/354 235/67/357 239/69/361
f 2764/67/354 2766/69/360 240/69/362 236/67/358
f 2767/1/363 2768/68/364 243/68/365 241/1/366
f 2768/68/364 2767/1/363 242/1/367 244/68/368
f 2768/68/364 2769/67/369 245/67/370 243/68/365
f 2769/67/369 2768/68/364 244/68/368 246/67/371
f 2769/67/369 2767/1/363 241/1/366 245/67/370
f 2767/1/363 2769/67/369 246/67/371 242/1/367
f 2770/70/372 2771/71/373 249/71/374 247/70/375
f 2771/71/373 2770/70/372 248/70/376 250/71/377
f 2771/71/373 2772/72/378 251/72/379 249/71/374
f 2772/72/378 2771/71/373 250/71/377 252/72/380
f 2772/72/378 2770/70/372 247/70/375 251/72/379
f 2770/70/372 2772/72/378 252/72/380 248/70/376
f 2773/5/381 2774/69/382 255/69/383 253/5/384
f 2774/69/382 2773/5/381 254/5/385 256/69/386
f 2774/69/382 2775/73/387 257/73/388 255/69/383
f 2775/73/387 2774/69/382 256/69/386 258/73/389
f 2775/73/387 2773/5/381 253/5/384 257/73/388
f 2773/5/381 2775/73/387 258/73/389 254/5/385
f 2776/74/390 2777/75/391 261/75/392 259/74/393
f 2777/75/391 2776/74/390 260/74/394 262/75/395
f 2777/75/391 2778/76/396 263/76/397 261/75/392
f 2778/76/396 2777/75/391 262/75/395 264/76/398
f 2778/76/396 2776/74/390 259/74/393 263/76/397
f 2776/74/390 2778/76/396 264/76/398 260/74/394
f 2779/77/399 2780/78/400 267/78/401 265/77/402
f 2780/78/400 2779/77/399 266/77/403 268/78/404
f 2780/78/400 2781/79/405 269/79/406 267/78/401
f 2781/79/405 2780/78/400 268/78/404 270/79/407
f 2781/79/405 2779/77/399 265/77/402 269/79/406
f 2779/77/399 2781/79/405 270/79/407 266/77/403
f 2782/80/408 2783/81/409 273/81/410 271/80/411
f 2783/81/409 2782/80/408 272/80/412 274/81/413
f 2783/81/409 2784/76/414 275/76/415 273/81/410
f 2784/76/414 2783/81/409 274/81/413 276/76/416
f 2784/76/414 2782/80/408 271/80/411 275/76/415
f 2782/80/408 2784/76/414 276/76/416 272/80/412
f 2785/75/417 2786/82/418 279/82/419 277/75/420
f 2786/82/418 2785/75/417 278/75/421 280/82/422
f 2786/82/418 2787/76/423 281/76/424 279/82/419
f 2787/76/423 2786/82/418 280/82/422 282/76/425
f 2787/76/423 2785/75/417 277/75/420 281/76/424
f 2785/75/417 2787/76/423 282/76/425 278/75/421
f 2788/67/426 2789/66/427 285/66/428 283/67/429
f 2789/66/427 2788/67/426 284/67/430 286/66/431
f 2789/66/427 2790/1/432 287/1/433 285/66/428
f 2790/1/432 2789/66/427 286/66/431 288/1/434
f 2790/1/432 2788/67/426 283/67/429 287/1/433
f 2788/67/426 2790/1/432 288/1/434 284/67/430
f 2791/83/435 2792/84/436 291/84/437 289/83/438
f 2792/84/436 2791/83/435 290/83/439 292/84/440
f 2792/84/436 2793/78/441 293/78/442 291/84/437
f 2793/78/441 2792/84/436 292/84/440 294/78/443
f 2793/78/441 2791/83/435 289/83/438 293/78/442
f 2791/83/435 2793/78/441 294/78/443 290/83/439
f 2794/85/444 2795/86/445 297/86/446 295/85/447
f 2795/86/445 2794/85/444 296/85/448 298/86/449
f 2795/86/445 2796/87/450 299/87/451 297/86/446
f 2796/87/450 2795/86/445 298/86/449 300/87/452
f 2796/87/450 2794/85/444 295/85/447 299/87/451
f 2794/85/444 2796/87/450 300/87/452 296/85/448
f 2797/88/453 2798/89/454 303/89/455 301/88/456
f 2798/89/454 2797/88/453 302/88/457 304/89/458
f 2798/89/454 2799/90/459 305/90/460 303/89/455
f 2799/90/459 2798/89/454 304/89/458 306/90/461
f 2799/90/459 2797/88/453 301/88/456 305/90/460
f 2797/88/453 2799/90/459 306/90/461 302/88/457
f 2800/91/462 2801/92/463 309/92/464 307/91/465
f 2801/92/463 2800/91/462 308/91/466 310/92/467
f 2801/92/463 2802/93/468 311/93/469 309/92/464
f 2802/93/468 2801/92/463 310/92/467 312/93/470
f 2802/93/468 2800/91/462 307/91/465 311/93/469
f 2800/91/462 2802/93/468 312/93/470 308/91/466
f 2803/92/471 2804/91/472 307/91/465 309/92/464
f 2804/91/472 2803/92/471 310/92/467 308/91/466
f 2804/91/472 2805/94/473 313/94/474 307/91/465
f 2805/94/473 2804/91/472 308/91/466 314/94/475
f 2805/94/473 2803/92/471 309/92/464 313/94/474
f 2803/92/471 2805/94/473 314/94/475 310/92/467
f 2806/95/476 2807/96/477 317/96/478 315/95/479
f 2807/96/477 2806/95/476 316/95/480 318/96/481
f 2807/96/477 2808/97/482 319/97/483 317/96/478
f 2808/97/482 2807/96/477 318/96/481 320/97/484
f 2808/97/482 2806/95/476 315/95/479 319/97/483
f 2806/95/476 2808/97/482 320/97/484 316/95/480
f 2809/91/485 2810/98/486 323/98/487 321/91/488
f 2810/98/486 2809/91/485 322/91/489 324/98/490
f 2810/98/486 2811/99/491 325/99/492 323/98/487
f 2811/99/491 2810/98/486 324/98/490 326/99/493
f 2811/99/491 2809/91/485 321/91/488 325/99/492
f 2809/91/485 2811/99/491 326/99/493 322/91/489
f 2812/93/494 2813/100/495 327/100/496 329/93/497
f 2813/100/495 2812/93/494 330/93/498 328/100/499
f 2813/100/495 2814/91/500 331/91/501 327/100/496
f 2814/91/500 2813/100/495 328/100/499 332/91/502
f 2814/91/500 2812/93/494 329/93/497 331/91/501
f 2812/93/494 2814/91/500 332/91/502 330/93/498
f 2815/101/503 2816/102/504 335/102/505 333/101/506
f 2816/102/504 2815/101/503 334/101/507 336/102/508
f 2816/102/504 2817/103/509 337/103/510 335/102/505
f 2817/103/509 2816/102/504 336/102/508 338/103/511
f 2817/103/509 2815/101/503 333/101/506 337/103/510
f 2815/101/503 2817/103/509 338/103/511 334/101/507
f 2818/104/512 2819/105/513 341/105/514 339/104/515
f 2819/105/513 2818/104/512 340/104/516 342/105/517
f 2819/105/513 2820/106/518 343/106/519 341/105/514
f 2820/106/518 2819/105/513 342/105/517 344/106/520
f 2820/106/518 2818/104/512 339/104/515 343/106/519
f 2818/104/512 2820/106/518 344/106/520 340/104/516
f 2821/107/521 2822/91/522 347/91/523 345/107/524
f 2822/91/522 2821/107/521 346/107/525 348/91/526
f 2822/91/522 2823/100/527 349/100/528 347/91/523
f 2823/100/527 2822/91/522 348/91/526 350/100/529
f 2823/100/527 2821/107/521 345/107/524 349/100/528
f 2821/107/521 2823/100/527 350/100/529 346/107/525
f 2824/108/530 2825/109/531 353/109/532 351/108/533
f 2825/109/531 2824/108/530 352/108/534 354/109/535
f 2825/109/531 2826/110/536 355/110/537 353/109/532
f 2826/110/536 2825/109/531 354/109/535 356/110/538
f 2826/110/536 2824/108/530 351/108/533 355/110/537
f 2824/108/530 2826/110/536 356/110/538 352/108/534
f 2827/111/539 2828/110/540 359/110/541 357/111/542
f 2828/110/540 2827/111/539 358/111/543 360/110/544
f 2828/110/540 2829/112/545 361/112/546 359/110/541
f 2829/112/545 2828/110/540 360/110/544 362/112/547
f 2829/112/545 2827/111/539 357/111/542 361/112/546
f 2827/111/539 2829/112/545 362/112/547 358/111/543
f 2830/101/548 2831/103/549 365/103/550 363/101/551
f 2831/103/549 2830/101/548 364/101/552 366/103/553
f 2831/103/549 2832/113/554 367/113/555 365/103/550
f 2832/113/554 2831/103/549 366/103/553 368/113/556
f 2832/113/554 2830/101/548 363/101/551 367/113/555
f 2830/101/548 2832/113/554 368/113/556 364/101/552
f 2833/110/557 2834/109/558 371/109/559 369/110/560
f 2834/109/558 2833/110/557 370/110/561 372/109/562
f 2834/109/558 2835/114/563 373/114/564 371/109/559
f 2835/114/563 2834/109/558 372/109/562 374/114/565
f 2835/114/563 2833/110/557 369/110/560 373/114/564
f 2833/110/557 2835/114/563 374/114/565 370/110/561
f 2836/111/566 2837/97/567 377/97/568 379/111/569
f 2837/97/567 2836/111/566 380/111/570 378/97/571
f 2837/97/567 2838/110/572 375/110/573 377/97/568
f 2838/110/572 2837/97/567 378/97/571 376/110/574
f 2838/110/572 2836/111/566 379/111/569 375/110/573
f 2836/111/566 2838/110/572 376/110/574 380/111/570
f 2839/115/575 2840/102/576 383/102/577 381/115/578
f 2840/102/576 2839/115/575 382/115/579 384/102/580
f 2840/102/576 2841/106/581 385/106/582 383/102/577
f 2841/106/581 2840/102/576 384/102/580 386/106/583
f 2841/106/581 2839/115/575 381/115/578 385/106/582
f 2839/115/575 2841/106/581 386/106/583 382/115/579
f 2842/92/584 2843/94/585 389/94/586 387/92/587
f 2843/94/585 2842/92/584 388/92/588 390/94/589
f 2843/94/585 2844/99/590 391/99/591 389/94/586
f 2844/99/590 2843/94/585 390/94/589 392/99/592
f 2844/99/590 2842/92/584 387/92/587 391/99/591
f 2842/92/584 2844/99/590 392/99/592 388/92/588
f 2845/87/593 2846/86/594 395/86/595 393/87/596
f 2846/86/594 2845/87/593 394/87/597 396/86/598
f 2846/86/594 2847/116/599 397/116/600 395/86/595
f 2847/116/599 2846/86/594 396/86/598 398/116/601
f 2847/116/599 2845/87/593 393/87/596 397/116/600
f 2845/87/593 2847/116/599 398/116/601 394/87/597
f 2848/98/602 2849/91/603 401/91/604 399/98/605
f 2849/91/603 2848/98/602 400/98/606 402/91/607
f 2849/91/603 2850/107/608 403/107/609 401/91/604
f 2850/107/608 2849/91/603 402/91/607 404/107/610
f 2850/107/608 2848/98/602 399/98/605 403/107/609
f 2848/98/602 2850/107/608 404/107/610 400/98/606
f 2851/117/611 2852/118/612 407/118/613 405/117/614
f 2852/118/612 2851/117/611 406/117/615 408/118/616
f 2852/118/612 2853/119/617 409/119/618 407/118/613
f 2853/119/617 2852/118/612 408/118/616 410/119/619
f 2853/119/617 2851/117/611 405/117/614 409/119/618
f 2851/117/611 2853/119/617 410/119/619 406/117/615
f 2854/120/620 2855/121/621 413/121/622 411/120/623
f 2855/121/621 2854/120/620 412/120/624 414/121/625
f 2855/121/621 2856/122/626 415/122/627 413/121/622
f 2856/122/626 2855/121/621 414/121/625 416/122/628
f 2856/122/626 2854/120/620 411/120/623 415/122/627
f 2854/120/620 2856/122/626 416/122/628 412/120/624
f 2857/123/629 2858/124/630 419/124/631 417/123/632
f 2858/124/630 2857/123/629 418/123/633 420/124/634
f 2858/124/630 2859/125/635 421/125/636 419/124/631
f 2859/125/635 2858/124/630 420/124/634 422/125/637
f 2859/125/635 2857/123/629 417/123/632 421/125/636
f 2857/123/629 2859/125/635 422/125/637 418/123/633
f 2860/123/638 2861/125/639 425/125/640 423/123/641
f 2861/125/639 2860/123/638 424/123/642 426/125/643
f 2861/125/639 2862/126/644 427/126/645 425/125/640
f 2862/126/644 2861/125/639 426/125/643 428/126/646
f 2862/126/644 2860/123/638 423/123/641 427/126/645
f 2860/123/638 2862/126/644 428/126/646 424/123/642
f 2863/124/647 2864/127/648 431/127/649 429/124/650
f 2864/127/648 2863/124/647 430/124/651 432/127/652
f 2864/127/648 2865/125/653 433/125/654 431/127/649
f 2865/125/653 2864/127/648 432/127/652 434/125/655
f 2865/125/653 2863/124/647 429/124/650 433/125/654
f 2863/124/647 2865/125/653 434/125/655 430/124/651
f 2866/128/656 2867/129/657 437/129/658 435/128/659
f 2867/129/657 2866/128/656 436/128/660 438/129/661
f 2867/129/657 2868/130/662 439/130/663 437/129/658
f 2868/130/662 2867/129/657 438/129/661 440/130/664
f 2868/130/662 2866/128/656 435/128/659 439/130/663
f 2866/128/656 2868/130/662 440/130/664 436/128/660
f 2869/131/665 2870/132/666 443/132/667 441/131/668
f 2870/132/666 2869/131/665 442/131/669 444/132/670
f 2870/132/666 2871/133/671 445/133/672 443/132/667
f 2871/133/671 2870/132/666 444/132/670 446/133/673
f 2871/133/671 2869/131/665 441/131/668 445/133/672
f 2869/131/665 2871/133/671 446/133/673 442/131/669
f 2872/134/674 2873/135/675 449/135/676 447/134/677
f 2873/135/675 2872/134/674 448/134/678 450/135/679
f 2873/135/675 2874/136/680 451/136/681 449/135/676
f 2874/136/680 2873/135/675 450/135/679 452/136/682
f 2874/136/680 2872/134/674 447/134/677 451/136/681
f 2872/134/674 2874/136/680 452/136/682 448/134/678
f 2875/137/683 2876/138/684 455/138/685 453/137/686
f 2876/138/684 2875/137/683 454/137/687 456/138/688
f 2876/138/684 2877/139/689 457/139/690 455/138/685
f 2877/139/689 2876/138/684 456/138/688 458/139/691
f 2877/139/689 2875/137/683 453/137/686 457/139/690
f 2875/137/683 2877/139/689 458/139/691 454/137/687
f 2878/140/692 2879/141/693 461/141/694 459/140/695
f 2879/141/693 2878/140/692 460/140/696 462/141/697
f 2879/141/693 2880/142/698 463/142/699 461/141/694
f 2880/142/698 2879/141/693 462/141/697 464/142/700
f 2880/142/698 2878/140/692 459/140/695 463/142/699
f 2878/140/692 2880/142/698 464/142/700 460/140/696
f 2881/134/701 2882/143/702 467/143/703 465/134/704
f 2882/143/702 2881/134/701 466/134/705 468/143/706
f 2882/143/702 2883/135/707 469/135/708 467/143/703
f 2883/135/707 2882/143/702 468/143/706 470/135/709
f 2883/135/707 2881/134/701 465/134/704 469/135/708
f 2881/134/701 2883/135/707 470/135/709 466/134/705
f 2884/144/710 2885/145/711 473/145/712 471/144/713
f 2885/145/711 2884/144/710 472/144/714 474/145/715
f 2885/145/711 2886/146/716 475/146/717 473/145/712
f 2886/146/716 2885/145/711 474/145/715 476/146/718
f 2886/146/716 2884/144/710 471/144/713 475/146/717
f 2884/144/710 2886/146/716 476/146/718 472/144/714
f 2887/147/719 2888/148/720 479/148/721 477/147/722
f 2888/148/720 2887/147/719 478/147/723 480/148/724
f 2888/148/720 2889/149/725 481/149/726 479/148/721
f 2889/149/725 2888/148/720 480/148/724 482/149/727
f 2889/149/725 2887/147/719 477/147/722 481/149/726
f 2887/147/719 2889/149/725 482/149/727 478/147/723
f 2890/150/728 2891/151/729 485/151/730 483/150/731
f 2891/151/729 2890/150/728 484/150/732 486/151/733
f 2891/151/729 2892/152/734 487/152/735 485/151/730
f 2892/152/734 2891/151/729 486/151/733 488/152/736
f 2892/152/734 2890/150/728 483/150/731 487/152/735
f 2890/150/728 2892/152/734 488/152/736 484/150/732
f 2893/153/737 2894/154/738 491/154/739 489/153/740
f 2894/154/738 2893/153/737 490/153/741 492/154/742
f 2894/154/738 2895/155/743 493/155/744 491/154/739
f 2895/155/743 2894/154/738 492/154/742 494/155/745
f 2895/155/743 2893/153/737 489/153/740 493/155/744
f 2893/153/737 2895/155/743 494/155/745 490/153/741
f 2896/156/746 2897/157/747 497/157/748 495/156/749
f 2897/157/747 2896/156/746 496/156/750 498/157/751
f 2897/157/747 2898/158/752 499/158/753 497/157/748
f 2898/158/752 2897/157/747 498/157/751 500/158/754
f 2898/158/752 2896/156/746 495/156/749 499/158/753
f 2896/156/746 2898/158/752 500/158/754 496/156/750
f 2899/159/755 2900/160/756 503/160/757 501/159/758
f 2900/160/756 2899/159/755 502/159/759 504/160/760
f 2900/160/756 2901/161/761 505/161/762 503/160/757
f 2901/161/761 2900/160/756 504/160/760 506/161/763
f 2901/161/761 2899/159/755 501/159/758 505/161/762
f 2899/159/755 2901/161/761 506/161/763 502/159/759
f 2902/157/764 2903/162/765 509/162/766 507/157/767
f 2903/162/765 2902/157/764 508/157/768 510/162/769
f 2903/162/765 2904/158/770 511/158/771 509/162/766
f 2904/158/770 2903/162/765 510/162/769 512/158/772
f 2904/158/770 2902/157/764 507/157/767 511/158/771
f 2902/157/764 2904/158/770 512/158/772 508/157/768
f 2905/162/773 2906/163/774 515/163/775 513/162/776
f 2906/163/774 2905/162/773 514/162/777 516/163/778
f 2906/163/774 2907/158/779 517/158/780 515/163/775
f 2907/158/779 2906/163/774 516/163/778 518/158/781
f 2907/158/779 2905/162/773 513/162/776 517/158/780
f 2905/162/773 2907/158/779 518/158/781 514/162/777
f 2908/145/782 2909/137/783 521/137/784 519/145/785
f 2909/137/783 2908/145/782 520/145/786 522/137/787
f 2909/137/783 2910/139/788 523/139/789 521/137/784
f 2910/139/788 2909/137/783 522/137/787 524/139/790
f 2910/139/788 2908/145/782 519/145/785 523/139/789
f 2908/145/782 2910/139/788 524/139/790 520/145/786
f 2911/145/791 2912/164/792 527/164/793 525/145/794
f 2912/164/792 2911/145/791 526/145/795 528/164/796
f 2912/164/792 2913/137/797 529/137/798 527/164/793
f 2913/137/797 2912/164/792 528/164/796 530/137/799
f 2913/137/797 2911/145/791 525/145/794 529/137/798
f 2911/145/791 2913/137/797 530/137/799 526/145/795
f 2914/164/800 2915/145/801 525/145/794 527/164/793
f 2915/145/801 2914/164/800 528/164/796 526/145/795
f 2915/145/801 2916/144/802 531/144/803 525/145/794
f 2916/144/802 2915/145/801 526/145/795 532/144/804
f 2916/144/802 2914/164/800 527/164/793 531/144/803
f 2914/164/800 2916/144/802 532/144/804 528/164/796
f 2917/165/805 2918/166/806 535/166/807 533/165/808
f 2918/166/806 2917/165/805 534/165/809 536/166/810
f 2918/166/806 2919/167/811 537/167/812 535/166/807
f 2919/167/811 2918/166/806 536/166/810 538/167/813
f 2919/167/811 2917/165/805 533/165/808 537/167/812
f 2917/165/805 2919/167/811 538/167/813 534/165/809
f 2920/160/814 2921/168/815 541/168/816 539/160/817
f 2921/168/815 2920/160/814 540/160/818 542/168/819
f 2921/168/815 2922/157/820 543/157/821 541/168/816
f 2922/157/820 2921/168/815 542/168/819 544/157/822
f 2922/157/820 2920/160/814 539/160/817 543/157/821
f 2920/160/814 2922/157/820 544/157/822 540/160/818
f 2923/168/823 2924/169/824 547/169/825 545/168/826
f 2924/169/824 2923/168/823 546/168/827 548/169/828
f 2924/169/824 2925/157/829 549/157/830 547/169/825
f 2925/157/829 2924/169/824 548/169/828 550/157/831
f 2925/157/829 2923/168/823 545/168/826 549/157/830
f 2923/168/823 2925/157/829 550/157/831 546/168/827
f 2926/170/832 2927/161/833 553/161/834 551/170/835
f 2927/161/833 2926/170/832 552/170/836 554/161/837
f 2927/161/833 2928/171/838 555/171/839 553/161/834
f 2928/171/838 2927/161/833 554/161/837 556/171/840
f 2928/171/838 2926/170/832 551/170/835 555/171/839
f 2926/170/832 2928/171/838 556/171/840 552/170/836
f 2929/172/841 2930/173/842 559/173/843 557/172/844
f 2930/173/842 2929/172/841 558/172/845 560/173/846
f 2930/173/842 2931/174/847 561/174/848 559/173/843
f 2931/174/847 2930/173/842 560/173/846 562/174/849
f 2931/174/847 2929/172/841 557/172/844 561/174/848
f 2929/172/841 2931/174/847 562/174/849 558/172/845
f 2932/163/850 2933/175/851 565/175/852 563/163/853
f 2933/175/851 2932/163/850 564/163/854 566/175/855
f 2933/175/851 2934/144/856 567/144/857 565/175/852
f 2934/144/856 2933/175/851 566/175/855 568/144/858
f 2934/144/856 2932/163/850 563/163/853 567/144/857
f 2932/163/850 2934/144/856 568/144/858 564/163/854
f 2935/162/859 2936/175/860 571/175/861 569/162/862
f 2936/175/860 2935/162/859 570/162/863 572/175/864
f 2936/175/860 2937/163/865 573/163/866 571/175/861
f 2937/163/865 2936/175/860 572/175/864 574/163/867
f 2937/163/865 2935/162/859 569/162/862 573/163/866
f 2935/162/859 2937/163/865 574/163/867 570/162/863
f 2938/156/868 2939/176/869 577/176/870 575/156/871
f 2939/176/869 2938/156/868 576/156/872 578/176/873
f 2939/176/869 2940/157/874 579/157/875 577/176/870
f 2940/157/874 2939/176/869 578/176/873 580/157/876
f 2940/157/874 2938/156/868 575/156/871 579/157/875
f 2938/156/868 2940/157/874 580/157/876 576/156/872
f 2941/177/877 2942/151/878 583/151/879 581/177/880
f 2942/151/878 2941/177/877 582/177/881 584/151/882
f 2942/151/878 2943/171/883 585/171/884 583/151/879
f 2943/171/883 2942/151/878 584/151/882 586/171/885
f 2943/171/883 2941/177/877 581/177/880 585/171/884
f 2941/177/877 2943/171/883 586/171/885 582/177/881
f 2944/174/886 2945/178/887 589/178/888 587/174/889
f 2945/178/887 2944/174/886 588/174/890 590/178/891
f 2945/178/887 2946/172/892 591/172/893 589/178/888
f 2946/172/892 2945/178/887 590/178/891 592/172/894
f 2946/172/892 2944/174/886 587/174/889 591/172/893
f 2944/174/886 2946/172/892 592/172/894 588/174/890
f 2947/169/895 2948/162/896 595/162/897 593/169/898
f 2948/162/896 2947/169/895 594/169/899 596/162/900
f 2948/162/896 2949/157/901 597/157/902 595/162/897
f 2949/157/901 2948/162/896 596/162/900 598/157/903
f 2949/157/901 2947/169/895 593/169/898 597/157/902
f 2947/169/895 2949/157/901 598/157/903 594/169/899
f 2950/162/904 2951/169/905 593/169/898 595/162/897
f 2951/169/905 2950/162/904 596/162/900 594/169/899
f 2951/169/905 2952/175/906 599/175/907 593/169/898
f 2952/175/906 2951/169/905 594/169/899 600/175/908
f 2952/175/906 2950/162/904 595/162/897 599/175/907
f 2950/162/904 2952/175/906 600/175/908 596/162/900
f 2953/177/909 2954/152/910 603/152/911 601/177/912
f 2954/152/910 2953/177/909 602/177/913 604/152/914
f 2954/152/910 2955/151/915 605/151/916 603/152/911
f 2955/151/915 2954/152/910 604/152/914 606/151/917
f 2955/151/915 2953/177/909 601/177/912 605/151/916
f 2953/177/909 2955/151/915 606/151/917 602/177/913
f 2956/153/918 2957/179/919 609/179/920 607/153/921
f 2957/179/919 2956/153/918 608/153/922 610/179/923
f 2957/179/919 2958/154/924 611/154/925 609/179/920
f 2958/154/924 2957/179/919 610/179/923 612/154/926
f 2958/154/924 2956/153/918 607/153/921 611/154/925
f 2956/153/918 2958/154/924 612/154/926 608/153/922
f 2959/137/927 2960/180/928 615/180/929 613/137/930
f 2960/180/928 2959/137/927 614/137/931 616/180/932
f 2960/180/928 2961/138/933 617/138/934 615/180/929
f 2961/138/933 2960/180/928 616/180/932 618/138/935
f 2961/138/933 2959/137/927 613/137/930 617/138/934
f 2959/137/927 2961/138/933 618/138/935 614/137/931
f 2962/181/936 2963/177/937 621/177/938 619/181/939
f 2963/177/937 2962/181/936 620/181/940 622/177/941
f 2963/177/937 2964/161/942 623/161/943 621/177/938
f 2964/161/942 2963/177/937 622/177/941 624/161/944
f 2964/161/942 2962/181/936 619/181/939 623/161/943
f 2962/181/936 2964/161/942 624/161/944 620/181/940
f 2965/161/945 2966/176/946 627/176/947 625/161/948
f 2966/176/946 2965/161/945 626/161/949 628/176/950
f 2966/176/946 2967/181/951 629/181/952 627/176/947
f 2967/181/951 2966/176/946 628/176/950 630/181/953
f 2967/181/951 2965/161/945 625/161/948 629/181/952
f 2965/161/945 2967/181/951 630/181/953 626/161/949
f 2968/182/954 2969/170/955 633/170/956 631/182/957
f 2969/170/955 2968/182/954 632/182/958 634/170/959
f 2969/170/955 2970/151/960 635/151/961 633/170/956
f 2970/151/960 2969/170/955 634/170/959 636/151/962
f 2970/151/960 2968/182/954 631/182/957 635/151/961
f 2968/182/954 2970/151/960 636/151/962 632/182/958
f 2971/171/963 2972/151/964 635/151/961 637/171/965
f 2972/151/964 2971/171/963 638/171/966 636/151/962
f 2972/151/964 2973/170/967 633/170/956 635/151/961
f 2973/170/967 2972/151/964 636/151/962 634/170/959
f 2973/170/967 2971/171/963 637/171/965 633/170/956
f 2971/171/963 2973/170/967 634/170/959 638/171/966
f 2974/183/968 2975/173/969 641/173/970 639/183/971
f 2975/173/969 2974/183/968 640/183/972 642/173/973
f 2975/173/969 2976/184/974 643/184/975 641/173/970
f 2976/184/974 2975/173/969 642/173/973 644/184/976
f 2976/184/974 2974/183/968 639/183/971 643/184/975
f 2974/183/968 2976/184/974 644/184/976 640/183/972
f 2977/173/977 2978/183/978 647/183/979 645/173/980
f 2978/183/978 2977/173/977 646/173/981 648/183/982
f 2978/183/978 2979/185/983 649/185/984 647/183/979
f 2979/185/983 2978/183/978 648/183/982 650/185/985
f 2979/185/983 2977/173/977 645/173/980 649/185/984
f 2977/173/977 2979/185/983 650/185/985 646/173/981
f 2980/186/986 2981/185/987 653/185/988 651/186/989
f 2981/185/987 2980/186/986 652/186/990 654/185/991
f 2981/185/987 2982/183/992 655/183/993 653/185/988
f 2982/183/992 2981/185/987 654/185/991 656/183/994
f 2982/183/992 2980/186/986 651/186/989 655/183/993
f 2980/186/986 2982/183/992 656/183/994 652/186/990
f 2983/187/995 2984/188/996 659/188/997 657/187/998
f 2984/188/996 2983/187/995 658/187/999 660/188/1000
f 2984/188/996 2985/189/1001 661/189/1002 659/188/997
f 2985/189/1001 2984/188/996 660/188/1000 662/189/1003
f 2985/189/1001 2983/187/995 657/187/998 661/189/1002
f 2983/187/995 2985/189/1001 662/189/1003 658/187/999
f 2986/188/1004 2987/141/1005 665/141/1006 663/188/1007
f 2987/141/1005 2986/188/1004 664/188/1008 666/141/1009
f 2987/141/1005 2988/140/1010 667/140/1011 665/141/1006
f 2988/140/1010 2987/141/1005 666/141/1009 668/140/1012
f 2988/140/1010 2986/188/1004 663/188/1007 667/140/1011
f 2986/188/1004 2988/140/1010 668/140/1012 664/188/1008
f 2989/136/1013 2990/135/1014 671/135/1015 669/136/1016
f 2990/135/1014 2989/136/1013 670/136/1017 672/135/1018
f 2990/135/1014 2991/190/1019 673/190/1020 671/135/1015
f 2991/190/1019 2990/135/1014 672/135/1018 674/190/1021
f 2991/190/1019 2989/136/1013 669/136/1016 673/190/1020
f 2989/136/1013 2991/190/1019 674/190/1021 670/136/1017
f 2992/174/1022 2993/152/1023 677/152/1024 675/174/1025
f 2993/152/1023 2992/174/1022 676/174/1026 678/152/1027
f 2993/152/1023 2994/178/1028 679/178/1029 677/152/1024
f 2994/178/1028 2993/152/1023 678/152/1027 680/178/1030
f 2994/178/1028 2992/174/1022 675/174/1025 679/178/1029
f 2992/174/1022 2994/178/1028 680/178/1030 676/174/1026
f 2995/173/1031 2996/191/1032 683/191/1033 681/173/1034
f 2996/191/1032 2995/173/1031 682/173/1035 684/191/1036
f 2996/191/1032 2997/174/1037 685/174/1038 683/191/1033
f 2997/174/1037 2996/191/1032 684/191/1036 686/174/1039
f 2997/174/1037 2995/173/1031 681/173/1034 685/174/1038
f 2995/173/1031 2997/174/1037 686/174/1039 682/173/1035
f 2998/150/1040 2999/152/1041 689/152/1042 687/150/1043
f 2999/152/1041 2998/150/1040 688/150/1044 690/152/1045
f 2999/152/1041 3000/192/1046 691/192/1047 689/152/1042
f 3000/192/1046 2999/152/1041 690/152/1045 692/192/1048
f 3000/192/1046 2998/150/1040 687/150/1043 691/192/1047
f 2998/150/1040 3000/192/1046 692/192/1048 688/150/1044
f 3001/193/1049 3002/194/1050 695/194/1051 693/193/1052
f 3002/194/1050 3001/193/1049 694/193/1053 696/194/1054
f 3002/194/1050 3003/195/1055 697/195/1056 695/194/1051
f 3003/195/1055 3002/194/1050 696/194/1054 698/195/1057
f 3003/195/1055 3001/193/1049 693/193/1052 697/195/1056
f 3001/193/1049 3003/195/1055 698/195/1057 694/193/1053
f 3004/191/1058 3005/192/1059 701/192/1060 699/191/1061
f 3005/192/1059 3004/191/1058 700/191/1062 702/192/1063
f 3005/192/1059 3006/174/1064 703/174/1065 701/192/1060
f 3006/174/1064 3005/192/1059 702/192/1063 704/174/1066
f 3006/174/1064 3004/191/1058 699/191/1061 703/174/1065
f 3004/191/1058 3006/174/1064 704/174/1066 700/191/1062
f 3007/193/1067 3008/196/1068 707/196/1069 705/193/1070
f 3008/196/1068 3007/193/1067 706/193/1071 708/196/1072
f 3008/196/1068 3009/194/1073 709/194/1074 707/196/1069
f 3009/194/1073 3008/196/1068 708/196/1072 710/194/1075
f 3009/194/1073 3007/193/1067 705/193/1070 709/194/1074
f 3007/193/1067 3009/194/1073 710/194/1075 706/193/1071
f 3010/174/1076 3011/192/1077 713/192/1078 711/174/1079
f 3011/192/1077 3010/174/1076 712/174/1080 714/192/1081
f 3011/192/1077 3012/152/1082 715/152/1083 713/192/1078
f 3012/152/1082 3011/192/1077 714/192/1081 716/152/1084
f 3012/152/1082 3010/174/1076 711/174/1079 715/152/1083
f 3010/174/1076 3012/152/1082 716/152/1084 712/174/1080
f 3013/193/1085 3014/197/1086 719/197/1087 717/193/1088
f 3014/197/1086 3013/193/1085 718/193/1089 720/197/1090
f 3014/197/1086 3015/196/1091 721/196/1092 719/197/1087
f 3015/196/1091 3014/197/1086 720/197/1090 722/196/1093
f 3015/196/1091 3013/193/1085 717/193/1088 721/196/1092
f 3013/193/1085 3015/196/1091 722/196/1093 718/193/1089
f 3016/198/1094 3017/199/1095 725/199/1096 723/198/1097
f 3017/199/1095 3016/198/1094 724/198/1098 726/199/1099
f 3017/199/1095 3018/200/1100 727/200/1101 725/199/1096
f 3018/200/1100 3017/199/1095 726/199/1099 728/200/1102
f 3018/200/1100 3016/198/1094 723/198/1097 727/200/1101
f 3016/198/1094 3018/200/1100 728/200/1102 724/198/1098
f 3019/150/1103 3020/182/1104 731/182/1105 729/150/1106
f 3020/182/1104 3019/150/1103 730/150/1107 732/182/1108
f 3020/182/1104 3021/151/1109 733/151/1110 731/182/1105
f 3021/151/1109 3020/182/1104 732/182/1108 734/151/1111
f 3021/151/1109 3019/150/1103 729/150/1106 733/151/1110
f 3019/150/1103 3021/151/1109 734/151/1111 730/150/1107
f 3022/201/1112 3023/202/1113 737/202/1114 735/201/1115
f 3023/202/1113 3022/201/1112 736/201/1116 738/202/1117
f 3023/202/1113 3024/203/1118 739/203/1119 737/202/1114
f 3024/203/1118 3023/202/1113 738/202/1117 740/203/1120
f 3024/203/1118 3022/201/1112 735/201/1115 739/203/1119
f 3022/201/1112 3024/203/1118 740/203/1120 736/201/1116
f 3025/170/1121 3026/159/1122 743/159/1123 741/170/1124
f 3026/159/1122 3025/170/1121 742/170/1125 744/159/1126
f 3026/159/1122 3027/161/1127 745/161/1128 743/159/1123
f 3027/161/1127 3026/159/1122 744/159/1126 746/161/1129
f 3027/161/1127 3025/170/1121 741/170/1124 745/161/1128
f 3025/170/1121 3027/161/1127 746/161/1129 742/170/1125
f 3028/142/1130 3029/204/1131 749/204/1132 747/142/1133
f 3029/204/1131 3028/142/1130 748/142/1134 750/204/1135
f 3029/204/1131 3030/205/1136 751/205/1137 749/204/1132
f 3030/205/1136 3029/204/1131 750/204/1135 752/205/1138
f 3030/205/1136 3028/142/1130 747/142/1133 751/205/1137
f 3028/142/1130 3030/205/1136 752/205/1138 748/142/1134
f 3031/194/1139 3032/206/1140 755/206/1141 753/194/1142
f 3032/206/1140 3031/194/1139 754/194/1143 756/206/1144
f 3032/206/1140 3033/195/1145 757/195/1146 755/206/1141
f 3033/195/1145 3032/206/1140 756/206/1144 758/195/1147
f 3033/195/1145 3031/194/1139 753/194/1142 757/195/1146
f 3031/194/1139 3033/195/1145 758/195/1147 754/194/1143
f 3034/207/1148 3035/200/1149 761/200/1150 759/207/1151
f 3035/200/1149 3034/207/1148 760/207/1152 762/200/1153
f 3035/200/1149 3036/208/1154 763/208/1155 761/200/1150
f 3036/208/1154 3035/200/1149 762/200/1153 764/208/1156
f 3036/208/1154 3034/207/1148 759/207/1151 763/208/1155
f 3034/207/1148 3036/208/1154 764/208/1156 760/207/1152
f 3037/209/1157 3038/208/1158 767/208/1159 765/209/1160
f 3038/208/1158 3037/209/1157 766/209/1161 768/208/1162
f 3038/208/1158 3039/206/1163 769/206/1164 767/208/1159
f 3039/206/1163 3038/208/1158 768/208/1162 770/206/1165
f 3039/206/1163 3037/209/1157 765/209/1160 769/206/1164
f 3037/209/1157 3039/206/1163 770/206/1165 766/209/1161
f 3040/210/1166 3041/211/1167 773/211/1168 771/210/1169
f 3041/211/1167 3040/210/1166 772/210/1170 774/211/1171
f 3041/211/1167 3042/212/1172 775/212/1173 773/211/1168
f 3042/212/1172 3041/211/1167 774/211/1171 776/212/1174
f 3042/212/1172 3040/210/1166 771/210/1169 775/212/1173
f 3040/210/1166 3042/212/1172 776/212/1174 772/210/1170
f 3043/213/1175 3044/214/1176 779/214/1177 777/213/1178
f 3044/214/1176 3043/213/1175 778/213/1179 780/214/1180
f 3044/214/1176 3045/215/1181 781/215/1182 779/214/1177
f 3045/215/1181 3044/214/1176 780/214/1180 782/215/1183
f 3045/215/1181 3043/213/1175 777/213/1178 781/215/1182
f 3043/213/1175 3045/215/1181 782/215/1183 778/213/1179
f 3046/173/1184 3047/216/1185 785/216/1186 783/173/1187
f 3047/216/1185 3046/173/1184 784/173/1188 786/216/1189
f 3047/216/1185 3048/191/1190 787/191/1191 785/216/1186
f 3048/191/1190 3047/216/1185 786/216/1189 788/191/1192
f 3048/191/1190 3046/173/1184 783/173/1187 787/191/1191
f 3046/173/1184 3048/191/1190 788/191/1192 784/173/1188
f 3049/181/1193 3050/176/1194 791/176/1195 789/181/1196
f 3050/176/1194 3049/181/1193 790/181/1197 792/176/1198
f 3050/176/1194 3051/156/1199 793/156/1200 791/176/1195
f 3051/156/1199 3050/176/1194 792/176/1198 794/156/1201
f 3051/156/1199 3049/181/1193 789/181/1196 793/156/1200
f 3049/181/1193 3051/156/1199 794/156/1201 790/181/1197
f 3052/155/1202 3053/154/1203 797/154/1204 795/155/1205
f 3053/154/1203 3052/155/1202 796/155/1206 798/154/1207
f 3053/154/1203 3054/217/1208 799/217/1209 797/154/1204
f 3054/217/1208 3053/154/1203 798/154/1207 800/217/1210
f 3054/217/1208 3052/155/1202 795/155/1205 799/217/1209
f 3052/155/1202 3054/217/1208 800/217/1210 796/155/1206
f 3055/138/1211 3056/218/1212 803/218/1213 801/138/1214
f 3056/218/1212 3055/138/1211 802/138/1215 804/218/1216
f 3056/218/1212 3057/219/1217 805/219/1218 803/218/1213
f 3057/219/1217 3056/218/1212 804/218/1216 806/219/1219
f 3057/219/1217 3055/138/1211 801/138/1214 805/219/1218
f 3055/138/1211 3057/219/1217 806/219/1219 802/138/1215
f 3058/220/1220 3059/201/1221 809/201/1222 807/220/1223
f 3059/201/1221 3058/220/1220 808/220/1224 810/201/1225
f 3059/201/1221 3060/221/1226 811/221/1227 809/201/1222
f 3060/221/1226 3059/201/1221 810/201/1225 812/221/1228
f 3060/221/1226 3058/220/1220 807/220/1223 811/221/1227
f 3058/220/1220 3060/221/1226 812/221/1228 808/220/1224
f 3061/172/1229 3062/184/1230 815/184/1231 813/172/1232
f 3062/184/1230 3061/172/1229 814/172/1233 816/184/1234
f 3062/184/1230 3063/173/1235 817/173/1236 815/184/1231
f 3063/173/1235 3062/184/1230 816/184/1234 818/173/1237
f 3063/173/1235 3061/172/1229 813/172/1232 817/173/1236
f 3061/172/1229 3063/173/1235 818/173/1237 814/172/1233
f 3064/146/1238 3065/145/1239 821/145/1240 819/146/1241
f 3065/145/1239 3064/146/1238 820/146/1242 822/145/1243
f 3065/145/1239 3066/158/1244 823/158/1245 821/145/1240
f 3066/158/1244 3065/145/1239 822/145/1243 824/158/1246
f 3066/158/1244 3064/146/1238 819/146/1241 823/158/1245
f 3064/146/1238 3066/158/1244 824/158/1246 820/146/1242
f 3067/222/1247 3068/167/1248 827/167/1249 825/222/1250
f 3068/167/1248 3067/222/1247 826/222/1251 828/167/1252
f 3068/167/1248 3069/166/1253 829/166/1254 827/167/1249
f 3069/166/1253 3068/167/1248 828/167/1252 830/166/1255
f 3069/166/1253 3067/222/1247 825/222/1250 829/166/1254
f 3067/222/1247 3069/166/1253 830/166/1255 826/222/1251
f 3070/188/1256 3071/223/1257 833/223/1258 831/188/1259
f 3071/223/1257 3070/188/1256 832/188/1260 834/223/1261
f 3071/223/1257 3072/141/1262 835/141/1263 833/223/1258
f 3072/141/1262 3071/223/1257 834/223/1261 836/141/1264
f 3072/141/1262 3070/188/1256 831/188/1259 835/141/1263
f 3070/188/1256 3072/141/1262 836/141/1264 832/188/1260
f 3073/207/1265 3074/198/1266 839/198/1267 837/207/1268
f 3074/198/1266 3073/207/1265 838/207/1269 840/198/1270
f 3074/198/1266 3075/200/1271 841/200/1272 839/198/1267
f 3075/200/1271 3074/198/1266 840/198/1270 842/200/1273
f 3075/200/1271 3073/207/1265 837/207/1268 841/200/1272
f 3073/207/1265 3075/200/1271 842/200/1273 838/207/1269
f 3076/179/1274 3077/153/1275 845/153/1276 843/179/1277
f 3077/153/1275 3076/179/1274 844/179/1278 846/153/1279
f 3077/153/1275 3078/224/1280 847/224/1281 845/153/1276
f 3078/224/1280 3077/153/1275 846/153/1279 848/224/1282
f 3078/224/1280 3076/179/1274 843/179/1277 847/224/1281
f 3076/179/1274 3078/224/1280 848/224/1282 844/179/1278
f 3079/225/1283 3080/226/1284 851/226/1285 849/225/1286
f 3080/226/1284 3079/225/1283 850/225/1287 852/226/1288
f 3080/226/1284 3081/187/1289 853/187/1290 851/226/1285
f 3081/187/1289 3080/226/1284 852/226/1288 854/187/1291
f 3081/187/1289 3079/225/1283 849/225/1286 853/187/1290
f 3079/225/1283 3081/187/1289 854/187/1291 850/225/1287
f 3082/227/1292 3083/179/1293 857/179/1294 855/227/1295
f 3083/179/1293 3082/227/1292 856/227/1296 858/179/1297
f 3083/179/1293 3084/224/1298 859/224/1299 857/179/1294
f 3084/224/1298 3083/179/1293 858/179/1297 860/224/1300
f 3084/224/1298 3082/227/1292 855/227/1295 859/224/1299
f 3082/227/1292 3084/224/1298 860/224/1300 856/227/1296
f 3085/227/1301 3086/224/1302 863/224/1303 861/227/1304
f 3086/224/1302 3085/227/1301 862/227/1305 864/224/1306
f 3086/224/1302 3087/213/1307 865/213/1308 863/224/1303
f 3087/213/1307 3086/224/1302 864/224/1306 866/213/1309
f 3087/213/1307 3085/227/1301 861/227/1304 865/213/1308
f 3085/227/1301 3087/213/1307 866/213/1309 862/227/1305
f 3088/228/1310 3089/227/1311 869/227/1312 867/228/1313
f 3089/227/1311 3088/228/1310 868/228/1314 870/227/1315
f 3089/227/1311 3090/213/1316 871/213/1317 869/227/1312
f 3090/213/1316 3089/227/1311 870/227/1315 872/213/1318
f 3090/213/1316 3088/228/1310 867/228/1313 871/213/1317
f 3088/228/1310 3090/213/1316 872/213/1318 868/228/1314
f 3091/229/1319 3092/207/1320 875/207/1321 873/229/1322
f 3092/207/1320 3091/229/1319 874/229/1323 876/207/1324
f 3092/207/1320 3093/208/1325 877/208/1326 875/207/1321
f 3093/208/1325 3092/207/1320 876/207/1324 878/208/1327
f 3093/208/1325 3091/229/1319 873/229/1322 877/208/1326
f 3091/229/1319 3093/208/1325 878/208/1327 874/229/1323
f 3094/212/1328 3095/228/1329 881/228/1330 879/212/1331
f 3095/228/1329 3094/212/1328 880/212/1332 882/228/1333
f 3095/228/1329 3096/213/1334 883/213/1335 881/228/1330
f 3096/213/1334 3095/228/1329 882/228/1333 884/213/1336
f 3096/213/1334 3094/212/1328 879/212/1331 883/213/1335
f 3094/212/1328 3096/213/1334 884/213/1336 880/212/1332
f 3097/183/1337 3098/184/1338 887/184/1339 885/183/1340
f 3098/184/1338 3097/183/1337 886/183/1341 888/184/1342
f 3098/184/1338 3099/199/1343 889/199/1344 887/184/1339
f 3099/199/1343 3098/184/1338 888/184/1342 890/199/1345
f 3099/199/1343 3097/183/1337 885/183/1340 889/199/1344
f 3097/183/1337 3099/199/1343 890/199/1345 886/183/1341
f 3100/198/1346 3101/183/1347 893/183/1348 891/198/1349
f 3101/183/1347 3100/198/1346 892/198/1350 894/183/1351
f 3101/183/1347 3102/199/1352 895/199/1353 893/183/1348
f 3102/199/1352 3101/183/1347 894/183/1351 896/199/1354
f 3102/199/1352 3100/198/1346 891/198/1349 895/199/1353
f 3100/198/1346 3102/199/1352 896/199/1354 892/198/1350
f 3103/194/1355 3104/209/1356 899/209/1357 897/194/1358
f 3104/209/1356 3103/194/1355 898/194/1359 900/209/1360
f 3104/209/1356 3105/206/1361 901/206/1362 899/209/1357
f 3105/206/1361 3104/209/1356 900/209/1360 902/206/1363
f 3105/206/1361 3103/194/1355 897/194/1358 901/206/1362
f 3103/194/1355 3105/206/1361 902/206/1363 898/194/1359
f 3106/206/1364 3107/230/1365 905/230/1366 903/206/1367
f 3107/230/1365 3106/206/1364 904/206/1368 906/230/1369
f 3107/230/1365 3108/195/1370 907/195/1371 905/230/1366
f 3108/195/1370 3107/230/1365 906/230/1369 908/195/1372
f 3108/195/1370 3106/206/1364 903/206/1367 907/195/1371
f 3106/206/1364 3108/195/1370 908/195/1372 904/206/1368
f 3109/200/1373 3110/199/1374 911/199/1375 909/200/1376
f 3110/199/1374 3109/200/1373 910/200/1377 912/199/1378
f 3110/199/1374 3111/208/1379 913/208/1380 911/199/1375
f 3111/208/1379 3110/199/1374 912/199/1378 914/208/1381
f 3111/208/1379 3109/200/1373 909/200/1376 913/208/1380
f 3109/200/1373 3111/208/1379 914/208/1381 910/200/1377
f 3112/231/1382 3113/212/1383 917/212/1384 915/231/1385
f 3113/212/1383 3112/231/1382 916/231/1386 918/212/1387
f 3113/212/1383 3114/211/1388 919/211/1389 917/212/1384
f 3114/211/1388 3113/212/1383 918/212/1387 920/211/1390
f 3114/211/1388 3112/231/1382 915/231/1385 919/211/1389
f 3112/231/1382 3114/211/1388 920/211/1390 916/231/1386
f 3115/204/1391 3116/142/1392 923/142/1393 921/204/1394
f 3116/142/1392 3115/204/1391 922/204/1395 924/142/1396
f 3116/142/1392 3117/232/1397 925/232/1398 923/142/1393
f 3117/232/1397 3116/142/1392 924/142/1396 926/232/1399
f 3117/232/1397 3115/204/1391 921/204/1394 925/232/1398
f 3115/204/1391 3117/232/1397 926/232/1399 922/204/1395
f 3118/217/1400 3119/233/1401 929/233/1402 927/217/1403
f 3119/233/1401 3118/217/1400 928/217/1404 930/233/1405
f 3119/233/1401 3120/234/1406 931/234/1407 929/233/1402
f 3120/234/1406 3119/233/1401 930/233/1405 932/234/1408
f 3120/234/1406 3118/217/1400 927/217/1403 931/234/1407
f 3118/217/1400 3120/234/1406 932/234/1408 928/217/1404
f 3121/210/1409 3122/213/1410 935/213/1411 933/210/1412
f 3122/213/1410 3121/210/1409 934/210/1413 936/213/1414
f 3122/213/1410 3123/215/1415 937/215/1416 935/213/1411
f 3123/215/1415 3122/213/1410 936/213/1414 938/215/1417
f 3123/215/1415 3121/210/1409 933/210/1412 937/215/1416
f 3121/210/1409 3123/215/1415 938/215/1417 934/210/1413
f 3124/235/1418 3125/155/1419 941/155/1420 939/235/1421
f 3125/155/1419 3124/235/1418 940/235/1422 942/155/1423
f 3125/155/1419 3126/217/1424 943/217/1425 941/155/1420
f 3126/217/1424 3125/155/1419 942/155/1423 944/217/1426
f 3126/217/1424 3124/235/1418 939/235/1421 943/217/1425
f 3124/235/1418 3126/217/1424 944/217/1426 940/235/1422
f 3127/217/1427 3128/226/1428 947/226/1429 945/217/1430
f 3128/226/1428 3127/217/1427 946/217/1431 948/226/1432
f 3128/226/1428 3129/235/1433 949/235/1434 947/226/1429
f 3129/235/1433 3128/226/1428 948/226/1432 950/235/1435
f 3129/235/1433 3127/217/1427 945/217/1430 949/235/1434
f 3127/217/1427 3129/235/1433 950/235/1435 946/217/1431
f 3130/236/1436 3131/154/1437 953/154/1438 951/236/1439
f 3131/154/1437 3130/236/1436 952/236/1440 954/154/1441
f 3131/154/1437 3132/179/1442 955/179/1443 953/154/1438
f 3132/179/1442 3131/154/1437 954/154/1441 956/179/1444
f 3132/179/1442 3130/236/1436 951/236/1439 955/179/1443
f 3130/236/1436 3132/179/1442 956/179/1444 952/236/1440
f 3133/198/1445 3134/186/1446 959/186/1447 957/198/1448
f 3134/186/1446 3133/198/1445 958/198/1449 960/186/1450
f 3134/186/1446 3135/183/1451 961/183/1452 959/186/1447
f 3135/183/1451 3134/186/1446 960/186/1450 962/183/1453
f 3135/183/1451 3133/198/1445 957/198/1448 961/183/1452
f 3133/198/1445 3135/183/1451 962/183/1453 958/198/1449
f 3136/237/1454 3137/181/1455 965/181/1456 963/237/1457
f 3137/181/1455 3136/237/1454 964/237/1458 966/181/1459
f 3137/181/1455 3138/156/1460 967/156/1461 965/181/1456
f 3138/156/1460 3137/181/1455 966/181/1459 968/156/1462
f 3138/156/1460 3136/237/1454 963/237/1457 967/156/1461
f 3136/237/1454 3138/156/1460 968/156/1462 964/237/1458
f 3139/173/1463 3140/185/1464 971/185/1465 969/173/1466
f 3140/185/1464 3139/173/1463 970/173/1467 972/185/1468
f 3140/185/1464 3141/216/1469 973/216/1470 971/185/1465
f 3141/216/1469 3140/185/1464 972/185/1468 974/216/1471
f 3141/216/1469 3139/173/1463 969/173/1466 973/216/1470
f 3139/173/1463 3141/216/1469 974/216/1471 970/173/1467
f 3142/221/1472 3143/231/1473 977/231/1474 975/221/1475
f 3143/231/1473 3142/221/1472 976/221/1476 978/231/1477
f 3143/231/1473 3144/211/1478 979/211/1479 977/231/1474
f 3144/211/1478 3143/231/1473 978/231/1477 980/211/1480
f 3144/211/1478 3142/221/1472 975/221/1475 979/211/1479
f 3142/221/1472 3144/211/1478 980/211/1480 976/221/1476
f 3145/227/1481 3146/228/1482 983/228/1483 981/227/1484
f 3146/228/1482 3145/227/1481 982/227/1485 984/228/1486
f 3146/228/1482 3147/238/1487 985/238/1488 983/228/1483
f 3147/238/1487 3146/228/1482 984/228/1486 986/238/1489
f 3147/238/1487 3145/227/1481 981/227/1484 985/238/1488
f 3145/227/1481 3147/238/1487 986/238/1489 982/227/1485
f 3148/217/1490 3149/234/1491 989/234/1492 987/217/1493
f 3149/234/1491 3148/217/1490 988/217/1494 990/234/1495
f 3149/234/1491 3150/226/1496 991/226/1497 989/234/1492
f 3150/226/1496 3149/234/1491 990/234/1495 992/226/1498
f 3150/226/1496 3148/217/1490 987/217/1493 991/226/1497
f 3148/217/1490 3150/226/1496 992/226/1498 988/217/1494
f 3151/195/1499 3152/239/1500 995/239/1501 993/195/1502
f 3152/239/1500 3151/195/1499 994/195/1503 996/239/1504
f 3152/239/1500 3153/240/1505 997/240/1506 995/239/1501
f 3153/240/1505 3152/239/1500 996/239/1504 998/240/1507
f 3153/240/1505 3151/195/1499 993/195/1502 997/240/1506
f 3151/195/1499 3153/240/1505 998/240/1507 994/195/1503
f 3154/197/1508 3155/193/1509 1001/193/1510 999/197/1511
f 3155/193/1509 3154/197/1508 1000/197/1512 1002/193/1513
f 3155/193/1509 3156/203/1514 1003/203/1515 1001/193/1510
f 3156/203/1514 3155/193/1509 1002/193/1513 1004/203/1516
f 3156/203/1514 3154/197/1508 999/197/1511 1003/203/1515
f 3154/197/1508 3156/203/1514 1004/203/1516 1000/197/1512
f 3157/234/1517 3158/241/1518 1007/241/1519 1005/234/1520
f 3158/241/1518 3157/234/1517 1006/234/1521 1008/241/1522
f 3158/241/1518 3159/226/1523 1009/226/1524 1007/241/1519
f 3159/226/1523 3158/241/1518 1008/241/1522 1010/226/1525
f 3159/226/1523 3157/234/1517 1005/234/1520 1009/226/1524
f 3157/234/1517 3159/226/1523 1010/226/1525 1006/234/1521
f 3160/242/1526 3161/167/1527 1013/167/1528 1011/242/1529
f 3161/167/1527 3160/242/1526 1012/242/1530 1014/167/1531
f 3161/167/1527 3162/243/1532 1015/243/1533 1013/167/1528
f 3162/243/1532 3161/167/1527 1014/167/1531 1016/243/1534
f 3162/243/1532 3160/242/1526 1011/242/1529 1015/243/1533
f 3160/242/1526 3162/243/1532 1016/243/1534 1012/242/1530
f 3163/226/1535 3164/241/1536 1019/241/1537 1017/226/1538
f 3164/241/1536 3163/226/1535 1018/226/1539 1020/241/1540
f 3164/241/1536 3165/187/1541 1021/187/1542 1019/241/1537
f 3165/187/1541 3164/241/1536 1020/241/1540 1022/187/1543
f 3165/187/1541 3163/226/1535 1017/226/1538 1021/187/1542
f 3163/226/1535 3165/187/1541 1022/187/1543 1018/226/1539
f 3166/199/1544 3167/184/1545 1025/184/1546 1023/199/1547
f 3167/184/1545 3166/199/1544 1024/199/1548 1026/184/1549
f 3167/184/1545 3168/244/1550 1027/244/1551 1025/184/1546
f 3168/244/1550 3167/184/1545 1026/184/1549 1028/244/1552
f 3168/244/1550 3166/199/1544 1023/199/1547 1027/244/1551
f 3166/199/1544 3168/244/1550 1028/244/1552 1024/199/1548
f 3169/47/1553 3170/177/1554 1031/177/1555 1029/47/1556
f 3170/177/1554 3169/47/1553 1030/47/1557 1032/177/1558
f 3170/177/1554 3171/181/1559 1033/181/1560 1031/177/1555
f 3171/181/1559 3170/177/1554 1032/177/1558 1034/181/1561
f 3171/181/1559 3169/47/1553 1029/47/1556 1033/181/1560
f 3169/47/1553 3171/181/1559 1034/181/1561 1030/47/1557
f 3172/178/1562 3173/47/1563 1037/47/1564 1035/178/1565
f 3173/47/1563 3172/178/1562 1036/178/1566 1038/47/1567
f 3173/47/1563 3174/245/1568 1039/245/1569 1037/47/1564
f 3174/245/1568 3173/47/1563 1038/47/1567 1040/245/1570
f 3174/245/1568 3172/178/1562 1035/178/1565 1039/245/1569
f 3172/178/1562 3174/245/1568 1040/245/1570 1036/178/1566
f 3175/201/1571 3176/203/1572 1043/203/1573 1041/201/1574
f 3176/203/1572 3175/201/1571 1042/201/1575 1044/203/1576
f 3176/203/1572 3177/246/1577 1045/246/1578 1043/203/1573
f 3177/246/1577 3176/203/1572 1044/203/1576 1046/246/1579
f 3177/246/1577 3175/201/1571 1041/201/1574 1045/246/1578
f 3175/201/1571 3177/246/1577 1046/246/1579 1042/201/1575
f 3178/184/1580 3179/172/1581 1049/172/1582 1047/184/1583
f 3179/172/1581 3178/184/1580 1048/184/1584 1050/172/1585
f 3179/172/1581 3180/245/1586 1051/245/1587 1049/172/1582
f 3180/245/1586 3179/172/1581 1050/172/1585 1052/245/1588
f 3180/245/1586 3178/184/1580 1047/184/1583 1051/245/1587
f 3178/184/1580 3180/245/1586 1052/245/1588 1048/184/1584
f 3181/247/1589 3182/246/1590 1055/246/1591 1053/247/1592
f 3182/246/1590 3181/247/1589 1054/247/1593 1056/246/1594
f 3182/246/1590 3183/248/1595 1057/248/1596 1055/246/1591
f 3183/248/1595 3182/246/1590 1056/246/1594 1058/248/1597
f 3183/248/1595 3181/247/1589 1053/247/1592 1057/248/1596
f 3181/247/1589 3183/248/1595 1058/248/1597 1054/247/1593
f 3184/244/1598 3185/184/1599 1061/184/1600 1059/244/1601
f 3185/184/1599 3184/244/1598 1060/244/1602 1062/184/1603
f 3185/184/1599 3186/249/1604 1063/249/1605 1061/184/1600
f 3186/249/1604 3185/184/1599 1062/184/1603 1064/249/1606
f 3186/249/1604 3184/244/1598 1059/244/1601 1063/249/1605
f 3184/244/1598 3186/249/1604 1064/249/1606 1060/244/1602
f 3187/221/1607 3188/250/1608 1067/250/1609 1065/221/1610
f 3188/250/1608 3187/221/1607 1066/221/1611 1068/250/1612
f 3188/250/1608 3189/231/1613 1069/231/1614 1067/250/1609
f 3189/231/1613 3188/250/1608 1068/250/1612 1070/231/1615
f 3189/231/1613 3187/221/1607 1065/221/1610 1069/231/1614
f 3187/221/1607 3189/231/1613 1070/231/1615 1066/221/1611
f 3190/178/1616 3191/152/1617 1073/152/1618 1071/178/1619
f 3191/152/1617 3190/178/1616 1072/178/1620 1074/152/1621
f 3191/152/1617 3192/47/1622 1075/47/1623 1073/152/1618
f 3192/47/1622 3191/152/1617 1074/152/1621 1076/47/1624
f 3192/47/1622 3190/178/1616 1071/178/1619 1075/47/1623
f 3190/178/1616 3192/47/1622 1076/47/1624 1072/178/1620
f 3193/251/1625 3194/231/1626 1079/231/1627 1077/251/1628
f 3194/231/1626 3193/251/1625 1078/251/1629 1080/231/1630
f 3194/231/1626 3195/250/1631 1081/250/1632 1079/231/1627
f 3195/250/1631 3194/231/1626 1080/231/1630 1082/250/1633
f 3195/250/1631 3193/251/1625 1077/251/1628 1081/250/1632
f 3193/251/1625 3195/250/1631 1082/250/1633 1078/251/1629
f 3196/141/1634 3197/252/1635 1085/252/1636 1083/141/1637
f 3197/252/1635 3196/141/1634 1084/141/1638 1086/252/1639
f 3197/252/1635 3198/142/1640 1087/142/1641 1085/252/1636
f 3198/142/1640 3197/252/1635 1086/252/1639 1088/142/1642
f 3198/142/1640 3196/141/1634 1083/141/1637 1087/142/1641
f 3196/141/1634 3198/142/1640 1088/142/1642 1084/141/1638
f 3199/141/1643 3200/223/1644 1091/223/1645 1089/141/1646
f 3200/223/1644 3199/141/1643 1090/141/1647 1092/223/1648
f 3200/223/1644 3201/252/1649 1093/252/1650 1091/223/1645
f 3201/252/1649 3200/223/1644 1092/223/1648 1094/252/1651
f 3201/252/1649 3199/141/1643 1089/141/1646 1093/252/1650
f 3199/141/1643 3201/252/1649 1094/252/1651 1090/141/1647
f 3202/178/1652 3203/245/1653 1097/245/1654 1095/178/1655
f 3203/245/1653 3202/178/1652 1096/178/1656 1098/245/1657
f 3203/245/1653 3204/172/1658 1099/172/1659 1097/245/1654
f 3204/172/1658 3203/245/1653 1098/245/1657 1100/172/1660
f 3204/172/1658 3202/178/1652 1095/178/1655 1099/172/1659
f 3202/178/1652 3204/172/1658 1100/172/1660 1096/178/1656
f 3205/199/1661 3206/244/1662 1103/244/1663 1101/199/1664
f 3206/244/1662 3205/199/1661 1102/199/1665 1104/244/1666
f 3206/244/1662 3207/253/1667 1105/253/1668 1103/244/1663
f 3207/253/1667 3206/244/1662 1104/244/1666 1106/253/1669
f 3207/253/1667 3205/199/1661 1101/199/1664 1105/253/1668
f 3205/199/1661 3207/253/1667 1106/253/1669 1102/199/1665
f 3208/179/1670 3209/227/1671 1109/227/1672 1107/179/1673
f 3209/227/1671 3208/179/1670 1108/179/1674 1110/227/1675
f 3209/227/1671 3210/238/1676 1111/238/1677 1109/227/1672
f 3210/238/1676 3209/227/1671 1110/227/1675 1112/238/1678
f 3210/238/1676 3208/179/1670 1107/179/1673 1111/238/1677
f 3208/179/1670 3210/238/1676 1112/238/1678 1108/179/1674
f 3211/193/1679 3212/254/1680 1115/254/1681 1113/193/1682
f 3212/254/1680 3211/193/1679 1114/193/1683 1116/254/1684
f 3212/254/1680 3213/203/1685 1117/203/1686 1115/254/1681
f 3213/203/1685 3212/254/1680 1116/254/1684 1118/203/1687
f 3213/203/1685 3211/193/1679 1113/193/1682 1117/203/1686
f 3211/193/1679 3213/203/1685 1118/203/1687 1114/193/1683
f 3214/250/1688 3215/221/1689 1121/221/1690 1119/250/1691
f 3215/221/1689 3214/250/1688 1120/250/1692 1122/221/1693
f 3215/221/1689 3216/247/1694 1123/247/1695 1121/221/1690
f 3216/247/1694 3215/221/1689 1122/221/1693 1124/247/1696
f 3216/247/1694 3214/250/1688 1119/250/1691 1123/247/1695
f 3214/250/1688 3216/247/1694 1124/247/1696 1120/250/1692
f 3217/251/1697 3218/228/1698 1127/228/1699 1125/251/1700
f 3218/228/1698 3217/251/1697 1126/251/1701 1128/228/1702
f 3218/228/1698 3219/212/1703 1129/212/1704 1127/228/1699
f 3219/212/1703 3218/228/1698 1128/228/1702 1130/212/1705
f 3219/212/1703 3217/251/1697 1125/251/1700 1129/212/1704
f 3217/251/1697 3219/212/1703 1130/212/1705 1126/251/1701
f 3220/228/1706 3221/251/1707 1133/251/1708 1131/228/1709
f 3221/251/1707 3220/228/1706 1132/228/1710 1134/251/1711
f 3221/251/1707 3222/255/1712 1135/255/1713 1133/251/1708
f 3222/255/1712 3221/251/1707 1134/251/1711 1136/255/1714
f 3222/255/1712 3220/228/1706 1131/228/1709 1135/255/1713
f 3220/228/1706 3222/255/1712 1136/255/1714 1132/228/1710
f 3223/239/1715 3224/195/1716 1139/195/1717 1137/239/1718
f 3224/195/1716 3223/239/1715 1138/239/1719 1140/195/1720
f 3224/195/1716 3225/230/1721 1141/230/1722 1139/195/1717
f 3225/230/1721 3224/195/1716 1140/195/1720 1142/230/1723
f 3225/230/1721 3223/239/1715 1137/239/1718 1141/230/1722
f 3223/239/1715 3225/230/1721 1142/230/1723 1138/239/1719
f 3226/212/1724 3227/231/1725 1145/231/1726 1143/212/1727
f 3227/231/1725 3226/212/1724 1144/212/1728 1146/231/1729
f 3227/231/1725 3228/251/1730 1147/251/1731 1145/231/1726
f 3228/251/1730 3227/231/1725 1146/231/1729 1148/251/1732
f 3228/251/1730 3226/212/1724 1143/212/1727 1147/251/1731
f 3226/212/1724 3228/251/1730 1148/251/1732 1144/212/1728
f 3229/256/1733 3230/181/1734 1151/181/1735 1149/256/1736
f 3230/181/1734 3229/256/1733 1150/256/1737 1152/181/1738
f 3230/181/1734 3231/237/1739 1153/237/1740 1151/181/1735
f 3231/237/1739 3230/181/1734 1152/181/1738 1154/237/1741
f 3231/237/1739 3229/256/1733 1149/256/1736 1153/237/1740
f 3229/256/1733 3231/237/1739 1154/237/1741 1150/256/1737
f 3232/237/1742 3233/156/1743 1157/156/1744 1155/237/1745
f 3233/156/1743 3232/237/1742 1156/237/1746 1158/156/1747
f 3233/156/1743 3234/257/1748 1159/257/1749 1157/156/1744
f 3234/257/1748 3233/156/1743 1158/156/1747 1160/257/1750
f 3234/257/1748 3232/237/1742 1155/237/1745 1159/257/1749
f 3232/237/1742 3234/257/1748 1160/257/1750 1156/237/1746
f 3235/223/1751 3236/258/1752 1163/258/1753 1161/223/1754
f 3236/258/1752 3235/223/1751 1162/223/1755 1164/258/1756
f 3236/258/1752 3237/252/1757 1165/252/1758 1163/258/1753
f 3237/252/1757 3236/258/1752 1164/258/1756 1166/252/1759
f 3237/252/1757 3235/223/1751 1161/223/1754 1165/252/1758
f 3235/223/1751 3237/252/1757 1166/252/1759 1162/223/1755
f 3238/259/1760 3239/236/1761 1169/236/1762 1167/259/1763
f 3239/236/1761 3238/259/1760 1168/259/1764 1170/236/1765
f 3239/236/1761 3240/179/1766 1171/179/1767 1169/236/1762
f 3240/179/1766 3239/236/1761 1170/236/1765 1172/179/1768
f 3240/179/1766 3238/259/1760 1167/259/1763 1171/179/1767
f 3238/259/1760 3240/179/1766 1172/179/1768 1168/259/1764
f 3241/181/1769 3242/256/1770 1175/256/1771 1173/181/1772
f 3242/256/1770 3241/181/1769 1174/181/1773 1176/256/1774
f 3242/256/1770 3243/49/1775 1177/49/1776 1175/256/1771
f 3243/49/1775 3242/256/1770 1176/256/1774 1178/49/1777
f 3243/49/1775 3241/181/1769 1173/181/1772 1177/49/1776
f 3241/181/1769 3243/49/1775 1178/49/1777 1174/181/1773
f 3244/193/1778 3245/195/1779 1181/195/1780 1179/193/1781
f 3245/195/1779 3244/193/1778 1180/193/1782 1182/195/1783
f 3245/195/1779 3246/254/1784 1183/254/1785 1181/195/1780
f 3246/254/1784 3245/195/1779 1182/195/1783 1184/254/1786
f 3246/254/1784 3244/193/1778 1179/193/1781 1183/254/1785
f 3244/193/1778 3246/254/1784 1184/254/1786 1180/193/1782
f 3247/47/1787 3248/152/1788 1187/152/1789 1185/47/1790
f 3248/152/1788 3247/47/1787 1186/47/1791 1188/152/1792
f 3248/152/1788 3249/177/1793 1189/177/1794 1187/152/1789
f 3249/177/1793 3248/152/1788 1188/152/1792 1190/177/1795
f 3249/177/1793 3247/47/1787 1185/47/1790 1189/177/1794
f 3247/47/1787 3249/177/1793 1190/177/1795 1186/47/1791
f 3250/225/1796 3251/187/1797 1193/187/1798 1191/225/1799
f 3251/187/1797 3250/225/1796 1192/225/1800 1194/187/1801
f 3251/187/1797 3252/189/1802 1195/189/1803 1193/187/1798
f 3252/189/1802 3251/187/1797 1194/187/1801 1196/189/1804
f 3252/189/1802 3250/225/1796 1191/225/1799 1195/189/1803
f 3250/225/1796 3252/189/1802 1196/189/1804 1192/225/1800
f 3253/254/1805 3254/195/1806 1207/195/1807 1205/254/1808
f 3254/195/1806 3253/254/1805 1206/254/1809 1208/195/1810
f 3254/195/1806 3255/240/1811 1209/240/1812 1207/195/1807
f 3255/240/1811 3254/195/1806 1208/195/1810 1210/240/1813
f 3255/240/1811 3253/254/1805 1205/254/1808 1209/240/1812
f 3253/254/1805 3255/240/1811 1210/240/1813 1206/254/1809
f 3256/260/1814 3257/233/1815 1213/233/1816 1211/260/1817
f 3257/233/1815 3256/260/1814 1212/260/1818 1214/233/1819
f 3257/233/1815 3258/217/1820 1215/217/1821 1213/233/1816
f 3258/217/1820 3257/233/1815 1214/233/1819 1216/217/1822
f 3258/217/1820 3256/260/1814 1211/260/1817 1215/217/1821
f 3256/260/1814 3258/217/1820 1216/217/1822 1212/260/1818
f 3259/140/1823 3260/205/1824 1219/205/1825 1217/140/1826
f 3260/205/1824 3259/140/1823 1218/140/1827 1220/205/1828
f 3260/205/1824 3261/189/1829 1221/189/1830 1219/205/1825
f 3261/189/1829 3260/205/1824 1220/205/1828 1222/189/1831
f 3261/189/1829 3259/140/1823 1217/140/1826 1221/189/1830
f 3259/140/1823 3261/189/1829 1222/189/1831 1218/140/1827
f 3262/261/1832 3263/253/1833 1225/253/1834 1223/261/1835
f 3263/253/1833 3262/261/1832 1224/261/1836 1226/253/1837
f 3263/253/1833 3264/230/1838 1227/230/1839 1225/253/1834
f 3264/230/1838 3263/253/1833 1226/253/1837 1228/230/1840
f 3264/230/1838 3262/261/1832 1223/261/1835 1227/230/1839
f 3262/261/1832 3264/230/1838 1228/230/1840 1224/261/1836
f 3265/199/1841 3266/253/1842 1231/253/1843 1229/199/1844
f 3266/253/1842 3265/199/1841 1230/199/1845 1232/253/1846
f 3266/253/1842 3267/261/1847 1233/261/1848 1231/253/1843
f 3267/261/1847 3266/253/1842 1232/253/1846 1234/261/1849
f 3267/261/1847 3265/199/1841 1229/199/1844 1233/261/1848
f 3265/199/1841 3267/261/1847 1234/261/1849 1230/199/1845
f 3268/262/1850 3269/138/1851 1237/138/1852 1235/262/1853
f 3269/138/1851 3268/262/1850 1236/262/1854 1238/138/1855
f 3269/138/1851 3270/263/1856 1239/263/1857 1237/138/1852
f 3270/263/1856 3269/138/1851 1238/138/1855 1240/263/1858
f 3270/263/1856 3268/262/1850 1235/262/1853 1239/263/1857
f 3268/262/1850 3270/263/1856 1240/263/1858 1236/262/1854
f 3271/138/1859 3272/262/1860 1235/262/1853 1237/138/1852
f 3272/262/1860 3271/138/1859 1238/138/1855 1236/262/1854
f 3272/262/1860 3273/139/1861 1241/139/1862 1235/262/1853
f 3273/139/1861 3272/262/1860 1236/262/1854 1242/139/1863
f 3273/139/1861 3271/138/1859 1237/138/1852 1241/139/1862
f 3271/138/1859 3273/139/1861 1242/139/1863 1238/138/1855
f 3274/49/1864 3275/48/1865 1245/48/1866 1243/49/1867
f 3275/48/1865 3274/49/1864 1244/49/1868 1246/48/1869
f 3275/48/1865 3276/181/1870 1247/181/1871 1245/48/1866
f 3276/181/1870 3275/48/1865 1246/48/1869 1248/181/1872
f 3276/181/1870 3274/49/1864 1243/49/1867 1247/181/1871
f 3274/49/1864 3276/181/1870 1248/181/1872 1244/49/1868
f 3277/264/1873 3278/156/1874 1249/156/1875 1251/264/1876
f 3278/156/1874 3277/264/1873 1252/264/1877 1250/156/1878
f 3278/156/1874 3279/265/1879 1253/265/1880 1249/156/1875
f 3279/265/1879 3278/156/1874 1250/156/1878 1254/265/1881
f 3279/265/1879 3277/264/1873 1251/264/1876 1253/265/1880
f 3277/264/1873 3279/265/1879 1254/265/1881 1252/264/1877
f 3280/253/1882 3281/244/1883 1257/244/1884 1255/253/1885
f 3281/244/1883 3280/253/1882 1256/253/1886 1258/244/1887
f 3281/244/1883 3282/266/1888 1259/266/1889 1257/244/1884
f 3282/266/1888 3281/244/1883 1258/244/1887 1260/266/1890
f 3282/266/1888 3280/253/1882 1255/253/1885 1259/266/1889
f 3280/253/1882 3282/266/1888 1260/266/1890 1256/253/1886
f 3283/139/1891 3284/267/1892 1263/267/1893 1261/139/1894
f 3284/267/1892 3283/139/1891 1262/139/1895 1264/267/1896
f 3284/267/1892 3285/145/1897 1265/145/1898 1263/267/1893
f 3285/145/1897 3284/267/1892 1264/267/1896 1266/145/1899
f 3285/145/1897 3283/139/1891 1261/139/1894 1265/145/1898
f 3283/139/1891 3285/145/1897 1266/145/1899 1262/139/1895
f 3286/158/1900 3287/268/1901 1269/268/1902 1267/158/1903
f 3287/268/1901 3286/158/1900 1268/158/1904 1270/268/1905
f 3287/268/1901 3288/265/1906 1271/265/1907 1269/268/1902
f 3288/265/1906 3287/268/1901 1270/268/1905 1272/265/1908
f 3288/265/1906 3286/158/1900 1267/158/1903 1271/265/1907
f 3286/158/1900 3288/265/1906 1272/265/1908 1268/158/1904
f 3289/243/1909 3290/167/1910 1275/167/1911 1273/243/1912
f 3290/167/1910 3289/243/1909 1274/243/1913 1276/167/1914
f 3290/167/1910 3291/222/1915 1277/222/1916 1275/167/1911
f 3291/222/1915 3290/167/1910 1276/167/1914 1278/222/1917
f 3291/222/1915 3289/243/1909 1273/243/1912 1277/222/1916
f 3289/243/1909 3291/222/1915 1278/222/1917 1274/243/1913
f 3292/269/1918 3293/268/1919 1281/268/1920 1279/269/1921
f 3293/268/1919 3292/269/1918 1280/269/1922 1282/268/1923
f 3293/268/1919 3294/158/1924 1283/158/1925 1281/268/1920
f 3294/158/1924 3293/268/1919 1282/268/1923 1284/158/1926
f 3294/158/1924 3292/269/1918 1279/269/1921 1283/158/1925
f 3292/269/1918 3294/158/1924 1284/158/1926 1280/269/1922
f 3295/158/1927 3296/145/1928 1285/145/1929 1283/158/1925
f 3296/145/1928 3295/158/1927 1284/158/1926 1286/145/1930
f 3296/145/1928 3297/269/1931 1279/269/1921 1285/145/1929
f 3297/269/1931 3296/145/1928 1286/145/1930 1280/269/1922
f 3297/269/1931 3295/158/1927 1283/158/1925 1279/269/1921
f 3295/158/1927 3297/269/1931 1280/269/1922 1284/158/1926
f 3298/267/1932 3299/262/1933 1289/262/1934 1287/267/1935
f 3299/262/1933 3298/267/1932 1288/267/1936 1290/262/1937
f 3299/262/1933 3300/270/1938 1291/270/1939 1289/262/1934
f 3300/270/1938 3299/262/1933 1290/262/1937 1292/270/1940
f 3300/270/1938 3298/267/1932 1287/267/1935 1291/270/1939
f 3298/267/1932 3300/270/1938 1292/270/1940 1288/267/1936
f 3301/242/1941 3302/271/1942 1295/271/1943 1293/242/1944
f 3302/271/1942 3301/242/1941 1294/242/1945 1296/271/1946
f 3302/271/1942 3303/167/1947 1297/167/1948 1295/271/1943
f 3303/167/1947 3302/271/1942 1296/271/1946 1298/167/1949
f 3303/167/1947 3301/242/1941 1293/242/1944 1297/167/1948
f 3301/242/1941 3303/167/1947 1298/167/1949 1294/242/1945
f 3304/242/1950 3305/136/1951 1301/136/1952 1299/242/1953
f 3305/136/1951 3304/242/1950 1300/242/1954 1302/136/1955
f 3305/136/1951 3306/271/1956 1303/271/1957 1301/136/1952
f 3306/271/1956 3305/136/1951 1302/136/1955 1304/271/1958
f 3306/271/1956 3304/242/1950 1299/242/1953 1303/271/1957
f 3304/242/1950 3306/271/1956 1304/271/1958 1300/242/1954
f 3307/47/1959 3308/181/1960 1307/181/1961 1305/47/1962
f 3308/181/1960 3307/47/1959 1306/47/1963 1308/181/1964
f 3308/181/1960 3309/48/1965 1309/48/1966 1307/181/1961
f 3309/48/1965 3308/181/1960 1308/181/1964 1310/48/1967
f 3309/48/1965 3307/47/1959 1305/47/1962 1309/48/1966
f 3307/47/1959 3309/48/1965 1310/48/1967 1306/47/1963
f 3310/252/1968 3311/272/1969 1313/272/1970 1311/252/1971
f 3311/272/1969 3310/252/1968 1312/252/1972 1314/272/1973
f 3311/272/1969 3312/142/1974 1315/142/1975 1313/272/1970
f 3312/142/1974 3311/272/1969 1314/272/1973 1316/142/1976
f 3312/142/1974 3310/252/1968 1311/252/1971 1315/142/1975
f 3310/252/1968 3312/142/1974 1316/142/1976 1312/252/1972
f 3313/272/1977 3314/147/1978 1319/147/1979 1317/272/1980
f 3314/147/1978 3313/272/1977 1318/272/1981 1320/147/1982
f 3314/147/1978 3315/132/1983 1321/132/1984 1319/147/1979
f 3315/132/1983 3314/147/1978 1320/147/1982 1322/132/1985
f 3315/132/1983 3313/272/1977 1317/272/1980 1321/132/1984
f 3313/272/1977 3315/132/1983 1322/132/1985 1318/272/1981
f 3316/134/1986 3317/263/1987 1325/263/1988 1323/134/1989
f 3317/263/1987 3316/134/1986 1324/134/1990 1326/263/1991
f 3317/263/1987 3318/138/1992 1327/138/1993 1325/263/1988
f 3318/138/1992 3317/263/1987 1326/263/1991 1328/138/1994
f 3318/138/1992 3316/134/1986 1323/134/1989 1327/138/1993
f 3316/134/1986 3318/138/1992 1328/138/1994 1324/134/1990
f 3319/263/1995 3320/134/1996 1323/134/1989 1325/263/1988
f 3320/134/1996 3319/263/1995 1326/263/1991 1324/134/1990
f 3320/134/1996 3321/273/1997 1329/273/1998 1323/134/1989
f 3321/273/1997 3320/134/1996 1324/134/1990 1330/273/1999
f 3321/273/1997 3319/263/1995 1325/263/1988 1329/273/1998
f 3319/263/1995 3321/273/1997 1330/273/1999 1326/263/1991
f 3322/136/2000 3323/274/2001 1333/274/2002 1331/136/2003
f 3323/274/2001 3322/136/2000 1332/136/2004 1334/274/2005
f 3323/274/2001 3324/134/2006 1335/134/2007 1333/274/2002
f 3324/134/2006 3323/274/2001 1334/274/2005 1336/134/2008
f 3324/134/2006 3322/136/2000 1331/136/2003 1335/134/2007
f 3322/136/2000 3324/134/2006 1336/134/2008 1332/136/2004
f 3325/273/2009 3326/134/2010 1335/134/2007 1337/273/2011
f 3326/134/2010 3325/273/2009 1338/273/2012 1336/134/2008
f 3326/134/2010 3327/274/2013 1333/274/2002 1335/134/2007
f 3327/274/2013 3326/134/2010 1336/134/2008 1334/274/2005
f 3327/274/2013 3325/273/2009 1337/273/2011 1333/274/2002
f 3325/273/2009 3327/274/2013 1334/274/2005 1338/273/2012
f 3328/274/2014 3329/136/2015 1341/136/2016 1339/274/2017
f 3329/136/2015 3328/274/2014 1340/274/2018 1342/136/2019
f 3329/136/2015 3330/275/2020 1343/275/2021 1341/136/2016
f 3330/275/2020 3329/136/2015 1342/136/2019 1344/275/2022
f 3330/275/2020 3328/274/2014 1339/274/2017 1343/275/2021
f 3328/274/2014 3330/275/2020 1344/275/2022 1340/274/2018
f 3331/242/2023 3332/275/2024 1347/275/2025 1345/242/2026
f 3332/275/2024 3331/242/2023 1346/242/2027 1348/275/2028
f 3332/275/2024 3333/136/2029 1349/136/2030 1347/275/2025
f 3333/136/2029 3332/275/2024 1348/275/2028 1350/136/2031
f 3333/136/2029 3331/242/2023 1345/242/2026 1349/136/2030
f 3331/242/2023 3333/136/2029 1350/136/2031 1346/242/2027
f 3334/147/2032 3335/272/2033 1353/272/2034 1351/147/2035
f 3335/272/2033 3334/147/2032 1352/147/2036 1354/272/2037
f 3335/272/2033 3336/148/2038 1355/148/2039 1353/272/2034
f 3336/148/2038 3335/272/2033 1354/272/2037 1356/148/2040
f 3336/148/2038 3334/147/2032 1351/147/2035 1355/148/2039
f 3334/147/2032 3336/148/2038 1356/148/2040 1352/147/2036
f 3337/205/2041 3338/276/2042 1359/276/2043 1357/205/2044
f 3338/276/2042 3337/205/2041 1358/205/2045 1360/276/2046
f 3338/276/2042 3339/189/2047 1361/189/2048 1359/276/2043
f 3339/189/2047 3338/276/2042 1360/276/2046 1362/189/2049
f 3339/189/2047 3337/205/2041 1357/205/2044 1361/189/2048
f 3337/205/2041 3339/189/2047 1362/189/2049 1358/205/2045
f 3340/277/2050 3341/278/2051 1365/278/2052 1363/277/2053
f 3341/278/2051 3340/277/2050 1364/277/2054 1366/278/2055
f 3341/278/2051 3342/279/2056 1367/279/2057 1365/278/2052
f 3342/279/2056 3341/278/2051 1366/278/2055 1368/279/2058
f 3342/279/2056 3340/277/2050 1363/277/2053 1367/279/2057
f 3340/277/2050 3342/279/2056 1368/279/2058 1364/277/2054
f 3343/280/2059 3344/277/2060 1371/277/2061 1369/280/2062
f 3344/277/2060 3343/280/2059 1370/280/2063 1372/277/2064
f 3344/277/2060 3345/281/2065 1373/281/2066 1371/277/2061
f 3345/281/2065 3344/277/2060 1372/277/2064 1374/281/2067
f 3345/281/2065 3343/280/2059 1369/280/2062 1373/281/2066
f 3343/280/2059 3345/281/2065 1374/281/2067 1370/280/2063
f 3346/277/2068 3347/280/2069 1377/280/2070 1375/277/2071
f 3347/280/2069 3346/277/2068 1376/277/2072 1378/280/2073
f 3347/280/2069 3348/282/2074 1379/282/2075 1377/280/2070
f 3348/282/2074 3347/280/2069 1378/280/2073 1380/282/2076
f 3348/282/2074 3346/277/2068 1375/277/2071 1379/282/2075
f 3346/277/2068 3348/282/2074 1380/282/2076 1376/277/2072
f 3349/277/2077 3350/283/2078 1383/283/2079 1381/277/2080
f 3350/283/2078 3349/277/2077 1382/277/2081 1384/283/2082
f 3350/283/2078 3351/281/2083 1385/281/2084 1383/283/2079
f 3351/281/2083 3350/283/2078 1384/283/2082 1386/281/2085
f 3351/281/2083 3349/277/2077 1381/277/2080 1385/281/2084
f 3349/277/2077 3351/281/2083 1386/281/2085 1382/277/2081
f 3352/279/2086 3353/278/2087 1389/278/2088 1387/279/2089
f 3353/278/2087 3352/279/2086 1388/279/2090 1390/278/2091
f 3353/278/2087 3354/284/2092 1391/284/2093 1389/278/2088
f 3354/284/2092 3353/278/2087 1390/278/2091 1392/284/2094
f 3354/284/2092 3352/279/2086 1387/279/2089 1391/284/2093
f 3352/279/2086 3354/284/2092 1392/284/2094 1388/279/2090
f 3355/285/2095 3356/286/2096 1395/286/2097 1393/285/2098
f 3356/286/2096 3355/285/2095 1394/285/2099 1396/286/2100
f 3356/286/2096 3357/287/2101 1397/287/2102 1395/286/2097
f 3357/287/2101 3356/286/2096 1396/286/2100 1398/287/2103
f 3357/287/2101 3355/285/2095 1393/285/2098 1397/287/2102
f 3355/285/2095 3357/287/2101 1398/287/2103 1394/285/2099
f 3358/288/2104 3359/280/2105 1401/280/2106 1399/288/2107
f 3359/280/2105 3358/288/2104 1400/288/2108 1402/280/2109
f 3359/280/2105 3360/289/2110 1403/289/2111 1401/280/2106
f 3360/289/2110 3359/280/2105 1402/280/2109 1404/289/2112
f 3360/289/2110 3358/288/2104 1399/288/2107 1403/289/2111
f 3358/288/2104 3360/289/2110 1404/289/2112 1400/288/2108
f 3361/282/2113 3362/290/2114 1407/290/2115 1405/282/2116
f 3362/290/2114 3361/282/2113 1406/282/2117 1408/290/2118
f 3362/290/2114 3363/277/2119 1409/277/2120 1407/290/2115
f 3363/277/2119 3362/290/2114 1408/290/2118 1410/277/2121
f 3363/277/2119 3361/282/2113 1405/282/2116 1409/277/2120
f 3361/282/2113 3363/277/2119 1410/277/2121 1406/282/2117
f 3364/291/2122 3365/292/2123 1413/292/2124 1411/291/2125
f 3365/292/2123 3364/291/2122 1412/291/2126 1414/292/2127
f 3365/292/2123 3366/293/2128 1415/293/2129 1413/292/2124
f 3366/293/2128 3365/292/2123 1414/292/2127 1416/293/2130
f 3366/293/2128 3364/291/2122 1411/291/2125 1415/293/2129
f 3364/291/2122 3366/293/2128 1416/293/2130 1412/291/2126
f 3367/280/2131 3368/281/2132 1419/281/2133 1417/280/2134
f 3368/281/2132 3367/280/2131 1418/280/2135 1420/281/2136
f 3368/281/2132 3369/294/2137 1421/294/2138 1419/281/2133
f 3369/294/2137 3368/281/2132 1420/281/2136 1422/294/2139
f 3369/294/2137 3367/280/2131 1417/280/2134 1421/294/2138
f 3367/280/2131 3369/294/2137 1422/294/2139 1418/280/2135
f 3370/295/2140 3371/296/2141 1425/296/2142 1423/295/2143
f 3371/296/2141 3370/295/2140 1424/295/2144 1426/296/2145
f 3371/296/2141 3372/297/2146 1427/297/2147 1425/296/2142
f 3372/297/2146 3371/296/2141 1426/296/2145 1428/297/2148
f 3372/297/2146 3370/295/2140 1423/295/2143 1427/297/2147
f 3370/295/2140 3372/297/2146 1428/297/2148 1424/295/2144
f 3373/298/2149 3374/299/2150 1431/299/2151 1429/298/2152
f 3374/299/2150 3373/298/2149 1430/298/2153 1432/299/2154
f 3374/299/2150 3375/300/2155 1433/300/2156 1431/299/2151
f 3375/300/2155 3374/299/2150 1432/299/2154 1434/300/2157
f 3375/300/2155 3373/298/2149 1429/298/2152 1433/300/2156
f 3373/298/2149 3375/300/2155 1434/300/2157 1430/298/2153
f 3376/288/2158 3377/301/2159 1437/301/2160 1435/288/2161
f 3377/301/2159 3376/288/2158 1436/288/2162 1438/301/2163
f 3377/301/2159 3378/280/2164 1439/280/2165 1437/301/2160
f 3378/280/2164 3377/301/2159 1438/301/2163 1440/280/2166
f 3378/280/2164 3376/288/2158 1435/288/2161 1439/280/2165
f 3376/288/2158 3378/280/2164 1440/280/2166 1436/288/2162
f 3379/289/2167 3380/280/2168 1443/280/2169 1441/289/2170
f 3380/280/2168 3379/289/2167 1442/289/2171 1444/280/2172
f 3380/280/2168 3381/294/2173 1445/294/2174 1443/280/2169
f 3381/294/2173 3380/280/2168 1444/280/2172 1446/294/2175
f 3381/294/2173 3379/289/2167 1441/289/2170 1445/294/2174
f 3379/289/2167 3381/294/2173 1446/294/2175 1442/289/2171
f 3382/288/2176 3383/302/2177 1449/302/2178 1447/288/2179
f 3383/302/2177 3382/288/2176 1448/288/2180 1450/302/2181
f 3383/302/2177 3384/301/2182 1451/301/2183 1449/302/2178
f 3384/301/2182 3383/302/2177 1450/302/2181 1452/301/2184
f 3384/301/2182 3382/288/2176 1447/288/2179 1451/301/2183
f 3382/288/2176 3384/301/2182 1452/301/2184 1448/288/2180
f 3385/286/2185 3386/303/2186 1455/303/2187 1453/286/2188
f 3386/303/2186 3385/286/2185 1454/286/2189 1456/303/2190
f 3386/303/2186 3387/287/2191 1457/287/2192 1455/303/2187
f 3387/287/2191 3386/303/2186 1456/303/2190 1458/287/2193
f 3387/287/2191 3385/286/2185 1453/286/2188 1457/287/2192
f 3385/286/2185 3387/287/2191 1458/287/2193 1454/286/2189
f 3388/304/2194 3389/305/2195 1461/305/2196 1459/304/2197
f 3389/305/2195 3388/304/2194 1460/304/2198 1462/305/2199
f 3389/305/2195 3390/306/2200 1463/306/2201 1461/305/2196
f 3390/306/2200 3389/305/2195 1462/305/2199 1464/306/2202
f 3390/306/2200 3388/304/2194 1459/304/2197 1463/306/2201
f 3388/304/2194 3390/306/2200 1464/306/2202 1460/304/2198
f 3391/307/2203 3392/308/2204 1467/308/2205 1465/307/2206
f 3392/308/2204 3391/307/2203 1466/307/2207 1468/308/2208
f 3392/308/2204 3393/309/2209 1469/309/2210 1467/308/2205
f 3393/309/2209 3392/308/2204 1468/308/2208 1470/309/2211
f 3393/309/2209 3391/307/2203 1465/307/2206 1469/309/2210
f 3391/307/2203 3393/309/2209 1470/309/2211 1466/307/2207
f 3394/310/2212 3395/311/2213 1473/311/2214 1471/310/2215
f 3395/311/2213 3394/310/2212 1472/310/2216 1474/311/2217
f 3395/311/2213 3396/306/2218 1475/306/2219 1473/311/2214
f 3396/306/2218 3395/311/2213 1474/311/2217 1476/306/2220
f 3396/306/2218 3394/310/2212 1471/310/2215 1475/306/2219
f 3394/310/2212 3396/306/2218 1476/306/2220 1472/310/2216
f 3397/310/2221 3398/312/2222 1479/312/2223 1477/310/2224
f 3398/312/2222 3397/310/2221 1478/310/2225 1480/312/2226
f 3398/312/2222 3399/311/2227 1481/311/2228 1479/312/2223
f 3399/311/2227 3398/312/2222 1480/312/2226 1482/311/2229
f 3399/311/2227 3397/310/2221 1477/310/2224 1481/311/2228
f 3397/310/2221 3399/311/2227 1482/311/2229 1478/310/2225
f 3400/313/2230 3401/314/2231 1485/314/2232 1483/313/2233
f 3401/314/2231 3400/313/2230 1484/313/2234 1486/314/2235
f 3401/314/2231 3402/315/2236 1487/315/2237 1485/314/2232
f 3402/315/2236 3401/314/2231 1486/314/2235 1488/315/2238
f 3402/315/2236 3400/313/2230 1483/313/2233 1487/315/2237
f 3400/313/2230 3402/315/2236 1488/315/2238 1484/313/2234
f 3403/316/2239 3404/317/2240 1491/317/2241 1489/316/2242
f 3404/317/2240 3403/316/2239 1490/316/2243 1492/317/2244
f 3404/317/2240 3405/307/2245 1493/307/2246 1491/317/2241
f 3405/307/2245 3404/317/2240 1492/317/2244 1494/307/2247
f 3405/307/2245 3403/316/2239 1489/316/2242 1493/307/2246
f 3403/316/2239 3405/307/2245 1494/307/2247 1490/316/2243
f 3406/318/2248 3407/285/2249 1497/285/2250 1495/318/2251
f 3407/285/2249 3406/318/2248 1496/318/2252 1498/285/2253
f 3407/285/2249 3408/287/2254 1499/287/2255 1497/285/2250
f 3408/287/2254 3407/285/2249 1498/285/2253 1500/287/2256
f 3408/287/2254 3406/318/2248 1495/318/2251 1499/287/2255
f 3406/318/2248 3408/287/2254 1500/287/2256 1496/318/2252
f 3409/314/2257 3410/310/2258 1503/310/2259 1501/314/2260
f 3410/310/2258 3409/314/2257 1502/314/2261 1504/310/2262
f 3410/310/2258 3411/306/2263 1505/306/2264 1503/310/2259
f 3411/306/2263 3410/310/2258 1504/310/2262 1506/306/2265
f 3411/306/2263 3409/314/2257 1501/314/2260 1505/306/2264
f 3409/314/2257 3411/306/2263 1506/306/2265 1502/314/2261
f 3412/315/2266 3413/314/2267 1509/314/2268 1507/315/2269
f 3413/314/2267 3412/315/2266 1508/315/2270 1510/314/2271
f 3413/314/2267 3414/305/2272 1511/305/2273 1509/314/2268
f 3414/305/2272 3413/314/2267 1510/314/2271 1512/305/2274
f 3414/305/2272 3412/315/2266 1507/315/2269 1511/305/2273
f 3412/315/2266 3414/305/2272 1512/305/2274 1508/315/2270
f 3415/319/2275 3416/320/2276 1515/320/2277 1513/319/2278
f 3416/320/2276 3415/319/2275 1514/319/2279 1516/320/2280
f 3416/320/2276 3417/321/2281 1517/321/2282 1515/320/2277
f 3417/321/2281 3416/320/2276 1516/320/2280 1518/321/2283
f 3417/321/2281 3415/319/2275 1513/319/2278 1517/321/2282
f 3415/319/2275 3417/321/2281 1518/321/2283 1514/319/2279
f 3418/322/2284 3419/321/2285 1521/321/2286 1519/322/2287
f 3419/321/2285 3418/322/2284 1520/322/2288 1522/321/2289
f 3419/321/2285 3420/323/2290 1523/323/2291 1521/321/2286
f 3420/323/2290 3419/321/2285 1522/321/2289 1524/323/2292
f 3420/323/2290 3418/322/2284 1519/322/2287 1523/323/2291
f 3418/322/2284 3420/323/2290 1524/323/2292 1520/322/2288
f 3421/36/2293 3422/59/2294 203/59/2295 197/36/2296
f 3422/59/2294 3421/36/2293 198/36/2297 204/59/2298
f 3422/59/2294 3423/58/2299 199/58/2300 203/59/2295
f 3423/58/2299 3422/59/2294 204/59/2298 200/58/2301
f 3423/58/2299 3424/40/2302 201/40/2303 199/58/2300
f 3424/40/2302 3423/58/2299 200/58/2301 202/40/2304
f 3424/40/2302 3421/36/2293 197/36/2296 201/40/2303
f 3421/36/2293 3424/40/2302 202/40/2304 198/36/2297
f 3425/324/2305 3426/325/2306 1535/325/2307 1533/324/2308
f 3426/325/2306 3425/324/2305 1534/324/2309 1536/325/2310
f 3426/325/2306 3427/326/2311 1537/326/2312 1535/325/2307
f 3427/326/2311 3426/325/2306 1536/325/2310 1538/326/2313
f 3427/326/2311 3425/324/2305 1533/324/2308 1537/326/2312
f 3425/324/2305 3427/326/2311 1538/326/2313 1534/324/2309
f 3428/306/2314 3429/327/2315 1541/327/2316 1539/306/2317
f 3429/327/2315 3428/306/2314 1540/306/2318 1542/327/2319
f 3429/327/2315 3430/328/2320 1543/328/2321 1541/327/2316
f 3430/328/2320 3429/327/2315 1542/327/2319 1544/328/2322
f 3430/328/2320 3428/306/2314 1539/306/2317 1543/328/2321
f 3428/306/2314 3430/328/2320 1544/328/2322 1540/306/2318
f 3431/329/2323 3432/326/2324 1547/326/2325 1545/329/2326
f 3432/326/2324 3431/329/2323 1546/329/2327 1548/326/2328
f 3432/326/2324 3433/330/2329 1549/330/2330 1547/326/2325
f 3433/330/2329 3432/326/2324 1548/326/2328 1550/330/2331
f 3433/330/2329 3431/329/2323 1545/329/2326 1549/330/2330
f 3431/329/2323 3433/330/2329 1550/330/2331 1546/329/2327
f 3434/331/2332 3435/332/2333 1553/332/2334 1551/331/2335
f 3435/332/2333 3434/331/2332 1552/331/2336 1554/332/2337
f 3435/332/2333 3436/333/2338 1555/333/2339 1553/332/2334
f 3436/333/2338 3435/332/2333 1554/332/2337 1556/333/2340
f 3436/333/2338 3434/331/2332 1551/331/2335 1555/333/2339
f 3434/331/2332 3436/333/2338 1556/333/2340 1552/331/2336
f 3437/332/2341 3438/334/2342 1559/334/2343 1557/332/2344
f 3438/334/2342 3437/332/2341 1558/332/2345 1560/334/2346
f 3438/334/2342 3439/335/2347 1561/335/2348 1559/334/2343
f 3439/335/2347 3438/334/2342 1560/334/2346 1562/335/2349
f 3439/335/2347 3437/332/2341 1557/332/2344 1561/335/2348
f 3437/332/2341 3439/335/2347 1562/335/2349 1558/332/2345
f 3440/308/2350 3441/307/2351 1565/307/2352 1563/308/2353
f 3441/307/2351 3440/308/2350 1564/308/2354 1566/307/2355
f 3441/307/2351 3442/336/2356 1567/336/2357 1565/307/2352
f 3442/336/2356 3441/307/2351 1566/307/2355 1568/336/2358
f 3442/336/2356 3440/308/2350 1563/308/2353 1567/336/2357
f 3440/308/2350 3442/336/2356 1568/336/2358 1564/308/2354
f 3443/337/2359 3444/333/2360 1571/333/2361 1569/337/2362
f 3444/333/2360 3443/337/2359 1570/337/2363 1572/333/2364
f 3444/333/2360 3445/332/2365 1573/332/2366 1571/333/2361
f 3445/332/2365 3444/333/2360 1572/333/2364 1574/332/2367
f 3445/332/2365 3443/337/2359 1569/337/2362 1573/332/2366
f 3443/337/2359 3445/332/2365 1574/332/2367 1570/337/2363
f 3446/334/2368 3447/338/2369 1577/338/2370 1575/334/2371
f 3447/338/2369 3446/334/2368 1576/334/2372 1578/338/2373
f 3447/338/2369 3448/335/2374 1579/335/2375 1577/338/2370
f 3448/335/2374 3447/338/2369 1578/338/2373 1580/335/2376
f 3448/335/2374 3446/334/2368 1575/334/2371 1579/335/2375
f 3446/334/2368 3448/335/2374 1580/335/2376 1576/334/2372
f 3449/339/2377 3450/340/2378 1583/340/2379 1581/339/2380
f 3450/340/2378 3449/339/2377 1582/339/2381 1584/340/2382
f 3450/340/2378 3451/341/2383 1585/341/2384 1583/340/2379
f 3451/341/2383 3450/340/2378 1584/340/2382 1586/341/2385
f 3451/341/2383 3449/339/2377 1581/339/2380 1585/341/2384
f 3449/339/2377 3451/341/2383 1586/341/2385 1582/339/2381
f 3452/304/2386 3453/306/2387 1589/306/2388 1587/304/2389
f 3453/306/2387 3452/304/2386 1588/304/2390 1590/306/2391
f 3453/306/2387 3454/328/2392 1591/328/2393 1589/306/2388
f 3454/328/2392 3453/306/2387 1590/306/2391 1592/328/2394
f 3454/328/2392 3452/304/2386 1587/304/2389 1591/328/2393
f 3452/304/2386 3454/328/2392 1592/328/2394 1588/304/2390
f 3455/342/2395 3456/343/2396 1595/343/2397 1593/342/2398
f 3456/343/2396 3455/342/2395 1594/342/2399 1596/343/2400
f 3456/343/2396 3457/344/2401 1597/344/2402 1595/343/2397
f 3457/344/2401 3456/343/2396 1596/343/2400 1598/344/2403
f 3457/344/2401 3455/342/2395 1593/342/2398 1597/344/2402
f 3455/342/2395 3457/344/2401 1598/344/2403 1594/342/2399
f 3458/345/2404 3459/346/2405 1601/346/2406 1599/345/2407
f 3459/346/2405 3458/345/2404 1600/345/2408 1602/346/2409
f 3459/346/2405 3460/347/2410 1603/347/2411 1601/346/2406
f 3460/347/2410 3459/346/2405 1602/346/2409 1604/347/2412
f 3460/347/2410 3458/345/2404 1599/345/2407 1603/347/2411
f 3458/345/2404 3460/347/2410 1604/347/2412 1600/345/2408
f 3461/342/2413 3462/340/2414 1607/340/2415 1605/342/2416
f 3462/340/2414 3461/342/2413 1606/342/2417 1608/340/2418
f 3462/340/2414 3463/348/2419 1609/348/2420 1607/340/2415
f 3463/348/2419 3462/340/2414 1608/340/2418 1610/348/2421
f 3463/348/2419 3461/342/2413 1605/342/2416 1609/348/2420
f 3461/342/2413 3463/348/2419 1610/348/2421 1606/342/2417
f 3464/349/2422 3465/350/2423 1613/350/2424 1611/349/2425
f 3465/350/2423 3464/349/2422 1612/349/2426 1614/350/2427
f 3465/350/2423 3466/351/2428 1615/351/2429 1613/350/2424
f 3466/351/2428 3465/350/2423 1614/350/2427 1616/351/2430
f 3466/351/2428 3464/349/2422 1611/349/2425 1615/351/2429
f 3464/349/2422 3466/351/2428 1616/351/2430 1612/349/2426
f 3467/352/2431 3468/353/2432 1619/353/2433 1617/352/2434
f 3468/353/2432 3467/352/2431 1618/352/2435 1620/353/2436
f 3468/353/2432 3469/345/2437 1621/345/2438 1619/353/2433
f 3469/345/2437 3468/353/2432 1620/353/2436 1622/345/2439
f 3469/345/2437 3467/352/2431 1617/352/2434 1621/345/2438
f 3467/352/2431 3469/345/2437 1622/345/2439 1618/352/2435
f 3470/286/2440 3471/327/2441 1625/327/2442 1623/286/2443
f 3471/327/2441 3470/286/2440 1624/286/2444 1626/327/2445
f 3471/327/2441 3472/303/2446 1627/303/2447 1625/327/2442
f 3472/303/2446 3471/327/2441 1626/327/2445 1628/303/2448
f 3472/303/2446 3470/286/2440 1623/286/2443 1627/303/2447
f 3470/286/2440 3472/303/2446 1628/303/2448 1624/286/2444
f 3473/354/2449 3474/355/2450 1631/355/2451 1629/354/2452
f 3474/355/2450 3473/354/2449 1630/354/2453 1632/355/2454
f 3474/355/2450 3475/356/2455 1633/356/2456 1631/355/2451
f 3475/356/2455 3474/355/2450 1632/355/2454 1634/356/2457
f 3475/356/2455 3473/354/2449 1629/354/2452 1633/356/2456
f 3473/354/2449 3475/356/2455 1634/356/2457 1630/354/2453
f 3476/345/2458 3477/357/2459 1637/357/2460 1635/345/2461
f 3477/357/2459 3476/345/2458 1636/345/2462 1638/357/2463
f 3477/357/2459 3478/346/2464 1639/346/2465 1637/357/2460
f 3478/346/2464 3477/357/2459 1638/357/2463 1640/346/2466
f 3478/346/2464 3476/345/2458 1635/345/2461 1639/346/2465
f 3476/345/2458 3478/346/2464 1640/346/2466 1636/345/2462
f 3479/358/2467 3480/359/2468 1643/359/2469 1641/358/2470
f 3480/359/2468 3479/358/2467 1642/358/2471 1644/359/2472
f 3480/359/2468 3481/360/2473 1645/360/2474 1643/359/2469
f 3481/360/2473 3480/359/2468 1644/359/2472 1646/360/2475
f 3481/360/2473 3479/358/2467 1641/358/2470 1645/360/2474
f 3479/358/2467 3481/360/2473 1646/360/2475 1642/358/2471
f 3482/330/2476 3483/361/2477 1649/361/2478 1647/330/2479
f 3483/361/2477 3482/330/2476 1648/330/2480 1650/361/2481
f 3483/361/2477 3484/362/2482 1651/362/2483 1649/361/2478
f 3484/362/2482 3483/361/2477 1650/361/2481 1652/362/2484
f 3484/362/2482 3482/330/2476 1647/330/2479 1651/362/2483
f 3482/330/2476 3484/362/2482 1652/362/2484 1648/330/2480
f 3485/311/2485 3486/363/2486 1655/363/2487 1653/311/2488
f 3486/363/2486 3485/311/2485 1654/311/2489 1656/363/2490
f 3486/363/2486 3487/303/2491 1657/303/2492 1655/363/2487
f 3487/303/2491 3486/363/2486 1656/363/2490 1658/303/2493
f 3487/303/2491 3485/311/2485 1653/311/2488 1657/303/2492
f 3485/311/2485 3487/303/2491 1658/303/2493 1654/311/2489
f 3488/364/2494 3489/328/2495 1661/328/2496 1659/364/2497
f 3489/328/2495 3488/364/2494 1660/364/2498 1662/328/2499
f 3489/328/2495 3490/365/2500 1663/365/2501 1661/328/2496
f 3490/365/2500 3489/328/2495 1662/328/2499 1664/365/2502
f 3490/365/2500 3488/364/2494 1659/364/2497 1663/365/2501
f 3488/364/2494 3490/365/2500 1664/365/2502 1660/364/2498
f 3491/286/2503 3492/285/2504 1667/285/2505 1665/286/2506
f 3492/285/2504 3491/286/2503 1666/286/2507 1668/285/2508
f 3492/285/2504 3493/366/2509 1669/366/2510 1667/285/2505
f 3493/366/2509 3492/285/2504 1668/285/2508 1670/366/2511
f 3493/366/2509 3491/286/2503 1665/286/2506 1669/366/2510
f 3491/286/2503 3493/366/2509 1670/366/2511 1666/286/2507
f 3494/366/2512 3495/285/2513 1673/285/2514 1671/366/2515
f 3495/285/2513 3494/366/2512 1672/366/2516 1674/285/2517
f 3495/285/2513 3496/367/2518 1675/367/2519 1673/285/2514
f 3496/367/2518 3495/285/2513 1674/285/2517 1676/367/2520
f 3496/367/2518 3494/366/2512 1671/366/2515 1675/367/2519
f 3494/366/2512 3496/367/2518 1676/367/2520 1672/366/2516
f 3497/368/2521 3498/369/2522 1679/369/2523 1677/368/2524
f 3498/369/2522 3497/368/2521 1678/368/2525 1680/369/2526
f 3498/369/2522 3499/370/2527 1681/370/2528 1679/369/2523
f 3499/370/2527 3498/369/2522 1680/369/2526 1682/370/2529
f 3499/370/2527 3497/368/2521 1677/368/2524 1681/370/2528
f 3497/368/2521 3499/370/2527 1682/370/2529 1678/368/2525
f 3500/371/2530 3501/369/2531 1685/369/2532 1683/371/2533
f 3501/369/2531 3500/371/2530 1684/371/2534 1686/369/2535
f 3501/369/2531 3502/368/2536 1687/368/2537 1685/369/2532
f 3502/368/2536 3501/369/2531 1686/369/2535 1688/368/2538
f 3502/368/2536 3500/371/2530 1683/371/2533 1687/368/2537
f 3500/371/2530 3502/368/2536 1688/368/2538 1684/371/2534
f 3503/372/2539 3504/373/2540 1691/373/2541 1689/372/2542
f 3504/373/2540 3503/372/2539 1690/372/2543 1692/373/2544
f 3504/373/2540 3505/374/2545 1693/374/2546 1691/373/2541
f 3505/374/2545 3504/373/2540 1692/373/2544 1694/374/2547
f 3505/374/2545 3503/372/2539 1689/372/2542 1693/374/2546
f 3503/372/2539 3505/374/2545 1694/374/2547 1690/372/2543
f 3506/375/2548 3507/376/2549 1697/376/2550 1695/375/2551
f 3507/376/2549 3506/375/2548 1696/375/2552 1698/376/2553
f 3507/376/2549 3508/377/2554 1699/377/2555 1697/376/2550
f 3508/377/2554 3507/376/2549 1698/376/2553 1700/377/2556
f 3508/377/2554 3506/375/2548 1695/375/2551 1699/377/2555
f 3506/375/2548 3508/377/2554 1700/377/2556 1696/375/2552
f 3509/373/2557 3510/378/2558 1703/378/2559 1701/373/2560
f 3510/378/2558 3509/373/2557 1702/373/2561 1704/378/2562
f 3510/378/2558 3511/379/2563 1705/379/2564 1703/378/2559
f 3511/379/2563 3510/378/2558 1704/378/2562 1706/379/2565
f 3511/379/2563 3509/373/2557 1701/373/2560 1705/379/2564
f 3509/373/2557 3511/379/2563 1706/379/2565 1702/373/2561
f 3512/372/2566 3513/378/2567 1709/378/2568 1707/372/2569
f 3513/378/2567 3512/372/2566 1708/372/2570 1710/378/2571
f 3513/378/2567 3514/373/2572 1711/373/2573 1709/378/2568
f 3514/373/2572 3513/378/2567 1710/378/2571 1712/373/2574
f 3514/373/2572 3512/372/2566 1707/372/2569 1711/373/2573
f 3512/372/2566 3514/373/2572 1712/373/2574 1708/372/2570
f 3515/380/2575 3516/381/2576 1715/381/2577 1713/380/2578
f 3516/381/2576 3515/380/2575 1714/380/2579 1716/381/2580
f 3516/381/2576 3517/382/2581 1717/382/2582 1715/381/2577
f 3517/382/2581 3516/381/2576 1716/381/2580 1718/382/2583
f 3517/382/2581 3515/380/2575 1713/380/2578 1717/382/2582
f 3515/380/2575 3517/382/2581 1718/382/2583 1714/380/2579
f 3518/372/2584 3519/374/2585 1721/374/2586 1719/372/2587
f 3519/374/2585 3518/372/2584 1720/372/2588 1722/374/2589
f 3519/374/2585 3520/383/2590 1723/383/2591 1721/374/2586
f 3520/383/2590 3519/374/2585 1722/374/2589 1724/383/2592
f 3520/383/2590 3518/372/2584 1719/372/2587 1723/383/2591
f 3518/372/2584 3520/383/2590 1724/383/2592 1720/372/2588
f 3521/378/2593 3522/384/2594 1727/384/2595 1725/378/2596
f 3522/384/2594 3521/378/2593 1726/378/2597 1728/384/2598
f 3522/384/2594 3523/379/2599 1729/379/2600 1727/384/2595
f 3523/379/2599 3522/384/2594 1728/384/2598 1730/379/2601
f 3523/379/2599 3521/378/2593 1725/378/2596 1729/379/2600
f 3521/378/2593 3523/379/2599 1730/379/2601 1726/378/2597
f 3524/385/2602 3525/386/2603 1733/386/2604 1731/385/2605
f 3525/386/2603 3524/385/2602 1732/385/2606 1734/386/2607
f 3525/386/2603 3526/387/2608 1735/387/2609 1733/386/2604
f 3526/387/2608 3525/386/2603 1734/386/2607 1736/387/2610
f 3526/387/2608 3524/385/2602 1731/385/2605 1735/387/2609
f 3524/385/2602 3526/387/2608 1736/387/2610 1732/385/2606
f 3527/385/2611 3528/388/2612 1739/388/2613 1737/385/2614
f 3528/388/2612 3527/385/2611 1738/385/2615 1740/388/2616
f 3528/388/2612 3529/389/2617 1741/389/2618 1739/388/2613
f 3529/389/2617 3528/388/2612 1740/388/2616 1742/389/2619
f 3529/389/2617 3527/385/2611 1737/385/2614 1741/389/2618
f 3527/385/2611 3529/389/2617 1742/389/2619 1738/385/2615
f 3530/390/2620 3531/391/2621 1745/391/2622 1743/390/2623
f 3531/391/2621 3530/390/2620 1744/390/2624 1746/391/2625
f 3531/391/2621 3532/392/2626 1747/392/2627 1745/391/2622
f 3532/392/2626 3531/391/2621 1746/391/2625 1748/392/2628
f 3532/392/2626 3530/390/2620 1743/390/2623 1747/392/2627
f 3530/390/2620 3532/392/2626 1748/392/2628 1744/390/2624
f 3533/393/2629 3534/394/2630 1751/394/2631 1749/393/2632
f 3534/394/2630 3533/393/2629 1750/393/2633 1752/394/2634
f 3534/394/2630 3535/395/2635 1753/395/2636 1751/394/2631
f 3535/395/2635 3534/394/2630 1752/394/2634 1754/395/2637
f 3535/395/2635 3533/393/2629 1749/393/2632 1753/395/2636
f 3533/393/2629 3535/395/2635 1754/395/2637 1750/393/2633
f 3536/396/2638 3537/397/2639 1757/397/2640 1755/396/2641
f 3537/397/2639 3536/396/2638 1756/396/2642 1758/397/2643
f 3537/397/2639 3538/398/2644 1759/398/2645 1757/397/2640
f 3538/398/2644 3537/397/2639 1758/397/2643 1760/398/2646
f 3538/398/2644 3536/396/2638 1755/396/2641 1759/398/2645
f 3536/396/2638 3538/398/2644 1760/398/2646 1756/396/2642
f 3539/399/2647 3540/400/2648 1763/400/2649 1761/399/2650
f 3540/400/2648 3539/399/2647 1762/399/2651 1764/400/2652
f 3540/400/2648 3541/401/2653 1765/401/2654 1763/400/2649
f 3541/401/2653 3540/400/2648 1764/400/2652 1766/401/2655
f 3541/401/2653 3539/399/2647 1761/399/2650 1765/401/2654
f 3539/399/2647 3541/401/2653 1766/401/2655 1762/399/2651
f 3542/402/2656 3543/403/2657 1769/403/2658 1767/402/2659
f 3543/403/2657 3542/402/2656 1768/402/2660 1770/403/2661
f 3543/403/2657 3544/404/2662 1771/404/2663 1769/403/2658
f 3544/404/2662 3543/403/2657 1770/403/2661 1772/404/2664
f 3544/404/2662 3542/402/2656 1767/402/2659 1771/404/2663
f 3542/402/2656 3544/404/2662 1772/404/2664 1768/402/2660
f 3545/405/2665 3546/394/2666 1775/394/2667 1773/405/2668
f 3546/394/2666 3545/405/2665 1774/405/2669 1776/394/2670
f 3546/394/2666 3547/393/2671 1777/393/2672 1775/394/2667
f 3547/393/2671 3546/394/2666 1776/394/2670 1778/393/2673
f 3547/393/2671 3545/405/2665 1773/405/2668 1777/393/2672
f 3545/405/2665 3547/393/2671 1778/393/2673 1774/405/2669
f 3548/385/2674 3549/406/2675 1781/406/2676 1779/385/2677
f 3549/406/2675 3548/385/2674 1780/385/2678 1782/406/2679
f 3549/406/2675 3550/386/2680 1783/386/2681 1781/406/2676
f 3550/386/2680 3549/406/2675 1782/406/2679 1784/386/2682
f 3550/386/2680 3548/385/2674 1779/385/2677 1783/386/2681
f 3548/385/2674 3550/386/2680 1784/386/2682 1780/385/2678
f 3551/407/2683 3552/397/2684 1787/397/2685 1785/407/2686
f 3552/397/2684 3551/407/2683 1786/407/2687 1788/397/2688
f 3552/397/2684 3553/396/2689 1789/396/2690 1787/397/2685
f 3553/396/2689 3552/397/2684 1788/397/2688 1790/396/2691
f 3553/396/2689 3551/407/2683 1785/407/2686 1789/396/2690
f 3551/407/2683 3553/396/2689 1790/396/2691 1786/407/2687
f 3554/408/2692 3555/409/2693 1793/409/2694 1791/408/2695
f 3555/409/2693 3554/408/2692 1792/408/2696 1794/409/2697
f 3555/409/2693 3556/410/2698 1795/410/2699 1793/409/2694
f 3556/410/2698 3555/409/2693 1794/409/2697 1796/410/2700
f 3556/410/2698 3554/408/2692 1791/408/2695 1795/410/2699
f 3554/408/2692 3556/410/2698 1796/410/2700 1792/408/2696
f 3557/385/2701 3558/389/2702 1799/389/2703 1797/385/2704
f 3558/389/2702 3557/385/2701 1798/385/2705 1800/389/2706
f 3558/389/2702 3559/406/2707 1801/406/2708 1799/389/2703
f 3559/406/2707 3558/389/2702 1800/389/2706 1802/406/2709
f 3559/406/2707 3557/385/2701 1797/385/2704 1801/406/2708
f 3557/385/2701 3559/406/2707 1802/406/2709 1798/385/2705
f 3560/411/2710 3561/412/2711 1805/412/2712 1803/411/2713
f 3561/412/2711 3560/411/2710 1804/411/2714 1806/412/2715
f 3561/412/2711 3562/401/2716 1807/401/2717 1805/412/2712
f 3562/401/2716 3561/412/2711 1806/412/2715 1808/401/2718
f 3562/401/2716 3560/411/2710 1803/411/2713 1807/401/2717
f 3560/411/2710 3562/401/2716 1808/401/2718 1804/411/2714
f 3563/413/2719 3564/414/2720 1811/414/2721 1809/413/2722
f 3564/414/2720 3563/413/2719 1810/413/2723 1812/414/2724
f 3564/414/2720 3565/415/2725 1813/415/2726 1811/414/2721
f 3565/415/2725 3564/414/2720 1812/414/2724 1814/415/2727
f 3565/415/2725 3563/413/2719 1809/413/2722 1813/415/2726
f 3563/413/2719 3565/415/2725 1814/415/2727 1810/413/2723
f 3566/416/2728 3567/417/2729 1817/417/2730 1815/416/2731
f 3567/417/2729 3566/416/2728 1816/416/2732 1818/417/2733
f 3567/417/2729 3568/418/2734 1819/418/2735 1817/417/2730
f 3568/418/2734 3567/417/2729 1818/417/2733 1820/418/2736
f 3568/418/2734 3566/416/2728 1815/416/2731 1819/418/2735
f 3566/416/2728 3568/418/2734 1820/418/2736 1816/416/2732
f 3569/416/2737 3570/419/2738 1823/419/2739 1821/416/2740
f 3570/419/2738 3569/416/2737 1822/416/2741 1824/419/2742
f 3570/419/2738 3571/420/2743 1825/420/2744 1823/419/2739
f 3571/420/2743 3570/419/2738 1824/419/2742 1826/420/2745
f 3571/420/2743 3569/416/2737 1821/416/2740 1825/420/2744
f 3569/416/2737 3571/420/2743 1826/420/2745 1822/416/2741
f 3572/411/2746 3573/401/2747 1829/401/2748 1827/411/2749
f 3573/401/2747 3572/411/2746 1828/411/2750 1830/401/2751
f 3573/401/2747 3574/415/2752 1831/415/2753 1829/401/2748
f 3574/415/2752 3573/401/2747 1830/401/2751 1832/415/2754
f 3574/415/2752 3572/411/2746 1827/411/2749 1831/415/2753
f 3572/411/2746 3574/415/2752 1832/415/2754 1828/411/2750
f 3575/415/2755 3576/401/2756 1835/401/2757 1833/415/2758
f 3576/401/2756 3575/415/2755 1834/415/2759 1836/401/2760
f 3576/401/2756 3577/400/2761 1837/400/2762 1835/401/2757
f 3577/400/2761 3576/401/2756 1836/401/2760 1838/400/2763
f 3577/400/2761 3575/415/2755 1833/415/2758 1837/400/2762
f 3575/415/2755 3577/400/2761 1838/400/2763 1834/415/2759
f 3578/396/2764 3579/415/2765 1841/415/2766 1839/396/2767
f 3579/415/2765 3578/396/2764 1840/396/2768 1842/415/2769
f 3579/415/2765 3580/407/2770 1843/407/2771 1841/415/2766
f 3580/407/2770 3579/415/2765 1842/415/2769 1844/407/2772
f 3580/407/2770 3578/396/2764 1839/396/2767 1843/407/2771
f 3578/396/2764 3580/407/2770 1844/407/2772 1840/396/2768
f 3581/396/2773 3582/413/2774 1845/413/2775 1839/396/2767
f 3582/413/2774 3581/396/2773 1840/396/2768 1846/413/2776
f 3582/413/2774 3583/415/2777 1841/415/2766 1845/413/2775
f 3583/415/2777 3582/413/2774 1846/413/2776 1842/415/2769
f 3583/415/2777 3581/396/2773 1839/396/2767 1841/415/2766
f 3581/396/2773 3583/415/2777 1842/415/2769 1840/396/2768
f 3584/420/2778 3585/421/2779 1849/421/2780 1847/420/2781
f 3585/421/2779 3584/420/2778 1848/420/2782 1850/421/2783
f 3585/421/2779 3586/422/2784 1851/422/2785 1849/421/2780
f 3586/422/2784 3585/421/2779 1850/421/2783 1852/422/2786
f 3586/422/2784 3584/420/2778 1847/420/2781 1851/422/2785
f 3584/420/2778 3586/422/2784 1852/422/2786 1848/420/2782
f 3587/423/2787 3588/424/2788 1855/424/2789 1853/423/2790
f 3588/424/2788 3587/423/2787 1854/423/2791 1856/424/2792
f 3588/424/2788 3589/425/2793 1857/425/2794 1855/424/2789
f 3589/425/2793 3588/424/2788 1856/424/2792 1858/425/2795
f 3589/425/2793 3587/423/2787 1853/423/2790 1857/425/2794
f 3587/423/2787 3589/425/2793 1858/425/2795 1854/423/2791
f 3590/426/2796 3591/427/2797 1861/427/2798 1859/426/2799
f 3591/427/2797 3590/426/2796 1860/426/2800 1862/427/2801
f 3591/427/2797 3592/428/2802 1863/428/2803 1861/427/2798
f 3592/428/2802 3591/427/2797 1862/427/2801 1864/428/2804
f 3592/428/2802 3590/426/2796 1859/426/2799 1863/428/2803
f 3590/426/2796 3592/428/2802 1864/428/2804 1860/426/2800
f 3593/427/2805 3594/429/2806 1867/429/2807 1865/427/2808
f 3594/429/2806 3593/427/2805 1866/427/2809 1868/429/2810
f 3594/429/2806 3595/430/2811 1869/430/2812 1867/429/2807
f 3595/430/2811 3594/429/2806 1868/429/2810 1870/430/2813
f 3595/430/2811 3593/427/2805 1865/427/2808 1869/430/2812
f 3593/427/2805 3595/430/2811 1870/430/2813 1866/427/2809
f 3596/431/2814 3597/426/2815 1873/426/2816 1871/431/2817
f 3597/426/2815 3596/431/2814 1872/431/2818 1874/426/2819
f 3597/426/2815 3598/432/2820 1875/432/2821 1873/426/2816
f 3598/432/2820 3597/426/2815 1874/426/2819 1876/432/2822
f 3598/432/2820 3596/431/2814 1871/431/2817 1875/432/2821
f 3596/431/2814 3598/432/2820 1876/432/2822 1872/431/2818
f 3599/433/2823 3600/434/2824 1879/434/2825 1877/433/2826
f 3600/434/2824 3599/433/2823 1878/433/2827 1880/434/2828
f 3600/434/2824 3601/435/2829 1881/435/2830 1879/434/2825
f 3601/435/2829 3600/434/2824 1880/434/2828 1882/435/2831
f 3601/435/2829 3599/433/2823 1877/433/2826 1881/435/2830
f 3599/433/2823 3601/435/2829 1882/435/2831 1878/433/2827
f 3602/427/2832 3603/436/2833 1885/436/2834 1883/427/2835
f 3603/436/2833 3602/427/2832 1884/427/2836 1886/436/2837
f 3603/436/2833 3604/428/2838 1887/428/2839 1885/436/2834
f 3604/428/2838 3603/436/2833 1886/436/2837 1888/428/2840
f 3604/428/2838 3602/427/2832 1883/427/2835 1887/428/2839
f 3602/427/2832 3604/428/2838 1888/428/2840 1884/427/2836
f 3605/437/2841 3606/423/2842 1891/423/2843 1889/437/2844
f 3606/423/2842 3605/437/2841 1890/437/2845 1892/423/2846
f 3606/423/2842 3607/425/2847 1893/425/2848 1891/423/2843
f 3607/425/2847 3606/423/2842 1892/423/2846 1894/425/2849
f 3607/425/2847 3605/437/2841 1889/437/2844 1893/425/2848
f 3605/437/2841 3607/425/2847 1894/425/2849 1890/437/2845
f 3608/426/2850 3609/438/2851 1897/438/2852 1895/426/2853
f 3609/438/2851 3608/426/2850 1896/426/2854 1898/438/2855
f 3609/438/2851 3610/432/2856 1899/432/2857 1897/438/2852
f 3610/432/2856 3609/438/2851 1898/438/2855 1900/432/2858
f 3610/432/2856 3608/426/2850 1895/426/2853 1899/432/2857
f 3608/426/2850 3610/432/2856 1900/432/2858 1896/426/2854
f 3611/436/2859 3612/427/2860 1903/427/2861 1901/436/2862
f 3612/427/2860 3611/436/2859 1902/436/2863 1904/427/2864
f 3612/427/2860 3613/430/2865 1905/430/2866 1903/427/2861
f 3613/430/2865 3612/427/2860 1904/427/2864 1906/430/2867
f 3613/430/2865 3611/436/2859 1901/436/2862 1905/430/2866
f 3611/436/2859 3613/430/2865 1906/430/2867 1902/436/2863
f 3614/439/2868 3615/440/2869 1909/440/2870 1907/439/2871
f 3615/440/2869 3614/439/2868 1908/439/2872 1910/440/2873
f 3615/440/2869 3616/441/2874 1911/441/2875 1909/440/2870
f 3616/441/2874 3615/440/2869 1910/440/2873 1912/441/2876
f 3616/441/2874 3614/439/2868 1907/439/2871 1911/441/2875
f 3614/439/2868 3616/441/2874 1912/441/2876 1908/439/2872
f 3617/442/2877 3618/443/2878 1915/443/2879 1913/442/2880
f 3618/443/2878 3617/442/2877 1914/442/2881 1916/443/2882
f 3618/443/2878 3619/444/2883 1917/444/2884 1915/443/2879
f 3619/444/2883 3618/443/2878 1916/443/2882 1918/444/2885
f 3619/444/2883 3617/442/2877 1913/442/2880 1917/444/2884
f 3617/442/2877 3619/444/2883 1918/444/2885 1914/442/2881
f 3620/445/2886 3621/61/2887 1921/61/2888 1919/445/2889
f 3621/61/2887 3620/445/2886 1920/445/2890 1922/61/2891
f 3621/61/2887 3622/446/2892 1923/446/2893 1921/61/2888
f 3622/446/2892 3621/61/2887 1922/61/2891 1924/446/2894
f 3622/446/2892 3620/445/2886 1919/445/2889 1923/446/2893
f 3620/445/2886 3622/446/2892 1924/446/2894 1920/445/2890
f 3623/447/2895 3624/448/2896 1927/448/2897 1925/447/2898
f 3624/448/2896 3623/447/2895 1926/447/2899 1928/448/2900
f 3624/448/2896 3625/449/2901 1929/449/2902 1927/448/2897
f 3625/449/2901 3624/448/2896 1928/448/2900 1930/449/2903
f 3625/449/2901 3623/447/2895 1925/447/2898 1929/449/2902
f 3623/447/2895 3625/449/2901 1930/449/2903 1926/447/2899
f 3626/439/2904 3627/450/2905 1933/450/2906 1931/439/2907
f 3627/450/2905 3626/439/2904 1932/439/2908 1934/450/2909
f 3627/450/2905 3628/444/2910 1935/444/2911 1933/450/2906
f 3628/444/2910 3627/450/2905 1934/450/2909 1936/444/2912
f 3628/444/2910 3626/439/2904 1931/439/2907 1935/444/2911
f 3626/439/2904 3628/444/2910 1936/444/2912 1932/439/2908
f 3629/451/2913 3630/452/2914 1939/452/2915 1937/451/2916
f 3630/452/2914 3629/451/2913 1938/451/2917 1940/452/2918
f 3630/452/2914 3631/453/2919 1941/453/2920 1939/452/2915
f 3631/453/2919 3630/452/2914 1940/452/2918 1942/453/2921
f 3631/453/2919 3629/451/2913 1937/451/2916 1941/453/2920
f 3629/451/2913 3631/453/2919 1942/453/2921 1938/451/2917
f 3632/440/2922 3633/444/2923 1945/444/2924 1943/440/2925
f 3633/444/2923 3632/440/2922 1944/440/2926 1946/444/2927
f 3633/444/2923 3634/454/2928 1947/454/2929 1945/444/2924
f 3634/454/2928 3633/444/2923 1946/444/2927 1948/454/2930
f 3634/454/2928 3632/440/2922 1943/440/2925 1947/454/2929
f 3632/440/2922 3634/454/2928 1948/454/2930 1944/440/2926
f 3635/455/2931 3636/451/2932 1951/451/2933 1949/455/2934
f 3636/451/2932 3635/455/2931 1950/455/2935 1952/451/2936
f 3636/451/2932 3637/443/2937 1953/443/2938 1951/451/2933
f 3637/443/2937 3636/451/2932 1952/451/2936 1954/443/2939
f 3637/443/2937 3635/455/2931 1949/455/2934 1953/443/2938
f 3635/455/2931 3637/443/2937 1954/443/2939 1950/455/2935
f 3638/450/2940 3639/442/2941 1957/442/2942 1955/450/2943
f 3639/442/2941 3638/450/2940 1956/450/2944 1958/442/2945
f 3639/442/2941 3640/444/2946 1959/444/2947 1957/442/2942
f 3640/444/2946 3639/442/2941 1958/442/2945 1960/444/2948
f 3640/444/2946 3638/450/2940 1955/450/2943 1959/444/2947
f 3638/450/2940 3640/444/2946 1960/444/2948 1956/450/2944
f 3641/451/2949 3642/456/2950 1963/456/2951 1961/451/2952
f 3642/456/2950 3641/451/2949 1962/451/2953 1964/456/2954
f 3642/456/2950 3643/452/2955 1965/452/2956 1963/456/2951
f 3643/452/2955 3642/456/2950 1964/456/2954 1966/452/2957
f 3643/452/2955 3641/451/2949 1961/451/2952 1965/452/2956
f 3641/451/2949 3643/452/2955 1966/452/2957 1962/451/2953
f 3644/441/2958 3645/428/2959 1969/428/2960 1967/441/2961
f 3645/428/2959 3644/441/2958 1968/441/2962 1970/428/2963
f 3645/428/2959 3646/457/2964 1971/457/2965 1969/428/2960
f 3646/457/2964 3645/428/2959 1970/428/2963 1972/457/2966
f 3646/457/2964 3644/441/2958 1967/441/2961 1971/457/2965
f 3644/441/2958 3646/457/2964 1972/457/2966 1968/441/2962
f 3647/458/2967 3648/451/2968 1975/451/2969 1973/458/2970
f 3648/451/2968 3647/458/2967 1974/458/2971 1976/451/2972
f 3648/451/2968 3649/455/2973 1977/455/2974 1975/451/2969
f 3649/455/2973 3648/451/2968 1976/451/2972 1978/455/2975
f 3649/455/2973 3647/458/2967 1973/458/2970 1977/455/2974
f 3647/458/2967 3649/455/2973 1978/455/2975 1974/458/2971
f 3650/439/2976 3651/441/2977 1981/441/2978 1979/439/2979
f 3651/441/2977 3650/439/2976 1980/439/2980 1982/441/2981
f 3651/441/2977 3652/457/2982 1983/457/2983 1981/441/2978
f 3652/457/2982 3651/441/2977 1982/441/2981 1984/457/2984
f 3652/457/2982 3650/439/2976 1979/439/2979 1983/457/2983
f 3650/439/2976 3652/457/2982 1984/457/2984 1980/439/2980
f 3653/448/2985 3654/447/2986 1987/447/2987 1985/448/2988
f 3654/447/2986 3653/448/2985 1986/448/2989 1988/447/2990
f 3654/447/2986 3655/459/2991 1989/459/2992 1987/447/2987
f 3655/459/2991 3654/447/2986 1988/447/2990 1990/459/2993
f 3655/459/2991 3653/448/2985 1985/448/2988 1989/459/2992
f 3653/448/2985 3655/459/2991 1990/459/2993 1986/448/2989
f 3656/443/2994 3657/454/2995 1993/454/2996 1991/443/2997
f 3657/454/2995 3656/443/2994 1992/443/2998 1994/454/2999
f 3657/454/2995 3658/444/3000 1995/444/3001 1993/454/2996
f 3658/444/3000 3657/454/2995 1994/454/2999 1996/444/3002
f 3658/444/3000 3656/443/2994 1991/443/2997 1995/444/3001
f 3656/443/2994 3658/444/3000 1996/444/3002 1992/443/2998
f 3659/460/3003 3660/438/3004 1999/438/3005 1997/460/3006
f 3660/438/3004 3659/460/3003 1998/460/3007 2000/438/3008
f 3660/438/3004 3661/461/3009 2001/461/3010 1999/438/3005
f 3661/461/3009 3660/438/3004 2000/438/3008 2002/461/3011
f 3661/461/3009 3659/460/3003 1997/460/3006 2001/461/3010
f 3659/460/3003 3661/461/3009 2002/461/3011 1998/460/3007
f 3662/438/3012 3663/460/3013 1997/460/3006 1999/438/3005
f 3663/460/3013 3662/438/3012 2000/438/3008 1998/460/3007
f 3663/460/3013 3664/432/3014 2003/432/3015 1997/460/3006
f 3664/432/3014 3663/460/3013 1998/460/3007 2004/432/3016
f 3664/432/3014 3662/438/3012 1999/438/3005 2003/432/3015
f 3662/438/3012 3664/432/3014 2004/432/3016 2000/438/3008
f 3665/443/3017 3666/462/3018 2007/462/3019 2005/443/3020
f 3666/462/3018 3665/443/3017 2006/443/3021 2008/462/3022
f 3666/462/3018 3667/454/3023 2009/454/3024 2007/462/3019
f 3667/454/3023 3666/462/3018 2008/462/3022 2010/454/3025
f 3667/454/3023 3665/443/3017 2005/443/3020 2009/454/3024
f 3665/443/3017 3667/454/3023 2010/454/3025 2006/443/3021
f 3668/443/3026 3669/451/3027 2013/451/3028 2011/443/3029
f 3669/451/3027 3668/443/3026 2012/443/3030 2014/451/3031
f 3669/451/3027 3670/453/3032 2015/453/3033 2013/451/3028
f 3670/453/3032 3669/451/3027 2014/451/3031 2016/453/3034
f 3670/453/3032 3668/443/3026 2011/443/3029 2015/453/3033
f 3668/443/3026 3670/453/3032 2016/453/3034 2012/443/3030
f 3671/443/3035 3672/453/3036 2019/453/3037 2017/443/3038
f 3672/453/3036 3671/443/3035 2018/443/3039 2020/453/3040
f 3672/453/3036 3673/462/3041 2021/462/3042 2019/453/3037
f 3673/462/3041 3672/453/3036 2020/453/3040 2022/462/3043
f 3673/462/3041 3671/443/3035 2017/443/3038 2021/462/3042
f 3671/443/3035 3673/462/3041 2022/462/3043 2018/443/3039
f 3674/62/3044 3675/61/3045 2025/61/3046 2023/62/3047
f 3675/61/3045 3674/62/3044 2024/62/3048 2026/61/3049
f 3675/61/3045 3676/445/3050 2027/445/3051 2025/61/3046
f 3676/445/3050 3675/61/3045 2026/61/3049 2028/445/3052
f 3676/445/3050 3674/62/3044 2023/62/3047 2027/445/3051
f 3674/62/3044 3676/445/3050 2028/445/3052 2024/62/3048
f 3677/458/3053 3678/463/3054 2031/463/3055 2029/458/3056
f 3678/463/3054 3677/458/3053 2030/458/3057 2032/463/3058
f 3678/463/3054 3679/446/3059 2033/446/3060 2031/463/3055
f 3679/446/3059 3678/463/3054 2032/463/3058 2034/446/3061
f 3679/446/3059 3677/458/3053 2029/458/3056 2033/446/3060
f 3677/458/3053 3679/446/3059 2034/446/3061 2030/458/3057
f 3680/464/3062 3681/465/3063 2037/465/3064 2035/464/3065
f 3681/465/3063 3680/464/3062 2036/464/3066 2038/465/3067
f 3681/465/3063 3682/466/3068 2039/466/3069 2037/465/3064
f 3682/466/3068 3681/465/3063 2038/465/3067 2040/466/3070
f 3682/466/3068 3680/464/3062 2035/464/3065 2039/466/3069
f 3680/464/3062 3682/466/3068 2040/466/3070 2036/464/3066
f 3683/62/3071 3684/445/3072 2043/445/3073 2041/62/3074
f 3684/445/3072 3683/62/3071 2042/62/3075 2044/445/3076
f 3684/445/3072 3685/467/3077 2045/467/3078 2043/445/3073
f 3685/467/3077 3684/445/3072 2044/445/3076 2046/467/3079
f 3685/467/3077 3683/62/3071 2041/62/3074 2045/467/3078
f 3683/62/3071 3685/467/3077 2046/467/3079 2042/62/3075
f 3686/468/3080 3687/62/3081 2049/62/3082 2047/468/3083
f 3687/62/3081 3686/468/3080 2048/468/3084 2050/62/3085
f 3687/62/3081 3688/467/3086 2051/467/3087 2049/62/3082
f 3688/467/3086 3687/62/3081 2050/62/3085 2052/467/3088
f 3688/467/3086 3686/468/3080 2047/468/3083 2051/467/3087
f 3686/468/3080 3688/467/3086 2052/467/3088 2048/468/3084
f 3689/467/3089 3690/469/3090 2055/469/3091 2053/467/3092
f 3690/469/3090 3689/467/3089 2054/467/3093 2056/469/3094
f 3690/469/3090 3691/468/3095 2057/468/3096 2055/469/3091
f 3691/468/3095 3690/469/3090 2056/469/3094 2058/468/3097
f 3691/468/3095 3689/467/3089 2053/467/3092 2057/468/3096
f 3689/467/3089 3691/468/3095 2058/468/3097 2054/467/3093
f 3692/470/3098 3693/471/3099 2061/471/3100 2059/470/3101
f 3693/471/3099 3692/470/3098 2060/470/3102 2062/471/3103
f 3693/471/3099 3694/472/3104 2063/472/3105 2061/471/3100
f 3694/472/3104 3693/471/3099 2062/471/3103 2064/472/3106
f 3694/472/3104 3692/470/3098 2059/470/3101 2063/472/3105
f 3692/470/3098 3694/472/3104 2064/472/3106 2060/470/3102
f 3695/473/3107 3696/474/3108 2067/474/3109 2065/473/3110
f 3696/474/3108 3695/473/3107 2066/473/3111 2068/474/3112
f 3696/474/3108 3697/475/3113 2069/475/3114 2067/474/3109
f 3697/475/3113 3696/474/3108 2068/474/3112 2070/475/3115
f 3697/475/3113 3695/473/3107 2065/473/3110 2069/475/3114
f 3695/473/3107 3697/475/3113 2070/475/3115 2066/473/3111
f 3698/445/3116 3699/446/3117 2073/446/3118 2071/445/3119
f 3699/446/3117 3698/445/3116 2072/445/3120 2074/446/3121
f 3699/446/3117 3700/463/3122 2075/463/3123 2073/446/3118
f 3700/463/3122 3699/446/3117 2074/446/3121 2076/463/3124
f 3700/463/3122 3698/445/3116 2071/445/3119 2075/463/3123
f 3698/445/3116 3700/463/3122 2076/463/3124 2072/445/3120
f 3701/64/3125 3702/63/3126 2079/63/3127 2077/64/3128
f 3702/63/3126 3701/64/3125 2078/64/3129 2080/63/3130
f 3702/63/3126 3703/476/3131 2081/476/3132 2079/63/3127
f 3703/476/3131 3702/63/3126 2080/63/3130 2082/476/3133
f 3703/476/3131 3701/64/3125 2077/64/3128 2081/476/3132
f 3701/64/3125 3703/476/3131 2082/476/3133 2078/64/3129
f 3704/473/3134 3705/477/3135 2085/477/3136 2083/473/3137
f 3705/477/3135 3704/473/3134 2084/473/3138 2086/477/3139
f 3705/477/3135 3706/478/3140 2087/478/3141 2085/477/3136
f 3706/478/3140 3705/477/3135 2086/477/3139 2088/478/3142
f 3706/478/3140 3704/473/3134 2083/473/3137 2087/478/3141
f 3704/473/3134 3706/478/3140 2088/478/3142 2084/473/3138
f 3707/29/3143 3708/44/3144 129/44/3145 127/29/3146
f 3708/44/3144 3707/29/3143 128/29/3147 130/44/3148
f 3708/44/3144 3709/52/3149 123/52/3150 129/44/3145
f 3709/52/3149 3708/44/3144 130/44/3148 124/52/3151
f 3709/52/3149 3710/41/3152 125/41/3153 123/52/3150
f 3710/41/3152 3709/52/3149 124/52/3151 126/41/3154
f 3710/41/3152 3707/29/3143 127/29/3146 125/41/3153
f 3707/29/3143 3710/41/3152 126/41/3154 128/29/3147
f 3711/465/3155 3712/479/3156 2099/479/3157 2097/465/3158
f 3712/479/3156 3711/465/3155 2098/465/3159 2100/479/3160
f 3712/479/3156 3713/480/3161 2101/480/3162 2099/479/3157
f 3713/480/3161 3712/479/3156 2100/479/3160 2102/480/3163
f 3713/480/3161 3711/465/3155 2097/465/3158 2101/480/3162
f 3711/465/3155 3713/480/3161 2102/480/3163 2098/465/3159
f 3714/481/3164 3715/476/3165 2105/476/3166 2103/481/3167
f 3715/476/3165 3714/481/3164 2104/481/3168 2106/476/3169
f 3715/476/3165 3716/63/3170 2107/63/3171 2105/476/3166
f 3716/63/3170 3715/476/3165 2106/476/3169 2108/63/3172
f 3716/63/3170 3714/481/3164 2103/481/3167 2107/63/3171
f 3714/481/3164 3716/63/3170 2108/63/3172 2104/481/3168
f 3717/482/3173 3718/483/3174 2111/483/3175 2109/482/3176
f 3718/483/3174 3717/482/3173 2110/482/3177 2112/483/3178
f 3718/483/3174 3719/484/3179 2113/484/3180 2111/483/3175
f 3719/484/3179 3718/483/3174 2112/483/3178 2114/484/3181
f 3719/484/3179 3717/482/3173 2109/482/3176 2113/484/3180
f 3717/482/3173 3719/484/3179 2114/484/3181 2110/482/3177
f 3720/447/3182 3721/449/3183 2117/449/3184 2115/447/3185
f 3721/449/3183 3720/447/3182 2116/447/3186 2118/449/3187
f 3721/449/3183 3722/472/3188 2119/472/3189 2117/449/3184
f 3722/472/3188 3721/449/3183 2118/449/3187 2120/472/3190
f 3722/472/3188 3720/447/3182 2115/447/3185 2119/472/3189
f 3720/447/3182 3722/472/3188 2120/472/3190 2116/447/3186
f 3723/485/3191 3724/486/3192 2123/486/3193 2121/485/3194
f 3724/486/3192 3723/485/3191 2122/485/3195 2124/486/3196
f 3724/486/3192 3725/487/3197 2125/487/3198 2123/486/3193
f 3725/487/3197 3724/486/3192 2124/486/3196 2126/487/3199
f 3725/487/3197 3723/485/3191 2121/485/3194 2125/487/3198
f 3723/485/3191 3725/487/3197 2126/487/3199 2122/485/3195
f 3726/472/3200 3727/476/3201 2129/476/3202 2127/472/3203
f 3727/476/3201 3726/472/3200 2128/472/3204 2130/476/3205
f 3727/476/3201 3728/470/3206 2131/470/3207 2129/476/3202
f 3728/470/3206 3727/476/3201 2130/476/3205 2132/470/3208
f 3728/470/3206 3726/472/3200 2127/472/3203 2131/470/3207
f 3726/472/3200 3728/470/3206 2132/470/3208 2128/472/3204
f 3729/488/3209 3730/489/3210 2135/489/3211 2133/488/3212
f 3730/489/3210 3729/488/3209 2134/488/3213 2136/489/3214
f 3730/489/3210 3731/490/3215 2137/490/3216 2135/489/3211
f 3731/490/3215 3730/489/3210 2136/489/3214 2138/490/3217
f 3731/490/3215 3729/488/3209 2133/488/3212 2137/490/3216
f 3729/488/3209 3731/490/3215 2138/490/3217 2134/488/3213
f 3732/489/3218 3733/491/3219 2139/491/3220 2135/489/3211
f 3733/491/3219 3732/489/3218 2136/489/3214 2140/491/3221
f 3733/491/3219 3734/490/3222 2137/490/3216 2139/491/3220
f 3734/490/3222 3733/491/3219 2140/491/3221 2138/490/3217
f 3734/490/3222 3732/489/3218 2135/489/3211 2137/490/3216
f 3732/489/3218 3734/490/3222 2138/490/3217 2136/489/3214
f 3735/481/3223 3736/63/3224 2143/63/3225 2141/481/3226
f 3736/63/3224 3735/481/3223 2142/481/3227 2144/63/3228
f 3736/63/3224 3737/492/3229 2145/492/3230 2143/63/3225
f 3737/492/3229 3736/63/3224 2144/63/3228 2146/492/3231
f 3737/492/3229 3735/481/3223 2141/481/3226 2145/492/3230
f 3735/481/3223 3737/492/3229 2146/492/3231 2142/481/3227
f 3738/493/3232 3739/494/3233 2149/494/3234 2147/493/3235
f 3739/494/3233 3738/493/3232 2148/493/3236 2150/494/3237
f 3739/494/3233 3740/495/3238 2151/495/3239 2149/494/3234
f 3740/495/3238 3739/494/3233 2150/494/3237 2152/495/3240
f 3740/495/3238 3738/493/3232 2147/493/3235 2151/495/3239
f 3738/493/3232 3740/495/3238 2152/495/3240 2148/493/3236
f 3741/496/3241 3742/448/3242 2155/448/3243 2153/496/3244
f 3742/448/3242 3741/496/3241 2154/496/3245 2156/448/3246
f 3742/448/3242 3743/497/3247 2157/497/3248 2155/448/3243
f 3743/497/3247 3742/448/3242 2156/448/3246 2158/497/3249
f 3743/497/3247 3741/496/3241 2153/496/3244 2157/497/3248
f 3741/496/3241 3743/497/3247 2158/497/3249 2154/496/3245
f 3744/497/3250 3745/448/3251 2161/448/3252 2159/497/3253
f 3745/448/3251 3744/497/3250 2160/497/3254 2162/448/3255
f 3745/448/3251 3746/459/3256 2163/459/3257 2161/448/3252
f 3746/459/3256 3745/448/3251 2162/448/3255 2164/459/3258
f 3746/459/3256 3744/497/3250 2159/497/3253 2163/459/3257
f 3744/497/3250 3746/459/3256 2164/459/3258 2160/497/3254
f 3747/63/3259 3748/469/3260 2167/469/3261 2165/63/3262
f 3748/469/3260 3747/63/3259 2166/63/3263 2168/469/3264
f 3748/469/3260 3749/492/3265 2169/492/3266 2167/469/3261
f 3749/492/3265 3748/469/3260 2168/469/3264 2170/492/3267
f 3749/492/3265 3747/63/3259 2165/63/3262 2169/492/3266
f 3747/63/3259 3749/492/3265 2170/492/3267 2166/63/3263
f 3750/498/3268 3751/499/3269 2173/499/3270 2171/498/3271
f 3751/499/3269 3750/498/3268 2172/498/3272 2174/499/3273
f 3751/499/3269 3752/500/3274 2175/500/3275 2173/499/3270
f 3752/500/3274 3751/499/3269 2174/499/3273 2176/500/3276
f 3752/500/3274 3750/498/3268 2171/498/3271 2175/500/3275
f 3750/498/3268 3752/500/3274 2176/500/3276 2172/498/3272
f 3753/501/3277 3754/502/3278 2179/502/3279 2177/501/3280
f 3754/502/3278 3753/501/3277 2178/501/3281 2180/502/3282
f 3754/502/3278 3755/503/3283 2181/503/3284 2179/502/3279
f 3755/503/3283 3754/502/3278 2180/502/3282 2182/503/3285
f 3755/503/3283 3753/501/3277 2177/501/3280 2181/503/3284
f 3753/501/3277 3755/503/3283 2182/503/3285 2178/501/3281
f 3756/456/3286 3757/446/3287 2185/446/3288 2183/456/3289
f 3757/446/3287 3756/456/3286 2184/456/3290 2186/446/3291
f 3757/446/3287 3758/504/3292 2187/504/3293 2185/446/3288
f 3758/504/3292 3757/446/3287 2186/446/3291 2188/504/3294
f 3758/504/3292 3756/456/3286 2183/456/3289 2187/504/3293
f 3756/456/3286 3758/504/3292 2188/504/3294 2184/456/3290
f 3759/446/3295 3760/61/3296 2189/61/3297 2185/446/3288
f 3760/61/3296 3759/446/3295 2186/446/3291 2190/61/3298
f 3760/61/3296 3761/504/3299 2187/504/3293 2189/61/3297
f 3761/504/3299 3760/61/3296 2190/61/3298 2188/504/3294
f 3761/504/3299 3759/446/3295 2185/446/3288 2187/504/3293
f 3759/446/3295 3761/504/3299 2188/504/3294 2186/446/3291
f 3762/504/3300 3763/452/3301 2193/452/3302 2191/504/3303
f 3763/452/3301 3762/504/3300 2192/504/3304 2194/452/3305
f 3763/452/3301 3764/456/3306 2195/456/3307 2193/452/3302
f 3764/456/3306 3763/452/3301 2194/452/3305 2196/456/3308
f 3764/456/3306 3762/504/3300 2191/504/3303 2195/456/3307
f 3762/504/3300 3764/456/3306 2196/456/3308 2192/504/3304
f 3765/494/3309 3766/503/3310 2199/503/3311 2197/494/3312
f 3766/503/3310 3765/494/3309 2198/494/3313 2200/503/3314
f 3766/503/3310 3767/502/3315 2201/502/3316 2199/503/3311
f 3767/502/3315 3766/503/3310 2200/503/3314 2202/502/3317
f 3767/502/3315 3765/494/3309 2197/494/3312 2201/502/3316
f 3765/494/3309 3767/502/3315 2202/502/3317 2198/494/3313
f 3768/425/3318 3769/505/3319 2205/505/3320 2203/425/3321
f 3769/505/3319 3768/425/3318 2204/425/3322 2206/505/3323
f 3769/505/3319 3770/506/3324 2207/506/3325 2205/505/3320
f 3770/506/3324 3769/505/3319 2206/505/3323 2208/506/3326
f 3770/506/3324 3768/425/3318 2203/425/3321 2207/506/3325
f 3768/425/3318 3770/506/3324 2208/506/3326 2204/425/3322
f 3771/470/3327 3772/476/3328 2211/476/3329 2209/470/3330
f 3772/476/3328 3771/470/3327 2210/470/3331 2212/476/3332
f 3772/476/3328 3773/481/3333 2213/481/3334 2211/476/3329
f 3773/481/3333 3772/476/3328 2212/476/3332 2214/481/3335
f 3773/481/3333 3771/470/3327 2209/470/3330 2213/481/3334
f 3771/470/3327 3773/481/3333 2214/481/3335 2210/470/3331
f 3774/507/3336 3775/493/3337 2217/493/3338 2215/507/3339
f 3775/493/3337 3774/507/3336 2216/507/3340 2218/493/3341
f 3775/493/3337 3776/508/3342 2219/508/3343 2217/493/3338
f 3776/508/3342 3775/493/3337 2218/493/3341 2220/508/3344
f 3776/508/3342 3774/507/3336 2215/507/3339 2219/508/3343
f 3774/507/3336 3776/508/3342 2220/508/3344 2216/507/3340
f 3777/489/3345 3778/509/3346 2223/509/3347 2221/489/3348
f 3778/509/3346 3777/489/3345 2222/489/3349 2224/509/3350
f 3778/509/3346 3779/510/3351 2225/510/3352 2223/509/3347
f 3779/510/3351 3778/509/3346 2224/509/3350 2226/510/3353
f 3779/510/3351 3777/489/3345 2221/489/3348 2225/510/3352
f 3777/489/3345 3779/510/3351 2226/510/3353 2222/489/3349
f 3780/511/3354 3781/512/3355 2229/512/3356 2227/511/3357
f 3781/512/3355 3780/511/3354 2228/511/3358 2230/512/3359
f 3781/512/3355 3782/499/3360 2231/499/3361 2229/512/3356
f 3782/499/3360 3781/512/3355 2230/512/3359 2232/499/3362
f 3782/499/3360 3780/511/3354 2227/511/3357 2231/499/3361
f 3780/511/3354 3782/499/3360 2232/499/3362 2228/511/3358
f 3783/469/3363 3784/63/3364 2235/63/3365 2233/469/3366
f 3784/63/3364 3783/469/3363 2234/469/3367 2236/63/3368
f 3784/63/3364 3785/468/3369 2237/468/3370 2235/63/3365
f 3785/468/3369 3784/63/3364 2236/63/3368 2238/468/3371
f 3785/468/3369 3783/469/3363 2233/469/3366 2237/468/3370
f 3783/469/3363 3785/468/3369 2238/468/3371 2234/469/3367
f 3786/464/3372 3787/513/3373 2241/513/3374 2239/464/3375
f 3787/513/3373 3786/464/3372 2240/464/3376 2242/513/3377
f 3787/513/3373 3788/465/3378 2243/465/3379 2241/513/3374
f 3788/465/3378 3787/513/3373 2242/513/3377 2244/465/3380
f 3788/465/3378 3786/464/3372 2239/464/3375 2243/465/3379
f 3786/464/3372 3788/465/3378 2244/465/3380 2240/464/3376
f 3789/485/3381 3790/514/3382 2247/514/3383 2245/485/3384
f 3790/514/3382 3789/485/3381 2246/485/3385 2248/514/3386
f 3790/514/3382 3791/486/3387 2249/486/3388 2247/514/3383
f 3791/486/3387 3790/514/3382 2248/514/3386 2250/486/3389
f 3791/486/3387 3789/485/3381 2245/485/3384 2249/486/3388
f 3789/485/3381 3791/486/3387 2250/486/3389 2246/485/3385
f 3792/470/3390 3793/481/3391 2253/481/3392 2251/470/3393
f 3793/481/3391 3792/470/3390 2252/470/3394 2254/481/3395
f 3793/481/3391 3794/515/3396 2255/515/3397 2253/481/3392
f 3794/515/3396 3793/481/3391 2254/481/3395 2256/515/3398
f 3794/515/3396 3792/470/3390 2251/470/3393 2255/515/3397
f 3792/470/3390 3794/515/3396 2256/515/3398 2252/470/3394
f 3795/449/3399 3796/516/3400 2259/516/3401 2257/449/3402
f 3796/516/3400 3795/449/3399 2258/449/3403 2260/516/3404
f 3796/516/3400 3797/472/3405 2261/472/3406 2259/516/3401
f 3797/472/3405 3796/516/3400 2260/516/3404 2262/472/3407
f 3797/472/3405 3795/449/3399 2257/449/3402 2261/472/3406
f 3795/449/3399 3797/472/3405 2262/472/3407 2258/449/3403
f 3798/490/3408 3799/491/3409 2265/491/3410 2263/490/3411
f 3799/491/3409 3798/490/3408 2264/490/3412 2266/491/3413
f 3799/491/3409 3800/498/3414 2267/498/3415 2265/491/3410
f 3800/498/3414 3799/491/3409 2266/491/3413 2268/498/3416
f 3800/498/3414 3798/490/3408 2263/490/3411 2267/498/3415
f 3798/490/3408 3800/498/3414 2268/498/3416 2264/490/3412
f 3801/517/3417 3802/498/3418 2267/498/3415 2269/517/3419
f 3802/498/3418 3801/517/3417 2270/517/3420 2268/498/3416
f 3802/498/3418 3803/491/3421 2265/491/3410 2267/498/3415
f 3803/491/3421 3802/498/3418 2268/498/3416 2266/491/3413
f 3803/491/3421 3801/517/3417 2269/517/3419 2265/491/3410
f 3801/517/3417 3803/491/3421 2266/491/3413 2270/517/3420
f 3804/486/3422 3805/514/3423 2273/514/3424 2271/486/3425
f 3805/514/3423 3804/486/3422 2272/486/3426 2274/514/3427
f 3805/514/3423 3806/490/3428 2275/490/3429 2273/514/3424
f 3806/490/3428 3805/514/3423 2274/514/3427 2276/490/3430
f 3806/490/3428 3804/486/3422 2271/486/3425 2275/490/3429
f 3804/486/3422 3806/490/3428 2276/490/3430 2272/486/3426
f 3807/480/3431 3808/518/3432 2279/518/3433 2277/480/3434
f 3808/518/3432 3807/480/3431 2278/480/3435 2280/518/3436
f 3808/518/3432 3809/519/3437 2281/519/3438 2279/518/3433
f 3809/519/3437 3808/518/3432 2280/518/3436 2282/519/3439
f 3809/519/3437 3807/480/3431 2277/480/3434 2281/519/3438
f 3807/480/3431 3809/519/3437 2282/519/3439 2278/480/3435
f 3810/486/3440 3811/490/3441 2285/490/3442 2283/486/3443
f 3811/490/3441 3810/486/3440 2284/486/3444 2286/490/3445
f 3811/490/3441 3812/498/3446 2287/498/3447 2285/490/3442
f 3812/498/3446 3811/490/3441 2286/490/3445 2288/498/3448
f 3812/498/3446 3810/486/3440 2283/486/3443 2287/498/3447
f 3810/486/3440 3812/498/3446 2288/498/3448 2284/486/3444
f 3813/459/3449 3814/447/3450 2291/447/3451 2289/459/3452
f 3814/447/3450 3813/459/3449 2290/459/3453 2292/447/3454
f 3814/447/3450 3815/471/3455 2293/471/3456 2291/447/3451
f 3815/471/3455 3814/447/3450 2292/447/3454 2294/471/3457
f 3815/471/3455 3813/459/3449 2289/459/3452 2293/471/3456
f 3813/459/3449 3815/471/3455 2294/471/3457 2290/459/3453
f 3816/491/3458 3817/520/3459 2297/520/3460 2295/491/3461
f 3817/520/3459 3816/491/3458 2296/491/3462 2298/520/3463
f 3817/520/3459 3818/517/3464 2299/517/3465 2297/520/3460
f 3818/517/3464 3817/520/3459 2298/520/3463 2300/517/3466
f 3818/517/3464 3816/491/3458 2295/491/3461 2299/517/3465
f 3816/491/3458 3818/517/3464 2300/517/3466 2296/491/3462
f 3819/486/3467 3820/498/3468 2303/498/3469 2301/486/3470
f 3820/498/3468 3819/486/3467 2302/486/3471 2304/498/3472
f 3820/498/3468 3821/521/3473 2305/521/3474 2303/498/3469
f 3821/521/3473 3820/498/3468 2304/498/3472 2306/521/3475
f 3821/521/3473 3819/486/3467 2301/486/3470 2305/521/3474
f 3819/486/3467 3821/521/3473 2306/521/3475 2302/486/3471
f 3822/428/3476 3823/441/3477 2309/441/3478 2307/428/3479
f 3823/441/3477 3822/428/3476 2308/428/3480 2310/441/3481
f 3823/441/3477 3824/522/3482 2311/522/3483 2309/441/3478
f 3824/522/3482 3823/441/3477 2310/441/3481 2312/522/3484
f 3824/522/3482 3822/428/3476 2307/428/3479 2311/522/3483
f 3822/428/3476 3824/522/3482 2312/522/3484 2308/428/3480
f 3825/502/3485 3826/523/3486 2315/523/3487 2313/502/3488
f 3826/523/3486 3825/502/3485 2314/502/3489 2316/523/3490
f 3826/523/3486 3827/524/3491 2317/524/3492 2315/523/3487
f 3827/524/3491 3826/523/3486 2316/523/3490 2318/524/3493
f 3827/524/3491 3825/502/3485 2313/502/3488 2317/524/3492
f 3825/502/3485 3827/524/3491 2318/524/3493 2314/502/3489
f 3828/518/3494 3829/525/3495 2321/525/3496 2319/518/3497
f 3829/525/3495 3828/518/3494 2320/518/3498 2322/525/3499
f 3829/525/3495 3830/519/3500 2323/519/3501 2321/525/3496
f 3830/519/3500 3829/525/3495 2322/525/3499 2324/519/3502
f 3830/519/3500 3828/518/3494 2319/518/3497 2323/519/3501
f 3828/518/3494 3830/519/3500 2324/519/3502 2320/518/3498
f 3831/452/3503 3832/504/3504 2327/504/3505 2325/452/3506
f 3832/504/3504 3831/452/3503 2326/452/3507 2328/504/3508
f 3832/504/3504 3833/453/3509 2329/453/3510 2327/504/3505
f 3833/453/3509 3832/504/3504 2328/504/3508 2330/453/3511
f 3833/453/3509 3831/452/3503 2325/452/3506 2329/453/3510
f 3831/452/3503 3833/453/3509 2330/453/3511 2326/452/3507
f 3834/447/3512 3835/472/3513 2333/472/3514 2331/447/3515
f 3835/472/3513 3834/447/3512 2332/447/3516 2334/472/3517
f 3835/472/3513 3836/471/3518 2335/471/3519 2333/472/3514
f 3836/471/3518 3835/472/3513 2334/472/3517 2336/471/3520
f 3836/471/3518 3834/447/3512 2331/447/3515 2335/471/3519
f 3834/447/3512 3836/471/3518 2336/471/3520 2332/447/3516
f 3837/526/3521 3838/527/3522 2339/527/3523 2337/526/3524
f 3838/527/3522 3837/526/3521 2338/526/3525 2340/527/3526
f 3838/527/3522 3839/528/3527 2341/528/3528 2339/527/3523
f 3839/528/3527 3838/527/3522 2340/527/3526 2342/528/3529
f 3839/528/3527 3837/526/3521 2337/526/3524 2341/528/3528
f 3837/526/3521 3839/528/3527 2342/528/3529 2338/526/3525
f 3840/489/3530 3841/529/3531 2345/529/3532 2343/489/3533
f 3841/529/3531 3840/489/3530 2344/489/3534 2346/529/3535
f 3841/529/3531 3842/491/3536 2347/491/3537 2345/529/3532
f 3842/491/3536 3841/529/3531 2346/529/3535 2348/491/3538
f 3842/491/3536 3840/489/3530 2343/489/3533 2347/491/3537
f 3840/489/3530 3842/491/3536 2348/491/3538 2344/489/3534
f 3843/483/3539 3844/495/3540 2351/495/3541 2349/483/3542
f 3844/495/3540 3843/483/3539 2350/483/3543 2352/495/3544
f 3844/495/3540 3845/530/3545 2353/530/3546 2351/495/3541
f 3845/530/3545 3844/495/3540 2352/495/3544 2354/530/3547
f 3845/530/3545 3843/483/3539 2349/483/3542 2353/530/3546
f 3843/483/3539 3845/530/3545 2354/530/3547 2350/483/3543
f 3846/64/3548 3847/531/3549 2357/531/3550 2355/64/3551
f 3847/531/3549 3846/64/3548 2356/64/3552 2358/531/3553
f 3847/531/3549 3848/532/3554 2359/532/3555 2357/531/3550
f 3848/532/3554 3847/531/3549 2358/531/3553 2360/532/3556
f 3848/532/3554 3846/64/3548 2355/64/3551 2359/532/3555
f 3846/64/3548 3848/532/3554 2360/532/3556 2356/64/3552
f 3849/533/3557 3850/502/3558 2363/502/3559 2361/533/3560
f 3850/502/3558 3849/533/3557 2362/533/3561 2364/502/3562
f 3850/502/3558 3851/534/3563 2365/534/3564 2363/502/3559
f 3851/534/3563 3850/502/3558 2364/502/3562 2366/534/3565
f 3851/534/3563 3849/533/3557 2361/533/3560 2365/534/3564
f 3849/533/3557 3851/534/3563 2366/534/3565 2362/533/3561
f 3852/483/3566 3853/535/3567 2369/535/3568 2367/483/3569
f 3853/535/3567 3852/483/3566 2368/483/3570 2370/535/3571
f 3853/535/3567 3854/484/3572 2371/484/3573 2369/535/3568
f 3854/484/3572 3853/535/3567 2370/535/3571 2372/484/3574
f 3854/484/3572 3852/483/3566 2367/483/3569 2371/484/3573
f 3852/483/3566 3854/484/3572 2372/484/3574 2368/483/3570
f 3855/511/3575 3856/510/3576 2375/510/3577 2373/511/3578
f 3856/510/3576 3855/511/3575 2374/511/3579 2376/510/3580
f 3856/510/3576 3857/536/3581 2377/536/3582 2375/510/3577
f 3857/536/3581 3856/510/3576 2376/510/3580 2378/536/3583
f 3857/536/3581 3855/511/3575 2373/511/3578 2377/536/3582
f 3855/511/3575 3857/536/3581 2378/536/3583 2374/511/3579
f 3858/533/3584 3859/537/3585 2381/537/3586 2379/533/3587
f 3859/537/3585 3858/533/3584 2380/533/3588 2382/537/3589
f 3859/537/3585 3860/502/3590 2383/502/3591 2381/537/3586
f 3860/502/3590 3859/537/3585 2382/537/3589 2384/502/3592
f 3860/502/3590 3858/533/3584 2379/533/3587 2383/502/3591
f 3858/533/3584 3860/502/3590 2384/502/3592 2380/533/3588
f 3861/538/3593 3862/527/3594 2387/527/3595 2385/538/3596
f 3862/527/3594 3861/538/3593 2386/538/3597 2388/527/3598
f 3862/527/3594 3863/526/3599 2389/526/3600 2387/527/3595
f 3863/526/3599 3862/527/3594 2388/527/3598 2390/526/3601
f 3863/526/3599 3861/538/3593 2385/538/3596 2389/526/3600
f 3861/538/3593 3863/526/3599 2390/526/3601 2386/538/3597
f 3864/539/3602 3865/540/3603 2393/540/3604 2391/539/3605
f 3865/540/3603 3864/539/3602 2392/539/3606 2394/540/3607
f 3865/540/3603 3866/532/3608 2395/532/3609 2393/540/3604
f 3866/532/3608 3865/540/3603 2394/540/3607 2396/532/3610
f 3866/532/3608 3864/539/3602 2391/539/3605 2395/532/3609
f 3864/539/3602 3866/532/3608 2396/532/3610 2392/539/3606
f 3867/472/3611 3868/516/3612 2399/516/3613 2397/472/3614
f 3868/516/3612 3867/472/3611 2398/472/3615 2400/516/3616
f 3868/516/3612 3869/476/3617 2401/476/3618 2399/516/3613
f 3869/476/3617 3868/516/3612 2400/516/3616 2402/476/3619
f 3869/476/3617 3867/472/3611 2397/472/3614 2401/476/3618
f 3867/472/3611 3869/476/3617 2402/476/3619 2398/472/3615
f 3870/541/3620 3871/488/3621 2405/488/3622 2403/541/3623
f 3871/488/3621 3870/541/3620 2404/541/3624 2406/488/3625
f 3871/488/3621 3872/490/3626 2407/490/3627 2405/488/3622
f 3872/490/3626 3871/488/3621 2406/488/3625 2408/490/3628
f 3872/490/3626 3870/541/3620 2403/541/3623 2407/490/3627
f 3870/541/3620 3872/490/3626 2408/490/3628 2404/541/3624
f 3873/484/3629 3874/535/3630 2411/535/3631 2409/484/3632
f 3874/535/3630 3873/484/3629 2410/484/3633 2412/535/3634
f 3874/535/3630 3875/542/3635 2413/542/3636 2411/535/3631
f 3875/542/3635 3874/535/3630 2412/535/3634 2414/542/3637
f 3875/542/3635 3873/484/3629 2409/484/3632 2413/542/3636
f 3873/484/3629 3875/542/3635 2414/542/3637 2410/484/3633
f 3876/525/3638 3877/543/3639 2417/543/3640 2415/525/3641
f 3877/543/3639 3876/525/3638 2416/525/3642 2418/543/3643
f 3877/543/3639 3878/496/3644 2419/496/3645 2417/543/3640
f 3878/496/3644 3877/543/3639 2418/543/3643 2420/496/3646
f 3878/496/3644 3876/525/3638 2415/525/3641 2419/496/3645
f 3876/525/3638 3878/496/3644 2420/496/3646 2416/525/3642
f 3879/484/3647 3880/542/3648 2423/542/3649 2421/484/3650
f 3880/542/3648 3879/484/3647 2422/484/3651 2424/542/3652
f 3880/542/3648 3881/480/3653 2425/480/3654 2423/542/3649
f 3881/480/3653 3880/542/3648 2424/542/3652 2426/480/3655
f 3881/480/3653 3879/484/3647 2421/484/3650 2425/480/3654
f 3879/484/3647 3881/480/3653 2426/480/3655 2422/484/3651
f 3882/544/3656 3883/537/3657 2429/537/3658 2427/544/3659
f 3883/537/3657 3882/544/3656 2428/544/3660 2430/537/3661
f 3883/537/3657 3884/533/3662 2431/533/3663 2429/537/3658
f 3884/533/3662 3883/537/3657 2430/537/3661 2432/533/3664
f 3884/533/3662 3882/544/3656 2427/544/3659 2431/533/3663
f 3882/544/3656 3884/533/3662 2432/533/3664 2428/544/3660
f 3885/440/3665 3886/545/3666 2435/545/3667 2433/440/3668
f 3886/545/3666 3885/440/3665 2434/440/3669 2436/545/3670
f 3886/545/3666 3887/546/3671 2437/546/3672 2435/545/3667
f 3887/546/3671 3886/545/3666 2436/545/3670 2438/546/3673
f 3887/546/3671 3885/440/3665 2433/440/3668 2437/546/3672
f 3885/440/3665 3887/546/3671 2438/546/3673 2434/440/3669
f 3888/516/3674 3889/64/3675 2441/64/3676 2439/516/3677
f 3889/64/3675 3888/516/3674 2440/516/3678 2442/64/3679
f 3889/64/3675 3890/476/3680 2443/476/3681 2441/64/3676
f 3890/476/3680 3889/64/3675 2442/64/3679 2444/476/3682
f 3890/476/3680 3888/516/3674 2439/516/3677 2443/476/3681
f 3888/516/3674 3890/476/3680 2444/476/3682 2440/516/3678
f 3891/473/3683 3892/524/3684 2447/524/3685 2445/473/3686
f 3892/524/3684 3891/473/3683 2446/473/3687 2448/524/3688
f 3892/524/3684 3893/523/3689 2449/523/3690 2447/524/3685
f 3893/523/3689 3892/524/3684 2448/524/3688 2450/523/3691
f 3893/523/3689 3891/473/3683 2445/473/3686 2449/523/3690
f 3891/473/3683 3893/523/3689 2450/523/3691 2446/473/3687
f 3894/524/3692 3895/473/3693 2445/473/3686 2447/524/3685
f 3895/473/3693 3894/524/3692 2448/524/3688 2446/473/3687
f 3895/473/3693 3896/475/3694 2451/475/3695 2445/473/3686
f 3896/475/3694 3895/473/3693 2446/473/3687 2452/475/3696
f 3896/475/3694 3894/524/3692 2447/524/3685 2451/475/3695
f 3894/524/3692 3896/475/3694 2452/475/3696 2448/524/3688
f 3897/525/3697 3898/496/3698 2455/496/3699 2453/525/3700
f 3898/496/3698 3897/525/3697 2454/525/3701 2456/496/3702
f 3898/496/3698 3899/519/3703 2457/519/3704 2455/496/3699
f 3899/519/3703 3898/496/3698 2456/496/3702 2458/519/3705
f 3899/519/3703 3897/525/3697 2453/525/3700 2457/519/3704
f 3897/525/3697 3899/519/3703 2458/519/3705 2454/525/3701
f 3900/496/3706 3901/543/3707 2461/543/3708 2459/496/3709
f 3901/543/3707 3900/496/3706 2460/496/3710 2462/543/3711
f 3901/543/3707 3902/448/3712 2463/448/3713 2461/543/3708
f 3902/448/3712 3901/543/3707 2462/543/3711 2464/448/3714
f 3902/448/3712 3900/496/3706 2459/496/3709 2463/448/3713
f 3900/496/3706 3902/448/3712 2464/448/3714 2460/496/3710
f 3903/454/3715 3904/545/3716 2467/545/3717 2465/454/3718
f 3904/545/3716 3903/454/3715 2466/454/3719 2468/545/3720
f 3904/545/3716 3905/440/3721 2469/440/3722 2467/545/3717
f 3905/440/3721 3904/545/3716 2468/545/3720 2470/440/3723
f 3905/440/3721 3903/454/3715 2465/454/3718 2469/440/3722
f 3903/454/3715 3905/440/3721 2470/440/3723 2466/454/3719
f 3906/474/3724 3907/487/3725 2473/487/3726 2471/474/3727
f 3907/487/3725 3906/474/3724 2472/474/3728 2474/487/3729
f 3907/487/3725 3908/486/3730 2475/486/3731 2473/487/3726
f 3908/486/3730 3907/487/3725 2474/487/3729 2476/486/3732
f 3908/486/3730 3906/474/3724 2471/474/3727 2475/486/3731
f 3906/474/3724 3908/486/3730 2476/486/3732 2472/474/3728
f 3909/540/3733 3910/539/3734 2479/539/3735 2477/540/3736
f 3910/539/3734 3909/540/3733 2478/540/3737 2480/539/3738
f 3910/539/3734 3911/538/3739 2481/538/3740 2479/539/3735
f 3911/538/3739 3910/539/3734 2480/539/3738 2482/538/3741
f 3911/538/3739 3909/540/3733 2477/540/3736 2481/538/3740
f 3909/540/3733 3911/538/3739 2482/538/3741 2478/540/3737
f 3912/522/3742 3913/426/3743 2485/426/3744 2483/522/3745
f 3913/426/3743 3912/522/3742 2484/522/3746 2486/426/3747
f 3913/426/3743 3914/428/3748 2487/428/3749 2485/426/3744
f 3914/428/3748 3913/426/3743 2486/426/3747 2488/428/3750
f 3914/428/3748 3912/522/3742 2483/522/3745 2487/428/3749
f 3912/522/3742 3914/428/3748 2488/428/3750 2484/522/3746
f 3915/486/3751 3916/521/3752 2491/521/3753 2489/486/3754
f 3916/521/3752 3915/486/3751 2490/486/3755 2492/521/3756
f 3916/521/3752 3917/474/3757 2493/474/3758 2491/521/3753
f 3917/474/3757 3916/521/3752 2492/521/3756 2494/474/3759
f 3917/474/3757 3915/486/3751 2489/486/3754 2493/474/3758
f 3915/486/3751 3917/474/3757 2494/474/3759 2490/486/3755
f 3918/465/3760 3919/519/3761 2497/519/3762 2495/465/3763
f 3919/519/3761 3918/465/3760 2496/465/3764 2498/519/3765
f 3919/519/3761 3920/496/3766 2499/496/3767 2497/519/3762
f 3920/496/3766 3919/519/3761 2498/519/3765 2500/496/3768
f 3920/496/3766 3918/465/3760 2495/465/3763 2499/496/3767
f 3918/465/3760 3920/496/3766 2500/496/3768 2496/465/3764
f 3921/547/3769 3922/448/3770 2503/448/3771 2501/547/3772
f 3922/448/3770 3921/547/3769 2502/547/3773 2504/448/3774
f 3922/448/3770 3923/543/3775 2505/543/3776 2503/448/3771
f 3923/543/3775 3922/448/3770 2504/448/3774 2506/543/3777
f 3923/543/3775 3921/547/3769 2501/547/3772 2505/543/3776
f 3921/547/3769 3923/543/3775 2506/543/3777 2502/547/3773
f 3924/548/3778 3925/426/3779 2509/426/3780 2507/548/3781
f 3925/426/3779 3924/548/3778 2508/548/3782 2510/426/3783
f 3925/426/3779 3926/522/3784 2511/522/3785 2509/426/3780
f 3926/522/3784 3925/426/3779 2510/426/3783 2512/522/3786
f 3926/522/3784 3924/548/3778 2507/548/3781 2511/522/3785
f 3924/548/3778 3926/522/3784 2512/522/3786 2508/548/3782
f 3927/549/3787 3928/504/3788 2515/504/3789 2513/549/3790
f 3928/504/3788 3927/549/3787 2514/549/3791 2516/504/3792
f 3928/504/3788 3929/528/3793 2517/528/3794 2515/504/3789
f 3929/528/3793 3928/504/3788 2516/504/3792 2518/528/3795
f 3929/528/3793 3927/549/3787 2513/549/3790 2517/528/3794
f 3927/549/3787 3929/528/3793 2518/528/3795 2514/549/3791
f 3930/550/3796 3931/433/3797 2521/433/3798 2519/550/3799
f 3931/433/3797 3930/550/3796 2520/550/3800 2522/433/3801
f 3931/433/3797 3932/551/3802 2523/551/3803 2521/433/3798
f 3932/551/3802 3931/433/3797 2522/433/3801 2524/551/3804
f 3932/551/3802 3930/550/3796 2519/550/3799 2523/551/3803
f 3930/550/3796 3932/551/3802 2524/551/3804 2520/550/3800
f 3933/532/3805 3934/540/3806 2527/540/3807 2525/532/3808
f 3934/540/3806 3933/532/3805 2526/532/3809 2528/540/3810
f 3934/540/3806 3935/61/3811 2529/61/3812 2527/540/3807
f 3935/61/3811 3934/540/3806 2528/540/3810 2530/61/3813
f 3935/61/3811 3933/532/3805 2525/532/3808 2529/61/3812
f 3933/532/3805 3935/61/3811 2530/61/3813 2526/532/3809
f 3936/540/3814 3937/526/3815 2533/526/3816 2531/540/3817
f 3937/526/3815 3936/540/3814 2532/540/3818 2534/526/3819
f 3937/526/3815 3938/61/3820 2535/61/3821 2533/526/3816
f 3938/61/3820 3937/526/3815 2534/526/3819 2536/61/3822
f 3938/61/3820 3936/540/3814 2531/540/3817 2535/61/3821
f 3936/540/3814 3938/61/3820 2536/61/3822 2532/540/3818
f 3939/547/3823 3940/516/3824 2539/516/3825 2537/547/3826
f 3940/516/3824 3939/547/3823 2538/547/3827 2540/516/3828
f 3940/516/3824 3941/449/3829 2541/449/3830 2539/516/3825
f 3941/449/3829 3940/516/3824 2540/516/3828 2542/449/3831
f 3941/449/3829 3939/547/3823 2537/547/3826 2541/449/3830
f 3939/547/3823 3941/449/3829 2542/449/3831 2538/547/3827
f 3942/540/3832 3943/538/3833 2545/538/3834 2543/540/3835
f 3943/538/3833 3942/540/3832 2544/540/3836 2546/538/3837
f 3943/538/3833 3944/526/3838 2547/526/3839 2545/538/3834
f 3944/526/3838 3943/538/3833 2546/538/3837 2548/526/3840
f 3944/526/3838 3942/540/3832 2543/540/3835 2547/526/3839
f 3942/540/3832 3944/526/3838 2548/526/3840 2544/540/3836
f 3945/547/3841 3946/449/3842 2551/449/3843 2549/547/3844
f 3946/449/3842 3945/547/3841 2550/547/3845 2552/449/3846
f 3946/449/3842 3947/448/3847 2553/448/3848 2551/449/3843
f 3947/448/3847 3946/449/3842 2552/449/3846 2554/448/3849
f 3947/448/3847 3945/547/3841 2549/547/3844 2553/448/3848
f 3945/547/3841 3947/448/3847 2554/448/3849 2550/547/3845
f 3948/552/3850 3949/553/3851 2557/553/3852 2555/552/3853
f 3949/553/3851 3948/552/3850 2556/552/3854 2558/553/3855
f 3949/553/3851 3950/462/3856 2559/462/3857 2557/553/3852
f 3950/462/3856 3949/553/3851 2558/553/3855 2560/462/3858
f 3950/462/3856 3948/552/3850 2555/552/3853 2559/462/3857
f 3948/552/3850 3950/462/3856 2560/462/3858 2556/552/3854
f 3951/453/3859 3952/552/3860 2563/552/3861 2561/453/3862
f 3952/552/3860 3951/453/3859 2562/453/3863 2564/552/3864
f 3952/552/3860 3953/462/3865 2565/462/3866 2563/552/3861
f 3953/462/3865 3952/552/3860 2564/552/3864 2566/462/3867
f 3953/462/3865 3951/453/3859 2561/453/3862 2565/462/3866
f 3951/453/3859 3953/462/3865 2566/462/3867 2562/453/3863
f 3954/526/3868 3955/528/3869 2569/528/3870 2567/526/3871
f 3955/528/3869 3954/526/3868 2568/526/3872 2570/528/3873
f 3955/528/3869 3956/504/3874 2571/504/3875 2569/528/3870
f 3956/504/3874 3955/528/3869 2570/528/3873 2572/504/3876
f 3956/504/3874 3954/526/3868 2567/526/3871 2571/504/3875
f 3954/526/3868 3956/504/3874 2572/504/3876 2568/526/3872
f 3957/453/3877 3958/549/3878 2575/549/3879 2573/453/3880
f 3958/549/3878 3957/453/3877 2574/453/3881 2576/549/3882
f 3958/549/3878 3959/552/3883 2577/552/3884 2575/549/3879
f 3959/552/3883 3958/549/3878 2576/549/3882 2578/552/3885
f 3959/552/3883 3957/453/3877 2573/453/3880 2577/552/3884
f 3957/453/3877 3959/552/3883 2578/552/3885 2574/453/3881
f 3960/526/3886 3961/504/3887 2581/504/3888 2579/526/3889
f 3961/504/3887 3960/526/3886 2580/526/3890 2582/504/3891
f 3961/504/3887 3962/61/3892 2583/61/3893 2581/504/3888
f 3962/61/3892 3961/504/3887 2582/504/3891 2584/61/3894
f 3962/61/3892 3960/526/3886 2579/526/3889 2583/61/3893
f 3960/526/3886 3962/61/3892 2584/61/3894 2580/526/3890
f 3963/504/3895 3964/549/3896 2587/549/3897 2585/504/3898
f 3964/549/3896 3963/504/3895 2586/504/3899 2588/549/3900
f 3964/549/3896 3965/453/3901 2589/453/3902 2587/549/3897
f 3965/453/3901 3964/549/3896 2588/549/3900 2590/453/3903
f 3965/453/3901 3963/504/3895 2585/504/3898 2589/453/3902
f 3963/504/3895 3965/453/3901 2590/453/3903 2586/504/3899
f 3966/434/3904 3967/554/3905 2593/554/3906 2591/434/3907
f 3967/554/3905 3966/434/3904 2592/434/3908 2594/554/3909
f 3967/554/3905 3968/555/3910 2595/555/3911 2593/554/3906
f 3968/555/3910 3967/554/3905 2594/554/3909 2596/555/3912
f 3968/555/3910 3966/434/3904 2591/434/3907 2595/555/3911
f 3966/434/3904 3968/555/3910 2596/555/3912 2592/434/3908
f 3969/454/3913 3970/462/3914 2599/462/3915 2597/454/3916
f 3970/462/3914 3969/454/3913 2598/454/3917 2600/462/3918
f 3970/462/3914 3971/553/3919 2601/553/3920 2599/462/3915
f 3971/553/3919 3970/462/3914 2600/462/3918 2602/553/3921
f 3971/553/3919 3969/454/3913 2597/454/3916 2601/553/3920
f 3969/454/3913 3971/553/3919 2602/553/3921 2598/454/3917
f 3972/556/3922 3973/438/3923 2605/438/3924 2603/556/3925
f 3973/438/3923 3972/556/3922 2604/556/3926 2606/438/3927
f 3973/438/3923 3974/548/3928 2607/548/3929 2605/438/3924
f 3974/548/3928 3973/438/3923 2606/438/3927 2608/548/3930
f 3974/548/3928 3972/556/3922 2603/556/3925 2607/548/3929
f 3972/556/3922 3974/548/3928 2608/548/3930 2604/556/3926
f 3975/454/3931 3976/553/3932 2611/553/3933 2609/454/3934
f 3976/553/3932 3975/454/3931 2610/454/3935 2612/553/3936
f 3976/553/3932 3977/545/3937 2613/545/3938 2611/553/3933
f 3977/545/3937 3976/553/3932 2612/553/3936 2614/545/3939
f 3977/545/3937 3975/454/3931 2609/454/3934 2613/545/3938
f 3975/454/3931 3977/545/3937 2614/545/3939 2610/454/3935
f 3978/557/3940 3979/556/3941 2617/556/3942 2615/557/3943
f 3979/556/3941 3978/557/3940 2616/557/3944 2618/556/3945
f 3979/556/3941 3980/548/3946 2619/548/3947 2617/556/3942
f 3980/548/3946 3979/556/3941 2618/556/3945 2620/548/3948
f 3980/548/3946 3978/557/3940 2615/557/3943 2619/548/3947
f 3978/557/3940 3980/548/3946 2620/548/3948 2616/557/3944
f 3981/558/3949 3982/554/3950 2623/554/3951 2621/558/3952
f 3982/554/3950 3981/558/3949 2622/558/3953 2624/554/3954
f 3982/554/3950 3983/434/3955 2625/434/3956 2623/554/3951
f 3983/434/3955 3982/554/3950 2624/554/3954 2626/434/3957
f 3983/434/3955 3981/558/3949 2621/558/3952 2625/434/3956
f 3981/558/3949 3983/434/3955 2626/434/3957 2622/558/3953
f 3984/511/3958 3985/437/3959 2629/437/3960 2627/511/3961
f 3985/437/3959 3984/511/3958 2628/511/3962 2630/437/3963
f 3985/437/3959 3986/512/3964 2631/512/3965 2629/437/3960
f 3986/512/3964 3985/437/3959 2630/437/3963 2632/512/3966
f 3986/512/3964 3984/511/3958 2627/511/3961 2631/512/3965
f 3984/511/3958 3986/512/3964 2632/512/3966 2628/511/3962
f 3987/536/3967 3988/424/3968 2635/424/3969 2633/536/3970
f 3988/424/3968 3987/536/3967 2634/536/3971 2636/424/3972
f 3988/424/3968 3989/511/3973 2637/511/3974 2635/424/3969
f 3989/511/3973 3988/424/3968 2636/424/3972 2638/511/3975
f 3989/511/3973 3987/536/3967 2633/536/3970 2637/511/3974
f 3987/536/3967 3989/511/3973 2638/511/3975 2634/536/3971
f 3990/559/3976 3991/558/3977 2641/558/3978 2639/559/3979
f 3991/558/3977 3990/559/3976 2640/559/3980 2642/558/3981
f 3991/558/3977 3992/550/3982 2643/550/3983 2641/558/3978
f 3992/550/3982 3991/558/3977 2642/558/3981 2644/550/3984
f 3992/550/3982 3990/559/3976 2639/559/3979 2643/550/3983
f 3990/559/3976 3992/550/3982 2644/550/3984 2640/559/3980
f 3993/319/3985 3994/321/3986 1529/321/3987 1531/319/3988
f 3994/321/3986 3993/319/3985 1532/319/3989 1530/321/3990
f 3994/321/3986 3995/322/3991 1525/322/3992 1529/321/3987
f 3995/322/3991 3994/321/3986 1530/321/3990 1526/322/3993
f 3995/322/3991 3996/560/3994 1527/560/3995 1525/322/3992
f 3996/560/3994 3995/322/3991 1526/322/3993 1528/560/3996
f 3996/560/3994 3993/319/3985 1531/319/3988 1527/560/3995
f 3993/319/3985 3996/560/3994 1528/560/3996 1532/319/3989
