# Blender 5.2.0 LTS
# www.blender.org
mtllib famas body.mtl
o Famasbody
v 0.882424 0.006276 -0.098955
v 0.883478 0.005210 -0.098955
v 0.882424 0.006276 0.098140
v 0.883478 0.005210 0.098140
v 0.941347 0.367705 0.146727
v 0.942827 0.367461 0.146727
v 0.941347 0.367705 -0.148009
v 0.942827 0.367461 -0.148009
v -0.052937 0.743641 0.057188
v -0.052275 0.744987 0.057188
v -0.052938 0.743641 0.034227
v -0.052274 0.744987 0.034227
v 0.014269 0.653752 0.057188
v 0.015695 0.654218 0.057188
v 0.014269 0.653752 0.034227
v 0.015695 0.654218 0.034227
v 0.014232 0.429314 0.057188
v 0.015732 0.429314 0.057188
v 0.014232 0.429314 0.034227
v 0.015732 0.429314 0.034227
v -0.052938 0.743642 -0.058003
v -0.052274 0.744986 -0.058003
v -0.052939 0.743642 -0.035069
v -0.052273 0.744986 -0.035069
v 0.014269 0.653752 -0.035069
v 0.015695 0.654218 -0.035069
v 0.014269 0.653751 -0.058003
v 0.015695 0.654219 -0.058003
v 0.014232 0.429314 -0.058003
v 0.015732 0.429314 -0.058003
v 0.014232 0.429314 -0.035069
v 0.015732 0.429314 -0.035069
v 0.882721 0.539058 0.093636
v 0.883689 0.540204 0.093636
v 0.882721 0.539058 -0.094917
v 0.883689 0.540204 -0.094917
v 0.941378 0.367338 -0.148009
v 0.942796 0.367828 -0.148009
v 0.941378 0.367338 0.146727
v 0.942796 0.367828 0.146727
v -0.017521 0.629078 -0.035069
v -0.016191 0.629772 -0.035069
v -0.017521 0.629078 0.034227
v -0.016191 0.629772 0.034227
v -0.017606 0.429314 0.034227
v -0.016106 0.429314 0.034227
v -0.017606 0.429314 -0.035069
v -0.016106 0.429314 -0.035069
v -0.144522 0.300667 -0.079152
v -0.143060 0.301001 -0.079152
v -0.144522 0.300667 0.078337
v -0.143060 0.301001 0.078337
v -0.030416 -0.200156 0.078337
v -0.028954 -0.199822 0.078337
v -0.030416 -0.200156 -0.079152
v -0.028954 -0.199822 -0.079152
v -1.070792 0.648626 0.057188
v -1.070070 0.647312 0.057188
v -1.070792 0.648626 -0.058003
v -1.070070 0.647312 -0.058003
v -1.117792 0.577571 0.057188
v -1.116356 0.577139 0.057188
v -1.117792 0.577571 -0.058003
v -1.116356 0.577139 -0.058003
v -1.117824 0.454014 0.057188
v -1.116324 0.454014 0.057188
v -1.117824 0.454014 -0.058003
v -1.116324 0.454014 -0.058003
v -1.162565 0.709171 0.057188
v -1.163357 0.710445 0.057188
v -0.052938 0.743641 0.057188
v -0.052274 0.744987 0.057188
v -1.162565 0.709171 0.034227
v -1.163357 0.710445 0.034227
v -0.052938 0.743641 0.034227
v -0.052274 0.744987 0.034227
v -1.162565 0.709171 -0.058003
v -1.163357 0.710445 -0.058003
v -1.162565 0.709171 -0.035069
v -1.163357 0.710445 -0.035069
v -0.052938 0.743641 -0.058003
v -0.052274 0.744987 -0.058003
v -0.052938 0.743641 -0.035069
v -0.052274 0.744987 -0.035069
v 0.514431 0.456893 0.080150
v 0.513843 0.458273 0.080150
v 0.514431 0.456893 -0.080965
v 0.513843 0.458273 -0.080965
v 0.599752 0.538934 0.093636
v 0.599200 0.540328 0.093636
v 0.599752 0.538934 -0.094917
v 0.599200 0.540328 -0.094917
v 0.882721 0.539058 0.093636
v 0.883689 0.540204 0.093636
v 0.882721 0.539058 -0.094917
v 0.883689 0.540204 -0.094917
v -0.070613 0.664359 -0.035069
v -0.070185 0.665797 -0.035069
v -1.196259 0.645738 -0.035069
v -1.196285 0.647238 -0.035069
v -1.196260 0.645738 0.034227
v -1.196284 0.647238 0.034227
v -0.070613 0.664359 0.034227
v -0.070185 0.665797 0.034227
v -0.017521 0.629078 -0.035069
v -0.016191 0.629772 -0.035069
v -0.017521 0.629078 0.034227
v -0.016191 0.629772 0.034227
v -0.159858 0.456833 -0.045424
v -0.159858 0.458333 -0.045424
v -0.410526 0.456833 -0.080965
v -0.410526 0.458333 -0.080965
v -0.410526 0.456833 -0.045424
v -0.410526 0.458333 -0.045424
v -0.731856 0.456833 -0.045424
v -0.731856 0.458333 -0.045424
v -1.219741 0.456833 -0.080965
v -1.219741 0.458333 -0.080965
v -0.159858 0.456833 0.044582
v -0.159858 0.458333 0.044582
v -1.219741 0.456833 0.080150
v -1.219741 0.458333 0.080150
v -0.731856 0.456833 0.044582
v -0.731856 0.458333 0.044582
v -0.416427 0.367784 0.124856
v -0.416401 0.367382 0.126300
v -1.186087 0.231958 0.083024
v -1.186099 0.231570 0.084472
v -0.398763 0.187109 0.083026
v -0.398737 0.186707 0.084470
v -1.236559 0.367777 0.124854
v -1.236571 0.367389 0.126302
v -0.126204 0.259795 0.083029
v -0.126216 0.259371 0.084467
v -0.126197 0.367795 0.124859
v -0.126223 0.367371 0.126297
v 0.000012 0.259760 0.099665
v -0.000076 0.259406 0.101119
v 0.058881 0.367719 0.124841
v 0.058819 0.367447 0.126315
v 0.058875 0.223713 0.099654
v 0.058825 0.223453 0.101130
v 0.100915 0.106702 0.083007
v 0.100903 0.106464 0.084489
v 0.146314 0.106707 0.083009
v 0.146352 0.106459 0.084487
v 0.358960 0.195873 0.083011
v 0.358922 0.195601 0.084485
v 0.514257 0.367695 0.124846
v 0.514017 0.367471 0.126310
v 0.514282 0.058314 0.083020
v 0.513992 0.058102 0.084476
v 0.599571 0.367683 0.145990
v 0.599381 0.367483 0.147464
v 0.599552 -0.000250 0.097401
v 0.599400 -0.000452 0.098879
v 0.882951 0.005843 0.097397
v 0.882951 0.005643 0.098883
v 0.942087 0.367683 0.145984
v 0.942087 0.367483 0.147470
v -1.219741 0.457245 0.079480
v -1.219741 0.457921 0.080820
v -1.236565 0.367245 0.124908
v -1.236565 0.367921 0.126248
v 0.514269 0.367289 0.124901
v 0.514005 0.367877 0.126255
v 0.514288 0.457295 0.079474
v 0.513986 0.457871 0.080826
v 0.599602 0.367347 0.146026
v 0.599350 0.367819 0.147428
v 0.599570 0.539396 0.092930
v 0.599382 0.539866 0.094342
v 0.883205 0.539412 0.092919
v 0.883205 0.539850 0.094353
v 0.942087 0.367364 0.146010
v 0.942087 0.367802 0.147444
v -0.143791 0.300834 0.077587
v -0.143791 0.300834 0.079087
v -0.300626 -0.179829 0.077587
v -0.300626 -0.179829 0.079087
v -0.395175 0.235278 0.077587
v -0.395175 0.235278 0.079087
v -0.320816 -0.215361 0.077587
v -0.320816 -0.215361 0.079087
v -0.307821 -0.272506 0.077587
v -0.307821 -0.272506 0.079087
v -0.029685 -0.199989 0.077587
v -0.029685 -0.199989 0.079087
v -1.212929 0.618210 0.056438
v -1.212929 0.618210 0.057938
v -1.117074 0.577355 0.056438
v -1.117074 0.577355 0.057938
v -1.162961 0.709808 0.056438
v -1.162961 0.709808 0.057938
v -1.212929 0.454014 0.056438
v -1.212929 0.454014 0.057938
v -1.117074 0.454014 0.056438
v -1.117074 0.454014 0.057938
v -1.070431 0.647969 0.056438
v -1.070431 0.647969 0.057938
v -0.052606 0.744314 0.056438
v -0.052606 0.744314 0.057938
v -0.136260 0.640814 0.056438
v -0.136260 0.640814 0.057938
v 0.014982 0.653985 0.056438
v 0.014982 0.653985 0.057938
v -0.089995 0.582314 0.056438
v -0.089995 0.582314 0.057938
v 0.014982 0.429314 0.056438
v 0.014982 0.429314 0.057938
v -0.089995 0.429314 0.056438
v -0.089995 0.429314 0.057938
v -0.052606 0.744314 -0.035819
v -0.052606 0.744314 -0.034319
v -1.162961 0.709808 -0.035819
v -1.162961 0.709808 -0.034319
v -0.070399 0.665078 -0.035819
v -0.070399 0.665078 -0.034319
v -1.196272 0.646488 -0.035819
v -1.196272 0.646488 -0.034319
v 0.014982 0.653985 -0.035819
v 0.014982 0.653985 -0.034319
v -0.016856 0.629425 -0.035819
v -0.016856 0.629425 -0.034319
v 0.014982 0.429314 -0.035819
v 0.014982 0.429314 -0.034319
v -0.016856 0.429314 -0.035819
v -0.016856 0.429314 -0.034319
v -1.212179 0.454014 -0.058003
v -1.213679 0.454014 -0.058003
v -1.212179 0.618210 0.057188
v -1.213679 0.618210 0.057188
v -1.212179 0.618210 -0.058003
v -1.213679 0.618210 -0.058003
v -1.212179 0.454014 0.057188
v -1.213679 0.454014 0.057188
v -1.235819 0.367661 -0.126420
v -1.237311 0.367505 -0.126420
v -1.235819 0.367661 0.125578
v -1.237311 0.367505 0.125578
v -1.219004 0.457445 -0.080965
v -1.220478 0.457721 -0.080965
v -1.219004 0.457445 0.080150
v -1.220478 0.457721 0.080150
v -1.185390 0.232026 -0.084563
v -1.186796 0.231502 -0.084563
v -1.185390 0.232025 0.083748
v -1.186796 0.231503 0.083748
v -0.307090 -0.272339 -0.079152
v -0.308552 -0.272673 -0.079152
v -0.320085 -0.215195 0.078337
v -0.321547 -0.215527 0.078337
v -0.320086 -0.215194 -0.079152
v -0.321548 -0.215528 -0.079152
v -0.307090 -0.272340 0.078337
v -0.308552 -0.272672 0.078337
v -0.394444 0.235445 -0.079152
v -0.395906 0.235111 -0.079152
v -0.299895 -0.179662 -0.079152
v -0.301357 -0.179996 -0.079152
v -0.299895 -0.179662 0.078337
v -0.301357 -0.179996 0.078337
v -0.394444 0.235445 0.078337
v -0.395906 0.235111 0.078337
v -1.162565 0.709171 0.057188
v -1.163357 0.710445 0.057188
v -1.162565 0.709171 0.034227
v -1.163357 0.710445 0.034227
v -1.195617 0.646123 0.034227
v -1.196927 0.646853 0.034227
v -1.212274 0.617845 0.057188
v -1.213584 0.618575 0.057188
v -1.212274 0.617845 -0.058003
v -1.213584 0.618575 -0.058003
v -1.195617 0.646123 -0.035069
v -1.196927 0.646853 -0.035069
v -1.162564 0.709172 -0.058003
v -1.163358 0.710444 -0.058003
v -1.162564 0.709172 -0.035069
v -1.163358 0.710444 -0.035069
v 0.059428 0.224061 -0.101674
v 0.058272 0.223105 -0.101674
v 0.059428 0.224061 0.100392
v 0.058272 0.223105 0.100392
v 0.101614 0.106838 -0.084563
v 0.100204 0.106328 -0.084563
v 0.101614 0.106838 0.083748
v 0.100204 0.106328 0.083748
v -0.320164 -0.215730 -0.079152
v -0.321470 -0.214992 -0.079152
v -0.299973 -0.180198 0.078337
v -0.301279 -0.179460 0.078337
v -0.299973 -0.180198 -0.079152
v -0.301279 -0.179460 -0.079152
v -0.320163 -0.215730 0.078337
v -0.321469 -0.214992 0.078337
v -0.089286 0.582559 -0.058003
v -0.090704 0.582069 -0.058003
v -0.089245 0.429314 -0.058003
v -0.090745 0.429314 -0.058003
v -0.089245 0.429314 0.057188
v -0.090745 0.429314 0.057188
v -0.089286 0.582559 0.057188
v -0.090704 0.582069 0.057188
v -0.135923 0.641484 0.057188
v -0.136597 0.640144 0.057188
v -0.135923 0.641484 -0.058003
v -0.136597 0.640144 -0.058003
v -0.308010 -0.271780 -0.079152
v -0.307632 -0.273232 -0.079152
v -0.029874 -0.199263 -0.079152
v -0.029496 -0.200715 -0.079152
v -0.029874 -0.199263 0.078337
v -0.029496 -0.200715 0.078337
v -0.308010 -0.271780 0.078337
v -0.307632 -0.273232 0.078337
v 0.359068 0.196476 -0.084563
v 0.358814 0.194998 -0.084563
v 0.146182 0.107318 0.083748
v 0.146484 0.105848 0.083748
v 0.146182 0.107318 -0.084563
v 0.146484 0.105848 -0.084563
v 0.100909 0.107333 0.083748
v 0.100909 0.105833 0.083748
v 0.100909 0.107333 -0.084563
v 0.100909 0.105833 -0.084563
v 0.359068 0.196476 0.083748
v 0.358814 0.194998 0.083748
v 0.514598 0.058800 -0.084563
v 0.513676 0.057616 -0.084563
v 0.514598 0.058800 0.083748
v 0.513676 0.057616 0.083748
v 0.599690 0.000368 -0.098955
v 0.599262 -0.001070 -0.098955
v 0.599690 0.000368 0.098140
v 0.599262 -0.001070 0.098140
v 0.882423 0.006276 -0.098955
v 0.883479 0.005210 -0.098955
v 0.882423 0.006276 0.098140
v 0.883479 0.005210 0.098140
v -1.186049 0.232513 -0.084563
v -1.186137 0.231015 -0.084563
v -0.398706 0.187657 -0.084563
v -0.398794 0.186159 -0.084563
v -0.398706 0.187657 0.083748
v -0.398794 0.186159 0.083748
v -1.186049 0.232513 0.083748
v -1.186137 0.231015 0.083748
v -0.398945 0.187632 -0.084563
v -0.398555 0.186184 -0.084563
v -0.126305 0.260327 -0.084563
v -0.126115 0.258839 -0.084563
v -0.126305 0.260327 0.083748
v -0.126115 0.258839 0.083748
v -0.398945 0.187632 0.083748
v -0.398555 0.186184 0.083748
v 0.000182 0.260302 -0.101674
v -0.000246 0.258864 -0.101674
v 0.000182 0.260302 0.100392
v -0.000246 0.258864 0.100392
v 0.059428 0.224061 -0.101674
v 0.058272 0.223105 -0.101674
v 0.059428 0.224061 0.100392
v 0.058272 0.223105 0.100392
v 0.014982 0.430064 -0.058003
v 0.014982 0.428564 -0.058003
v -0.016856 0.430064 -0.035069
v -0.016856 0.428564 -0.035069
v -0.089995 0.430064 -0.058003
v -0.089995 0.428564 -0.058003
v 0.014982 0.430064 -0.035069
v 0.014982 0.428564 -0.035069
v -0.089995 0.430064 0.057188
v -0.089995 0.428564 0.057188
v -0.016856 0.430064 0.034227
v -0.016856 0.428564 0.034227
v 0.014982 0.430064 0.057188
v 0.014982 0.428564 0.057188
v 0.014982 0.430064 0.034227
v 0.014982 0.428564 0.034227
v -1.212929 0.454764 -0.058003
v -1.212929 0.453264 -0.058003
v -1.117074 0.454764 -0.058003
v -1.117074 0.453264 -0.058003
v -1.212929 0.454764 0.057188
v -1.212929 0.453264 0.057188
v -1.117074 0.454764 0.057188
v -1.117074 0.453264 0.057188
v -0.135923 0.641484 0.057188
v -0.136597 0.640144 0.057188
v -0.135923 0.641484 -0.058003
v -0.136597 0.640144 -0.058003
v -1.070792 0.648626 0.057188
v -1.070070 0.647312 0.057188
v -1.070792 0.648626 -0.058003
v -1.070070 0.647312 -0.058003
v -0.416427 0.367784 -0.125699
v -0.416401 0.367382 -0.127143
v -0.126204 0.259795 -0.083844
v -0.126216 0.259371 -0.085282
v -0.398763 0.187109 -0.083841
v -0.398737 0.186707 -0.085285
v -1.186087 0.231958 -0.083839
v -1.186099 0.231570 -0.085287
v -1.236559 0.367777 -0.125696
v -1.236571 0.367389 -0.127144
v 0.000012 0.367766 -0.125695
v -0.000076 0.367400 -0.127147
v 0.000012 0.259760 -0.100947
v -0.000076 0.259406 -0.102401
v 0.058882 0.367719 -0.125684
v 0.058818 0.367447 -0.127158
v 0.058875 0.223713 -0.100936
v 0.058825 0.223453 -0.102412
v 0.100915 0.106702 -0.083822
v 0.100903 0.106464 -0.085304
v 0.146314 0.106707 -0.083824
v 0.146352 0.106459 -0.085302
v 0.358960 0.195873 -0.083826
v 0.358922 0.195601 -0.085300
v 0.514257 0.367695 -0.125689
v 0.514017 0.367471 -0.127153
v 0.514282 0.058314 -0.083835
v 0.513992 0.058102 -0.085291
v 0.599571 0.367683 -0.147272
v 0.599381 0.367483 -0.148746
v 0.599552 -0.000251 -0.098216
v 0.599400 -0.000451 -0.099694
v 0.882951 0.005843 -0.098212
v 0.882951 0.005643 -0.099698
v 0.942087 0.367683 -0.147266
v 0.942087 0.367483 -0.148752
v -1.219741 0.457245 -0.080296
v -1.219741 0.457921 -0.081634
v -1.236565 0.367245 -0.125750
v -1.236565 0.367921 -0.127090
v 0.514288 0.457295 -0.080289
v 0.513986 0.457871 -0.081641
v 0.514269 0.367289 -0.125744
v 0.514005 0.367877 -0.127098
v 0.599602 0.367347 -0.147308
v 0.599350 0.367819 -0.148710
v 0.599570 0.539396 -0.094211
v 0.599382 0.539866 -0.095623
v 0.883205 0.539412 -0.094200
v 0.883205 0.539850 -0.095634
v 0.942087 0.367364 -0.147292
v 0.942087 0.367802 -0.148726
v -0.143791 0.300834 -0.078402
v -0.143791 0.300834 -0.079902
v -0.300626 -0.179829 -0.078402
v -0.300626 -0.179829 -0.079902
v -0.395175 0.235278 -0.078402
v -0.395175 0.235278 -0.079902
v -0.320817 -0.215361 -0.078402
v -0.320817 -0.215361 -0.079902
v -0.307821 -0.272506 -0.078402
v -0.307821 -0.272506 -0.079902
v -0.029685 -0.199989 -0.078402
v -0.029685 -0.199989 -0.079902
v -0.089995 0.582314 -0.057253
v -0.089995 0.582314 -0.058753
v 0.014982 0.653985 -0.057253
v 0.014982 0.653985 -0.058753
v 0.014982 0.429314 -0.057253
v 0.014982 0.429314 -0.058753
v -0.089995 0.429314 -0.057253
v -0.089995 0.429314 -0.058753
v -0.136260 0.640814 -0.057253
v -0.136260 0.640814 -0.058753
v -0.052606 0.744314 -0.057253
v -0.052606 0.744314 -0.058753
v -1.070431 0.647969 -0.057253
v -1.070431 0.647969 -0.058753
v -1.162961 0.709808 -0.057253
v -1.162961 0.709808 -0.058753
v -1.117074 0.577355 -0.057253
v -1.117074 0.577355 -0.058753
v -1.212929 0.618210 -0.057253
v -1.212929 0.618210 -0.058753
v -1.212929 0.454014 -0.057253
v -1.212929 0.454014 -0.058753
v -1.117074 0.454014 -0.057253
v -1.117074 0.454014 -0.058753
v -0.070399 0.665078 0.034977
v -0.070399 0.665078 0.033477
v -1.162961 0.709808 0.034977
v -1.162961 0.709808 0.033477
v -0.052606 0.744314 0.034977
v -0.052606 0.744314 0.033477
v -1.196272 0.646488 0.034977
v -1.196272 0.646488 0.033477
v 0.014982 0.653985 0.034977
v 0.014982 0.653985 0.033477
v -0.016856 0.629425 0.034977
v -0.016856 0.629425 0.033477
v 0.014982 0.429314 0.034977
v 0.014982 0.429314 0.033477
v -0.016856 0.429314 0.034977
v -0.016856 0.429314 0.033477
v 0.958164 0.366242 -0.158363
v 0.959658 0.366386 -0.158363
v 0.958164 0.366242 0.157549
v 0.959658 0.366386 0.157549
v 0.908161 -0.005993 -0.111122
v 0.909647 -0.006191 -0.111122
v 0.908161 -0.005993 0.110280
v 0.909647 -0.006191 0.110280
v 0.890912 0.546052 -0.103020
v 0.892318 0.546576 -0.103020
v 0.890912 0.546052 0.101738
v 0.892318 0.546576 0.101738
v 0.958164 0.366242 -0.158363
v 0.959658 0.366386 -0.158363
v 0.465273 0.463937 0.086440
v 0.466773 0.463937 0.086440
v 0.465273 0.367259 -0.137654
v 0.466773 0.367259 -0.137654
v 0.465273 0.463937 -0.087721
v 0.466773 0.463937 -0.087721
v 0.465273 0.367259 0.136400
v 0.466773 0.367259 0.136400
v 0.304944 0.251919 -0.107964
v 0.306444 0.251919 -0.107964
v 0.304944 0.316720 0.123326
v 0.306444 0.316720 0.123326
v 0.304944 0.251919 0.106682
v 0.306444 0.251919 0.106682
v 0.304944 0.316720 -0.124608
v 0.306444 0.316720 -0.124608
v -0.089234 0.744332 -0.020650
v -0.087734 0.744332 -0.020650
v -0.089234 0.744332 0.019395
v -0.087734 0.744332 0.019395
v -0.089234 0.736767 -0.000407
v -0.087734 0.736767 -0.000407
v -0.089234 0.729851 0.016237
v -0.087734 0.729851 0.016237
v -0.089234 0.729851 -0.017052
v -0.087734 0.729851 -0.017052
v -0.089234 0.732943 0.031096
v -0.087734 0.732943 0.031096
v -0.089234 0.732943 -0.031911
v -0.087734 0.732943 -0.031911
v -0.089234 0.713151 0.022994
v -0.087734 0.713151 0.022994
v -0.089234 0.713151 -0.024248
v -0.087734 0.713151 -0.024248
v -0.089234 0.674019 0.031096
v -0.087734 0.674019 0.031096
v -0.089234 0.674019 -0.031911
v -0.087734 0.674019 -0.031911
v -0.089234 0.696452 0.016237
v -0.087734 0.696452 0.016237
v -0.089234 0.696452 -0.017052
v -0.087734 0.696452 -0.017052
v -0.089234 0.689535 -0.000407
v -0.087734 0.689535 -0.000407
v -0.470192 0.206555 -0.079152
v -0.468882 0.205825 -0.079152
v -0.518263 0.119795 -0.040013
v -0.516953 0.119065 -0.040013
v -0.508338 0.136837 -0.079152
v -0.507028 0.136107 -0.079152
v -0.470192 0.206555 0.078337
v -0.468882 0.205825 0.078337
v -0.518263 0.119795 0.039198
v -0.516953 0.119065 0.039198
v -0.508338 0.136837 0.078337
v -0.507028 0.136107 0.078337
v -0.081966 0.680600 0.032442
v -0.080870 0.681624 0.032442
v -0.081966 0.680600 -0.033256
v -0.080870 0.681624 -0.033256
v -0.075647 0.664263 0.032442
v -0.074147 0.664263 0.032442
v -0.075647 0.664263 -0.033256
v -0.074147 0.664263 -0.033256
v -0.081966 0.647927 0.032442
v -0.080870 0.646903 0.032442
v -0.081966 0.647927 -0.033256
v -0.080870 0.646903 -0.033256
v -1.130618 0.630841 -0.033256
v -1.129522 0.629817 -0.033256
v -1.130618 0.630841 0.032002
v -1.129522 0.629817 0.032002
v -1.125439 0.644315 -0.033256
v -1.123939 0.644315 -0.033256
v -1.125439 0.644315 0.032002
v -1.123939 0.644315 0.032002
v -1.130618 0.657793 -0.033256
v -1.129522 0.658817 -0.033256
v -1.130618 0.657793 0.032002
v -1.129522 0.658817 0.032002
v -0.732606 0.457583 -0.045424
v -0.731106 0.457583 -0.045424
v -0.732606 0.444074 0.044582
v -0.731106 0.444074 0.044582
v -0.732606 0.444074 -0.045424
v -0.731106 0.444074 -0.045424
v -0.732606 0.457583 0.044582
v -0.731106 0.457583 0.044582
v -1.135069 0.708264 0.031096
v -1.133569 0.708264 0.031096
v -1.135069 0.691565 0.016237
v -1.133569 0.691565 0.016237
v -1.135069 0.708264 0.022994
v -1.133569 0.708264 0.022994
v -1.135069 0.659894 0.031096
v -1.133569 0.659894 0.031096
v -1.135069 0.684648 -0.000407
v -1.133569 0.684648 -0.000407
v -1.135069 0.659894 -0.032350
v -1.133569 0.659894 -0.032350
v -1.135069 0.691565 -0.017052
v -1.133569 0.691565 -0.017052
v -1.135069 0.708264 -0.032350
v -1.133569 0.708264 -0.032350
v -1.135069 0.708264 -0.024248
v -1.133569 0.708264 -0.024248
v -1.140999 0.707886 0.000032
v -1.139499 0.707886 0.000032
v -1.140999 0.675086 -0.010762
v -1.139499 0.675086 -0.010762
v -1.140999 0.707886 -0.000874
v -1.139499 0.707886 -0.000874
v -1.140999 0.675086 0.009947
v -1.139499 0.675086 0.009947
v -1.461700 0.309938 -0.049461
v -1.460200 0.309938 -0.049461
v -1.461700 0.306203 -0.000407
v -1.460200 0.306203 -0.000407
v -1.461700 0.289445 -0.000407
v -1.460200 0.289445 -0.000407
v -1.461700 0.309938 0.048180
v -1.460200 0.309938 0.048180
v -1.461700 0.321782 -0.038200
v -1.460200 0.321782 -0.038200
v -1.461700 0.321782 0.036946
v -1.460200 0.321782 0.036946
v -1.461700 0.359406 0.068449
v -1.460200 0.359406 0.068449
v -1.461700 0.359406 0.052684
v -1.460200 0.359406 0.052684
v -1.461700 0.359406 -0.069704
v -1.460200 0.359406 -0.069704
v -1.461700 0.359406 -0.053499
v -1.460200 0.359406 -0.053499
v -1.461700 0.397026 -0.038200
v -1.460200 0.397026 -0.038200
v -1.461700 0.408875 -0.049461
v -1.460200 0.408875 -0.049461
v -1.461700 0.412610 -0.000407
v -1.460200 0.412610 -0.000407
v -1.461700 0.429363 -0.000407
v -1.460200 0.429363 -0.000407
v -1.461700 0.408875 0.048180
v -1.460200 0.408875 0.048180
v -1.461700 0.397026 0.036946
v -1.460200 0.397026 0.036946
v -1.461700 0.359406 0.068449
v -1.460200 0.359406 0.068449
v -1.461700 0.359406 0.052684
v -1.460200 0.359406 0.052684
v -0.105012 0.743640 -0.020360
v -0.105012 0.745024 -0.020940
v -0.105012 0.743640 0.019105
v -0.105012 0.745024 0.019685
v -0.088484 0.743640 -0.020360
v -0.088484 0.745024 -0.020940
v -0.088484 0.743640 0.019105
v -0.088484 0.745024 0.019685
v -0.105012 0.695922 0.016767
v -0.105012 0.696982 0.015707
v -0.088484 0.695922 0.016767
v -0.088484 0.696982 0.015707
v -0.105012 0.688785 -0.000407
v -0.105012 0.690285 -0.000407
v -0.088484 0.688785 -0.000407
v -0.088484 0.690285 -0.000407
v -0.105012 0.695922 -0.017582
v -0.105012 0.696982 -0.016522
v -0.088484 0.695922 -0.017582
v -0.088484 0.696983 -0.016522
v -1.150847 0.707514 -0.032350
v -1.150847 0.709014 -0.032350
v -1.134319 0.707514 -0.024248
v -1.134319 0.709014 -0.024248
v -1.134319 0.707514 -0.032350
v -1.134319 0.709014 -0.032350
v -1.150847 0.707514 -0.024248
v -1.150847 0.709014 -0.024248
v -1.150847 0.707514 0.031096
v -1.150847 0.709014 0.031096
v -1.134319 0.707514 0.031096
v -1.134319 0.709014 0.031096
v -1.150847 0.707514 0.022994
v -1.150847 0.709014 0.022994
v -1.134319 0.707514 0.022994
v -1.134319 0.709014 0.022994
v -1.140249 0.707136 -0.000874
v -1.140249 0.708636 -0.000874
v -1.145970 0.707136 -0.000874
v -1.145970 0.708636 -0.000874
v -1.145970 0.707136 0.000032
v -1.145970 0.708636 0.000032
v -1.140249 0.707136 0.000032
v -1.140249 0.708636 0.000032
v -1.150847 0.691035 0.016767
v -1.150847 0.692095 0.015707
v -1.134319 0.691035 0.016767
v -1.134319 0.692095 0.015707
v -1.150847 0.683898 -0.000407
v -1.150847 0.685398 -0.000407
v -1.134319 0.683898 -0.000407
v -1.134319 0.685398 -0.000407
v -1.150847 0.691035 -0.017582
v -1.150847 0.692095 -0.016522
v -1.134319 0.691035 -0.017582
v -1.134319 0.692095 -0.016522
v -1.518707 0.323657 -0.035912
v -1.519693 0.324451 -0.035106
v -1.699675 0.323527 -0.036042
v -1.699675 0.324582 -0.034976
v -1.518709 0.308844 -0.000407
v -1.519691 0.309978 -0.000407
v -1.699675 0.308661 -0.000407
v -1.699675 0.310161 -0.000407
v -1.518707 0.323657 0.034630
v -1.519693 0.324451 0.033824
v -1.699675 0.323527 0.034760
v -1.699675 0.324581 0.033694
v -1.178187 0.396496 -0.037670
v -1.178187 0.397556 -0.038730
v -1.460950 0.396496 -0.037670
v -1.460950 0.397556 -0.038730
v -1.178187 0.411860 -0.000407
v -1.178187 0.413360 -0.000407
v -1.460950 0.411860 -0.000407
v -1.460950 0.413360 -0.000407
v -1.178187 0.396496 0.036416
v -1.178187 0.397556 0.037476
v -1.460950 0.396496 0.036416
v -1.460950 0.397556 0.037476
v -0.105012 0.732653 0.030404
v -0.105012 0.733233 0.031788
v -0.088484 0.732653 0.030404
v -0.088484 0.733233 0.031788
v -0.088484 0.743640 0.019105
v -0.088484 0.745024 0.019685
v -0.105012 0.743640 0.019105
v -0.105012 0.745024 0.019685
v -0.088484 0.732653 -0.031219
v -0.088484 0.733232 -0.032603
v -0.105012 0.732654 -0.031219
v -0.105012 0.733232 -0.032603
v -0.105012 0.743640 -0.020360
v -0.105012 0.745024 -0.020940
v -0.088484 0.743640 -0.020360
v -0.088484 0.745024 -0.020940
v 0.782264 0.545564 -0.103020
v 0.782264 0.547064 -0.103020
v 0.782264 0.545564 0.101738
v 0.782264 0.547064 0.101738
v 0.891615 0.545564 -0.103020
v 0.891615 0.547064 -0.103020
v 0.891615 0.545564 0.101738
v 0.891615 0.547064 0.101738
v -1.699675 0.408348 -0.048928
v -1.699675 0.409402 -0.049994
v -1.460950 0.408348 -0.048928
v -1.460950 0.409402 -0.049994
v -1.699675 0.428613 -0.000407
v -1.699675 0.430113 -0.000407
v -1.460950 0.428613 -0.000407
v -1.460950 0.430113 -0.000407
v -1.699675 0.408347 0.047647
v -1.699675 0.409403 0.048713
v -1.460950 0.408348 0.047647
v -1.460950 0.409402 0.048713
v -0.097148 0.687341 -0.033256
v -0.097148 0.688841 -0.033256
v -0.081966 0.680600 0.032442
v -0.080870 0.681624 0.032442
v -0.081966 0.680600 -0.033256
v -0.080870 0.681624 -0.033256
v -0.097148 0.687341 0.032442
v -0.097148 0.688841 0.032442
v -0.112371 0.680600 0.032442
v -0.113467 0.681624 0.032442
v -0.112371 0.680600 -0.033256
v -0.113467 0.681624 -0.033256
v -0.097148 0.687341 0.032442
v -0.097148 0.688841 0.032442
v -0.097148 0.687341 -0.033256
v -0.097148 0.688841 -0.033256
v -1.155684 0.657793 -0.033256
v -1.156780 0.658817 -0.033256
v -1.143153 0.663351 0.032002
v -1.143153 0.664851 0.032002
v -1.143153 0.663351 -0.033256
v -1.143153 0.664851 -0.033256
v -1.155684 0.657793 0.032002
v -1.156780 0.658817 0.032002
v -1.130618 0.657793 -0.033256
v -1.129522 0.658817 -0.033256
v -1.130618 0.657793 0.032002
v -1.129522 0.658817 0.032002
v -1.143153 0.663351 -0.033256
v -1.143153 0.664851 -0.033256
v -1.143153 0.663351 0.032002
v -1.143153 0.664851 0.032002
v 0.466023 0.463187 -0.087721
v 0.466023 0.464687 -0.087721
v 0.065159 0.463187 -0.087721
v 0.065159 0.464687 -0.087721
v 0.065159 0.463187 0.086440
v 0.065159 0.464687 0.086440
v 0.466023 0.463187 0.086440
v 0.466023 0.464687 0.086440
v -0.731856 0.443324 -0.045424
v -0.731856 0.444824 -0.045424
v -0.159858 0.443324 0.044582
v -0.159858 0.444824 0.044582
v -0.159858 0.443324 -0.045424
v -0.159858 0.444824 -0.045424
v -0.731856 0.443324 0.044582
v -0.731856 0.444824 0.044582
v -0.105012 0.695922 -0.017582
v -0.105012 0.696983 -0.016522
v -0.088484 0.695921 -0.017582
v -0.088484 0.696983 -0.016522
v -0.088484 0.713151 -0.024998
v -0.088484 0.713151 -0.023498
v -0.105012 0.713151 -0.024998
v -0.105012 0.713151 -0.023498
v -0.088484 0.730382 -0.017582
v -0.088484 0.729320 -0.016522
v -0.105012 0.730382 -0.017582
v -0.105012 0.729320 -0.016522
v -1.150847 0.691034 -0.017582
v -1.150847 0.692095 -0.016522
v -1.134319 0.691034 -0.017582
v -1.134319 0.692096 -0.016522
v -1.134319 0.707974 -0.024940
v -1.134319 0.708554 -0.023556
v -1.150847 0.707975 -0.024940
v -1.150847 0.708553 -0.023556
v 0.849557 0.366237 0.156803
v 0.849557 0.366391 0.158295
v 0.799297 -0.010236 0.109536
v 0.799297 -0.010426 0.111024
v 0.908904 -0.005997 0.109536
v 0.908904 -0.006187 0.111024
v 0.958911 0.366261 0.156801
v 0.958911 0.366367 0.158297
v -1.518707 0.395151 -0.035912
v -1.519693 0.394357 -0.035106
v -1.699675 0.395281 -0.036042
v -1.699675 0.394227 -0.034976
v -1.518709 0.359406 -0.050468
v -1.519691 0.359406 -0.049334
v -1.699675 0.359406 -0.050651
v -1.699675 0.359406 -0.049151
v -1.518707 0.323657 -0.035912
v -1.519693 0.324451 -0.035106
v -1.699675 0.323527 -0.036042
v -1.699675 0.324581 -0.034976
v -1.460950 0.322312 0.036416
v -1.460950 0.321252 0.037476
v -1.178187 0.322312 0.036415
v -1.178187 0.321252 0.037477
v -1.460950 0.359406 0.051934
v -1.460950 0.359406 0.053434
v -1.178187 0.359405 0.051934
v -1.178187 0.359407 0.053434
v -1.178187 0.396496 0.036416
v -1.178187 0.397556 0.037476
v -1.460950 0.396496 0.036415
v -1.460950 0.397556 0.037477
v -1.178187 0.359406 0.051934
v -1.178187 0.359406 0.053434
v -1.460950 0.359407 0.051934
v -1.460950 0.359405 0.053434
v 0.958911 0.366261 0.156801
v 0.958911 0.366367 0.158297
v 0.891615 0.546089 0.101022
v 0.891615 0.546539 0.102454
v 0.849557 0.366237 0.156803
v 0.849557 0.366391 0.158295
v 0.782264 0.546089 0.101022
v 0.782264 0.546539 0.102454
v 0.466023 0.463595 0.085773
v 0.466023 0.464279 0.087107
v 0.065159 0.463594 0.085773
v 0.065159 0.464280 0.087107
v 0.466023 0.366988 0.135700
v 0.466023 0.367530 0.137099
v 0.065159 0.366988 0.135700
v 0.065159 0.367530 0.137099
v 0.305694 0.316909 0.122600
v 0.305694 0.316531 0.124052
v 0.225489 0.316910 0.122601
v 0.225489 0.316530 0.124051
v 0.466023 0.366989 0.135700
v 0.466023 0.367529 0.137100
v 0.225489 0.252108 0.105956
v 0.225489 0.251730 0.107408
v 0.305694 0.252108 0.105956
v 0.305694 0.251730 0.107408
v 0.225489 0.316909 0.122600
v 0.225489 0.316531 0.124052
v -0.507683 0.136472 0.077587
v -0.507683 0.136472 0.079087
v -1.164475 0.241295 0.077587
v -1.164475 0.241295 0.079087
v -1.167630 0.169808 0.077587
v -1.167630 0.169808 0.079087
v -0.469537 0.206190 0.077587
v -0.469537 0.206190 0.079087
v -0.105012 0.732653 0.030404
v -0.105012 0.733233 0.031788
v -0.105012 0.674019 0.030346
v -0.105012 0.674019 0.031846
v -0.088484 0.674019 0.030346
v -0.088484 0.674019 0.031846
v -0.088484 0.732653 0.030404
v -0.088484 0.733233 0.031788
v -1.145970 0.707673 -0.000687
v -1.145970 0.708099 0.000751
v -1.145970 0.674874 0.009228
v -1.145970 0.675298 0.010666
v -1.140249 0.674874 0.009228
v -1.140249 0.675298 0.010666
v -1.140249 0.707673 -0.000687
v -1.140249 0.708099 0.000751
v -0.119439 0.664263 0.031692
v -0.119439 0.664263 0.033192
v -0.081418 0.681112 0.031692
v -0.081418 0.681112 0.033192
v -0.112919 0.681112 0.031692
v -0.112919 0.681112 0.033192
v -0.097148 0.688089 0.031692
v -0.097148 0.688093 0.033192
v -0.097147 0.640440 0.031692
v -0.097147 0.640440 0.033192
v -0.112919 0.647416 0.031692
v -0.112919 0.647414 0.033192
v -0.081418 0.647415 0.031692
v -0.081418 0.647415 0.033192
v -0.074897 0.664263 0.031692
v -0.074897 0.664263 0.033192
v -1.161658 0.644315 0.031252
v -1.161658 0.644315 0.032752
v -1.143153 0.624533 0.031252
v -1.143153 0.624533 0.032752
v -1.156232 0.658305 0.031252
v -1.156232 0.658305 0.032752
v -1.156232 0.630329 0.031252
v -1.156232 0.630329 0.032752
v -1.130070 0.658305 0.031252
v -1.130070 0.658305 0.032752
v -1.143153 0.664101 0.031252
v -1.143153 0.664101 0.032752
v -1.124689 0.644315 0.031252
v -1.124689 0.644315 0.032752
v -1.130070 0.630329 0.031252
v -1.130070 0.630329 0.032752
v -1.134319 0.659894 0.030346
v -1.134319 0.659894 0.031846
v -1.150847 0.708264 0.030346
v -1.150847 0.708264 0.031846
v -1.150847 0.659894 0.030346
v -1.150847 0.659894 0.031846
v -1.134319 0.708264 0.030346
v -1.134319 0.708264 0.031846
v -1.699675 0.310465 0.047647
v -1.699675 0.309411 0.048713
v -1.460950 0.310465 0.047647
v -1.460950 0.309411 0.048713
v -1.460950 0.359406 0.067699
v -1.460950 0.359406 0.069199
v -1.699675 0.359406 0.067700
v -1.699675 0.359406 0.069200
v -1.699675 0.408348 0.047647
v -1.699675 0.409402 0.048713
v -1.460950 0.408348 0.047647
v -1.460950 0.409402 0.048713
v -1.699675 0.359406 0.067700
v -1.699675 0.359406 0.069200
v -1.460950 0.359406 0.067699
v -1.460950 0.359406 0.069199
v -0.731856 0.444074 -0.046174
v -0.731856 0.444074 -0.044674
v -0.159858 0.444074 -0.046174
v -0.159858 0.444074 -0.044674
v -0.159858 0.457583 -0.046174
v -0.159858 0.457583 -0.044674
v -0.731856 0.457583 -0.046174
v -0.731856 0.457583 -0.044674
v -1.698925 0.409401 -0.000407
v -1.700425 0.409401 -0.000407
v -1.698925 0.408875 0.048180
v -1.700425 0.408875 0.048180
v -1.698925 0.429363 -0.000407
v -1.700425 0.429363 -0.000407
v -1.698925 0.408875 -0.049461
v -1.700425 0.408875 -0.049461
v -1.698925 0.394754 0.034227
v -1.700425 0.394754 0.034227
v -1.698925 0.359406 0.068450
v -1.700425 0.359406 0.068450
v -1.698925 0.359406 0.049086
v -1.700425 0.359406 0.049086
v -1.698925 0.394754 -0.035509
v -1.700425 0.394754 -0.035509
v -1.698925 0.359406 -0.069704
v -1.700425 0.359406 -0.069704
v -1.698925 0.359406 -0.049901
v -1.700425 0.359406 -0.049901
v -1.698925 0.324054 -0.035509
v -1.700425 0.324054 -0.035509
v -1.698925 0.309938 -0.049461
v -1.700425 0.309938 -0.049461
v -1.698925 0.309411 -0.000407
v -1.700425 0.309411 -0.000407
v -1.698925 0.289445 -0.000407
v -1.700425 0.289445 -0.000407
v -1.698925 0.309938 0.048180
v -1.700425 0.309938 0.048180
v -1.698925 0.324054 0.034227
v -1.700425 0.324054 0.034227
v -1.698925 0.359406 0.068450
v -1.700425 0.359406 0.068450
v -1.698925 0.359406 0.049086
v -1.700425 0.359406 0.049086
v -1.518708 0.323657 -0.035912
v -1.519692 0.324451 -0.035106
v -1.518708 0.323657 0.034630
v -1.519692 0.324451 0.033824
v -1.518710 0.359406 -0.050468
v -1.519690 0.359406 -0.049334
v -1.518710 0.308844 -0.000407
v -1.519690 0.309978 -0.000407
v -1.518710 0.359406 0.049653
v -1.519690 0.359406 0.048519
v -1.518708 0.395151 0.034630
v -1.519692 0.394357 0.033824
v -1.518708 0.395151 -0.035912
v -1.519692 0.394357 -0.035106
v -1.518710 0.409968 -0.000407
v -1.519690 0.408834 -0.000407
v -1.167638 0.152270 -0.040013
v -1.169136 0.152336 -0.040013
v -1.163726 0.241262 -0.079152
v -1.165224 0.241328 -0.079152
v -1.166881 0.169775 -0.079152
v -1.168379 0.169841 -0.079152
v -1.163726 0.241262 0.078337
v -1.165224 0.241328 0.078337
v -1.167638 0.152270 0.039198
v -1.169136 0.152336 0.039198
v -1.166881 0.169775 0.078337
v -1.168379 0.169841 0.078337
v -1.150097 0.659894 -0.032350
v -1.151597 0.659894 -0.032350
v -1.150097 0.659894 0.031096
v -1.151597 0.659894 0.031096
v -1.150097 0.684648 -0.000407
v -1.151597 0.684648 -0.000407
v -1.150097 0.691565 0.016237
v -1.151597 0.691565 0.016237
v -1.150097 0.708264 0.031096
v -1.151597 0.708264 0.031096
v -1.150097 0.708264 0.022994
v -1.151597 0.708264 0.022994
v -1.150097 0.691565 -0.017052
v -1.151597 0.691565 -0.017052
v -1.150097 0.708264 -0.032350
v -1.151597 0.708264 -0.032350
v -1.150097 0.708264 -0.024248
v -1.151597 0.708264 -0.024248
v -1.145220 0.707886 -0.000874
v -1.146720 0.707886 -0.000874
v -1.145220 0.675086 -0.010762
v -1.146720 0.675086 -0.010762
v -1.145220 0.675086 0.009947
v -1.146720 0.675086 0.009947
v -1.145220 0.707886 0.000032
v -1.146720 0.707886 0.000032
v -0.112371 0.647927 0.032442
v -0.113467 0.646903 0.032442
v -0.112371 0.647927 -0.033256
v -0.113467 0.646903 -0.033256
v -0.118689 0.664263 0.032442
v -0.120189 0.664263 0.032442
v -0.118689 0.664263 -0.033256
v -0.120189 0.664263 -0.033256
v -0.112371 0.680600 0.032442
v -0.113467 0.681624 0.032442
v -0.112371 0.680600 -0.033256
v -0.113467 0.681624 -0.033256
v -1.155684 0.657793 -0.033256
v -1.156780 0.658817 -0.033256
v -1.155684 0.657793 0.032002
v -1.156780 0.658817 0.032002
v -1.160908 0.644315 -0.033256
v -1.162408 0.644315 -0.033256
v -1.160908 0.644315 0.032002
v -1.162408 0.644315 0.032002
v -1.155684 0.630841 -0.033256
v -1.156780 0.629817 -0.033256
v -1.155684 0.630841 0.032002
v -1.156780 0.629817 0.032002
v -0.159108 0.444074 0.044582
v -0.160608 0.444074 0.044582
v -0.159108 0.457583 -0.045424
v -0.160608 0.457583 -0.045424
v -0.159108 0.444074 -0.045424
v -0.160608 0.444074 -0.045424
v -0.159108 0.457583 0.044582
v -0.160608 0.457583 0.044582
v -0.104262 0.689535 -0.000407
v -0.105762 0.689535 -0.000407
v -0.104262 0.674019 0.031096
v -0.105762 0.674019 0.031096
v -0.104262 0.696452 0.016237
v -0.105762 0.696452 0.016237
v -0.104262 0.713151 0.022994
v -0.105762 0.713151 0.022994
v -0.104262 0.674019 -0.031911
v -0.105762 0.674019 -0.031911
v -0.104262 0.732943 0.031096
v -0.105762 0.732943 0.031096
v -0.104262 0.696452 -0.017052
v -0.105762 0.696452 -0.017052
v -0.104262 0.729851 0.016237
v -0.105762 0.729851 0.016237
v -0.104262 0.713151 -0.024248
v -0.105762 0.713151 -0.024248
v -0.104262 0.744332 0.019395
v -0.105762 0.744332 0.019395
v -0.104262 0.732943 -0.031911
v -0.105762 0.732943 -0.031911
v -0.104262 0.736767 -0.000407
v -0.105762 0.736767 -0.000407
v -0.104262 0.729851 -0.017052
v -0.105762 0.729851 -0.017052
v -0.104262 0.744332 -0.020650
v -0.105762 0.744332 -0.020650
v 0.065909 0.367259 -0.137654
v 0.064409 0.367259 -0.137654
v 0.065909 0.367259 0.136400
v 0.064409 0.367259 0.136400
v 0.065909 0.463937 -0.087721
v 0.064409 0.463937 -0.087721
v 0.065909 0.463937 0.086440
v 0.064409 0.463937 0.086440
v 0.226239 0.316720 -0.124608
v 0.224739 0.316720 -0.124608
v 0.226239 0.251919 0.106682
v 0.224739 0.251919 0.106682
v 0.226239 0.316720 0.123326
v 0.224739 0.316720 0.123326
v 0.226239 0.251919 -0.107964
v 0.224739 0.251919 -0.107964
v 0.850304 0.366386 -0.158363
v 0.848810 0.366242 -0.158363
v 0.800040 -0.010430 -0.111122
v 0.798554 -0.010232 -0.111122
v 0.800040 -0.010430 0.110280
v 0.798554 -0.010232 0.110280
v 0.850304 0.366386 0.157549
v 0.848810 0.366242 0.157549
v 0.850304 0.366386 0.157549
v 0.848810 0.366242 0.157549
v 0.782967 0.546576 0.101738
v 0.781561 0.546052 0.101738
v 0.782967 0.546576 -0.103020
v 0.781561 0.546052 -0.103020
v 0.908872 -0.005343 -0.111122
v 0.908936 -0.006841 -0.111122
v 0.908872 -0.005343 0.110280
v 0.908936 -0.006841 0.110280
v 0.799265 -0.009582 -0.111122
v 0.799329 -0.011080 -0.111122
v 0.799266 -0.009582 0.110280
v 0.799328 -0.011080 0.110280
v 0.305468 0.317435 -0.124608
v 0.305920 0.316005 -0.124608
v 0.465798 0.367974 -0.137654
v 0.466248 0.366544 -0.137654
v 0.305468 0.317435 0.123326
v 0.305920 0.316005 0.123326
v 0.465797 0.367974 0.136400
v 0.466249 0.366544 0.136400
v -0.517570 0.120161 -0.039848
v -0.517646 0.118699 -0.040178
v -1.168349 0.153035 0.039039
v -1.168425 0.151571 0.039357
v -1.168349 0.153035 -0.039854
v -1.168425 0.151571 -0.040172
v -1.167592 0.170492 -0.078846
v -1.167668 0.169124 -0.079458
v -0.507645 0.137155 -0.078845
v -0.507721 0.135789 -0.079459
v -0.517570 0.120161 0.039033
v -0.517646 0.118699 0.039363
v -1.167592 0.170492 0.078031
v -1.167668 0.169124 0.078643
v -0.507645 0.137155 0.078030
v -0.507721 0.135789 0.078644
v 0.305694 0.252669 -0.107964
v 0.305694 0.251169 -0.107964
v 0.305694 0.252669 0.106682
v 0.305694 0.251169 0.106682
v 0.225489 0.252669 -0.107964
v 0.225489 0.251169 -0.107964
v 0.225489 0.252669 0.106682
v 0.225489 0.251169 0.106682
v -0.088484 0.730381 -0.017582
v -0.088484 0.729321 -0.016522
v -0.105012 0.730381 -0.017582
v -0.105012 0.729321 -0.016522
v -0.088484 0.737517 -0.000407
v -0.088484 0.736017 -0.000407
v -0.105012 0.737517 -0.000407
v -0.105012 0.736017 -0.000407
v -0.088484 0.730381 0.016767
v -0.088484 0.729321 0.015707
v -0.105012 0.730381 0.016767
v -0.105012 0.729321 0.015707
v -1.518707 0.395151 0.034630
v -1.519693 0.394357 0.033824
v -1.699675 0.395281 0.034760
v -1.699675 0.394227 0.033694
v -1.518709 0.409968 -0.000407
v -1.519691 0.408834 -0.000407
v -1.699675 0.410151 -0.000407
v -1.699675 0.408651 -0.000407
v -1.518707 0.395151 -0.035912
v -1.519693 0.394357 -0.035106
v -1.699675 0.395281 -0.036042
v -1.699675 0.394227 -0.034976
v -1.178187 0.306953 -0.000407
v -1.178187 0.305453 -0.000407
v -1.460950 0.322312 0.036416
v -1.460950 0.321252 0.037476
v -1.460950 0.306953 -0.000407
v -1.460950 0.305453 -0.000407
v -1.178187 0.322312 0.036416
v -1.178187 0.321252 0.037476
v -1.178187 0.322312 -0.037670
v -1.178187 0.321252 -0.038730
v -1.460950 0.322312 -0.037670
v -1.460950 0.321252 -0.038730
v -1.699675 0.310465 0.047647
v -1.699675 0.309411 0.048713
v -1.460950 0.310466 0.047647
v -1.460950 0.309410 0.048713
v -1.699675 0.290195 -0.000407
v -1.699675 0.288695 -0.000407
v -1.460950 0.290195 -0.000407
v -1.460950 0.288695 -0.000407
v -1.699675 0.310465 -0.048928
v -1.699675 0.309411 -0.049994
v -1.460950 0.310465 -0.048928
v -1.460950 0.309411 -0.049994
v -0.081966 0.647927 0.032442
v -0.080870 0.646903 0.032442
v -0.081966 0.647927 -0.033256
v -0.080870 0.646903 -0.033256
v -0.097147 0.641190 0.032442
v -0.097147 0.639690 0.032442
v -0.097148 0.641190 -0.033256
v -0.097148 0.639690 -0.033256
v -0.112371 0.647927 0.032442
v -0.113467 0.646903 0.032442
v -0.112371 0.647927 -0.033256
v -0.113467 0.646903 -0.033256
v -1.155684 0.630841 -0.033256
v -1.156780 0.629817 -0.033256
v -1.155684 0.630841 0.032002
v -1.156780 0.629817 0.032002
v -1.143153 0.625283 -0.033256
v -1.143153 0.623783 -0.033256
v -1.143153 0.625283 0.032002
v -1.143153 0.623783 0.032002
v -1.130618 0.630841 -0.033256
v -1.129522 0.629817 -0.033256
v -1.130618 0.630841 0.032002
v -1.129522 0.629817 0.032002
v 0.225715 0.317435 -0.124608
v 0.225263 0.316005 -0.124608
v 0.065384 0.367974 0.136400
v 0.064934 0.366544 0.136400
v 0.065385 0.367974 -0.137654
v 0.064933 0.366544 -0.137654
v 0.225715 0.317435 0.123326
v 0.225263 0.316005 0.123326
v -1.140249 0.675836 -0.010762
v -1.140249 0.674336 -0.010762
v -1.140249 0.675836 0.009947
v -1.140249 0.674336 0.009947
v -1.145970 0.675836 -0.010762
v -1.145970 0.674336 -0.010762
v -1.145970 0.675836 0.009947
v -1.145970 0.674336 0.009947
v -0.088484 0.713151 0.023744
v -0.088484 0.713151 0.022244
v -0.105012 0.695922 0.016767
v -0.105012 0.696982 0.015707
v -0.105012 0.713151 0.023744
v -0.105012 0.713151 0.022244
v -0.088484 0.695921 0.016767
v -0.088484 0.696983 0.015707
v -0.088484 0.730381 0.016767
v -0.088484 0.729321 0.015707
v -0.105012 0.730382 0.016767
v -0.105012 0.729320 0.015707
v -0.105012 0.713151 0.023744
v -0.105012 0.713151 0.022244
v -0.088484 0.713151 0.023744
v -0.088484 0.713151 0.022244
v -1.134319 0.707974 0.023686
v -1.134319 0.708554 0.022302
v -1.150847 0.691035 0.016767
v -1.150847 0.692095 0.015707
v -1.150847 0.707975 0.023686
v -1.150847 0.708553 0.022302
v -1.134319 0.691034 0.016767
v -1.134319 0.692096 0.015707
v 0.908904 -0.005998 -0.110378
v 0.908904 -0.006186 -0.111866
v 0.849557 0.366237 -0.157617
v 0.849557 0.366391 -0.159109
v 0.958911 0.366261 -0.157615
v 0.958911 0.366367 -0.159111
v 0.799297 -0.010237 -0.110378
v 0.799297 -0.010425 -0.111866
v -1.518708 0.395151 0.034629
v -1.519692 0.394357 0.033824
v -1.699675 0.359406 0.049836
v -1.699675 0.359406 0.048336
v -1.699675 0.395281 0.034761
v -1.699675 0.394227 0.033693
v -1.518709 0.359406 0.049653
v -1.519691 0.359406 0.048519
v -1.518707 0.323657 0.034630
v -1.519693 0.324451 0.033824
v -1.699675 0.323526 0.034760
v -1.699675 0.324582 0.033694
v -1.518709 0.359406 0.049653
v -1.519691 0.359406 0.048519
v -1.699675 0.359405 0.049836
v -1.699675 0.359407 0.048336
v -1.178187 0.322313 -0.037670
v -1.178187 0.321251 -0.038730
v -1.460950 0.322312 -0.037669
v -1.460950 0.321252 -0.038731
v -1.178187 0.359406 -0.052749
v -1.178187 0.359406 -0.054249
v -1.460950 0.359406 -0.052749
v -1.460950 0.359406 -0.054249
v -1.178187 0.396496 -0.037669
v -1.178187 0.397556 -0.038731
v -1.460950 0.396495 -0.037670
v -1.460950 0.397557 -0.038730
v 0.891615 0.546089 -0.102304
v 0.891615 0.546539 -0.103736
v 0.849557 0.366237 -0.157617
v 0.849557 0.366391 -0.159109
v 0.782264 0.546089 -0.102304
v 0.782264 0.546539 -0.103736
v 0.958911 0.366261 -0.157615
v 0.958911 0.366367 -0.159111
v 0.466023 0.463595 -0.087054
v 0.466023 0.464279 -0.088388
v 0.065159 0.366988 -0.136955
v 0.065159 0.367530 -0.138354
v 0.065159 0.463594 -0.087054
v 0.065159 0.464280 -0.088388
v 0.466023 0.366989 -0.136954
v 0.466023 0.367529 -0.138354
v 0.305694 0.316909 -0.123882
v 0.305694 0.316531 -0.125334
v 0.225489 0.316909 -0.123882
v 0.225489 0.316531 -0.125334
v 0.466023 0.366989 -0.136954
v 0.466023 0.367529 -0.138354
v 0.305694 0.252108 -0.107238
v 0.305694 0.251730 -0.108690
v 0.225489 0.316909 -0.123882
v 0.225489 0.316531 -0.125334
v 0.225489 0.252108 -0.107238
v 0.225489 0.251730 -0.108690
v -0.507683 0.136472 -0.078402
v -0.507683 0.136472 -0.079902
v -1.164475 0.241295 -0.078402
v -1.164475 0.241295 -0.079902
v -0.469537 0.206190 -0.078402
v -0.469537 0.206190 -0.079902
v -1.167630 0.169808 -0.078402
v -1.167630 0.169808 -0.079902
v -0.088484 0.732653 -0.031219
v -0.088484 0.733233 -0.032603
v -0.105012 0.732653 -0.031219
v -0.105012 0.733233 -0.032603
v -0.105012 0.674019 -0.031161
v -0.105012 0.674019 -0.032661
v -0.088484 0.674019 -0.031161
v -0.088484 0.674019 -0.032661
v -1.140249 0.707673 -0.000155
v -1.140249 0.708099 -0.001593
v -1.145970 0.674874 -0.010043
v -1.145970 0.675298 -0.011482
v -1.145970 0.707673 -0.000155
v -1.145970 0.708099 -0.001593
v -1.140249 0.674874 -0.010043
v -1.140249 0.675298 -0.011482
v -0.081418 0.681112 -0.032506
v -0.081418 0.681112 -0.034006
v -0.081418 0.647415 -0.032506
v -0.081418 0.647415 -0.034006
v -0.097148 0.640440 -0.032506
v -0.097148 0.640440 -0.034006
v -0.074897 0.664263 -0.032506
v -0.074897 0.664263 -0.034006
v -0.119439 0.664263 -0.032506
v -0.119439 0.664263 -0.034006
v -0.112919 0.647415 -0.032506
v -0.112919 0.647415 -0.034006
v -0.112919 0.681112 -0.032506
v -0.112919 0.681112 -0.034006
v -0.097148 0.688089 -0.032506
v -0.097148 0.688093 -0.034006
v -1.143153 0.624533 -0.032506
v -1.143153 0.624533 -0.034006
v -1.130070 0.658305 -0.032506
v -1.130070 0.658305 -0.034006
v -1.124689 0.644315 -0.032506
v -1.124689 0.644315 -0.034006
v -1.130070 0.630329 -0.032506
v -1.130070 0.630329 -0.034006
v -1.156232 0.658305 -0.032506
v -1.156232 0.658305 -0.034006
v -1.143153 0.664101 -0.032506
v -1.143153 0.664101 -0.034006
v -1.161658 0.644315 -0.032506
v -1.161658 0.644315 -0.034006
v -1.156232 0.630329 -0.032506
v -1.156232 0.630329 -0.034006
v -1.150847 0.659894 -0.031600
v -1.150847 0.659894 -0.033100
v -1.150847 0.708264 -0.031600
v -1.150847 0.708264 -0.033100
v -1.134319 0.708264 -0.031600
v -1.134319 0.708264 -0.033100
v -1.134319 0.659894 -0.031600
v -1.134319 0.659894 -0.033100
v -1.699675 0.310465 -0.048928
v -1.699675 0.309411 -0.049994
v -1.460950 0.310465 -0.048927
v -1.460950 0.309411 -0.049995
v -1.699675 0.359406 -0.068954
v -1.699675 0.359406 -0.070454
v -1.460950 0.359406 -0.068954
v -1.460950 0.359406 -0.070454
v -1.699675 0.408348 -0.048927
v -1.699675 0.409402 -0.049995
v -1.460950 0.408348 -0.048928
v -1.460950 0.409402 -0.049994
v -0.159858 0.444074 0.045332
v -0.159858 0.444074 0.043832
v -0.731856 0.444074 0.045332
v -0.731856 0.444074 0.043832
v -0.731856 0.457583 0.045332
v -0.731856 0.457583 0.043832
v -0.159858 0.457583 0.045332
v -0.159858 0.457583 0.043832
v 0.790054 0.038123 -0.110216
v 0.791552 0.038189 -0.110216
v 0.784102 0.022951 0.106682
v 0.785220 0.021951 0.106682
v 0.784102 0.022951 -0.107524
v 0.785220 0.021951 -0.107524
v 0.790054 0.038123 0.109401
v 0.791552 0.038189 0.109401
v 0.784133 0.053328 -0.112907
v 0.785188 0.054394 -0.112907
v 0.790054 0.038123 0.109401
v 0.791552 0.038189 0.109401
v 0.790054 0.038123 -0.110216
v 0.791552 0.038189 -0.110216
v 0.784133 0.053328 0.112093
v 0.785188 0.054394 0.112093
v 0.641156 0.496888 -0.112468
v 0.642162 0.495776 -0.112468
v 0.647053 0.511410 0.106682
v 0.648549 0.511288 0.106682
v 0.641156 0.496888 0.111626
v 0.642162 0.495776 0.111626
v 0.647053 0.511410 -0.107524
v 0.648549 0.511288 -0.107524
v 0.641094 0.525867 -0.102553
v 0.642224 0.526855 -0.102553
v 0.641094 0.525867 0.101299
v 0.642224 0.526855 0.101299
v 0.647053 0.511410 -0.107524
v 0.648549 0.511288 -0.107524
v -0.083143 0.679533 0.034694
v -0.082047 0.680557 0.034694
v -0.083143 0.679533 -0.035509
v -0.082047 0.680557 -0.035509
v -0.077624 0.665276 0.034694
v -0.076124 0.665276 0.034694
v -0.077624 0.665276 -0.035509
v -0.076124 0.665276 -0.035509
v -0.083143 0.651014 0.034694
v -0.082047 0.649990 0.034694
v -0.083143 0.651014 -0.035509
v -0.082047 0.649990 -0.035509
v -0.345539 0.236112 -0.100767
v -0.344041 0.236200 -0.100767
v -0.351493 0.221249 0.095888
v -0.350369 0.220255 0.095888
v -0.351493 0.221249 -0.096703
v -0.350369 0.220255 -0.096703
v -0.345539 0.236112 0.099925
v -0.344041 0.236200 0.099925
v -0.351447 0.251014 -0.104805
v -0.350417 0.252104 -0.104805
v -0.345539 0.236112 0.099925
v -0.344041 0.236200 0.099925
v -0.351446 0.251014 0.103990
v -0.350416 0.252104 0.103990
v -0.345539 0.236112 -0.100767
v -0.344041 0.236200 -0.100767
v -1.131504 0.633572 -0.035509
v -1.130408 0.632548 -0.035509
v -1.131504 0.633572 0.034227
v -1.130408 0.632548 0.034227
v -1.126954 0.645327 -0.035509
v -1.125454 0.645327 -0.035509
v -1.126954 0.645327 0.034227
v -1.125454 0.645327 0.034227
v -1.131504 0.657078 -0.035509
v -1.130408 0.658102 -0.035509
v -1.131504 0.657078 0.034227
v -1.130408 0.658102 0.034227
v 0.626728 0.531830 -0.100301
v 0.626728 0.533330 -0.100301
v 0.641094 0.525867 0.101299
v 0.642224 0.526855 0.101299
v 0.641094 0.525867 -0.102553
v 0.642224 0.526855 -0.102553
v 0.626728 0.531830 0.099486
v 0.626728 0.533330 0.099486
v -0.380236 0.251014 -0.104805
v -0.381266 0.252104 -0.104805
v -0.365862 0.257190 0.105775
v -0.365862 0.258690 0.105775
v -0.365862 0.257190 -0.106618
v -0.365862 0.258690 -0.106618
v -0.380236 0.251014 0.103990
v -0.381266 0.252104 0.103990
v 0.769730 0.059613 -0.114253
v 0.769730 0.061113 -0.114253
v 0.784134 0.053328 0.112093
v 0.785188 0.054394 0.112093
v 0.784134 0.053328 -0.112907
v 0.785188 0.054394 -0.112907
v 0.769730 0.059613 0.112999
v 0.769730 0.061113 0.112999
v 0.612404 0.525867 -0.102553
v 0.611274 0.526855 -0.102553
v 0.626728 0.531830 0.099486
v 0.626728 0.533330 0.099486
v 0.626728 0.531830 -0.100301
v 0.626728 0.533330 -0.100301
v 0.612404 0.525867 0.101299
v 0.611274 0.526855 0.101299
v -0.096390 0.685415 -0.035509
v -0.096390 0.686915 -0.035509
v -0.083143 0.679533 0.034694
v -0.082047 0.680557 0.034694
v -0.083143 0.679533 -0.035509
v -0.082047 0.680557 -0.035509
v -0.096390 0.685415 0.034694
v -0.096390 0.686915 0.034694
v -0.109679 0.679533 0.034694
v -0.110775 0.680557 0.034694
v -0.109679 0.679533 -0.035509
v -0.110775 0.680557 -0.035509
v -0.096390 0.685415 0.034694
v -0.096390 0.686915 0.034694
v -0.096390 0.685415 -0.035509
v -0.096390 0.686915 -0.035509
v -0.351447 0.251014 -0.104805
v -0.350417 0.252104 -0.104805
v -0.365862 0.257190 0.105775
v -0.365862 0.258690 0.105775
v -0.351446 0.251014 0.103990
v -0.350416 0.252104 0.103990
v -0.365862 0.257190 -0.106618
v -0.365862 0.258690 -0.106618
v 0.755368 0.053328 -0.112907
v 0.754314 0.054394 -0.112907
v 0.769730 0.059613 0.112999
v 0.769730 0.061113 0.112999
v 0.769730 0.059613 -0.114253
v 0.769730 0.061113 -0.114253
v 0.755368 0.053328 0.112093
v 0.754314 0.054394 0.112093
v -1.153329 0.657078 -0.035509
v -1.154425 0.658102 -0.035509
v -1.142395 0.661925 0.034227
v -1.142395 0.663425 0.034227
v -1.142395 0.661925 -0.035509
v -1.142395 0.663425 -0.035509
v -1.153329 0.657078 0.034227
v -1.154425 0.658102 0.034227
v -1.131504 0.657078 -0.035509
v -1.130408 0.658102 -0.035509
v -1.131504 0.657078 0.034227
v -1.130408 0.658102 0.034227
v -1.142395 0.661925 -0.035509
v -1.142395 0.663425 -0.035509
v -1.142395 0.661925 0.034227
v -1.142395 0.663425 0.034227
v 0.754841 0.022581 0.105943
v 0.754841 0.022321 0.107421
v 0.754841 0.053991 0.111354
v 0.754841 0.053731 0.112832
v 0.748658 0.038286 0.108662
v 0.748658 0.038026 0.110140
v 0.769730 0.060493 0.112260
v 0.769730 0.060233 0.113738
v 0.769730 0.016078 0.104597
v 0.769730 0.015818 0.106075
v 0.784661 0.022581 0.105943
v 0.784661 0.022321 0.107421
v 0.784661 0.053991 0.111354
v 0.784661 0.053731 0.112832
v 0.790803 0.038286 0.108662
v 0.790803 0.038026 0.110140
v 0.611839 0.496089 0.110916
v 0.611839 0.496575 0.112336
v 0.611839 0.526119 0.100589
v 0.611839 0.526603 0.102009
v 0.605659 0.511107 0.105972
v 0.605659 0.511591 0.107392
v 0.626728 0.532338 0.098776
v 0.626728 0.532822 0.100196
v 0.626728 0.489870 0.113168
v 0.626728 0.490356 0.114588
v 0.641659 0.496090 0.110916
v 0.641659 0.496574 0.112336
v 0.641659 0.526119 0.100589
v 0.641659 0.526603 0.102009
v 0.647801 0.511107 0.105972
v 0.647801 0.511591 0.107392
v -0.380751 0.220941 0.095162
v -0.380751 0.220563 0.096614
v -0.380751 0.251747 0.103264
v -0.380751 0.251371 0.104716
v -0.386931 0.236344 0.099199
v -0.386931 0.235968 0.100651
v -0.365862 0.214565 0.093349
v -0.365862 0.214187 0.094801
v -0.365862 0.258128 0.105049
v -0.365862 0.257752 0.106501
v -0.350931 0.251748 0.103264
v -0.350931 0.251370 0.104716
v -0.350931 0.220942 0.095162
v -0.350931 0.220562 0.096614
v -0.344790 0.236346 0.099199
v -0.344790 0.235966 0.100651
v -0.380189 0.221249 -0.096703
v -0.381313 0.220255 -0.096703
v -0.386182 0.236112 0.099925
v -0.387680 0.236200 0.099925
v -0.386183 0.236112 -0.100767
v -0.387681 0.236200 -0.100767
v -0.380189 0.221249 0.095888
v -0.381313 0.220255 0.095888
v -0.386183 0.236112 -0.100767
v -0.387681 0.236200 -0.100767
v -0.380236 0.251014 0.103990
v -0.381266 0.252104 0.103990
v -0.380236 0.251014 -0.104805
v -0.381267 0.252104 -0.104805
v -0.386182 0.236112 0.099925
v -0.387680 0.236200 0.099925
v 0.755400 0.022951 -0.107524
v 0.754282 0.021951 -0.107524
v 0.749407 0.038123 0.109401
v 0.747909 0.038189 0.109401
v 0.749407 0.038123 -0.110216
v 0.747909 0.038189 -0.110216
v 0.755400 0.022951 0.106682
v 0.754282 0.021951 0.106682
v -0.109679 0.651014 0.034694
v -0.110775 0.649990 0.034694
v -0.109679 0.651014 -0.035509
v -0.110775 0.649990 -0.035509
v -0.115153 0.665276 0.034694
v -0.116653 0.665276 0.034694
v -0.115153 0.665276 -0.035509
v -0.116653 0.665276 -0.035509
v -0.109679 0.679533 0.034694
v -0.110775 0.680557 0.034694
v -0.109679 0.679533 -0.035509
v -0.110775 0.680557 -0.035509
v 0.612342 0.496888 0.111626
v 0.611336 0.495776 0.111626
v 0.606407 0.511410 -0.107524
v 0.604911 0.511288 -0.107524
v 0.612342 0.496888 -0.112468
v 0.611336 0.495776 -0.112468
v 0.606407 0.511410 0.106682
v 0.604911 0.511288 0.106682
v 0.612404 0.525867 0.101299
v 0.611274 0.526855 0.101299
v 0.612404 0.525867 -0.102553
v 0.611274 0.526855 -0.102553
v 0.606407 0.511410 0.106682
v 0.604911 0.511289 0.106682
v 0.749407 0.038123 -0.110216
v 0.747909 0.038189 -0.110216
v 0.755369 0.053328 0.112093
v 0.754314 0.054394 0.112093
v 0.755369 0.053328 -0.112907
v 0.754313 0.054394 -0.112907
v 0.749407 0.038123 0.109401
v 0.747909 0.038189 0.109401
v -1.153329 0.657078 -0.035509
v -1.154425 0.658102 -0.035509
v -1.153329 0.657078 0.034227
v -1.154425 0.658102 0.034227
v -1.157879 0.645327 -0.035509
v -1.159379 0.645327 -0.035509
v -1.157879 0.645327 0.034227
v -1.159379 0.645327 0.034227
v -1.153329 0.633572 -0.035509
v -1.154425 0.632548 -0.035509
v -1.153329 0.633572 0.034227
v -1.154425 0.632548 0.034227
v 0.641156 0.496888 -0.112468
v 0.642162 0.495776 -0.112468
v 0.626728 0.490863 0.113878
v 0.626728 0.489363 0.113878
v 0.641156 0.496888 0.111626
v 0.642162 0.495776 0.111626
v 0.626728 0.490863 -0.114720
v 0.626728 0.489363 -0.114720
v -0.365862 0.215126 -0.094917
v -0.365862 0.213626 -0.094917
v -0.380189 0.221249 0.095888
v -0.381313 0.220255 0.095888
v -0.380189 0.221249 -0.096703
v -0.381313 0.220255 -0.096703
v -0.365862 0.215126 0.094075
v -0.365862 0.213626 0.094075
v 0.784102 0.022951 -0.107524
v 0.785220 0.021951 -0.107524
v 0.769730 0.016698 0.105336
v 0.769730 0.015198 0.105336
v 0.769730 0.016698 -0.106151
v 0.769730 0.015198 -0.106151
v 0.784102 0.022951 0.106682
v 0.785220 0.021951 0.106682
v 0.755400 0.022951 -0.107524
v 0.754282 0.021951 -0.107524
v 0.769730 0.016698 -0.106151
v 0.769730 0.015198 -0.106151
v 0.755400 0.022951 0.106682
v 0.754282 0.021951 0.106682
v -0.351493 0.221249 -0.096703
v -0.350369 0.220255 -0.096703
v -0.365862 0.215126 0.094075
v -0.365862 0.213626 0.094075
v -0.365862 0.215126 -0.094917
v -0.365862 0.213626 -0.094917
v -0.351493 0.221249 0.095888
v -0.350369 0.220255 0.095888
v -0.083143 0.651014 0.034694
v -0.082047 0.649990 0.034694
v -0.083143 0.651014 -0.035509
v -0.082047 0.649990 -0.035509
v -0.096390 0.645132 0.034694
v -0.096390 0.643632 0.034694
v -0.096390 0.645132 -0.035509
v -0.096390 0.643632 -0.035509
v -0.109679 0.651014 0.034694
v -0.110775 0.649990 0.034694
v -0.109679 0.651014 -0.035509
v -0.110775 0.649990 -0.035509
v 0.626728 0.490863 -0.114720
v 0.626728 0.489363 -0.114720
v 0.612342 0.496888 0.111626
v 0.611336 0.495776 0.111626
v 0.612342 0.496888 -0.112468
v 0.611336 0.495776 -0.112468
v 0.626728 0.490863 0.113878
v 0.626728 0.489363 0.113878
v -1.153329 0.633572 -0.035509
v -1.154425 0.632548 -0.035509
v -1.153329 0.633572 0.034227
v -1.154425 0.632548 0.034227
v -1.142395 0.628730 -0.035509
v -1.142395 0.627230 -0.035509
v -1.142395 0.628730 0.034227
v -1.142395 0.627230 0.034227
v -1.131504 0.633572 -0.035509
v -1.130408 0.632548 -0.035509
v -1.131504 0.633572 0.034227
v -1.130408 0.632548 0.034227
v 0.784661 0.022581 -0.106785
v 0.784661 0.022321 -0.108263
v 0.769730 0.060493 -0.113514
v 0.769730 0.060233 -0.114992
v 0.784661 0.053991 -0.112168
v 0.784661 0.053731 -0.113646
v 0.790803 0.038285 -0.109477
v 0.790803 0.038027 -0.110955
v 0.769730 0.016078 -0.105412
v 0.769730 0.015818 -0.106890
v 0.754841 0.022581 -0.106785
v 0.754841 0.022321 -0.108263
v 0.754841 0.053991 -0.112168
v 0.754841 0.053731 -0.113646
v 0.748658 0.038286 -0.109477
v 0.748658 0.038026 -0.110955
v 0.641659 0.496090 -0.111758
v 0.641659 0.496574 -0.113178
v 0.626728 0.532337 -0.099591
v 0.626728 0.532823 -0.101011
v 0.641659 0.526118 -0.101844
v 0.641659 0.526604 -0.103262
v 0.647801 0.511106 -0.106815
v 0.647801 0.511592 -0.108233
v 0.626728 0.489871 -0.114010
v 0.626728 0.490355 -0.115430
v 0.611839 0.496090 -0.111758
v 0.611839 0.496574 -0.113178
v 0.611839 0.526118 -0.101843
v 0.611839 0.526604 -0.103263
v 0.605659 0.511107 -0.106814
v 0.605659 0.511591 -0.108234
v -0.350932 0.251748 -0.104079
v -0.350932 0.251370 -0.105531
v -0.350931 0.220941 -0.095977
v -0.350931 0.220563 -0.097429
v -0.365862 0.214565 -0.094191
v -0.365862 0.214187 -0.095643
v -0.344790 0.236345 -0.100041
v -0.344790 0.235967 -0.101493
v -0.365862 0.258129 -0.105892
v -0.365862 0.257751 -0.107344
v -0.380751 0.251748 -0.104079
v -0.380751 0.251370 -0.105531
v -0.380751 0.220941 -0.095977
v -0.380751 0.220563 -0.097429
v -0.386932 0.236344 -0.100041
v -0.386932 0.235968 -0.101493
v -0.564452 0.483231 -0.025621
v -0.562962 0.483397 -0.025621
v -0.564457 0.438314 0.035600
v -0.562957 0.438314 0.035600
v -0.564457 0.438314 -0.036415
v -0.562957 0.438314 -0.036415
v -0.564452 0.483231 0.024779
v -0.562962 0.483397 0.024779
v -0.572835 0.519098 0.014452
v -0.571399 0.519530 0.014452
v -0.572835 0.519098 -0.015706
v -0.571399 0.519530 -0.015706
v -0.589552 0.563879 -0.015706
v -0.588330 0.564749 -0.015706
v -0.589552 0.563879 0.014452
v -0.588330 0.564749 0.014452
v -0.589552 0.563878 -0.015706
v -0.588330 0.564750 -0.015706
v -0.589552 0.563879 0.014452
v -0.588330 0.564749 0.014452
v -0.618026 0.591105 -0.015706
v -0.617646 0.592557 -0.015706
v -0.618026 0.591105 0.014452
v -0.617646 0.592557 0.014452
v -0.641418 0.593339 -0.015706
v -0.641278 0.594833 -0.015706
v -0.641418 0.593339 0.014452
v -0.641278 0.594833 0.014452
v -0.627166 0.482576 -0.025621
v -0.627432 0.484052 -0.025621
v -0.687464 0.482572 -0.025621
v -0.687678 0.484056 -0.025621
v -0.687464 0.482572 0.024779
v -0.687678 0.484056 0.024779
v -0.723210 0.465940 -0.036415
v -0.723848 0.467298 -0.036415
v -0.723210 0.465940 0.035600
v -0.723848 0.467298 0.035600
v -0.627166 0.482576 0.024779
v -0.627432 0.484052 0.024779
v -0.563726 0.438149 0.034869
v -0.563688 0.438479 0.036331
v -0.627312 0.483136 0.024050
v -0.627286 0.483492 0.025507
v -0.723548 0.438149 0.034869
v -0.723510 0.438479 0.036331
v -0.563713 0.483131 0.024052
v -0.563701 0.483497 0.025506
v -0.687590 0.483148 0.024048
v -0.687552 0.483480 0.025510
v -0.723548 0.466454 0.034869
v -0.723510 0.466784 0.036331
v -0.602065 0.519208 0.013710
v -0.602065 0.519420 0.015194
v -0.572117 0.519208 0.013710
v -0.572117 0.519420 0.015194
v -0.602065 0.546314 0.013702
v -0.602065 0.546314 0.015202
v -0.588941 0.564314 0.013702
v -0.588941 0.564314 0.015202
v -0.622672 0.574128 0.013702
v -0.622672 0.574128 0.015202
v -0.617836 0.591831 0.013702
v -0.617836 0.591831 0.015202
v -0.641473 0.585342 0.013702
v -0.641473 0.585342 0.015202
v -0.641348 0.594086 0.013702
v -0.641348 0.594086 0.015202
v -0.722779 0.438314 -0.036415
v -0.724279 0.438314 -0.036415
v -0.722779 0.438314 0.035600
v -0.724279 0.438314 0.035600
v -0.722779 0.466619 -0.036415
v -0.724279 0.466619 -0.036415
v -0.722779 0.466619 0.035600
v -0.724279 0.466619 0.035600
v -0.640723 0.585331 -0.015706
v -0.642223 0.585353 -0.015706
v -0.640723 0.585331 0.014452
v -0.642223 0.585353 0.014452
v -0.640598 0.594075 -0.015706
v -0.642098 0.594097 -0.015706
v -0.640598 0.594075 0.014452
v -0.642098 0.594097 0.014452
v -0.627166 0.482576 -0.025621
v -0.627432 0.484052 -0.025621
v -0.627166 0.482576 0.024779
v -0.627432 0.484052 0.024779
v -0.601358 0.519064 -0.015706
v -0.602772 0.519564 -0.015706
v -0.601358 0.519064 0.014452
v -0.602772 0.519564 0.014452
v -0.601362 0.546576 0.014452
v -0.602768 0.546052 0.014452
v -0.601362 0.546576 -0.015706
v -0.602768 0.546052 -0.015706
v -0.622191 0.574704 0.014452
v -0.623153 0.573552 0.014452
v -0.622191 0.574704 -0.015706
v -0.623153 0.573552 -0.015706
v -0.622192 0.574704 0.014452
v -0.623152 0.573552 0.014452
v -0.622191 0.574704 -0.015706
v -0.623153 0.573552 -0.015706
v -0.641088 0.585986 0.014452
v -0.641858 0.584698 0.014452
v -0.641088 0.585986 -0.015706
v -0.641858 0.584698 -0.015706
v -0.687590 0.483149 -0.024890
v -0.687552 0.483479 -0.026352
v -0.723548 0.438149 -0.035684
v -0.723510 0.438479 -0.037146
v -0.723548 0.466454 -0.035684
v -0.723510 0.466784 -0.037146
v -0.627312 0.483136 -0.024892
v -0.627286 0.483492 -0.026350
v -0.563726 0.438149 -0.035684
v -0.563688 0.438479 -0.037146
v -0.563713 0.483130 -0.024894
v -0.563701 0.483498 -0.026348
v -0.602065 0.519208 -0.014964
v -0.602065 0.519420 -0.016448
v -0.572117 0.519208 -0.014964
v -0.572117 0.519420 -0.016449
v -0.602065 0.546314 -0.014956
v -0.602065 0.546314 -0.016456
v -0.588941 0.564314 -0.014956
v -0.588941 0.564314 -0.016456
v -0.622672 0.574128 -0.014956
v -0.622672 0.574128 -0.016456
v -0.617836 0.591831 -0.014956
v -0.617836 0.591831 -0.016456
v -0.641473 0.585342 -0.014956
v -0.641473 0.585342 -0.016456
v -0.641348 0.594086 -0.014956
v -0.641348 0.594086 -0.016456
v -1.143839 0.624837 -0.032506
v -1.143839 0.624837 0.031252
v -1.155546 0.630025 0.031252
v -1.155546 0.630025 -0.032506
v -1.150097 0.708264 -0.031600
v -1.150097 0.708264 -0.024998
v -1.135069 0.708264 -0.024998
v -1.135069 0.708264 -0.031600
v -0.110496 0.679345 0.033944
v -0.110496 0.679345 -0.034759
v -0.115634 0.665976 -0.034759
v -0.115634 0.665976 0.033944
v 0.065159 0.368009 0.135168
v 0.065159 0.463187 0.085983
v 0.065159 0.463187 -0.087264
v 0.065159 0.368009 -0.136423
v 0.014533 0.654586 -0.035819
v 0.014533 0.654586 -0.057253
v -0.052157 0.743713 -0.057253
v -0.052157 0.743713 -0.035819
v -0.641462 0.586092 0.013702
v -0.641359 0.593336 0.013702
v -0.641359 0.593336 -0.014956
v -0.641462 0.586092 -0.014956
v -0.380062 0.251854 -0.104134
v -0.380062 0.251854 0.103318
v -0.366551 0.257645 0.104938
v -0.366551 0.257645 -0.105779
v -1.140999 0.675804 0.009730
v -1.140999 0.707168 0.000249
v -1.145220 0.707168 0.000249
v -1.145220 0.675804 0.009730
v -1.168355 0.153052 -0.039853
v -1.168355 0.153052 0.039038
v -1.167608 0.170293 0.077587
v -1.164508 0.240546 0.077587
v -1.164508 0.240546 -0.078402
v -1.167608 0.170293 -0.078402
v 0.891087 0.545597 -0.103240
v 0.957847 0.367031 -0.158143
v 0.850085 0.367031 -0.158143
v 0.783328 0.545597 -0.103240
v 0.014533 0.654586 0.034977
v -0.052157 0.743713 0.034977
v -0.052157 0.743713 0.056438
v 0.014533 0.654586 0.056438
v -1.126475 0.644628 -0.034759
v -1.126475 0.644628 0.033477
v -1.130685 0.633759 0.033477
v -1.130685 0.633759 -0.034759
v -0.096462 0.687787 -0.032506
v -0.096462 0.687787 0.031692
v -0.082104 0.681416 0.031692
v -0.082104 0.681416 -0.032506
v -1.134319 0.683836 -0.000407
v -1.134319 0.690993 0.016815
v -1.134319 0.707514 0.023500
v -1.134319 0.707514 0.030346
v -1.134319 0.660644 0.030346
v -1.134319 0.660644 -0.031600
v -1.134319 0.707514 -0.031600
v -1.134319 0.707514 -0.024742
v -1.134319 0.690989 -0.017621
v -1.178937 0.322474 0.037235
v -1.178937 0.358714 0.052395
v -1.460200 0.358714 0.052395
v -1.460200 0.322474 0.037235
v -0.366551 0.214671 -0.094245
v -0.366551 0.214671 0.093404
v -0.380062 0.220457 0.095049
v -0.380062 0.220457 -0.095866
v -0.351621 0.220457 -0.095866
v -0.351621 0.220457 0.095050
v -0.365172 0.214671 0.093404
v -0.365172 0.214671 -0.094245
v 0.305575 0.317446 0.123514
v 0.461297 0.366533 0.136212
v 0.069885 0.366533 0.136212
v 0.225608 0.317446 0.123514
v 0.626036 0.490402 -0.113858
v 0.626036 0.490402 0.113016
v 0.612531 0.496043 0.110973
v 0.612531 0.496043 -0.111815
v -0.081147 0.648114 0.031692
v -0.081147 0.648114 -0.032506
v -0.075168 0.663564 -0.032506
v -0.075168 0.663564 0.031692
v -0.082006 0.680552 -0.033256
v -0.075701 0.664263 -0.033256
v -0.082006 0.647975 -0.033256
v -0.097148 0.641260 -0.033256
v -0.112332 0.647975 -0.033256
v -0.118635 0.664263 -0.033256
v -0.112332 0.680552 -0.033256
v -0.097148 0.687271 -0.033256
v -0.105012 0.674769 -0.030515
v -0.105012 0.674769 0.030346
v -0.105012 0.732626 0.030346
v -0.105012 0.743582 0.019090
v -0.105012 0.743582 -0.020337
v -0.105012 0.732761 -0.031036
v -0.105012 0.715132 -0.024211
v -0.105012 0.730427 -0.017621
v -0.105012 0.737579 -0.000407
v -0.105012 0.730423 0.016814
v -0.105012 0.713151 0.023803
v -0.105012 0.695880 0.016815
v -0.105012 0.688723 -0.000407
v -0.105012 0.695522 -0.016768
v 0.513387 0.457583 -0.080215
v -0.409776 0.457583 -0.080215
v -0.409776 0.457583 -0.046174
v -0.159108 0.457583 -0.046174
v -0.159108 0.457583 0.045332
v -0.732606 0.457583 0.045332
v -0.732606 0.457583 -0.044727
v -1.218991 0.457583 -0.080158
v -1.218991 0.457583 0.079400
v 0.513387 0.457583 0.079400
v -1.185554 0.232450 -0.084789
v -1.235503 0.366866 -0.126199
v -0.416558 0.366884 -0.126150
v -0.128624 0.259695 -0.084734
v -0.398827 0.187664 -0.084563
v -0.126960 0.366884 0.125307
v -0.412511 0.366884 0.125307
v -0.126960 0.260615 0.084148
v -0.001930 0.260283 0.100413
v -0.125466 0.366022 0.125071
v -0.125466 0.260283 0.084117
v -0.088484 0.674769 0.030346
v -0.088484 0.674769 -0.030515
v -0.088484 0.695522 -0.016768
v -0.088484 0.688723 -0.000407
v -0.088484 0.695880 0.016815
v -0.088484 0.713151 0.023803
v -0.088484 0.730423 0.016814
v -0.088484 0.737579 -0.000407
v -0.088484 0.730427 -0.017621
v -0.088484 0.715132 -0.024211
v -0.088484 0.732761 -0.031036
v -0.088484 0.743582 -0.020337
v -0.088484 0.743582 0.019090
v -0.088484 0.732626 0.030346
v 0.058104 0.364648 0.124985
v 0.000961 0.259837 0.100543
v 0.058104 0.224900 0.100543
v 0.100655 0.107289 -0.083909
v 0.100655 0.107289 0.083092
v 0.059104 0.222877 0.099535
v 0.059104 0.222877 -0.100814
v 0.059600 0.366844 0.125449
v 0.059597 0.223700 0.100480
v 0.101438 0.107326 0.083854
v 0.146182 0.107333 0.083748
v 0.358508 0.196304 0.084041
v 0.512481 0.366854 0.125401
v -0.381030 0.221448 -0.096115
v -0.381030 0.221448 0.095299
v -0.386652 0.235460 0.098971
v -0.386653 0.235460 -0.099811
v 0.513392 0.365639 0.125226
v 0.359997 0.195787 0.083881
v 0.513392 0.059854 0.083881
v -0.601667 0.518591 -0.015905
v -0.572717 0.518591 -0.015905
v -0.564449 0.483206 -0.025534
v -0.564457 0.439043 -0.036240
v -0.721996 0.439043 -0.036240
v -0.687204 0.482585 -0.025796
v -0.626901 0.482591 -0.025820
v 0.600226 0.366839 0.146629
v 0.600226 0.000409 0.098238
v 0.882311 0.006473 0.098240
v 0.941206 0.366840 0.146627
v -1.235680 0.368253 0.125240
v 0.513387 0.368253 0.125240
v 0.513387 0.456913 0.080488
v -1.219106 0.456913 0.080488
v 0.769043 0.016248 0.104646
v 0.755528 0.022151 0.105867
v 0.755528 0.022151 -0.106708
v 0.769043 0.016248 -0.105462
v -1.117074 0.454764 -0.057253
v -1.117074 0.576605 -0.057253
v -1.117074 0.576605 0.056438
v -1.117074 0.454764 0.056438
v 0.304944 0.315994 0.123139
v 0.226239 0.315994 0.123139
v 0.226239 0.252645 0.106869
v 0.304944 0.252645 0.106869
v 0.611554 0.497026 0.110614
v 0.605944 0.510655 0.106126
v 0.605944 0.510655 -0.106968
v 0.611554 0.497026 -0.111456
v -0.016856 0.430064 -0.034319
v -0.016856 0.628675 -0.034319
v -0.016856 0.628675 0.033477
v -0.016856 0.430064 0.033477
v -1.195522 0.646500 0.033477
v -0.071149 0.665066 0.033477
v -0.071149 0.665066 -0.034319
v -1.195522 0.646500 -0.034319
v -0.508115 0.137245 0.078337
v -0.470769 0.205501 0.078337
v -1.163759 0.240508 0.078337
v -1.166848 0.170519 0.078337
v 0.597815 0.368257 0.145975
v 0.514869 0.455732 0.081266
v 0.514869 0.368257 0.125419
v 0.598788 0.369393 0.145856
v 0.598788 0.538052 0.093810
v 0.515130 0.457620 0.080590
v -1.156503 0.631028 -0.032506
v -1.156503 0.631028 0.031252
v -1.161387 0.643616 0.031252
v -1.161387 0.643616 -0.032506
v -0.069775 0.664662 0.033477
v -0.017480 0.629841 0.033477
v -0.017480 0.629841 -0.034319
v -0.069775 0.664662 -0.034319
v -0.119168 0.663564 0.031692
v -0.119168 0.663564 -0.032506
v -0.113190 0.648114 -0.032506
v -0.113190 0.648114 0.031692
v -0.089245 0.582575 0.057188
v -0.089245 0.430064 0.057188
v 0.014232 0.430064 0.057188
v 0.014232 0.653736 0.057188
v -0.052973 0.743552 0.057188
v -1.162508 0.709072 0.057188
v -1.212179 0.618019 0.057188
v -1.212179 0.454764 0.057188
v -1.117824 0.454764 0.057188
v -1.117824 0.577580 0.057188
v -1.070832 0.648722 0.057188
v -0.135895 0.641561 0.057188
v -0.518357 0.119468 -0.039263
v -0.518357 0.119468 0.038448
v -1.167638 0.152265 0.038448
v -1.167638 0.152265 -0.039263
v -0.508622 0.136213 0.077652
v -1.166894 0.169464 0.077652
v -1.167625 0.152571 0.039883
v -0.518200 0.119767 0.039883
v -1.698925 0.395046 0.033536
v -1.698925 0.409109 0.000284
v -1.519950 0.409109 0.000284
v -1.519950 0.395046 0.033536
v -0.096461 0.640744 0.031692
v -0.096462 0.640744 -0.032506
v -0.082104 0.647111 -0.032506
v -0.082104 0.647111 0.031692
v -0.000250 0.260742 0.100662
v 0.057603 0.366853 0.125408
v -0.124221 0.366853 0.125408
v -1.166894 0.169464 -0.078467
v -0.508622 0.136213 -0.078467
v -0.518200 0.119767 -0.040698
v -1.167625 0.152571 -0.040698
v -0.588678 0.563612 -0.014956
v -0.588678 0.563612 0.013702
v -0.572380 0.520016 0.013702
v -0.572380 0.520016 -0.014956
v -0.075168 0.664962 0.031692
v -0.075168 0.664962 -0.032506
v -0.081147 0.680413 -0.032506
v -0.081147 0.680413 0.031692
v -1.196621 0.645824 -0.035819
v -1.163310 0.709144 -0.035819
v -1.163320 0.709150 -0.057253
v -1.212570 0.618868 -0.057253
v -1.212570 0.618868 0.056438
v -1.163320 0.709150 0.056438
v -1.163310 0.709144 0.034977
v -1.196621 0.645824 0.034977
v -0.089234 0.689823 0.000286
v -0.104262 0.689823 0.000286
v -0.104262 0.696164 0.015544
v -0.089234 0.696164 0.015544
v -0.109541 0.650199 0.033944
v -0.109541 0.650199 -0.034759
v -0.097076 0.644685 -0.034759
v -0.097076 0.644685 0.033944
v -0.300793 -0.179098 0.077587
v -0.395008 0.234547 0.077587
v -0.395008 0.234547 -0.078402
v -0.300793 -0.179098 -0.078402
v -0.089995 0.430064 0.056438
v -0.089995 0.581564 0.056438
v -0.089995 0.581564 -0.057253
v -0.089995 0.430064 -0.057253
v 0.790530 0.037458 -0.109337
v 0.790530 0.037458 0.108520
v 0.784934 0.023149 0.106043
v 0.784934 0.023149 -0.106884
v -0.095704 0.685861 -0.034759
v -0.095704 0.685861 0.033944
v -0.083281 0.680349 0.033944
v -0.083281 0.680349 -0.034759
v -1.130685 0.656891 -0.034759
v -1.130685 0.656891 0.033477
v -1.126475 0.646026 0.033477
v -1.126475 0.646026 -0.034759
v -1.145220 0.707886 -0.000718
v -1.140999 0.707886 -0.000718
v -1.140999 0.707886 -0.000124
v -1.145220 0.707886 -0.000124
v 0.958648 0.367016 0.156550
v 0.958648 0.367016 -0.157367
v 0.891878 0.545612 -0.102456
v 0.891878 0.545612 0.101175
v -0.000782 0.259583 -0.100815
v -0.000782 0.259583 0.099537
v -0.125460 0.259583 0.083090
v -0.125460 0.259583 -0.083908
v 0.748933 0.038854 -0.109576
v 0.748933 0.038854 0.108761
v 0.754566 0.053163 0.111214
v 0.754566 0.053163 -0.112028
v -0.399499 0.186951 0.082998
v -1.185344 0.231721 0.082998
v -1.185344 0.231721 -0.083813
v -0.399499 0.186951 -0.083813
v 0.605945 0.512043 -0.106510
v 0.605945 0.512043 0.105643
v 0.611553 0.525667 0.100757
v 0.611553 0.525667 -0.101998
v -1.143081 0.628283 -0.034759
v -1.143081 0.628283 0.033477
v -1.153191 0.632757 0.033477
v -1.153191 0.632757 -0.034759
v -0.416558 0.366884 0.125307
v -1.235503 0.366866 0.125357
v -1.185554 0.232450 0.083973
v -0.398827 0.187664 0.083748
v -0.128624 0.259695 0.083919
v -1.698925 0.394059 -0.035792
v -1.698925 0.360101 -0.049618
v -1.519950 0.360101 -0.049618
v -1.519950 0.394059 -0.035792
v -0.124206 0.260314 -0.085002
v -0.000776 0.365963 -0.125949
v -0.000776 0.260314 -0.101741
v 0.057602 0.366852 -0.126254
v 0.000718 0.262516 -0.102346
v 0.000718 0.366852 -0.126254
v 0.058104 0.364648 -0.125838
v 0.058104 0.224901 -0.101822
v 0.000961 0.259838 -0.101822
v -0.564443 0.483198 0.024661
v -0.572717 0.518593 0.014659
v -0.601666 0.518593 0.014659
v -0.626900 0.482593 0.024986
v -0.687204 0.482585 0.024954
v -0.721997 0.439043 0.035425
v -0.564457 0.439043 0.035425
v -0.089234 0.674769 0.031096
v -0.089234 0.732193 0.031096
v -0.104262 0.732193 0.031096
v -0.104262 0.674769 0.031096
v 0.059600 0.366844 -0.126294
v 0.512481 0.366854 -0.126244
v 0.358508 0.196304 -0.084856
v 0.146182 0.107333 -0.084563
v 0.101438 0.107325 -0.084672
v 0.059598 0.223702 -0.101748
v 0.513392 0.365639 -0.126069
v 0.513392 0.059854 -0.084696
v 0.359997 0.195787 -0.084696
v 0.600226 0.366840 -0.147910
v 0.941206 0.366840 -0.147908
v 0.882311 0.006473 -0.099056
v 0.600226 0.000409 -0.099054
v 0.908244 -0.005373 -0.111217
v 0.800157 -0.009553 -0.111216
v 0.850214 0.365570 -0.158270
v 0.958054 0.365570 -0.158269
v -0.411276 0.457583 -0.080215
v -1.199123 0.457583 -0.080215
v -0.731829 0.457583 -0.046174
v -0.411276 0.457583 -0.046174
v 0.065909 0.463937 0.085690
v 0.465273 0.463937 0.085690
v 0.465273 0.463937 -0.086971
v 0.065909 0.463937 -0.086971
v -1.124958 0.643615 -0.032506
v -1.124958 0.643615 0.031252
v -1.129801 0.631029 0.031252
v -1.129801 0.631029 -0.032506
v 0.225489 0.315970 -0.123641
v 0.225489 0.252669 -0.107382
v 0.225489 0.252669 0.106100
v 0.225489 0.315970 0.122359
v 0.514869 0.455733 -0.082085
v 0.597814 0.368257 -0.147248
v 0.514869 0.368257 -0.126266
v 0.598789 0.369391 -0.147135
v 0.515129 0.457621 -0.081410
v 0.598789 0.538055 -0.095088
v 0.882661 0.538914 -0.095138
v 0.941053 0.368300 -0.147788
v 0.600226 0.368300 -0.147788
v 0.600226 0.538914 -0.095138
v -1.236427 0.368320 0.124369
v -1.219879 0.456846 0.079685
v -1.219879 0.456846 -0.080500
v -1.236427 0.368320 -0.125210
v -0.307261 -0.271585 -0.079152
v -0.320021 -0.215478 -0.079152
v -0.299830 -0.179946 -0.079152
v -0.394282 0.234736 -0.079152
v -0.144350 0.299913 -0.079152
v -0.030578 -0.199447 -0.079152
v 0.465308 0.367034 -0.136844
v 0.465308 0.367034 0.135589
v 0.306409 0.316945 0.122632
v 0.306409 0.316945 -0.123914
v -0.104262 0.743809 0.019932
v -0.104262 0.733466 0.030558
v -0.089234 0.733466 0.030558
v -0.089234 0.743809 0.019932
v -0.089234 0.736479 -0.001100
v -0.104262 0.736479 -0.001100
v -0.104262 0.730139 -0.016359
v -0.089234 0.730139 -0.016359
v 0.014232 0.653736 -0.058003
v 0.014232 0.430064 -0.058003
v -0.089245 0.430064 -0.058003
v -0.089245 0.582575 -0.058003
v -0.135895 0.641561 -0.058003
v -1.070832 0.648722 -0.058003
v -1.117824 0.577580 -0.058003
v -1.117824 0.454764 -0.058003
v -1.212179 0.454764 -0.058003
v -1.212179 0.618019 -0.058003
v -1.162508 0.709072 -0.058003
v -0.052973 0.743552 -0.058003
v -1.698925 0.324745 0.034518
v -1.698925 0.358715 0.048795
v -1.519950 0.358715 0.048795
v -1.519950 0.324745 0.034518
v -1.698925 0.409112 -0.001099
v -1.698925 0.395043 -0.034817
v -1.519950 0.395043 -0.034817
v -1.519950 0.409112 -0.001099
v 0.014232 0.430064 0.034227
v -0.016106 0.430064 0.034227
v -0.016106 0.629827 0.034227
v -0.070178 0.665832 0.034227
v -1.195019 0.647259 0.034227
v -1.162501 0.709072 0.034227
v -0.052973 0.743552 0.034227
v 0.014232 0.653736 0.034227
v -0.016106 0.629827 -0.035069
v -0.016106 0.430064 -0.035069
v 0.014232 0.430064 -0.035069
v 0.014232 0.653736 -0.035069
v -0.052973 0.743552 -0.035069
v -1.162501 0.709072 -0.035069
v -1.195019 0.647259 -0.035069
v -0.070178 0.665832 -0.035069
v -1.135069 0.707569 0.022713
v -1.135069 0.692260 0.016518
v -1.150097 0.692260 0.016518
v -1.150097 0.707569 0.022713
v -1.130756 0.630025 -0.032506
v -1.130756 0.630025 0.031252
v -1.142467 0.624837 0.031252
v -1.142467 0.624837 -0.032506
v 0.958811 0.365571 0.156699
v 0.909004 -0.005349 0.109618
v 0.909004 -0.005349 -0.110460
v 0.958811 0.365571 -0.157513
v 0.224774 0.316945 -0.123914
v 0.224774 0.316945 0.122632
v 0.065874 0.367034 0.135589
v 0.065874 0.367034 -0.136844
v -0.112233 0.647112 0.031692
v -0.112233 0.647112 -0.032506
v -0.097834 0.640743 -0.032506
v -0.097833 0.640743 0.031692
v -0.089234 0.729156 0.016518
v -0.089234 0.713846 0.022713
v -0.104262 0.713846 0.022713
v -0.104262 0.729156 0.016518
v -1.212929 0.454764 -0.057253
v -1.212929 0.454764 0.056438
v -1.212929 0.617460 0.056438
v -1.212929 0.617460 -0.057253
v 0.069886 0.366533 -0.137467
v 0.461296 0.366533 -0.137467
v 0.305575 0.317446 -0.124795
v 0.225608 0.317446 -0.124795
v -1.186354 0.232467 -0.083999
v -1.186354 0.232467 0.083184
v -1.236304 0.366880 0.124581
v -1.236304 0.366880 -0.125423
v 0.304944 0.252645 -0.108151
v 0.226239 0.252645 -0.108151
v 0.226239 0.315994 -0.124421
v 0.304944 0.315994 -0.124421
v 0.465273 0.463271 -0.088065
v 0.465273 0.367925 -0.137310
v 0.065909 0.367925 -0.137310
v 0.065909 0.463271 -0.088065
v 0.769730 0.059551 0.112886
v 0.755428 0.053310 0.111985
v 0.749462 0.038156 0.109399
v 0.755428 0.023004 0.106763
v 0.769730 0.016752 0.105502
v 0.784073 0.023004 0.106764
v 0.789999 0.038156 0.109399
v 0.784074 0.053310 0.111985
v -1.129801 0.657605 -0.032506
v -1.129801 0.657605 0.031252
v -1.124958 0.645015 0.031252
v -1.124958 0.645015 -0.032506
v -0.089234 0.712456 0.022713
v -0.089234 0.697147 0.016518
v -0.104262 0.697147 0.016518
v -0.104262 0.712456 0.022713
v -0.105012 0.728929 -0.031161
v -0.105012 0.676509 -0.031161
v -0.105012 0.696528 -0.017901
v -0.105012 0.712867 -0.024942
v -0.617293 0.591314 -0.014956
v -0.617293 0.591314 0.013702
v -0.589484 0.564831 0.013702
v -0.589484 0.564831 -0.014956
v -0.731856 0.456833 -0.044674
v -0.731856 0.456833 0.043832
v -0.731856 0.444824 0.043832
v -0.731856 0.444824 -0.044674
v -0.320446 -0.214709 -0.078402
v -0.320445 -0.214709 0.077587
v -0.300997 -0.180481 0.077587
v -0.300997 -0.180481 -0.078402
v -0.722849 0.466935 -0.035434
v -0.722849 0.466935 0.034618
v -0.688251 0.482998 0.024206
v -0.688251 0.482998 -0.025048
v -0.563878 0.484044 -0.024643
v -0.571946 0.518584 -0.015131
v -0.571946 0.518584 0.013883
v -0.563878 0.484044 0.023791
v 0.014982 0.653235 -0.035819
v 0.014982 0.430064 -0.035819
v 0.014982 0.430064 -0.057253
v 0.014982 0.653235 -0.057253
v 0.598935 0.539111 0.092796
v 0.598935 0.539111 -0.094073
v 0.514678 0.458103 -0.080298
v 0.514678 0.458103 0.079481
v -0.640601 0.594014 -0.014956
v -0.640601 0.594014 0.013702
v -0.618583 0.591903 0.013702
v -0.618583 0.591903 -0.014956
v -0.640829 0.584958 -0.014956
v -0.623316 0.574512 -0.014956
v -0.623316 0.574512 0.013702
v -0.640829 0.584958 0.013702
v 0.647517 0.512043 0.105643
v 0.647517 0.512043 -0.106510
v 0.641943 0.525667 -0.101998
v 0.641943 0.525667 0.100758
v 0.101659 0.106583 0.082998
v 0.101659 0.106583 -0.083813
v 0.145583 0.106583 -0.083813
v 0.145583 0.106583 0.082998
v -1.460200 0.412324 -0.001100
v -1.178937 0.412324 -0.001100
v -1.178937 0.397312 -0.037507
v -1.460200 0.397312 -0.037507
v 0.641943 0.497026 -0.111455
v 0.647517 0.510655 -0.106969
v 0.647517 0.510655 0.106126
v 0.641943 0.497026 0.110613
v -0.345068 0.235459 -0.099811
v -0.345068 0.235459 0.098970
v -0.350653 0.221449 0.095299
v -0.350653 0.221449 -0.096115
v 0.627420 0.532292 -0.099648
v 0.627420 0.532292 0.098815
v 0.640967 0.526649 0.100460
v 0.640967 0.526649 -0.101691
v 0.513576 0.058705 -0.083813
v 0.513576 0.058705 0.082998
v 0.359502 0.195240 0.082998
v 0.359502 0.195240 -0.083813
v -1.460200 0.397315 0.036254
v -1.178937 0.397315 0.036254
v -1.178937 0.412321 0.000285
v -1.460200 0.412321 0.000285
v 0.754566 0.023149 -0.106884
v 0.754566 0.023149 0.106043
v 0.748933 0.037458 0.108521
v 0.748933 0.037458 -0.109337
v -0.126935 0.259390 0.082998
v -0.398025 0.187101 0.082998
v -0.398025 0.187101 -0.083813
v -0.126935 0.259390 -0.083813
v 0.014982 0.430064 0.034977
v 0.014982 0.653235 0.034977
v 0.014982 0.653235 0.056438
v 0.014982 0.430064 0.056438
v -0.115634 0.664576 0.033944
v -0.115634 0.664576 -0.034759
v -0.110496 0.651202 -0.034759
v -0.110496 0.651202 0.033944
v -0.104262 0.743799 -0.021177
v -0.089234 0.743799 -0.021177
v -0.089234 0.733476 -0.031384
v -0.104262 0.733476 -0.031384
v -1.698925 0.409166 0.047489
v -1.461700 0.409166 0.047489
v -1.461700 0.429072 0.000284
v -1.698925 0.429072 0.000284
v 0.627420 0.490401 0.113016
v 0.627420 0.490401 -0.113858
v 0.640967 0.496044 -0.111815
v 0.640967 0.496044 0.110973
v -1.116661 0.577981 0.056438
v -1.116661 0.577981 -0.057253
v -1.070844 0.647343 -0.057253
v -1.070844 0.647343 0.056438
v 0.783973 0.022152 -0.106708
v 0.783973 0.022152 0.105867
v 0.770418 0.016247 0.104645
v 0.770418 0.016247 -0.105462
v -1.161387 0.645014 -0.032506
v -1.161387 0.645014 0.031252
v -1.156503 0.657606 0.031252
v -1.156503 0.657606 -0.032506
v -1.069681 0.647963 -0.057253
v -0.137010 0.640820 -0.057253
v -0.137010 0.640820 0.056438
v -1.069681 0.647963 0.056438
v 0.882455 0.539631 -0.094167
v 0.600226 0.539631 -0.094167
v 0.600226 0.539631 0.092886
v 0.882455 0.539631 0.092886
v -0.380164 0.251016 -0.104672
v -0.365862 0.257150 -0.106394
v -0.351520 0.251016 -0.104672
v -0.345594 0.236156 -0.100765
v -0.351519 0.221295 -0.096839
v -0.365862 0.215166 -0.095138
v -0.380164 0.221295 -0.096839
v -0.386128 0.236156 -0.100765
v -1.155546 0.658609 -0.032506
v -1.155546 0.658609 0.031252
v -1.143839 0.663797 0.031252
v -1.143839 0.663797 -0.032506
v -0.001958 0.366884 -0.126150
v -0.126370 0.260395 -0.084878
v -0.412512 0.366884 -0.126150
v -0.386653 0.236852 -0.100178
v -0.386652 0.236852 0.099337
v -0.381030 0.250863 0.103034
v -0.381030 0.250863 -0.103851
v -0.095704 0.644686 0.033944
v -0.095704 0.644686 -0.034759
v -0.083281 0.650198 -0.034759
v -0.083281 0.650198 0.033944
v -1.135069 0.660644 0.031096
v -1.135069 0.707514 0.031096
v -1.150097 0.707514 0.031096
v -1.150097 0.660644 0.031096
v 0.065909 0.367925 0.136056
v 0.465273 0.367925 0.136056
v 0.465273 0.463271 0.086784
v 0.065909 0.463271 0.086784
v 0.891086 0.545598 0.101960
v 0.783328 0.545598 0.101960
v 0.850086 0.367030 0.157327
v 0.957847 0.367030 0.157327
v -1.130658 0.657745 0.032002
v -1.143153 0.663281 0.032002
v -1.155645 0.657745 0.032002
v -1.160854 0.644315 0.032002
v -1.155645 0.630889 0.032002
v -1.143153 0.625353 0.032002
v -1.130658 0.630889 0.032002
v -1.125493 0.644315 0.032002
v -0.097147 0.641260 0.032442
v -0.082006 0.647975 0.032442
v -0.075701 0.664263 0.032442
v -0.082006 0.680552 0.032442
v -0.097148 0.687271 0.032442
v -0.112332 0.680552 0.032442
v -0.118635 0.664263 0.032442
v -0.112332 0.647975 0.032442
v -1.235680 0.368252 -0.126082
v -1.219106 0.456914 -0.081303
v 0.513387 0.456914 -0.081303
v 0.513387 0.368252 -0.126083
v -0.160608 0.444824 -0.045424
v -0.160608 0.456833 -0.045424
v -0.731106 0.456833 -0.045424
v -0.731106 0.444824 -0.045424
v -1.698925 0.360100 0.068166
v -1.461700 0.360100 0.068165
v -1.461700 0.408181 0.048464
v -1.698925 0.408181 0.048464
v 0.883448 0.538921 0.093074
v 0.941844 0.368293 0.145727
v 0.941844 0.368293 -0.147009
v 0.883448 0.538921 -0.094355
v -1.519200 0.394182 0.033654
v -1.519200 0.408588 -0.000409
v -1.519200 0.394182 -0.034932
v -1.519200 0.359406 -0.049091
v -1.519200 0.324626 -0.034932
v -1.519200 0.310224 -0.000409
v -1.519200 0.324626 0.033654
v -1.519200 0.359406 0.048272
v -1.699675 0.395326 0.034800
v -1.699675 0.360156 0.049584
v -1.699675 0.360156 0.067332
v -1.699675 0.408304 0.047603
v -1.699675 0.428550 -0.000408
v -1.699675 0.408303 -0.048885
v -1.699675 0.359406 -0.068894
v -1.699675 0.310510 -0.048885
v -1.699675 0.290258 -0.000408
v -1.699675 0.310509 0.047603
v -1.699675 0.358656 0.067332
v -1.699675 0.358656 0.049584
v -1.699675 0.323482 0.034800
v -1.699675 0.308598 -0.000405
v -1.699675 0.323482 -0.036086
v -1.699675 0.359406 -0.050711
v -1.699675 0.395326 -0.036086
v -1.699675 0.410214 -0.000405
v -0.053356 0.744291 0.034977
v -1.162211 0.709831 0.034977
v -1.162211 0.709831 0.056438
v -0.053356 0.744291 0.056438
v -0.320020 -0.215478 0.078337
v -0.307261 -0.271585 0.078337
v -0.030578 -0.199447 0.078337
v -0.144350 0.299913 0.078337
v -0.394282 0.234736 0.078337
v -0.299830 -0.179946 0.078337
v -1.141710 0.662370 -0.034759
v -1.141710 0.662370 0.033477
v -1.131641 0.657895 0.033477
v -1.131641 0.657895 -0.034759
v -1.150847 0.690993 0.016815
v -1.150847 0.683836 -0.000407
v -1.150847 0.690989 -0.017621
v -1.150847 0.707514 -0.024742
v -1.150847 0.707514 -0.031600
v -1.150847 0.660644 -0.031600
v -1.150847 0.660644 0.030346
v -1.150847 0.707514 0.030346
v -1.150847 0.707514 0.023500
v -1.145970 0.675836 0.008937
v -1.145970 0.707136 -0.000525
v -1.145970 0.707136 -0.000317
v -1.145970 0.675836 -0.009753
v 0.600226 0.538914 0.093857
v 0.600226 0.368300 0.146506
v 0.941053 0.368300 0.146506
v 0.882661 0.538914 0.093857
v 0.782527 0.545612 -0.102456
v 0.849294 0.367016 -0.157367
v 0.849294 0.367016 0.156550
v 0.782527 0.545612 0.101175
v -1.698925 0.309649 -0.048769
v -1.461700 0.309649 -0.048769
v -1.461700 0.289734 -0.001099
v -1.698925 0.289734 -0.001099
v -1.461700 0.358712 0.068165
v -1.698925 0.358712 0.068166
v -1.698925 0.310632 0.048464
v -1.461700 0.310632 0.048464
v -0.159858 0.444824 0.043832
v -0.159858 0.456833 0.043832
v -0.159858 0.456833 -0.044674
v -0.159858 0.444824 -0.044674
v 0.908155 -0.006121 0.109530
v 0.800046 -0.010302 0.109530
v 0.800046 -0.010302 -0.110372
v 0.908155 -0.006121 -0.110372
v -0.622226 0.573525 -0.014956
v -0.602512 0.546917 -0.014956
v -0.602512 0.546917 0.013702
v -0.622226 0.573525 0.013702
v 0.304944 0.251919 0.105932
v 0.226239 0.251919 0.105932
v 0.226239 0.251919 -0.107214
v 0.304944 0.251919 -0.107214
v -1.140999 0.675086 0.009197
v -1.145220 0.675086 0.009197
v -1.145220 0.675086 -0.010012
v -1.140999 0.675086 -0.010012
v 0.799396 -0.009588 0.109618
v 0.849458 0.365571 0.156700
v 0.849458 0.365571 -0.157514
v 0.799396 -0.009588 -0.110459
v -0.029852 -0.199258 0.077587
v -0.029852 -0.199258 -0.078402
v -0.143624 0.300103 -0.078402
v -0.143624 0.300103 0.077587
v -0.307987 -0.271775 -0.078402
v -0.307987 -0.271775 0.077587
v -0.320650 -0.216092 0.077587
v -0.320651 -0.216092 -0.078402
v -1.178937 0.306492 0.000285
v -1.178937 0.321493 0.036254
v -1.460200 0.321493 0.036254
v -1.460200 0.306492 0.000285
v -1.698925 0.289736 0.000284
v -1.461700 0.289736 0.000284
v -1.461700 0.309647 0.047489
v -1.698925 0.309647 0.047489
v -0.345068 0.236853 0.099337
v -0.345068 0.236853 -0.100178
v -0.350654 0.250862 -0.103850
v -0.350653 0.250862 0.103034
v 0.466023 0.368009 0.135168
v 0.466023 0.368009 -0.136423
v 0.466023 0.463187 -0.087264
v 0.466023 0.463187 0.085983
v -1.698925 0.429074 -0.001099
v -1.461700 0.429074 -0.001099
v -1.461700 0.409164 -0.048769
v -1.698925 0.409164 -0.048769
v 0.305694 0.252669 -0.107382
v 0.305694 0.315970 -0.123641
v 0.305694 0.315970 0.122359
v 0.305694 0.252669 0.106100
v -1.460200 0.306489 -0.001100
v -1.460200 0.321496 -0.037507
v -1.178937 0.321496 -0.037507
v -1.178937 0.306489 -0.001100
v -1.460200 0.322477 -0.038483
v -1.460200 0.358711 -0.053217
v -1.178937 0.358711 -0.053217
v -1.178937 0.322477 -0.038483
v -0.508115 0.137245 -0.079152
v -1.166848 0.170519 -0.079152
v -1.163759 0.240508 -0.079152
v -0.470769 0.205501 -0.079152
v 0.941966 0.366843 -0.147152
v 0.941966 0.366843 0.145871
v 0.883072 0.006483 0.097483
v 0.883072 0.006483 -0.098299
v 0.908244 -0.005373 0.110375
v 0.958054 0.365570 0.157455
v 0.850214 0.365570 0.157456
v 0.800157 -0.009553 0.110374
v -1.519950 0.394063 0.034518
v -1.519950 0.360097 0.048795
v -1.698925 0.360097 0.048795
v -1.698925 0.394063 0.034518
v -0.088484 0.712867 -0.024942
v -0.088484 0.696528 -0.017901
v -0.088484 0.676509 -0.031161
v -0.088484 0.728929 -0.031161
v -1.460200 0.360101 -0.053216
v -1.460200 0.396331 -0.038483
v -1.178937 0.396331 -0.038483
v -1.178937 0.360101 -0.053216
v -0.089234 0.730139 0.015544
v -0.104262 0.730139 0.015544
v -0.104262 0.736479 0.000286
v -0.089234 0.736479 0.000286
v -0.089234 0.732193 -0.031911
v -0.089234 0.674769 -0.031911
v -0.104262 0.674769 -0.031911
v -0.104262 0.732193 -0.031911
v -0.563707 0.482564 -0.025030
v -0.563707 0.482564 0.024188
v -0.563707 0.439064 0.034648
v -0.563707 0.439064 -0.035464
v -1.135069 0.707514 -0.032350
v -1.135069 0.660644 -0.032350
v -1.150097 0.660644 -0.032350
v -1.150097 0.707514 -0.032350
v -1.125493 0.644315 -0.033256
v -1.130658 0.630889 -0.033256
v -1.143153 0.625353 -0.033256
v -1.155645 0.630889 -0.033256
v -1.160854 0.644315 -0.033256
v -1.155645 0.657745 -0.033256
v -1.143153 0.663281 -0.033256
v -1.130658 0.657745 -0.033256
v -0.030411 -0.200178 0.077587
v -0.307095 -0.272317 0.077587
v -0.307095 -0.272317 -0.078402
v -0.030411 -0.200178 -0.078402
v -0.731106 0.444824 0.044582
v -0.731106 0.456833 0.044582
v -0.160608 0.456833 0.044582
v -0.160608 0.444824 0.044582
v -1.698925 0.358712 -0.069420
v -1.461700 0.358712 -0.069420
v -1.461700 0.310632 -0.049745
v -1.698925 0.310632 -0.049745
v 0.784934 0.053163 -0.112028
v 0.784934 0.053163 0.111214
v 0.790530 0.038854 0.108761
v 0.790530 0.038854 -0.109576
v -1.140249 0.707136 -0.000525
v -1.140249 0.675836 0.008937
v -1.140249 0.675836 -0.009753
v -1.140249 0.707136 -0.000317
v -0.626869 0.483928 0.023832
v -0.602495 0.518700 0.013858
v -0.602495 0.518700 -0.015106
v -0.626869 0.483928 -0.024683
v -0.686821 0.483314 0.024029
v -0.628049 0.483314 0.024029
v -0.628049 0.483314 -0.024871
v -0.686821 0.483314 -0.024871
v -1.698925 0.408181 -0.049745
v -1.461700 0.408181 -0.049745
v -1.461700 0.360100 -0.069420
v -1.698925 0.360100 -0.069420
v -0.135795 0.640226 0.056438
v -0.135795 0.640226 -0.057253
v -0.090460 0.582902 -0.057253
v -0.090460 0.582902 0.056438
v -0.722811 0.440383 0.035384
v -0.690101 0.481319 0.025540
v -0.722811 0.466132 0.035384
v -0.723529 0.439064 0.034850
v -0.723529 0.465869 0.034850
v -0.723529 0.465869 -0.035665
v -0.723529 0.439064 -0.035665
v -0.622159 0.574695 0.014452
v -0.601315 0.546562 0.014452
v -0.601315 0.520064 0.014452
v -0.573198 0.520064 0.014452
v -0.589583 0.563890 0.014452
v -0.618166 0.591109 0.014452
v -0.640610 0.593262 0.014452
v -0.640717 0.585764 0.014452
v -1.698925 0.323762 0.033536
v -1.519950 0.323762 0.033536
v -1.519950 0.309703 0.000284
v -1.698925 0.309703 0.000284
v -0.690101 0.481319 -0.026381
v -0.722811 0.440384 -0.036199
v -0.722811 0.466132 -0.036199
v 0.358249 0.195447 -0.083813
v 0.358249 0.195447 0.082998
v 0.147025 0.106873 0.082998
v 0.147025 0.106873 -0.083813
v -1.460950 0.321208 0.037519
v -1.460950 0.358656 0.053183
v -1.460950 0.358656 0.067331
v -1.460950 0.310509 0.047603
v -1.460950 0.290258 -0.000408
v -1.460950 0.310510 -0.048885
v -1.460950 0.359406 -0.068894
v -1.460950 0.408303 -0.048885
v -1.460950 0.428550 -0.000408
v -1.460950 0.408304 0.047603
v -1.460950 0.360156 0.067331
v -1.460950 0.360156 0.053183
v -1.460950 0.397600 0.037519
v -1.460950 0.413422 -0.000405
v -1.460950 0.397600 -0.038776
v -1.460950 0.359406 -0.054309
v -1.460950 0.321208 -0.038776
v -1.460950 0.305391 -0.000405
v -0.622159 0.574695 -0.015706
v -0.640717 0.585764 -0.015706
v -0.640610 0.593262 -0.015706
v -0.618166 0.591109 -0.015706
v -0.589583 0.563890 -0.015706
v -0.573198 0.520064 -0.015706
v -0.601315 0.520064 -0.015706
v -0.601315 0.546562 -0.015706
v -0.104262 0.744332 0.018645
v -0.089234 0.744332 0.018645
v -0.089234 0.744332 -0.019900
v -0.104262 0.744332 -0.019900
v -0.089234 0.696164 -0.016359
v -0.104262 0.696164 -0.016359
v -0.104262 0.689823 -0.001100
v -0.089234 0.689823 -0.001100
v -0.077145 0.665975 0.033944
v -0.077145 0.665975 -0.034759
v -0.082324 0.679346 -0.034759
v -0.082324 0.679346 0.033944
v -0.082324 0.651201 0.033944
v -0.082324 0.651201 -0.034759
v -0.077145 0.664577 -0.034759
v -0.077145 0.664577 0.033944
v 0.598858 0.000073 -0.098093
v 0.598858 0.000073 0.097278
v 0.514755 0.057784 0.083095
v 0.514755 0.057784 -0.083910
v -0.351622 0.251854 -0.104134
v -0.365172 0.257645 -0.105780
v -0.365172 0.257645 0.104938
v -0.351621 0.251854 0.103318
v -1.135069 0.708264 0.023744
v -1.150097 0.708264 0.023744
v -1.150097 0.708264 0.030346
v -1.135069 0.708264 0.030346
v -1.135069 0.684936 0.000286
v -1.150097 0.684936 0.000286
v -1.150097 0.691277 0.015544
v -1.135069 0.691277 0.015544
v 0.770418 0.060064 -0.113438
v 0.770418 0.060064 0.112206
v 0.783973 0.054160 0.111384
v 0.783973 0.054160 -0.112216
v -1.140999 0.707168 -0.001091
v -1.140999 0.675804 -0.010546
v -1.145220 0.675804 -0.010546
v -1.145220 0.707168 -0.001091
v 0.612531 0.526650 -0.101691
v 0.612531 0.526650 0.100460
v 0.626036 0.532291 0.098816
v 0.626036 0.532291 -0.099648
v -0.097076 0.685862 0.033944
v -0.097076 0.685862 -0.034759
v -0.109541 0.680348 -0.034759
v -0.109541 0.680348 0.033944
v -1.135069 0.691277 -0.016359
v -1.150097 0.691277 -0.016359
v -1.150097 0.684936 -0.001100
v -1.135069 0.684936 -0.001100
v 0.755528 0.054161 -0.112217
v 0.755528 0.054161 0.111384
v 0.769043 0.060063 0.112206
v 0.769043 0.060063 -0.113438
v -1.698925 0.309700 -0.001099
v -1.519950 0.309700 -0.001099
v -1.519950 0.323765 -0.034817
v -1.698925 0.323765 -0.034817
v -1.158358 0.646026 -0.034759
v -1.158358 0.646026 0.033477
v -1.154148 0.656891 0.033477
v -1.154148 0.656891 -0.034759
v -1.162211 0.709831 -0.035819
v -0.053356 0.744291 -0.035819
v -0.053356 0.744291 -0.057253
v -1.162211 0.709831 -0.057253
v 0.626728 0.531795 0.099715
v 0.612425 0.525840 0.101513
v 0.606463 0.511341 0.106656
v 0.612425 0.496868 0.111463
v 0.626728 0.490884 0.113599
v 0.641072 0.496868 0.111463
v 0.646997 0.511341 0.106656
v 0.641073 0.525839 0.101513
v -0.380164 0.251016 0.103853
v -0.386127 0.236156 0.099927
v -0.380164 0.221295 0.096021
v -0.365862 0.215165 0.094299
v -0.351519 0.221296 0.096021
v -0.345594 0.236156 0.099927
v -0.351519 0.251016 0.103853
v -0.365862 0.257150 0.105554
v 0.514863 0.058591 0.083990
v 0.598750 0.001029 0.098134
v 0.598748 0.366839 0.146448
v 0.514865 0.366839 0.125658
v 0.626728 0.531809 -0.100580
v 0.641072 0.525825 -0.102718
v 0.646996 0.511348 -0.107522
v 0.641072 0.496868 -0.112305
v 0.626728 0.490884 -0.114441
v 0.612425 0.496868 -0.112305
v 0.606464 0.511348 -0.107522
v 0.612425 0.525825 -0.102718
v 0.058210 0.223974 -0.100924
v 0.058210 0.223974 0.099642
v 0.000608 0.259192 0.099642
v 0.000608 0.259192 -0.100924
v 0.783014 0.546314 0.100988
v 0.890865 0.546314 0.100988
v 0.890865 0.546314 -0.102270
v 0.783014 0.546314 -0.102270
v -1.153191 0.657894 -0.034759
v -1.153191 0.657894 0.033477
v -1.143081 0.662371 0.033477
v -1.143081 0.662371 -0.034759
v -1.131642 0.632756 -0.034759
v -1.131642 0.632756 0.033477
v -1.141710 0.628284 0.033477
v -1.141710 0.628284 -0.034759
v -0.602065 0.545564 -0.014956
v -0.602065 0.520064 -0.014956
v -0.602065 0.520064 0.013702
v -0.602065 0.545564 0.013702
v -0.089234 0.712462 -0.023951
v -0.104262 0.712462 -0.023951
v -0.104262 0.697141 -0.017349
v -0.089234 0.697141 -0.017349
v -1.142467 0.663797 -0.032506
v -1.142467 0.663797 0.031252
v -1.130756 0.658609 0.031252
v -1.130756 0.658609 -0.032506
v -0.731106 0.444074 -0.044674
v -0.731106 0.444074 0.043832
v -0.160608 0.444074 0.043832
v -0.160608 0.444074 -0.044674
v 0.014232 0.429314 0.056438
v -0.089245 0.429314 0.056438
v -0.089245 0.429314 -0.057253
v 0.014232 0.429314 -0.057253
v 0.014232 0.429314 -0.035819
v -0.017606 0.429314 -0.035819
v -0.017606 0.429314 0.034977
v 0.014232 0.429314 0.034977
v -0.097834 0.687787 0.031692
v -0.097834 0.687787 -0.032506
v -0.112233 0.681415 -0.032506
v -0.112233 0.681415 0.031692
v -1.135069 0.707575 -0.023951
v -1.150097 0.707575 -0.023951
v -1.150097 0.692254 -0.017349
v -1.135069 0.692254 -0.017349
v -1.154148 0.633759 -0.034759
v -1.154148 0.633759 0.033477
v -1.158358 0.644628 0.033477
v -1.158358 0.644628 -0.034759
v -1.698925 0.358711 -0.049618
v -1.698925 0.324749 -0.035792
v -1.519950 0.324749 -0.035792
v -1.519950 0.358711 -0.049618
v -1.460200 0.396334 0.037235
v -1.460200 0.360098 0.052395
v -1.178937 0.360098 0.052395
v -1.178937 0.396334 0.037235
v -0.113190 0.680413 0.031692
v -0.113190 0.680413 -0.032506
v -0.119168 0.664962 -0.032506
v -0.119168 0.664962 0.031692
v -1.117824 0.454014 -0.057253
v -1.117824 0.454014 0.056438
v -1.212179 0.454014 0.056438
v -1.212179 0.454014 -0.057253
v 0.784073 0.023005 -0.107602
v 0.769730 0.016751 -0.106321
v 0.755428 0.023005 -0.107602
v 0.749462 0.038156 -0.110216
v 0.755428 0.053307 -0.112827
v 0.769730 0.059559 -0.114087
v 0.784073 0.053307 -0.112827
v 0.789999 0.038156 -0.110216
v -0.517231 0.120078 0.039020
v -0.517231 0.120078 -0.039835
v -0.507470 0.136882 -0.078402
v -0.469897 0.205532 -0.078402
v -0.469897 0.205532 0.077587
v -0.507470 0.136882 0.077587
v 0.600226 -0.000335 0.097390
v 0.600226 -0.000335 -0.098205
v 0.882201 0.005727 -0.098205
v 0.882201 0.005727 0.097390
v 0.598749 0.366839 -0.147726
v 0.598750 0.001029 -0.098950
v 0.514863 0.058591 -0.084805
v 0.514865 0.366839 -0.126504
v -0.089234 0.729162 -0.017349
v -0.104262 0.729162 -0.017349
v -0.104262 0.713840 -0.023951
v -0.089234 0.713840 -0.023951
vn -0.7243 0.1211 0.6787
vn -0.7243 0.1211 -0.6787
vn 0.0001 0.8834 -0.4687
vn 0.0001 0.8834 0.4687
vn -0.0000 -0.9015 0.4329
vn -0.0000 -0.9015 -0.4329
vn 0.8267 -0.1332 -0.5467
vn 0.7444 0.6479 -0.1618
vn -0.3706 -0.8732 -0.3164
vn 0.8265 -0.1334 0.5470
vn 0.7444 0.6478 0.1620
vn -0.3704 -0.8733 0.3165
vn 0.7071 -0.0000 0.7071
vn 0.7071 -0.0000 -0.7071
vn 0.4083 -0.8165 -0.4082
vn 0.4083 -0.8165 0.4082
vn 0.4083 0.8165 0.4083
vn 0.4083 0.8165 -0.4083
vn -0.7071 -0.0000 -0.7071
vn -0.4083 -0.8165 -0.4082
vn -0.4083 0.8165 -0.4083
vn -0.7071 -0.0000 0.7071
vn -0.4083 -0.8165 0.4082
vn -0.4083 0.8165 0.4083
vn -0.2253 -0.3300 -0.9167
vn -0.0916 -0.8204 0.5644
vn 0.6807 -0.7111 0.1762
vn 0.6806 -0.7111 -0.1763
vn -0.8951 0.3070 -0.3232
vn -0.8951 0.3071 0.3232
vn 0.1055 0.7217 0.6841
vn 0.8859 -0.0001 0.4639
vn -0.9016 0.0001 0.4325
vn 0.1055 0.7217 -0.6841
vn 0.8859 -0.0000 -0.4639
vn -0.9016 0.0001 -0.4325
vn -0.0000 0.5200 -0.8541
vn -0.0000 -0.8541 -0.5201
vn 0.7604 -0.5547 -0.3378
vn 0.8872 0.2399 -0.3941
vn -0.8872 0.2399 -0.3941
vn -0.7604 -0.5547 -0.3378
vn -0.0000 -0.8541 0.5202
vn 0.7604 -0.5547 0.3378
vn -0.7604 -0.5547 0.3378
vn -0.0000 0.5201 0.8541
vn 0.8872 0.2400 0.3941
vn -0.8872 0.2400 0.3941
vn -0.3122 0.6560 -0.6872
vn -0.3176 0.6574 0.6833
vn -0.8423 -0.2785 0.4615
vn -0.8424 -0.2784 -0.4615
vn 0.8555 0.2807 -0.4351
vn 0.8554 0.2810 0.4350
vn 0.3154 -0.8116 0.4918
vn -0.4762 -0.8700 0.1282
vn 0.7271 0.6165 0.3020
vn 0.3154 -0.8115 -0.4920
vn -0.4761 -0.8700 -0.1283
vn 0.7272 0.6163 -0.3021
vn 0.0102 0.7073 -0.7069
vn -0.0099 -0.7070 -0.7071
vn 0.8107 -0.4199 -0.4081
vn 0.8222 0.3965 -0.4084
vn -0.8104 0.4201 -0.4083
vn -0.8224 -0.3963 -0.4082
vn -0.0102 -0.7070 0.7071
vn 0.8105 -0.4199 0.4083
vn -0.8223 -0.3965 0.4082
vn 0.0106 0.7070 0.7071
vn 0.8222 0.3965 0.4084
vn -0.8104 0.4201 0.4083
vn 0.3902 0.2671 0.8811
vn 0.8264 0.1281 -0.5483
vn 0.7496 -0.6370 -0.1797
vn 0.7499 -0.6367 0.1796
vn -0.2779 0.9030 0.3276
vn -0.2785 0.9028 -0.3276
vn -0.6436 -0.4947 -0.5841
vn -0.0155 -0.9846 -0.1740
vn -0.3571 0.8786 -0.3171
vn -0.6434 -0.4945 0.5844
vn -0.0152 -0.9846 0.1740
vn -0.3565 0.8789 0.3170
vn -0.7021 0.6824 -0.2033
vn -0.7071 -0.6792 0.1965
vn -0.4114 -0.6255 -0.6629
vn -0.4045 0.1550 -0.9013
vn -0.4073 0.6226 0.6682
vn -0.4084 -0.1598 0.8987
vn 0.7071 -0.6793 0.1964
vn 0.4115 -0.6255 -0.6629
vn 0.4084 -0.1599 0.8987
vn 0.7071 0.6756 -0.2088
vn 0.4044 0.1550 -0.9014
vn 0.4073 0.6225 0.6683
vn 0.0427 0.9770 0.2089
vn 0.0427 0.9770 -0.2089
vn 0.7441 0.6519 -0.1460
vn 0.7441 0.6519 0.1460
vn -0.6844 0.7143 0.1462
vn -0.6844 0.7143 -0.1462
vn 0.0238 0.5433 -0.8392
vn 0.7807 0.3156 -0.5394
vn -0.7499 0.3828 -0.5396
vn -0.0310 -0.7064 -0.7071
vn 0.7978 -0.4438 -0.4082
vn -0.8337 -0.3719 -0.4083
vn -0.0310 -0.7064 0.7071
vn 0.7978 -0.4438 0.4082
vn -0.8337 -0.3719 0.4083
vn 0.0238 0.5433 0.8392
vn 0.7807 0.3156 0.5394
vn -0.7499 0.3828 0.5396
vn -0.5688 -0.7887 -0.2332
vn -0.7764 0.5471 0.3129
vn -0.2785 0.0605 0.9585
vn -0.3512 -0.7203 0.5982
vn -0.3690 -0.2643 -0.8910
vn -0.3644 0.3636 -0.8573
vn 0.5477 0.7560 0.3584
vn 0.2616 0.2443 0.9337
vn 0.3388 0.5717 -0.7472
vn 0.8154 -0.5501 -0.1802
vn 0.4107 -0.5299 0.7419
vn 0.3965 -0.0151 -0.9179
vn -0.3161 0.6613 0.6803
vn 0.3157 -0.8124 0.4903
vn -0.4764 -0.8700 0.1273
vn -0.8425 -0.2780 0.4613
vn 0.8557 0.2802 0.4351
vn 0.7262 0.6178 0.3016
vn 0.3157 -0.8125 -0.4901
vn -0.4765 -0.8699 -0.1272
vn 0.7261 0.6179 -0.3016
vn -0.3180 0.6574 -0.6831
vn -0.8425 -0.2781 -0.4613
vn 0.8557 0.2802 -0.4351
vn -0.1063 -0.7217 0.6840
vn -0.1063 -0.7217 -0.6840
vn -0.8856 -0.0000 -0.4644
vn -0.8856 -0.0000 0.4644
vn 0.9015 -0.0000 0.4327
vn 0.9015 -0.0000 -0.4327
vn 0.0945 0.8188 -0.5662
vn -0.6783 0.7130 -0.1776
vn 0.8951 -0.3067 -0.3238
vn 0.0946 0.8186 0.5665
vn -0.6782 0.7131 0.1778
vn 0.8951 -0.3064 0.3239
vn 0.3678 -0.0616 0.9279
vn 0.6573 -0.5306 -0.5352
vn 0.0173 -0.9879 -0.1539
vn 0.0172 -0.9879 0.1538
vn 0.3835 0.8688 0.3132
vn 0.3837 0.8687 -0.3132
vn -0.8262 0.1334 -0.5473
vn -0.7446 -0.6476 -0.1620
vn 0.3704 0.8733 -0.3166
vn -0.8261 0.1335 0.5474
vn -0.7446 -0.6475 0.1622
vn 0.3703 0.8733 0.3166
vn -0.0000 -1.0000 -0.0000
vn -0.0000 -0.7038 0.7104
vn -0.7350 -0.4772 0.4817
vn -0.7347 -0.6784 -0.0000
vn 0.7347 -0.6784 -0.0000
vn 0.7350 -0.4772 0.4817
vn -0.0000 -0.8292 0.5590
vn -0.7698 -0.5292 0.3568
vn 0.7698 -0.5293 0.3568
vn -0.0000 -0.7071 -0.7071
vn -0.8165 -0.4082 -0.4082
vn 0.8165 -0.4082 -0.4082
vn 0.0001 0.7071 -0.7071
vn -0.8165 0.4083 -0.4082
vn 0.8165 0.4082 -0.4082
vn 0.0001 0.7071 0.7071
vn -0.8165 0.4083 0.4082
vn 0.8165 0.4082 0.4082
vn -0.0000 -0.7071 0.7071
vn -0.8165 -0.4082 0.4082
vn 0.8165 -0.4082 0.4082
vn -0.0000 -0.8354 -0.5497
vn -0.7675 -0.5356 -0.3524
vn 0.7675 -0.5355 -0.3524
vn -0.0000 -0.7117 -0.7025
vn -0.7335 -0.4838 -0.4775
vn 0.7335 -0.4837 -0.4775
vn -0.3486 0.8273 0.4404
vn -0.5533 -0.6610 -0.5069
vn -0.1672 -0.0415 -0.9850
vn -0.1717 0.7308 -0.6606
vn -0.3209 -0.3377 0.8848
vn -0.3191 -0.3852 0.8659
vn 0.5540 -0.6610 -0.5061
vn 0.1678 -0.0419 -0.9849
vn 0.3193 -0.3858 0.8656
vn 0.5588 0.8211 0.1160
vn 0.1712 0.7307 -0.6609
vn 0.3208 -0.3384 0.8847
vn -0.4225 0.0768 0.9031
vn -0.6740 0.5372 -0.5070
vn -0.0455 0.9883 -0.1452
vn -0.0453 0.9883 0.1454
vn -0.4120 -0.8556 0.3134
vn -0.4125 -0.8554 -0.3134
vn 0.8276 -0.1296 -0.5461
vn 0.7238 0.6740 -0.1478
vn -0.4290 -0.8506 -0.3042
vn 0.8279 -0.1295 0.5458
vn 0.7240 0.6738 0.1478
vn -0.4285 -0.8508 0.3043
vn -0.2360 -0.1963 0.9517
vn -0.8284 -0.1288 -0.5452
vn -0.7231 0.6748 -0.1472
vn -0.7233 0.6747 0.1471
vn 0.4286 -0.8508 0.3041
vn 0.4291 -0.8506 -0.3040
vn 0.6743 0.5360 -0.5079
vn 0.0467 0.9882 -0.1458
vn 0.4126 -0.8552 -0.3136
vn 0.6742 0.5357 0.5084
vn 0.0465 0.9882 0.1460
vn 0.4122 -0.8554 0.3137
vn -0.1512 0.9717 0.1813
vn -0.3940 -0.3798 0.8370
vn 0.0264 -0.2055 -0.9783
vn -0.0897 0.8065 -0.5844
vn -0.1221 0.5370 0.8347
vn -0.0863 0.2821 0.9555
vn 0.3936 -0.3807 0.8368
vn -0.0261 -0.2046 -0.9785
vn 0.0863 0.2812 0.9558
vn 0.1532 0.9722 0.1773
vn 0.0893 0.8056 -0.5857
vn 0.1221 0.5354 0.8357
vn -0.3296 0.0431 0.9431
vn -0.6394 0.4787 -0.6016
vn -0.0206 0.9831 -0.1819
vn -0.0206 0.9831 0.1819
vn -0.3502 -0.8806 0.3193
vn -0.3502 -0.8806 -0.3193
vn 0.8275 -0.1238 -0.5477
vn 0.7476 0.6380 -0.1847
vn -0.2478 -0.9109 -0.3300
vn 0.8275 -0.1238 0.5477
vn 0.7475 0.6380 0.1847
vn -0.2478 -0.9109 0.3300
vn 0.2269 0.3317 -0.9157
vn 0.0942 0.8188 0.5663
vn -0.6785 0.7128 0.1776
vn -0.6785 0.7128 -0.1776
vn 0.8951 -0.3065 -0.3238
vn 0.8951 -0.3065 0.3238
vn -0.1062 -0.7217 0.6841
vn -0.1062 -0.7217 -0.6841
vn -0.8857 -0.0000 -0.4643
vn -0.7237 -0.6901 -0.0005
vn -1.0000 -0.0000 -0.0000
vn -0.6820 -0.0000 0.7313
vn -0.4913 -0.4685 0.7343
vn -0.4912 -0.4676 -0.7348
vn -0.6820 -0.0000 -0.7313
vn -0.7239 0.6899 -0.0000
vn -0.4913 0.4682 0.7344
vn -0.4913 0.4682 -0.7344
vn -0.0005 1.0000 -0.0000
vn -0.0003 0.6748 0.7380
vn -0.0003 0.6748 -0.7380
vn 0.7236 0.6902 -0.0000
vn 0.4910 0.4684 0.7345
vn 0.4910 0.4684 -0.7345
vn 1.0000 -0.0000 -0.0000
vn 0.6820 -0.0000 0.7313
vn 0.6820 -0.0000 -0.7313
vn 0.7237 -0.6902 -0.0004
vn 0.4912 -0.4686 0.7342
vn 0.4910 -0.4681 -0.7347
vn -0.0005 -1.0000 0.0026
vn -0.0003 -0.6732 0.7394
vn -0.0003 -0.6720 -0.7405
vn -0.0000 0.4732 0.8810
vn -0.0000 0.7071 -0.7071
vn 0.8165 0.4083 -0.4082
vn 0.9353 0.2281 0.2705
vn -0.9353 0.2281 0.2705
vn -0.8165 0.4082 -0.4082
vn -0.0000 -0.3889 -0.9213
vn 0.7355 -0.2635 -0.6242
vn -0.7355 -0.2635 -0.6242
vn -0.0000 -0.9264 -0.3764
vn 0.7336 -0.6296 -0.2558
vn -0.7336 -0.6296 -0.2558
vn -0.0000 -0.9228 0.3853
vn 0.7349 -0.6258 0.2613
vn -0.7349 -0.6258 0.2613
vn -0.0000 -0.2037 0.9790
vn 0.8200 -0.1417 0.5546
vn -0.8200 -0.1417 0.5546
vn -0.0000 0.9998 0.0187
vn 0.8119 -0.1544 -0.5631
vn -0.8119 -0.1544 -0.5631
vn -0.0000 0.7117 -0.7025
vn 0.7335 0.4838 -0.4775
vn -0.7335 0.4838 -0.4775
vn -0.0000 1.0000 -0.0000
vn 0.7347 0.6784 -0.0000
vn -0.7347 0.6784 -0.0000
vn -0.0000 0.7038 0.7104
vn 0.7350 0.4772 0.4817
vn -0.7350 0.4772 0.4817
vn -0.0000 -0.0000 1.0000
vn 0.7334 -0.0000 0.6798
vn -0.7334 -0.0000 0.6798
vn -0.0000 -0.9565 0.2917
vn 0.9040 -0.2714 -0.3303
vn -0.9040 -0.2714 -0.3303
vn -0.7094 -0.1722 0.6834
vn 0.7145 -0.0000 0.6997
vn -0.0000 -0.8972 0.4417
vn 0.3934 -0.8095 0.4359
vn -0.3063 0.8283 0.4691
vn -0.0000 0.8972 0.4417
vn -0.0000 -0.8944 -0.4472
vn -0.0000 0.8944 -0.4472
vn 0.4083 0.8165 -0.4082
vn 0.4083 -0.8165 0.4083
vn -0.4082 -0.8165 0.4082
vn -0.4082 0.8165 0.4082
vn -0.7323 -0.0000 0.6810
vn -0.1704 -0.9104 -0.3771
vn -0.1704 0.9104 -0.3771
vn 0.6810 -0.0000 0.7323
vn 0.3705 -0.8398 0.3968
vn 0.3705 0.8398 0.3968
vn 0.7145 -0.0000 -0.6997
vn 0.4069 -0.8219 -0.3985
vn 0.4069 0.8219 -0.3985
vn -0.7023 -0.1805 -0.6887
vn 0.3919 -0.8101 -0.4361
vn -0.3075 0.8278 -0.4692
vn 0.5846 0.7897 -0.1860
vn 0.8163 -0.5485 0.1811
vn 0.4176 -0.0008 0.9086
vn 0.3795 0.6813 0.6259
vn 0.3776 0.3006 -0.8758
vn 0.3921 -0.5460 -0.7404
vn -0.1972 -0.9361 0.2912
vn -0.1223 -0.3780 0.9177
vn -0.0738 -0.8351 -0.5452
vn -0.9930 0.0511 0.1068
vn -0.0733 0.6981 0.7123
vn -0.0723 0.2103 -0.9750
vn -0.0993 0.9775 -0.1860
vn -0.0935 0.8184 0.5670
vn -0.0441 0.5321 -0.8455
vn -0.7446 -0.6329 -0.2124
vn 0.9803 -0.1826 -0.0756
vn -0.1223 -0.3774 -0.9179
vn -0.0925 0.0198 -0.9955
vn -0.1085 -0.5876 0.8018
vn -0.0738 -0.8354 0.5446
vn -0.6257 0.7418 0.2412
vn -0.0030 0.6764 -0.7365
vn 0.0463 0.1126 0.9926
vn -0.9368 0.3481 0.0348
vn 0.4094 -0.8562 -0.3150
vn 0.2126 0.5152 -0.8303
vn 0.1150 0.0773 0.9904
vn 0.6309 0.7259 0.2739
vn -0.2813 -0.9401 -0.1928
vn 0.9614 0.2538 0.1067
vn 0.1255 -0.1379 -0.9825
vn 0.0115 -0.5077 0.8615
vn -0.4936 0.8624 0.1120
vn 0.5478 0.3219 -0.7722
vn 0.4290 0.0783 0.8999
vn -0.2639 0.7097 0.6533
vn -0.2621 0.7102 -0.6534
vn 0.6002 0.6964 -0.3934
vn 0.5993 0.6974 0.3931
vn -0.9113 0.1500 0.3834
vn -0.9113 0.1488 -0.3839
vn 0.6315 -0.3340 -0.6997
vn 0.8002 0.0301 -0.5990
vn -0.4427 -0.8000 -0.4049
vn 0.6310 -0.3328 0.7008
vn 0.8002 0.0320 0.5989
vn -0.4441 -0.7991 0.4052
vn 0.6773 -0.7281 -0.1058
vn 0.9855 0.1663 0.0346
vn 0.5757 0.8138 0.0794
vn 0.4103 0.5987 -0.6879
vn 0.3236 0.4308 0.8425
vn -0.2178 0.9604 0.1740
vn -0.1751 0.7948 -0.5810
vn -0.1052 0.5997 0.7933
vn -0.5817 0.8011 0.1410
vn -0.0415 0.5966 -0.8015
vn -0.0644 0.2579 0.9640
vn -0.9098 -0.4093 -0.0692
vn 0.2494 -0.1882 -0.9499
vn -0.0383 -0.4967 0.8671
vn -0.2795 0.4528 0.8467
vn -0.1096 0.8543 -0.5081
vn 0.6425 0.7484 -0.1645
vn 0.6424 0.7486 0.1642
vn -0.9227 -0.2119 0.3221
vn -0.9226 -0.2122 -0.3223
vn 0.4660 -0.6590 -0.5903
vn 0.9872 -0.0160 -0.1584
vn -0.9149 -0.2682 -0.3018
vn 0.4657 -0.6590 0.5906
vn 0.9872 -0.0157 0.1584
vn -0.9150 -0.2678 0.3016
vn -0.3582 -0.9018 -0.2416
vn 0.9943 0.0516 0.0930
vn -0.4055 0.9137 0.0260
vn 0.5398 0.4492 -0.7120
vn 0.2386 0.2187 0.9462
vn 0.4693 -0.8652 -0.1765
vn -0.6229 -0.7716 -0.1288
vn -0.4109 -0.3175 0.8546
vn 0.4013 -0.3255 0.8561
vn 0.4087 -0.0590 -0.9108
vn -0.4431 -0.0635 -0.8942
vn -0.9930 -0.1176 0.0144
vn -0.6694 -0.2594 0.6961
vn -0.7194 0.0979 -0.6877
vn -0.7070 0.6756 0.2090
vn -0.3806 0.1874 0.9055
vn -0.4064 0.5741 -0.7108
vn 0.8868 0.3904 0.2474
vn 0.2135 -0.0023 0.9769
vn 0.2784 0.4182 -0.8646
vn 0.4386 -0.8828 -0.1680
vn 0.1978 -0.6808 0.7053
vn 0.2497 -0.3526 -0.9018
vn 0.4475 -0.8673 -0.2181
vn 0.2929 -0.7625 0.5769
vn 0.3359 -0.3892 -0.8577
vn 0.7049 -0.7076 -0.0500
vn 0.6996 0.7013 0.1368
vn 0.2700 0.5318 -0.8026
vn 0.1199 -0.3333 -0.9352
vn -0.0995 -0.5600 0.8225
vn 0.0712 0.2858 0.9556
vn -0.6566 0.7478 0.0984
vn -0.4000 0.5608 -0.7249
vn -0.3990 0.3488 0.8480
vn -0.7628 -0.6412 -0.0837
vn -0.4154 -0.2375 -0.8781
vn -0.4145 -0.4608 0.7847
vn 0.7650 0.5798 -0.2804
vn -0.6892 0.5589 -0.4611
vn 0.2186 -0.0578 -0.9741
vn 0.4148 -0.0598 -0.9080
vn 0.4126 0.6854 0.6000
vn -0.1413 0.7552 0.6400
vn -0.7069 -0.6702 0.2260
vn 0.2745 -0.6175 -0.7372
vn -0.0989 0.1016 0.9899
vn 0.6481 -0.6845 0.3339
vn 0.3910 -0.7655 -0.5110
vn 0.3926 -0.0607 0.9177
vn -0.9114 0.3007 -0.2811
vn 0.8252 -0.1328 -0.5491
vn 0.7317 0.6642 -0.1530
vn -0.0339 0.9887 -0.1457
vn -0.4044 -0.8594 -0.3127
vn -0.4150 -0.8560 -0.3082
vn 0.8248 -0.1329 0.5496
vn 0.7316 0.6643 0.1532
vn -0.4154 -0.8558 0.3082
vn -0.6685 0.5404 0.5109
vn -0.0342 0.9888 0.1455
vn -0.4049 -0.8592 0.3127
vn -0.0000 0.7110 0.7032
vn -0.1264 -0.7054 0.6974
vn -0.8622 0.2618 0.4337
vn -0.8194 0.4076 0.4031
vn 0.8194 0.4076 0.4031
vn 0.8504 -0.2580 0.4585
vn -0.1264 -0.7054 -0.6974
vn -0.8622 0.2618 -0.4337
vn 0.8504 -0.2580 -0.4585
vn -0.0000 0.7110 -0.7032
vn -0.8194 0.4076 -0.4031
vn 0.8194 0.4076 -0.4031
vn -0.7095 -0.6822 -0.1767
vn 0.7071 -0.6837 -0.1805
vn 0.4101 -0.1917 -0.8917
vn -0.4100 -0.1917 -0.8917
vn -0.4084 -0.6008 0.6872
vn 0.4084 -0.6008 0.6872
vn 0.7071 0.6854 0.1740
vn 0.4065 0.5991 -0.6898
vn 0.4078 0.1893 0.8932
vn -0.7071 0.6854 0.1739
vn -0.4064 0.5991 -0.6898
vn -0.4078 0.1893 0.8932
vn -0.3977 0.8001 -0.4491
vn 0.5087 -0.6964 -0.5063
vn 0.9794 -0.1024 -0.1738
vn 0.7028 0.6939 -0.1569
vn -0.8337 -0.4648 -0.2982
vn -0.7798 -0.5353 -0.3246
vn 0.5087 -0.6964 0.5062
vn 0.9794 -0.1024 0.1738
vn -0.7798 -0.5353 0.3246
vn -0.1298 0.7861 0.6043
vn 0.7028 0.6939 0.1570
vn -0.8337 -0.4647 0.2982
vn -0.0000 0.7177 0.6963
vn -0.2409 -0.8381 0.4894
vn -0.9019 -0.4112 0.1323
vn -0.8243 0.4064 0.3942
vn 0.8243 0.4064 0.3942
vn 0.9501 0.0694 0.3042
vn -0.2409 -0.8381 -0.4894
vn -0.9019 -0.4112 -0.1323
vn 0.9501 0.0694 -0.3042
vn -0.0000 0.7177 -0.6963
vn -0.8243 0.4064 -0.3942
vn 0.8243 0.4064 -0.3942
vn 0.7112 0.0118 -0.7029
vn -0.7085 0.1163 -0.6960
vn -0.2554 -0.8512 -0.4585
vn 0.4210 -0.8128 -0.4026
vn 0.3938 0.8263 -0.4026
vn 0.2604 0.8626 -0.4336
vn -0.7086 0.1162 0.6960
vn -0.2555 -0.8512 0.4585
vn 0.2605 0.8626 0.4336
vn 0.7112 0.0114 0.7029
vn 0.4209 -0.8130 0.4023
vn 0.3935 0.8265 0.4026
vn -0.4880 0.8728 -0.0000
vn -0.8728 -0.4881 -0.0000
vn -0.4096 -0.2290 -0.8830
vn -0.3154 0.5642 -0.7630
vn -0.3154 0.5641 0.7631
vn -0.4096 -0.2290 0.8830
vn 0.6729 -0.7397 -0.0000
vn 0.3877 -0.4262 -0.8174
vn 0.3877 -0.4262 0.8174
vn 0.7397 0.6729 -0.0003
vn 0.4278 0.3893 -0.8157
vn 0.4280 0.3891 0.8158
vn -0.8507 0.3853 -0.3576
vn 0.3332 -0.8347 0.4384
vn 0.2690 0.0103 -0.9631
vn -0.0510 0.6250 0.7789
vn 0.7364 0.6386 -0.2233
vn -0.3197 0.8728 -0.3688
vn -0.4443 -0.8815 0.1599
vn 0.3336 -0.6452 -0.6873
vn 0.0816 -0.0926 0.9924
vn 0.9595 0.0017 0.2816
vn -0.2274 0.3320 0.9154
vn -0.0951 0.8184 -0.5667
vn 0.6778 0.7134 -0.1780
vn 0.6778 0.7134 0.1780
vn -0.8950 -0.3066 0.3239
vn -0.8950 -0.3065 -0.3239
vn 0.1064 -0.7217 -0.6840
vn 0.8856 0.0001 -0.4645
vn -0.9015 -0.0001 -0.4327
vn 0.1064 -0.7217 0.6840
vn 0.8856 -0.0000 0.4645
vn -0.9015 -0.0001 0.4327
vn 0.6719 -0.2899 -0.6815
vn -0.8448 0.2746 -0.4592
vn -0.8412 -0.5294 -0.1102
vn 0.6059 0.7393 -0.2938
vn -0.8449 0.2745 0.4591
vn -0.8412 -0.5294 0.1101
vn 0.6060 0.7392 0.2938
vn 0.6688 -0.2918 0.6838
vn 0.1062 -0.7217 -0.6841
vn 0.1062 -0.7217 0.6840
vn 0.8857 -0.0000 0.4644
vn 0.8856 -0.0000 -0.4644
vn -0.9015 -0.0000 -0.4327
vn -0.9015 -0.0000 0.4327
vn -0.0941 0.8188 0.5662
vn 0.6786 0.7128 0.1776
vn -0.8951 -0.3065 0.3238
vn -0.0941 0.8188 -0.5662
vn 0.6786 0.7127 -0.1776
vn -0.8951 -0.3065 -0.3238
vn 0.9446 0.3284 -0.0000
vn 0.7071 0.7071 -0.0000
vn 0.4082 0.4082 -0.8165
vn 0.6486 0.2255 -0.7270
vn 0.6486 0.2255 0.7270
vn 0.4082 0.4082 0.8165
vn -0.7071 0.7071 -0.0000
vn -0.4082 0.4082 -0.8165
vn -0.4082 0.4082 0.8165
vn -0.9489 -0.3157 -0.0000
vn -0.6531 -0.2173 -0.7254
vn -0.6531 -0.2173 0.7254
vn -0.4338 -0.9010 -0.0000
vn -0.2879 -0.5979 -0.7481
vn -0.2879 -0.5979 0.7481
vn 0.5238 -0.8519 -0.0000
vn 0.3433 -0.5583 -0.7553
vn 0.3433 -0.5583 0.7553
vn 0.9690 -0.2471 -0.0000
vn 0.6743 -0.1720 -0.7181
vn 0.6743 -0.1720 0.7181
vn 0.4083 0.4083 -0.8165
vn 0.4083 0.4083 0.8165
vn -0.4083 0.4083 -0.8165
vn -0.4083 0.4083 0.8165
vn -0.9577 0.2877 -0.0000
vn -0.6624 0.1990 -0.7222
vn -0.6624 0.1990 0.7222
vn -0.4703 0.8825 -0.0000
vn -0.3105 0.5826 -0.7511
vn -0.3105 0.5826 0.7511
vn 0.4392 0.8984 -0.0000
vn 0.2941 0.6017 -0.7426
vn 0.2941 0.6017 0.7426
vn -0.7027 -0.0569 0.7092
vn -0.7042 -0.0575 -0.7076
vn -0.4055 0.9058 -0.1227
vn -0.4056 0.9058 0.1226
vn -0.4820 -0.8361 -0.2619
vn -0.4820 -0.8361 0.2619
vn 0.6941 -0.1263 -0.7087
vn 0.5010 0.8447 -0.1883
vn 0.3943 -0.8984 0.1932
vn 0.6941 -0.1263 0.7087
vn 0.5010 0.8447 0.1883
vn 0.3943 -0.8984 -0.1932
vn -0.7899 -0.2233 -0.5711
vn 0.6908 -0.3216 -0.6476
vn 0.4353 0.5612 -0.7040
vn -0.3840 0.6522 -0.6536
vn -0.4553 -0.8895 0.0397
vn 0.3559 -0.9338 -0.0362
vn 0.7108 0.1757 0.6811
vn -0.6113 0.2696 0.7440
vn 0.3778 0.4314 -0.8192
vn 0.7088 -0.1272 0.6938
vn 0.4223 0.9065 -0.0016
vn 0.6188 0.7847 0.0371
vn 0.3727 -0.3523 -0.8585
vn 0.4567 -0.8896 0.0002
vn -0.7078 -0.6399 0.2992
vn -0.9524 0.3047 -0.0008
vn -0.9471 -0.3208 0.0010
vn 0.0357 0.5029 -0.8636
vn -0.4068 0.7635 -0.5015
vn -0.8109 0.0082 -0.5851
vn 0.7243 0.1213 -0.6787
vn 0.7244 0.1217 0.6786
vn -0.0001 0.8834 0.4686
vn -0.0004 0.8834 -0.4687
vn 0.0004 -0.9015 -0.4328
vn -0.0001 -0.9014 0.4329
vn -0.8263 -0.1334 0.5472
vn -0.7445 0.6477 0.1620
vn 0.3704 -0.8733 0.3165
vn -0.8265 -0.1332 -0.5470
vn -0.7445 0.6477 -0.1619
vn 0.3706 -0.8732 -0.3166
vn -0.1663 0.9609 0.2213
vn -0.8539 -0.4860 -0.1862
vn 0.9370 -0.3347 -0.1001
vn 0.6939 -0.3246 0.6428
vn -0.7868 -0.2208 0.5763
vn -0.3840 0.6522 0.6536
vn 0.4352 0.5612 0.7040
vn 0.3559 -0.9338 0.0362
vn -0.4553 -0.8895 -0.0397
vn -0.6113 0.2696 -0.7441
vn 0.7108 0.1757 -0.6811
vn 0.2452 -0.4326 0.8676
vn 0.1145 -0.7508 -0.6505
vn -0.6624 -0.7024 -0.2605
vn -0.6625 -0.7024 0.2603
vn 0.9180 0.1657 0.3604
vn 0.9180 0.1655 -0.3605
vn -0.2262 0.6739 -0.7034
vn -0.8313 -0.3466 -0.4345
vn 0.8828 0.1733 -0.4367
vn -0.2260 0.6739 0.7034
vn -0.8322 -0.3432 0.4354
vn 0.8819 0.1765 0.4372
vn -0.1062 0.7217 -0.6841
vn -0.1062 0.7217 0.6841
vn 0.0942 -0.8189 0.5662
vn -0.6785 -0.7128 0.1776
vn 0.8951 0.3065 0.3238
vn 0.0942 -0.8189 -0.5662
vn -0.6785 -0.7128 -0.1776
vn 0.8951 0.3065 -0.3238
vn -0.3404 -0.6346 -0.6938
vn -0.2088 -0.8652 -0.4559
vn 0.6108 -0.7813 -0.1284
vn 0.5352 -0.7483 -0.3920
vn -0.9194 0.0320 -0.3921
vn -0.7945 0.5319 -0.2930
vn -0.2006 -0.8641 0.4617
vn 0.6009 -0.7901 0.1214
vn -0.7899 0.5368 0.2964
vn 0.3493 0.6289 0.6946
vn 0.9202 -0.0399 0.3894
vn -0.5293 0.7514 0.3939
vn 0.3495 0.6288 -0.6946
vn 0.9203 -0.0399 -0.3893
vn -0.5295 0.7513 -0.3939
vn -0.2007 -0.8643 -0.4612
vn 0.6010 -0.7900 -0.1211
vn -0.7897 0.5373 -0.2962
vn -0.2090 -0.8656 0.4551
vn 0.6109 -0.7813 0.1280
vn -0.7942 0.5324 0.2928
vn -0.3386 -0.6332 0.6960
vn 0.5352 -0.7482 0.3922
vn -0.9195 0.0318 0.3919
vn -0.6814 0.1138 0.7230
vn 0.6814 0.1138 0.7230
vn 0.4328 -0.9015 -0.0000
vn -0.4328 -0.9015 -0.0000
vn -0.4666 0.8845 -0.0000
vn 0.4666 0.8845 -0.0000
vn 0.6325 -0.7153 -0.2971
vn 0.6170 -0.7869 0.0098
vn 0.3754 0.3230 -0.8688
vn -0.6324 -0.7154 -0.2971
vn -0.6170 -0.7869 0.0098
vn -0.3754 0.3229 -0.8688
vn 0.3056 -0.2369 -0.9222
vn 0.8269 -0.1324 0.5466
vn 0.7438 0.6486 0.1616
vn 0.7438 0.6486 -0.1615
vn -0.3706 -0.8733 -0.3163
vn -0.3705 -0.8733 0.3164
vn -0.7243 0.1215 0.6786
vn -0.0000 0.8834 0.4686
vn -0.0003 -0.9014 0.4329
vn -0.7243 0.1215 -0.6786
vn -0.0000 0.8834 -0.4686
vn -0.0003 -0.9014 -0.4329
vn -0.1570 0.6894 -0.7071
vn 0.1570 -0.6894 -0.7071
vn 0.8868 -0.2167 -0.4082
vn 0.7054 0.5794 -0.4082
vn -0.8868 0.2167 -0.4082
vn -0.7054 -0.5794 -0.4082
vn 0.1570 -0.6894 0.7071
vn 0.8868 -0.2167 0.4082
vn -0.7054 -0.5794 0.4082
vn -0.1570 0.6894 0.7071
vn 0.7054 0.5794 0.4082
vn -0.8868 0.2167 0.4082
vn -0.0000 0.7121 -0.7021
vn 0.1454 -0.7046 -0.6946
vn 0.8504 0.2945 -0.4360
vn 0.8202 0.4074 -0.4016
vn -0.8202 0.4074 -0.4016
vn -0.8367 -0.2907 -0.4642
vn 0.1454 -0.7046 0.6946
vn 0.8504 0.2946 0.4360
vn -0.8367 -0.2907 0.4642
vn -0.0000 0.7121 0.7021
vn 0.8202 0.4074 0.4016
vn -0.8202 0.4074 0.4016
vn -0.0272 -0.3060 0.9516
vn -0.4686 -0.6589 -0.5884
vn -0.9848 -0.0382 -0.1693
vn -0.9848 -0.0384 0.1693
vn 0.9001 -0.3043 0.3119
vn 0.9003 -0.3039 -0.3118
vn 0.0993 0.8435 -0.5279
vn -0.6575 0.7341 -0.1698
vn 0.9149 -0.2404 -0.3243
vn 0.0992 0.8433 0.5282
vn -0.6578 0.7338 0.1699
vn 0.9147 -0.2411 0.3243
vn 0.3677 -0.0616 0.9279
vn 0.6573 -0.5308 -0.5350
vn 0.0172 -0.9880 -0.1538
vn 0.0172 -0.9880 0.1538
vn 0.3834 0.8689 0.3132
vn 0.3834 0.8689 -0.3132
vn -0.8261 0.1335 -0.5475
vn -0.7446 -0.6475 -0.1622
vn 0.3702 0.8733 -0.3166
vn -0.8262 0.1334 0.5474
vn -0.7446 -0.6476 0.1621
vn 0.2272 -0.3320 0.9155
vn 0.0945 -0.8189 -0.5661
vn -0.6782 -0.7131 -0.1776
vn -0.6781 -0.7131 0.1779
vn 0.8951 0.3064 0.3239
vn 0.8950 0.3067 -0.3239
vn -0.1063 0.7217 -0.6840
vn -0.1063 0.7217 0.6840
vn 0.4004 -0.0000 -0.9163
vn -0.4003 -0.0000 -0.9164
vn -0.4080 -0.8166 -0.4082
vn 0.4082 -0.8165 -0.4082
vn 0.4082 0.8165 -0.4082
vn -0.4080 0.8166 -0.4082
vn -0.4003 -0.0000 0.9164
vn -0.4080 -0.8166 0.4082
vn -0.4080 0.8166 0.4082
vn 0.4004 -0.0000 0.9163
vn 0.4082 -0.8165 0.4082
vn 0.4082 0.8165 0.4082
vn -0.0655 0.3701 -0.9267
vn -0.3690 0.5578 0.7435
vn -0.9646 0.0267 0.2624
vn -0.9646 0.0261 -0.2624
vn 0.8437 0.3986 -0.3595
vn 0.8434 0.3991 0.3596
vn 0.2684 -0.7539 0.5997
vn -0.5657 -0.7393 0.3652
vn 0.9039 -0.1975 0.3794
vn 0.2685 -0.7545 -0.5988
vn -0.5653 -0.7399 -0.3648
vn 0.9039 -0.1983 -0.3790
vn -0.6554 0.1265 0.7446
vn -0.6583 0.1303 -0.7414
vn 0.2988 0.8508 -0.4323
vn 0.2999 0.8505 0.4321
vn -0.2071 -0.8626 0.4615
vn -0.2083 -0.8623 -0.4616
vn 0.7543 0.0507 -0.6545
vn -0.0710 0.8942 -0.4419
vn 0.1570 -0.8813 -0.4457
vn 0.7555 0.0508 0.6532
vn -0.0700 0.8943 0.4419
vn 0.1583 -0.8812 0.4454
vn 0.1007 0.4998 0.8603
vn 0.4864 0.6828 -0.5452
vn 0.9780 0.0958 -0.1853
vn 0.9780 0.0957 0.1852
vn -0.8186 0.4697 0.3305
vn -0.8186 0.4698 -0.3304
vn -0.1022 -0.8002 -0.5910
vn 0.6957 -0.6976 -0.1712
vn -0.8669 0.3875 -0.3135
vn -0.1022 -0.8001 0.5911
vn 0.6957 -0.6976 0.1713
vn -0.8670 0.3874 0.3135
vn -0.7074 0.0411 -0.7056
vn 0.7060 -0.0389 -0.7071
vn 0.4543 0.7924 -0.4071
vn -0.3607 0.8380 -0.4094
vn -0.4556 -0.7910 -0.4083
vn 0.3594 -0.8393 -0.4080
vn 0.7060 -0.0390 0.7071
vn 0.4543 0.7924 0.4072
vn 0.3595 -0.8392 0.4080
vn -0.7058 0.0431 0.7071
vn -0.3607 0.8380 0.4094
vn -0.4556 -0.7910 0.4083
vn 0.0070 0.2016 0.9794
vn 0.4605 0.6709 -0.5812
vn 0.9901 -0.0056 -0.1402
vn 0.9901 -0.0025 0.1402
vn -0.9289 0.2305 0.2897
vn -0.9310 0.2246 -0.2877
vn -0.1208 -0.8658 -0.4855
vn 0.6281 -0.7622 -0.1565
vn -0.9302 0.1838 -0.3178
vn -0.1213 -0.8610 0.4939
vn 0.6296 -0.7602 0.1601
vn -0.9283 0.1897 0.3199
vn -0.7240 0.1209 0.6791
vn -0.7244 0.1215 -0.6786
vn -0.0002 0.8834 -0.4686
vn -0.0002 0.8834 0.4686
vn -0.0002 -0.9014 0.4330
vn -0.0002 -0.9014 -0.4330
vn 0.8269 -0.1327 -0.5465
vn 0.7440 0.6484 -0.1616
vn -0.3704 -0.8733 -0.3164
vn 0.8270 -0.1326 0.5463
vn 0.7440 0.6484 0.1615
vn -0.3705 -0.8732 0.3165
vn -0.2020 -0.9418 -0.2687
vn 0.8164 -0.5484 -0.1811
vn 0.4177 -0.0009 -0.9086
vn 0.3921 -0.5459 0.7404
vn 0.5975 0.7844 0.1664
vn 0.3794 0.6813 -0.6260
vn 0.3776 0.3006 0.8758
vn -0.0993 0.9775 0.1860
vn -0.0935 0.8184 -0.5670
vn -0.0442 0.5323 0.8454
vn -0.9923 0.0090 -0.1235
vn 0.3763 -0.8256 -0.4204
vn 0.7096 0.6934 0.1254
vn 0.4215 -0.0000 -0.9068
vn 0.6203 0.0264 -0.7839
vn 0.3730 -0.8541 0.3624
vn 0.4558 -0.0000 0.8901
vn -0.7088 0.3089 0.6342
vn -0.9497 -0.0000 -0.3131
vn -0.9468 -0.0000 0.3219
vn 0.0364 -0.8682 -0.4949
vn -0.4064 -0.5115 -0.7571
vn -0.8111 -0.5849 0.0002
vn 0.9278 0.3232 -0.1865
vn -0.4004 -0.8674 0.2954
vn 0.1573 -0.0890 0.9835
vn 0.0428 -0.5634 -0.8251
vn -0.7124 0.7001 -0.0492
vn 0.1128 0.4863 0.8665
vn 0.0416 0.0741 -0.9964
vn -0.8353 -0.5311 0.1421
vn 0.2448 0.9546 -0.1698
vn 0.1247 -0.1443 0.9816
vn 0.0123 -0.5053 -0.8628
vn 0.7087 -0.6875 0.1583
vn -0.2032 -0.9612 0.1864
vn -0.4940 0.8624 -0.1108
vn 0.5435 0.3204 0.7759
vn 0.4316 0.0790 -0.8986
vn 0.9630 0.2628 -0.0602
vn -0.9941 -0.1072 -0.0152
vn -0.6227 -0.7724 0.1245
vn -0.4079 -0.3206 -0.8549
vn -0.6624 -0.2612 -0.7021
vn -0.7275 0.0957 0.6794
vn -0.4473 -0.0612 0.8923
vn 0.4678 -0.8652 0.1805
vn 0.4021 -0.3271 -0.8552
vn 0.4094 -0.0564 0.9106
vn 0.4488 -0.8642 0.2275
vn 0.2945 -0.7657 -0.5719
vn 0.3363 -0.3870 0.8586
vn 0.4387 -0.8822 0.1709
vn 0.1987 -0.6829 -0.7030
vn 0.2495 -0.3528 0.9018
vn 0.8868 0.3905 -0.2470
vn 0.2122 -0.0030 -0.9772
vn 0.2784 0.4176 0.8649
vn -0.7068 0.6728 -0.2184
vn -0.3736 0.1854 -0.9089
vn -0.4120 0.5728 0.7087
vn -0.6998 0.7144 -0.0000
vn -0.5663 -0.7950 -0.2175
vn -0.1824 -0.4201 -0.8890
vn -0.3986 0.4072 -0.8218
vn -0.3986 0.4073 0.8217
vn -0.3275 -0.0239 0.9446
vn 0.5663 -0.7950 -0.2175
vn 0.1824 -0.4201 -0.8890
vn 0.3275 -0.0239 0.9446
vn 0.6998 0.7144 -0.0000
vn 0.3986 0.4072 -0.8218
vn 0.3986 0.4073 0.8217
vn 0.7375 -0.6682 0.0984
vn -0.9101 -0.4089 0.0672
vn 0.2500 -0.1874 0.9499
vn -0.0386 -0.4967 -0.8670
vn -0.5817 0.8010 -0.1413
vn -0.0412 0.5966 0.8015
vn -0.0647 0.2577 -0.9640
vn -0.2166 0.9604 -0.1755
vn -0.1745 0.7953 0.5805
vn -0.1058 0.5990 -0.7937
vn 0.5757 0.8141 -0.0766
vn 0.4077 0.5993 0.6889
vn 0.3260 0.4298 -0.8420
vn 0.9854 0.1676 -0.0301
vn -0.3345 -0.9140 0.2296
vn -0.4074 0.9129 -0.0243
vn 0.5400 0.4511 0.7106
vn 0.2399 0.2188 -0.9458
vn 0.9943 0.0516 -0.0931
vn 0.7094 -0.7035 0.0427
vn -0.7614 -0.6425 0.0859
vn -0.4149 -0.2366 0.8786
vn 0.1207 -0.3318 0.9356
vn -0.0997 -0.5598 -0.8226
vn -0.4144 -0.4612 -0.7846
vn -0.6566 0.7476 -0.0995
vn -0.4007 0.5615 0.7240
vn -0.3992 0.3488 -0.8479
vn 0.6996 0.7010 -0.1384
vn 0.2700 0.5337 0.8014
vn 0.0718 0.2861 -0.9555
vn -0.6735 0.7338 -0.0894
vn 0.7367 0.6705 -0.0879
vn 0.3978 0.4666 0.7899
vn -0.4058 0.5456 0.7332
vn -0.4086 0.3461 -0.8446
vn 0.3946 0.2549 -0.8828
vn 0.6166 -0.7489 0.2427
vn 0.2676 -0.3414 0.9010
vn 0.3583 -0.3542 -0.8638
vn -0.7225 -0.6632 0.1955
vn -0.3046 -0.2846 0.9090
vn -0.3787 -0.2960 -0.8769
vn 0.9993 0.0003 0.0364
vn 0.0364 -0.0000 -0.9993
vn -0.4083 -0.8165 -0.4083
vn 0.4082 -0.8165 -0.4083
vn -0.4083 0.8165 -0.4082
vn -0.4083 -0.8165 0.4083
vn -0.4083 0.8165 0.4082
vn 0.4082 -0.8165 0.4083
vn -0.1057 -0.7217 0.6841
vn -0.1057 -0.7217 -0.6841
vn -0.8859 -0.0000 -0.4639
vn -0.8859 -0.0000 0.4640
vn 0.9016 -0.0000 0.4326
vn 0.9016 -0.0000 -0.4325
vn 0.0920 0.8202 -0.5646
vn -0.6804 0.7113 -0.1764
vn 0.8951 -0.3071 -0.3233
vn 0.0921 0.8201 0.5648
vn -0.6803 0.7113 0.1765
vn 0.8951 -0.3070 0.3233
vn -0.0000 -0.6129 0.7902
vn -0.0000 0.7902 0.6129
vn 0.7846 0.4899 0.3800
vn 0.8526 -0.3203 0.4129
vn -0.8526 -0.3203 0.4129
vn -0.7846 0.4899 0.3800
vn -0.0000 0.7902 -0.6129
vn 0.7846 0.4899 -0.3800
vn -0.7846 0.4899 -0.3800
vn -0.0000 -0.6129 -0.7902
vn 0.8526 -0.3203 -0.4129
vn -0.8526 -0.3203 -0.4129
vn 0.3390 -0.8334 -0.4365
vn -0.8563 0.3599 0.3705
vn 0.2695 0.0107 0.9630
vn 0.2736 -0.6198 0.7356
vn -0.0989 0.1014 -0.9899
vn -0.0504 0.6251 -0.7789
vn 0.7367 0.6392 0.2205
vn 0.2186 -0.0587 0.9741
vn -0.1402 0.7553 -0.6402
vn -0.3591 0.8520 0.3809
vn 0.9590 -0.0012 -0.2835
vn -0.4454 -0.8814 -0.1575
vn 0.3337 -0.6459 0.6866
vn 0.0813 -0.0930 -0.9923
vn -0.5865 -0.7739 -0.2390
vn -0.8110 0.5568 0.1795
vn -0.4074 0.0246 0.9129
vn -0.3709 -0.7169 0.5903
vn -0.3692 -0.2560 -0.8934
vn -0.4099 0.5379 -0.7366
vn 0.7107 0.6820 0.1725
vn 0.7089 -0.6627 -0.2414
vn -0.0229 0.5422 -0.8400
vn -0.1383 -0.8402 -0.5243
vn 0.6620 -0.6749 -0.3260
vn 0.8937 0.0309 -0.4476
vn -0.9021 -0.1458 -0.4062
vn -0.8441 -0.4068 -0.3493
vn -0.1383 -0.8403 0.5242
vn 0.6620 -0.6749 0.3259
vn -0.8441 -0.4069 0.3493
vn -0.0214 0.5405 0.8411
vn 0.8937 0.0309 0.4476
vn -0.9021 -0.1459 0.4062
vn 0.5193 0.8546 0.0001
vn 0.9893 -0.1460 -0.0000
vn 0.6746 -0.0996 0.7314
vn 0.2966 0.4881 0.8208
vn 0.2966 0.4882 -0.8208
vn 0.6746 -0.0996 -0.7314
vn 0.9893 -0.1459 -0.0000
vn 0.6746 -0.0995 0.7315
vn 0.6746 -0.0995 -0.7315
vn 0.8547 -0.5192 -0.0000
vn 0.4985 -0.3028 0.8123
vn 0.4985 -0.3028 -0.8123
vn -0.5191 -0.8547 -0.0000
vn -0.2966 -0.4883 0.8208
vn -0.2966 -0.4883 -0.8208
vn -0.8547 0.5192 0.0006
vn -0.4987 0.3026 0.8122
vn -0.4985 0.3031 -0.8122
vn -0.6478 -0.2043 0.7339
vn -0.6478 -0.2039 -0.7340
vn -0.6127 0.6743 -0.4122
vn -0.6127 0.6742 0.4124
vn -0.1152 -0.9037 0.4124
vn -0.1149 -0.9037 -0.4123
vn 0.6998 0.2211 -0.6792
vn 0.1718 0.8994 -0.4020
vn 0.6568 -0.6380 -0.4019
vn 0.6998 0.2211 0.6793
vn 0.1718 0.8994 0.4021
vn 0.6568 -0.6381 0.4019
vn 0.3620 -0.5850 0.7258
vn 0.5497 0.4093 -0.7282
vn 0.1651 -0.3487 -0.9226
vn 0.1794 -0.9306 -0.3191
vn 0.3242 0.6458 0.6913
vn 0.3183 0.6897 0.6504
vn -0.5498 0.4093 -0.7281
vn -0.1651 -0.3486 -0.9226
vn -0.3184 0.6898 0.6503
vn -0.5694 -0.7017 0.4281
vn -0.1793 -0.9306 -0.3192
vn -0.3241 0.6459 0.6912
vn -0.6814 -0.1137 -0.7230
vn 0.6814 -0.1137 -0.7230
vn 0.4328 0.9015 -0.0000
vn -0.4328 0.9015 -0.0000
vn -0.4666 -0.8845 -0.0000
vn 0.4666 -0.8845 -0.0000
vn 0.6323 0.7155 0.2969
vn 0.6172 0.7868 -0.0097
vn 0.3753 -0.3228 0.8689
vn -0.6325 0.7153 0.2973
vn -0.6170 0.7869 -0.0097
vn -0.3754 -0.3230 0.8688
vn 0.5238 -0.8519 -0.0001
vn 0.3433 -0.5584 0.7552
vn -0.4338 -0.9010 0.0004
vn -0.2876 -0.5978 0.7483
vn -0.2878 -0.5976 -0.7484
vn 0.3863 0.8171 0.4280
vn 0.6756 -0.6794 0.2864
vn 0.6226 -0.5334 0.5726
vn 0.6143 -0.0336 0.7884
vn 0.3740 0.8547 -0.3600
vn 0.3727 -0.3519 -0.8587
vn 0.0261 -0.9585 -0.2840
vn -0.4115 -0.8944 0.1750
vn -0.8095 -0.4194 -0.4109
vn 0.0435 0.8491 0.5264
vn -0.3998 0.5030 0.7662
vn -0.8121 0.5835 -0.0031
vn 0.7067 -0.1297 -0.6955
vn 0.6757 0.6842 0.2743
vn 0.6216 0.7826 -0.0340
vn 0.3722 -0.3531 0.8584
vn 0.0329 0.4901 0.8710
vn -0.4094 0.7597 0.5051
vn -0.8105 0.0091 0.5857
vn -0.7043 -0.6412 -0.3048
vn 0.4082 0.4083 0.8165
vn -0.4082 0.4083 0.8165
vn -0.4082 0.4083 -0.8165
vn 0.4082 0.4083 -0.8165
vn 0.8815 0.4721 -0.0000
vn 0.5829 0.3122 0.7501
vn 0.5829 0.3122 -0.7501
vn 0.2816 0.9595 -0.0000
vn 0.1945 0.6626 0.7233
vn 0.1945 0.6626 -0.7233
vn 0.8518 0.5239 -0.0001
vn 0.3869 0.2380 0.8909
vn 0.3868 0.2380 -0.8909
vn 0.5301 -0.8479 0.0004
vn 0.3464 -0.5542 0.7569
vn 0.3466 -0.5540 -0.7570
vn -0.4338 -0.9010 -0.0001
vn -0.2879 -0.5980 0.7480
vn 0.5302 -0.8479 -0.0000
vn 0.3466 -0.5543 -0.7567
vn 0.3466 -0.5543 0.7567
vn 0.8518 0.5239 -0.0000
vn 0.3869 0.2380 -0.8909
vn -0.6896 -0.6693 -0.2766
vn -0.6410 0.2827 0.7136
vn -0.6288 -0.0030 0.7776
vn -0.3908 -0.6889 0.6105
vn -0.3962 -0.0581 -0.9163
vn -0.3837 0.8658 -0.3211
vn 0.6412 0.2836 0.7130
vn 0.6283 -0.0031 0.7780
vn 0.3838 0.8656 -0.3216
vn 0.6989 -0.6655 -0.2620
vn 0.3915 -0.6888 0.6101
vn 0.3963 -0.0589 -0.9162
vn -0.3060 -0.2374 0.9219
vn -0.8267 -0.1328 -0.5468
vn -0.7442 0.6481 -0.1616
vn -0.7442 0.6480 0.1618
vn 0.3706 -0.8732 -0.3165
vn 0.7244 0.1211 -0.6787
vn 0.7244 0.1211 0.6787
vn -0.0410 -0.8222 -0.5677
vn 0.0941 0.7457 -0.6596
vn -0.7369 0.5513 -0.3912
vn -0.9184 -0.2763 -0.2832
vn 0.8856 -0.2797 -0.3709
vn 0.8523 0.3404 -0.3971
vn 0.0943 0.7457 0.6596
vn -0.7370 0.5513 0.3911
vn 0.8524 0.3402 0.3971
vn -0.2276 -0.6693 0.7073
vn -0.9184 -0.2763 0.2832
vn 0.8856 -0.2797 0.3709
vn -0.6997 0.2206 0.6796
vn -0.6997 0.2213 -0.6793
vn -0.1718 0.8993 -0.4021
vn -0.1717 0.8993 0.4021
vn -0.6569 -0.6380 0.4019
vn -0.6569 -0.6379 -0.4019
vn 0.6477 -0.2043 -0.7340
vn 0.6127 0.6742 -0.4124
vn 0.1151 -0.9037 -0.4124
vn 0.6479 -0.2037 0.7340
vn 0.6127 0.6744 0.4120
vn 0.1148 -0.9038 0.4123
vn 0.3056 -0.2370 -0.9222
vn 0.8271 -0.1322 0.5462
vn 0.7438 0.6487 0.1613
vn -0.3708 -0.8732 0.3163
vn -0.7244 0.1212 0.6786
vn -0.7245 0.1207 -0.6787
vn -0.3365 -0.8367 0.4321
vn -0.6344 0.7161 0.2912
vn -0.6133 0.5485 0.5684
vn -0.6225 0.0044 0.7826
vn -0.3744 -0.8686 -0.3245
vn -0.3759 0.3873 -0.8418
vn 0.6345 0.7163 0.2902
vn 0.6128 0.5487 0.5687
vn 0.3760 0.3868 -0.8420
vn 0.6292 -0.2908 0.7208
vn 0.6230 0.0043 0.7822
vn 0.3743 -0.8689 -0.3240
vn -0.0001 0.7071 0.7071
vn -0.0001 0.7071 -0.7071
vn -0.8166 0.4082 0.4082
vn -0.8166 0.4082 -0.4082
vn -0.0001 -0.7071 -0.7071
vn -0.8166 -0.4082 -0.4082
vn -0.0001 -0.7071 0.7071
vn -0.8166 -0.4082 0.4082
vn 0.9966 0.0382 0.0729
vn -0.3945 -0.3797 -0.8368
vn 0.0262 -0.2056 0.9783
vn -0.0263 -0.2056 0.9783
vn 0.0863 0.2819 -0.9555
vn -0.0864 0.2820 -0.9555
vn -0.1532 0.9721 -0.1779
vn -0.0896 0.8058 0.5853
vn -0.1221 0.5369 -0.8348
vn 0.1532 0.9720 -0.1781
vn 0.0897 0.8059 0.5852
vn 0.1221 0.5371 -0.8346
vn -0.2690 0.7542 0.5990
vn -0.2688 0.7546 -0.5987
vn 0.5669 0.7387 -0.3646
vn 0.5669 0.7387 0.3645
vn -0.9040 0.1976 0.3791
vn -0.9040 0.1977 -0.3792
vn 0.1115 -0.6001 -0.7921
vn 0.1115 -0.6000 0.7922
vn -0.7095 0.6822 -0.1766
vn 0.7071 0.6854 -0.1740
vn 0.4065 0.5991 0.6898
vn -0.4065 0.5991 0.6898
vn -0.4078 0.1893 -0.8932
vn 0.4078 0.1893 -0.8932
vn 0.7071 -0.6837 0.1806
vn 0.4101 -0.1916 0.8917
vn 0.4084 -0.6008 -0.6872
vn -0.7071 -0.6836 0.1806
vn -0.4101 -0.1917 0.8917
vn -0.4084 -0.6008 -0.6872
vn -0.7045 -0.6311 -0.3247
vn -0.6983 0.6024 0.3867
vn -0.3476 -0.0115 0.9376
vn -0.4091 -0.7367 0.5384
vn -0.4076 0.0097 -0.9131
vn -0.3915 0.6760 -0.6243
vn 0.6983 0.6026 0.3863
vn 0.3479 -0.0114 0.9375
vn 0.3915 0.6762 -0.6241
vn 0.7066 -0.6303 -0.3215
vn 0.4089 -0.7368 0.5385
vn 0.4076 0.0099 -0.9131
vn 0.0047 -0.9856 -0.1688
vn 0.7255 -0.6775 -0.1206
vn 0.4874 -0.3403 -0.8041
vn 0.0003 -0.5474 -0.8369
vn 0.0004 -0.7894 0.6139
vn 0.4961 -0.5857 0.6410
vn 1.0000 0.0014 -0.0082
vn 0.6779 0.1271 -0.7241
vn 0.6856 -0.1259 0.7170
vn 0.7243 0.6798 0.1148
vn 0.4841 0.5914 -0.6449
vn 0.4971 0.3291 0.8029
vn 0.0005 0.9852 0.1712
vn 0.0004 0.7937 -0.6083
vn 0.0004 0.5295 0.8483
vn -0.7248 0.6793 0.1151
vn -0.4845 0.5909 -0.6450
vn -0.4971 0.3289 0.8029
vn -1.0000 0.0015 -0.0090
vn -0.6782 0.1276 -0.7237
vn -0.6859 -0.1264 0.7167
vn -0.7254 -0.6778 -0.1199
vn -0.4870 -0.3400 -0.8045
vn -0.4962 -0.5847 0.6418
vn 0.2255 -0.3301 0.9166
vn 0.0920 -0.8202 -0.5646
vn -0.6804 -0.7113 -0.1763
vn -0.6804 -0.7113 0.1764
vn 0.8951 0.3071 0.3233
vn 0.8951 0.3072 -0.3233
vn -0.1056 0.7217 -0.6841
vn -0.1056 0.7217 0.6841
vn -0.3527 -0.8963 -0.2687
vn -0.6291 0.2906 0.7209
vn -0.6231 -0.0043 0.7822
vn -0.6128 -0.5487 0.5687
vn -0.3760 -0.3868 -0.8420
vn -0.3743 0.8689 -0.3239
vn 0.6294 0.2918 0.7203
vn 0.6225 -0.0044 0.7826
vn 0.3744 0.8686 -0.3245
vn 0.6344 -0.7161 0.2913
vn 0.6133 -0.5485 0.5683
vn 0.3759 -0.3874 -0.8418
vn -0.0000 -0.9830 0.1836
vn -0.0000 0.9575 0.2884
vn -0.0000 0.0889 -0.9960
vn -0.0000 -0.3785 -0.9256
vn 0.5549 -0.2748 0.7852
vn 0.6154 -0.4742 -0.6296
vn -0.2481 -0.8604 -0.4452
vn -0.2480 -0.8604 0.4452
vn 0.1783 0.8728 0.4544
vn 0.1784 0.8728 -0.4543
vn -0.6147 0.4288 -0.6620
vn -0.9005 -0.3319 -0.2810
vn 0.4534 0.8150 -0.3608
vn -0.6144 0.4290 0.6622
vn -0.9005 -0.3318 0.2812
vn 0.4532 0.8151 0.3609
vn -0.0000 0.7071 0.7071
vn -0.8165 0.4082 0.4082
vn 0.3481 0.6140 0.7084
vn 0.3502 0.6143 -0.7071
vn 0.9120 -0.0484 -0.4073
vn 0.9120 -0.0484 0.4073
vn -0.5096 0.7575 0.4080
vn -0.5096 0.7575 -0.4080
vn -0.3470 -0.6161 -0.7071
vn 0.5081 -0.7578 -0.4093
vn -0.9116 0.0467 -0.4083
vn -0.3471 -0.6160 0.7071
vn 0.5082 -0.7578 0.4092
vn -0.9116 0.0468 0.4083
vn 0.5448 0.2722 0.7932
vn 0.5503 0.2693 -0.7903
vn 0.6463 -0.6412 -0.4136
vn 0.6465 -0.6410 0.4137
vn -0.0798 0.9144 0.3970
vn -0.0802 0.9144 -0.3969
vn -0.7501 -0.3054 -0.5866
vn 0.0339 -0.9068 -0.4203
vn -0.1840 0.8768 -0.4443
vn -0.7499 -0.3054 0.5869
vn 0.0340 -0.9067 0.4204
vn -0.1836 0.8768 0.4444
vn -0.0897 0.6157 0.7828
vn 0.1988 -0.7689 0.6077
vn -0.8625 -0.2663 0.4304
vn 0.9026 -0.0571 0.4266
vn 0.1992 -0.7720 -0.6036
vn -0.0998 0.5993 -0.7943
vn -0.8619 -0.2698 -0.4294
vn 0.9028 -0.0602 -0.4259
vn 0.1355 -0.7085 -0.6926
vn -0.0000 0.7116 -0.7026
vn -0.8199 0.4075 -0.4022
vn 0.8199 0.4075 -0.4022
vn -0.0000 0.7116 0.7026
vn -0.8199 0.4075 0.4022
vn 0.8199 0.4075 0.4022
vn 0.1321 -0.7066 0.6952
vn -0.5913 -0.3459 -0.7285
vn -0.5921 -0.3560 0.7230
vn 0.3647 -0.8159 0.4487
vn 0.3633 -0.8163 -0.4490
vn -0.2976 0.8570 -0.4207
vn -0.2966 0.8573 0.4207
vn 0.6590 0.3927 0.6414
vn 0.6581 0.3920 -0.6428
vn 0.7034 -0.0664 0.7077
vn 0.7049 -0.0691 -0.7059
vn 0.3286 -0.8531 -0.4053
vn 0.3286 -0.8531 0.4053
vn 0.4824 0.7760 0.4063
vn 0.4824 0.7760 -0.4063
vn -0.7248 -0.0204 -0.6887
vn -0.7248 -0.0205 0.6886
vn 0.6088 -0.3637 0.7050
vn -0.4633 0.5455 0.6984
vn 0.0882 0.8636 0.4964
vn 0.7695 0.4930 0.4060
vn -0.0692 -0.9110 0.4065
vn -0.8364 -0.3665 0.4075
vn -0.4635 0.5453 -0.6984
vn 0.0883 0.8637 -0.4963
vn -0.8363 -0.3666 -0.4075
vn 0.6086 -0.3624 -0.7059
vn 0.7695 0.4929 -0.4062
vn -0.0691 -0.9110 -0.4065
vn -0.0051 0.1944 -0.9809
vn -0.4649 0.6711 0.5775
vn -0.9899 -0.0003 0.1415
vn -0.9899 -0.0034 -0.1415
vn 0.9309 0.2247 -0.2882
vn 0.9288 0.2305 0.2901
vn 0.1186 -0.8621 0.4927
vn -0.6316 -0.7587 0.1592
vn 0.9284 0.1898 0.3195
vn 0.1180 -0.8669 -0.4843
vn -0.6302 -0.7607 -0.1554
vn 0.9303 0.1841 -0.3174
vn 0.7090 -0.0000 -0.7052
vn 0.7090 -0.0000 0.7052
vn 0.4080 0.8179 0.4057
vn 0.4080 0.8179 -0.4057
vn 0.4080 -0.8179 -0.4057
vn 0.4080 -0.8179 0.4057
vn -0.7070 -0.0832 0.7023
vn -0.1817 0.8757 0.4475
vn 0.1843 -0.8832 0.4312
vn -0.7070 -0.0832 -0.7023
vn -0.1817 0.8757 -0.4475
vn 0.1843 -0.8832 -0.4312
vn 0.6829 -0.1129 -0.7217
vn -0.6813 -0.1149 -0.7229
vn -0.4662 -0.8847 -0.0003
vn 0.4662 -0.8847 -0.0003
vn 0.4331 0.9014 -0.0006
vn -0.4331 0.9014 -0.0007
vn -0.5554 0.1111 0.8242
vn -0.1688 -0.6652 0.7273
vn -0.3197 0.8848 -0.3390
vn 0.5553 0.1111 0.8242
vn 0.1686 -0.6653 0.7273
vn 0.3198 0.8848 -0.3390
vn 0.3959 0.8019 0.4475
vn -0.5061 -0.6976 0.5072
vn -0.9790 -0.1050 0.1748
vn -0.7045 0.6924 0.1557
vn 0.8338 -0.4650 0.2977
vn 0.7794 -0.5356 0.3250
vn -0.5060 -0.6977 -0.5072
vn -0.9790 -0.1051 -0.1748
vn 0.7794 -0.5357 -0.3250
vn 0.1283 0.7879 -0.6022
vn -0.7045 0.6924 -0.1556
vn 0.8337 -0.4651 -0.2977
vn -0.0155 -0.2540 0.9671
vn -0.4637 -0.6589 -0.5923
vn -0.9870 -0.0182 -0.1597
vn -0.9870 -0.0180 0.1597
vn 0.9148 -0.2679 0.3021
vn 0.9147 -0.2683 -0.3022
vn 0.1070 0.8554 -0.5068
vn -0.6446 0.7469 -0.1635
vn 0.9226 -0.2125 -0.3218
vn 0.1069 0.8557 0.5062
vn -0.6445 0.7470 0.1632
vn 0.9228 -0.2122 0.3217
vn 0.4426 -0.0806 0.8931
vn 0.6780 -0.5258 -0.5136
vn 0.0570 -0.9871 -0.1494
vn 0.0601 -0.9874 0.1460
vn 0.4202 0.8512 0.3144
vn 0.4136 0.8542 -0.3152
vn -0.8378 0.1219 -0.5322
vn -0.7167 -0.6834 -0.1391
vn 0.4357 0.8484 -0.3006
vn -0.8324 0.1252 0.5398
vn -0.7141 -0.6857 0.1408
vn 0.4423 0.8454 0.2995
vn -0.5579 0.4568 0.6928
vn -0.5578 0.4583 -0.6920
vn 0.5904 0.6825 -0.4308
vn 0.5904 0.6826 0.4308
vn -0.5182 -0.7378 0.4325
vn -0.5183 -0.7378 -0.4325
vn 0.6870 -0.2787 -0.6711
vn 0.1554 0.8783 -0.4522
vn -0.1463 -0.8546 -0.4983
vn 0.6870 -0.2786 0.6711
vn 0.1555 0.8783 0.4522
vn -0.1464 -0.8546 0.4983
vn 0.9181 0.2338 -0.3202
vn -0.5584 0.1154 -0.8215
vn -0.1709 -0.6616 -0.7301
vn 0.1710 -0.6616 -0.7301
vn 0.3206 0.8847 0.3383
vn -0.3206 0.8847 0.3383
vn -0.6810 -0.1162 0.7230
vn 0.6811 -0.1160 0.7230
vn -0.2622 0.4140 0.8717
vn -0.1018 0.8424 -0.5291
vn 0.6555 0.7356 -0.1708
vn 0.6556 0.7355 0.1712
vn -0.9147 -0.2405 0.3248
vn -0.9148 -0.2402 -0.3248
vn 0.4712 -0.6588 -0.5865
vn 0.9851 -0.0358 -0.1680
vn -0.9004 -0.3038 -0.3113
vn 0.4715 -0.6590 0.5860
vn 0.9851 -0.0360 0.1680
vn -0.9003 -0.3042 0.3113
vn -0.6987 -0.1272 -0.7040
vn 0.6829 0.1863 -0.7063
vn 0.1833 0.8940 -0.4088
vn 0.6068 -0.6826 -0.4073
vn 0.6830 0.1862 0.7063
vn 0.1833 0.8941 0.4087
vn 0.6067 -0.6827 0.4073
vn -0.6984 -0.1247 0.7048
vn 0.1312 -0.7068 0.6952
vn 0.1312 -0.7067 -0.6952
vn 0.1054 -0.7217 -0.6841
vn 0.1054 -0.7217 0.6841
vn -0.0915 0.8205 0.5643
vn 0.6808 0.7110 0.1762
vn -0.8951 -0.3071 0.3232
vn -0.0916 0.8204 -0.5644
vn 0.6807 0.7110 -0.1763
vn -0.8951 -0.3070 -0.3232
vn 0.9198 -0.2062 -0.3338
vn -0.5559 -0.7204 -0.4147
vn -0.1694 -0.9250 0.3400
vn 0.1695 -0.9250 0.3400
vn 0.3201 0.6486 -0.6905
vn -0.3201 0.6487 -0.6904
vn -0.5635 0.4227 0.7098
vn -0.1749 -0.3278 0.9284
vn -0.3223 0.6904 -0.6477
vn 0.5634 0.4226 0.7099
vn 0.1748 -0.3279 0.9284
vn 0.3223 0.6903 -0.6478
vn 0.9186 0.2347 -0.3181
vn -0.5563 0.1183 -0.8225
vn -0.1693 -0.6593 -0.7326
vn 0.1697 -0.6591 -0.7327
vn 0.3200 0.8830 0.3435
vn -0.3199 0.8828 0.3439
vn -0.6807 -0.1167 0.7232
vn -0.4666 -0.8844 -0.0003
vn -0.4329 0.9014 -0.0004
vn 0.6806 -0.1171 0.7232
vn 0.4666 -0.8845 -0.0001
vn 0.4331 0.9013 -0.0008
vn 0.3307 0.0431 -0.9427
vn 0.6396 0.4777 0.6023
vn 0.0217 0.9830 0.1825
vn 0.0217 0.9830 -0.1826
vn 0.3505 -0.8804 -0.3195
vn 0.3504 -0.8804 0.3195
vn -0.8280 -0.1226 0.5472
vn -0.7468 0.6390 0.1842
vn 0.2482 -0.9109 0.3298
vn -0.8280 -0.1226 -0.5472
vn -0.7468 0.6390 -0.1842
vn 0.2482 -0.9109 -0.3297
vn 0.2875 0.6683 -0.6861
vn 0.2871 0.6689 0.6857
vn -0.7999 -0.0279 0.5995
vn -0.7249 0.1660 0.6686
vn 0.0872 -0.9270 0.3648
vn -0.7999 -0.0279 -0.5995
vn -0.7249 0.1660 -0.6686
vn 0.0872 -0.9270 -0.3649
vn -0.2542 -0.2087 0.9444
vn -0.8258 -0.1319 -0.5482
vn -0.7311 0.6650 -0.1525
vn -0.7309 0.6652 0.1526
vn 0.4154 -0.8559 0.3080
vn 0.4149 -0.8561 -0.3081
vn 0.6687 0.5389 -0.5122
vn 0.0351 0.9886 -0.1463
vn 0.4046 -0.8593 -0.3129
vn 0.6689 0.5392 0.5118
vn 0.0353 0.9886 0.1461
vn 0.4050 -0.8591 0.3129
vn 0.1063 0.7217 0.6840
vn 0.1063 0.7217 -0.6840
vn -0.0949 -0.8185 -0.5666
vn 0.6779 -0.7133 -0.1779
vn -0.8950 0.3066 -0.3239
vn -0.0950 -0.8185 0.5666
vn 0.6779 -0.7133 0.1779
vn -0.8950 0.3065 0.3240
vn 0.9727 0.0676 0.2221
vn -0.4955 0.6309 0.5970
vn -0.2650 0.7136 0.6485
vn 0.2578 0.6890 0.6774
vn 0.7340 -0.5807 0.3522
vn -0.7183 -0.5964 0.3582
vn -0.4955 0.6309 -0.5970
vn -0.2649 0.7136 -0.6485
vn -0.7183 -0.5964 -0.3582
vn 0.4546 0.6788 -0.5767
vn 0.2578 0.6889 -0.6774
vn 0.7340 -0.5807 -0.3522
vn -0.9992 0.0175 0.0364
vn 0.7312 0.1632 0.6623
vn -0.3640 -0.9311 -0.0235
vn 0.3243 0.9172 0.2315
vn 0.7310 0.1638 -0.6625
vn -0.9625 -0.2014 -0.1819
vn -0.3641 -0.9311 0.0235
vn 0.3243 0.9172 -0.2315
vn 0.7283 -0.6630 0.1735
vn 0.0005 -0.9656 0.2599
vn 0.0003 -0.4582 0.8888
vn 0.4912 -0.2647 0.8299
vn 0.4885 -0.6383 -0.5949
vn 0.0003 -0.8391 -0.5440
vn -0.7245 -0.6652 0.1804
vn -0.4912 -0.2642 0.8300
vn -0.4886 -0.6379 -0.5953
vn -1.0000 0.0015 0.0062
vn -0.6818 0.1809 0.7088
vn -0.6820 -0.1810 -0.7086
vn -0.7273 0.6647 -0.1711
vn -0.4918 0.6401 0.5903
vn -0.4941 0.2678 -0.8272
vn 0.0005 0.9656 -0.2600
vn 0.0003 0.8439 0.5365
vn 0.0004 0.4662 -0.8847
vn 0.7274 0.6647 -0.1705
vn 0.4921 0.6403 0.5898
vn 0.4940 0.2690 -0.8268
vn 1.0000 0.0016 0.0065
vn 0.6815 0.1808 0.7091
vn 0.6817 -0.1808 -0.7089
vn 0.3061 0.2375 0.9219
vn 0.8267 0.1330 -0.5467
vn 0.7443 -0.6479 -0.1617
vn 0.7443 -0.6479 0.1620
vn -0.3704 0.8733 0.3165
vn -0.3707 0.8732 -0.3165
vn -0.6573 -0.5301 -0.5357
vn -0.0177 -0.9879 -0.1542
vn -0.3837 0.8687 -0.3133
vn -0.6572 -0.5303 0.5355
vn -0.0176 -0.9879 0.1540
vn -0.3835 0.8688 0.3133
vn -0.9217 -0.3642 0.1337
vn -0.2185 0.9268 -0.3054
vn 0.9805 -0.1901 0.0502
vn 0.1198 0.5343 0.8368
vn 0.5005 0.6923 -0.5198
vn 0.9791 0.1017 -0.1764
vn 0.9790 0.1015 0.1766
vn -0.8004 0.5025 0.3268
vn -0.8003 0.5028 -0.3267
vn -0.1151 -0.7908 -0.6011
vn 0.7018 -0.6931 -0.1645
vn -0.8496 0.4301 -0.3052
vn -0.1149 -0.7912 0.6007
vn 0.7016 -0.6933 0.1645
vn -0.8498 0.4297 0.3053
vn 0.7240 0.1211 -0.6791
vn 0.7244 0.1218 0.6786
vn -0.8262 -0.1335 0.5474
vn -0.7446 0.6475 0.1621
vn 0.3703 -0.8733 0.3166
vn -0.8262 -0.1335 -0.5474
vn -0.7446 0.6475 -0.1621
vn 0.3703 -0.8733 -0.3166
vn -0.7071 -0.7071 -0.0000
vn -0.4083 -0.4082 -0.8165
vn -0.4083 -0.4082 0.8165
vn 0.7071 -0.7071 -0.0000
vn 0.4083 -0.4082 -0.8165
vn 0.4083 -0.4082 0.8165
vn 0.7815 0.5719 -0.2496
vn -0.6983 0.6024 -0.3867
vn -0.3477 -0.0116 -0.9375
vn 0.3480 -0.0116 -0.9374
vn 0.3915 0.6764 0.6239
vn -0.3915 0.6762 0.6241
vn -0.7066 -0.6305 0.3212
vn -0.4091 -0.7369 -0.5382
vn -0.4076 0.0098 0.9131
vn 0.7066 -0.6303 0.3216
vn 0.4089 -0.7369 -0.5383
vn 0.4076 0.0101 0.9131
vn -0.5773 -0.7829 0.2322
vn 0.8153 -0.5493 0.1831
vn 0.4122 -0.5309 -0.7404
vn -0.3524 -0.7215 -0.5960
vn -0.3694 -0.2647 0.8908
vn 0.3967 -0.0153 0.9178
vn 0.5471 0.7550 -0.3615
vn 0.2605 0.2417 -0.9347
vn 0.3384 0.5713 0.7477
vn -0.7754 0.5468 -0.3158
vn -0.2770 0.0587 -0.9591
vn -0.3639 0.3637 0.8575
vn -0.7245 -0.6893 -0.0000
vn 0.0001 -1.0000 -0.0000
vn -0.0000 -0.6747 -0.7381
vn -0.4916 -0.4676 -0.7346
vn -0.4916 -0.4676 0.7346
vn -0.0000 -0.6747 0.7381
vn 0.7236 -0.6902 -0.0000
vn 0.4911 -0.4685 -0.7344
vn 0.4911 -0.4685 0.7344
vn 0.6819 -0.0000 -0.7314
vn 0.6819 -0.0000 0.7314
vn 0.7236 0.6903 -0.0000
vn 0.4911 0.4685 -0.7344
vn 0.4911 0.4685 0.7344
vn 0.0001 1.0000 -0.0000
vn -0.0000 0.6748 -0.7380
vn -0.0000 0.6748 0.7380
vn -0.7245 0.6893 -0.0000
vn -0.4916 0.4677 -0.7346
vn -0.4916 0.4677 0.7346
vn -0.6823 -0.0000 -0.7311
vn -0.6823 -0.0000 0.7311
vn -0.0000 1.0000 0.0003
vn -0.7239 0.6899 0.0001
vn -0.4913 0.4683 -0.7344
vn -0.0003 0.6747 -0.7381
vn -0.0004 0.6743 0.7385
vn -0.4913 0.4682 0.7345
vn -0.7240 -0.6898 0.0001
vn -0.4913 -0.4685 -0.7343
vn -0.4912 -0.4676 0.7348
vn -0.0005 -1.0000 -0.0025
vn -0.0003 -0.6733 -0.7394
vn -0.0003 -0.6720 0.7405
vn 0.7237 -0.6902 -0.0000
vn 0.4909 -0.4687 -0.7344
vn 0.4910 -0.4677 0.7350
vn 1.0000 -0.0000 0.0001
vn 0.6821 -0.0000 -0.7313
vn 0.6820 -0.0000 0.7314
vn 0.7236 0.6902 -0.0013
vn 0.4901 0.4687 -0.7349
vn 0.4909 0.4672 0.7353
vn 0.7644 0.5804 0.2808
vn 0.6481 -0.6844 -0.3340
vn 0.3910 -0.7656 0.5109
vn 0.4149 -0.0599 0.9079
vn 0.4126 0.6855 -0.5998
vn 0.3926 -0.0605 -0.9177
vn -0.7086 -0.6690 -0.2242
vn -0.6895 0.5595 0.4599
vn -0.4082 -0.4082 -0.8165
vn -0.4082 -0.4082 0.8165
vn 0.4082 -0.4082 -0.8165
vn 0.4082 -0.4082 0.8165
vn 0.9178 0.3924 -0.0609
vn -0.5595 0.6625 -0.4980
vn -0.1719 0.0499 -0.9838
vn 0.1719 0.0499 -0.9839
vn 0.3211 0.3863 0.8647
vn -0.3211 0.3863 0.8647
vn -0.5582 -0.8224 0.1097
vn -0.1709 -0.7259 -0.6663
vn -0.3207 0.3334 0.8866
vn 0.5581 -0.8225 0.1097
vn 0.1709 -0.7259 -0.6662
vn 0.3207 0.3335 0.8865
vn 0.4151 -0.9087 -0.0440
vn -0.1772 0.5943 -0.7845
vn -0.9105 0.0137 -0.4133
vn -0.7104 -0.6988 -0.0844
vn 0.8846 0.3784 -0.2725
vn 0.7227 0.5804 -0.3753
vn -0.1770 0.5943 0.7845
vn -0.9105 0.0137 0.4132
vn 0.7227 0.5803 0.3753
vn 0.0219 -0.9414 0.3365
vn -0.7103 -0.6988 0.0845
vn 0.8847 0.3783 0.2725
vn 0.3971 -0.8720 0.2861
vn -0.4961 -0.8682 -0.0063
vn 0.4062 -0.9138 -0.0038
vn 0.4068 -0.6484 -0.6435
vn 0.2649 -0.6783 -0.6854
vn 0.2612 -0.9653 -0.0009
vn -0.4931 -0.6159 0.6143
vn 0.4084 -0.6440 0.6469
vn 0.2608 -0.6784 0.6868
vn -0.4986 0.0002 0.8668
vn 0.4043 0.0001 0.9146
vn 0.2689 -0.0001 0.9632
vn -0.4931 0.6164 0.6139
vn 0.4084 0.6442 0.6466
vn 0.2607 0.6783 0.6870
vn -0.4961 0.8682 -0.0066
vn 0.4062 0.9138 -0.0039
vn 0.2613 0.9653 -0.0008
vn -0.4957 0.6210 -0.6071
vn 0.4069 0.6482 -0.6436
vn 0.2650 0.6785 -0.6851
vn -0.4949 -0.0002 -0.8690
vn 0.4065 -0.0001 -0.9136
vn 0.2629 0.0001 -0.9648
vn -0.0000 0.7063 0.7079
vn -0.0000 0.8329 0.5534
vn 0.7684 0.5331 0.3542
vn 0.7337 0.4800 0.4810
vn -0.7337 0.4799 0.4810
vn -0.7684 0.5331 0.3542
vn -0.0000 0.5572 -0.8304
vn 0.8736 0.2712 -0.4042
vn -0.8736 0.2712 -0.4042
vn -0.0000 -0.7035 -0.7107
vn 0.7344 -0.4775 -0.4824
vn -0.7344 -0.4775 -0.4824
vn -0.0000 -1.0000 -0.0017
vn 0.7352 -0.6779 -0.0012
vn -0.7352 -0.6779 -0.0012
vn -0.0000 -0.7046 0.7096
vn 0.7346 -0.4780 0.4815
vn -0.7346 -0.4780 0.4815
vn 0.7339 -0.0000 0.6792
vn -0.7339 -0.0000 0.6792
vn -0.0000 0.7045 0.7097
vn 0.7346 0.4780 0.4815
vn -0.7346 0.4780 0.4815
vn -0.0000 1.0000 -0.0017
vn 0.7352 0.6778 -0.0012
vn -0.7352 0.6779 -0.0012
vn -0.0000 0.7035 -0.7107
vn 0.7344 0.4775 -0.4824
vn -0.7344 0.4775 -0.4824
vn -0.0000 -0.5572 -0.8304
vn 0.8736 -0.2712 -0.4042
vn -0.8736 -0.2712 -0.4041
vn -0.0000 -0.8329 0.5534
vn 0.7684 -0.5330 0.3542
vn -0.7684 -0.5331 0.3542
vn -0.0000 -0.7064 0.7079
vn 0.7337 -0.4800 0.4810
vn -0.7337 -0.4800 0.4810
vn -0.0000 -1.0000 0.0024
vn 0.7352 -0.6778 0.0016
vn -0.7352 -0.6778 0.0016
vn -0.0000 -0.7041 -0.7101
vn 0.7348 -0.4776 -0.4817
vn -0.7348 -0.4776 -0.4817
vn -0.0000 -0.0000 -1.0000
vn 0.7337 -0.0000 -0.6795
vn -0.7337 -0.0000 -0.6795
vn -0.0000 0.7041 -0.7101
vn 0.7348 0.4776 -0.4817
vn -0.7348 0.4776 -0.4817
vn -0.0000 1.0000 0.0024
vn 0.7352 0.6778 0.0016
vn -0.7352 0.6778 0.0017
vn -0.9699 0.0480 0.2388
vn 0.8854 -0.2059 0.4168
vn 0.4294 -0.8997 0.0782
vn -0.3779 -0.9207 0.0971
vn 0.0539 0.9562 0.2875
vn -0.1537 0.9479 0.2792
vn 0.8854 -0.2059 -0.4168
vn 0.4294 -0.8997 -0.0782
vn -0.1537 0.9479 -0.2792
vn -0.8536 -0.2552 -0.4542
vn -0.3779 -0.9207 -0.0971
vn 0.0539 0.9563 -0.2875
vn 0.5193 0.8546 -0.0000
vn 0.2966 0.4881 -0.8208
vn -0.8547 0.5192 -0.0000
vn -0.4985 0.3028 -0.8123
vn -0.4985 0.3028 0.8123
vn 0.3673 -0.0616 0.9281
vn 0.6571 -0.5317 -0.5344
vn 0.0163 -0.9880 -0.1533
vn 0.0164 -0.9880 0.1536
vn 0.3835 0.8689 0.3131
vn 0.3832 0.8690 -0.3131
vn -0.8257 0.1344 -0.5478
vn -0.7452 -0.6467 -0.1625
vn 0.3702 0.8733 -0.3167
vn -0.8259 0.1343 0.5476
vn -0.7452 -0.6468 0.1624
vn 0.3704 0.8732 0.3167
vn 0.7335 -0.4838 -0.4775
vn -0.0000 -0.8354 -0.5496
vn 0.7675 -0.5356 -0.3524
vn -0.7698 -0.5293 0.3568
vn -0.0000 0.5961 -0.8029
vn -0.0000 -0.6500 -0.7599
vn 0.7797 -0.5028 -0.3732
vn 0.8590 0.3052 -0.4111
vn -0.8590 0.3052 -0.4111
vn -0.7797 -0.5028 -0.3732
vn -0.0000 -0.6495 0.7604
vn 0.7798 -0.5025 0.3733
vn -0.7798 -0.5025 0.3733
vn -0.0000 0.5964 0.8027
vn 0.8589 0.3055 0.4111
vn -0.8589 0.3055 0.4111
vn 0.6840 -0.6751 0.2762
vn 0.7109 0.6815 -0.1738
vn -0.8110 0.5567 -0.1798
vn -0.4072 0.0246 -0.9130
vn -0.4099 0.5377 0.7368
vn -0.5895 -0.7715 0.2394
vn -0.3709 -0.7170 -0.5903
vn -0.3692 -0.2560 0.8934
vn 0.2698 -0.7552 0.5975
vn 0.1616 0.6213 0.7667
vn 0.6872 0.4773 0.5476
vn 0.9046 -0.1959 0.3785
vn -0.5672 -0.7386 0.3643
vn -0.8874 0.1998 0.4155
vn 0.1619 0.6205 -0.7673
vn 0.6880 0.4765 -0.5474
vn -0.8876 0.1989 -0.4155
vn 0.2710 -0.7544 -0.5978
vn 0.9045 -0.1967 -0.3783
vn -0.5667 -0.7392 -0.3638
vn 0.9200 -0.2322 0.3156
vn -0.5542 -0.1150 0.8244
vn -0.1677 0.6622 0.7303
vn 0.1678 0.6621 0.7304
vn 0.3192 -0.8829 -0.3443
vn -0.3193 -0.8829 -0.3443
vn -0.6808 0.1163 -0.7232
vn -0.4666 0.8844 -0.0001
vn -0.4331 -0.9013 -0.0008
vn 0.6809 0.1158 -0.7232
vn 0.4667 0.8844 -0.0003
vn 0.4331 -0.9014 -0.0004
vn -0.9178 -0.3924 -0.0609
vn 0.5596 -0.6625 -0.4980
vn 0.1719 -0.0499 -0.9839
vn -0.1719 -0.0499 -0.9838
vn -0.3211 -0.3863 0.8647
vn 0.3211 -0.3863 0.8647
vn 0.5582 0.8224 0.1097
vn 0.1709 0.7259 -0.6662
vn 0.3207 -0.3334 0.8866
vn -0.5582 0.8224 0.1097
vn -0.1709 0.7259 -0.6663
vn -0.3207 -0.3334 0.8866
vn 0.8165 -0.4083 -0.4083
vn 0.8165 0.4083 -0.4083
vn 0.8165 -0.4083 0.4082
vn 0.8165 0.4083 0.4082
vn -0.7091 -0.0289 -0.7045
vn 0.7064 0.0323 -0.7071
vn 0.3756 0.8311 -0.4101
vn -0.4400 0.8008 -0.4063
vn -0.3734 -0.8332 -0.4078
vn 0.4423 -0.7985 -0.4084
vn 0.7063 0.0324 0.7071
vn 0.3756 0.8311 0.4102
vn 0.4423 -0.7985 0.4084
vn -0.7067 -0.0252 0.7071
vn -0.4400 0.8008 0.4063
vn -0.3734 -0.8332 0.4078
vn 0.5728 -0.6488 0.5009
vn -0.2819 0.6604 0.6960
vn 0.8331 0.3330 0.4417
vn 0.8236 0.1837 0.5365
vn -0.2190 -0.8910 0.3977
vn -0.8314 -0.3147 0.4579
vn -0.2818 0.6605 -0.6960
vn 0.8330 0.3331 -0.4417
vn -0.8314 -0.3148 -0.4579
vn 0.6616 -0.3139 -0.6810
vn 0.8235 0.1837 -0.5367
vn -0.2188 -0.8911 -0.3976
vn -0.4082 0.8165 -0.4082
vn -0.4082 -0.8165 -0.4082
vn 0.4083 0.8165 0.4082
vn -0.4082 -0.8165 -0.4083
vn 0.4083 -0.8165 -0.4083
vn -0.4082 -0.8165 0.4083
vn 0.0948 0.7454 -0.6598
vn 0.2457 -0.6401 -0.7279
vn 0.7458 -0.3931 -0.5378
vn 0.8525 0.3398 -0.3972
vn -0.7377 0.5504 -0.3909
vn -0.8011 -0.4326 -0.4136
vn 0.2457 -0.6401 0.7279
vn 0.7458 -0.3932 0.5378
vn -0.8011 -0.4326 0.4136
vn 0.0948 0.7454 0.6599
vn 0.8525 0.3398 0.3973
vn -0.7377 0.5504 0.3909
vn -0.1571 0.6894 -0.7071
vn -0.1571 0.6894 0.7071
vn 0.1571 -0.6894 0.7071
vn 0.1571 -0.6894 -0.7071
vn -0.1568 0.6892 0.7074
vn -0.1569 0.6895 -0.7071
vn 0.7056 0.5792 -0.4083
vn 0.7057 0.5792 0.4081
vn -0.8867 0.2170 -0.4082
vn 0.1569 -0.6895 -0.7071
vn 0.8867 -0.2170 -0.4082
vn -0.7056 -0.5792 -0.4083
vn 0.1574 -0.6894 0.7071
vn 0.8866 -0.2170 0.4085
vn -0.7054 -0.5794 0.4083
vn -0.6801 0.1150 0.7241
vn -0.5583 -0.1153 -0.8216
vn -0.1709 0.6617 -0.7300
vn -0.4662 0.8847 -0.0003
vn -0.4330 -0.9014 -0.0006
vn -0.3206 -0.8848 0.3383
vn 0.5584 -0.1152 -0.8215
vn 0.1709 0.6617 -0.7301
vn 0.3206 -0.8847 0.3383
vn 0.6810 0.1161 0.7230
vn 0.4662 0.8847 -0.0003
vn 0.4331 -0.9014 -0.0007
vn 0.6820 0.1154 0.7222
vn -0.6806 0.1172 0.7232
vn -0.5570 -0.1187 -0.8220
vn -0.1698 0.6590 -0.7327
vn -0.3201 -0.8830 0.3435
vn 0.5565 -0.1181 -0.8224
vn 0.1693 0.6592 -0.7326
vn 0.3201 -0.8827 0.3440
vn -0.1200 0.5369 -0.8351
vn -0.4977 0.6932 0.5214
vn -0.9786 0.1040 0.1776
vn -0.9786 0.1042 -0.1773
vn 0.7999 0.5031 -0.3271
vn 0.8001 0.5027 0.3272
vn 0.1133 -0.7928 0.5988
vn -0.7033 -0.6919 0.1632
vn 0.8498 0.4300 0.3048
vn 0.1135 -0.7926 -0.5991
vn -0.7036 -0.6916 -0.1632
vn 0.8496 0.4305 -0.3046
vn -0.8872 0.2400 -0.3941
vn -0.0000 -0.8541 0.5201
vn 0.6825 -0.1142 -0.7219
vn -0.6808 -0.1158 -0.7232
vn -0.5540 0.1150 0.8245
vn -0.1676 -0.6623 0.7303
vn -0.3192 0.8829 -0.3443
vn 0.5541 0.1149 0.8245
vn 0.1677 -0.6623 0.7303
vn 0.3193 0.8829 -0.3443
vn 0.6802 0.1138 -0.7241
vn 0.5552 -0.1111 0.8243
vn 0.1686 0.6654 0.7272
vn 0.3197 -0.8848 -0.3391
vn -0.5552 -0.1110 0.8243
vn -0.1686 0.6654 0.7272
vn -0.3197 -0.8848 -0.3391
vn -0.6813 0.1148 -0.7230
vn 0.3389 0.8351 -0.4333
vn 0.6819 -0.7230 0.1114
vn 0.4653 -0.0000 0.8852
vn 0.1665 0.7240 0.6694
vn 0.3188 -0.3394 -0.8850
vn 0.4322 -0.0000 -0.9018
vn -0.6818 -0.7230 0.1114
vn -0.4653 -0.0000 0.8852
vn -0.4322 -0.0000 -0.9018
vn -0.5513 0.8276 -0.1060
vn -0.1658 0.7238 0.6697
vn -0.3186 -0.3400 -0.8848
vn 0.7397 0.6729 -0.0000
vn 0.4280 0.3893 0.8156
vn -0.3154 0.5642 0.7630
vn 0.4280 0.3893 -0.8156
vn -0.0961 -0.6733 0.7331
vn -0.0976 -0.6744 -0.7319
vn -0.8897 -0.2214 -0.3992
vn -0.8898 -0.2210 0.3993
vn 0.7817 -0.4950 0.3793
vn 0.7814 -0.4954 -0.3794
vn -0.1136 0.9560 -0.2704
vn -0.8426 0.5370 -0.0413
vn 0.8971 -0.3589 -0.2576
vn -0.1138 0.9561 0.2700
vn -0.8425 0.5371 0.0413
vn 0.8972 -0.3587 0.2575
vn -0.6696 0.7372 0.0899
vn -0.7224 -0.6632 -0.1957
vn -0.3045 -0.2845 -0.9090
vn -0.4057 0.5457 -0.7332
vn -0.4086 0.3459 0.8446
vn -0.3787 -0.2960 0.8769
vn 0.6166 -0.7489 -0.2428
vn 0.2676 -0.3414 -0.9011
vn 0.3583 -0.3542 0.8638
vn 0.7367 0.6705 0.0880
vn 0.3977 0.4667 -0.7899
vn 0.3946 0.2547 0.8828
vn -0.8536 -0.4856 -0.1888
vn 0.0275 0.9595 -0.2805
vn -0.4107 0.8947 0.1753
vn -0.4007 -0.5029 0.7658
vn -0.8119 -0.5837 -0.0022
vn -0.8096 0.4186 -0.4114
vn 0.6754 0.6790 0.2877
vn 0.6233 0.5330 0.5722
vn 0.3725 0.3525 -0.8585
vn 0.6797 -0.2895 0.6739
vn 0.6137 0.0337 0.7889
vn 0.3741 -0.8545 -0.3605
vn 0.6818 0.7230 0.1114
vn 0.5513 -0.8275 -0.1060
vn 0.1658 -0.7238 0.6697
vn 0.3186 0.3400 -0.8848
vn -0.5522 -0.8269 -0.1065
vn -0.1665 -0.7240 0.6694
vn -0.3188 0.3393 -0.8850
vn -0.6819 0.7229 0.1114
vn -0.9187 0.2328 -0.3192
vn 0.6324 0.7154 -0.2971
vn 0.6170 0.7869 0.0097
vn -0.6170 0.7869 0.0097
vn -0.3754 -0.3230 -0.8688
vn 0.3754 -0.3230 -0.8688
vn 0.6814 -0.1138 0.7230
vn -0.6814 -0.1138 0.7230
vn -0.3503 -0.9326 -0.0868
vn -0.3986 0.4072 0.8218
vn -0.1824 -0.4201 0.8890
vn -0.3275 -0.0239 -0.9446
vn -0.3986 0.4073 -0.8217
vn 0.3986 0.4072 0.8218
vn 0.3986 0.4073 -0.8217
vn 0.5663 -0.7950 0.2175
vn 0.1824 -0.4201 0.8890
vn 0.3275 -0.0239 -0.9446
vn 0.0477 -0.7756 0.6294
vn 0.0330 -0.7862 -0.6171
vn 0.0052 0.6197 -0.7848
vn -0.8491 0.3257 -0.4158
vn 0.8521 0.3260 -0.4094
vn 0.0052 0.6199 0.7846
vn -0.8491 0.3259 0.4158
vn 0.8520 0.3262 0.4094
vn -0.6842 -0.1784 -0.7071
vn 0.6842 0.1784 -0.7071
vn 0.1890 0.8931 -0.4083
vn -0.6010 0.6871 -0.4083
vn -0.1890 -0.8931 -0.4082
vn 0.6010 -0.6871 -0.4082
vn 0.6842 0.1784 0.7071
vn 0.1890 0.8931 0.4083
vn 0.6010 -0.6871 0.4082
vn -0.6842 -0.1784 0.7071
vn -0.6010 0.6871 0.4083
vn -0.1890 -0.8931 0.4082
vn 0.6820 -0.7227 0.1121
vn -0.6820 -0.7227 0.1121
vn -0.4660 -0.0000 0.8848
vn 0.4660 -0.0000 0.8848
vn 0.4327 -0.0000 -0.9016
vn -0.4327 -0.0000 -0.9016
vn -0.5583 0.8224 -0.1094
vn -0.1710 0.7256 0.6665
vn -0.3207 -0.3331 -0.8867
vn 0.5576 0.8229 -0.1090
vn 0.1705 0.7255 0.6668
vn 0.3206 -0.3336 -0.8865
vn 0.1857 -0.2411 0.9526
vn 0.1002 -0.8018 -0.5892
vn -0.6976 -0.6961 -0.1699
vn -0.6976 -0.6960 0.1699
vn 0.8670 0.3878 0.3130
vn 0.8670 0.3878 -0.3130
vn -0.4839 0.6837 -0.5463
vn -0.9776 0.0982 -0.1862
vn 0.8184 0.4699 -0.3308
vn -0.4838 0.6837 0.5463
vn -0.9776 0.0982 0.1862
vn 0.8184 0.4699 0.3309
vn -0.0000 -0.6499 -0.7600
vn -0.7798 -0.5027 -0.3732
vn 0.7799 -0.5026 -0.3732
vn -0.8589 0.3054 0.4111
vn 0.0001 -0.6494 0.7604
vn -0.7799 -0.5024 0.3733
vn 0.7799 -0.5023 0.3733
vn 0.5151 0.8472 -0.1298
vn -0.3643 -0.7231 -0.5868
vn 0.8240 -0.3783 -0.4219
vn 0.4938 -0.3568 -0.7930
vn -0.0191 0.9398 -0.3411
vn -0.8767 0.2362 -0.4190
vn -0.3614 -0.7220 0.5900
vn 0.8250 -0.3760 0.4218
vn -0.8756 0.2389 0.4199
vn 0.7855 -0.4325 0.4426
vn 0.4960 -0.3506 0.7944
vn -0.0144 0.9402 0.3403
vn 0.7676 0.0561 -0.6384
vn -0.6707 -0.2601 -0.6946
vn -0.3607 -0.7832 -0.5065
vn -0.5450 0.7340 -0.4053
vn -0.6707 -0.2601 0.6946
vn -0.3607 -0.7832 0.5065
vn -0.5450 0.7340 0.4053
vn 0.7164 -0.0259 0.6972
vn 0.9185 -0.3207 -0.2312
vn -0.5576 -0.8229 -0.1090
vn -0.1705 -0.7255 0.6668
vn 0.1710 -0.7256 0.6665
vn 0.3207 0.3331 -0.8867
vn -0.3205 0.3336 -0.8865
vn -0.6819 0.7228 0.1121
vn 0.6820 0.7227 0.1121
vn 0.2838 -0.2111 -0.9354
vn 0.7853 -0.0285 0.6185
vn 0.7327 0.2252 0.6422
vn 0.7327 0.2252 -0.6422
vn -0.0420 -0.9276 -0.3713
vn -0.0420 -0.9276 0.3713
vn -0.3248 0.6525 0.6846
vn -0.3248 0.6525 -0.6846
vn 0.4224 0.8891 -0.1766
vn -0.7827 -0.6021 0.1578
vn 0.7252 -0.5589 -0.4022
vn 0.1592 -0.3075 -0.9381
vn 0.4969 -0.1063 0.8612
vn 0.0001 -0.7071 -0.7071
vn -0.8165 0.4083 -0.4083
vn -0.8165 -0.4083 -0.4083
vn 0.0001 -0.7071 0.7071
vn -0.8165 -0.4083 0.4083
vn -0.8165 0.4083 0.4083
vn 0.6709 0.7415 -0.0000
vn 0.9495 0.3138 -0.0000
vn 0.6530 0.2158 -0.7260
vn 0.4697 0.5191 -0.7140
vn 0.4697 0.5191 0.7140
vn 0.6530 0.2158 0.7260
vn 0.7049 0.7067 -0.0611
vn -0.8185 0.5710 -0.0641
vn -0.8342 -0.5515 0.0063
vn -0.5858 -0.3859 -0.7127
vn -0.5772 -0.3829 0.7212
vn -0.4153 -0.9097 -0.0000
vn -0.2853 -0.6249 -0.7267
vn -0.2853 -0.6249 0.7267
vn 0.6672 -0.7449 -0.0000
vn 0.3743 -0.4179 -0.8278
vn 0.3743 -0.4179 0.8278
vn 0.8731 0.4876 -0.0000
vn 0.5715 0.3192 -0.7560
vn 0.5715 0.3192 0.7560
vn 0.9330 -0.2062 -0.2949
vn 0.0356 -0.5027 -0.8637
vn -0.4069 -0.7635 -0.5015
vn 0.6190 -0.7845 0.0370
vn 0.3726 0.3521 -0.8586
vn -0.8109 -0.0082 -0.5852
vn -0.7087 0.6393 0.2984
vn -0.9524 -0.3048 -0.0016
vn -0.9472 0.3208 0.0017
vn 0.7088 0.1274 0.6938
vn 0.4222 -0.9065 -0.0013
vn 0.4567 0.8896 0.0001
vn -0.7598 -0.6222 -0.1884
vn 0.2785 0.9116 0.3022
vn 0.7254 -0.5590 0.4015
vn 0.1599 -0.3077 0.9379
vn 0.4971 -0.1065 -0.8612
vn -0.7377 -0.0454 0.6736
vn -0.7436 -0.0374 -0.6676
vn 0.6979 0.2029 -0.6868
vn 0.6979 0.2029 0.6868
vn -0.0000 -0.7075 0.7068
vn -0.0000 -0.8324 0.5541
vn -0.7686 -0.5325 0.3545
vn -0.7341 -0.4803 0.4799
vn 0.7341 -0.4804 0.4799
vn 0.7686 -0.5325 0.3545
vn -0.0000 -0.5571 -0.8304
vn 0.8736 -0.2711 -0.4041
vn 0.7343 0.4775 -0.4824
vn 0.7352 0.6778 -0.0011
vn -0.7346 0.4781 0.4815
vn -0.7346 -0.4781 0.4815
vn 0.7352 -0.6779 -0.0011
vn -0.0000 0.5571 -0.8304
vn -0.8736 0.2712 -0.4041
vn 0.8736 0.2711 -0.4041
vn -0.0000 0.8324 0.5541
vn -0.7686 0.5326 0.3545
vn 0.7686 0.5325 0.3545
vn -0.0000 0.7074 0.7068
vn -0.7341 0.4803 0.4799
vn 0.7341 0.4804 0.4799
vn -0.0000 1.0000 0.0021
vn -0.7346 0.6785 0.0014
vn 0.7346 0.6785 0.0014
vn -0.0000 0.7054 -0.7088
vn -0.7351 0.4782 -0.4805
vn 0.7351 0.4782 -0.4806
vn -0.7336 -0.0000 -0.6795
vn 0.7336 -0.0000 -0.6795
vn -0.0000 -0.7054 -0.7088
vn -0.7351 -0.4783 -0.4805
vn 0.7351 -0.4782 -0.4805
vn -0.0000 -1.0000 0.0021
vn -0.7346 -0.6785 0.0014
vn 0.7346 -0.6785 0.0014
vn 0.6672 -0.7449 0.0001
vn 0.3743 -0.4180 -0.8277
vn -0.4158 -0.9095 -0.0001
vn -0.2855 -0.6250 0.7265
vn -0.2853 -0.6253 -0.7264
vn -0.8342 -0.5514 -0.0062
vn -0.5857 -0.3859 0.7127
vn -0.5773 -0.3829 -0.7212
vn -0.8187 0.5707 0.0631
vn 0.7049 0.7065 0.0629
vn 0.9205 0.0926 -0.3797
vn -0.5529 -0.2121 -0.8058
vn -0.1668 -0.8928 -0.4185
vn 0.1668 -0.8928 -0.4185
vn 0.3189 0.9476 -0.0212
vn -0.3189 0.9476 -0.0212
vn -0.5529 -0.2121 0.8058
vn -0.1668 -0.8928 0.4185
vn -0.3188 0.9476 0.0212
vn 0.5529 -0.2121 0.8058
vn 0.1668 -0.8928 0.4185
vn 0.3189 0.9476 0.0212
vn -0.9186 -0.2329 0.3193
vn 0.6324 -0.7155 0.2968
vn 0.6172 -0.7868 -0.0098
vn -0.6170 -0.7869 -0.0098
vn -0.3754 0.3230 0.8688
vn 0.3753 0.3228 0.8689
vn 0.6814 0.1138 -0.7230
vn -0.6814 0.1138 -0.7230
vn 0.9015 0.0001 -0.4327
vn 0.9015 0.0001 0.4327
vn 0.0945 -0.8187 0.5663
vn -0.6783 -0.7130 0.1777
vn 0.8951 0.3066 0.3238
vn 0.0945 -0.8187 -0.5663
vn -0.6783 -0.7130 -0.1777
vn 0.8951 0.3066 -0.3238
vn 0.2269 0.3316 -0.9157
vn 0.0943 0.8189 0.5662
vn -0.6784 0.7129 0.1776
vn -0.6784 0.7129 -0.1776
vn 0.8950 -0.3067 0.3239
vn -0.1062 -0.7217 0.6840
vn -0.1062 -0.7217 -0.6840
vn -0.6076 0.2560 0.7519
vn -0.6130 0.2728 -0.7415
vn 0.2976 0.8449 -0.4445
vn 0.2976 0.8449 0.4445
vn -0.2163 -0.8826 0.4174
vn -0.2163 -0.8826 -0.4174
vn 0.6145 -0.4438 -0.6522
vn 0.6145 -0.4439 0.6522
vn -0.8300 0.4509 0.3283
vn 0.6436 -0.4934 0.5852
vn 0.0163 -0.9845 0.1746
vn -0.7492 -0.6377 0.1791
vn 0.2782 0.9030 0.3274
vn 0.3567 0.8787 0.3173
vn 0.6438 -0.4936 -0.5847
vn 0.0166 -0.9845 -0.1745
vn 0.3572 0.8785 -0.3174
vn -0.8269 0.1270 -0.5478
vn -0.7489 -0.6379 -0.1792
vn 0.2787 0.9028 -0.3274
vn 0.6325 -0.7152 -0.2973
vn 0.6169 -0.7869 0.0098
vn 0.3754 0.3231 -0.8688
vn -0.6325 -0.7153 -0.2971
vn -0.6170 -0.7869 0.0097
vn 0.3403 -0.0504 0.9390
vn 0.6504 -0.5121 -0.5610
vn 0.0174 -0.9861 -0.1654
vn 0.0133 -0.9858 0.1675
vn 0.3635 0.8766 0.3154
vn 0.3703 0.8735 -0.3160
vn -0.8217 0.1304 -0.5548
vn -0.7469 -0.6412 -0.1760
vn 0.3157 0.8916 -0.3247
vn -0.8279 0.1296 0.5458
vn -0.7498 -0.6387 0.1729
vn 0.3087 0.8942 0.3242
vn -0.7032 -0.6814 -0.2031
vn -0.7071 0.6758 0.2081
vn -0.4046 0.1557 0.9012
vn -0.4112 -0.6251 0.6634
vn -0.4084 -0.1601 -0.8986
vn -0.4074 0.6222 -0.6685
vn 0.7071 0.6759 0.2079
vn 0.4047 0.1557 0.9011
vn 0.4074 0.6223 -0.6684
vn 0.7071 -0.6792 -0.1968
vn 0.4111 -0.6252 0.6634
vn 0.4084 -0.1600 -0.8987
vn 0.2166 0.1827 0.9590
vn 0.8371 0.1228 -0.5331
vn 0.7174 -0.6825 -0.1397
vn 0.7148 -0.6849 0.1414
vn -0.4423 0.8453 0.2998
vn -0.4357 0.8483 -0.3008
vn -0.6776 -0.5270 -0.5130
vn -0.0559 -0.9873 -0.1490
vn -0.4135 0.8543 -0.3150
vn -0.6804 -0.5320 0.5040
vn -0.0589 -0.9876 0.1454
vn -0.4201 0.8514 0.3142
vn -0.3691 -0.0616 -0.9274
vn -0.6576 -0.5295 0.5359
vn -0.0185 -0.9878 0.1543
vn -0.0186 -0.9878 -0.1546
vn -0.3837 0.8686 -0.3135
vn -0.3836 0.8687 0.3135
vn 0.8269 0.1324 0.5466
vn 0.7438 -0.6486 0.1615
vn -0.3705 0.8733 0.3164
vn 0.8270 0.1322 -0.5464
vn 0.7438 -0.6486 -0.1614
vn -0.3707 0.8732 -0.3163
vn -0.9187 -0.2328 0.3191
vn -0.3753 0.3230 0.8688
vn 0.3753 0.3227 0.8689
vn 0.3651 0.2609 0.8937
vn 0.8212 0.1315 -0.5553
vn 0.7476 -0.6403 -0.1765
vn 0.7506 -0.6376 0.1734
vn -0.3084 0.8942 0.3244
vn -0.3156 0.8915 -0.3249
vn -0.6503 -0.5132 -0.5601
vn -0.0162 -0.9862 -0.1649
vn -0.3702 0.8737 -0.3158
vn -0.6473 -0.5078 0.5685
vn -0.0122 -0.9859 0.1669
vn -0.3633 0.8767 0.3152
vn 0.7107 0.1281 -0.6917
vn -0.7034 0.6416 -0.3059
vn 0.0328 -0.4899 0.8712
vn -0.4095 -0.7597 0.5052
vn -0.8105 -0.0092 0.5857
vn 0.6758 -0.6840 0.2746
vn 0.6215 -0.7827 -0.0339
vn 0.3722 0.3533 0.8583
vn 0.1064 0.7216 0.6841
vn 0.1064 0.7216 -0.6840
vn 0.8857 -0.0000 -0.4643
vn 0.8856 -0.0000 0.4644
vn -0.9015 -0.0000 0.4328
vn -0.0945 -0.8188 -0.5662
vn 0.6783 -0.7130 -0.1777
vn -0.8951 0.3066 -0.3238
vn -0.0946 -0.8186 0.5665
vn 0.6782 -0.7131 0.1779
vn -0.8951 0.3064 0.3239
vn 0.9736 0.1020 -0.2041
vn 0.4294 -0.8997 -0.0781
vn -0.1538 0.9479 -0.2792
vn -0.8536 -0.2552 0.4542
vn 0.0539 0.9562 0.2876
vn 0.8855 -0.2058 0.4166
vn 0.4294 -0.8997 0.0781
vn -0.1538 0.9479 0.2791
vn 0.0005 -0.9461 0.3238
vn 0.7212 -0.6559 0.2229
vn 0.4925 -0.6818 -0.5409
vn 0.0004 -0.8758 -0.4826
vn 0.0003 -0.4061 0.9138
vn 0.4860 -0.2062 0.8493
vn 1.0000 0.0017 0.0003
vn 0.6802 -0.2380 -0.6934
vn 0.6837 0.2388 0.6896
vn 0.7234 0.6527 -0.2252
vn 0.4907 0.2084 -0.8460
vn 0.4916 0.6803 0.5436
vn 0.0005 0.9471 -0.3209
vn 0.0003 0.4002 -0.9164
vn 0.0004 0.8774 0.4797
vn -0.7233 0.6529 -0.2247
vn -0.4903 0.2080 -0.8464
vn -0.4917 0.6796 0.5444
vn -1.0000 0.0017 0.0003
vn -0.6804 -0.2379 -0.6931
vn -0.6840 0.2387 0.6893
vn -0.7216 -0.6555 0.2227
vn -0.4925 -0.6814 -0.5414
vn -0.4861 -0.2057 0.8493
vn 0.7195 -0.6719 -0.1755
vn 1.0000 0.0017 -0.0064
vn 0.6817 0.1809 -0.7089
vn 0.4906 -0.2646 -0.8302
vn 0.4885 -0.6380 0.5953
vn 0.6815 -0.1809 0.7092
vn 0.7274 0.6646 0.1707
vn 0.4919 0.6401 -0.5901
vn 0.4943 0.2690 0.8266
vn 0.0005 0.9656 0.2601
vn 0.0003 0.8441 -0.5361
vn 0.0004 0.4661 0.8847
vn -0.7272 0.6646 0.1717
vn -0.4915 0.6401 -0.5905
vn -0.4943 0.2677 0.8271
vn -1.0000 0.0011 -0.0041
vn -0.6822 0.1824 -0.7081
vn -0.6818 -0.1823 0.7084
vn -0.7244 -0.6653 -0.1804
vn -0.4908 -0.2641 -0.8303
vn -0.4887 -0.6378 0.5953
vn 0.0005 -0.9654 -0.2608
vn 0.0004 -0.4580 -0.8889
vn 0.0003 -0.8383 0.5452
vn 0.8689 0.4321 0.2413
vn -0.4799 0.8762 0.0452
vn -0.6832 -0.6971 -0.2177
vn 0.7127 -0.7007 0.0337
vn 0.0081 -0.9466 -0.3223
vn -0.7233 -0.6569 -0.2129
vn -0.4828 -0.6815 0.5500
vn 0.0003 -0.8748 0.4845
vn 0.0004 -0.3936 -0.9193
vn -0.4941 -0.2029 -0.8454
vn -1.0000 -0.0027 0.0080
vn -0.6812 -0.2339 0.6937
vn -0.6818 0.2338 -0.6932
vn -0.7273 0.6492 0.2229
vn -0.4978 0.2100 0.8415
vn -0.4878 0.6827 -0.5440
vn 0.0005 0.9490 0.3153
vn 0.0004 0.4044 0.9146
vn 0.0003 0.8794 -0.4762
vn 0.7267 0.6498 0.2228
vn 0.4977 0.2105 0.8414
vn 0.4876 0.6829 -0.5440
vn 1.0000 -0.0021 0.0064
vn 0.6810 -0.2328 0.6943
vn 0.6816 0.2327 -0.6938
vn 0.7229 -0.6570 -0.2138
vn 0.4832 -0.6816 0.5495
vn 0.4941 -0.2043 -0.8451
vn -0.3231 0.3003 0.8975
vn -0.2568 0.7072 -0.6587
vn 0.1220 0.7995 -0.5882
vn 0.1220 0.7994 0.5882
vn -0.8931 -0.2263 0.3889
vn -0.8930 -0.2264 -0.3889
vn 0.6666 -0.2714 -0.6943
vn 0.6665 -0.2716 0.6943
vn 0.3060 0.2374 0.9220
vn 0.8265 0.1330 -0.5470
vn 0.7443 -0.6480 -0.1619
vn 0.7442 -0.6480 0.1618
vn -0.3703 0.8733 0.3164
vn -0.3702 0.8733 -0.3166
vn -0.6575 -0.5299 -0.5356
vn -0.0180 -0.9879 -0.1542
vn -0.3834 0.8688 -0.3133
vn -0.6575 -0.5298 0.5357
vn -0.0181 -0.9879 0.1543
vn -0.3836 0.8687 0.3134
vn -0.3065 -0.2380 0.9216
vn -0.8260 -0.1341 -0.5475
vn -0.7450 0.6471 -0.1623
vn -0.7449 0.6472 0.1621
vn 0.3704 -0.8732 0.3166
vn 0.3702 -0.8733 -0.3167
vn 0.7243 0.1219 -0.6786
vn 0.7243 0.1219 0.6786
vn 0.1479 -0.7417 0.6542
vn 0.1637 0.7071 0.6879
vn 0.1629 0.7073 -0.6879
vn 0.2001 -0.6983 -0.6872
vn -0.6813 -0.7225 0.1178
vn 0.6807 -0.7231 0.1170
vn 0.4340 0.0008 -0.9009
vn -0.4340 -0.0008 -0.9009
vn -0.4687 0.0005 0.8833
vn 0.4687 -0.0005 0.8833
vn 0.6361 0.3035 -0.7095
vn 0.6098 -0.0179 -0.7923
vn 0.3764 0.8693 0.3203
vn -0.6359 0.3025 -0.7100
vn -0.6104 -0.0178 -0.7919
vn -0.3763 0.8696 0.3197
vn 0.3683 -0.0616 0.9277
vn 0.6575 -0.5299 -0.5356
vn 0.0179 -0.9879 -0.1543
vn 0.0178 -0.9879 0.1541
vn 0.3835 0.8688 0.3133
vn 0.3837 0.8687 -0.3134
vn -0.8266 0.1329 -0.5469
vn -0.7442 -0.6481 -0.1618
vn 0.3705 0.8733 -0.3164
vn -0.8265 0.1330 0.5471
vn -0.7443 -0.6479 0.1619
vn -0.3687 -0.0616 -0.9275
vn -0.6575 -0.5295 0.5361
vn -0.0184 -0.9878 0.1545
vn -0.0183 -0.9879 -0.1543
vn -0.3836 0.8687 -0.3134
vn -0.3838 0.8686 0.3135
vn 0.8269 0.1324 0.5465
vn 0.7439 -0.6485 0.1615
vn -0.3706 0.8732 0.3164
vn 0.8267 0.1326 -0.5467
vn 0.7440 -0.6484 -0.1617
vn -0.3704 0.8733 -0.3164
vn -0.7073 -0.6509 0.2758
vn 0.6999 -0.6620 0.2682
vn 0.4053 -0.6967 -0.5919
vn -0.4047 -0.6968 -0.5922
vn -0.3993 -0.0590 0.9149
vn 0.3993 -0.0597 0.9149
vn 0.6489 0.2945 -0.7015
vn 0.6165 -0.0163 -0.7872
vn 0.3870 0.8659 0.3169
vn -0.6488 0.2937 -0.7021
vn -0.6169 -0.0162 -0.7869
vn -0.3869 0.8661 0.3164
vn -0.2271 0.3319 0.9156
vn -0.0943 0.8189 -0.5661
vn 0.6784 0.7129 -0.1775
vn 0.6782 0.7130 0.1778
vn -0.8951 -0.3064 0.3239
vn -0.8950 -0.3067 -0.3238
vn 0.1064 -0.7216 -0.6840
vn 0.1064 -0.7216 0.6841
vn 0.7096 -0.6934 0.1254
vn 0.6772 0.2834 -0.6791
vn 0.6203 -0.0264 -0.7839
vn 0.3730 0.8541 0.3624
vn 0.0362 0.8685 -0.4943
vn -0.4066 0.5115 -0.7570
vn -0.8111 0.5849 0.0001
vn -0.7087 -0.3090 0.6342
vn 0.3486 -0.8273 0.4405
vn 0.5533 0.6610 -0.5070
vn 0.1672 0.0415 -0.9850
vn 0.1718 -0.7309 -0.6606
vn 0.3210 0.3377 0.8848
vn 0.3191 0.3851 0.8659
vn -0.5540 0.6609 -0.5062
vn -0.1679 0.0418 -0.9849
vn -0.3193 0.3858 0.8656
vn -0.5588 -0.8211 0.1161
vn -0.1712 -0.7307 -0.6608
vn -0.3208 0.3383 0.8847
vn -0.2268 -0.3316 -0.9157
vn -0.0942 -0.8189 0.5662
vn 0.6786 -0.7127 0.1776
vn 0.6786 -0.7127 -0.1776
vn -0.8951 0.3065 -0.3237
vn -0.8951 0.3065 0.3238
vn 0.1062 0.7217 0.6841
vn 0.1062 0.7217 -0.6841
vn -0.7250 0.6783 -0.1191
vn 0.0005 0.9845 -0.1756
vn 0.0003 0.7961 0.6052
vn -0.4871 0.5900 0.6439
vn -0.4971 0.3322 -0.8015
vn 0.0004 0.5320 -0.8467
vn 0.7249 0.6787 -0.1182
vn 0.4871 0.5904 0.6436
vn 0.4970 0.3328 -0.8014
vn 1.0000 0.0001 0.0008
vn 0.6817 0.1217 0.7215
vn 0.6821 -0.1216 -0.7211
vn 0.7243 -0.6790 0.1196
vn 0.4957 -0.3328 0.8022
vn 0.4872 -0.5895 -0.6443
vn 0.0005 -0.9845 0.1753
vn 0.0004 -0.5318 0.8468
vn 0.0003 -0.7949 -0.6068
vn -0.7247 -0.6787 0.1193
vn -0.4960 -0.3323 0.8022
vn -0.4873 -0.5892 -0.6445
vn -1.0000 0.0004 0.0021
vn -0.6819 0.1208 0.7214
vn -0.6824 -0.1207 -0.7210
vn 0.4772 0.8467 -0.2354
vn 0.4739 0.8497 0.2312
vn -0.2930 0.9431 0.1571
vn -0.2930 0.9431 -0.1571
vn 0.9582 0.2342 -0.1643
vn 0.9582 0.2343 0.1644
vn 0.2521 0.4599 0.8514
vn -0.5021 0.6699 0.5469
vn 0.8284 -0.0747 0.5551
vn -0.3476 -0.6157 0.7072
vn -0.9123 0.0354 0.4079
vn 0.5159 -0.7517 0.4108
vn -0.3477 -0.6157 -0.7071
vn -0.9123 0.0355 -0.4080
vn 0.5159 -0.7518 -0.4107
vn 0.2518 0.4600 -0.8514
vn -0.5022 0.6701 -0.5466
vn 0.8284 -0.0751 -0.5550
vn 0.7268 -0.1252 -0.6753
vn 0.7399 -0.1139 0.6630
vn -0.9838 0.1521 0.0944
vn -0.3683 0.9281 -0.0550
vn 0.4076 -0.8872 0.2160
vn -0.9838 0.1521 -0.0944
vn -0.3683 0.9281 0.0550
vn 0.4076 -0.8872 -0.2160
vn -0.6850 -0.6970 0.2120
vn -0.4797 0.8762 -0.0454
vn 0.8620 0.4571 -0.2190
vn 0.7122 -0.7011 -0.0350
vn -0.9136 -0.3272 -0.2416
vn 0.6359 -0.3025 -0.7100
vn 0.6104 0.0178 -0.7919
vn -0.6099 0.0179 -0.7923
vn -0.3764 -0.8693 0.3202
vn 0.3764 -0.8696 0.3197
vn 0.6808 0.7231 0.1171
vn -0.6807 0.7232 0.1170
vt 15.770300 -41.009102
vt 15.770300 -40.990898
vt 15.766400 -40.990898
vt 15.766400 -41.009102
vt 16.232000 -41.008801
vt 16.232000 -41.006599
vt 16.227100 -41.006599
vt 16.227100 -41.008801
vt 28.009701 -56.908600
vt 27.990299 -56.908600
vt 27.990299 -56.912701
vt 28.009701 -56.912701
vt 16.038000 -40.999901
vt 16.024200 -40.973099
vt 15.975800 -40.973099
vt 15.962000 -40.999901
vt 44.009602 1.116130
vt 44.015999 1.116130
vt 44.015999 1.141230
vt 44.009602 1.141230
vt 34.004200 -14.980800
vt 34.004200 -14.978400
vt 33.995800 -14.978400
vt 33.995800 -14.980800
vt 28.058500 -57.028999
vt 28.058500 -56.971001
vt 28.054100 -56.970501
vt 28.054100 -57.029499
vt 15.771200 -40.914398
vt 15.771200 -40.905300
vt 15.769500 -40.905300
vt 15.769500 -40.914398
vt 15.989000 -41.059601
vt 16.011000 -41.059601
vt 16.021900 -41.054798
vt 16.021900 -41.034901
vt 15.978100 -41.034901
vt 15.978100 -41.054798
vt 15.624900 -40.950199
vt 15.604900 -41.000198
vt 15.637400 -41.000198
vt 15.657400 -40.950199
vt 43.990398 1.116130
vt 43.990398 1.141230
vt 43.984001 1.141230
vt 43.984001 1.116130
vt 28.009701 -56.918301
vt 27.990299 -56.918301
vt 27.990299 -56.921700
vt 28.009701 -56.921700
vt 15.918800 -41.009102
vt 15.918800 -40.990898
vt 15.914100 -40.990898
vt 15.914100 -41.009102
vt 16.000000 -40.911800
vt 15.995400 -40.909801
vt 15.993400 -40.905201
vt 15.991200 -40.905201
vt 15.991200 -40.918598
vt 16.008801 -40.918598
vt 16.008801 -40.905201
vt 16.006599 -40.905201
vt 16.004601 -40.909801
vt 15.759900 -41.012600
vt 15.759900 -41.002102
vt 15.675900 -41.002102
vt 15.675900 -41.012600
vt 27.945900 -57.026299
vt 27.945900 -56.973701
vt 27.941500 -56.973301
vt 27.941500 -57.026699
vt 27.950399 -57.026699
vt 27.950399 -56.973301
vt 16.200899 -41.014000
vt 16.248600 -40.999901
vt 16.129400 -40.999901
vt 16.177099 -41.014000
vt 28.240900 -57.031700
vt 28.240900 -56.968300
vt 28.236500 -56.968800
vt 28.236500 -57.031200
vt 15.990900 -40.922100
vt 16.009100 -40.922100
vt 16.009100 -40.917400
vt 15.990900 -40.917400
vt 15.914100 -40.912701
vt 15.912200 -40.917400
vt 15.914100 -40.922100
vt 15.918800 -40.924000
vt 15.923500 -40.922100
vt 15.925400 -40.917400
vt 15.923500 -40.912701
vt 15.918800 -40.910801
vt 15.991300 -40.914700
vt 16.008699 -40.914700
vt 16.008699 -40.898300
vt 16.005600 -40.895199
vt 15.994400 -40.895199
vt 15.991300 -40.898300
vt 15.993400 -40.903801
vt 15.995400 -40.899200
vt 16.000000 -40.897301
vt 16.004601 -40.899200
vt 16.006599 -40.903801
vt 16.004601 -40.908501
vt 16.000000 -40.910400
vt 15.995400 -40.908501
vt 43.803398 0.977600
vt 44.078300 0.977600
vt 44.078300 0.987500
vt 44.003700 0.987500
vt 44.003700 1.012500
vt 44.173801 1.012500
vt 44.173801 0.987500
vt 44.318699 0.977600
vt 44.318699 1.022400
vt 43.803398 1.022400
vt 44.308800 0.998849
vt 44.323700 1.036580
vt 44.080002 1.036580
vt 43.993801 1.006580
vt 44.074699 0.986389
vt 44.006199 1.036580
vt 43.919998 1.036580
vt 44.006199 1.006580
vt 44.043800 1.006580
vt 44.061199 1.036580
vt 44.061199 0.996577
vt 43.976601 0.964077
vt 44.023399 0.964077
vt 44.028099 0.996577
vt 43.971901 0.996577
vt 44.073700 0.964077
vt 44.087200 0.964077
vt 44.150398 0.988842
vt 44.196602 1.036580
vt 27.973301 -57.036201
vt 28.026699 -57.036201
vt 28.027901 -57.031898
vt 27.972099 -57.031898
vt 44.196602 0.950639
vt 33.987598 -14.999100
vt 33.978699 -14.999100
vt 33.976200 -15.009100
vt 33.976200 -15.021600
vt 34.023800 -15.021600
vt 34.013100 -15.009100
vt 33.995098 -15.009100
vt 44.221901 1.036580
vt 44.221901 0.934373
vt 44.306198 0.936065
vt 43.676300 1.036580
vt 44.196602 1.061580
vt 43.681301 1.061580
vt 28.283400 -56.970600
vt 28.278999 -56.970299
vt 28.278999 -57.029701
vt 28.283400 -57.029400
vt 44.015999 1.060590
vt 44.015999 1.094850
vt 43.984001 1.094850
vt 43.984001 1.060590
vt 16.177099 -41.032001
vt 16.200899 -41.032001
vt 28.031200 -56.959599
vt 28.029699 -56.955502
vt 27.970301 -56.955502
vt 27.968800 -56.959599
vt 44.009602 1.053730
vt 44.009602 1.109310
vt 43.990398 1.109310
vt 43.990398 1.053730
vt 44.311798 1.009600
vt 43.977200 1.009600
vt 43.977200 0.990400
vt 44.311798 0.990400
vt 15.959200 -41.063999
vt 15.970500 -41.044701
vt 15.764000 -41.034901
vt 15.763100 -41.054798
vt 44.221901 1.084370
vt 15.990900 -40.926899
vt 16.009100 -40.926899
vt 16.009100 -40.923000
vt 15.990900 -40.923000
vt 43.961300 1.009600
vt 43.961300 0.990400
vt 44.016998 1.096230
vt 44.016998 1.053730
vt 44.048199 1.053730
vt 44.048199 1.116130
vt 44.028099 1.141230
vt 43.698101 1.131640
vt 43.683300 1.106200
vt 43.683300 1.060590
vt 43.711800 1.060590
vt 43.711800 1.094850
vt 43.725601 1.114460
vt 44.003300 1.112480
vt 15.956200 -41.011002
vt 15.956200 -40.988998
vt 15.762800 -40.988998
vt 15.762800 -41.011002
vt 15.959200 -40.978100
vt 15.763100 -40.978100
vt 15.604900 -40.990299
vt 15.604900 -41.000000
vt 15.658600 -41.000000
vt 15.658600 -40.990299
vt 16.081200 -40.990898
vt 16.081200 -41.009102
vt 16.085899 -41.009102
vt 16.085899 -40.990898
vt 15.763100 -41.021900
vt 15.959200 -41.021900
vt 34.004200 -14.986600
vt 33.995800 -14.986600
vt 33.995800 -14.999100
vt 34.004200 -14.999100
vt 16.009100 -40.912701
vt 15.990900 -40.912701
vt 43.990398 1.114050
vt 43.990398 1.131640
vt 43.984001 1.131640
vt 43.984001 1.106200
vt 44.015999 1.106200
vt 44.015999 1.131640
vt 44.009602 1.131640
vt 44.009602 1.114050
vt 15.916200 -41.000000
vt 15.921100 -41.000000
vt 15.921100 -40.995399
vt 15.916200 -40.995399
vt 28.021900 -56.990299
vt 28.021900 -57.009701
vt 28.025999 -57.009701
vt 28.025999 -56.990299
vt 44.021900 0.884519
vt 44.021900 0.999826
vt 43.978100 0.999826
vt 43.978100 0.884519
vt 44.015999 1.053730
vt 44.015999 1.096230
vt 43.984001 1.096230
vt 43.984001 1.053730
vt 28.030500 -57.086899
vt 27.969500 -57.086899
vt 27.970301 -57.091301
vt 28.029699 -57.091301
vt 27.974001 -57.009701
vt 27.974001 -56.990299
vt 27.969900 -56.990299
vt 27.969900 -57.009701
vt 28.009701 -56.914902
vt 27.990299 -56.914902
vt 16.230499 -40.999901
vt 16.228800 -40.999901
vt 16.228800 -41.000099
vt 16.230499 -41.000099
vt 15.956100 -41.000198
vt 16.043900 -41.000198
vt 16.028500 -40.950199
vt 15.971500 -40.950199
vt 44.043800 0.971915
vt 44.043800 1.028080
vt 44.006199 1.023400
vt 44.006199 0.976596
vt 28.031300 -57.082600
vt 27.968700 -57.082600
vt 43.925301 1.023400
vt 43.691200 1.023400
vt 43.691200 0.976596
vt 43.925301 0.976596
vt 28.028299 -56.951302
vt 27.971701 -56.951302
vt 27.715099 -57.009701
vt 27.715099 -56.990299
vt 27.711700 -56.990299
vt 27.711700 -57.009701
vt 43.691200 0.998849
vt 43.925301 0.986389
vt 15.604900 -40.992298
vt 15.604900 -41.002102
vt 15.658600 -41.002102
vt 15.658600 -40.992298
vt 43.956200 1.036580
vt 43.956200 1.006580
vt 43.938801 1.036580
vt 43.938801 0.996577
vt 34.023800 -15.009100
vt 34.021301 -14.999100
vt 34.012402 -14.999100
vt 34.004902 -15.009100
vt 33.986900 -15.009100
vt 16.083799 -40.914700
vt 16.083799 -40.898300
vt 16.078899 -40.898300
vt 16.078899 -40.914700
vt 43.803398 1.036580
vt 43.849602 0.988842
vt 43.912800 0.964077
vt 43.926300 0.964077
vt 43.803398 0.950639
vt 43.778099 1.036580
vt 43.693802 0.936065
vt 43.778099 0.934373
vt 15.619800 -41.103600
vt 15.652400 -41.104801
vt 15.870600 -40.975800
vt 15.751400 -40.975800
vt 15.751400 -41.024200
vt 15.870600 -41.024200
vt 15.965600 -41.014000
vt 15.970200 -41.032001
vt 16.029800 -41.032001
vt 16.034401 -41.014000
vt 43.803398 1.061580
vt 43.778099 1.084370
vt 43.693699 1.084370
vt 44.035000 1.036580
vt 44.022400 1.061580
vt 43.977600 1.061580
vt 43.965000 1.036580
vt 44.047699 0.858775
vt 44.051601 0.874648
vt 44.045601 0.884519
vt 44.073700 0.999826
vt 43.999001 1.018040
vt 43.965099 0.878919
vt 16.248600 -41.037998
vt 16.248600 -40.962002
vt 16.200899 -40.965599
vt 16.200899 -41.034401
vt 15.921100 -40.994400
vt 15.921100 -40.991299
vt 15.916200 -40.991299
vt 15.916200 -40.994400
vt 16.083799 -41.000000
vt 16.078899 -41.000000
vt 16.078899 -41.004601
vt 16.083799 -41.004601
vt 43.951801 1.116130
vt 43.951801 1.053730
vt 43.983002 1.053730
vt 43.983002 1.096230
vt 43.996700 1.112480
vt 44.274399 1.114460
vt 44.288200 1.094850
vt 44.288200 1.060590
vt 44.316700 1.060590
vt 44.316700 1.106200
vt 44.301899 1.131640
vt 43.971901 1.141230
vt 16.395100 -41.011902
vt 16.395100 -41.002102
vt 16.341400 -41.002102
vt 16.341400 -41.011902
vt 15.604900 -41.009701
vt 15.658600 -41.009701
vt 43.961300 1.053730
vt 43.961300 1.109310
vt 43.977200 1.119210
vt 44.311798 1.114050
vt 44.038700 1.109310
vt 44.038700 1.053730
vt 43.688202 1.114050
vt 44.022800 1.119210
vt 16.227100 -40.905201
vt 16.227100 -40.909801
vt 16.232000 -40.909801
vt 16.232000 -40.905201
vt 15.774200 -41.009102
vt 15.774200 -40.990898
vt 15.969300 -41.103600
vt 16.030701 -41.103600
vt 16.177099 -41.034401
vt 16.177099 -40.965599
vt 16.129400 -40.962002
vt 16.129400 -41.037998
vt 16.076500 -40.990898
vt 16.076500 -41.009102
vt 15.916200 -40.899200
vt 15.916200 -40.903801
vt 15.921100 -40.903801
vt 15.921100 -40.899200
vt 15.870600 -40.999901
vt 15.751400 -40.999901
vt 15.799100 -41.014000
vt 15.822900 -41.014000
vt 43.976601 0.998849
vt 44.023399 0.998849
vt 15.799100 -41.032001
vt 15.822900 -41.032001
vt 15.751400 -40.973099
vt 15.870600 -40.973099
vt 28.283400 -57.080700
vt 28.278999 -57.082600
vt 28.277201 -57.086899
vt 28.278999 -57.091301
vt 28.283400 -57.093102
vt 28.287901 -57.091301
vt 28.289700 -57.086899
vt 28.287901 -57.082600
vt 16.009100 -40.919102
vt 15.990900 -40.919102
vt 15.916200 -40.908501
vt 15.921100 -40.908501
vt 33.992298 -15.004200
vt 33.992298 -14.995800
vt 33.983700 -14.995800
vt 33.983700 -15.004200
vt 16.012501 -40.974800
vt 15.987500 -40.974800
vt 15.987500 -40.978600
vt 16.012501 -40.978600
vt 43.978100 0.874648
vt 44.021900 0.874648
vt 34.023800 -15.010000
vt 34.023800 -14.990000
vt 34.013100 -14.993000
vt 34.013100 -15.007000
vt 34.007000 -15.009100
vt 33.993000 -15.009100
vt 43.778099 1.026210
vt 43.778099 0.973792
vt 33.999298 -15.004200
vt 33.999298 -14.995800
vt 34.000599 -15.004200
vt 34.006199 -15.004200
vt 34.006199 -14.995800
vt 34.000599 -14.995800
vt 44.073700 1.023400
vt 44.073700 0.976596
vt 44.087200 0.976596
vt 44.087200 1.023400
vt 16.324100 -41.000000
vt 16.240101 -41.000000
vt 16.240101 -41.010399
vt 16.324100 -41.010399
vt 27.759100 -57.027699
vt 27.759100 -56.972301
vt 27.754601 -56.971699
vt 27.754601 -57.028301
vt 44.196602 0.976596
vt 44.196602 1.023400
vt 44.150398 1.023400
vt 44.150398 0.976596
vt 16.324100 -40.989601
vt 16.240101 -40.989601
vt 27.990299 -56.916801
vt 28.009701 -56.916801
vt 15.921100 -41.005600
vt 15.916200 -41.005600
vt 15.916200 -41.008701
vt 15.921100 -41.008701
vt 16.395100 -40.986401
vt 16.324100 -40.986401
vt 16.395100 -41.000000
vt 28.245399 -57.031200
vt 28.245399 -56.968800
vt 44.015999 1.114460
vt 43.984001 1.114460
vt 28.287901 -57.029701
vt 28.287901 -56.970299
vt 43.725601 0.984000
vt 44.003300 0.984000
vt 44.003300 1.016000
vt 43.725601 1.016000
vt 43.693699 0.973792
vt 43.693699 1.026210
vt 28.058500 -57.027599
vt 28.054100 -57.025902
vt 28.049601 -57.027599
vt 28.047800 -57.031898
vt 28.049601 -57.036201
vt 28.054100 -57.037998
vt 28.058500 -57.036201
vt 28.060301 -57.031898
vt 16.233601 -41.009102
vt 16.233601 -40.990898
vt 16.229700 -40.990898
vt 16.229700 -41.009102
vt 28.028999 -57.027599
vt 27.971001 -57.027599
vt 28.030100 -57.009701
vt 28.030100 -56.990299
vt 15.772900 -40.918598
vt 15.772900 -40.905201
vt 15.768000 -40.905201
vt 15.768000 -40.918598
vt 16.248600 -40.973099
vt 16.129400 -40.973099
vt 16.375099 -40.950199
vt 16.342600 -40.950199
vt 16.362600 -41.000198
vt 16.395100 -41.000198
vt 15.774200 -40.919102
vt 15.770300 -40.917500
vt 15.766400 -40.919102
vt 15.764800 -40.923000
vt 15.766400 -40.926899
vt 15.770300 -40.928501
vt 15.774200 -40.926899
vt 15.775800 -40.923000
vt 16.081200 -40.924000
vt 16.085899 -40.922100
vt 16.087799 -40.917400
vt 16.085899 -40.912701
vt 16.081200 -40.910801
vt 16.076500 -40.912701
vt 16.074600 -40.917400
vt 16.076500 -40.922100
vt 44.318699 1.061580
vt 16.062599 -40.978600
vt 16.062599 -40.974800
vt 15.892600 -40.974800
vt 15.892600 -40.978600
vt 15.675900 -40.988400
vt 15.604900 -40.988400
vt 43.973801 1.084370
vt 43.959000 1.036580
vt 44.041000 1.036580
vt 44.026199 1.084370
vt 16.009701 -40.992298
vt 16.000000 -40.988201
vt 15.990300 -40.992298
vt 15.986300 -41.002102
vt 15.990300 -41.011902
vt 16.000000 -41.015999
vt 16.009701 -41.011902
vt 16.013700 -41.002102
vt 16.019199 -41.002102
vt 16.013599 -40.988400
vt 16.000000 -40.982700
vt 15.986400 -40.988400
vt 15.980800 -41.002102
vt 15.986400 -41.015900
vt 16.000000 -41.021500
vt 16.013599 -41.015900
vt 43.971901 1.009600
vt 44.301899 1.009600
vt 44.301899 1.016000
vt 43.971901 1.016000
vt 43.948399 0.874648
vt 43.952301 0.858775
vt 44.034901 0.878919
vt 44.000999 1.018040
vt 43.926300 0.999826
vt 43.954399 0.884519
vt 28.284901 -57.009701
vt 28.284901 -56.990299
vt 28.281500 -56.990299
vt 28.281500 -57.009701
vt 16.002899 -40.914398
vt 16.000099 -40.905300
vt 15.999900 -40.905300
vt 15.997100 -40.914398
vt 44.306301 1.084370
vt 15.604900 -41.013599
vt 15.675900 -41.013599
vt 15.675900 -41.000000
vt 15.604900 -41.015900
vt 15.675900 -41.015900
vt 16.380199 -40.969299
vt 16.347601 -40.969299
vt 16.347601 -41.030701
vt 16.380199 -41.030701
vt 33.995800 -14.983900
vt 33.995800 -14.991600
vt 34.004200 -14.991600
vt 34.004200 -14.983900
vt 16.200899 -40.970200
vt 16.177099 -40.970200
vt 16.177099 -41.029800
vt 16.200899 -41.029800
vt 15.771200 -40.997101
vt 15.769500 -40.997101
vt 15.769500 -41.002899
vt 15.771200 -41.002899
vt 16.030701 -41.104801
vt 15.969300 -41.104801
vt 43.978100 0.878919
vt 44.021900 0.878919
vt 44.021900 1.018040
vt 43.978100 1.018040
vt 43.978100 0.858775
vt 44.021900 0.858775
vt 15.759900 -41.000000
vt 15.759900 -40.989601
vt 15.675900 -40.989601
vt 15.675900 -40.986401
vt 15.604900 -40.986401
vt 16.324100 -41.013599
vt 16.395100 -41.013599
vt 15.675900 -41.010399
vt 15.759900 -41.010399
vt 16.324100 -41.012600
vt 16.324100 -41.002102
vt 16.240101 -41.002102
vt 16.240101 -41.012600
vt 16.040800 -41.063999
vt 16.236900 -41.054798
vt 16.236000 -41.034901
vt 16.029499 -41.044701
vt 43.972599 0.936065
vt 44.027401 0.936065
vt 16.380199 -41.103600
vt 16.347601 -41.104801
vt 16.341400 -40.992298
vt 16.395100 -40.992298
vt 16.324100 -40.991699
vt 16.240101 -40.991699
vt 16.083799 -40.995399
vt 16.078899 -40.995399
vt 15.916200 -40.898300
vt 15.916200 -40.914700
vt 15.921100 -40.914700
vt 15.921100 -40.898300
vt 33.990002 -15.021600
vt 34.009998 -15.021600
vt 16.227100 -40.918598
vt 16.232000 -40.918598
vt 16.224199 -40.923000
vt 16.225800 -40.926899
vt 16.229700 -40.928501
vt 16.233601 -40.926899
vt 16.235201 -40.923000
vt 16.233601 -40.919102
vt 16.229700 -40.917500
vt 16.225800 -40.919102
vt 44.034901 1.021890
vt 43.952301 1.021890
vt 43.952301 0.978112
vt 44.034901 0.978112
vt 16.107401 -40.978600
vt 16.107401 -40.974800
vt 15.937400 -40.974800
vt 15.937400 -40.978600
vt 16.324100 -41.015900
vt 16.395100 -41.015900
vt 33.995098 -14.993000
vt 33.995098 -15.007000
vt 16.395100 -40.988400
vt 16.324100 -40.988400
vt 44.015999 1.112480
vt 43.984001 1.112480
vt 33.976200 -15.013800
vt 34.009998 -15.013800
vt 33.990002 -15.013800
vt 34.006199 -14.983900
vt 34.012402 -14.991600
vt 34.016300 -14.986600
vt 34.007702 -14.979000
vt 34.000702 -14.978400
vt 34.000599 -14.980800
vt 16.395100 -40.990299
vt 16.341400 -40.990299
vt 16.341400 -41.000000
vt 34.023800 -15.013800
vt 15.989500 -41.012600
vt 15.985200 -41.002102
vt 15.989500 -40.991699
vt 16.000000 -40.987301
vt 16.010500 -40.991699
vt 16.014799 -41.002102
vt 16.010500 -41.012600
vt 16.000000 -41.016899
vt 33.993801 -14.983900
vt 33.999401 -14.980800
vt 33.999298 -14.978400
vt 33.992298 -14.979000
vt 33.983700 -14.986600
vt 33.987598 -14.991600
vt 15.916200 -41.004601
vt 15.921100 -41.004601
vt 44.221901 0.972617
vt 44.221901 1.027380
vt 28.049601 -57.028999
vt 28.049601 -56.971001
vt 16.227100 -40.993401
vt 16.232000 -40.993401
vt 16.232000 -40.991199
vt 16.227100 -40.991199
vt 16.227100 -41.000000
vt 16.232000 -41.000000
vt 16.232000 -40.995399
vt 16.227100 -40.995399
vt 27.716600 -57.031601
vt 27.716600 -56.968399
vt 27.712099 -56.968700
vt 27.712099 -57.031300
vt 16.228800 -40.905300
vt 16.228800 -40.914398
vt 16.230499 -40.914398
vt 16.230499 -40.905300
vt 27.763500 -57.028301
vt 27.763500 -56.971699
vt 27.978100 -57.009701
vt 27.978100 -56.990299
vt 16.227100 -41.004601
vt 16.232000 -41.004601
vt 27.721001 -57.031300
vt 27.721001 -56.968700
vt 16.341400 -41.009701
vt 16.395100 -41.009701
vt 44.301899 0.990400
vt 43.971901 0.990400
vt 43.971901 0.984000
vt 44.301899 0.984000
vt 28.240900 -56.949600
vt 28.236500 -56.951302
vt 28.234699 -56.955502
vt 28.236500 -56.959599
vt 28.240900 -56.961399
vt 28.245399 -56.959599
vt 28.247200 -56.955502
vt 28.245399 -56.951302
vt 27.941500 -57.027599
vt 27.939699 -57.031898
vt 27.941500 -57.036201
vt 27.945900 -57.037998
vt 27.950399 -57.036201
vt 27.952200 -57.031898
vt 27.950399 -57.027599
vt 27.945900 -57.025902
vt 27.759100 -56.949600
vt 27.754601 -56.951302
vt 27.752800 -56.955502
vt 27.754601 -56.959599
vt 27.759100 -56.961399
vt 27.763500 -56.959599
vt 27.765301 -56.955502
vt 27.763500 -56.951302
vt 44.061199 0.971915
vt 44.061199 1.028080
vt 15.657400 -40.971500
vt 15.624900 -40.971500
vt 15.624900 -41.028500
vt 15.657400 -41.028500
vt 28.288300 -57.009701
vt 28.288300 -56.990299
vt 27.718500 -57.009701
vt 27.718500 -56.990299
vt 16.083799 -40.903801
vt 16.078899 -40.903801
vt 16.078899 -40.908501
vt 16.083799 -40.908501
vt 16.225800 -40.990898
vt 16.225800 -41.009102
vt 16.107401 -41.012501
vt 16.107401 -40.987499
vt 15.937400 -40.987499
vt 15.937400 -41.012501
vt 44.048199 1.016000
vt 44.016998 1.016000
vt 44.016998 0.984000
vt 44.048199 0.984000
vt 44.048199 0.990400
vt 44.038700 0.990400
vt 44.038700 1.009600
vt 44.048199 1.009600
vt 15.923500 -41.009102
vt 15.923500 -40.990898
vt 15.768000 -40.909801
vt 15.772900 -40.909801
vt 15.604900 -41.011902
vt 15.658600 -41.011902
vt 15.675900 -40.991699
vt 15.759900 -40.991699
vt 43.711800 0.984000
vt 43.711800 1.016000
vt 43.683300 1.016000
vt 43.683300 0.984000
vt 27.712099 -57.091301
vt 27.716600 -57.093102
vt 27.721001 -57.091301
vt 27.722799 -57.086899
vt 27.721001 -57.082600
vt 27.716600 -57.080700
vt 27.712099 -57.082600
vt 27.710300 -57.086899
vt 15.989000 -41.068802
vt 16.011000 -41.068802
vt 16.021900 -41.063999
vt 16.021900 -41.044701
vt 15.978100 -41.044701
vt 15.978100 -41.063999
vt 44.306198 0.972617
vt 44.306198 1.027380
vt 16.083799 -40.899200
vt 16.078899 -40.899200
s 1
usemtl Meshpart1Mtl.007
f 2019/17/49 2020/18/50 27/18/51 25/17/52
f 2020/18/50 2019/17/49 26/17/53 28/18/54
f 2020/18/50 2021/19/55 21/19/56 27/18/51
f 2021/19/55 2020/18/50 28/18/54 22/19/57
f 2021/19/55 2022/20/58 23/20/59 21/19/56
f 2022/20/58 2021/19/55 22/19/57 24/20/60
f 2022/20/58 2019/17/49 25/17/52 23/20/59
f 2019/17/49 2022/20/58 24/20/60 26/17/53
f 2045/43/127 2046/44/128 11/44/129 15/43/130
f 2046/44/128 2045/43/127 16/43/131 12/44/132
f 2046/44/128 2047/45/133 9/45/134 11/44/129
f 2047/45/133 2046/44/128 12/44/132 10/45/135
f 2047/45/133 2048/46/136 13/46/137 9/45/134
f 2048/46/136 2047/45/133 10/45/135 14/46/138
f 2048/46/136 2045/43/127 15/43/130 13/46/137
f 2045/43/127 2048/46/136 14/46/138 16/43/131
f 2112/108/319 2113/109/320 111/109/321 87/108/322
f 2113/109/320 2112/108/319 88/108/323 112/109/324
f 2113/109/320 2114/110/14 113/110/325 111/109/321
f 2114/110/14 2113/109/320 112/109/324 114/110/326
f 2114/110/14 2115/111/14 109/111/15 113/110/325
f 2115/111/14 2114/110/14 114/110/326 110/111/327
f 2115/111/14 2116/112/13 119/112/328 109/111/15
f 2116/112/13 2115/111/14 110/111/327 120/112/17
f 2116/112/13 2117/113/22 123/113/329 119/112/328
f 2117/113/22 2116/112/13 120/112/17 124/113/330
f 2117/113/22 2118/114/331 115/114/332 123/113/329
f 2118/114/331 2117/113/22 124/113/330 116/114/333
f 2118/114/331 2119/115/334 117/115/335 115/114/332
f 2119/115/334 2118/114/331 116/114/333 118/115/336
f 2119/115/334 2120/116/337 121/116/338 117/115/335
f 2120/116/337 2119/115/334 118/115/336 122/116/339
f 2120/116/337 2121/117/340 85/117/341 121/116/338
f 2121/117/340 2120/116/337 122/116/339 86/117/342
f 2121/117/340 2112/108/319 87/108/322 85/117/341
f 2112/108/319 2121/117/340 86/117/342 88/108/323
f 2122/118/343 2123/119/344 405/119/345 403/118/346
f 2123/119/344 2122/118/343 404/118/347 406/119/348
f 2123/119/344 2124/120/349 397/120/350 405/119/345
f 2124/120/349 2123/119/344 406/119/348 398/120/351
f 2124/120/349 2125/121/352 399/121/353 397/120/350
f 2125/121/352 2124/120/349 398/120/351 400/121/354
f 2125/121/352 2126/122/355 401/122/356 399/121/353
f 2126/122/355 2125/121/352 400/121/354 402/122/357
f 2126/122/355 2122/118/343 403/118/346 401/122/356
f 2122/118/343 2126/122/355 402/122/357 404/118/347
f 2127/123/358 2128/124/359 125/124/360 135/123/361
f 2128/124/359 2127/123/358 136/123/362 126/124/363
f 2128/124/359 2129/125/364 133/125/365 125/124/360
f 2129/125/364 2128/124/359 126/124/363 134/125/366
f 2129/125/364 2127/123/358 135/123/361 133/125/365
f 2127/123/358 2129/125/364 134/125/366 136/123/362
f 2130/126/367 2131/123/368 135/123/361 137/126/369
f 2131/123/368 2130/126/367 138/126/370 136/123/362
f 2131/123/368 2132/125/371 133/125/365 135/123/361
f 2132/125/371 2131/123/368 136/123/362 134/125/366
f 2132/125/371 2130/126/367 137/126/369 133/125/365
f 2130/126/367 2132/125/371 134/125/366 138/126/370
f 2147/127/372 2148/126/373 137/126/369 139/127/374
f 2148/126/373 2147/127/372 140/127/375 138/126/370
f 2148/126/373 2149/128/376 141/128/377 137/126/369
f 2149/128/376 2148/126/373 138/126/370 142/128/378
f 2149/128/376 2147/127/372 139/127/374 141/128/377
f 2147/127/372 2149/128/376 142/128/378 140/127/375
f 2150/129/379 2151/130/380 287/130/381 285/129/382
f 2151/130/380 2150/129/379 286/129/383 288/130/384
f 2151/130/380 2152/131/385 283/131/386 287/130/381
f 2152/131/385 2151/130/380 288/130/384 284/131/387
f 2152/131/385 2153/132/388 281/132/389 283/131/386
f 2153/132/388 2152/131/385 284/131/387 282/132/390
f 2153/132/388 2150/129/379 285/129/382 281/132/389
f 2150/129/379 2153/132/388 282/132/390 286/129/383
f 2154/127/391 2155/128/392 141/128/377 139/127/374
f 2155/128/392 2154/127/391 140/127/375 142/128/378
f 2155/128/392 2156/133/393 143/133/394 141/128/377
f 2156/133/393 2155/128/392 142/128/378 144/133/395
f 2156/133/393 2157/134/396 145/134/397 143/133/394
f 2157/134/396 2156/133/393 144/133/395 146/134/398
f 2157/134/396 2158/135/399 147/135/400 145/134/397
f 2158/135/399 2157/134/396 146/134/398 148/135/401
f 2158/135/399 2159/136/402 149/136/403 147/135/400
f 2159/136/402 2158/135/399 148/135/401 150/136/404
f 2159/136/402 2154/127/391 139/127/374 149/136/403
f 2154/127/391 2159/136/402 150/136/404 140/127/375
f 2164/136/417 2165/135/418 147/135/400 149/136/403
f 2165/135/418 2164/136/417 150/136/404 148/135/401
f 2165/135/418 2166/141/419 151/141/420 147/135/400
f 2166/141/419 2165/135/418 148/135/401 152/141/421
f 2166/141/419 2164/136/417 149/136/403 151/141/420
f 2164/136/417 2166/141/419 152/141/421 150/136/404
f 2174/149/443 2175/150/444 155/150/445 153/149/446
f 2175/150/444 2174/149/443 154/149/447 156/150/448
f 2175/150/444 2176/151/449 157/151/450 155/150/445
f 2176/151/449 2175/150/444 156/150/448 158/151/451
f 2176/151/449 2177/119/452 159/119/453 157/151/450
f 2177/119/452 2176/151/449 158/151/451 160/119/454
f 2177/119/452 2174/149/443 153/149/446 159/119/453
f 2174/149/443 2177/119/452 160/119/454 154/149/447
f 2178/152/455 2179/136/456 165/136/457 163/152/458
f 2179/136/456 2178/152/455 164/152/459 166/136/460
f 2179/136/456 2180/153/461 167/153/462 165/136/457
f 2180/153/461 2179/136/456 166/136/460 168/153/463
f 2180/153/461 2181/154/464 161/154/465 167/153/462
f 2181/154/464 2180/153/461 168/153/463 162/154/466
f 2181/154/464 2178/152/455 163/152/458 161/154/465
f 2178/152/455 2181/154/464 162/154/466 164/152/459
f 2186/159/479 2187/160/480 63/160/481 67/159/482
f 2187/160/480 2186/159/479 68/159/483 64/160/484
f 2187/160/480 2188/161/485 61/161/486 63/160/481
f 2188/161/485 2187/160/480 64/160/484 62/161/487
f 2188/161/485 2189/162/488 65/162/489 61/161/486
f 2189/162/488 2188/161/485 62/161/487 66/162/490
f 2189/162/488 2186/159/479 67/159/482 65/162/489
f 2186/159/479 2189/162/488 66/162/490 68/159/483
f 2198/169/515 2199/170/516 41/170/517 47/169/518
f 2199/170/516 2198/169/515 48/169/519 42/170/520
f 2199/170/516 2200/171/521 43/171/522 41/170/517
f 2200/171/521 2199/170/516 42/170/520 44/171/523
f 2200/171/521 2201/172/524 45/172/525 43/171/522
f 2201/172/524 2200/171/521 44/171/523 46/172/526
f 2201/172/524 2198/169/515 47/169/518 45/172/525
f 2198/169/515 2201/172/524 46/172/526 48/169/519
f 2202/173/527 2203/174/528 103/174/529 101/173/530
f 2203/174/528 2202/173/527 102/173/531 104/174/532
f 2203/174/528 2204/175/533 97/175/534 103/174/529
f 2204/175/533 2203/174/528 104/174/532 98/175/535
f 2204/175/533 2205/176/536 99/176/537 97/175/534
f 2205/176/536 2204/175/533 98/175/535 100/176/538
f 2205/176/536 2202/173/527 101/173/530 99/176/537
f 2202/173/527 2205/176/536 100/176/538 102/173/531
f 2210/149/551 2211/153/552 167/153/462 169/149/553
f 2211/153/552 2210/149/551 170/149/554 168/153/463
f 2211/153/552 2212/136/555 165/136/457 167/153/462
f 2212/136/555 2211/153/552 168/153/463 166/136/460
f 2212/136/555 2210/149/551 169/149/553 165/136/457
f 2210/149/551 2212/136/555 166/136/460 170/149/554
f 2213/149/556 2214/181/557 171/181/558 169/149/553
f 2214/181/557 2213/149/556 170/149/554 172/181/559
f 2214/181/557 2215/153/560 167/153/462 171/181/558
f 2215/153/560 2214/181/557 172/181/559 168/153/463
f 2215/153/560 2213/149/556 169/149/553 167/153/462
f 2213/149/556 2215/153/560 168/153/463 170/149/554
f 2220/174/573 2221/186/574 107/186/575 103/174/529
f 2221/186/574 2220/174/573 104/174/532 108/186/576
f 2221/186/574 2222/187/577 105/187/578 107/186/575
f 2222/187/577 2221/186/574 108/186/576 106/187/579
f 2222/187/577 2223/175/580 97/175/534 105/187/578
f 2223/175/580 2222/187/577 106/187/579 98/175/535
f 2223/175/580 2220/174/573 103/174/529 97/175/534
f 2220/174/573 2223/175/580 98/175/535 104/174/532
f 2228/188/593 2229/189/594 211/189/595 207/188/596
f 2229/189/594 2228/188/593 208/188/597 212/189/598
f 2229/189/594 2230/190/599 209/190/600 211/189/595
f 2230/190/599 2229/189/594 212/189/598 210/190/601
f 2230/190/599 2231/191/602 205/191/603 209/190/600
f 2231/191/602 2230/190/599 210/190/601 206/191/604
f 2231/191/602 2232/192/605 201/192/606 205/191/603
f 2232/192/605 2231/191/602 206/191/604 202/192/607
f 2232/192/605 2233/193/608 193/193/609 201/192/606
f 2233/193/608 2232/192/605 202/192/607 194/193/610
f 2233/193/608 2234/194/611 189/194/612 193/193/609
f 2234/194/611 2233/193/608 194/193/610 190/194/613
f 2234/194/611 2235/195/594 195/195/614 189/194/612
f 2235/195/594 2234/194/611 190/194/613 196/195/615
f 2235/195/594 2236/196/599 197/196/616 195/195/614
f 2236/196/599 2235/195/594 196/195/615 198/196/617
f 2236/196/599 2237/197/618 191/197/619 197/196/616
f 2237/197/618 2236/196/599 198/196/617 192/197/620
f 2237/197/618 2238/198/621 199/198/622 191/197/619
f 2238/198/621 2237/197/618 192/197/620 200/198/623
f 2238/198/621 2239/199/624 203/199/625 199/198/622
f 2239/199/624 2238/198/621 200/198/623 204/199/626
f 2239/199/624 2228/188/593 207/188/596 203/199/625
f 2228/188/593 2239/199/624 204/199/626 208/188/597
f 2256/126/671 2257/127/672 139/127/374 137/126/369
f 2257/127/672 2256/126/671 138/126/370 140/127/375
f 2257/127/672 2258/123/673 135/123/361 139/127/374
f 2258/123/673 2257/127/672 140/127/375 136/123/362
f 2258/123/673 2256/126/671 137/126/369 135/123/361
f 2256/126/671 2258/123/673 136/123/362 138/126/370
f 2271/222/702 2272/223/703 279/223/704 275/222/705
f 2272/223/703 2271/222/702 276/222/706 280/223/707
f 2272/223/703 2273/224/708 277/224/709 279/223/704
f 2273/224/708 2272/223/703 280/223/707 278/224/710
f 2273/224/708 2274/225/711 273/225/712 277/224/709
f 2274/225/711 2273/224/708 278/224/710 274/225/713
f 2274/225/711 2275/226/714 271/226/715 273/225/712
f 2275/226/714 2274/225/711 274/225/713 272/226/716
f 2275/226/714 2276/227/717 265/227/718 271/226/715
f 2276/227/717 2275/226/714 272/226/716 266/227/719
f 2276/227/717 2277/228/720 267/228/721 265/227/718
f 2277/228/720 2276/227/717 266/227/719 268/228/722
f 2277/228/720 2278/229/723 269/229/724 267/228/721
f 2278/229/723 2277/228/720 268/228/722 270/229/725
f 2278/229/723 2271/222/702 275/222/705 269/229/724
f 2271/222/702 2278/229/723 270/229/725 276/222/706
f 2287/238/750 2288/239/751 263/239/752 261/238/753
f 2288/239/751 2287/238/750 262/238/754 264/239/755
f 2288/239/751 2289/240/756 257/240/757 263/239/752
f 2289/240/756 2288/239/751 264/239/755 258/240/758
f 2289/240/756 2290/241/759 259/241/760 257/240/757
f 2290/241/759 2289/240/756 258/240/758 260/241/761
f 2290/241/759 2287/238/750 261/238/753 259/241/760
f 2287/238/750 2290/241/759 260/241/761 262/238/754
f 2291/242/762 2292/243/763 303/243/764 301/242/765
f 2292/243/763 2291/242/762 302/242/766 304/243/767
f 2292/243/763 2293/244/768 297/244/769 303/243/764
f 2293/244/768 2292/243/763 304/243/767 298/244/770
f 2293/244/768 2294/245/771 299/245/772 297/244/769
f 2294/245/771 2293/244/768 298/244/770 300/245/773
f 2294/245/771 2291/242/762 301/242/765 299/245/772
f 2291/242/762 2294/245/771 300/245/773 302/242/766
f 2315/264/829 2316/265/830 359/265/831 357/264/832
f 2316/265/830 2315/264/829 358/264/833 360/265/834
f 2316/265/830 2317/266/835 353/266/836 359/265/831
f 2317/266/835 2316/265/830 360/265/834 354/266/837
f 2317/266/835 2318/267/838 351/267/839 353/266/836
f 2318/267/838 2317/266/835 354/266/837 352/267/840
f 2318/267/838 2315/264/829 357/264/832 351/267/839
f 2315/264/829 2318/267/838 352/267/840 358/264/833
f 2323/270/853 2324/271/854 347/271/855 345/270/856
f 2324/271/854 2323/270/853 346/270/857 348/271/858
f 2324/271/854 2325/272/859 341/272/860 347/271/855
f 2325/272/859 2324/271/854 348/271/858 342/272/861
f 2325/272/859 2326/273/862 343/273/863 341/272/860
f 2326/273/862 2325/272/859 342/272/861 344/273/864
f 2326/273/862 2323/270/853 345/270/856 343/273/863
f 2323/270/853 2326/273/862 344/273/864 346/270/857
f 2335/124/889 2336/152/890 131/152/891 125/124/360
f 2336/152/890 2335/124/889 126/124/363 132/152/892
f 2336/152/890 2337/280/893 127/280/894 131/152/891
f 2337/280/893 2336/152/890 132/152/892 128/280/895
f 2337/280/893 2338/281/896 129/281/897 127/280/894
f 2338/281/896 2337/280/893 128/280/895 130/281/898
f 2338/281/896 2339/125/899 133/125/365 129/281/897
f 2339/125/899 2338/281/896 130/281/898 134/125/366
f 2339/125/899 2335/124/889 125/124/360 133/125/365
f 2335/124/889 2339/125/899 134/125/366 126/124/363
f 2344/121/912 2345/286/913 407/286/914 399/121/353
f 2345/286/913 2344/121/912 400/121/354 408/286/915
f 2345/286/913 2346/287/916 409/287/917 407/286/914
f 2346/287/916 2345/286/913 408/286/915 410/287/918
f 2346/287/916 2344/121/912 399/121/353 409/287/917
f 2344/121/912 2346/287/916 410/287/918 400/121/354
f 2347/288/919 2348/287/920 409/287/917 411/288/921
f 2348/287/920 2347/288/919 412/288/922 410/287/918
f 2348/287/920 2349/286/923 407/286/914 409/287/917
f 2349/286/923 2348/287/920 410/287/918 408/286/915
f 2349/286/923 2347/288/919 411/288/921 407/286/914
f 2347/288/919 2349/286/923 408/286/915 412/288/922
f 2350/288/924 2351/289/925 413/289/926 411/288/921
f 2351/289/925 2350/288/924 412/288/922 414/289/927
f 2351/289/925 2352/287/928 409/287/917 413/289/926
f 2352/287/928 2351/289/925 414/289/927 410/287/918
f 2352/287/928 2350/288/924 411/288/921 409/287/917
f 2350/288/924 2352/287/928 410/287/918 412/288/922
f 2364/288/962 2365/299/963 421/299/964 411/288/921
f 2365/299/963 2364/288/962 412/288/922 422/299/965
f 2365/299/963 2366/300/966 419/300/967 421/299/964
f 2366/300/966 2365/299/963 422/299/965 420/300/968
f 2366/300/966 2367/301/969 417/301/970 419/300/967
f 2367/301/969 2366/300/966 420/300/968 418/301/971
f 2367/301/969 2368/302/972 415/302/973 417/301/970
f 2368/302/972 2367/301/969 418/301/971 416/302/974
f 2368/302/972 2369/289/975 413/289/926 415/302/973
f 2369/289/975 2368/302/972 416/302/974 414/289/927
f 2369/289/975 2364/288/962 411/288/921 413/289/926
f 2364/288/962 2369/289/975 414/289/927 412/288/922
f 2370/299/976 2371/303/977 423/303/978 421/299/964
f 2371/303/977 2370/299/976 422/299/965 424/303/979
f 2371/303/977 2372/300/980 419/300/967 423/303/978
f 2372/300/980 2371/303/977 424/303/979 420/300/968
f 2372/300/980 2370/299/976 421/299/964 419/300/967
f 2370/299/976 2372/300/980 420/300/968 422/299/965
f 2373/304/981 2374/152/982 431/152/983 425/304/984
f 2374/152/982 2373/304/981 426/304/985 432/152/986
f 2374/152/982 2375/305/987 429/305/988 431/152/983
f 2375/305/987 2374/152/982 432/152/986 430/305/989
f 2375/305/987 2376/306/990 427/306/991 429/305/988
f 2376/306/990 2375/305/987 430/305/989 428/306/992
f 2376/306/990 2373/304/981 425/304/984 427/306/991
f 2373/304/981 2376/306/990 428/306/992 426/304/985
f 2381/109/22 2382/115/1005 117/115/335 111/109/321
f 2382/115/1005 2381/109/22 112/109/324 118/115/336
f 2382/115/1005 2383/114/1006 115/114/332 117/115/335
f 2383/114/1006 2382/115/1005 118/115/336 116/114/333
f 2383/114/1006 2384/110/19 113/110/325 115/114/332
f 2384/110/19 2383/114/1006 116/114/333 114/110/326
f 2384/110/19 2381/109/22 111/109/321 113/110/325
f 2381/109/22 2384/110/19 114/110/326 112/109/324
f 2397/317/1037 2398/304/1038 441/304/1039 437/317/1040
f 2398/304/1038 2397/317/1037 438/317/1041 442/304/1042
f 2398/304/1038 2399/299/1043 439/299/1044 441/304/1039
f 2399/299/1043 2398/304/1038 442/304/1042 440/299/1045
f 2399/299/1043 2397/317/1037 437/317/1040 439/299/1044
f 2397/317/1037 2399/299/1043 440/299/1045 438/317/1041
f 2400/304/1046 2401/317/1047 437/317/1040 441/304/1039
f 2401/317/1047 2400/304/1046 442/304/1042 438/317/1041
f 2401/317/1047 2402/318/1048 443/318/1049 437/317/1040
f 2402/318/1048 2401/317/1047 438/317/1041 444/318/1050
f 2402/318/1048 2400/304/1046 441/304/1039 443/318/1049
f 2400/304/1046 2402/318/1048 444/318/1050 442/304/1042
f 2403/319/1051 2404/152/1052 447/152/1053 445/319/1054
f 2404/152/1052 2403/319/1051 446/319/1055 448/152/1056
f 2404/152/1052 2405/304/1057 441/304/1039 447/152/1053
f 2405/304/1057 2404/152/1052 448/152/1056 442/304/1042
f 2405/304/1057 2406/318/1058 443/318/1049 441/304/1039
f 2406/318/1058 2405/304/1057 442/304/1042 444/318/1050
f 2406/318/1058 2403/319/1051 445/319/1054 443/318/1049
f 2403/319/1051 2406/318/1058 444/318/1050 446/319/1055
f 2407/320/1059 2408/321/1060 243/321/1061 239/320/1062
f 2408/321/1060 2407/320/1059 240/320/1063 244/321/1064
f 2408/321/1060 2409/322/1065 241/322/1066 243/321/1061
f 2409/322/1065 2408/321/1060 244/321/1064 242/322/1067
f 2409/322/1065 2410/323/1068 237/323/1069 241/322/1066
f 2410/323/1068 2409/322/1065 242/322/1067 238/323/1070
f 2410/323/1068 2407/320/1059 239/320/1062 237/323/1069
f 2407/320/1059 2410/323/1068 238/323/1070 240/320/1063
f 2411/324/1071 2412/325/1072 455/325/1073 457/324/1074
f 2412/325/1072 2411/324/1071 458/324/1075 456/325/1076
f 2412/325/1072 2413/326/1077 451/326/1078 455/325/1073
f 2413/326/1077 2412/325/1072 456/325/1076 452/326/1079
f 2413/326/1077 2414/327/1080 453/327/1081 451/326/1078
f 2414/327/1080 2413/326/1077 452/326/1079 454/327/1082
f 2414/327/1080 2415/328/1083 449/328/1084 453/327/1081
f 2415/328/1083 2414/327/1080 454/327/1082 450/328/1085
f 2415/328/1083 2416/329/1086 459/329/1087 449/328/1084
f 2416/329/1086 2415/328/1083 450/328/1085 460/329/1088
f 2416/329/1086 2411/324/1071 457/324/1074 459/329/1087
f 2411/324/1071 2416/329/1086 460/329/1088 458/324/1075
f 2429/342/602 2430/343/599 465/343/601 463/342/604
f 2430/343/599 2429/342/602 464/342/603 466/343/600
f 2430/343/599 2431/344/594 467/344/598 465/343/601
f 2431/344/594 2430/343/599 466/343/600 468/344/595
f 2431/344/594 2432/345/593 461/345/597 467/344/598
f 2432/345/593 2431/344/594 468/344/595 462/345/596
f 2432/345/593 2433/346/624 469/346/626 461/345/597
f 2433/346/624 2432/345/593 462/345/596 470/346/625
f 2433/346/624 2434/347/621 473/347/623 469/346/626
f 2434/347/621 2433/346/624 470/346/625 474/347/622
f 2434/347/621 2435/348/618 477/348/620 473/347/623
f 2435/348/618 2434/347/621 474/347/622 478/348/619
f 2435/348/618 2436/349/599 483/349/617 477/348/620
f 2436/349/599 2435/348/618 478/348/619 484/349/616
f 2436/349/599 2437/350/594 481/350/615 483/349/617
f 2437/350/594 2436/349/599 484/349/616 482/350/614
f 2437/350/594 2438/351/611 479/351/613 481/350/615
f 2438/351/611 2437/350/594 482/350/614 480/351/612
f 2438/351/611 2439/352/1125 475/352/1126 479/351/613
f 2439/352/1125 2438/351/611 480/351/612 476/352/609
f 2439/352/1125 2440/353/1127 471/353/1128 475/352/1126
f 2440/353/1127 2439/352/1125 476/352/609 472/353/1129
f 2440/353/1127 2429/342/602 463/342/604 471/353/1128
f 2429/342/602 2440/353/1127 472/353/1129 464/342/603
f 2449/343/599 2450/360/594 499/360/1150 497/343/1151
f 2450/360/594 2449/343/599 498/343/1152 500/360/1153
f 2450/360/594 2451/361/1154 495/361/1155 499/360/1150
f 2451/361/1154 2450/360/594 500/360/1153 496/361/1156
f 2451/361/1154 2452/362/1157 485/362/1158 495/361/1155
f 2452/362/1157 2451/361/1154 496/361/1156 486/362/1159
f 2452/362/1157 2453/363/1160 491/363/1161 485/362/1158
f 2453/363/1160 2452/362/1157 486/362/1159 492/363/1162
f 2453/363/1160 2454/352/1163 487/352/1164 491/363/1161
f 2454/352/1163 2453/363/1160 492/363/1162 488/352/1165
f 2454/352/1163 2455/353/1166 489/353/1167 487/352/1164
f 2455/353/1166 2454/352/1163 488/352/1165 490/353/606
f 2455/353/1166 2456/342/602 493/342/604 489/353/1167
f 2456/342/602 2455/353/1166 490/353/606 494/342/603
f 2456/342/602 2449/343/599 497/343/1151 493/342/604
f 2449/343/599 2456/342/602 494/342/603 498/343/1152
f 2457/364/1154 2458/365/594 227/365/1153 223/364/1156
f 2458/365/594 2457/364/1154 224/364/1155 228/365/1150
f 2458/365/594 2459/190/599 225/190/1152 227/365/1153
f 2459/190/599 2458/365/594 228/365/1150 226/190/1151
f 2459/190/599 2460/191/602 221/191/603 225/190/1152
f 2460/191/602 2459/190/599 226/190/1151 222/191/604
f 2460/191/602 2461/192/605 213/192/606 221/191/603
f 2461/192/605 2460/191/602 222/191/604 214/192/607
f 2461/192/605 2462/193/1168 215/193/1169 213/192/606
f 2462/193/1168 2461/192/605 214/192/607 216/193/1170
f 2462/193/1168 2463/366/1171 219/366/1172 215/193/1169
f 2463/366/1171 2462/193/1168 216/193/1170 220/366/1161
f 2463/366/1171 2464/367/1157 217/367/1159 219/366/1172
f 2464/367/1157 2463/366/1171 220/366/1161 218/367/1158
f 2464/367/1157 2457/364/1154 223/364/1156 217/367/1159
f 2457/364/1154 2464/367/1157 218/367/1158 224/364/1155
f 2489/162/1234 2490/159/1235 235/159/177 229/162/180
f 2490/159/1235 2489/162/1234 230/162/1236 236/159/1237
f 2490/159/1235 2491/226/1238 231/226/174 235/159/177
f 2491/226/1238 2490/159/1235 236/159/1237 232/226/1239
f 2491/226/1238 2492/225/1240 233/225/183 231/226/174
f 2492/225/1240 2491/226/1238 232/226/1239 234/225/1241
f 2492/225/1240 2489/162/1234 229/162/180 233/225/183
f 2489/162/1234 2492/225/1240 234/225/1241 230/162/1236
f 2497/390/1254 2498/391/1255 247/391/1256 245/390/1257
f 2498/391/1255 2497/390/1254 246/390/1258 248/391/1259
f 2498/391/1255 2499/320/1260 239/320/1062 247/391/1256
f 2499/320/1260 2498/391/1255 248/391/1259 240/320/1063
f 2499/320/1260 2500/323/1261 237/323/1069 239/320/1062
f 2500/323/1261 2499/320/1260 240/320/1063 238/323/1070
f 2500/323/1261 2497/390/1254 245/390/1257 237/323/1069
f 2497/390/1254 2500/323/1261 238/323/1070 246/390/1258
f 2537/416/1348 2538/417/1349 295/417/1350 289/416/1351
f 2538/417/1349 2537/416/1348 290/416/1352 296/417/1353
f 2538/417/1349 2539/238/1354 291/238/1355 295/417/1350
f 2539/238/1354 2538/417/1349 296/417/1353 292/238/1356
f 2539/238/1354 2540/241/1357 293/241/1358 291/238/1355
f 2540/241/1357 2539/238/1354 292/238/1356 294/241/1359
f 2540/241/1357 2537/416/1348 289/416/1351 293/241/1358
f 2537/416/1348 2540/241/1357 294/241/1359 290/416/1352
f 2549/17/1380 2550/169/1381 31/169/1382 25/17/52
f 2550/169/1381 2549/17/1380 26/17/53 32/169/1383
f 2550/169/1381 2551/242/1384 29/242/1385 31/169/1382
f 2551/242/1384 2550/169/1381 32/169/1383 30/242/1386
f 2551/242/1384 2552/18/1387 27/18/51 29/242/1385
f 2552/18/1387 2551/242/1384 30/242/1386 28/18/54
f 2552/18/1387 2549/17/1380 25/17/52 27/18/51
f 2549/17/1380 2552/18/1387 28/18/54 26/17/53
f 2553/424/1388 2554/425/1389 91/425/1390 89/424/1391
f 2554/425/1389 2553/424/1388 90/424/1392 92/425/1393
f 2554/425/1389 2555/108/1394 87/108/322 91/425/1390
f 2555/108/1394 2554/425/1389 92/425/1393 88/108/323
f 2555/108/1394 2556/117/1395 85/117/341 87/108/322
f 2556/117/1395 2555/108/1394 88/108/323 86/117/342
f 2556/117/1395 2553/424/1388 89/424/1391 85/117/341
f 2553/424/1388 2556/117/1395 86/117/342 90/424/1392
f 2569/432/1428 2570/433/1429 325/433/1430 323/432/1431
f 2570/433/1429 2569/432/1428 324/432/1432 326/433/1433
f 2570/433/1429 2571/434/1434 321/434/1435 325/433/1430
f 2571/434/1434 2570/433/1429 326/433/1433 322/434/1436
f 2571/434/1434 2572/435/1437 319/435/1438 321/434/1435
f 2572/435/1437 2571/434/1434 322/434/1436 320/435/1439
f 2572/435/1437 2569/432/1428 323/432/1431 319/435/1438
f 2569/432/1428 2572/435/1437 320/435/1439 324/432/1432
f 2589/444/1488 2590/445/1489 331/445/1490 329/444/1491
f 2590/445/1489 2589/444/1488 330/444/1492 332/445/1493
f 2590/445/1489 2591/446/1494 327/446/1495 331/445/1490
f 2591/446/1494 2590/445/1489 332/445/1493 328/446/1496
f 2591/446/1494 2592/447/1497 317/447/1498 327/446/1495
f 2592/447/1497 2591/446/1494 328/446/1496 318/447/1499
f 2592/447/1497 2589/444/1488 329/444/1491 317/447/1498
f 2589/444/1488 2592/447/1497 318/447/1499 330/444/1492
f 2601/266/1520 2602/270/1521 355/270/1522 353/266/836
f 2602/270/1521 2601/266/1520 354/266/837 356/270/1523
f 2602/270/1521 2603/273/1524 349/273/1525 355/270/1522
f 2603/273/1524 2602/270/1521 356/270/1523 350/273/1526
f 2603/273/1524 2604/267/1527 351/267/839 349/273/1525
f 2604/267/1527 2603/273/1524 350/273/1526 352/267/840
f 2604/267/1527 2601/266/1520 353/266/836 351/267/839
f 2601/266/1520 2604/267/1527 352/267/840 354/266/837
f 2605/172/1384 2606/43/1528 15/43/130 19/172/1385
f 2606/43/1528 2605/172/1384 20/172/1386 16/43/131
f 2606/43/1528 2607/46/1529 13/46/137 15/43/130
f 2607/46/1529 2606/43/1528 16/43/131 14/46/138
f 2607/46/1529 2608/245/1381 17/245/1382 13/46/137
f 2608/245/1381 2607/46/1529 14/46/138 18/245/1383
f 2608/245/1381 2605/172/1384 19/172/1385 17/245/1382
f 2605/172/1384 2608/245/1381 18/245/1383 20/172/1386
f 2625/161/1574 2626/160/1575 63/160/481 61/161/486
f 2626/160/1575 2625/161/1574 62/161/487 64/160/484
f 2626/160/1575 2627/461/1576 59/461/1577 63/160/481
f 2627/461/1576 2626/160/1575 64/160/484 60/461/1578
f 2627/461/1576 2628/462/1579 57/462/1580 59/461/1577
f 2628/462/1579 2627/461/1576 60/461/1578 58/462/1581
f 2628/462/1579 2625/161/1574 61/161/486 57/462/1580
f 2625/161/1574 2628/462/1579 58/462/1581 62/161/487
f 2637/465/1602 2638/466/1603 391/466/1604 395/465/1605
f 2638/466/1603 2637/465/1602 396/465/1606 392/466/1607
f 2638/466/1603 2639/467/1608 389/467/1609 391/466/1604
f 2639/467/1608 2638/466/1603 392/466/1607 390/467/1610
f 2639/467/1608 2640/468/1611 393/468/1612 389/467/1609
f 2640/468/1611 2639/467/1608 390/467/1610 394/468/1613
f 2640/468/1611 2637/465/1602 395/465/1605 393/468/1612
f 2637/465/1602 2640/468/1611 394/468/1613 396/465/1606
f 2641/469/1614 2642/425/1615 91/425/1390 95/469/1616
f 2642/425/1615 2641/469/1614 96/469/1617 92/425/1393
f 2642/425/1615 2643/424/1618 89/424/1391 91/425/1390
f 2643/424/1618 2642/425/1615 92/425/1393 90/424/1392
f 2643/424/1618 2644/470/1619 93/470/1620 89/424/1391
f 2644/470/1619 2643/424/1618 90/424/1392 94/470/1621
f 2644/470/1619 2641/469/1614 95/469/1616 93/470/1620
f 2641/469/1614 2644/470/1619 94/470/1621 96/469/1617
f 2657/286/1658 2658/121/1659 399/121/353 407/286/914
f 2658/121/1659 2657/286/1658 408/286/915 400/121/354
f 2658/121/1659 2659/120/1660 397/120/350 399/121/353
f 2659/120/1660 2658/121/1659 400/121/354 398/120/351
f 2659/120/1660 2657/286/1658 407/286/914 397/120/350
f 2657/286/1658 2659/120/1660 398/120/351 408/286/915
f 2696/119/1754 2697/513/1755 433/513/1756 435/119/1757
f 2697/513/1755 2696/119/1754 436/119/1758 434/513/1759
f 2697/513/1755 2698/317/1760 437/317/1040 433/513/1756
f 2698/317/1760 2697/513/1755 434/513/1759 438/317/1041
f 2698/317/1760 2699/299/1761 439/299/1044 437/317/1040
f 2699/299/1761 2698/317/1760 438/317/1041 440/299/1045
f 2699/299/1761 2696/119/1754 435/119/1757 439/299/1044
f 2696/119/1754 2699/299/1761 440/299/1045 436/119/1758
f 2708/520/1778 2709/521/1779 39/521/1780 33/520/1781
f 2709/521/1779 2708/520/1778 34/520/1782 40/521/1783
f 2709/521/1779 2710/522/1784 37/522/1785 39/521/1780
f 2710/522/1784 2709/521/1779 40/521/1783 38/522/1786
f 2710/522/1784 2711/523/1787 35/523/1788 37/522/1785
f 2711/523/1787 2710/522/1784 38/522/1786 36/523/1789
f 2711/523/1787 2708/520/1778 33/520/1781 35/523/1788
f 2708/520/1778 2711/523/1787 36/523/1789 34/520/1782
f 2738/540/1867 2739/541/1868 73/541/1869 75/540/1870
f 2739/541/1868 2738/540/1867 76/540/1871 74/541/1872
f 2739/541/1868 2740/542/1873 69/542/1874 73/541/1869
f 2740/542/1873 2739/541/1868 74/541/1872 70/542/1875
f 2740/542/1873 2741/543/1876 71/543/1877 69/542/1874
f 2741/543/1876 2740/542/1873 70/542/1875 72/543/1878
f 2741/543/1876 2738/540/1867 75/540/1870 71/543/1877
f 2738/540/1867 2741/543/1876 72/543/1878 76/540/1871
f 2742/544/1072 2743/545/1879 185/545/1880 183/544/1076
f 2743/545/1879 2742/544/1072 184/544/1073 186/545/1074
f 2743/545/1879 2744/546/1881 187/546/1882 185/545/1880
f 2744/546/1881 2743/545/1879 186/545/1074 188/546/1883
f 2744/546/1881 2745/547/1083 177/547/1085 187/546/1882
f 2745/547/1083 2744/546/1881 188/546/1883 178/547/1084
f 2745/547/1083 2746/548/1080 181/548/1082 177/547/1085
f 2746/548/1080 2745/547/1083 178/547/1084 182/548/1081
f 2746/548/1080 2747/549/1077 179/549/1079 181/548/1082
f 2747/549/1077 2746/548/1080 182/548/1081 180/549/1078
f 2747/549/1077 2742/544/1072 183/544/1076 179/549/1079
f 2742/544/1072 2747/549/1077 180/549/1078 184/544/1073
f 2765/181/1912 2766/149/1913 169/149/553 171/181/558
f 2766/149/1913 2765/181/1912 172/181/559 170/149/554
f 2766/149/1913 2767/119/1914 175/119/1915 169/149/553
f 2767/119/1914 2766/149/1913 170/149/554 176/119/1916
f 2767/119/1914 2768/558/1917 173/558/1918 175/119/1915
f 2768/558/1917 2767/119/1914 176/119/1916 174/558/1919
f 2768/558/1917 2765/181/1912 171/181/558 173/558/1918
f 2765/181/1912 2768/558/1917 174/558/1919 172/181/559
f 2805/582/2002 2806/583/2003 55/583/761 53/582/754
f 2806/583/2003 2805/582/2002 54/582/753 56/583/760
f 2806/583/2003 2807/584/2004 49/584/758 55/583/761
f 2807/584/2004 2806/583/2003 56/583/760 50/584/757
f 2807/584/2004 2808/585/2005 51/585/755 49/584/758
f 2808/585/2005 2807/584/2004 50/584/757 52/585/752
f 2808/585/2005 2805/582/2002 53/582/754 51/585/755
f 2805/582/2002 2808/585/2005 52/585/752 54/582/753
f 2809/586/2006 2810/587/2007 255/587/2008 249/586/2009
f 2810/587/2007 2809/586/2006 250/586/761 256/587/2010
f 2810/587/2007 2811/417/2011 251/417/2012 255/587/2008
f 2811/417/2011 2810/587/2007 256/587/2010 252/417/2013
f 2811/417/2011 2812/416/2014 253/416/2015 251/417/2012
f 2812/416/2014 2811/417/2011 252/417/2013 254/416/2016
f 2812/416/2014 2809/586/2006 249/586/2009 253/416/2015
f 2809/586/2006 2812/416/2014 254/416/2016 250/586/761
f 2849/522/2083 2850/521/2084 5/521/2085 7/522/2086
f 2850/521/2084 2849/522/2083 8/522/2087 6/521/2088
f 2850/521/2084 2851/605/2089 3/605/2090 5/521/2085
f 2851/605/2089 2850/521/2084 6/521/2088 4/605/2091
f 2851/605/2089 2852/606/2092 1/606/2093 3/605/2090
f 2852/606/2092 2851/605/2089 4/605/2091 2/606/2094
f 2852/606/2092 2849/522/2083 7/522/2086 1/606/2093
f 2849/522/2083 2852/606/2092 2/606/2094 8/522/2087
f 2893/631/2153 2894/632/2154 315/632/2155 313/631/2156
f 2894/632/2154 2893/631/2153 314/631/2157 316/632/2158
f 2894/632/2154 2895/633/2159 309/633/2160 315/632/2155
f 2895/633/2159 2894/632/2154 316/632/2158 310/633/2161
f 2895/633/2159 2896/634/2162 311/634/2163 309/633/2160
f 2896/634/2162 2895/633/2159 310/633/2161 312/634/2164
f 2896/634/2162 2893/631/2153 313/631/2156 311/634/2163
f 2893/631/2153 2896/634/2162 312/634/2164 314/631/2157
f 2925/645/2224 2926/646/2225 307/646/2226 305/645/2227
f 2926/646/2225 2925/645/2224 306/645/2228 308/646/2229
f 2926/646/2225 2927/244/2230 297/244/769 307/646/2226
f 2927/244/2230 2926/646/2225 308/646/2229 298/244/770
f 2927/244/2230 2928/243/2231 303/243/764 297/244/769
f 2928/243/2231 2927/244/2230 298/244/770 304/243/767
f 2928/243/2231 2925/645/2224 305/645/2227 303/243/764
f 2925/645/2224 2928/243/2231 304/243/767 306/645/2228
f 2951/447/2280 2952/446/2281 327/446/1495 317/447/1498
f 2952/446/2281 2951/447/2280 318/447/1499 328/446/1496
f 2952/446/2281 2953/435/2282 319/435/1438 327/446/1495
f 2953/435/2282 2952/446/2281 328/446/1496 320/435/1439
f 2953/435/2282 2954/434/2283 321/434/1435 319/435/1438
f 2954/434/2283 2953/435/2282 320/435/1439 322/434/1436
f 2954/434/2283 2951/447/2280 317/447/1498 321/434/1435
f 2951/447/2280 2954/434/2283 322/434/1436 318/447/1499
f 2997/676/2365 2998/677/2366 335/677/2367 333/676/2368
f 2998/677/2366 2997/676/2365 334/676/2369 336/677/2370
f 2998/677/2366 2999/445/2371 331/445/1490 335/677/2367
f 2999/445/2371 2998/677/2366 336/677/2370 332/445/1493
f 2999/445/2371 3000/444/2372 329/444/1491 331/445/1490
f 3000/444/2372 2999/445/2371 332/445/1493 330/444/1492
f 3000/444/2372 2997/676/2365 333/676/2368 329/444/1491
f 2997/676/2365 3000/444/2372 330/444/1492 334/676/2369
f 3045/706/2472 3046/707/1876 83/707/1877 79/706/2473
f 3046/707/1876 3045/706/2472 80/706/2474 84/707/1878
f 3046/707/1876 3047/708/2475 81/708/1870 83/707/1877
f 3047/708/2475 3046/707/1876 84/707/1878 82/708/2476
f 3047/708/2475 3048/709/2477 77/709/2478 81/708/1870
f 3048/709/2477 3047/708/2475 82/708/2476 78/709/2479
f 3048/709/2477 3045/706/2472 79/706/2473 77/709/2478
f 3045/706/2472 3048/709/2477 78/709/2479 80/706/2474
f 3065/141/2528 3066/150/2529 155/150/445 151/141/420
f 3066/150/2529 3065/141/2528 152/141/421 156/150/448
f 3066/150/2529 3067/149/2530 153/149/446 155/150/445
f 3067/149/2530 3066/150/2529 156/150/448 154/149/447
f 3067/149/2530 3068/136/2531 149/136/403 153/149/446
f 3068/136/2531 3067/149/2530 154/149/447 150/136/404
f 3068/136/2531 3065/141/2528 151/141/420 149/136/403
f 3065/141/2528 3068/136/2531 150/136/404 152/141/421
f 3077/734/2556 3078/735/2557 363/735/2558 361/734/2559
f 3078/735/2557 3077/734/2556 362/734/2560 364/735/2561
f 3078/735/2557 3079/265/2562 359/265/831 363/735/2558
f 3079/265/2562 3078/735/2557 364/735/2561 360/265/834
f 3079/265/2562 3080/264/2563 357/264/832 359/265/831
f 3080/264/2563 3079/265/2562 360/265/834 358/264/833
f 3080/264/2563 3077/734/2556 361/734/2559 357/264/832
f 3077/734/2556 3080/264/2563 358/264/833 362/734/2560
f 3109/754/19 3110/755/14 373/755/327 377/754/1984
f 3110/755/14 3109/754/19 378/754/1007 374/755/1988
f 3110/755/14 3111/756/13 369/756/1986 373/755/327
f 3111/756/13 3110/755/14 374/755/1988 370/756/328
f 3111/756/13 3112/757/22 365/757/330 369/756/1986
f 3112/757/22 3111/756/13 370/756/328 366/757/1010
f 3112/757/22 3113/758/19 371/758/1984 365/757/330
f 3113/758/19 3112/757/22 366/757/1010 372/758/1007
f 3113/758/19 3114/759/19 367/759/1009 371/758/1984
f 3114/759/19 3113/758/19 372/758/1007 368/759/1007
f 3114/759/19 3115/760/22 375/760/1011 367/759/1009
f 3115/760/22 3114/759/19 368/759/1007 376/760/1010
f 3115/760/22 3116/761/22 379/761/330 375/760/1011
f 3116/761/22 3115/760/22 376/760/1010 380/761/1010
f 3116/761/22 3109/754/19 377/754/1984 379/761/330
f 3109/754/19 3116/761/22 380/761/1010 378/754/1007
f 3141/770/22 3142/771/19 387/771/21 383/770/24
f 3142/771/19 3141/770/22 384/770/1010 388/771/1007
f 3142/771/19 3143/772/14 385/772/18 387/771/21
f 3143/772/14 3142/771/19 388/771/1007 386/772/1988
f 3143/772/14 3144/773/13 381/773/17 385/772/18
f 3144/773/13 3143/772/14 386/772/1988 382/773/328
f 3144/773/13 3141/770/22 383/770/24 381/773/17
f 3141/770/22 3144/773/13 382/773/328 384/770/1010
f 3159/677/2713 3160/676/2714 333/676/2368 335/677/2367
f 3160/676/2714 3159/677/2713 336/677/2370 334/676/2369
f 3160/676/2714 3161/788/2715 337/788/2716 333/676/2368
f 3161/788/2715 3160/676/2714 334/676/2369 338/788/2717
f 3161/788/2715 3162/789/2718 339/789/2719 337/788/2716
f 3162/789/2718 3161/788/2715 338/788/2717 340/789/2720
f 3162/789/2718 3159/677/2713 335/677/2367 339/789/2719
f 3159/677/2713 3162/789/2718 340/789/2720 336/677/2370
f 3163/304/2721 3164/306/2722 427/306/991 425/304/984
f 3164/306/2722 3163/304/2721 426/304/985 428/306/992
f 3164/306/2722 3165/303/2723 423/303/978 427/306/991
f 3165/303/2723 3164/306/2722 428/306/992 424/303/979
f 3165/303/2723 3166/299/2724 421/299/964 423/303/978
f 3166/299/2724 3165/303/2723 424/303/979 422/299/965
f 3166/299/2724 3163/304/2721 425/304/984 421/299/964
f 3163/304/2721 3166/299/2724 422/299/965 426/304/985
usemtl Meshpart2Mtl.005
f 2003/1/1 2004/2/2 1287/2/3 1285/1/4
f 2004/2/2 2003/1/1 1286/1/5 1288/2/6
f 2004/2/2 2005/3/7 1283/3/8 1287/2/3
f 2005/3/7 2004/2/2 1288/2/6 1284/3/9
f 2005/3/7 2006/4/10 1281/4/11 1283/3/8
f 2006/4/10 2005/3/7 1284/3/9 1282/4/12
f 2006/4/10 2003/1/1 1285/1/4 1281/4/11
f 2003/1/1 2006/4/10 1282/4/12 1286/1/5
f 2007/5/13 2008/6/14 691/6/15 685/5/16
f 2008/6/14 2007/5/13 686/5/17 692/6/18
f 2008/6/14 2009/7/19 687/7/20 691/6/15
f 2009/7/19 2008/6/14 692/6/18 688/7/21
f 2009/7/19 2010/8/22 689/8/23 687/7/20
f 2010/8/22 2009/7/19 688/7/21 690/8/24
f 2010/8/22 2007/5/13 685/5/16 689/8/23
f 2007/5/13 2010/8/22 690/8/24 686/5/17
f 2015/13/37 2016/14/38 1157/14/39 1153/13/40
f 2016/14/38 2015/13/37 1154/13/41 1158/14/42
f 2016/14/38 2017/15/43 1155/15/44 1157/14/39
f 2017/15/43 2016/14/38 1158/14/42 1156/15/45
f 2017/15/43 2018/16/46 1151/16/47 1155/15/44
f 2018/16/46 2017/15/43 1156/15/45 1152/16/48
f 2018/16/46 2015/13/37 1153/13/40 1151/16/47
f 2015/13/37 2018/16/46 1152/16/48 1154/13/41
f 2023/21/61 2024/22/62 1949/22/63 1945/21/64
f 2024/22/62 2023/21/61 1946/21/65 1950/22/66
f 2024/22/62 2025/23/67 1947/23/68 1949/22/63
f 2025/23/67 2024/22/62 1950/22/66 1948/23/69
f 2025/23/67 2026/24/70 1943/24/71 1947/23/68
f 2026/24/70 2025/23/67 1948/23/69 1944/24/72
f 2026/24/70 2023/21/61 1945/21/64 1943/24/71
f 2023/21/61 2026/24/70 1944/24/72 1946/21/65
f 2031/29/85 2032/30/86 935/30/87 933/29/88
f 2032/30/86 2031/29/85 934/29/89 936/30/90
f 2032/30/86 2033/31/91 929/31/92 935/30/87
f 2033/31/91 2032/30/86 936/30/90 930/31/93
f 2033/31/91 2034/32/94 931/32/95 929/31/92
f 2034/32/94 2033/31/91 930/31/93 932/32/96
f 2034/32/94 2031/29/85 933/29/88 931/32/95
f 2031/29/85 2034/32/94 932/32/96 934/29/89
f 2035/33/97 2036/34/98 1061/34/99 1053/33/100
f 2036/34/98 2035/33/97 1054/33/101 1062/34/102
f 2036/34/98 2037/35/103 1063/35/104 1061/34/99
f 2037/35/103 2036/34/98 1062/34/102 1064/35/105
f 2037/35/103 2038/36/106 1059/36/107 1063/35/104
f 2038/36/106 2037/35/103 1064/35/105 1060/36/108
f 2038/36/106 2039/37/109 1055/37/110 1059/36/107
f 2039/37/109 2038/36/106 1060/36/108 1056/37/111
f 2039/37/109 2040/38/112 1057/38/113 1055/37/110
f 2040/38/112 2039/37/109 1056/37/111 1058/38/114
f 2040/38/112 2035/33/97 1053/33/100 1057/38/113
f 2035/33/97 2040/38/112 1058/38/114 1054/33/101
f 2041/39/115 2042/40/116 1375/40/117 1369/39/118
f 2042/40/116 2041/39/115 1370/39/119 1376/40/120
f 2042/40/116 2043/41/121 1371/41/122 1375/40/117
f 2043/41/121 2042/40/116 1376/40/120 1372/41/123
f 2043/41/121 2044/42/124 1373/42/125 1371/41/122
f 2044/42/124 2043/41/121 1372/41/123 1374/42/126
f 2044/42/124 2041/39/115 1369/39/118 1373/42/125
f 2041/39/115 2044/42/124 1374/42/126 1370/39/119
f 2053/51/151 2054/52/152 787/52/153 781/51/154
f 2054/52/152 2053/51/151 782/51/155 788/52/156
f 2054/52/152 2055/53/157 783/53/158 787/52/153
f 2055/53/157 2054/52/152 788/52/156 784/53/159
f 2055/53/157 2056/54/160 785/54/161 783/53/158
f 2056/54/160 2055/53/157 784/53/159 786/54/162
f 2056/54/160 2053/51/151 781/51/154 785/54/161
f 2053/51/151 2056/54/160 786/54/162 782/51/155
f 2057/55/163 2058/56/164 605/56/165 611/55/166
f 2058/56/164 2057/55/163 612/55/167 606/56/168
f 2058/56/164 2059/57/169 607/57/170 605/56/165
f 2059/57/169 2058/56/164 606/56/168 608/57/171
f 2059/57/169 2060/58/172 603/58/173 607/57/170
f 2060/58/172 2059/57/169 608/57/171 604/58/174
f 2060/58/172 2061/59/175 609/59/176 603/58/173
f 2061/59/175 2060/58/172 604/58/174 610/59/177
f 2061/59/175 2062/60/178 613/60/179 609/59/176
f 2062/60/178 2061/59/175 610/59/177 614/60/180
f 2062/60/178 2063/61/181 617/61/182 613/60/179
f 2063/61/181 2062/60/178 614/60/180 618/61/183
f 2063/61/181 2064/62/184 619/62/185 617/61/182
f 2064/62/184 2063/61/181 618/61/183 620/62/186
f 2064/62/184 2065/63/187 615/63/188 619/62/185
f 2065/63/187 2064/62/184 620/62/186 616/63/189
f 2065/63/187 2057/55/163 611/55/166 615/63/188
f 2057/55/163 2065/63/187 616/63/189 612/55/167
f 2066/64/190 2067/65/191 875/65/192 871/64/193
f 2067/65/191 2066/64/190 872/64/194 876/65/195
f 2067/65/191 2068/66/196 873/66/197 875/65/192
f 2068/66/196 2067/65/191 876/65/195 874/66/198
f 2068/66/196 2069/67/199 869/67/200 873/66/197
f 2069/67/199 2068/66/196 874/66/198 870/67/201
f 2069/67/199 2066/64/190 871/64/193 869/67/200
f 2066/64/190 2069/67/199 870/67/201 872/64/194
f 2078/74/226 2079/75/227 905/75/228 901/74/229
f 2079/75/227 2078/74/226 902/74/230 906/75/231
f 2079/75/227 2080/76/232 899/76/233 905/75/228
f 2080/76/232 2079/75/227 906/75/231 900/76/234
f 2080/76/232 2081/77/235 903/77/236 899/76/233
f 2081/77/235 2080/76/232 900/76/234 904/77/237
f 2081/77/235 2078/74/226 901/74/229 903/77/236
f 2078/74/226 2081/77/235 904/77/237 902/74/230
f 2086/82/250 2087/83/251 581/83/252 579/82/253
f 2087/83/251 2086/82/250 580/82/254 582/83/255
f 2087/83/251 2088/84/256 577/84/142 581/83/252
f 2088/84/256 2087/83/251 582/83/255 578/84/143
f 2088/84/256 2089/85/257 575/85/258 577/84/142
f 2089/85/257 2088/84/256 578/84/143 576/85/144
f 2089/85/257 2086/82/250 579/82/253 575/85/258
f 2086/82/250 2089/85/257 576/85/144 580/82/254
f 2090/86/259 2091/87/260 1427/87/261 1421/86/262
f 2091/87/260 2090/86/259 1422/86/263 1428/87/264
f 2091/87/260 2092/88/265 1423/88/266 1427/87/261
f 2092/88/265 2091/87/260 1428/87/264 1424/88/267
f 2092/88/265 2093/89/268 1425/89/269 1423/88/266
f 2093/89/268 2092/88/265 1424/88/267 1426/89/270
f 2093/89/268 2094/90/271 1431/90/272 1425/89/269
f 2094/90/271 2093/89/268 1426/89/270 1432/90/273
f 2094/90/271 2095/91/274 1429/91/275 1431/90/272
f 2095/91/274 2094/90/271 1432/90/273 1430/91/276
f 2095/91/274 2096/92/277 1433/92/278 1429/91/275
f 2096/92/277 2095/91/274 1430/91/276 1434/92/279
f 2096/92/277 2097/93/280 1435/93/281 1433/92/278
f 2097/93/280 2096/92/277 1434/92/279 1436/93/282
f 2097/93/280 2090/86/259 1421/86/262 1435/93/281
f 2090/86/259 2097/93/280 1436/93/282 1422/86/263
f 2098/94/283 2099/95/284 1125/95/285 1131/94/286
f 2099/95/284 2098/94/283 1132/94/287 1126/95/288
f 2099/95/284 2100/96/289 1133/96/290 1125/95/285
f 2100/96/289 2099/95/284 1126/95/288 1134/96/291
f 2100/96/289 2101/97/292 1141/97/293 1133/96/290
f 2101/97/292 2100/96/289 1134/96/291 1142/97/294
f 2101/97/292 2102/98/295 1149/98/296 1141/97/293
f 2102/98/295 2101/97/292 1142/97/294 1150/98/297
f 2102/98/295 2103/99/298 1143/99/299 1149/98/296
f 2103/99/298 2102/98/295 1150/98/297 1144/99/300
f 2103/99/298 2104/100/301 1139/100/302 1143/99/299
f 2104/100/301 2103/99/298 1144/99/300 1140/100/303
f 2104/100/301 2105/101/304 1147/101/305 1139/100/302
f 2105/101/304 2104/100/301 1140/100/303 1148/101/306
f 2105/101/304 2106/102/307 1145/102/308 1147/101/305
f 2106/102/307 2105/101/304 1148/101/306 1146/102/309
f 2106/102/307 2107/103/310 1137/103/311 1145/102/308
f 2107/103/310 2106/102/307 1146/102/309 1138/103/312
f 2107/103/310 2108/104/313 1129/104/314 1137/103/311
f 2108/104/313 2107/103/310 1138/103/312 1130/104/315
f 2108/104/313 2109/105/164 1127/105/168 1129/104/314
f 2109/105/164 2108/104/313 1130/104/315 1128/105/165
f 2109/105/164 2110/106/163 1123/106/167 1127/105/168
f 2110/106/163 2109/105/164 1128/105/165 1124/106/166
f 2110/106/163 2111/107/316 1135/107/317 1123/106/167
f 2111/107/316 2110/106/163 1124/106/166 1136/107/318
f 2111/107/316 2098/94/283 1131/94/286 1135/107/317
f 2098/94/283 2111/107/316 1136/107/318 1132/94/287
f 2133/94/284 2134/95/283 551/95/287 549/94/288
f 2134/95/283 2133/94/284 550/94/177 552/95/286
f 2134/95/283 2135/105/316 555/105/318 551/95/287
f 2135/105/316 2134/95/283 552/95/286 556/105/317
f 2135/105/316 2136/106/163 557/106/166 555/105/318
f 2136/106/163 2135/105/316 556/105/317 558/106/167
f 2136/106/163 2137/107/164 553/107/165 557/106/166
f 2137/107/164 2136/106/163 558/106/167 554/107/168
f 2137/107/164 2138/100/313 545/100/315 553/107/165
f 2138/100/313 2137/107/164 554/107/168 546/100/314
f 2138/100/313 2139/101/310 537/101/312 545/100/315
f 2139/101/310 2138/100/313 546/100/314 538/101/311
f 2139/101/310 2140/102/307 535/102/309 537/101/312
f 2140/102/307 2139/101/310 538/101/311 536/102/308
f 2140/102/307 2141/103/304 539/103/306 535/102/309
f 2141/103/304 2140/102/307 536/102/308 540/103/305
f 2141/103/304 2142/104/301 547/104/303 539/103/306
f 2142/104/301 2141/103/304 540/103/305 548/104/302
f 2142/104/301 2143/96/298 543/96/300 547/104/303
f 2143/96/298 2142/104/301 548/104/302 544/96/299
f 2143/96/298 2144/97/295 531/97/297 543/96/300
f 2144/97/295 2143/96/298 544/96/299 532/97/296
f 2144/97/295 2145/98/292 533/98/294 531/97/297
f 2145/98/292 2144/97/295 532/97/296 534/98/293
f 2145/98/292 2146/99/289 541/99/291 533/98/294
f 2146/99/289 2145/98/292 534/98/293 542/99/290
f 2146/99/289 2133/94/284 549/94/288 541/99/291
f 2133/94/284 2146/99/289 542/99/290 550/94/177
f 2167/142/422 2168/143/423 1989/143/424 1987/142/425
f 2168/143/423 2167/142/422 1988/142/426 1990/143/427
f 2168/143/423 2169/144/428 1985/144/429 1989/143/424
f 2169/144/428 2168/143/423 1990/143/427 1986/144/430
f 2169/144/428 2170/145/431 1983/145/432 1985/144/429
f 2170/145/431 2169/144/428 1986/144/430 1984/145/433
f 2170/145/431 2171/146/434 1977/146/435 1983/145/432
f 2171/146/434 2170/145/431 1984/145/433 1978/146/436
f 2171/146/434 2172/147/437 1975/147/438 1977/146/435
f 2172/147/437 2171/146/434 1978/146/436 1976/147/439
f 2172/147/437 2173/148/440 1981/148/441 1975/147/438
f 2173/148/440 2172/147/437 1976/147/439 1982/148/442
f 2173/148/440 2167/142/422 1987/142/425 1981/148/441
f 2167/142/422 2173/148/440 1982/148/442 1988/142/426
f 2190/74/491 2191/77/492 911/77/493 901/74/494
f 2191/77/492 2190/74/491 902/74/495 912/77/496
f 2191/77/492 2192/163/497 907/163/498 911/77/493
f 2192/163/497 2191/77/492 912/77/496 908/163/499
f 2192/163/497 2193/164/500 909/164/501 907/163/498
f 2193/164/500 2192/163/497 908/163/499 910/164/502
f 2193/164/500 2190/74/491 901/74/494 909/164/501
f 2190/74/491 2193/164/500 910/164/502 902/74/495
f 2206/177/539 2207/178/540 919/178/541 913/177/542
f 2207/178/540 2206/177/539 914/177/543 920/178/544
f 2207/178/540 2208/179/545 915/179/546 919/178/541
f 2208/179/545 2207/178/540 920/178/544 916/179/547
f 2208/179/545 2209/180/548 917/180/549 915/179/546
f 2209/180/548 2208/179/545 916/179/547 918/180/550
f 2209/180/548 2206/177/539 913/177/542 917/180/549
f 2206/177/539 2209/180/548 918/180/550 914/177/543
f 2216/182/561 2217/183/562 1113/183/563 1111/182/564
f 2217/183/562 2216/182/561 1112/182/565 1114/183/566
f 2217/183/562 2218/184/567 1109/184/568 1113/183/563
f 2218/184/567 2217/183/562 1114/183/566 1110/184/569
f 2218/184/567 2219/185/570 1107/185/571 1109/184/568
f 2219/185/570 2218/184/567 1110/184/569 1108/185/572
f 2219/185/570 2216/182/561 1111/182/564 1107/185/571
f 2216/182/561 2219/185/570 1108/185/572 1112/182/565
f 2224/84/581 2225/85/582 1097/85/583 1095/84/584
f 2225/85/582 2224/84/581 1096/84/585 1098/85/586
f 2225/85/582 2226/82/587 1093/82/588 1097/85/583
f 2226/82/587 2225/85/582 1098/85/586 1094/82/589
f 2226/82/587 2227/83/590 1091/83/591 1093/82/588
f 2227/83/590 2226/82/587 1094/82/589 1092/83/592
f 2227/83/590 2224/84/581 1095/84/584 1091/83/591
f 2224/84/581 2227/83/590 1092/83/592 1096/84/585
f 2240/200/627 2241/201/628 1207/201/629 1197/200/630
f 2241/201/628 2240/200/627 1198/200/631 1208/201/632
f 2241/201/628 2242/202/633 1199/202/634 1207/201/629
f 2242/202/633 2241/201/628 1208/201/632 1200/202/635
f 2242/202/633 2243/203/636 1201/203/637 1199/202/634
f 2243/203/636 2242/202/633 1200/202/635 1202/203/638
f 2243/203/636 2240/200/627 1197/200/630 1201/203/637
f 2240/200/627 2243/203/636 1202/203/638 1198/200/631
f 2244/204/639 2245/205/640 1209/205/641 1211/204/642
f 2245/205/640 2244/204/639 1212/204/643 1210/205/644
f 2245/205/640 2246/202/645 1199/202/634 1209/205/641
f 2246/202/645 2245/205/640 1210/205/644 1200/202/635
f 2246/202/645 2247/201/646 1207/201/629 1199/202/634
f 2247/201/646 2246/202/645 1200/202/635 1208/201/632
f 2247/201/646 2244/204/639 1211/204/642 1207/201/629
f 2244/204/639 2247/201/646 1208/201/632 1212/204/643
f 2248/206/647 2249/207/648 1239/207/649 1235/206/650
f 2249/207/648 2248/206/647 1236/206/651 1240/207/652
f 2249/207/648 2250/208/653 1237/208/654 1239/207/649
f 2250/208/653 2249/207/648 1240/207/652 1238/208/655
f 2250/208/653 2251/209/656 1233/209/657 1237/208/654
f 2251/209/656 2250/208/653 1238/208/655 1234/209/658
f 2251/209/656 2248/206/647 1235/206/650 1233/209/657
f 2248/206/647 2251/209/656 1234/209/658 1236/206/651
f 2252/210/659 2253/211/660 1275/211/661 1273/210/662
f 2253/211/660 2252/210/659 1274/210/663 1276/211/664
f 2253/211/660 2254/212/665 1271/212/666 1275/211/661
f 2254/212/665 2253/211/660 1276/211/664 1272/212/667
f 2254/212/665 2255/213/668 1269/213/669 1271/212/666
f 2255/213/668 2254/212/665 1272/212/667 1270/213/670
f 2255/213/668 2252/210/659 1273/210/662 1269/213/669
f 2252/210/659 2255/213/668 1270/213/670 1274/210/663
f 2259/214/674 2260/215/675 1205/215/676 1203/214/677
f 2260/215/675 2259/214/674 1204/214/678 1206/215/679
f 2260/215/675 2261/200/680 1197/200/630 1205/215/676
f 2261/200/680 2260/215/675 1206/215/679 1198/200/631
f 2261/200/680 2262/203/681 1201/203/637 1197/200/630
f 2262/203/681 2261/200/680 1198/200/631 1202/203/638
f 2262/203/681 2259/214/674 1203/214/677 1201/203/637
f 2259/214/674 2262/203/681 1202/203/638 1204/214/678
f 2263/216/682 2264/217/683 1881/217/684 1879/216/685
f 2264/217/683 2263/216/682 1880/216/686 1882/217/687
f 2264/217/683 2265/218/688 1875/218/689 1881/217/684
f 2265/218/688 2264/217/683 1882/217/687 1876/218/690
f 2265/218/688 2266/219/691 1877/219/692 1875/218/689
f 2266/219/691 2265/218/688 1876/218/690 1878/219/693
f 2266/219/691 2263/216/682 1879/216/685 1877/219/692
f 2263/216/682 2266/219/691 1878/219/693 1880/216/686
f 2267/85/694 2268/84/695 577/84/142 575/85/258
f 2268/84/695 2267/85/694 576/85/144 578/84/143
f 2268/84/695 2269/220/696 573/220/697 577/84/142
f 2269/220/696 2268/84/695 578/84/143 574/220/698
f 2269/220/696 2270/221/699 571/221/700 573/220/697
f 2270/221/699 2269/220/696 574/220/698 572/221/701
f 2270/221/699 2267/85/694 575/85/258 571/221/700
f 2267/85/694 2270/221/699 572/221/701 576/85/144
f 2279/230/726 2280/231/727 677/231/728 679/230/729
f 2280/231/727 2279/230/726 680/230/730 678/231/731
f 2280/231/727 2281/232/732 673/232/733 677/231/728
f 2281/232/732 2280/231/727 678/231/731 674/232/734
f 2281/232/732 2282/233/735 675/233/736 673/232/733
f 2282/233/735 2281/232/732 674/232/734 676/233/737
f 2282/233/735 2279/230/726 679/230/729 675/233/736
f 2279/230/726 2282/233/735 676/233/737 680/230/730
f 2307/256/805 2308/257/806 707/257/807 705/256/808
f 2308/257/806 2307/256/805 706/256/809 708/257/810
f 2308/257/806 2309/258/811 701/258/812 707/257/807
f 2309/258/811 2308/257/806 708/257/810 702/258/813
f 2309/258/811 2310/259/814 703/259/815 701/258/812
f 2310/259/814 2309/258/811 702/258/813 704/259/816
f 2310/259/814 2307/256/805 705/256/808 703/259/815
f 2307/256/805 2310/259/814 704/259/816 706/256/809
f 2311/260/817 2312/261/818 513/261/819 503/260/820
f 2312/261/818 2311/260/817 504/260/821 514/261/822
f 2312/261/818 2313/262/823 509/262/824 513/261/819
f 2313/262/823 2312/261/818 514/261/822 510/262/825
f 2313/262/823 2314/263/826 511/263/827 509/262/824
f 2314/263/826 2313/262/823 510/262/825 512/263/828
f 2314/263/826 2311/260/817 503/260/820 511/263/827
f 2311/260/817 2314/263/826 512/263/828 504/260/821
f 2340/282/900 2341/283/901 863/283/902 859/282/903
f 2341/283/901 2340/282/900 860/282/904 864/283/905
f 2341/283/901 2342/284/906 861/284/907 863/283/902
f 2342/284/906 2341/283/901 864/283/905 862/284/908
f 2342/284/906 2343/285/909 857/285/910 861/284/907
f 2343/285/909 2342/284/906 862/284/908 858/285/911
f 2343/285/909 2340/282/900 859/282/903 857/285/910
f 2340/282/900 2343/285/909 858/285/911 860/282/904
f 2353/290/929 2354/291/930 1921/291/931 1913/290/932
f 2354/291/930 2353/290/929 1914/290/933 1922/291/934
f 2354/291/930 2355/292/935 1919/292/936 1921/291/931
f 2355/292/935 2354/291/930 1922/291/934 1920/292/937
f 2355/292/935 2356/293/938 1909/293/939 1919/292/936
f 2356/293/938 2355/292/935 1920/292/937 1910/293/940
f 2356/293/938 2357/294/941 1915/294/942 1909/293/939
f 2357/294/941 2356/293/938 1910/293/940 1916/294/943
f 2357/294/941 2358/145/944 1911/145/945 1915/294/942
f 2358/145/944 2357/294/941 1916/294/943 1912/145/946
f 2358/145/944 2359/146/947 1907/146/948 1911/145/945
f 2359/146/947 2358/145/944 1912/145/946 1908/146/949
f 2359/146/947 2353/290/929 1913/290/932 1907/146/948
f 2353/290/929 2359/146/947 1908/146/949 1914/290/933
f 2360/295/950 2361/296/951 927/296/952 925/295/953
f 2361/296/951 2360/295/950 926/295/954 928/296/955
f 2361/296/951 2362/297/956 921/297/957 927/296/952
f 2362/297/956 2361/296/951 928/296/955 922/297/958
f 2362/297/956 2363/298/959 923/298/960 921/297/957
f 2363/298/959 2362/297/956 922/297/958 924/298/961
f 2363/298/959 2360/295/950 925/295/953 923/298/960
f 2360/295/950 2363/298/959 924/298/961 926/295/954
f 2377/307/993 2378/308/994 1339/308/995 1333/307/996
f 2378/308/994 2377/307/993 1334/307/997 1340/308/998
f 2378/308/994 2379/41/999 1335/41/1000 1339/308/995
f 2379/41/999 2378/308/994 1340/308/998 1336/41/1001
f 2379/41/999 2380/40/1002 1337/40/1003 1335/41/1000
f 2380/40/1002 2379/41/999 1336/41/1001 1338/40/1004
f 2380/40/1002 2377/307/993 1333/307/996 1337/40/1003
f 2377/307/993 2380/40/1002 1338/40/1004 1334/307/997
f 2385/309/14 2386/310/19 819/310/1007 817/309/1008
f 2386/310/19 2385/309/14 818/309/809 820/310/1009
f 2386/310/19 2387/311/22 813/311/1010 819/310/1007
f 2387/311/22 2386/310/19 820/310/1009 814/311/1011
f 2387/311/22 2388/312/13 815/312/1012 813/311/1010
f 2388/312/13 2387/311/22 814/311/1011 816/312/816
f 2388/312/13 2385/309/14 817/309/1008 815/312/1012
f 2385/309/14 2388/312/13 816/312/816 818/309/809
f 2389/184/1013 2390/185/1014 589/185/1015 587/184/1016
f 2390/185/1014 2389/184/1013 588/184/1017 590/185/1018
f 2390/185/1014 2391/182/1019 585/182/1020 589/185/1015
f 2391/182/1019 2390/185/1014 590/185/1018 586/182/1021
f 2391/182/1019 2392/183/1022 583/183/1023 585/182/1020
f 2392/183/1022 2391/182/1019 586/182/1021 584/183/1024
f 2392/183/1022 2389/184/1013 587/184/1016 583/183/1023
f 2389/184/1013 2392/183/1022 584/183/1024 588/184/1017
f 2393/313/1025 2394/314/1026 1165/314/1027 1159/313/1028
f 2394/314/1026 2393/313/1025 1160/313/1029 1166/314/1030
f 2394/314/1026 2395/315/1031 1161/315/1032 1165/314/1027
f 2395/315/1031 2394/314/1026 1166/314/1030 1162/315/1033
f 2395/315/1031 2396/316/1034 1163/316/1035 1161/315/1032
f 2396/316/1034 2395/315/1031 1162/315/1033 1164/316/1036
f 2396/316/1034 2393/313/1025 1159/313/1028 1163/316/1035
f 2393/313/1025 2396/316/1034 1164/316/1036 1160/313/1029
f 2417/330/1089 2418/331/1090 1195/331/1091 1191/330/1092
f 2418/331/1090 2417/330/1089 1192/330/1093 1196/331/1094
f 2418/331/1090 2419/332/1095 1193/332/1096 1195/331/1091
f 2419/332/1095 2418/331/1090 1196/331/1094 1194/332/1097
f 2419/332/1095 2420/333/1098 1189/333/1099 1193/332/1096
f 2420/333/1098 2419/332/1095 1194/332/1097 1190/333/1100
f 2420/333/1098 2417/330/1089 1191/330/1092 1189/333/1099
f 2417/330/1089 2420/333/1098 1190/333/1100 1192/330/1093
f 2421/334/1101 2422/335/1102 745/335/1103 751/334/1104
f 2422/335/1102 2421/334/1101 752/334/1105 746/335/1106
f 2422/335/1102 2423/336/1107 747/336/1108 745/335/1103
f 2423/336/1107 2422/335/1102 746/335/1106 748/336/1109
f 2423/336/1107 2424/337/1110 749/337/1111 747/336/1108
f 2424/337/1110 2423/336/1107 748/336/1109 750/337/1112
f 2424/337/1110 2421/334/1101 751/334/1104 749/337/1111
f 2421/334/1101 2424/337/1110 750/337/1112 752/334/1105
f 2425/338/1113 2426/339/1114 1227/339/1115 1225/338/1116
f 2426/339/1114 2425/338/1113 1226/338/1117 1228/339/1118
f 2426/339/1114 2427/340/1119 1223/340/1120 1227/339/1115
f 2427/340/1119 2426/339/1114 1228/339/1118 1224/340/1121
f 2427/340/1119 2428/341/1122 1221/341/1123 1223/340/1120
f 2428/341/1122 2427/340/1119 1224/340/1121 1222/341/1124
f 2428/341/1122 2425/338/1113 1225/338/1116 1221/341/1123
f 2425/338/1113 2428/341/1122 1222/341/1124 1226/338/1117
f 2441/354/1130 2442/355/1131 1355/355/1132 1351/354/1133
f 2442/355/1131 2441/354/1130 1352/354/1134 1356/355/1135
f 2442/355/1131 2443/356/1136 1353/356/1137 1355/355/1132
f 2443/356/1136 2442/355/1131 1356/355/1135 1354/356/1138
f 2443/356/1136 2444/357/1139 1349/357/1140 1353/356/1137
f 2444/357/1139 2443/356/1136 1354/356/1138 1350/357/1141
f 2444/357/1139 2441/354/1130 1351/354/1133 1349/357/1140
f 2441/354/1130 2444/357/1139 1350/357/1141 1352/354/1134
f 2445/207/1142 2446/358/1143 1243/358/1144 1239/207/649
f 2446/358/1143 2445/207/1142 1240/207/652 1244/358/1145
f 2446/358/1143 2447/359/1146 1241/359/1147 1243/358/1144
f 2447/359/1146 2446/358/1143 1244/358/1145 1242/359/1148
f 2447/359/1146 2448/208/1149 1237/208/654 1241/359/1147
f 2448/208/1149 2447/359/1146 1242/359/1148 1238/208/655
f 2448/208/1149 2445/207/1142 1239/207/649 1237/208/654
f 2445/207/1142 2448/208/1149 1238/208/655 1240/207/652
f 2465/368/1173 2466/369/1174 1331/369/1175 1325/368/1176
f 2466/369/1174 2465/368/1173 1326/368/1177 1332/369/1178
f 2466/369/1174 2467/370/1179 1327/370/1180 1331/369/1175
f 2467/370/1179 2466/369/1174 1332/369/1178 1328/370/1181
f 2467/370/1179 2468/371/1182 1329/371/1183 1327/370/1180
f 2468/371/1182 2467/370/1179 1328/370/1181 1330/371/1184
f 2468/371/1182 2465/368/1173 1325/368/1176 1329/371/1183
f 2465/368/1173 2468/371/1182 1330/371/1184 1326/368/1177
f 2469/372/1185 2470/373/1186 1291/373/1187 1289/372/1188
f 2470/373/1186 2469/372/1185 1290/372/667 1292/373/1189
f 2470/373/1186 2471/2/1190 1287/2/3 1291/373/1187
f 2471/2/1190 2470/373/1186 1292/373/1189 1288/2/6
f 2471/2/1190 2472/1/1191 1285/1/4 1287/2/3
f 2472/1/1191 2471/2/1190 1288/2/6 1286/1/5
f 2472/1/1191 2469/372/1185 1289/372/1188 1285/1/4
f 2469/372/1185 2472/1/1191 1286/1/5 1290/372/667
f 2473/260/1192 2474/374/1193 507/374/1194 503/260/1195
f 2474/374/1193 2473/260/1192 504/260/1196 508/374/1197
f 2474/374/1193 2475/375/1198 505/375/1199 507/374/1194
f 2475/375/1198 2474/374/1193 508/374/1197 506/375/1200
f 2475/375/1198 2476/261/1201 501/261/1202 505/375/1199
f 2476/261/1201 2475/375/1198 506/375/1200 502/261/1203
f 2476/261/1201 2473/260/1192 503/260/1195 501/261/1202
f 2473/260/1192 2476/261/1201 502/261/1203 504/260/1196
f 2477/376/1204 2478/377/1205 1299/377/1206 1293/376/1207
f 2478/377/1205 2477/376/1204 1294/376/1208 1300/377/1209
f 2478/377/1205 2479/378/1210 1295/378/1211 1299/377/1206
f 2479/378/1210 2478/377/1205 1300/377/1209 1296/378/1212
f 2479/378/1210 2480/379/1213 1297/379/1214 1295/378/1211
f 2480/379/1213 2479/378/1210 1296/378/1212 1298/379/1215
f 2480/379/1213 2477/376/1204 1293/376/1207 1297/379/1214
f 2477/376/1204 2480/379/1213 1298/379/1215 1294/376/1208
f 2481/380/1216 2482/381/1217 1279/381/1218 1277/380/741
f 2482/381/1217 2481/380/1216 1278/380/742 1280/381/1219
f 2482/381/1217 2483/211/1220 1275/211/661 1279/381/1218
f 2483/211/1220 2482/381/1217 1280/381/1219 1276/211/664
f 2483/211/1220 2484/210/1221 1273/210/662 1275/211/661
f 2484/210/1221 2483/211/1220 1276/211/664 1274/210/663
f 2484/210/1221 2481/380/1216 1277/380/741 1273/210/662
f 2481/380/1216 2484/210/1221 1274/210/663 1278/380/742
f 2485/382/1222 2486/383/1223 1323/383/1224 1317/382/1225
f 2486/383/1223 2485/382/1222 1318/382/1226 1324/383/1227
f 2486/383/1223 2487/384/1228 1321/384/1229 1323/383/1224
f 2487/384/1228 2486/383/1223 1324/383/1227 1322/384/1230
f 2487/384/1228 2488/385/1231 1319/385/1232 1321/384/1229
f 2488/385/1231 2487/384/1228 1322/384/1230 1320/385/1233
f 2488/385/1231 2485/382/1222 1317/382/1225 1319/385/1232
f 2485/382/1222 2488/385/1231 1320/385/1233 1318/382/1226
f 2493/386/1242 2494/387/1243 1389/387/1244 1379/386/1245
f 2494/387/1243 2493/386/1242 1380/386/1246 1390/387/1247
f 2494/387/1243 2495/388/1248 1385/388/1249 1389/387/1244
f 2495/388/1248 2494/387/1243 1390/387/1247 1386/388/1250
f 2495/388/1248 2496/389/1251 1387/389/1252 1385/388/1249
f 2496/389/1251 2495/388/1248 1386/388/1250 1388/389/1253
f 2496/389/1251 2493/386/1242 1379/386/1245 1387/389/1252
f 2493/386/1242 2496/389/1251 1388/389/1253 1380/386/1246
f 2501/392/1262 2502/393/1263 1395/393/1264 1391/392/1265
f 2502/393/1263 2501/392/1262 1392/392/1266 1396/393/1267
f 2502/393/1263 2503/389/1268 1393/389/1269 1395/393/1264
f 2503/389/1268 2502/393/1263 1396/393/1267 1394/389/1270
f 2503/389/1268 2504/388/1271 1385/388/1272 1393/389/1269
f 2504/388/1271 2503/389/1268 1394/389/1270 1386/388/1273
f 2504/388/1271 2501/392/1262 1391/392/1265 1385/388/1272
f 2501/392/1262 2504/388/1271 1386/388/1273 1392/392/1266
f 2505/394/1274 2506/387/1275 1383/387/1276 1377/394/1277
f 2506/387/1275 2505/394/1274 1378/394/1278 1384/387/1279
f 2506/387/1275 2507/386/1280 1379/386/1281 1383/387/1276
f 2507/386/1280 2506/387/1275 1384/387/1279 1380/386/1282
f 2507/386/1280 2508/395/1283 1381/395/1284 1379/386/1281
f 2508/395/1283 2507/386/1280 1380/386/1282 1382/395/1285
f 2508/395/1283 2505/394/1274 1377/394/1277 1381/395/1284
f 2505/394/1274 2508/395/1283 1382/395/1285 1378/394/1278
f 2517/404/1310 2518/405/1311 593/405/1312 591/404/1313
f 2518/405/1311 2517/404/1310 592/404/1314 594/405/1315
f 2518/405/1311 2519/185/1316 589/185/1015 593/405/1312
f 2519/185/1316 2518/405/1311 594/405/1315 590/185/1018
f 2519/185/1316 2520/184/1317 587/184/1016 589/185/1015
f 2520/184/1317 2519/185/1316 590/185/1018 588/184/1017
f 2520/184/1317 2517/404/1310 591/404/1313 587/184/1016
f 2517/404/1310 2520/184/1317 588/184/1017 592/404/1314
f 2521/383/1318 2522/406/1319 1315/406/1320 1309/383/1321
f 2522/406/1319 2521/383/1318 1310/383/1322 1316/406/1323
f 2522/406/1319 2523/407/1324 1311/407/1325 1315/406/1320
f 2523/407/1324 2522/406/1319 1316/406/1323 1312/407/1326
f 2523/407/1324 2524/384/1327 1313/384/1328 1311/407/1325
f 2524/384/1327 2523/407/1324 1312/407/1326 1314/384/1329
f 2524/384/1327 2521/383/1318 1309/383/1321 1313/384/1328
f 2521/383/1318 2524/384/1327 1314/384/1329 1310/383/1322
f 2525/99/1330 2526/94/1331 1131/94/286 1143/99/299
f 2526/94/1331 2525/99/1330 1144/99/300 1132/94/287
f 2526/94/1331 2527/107/1332 1135/107/317 1131/94/286
f 2527/107/1332 2526/94/1331 1132/94/287 1136/107/318
f 2527/107/1332 2528/100/1333 1139/100/302 1135/107/317
f 2528/100/1333 2527/107/1332 1136/107/318 1140/100/303
f 2528/100/1333 2525/99/1330 1143/99/299 1139/100/302
f 2525/99/1330 2528/100/1333 1140/100/303 1144/99/300
f 2529/408/1334 2530/409/1335 1889/409/1336 1887/408/1337
f 2530/409/1335 2529/408/1334 1888/408/1338 1890/409/1339
f 2530/409/1335 2531/410/1340 1885/410/1341 1889/409/1336
f 2531/410/1340 2530/409/1335 1890/409/1339 1886/410/1342
f 2531/410/1340 2532/411/1343 1883/411/1344 1885/410/1341
f 2532/411/1343 2531/410/1340 1886/410/1342 1884/411/1345
f 2532/411/1343 2529/408/1334 1887/408/1337 1883/411/1344
f 2529/408/1334 2532/411/1343 1884/411/1345 1888/408/1338
f 2533/412/181 2534/413/172 601/413/173 595/412/182
f 2534/413/172 2533/412/181 596/412/183 602/413/174
f 2534/413/172 2535/414/284 597/414/288 601/413/173
f 2535/414/284 2534/413/172 602/413/174 598/414/177
f 2535/414/284 2536/415/1346 599/415/1347 597/414/288
f 2536/415/1346 2535/414/284 598/414/177 600/415/180
f 2536/415/1346 2533/412/181 595/412/182 599/415/1347
f 2533/412/181 2536/415/1346 600/415/180 596/412/183
f 2541/418/1360 2542/419/1361 1903/419/1362 1901/418/1363
f 2542/419/1361 2541/418/1360 1902/418/1364 1904/419/1365
f 2542/419/1361 2543/420/1366 1899/420/1367 1903/419/1362
f 2543/420/1366 2542/419/1361 1904/419/1365 1900/420/1368
f 2543/420/1366 2544/421/1369 1897/421/1370 1899/420/1367
f 2544/421/1369 2543/420/1366 1900/420/1368 1898/421/1371
f 2544/421/1369 2541/418/1360 1901/418/1363 1897/421/1370
f 2541/418/1360 2544/421/1369 1898/421/1371 1902/418/1364
f 2545/422/1372 2546/219/1373 1877/219/692 1867/422/1374
f 2546/219/1373 2545/422/1372 1868/422/1375 1878/219/693
f 2546/219/1373 2547/218/1376 1875/218/689 1877/219/692
f 2547/218/1376 2546/219/1373 1878/219/693 1876/218/690
f 2547/218/1376 2548/423/1377 1873/423/1378 1875/218/689
f 2548/423/1377 2547/218/1376 1876/218/690 1874/423/1379
f 2548/423/1377 2545/422/1372 1867/422/1374 1873/423/1378
f 2545/422/1372 2548/423/1377 1874/423/1379 1868/422/1375
f 2557/426/1396 2558/427/1397 1893/427/1398 1891/426/1399
f 2558/427/1397 2557/426/1396 1892/426/1400 1894/427/1401
f 2558/427/1397 2559/409/1402 1889/409/1336 1893/427/1398
f 2559/409/1402 2558/427/1397 1894/427/1401 1890/409/1339
f 2559/409/1402 2560/408/1403 1887/408/1337 1889/409/1336
f 2560/408/1403 2559/409/1402 1890/409/1339 1888/408/1338
f 2560/408/1403 2557/426/1396 1891/426/1399 1887/408/1337
f 2557/426/1396 2560/408/1403 1888/408/1338 1892/426/1400
f 2561/428/1404 2562/429/1405 1969/429/1406 1973/428/1407
f 2562/429/1405 2561/428/1404 1974/428/1408 1970/429/1409
f 2562/429/1405 2563/430/1410 1967/430/1411 1969/429/1406
f 2563/430/1410 2562/429/1405 1970/429/1409 1968/430/1412
f 2563/430/1410 2564/431/1413 1971/431/1414 1967/430/1411
f 2564/431/1413 2563/430/1410 1968/430/1412 1972/431/1415
f 2564/431/1413 2561/428/1404 1973/428/1407 1971/431/1414
f 2561/428/1404 2564/431/1413 1972/431/1415 1974/428/1408
f 2573/436/1440 2574/437/1441 737/437/1442 739/436/1443
f 2574/437/1441 2573/436/1440 740/436/1444 738/437/1445
f 2574/437/1441 2575/438/1446 733/438/1447 737/437/1442
f 2575/438/1446 2574/437/1441 738/437/1445 734/438/1448
f 2575/438/1446 2576/439/1449 735/439/1450 733/438/1447
f 2576/439/1449 2575/438/1446 734/438/1448 736/439/1451
f 2576/439/1449 2573/436/1440 739/436/1443 735/439/1450
f 2573/436/1440 2576/439/1449 736/439/1451 740/436/1444
f 2593/448/1500 2594/449/1501 741/449/1502 743/448/1503
f 2594/449/1501 2593/448/1500 744/448/1504 742/449/1505
f 2594/449/1501 2595/437/1506 737/437/1442 741/449/1502
f 2595/437/1506 2594/449/1501 742/449/1505 738/437/1445
f 2595/437/1506 2596/436/1507 739/436/1443 737/437/1442
f 2596/436/1507 2595/437/1506 738/437/1445 740/436/1444
f 2596/436/1507 2593/448/1500 743/448/1503 739/436/1443
f 2593/448/1500 2596/436/1507 740/436/1444 744/448/1504
f 2613/452/1538 2614/453/1539 759/453/1540 757/452/1541
f 2614/453/1539 2613/452/1538 758/452/1542 760/453/1543
f 2614/453/1539 2615/454/1544 753/454/1545 759/453/1540
f 2615/454/1544 2614/453/1539 760/453/1543 754/454/1546
f 2615/454/1544 2616/455/1547 755/455/1548 753/454/1545
f 2616/455/1547 2615/454/1544 754/454/1546 756/455/1549
f 2616/455/1547 2613/452/1538 757/452/1541 755/455/1548
f 2613/452/1538 2616/455/1547 756/455/1549 758/452/1542
f 2617/456/1550 2618/457/1551 779/457/1552 777/456/1553
f 2618/457/1551 2617/456/1550 778/456/1554 780/457/1555
f 2618/457/1551 2619/436/1556 775/436/1557 779/457/1552
f 2619/436/1556 2618/457/1551 780/457/1555 776/436/1558
f 2619/436/1556 2620/458/1559 773/458/1560 775/436/1557
f 2620/458/1559 2619/436/1556 776/436/1558 774/458/1561
f 2620/458/1559 2617/456/1550 777/456/1553 773/458/1560
f 2617/456/1550 2620/458/1559 774/458/1561 778/456/1554
f 2633/185/1594 2634/184/1595 1109/184/568 1107/185/571
f 2634/184/1595 2633/185/1594 1108/185/572 1110/184/569
f 2634/184/1595 2635/404/1596 1105/404/1597 1109/184/568
f 2635/404/1596 2634/184/1595 1110/184/569 1106/404/1598
f 2635/404/1596 2636/405/1599 1103/405/1600 1105/404/1597
f 2636/405/1599 2635/404/1596 1106/404/1598 1104/405/1601
f 2636/405/1599 2633/185/1594 1107/185/571 1103/405/1600
f 2633/185/1594 2636/405/1599 1104/405/1601 1108/185/572
f 2653/479/1646 2654/480/1647 803/480/1648 797/479/1649
f 2654/480/1647 2653/479/1646 798/479/1650 804/480/1651
f 2654/480/1647 2655/481/1652 799/481/1653 803/480/1648
f 2655/481/1652 2654/480/1647 804/480/1651 800/481/1654
f 2655/481/1652 2656/482/1655 801/482/1656 799/481/1653
f 2656/482/1655 2655/481/1652 800/481/1654 802/482/1657
f 2656/482/1655 2653/479/1646 797/479/1649 801/482/1656
f 2653/479/1646 2656/482/1655 802/482/1657 798/479/1650
f 2668/487/599 2669/488/1681 975/488/1682 969/487/616
f 2669/488/1681 2668/487/599 970/487/617 976/488/1683
f 2669/488/1681 2670/489/1684 971/489/1685 975/488/1682
f 2670/489/1684 2669/488/1681 976/488/1683 972/489/1686
f 2670/489/1684 2671/490/594 973/490/614 971/489/1685
f 2671/490/594 2670/489/1684 972/489/1686 974/490/615
f 2671/490/594 2668/487/599 969/487/616 973/490/614
f 2668/487/599 2671/490/594 974/490/615 970/487/617
f 2672/76/1687 2673/75/1688 897/75/1689 899/76/1690
f 2673/75/1688 2672/76/1687 900/76/1691 898/75/1692
f 2673/75/1688 2674/491/1693 893/491/1694 897/75/1689
f 2674/491/1693 2673/75/1688 898/75/1692 894/491/1695
f 2674/491/1693 2675/492/1696 895/492/1697 893/491/1694
f 2675/492/1696 2674/491/1693 894/491/1695 896/492/1698
f 2675/492/1696 2672/76/1687 899/76/1690 895/492/1697
f 2672/76/1687 2675/492/1696 896/492/1698 900/76/1691
f 2676/493/1699 2677/494/1700 891/494/1701 887/493/1702
f 2677/494/1700 2676/493/1699 888/493/1703 892/494/1704
f 2677/494/1700 2678/495/1705 889/495/1706 891/494/1701
f 2678/495/1705 2677/494/1700 892/494/1704 890/495/1707
f 2678/495/1705 2679/496/1708 885/496/1709 889/495/1706
f 2679/496/1708 2678/495/1705 890/495/1707 886/496/1710
f 2679/496/1708 2676/493/1699 887/493/1702 885/496/1709
f 2676/493/1699 2679/496/1708 886/496/1710 888/493/1703
f 2680/497/1711 2681/498/1712 963/498/1713 961/497/1714
f 2681/498/1712 2680/497/1711 962/497/1715 964/498/1716
f 2681/498/1712 2682/499/1717 957/499/1718 963/498/1713
f 2682/499/1717 2681/498/1712 964/498/1716 958/499/1719
f 2682/499/1717 2683/500/274 953/500/1720 957/499/1718
f 2683/500/274 2682/499/1717 958/499/1719 954/500/1721
f 2683/500/274 2684/501/1722 959/501/1723 953/500/1720
f 2684/501/1722 2683/500/274 954/500/1721 960/501/1724
f 2684/501/1722 2685/502/1725 955/502/1726 959/501/1723
f 2685/502/1725 2684/501/1722 960/501/1724 956/502/1727
f 2685/502/1725 2686/503/1728 967/503/1729 955/502/1726
f 2686/503/1728 2685/502/1725 956/502/1727 968/503/1730
f 2686/503/1728 2687/504/260 965/504/1731 967/503/1729
f 2687/504/260 2686/503/1728 968/503/1730 966/504/1732
f 2687/504/260 2680/497/1711 961/497/1714 965/504/1731
f 2680/497/1711 2687/504/260 966/504/1732 962/497/1715
f 2688/505/1733 2689/506/1734 949/506/1735 945/505/1736
f 2689/506/1734 2688/505/1733 946/505/1737 950/506/1738
f 2689/506/1734 2690/507/260 951/507/264 949/506/1735
f 2690/507/260 2689/506/1734 950/506/1738 952/507/261
f 2690/507/260 2691/508/1739 939/508/1740 951/507/264
f 2691/508/1739 2690/507/260 952/507/261 940/508/1741
f 2691/508/1739 2692/509/1742 943/509/1743 939/508/1740
f 2692/509/1742 2691/508/1739 940/508/1741 944/509/1744
f 2692/509/1742 2693/510/1745 941/510/1746 943/509/1743
f 2693/510/1745 2692/509/1742 944/509/1744 942/510/1747
f 2693/510/1745 2694/511/1748 937/511/1749 941/510/1746
f 2694/511/1748 2693/510/1745 942/510/1747 938/511/1750
f 2694/511/1748 2695/512/1751 947/512/1752 937/511/1749
f 2695/512/1751 2694/511/1748 938/511/1750 948/512/1753
f 2695/512/1751 2688/505/1733 945/505/1736 947/512/1752
f 2688/505/1733 2695/512/1751 948/512/1753 946/505/1737
f 2700/514/599 2701/515/1681 997/515/1762 995/514/600
f 2701/515/1681 2700/514/599 996/514/601 998/515/1763
f 2701/515/1681 2702/516/1684 999/516/1764 997/515/1762
f 2702/516/1684 2701/515/1681 998/515/1763 1000/516/1765
f 2702/516/1684 2703/517/594 993/517/595 999/516/1764
f 2703/517/594 2702/516/1684 1000/516/1765 994/517/598
f 2703/517/594 2700/514/599 995/514/600 993/517/595
f 2700/514/599 2703/517/594 994/517/598 996/514/601
f 2704/283/1766 2705/66/1767 991/66/1768 989/283/1769
f 2705/66/1767 2704/283/1766 990/283/1770 992/66/1771
f 2705/66/1767 2706/518/1772 987/518/1773 991/66/1768
f 2706/518/1772 2705/66/1767 992/66/1771 988/518/1774
f 2706/518/1772 2707/519/1775 985/519/1776 987/518/1773
f 2707/519/1775 2706/518/1772 988/518/1774 986/519/1777
f 2707/519/1775 2704/283/1766 989/283/1769 985/519/1776
f 2704/283/1766 2707/519/1775 986/519/1777 990/283/1770
f 2712/524/1790 2713/525/1791 1051/525/1792 1047/524/1793
f 2713/525/1791 2712/524/1790 1048/524/1794 1052/525/1795
f 2713/525/1791 2714/526/1796 1049/526/1797 1051/525/1792
f 2714/526/1796 2713/525/1791 1052/525/1795 1050/526/1798
f 2714/526/1796 2715/527/1799 1041/527/1800 1049/526/1797
f 2715/527/1799 2714/526/1796 1050/526/1798 1042/527/1801
f 2715/527/1799 2716/528/1802 1037/528/1803 1041/527/1800
f 2716/528/1802 2715/527/1799 1042/527/1801 1038/528/1804
f 2716/528/1802 2717/529/1805 1043/529/1806 1037/528/1803
f 2717/529/1805 2716/528/1802 1038/528/1804 1044/529/1807
f 2717/529/1805 2718/530/1808 1039/530/1809 1043/529/1806
f 2718/530/1808 2717/529/1805 1044/529/1807 1040/530/1810
f 2718/530/1808 2719/531/1811 1045/531/1812 1039/530/1809
f 2719/531/1811 2718/530/1808 1040/530/1810 1046/531/1813
f 2719/531/1811 2712/524/1790 1047/524/1793 1045/531/1812
f 2712/524/1790 2719/531/1811 1046/531/1813 1048/524/1794
f 2720/524/1814 2721/531/1815 1013/531/1816 1009/524/1817
f 2721/531/1815 2720/524/1814 1010/524/1818 1014/531/1819
f 2721/531/1815 2722/532/1820 1011/532/1821 1013/531/1816
f 2722/532/1820 2721/531/1815 1014/531/1819 1012/532/1822
f 2722/532/1820 2723/533/1823 1003/533/1824 1011/532/1821
f 2723/533/1823 2722/532/1820 1012/532/1822 1004/533/1825
f 2723/533/1823 2724/534/1826 1005/534/1827 1003/533/1824
f 2724/534/1826 2723/533/1823 1004/533/1825 1006/534/1828
f 2724/534/1826 2725/535/1829 1007/535/1830 1005/534/1827
f 2725/535/1829 2724/534/1826 1006/534/1828 1008/535/1831
f 2725/535/1829 2726/536/313 1017/536/1832 1007/535/1830
f 2726/536/313 2725/535/1829 1008/535/1831 1018/536/1833
f 2726/536/313 2727/537/1834 1023/537/1835 1017/536/1832
f 2727/537/1834 2726/536/313 1018/536/1833 1024/537/1836
f 2727/537/1834 2728/538/1837 1027/538/1838 1023/537/1835
f 2728/538/1837 2727/537/1834 1024/537/1836 1028/538/1839
f 2728/538/1837 2729/539/1840 1029/539/1841 1027/538/1838
f 2729/539/1840 2728/538/1837 1028/538/1839 1030/539/1842
f 2729/539/1840 2730/532/1843 1033/532/1844 1029/539/1841
f 2730/532/1843 2729/539/1840 1030/539/1842 1034/532/1845
f 2730/532/1843 2731/531/1846 1035/531/1847 1033/532/1844
f 2731/531/1846 2730/532/1843 1034/532/1845 1036/531/1848
f 2731/531/1846 2732/530/1849 1031/530/1850 1035/531/1847
f 2732/530/1849 2731/531/1846 1036/531/1848 1032/530/1851
f 2732/530/1849 2733/529/1852 1025/529/1853 1031/530/1850
f 2733/529/1852 2732/530/1849 1032/530/1851 1026/529/1854
f 2733/529/1852 2734/528/1855 1021/528/1856 1025/529/1853
f 2734/528/1855 2733/529/1852 1026/529/1854 1022/528/1857
f 2734/528/1855 2735/527/1858 1019/527/1859 1021/528/1856
f 2735/527/1858 2734/528/1855 1022/528/1857 1020/527/1860
f 2735/527/1858 2736/526/1861 1015/526/1862 1019/527/1859
f 2736/526/1861 2735/527/1858 1020/527/1860 1016/526/1863
f 2736/526/1861 2737/525/1864 1001/525/1865 1015/526/1862
f 2737/525/1864 2736/526/1861 1016/526/1863 1002/525/1866
f 2737/525/1864 2720/524/1814 1009/524/1817 1001/525/1865
f 2720/524/1814 2737/525/1864 1002/525/1866 1010/524/1818
f 2752/63/164 2753/55/163 1069/55/167 1071/63/168
f 2753/55/163 2752/63/164 1072/63/165 1070/55/166
f 2753/55/163 2754/56/187 1077/56/1896 1069/55/167
f 2754/56/187 2753/55/163 1070/55/166 1078/56/188
f 2754/56/187 2755/57/1897 1081/57/1898 1077/56/1896
f 2755/57/1897 2754/56/187 1078/56/188 1082/57/185
f 2755/57/1897 2756/58/181 1079/58/183 1081/57/1898
f 2756/58/181 2755/57/1897 1082/57/185 1080/58/182
f 2756/58/181 2757/59/1346 1065/59/180 1079/58/183
f 2757/59/1346 2756/58/181 1080/58/182 1066/59/1347
f 2757/59/1346 2758/60/284 1067/60/177 1065/59/180
f 2758/60/284 2757/59/1346 1066/59/1347 1068/60/288
f 2758/60/284 2759/61/172 1073/61/174 1067/60/177
f 2759/61/172 2758/60/284 1068/60/288 1074/61/173
f 2759/61/172 2760/62/169 1075/62/171 1073/61/174
f 2760/62/169 2759/61/172 1074/61/173 1076/62/1899
f 2760/62/169 2752/63/164 1071/63/168 1075/62/171
f 2752/63/164 2760/62/169 1076/62/1899 1072/63/165
f 2761/554/1900 2762/555/1901 1089/555/1902 1087/554/1903
f 2762/555/1901 2761/554/1900 1088/554/1904 1090/555/1905
f 2762/555/1901 2763/556/1906 1083/556/1907 1089/555/1902
f 2763/556/1906 2762/555/1901 1090/555/1905 1084/556/1908
f 2763/556/1906 2764/557/1909 1085/557/1910 1083/556/1907
f 2764/557/1909 2763/556/1906 1084/556/1908 1086/557/1911
f 2764/557/1909 2761/554/1900 1087/554/1903 1085/557/1910
f 2761/554/1900 2764/557/1909 1086/557/1911 1088/554/1904
f 2769/263/1920 2770/260/1921 1167/260/1922 1179/263/1923
f 2770/260/1921 2769/263/1920 1180/263/1924 1168/260/1925
f 2770/260/1921 2771/261/1926 1175/261/1927 1167/260/1922
f 2771/261/1926 2770/260/1921 1168/260/1925 1176/261/1928
f 2771/261/1926 2772/262/1929 1177/262/1930 1175/261/1927
f 2772/262/1929 2771/261/1926 1176/261/1928 1178/262/1931
f 2772/262/1929 2769/263/1920 1179/263/1923 1177/262/1930
f 2769/263/1920 2772/262/1929 1178/262/1931 1180/263/1924
f 2773/559/1932 2774/560/1933 1267/560/1934 1265/559/1935
f 2774/560/1933 2773/559/1932 1266/559/1936 1268/560/1937
f 2774/560/1933 2775/561/1938 1263/561/1939 1267/560/1934
f 2775/561/1938 2774/560/1933 1268/560/1937 1264/561/1940
f 2775/561/1938 2776/207/1941 1261/207/1942 1263/561/1939
f 2776/207/1941 2775/561/1938 1264/561/1940 1262/207/1943
f 2776/207/1941 2773/559/1932 1265/559/1935 1261/207/1942
f 2773/559/1932 2776/207/1941 1262/207/1943 1266/559/1936
f 2777/66/1944 2778/283/1945 983/283/1946 981/66/1947
f 2778/283/1945 2777/66/1944 982/66/1948 984/283/1949
f 2778/283/1945 2779/562/1950 977/562/1951 983/283/1946
f 2779/562/1950 2778/283/1945 984/283/1949 978/562/1952
f 2779/562/1950 2780/563/1953 979/563/1954 977/562/1951
f 2780/563/1953 2779/562/1950 978/562/1952 980/563/1955
f 2780/563/1953 2777/66/1944 981/66/1947 979/563/1954
f 2777/66/1944 2780/563/1953 980/563/1955 982/66/1948
f 2781/415/284 2782/412/172 1121/412/1956 1115/415/1957
f 2782/412/172 2781/415/284 1116/415/288 1122/412/173
f 2782/412/172 2783/413/181 1117/413/1958 1121/412/1956
f 2783/413/181 2782/412/172 1122/412/173 1118/413/182
f 2783/413/181 2784/414/1346 1119/414/1959 1117/413/1958
f 2784/414/1346 2783/413/181 1118/413/182 1120/414/1347
f 2784/414/1346 2781/415/284 1115/415/1957 1119/414/1959
f 2781/415/284 2784/414/1346 1120/414/1347 1116/415/288
f 2785/564/1960 2786/565/1961 1187/565/1962 1183/564/1963
f 2786/565/1961 2785/564/1960 1184/564/1964 1188/565/1965
f 2786/565/1961 2787/566/1966 1185/566/1967 1187/565/1962
f 2787/566/1966 2786/565/1961 1188/565/1965 1186/566/1968
f 2787/566/1966 2788/567/1969 1181/567/1970 1185/566/1967
f 2788/567/1969 2787/566/1966 1186/566/1968 1182/567/1971
f 2788/567/1969 2785/564/1960 1183/564/1963 1181/567/1970
f 2785/564/1960 2788/567/1969 1182/567/1971 1184/564/1964
f 2789/568/1972 2790/569/1973 1961/569/1974 1965/568/1975
f 2790/569/1973 2789/568/1972 1966/568/1976 1962/569/1977
f 2790/569/1973 2791/570/1978 1959/570/1979 1961/569/1974
f 2791/570/1978 2790/569/1973 1962/569/1977 1960/570/1980
f 2791/570/1978 2792/571/1981 1963/571/1982 1959/570/1979
f 2792/571/1981 2791/570/1978 1960/570/1980 1964/571/1983
f 2792/571/1981 2789/568/1972 1965/568/1975 1963/571/1982
f 2789/568/1972 2792/571/1981 1964/571/1983 1966/568/1976
f 2793/572/19 2794/573/14 1219/573/327 1215/572/1984
f 2794/573/14 2793/572/19 1216/572/1985 1220/573/15
f 2794/573/14 2795/574/13 1217/574/1986 1219/573/327
f 2795/574/13 2794/573/14 1220/573/15 1218/574/16
f 2795/574/13 2796/575/22 1213/575/330 1217/574/1986
f 2796/575/22 2795/574/13 1218/574/16 1214/575/329
f 2796/575/22 2793/572/19 1215/572/1984 1213/575/330
f 2793/572/19 2796/575/22 1214/575/329 1216/572/1985
f 2797/576/19 2798/577/14 1307/577/18 1303/576/1984
f 2798/577/14 2797/576/19 1304/576/1987 1308/577/1988
f 2798/577/14 2799/578/13 1305/578/17 1307/577/18
f 2799/578/13 2798/577/14 1308/577/1988 1306/578/328
f 2799/578/13 2800/579/22 1301/579/330 1305/578/17
f 2800/579/22 2799/578/13 1306/578/328 1302/579/1989
f 2800/579/22 2797/576/19 1303/576/1984 1301/579/330
f 2797/576/19 2800/579/22 1302/579/1989 1304/576/1987
f 2801/580/1990 2802/261/1991 1173/261/1992 1171/580/1993
f 2802/261/1991 2801/580/1990 1172/580/1994 1174/261/1995
f 2802/261/1991 2803/260/1996 1167/260/1997 1173/261/1992
f 2803/260/1996 2802/261/1991 1174/261/1995 1168/260/1998
f 2803/260/1996 2804/581/1999 1169/581/2000 1167/260/1997
f 2804/581/1999 2803/260/1996 1168/260/1998 1170/581/2001
f 2804/581/1999 2801/580/1990 1171/580/1993 1169/581/2000
f 2801/580/1990 2804/581/1999 1170/581/2001 1172/580/1994
f 2813/588/2017 2814/589/2018 1251/589/2019 1245/588/2020
f 2814/589/2018 2813/588/2017 1246/588/2021 1252/589/2022
f 2814/589/2018 2815/590/2023 1247/590/2024 1251/589/2019
f 2815/590/2023 2814/589/2018 1252/589/2022 1248/590/2025
f 2815/590/2023 2816/561/2026 1249/561/2027 1247/590/2024
f 2816/561/2026 2815/590/2023 1248/590/2025 1250/561/2028
f 2816/561/2026 2813/588/2017 1245/588/2020 1249/561/2027
f 2813/588/2017 2816/561/2026 1250/561/2028 1246/588/2021
f 2817/207/2029 2818/561/2030 1263/561/1939 1261/207/1942
f 2818/561/2030 2817/207/2029 1262/207/1943 1264/561/1940
f 2818/561/2030 2819/591/2031 1259/591/2032 1263/561/1939
f 2819/591/2031 2818/561/2030 1264/561/1940 1260/591/2033
f 2819/591/2031 2820/592/2034 1257/592/2035 1259/591/2032
f 2820/592/2034 2819/591/2031 1260/591/2033 1258/592/2036
f 2820/592/2034 2817/207/2029 1261/207/1942 1257/592/2035
f 2817/207/2029 2820/592/2034 1258/592/2036 1262/207/1943
f 2825/16/37 2826/13/46 517/13/48 521/16/2049
f 2826/13/46 2825/16/37 522/16/40 518/13/47
f 2826/13/46 2827/14/2050 519/14/45 517/13/48
f 2827/14/2050 2826/13/46 518/13/47 520/14/44
f 2827/14/2050 2828/15/38 515/15/42 519/14/45
f 2828/15/38 2827/14/2050 520/14/44 516/15/39
f 2828/15/38 2825/16/37 521/16/2049 515/15/42
f 2825/16/37 2828/15/38 516/15/39 522/16/40
f 2829/458/2051 2830/436/2052 775/436/1557 773/458/1560
f 2830/436/2052 2829/458/2051 774/458/1561 776/436/1558
f 2830/436/2052 2831/593/2053 771/593/2054 775/436/1557
f 2831/593/2053 2830/436/2052 776/436/1558 772/593/2055
f 2831/593/2053 2832/594/2056 769/594/2057 771/593/2054
f 2832/594/2056 2831/593/2053 772/593/2055 770/594/2058
f 2832/594/2056 2829/458/2051 773/458/1560 769/594/2057
f 2829/458/2051 2832/594/2056 770/594/2058 774/458/1561
f 2833/315/1026 2834/316/1025 529/316/1029 523/315/1030
f 2834/316/1025 2833/315/1026 524/315/1027 530/316/1028
f 2834/316/1025 2835/313/1034 525/313/1036 529/316/1029
f 2835/313/1034 2834/316/1025 530/316/1028 526/313/1035
f 2835/313/1034 2836/314/1031 527/314/1033 525/313/1036
f 2836/314/1031 2835/313/1034 526/313/1035 528/314/1032
f 2836/314/1031 2833/315/1026 523/315/1030 527/314/1033
f 2833/315/1026 2836/314/1031 528/314/1032 524/315/1027
f 2837/561/2059 2838/595/2060 1255/595/2061 1249/561/2027
f 2838/595/2060 2837/561/2059 1250/561/2028 1256/595/2062
f 2838/595/2060 2839/596/2063 1253/596/2064 1255/595/2061
f 2839/596/2063 2838/595/2060 1256/595/2062 1254/596/2065
f 2839/596/2063 2840/588/2066 1245/588/2020 1253/596/2064
f 2840/588/2066 2839/596/2063 1254/596/2065 1246/588/2021
f 2840/588/2066 2837/561/2059 1249/561/2027 1245/588/2020
f 2837/561/2059 2840/588/2066 1246/588/2021 1250/561/2028
f 2841/597/2067 2842/598/2068 1363/598/2069 1359/597/2070
f 2842/598/2068 2841/597/2067 1360/597/2071 1364/598/2072
f 2842/598/2068 2843/599/2073 1361/599/2074 1363/598/2069
f 2843/599/2073 2842/598/2068 1364/598/2072 1362/599/2075
f 2843/599/2073 2844/600/2076 1357/600/2077 1361/599/2074
f 2844/600/2076 2843/599/2073 1362/599/2075 1358/600/2078
f 2844/600/2076 2841/597/2067 1359/597/2070 1357/600/2077
f 2841/597/2067 2844/600/2076 1358/600/2078 1360/597/2071
f 2845/601/539 2846/602/2079 1403/602/2080 1397/601/2081
f 2846/602/2079 2845/601/539 1398/601/542 1404/602/2082
f 2846/602/2079 2847/603/545 1399/603/547 1403/602/2080
f 2847/603/545 2846/602/2079 1404/602/2082 1400/603/546
f 2847/603/545 2848/604/540 1401/604/544 1399/603/547
f 2848/604/540 2847/603/545 1400/603/546 1402/604/541
f 2848/604/540 2845/601/539 1397/601/2081 1401/604/544
f 2845/601/539 2848/604/540 1402/604/541 1398/601/542
f 2853/607/2095 2854/496/2096 855/496/2097 853/607/2098
f 2854/496/2096 2853/607/2095 854/607/2099 856/496/2100
f 2854/496/2096 2855/495/2101 849/495/2102 855/496/2097
f 2855/495/2101 2854/496/2096 856/496/2100 850/495/2103
f 2855/495/2101 2856/608/2104 851/608/2105 849/495/2102
f 2856/608/2104 2855/495/2101 850/495/2103 852/608/2106
f 2856/608/2104 2853/607/2095 853/607/2098 851/608/2105
f 2853/607/2095 2856/608/2104 852/608/2106 854/607/2099
f 2857/609/2107 2858/356/2108 1347/356/2109 1341/609/2110
f 2858/356/2108 2857/609/2107 1342/609/2111 1348/356/2112
f 2858/356/2108 2859/355/2113 1343/355/2114 1347/356/2109
f 2859/355/2113 2858/356/2108 1348/356/2112 1344/355/2115
f 2859/355/2113 2860/610/2116 1345/610/2117 1343/355/2114
f 2860/610/2116 2859/355/2113 1344/355/2115 1346/610/2118
f 2860/610/2116 2857/609/2107 1341/609/2110 1345/610/2117
f 2857/609/2107 2860/610/2116 1346/610/2118 1342/609/2111
f 2861/104/1333 2862/105/1332 555/105/318 547/104/303
f 2862/105/1332 2861/104/1333 548/104/302 556/105/317
f 2862/105/1332 2863/95/1331 551/95/287 555/105/318
f 2863/95/1331 2862/105/1332 556/105/317 552/95/286
f 2863/95/1331 2864/96/1330 543/96/300 551/95/287
f 2864/96/1330 2863/95/1331 552/95/286 544/96/299
f 2864/96/1330 2861/104/1333 547/104/303 543/96/300
f 2861/104/1333 2864/96/1330 544/96/299 548/104/302
f 2865/598/2119 2866/611/2120 1367/611/2121 1363/598/2069
f 2866/611/2120 2865/598/2119 1364/598/2072 1368/611/2122
f 2866/611/2120 2867/612/2123 1365/612/2124 1367/611/2121
f 2867/612/2123 2866/611/2120 1368/611/2122 1366/612/2125
f 2867/612/2123 2868/599/2126 1361/599/2074 1365/612/2124
f 2868/599/2126 2867/612/2123 1366/612/2125 1362/599/2075
f 2868/599/2126 2865/598/2119 1363/598/2069 1361/599/2074
f 2865/598/2119 2868/599/2126 1362/599/2075 1364/598/2072
f 2869/613/2127 2870/614/2128 1231/614/2129 1229/613/2130
f 2870/614/2128 2869/613/2127 1230/613/2131 1232/614/2132
f 2870/614/2128 2871/339/2133 1227/339/1115 1231/614/2129
f 2871/339/2133 2870/614/2128 1232/614/2132 1228/339/1118
f 2871/339/2133 2872/338/2134 1225/338/1116 1227/339/1115
f 2872/338/2134 2871/339/2133 1228/339/1118 1226/338/1117
f 2872/338/2134 2869/613/2127 1229/613/2130 1225/338/1116
f 2869/613/2127 2872/338/2134 1226/338/1117 1230/613/2131
f 2873/615/2135 2874/616/950 1411/616/2136 1405/615/2137
f 2874/616/950 2873/615/2135 1406/615/2138 1412/616/2139
f 2874/616/950 2875/617/959 1409/617/2140 1411/616/2136
f 2875/617/959 2874/616/950 1412/616/2139 1410/617/2141
f 2875/617/959 2876/618/2142 1407/618/2143 1409/617/2140
f 2876/618/2142 2875/617/959 1410/617/2141 1408/618/2144
f 2876/618/2142 2873/615/2135 1405/615/2137 1407/618/2143
f 2873/615/2135 2876/618/2142 1408/618/2144 1406/615/2138
f 2877/422/2145 2878/423/2146 1873/423/1378 1867/422/1374
f 2878/423/2146 2877/422/2145 1868/422/1375 1874/423/1379
f 2878/423/2146 2879/619/2147 1869/619/2148 1873/423/1378
f 2879/619/2147 2878/423/2146 1874/423/1379 1870/619/2149
f 2879/619/2147 2880/620/2150 1871/620/2151 1869/619/2148
f 2880/620/2150 2879/619/2147 1870/619/2149 1872/620/2152
f 2880/620/2150 2877/422/2145 1867/422/1374 1871/620/2151
f 2877/422/2145 2880/620/2150 1872/620/2152 1868/422/1375
f 2881/368/1681 2882/621/599 1459/621/617 1457/368/1683
f 2882/621/599 2881/368/1681 1458/368/1682 1460/621/616
f 2882/621/599 2883/622/594 1453/622/615 1459/621/617
f 2883/622/594 2882/621/599 1460/621/616 1454/622/614
f 2883/622/594 2884/371/1684 1455/371/1686 1453/622/615
f 2884/371/1684 2883/622/594 1454/622/614 1456/371/1685
f 2884/371/1684 2881/368/1681 1457/368/1683 1455/371/1686
f 2881/368/1681 2884/371/1684 1456/371/1685 1458/368/1682
f 2885/623/260 2886/624/1728 1443/624/1730 1441/623/1732
f 2886/624/1728 2885/623/260 1442/623/1731 1444/624/1729
f 2886/624/1728 2887/625/1725 1437/625/1727 1443/624/1730
f 2887/625/1725 2886/624/1728 1444/624/1729 1438/625/1726
f 2887/625/1725 2888/626/1722 1451/626/1724 1437/625/1727
f 2888/626/1722 2887/625/1725 1438/625/1726 1452/626/1723
f 2888/626/1722 2889/627/274 1449/627/1721 1451/626/1724
f 2889/627/274 2888/626/1722 1452/626/1723 1450/627/1720
f 2889/627/274 2890/628/1717 1445/628/1719 1449/627/1721
f 2890/628/1717 2889/627/274 1450/627/1720 1446/628/1718
f 2890/628/1717 2891/629/1712 1447/629/1716 1445/628/1719
f 2891/629/1712 2890/628/1717 1446/628/1718 1448/629/1713
f 2891/629/1712 2892/630/1711 1439/630/1715 1447/629/1716
f 2892/630/1711 2891/629/1712 1448/629/1713 1440/630/1714
f 2892/630/1711 2885/623/260 1441/623/1732 1439/630/1715
f 2885/623/260 2892/630/1711 1440/630/1714 1442/623/1731
f 2897/635/594 2898/636/1684 1477/636/1765 1475/635/598
f 2898/636/1684 2897/635/594 1476/635/595 1478/636/1764
f 2898/636/1684 2899/637/1681 1479/637/1763 1477/636/1765
f 2899/637/1681 2898/636/1684 1478/636/1764 1480/637/1762
f 2899/637/1681 2900/638/599 1473/638/601 1479/637/1763
f 2900/638/599 2899/637/1681 1480/637/1762 1474/638/600
f 2900/638/599 2897/635/594 1475/635/598 1473/638/601
f 2897/635/594 2900/638/599 1474/638/600 1476/635/595
f 2901/355/2165 2902/598/2166 1467/598/2167 1465/355/2168
f 2902/598/2166 2901/355/2165 1466/355/2169 1468/598/2170
f 2902/598/2166 2903/639/2171 1463/639/2172 1467/598/2167
f 2903/639/2171 2902/598/2166 1468/598/2170 1464/639/2173
f 2903/639/2171 2904/640/2174 1461/640/2175 1463/639/2172
f 2904/640/2174 2903/639/2171 1464/639/2173 1462/640/2176
f 2904/640/2174 2901/355/2165 1465/355/2168 1461/640/2175
f 2901/355/2165 2904/640/2174 1462/640/2176 1466/355/2169
f 2909/556/2189 2910/557/1900 627/557/1904 621/556/2190
f 2910/557/1900 2909/556/2189 622/556/2191 628/557/1903
f 2910/557/1900 2911/554/1909 623/554/2192 627/557/1904
f 2911/554/1909 2910/557/1900 628/557/1903 624/554/1910
f 2911/554/1909 2912/555/2193 625/555/2194 623/554/2192
f 2912/555/2193 2911/554/1909 624/554/1910 626/555/2195
f 2912/555/2193 2909/556/2189 621/556/2190 625/555/2194
f 2909/556/2189 2912/555/2193 626/555/2195 622/556/2191
f 2913/422/2196 2914/219/2197 1957/219/2198 1953/422/2199
f 2914/219/2197 2913/422/2196 1954/422/2200 1958/219/2201
f 2914/219/2197 2915/218/2202 1955/218/2203 1957/219/2198
f 2915/218/2202 2914/219/2197 1958/219/2201 1956/218/2204
f 2915/218/2202 2916/423/2205 1951/423/2206 1955/218/2203
f 2916/423/2205 2915/218/2202 1956/218/2204 1952/423/2207
f 2916/423/2205 2913/422/2196 1953/422/2199 1951/423/2206
f 2913/422/2196 2916/423/2205 1952/423/2207 1954/422/2200
f 2917/420/2208 2918/641/2209 1905/641/2210 1899/420/1367
f 2918/641/2209 2917/420/2208 1900/420/1368 1906/641/2211
f 2918/641/2209 2919/642/2212 1895/642/2213 1905/641/2210
f 2919/642/2212 2918/641/2209 1906/641/2211 1896/642/2214
f 2919/642/2212 2920/421/2215 1897/421/1370 1895/642/2213
f 2920/421/2215 2919/642/2212 1896/642/2214 1898/421/1371
f 2920/421/2215 2917/420/2208 1899/420/1367 1897/421/1370
f 2917/420/2208 2920/421/2215 1898/421/1371 1900/420/1368
f 2921/643/2216 2922/644/2217 1471/644/2218 1469/643/2219
f 2922/644/2217 2921/643/2216 1470/643/2220 1472/644/2221
f 2922/644/2217 2923/598/2222 1467/598/2167 1471/644/2218
f 2923/598/2222 2922/644/2217 1472/644/2221 1468/598/2170
f 2923/598/2222 2924/355/2223 1465/355/2168 1467/598/2167
f 2924/355/2223 2923/598/2222 1468/598/2170 1466/355/2169
f 2924/355/2223 2921/643/2216 1469/643/2219 1465/355/2168
f 2921/643/2216 2924/355/2223 1466/355/2169 1470/643/2220
f 2929/145/2232 2930/294/2233 1915/294/942 1911/145/945
f 2930/294/2233 2929/145/2232 1912/145/946 1916/294/943
f 2930/294/2233 2931/647/2234 1917/647/2235 1915/294/942
f 2931/647/2234 2930/294/2233 1916/294/943 1918/647/2236
f 2931/647/2234 2929/145/2232 1911/145/945 1917/647/2235
f 2929/145/2232 2931/647/2234 1918/647/2236 1912/145/946
f 2932/620/175 2933/648/2237 1941/648/174 1937/620/177
f 2933/648/2237 2932/620/175 1938/620/2238 1942/648/2239
f 2933/648/2237 2934/649/2240 1939/649/183 1941/648/174
f 2934/649/2240 2933/648/2237 1942/648/2239 1940/649/2241
f 2934/649/2240 2935/619/178 1935/619/180 1939/649/183
f 2935/619/178 2934/649/2240 1940/649/2241 1936/619/2242
f 2935/619/178 2932/620/175 1937/620/177 1935/619/180
f 2932/620/175 2935/619/178 1936/619/2242 1938/620/2238
f 2936/650/2243 2937/651/2244 1923/651/2245 1927/650/2246
f 2937/651/2244 2936/650/2243 1928/650/2247 1924/651/2248
f 2937/651/2244 2938/292/2249 1919/292/936 1923/651/2245
f 2938/292/2249 2937/651/2244 1924/651/2248 1920/292/937
f 2938/292/2249 2939/291/2250 1921/291/931 1919/292/936
f 2939/291/2250 2938/292/2249 1920/292/937 1922/291/934
f 2939/291/2250 2940/652/2251 1925/652/2252 1921/291/931
f 2940/652/2251 2939/291/2250 1922/291/934 1926/652/2253
f 2940/652/2251 2941/653/2254 1929/653/2255 1925/652/2252
f 2941/653/2254 2940/652/2251 1926/652/2253 1930/653/2256
f 2941/653/2254 2942/654/2257 1933/654/2258 1929/653/2255
f 2942/654/2257 2941/653/2254 1930/653/2256 1934/654/2259
f 2942/654/2257 2943/655/2260 1931/655/2261 1933/654/2258
f 2943/655/2260 2942/654/2257 1934/654/2259 1932/655/2262
f 2943/655/2260 2936/650/2243 1927/650/2246 1931/655/2261
f 2936/650/2243 2943/655/2260 1932/655/2262 1928/650/2247
f 2944/656/2263 2945/657/2264 729/657/2265 731/656/2266
f 2945/657/2264 2944/656/2263 732/656/2267 730/657/2268
f 2945/657/2264 2946/658/2269 725/658/2270 729/657/2265
f 2946/658/2269 2945/657/2264 730/657/2268 726/658/2271
f 2946/658/2269 2947/458/2272 727/458/2273 725/658/2270
f 2947/458/2272 2946/658/2269 726/658/2271 728/458/2274
f 2947/458/2272 2944/656/2263 731/656/2266 727/458/2273
f 2944/656/2263 2947/458/2272 728/458/2274 732/656/2267
f 2948/147/2275 2949/146/2276 1977/146/435 1975/147/438
f 2949/146/2276 2948/147/2275 1976/147/439 1978/146/436
f 2949/146/2276 2950/659/2277 1979/659/2278 1977/146/435
f 2950/659/2277 2949/146/2276 1978/146/436 1980/659/2279
f 2950/659/2277 2948/147/2275 1975/147/438 1979/659/2278
f 2948/147/2275 2950/659/2277 1980/659/2279 1976/147/439
f 2955/660/2284 2956/661/2285 643/661/2286 639/660/2287
f 2956/661/2285 2955/660/2284 640/660/2288 644/661/2289
f 2956/661/2285 2957/536/2290 641/536/1845 643/661/2286
f 2957/536/2290 2956/661/2285 644/661/2289 642/536/2291
f 2957/536/2290 2958/537/1840 635/537/1842 641/536/1845
f 2958/537/1840 2957/536/2290 642/536/2291 636/537/2292
f 2958/537/1840 2959/538/1837 633/538/1839 635/537/1842
f 2959/538/1837 2958/537/1840 636/537/2292 634/538/2293
f 2959/538/1837 2960/539/1834 629/539/2294 633/538/1839
f 2960/539/1834 2959/538/1837 634/538/2293 630/539/1835
f 2960/539/1834 2961/532/313 645/532/1833 629/539/2294
f 2961/532/313 2960/539/1834 630/539/1835 646/532/1832
f 2961/532/313 2962/533/1829 651/533/2295 645/532/1833
f 2962/533/1829 2961/532/313 646/532/1832 652/533/1830
f 2962/533/1829 2963/534/1826 655/534/1828 651/533/2295
f 2963/534/1826 2962/533/1829 652/533/1830 656/534/2296
f 2963/534/1826 2964/535/1823 657/535/1825 655/534/1828
f 2964/535/1823 2963/534/1826 656/534/2296 658/535/1824
f 2964/535/1823 2965/536/2297 661/536/2298 657/535/1825
f 2965/536/2297 2964/535/1823 658/535/1824 662/536/2299
f 2965/536/2297 2966/661/2300 663/661/2301 661/536/2298
f 2966/661/2300 2965/536/2297 662/536/2299 664/661/2302
f 2966/661/2300 2967/662/2303 659/662/2304 663/661/2301
f 2967/662/2303 2966/661/2300 664/661/2302 660/662/2305
f 2967/662/2303 2968/663/2306 653/663/2307 659/662/2304
f 2968/663/2306 2967/662/2303 660/662/2305 654/663/2308
f 2968/663/2306 2969/664/2309 649/664/2310 653/663/2307
f 2969/664/2309 2968/663/2306 654/663/2308 650/664/2311
f 2969/664/2309 2970/665/1858 647/665/2312 649/664/2310
f 2970/665/1858 2969/664/2309 650/664/2311 648/665/2313
f 2970/665/1858 2971/666/2314 637/666/2315 647/665/2312
f 2971/666/2314 2970/665/1858 648/665/2313 638/666/2316
f 2971/666/2314 2972/667/2317 631/667/2318 637/666/2315
f 2972/667/2317 2971/666/2314 638/666/2316 632/667/2319
f 2972/667/2317 2955/660/2284 639/660/2287 631/667/2318
f 2955/660/2284 2972/667/2317 632/667/2319 640/660/2288
f 2973/668/2243 2974/669/2260 1999/669/2262 1995/668/2247
f 2974/669/2260 2973/668/2243 1996/668/2246 2000/669/2261
f 2974/669/2260 2975/670/2320 2001/670/2259 1999/669/2262
f 2975/670/2320 2974/669/2260 2000/669/2261 2002/670/2321
f 2975/670/2320 2976/671/2322 1997/671/2323 2001/670/2259
f 2976/671/2322 2975/670/2320 2002/670/2321 1998/671/2324
f 2976/671/2322 2977/672/2325 1993/672/2326 1997/671/2323
f 2977/672/2325 2976/671/2322 1998/671/2324 1994/672/2327
f 2977/672/2325 2978/143/2328 1989/143/424 1993/672/2326
f 2978/143/2328 2977/672/2325 1994/672/2327 1990/143/427
f 2978/143/2328 2979/142/2329 1987/142/425 1989/143/424
f 2979/142/2329 2978/143/2328 1990/143/427 1988/142/426
f 2979/142/2329 2980/673/2244 1991/673/2248 1987/142/425
f 2980/673/2244 2979/142/2329 1988/142/426 1992/673/2245
f 2980/673/2244 2973/668/2243 1995/668/2247 1991/673/2248
f 2973/668/2243 2980/673/2244 1992/673/2245 1996/668/2246
f 2981/334/2330 2982/337/2331 671/337/2332 667/334/2333
f 2982/337/2331 2981/334/2330 668/334/2334 672/337/2335
f 2982/337/2331 2983/453/2336 669/453/2337 671/337/2332
f 2983/453/2336 2982/337/2331 672/337/2335 670/453/2338
f 2983/453/2336 2984/452/2339 665/452/2340 669/453/2337
f 2984/452/2339 2983/453/2336 670/453/2338 666/452/2341
f 2984/452/2339 2981/334/2330 667/334/2333 665/452/2340
f 2981/334/2330 2984/452/2339 666/452/2341 668/334/2334
f 2985/674/2342 2986/675/2343 681/675/2344 683/674/2345
f 2986/675/2343 2985/674/2342 684/674/2346 682/675/2347
f 2986/675/2343 2987/231/2348 677/231/728 681/675/2344
f 2987/231/2348 2986/675/2343 682/675/2347 678/231/731
f 2987/231/2348 2988/230/2349 679/230/729 677/231/728
f 2988/230/2349 2987/231/2348 678/231/731 680/230/730
f 2988/230/2349 2985/674/2342 683/674/2345 679/230/729
f 2985/674/2342 2988/230/2349 680/230/730 684/674/2346
f 3005/680/22 3006/681/13 697/681/16 699/680/23
f 3006/681/13 3005/680/22 700/680/24 698/681/17
f 3006/681/13 3007/682/14 693/682/15 697/681/16
f 3007/682/14 3006/681/13 698/681/17 694/682/18
f 3007/682/14 3008/683/19 695/683/20 693/682/15
f 3008/683/19 3007/682/14 694/682/18 696/683/21
f 3008/683/19 3005/680/22 699/680/23 695/683/20
f 3005/680/22 3008/683/19 696/683/21 700/680/24
f 3009/684/726 3010/685/727 713/685/728 715/684/729
f 3010/685/727 3009/684/726 716/684/730 714/685/731
f 3010/685/727 3011/686/2385 709/686/2386 713/685/728
f 3011/686/2385 3010/685/727 714/685/731 710/686/2387
f 3011/686/2385 3012/687/2388 711/687/2389 709/686/2386
f 3012/687/2388 3011/686/2385 710/686/2387 712/687/737
f 3012/687/2388 3009/684/726 715/684/729 711/687/2389
f 3009/684/726 3012/687/2388 712/687/737 716/684/730
f 3017/692/2402 3018/693/2403 1419/693/2404 1413/692/2405
f 3018/693/2403 3017/692/2402 1414/692/2406 1420/693/2407
f 3018/693/2403 3019/694/2408 1415/694/2409 1419/693/2404
f 3019/694/2408 3018/693/2403 1420/693/2407 1416/694/2410
f 3019/694/2408 3020/695/2411 1417/695/2412 1415/694/2409
f 3020/695/2411 3019/694/2408 1416/694/2410 1418/695/2413
f 3020/695/2411 3017/692/2402 1413/692/2405 1417/695/2412
f 3017/692/2402 3020/695/2411 1418/695/2413 1414/692/2406
f 3029/700/2438 3030/701/2343 717/701/2344 719/700/2345
f 3030/701/2343 3029/700/2438 720/700/2439 718/701/2440
f 3030/701/2343 3031/685/2348 713/685/728 717/701/2344
f 3031/685/2348 3030/701/2343 718/701/2440 714/685/731
f 3031/685/2348 3032/684/2349 715/684/729 713/685/728
f 3032/684/2349 3031/685/2348 714/685/731 716/684/730
f 3032/684/2349 3029/700/2438 719/700/2345 715/684/729
f 3029/700/2438 3032/684/2349 716/684/730 720/700/2439
f 3037/458/2453 3038/658/2454 725/658/2270 727/458/2273
f 3038/658/2454 3037/458/2453 728/458/2274 726/658/2271
f 3038/658/2454 3039/704/2455 721/704/2456 725/658/2270
f 3039/704/2455 3038/658/2454 726/658/2271 722/704/2457
f 3039/704/2455 3040/705/2458 723/705/2459 721/704/2456
f 3040/705/2458 3039/704/2455 722/704/2457 724/705/2460
f 3040/705/2458 3037/458/2453 727/458/2273 723/705/2459
f 3037/458/2453 3040/705/2458 724/705/2460 728/458/2274
f 3081/736/14 3082/737/19 767/737/1007 763/736/1988
f 3082/737/19 3081/736/14 764/736/327 768/737/1009
f 3082/737/19 3083/738/22 765/738/1010 767/737/1007
f 3083/738/22 3082/737/19 768/737/1009 766/738/1011
f 3083/738/22 3084/739/13 761/739/328 765/738/1010
f 3084/739/13 3083/738/22 766/738/1011 762/739/1986
f 3084/739/13 3081/736/14 763/736/1988 761/739/328
f 3081/736/14 3084/739/13 762/739/1986 764/736/327
f 3093/569/2584 3094/218/2585 1955/218/2203 1961/569/1974
f 3094/218/2585 3093/569/2584 1962/569/1977 1956/218/2204
f 3094/218/2585 3095/219/2586 1957/219/2198 1955/218/2203
f 3095/219/2586 3094/218/2585 1956/218/2204 1958/219/2201
f 3095/219/2586 3096/570/2587 1959/570/1979 1957/219/2198
f 3096/570/2587 3095/219/2586 1958/219/2201 1960/570/1980
f 3096/570/2587 3093/569/2584 1961/569/1974 1959/570/1979
f 3093/569/2584 3096/570/2587 1960/570/1980 1962/569/1977
f 3097/744/2588 3098/745/2589 835/745/2590 833/744/2591
f 3098/745/2589 3097/744/2588 834/744/2592 836/745/2593
f 3098/745/2589 3099/746/2594 829/746/2595 835/745/2590
f 3099/746/2594 3098/745/2589 836/745/2593 830/746/2596
f 3099/746/2594 3100/747/2597 831/747/2598 829/746/2595
f 3100/747/2597 3099/746/2594 830/746/2596 832/747/2599
f 3100/747/2597 3097/744/2588 833/744/2591 831/747/2598
f 3097/744/2588 3100/747/2597 832/747/2599 834/744/2592
f 3101/482/2600 3102/481/2601 811/481/2602 809/482/2603
f 3102/481/2601 3101/482/2600 810/482/2604 812/481/2605
f 3102/481/2601 3103/748/2606 807/748/2607 811/481/2602
f 3103/748/2606 3102/481/2601 812/481/2605 808/748/2608
f 3103/748/2606 3104/749/2609 805/749/2610 807/748/2607
f 3104/749/2609 3103/748/2606 808/748/2608 806/749/162
f 3104/749/2609 3101/482/2600 809/482/2603 805/749/2610
f 3101/482/2600 3104/749/2609 806/749/162 810/482/2604
f 3105/750/13 3106/751/14 827/751/808 821/750/815
f 3106/751/14 3105/750/13 822/750/816 828/751/809
f 3106/751/14 3107/752/19 823/752/1985 827/751/808
f 3107/752/19 3106/751/14 828/751/809 824/752/1984
f 3107/752/19 3108/753/22 825/753/329 823/752/1985
f 3108/753/22 3107/752/19 824/752/1984 826/753/330
f 3108/753/22 3105/750/13 821/750/815 825/753/329
f 3105/750/13 3108/753/22 826/753/330 822/750/816
f 3117/52/2611 3118/51/2612 795/51/2613 793/52/2614
f 3118/51/2612 3117/52/2611 794/52/2615 796/51/2616
f 3118/51/2612 3119/762/2617 791/762/2618 795/51/2613
f 3119/762/2617 3118/51/2612 796/51/2616 792/762/2619
f 3119/762/2617 3120/763/2620 789/763/2621 791/762/2618
f 3120/763/2620 3119/762/2617 792/762/2619 790/763/2622
f 3120/763/2620 3117/52/2611 793/52/2614 789/763/2621
f 3117/52/2611 3120/763/2620 790/763/2622 794/52/2615
f 3121/488/2623 3122/489/2624 847/489/2625 845/488/2626
f 3122/489/2624 3121/488/2623 846/488/2627 848/489/2628
f 3122/489/2624 3123/764/2629 841/764/2630 847/489/2625
f 3123/764/2629 3122/489/2624 848/489/2628 842/764/2631
f 3123/764/2629 3124/765/2632 843/765/2633 841/764/2630
f 3124/765/2632 3123/764/2629 842/764/2631 844/765/2634
f 3124/765/2632 3121/488/2623 845/488/2626 843/765/2633
f 3121/488/2623 3124/765/2632 844/765/2634 846/488/2627
f 3129/283/2643 3130/766/2644 867/766/2645 863/283/902
f 3130/766/2644 3129/283/2643 864/283/905 868/766/2646
f 3130/766/2644 3131/767/2647 865/767/2648 867/766/2645
f 3131/767/2647 3130/766/2644 868/766/2646 866/767/2649
f 3131/767/2647 3132/284/2650 861/284/907 865/767/2648
f 3132/284/2650 3131/767/2647 866/767/2649 862/284/908
f 3132/284/2650 3129/283/2643 863/283/902 861/284/907
f 3129/283/2643 3132/284/2650 862/284/908 864/283/905
f 3133/768/2651 3134/66/2652 883/66/2653 879/768/2654
f 3134/66/2652 3133/768/2651 880/768/2655 884/66/2656
f 3134/66/2652 3135/65/2657 881/65/2658 883/66/2653
f 3135/65/2657 3134/66/2652 884/66/2656 882/65/2659
f 3135/65/2657 3136/769/2660 877/769/2661 881/65/2658
f 3136/769/2660 3135/65/2657 882/65/2659 878/769/2662
f 3136/769/2660 3133/768/2651 879/768/2654 877/769/2661
f 3133/768/2651 3136/769/2660 878/769/2662 880/768/2655
f 3137/220/2663 3138/221/2664 1101/221/2665 1099/220/2666
f 3138/221/2664 3137/220/2663 1100/220/2667 1102/221/2668
f 3138/221/2664 3139/85/2669 1097/85/583 1101/221/2665
f 3139/85/2669 3138/221/2664 1102/221/2668 1098/85/586
f 3139/85/2669 3140/84/2670 1095/84/584 1097/85/583
f 3140/84/2670 3139/85/2669 1098/85/586 1096/84/585
f 3140/84/2670 3137/220/2663 1099/220/2666 1095/84/584
f 3137/220/2663 3140/84/2670 1096/84/585 1100/220/2667
f 3153/782/2695 3154/783/2696 561/783/2697 567/782/2698
f 3154/783/2696 3153/782/2695 568/782/2699 562/783/2700
f 3154/783/2696 3155/784/2701 563/784/2702 561/783/2697
f 3155/784/2701 3154/783/2696 562/783/2700 564/784/2703
f 3155/784/2701 3156/785/2704 559/785/2705 563/784/2702
f 3156/785/2704 3155/784/2701 564/784/2703 560/785/2706
f 3156/785/2704 3157/786/2707 565/786/2708 559/785/2705
f 3157/786/2707 3156/785/2704 560/785/2706 566/786/2709
f 3157/786/2707 3158/787/2710 569/787/2711 565/786/2708
f 3158/787/2710 3157/786/2707 566/786/2709 570/787/2712
f 3158/787/2710 3153/782/2695 567/782/2698 569/787/2711
f 3153/782/2695 3158/787/2710 570/787/2712 568/782/2699
f 3167/790/2725 3168/791/2726 839/791/2727 837/790/2728
f 3168/791/2726 3167/790/2725 838/790/2729 840/791/2730
f 3168/791/2726 3169/745/2731 835/745/2590 839/791/2727
f 3169/745/2731 3168/791/2726 840/791/2730 836/745/2593
f 3169/745/2731 3170/744/2732 833/744/2591 835/745/2590
f 3170/744/2732 3169/745/2731 836/745/2593 834/744/2592
f 3170/744/2732 3167/790/2725 837/790/2728 833/744/2591
f 3167/790/2725 3170/744/2732 834/744/2592 838/790/2729
usemtl Meshpart3Mtl.003
f 2011/9/25 2012/10/26 1713/10/27 1711/9/28
f 2012/10/26 2011/9/25 1712/9/29 1714/10/30
f 2012/10/26 2013/11/31 1709/11/32 1713/10/27
f 2013/11/31 2012/10/26 1714/10/30 1710/11/33
f 2013/11/31 2014/12/34 1707/12/35 1709/11/32
f 2014/12/34 2013/11/31 1710/11/33 1708/12/36
f 2014/12/34 2011/9/25 1711/9/28 1707/12/35
f 2011/9/25 2014/12/34 1708/12/36 1712/9/29
f 2027/25/73 2028/26/74 1565/26/75 1559/25/76
f 2028/26/74 2027/25/73 1560/25/77 1566/26/78
f 2028/26/74 2029/27/79 1561/27/80 1565/26/75
f 2029/27/79 2028/26/74 1566/26/78 1562/27/81
f 2029/27/79 2030/28/82 1563/28/83 1561/27/80
f 2030/28/82 2029/27/79 1562/27/81 1564/28/84
f 2030/28/82 2027/25/73 1559/25/76 1563/28/83
f 2027/25/73 2030/28/82 1564/28/84 1560/25/77
f 2049/47/139 2050/48/140 1545/48/141 1543/47/142
f 2050/48/140 2049/47/139 1544/47/143 1546/48/144
f 2050/48/140 2051/49/145 1541/49/146 1545/48/141
f 2051/49/145 2050/48/140 1546/48/144 1542/49/147
f 2051/49/145 2052/50/148 1539/50/149 1541/49/146
f 2052/50/148 2051/49/145 1542/49/147 1540/50/150
f 2052/50/148 2049/47/139 1543/47/142 1539/50/149
f 2049/47/139 2052/50/148 1540/50/150 1544/47/143
f 2070/68/202 2071/69/203 1763/69/204 1757/68/205
f 2071/69/203 2070/68/202 1758/68/206 1764/69/207
f 2071/69/203 2072/70/208 1759/70/209 1763/69/204
f 2072/70/208 2071/69/203 1764/69/207 1760/70/210
f 2072/70/208 2073/71/211 1761/71/212 1759/70/209
f 2073/71/211 2072/70/208 1760/70/210 1762/71/213
f 2073/71/211 2070/68/202 1757/68/205 1761/71/212
f 2070/68/202 2073/71/211 1762/71/213 1758/68/206
f 2074/72/214 2075/73/215 1785/73/216 1779/72/217
f 2075/73/215 2074/72/214 1780/72/218 1786/73/219
f 2075/73/215 2076/69/220 1781/69/221 1785/73/216
f 2076/69/220 2075/73/215 1786/73/219 1782/69/222
f 2076/69/220 2077/68/223 1783/68/224 1781/69/221
f 2077/68/223 2076/69/220 1782/69/222 1784/68/225
f 2077/68/223 2074/72/214 1779/72/217 1783/68/224
f 2074/72/214 2077/68/223 1784/68/225 1780/72/218
f 2082/78/238 2083/79/239 1805/79/240 1799/78/241
f 2083/79/239 2082/78/238 1800/78/242 1806/79/243
f 2083/79/239 2084/80/244 1801/80/245 1805/79/240
f 2084/80/244 2083/79/239 1806/79/243 1802/80/246
f 2084/80/244 2085/81/247 1803/81/248 1801/80/245
f 2085/81/247 2084/80/244 1802/80/246 1804/81/249
f 2085/81/247 2082/78/238 1799/78/241 1803/81/248
f 2082/78/238 2085/81/247 1804/81/249 1800/78/242
f 2160/137/405 2161/138/406 1685/138/407 1679/137/408
f 2161/138/406 2160/137/405 1680/137/409 1686/138/410
f 2161/138/406 2162/139/411 1681/139/412 1685/138/407
f 2162/139/411 2161/138/406 1686/138/410 1682/139/413
f 2162/139/411 2163/140/414 1683/140/415 1681/139/412
f 2163/140/414 2162/139/411 1682/139/413 1684/140/416
f 2163/140/414 2160/137/405 1679/137/408 1683/140/415
f 2160/137/405 2163/140/414 1684/140/416 1680/137/409
f 2182/155/467 2183/156/468 1777/156/469 1767/155/470
f 2183/156/468 2182/155/467 1768/155/471 1778/156/472
f 2183/156/468 2184/157/473 1773/157/474 1777/156/469
f 2184/157/473 2183/156/468 1778/156/472 1774/157/475
f 2184/157/473 2185/158/476 1775/158/477 1773/157/474
f 2185/158/476 2184/157/473 1774/157/475 1776/158/478
f 2185/158/476 2182/155/467 1767/155/470 1775/158/477
f 2182/155/467 2185/158/476 1776/158/478 1768/155/471
f 2194/165/503 2195/166/504 1721/166/505 1715/165/506
f 2195/166/504 2194/165/503 1716/165/507 1722/166/508
f 2195/166/504 2196/167/509 1717/167/510 1721/166/505
f 2196/167/509 2195/166/504 1722/166/508 1718/167/511
f 2196/167/509 2197/168/512 1719/168/513 1717/167/510
f 2197/168/512 2196/167/509 1718/167/511 1720/168/514
f 2197/168/512 2194/165/503 1715/165/506 1719/168/513
f 2194/165/503 2197/168/512 1720/168/514 1716/165/507
f 2283/234/738 2284/235/739 1797/235/740 1795/234/741
f 2284/235/739 2283/234/738 1796/234/742 1798/235/743
f 2284/235/739 2285/236/744 1793/236/745 1797/235/740
f 2285/236/744 2284/235/739 1798/235/743 1794/236/746
f 2285/236/744 2286/237/747 1791/237/748 1793/236/745
f 2286/237/747 2285/236/744 1794/236/746 1792/237/749
f 2286/237/747 2283/234/738 1795/234/741 1791/237/748
f 2283/234/738 2286/237/747 1792/237/749 1796/234/742
f 2295/246/774 2296/247/775 1487/247/776 1481/246/777
f 2296/247/775 2295/246/774 1482/246/778 1488/247/779
f 2296/247/775 2297/248/780 1483/248/781 1487/247/776
f 2297/248/780 2296/247/775 1488/247/779 1484/248/782
f 2297/248/780 2298/249/783 1485/249/784 1483/248/781
f 2298/249/783 2297/248/780 1484/248/782 1486/249/785
f 2298/249/783 2295/246/774 1481/246/777 1485/249/784
f 2295/246/774 2298/249/783 1486/249/785 1482/246/778
f 2299/250/786 2300/251/787 1589/251/788 1583/250/789
f 2300/251/787 2299/250/786 1584/250/790 1590/251/791
f 2300/251/787 2301/252/792 1585/252/793 1589/251/788
f 2301/252/792 2300/251/787 1590/251/791 1586/252/794
f 2301/252/792 2302/253/795 1587/253/796 1585/252/793
f 2302/253/795 2301/252/792 1586/252/794 1588/253/162
f 2302/253/795 2299/250/786 1583/250/789 1587/253/796
f 2299/250/786 2302/253/795 1588/253/162 1584/250/790
f 2303/254/797 2304/255/798 1549/255/799 1547/254/800
f 2304/255/798 2303/254/797 1548/254/801 1550/255/802
f 2304/255/798 2305/48/803 1545/48/141 1549/255/799
f 2305/48/803 2304/255/798 1550/255/802 1546/48/144
f 2305/48/803 2306/47/804 1543/47/142 1545/48/141
f 2306/47/804 2305/48/803 1546/48/144 1544/47/143
f 2306/47/804 2303/254/797 1547/254/800 1543/47/142
f 2303/254/797 2306/47/804 1544/47/143 1548/254/801
f 2319/247/841 2320/246/842 1735/246/843 1729/247/844
f 2320/246/842 2319/247/841 1730/247/845 1736/246/846
f 2320/246/842 2321/268/847 1731/268/848 1735/246/843
f 2321/268/847 2320/246/842 1736/246/846 1732/268/849
f 2321/268/847 2322/269/850 1733/269/851 1731/268/848
f 2322/269/850 2321/268/847 1732/268/849 1734/269/852
f 2322/269/850 2319/247/841 1729/247/844 1733/269/851
f 2319/247/841 2322/269/850 1734/269/852 1730/247/845
f 2327/167/865 2328/166/866 1727/166/867 1717/167/868
f 2328/166/866 2327/167/865 1718/167/869 1728/166/870
f 2328/166/866 2329/274/871 1723/274/872 1727/166/867
f 2329/274/871 2328/166/866 1728/166/870 1724/274/873
f 2329/274/871 2330/275/874 1725/275/875 1723/274/872
f 2330/275/874 2329/274/871 1724/274/873 1726/275/876
f 2330/275/874 2327/167/865 1717/167/868 1725/275/875
f 2327/167/865 2330/275/874 1726/275/876 1718/167/869
f 2331/276/877 2332/277/878 1813/277/879 1811/276/880
f 2332/277/878 2331/276/877 1812/276/881 1814/277/882
f 2332/277/878 2333/278/883 1809/278/884 1813/277/879
f 2333/278/883 2332/277/878 1814/277/882 1810/278/885
f 2333/278/883 2334/279/886 1807/279/887 1809/278/884
f 2334/279/886 2333/278/883 1810/278/885 1808/279/888
f 2334/279/886 2331/276/877 1811/276/880 1807/279/887
f 2331/276/877 2334/279/886 1808/279/888 1812/276/881
f 2509/396/1286 2510/397/1287 1633/397/1288 1637/396/1289
f 2510/397/1287 2509/396/1286 1638/396/1290 1634/397/1291
f 2510/397/1287 2511/398/1292 1635/398/1293 1633/397/1288
f 2511/398/1292 2510/397/1287 1634/397/1291 1636/398/1294
f 2511/398/1292 2512/399/1295 1631/399/1296 1635/398/1293
f 2512/399/1295 2511/398/1292 1636/398/1294 1632/399/1297
f 2512/399/1295 2513/400/1298 1639/400/1299 1631/399/1296
f 2513/400/1298 2512/399/1295 1632/399/1297 1640/400/1300
f 2513/400/1298 2514/401/1301 1641/401/1302 1639/400/1299
f 2514/401/1301 2513/400/1298 1640/400/1300 1642/401/1303
f 2514/401/1301 2515/402/1304 1645/402/1305 1641/401/1302
f 2515/402/1304 2514/401/1301 1642/401/1303 1646/402/1306
f 2515/402/1304 2516/403/1307 1643/403/1308 1645/402/1305
f 2516/403/1307 2515/402/1304 1646/402/1306 1644/403/1309
f 2516/403/1307 2509/396/1286 1637/396/1289 1643/403/1308
f 2509/396/1286 2516/403/1307 1644/403/1309 1638/396/1290
f 2565/167/1416 2566/166/1417 1509/166/1418 1499/167/1419
f 2566/166/1417 2565/167/1416 1500/167/1420 1510/166/1421
f 2566/166/1417 2567/274/1422 1505/274/1423 1509/166/1418
f 2567/274/1422 2566/166/1417 1510/166/1421 1506/274/1424
f 2567/274/1422 2568/275/1425 1507/275/1426 1505/274/1423
f 2568/275/1425 2567/274/1422 1506/274/1424 1508/275/1427
f 2568/275/1425 2565/167/1416 1499/167/1419 1507/275/1426
f 2565/167/1416 2568/275/1425 1508/275/1427 1500/167/1420
f 2577/165/1452 2578/166/1453 1503/166/1454 1497/165/1455
f 2578/166/1453 2577/165/1452 1498/165/1456 1504/166/1457
f 2578/166/1453 2579/167/1458 1499/167/1459 1503/166/1454
f 2579/167/1458 2578/166/1453 1504/166/1457 1500/167/1460
f 2579/167/1458 2580/168/1461 1501/168/1462 1499/167/1459
f 2580/168/1461 2579/167/1458 1500/167/1460 1502/168/1463
f 2580/168/1461 2577/165/1452 1497/165/1455 1501/168/1462
f 2577/165/1452 2580/168/1461 1502/168/1463 1498/165/1456
f 2581/139/1464 2582/140/1465 1529/140/1466 1523/139/1467
f 2582/140/1465 2581/139/1464 1524/139/1468 1530/140/1469
f 2582/140/1465 2583/137/1470 1525/137/1471 1529/140/1466
f 2583/137/1470 2582/140/1465 1530/140/1469 1526/137/1472
f 2583/137/1470 2584/138/1473 1527/138/1474 1525/137/1471
f 2584/138/1473 2583/137/1470 1526/137/1472 1528/138/1475
f 2584/138/1473 2581/139/1464 1523/139/1467 1527/138/1474
f 2581/139/1464 2584/138/1473 1528/138/1475 1524/139/1468
f 2585/440/1476 2586/441/1477 1557/441/1478 1551/440/1479
f 2586/441/1477 2585/440/1476 1552/440/1480 1558/441/1481
f 2586/441/1477 2587/442/1482 1553/442/1483 1557/441/1478
f 2587/442/1482 2586/441/1477 1558/441/1481 1554/442/1484
f 2587/442/1482 2588/443/1485 1555/443/1486 1553/442/1483
f 2588/443/1485 2587/442/1482 1554/442/1484 1556/443/1487
f 2588/443/1485 2585/440/1476 1551/440/1479 1555/443/1486
f 2585/440/1476 2588/443/1485 1556/443/1487 1552/440/1480
f 2597/248/1508 2598/249/1509 1701/249/1510 1695/248/1511
f 2598/249/1509 2597/248/1508 1696/248/1512 1702/249/1513
f 2598/249/1509 2599/246/1514 1697/246/1515 1701/249/1510
f 2599/246/1514 2598/249/1509 1702/249/1513 1698/246/1516
f 2599/246/1514 2600/247/1517 1699/247/1518 1697/246/1515
f 2600/247/1517 2599/246/1514 1698/246/1516 1700/247/1519
f 2600/247/1517 2597/248/1508 1695/248/1511 1699/247/1518
f 2597/248/1508 2600/247/1517 1700/247/1519 1696/248/1512
f 2609/12/1530 2610/11/1531 1709/11/32 1707/12/35
f 2610/11/1531 2609/12/1530 1708/12/36 1710/11/33
f 2610/11/1531 2611/450/1532 1705/450/1533 1709/11/32
f 2611/450/1532 2610/11/1531 1710/11/33 1706/450/1534
f 2611/450/1532 2612/451/1535 1703/451/1536 1705/450/1533
f 2612/451/1535 2611/450/1532 1706/450/1534 1704/451/1537
f 2612/451/1535 2609/12/1530 1707/12/35 1703/451/1536
f 2609/12/1530 2612/451/1535 1704/451/1537 1708/12/36
f 2621/79/1562 2622/78/1563 1755/78/1564 1751/79/1565
f 2622/78/1563 2621/79/1562 1752/79/1566 1756/78/1567
f 2622/78/1563 2623/459/1568 1749/459/1569 1755/78/1564
f 2623/459/1568 2622/78/1563 1756/78/1567 1750/459/1570
f 2623/459/1568 2624/460/1571 1753/460/1572 1749/459/1569
f 2624/460/1571 2623/459/1568 1750/459/1570 1754/460/1573
f 2624/460/1571 2621/79/1562 1751/79/1565 1753/460/1572
f 2621/79/1562 2624/460/1571 1754/460/1573 1752/79/1566
f 2629/463/1582 2630/464/1583 1771/464/1584 1765/463/1585
f 2630/464/1583 2629/463/1582 1766/463/1586 1772/464/1587
f 2630/464/1583 2631/155/1588 1767/155/1589 1771/464/1584
f 2631/155/1588 2630/464/1583 1772/464/1587 1768/155/1590
f 2631/155/1588 2632/158/1591 1769/158/1592 1767/155/1589
f 2632/158/1591 2631/155/1588 1768/155/1590 1770/158/1593
f 2632/158/1591 2629/463/1582 1765/463/1585 1769/158/1592
f 2629/463/1582 2632/158/1591 1770/158/1593 1766/463/1586
f 2645/471/1622 2646/472/1623 1859/472/1624 1861/471/1625
f 2646/472/1623 2645/471/1622 1862/471/1626 1860/472/1627
f 2646/472/1623 2647/473/1628 1851/473/1629 1859/472/1624
f 2647/473/1628 2646/472/1623 1860/472/1627 1852/473/1630
f 2647/473/1628 2648/474/1631 1857/474/1632 1851/473/1629
f 2648/474/1631 2647/473/1628 1852/473/1630 1858/474/1633
f 2648/474/1631 2649/475/1634 1853/475/1635 1857/474/1632
f 2649/475/1634 2648/474/1631 1858/474/1633 1854/475/1636
f 2649/475/1634 2650/476/1637 1855/476/1638 1853/475/1635
f 2650/476/1637 2649/475/1634 1854/475/1636 1856/476/1639
f 2650/476/1637 2651/477/1640 1863/477/1641 1855/476/1638
f 2651/477/1640 2650/476/1637 1856/476/1639 1864/477/1642
f 2651/477/1640 2652/478/1643 1865/478/1644 1863/477/1641
f 2652/478/1643 2651/477/1640 1864/477/1642 1866/478/1645
f 2652/478/1643 2645/471/1622 1861/471/1625 1865/478/1644
f 2645/471/1622 2652/478/1643 1866/478/1645 1862/471/1626
f 2660/140/1661 2661/139/1662 1693/139/1663 1687/140/1664
f 2661/139/1662 2660/140/1661 1688/140/1665 1694/139/1666
f 2661/139/1662 2662/483/1667 1689/483/1668 1693/139/1663
f 2662/483/1667 2661/139/1662 1694/139/1666 1690/483/1669
f 2662/483/1667 2663/484/1670 1691/484/1671 1689/483/1668
f 2663/484/1670 2662/483/1667 1690/483/1669 1692/484/1672
f 2663/484/1670 2660/140/1661 1687/140/1664 1691/484/1671
f 2660/140/1661 2663/484/1670 1692/484/1672 1688/140/1665
f 2664/237/1673 2665/236/1674 1793/236/745 1791/237/748
f 2665/236/1674 2664/237/1673 1792/237/749 1794/236/746
f 2665/236/1674 2666/485/1675 1789/485/1676 1793/236/745
f 2666/485/1675 2665/236/1674 1794/236/746 1790/485/1677
f 2666/485/1675 2667/486/1678 1787/486/1679 1789/485/1676
f 2667/486/1678 2666/485/1675 1790/485/1677 1788/486/1680
f 2667/486/1678 2664/237/1673 1791/237/748 1787/486/1679
f 2664/237/1673 2667/486/1678 1788/486/1680 1792/237/749
f 2748/550/1884 2749/551/1885 1629/551/1886 1627/550/1887
f 2749/551/1885 2748/550/1884 1628/550/1888 1630/551/1889
f 2749/551/1885 2750/552/1890 1625/552/1891 1629/551/1886
f 2750/552/1890 2749/551/1885 1630/551/1889 1626/552/1892
f 2750/552/1890 2751/553/1893 1623/553/1894 1625/552/1891
f 2751/553/1893 2750/552/1890 1626/552/1892 1624/553/1895
f 2751/553/1893 2748/550/1884 1627/550/1887 1623/553/1894
f 2748/550/1884 2751/553/1893 1624/553/1895 1628/550/1888
f 2821/140/2037 2822/139/2038 1537/139/2039 1533/140/2040
f 2822/139/2038 2821/140/2037 1534/140/2041 1538/139/2042
f 2822/139/2038 2823/483/2043 1531/483/2044 1537/139/2039
f 2823/483/2043 2822/139/2038 1538/139/2042 1532/483/2045
f 2823/483/2043 2824/484/2046 1535/484/2047 1531/483/2044
f 2824/484/2046 2823/483/2043 1532/483/2045 1536/484/2048
f 2824/484/2046 2821/140/2037 1533/140/2040 1535/484/2047
f 2821/140/2037 2824/484/2046 1536/484/2048 1534/140/2041
f 2905/268/2177 2906/269/2178 1495/269/2179 1489/268/2180
f 2906/269/2178 2905/268/2177 1490/268/2181 1496/269/2182
f 2906/269/2178 2907/247/2183 1491/247/2184 1495/269/2179
f 2907/247/2183 2906/269/2178 1496/269/2182 1492/247/2185
f 2907/247/2183 2908/246/2186 1493/246/2187 1491/247/2184
f 2908/246/2186 2907/247/2183 1492/247/2185 1494/246/2188
f 2908/246/2186 2905/268/2177 1489/268/2180 1493/246/2187
f 2905/268/2177 2908/246/2186 1494/246/2188 1490/268/2181
f 2989/11/803 2990/12/804 1517/12/142 1515/11/141
f 2990/12/804 2989/11/803 1516/11/2350 1518/12/2351
f 2990/12/804 2991/9/2352 1513/9/2353 1517/12/142
f 2991/9/2352 2990/12/804 1518/12/2351 1514/9/2354
f 2991/9/2352 2992/10/2355 1511/10/2356 1513/9/2353
f 2992/10/2355 2991/9/2352 1514/9/2354 1512/10/2357
f 2992/10/2355 2989/11/803 1515/11/141 1511/10/2356
f 2989/11/803 2992/10/2355 1512/10/2357 1516/11/2350
f 2993/450/2358 2994/451/2359 1521/451/2360 1519/450/2361
f 2994/451/2359 2993/450/2358 1520/450/147 1522/451/2362
f 2994/451/2359 2995/12/2363 1517/12/142 1521/451/2360
f 2995/12/2363 2994/451/2359 1522/451/2362 1518/12/2351
f 2995/12/2363 2996/11/2364 1515/11/141 1517/12/142
f 2996/11/2364 2995/12/2363 1518/12/2351 1516/11/2350
f 2996/11/2364 2993/450/2358 1519/450/2361 1515/11/141
f 2993/450/2358 2996/11/2364 1516/11/2350 1520/450/147
f 3001/678/2373 3002/28/2374 1605/28/2375 1599/678/2376
f 3002/28/2374 3001/678/2373 1600/678/2377 1606/28/2378
f 3002/28/2374 3003/27/2379 1601/27/2380 1605/28/2375
f 3003/27/2379 3002/28/2374 1606/28/2378 1602/27/2381
f 3003/27/2379 3004/679/2382 1603/679/2383 1601/27/2380
f 3004/679/2382 3003/27/2379 1602/27/2381 1604/679/2384
f 3004/679/2382 3001/678/2373 1599/678/2376 1603/679/2383
f 3001/678/2373 3004/679/2382 1604/679/2384 1600/678/2377
f 3013/688/2390 3014/689/2391 1573/689/2392 1567/688/2393
f 3014/689/2391 3013/688/2390 1568/688/2394 1574/689/2395
f 3014/689/2391 3015/690/2396 1569/690/2397 1573/689/2392
f 3015/690/2396 3014/689/2391 1574/689/2395 1570/690/2398
f 3015/690/2396 3016/691/2399 1571/691/2400 1569/690/2397
f 3016/691/2399 3015/690/2396 1570/690/2398 1572/691/2401
f 3016/691/2399 3013/688/2390 1567/688/2393 1571/691/2400
f 3013/688/2390 3016/691/2399 1572/691/2401 1568/688/2394
f 3021/696/2414 3022/697/2415 1581/697/2416 1575/696/2417
f 3022/697/2415 3021/696/2414 1576/696/2418 1582/697/2419
f 3022/697/2415 3023/441/2420 1577/441/2421 1581/697/2416
f 3023/441/2420 3022/697/2415 1582/697/2419 1578/441/2422
f 3023/441/2420 3024/440/2423 1579/440/2424 1577/441/2421
f 3024/440/2423 3023/441/2420 1578/441/2422 1580/440/2425
f 3024/440/2423 3021/696/2414 1575/696/2417 1579/440/2424
f 3021/696/2414 3024/440/2423 1580/440/2425 1576/696/2418
f 3025/251/2426 3026/250/2427 1597/250/2428 1595/251/2429
f 3026/250/2427 3025/251/2426 1596/251/2430 1598/250/2431
f 3026/250/2427 3027/698/2432 1593/698/2433 1597/250/2428
f 3027/698/2432 3026/250/2427 1598/250/2431 1594/698/2434
f 3027/698/2432 3028/699/2435 1591/699/2436 1593/698/2433
f 3028/699/2435 3027/698/2432 1594/698/2434 1592/699/2437
f 3028/699/2435 3025/251/2426 1595/251/2429 1591/699/2436
f 3025/251/2426 3028/699/2435 1592/699/2437 1596/251/2430
f 3033/702/2441 3034/703/2442 1613/703/2443 1607/702/2444
f 3034/703/2442 3033/702/2441 1608/702/2445 1614/703/2446
f 3034/703/2442 3035/689/2447 1609/689/2448 1613/703/2443
f 3035/689/2447 3034/703/2442 1614/703/2446 1610/689/2449
f 3035/689/2447 3036/688/2450 1611/688/2451 1609/689/2448
f 3036/688/2450 3035/689/2447 1610/689/2449 1612/688/2452
f 3036/688/2450 3033/702/2441 1607/702/2444 1611/688/2451
f 3033/702/2441 3036/688/2450 1612/688/2452 1608/702/2445
f 3041/48/2461 3042/47/2462 1743/47/2463 1741/48/2464
f 3042/47/2462 3041/48/2461 1742/48/2465 1744/47/585
f 3042/47/2462 3043/254/2466 1739/254/2467 1743/47/2463
f 3043/254/2466 3042/47/2462 1744/47/585 1740/254/2468
f 3043/254/2466 3044/255/2469 1737/255/2470 1739/254/2467
f 3044/255/2469 3043/254/2466 1740/254/2468 1738/255/2471
f 3044/255/2469 3041/48/2461 1741/48/2464 1737/255/2470
f 3041/48/2461 3044/255/2469 1738/255/2471 1742/48/2465
f 3049/710/2480 3050/711/2481 1649/711/2482 1653/710/2483
f 3050/711/2481 3049/710/2480 1654/710/2484 1650/711/2485
f 3050/711/2481 3051/712/2486 1651/712/2487 1649/711/2482
f 3051/712/2486 3050/711/2481 1650/711/2485 1652/712/2488
f 3051/712/2486 3052/713/2489 1647/713/2490 1651/712/2487
f 3052/713/2489 3051/712/2486 1652/712/2488 1648/713/2491
f 3052/713/2489 3053/714/2492 1655/714/2493 1647/713/2490
f 3053/714/2492 3052/713/2489 1648/713/2491 1656/714/2494
f 3053/714/2492 3054/715/2495 1657/715/2496 1655/714/2493
f 3054/715/2495 3053/714/2492 1656/714/2494 1658/715/2497
f 3054/715/2495 3055/716/2498 1661/716/2499 1657/715/2496
f 3055/716/2498 3054/715/2495 1658/715/2497 1662/716/2500
f 3055/716/2498 3056/717/2501 1659/717/2502 1661/716/2499
f 3056/717/2501 3055/716/2498 1662/716/2500 1660/717/2503
f 3056/717/2501 3049/710/2480 1653/710/2483 1659/717/2502
f 3049/710/2480 3056/717/2501 1660/717/2503 1654/710/2484
f 3057/718/2504 3058/719/2505 1667/719/2506 1665/718/2507
f 3058/719/2505 3057/718/2504 1666/718/2508 1668/719/2509
f 3058/719/2505 3059/720/2510 1663/720/2511 1667/719/2506
f 3059/720/2510 3058/719/2505 1668/719/2509 1664/720/2512
f 3059/720/2510 3060/721/2513 1669/721/2514 1663/720/2511
f 3060/721/2513 3059/720/2510 1664/720/2512 1670/721/2515
f 3060/721/2513 3061/722/2516 1675/722/2517 1669/721/2514
f 3061/722/2516 3060/721/2513 1670/721/2515 1676/722/2518
f 3061/722/2516 3062/723/2519 1677/723/2520 1675/722/2517
f 3062/723/2519 3061/722/2516 1676/722/2518 1678/723/2521
f 3062/723/2519 3063/724/2522 1673/724/2523 1677/723/2520
f 3063/724/2522 3062/723/2519 1678/723/2521 1674/724/2524
f 3063/724/2522 3064/725/2525 1671/725/2526 1673/724/2523
f 3064/725/2525 3063/724/2522 1674/724/2524 1672/725/2527
f 3064/725/2525 3057/718/2504 1665/718/2507 1671/725/2526
f 3057/718/2504 3064/725/2525 1672/725/2527 1666/718/2508
f 3069/726/2532 3070/727/2533 1839/727/2534 1837/726/2535
f 3070/727/2533 3069/726/2532 1838/726/2536 1840/727/2537
f 3070/727/2533 3071/728/2538 1841/728/2539 1839/727/2534
f 3071/728/2538 3070/727/2533 1840/727/2537 1842/728/2540
f 3071/728/2538 3072/729/2541 1835/729/2542 1841/728/2539
f 3072/729/2541 3071/728/2538 1842/728/2540 1836/729/2543
f 3072/729/2541 3073/730/2544 1843/730/2545 1835/729/2542
f 3073/730/2544 3072/729/2541 1836/729/2543 1844/730/2546
f 3073/730/2544 3074/731/2547 1845/731/2548 1843/730/2545
f 3074/731/2547 3073/730/2544 1844/730/2546 1846/731/2549
f 3074/731/2547 3075/732/2550 1849/732/2551 1845/731/2548
f 3075/732/2550 3074/731/2547 1846/731/2549 1850/732/2552
f 3075/732/2550 3076/733/2553 1847/733/2554 1849/732/2551
f 3076/733/2553 3075/732/2550 1850/732/2552 1848/733/2555
f 3076/733/2553 3069/726/2532 1837/726/2535 1847/733/2554
f 3069/726/2532 3076/733/2553 1848/733/2555 1838/726/2536
f 3085/740/2564 3086/741/2565 1621/741/2566 1615/740/2567
f 3086/741/2565 3085/740/2564 1616/740/2568 1622/741/2569
f 3086/741/2565 3087/551/2570 1617/551/2571 1621/741/2566
f 3087/551/2570 3086/741/2565 1622/741/2569 1618/551/2572
f 3087/551/2570 3088/550/2573 1619/550/2574 1617/551/2571
f 3088/550/2573 3087/551/2570 1618/551/2572 1620/550/2575
f 3088/550/2573 3085/740/2564 1615/740/2567 1619/550/2574
f 3085/740/2564 3088/550/2573 1620/550/2575 1616/740/2568
f 3089/742/2576 3090/743/2577 1817/743/2578 1815/742/2579
f 3090/743/2577 3089/742/2576 1816/742/2580 1818/743/2581
f 3090/743/2577 3091/277/2582 1813/277/879 1817/743/2578
f 3091/277/2582 3090/743/2577 1818/743/2581 1814/277/882
f 3091/277/2582 3092/276/2583 1811/276/880 1813/277/879
f 3092/276/2583 3091/277/2582 1814/277/882 1812/276/881
f 3092/276/2583 3089/742/2576 1815/742/2579 1811/276/880
f 3089/742/2576 3092/276/2583 1812/276/881 1816/742/2580
f 3125/49/2635 3126/50/2636 1747/50/2637 1745/49/2638
f 3126/50/2636 3125/49/2635 1746/49/2639 1748/50/2640
f 3126/50/2636 3127/47/2641 1743/47/2463 1747/50/2637
f 3127/47/2641 3126/50/2636 1748/50/2640 1744/47/585
f 3127/47/2641 3128/48/2642 1741/48/2464 1743/47/2463
f 3128/48/2642 3127/47/2641 1744/47/585 1742/48/2465
f 3128/48/2642 3125/49/2635 1745/49/2638 1741/48/2464
f 3125/49/2635 3128/48/2642 1742/48/2465 1746/49/2639
f 3145/774/2671 3146/775/2672 1827/775/2673 1819/774/2674
f 3146/775/2672 3145/774/2671 1820/774/2675 1828/775/2676
f 3146/775/2672 3147/776/2677 1829/776/2678 1827/775/2673
f 3147/776/2677 3146/775/2672 1828/775/2676 1830/776/2679
f 3147/776/2677 3148/777/2680 1833/777/2681 1829/776/2678
f 3148/777/2680 3147/776/2677 1830/776/2679 1834/777/2682
f 3148/777/2680 3149/778/2683 1831/778/2684 1833/777/2681
f 3149/778/2683 3148/777/2680 1834/777/2682 1832/778/2685
f 3149/778/2683 3150/779/2686 1821/779/2687 1831/778/2684
f 3150/779/2686 3149/778/2683 1832/778/2685 1822/779/2688
f 3150/779/2686 3151/780/2689 1823/780/2690 1821/779/2687
f 3151/780/2689 3150/779/2686 1822/779/2688 1824/780/2691
f 3151/780/2689 3152/781/2692 1825/781/2693 1823/780/2690
f 3152/781/2692 3151/780/2689 1824/780/2691 1826/781/2694
f 3152/781/2692 3145/774/2671 1819/774/2674 1825/781/2693
f 3145/774/2671 3152/781/2692 1826/781/2694 1820/774/2675
