# Blender 5.2.0 LTS
# www.blender.org
mtllib Glass Keythe.mtl
o 18763296395
v -0.318626 -2.148136 0.022065
v -0.319540 -2.155580 0.022065
v -0.410955 -2.136800 -0.059850
v -0.411869 -2.144244 -0.059850
v -0.345669 -2.144817 -0.035858
v -0.346583 -2.152261 -0.035858
v -0.345670 -2.144817 0.079988
v -0.346584 -2.152261 0.079988
v -0.476242 -2.128783 -0.035858
v -0.477156 -2.136227 -0.035858
v -0.503285 -2.125463 0.022065
v -0.504199 -2.132907 0.022065
v -0.476243 -2.128783 0.079988
v -0.477157 -2.136227 0.079988
v -0.410956 -2.136800 0.103981
v -0.411870 -2.144244 0.103981
v -0.347625 -2.145794 -0.033788
v -0.344627 -2.151284 -0.037927
v -0.254153 -2.095609 0.022065
v -0.249495 -2.101487 0.022065
v -0.321412 -2.148919 0.022065
v -0.316754 -2.154797 0.022065
v -0.347626 -2.145794 0.077919
v -0.344628 -2.151284 0.082058
v -0.297884 -2.090332 -0.071312
v -0.294886 -2.095822 -0.075450
v -0.403665 -2.077426 -0.110084
v -0.404263 -2.082307 -0.115747
v -0.411113 -2.138082 -0.057018
v -0.411711 -2.142962 -0.062681
v -0.297885 -2.090332 0.115442
v -0.294887 -2.095822 0.119580
v -0.403665 -2.077426 0.154215
v -0.404265 -2.082307 0.159878
v -0.411113 -2.138082 0.101150
v -0.411713 -2.142962 0.106813
v -0.474582 -2.130204 0.077919
v -0.478818 -2.134806 0.082057
v -0.509426 -2.064358 0.115442
v -0.513664 -2.068959 0.119580
v -0.553135 -2.058900 0.022065
v -0.559077 -2.063476 0.022065
v -0.500771 -2.126897 0.022065
v -0.506713 -2.131473 0.022065
v -0.474581 -2.130204 -0.033789
v -0.478817 -2.134806 -0.037927
v -0.509426 -2.064358 -0.071312
v -0.513662 -2.068960 -0.075450
v -0.403664 -2.077426 -0.110085
v -0.404264 -2.082307 -0.115747
v -0.411112 -2.138082 -0.057018
v -0.411712 -2.142962 -0.062681
v -1.008133 -1.983410 -0.026635
v -1.009047 -1.990854 -0.026635
v -0.455980 -2.051206 -0.026635
v -0.456894 -2.058650 -0.026635
v -0.455980 -2.051206 0.070765
v -0.456894 -2.058650 0.070765
v -1.008133 -1.983410 0.070765
v -1.009047 -1.990854 0.070765
v -1.213685 1.829913 0.059608
v -1.217611 1.836303 0.059608
v -1.213685 1.829913 -0.015273
v -1.217611 1.836303 -0.015273
v -1.586493 1.585178 -0.015273
v -1.591301 1.590934 -0.015273
v -1.586493 1.585178 0.059608
v -1.591301 1.590934 0.059608
v -1.765765 1.410563 -0.015273
v -1.771351 1.415569 -0.015273
v -1.765765 1.410563 0.059608
v -1.771351 1.415569 0.059608
v -2.034653 1.069068 0.018418
v -2.034653 1.069068 0.025918
v -2.036609 1.065873 0.022328
v -2.032696 1.072263 0.022008
v -1.765765 1.410563 0.059608
v -1.771351 1.415569 0.059608
v -1.176343 1.778060 -0.015273
v -1.179147 1.785016 -0.015273
v -1.110061 1.804774 0.059608
v -1.112865 1.811730 0.059608
v -1.110061 1.804774 -0.015273
v -1.112865 1.811730 -0.015273
v -1.176343 1.778060 0.059608
v -1.179147 1.785016 0.059608
v -0.281509 1.893345 -0.015273
v -0.280807 1.900812 -0.015273
v -0.281509 1.893345 0.059608
v -0.280807 1.900812 0.059608
v -0.723641 1.915098 -0.015273
v -0.724147 1.922580 -0.015273
v -0.723641 1.915098 0.059608
v -0.724147 1.922580 0.059608
v -1.149305 1.852151 -0.015273
v -1.150401 1.859571 -0.015273
v -1.149305 1.852151 0.059608
v -1.150401 1.859571 0.059608
v 0.301879 1.847425 -0.032992
v 0.302831 1.854865 -0.032992
v 0.576079 1.812308 0.077327
v 0.577031 1.819748 0.077327
v 0.576079 1.812308 -0.032992
v 0.577031 1.819748 -0.032992
v 0.301879 1.847425 0.077327
v 0.302831 1.854865 0.077327
v 0.809337 1.509338 -0.032992
v 0.815267 1.513930 -0.032992
v 0.573590 1.813732 -0.032992
v 0.579520 1.818324 -0.032992
v 0.573590 1.813732 0.077327
v 0.579520 1.818324 0.077327
v 0.809337 1.509338 0.077327
v 0.815267 1.513930 0.077327
v -0.232433 -1.262612 -0.039523
v -0.227517 -1.263250 -0.045151
v -0.179558 -1.077761 0.022065
v -0.172118 -1.078711 0.022065
v -0.203627 -1.266147 0.022065
v -0.196187 -1.267097 0.022065
v -0.232433 -1.262612 0.083653
v -0.227517 -1.263250 0.089281
v -0.208634 -1.074191 -0.040102
v -0.203718 -1.074829 -0.045730
v -0.279417 -1.065502 -0.066082
v -0.279419 -1.065534 -0.073582
v -0.302562 -1.254002 -0.065263
v -0.302564 -1.254034 -0.072763
v -0.208634 -1.074191 0.084232
v -0.203718 -1.074829 0.089860
v -0.279416 -1.065502 0.110212
v -0.279420 -1.065534 0.117712
v -0.302562 -1.254002 0.109393
v -0.302566 -1.254034 0.116893
v -0.372690 -1.245391 0.083653
v -0.377614 -1.244821 0.089281
v -0.350199 -1.056810 0.084232
v -0.355123 -1.056240 0.089860
v -0.379274 -1.053238 0.022065
v -0.386722 -1.052360 0.022065
v -0.401495 -1.241853 0.022065
v -0.408943 -1.240975 0.022065
v -0.372690 -1.245391 -0.039523
v -0.377614 -1.244821 -0.045151
v -0.350199 -1.056810 -0.040102
v -0.355123 -1.056240 -0.045730
v -0.279415 -1.065502 -0.066082
v -0.279421 -1.065534 -0.073582
v -0.302561 -1.254002 -0.065263
v -0.302566 -1.254034 -0.072763
v -0.116056 1.870383 0.059608
v -0.114128 1.877631 0.059608
v 0.192243 1.788451 0.059608
v 0.195457 1.795227 0.059608
v -0.116056 1.870383 -0.015273
v -0.114128 1.877631 -0.015273
v 0.192243 1.788451 -0.015273
v 0.195457 1.795227 -0.015273
v 0.338072 1.684492 0.059608
v 0.345520 1.685377 0.059608
v 0.338072 1.684492 -0.015273
v 0.345520 1.685377 -0.015273
v -0.167928 1.820480 -0.015273
v -0.165672 1.827632 -0.015273
v -0.293104 1.859979 -0.015273
v -0.290848 1.867131 -0.015273
v -0.167928 1.820480 0.059608
v -0.165672 1.827632 0.059608
v -0.293104 1.859979 0.059608
v -0.290848 1.867131 0.059608
v -2.031519 1.071109 0.022437
v -2.037787 1.067027 0.021898
v -1.728579 1.355973 -0.039725
v -1.733379 1.361737 -0.039725
v -2.034653 1.069068 0.018418
v -2.034653 1.069068 0.025918
v -1.728579 1.355974 0.084060
v -1.733379 1.361736 0.084060
v -1.494699 1.527979 -0.039725
v -1.498677 1.534337 -0.039725
v -1.728580 1.355973 0.084060
v -1.733378 1.361737 0.084060
v -1.494699 1.527979 0.084060
v -1.498677 1.534337 0.084060
v -1.294557 1.633127 -0.039725
v -1.297607 1.639979 -0.039725
v -1.294557 1.633127 0.084060
v -1.297607 1.639979 0.084060
v -1.074558 1.714463 -0.039725
v -1.076682 1.721657 -0.039725
v -1.074558 1.714463 0.084060
v -1.076682 1.721657 0.084060
v -0.812047 1.773153 -0.039725
v -0.812689 1.780625 -0.039725
v -0.812047 1.773153 0.084060
v -0.812689 1.780625 0.084060
v -0.542241 1.760052 -0.039725
v -0.541483 1.767514 -0.039725
v -0.542241 1.760052 0.084060
v -0.541483 1.767514 0.084060
v -0.255865 1.715516 -0.039725
v -0.254365 1.722864 -0.039725
v -0.255865 1.715516 0.084060
v -0.254365 1.722864 0.084060
v 0.147613 1.604582 -0.039725
v 0.151267 1.611132 -0.039725
v 0.147612 1.604583 0.084060
v 0.151268 1.611131 0.084060
v 0.185333 1.553649 0.018498
v 0.191337 1.558143 0.018498
v 0.185333 1.553649 0.025838
v 0.191337 1.558143 0.025838
v 0.147611 1.604583 -0.039725
v 0.151269 1.611131 -0.039725
v 0.576183 1.813128 0.074979
v 0.576927 1.818928 0.079675
v 0.301983 1.848245 0.074979
v 0.302727 1.854045 0.079675
v 0.549120 1.792167 0.105122
v 0.549864 1.797967 0.109818
v 0.322944 1.821183 0.105122
v 0.323688 1.826983 0.109818
v 0.301983 1.848244 -0.030645
v 0.302727 1.854046 -0.035339
v 0.549121 1.792167 -0.060785
v 0.549863 1.797966 -0.065483
v 0.322944 1.821183 -0.060786
v 0.323688 1.826983 -0.065482
v 0.576184 1.813128 -0.030643
v 0.576926 1.818928 -0.035341
v -0.324023 -1.006625 0.066739
v -0.328943 -1.006027 0.072367
v -0.317297 -0.777136 0.022065
v -0.324741 -0.776230 0.022065
v -0.344932 -1.004057 0.022065
v -0.352376 -1.003151 0.022065
v -0.324022 -1.006624 -0.022609
v -0.328942 -1.006027 -0.028237
v -0.296322 -0.779711 0.066880
v -0.301242 -0.779114 0.072508
v -0.296322 -0.779712 -0.022750
v -0.301242 -0.779114 -0.028378
v -0.245097 -0.786002 -0.041542
v -0.245099 -0.786008 -0.049042
v -0.272956 -1.012896 -0.041343
v -0.272958 -1.012902 -0.048843
v -0.245098 -0.786002 0.085672
v -0.245098 -0.786008 0.093172
v -0.272957 -1.012896 0.085473
v -0.272957 -1.012902 0.092973
v -0.221891 -1.019166 0.066739
v -0.216973 -1.019776 0.072367
v -0.193875 -0.792292 0.066880
v -0.188957 -0.792902 0.072508
v -0.172900 -0.794865 0.022065
v -0.165456 -0.795787 0.022065
v -0.200984 -1.021732 0.022065
v -0.193540 -1.022654 0.022065
v -0.221891 -1.019166 -0.022609
v -0.216973 -1.019777 -0.028237
v -0.193873 -0.792292 -0.022750
v -0.188955 -0.792902 -0.028378
v -0.245098 -0.786002 -0.041542
v -0.245098 -0.786008 -0.049042
v -0.272957 -1.012896 -0.041343
v -0.272957 -1.012902 -0.048843
v 0.810343 1.510117 -0.030178
v 0.814261 1.513151 -0.035807
v 0.547533 1.793550 -0.060320
v 0.551451 1.796584 -0.065949
v 0.574596 1.814511 -0.030178
v 0.578514 1.817545 -0.035807
v 0.783281 1.489157 -0.060320
v 0.787199 1.492191 -0.065949
v 0.810343 1.510116 0.074513
v 0.814261 1.513152 0.080141
v 0.574596 1.814510 0.074513
v 0.578514 1.817546 0.080141
v 0.547533 1.793549 0.104656
v 0.551451 1.796584 0.110284
v 0.783281 1.489156 0.104656
v 0.787199 1.492192 0.110284
v -0.193401 -0.790643 -0.023054
v -0.189427 -0.794551 -0.028073
v -0.137187 -0.744040 0.022065
v -0.131082 -0.748396 0.022065
v -0.172230 -0.793148 0.022065
v -0.166125 -0.797504 0.022065
v -0.193402 -0.790643 0.067185
v -0.189430 -0.794551 0.072204
v -0.166729 -0.740506 -0.040985
v -0.162757 -0.744414 -0.046004
v -0.238441 -0.731781 -0.067268
v -0.238833 -0.734993 -0.074034
v -0.244902 -0.784399 -0.041909
v -0.245294 -0.787611 -0.048675
v -0.166729 -0.740506 0.085117
v -0.162757 -0.744414 0.090136
v -0.238440 -0.731781 0.111399
v -0.238834 -0.734993 0.118165
v -0.244901 -0.784399 0.086039
v -0.245295 -0.787611 0.092805
v -0.296382 -0.777997 0.067185
v -0.301182 -0.780829 0.072204
v -0.310133 -0.722898 0.085117
v -0.314933 -0.725730 0.090135
v -0.339652 -0.719180 0.022065
v -0.346630 -0.721930 0.022065
v -0.317530 -0.775308 0.022065
v -0.324508 -0.778058 0.022065
v -0.296382 -0.777997 -0.023055
v -0.301182 -0.780829 -0.028073
v -0.310133 -0.722898 -0.040986
v -0.314933 -0.725730 -0.046004
v -0.238439 -0.731781 -0.067268
v -0.238835 -0.734993 -0.074034
v -0.244900 -0.784399 -0.041909
v -0.245296 -0.787611 -0.048675
v -0.112487 1.871310 -0.015273
v -0.117697 1.876704 -0.015273
v -0.164195 1.821359 -0.015273
v -0.169405 1.826753 -0.015273
v -0.112487 1.871310 0.059608
v -0.117697 1.876704 0.059608
v -0.164195 1.821359 0.059608
v -0.169405 1.826753 0.059608
v -0.310070 -0.724591 0.084812
v -0.314996 -0.724037 0.090440
v -0.324415 -0.591181 0.022065
v -0.331865 -0.590319 0.022065
v -0.339416 -0.720986 0.022065
v -0.346866 -0.720124 0.022065
v -0.310070 -0.724591 -0.040681
v -0.314996 -0.724037 -0.046309
v -0.294799 -0.594820 0.085391
v -0.299725 -0.594266 0.091019
v -0.294799 -0.594820 -0.041261
v -0.299725 -0.594266 -0.046889
v -0.222710 -0.603672 -0.067721
v -0.222716 -0.603718 -0.075221
v -0.238634 -0.733364 -0.066901
v -0.238640 -0.733410 -0.074401
v -0.222710 -0.603672 0.111851
v -0.222716 -0.603718 0.119351
v -0.238634 -0.733364 0.111032
v -0.238640 -0.733410 0.118532
v -0.167200 -0.742133 0.084812
v -0.162286 -0.742787 0.090440
v -0.150622 -0.612522 0.085391
v -0.145708 -0.613176 0.091019
v -0.121005 -0.616156 0.022065
v -0.113567 -0.617123 0.022065
v -0.137854 -0.745735 0.022065
v -0.130416 -0.746702 0.022065
v -0.167200 -0.742133 -0.040681
v -0.162286 -0.742787 -0.046309
v -0.150622 -0.612522 -0.041261
v -0.145708 -0.613176 -0.046889
v -0.222711 -0.603672 -0.067721
v -0.222715 -0.603718 -0.075221
v -0.238635 -0.733364 -0.066901
v -0.238639 -0.733410 -0.074401
v 0.114079 1.457848 0.077327
v 0.120009 1.462440 0.077327
v 0.379812 1.114737 -0.032992
v 0.385742 1.119329 -0.032992
v 0.114079 1.457848 -0.032992
v 0.120009 1.462440 -0.032992
v 0.379812 1.114737 0.077327
v 0.385742 1.119329 0.077327
v 0.808583 1.512119 0.077327
v 0.816021 1.511149 0.077327
v 0.772958 1.238803 0.077327
v 0.780396 1.237833 0.077327
v 0.808583 1.512119 -0.032992
v 0.816021 1.511149 -0.032992
v 0.772958 1.238803 -0.032992
v 0.780396 1.237833 -0.032992
v 0.304651 1.848180 -0.032992
v 0.300059 1.854110 -0.032992
v 0.001587 1.613463 -0.032992
v -0.003005 1.619393 -0.032992
v 0.001587 1.613462 0.077327
v -0.003005 1.619392 0.077327
v 0.304651 1.848180 0.077327
v 0.300059 1.854110 0.077327
v 0.503530 0.905217 0.103720
v 0.503530 0.905217 0.111220
v 0.326599 0.930771 0.104620
v 0.322255 0.932985 0.110319
v 0.404485 0.828508 0.103720
v 0.404485 0.828508 0.111220
v 0.424000 1.006207 0.104620
v 0.422944 1.010967 0.110319
v 0.501571 0.903699 0.104656
v 0.505489 0.906735 0.110284
v 0.449865 1.026074 0.076078
v 0.451205 1.033018 0.078576
v 0.528633 0.924659 0.074513
v 0.532551 0.927695 0.080141
v 0.527627 0.923881 -0.032992
v 0.533557 0.928473 -0.032992
v 0.527627 0.923881 0.077327
v 0.533557 0.928473 0.077327
v 0.449865 1.026075 -0.031742
v 0.451205 1.033017 -0.034242
v 0.501571 0.903700 -0.060320
v 0.505489 0.906734 -0.065948
v 0.424001 1.006207 -0.060285
v 0.422943 1.010967 -0.065984
v 0.528633 0.924660 -0.030178
v 0.532551 0.927694 -0.035806
v 0.055038 1.458089 0.028234
v 0.048246 1.461269 0.028234
v 0.190493 1.552830 0.018498
v 0.186177 1.558963 0.018498
v 0.055038 1.458089 0.016101
v 0.048246 1.461269 0.016101
v 0.190493 1.552830 0.025838
v 0.186177 1.558963 0.025838
v 0.752819 1.265759 0.105122
v 0.758617 1.265001 0.109818
v 0.809403 1.512013 0.074979
v 0.815201 1.511255 0.079675
v 0.782341 1.491053 0.105122
v 0.788139 1.490295 0.109818
v 0.773778 1.238697 0.074979
v 0.779576 1.237939 0.079675
v 0.809402 1.512013 -0.030646
v 0.815202 1.511255 -0.035339
v 0.752819 1.265759 -0.060786
v 0.758617 1.265001 -0.065482
v 0.782341 1.491053 -0.060786
v 0.788139 1.490295 -0.065482
v 0.773778 1.238697 -0.030644
v 0.779576 1.237939 -0.035340
v 0.380818 1.115515 -0.030178
v 0.384736 1.118551 -0.035806
v 0.088023 1.437665 -0.060320
v 0.091941 1.440701 -0.065948
v 0.115085 1.458627 -0.030178
v 0.119003 1.461662 -0.035806
v 0.353757 1.094556 -0.060320
v 0.357675 1.097592 -0.065948
v 0.380818 1.115515 0.074513
v 0.384736 1.118551 0.080141
v 0.115085 1.458627 0.074513
v 0.119003 1.461662 0.080141
v 0.088023 1.437665 0.104656
v 0.091941 1.440701 0.110284
v 0.353757 1.094556 0.104656
v 0.357675 1.097592 0.110284
v 0.526873 0.926656 0.077327
v 0.534311 0.925698 0.077327
v 0.491640 0.653352 0.077327
v 0.499078 0.652394 0.077327
v 0.526873 0.926656 -0.032992
v 0.534311 0.925698 -0.032992
v 0.491640 0.653352 -0.032992
v 0.499078 0.652394 -0.032992
v 0.021768 1.587406 0.104656
v 0.018732 1.591324 0.110284
v 0.324834 1.822124 0.104656
v 0.321799 1.826042 0.110284
v 0.303872 1.849186 0.074513
v 0.300837 1.853104 0.080141
v 0.000809 1.614468 0.074513
v -0.002227 1.618386 0.080141
v 0.021767 1.587406 -0.060320
v 0.018733 1.591324 -0.065949
v 0.303872 1.849186 -0.030178
v 0.300838 1.853104 -0.035807
v 0.324833 1.822124 -0.060320
v 0.321799 1.826042 -0.065949
v 0.000808 1.614469 -0.030178
v -0.002226 1.618387 -0.035807
v -0.669181 -1.598861 -0.026635
v -0.672311 -1.592045 -0.026635
v -0.669181 -1.598861 0.070765
v -0.672311 -1.592045 0.070765
v -0.622584 -1.529173 -0.026635
v -0.630028 -1.528259 -0.026635
v -0.837645 -1.578739 -0.026635
v -0.836731 -1.571295 -0.026635
v -0.837645 -1.578739 0.070765
v -0.836731 -1.571295 0.070765
v -0.622584 -1.529173 0.070765
v -0.630028 -1.528259 0.070765
v -0.650937 -1.450281 -0.026635
v -0.655623 -1.456137 -0.026635
v -0.650937 -1.450281 0.070765
v -0.655623 -1.456137 0.070765
v -0.849370 -1.425354 0.070765
v -0.850284 -1.432798 0.070765
v -0.849370 -1.425354 -0.026635
v -0.850284 -1.432798 -0.026635
v 0.527691 0.926552 -0.030646
v 0.533493 0.925802 -0.035338
v 0.471501 0.680309 -0.060784
v 0.477297 0.679561 -0.065484
v 0.500630 0.905591 -0.060786
v 0.506430 0.904843 -0.065482
v 0.492459 0.653247 -0.030644
v 0.498259 0.652499 -0.035340
v 0.471499 0.680309 0.105122
v 0.477299 0.679561 0.109818
v 0.527691 0.926552 0.074981
v 0.533493 0.925802 0.079673
v 0.500630 0.905591 0.105122
v 0.506430 0.904843 0.109818
v 0.492459 0.653247 0.074979
v 0.498259 0.652499 0.079675
v -1.004868 -1.987589 -0.026635
v -1.012312 -1.986675 -0.026635
v -1.004868 -1.987589 0.070765
v -1.012312 -1.986675 0.070765
v -0.987402 -1.845347 -0.026635
v -0.994846 -1.844433 -0.026635
v -0.987402 -1.845347 0.070765
v -0.994846 -1.844433 0.070765
v -0.846105 -1.429533 -0.026635
v -0.853549 -1.428619 -0.026635
v -0.846105 -1.429533 0.070765
v -0.853549 -1.428619 0.070765
v -0.828640 -1.287292 -0.026635
v -0.836084 -1.286378 -0.026635
v -0.828640 -1.287292 0.070765
v -0.836084 -1.286378 0.070765
v -0.850931 -1.717717 0.070765
v -0.858375 -1.716803 0.070765
v -0.833466 -1.575474 -0.026635
v -0.840910 -1.574560 -0.026635
v -0.850931 -1.717717 -0.026635
v -0.858375 -1.716803 -0.026635
v -0.833466 -1.575474 0.070765
v -0.840910 -1.574560 0.070765
v -0.482850 1.915529 0.055898
v -0.483052 1.916601 0.063318
v -0.291875 1.863019 0.055898
v -0.292077 1.864091 0.063318
v -0.281057 1.896543 0.055898
v -0.281259 1.897613 0.063318
v -0.541761 1.763247 0.080350
v -0.541963 1.764319 0.087770
v -0.723793 1.918303 0.055898
v -0.723995 1.919375 0.063318
v -0.255014 1.718654 0.080350
v -0.255216 1.719726 0.087770
v -0.166699 1.823520 0.055898
v -0.166901 1.824592 0.063318
v -0.812267 1.776353 0.080350
v -0.812469 1.777425 0.087770
v 0.011484 1.651080 0.080350
v 0.011282 1.652152 0.087770
v -0.114991 1.873471 0.055898
v -0.115193 1.874543 0.063318
v 0.193951 1.791305 0.055897
v 0.193749 1.792373 0.063318
v 0.149541 1.607322 0.080350
v 0.149339 1.608392 0.087770
v 0.341897 1.684399 0.055898
v 0.341695 1.685470 0.063318
v 0.188436 1.555359 0.022128
v 0.188234 1.556433 0.029548
v -1.111362 1.807716 0.055898
v -1.111564 1.808788 0.063318
v -1.149752 1.855326 0.055898
v -1.149954 1.856396 0.063318
v -1.075519 1.717523 0.080350
v -1.075721 1.718597 0.087770
v -1.177644 1.781002 0.055898
v -1.177846 1.782074 0.063318
v -1.295981 1.636017 0.080350
v -1.296183 1.637089 0.087770
v -1.215547 1.832572 0.055898
v -1.215749 1.833644 0.063318
v -1.496586 1.530622 0.080350
v -1.496790 1.531694 0.087770
v -1.588795 1.587520 0.055898
v -1.588999 1.588592 0.063318
v -1.730878 1.358319 0.080350
v -1.731080 1.359391 0.087770
v -1.768456 1.412530 0.055898
v -1.768660 1.413602 0.063318
v -2.034551 1.068532 0.018458
v -2.034755 1.069604 0.025878
v -0.482850 1.915529 -0.011563
v -0.483052 1.916601 -0.018983
v -0.291875 1.863019 -0.011563
v -0.292077 1.864091 -0.018983
v -0.541761 1.763247 -0.036015
v -0.541963 1.764319 -0.043435
v -0.281057 1.896543 -0.011563
v -0.281259 1.897613 -0.018983
v -0.723793 1.918303 -0.011563
v -0.723995 1.919375 -0.018983
v -0.255014 1.718654 -0.036015
v -0.255216 1.719726 -0.043435
v -0.166699 1.823520 -0.011563
v -0.166901 1.824592 -0.018983
v -0.812267 1.776353 -0.036015
v -0.812469 1.777425 -0.043435
v 0.011484 1.651080 -0.036015
v 0.011282 1.652152 -0.043435
v -0.114991 1.873471 -0.011563
v -0.115193 1.874543 -0.018983
v 0.193951 1.791303 -0.011563
v 0.193749 1.792375 -0.018983
v 0.149541 1.607321 -0.036015
v 0.149339 1.608393 -0.043435
v 0.341897 1.684399 -0.011563
v 0.341695 1.685470 -0.018983
v 0.188437 1.555360 0.022208
v 0.188233 1.556432 0.014788
v -1.111362 1.807716 -0.011563
v -1.111564 1.808788 -0.018983
v -1.149752 1.855326 -0.011563
v -1.149954 1.856396 -0.018983
v -1.075519 1.717524 -0.036015
v -1.075722 1.718596 -0.043435
v -1.177644 1.781002 -0.011563
v -1.177846 1.782074 -0.018983
v -1.295981 1.636017 -0.036015
v -1.296183 1.637089 -0.043435
v -1.215547 1.832572 -0.011563
v -1.215749 1.833644 -0.018983
v -1.496587 1.530622 -0.036015
v -1.496789 1.531694 -0.043435
v -1.588796 1.587520 -0.011563
v -1.588998 1.588592 -0.018983
v -1.730877 1.358319 -0.036015
v -1.731081 1.359391 -0.043435
v -1.768456 1.412530 -0.011563
v -1.768660 1.413602 -0.018983
v -2.034551 1.068532 0.025878
v -2.034755 1.069604 0.018458
v 0.660345 1.388523 -0.032992
v 0.655753 1.394453 -0.032992
v -0.266949 0.670349 -0.032992
v -0.271541 0.676279 -0.032992
v -0.266949 0.670349 0.077327
v -0.271541 0.676279 0.077327
v 0.660345 1.388523 0.077327
v 0.655753 1.394453 0.077327
v -0.252818 0.128723 0.022065
v -0.259922 0.126319 0.022065
v -0.196713 0.020917 0.065797
v -0.201575 0.018415 0.070929
v -0.218322 0.124398 0.095788
v -0.223184 0.121896 0.100922
v -0.134586 0.114042 0.126502
v -0.134942 0.111138 0.133408
v -0.217208 0.023521 0.022065
v -0.224312 0.021117 0.022065
v -0.146783 0.014711 0.084087
v -0.147139 0.011807 0.090993
v -0.196713 0.020917 -0.021666
v -0.201575 0.018415 -0.026800
v -0.096833 0.008653 0.065797
v -0.092721 0.005049 0.070929
v -0.218322 0.124398 -0.051657
v -0.223184 0.121896 -0.056791
v -0.134585 0.114042 -0.082371
v -0.134943 0.111138 -0.089277
v -0.146782 0.014711 -0.039957
v -0.147140 0.011807 -0.046863
v -0.050833 0.103834 0.095788
v -0.046721 0.100230 0.100922
v -0.016316 0.099684 0.022065
v -0.010004 0.095632 0.022065
v -0.076319 0.006223 0.022065
v -0.070007 0.002171 0.022065
v -0.096833 0.008653 -0.021667
v -0.092721 0.005049 -0.026799
v -0.050833 0.103834 -0.051657
v -0.046721 0.100230 -0.056791
v -0.134586 0.114042 -0.082371
v -0.134942 0.111138 -0.089277
v -0.146783 0.014711 -0.039957
v -0.147139 0.011807 -0.046863
v -0.246766 0.644293 0.104656
v -0.249802 0.648211 0.110284
v 0.680527 1.362467 0.104656
v 0.677491 1.366385 0.110284
v 0.659567 1.389529 0.074513
v 0.656531 1.393447 0.080141
v -0.267727 0.671355 0.074513
v -0.270763 0.675273 0.080141
v -0.246767 0.644293 -0.060320
v -0.249801 0.648211 -0.065948
v 0.659566 1.389529 -0.030178
v 0.656532 1.393447 -0.035806
v 0.680526 1.362467 -0.060320
v 0.677492 1.366385 -0.065948
v -0.267728 0.671355 -0.030178
v -0.270762 0.675273 -0.035806
v 0.493063 0.655838 0.077327
v 0.497655 0.649908 0.077327
v 0.025029 0.293354 -0.032992
v 0.029621 0.287424 -0.032992
v 0.493063 0.655838 -0.032992
v 0.497655 0.649908 -0.032992
v 0.025029 0.293354 0.077327
v 0.029621 0.287424 0.077327
v 0.025808 0.292348 -0.030178
v 0.028842 0.288430 -0.035806
v 0.472881 0.681894 -0.060320
v 0.475917 0.677976 -0.065948
v 0.493841 0.654832 -0.030178
v 0.496877 0.650914 -0.035806
v 0.004849 0.319410 -0.060320
v 0.007883 0.315492 -0.065948
v 0.025807 0.292348 0.074513
v 0.028843 0.288430 0.080141
v 0.493841 0.654832 0.074513
v 0.496877 0.650914 0.080141
v 0.472881 0.681894 0.104656
v 0.475917 0.677976 0.110284
v 0.004848 0.319410 0.104656
v 0.007884 0.315492 0.110284
v 0.087088 1.439601 0.105122
v 0.092876 1.438765 0.109818
v 0.115025 1.463676 0.074979
v 0.120813 1.462838 0.079675
v 0.094066 1.490738 0.105122
v 0.099854 1.489900 0.109818
v 0.114150 1.460564 0.074979
v 0.119938 1.459724 0.079675
v 0.087088 1.439601 -0.060786
v 0.092876 1.438765 -0.065482
v 0.115025 1.463676 -0.030644
v 0.120813 1.462838 -0.035340
v 0.114150 1.460564 -0.030644
v 0.119938 1.459725 -0.035340
v 0.094066 1.490738 -0.060786
v 0.099854 1.489900 -0.065482
v -0.153002 0.515573 -0.032992
v -0.147072 0.520165 -0.032992
v -0.153002 0.515573 0.077327
v -0.147072 0.520165 0.077327
v -0.096970 0.443224 -0.032992
v -0.091040 0.447816 -0.032992
v -0.096970 0.443224 0.077327
v -0.091040 0.447816 0.077327
v -0.179058 0.495391 -0.060320
v -0.175140 0.498425 -0.065948
v -0.095964 0.444003 -0.030178
v -0.092046 0.447037 -0.035806
v -0.123026 0.423044 -0.060320
v -0.119108 0.426078 -0.065948
v -0.151996 0.516352 -0.030178
v -0.148078 0.519386 -0.035806
v -0.095964 0.444003 0.074513
v -0.092046 0.447038 0.080141
v -0.151996 0.516351 0.074513
v -0.148078 0.519387 0.080141
v -0.179058 0.495391 0.104656
v -0.175140 0.498426 0.110284
v -0.123026 0.423043 0.104656
v -0.119108 0.426078 0.110284
v -0.093504 0.440524 0.077327
v -0.089100 0.446594 0.077327
v -0.093504 0.440524 -0.032992
v -0.089100 0.446594 -0.032992
v -0.096207 0.442485 -0.032992
v -0.091803 0.448555 -0.032992
v -0.096207 0.442485 0.077327
v -0.091803 0.448555 0.077327
v -0.094545 0.442644 -0.030646
v -0.093465 0.448396 -0.035338
v -0.070882 0.413621 -0.060788
v -0.069804 0.419373 -0.065480
v -0.121607 0.421685 -0.060788
v -0.120527 0.427437 -0.065480
v -0.091842 0.440683 -0.030647
v -0.090762 0.446435 -0.035337
v -0.094546 0.442644 0.074982
v -0.093464 0.448396 0.079672
v -0.121607 0.421685 0.105124
v -0.120527 0.427437 0.109816
v -0.070882 0.413621 0.105124
v -0.069804 0.419373 0.109816
v -0.091842 0.440684 0.074981
v -0.090762 0.446434 0.079673
v 0.424001 1.006208 0.104620
v 0.422943 1.010966 0.110320
v 0.300893 0.910700 0.076078
v 0.293835 0.911136 0.078576
v 0.326599 0.930771 0.104620
v 0.322255 0.932985 0.110320
v 0.449863 1.026075 0.076076
v 0.451207 1.033017 0.078578
v 0.449863 1.026075 -0.031743
v 0.451207 1.033017 -0.034241
v 0.300892 0.910700 -0.031741
v 0.293836 0.911136 -0.034243
v 0.424000 1.006207 -0.060284
v 0.422944 1.010967 -0.065984
v 0.326599 0.930771 -0.060284
v 0.322255 0.932985 -0.065984
v -0.154250 0.519219 -0.032992
v -0.146982 0.521069 -0.032992
v -0.153671 0.516944 0.077327
v -0.146403 0.518794 0.077327
v -0.153671 0.516944 -0.032992
v -0.146403 0.518794 -0.032992
v -0.154250 0.519219 0.077327
v -0.146982 0.521069 0.077327
v -0.216641 -0.554245 -0.039660
v -0.216641 -0.554245 -0.047160
v -0.266365 -0.548140 -0.021419
v -0.271285 -0.547536 -0.027047
v -0.196684 0.019364 -0.021419
v -0.201604 0.019968 -0.027047
v -0.146961 0.013259 -0.039660
v -0.146961 0.013259 -0.047160
v -0.217038 0.021862 0.022065
v -0.224482 0.022776 0.022065
v -0.286719 -0.545641 0.022065
v -0.294163 -0.544727 0.022065
v -0.196684 0.019364 0.065549
v -0.201604 0.019968 0.071177
v -0.266365 -0.548140 0.065549
v -0.271285 -0.547536 0.071177
v -0.146961 0.013259 0.083790
v -0.146961 0.013259 0.091290
v -0.216641 -0.554245 0.083790
v -0.216641 -0.554245 0.091290
v -0.166918 -0.560350 0.065549
v -0.161998 -0.560954 0.071177
v -0.097237 0.007153 0.065549
v -0.092317 0.006549 0.071177
v -0.076885 0.004654 0.022065
v -0.069441 0.003740 0.022065
v -0.146565 -0.562850 0.022065
v -0.139121 -0.563764 0.022065
v -0.097237 0.007153 -0.021419
v -0.092317 0.006549 -0.027047
v -0.166918 -0.560350 -0.021419
v -0.161998 -0.560954 -0.027047
v -0.216641 -0.554245 -0.039660
v -0.216641 -0.554245 -0.047160
v -0.146961 0.013259 -0.039660
v -0.146961 0.013259 -0.047160
v -0.300305 0.398882 -0.030644
v -0.306109 0.399600 -0.035340
v -0.245381 0.645893 -0.060787
v -0.251187 0.646611 -0.065481
v -0.273243 0.419841 -0.060786
v -0.279047 0.420559 -0.065482
v -0.266343 0.672955 -0.030644
v -0.272147 0.673673 -0.035340
v -0.245382 0.645893 0.105122
v -0.251186 0.646611 0.109818
v -0.300305 0.398882 0.074979
v -0.306109 0.399600 0.079675
v -0.273243 0.419841 0.105122
v -0.279047 0.420559 0.109818
v -0.266343 0.672955 0.074979
v -0.272147 0.673673 0.079675
v 0.755718 1.265380 -0.059384
v 0.755718 1.265380 -0.066884
v -0.171576 0.547206 -0.059384
v -0.171576 0.547206 -0.066884
v -0.248284 0.646252 -0.059384
v -0.248284 0.646252 -0.066884
v 0.679009 1.364426 -0.059384
v 0.679009 1.364426 -0.066884
v 0.006366 0.317451 -0.059384
v 0.006366 0.317451 -0.066884
v 0.397689 0.778981 -0.059384
v 0.397689 0.778981 -0.066884
v 0.474399 0.679935 -0.059384
v 0.474399 0.679935 -0.066884
v -0.070343 0.416497 -0.059384
v -0.070343 0.416497 -0.066884
v -0.248284 0.646252 0.103720
v -0.248284 0.646252 0.111220
v 0.755718 1.265380 0.103720
v 0.755718 1.265380 0.111220
v 0.679009 1.364426 0.103720
v 0.679009 1.364426 0.111220
v -0.171576 0.547206 0.103720
v -0.171576 0.547206 0.111220
v 0.006366 0.317451 0.103720
v 0.006366 0.317451 0.111220
v 0.397689 0.778981 0.103720
v 0.397689 0.778981 0.111220
v -0.070343 0.416497 0.103720
v -0.070343 0.416497 0.111220
v 0.474399 0.679935 0.103720
v 0.474399 0.679935 0.111220
v 0.096960 1.490319 -0.059384
v 0.096960 1.490319 -0.066884
v 0.323316 1.824083 -0.059384
v 0.323316 1.824083 -0.066884
v 0.400025 1.725038 -0.059384
v 0.400025 1.725038 -0.066884
v 0.020250 1.589365 -0.059384
v 0.020250 1.589365 -0.066884
v 0.096960 1.490319 0.103720
v 0.096960 1.490319 0.111220
v 0.323316 1.824083 0.103720
v 0.323316 1.824083 0.111220
v 0.020250 1.589365 0.103720
v 0.020250 1.589365 0.111220
v 0.400025 1.725038 0.103720
v 0.400025 1.725038 0.111220
v 0.450447 1.718358 -0.059384
v 0.450447 1.718358 -0.066884
v 0.785240 1.490674 -0.059384
v 0.785240 1.490674 -0.066884
v 0.686194 1.413965 -0.059384
v 0.686194 1.413965 -0.066884
v 0.549492 1.795067 -0.059384
v 0.549492 1.795067 -0.066884
v 0.450447 1.718358 0.103720
v 0.450447 1.718358 0.111220
v 0.785240 1.490674 0.103720
v 0.785240 1.490674 0.111220
v 0.549492 1.795067 0.103720
v 0.549492 1.795067 0.111220
v 0.686194 1.413965 0.103720
v 0.686194 1.413965 0.111220
v 0.256669 1.019365 -0.059384
v 0.256669 1.019365 -0.066884
v -0.009063 1.362475 -0.059384
v -0.009063 1.362475 -0.066884
v 0.089982 1.439183 -0.059384
v 0.089982 1.439183 -0.066884
v 0.355716 1.096074 -0.059384
v 0.355716 1.096074 -0.066884
v 0.020250 1.589365 -0.059384
v 0.020250 1.589365 -0.066884
v 0.089982 1.439183 -0.059384
v 0.089982 1.439183 -0.066884
v -0.009063 1.362475 -0.059384
v -0.009063 1.362475 -0.066884
v 0.096960 1.490319 -0.059384
v 0.096960 1.490319 -0.066884
v 0.089982 1.439183 0.103720
v 0.089982 1.439183 0.111220
v 0.256669 1.019365 0.103720
v 0.256669 1.019365 0.111220
v 0.355716 1.096074 0.103720
v 0.355716 1.096074 0.111220
v -0.009063 1.362475 0.103720
v -0.009063 1.362475 0.111220
v -0.276145 0.420200 -0.059384
v -0.276145 0.420200 -0.066884
v -0.177099 0.496908 -0.059384
v -0.177099 0.496908 -0.066884
v -0.220112 0.347851 -0.059384
v -0.220112 0.347851 -0.066884
v -0.121067 0.424561 -0.059384
v -0.121067 0.424561 -0.066884
v -0.276145 0.420200 -0.059384
v -0.276145 0.420200 -0.066884
v -0.171576 0.547206 -0.059384
v -0.171576 0.547206 -0.066884
v -0.177099 0.496908 -0.059384
v -0.177099 0.496908 -0.066884
v -0.248284 0.646252 -0.059384
v -0.248284 0.646252 -0.066884
v -0.177099 0.496908 0.103720
v -0.177099 0.496908 0.111220
v -0.220112 0.347851 0.103720
v -0.220112 0.347851 0.111220
v -0.121067 0.424561 0.103720
v -0.121067 0.424561 0.111220
v -0.276145 0.420200 0.103720
v -0.276145 0.420200 0.111220
v -0.220112 0.347851 0.103720
v -0.220112 0.347851 0.111220
v -0.070343 0.416497 0.103720
v -0.070343 0.416497 0.111220
v -0.121067 0.424561 0.103720
v -0.121067 0.424561 0.111220
v 0.006366 0.317451 0.103720
v 0.006366 0.317451 0.111220
v -0.171576 0.547206 0.103720
v -0.171576 0.547206 0.111220
v -0.276145 0.420200 0.103720
v -0.276145 0.420200 0.111220
v -0.177099 0.496908 0.103720
v -0.177099 0.496908 0.111220
v -0.248284 0.646252 0.103720
v -0.248284 0.646252 0.111220
v -0.220112 0.347851 -0.059384
v -0.220112 0.347851 -0.066884
v -0.070343 0.416497 -0.059384
v -0.070343 0.416497 -0.066884
v 0.006366 0.317451 -0.059384
v 0.006366 0.317451 -0.066884
v -0.121067 0.424561 -0.059384
v -0.121067 0.424561 -0.066884
v 0.503530 0.905217 -0.059384
v 0.503530 0.905217 -0.066884
v 0.474399 0.679935 -0.059384
v 0.474399 0.679935 -0.066884
v 0.404485 0.828508 -0.059384
v 0.404485 0.828508 -0.066884
v 0.397689 0.778981 -0.059384
v 0.397689 0.778981 -0.066884
v 0.474399 0.679935 0.103720
v 0.474399 0.679935 0.111220
v 0.404485 0.828508 0.103720
v 0.404485 0.828508 0.111220
v 0.397689 0.778981 0.103720
v 0.397689 0.778981 0.111220
v 0.503530 0.905217 0.103720
v 0.503530 0.905217 0.111220
v 0.089982 1.439183 0.103720
v 0.089982 1.439183 0.111220
v 0.020250 1.589365 0.103720
v 0.020250 1.589365 0.111220
v -0.009063 1.362475 0.103720
v -0.009063 1.362475 0.111220
v 0.096960 1.490319 0.103720
v 0.096960 1.490319 0.111220
v 0.549492 1.795067 0.103720
v 0.549492 1.795067 0.111220
v 0.400025 1.725038 0.103720
v 0.400025 1.725038 0.111220
v 0.450447 1.718358 0.103720
v 0.450447 1.718358 0.111220
v 0.323316 1.824083 0.103720
v 0.323316 1.824083 0.111220
v 0.400025 1.725038 -0.059384
v 0.400025 1.725038 -0.066884
v 0.549492 1.795067 -0.059384
v 0.549492 1.795067 -0.066884
v 0.450447 1.718358 -0.059384
v 0.450447 1.718358 -0.066884
v 0.323316 1.824083 -0.059384
v 0.323316 1.824083 -0.066884
v 0.755718 1.265380 0.103720
v 0.755718 1.265380 0.111220
v 0.686194 1.413965 0.103720
v 0.686194 1.413965 0.111220
v 0.679009 1.364426 0.103720
v 0.679009 1.364426 0.111220
v 0.785240 1.490674 0.103720
v 0.785240 1.490674 0.111220
v 0.785240 1.490674 -0.059384
v 0.785240 1.490674 -0.066884
v 0.755718 1.265380 -0.059384
v 0.755718 1.265380 -0.066884
v 0.686194 1.413965 -0.059384
v 0.686194 1.413965 -0.066884
v 0.679009 1.364426 -0.059384
v 0.679009 1.364426 -0.066884
v -0.118455 0.245419 -0.086143
v -0.119209 0.239273 -0.090375
v -0.031852 0.234843 -0.054422
v -0.029956 0.228257 -0.057470
v -0.071331 0.208807 -0.022709
v -0.069437 0.202221 -0.025757
v -0.122192 0.214996 -0.041294
v -0.122943 0.208850 -0.045526
v 0.003988 0.230504 0.022065
v 0.007044 0.223654 0.022065
v -0.050297 0.206285 0.022065
v -0.047241 0.199435 0.022065
v -0.071332 0.208807 0.066839
v -0.069436 0.202221 0.069887
v -0.031852 0.234843 0.098552
v -0.029956 0.228257 0.101600
v -0.118455 0.245419 0.130273
v -0.119209 0.239273 0.134505
v -0.122192 0.214995 0.085424
v -0.122946 0.208849 0.089656
v -0.173036 0.221295 0.066839
v -0.176468 0.215363 0.069887
v -0.205044 0.256110 0.098552
v -0.208476 0.250178 0.101600
v -0.240870 0.260568 0.022065
v -0.245492 0.254662 0.022065
v -0.194056 0.223936 0.022065
v -0.198678 0.218030 0.022065
v -0.173036 0.221295 -0.022709
v -0.176468 0.215363 -0.025757
v -0.205045 0.256109 -0.054422
v -0.208477 0.250177 -0.057470
v -0.118454 0.245419 -0.086143
v -0.119210 0.239273 -0.090375
v -0.122190 0.214995 -0.041294
v -0.122946 0.208851 -0.045527
v -1.218670 1.830887 -0.015273
v -1.212626 1.835329 -0.015273
v -1.180767 1.779317 0.059608
v -1.174723 1.783759 0.059608
v -1.180767 1.779317 -0.015273
v -1.174723 1.783759 -0.015273
v -1.218670 1.830887 0.059608
v -1.212626 1.835329 0.059608
v -0.299485 0.398780 0.077327
v -0.306929 0.399702 0.077327
v -0.265523 0.672853 0.077327
v -0.272967 0.673775 0.077327
v -0.299485 0.398780 -0.032992
v -0.306929 0.399702 -0.032992
v -0.265523 0.672853 -0.032992
v -0.272967 0.673775 -0.032992
v -0.180011 0.497182 0.105123
v -0.174187 0.496634 0.109817
v -0.153528 0.520417 0.074980
v -0.147704 0.519871 0.079674
v -0.174488 0.547480 0.105123
v -0.168664 0.546932 0.109817
v -0.152949 0.518142 0.074980
v -0.147125 0.517596 0.079674
v -0.180011 0.497183 -0.060788
v -0.174187 0.496633 -0.065480
v -0.153528 0.520417 -0.030645
v -0.147704 0.519871 -0.035339
v -0.152948 0.518142 -0.030644
v -0.147126 0.517596 -0.035340
v -0.174488 0.547480 -0.060787
v -0.168664 0.546932 -0.065481
v -0.218153 0.349369 0.104656
v -0.222071 0.346333 0.110284
v -0.274186 0.421718 0.104656
v -0.278104 0.418682 0.110284
v -0.301248 0.400759 0.074513
v -0.305166 0.397723 0.080141
v -0.245215 0.328410 0.074513
v -0.249133 0.325374 0.080141
v -0.301248 0.400759 -0.030178
v -0.305166 0.397723 -0.035806
v -0.218153 0.349369 -0.060320
v -0.222071 0.346334 -0.065948
v -0.245215 0.328409 -0.030178
v -0.249133 0.325374 -0.035806
v -0.274186 0.421717 -0.060320
v -0.278104 0.418682 -0.065948
v -0.705676 -1.879939 0.067015
v -0.705676 -1.879939 0.074515
v -0.456437 -2.054928 0.067015
v -0.456437 -2.054928 0.074515
v -0.661236 -1.813202 0.067015
v -0.661236 -1.813202 0.074515
v -1.008590 -1.987132 0.067015
v -1.008590 -1.987132 0.074515
v -0.991124 -1.844890 0.067015
v -0.991124 -1.844890 0.074515
v -0.626306 -1.528716 0.067015
v -0.626306 -1.528716 0.074515
v -0.369111 -1.343715 0.067015
v -0.369111 -1.343715 0.074515
v -0.670746 -1.595453 0.067015
v -0.670746 -1.595453 0.074515
v -0.653280 -1.453209 0.067015
v -0.653280 -1.453209 0.074515
v -0.832362 -1.286835 0.067015
v -0.832362 -1.286835 0.074515
v -0.849827 -1.429076 0.067015
v -0.849827 -1.429076 0.074515
v -0.688211 -1.737696 0.067015
v -0.688211 -1.737696 0.074515
v -0.854653 -1.717260 0.067015
v -0.854653 -1.717260 0.074515
v -0.837188 -1.575017 0.067015
v -0.837188 -1.575017 0.074515
v -0.991124 -1.844890 -0.022885
v -0.991124 -1.844890 -0.030385
v -0.705676 -1.879939 -0.022885
v -0.705676 -1.879939 -0.030385
v -1.008590 -1.987132 -0.022885
v -1.008590 -1.987132 -0.030385
v -0.456437 -2.054928 -0.022885
v -0.456437 -2.054928 -0.030385
v -0.661236 -1.813202 -0.022885
v -0.661236 -1.813202 -0.030385
v -0.626306 -1.528716 -0.022885
v -0.626306 -1.528716 -0.030385
v -0.369111 -1.343715 -0.022885
v -0.369111 -1.343715 -0.030385
v -0.670746 -1.595453 -0.022885
v -0.670746 -1.595453 -0.030385
v -0.653280 -1.453209 -0.022885
v -0.653280 -1.453209 -0.030385
v -0.832362 -1.286835 -0.022885
v -0.832362 -1.286835 -0.030385
v -0.849827 -1.429076 -0.022885
v -0.849827 -1.429076 -0.030385
v -0.688211 -1.737696 -0.022885
v -0.688211 -1.737696 -0.030385
v -0.837188 -1.575017 -0.022885
v -0.837188 -1.575017 -0.030385
v -0.854653 -1.717260 -0.022885
v -0.854653 -1.717260 -0.030385
v -0.246787 0.329790 0.074979
v -0.247561 0.323994 0.079675
v 0.027712 0.293287 0.074979
v 0.026938 0.287491 0.079675
v -0.219725 0.350749 0.105122
v -0.220499 0.344953 0.109818
v 0.006753 0.320349 0.105122
v 0.005979 0.314553 0.109818
v 0.027712 0.293287 -0.030644
v 0.026938 0.287491 -0.035340
v -0.219725 0.350749 -0.060786
v -0.220499 0.344953 -0.065482
v 0.006753 0.320349 -0.060786
v 0.005979 0.314553 -0.065482
v -0.246787 0.329790 -0.030644
v -0.247561 0.323994 -0.035340
v -0.068825 0.414538 0.104656
v -0.071861 0.418456 0.110284
v 0.399207 0.777022 0.104656
v 0.396171 0.780940 0.110284
v 0.378249 0.804083 0.074513
v 0.375213 0.808001 0.080141
v -0.089784 0.441600 0.074513
v -0.092820 0.445518 0.080141
v -0.068825 0.414538 -0.060320
v -0.071861 0.418456 -0.065948
v 0.378249 0.804083 -0.030178
v 0.375213 0.808001 -0.035806
v 0.399207 0.777022 -0.060320
v 0.396171 0.780940 -0.065948
v -0.089784 0.441600 -0.030178
v -0.092820 0.445518 -0.035806
v -0.187147 0.362773 0.022065
v -0.186233 0.370217 0.022065
v -0.105280 0.352721 -0.050568
v -0.104366 0.360165 -0.050568
v -0.163169 0.359829 -0.029295
v -0.162255 0.367273 -0.029295
v -0.163169 0.359829 0.073425
v -0.162255 0.367273 0.073425
v -0.047392 0.345614 0.073425
v -0.046478 0.353058 0.073425
v -0.105280 0.352721 0.094699
v -0.104366 0.360165 0.094699
v -0.023413 0.342669 0.022065
v -0.022499 0.350113 0.022065
v -0.047391 0.345614 -0.029294
v -0.046477 0.353058 -0.029294
v 0.114309 1.464272 -0.032992
v 0.121529 1.462242 -0.032992
v 0.113434 1.461159 0.077327
v 0.120654 1.459129 0.077327
v 0.113434 1.461159 -0.032992
v 0.120654 1.459129 -0.032992
v 0.114309 1.464272 0.077327
v 0.121529 1.462242 0.077327
v -0.244209 0.329188 -0.032992
v -0.250139 0.324596 -0.032992
v -0.244209 0.329188 0.077327
v -0.250139 0.324596 0.077327
v -0.300242 0.401537 -0.032992
v -0.306172 0.396945 -0.032992
v -0.300242 0.401537 0.077327
v -0.306172 0.396945 0.077327
v 0.027819 0.294106 -0.032992
v 0.026831 0.286672 -0.032992
v -0.246680 0.330609 0.077327
v -0.247668 0.323175 0.077327
v -0.246680 0.330609 -0.032992
v -0.247668 0.323175 -0.032992
v 0.027819 0.294106 0.077327
v 0.026831 0.286672 0.077327
v 0.379027 0.803077 -0.032992
v 0.374435 0.809007 -0.032992
v -0.089006 0.440594 -0.032992
v -0.093598 0.446524 -0.032992
v -0.089006 0.440594 0.077327
v -0.093598 0.446524 0.077327
v 0.379027 0.803077 0.077327
v 0.374435 0.809007 0.077327
v -0.033227 1.341141 -0.030644
v -0.039027 1.341889 -0.035340
v 0.023150 1.588991 -0.060786
v 0.017350 1.589739 -0.065482
v -0.006163 1.362101 -0.060786
v -0.011963 1.362849 -0.065482
v 0.002191 1.616054 -0.030644
v -0.003609 1.616802 -0.035340
v 0.023148 1.588992 0.105120
v 0.017352 1.589738 0.109820
v -0.033226 1.341140 0.074981
v -0.039028 1.341890 0.079673
v -0.006161 1.362100 0.105124
v -0.011965 1.362850 0.109815
v 0.002191 1.616053 0.074979
v -0.003609 1.616801 0.079675
v -0.152133 0.522103 -0.030178
v -0.149099 0.518185 -0.035806
v 0.754201 1.267339 -0.060320
v 0.757235 1.263421 -0.065948
v 0.775160 1.240277 -0.030178
v 0.778194 1.236359 -0.035806
v -0.173093 0.549165 -0.060320
v -0.170059 0.545247 -0.065948
v -0.152134 0.522103 0.074513
v -0.149098 0.518185 0.080141
v 0.775159 1.240277 0.074513
v 0.778195 1.236359 0.080141
v 0.754200 1.267339 0.104656
v 0.757236 1.263421 0.110284
v -0.173094 0.549165 0.104656
v -0.170058 0.545247 0.110284
v 0.001868 0.226209 0.022065
v 0.009164 0.227949 0.022065
v -0.049408 0.348398 0.070767
v -0.044462 0.350274 0.076083
v -0.033377 0.230612 0.097418
v -0.028431 0.232488 0.102734
v -0.118974 0.241186 0.128826
v -0.118690 0.243506 0.135952
v -0.026604 0.345521 0.022065
v -0.019308 0.347261 0.022065
v -0.104965 0.355283 0.091136
v -0.104681 0.357603 0.098262
v -0.049408 0.348398 -0.026636
v -0.044460 0.350274 -0.031952
v -0.160539 0.362042 0.070767
v -0.164885 0.365060 0.076083
v -0.033377 0.230612 -0.053288
v -0.028431 0.232488 -0.058604
v -0.118975 0.241187 -0.084696
v -0.118689 0.243505 -0.091822
v -0.104966 0.355283 -0.047005
v -0.104680 0.357602 -0.054131
v -0.204587 0.251635 0.097418
v -0.208933 0.254653 0.102734
v -0.239852 0.255888 0.022065
v -0.246510 0.259342 0.022065
v -0.183361 0.364768 0.022065
v -0.190019 0.368222 0.022065
v -0.160539 0.362042 -0.026637
v -0.164885 0.365060 -0.031953
v -0.204588 0.251634 -0.053288
v -0.208934 0.254652 -0.058604
v -0.118974 0.241187 -0.084696
v -0.118690 0.243505 -0.091822
v -0.104965 0.355284 -0.047005
v -0.104681 0.357602 -0.054131
v -0.032408 1.341036 0.077327
v -0.039846 1.341994 0.077327
v 0.003010 1.615948 0.077327
v -0.004428 1.616906 0.077327
v -0.032408 1.341036 -0.032992
v -0.039846 1.341994 -0.032992
v 0.003010 1.615949 -0.032992
v -0.004428 1.616907 -0.032992
v -0.152912 0.523109 -0.032992
v -0.148320 0.517179 -0.032992
v 0.774381 1.241283 -0.032992
v 0.778973 1.235353 -0.032992
v 0.774381 1.241283 0.077327
v 0.778973 1.235353 0.077327
v -0.152912 0.523109 0.077327
v -0.148320 0.517179 0.077327
v 0.661102 1.389310 -0.032992
v 0.654996 1.393666 -0.032992
v 0.662185 1.390828 0.077327
v 0.656079 1.395184 0.077327
v 0.662185 1.390828 -0.032992
v 0.656079 1.395184 -0.032992
v 0.661102 1.389310 0.077327
v 0.654996 1.393666 0.077327
v -0.072815 0.204263 -0.021667
v -0.067953 0.206765 -0.026800
v -0.016712 0.096456 0.022065
v -0.009608 0.098860 0.022065
v -0.051208 0.100781 -0.051657
v -0.046346 0.103283 -0.056791
v -0.134943 0.111138 -0.082371
v -0.134585 0.114042 -0.089277
v -0.122747 0.210471 -0.039957
v -0.122389 0.213375 -0.046863
v -0.052321 0.201658 0.022065
v -0.045217 0.204062 0.022065
v -0.072815 0.204263 0.065797
v -0.067953 0.206765 0.070929
v -0.051208 0.100781 0.095788
v -0.046346 0.103283 0.100922
v -0.134942 0.111138 0.126502
v -0.134586 0.114042 0.133408
v -0.122747 0.210470 0.084087
v -0.122391 0.213374 0.090993
v -0.172696 0.216527 0.065796
v -0.176808 0.220131 0.070929
v -0.218697 0.121345 0.095788
v -0.222809 0.124949 0.100922
v -0.253214 0.125495 0.022065
v -0.259526 0.129547 0.022065
v -0.193211 0.218957 0.022065
v -0.199523 0.223009 0.022065
v -0.172696 0.216527 -0.021667
v -0.176808 0.220131 -0.026800
v -0.218697 0.121345 -0.051657
v -0.222809 0.124949 -0.056791
v -0.134942 0.111138 -0.082371
v -0.134586 0.114042 -0.089277
v -0.122746 0.210471 -0.039957
v -0.122390 0.213375 -0.046863
v -1.108544 1.810606 -0.015273
v -1.114382 1.805898 -0.015273
v -1.146934 1.858215 0.059608
v -1.152772 1.853507 0.059608
v -1.146934 1.858215 -0.015273
v -1.152772 1.853507 -0.015273
v -1.108544 1.810606 0.059608
v -1.114382 1.805898 0.059608
v 0.254373 1.022330 0.107470
v 0.258965 1.016400 0.107470
v 0.380481 1.119998 0.077327
v 0.385073 1.114068 0.077327
v 0.353420 1.099039 0.107470
v 0.358012 1.093109 0.107470
v 0.227312 1.001370 0.077327
v 0.231904 0.995440 0.077327
v 0.227312 1.001370 -0.032992
v 0.231904 0.995440 -0.032992
v 0.380481 1.119998 -0.032992
v 0.385073 1.114068 -0.032992
v 0.254373 1.022330 -0.063134
v 0.258965 1.016400 -0.063134
v 0.353420 1.099039 -0.063134
v 0.358012 1.093109 -0.063134
v 0.380139 0.804478 -0.032992
v 0.373323 0.807606 -0.032992
v 0.380830 0.805984 0.077327
v 0.374014 0.809112 0.077327
v 0.380830 0.805984 -0.032992
v 0.374014 0.809112 -0.032992
v 0.380139 0.804478 0.077327
v 0.373323 0.807606 0.077327
v 0.072895 1.261469 0.022604
v 0.065425 1.260809 0.022604
v 0.055039 1.458090 0.016101
v 0.048245 1.461268 0.016101
v 0.072895 1.261469 0.021731
v 0.065425 1.260809 0.021731
v 0.055039 1.458090 0.028234
v 0.048245 1.461268 0.028234
v -0.119557 1.396583 0.025308
v -0.119183 1.394397 0.018144
v -0.255302 1.720283 -0.036143
v -0.254928 1.718097 -0.043307
v 0.011196 1.652709 -0.036143
v 0.011570 1.650523 -0.043307
v -0.571734 1.531572 0.025750
v -0.571360 1.529385 0.018586
v 0.051454 1.460772 0.019683
v 0.051830 1.458586 0.012519
v 0.068973 1.262232 0.025313
v 0.069347 1.260046 0.018149
v 0.149252 1.608951 -0.036143
v 0.149628 1.606763 -0.043307
v 0.188148 1.556990 0.022080
v 0.188522 1.554802 0.014916
v -0.542049 1.764877 -0.036143
v -0.541675 1.762689 -0.043307
v -0.812555 1.777983 -0.036143
v -0.812181 1.775795 -0.043307
v -0.822729 1.550690 0.025750
v -0.822355 1.548502 0.018586
v -1.075808 1.719154 -0.036143
v -1.075432 1.716966 -0.043307
v -1.296270 1.637647 -0.036143
v -1.295894 1.635459 -0.043307
v -1.348103 1.451503 0.025750
v -1.347727 1.449315 0.018586
v -1.496876 1.532252 -0.036143
v -1.496500 1.530064 -0.043307
v -1.644189 1.333095 0.025750
v -1.643813 1.330907 0.018586
v -1.731167 1.359949 -0.036143
v -1.730791 1.357761 -0.043307
v -2.034841 1.070162 0.025750
v -2.034465 1.067974 0.018586
v -0.542049 1.764877 0.080478
v -0.541675 1.762689 0.087642
v -0.571734 1.531572 0.018586
v -0.571360 1.529385 0.025750
v -0.255302 1.720283 0.080478
v -0.254928 1.718097 0.087642
v -0.812555 1.777983 0.080478
v -0.812180 1.775795 0.087642
v -0.822729 1.550690 0.018586
v -0.822355 1.548502 0.025750
v -0.119557 1.396583 0.019027
v -0.119183 1.394397 0.026191
v -1.075808 1.719154 0.080478
v -1.075432 1.716966 0.087642
v -1.296270 1.637647 0.080478
v -1.295894 1.635459 0.087642
v -1.348103 1.451503 0.018586
v -1.347727 1.449315 0.025750
v -1.496876 1.532252 0.080478
v -1.496500 1.530064 0.087642
v -1.644189 1.333095 0.018586
v -1.643813 1.330907 0.025750
v -1.731167 1.359949 0.080478
v -1.730791 1.357761 0.087642
v -2.034841 1.070162 0.018586
v -2.034465 1.067974 0.025750
v 0.011196 1.652710 0.080478
v 0.011570 1.650522 0.087642
v 0.051454 1.460772 0.024652
v 0.051830 1.458586 0.031816
v 0.068973 1.262232 0.019022
v 0.069347 1.260046 0.026186
v 0.149252 1.608951 0.080478
v 0.149628 1.606763 0.087642
v 0.188147 1.556989 0.022256
v 0.188523 1.554803 0.029420
v 0.407378 0.828084 -0.060786
v 0.401592 0.828932 -0.065482
v 0.379624 0.805617 -0.030644
v 0.373838 0.806467 -0.035340
v 0.380315 0.807123 -0.030644
v 0.374529 0.807973 -0.035340
v 0.400582 0.778556 -0.060786
v 0.394796 0.779406 -0.065482
v 0.407378 0.828086 0.105121
v 0.401592 0.828930 0.109819
v 0.379624 0.805617 0.074979
v 0.373838 0.806467 0.079675
v 0.400582 0.778557 0.105122
v 0.394796 0.779405 0.109818
v 0.380315 0.807123 0.074979
v 0.374529 0.807973 0.079675
v 0.419466 1.699935 0.074513
v 0.422502 1.696017 0.080141
v 0.095442 1.492278 0.104656
v 0.098478 1.488360 0.110284
v 0.116401 1.465216 0.074513
v 0.119437 1.461298 0.080141
v 0.398507 1.726997 0.104656
v 0.401543 1.723079 0.110284
v 0.419466 1.699935 -0.030178
v 0.422502 1.696017 -0.035806
v 0.116401 1.465216 -0.030178
v 0.119437 1.461298 -0.035806
v 0.095442 1.492278 -0.060320
v 0.098478 1.488360 -0.065948
v 0.398508 1.726997 -0.060320
v 0.401543 1.723079 -0.065948
v 0.258628 1.020882 0.104656
v 0.254710 1.017847 0.110284
v -0.007104 1.363993 0.104656
v -0.011022 1.360958 0.110284
v -0.034168 1.343032 0.074513
v -0.038086 1.339997 0.080141
v 0.231567 0.999923 0.074513
v 0.227649 0.996887 0.080141
v -0.034168 1.343032 -0.030178
v -0.038086 1.339997 -0.035806
v 0.258628 1.020882 -0.060320
v 0.254710 1.017847 -0.065948
v 0.231567 0.999922 -0.030178
v 0.227649 0.996888 -0.035806
v -0.007104 1.363993 -0.060320
v -0.011022 1.360958 -0.065948
v -0.295545 1.864707 0.059608
v -0.288407 1.862403 0.059608
v -0.295545 1.864707 -0.015273
v -0.288407 1.862403 -0.015273
v -0.284727 1.898230 -0.015273
v -0.277589 1.895926 -0.015273
v -0.284727 1.898230 0.059608
v -0.277589 1.895926 0.059608
v 0.689081 1.413498 0.105123
v 0.683307 1.414432 0.109817
v 0.660936 1.391020 0.074980
v 0.655162 1.391956 0.079674
v 0.681896 1.363958 0.105123
v 0.676122 1.364894 0.109817
v 0.662019 1.392538 0.074980
v 0.656245 1.393474 0.079674
v 0.689081 1.413498 -0.060787
v 0.683307 1.414432 -0.065481
v 0.660936 1.391019 -0.030645
v 0.655162 1.391957 -0.035339
v 0.662019 1.392538 -0.030645
v 0.656245 1.393474 -0.035339
v 0.681896 1.363958 -0.060787
v 0.676122 1.364894 -0.065481
v 0.326599 0.930770 -0.060285
v 0.322255 0.932986 -0.065983
v 0.503530 0.905217 -0.059384
v 0.503530 0.905217 -0.066884
v 0.404485 0.828508 -0.059384
v 0.404485 0.828508 -0.066884
v 0.424001 1.006207 -0.060285
v 0.422943 1.010967 -0.065984
v 0.406444 0.830025 -0.060320
v 0.402526 0.826991 -0.065948
v 0.300893 0.910698 -0.031744
v 0.293835 0.911138 -0.034241
v 0.379381 0.809065 -0.030178
v 0.375463 0.806031 -0.035806
v 0.380387 0.809844 -0.032992
v 0.374457 0.805252 -0.032992
v 0.380387 0.809844 0.077327
v 0.374457 0.805252 0.077327
v 0.300893 0.910698 0.076077
v 0.293835 0.911138 0.078576
v 0.379381 0.809065 0.074513
v 0.375463 0.806031 0.080141
v 0.406444 0.830025 0.104656
v 0.402526 0.826991 0.110284
v 0.185922 1.558766 0.018498
v 0.190748 1.553026 0.018498
v 0.338072 1.684490 -0.015273
v 0.345520 1.685378 -0.015273
v 0.338072 1.684490 0.059607
v 0.345520 1.685378 0.059608
v 0.185922 1.558766 0.025838
v 0.190748 1.553026 0.025838
v 0.418688 1.700941 0.077327
v 0.423280 1.695011 0.077327
v 0.115623 1.466222 -0.032992
v 0.120215 1.460292 -0.032992
v 0.418688 1.700941 -0.032992
v 0.423280 1.695011 -0.032992
v 0.115623 1.466222 0.077327
v 0.120215 1.460292 0.077327
v -0.033162 1.343811 -0.032992
v -0.039092 1.339219 -0.032992
v 0.232573 1.000701 -0.032992
v 0.226643 0.996109 -0.032992
v 0.232573 1.000701 0.077327
v 0.226643 0.996109 0.077327
v -0.033162 1.343811 0.077327
v -0.039092 1.339219 0.077327
v 0.452406 1.719876 0.104656
v 0.448488 1.716841 0.110284
v 0.661091 1.394524 0.074513
v 0.657173 1.391488 0.080141
v 0.688153 1.415483 0.104656
v 0.684235 1.412447 0.110284
v 0.425344 1.698918 0.074513
v 0.421426 1.695882 0.080141
v 0.452406 1.719876 -0.060320
v 0.448488 1.716841 -0.065948
v 0.661091 1.394524 -0.030178
v 0.657173 1.391488 -0.035806
v 0.425344 1.698918 -0.030178
v 0.421426 1.695882 -0.035806
v 0.688153 1.415483 -0.060320
v 0.684235 1.412447 -0.065948
v -0.266948 -0.550007 -0.021818
v -0.270702 -0.545669 -0.026648
v -0.216865 -0.556072 -0.040143
v -0.216417 -0.552418 -0.046677
v -0.222937 -0.605522 -0.068204
v -0.222489 -0.601868 -0.074738
v -0.295385 -0.596712 -0.041659
v -0.299139 -0.592374 -0.046490
v -0.325251 -0.593140 0.022065
v -0.331029 -0.588359 0.022065
v -0.287552 -0.547575 0.022065
v -0.293330 -0.542794 0.022065
v -0.266948 -0.550007 0.065948
v -0.270702 -0.545669 0.070779
v -0.295385 -0.596712 0.085790
v -0.299139 -0.592374 0.090621
v -0.222937 -0.605522 0.112334
v -0.222489 -0.601868 0.118868
v -0.216865 -0.556072 0.084273
v -0.216417 -0.552418 0.090807
v -0.166804 -0.562302 0.065948
v -0.162112 -0.559002 0.070779
v -0.150511 -0.614499 0.085789
v -0.145819 -0.611199 0.090621
v -0.120668 -0.618261 0.022065
v -0.113904 -0.615019 0.022065
v -0.146225 -0.564928 0.022065
v -0.139461 -0.561686 0.022065
v -0.166804 -0.562302 -0.021817
v -0.162112 -0.559002 -0.026649
v -0.150511 -0.614499 -0.041659
v -0.145819 -0.611199 -0.046491
v -0.222938 -0.605522 -0.068204
v -0.222488 -0.601868 -0.074738
v -0.216866 -0.556072 -0.040143
v -0.216416 -0.552418 -0.046677
v -2.037764 1.066974 0.022168
v -2.031542 1.071162 0.022168
v -1.647483 1.330608 0.022168
v -1.640519 1.333393 0.022168
v -2.034653 1.069068 0.018418
v -2.034653 1.069068 0.025918
v -1.351571 1.449575 0.022168
v -1.344259 1.451243 0.022168
v -1.644001 1.332001 0.018418
v -1.644001 1.332001 0.025918
v -1.069900 1.514133 0.022168
v -1.062476 1.515197 0.022168
v -1.347915 1.450409 0.018418
v -1.347915 1.450409 0.025918
v -1.066189 1.514665 0.018418
v -1.066187 1.514665 0.025918
v -0.825186 1.549797 0.019517
v -0.819898 1.549395 0.024819
v -0.825167 1.549220 0.019516
v -0.819917 1.549972 0.024820
v -0.567919 1.529532 0.022168
v -0.575175 1.531426 0.022168
v -0.296368 1.458314 0.022164
v -0.303436 1.460820 0.022172
v -0.571547 1.530479 0.018418
v -0.571547 1.530479 0.025918
v -0.117637 1.398816 0.022609
v -0.121103 1.392164 0.022608
v -0.299902 1.459567 0.018418
v -0.299902 1.459567 0.025918
v -0.117638 1.398816 0.021726
v -0.121102 1.392164 0.021726
v 0.071336 1.264193 0.021731
v 0.066984 1.258085 0.021731
v -0.117637 1.398816 0.021726
v -0.121103 1.392165 0.021726
v 0.071336 1.264193 0.022604
v 0.066984 1.258085 0.022604
v 0.423783 1.700297 0.074979
v 0.422987 1.694503 0.079675
v 0.450845 1.721255 0.105122
v 0.450049 1.715461 0.109818
v 0.400422 1.727935 0.105122
v 0.399628 1.722141 0.109818
v 0.421382 1.700873 0.074979
v 0.420586 1.695079 0.079675
v 0.423783 1.700297 -0.030644
v 0.422987 1.694503 -0.035340
v 0.400422 1.727935 -0.060786
v 0.399628 1.722141 -0.065482
v 0.450845 1.721255 -0.060786
v 0.450049 1.715461 -0.065482
v 0.421382 1.700873 -0.030644
v 0.420586 1.695079 -0.035340
v -0.991581 -1.848612 -0.026635
v -0.990667 -1.841168 -0.026635
v -0.704111 -1.883347 0.070765
v -0.707241 -1.876531 0.070765
v -0.704111 -1.883347 -0.026635
v -0.707241 -1.876531 -0.026635
v -0.991581 -1.848612 0.070765
v -0.990667 -1.841168 0.070765
v -0.657514 -1.813659 -0.026635
v -0.664958 -1.812745 -0.026635
v -0.657514 -1.813659 0.070765
v -0.664958 -1.812745 0.070765
v -0.685868 -1.734768 -0.026635
v -0.690554 -1.740624 -0.026635
v -0.685868 -1.734768 0.070765
v -0.690554 -1.740624 0.070765
v -0.854196 -1.713538 0.070765
v -0.855110 -1.720982 0.070765
v -0.854196 -1.713538 -0.026635
v -0.855110 -1.720982 -0.026635
v 0.426350 1.699696 -0.032992
v 0.420420 1.695104 -0.032992
v 0.662097 1.395302 -0.032992
v 0.656167 1.390710 -0.032992
v 0.662097 1.395302 0.077327
v 0.656167 1.390710 0.077327
v 0.426350 1.699696 0.077327
v 0.420420 1.695104 0.077327
v -0.345579 -1.005751 0.022065
v -0.351729 -1.001457 0.022065
v -0.379923 -1.054946 0.022065
v -0.386073 -1.050652 0.022065
v -0.324481 -1.008249 0.067031
v -0.328485 -1.004403 0.072075
v -0.324480 -1.008249 -0.022901
v -0.328484 -1.004403 -0.027945
v -0.350659 -1.058448 0.084524
v -0.354663 -1.054602 0.089568
v -0.350660 -1.058448 -0.040394
v -0.354662 -1.054602 -0.045438
v -0.279611 -1.067092 -0.066434
v -0.279225 -1.063944 -0.073230
v -0.273150 -1.014473 -0.041695
v -0.272764 -1.011325 -0.048491
v -0.279611 -1.067092 0.110564
v -0.279225 -1.063944 0.117360
v -0.273150 -1.014473 0.085825
v -0.272764 -1.011325 0.092621
v -0.221839 -1.020852 0.067031
v -0.217025 -1.018090 0.072075
v -0.208583 -1.075891 0.084524
v -0.203769 -1.073129 0.089568
v -0.179341 -1.079575 0.022065
v -0.172335 -1.076897 0.022065
v -0.200765 -1.023532 0.022065
v -0.193759 -1.020854 0.022065
v -0.221839 -1.020852 -0.022901
v -0.217025 -1.018090 -0.027945
v -0.208583 -1.075891 -0.040394
v -0.203769 -1.073129 -0.045438
v -0.279612 -1.067092 -0.066434
v -0.279224 -1.063944 -0.073230
v -0.273151 -1.014473 -0.041695
v -0.272763 -1.011325 -0.048491
v 0.421859 1.701622 0.077327
v 0.420109 1.694330 0.077327
v 0.421859 1.701622 -0.032992
v 0.420109 1.694330 -0.032992
v 0.424260 1.701046 -0.032992
v 0.422510 1.693753 -0.032992
v 0.424258 1.701047 0.077327
v 0.422512 1.693753 0.077327
v -0.232216 -1.264925 -0.040086
v -0.227734 -1.260937 -0.044587
v -0.310267 -1.316757 -0.109140
v -0.309739 -1.312459 -0.115263
v -0.302827 -1.256167 -0.065951
v -0.302299 -1.251869 -0.072074
v -0.205232 -1.329741 -0.070626
v -0.200750 -1.325753 -0.075126
v -0.161855 -1.335165 0.022065
v -0.155479 -1.331215 0.022065
v -0.203095 -1.268597 0.022065
v -0.196719 -1.264647 0.022065
v -0.232216 -1.264925 0.084216
v -0.227734 -1.260937 0.088718
v -0.205232 -1.329741 0.114757
v -0.200750 -1.325753 0.119257
v -0.310268 -1.316758 0.153272
v -0.309740 -1.312458 0.159394
v -0.302828 -1.256168 0.110082
v -0.302300 -1.251868 0.116204
v -0.373459 -1.247582 0.084216
v -0.376844 -1.242630 0.088718
v -0.415321 -1.303946 0.114757
v -0.418707 -1.298992 0.119257
v -0.458724 -1.298713 0.022065
v -0.463954 -1.293339 0.022065
v -0.402604 -1.244101 0.022065
v -0.407834 -1.238726 0.022065
v -0.373459 -1.247582 -0.040087
v -0.376845 -1.242630 -0.044587
v -0.415321 -1.303945 -0.070626
v -0.418707 -1.298993 -0.075126
v -0.310265 -1.316758 -0.109141
v -0.309741 -1.312458 -0.115263
v -0.302825 -1.256168 -0.065952
v -0.302301 -1.251868 -0.072074
v -0.832819 -1.290557 0.070765
v -0.831905 -1.283113 0.070765
v -0.369568 -1.347437 -0.026635
v -0.368654 -1.339993 -0.026635
v -0.832819 -1.290557 -0.026635
v -0.831905 -1.283113 -0.026635
v -0.369568 -1.347437 0.070765
v -0.368654 -1.339993 0.070765
v -0.298846 -2.092778 0.114697
v -0.293926 -2.093375 0.120325
v -0.205451 -1.327449 0.114193
v -0.200531 -1.328045 0.119821
v -0.403965 -2.079870 0.153296
v -0.403965 -2.079864 0.160796
v -0.255547 -2.098095 0.022065
v -0.248101 -2.099001 0.022065
v -0.310004 -1.314611 0.152583
v -0.310004 -1.314605 0.160083
v -0.162390 -1.332737 0.022065
v -0.154944 -1.333643 0.022065
v -0.414555 -1.301775 0.114193
v -0.419473 -1.301163 0.119821
v -0.205451 -1.327448 -0.070062
v -0.200531 -1.328045 -0.075690
v -0.509086 -2.066965 0.114697
v -0.514004 -2.066353 0.120326
v -0.298845 -2.092779 -0.070567
v -0.293925 -2.093375 -0.076195
v -0.403965 -2.079870 -0.109166
v -0.403963 -2.079864 -0.116666
v -0.310004 -1.314611 -0.108452
v -0.310002 -1.314605 -0.115952
v -0.552384 -2.061649 0.022065
v -0.559828 -2.060727 0.022065
v -0.457617 -1.296487 0.022065
v -0.465061 -1.295565 0.022065
v -0.414555 -1.301775 -0.070062
v -0.419473 -1.301163 -0.075690
v -0.509085 -2.066965 -0.070566
v -0.514003 -2.066353 -0.076195
v -0.403964 -2.079871 -0.109166
v -0.403964 -2.079863 -0.116666
v -0.310003 -1.314611 -0.108452
v -0.310003 -1.314605 -0.115952
v -0.149691 0.516510 -0.029242
v -0.149691 0.516510 0.073577
v -0.150962 0.521503 0.073577
v -0.150962 0.521503 -0.029242
v -0.226667 -0.606988 -0.070162
v -0.241677 -0.729236 -0.069389
v -0.308598 -0.721019 -0.044797
v -0.294204 -0.598697 -0.045343
v 0.495838 0.656592 -0.029242
v 0.530113 0.922458 -0.029242
v 0.530113 0.922458 0.073577
v 0.495838 0.656592 0.073577
v -0.149375 0.524665 -0.035470
v -0.166888 0.547277 -0.060656
v 0.754476 1.260859 -0.060656
v 0.771989 1.238247 -0.035470
v 0.656807 1.386967 0.079805
v -0.264557 0.673385 0.079805
v -0.247043 0.650773 0.104992
v 0.674321 1.364355 0.104992
v -0.222469 -1.015320 -0.026710
v -0.269003 -1.009606 -0.043811
v -0.242058 -0.790156 -0.044004
v -0.195370 -0.795889 -0.026847
v -0.193276 -0.788922 -0.028038
v -0.241146 -0.783044 -0.045629
v -0.235518 -0.737216 -0.067715
v -0.170047 -0.745255 -0.043655
v -0.167764 -0.738311 -0.044797
v -0.234683 -0.730094 -0.069389
v -0.219673 -0.607846 -0.070162
v -0.152137 -0.616139 -0.045343
v 0.054709 1.461838 0.024430
v 0.185268 1.553738 0.022141
v 0.185268 1.553738 0.022194
v 0.054709 1.461838 0.019905
v -0.407908 -2.082310 0.153204
v -0.506190 -2.070244 0.117086
v -0.474658 -2.129828 0.083132
v -0.414647 -2.137197 0.105186
v -0.249052 -0.789298 -0.044004
v -0.275997 -1.008748 -0.043811
v -0.322531 -1.003033 -0.026710
v -0.295740 -0.783565 -0.026847
v 0.151687 1.604855 -0.031324
v 0.151687 1.604855 0.075658
v 0.186088 1.558898 0.024164
v 0.186088 1.558898 0.020172
v -0.347459 -2.145448 -0.039001
v -0.407469 -2.138078 -0.061054
v -0.400730 -2.083192 -0.109074
v -0.302449 -2.095260 -0.072956
v -0.354689 -1.060054 -0.039511
v -0.376292 -1.241188 -0.038955
v -0.403196 -1.237884 0.018672
v -0.381853 -1.056718 0.018672
v -1.768558 1.413066 -0.015273
v -2.034653 1.069068 0.022168
v -2.034653 1.069068 0.022168
v -1.770852 1.410100 0.055521
v -1.770852 1.410100 -0.011186
v -2.007903 1.103650 0.022168
v -0.073199 0.202349 0.070718
v -0.119465 0.208031 0.087720
v -0.130811 0.115615 0.127182
v -0.053096 0.106073 0.098622
v -0.177768 0.491647 0.107470
v -0.270884 0.419531 0.107470
v -0.219443 0.353112 0.107470
v -0.126328 0.425230 0.107470
v 0.503459 0.909905 0.104992
v 0.526071 0.927419 0.079805
v 0.450606 1.024858 0.079805
v 0.427993 1.007345 0.104992
v 0.450606 1.024858 -0.035470
v 0.526071 0.927418 -0.035470
v 0.503459 0.909905 -0.060656
v 0.427993 1.007345 -0.060656
v -0.275465 -1.062543 -0.066930
v -0.269842 -1.016742 -0.045397
v -0.222153 -1.022597 -0.027872
v -0.210614 -1.070505 -0.043098
v -0.210729 0.350375 -0.063134
v -0.120053 0.420603 -0.063134
v -0.072398 0.413027 -0.063134
v -0.002198 0.322384 -0.063134
v -0.227921 -1.259405 -0.038955
v -0.205062 -1.078425 -0.039511
v -0.177898 -1.081761 0.018672
v -0.201016 -1.262708 0.018672
v -0.849370 -1.425354 0.067015
v -0.832819 -1.290557 0.067015
v -0.832819 -1.290557 -0.022885
v -0.849370 -1.425354 -0.022885
v 0.116904 1.459647 -0.029242
v 0.116904 1.459647 0.073577
v 0.118059 1.463754 0.073577
v 0.118059 1.463754 -0.029242
v 0.375489 0.801521 0.079805
v -0.086614 0.443630 0.079805
v -0.069101 0.421018 0.104992
v 0.393001 0.778910 0.104992
v -0.088337 0.445855 0.073577
v 0.373766 0.803746 0.073577
v 0.373766 0.803746 -0.029242
v -0.088337 0.445855 -0.029242
v 0.754476 1.260859 0.104992
v -0.166888 0.547277 0.104992
v -0.149375 0.524665 0.079805
v 0.771989 1.238247 0.079805
v 0.773712 1.236022 0.073577
v -0.147651 0.522440 0.073577
v -0.147651 0.522440 -0.029242
v 0.773712 1.236022 -0.029242
v -0.242589 -0.736348 0.111847
v -0.308063 -0.728309 0.087786
v -0.296086 -0.776298 0.072168
v -0.248217 -0.782176 0.089759
v 0.028567 0.294910 -0.035470
v 0.011054 0.317522 -0.060656
v 0.473158 0.675414 -0.060656
v 0.490671 0.652802 -0.035470
v 0.329688 0.931209 -0.063134
v 0.422803 1.003326 -0.063134
v 0.498269 0.905886 -0.063134
v 0.405154 0.833769 -0.063134
v -2.034653 1.069068 0.022168
v -1.730979 1.358855 -0.039725
v -2.034653 1.069068 0.022168
v -1.733692 1.356266 -0.035382
v -2.016055 1.086816 0.022168
v -1.733692 1.356266 0.079716
v -0.538157 1.763207 0.080310
v -0.258820 1.719766 0.080310
v -0.258820 1.719766 -0.035975
v -0.538157 1.763207 -0.035975
v 0.416296 1.697905 0.079805
v 0.398783 1.720517 0.104992
v 0.101648 1.490390 0.104992
v 0.119161 1.467778 0.079805
v 0.101648 1.490390 -0.060656
v 0.398783 1.720517 -0.060656
v 0.416296 1.697905 -0.035470
v 0.119161 1.467778 -0.035470
v -0.225856 -0.599970 0.112431
v -0.220592 -0.557099 0.088103
v -0.267108 -0.551388 0.071009
v -0.291762 -0.591879 0.088211
v -0.178821 -1.074463 0.018602
v -0.205425 -1.071195 -0.038380
v -0.216990 -1.023178 -0.023119
v -0.197512 -1.025569 0.018602
v -0.552048 -2.064505 0.018509
v -0.511562 -2.069476 -0.068207
v -0.479908 -2.129292 -0.034120
v -0.504479 -2.126275 0.018509
v -0.206942 -1.331040 0.118295
v -0.306964 -1.318759 0.155052
v -0.400011 -2.076574 0.155758
v -0.299428 -2.088925 0.118794
v -1.113817 1.811171 -0.011523
v -1.113817 1.811171 0.055858
v -1.147499 1.852942 0.055858
v -1.147499 1.852942 -0.011523
v 0.000758 1.609418 0.080249
v -0.032934 1.347941 0.080253
v -0.011123 1.364832 0.104544
v 0.017652 1.587604 0.104548
v 0.308779 1.847957 0.080252
v 0.325672 1.826146 0.104544
v 0.547730 1.797662 0.104547
v 0.569544 1.814557 0.080250
v -0.233002 -1.258781 -0.043633
v -0.298609 -1.250725 -0.067744
v -0.276378 -1.069669 -0.068531
v -0.210143 -1.077801 -0.044190
v -0.271322 0.428679 -0.063134
v -0.245676 0.636760 -0.063134
v -0.175469 0.546108 -0.063134
v -0.180653 0.498899 -0.063134
v -0.114878 0.245471 -0.085792
v -0.101743 0.352454 -0.050451
v -0.049976 0.346099 -0.031426
v -0.034945 0.235657 -0.056417
v 0.753170 1.274795 -0.063134
v 0.682949 1.365463 -0.063134
v 0.689688 1.411928 -0.063134
v 0.780339 1.482135 -0.063134
v -0.122747 0.240604 -0.083691
v -0.125945 0.214560 -0.045298
v -0.173234 0.220365 -0.027920
v -0.200636 0.250168 -0.055068
v -0.222469 -1.015320 0.070840
v -0.195372 -0.795889 0.070977
v -0.242058 -0.790156 0.088134
v -0.269003 -1.009606 0.087941
v -0.460159 -2.054471 0.067015
v -1.004868 -1.987589 0.067015
v -1.004868 -1.987589 -0.022885
v -0.460159 -2.054471 -0.022885
v -0.340119 -0.724317 0.025531
v -0.320805 -0.773319 0.025531
v -0.301252 -0.775719 0.067411
v -0.313257 -0.727616 0.083067
v -0.249470 0.329857 0.073577
v -0.300911 0.396276 0.073577
v -0.300911 0.396276 -0.029242
v -0.249470 0.329857 -0.029242
v -0.381853 -1.056718 0.025458
v -0.403196 -1.237884 0.025458
v -0.376292 -1.241188 0.083085
v -0.354689 -1.060054 0.083641
v -0.130811 0.115615 -0.083051
v -0.119464 0.208032 -0.043590
v -0.073199 0.202350 -0.026588
v -0.053096 0.106073 -0.054491
v -0.160544 0.359674 0.075557
v -0.201845 0.256151 0.100547
v -0.121912 0.246335 0.129922
v -0.108777 0.353318 0.094582
v -0.828640 -1.287292 0.067015
v -0.372833 -1.343258 0.067015
v -0.372833 -1.343258 -0.022885
v -0.828640 -1.287292 -0.022885
v 0.473157 0.675414 0.104992
v 0.011054 0.317522 0.104992
v 0.028567 0.294910 0.079805
v 0.490671 0.652802 0.079805
v -0.242589 -0.736348 -0.067715
v -0.248217 -0.782176 -0.045629
v -0.296086 -0.776298 -0.028038
v -0.308063 -0.728309 -0.043655
v -0.256564 -2.100785 0.025621
v -0.297050 -2.095814 0.112337
v -0.342236 -2.146198 0.078250
v -0.317664 -2.149213 0.025621
v -0.172578 0.495667 -0.060656
v -0.149966 0.513181 -0.035470
v -0.098526 0.446762 -0.035470
v -0.121138 0.429249 -0.060656
v -0.172578 0.495667 0.104992
v -0.121138 0.429249 0.104992
v -0.098526 0.446762 0.079805
v -0.149966 0.513181 0.079805
v -0.552048 -2.064505 0.025621
v -0.504479 -2.126275 0.025621
v -0.479909 -2.129292 0.078250
v -0.511563 -2.069476 0.112337
v 0.450518 1.713670 -0.060656
v 0.681673 1.415207 -0.060656
v 0.659061 1.397694 -0.035470
v 0.427906 1.696158 -0.035470
v 0.375126 0.810513 0.073577
v 0.299660 0.907953 0.073577
v 0.299660 0.907953 -0.029242
v 0.375126 0.810513 -0.029242
v -0.253535 0.123709 0.025518
v -0.220371 0.025735 0.025518
v -0.201481 0.023417 0.065977
v -0.221605 0.119788 0.093909
v -1.493368 1.532902 0.080310
v -1.299402 1.634809 0.080310
v -1.299402 1.634809 -0.035975
v -1.493368 1.532902 -0.035975
v -0.324056 -0.587981 0.018579
v -0.291269 -0.548352 0.018579
v -0.272278 -0.550684 -0.022097
v -0.297010 -0.591304 -0.039353
v -0.201185 0.016138 0.064970
v -0.219633 0.018403 0.025458
v -0.288400 -0.541656 0.025458
v -0.269952 -0.543921 0.064970
v -0.419058 -1.304996 0.113616
v -0.460216 -1.299942 0.025458
v -0.554061 -2.057661 0.025459
v -0.512670 -2.062743 0.114115
v 0.656836 1.395971 0.073577
v 0.425681 1.694435 0.073577
v 0.425681 1.694435 -0.029242
v 0.656836 1.395971 -0.029242
v -0.703598 -1.876818 0.067015
v -0.663314 -1.816323 0.067015
v -0.663314 -1.816323 -0.022885
v -0.703598 -1.876818 -0.022885
v -0.210614 -1.070505 0.087228
v -0.222153 -1.022597 0.072002
v -0.269842 -1.016742 0.089527
v -0.275465 -1.062543 0.111061
v 0.809101 1.505205 -0.035920
v 0.775218 1.245322 -0.035912
v 0.758322 1.267139 -0.060215
v 0.787293 1.488317 -0.060206
v -1.498682 1.534346 0.084060
v -1.299023 1.639178 0.083399
v -1.223573 1.823509 0.060356
v -1.586178 1.585456 0.060397
v -1.717915 1.372985 0.083173
v 0.097629 1.495580 -0.063134
v 0.025511 1.588696 -0.063134
v 0.322647 1.818822 -0.063134
v 0.394764 1.725707 -0.063134
v -0.232247 -1.265799 -0.045242
v -0.208024 -1.323982 -0.072656
v -0.306055 -1.311946 -0.108681
v -0.299376 -1.257556 -0.069912
v -0.313957 -1.317901 -0.110920
v -0.407004 -2.075716 -0.111627
v -0.507587 -2.063367 -0.074663
v -0.413977 -1.305620 -0.074163
v 0.089313 1.433922 -0.063134
v 0.350455 1.096743 -0.063134
v 0.257338 1.024626 -0.063134
v -0.003802 1.361806 -0.063134
v 0.089313 1.433922 0.107470
v -0.003802 1.361806 0.107470
v 0.257338 1.024626 0.107470
v 0.350455 1.096743 0.107470
v -0.327613 -1.002409 0.066162
v -0.300821 -0.782941 0.066298
v -0.319888 -0.780600 0.025458
v -0.346616 -1.000076 0.025458
v -0.210729 0.350375 0.107470
v -0.002198 0.322384 0.107470
v -0.072398 0.413027 0.107470
v -0.120053 0.420603 0.107470
v 0.331834 1.819210 -0.063134
v 0.540050 1.792498 -0.063134
v 0.449388 1.722281 -0.063134
v 0.402046 1.728553 -0.063134
v -0.238308 0.254924 0.025709
v -0.197837 0.223256 0.025709
v -0.178550 0.220888 0.067021
v -0.206221 0.250985 0.094436
v 0.493893 0.659881 0.080249
v 0.527399 0.919751 0.080253
v 0.505590 0.902860 0.104543
v 0.476997 0.681696 0.104548
v -0.267754 0.666290 0.080254
v -0.300042 0.405657 0.080247
v -0.278226 0.422555 0.104550
v -0.250862 0.644483 0.104542
v -0.275997 -1.008748 0.087941
v -0.249052 -0.789298 0.088134
v -0.295740 -0.783565 0.070977
v -0.322532 -1.003033 0.070840
v 0.000137 0.225647 0.018421
v -0.046793 0.204710 0.018421
v -0.066079 0.207078 -0.022891
v -0.031949 0.229586 -0.050306
v -0.177768 0.491647 -0.063134
v -0.126328 0.425230 -0.063134
v -0.219443 0.353112 -0.063134
v -0.270884 0.419531 -0.063134
v -0.440623 1.908316 0.059608
v -0.294443 1.868122 0.059608
v -0.286162 1.893782 0.059608
v -0.001132 1.658584 0.083331
v -0.168764 1.820836 0.060416
v -0.293038 1.859958 0.059608
v -0.483478 1.912321 0.059608
v -0.721811 1.915118 0.060240
v -0.805852 1.780276 0.083441
v -0.541482 1.767519 0.084060
v -0.254364 1.722868 0.084060
v -0.161418 1.824066 0.059976
v -0.004809 1.672505 0.081467
v -0.115971 1.867969 0.059976
v 0.149256 1.611783 -0.039040
v 0.013916 1.654709 -0.039203
v -0.107454 1.868130 -0.015771
v 0.192216 1.788393 -0.015273
v 0.334130 1.685891 -0.015792
v 0.326572 1.675817 0.059164
v 0.154767 1.606975 0.081003
v 0.189506 1.560565 0.029002
v -1.076684 1.721665 -0.039725
v -1.284786 1.644601 -0.038790
v -1.175470 1.778553 -0.016254
v -1.110244 1.804700 -0.015273
v -0.732090 1.912690 -0.016071
v -0.814725 1.780126 -0.038972
v -1.110103 1.812540 0.059608
v -0.779831 1.906778 0.059608
v -1.142818 1.853110 0.059608
v -1.214701 1.825544 0.060109
v -1.283111 1.658372 0.080906
v -1.182464 1.781684 0.060109
v 0.020891 0.293605 0.080258
v 0.004008 0.315409 0.104538
v -0.218357 0.345236 0.104554
v -0.240179 0.328339 0.080244
v -1.731018 1.365482 0.082265
v -1.607030 1.565495 0.060927
v -1.763811 1.412789 0.060927
v -2.003680 1.103447 0.027582
v -1.735687 1.359185 0.082201
v -1.768850 1.407026 0.060622
v -0.168764 1.820836 -0.016081
v -0.001132 1.658584 -0.038996
v -0.254364 1.722868 -0.039725
v -0.541482 1.767519 -0.039725
v -0.805852 1.780276 -0.039106
v -0.721811 1.915118 -0.015905
v -0.483478 1.912321 -0.015273
v -0.293038 1.859958 -0.015273
v -0.294443 1.868122 -0.015273
v -0.440623 1.908316 -0.015273
v -0.286162 1.893782 -0.015273
v -0.115971 1.867969 -0.015641
v -0.004809 1.672505 -0.037133
v -0.161418 1.824066 -0.015641
v -1.223573 1.823509 -0.016021
v -1.299023 1.639178 -0.039064
v -1.498682 1.534346 -0.039725
v -1.717915 1.372985 -0.038838
v -1.586178 1.585456 -0.016062
v 0.154767 1.606975 -0.036669
v 0.326572 1.675817 -0.014829
v 0.189506 1.560565 0.015334
v -0.779831 1.906778 -0.015273
v -1.110103 1.812540 -0.015273
v -1.142818 1.853110 -0.015273
v -1.175470 1.778553 0.060589
v -1.284786 1.644601 0.083125
v -1.076684 1.721665 0.084060
v -0.814725 1.780126 0.083307
v -0.732090 1.912690 0.060406
v -1.110244 1.804700 0.059608
v 0.192216 1.788393 0.059608
v -0.107454 1.868130 0.060106
v 0.013916 1.654709 0.083537
v 0.149256 1.611783 0.083375
v 0.334130 1.685891 0.060126
v -1.283111 1.658372 -0.036571
v -1.214701 1.825544 -0.015775
v -1.182464 1.781684 -0.015775
v -1.494313 1.528732 0.082193
v -1.634003 1.339647 0.023778
v -1.351008 1.452918 0.023570
v -1.301729 1.629709 0.082550
v -1.607030 1.565495 -0.016593
v -1.731018 1.365482 -0.037931
v -1.763811 1.412789 -0.016592
v -1.735687 1.359185 -0.037867
v -2.003680 1.103447 0.016754
v -1.768850 1.407026 -0.016288
v -1.174267 1.782940 -0.011523
v -1.174267 1.782940 0.055858
v -1.114941 1.806850 0.055858
v -1.114941 1.806850 -0.011523
v -0.068047 0.201763 -0.021847
v -0.049158 0.199444 0.018612
v -0.015995 0.101470 0.018612
v -0.047924 0.105391 -0.049778
v -0.120579 -0.612966 0.018579
v -0.147625 -0.609645 -0.039353
v -0.161796 -0.564249 -0.022097
v -0.142806 -0.566581 0.018579
v 0.190226 1.792803 -0.011523
v -0.111468 1.873043 -0.011523
v -0.111468 1.873043 0.055858
v 0.190226 1.792803 0.055858
v -0.313679 -0.720395 0.084249
v -0.299284 -0.598073 0.084795
v -0.326986 -0.594670 0.025458
v -0.341126 -0.717024 0.025458
v -0.096743 0.010603 -0.026588
v -0.143008 0.016284 -0.043590
v -0.131660 0.108699 -0.083051
v -0.053945 0.099156 -0.054491
v -0.164103 1.826661 -0.011523
v -0.164103 1.826661 0.055858
v -0.117789 1.871402 0.055858
v -0.117789 1.871402 -0.011523
v 0.338757 1.687130 -0.011523
v 0.196890 1.789643 -0.011523
v 0.196890 1.789643 0.055858
v 0.338757 1.687130 0.055858
v -0.096743 0.010603 0.070718
v -0.053945 0.099156 0.098622
v -0.131660 0.108699 0.127182
v -0.143008 0.016284 0.087720
v -0.241677 -0.729236 0.113521
v -0.226667 -0.606988 0.114293
v -0.294204 -0.598697 0.089473
v -0.308598 -0.721019 0.088928
v -0.150065 0.017150 0.087720
v -0.138717 0.109565 0.127182
v -0.216434 0.119107 0.098622
v -0.196329 0.022831 0.070718
v -0.162683 -0.738935 0.084249
v -0.135236 -0.742305 0.025458
v -0.119354 -0.620164 0.025458
v -0.147057 -0.616763 0.084795
v -0.090970 0.443318 -0.029242
v -0.090970 0.443318 0.073577
v -0.094337 0.445761 0.073577
v -0.094337 0.445761 -0.029242
v 0.093305 1.446071 0.104556
v 0.113663 1.463615 0.082591
v 0.098390 1.483335 0.104556
v 0.113711 1.456050 0.080433
v 0.171677 1.506000 0.017891
v 0.115527 1.462509 0.080433
v 0.171678 1.506001 0.026443
v 0.113711 1.456050 -0.036099
v 0.115527 1.462509 -0.036099
v 0.113663 1.463615 -0.038256
v 0.093305 1.446072 -0.060221
v 0.098390 1.483335 -0.060221
v -1.292565 1.637853 0.080310
v -1.079137 1.716760 0.080310
v -1.079137 1.716760 -0.035975
v -1.292565 1.637853 -0.035975
v -0.147741 0.514904 0.073577
v -0.096301 0.448485 0.073577
v -0.096301 0.448485 -0.029242
v -0.147741 0.514904 -0.029242
v -0.162683 -0.738935 -0.040118
v -0.147057 -0.616763 -0.040665
v -0.119354 -0.620164 0.018672
v -0.135236 -0.742305 0.018672
v -0.031606 1.340273 0.079805
v 0.229537 1.003093 0.079805
v 0.252148 1.020606 0.104992
v -0.008992 1.357787 0.104992
v -0.094419 0.441170 -0.038261
v -0.077161 0.420002 -0.060245
v -0.114156 0.425883 -0.060245
v -0.144420 0.509668 0.037105
v -0.086587 0.438733 -0.036565
v -0.093194 0.443526 -0.036565
v -0.094419 0.441170 0.082596
v -0.114156 0.425883 0.104581
v -0.077161 0.420002 0.104581
v -0.086588 0.438733 0.080900
v -0.144419 0.509667 0.007229
v -0.093194 0.443526 0.080900
v 0.300329 0.913214 0.075632
v 0.325546 0.932745 0.103720
v 0.422353 1.007720 0.103720
v 0.447570 1.027250 0.075632
v 0.447570 1.027250 -0.031298
v 0.422353 1.007720 -0.059384
v 0.325546 0.932745 -0.059384
v 0.300329 0.913214 -0.031298
v -0.284903 1.897262 0.055858
v -0.284903 1.897262 -0.011523
v -0.720149 1.918655 -0.011523
v -0.720149 1.918655 0.055858
v 0.492394 0.650577 0.073577
v 0.030290 0.292685 0.073577
v 0.030290 0.292685 -0.029242
v 0.492394 0.650577 -0.029242
v -0.152857 -0.608933 0.088211
v -0.166983 -0.563682 0.071009
v -0.213498 -0.557970 0.088103
v -0.218762 -0.600841 0.112431
v 0.450518 1.713670 0.104992
v 0.427906 1.696158 0.079805
v 0.659061 1.397694 0.079805
v 0.681673 1.415207 0.104992
v 0.338926 1.682521 0.055173
v 0.191205 1.558309 0.022667
v 0.191205 1.558309 0.021669
v 0.338926 1.682521 -0.010839
v -0.219681 -0.550094 -0.042125
v -0.264871 -0.544545 -0.025518
v -0.196104 0.015515 -0.025518
v -0.150915 0.009966 -0.042125
v -0.219633 0.018403 0.018672
v -0.201185 0.016138 -0.020840
v -0.269952 -0.543921 -0.020840
v -0.288400 -0.541656 0.018672
v -0.218762 -0.600841 -0.068300
v -0.213498 -0.557970 -0.043973
v -0.166983 -0.563682 -0.026879
v -0.152857 -0.608933 -0.044081
v 0.498269 0.905886 0.107470
v 0.422803 1.003326 0.107470
v 0.329688 0.931209 0.107470
v 0.405154 0.833769 0.107470
v 0.066106 1.263315 0.025481
v 0.066106 1.263315 0.018854
v -0.116316 1.393314 0.018859
v -0.116316 1.393314 0.025476
v -0.329748 -1.009332 -0.023119
v -0.352588 -1.053127 -0.038380
v -0.379191 -1.049860 0.018602
v -0.349228 -1.006940 0.018602
v -0.167498 -0.556501 0.069648
v -0.098731 0.003558 0.069648
v -0.143921 0.009108 0.086255
v -0.212687 -0.550952 0.086255
v -0.178821 -1.074463 0.025528
v -0.197512 -1.025569 0.025528
v -0.216990 -1.023178 0.067249
v -0.205425 -1.071195 0.082510
v 0.528296 0.929142 -0.029242
v 0.452831 1.026581 -0.029242
v 0.452831 1.026581 0.073577
v 0.528296 0.929142 0.073577
v -0.662498 -1.809671 0.067015
v -0.686949 -1.741228 0.067015
v -0.686949 -1.741228 -0.022885
v -0.662498 -1.809671 -0.022885
v -0.850931 -1.717717 -0.022885
v -0.691933 -1.737239 -0.022885
v -0.691933 -1.737239 0.067015
v -0.850931 -1.717717 0.067015
v -0.212687 -0.550952 -0.042125
v -0.143921 0.009108 -0.042125
v -0.098731 0.003558 -0.025518
v -0.167498 -0.556501 -0.025518
v -0.379191 -1.049860 0.025528
v -0.352588 -1.053127 0.082510
v -0.329749 -1.009332 0.067249
v -0.349228 -1.006940 0.025528
v 0.775218 1.245322 0.080247
v 0.809101 1.505205 0.080255
v 0.787293 1.488317 0.104541
v 0.758322 1.267139 0.104550
v -0.300042 0.405657 -0.035912
v -0.267754 0.666290 -0.035920
v -0.250862 0.644483 -0.060206
v -0.278226 0.422554 -0.060214
v -0.243023 0.645583 0.107470
v -0.170907 0.552467 0.107470
v 0.750457 1.266049 0.107470
v 0.678340 1.359165 0.107470
v 0.097629 1.495580 0.107470
v 0.394764 1.725707 0.107470
v 0.322647 1.818822 0.107470
v 0.025511 1.588696 0.107470
v -1.585762 1.590114 -0.011523
v -1.585762 1.590114 0.055858
v -1.218783 1.831050 0.055858
v -1.218783 1.831050 -0.011523
v 0.094503 1.437942 0.104992
v 0.355645 1.100762 0.104992
v 0.378256 1.118275 0.079805
v 0.117115 1.455456 0.079805
v -0.294346 -2.089549 -0.069985
v -0.201861 -1.331664 -0.069485
v -0.160704 -1.336718 0.018672
v -0.252955 -2.094631 0.018672
v -0.413977 -1.305620 0.118295
v -0.507589 -2.063367 0.118794
v -0.407005 -2.075716 0.155758
v -0.313958 -1.317901 0.155052
v 0.455708 1.717689 0.107470
v 0.686863 1.419226 0.107470
v 0.779979 1.491343 0.107470
v 0.548823 1.789806 0.107470
v 0.301114 1.846624 0.079805
v 0.003979 1.616498 0.079805
v 0.021492 1.593886 0.104992
v 0.318628 1.824012 0.104992
v -0.668668 -1.592332 0.067015
v -0.628384 -1.531837 0.067015
v -0.628384 -1.531837 -0.022885
v -0.668668 -1.592332 -0.022885
v 0.753170 1.274795 0.107470
v 0.780339 1.482135 0.107470
v 0.689688 1.411928 0.107470
v 0.682949 1.365463 0.107470
v -0.283372 -1.068811 0.112661
v -0.349608 -1.060678 0.088320
v -0.371211 -1.241812 0.087764
v -0.305604 -1.249867 0.111874
v -0.627568 -1.525185 0.067015
v -0.652018 -1.456740 0.067015
v -0.652018 -1.456740 -0.022885
v -0.627568 -1.525185 -0.022885
v -0.854196 -1.713538 0.067015
v -0.837645 -1.578739 0.067015
v -0.837645 -1.578739 -0.022885
v -0.854196 -1.713538 -0.022885
v -0.300821 -0.782941 -0.022168
v -0.327612 -1.002409 -0.022032
v -0.346616 -1.000076 0.018672
v -0.319888 -0.780600 0.018672
v -0.833466 -1.575474 -0.022885
v -0.833466 -1.575474 0.067015
v -0.674468 -1.594996 0.067015
v -0.674468 -1.594996 -0.022885
v 0.540050 1.792498 0.107470
v 0.331834 1.819210 0.107470
v 0.402046 1.728553 0.107470
v 0.449388 1.722281 0.107470
v -0.177898 -1.081761 0.025458
v -0.205062 -1.078425 0.083641
v -0.227921 -1.259405 0.083085
v -0.201016 -1.262708 0.025458
v 0.086474 1.441209 0.107470
v 0.093032 1.489267 0.107470
v 0.022812 1.579932 0.107470
v -0.004181 1.371000 0.107470
v -0.122747 0.240604 0.127821
v -0.200635 0.250169 0.099198
v -0.173234 0.220365 0.072050
v -0.125946 0.214559 0.089428
v 0.471837 0.689367 0.107470
v 0.498646 0.896692 0.107470
v 0.407992 0.826481 0.107470
v 0.401618 0.780032 0.107470
v 0.471837 0.689367 -0.063134
v 0.401618 0.780032 -0.063134
v 0.407992 0.826481 -0.063134
v 0.498646 0.896692 -0.063134
v -0.245676 0.636760 0.107470
v -0.271322 0.428679 0.107470
v -0.180653 0.498899 0.107470
v -0.175469 0.546108 0.107470
v -0.115455 0.239709 0.127821
v -0.118654 0.213664 0.089428
v -0.071364 0.207857 0.072050
v -0.037567 0.230145 0.099198
v -1.008133 -1.983410 0.067015
v -0.991581 -1.848612 0.067015
v -0.991581 -1.848612 -0.022885
v -1.008133 -1.983410 -0.022885
v -0.238308 0.254924 0.018421
v -0.206222 0.250984 -0.050306
v -0.178550 0.220888 -0.022891
v -0.197837 0.223256 0.018421
v -0.298686 0.397999 -0.035470
v -0.276074 0.415512 -0.060656
v -0.224633 0.349093 -0.060656
v -0.247245 0.331580 -0.035470
v 0.000137 0.225647 0.025709
v -0.031949 0.229586 0.094436
v -0.066079 0.207078 0.067021
v -0.046793 0.204710 0.025709
v -0.071364 0.207857 -0.027920
v -0.118653 0.213665 -0.045298
v -0.115455 0.239709 -0.083691
v -0.037567 0.230145 -0.055068
v 0.023608 0.290883 -0.029242
v 0.023608 0.290883 0.073577
v -0.243457 0.326398 0.073577
v -0.243457 0.326398 -0.029242
v -0.298686 0.397999 0.079805
v -0.247245 0.331580 0.079805
v -0.224633 0.349093 0.104992
v -0.276074 0.415512 0.104992
v -0.269706 0.669592 -0.029242
v -0.302746 0.402963 -0.029242
v -0.302746 0.402963 0.073577
v -0.269706 0.669592 0.073577
v -0.217388 -1.015944 0.066162
v -0.198386 -1.018277 0.025458
v -0.171223 -0.798853 0.025458
v -0.190291 -0.796513 0.066298
v -0.174018 0.503678 0.104526
v -0.154823 0.520520 0.082678
v -0.170015 0.540136 0.104526
v -0.151912 0.514270 0.079924
v -0.086712 0.571477 0.005713
v -0.153338 0.519871 0.079924
v -0.086712 0.571477 0.038620
v -0.151912 0.514270 -0.035589
v -0.153338 0.519871 -0.035589
v -0.154823 0.520520 -0.038343
v -0.174018 0.503678 -0.060190
v -0.170015 0.540136 -0.060190
v -1.213427 1.830086 -0.011523
v -1.213427 1.830086 0.055858
v -1.179966 1.784560 0.055858
v -1.179966 1.784560 -0.011523
v -0.217388 -1.015944 -0.022032
v -0.190289 -0.796513 -0.022168
v -0.171223 -0.798853 0.018672
v -0.198386 -1.018277 0.018672
v -0.400731 -2.083192 0.153204
v -0.407470 -2.138078 0.105186
v -0.347460 -2.145448 0.083132
v -0.302450 -2.095260 0.117086
v -0.668907 -1.599457 0.070765
v -0.833923 -1.579196 0.070765
v -0.850474 -1.713995 0.070765
v -0.685458 -1.734256 0.070765
v -0.657071 -1.813713 0.070765
v -0.703837 -1.883943 0.070765
v -0.987859 -1.849069 0.070765
v -1.004411 -1.983867 0.070765
v -0.459702 -2.050749 0.070765
v -0.373290 -1.346980 0.070765
v -0.829097 -1.291014 0.070765
v -0.845648 -1.425811 0.070765
v -0.650527 -1.449769 0.070765
v -0.622141 -1.529227 0.070765
v 0.554013 1.793826 0.104992
v 0.785169 1.495362 0.104992
v 0.807781 1.512875 0.079805
v 0.576626 1.811340 0.079805
v -0.685458 -1.734256 -0.026635
v -0.850474 -1.713995 -0.026635
v -0.833923 -1.579196 -0.026635
v -0.668907 -1.599457 -0.026635
v -0.622141 -1.529227 -0.026635
v -0.650527 -1.449769 -0.026635
v -0.845648 -1.425811 -0.026635
v -0.829097 -1.291014 -0.026635
v -0.373290 -1.346980 -0.026635
v -0.459702 -2.050749 -0.026635
v -1.004411 -1.983867 -0.026635
v -0.987859 -1.849069 -0.026635
v -0.703837 -1.883943 -0.026635
v -0.657071 -1.813713 -0.026635
v 0.807781 1.512875 -0.035470
v 0.785169 1.495362 -0.060656
v 0.554013 1.793826 -0.060656
v 0.576626 1.811340 -0.035470
v 0.020891 0.293605 -0.035923
v -0.240179 0.328339 -0.035909
v -0.218357 0.345236 -0.060218
v 0.004008 0.315409 -0.060202
v -0.276378 -1.069669 0.112661
v -0.298610 -1.250725 0.111874
v -0.233002 -1.258781 0.087764
v -0.210143 -1.077801 0.088320
v -1.765872 1.415683 -0.011523
v -1.765872 1.415683 0.055858
v -1.591583 1.585439 0.055858
v -1.591583 1.585439 -0.011523
v -0.104823 0.356443 -0.046576
v -0.159996 0.363218 -0.026301
v -0.182577 0.365990 0.022065
v -0.159996 0.363218 0.070431
v -0.104823 0.356443 0.090707
v -0.049651 0.349669 0.070431
v -0.027069 0.346896 0.022065
v -0.049650 0.349669 -0.026300
v -0.137978 -0.749137 0.025531
v -0.164839 -0.745839 0.083067
v -0.188126 -0.789610 0.067411
v -0.168571 -0.792010 0.025531
v -0.069101 0.421018 -0.060656
v -0.086614 0.443630 -0.035470
v 0.375489 0.801521 -0.035470
v 0.393001 0.778910 -0.060656
v -0.342235 -2.146198 -0.034120
v -0.297049 -2.095814 -0.068207
v -0.256564 -2.100785 0.018509
v -0.317664 -2.149213 0.018509
v -0.266280 0.675610 0.073577
v 0.655084 1.389192 0.073577
v 0.655084 1.389192 -0.029242
v -0.266280 0.675610 -0.029242
v 0.308779 1.847957 -0.035917
v 0.569544 1.814557 -0.035915
v 0.547730 1.797662 -0.060212
v 0.325672 1.826146 -0.060209
v -0.188124 -0.789610 -0.023281
v -0.164839 -0.745839 -0.038936
v -0.137978 -0.749137 0.018599
v -0.168571 -0.792010 0.018599
v 0.527399 0.919751 -0.035918
v 0.493892 0.659881 -0.035914
v 0.476997 0.681696 -0.060213
v 0.505590 0.902860 -0.060208
v -0.032934 1.347941 -0.035918
v 0.000758 1.609419 -0.035914
v 0.017652 1.587604 -0.060213
v -0.011123 1.364832 -0.060208
v 0.003034 0.230964 0.025496
v -0.023678 0.342899 0.025496
v -0.044848 0.345499 0.070841
v -0.029809 0.234996 0.095844
v -0.235518 -0.737216 0.111846
v -0.241146 -0.783044 0.089759
v -0.193278 -0.788922 0.072168
v -0.170047 -0.745255 0.087786
v -0.313257 -0.727616 -0.038936
v -0.301252 -0.775719 -0.023281
v -0.320805 -0.773319 0.018599
v -0.340119 -0.724317 0.018599
v -0.108777 0.353318 -0.050451
v -0.121912 0.246335 -0.085792
v -0.201846 0.256150 -0.056417
v -0.160544 0.359674 -0.031427
v 0.119340 1.457179 0.073577
v 0.380481 1.119998 0.073577
v 0.380481 1.119998 -0.029242
v 0.119340 1.457179 -0.029242
v -0.283372 -1.068811 -0.068531
v -0.305603 -1.249867 -0.067744
v -0.371211 -1.241812 -0.043633
v -0.349608 -1.060678 -0.044189
v -0.049977 0.346099 0.075557
v -0.101743 0.352454 0.094582
v -0.114878 0.245471 0.129922
v -0.034945 0.235657 0.100547
v 0.660227 1.394541 -0.029242
v 0.660227 1.394541 0.073577
v 0.656954 1.389953 0.073577
v 0.656954 1.389953 -0.029242
v -0.186834 0.362932 0.025496
v -0.239833 0.260784 0.025496
v -0.206989 0.256753 0.095844
v -0.165665 0.360333 0.070841
v -0.165665 0.360333 -0.026711
v -0.206990 0.256752 -0.051714
v -0.239833 0.260784 0.018634
v -0.186834 0.362932 0.018634
v -0.068047 0.201763 0.065977
v -0.047924 0.105391 0.093909
v -0.015995 0.101470 0.025518
v -0.049158 0.199444 0.025518
v -0.001188 1.612709 -0.029242
v -0.035648 1.345234 -0.029242
v -0.035648 1.345234 0.073577
v -0.001188 1.612708 0.073577
v -0.221605 0.119788 -0.049778
v -0.201481 0.023417 -0.021847
v -0.220371 0.025735 0.018612
v -0.253535 0.123709 0.018612
v -0.282310 1.893509 -0.011523
v -0.282310 1.893509 0.055858
v -0.290824 1.867124 0.055858
v -0.290824 1.867124 -0.011523
v -0.299284 -0.598073 -0.040665
v -0.313679 -0.720395 -0.040118
v -0.341126 -0.717024 0.018672
v -0.326986 -0.594670 0.018672
v -0.172786 0.214577 0.070718
v -0.215585 0.126023 0.098622
v -0.137868 0.116481 0.127182
v -0.126522 0.208897 0.087720
v 0.068830 1.264875 0.018958
v 0.051972 1.455943 0.024376
v 0.051972 1.455943 0.019958
v 0.068830 1.264875 0.025376
v -0.177927 0.215255 -0.021847
v -0.220768 0.126613 -0.049778
v -0.252697 0.130534 0.018612
v -0.196816 0.217574 0.018612
v -0.126521 0.208898 -0.043590
v -0.137868 0.116481 -0.083051
v -0.215584 0.126023 -0.054491
v -0.172786 0.214578 -0.026588
v -0.091602 0.009925 0.065977
v -0.072714 0.007606 0.025518
v -0.016833 0.094645 0.025518
v -0.048762 0.098566 0.093909
v 0.003034 0.230964 0.018634
v -0.029809 0.234996 -0.051714
v -0.044847 0.345499 -0.026710
v -0.023678 0.342899 0.018634
v 0.379812 1.114737 0.075632
v 0.354597 1.095207 0.103720
v 0.257789 1.020232 0.103720
v 0.232573 1.000701 0.075632
v 0.232573 1.000701 -0.031298
v 0.257788 1.020232 -0.059384
v 0.354597 1.095207 -0.059384
v 0.379812 1.114737 -0.031298
v -0.196816 0.217574 0.025518
v -0.252697 0.130534 0.025518
v -0.220767 0.126613 0.093909
v -0.177927 0.215255 0.065977
v 0.378295 0.809450 -0.029242
v 0.378295 0.809450 0.073577
v 0.375858 0.804140 0.073577
v 0.375858 0.804140 -0.029242
v -0.138717 0.109565 -0.083051
v -0.150065 0.017150 -0.043590
v -0.196329 0.022831 -0.026588
v -0.216434 0.119107 -0.054491
v -0.091602 0.009925 -0.021847
v -0.048762 0.098566 -0.049778
v -0.016833 0.094645 0.018612
v -0.072714 0.007606 0.018612
v -0.247043 0.650773 -0.060656
v -0.264557 0.673385 -0.035470
v 0.656808 1.386967 -0.035470
v 0.674321 1.364355 -0.060656
v -0.111814 1.402180 0.020414
v 0.009873 1.640548 -0.036777
v 0.047341 1.461919 0.015179
v 0.048341 1.454435 0.016331
v 0.064711 1.268911 0.021592
v -0.111460 1.394455 0.021587
v 0.143697 1.605938 -0.038560
v 0.053436 1.469180 0.012963
v 0.016280 1.646325 -0.038560
v 0.062398 1.470664 0.013814
v 0.149108 1.602042 -0.035683
v 0.183594 1.555973 0.015939
v -0.826155 1.552589 0.023177
v -0.816317 1.772308 0.083043
v -1.074556 1.714455 0.084060
v -1.292999 1.633975 0.082682
v -1.342796 1.454969 0.023429
v -0.808784 1.773093 0.083076
v -0.818639 1.552928 0.023153
v -0.570860 1.534187 0.022151
v -0.121327 1.399899 0.023402
v 0.005951 1.649214 0.083257
v -0.255866 1.715512 0.084060
v -0.542242 1.760047 0.084060
v -0.818639 1.552928 0.021183
v -0.808784 1.773093 -0.038741
v -0.542242 1.760047 -0.039725
v -0.255866 1.715512 -0.039725
v 0.005951 1.649214 -0.038922
v -0.121327 1.399899 0.020933
v -0.570860 1.534187 0.022184
v -1.729231 1.357095 0.081224
v -2.008516 1.090064 0.024635
v -1.646338 1.334051 0.024410
v -1.510502 1.517445 0.081638
v -1.074556 1.714455 -0.039725
v -0.816317 1.772308 -0.038708
v -0.826155 1.552589 0.021159
v -1.342796 1.454969 0.020907
v -1.292999 1.633975 -0.038347
v -0.251499 1.718195 0.080310
v 0.145824 1.608852 0.080310
v 0.145824 1.608852 -0.035975
v -0.251499 1.718195 -0.035975
v -1.634003 1.339647 0.020558
v -1.494313 1.528732 -0.037858
v -1.301729 1.629709 -0.038215
v -1.351008 1.452918 0.020766
v -1.646338 1.334051 0.019926
v -2.008516 1.090064 0.019701
v -1.729231 1.357095 -0.036889
v -1.510502 1.517445 -0.037303
v 0.009873 1.640548 0.081112
v -0.111814 1.402180 0.023921
v 0.047341 1.461919 0.029156
v 0.048341 1.454435 0.028004
v -0.111460 1.394455 0.022748
v 0.064711 1.268911 0.022743
v 0.016280 1.646325 0.082895
v 0.053436 1.469180 0.031371
v 0.143697 1.605938 0.082895
v 0.149108 1.602042 0.080018
v 0.062398 1.470664 0.030521
v 0.183594 1.555973 0.028397
v 0.236331 0.695332 0.121819
v 0.381933 0.813192 -0.036311
v 0.378307 0.805291 -0.036311
v 0.381071 0.805578 -0.038372
v 0.401189 0.821863 -0.060221
v 0.396263 0.785962 -0.060221
v 0.401189 0.821864 0.104557
v 0.381071 0.805578 0.082707
v 0.396263 0.785962 0.104557
v 0.381932 0.813192 0.080646
v 0.236334 0.695335 -0.077487
v 0.378307 0.805291 0.080646
v -0.031606 1.340273 -0.035470
v -0.008992 1.357787 -0.060656
v 0.252148 1.020606 -0.060656
v 0.229537 1.003093 -0.035470
v 0.777162 1.242036 -0.029242
v 0.811817 1.507915 -0.029242
v 0.811817 1.507915 0.073577
v 0.777162 1.242036 0.073577
v 0.399964 0.829750 -0.060656
v 0.377351 0.812236 -0.035470
v 0.301885 0.909676 -0.035470
v 0.324498 0.927190 -0.060656
v 0.578851 1.813063 0.073577
v 0.810006 1.514599 0.073577
v 0.810006 1.514599 -0.029242
v 0.578851 1.813063 -0.029242
v 0.682833 1.407321 0.104566
v 0.662414 1.391015 0.082698
v 0.677620 1.371382 0.104566
v 0.664602 1.398667 0.080891
v 0.524198 1.286538 -0.069481
v 0.659200 1.391094 0.080891
v 0.524194 1.286534 0.113815
v 0.664603 1.398667 -0.036556
v 0.659200 1.391094 -0.036556
v 0.662414 1.391015 -0.038363
v 0.682833 1.407321 -0.060230
v 0.677620 1.371382 -0.060230
v 0.399964 0.829750 0.104992
v 0.324498 0.927190 0.104992
v 0.301885 0.909676 0.079805
v 0.377351 0.812236 0.079805
v -0.288400 1.862427 -0.011523
v -0.288400 1.862427 0.055858
v -0.170376 1.825184 0.055858
v -0.170376 1.825184 -0.011523
v -0.225856 -0.599970 -0.068301
v -0.291762 -0.591879 -0.044081
v -0.267108 -0.551388 -0.026879
v -0.220592 -0.557099 -0.043973
v -0.167764 -0.738311 0.088928
v -0.152137 -0.616139 0.089473
v -0.219673 -0.607846 0.114293
v -0.234683 -0.730094 0.113521
v 0.418019 1.695680 0.073577
v 0.120884 1.465553 0.073577
v 0.120884 1.465553 -0.029242
v 0.418019 1.695680 -0.029242
v -0.324056 -0.587981 0.025551
v -0.297010 -0.591304 0.083483
v -0.272278 -0.550684 0.066227
v -0.291269 -0.548352 0.025551
v 0.002256 1.618723 0.073577
v 0.299390 1.848849 0.073577
v 0.299390 1.848849 -0.029242
v 0.002256 1.618724 -0.029242
v 0.227312 1.001370 0.073577
v -0.033831 1.338550 0.073577
v -0.033831 1.338550 -0.029242
v 0.227312 1.001370 -0.029242
v -0.150915 0.009966 0.086255
v -0.196104 0.015515 0.069648
v -0.264871 -0.544545 0.069648
v -0.219681 -0.550094 0.086255
v -1.071960 1.718878 0.080310
v -0.816028 1.776071 0.080310
v -0.816028 1.776071 -0.035975
v -1.071960 1.718878 -0.035975
v -1.727958 1.361077 0.080310
v -1.499709 1.528936 0.080310
v -1.499709 1.528936 -0.035975
v -1.727958 1.361077 -0.035975
v -0.120579 -0.612966 0.025551
v -0.142806 -0.566581 0.025551
v -0.161796 -0.564249 0.066227
v -0.147625 -0.609645 0.083483
v -2.034653 1.069068 0.022168
v -1.644001 1.332001 0.022168
v -2.034653 1.069068 0.022168
v -1.644001 1.332001 0.022168
v -1.347915 1.450409 0.022168
v -1.644001 1.332001 0.022168
v -1.347915 1.450409 0.022168
v -1.066188 1.514665 0.022168
v -1.347915 1.450409 0.022168
v -1.066188 1.514665 0.022168
v -1.066188 1.514665 0.022168
v -0.822542 1.549596 0.022168
v -0.822542 1.549596 0.022168
v -0.822542 1.549596 0.022168
v -1.066188 1.514665 0.022168
v -0.822542 1.549596 0.022168
v -0.571547 1.530479 0.022168
v -0.822542 1.549596 0.022168
v -0.571547 1.530479 0.022168
v -0.299902 1.459567 0.022168
v -0.571547 1.530479 0.022168
v -0.299902 1.459567 0.022168
v -0.119370 1.395490 0.022609
v -0.299902 1.459567 0.022168
v 1.233534 0.915299 0.022168
v -0.122904 1.396744 0.025485
v -0.122904 1.396744 0.018850
v -1.146143 1.856409 -0.011523
v -1.146143 1.856409 0.055858
v -0.727604 1.918290 0.055858
v -0.727604 1.918290 -0.011523
v 0.423783 1.701678 0.082645
v 0.443450 1.716909 0.104552
v 0.406806 1.721764 0.104552
v 0.416372 1.701317 0.080383
v 0.484318 1.620927 -0.007291
v 0.423356 1.699641 0.080383
v 0.423783 1.701678 -0.038311
v 0.406806 1.721764 -0.060216
v 0.443450 1.716909 -0.060216
v 0.484319 1.620927 0.051625
v 0.416372 1.701317 -0.036049
v 0.423356 1.699641 -0.036049
v -0.987402 -1.845347 -0.022885
v -0.987402 -1.845347 0.067015
v -0.709398 -1.879482 0.067015
v -0.709398 -1.879482 -0.022885
v -0.075204 0.000669 0.025458
v -0.093650 0.002934 0.064970
v -0.162417 -0.557125 0.064970
v -0.143970 -0.559390 0.025458
v -0.227027 -1.266349 0.084542
v -0.202725 -1.324724 0.112047
v -0.162360 -1.329681 0.025586
v -0.199502 -1.269728 0.025586
v -0.227027 -1.266349 -0.040412
v -0.199502 -1.269728 0.018544
v -0.162360 -1.329681 0.018544
v -0.202725 -1.324724 -0.067916
v -0.093650 0.002934 -0.020840
v -0.075204 0.000669 0.018672
v -0.143970 -0.559390 0.018672
v -0.162417 -0.557125 -0.020840
v -0.324598 -1.010018 -0.027872
v -0.276910 -1.015874 -0.045397
v -0.282533 -1.061675 -0.066931
v -0.347386 -1.053712 -0.043098
v 0.419738 1.698275 -0.029242
v 0.419738 1.698275 0.073577
v 0.424631 1.697101 0.073577
v 0.424631 1.697101 -0.029242
v -0.407907 -2.082310 -0.109074
v -0.414646 -2.137197 -0.061054
v -0.474657 -2.129828 -0.039001
v -0.506189 -2.070244 -0.072956
v -0.252955 -2.094631 0.025458
v -0.160704 -1.336718 0.025458
v -0.201861 -1.331664 0.113616
v -0.294347 -2.089549 0.114115
v -0.306511 -1.256680 -0.069912
v -0.313190 -1.311070 -0.108681
v -0.411220 -1.299034 -0.072656
v -0.373641 -1.248438 -0.045242
v 0.306075 1.850669 -0.029242
v 0.306075 1.850669 0.073577
v 0.572835 1.816504 0.073577
v 0.572835 1.816504 -0.029242
v 0.007035 0.322712 0.107470
v 0.469138 0.680604 0.107470
v 0.397020 0.773720 0.107470
v -0.065082 0.415828 0.107470
v -0.232247 -1.265799 0.089372
v -0.299377 -1.257556 0.114042
v -0.306056 -1.311946 0.152813
v -0.208024 -1.323983 0.116787
v -0.378839 -1.247709 0.084542
v -0.406364 -1.244329 0.025586
v -0.456907 -1.293514 0.025586
v -0.416541 -1.298471 0.112047
v -0.243023 0.645583 -0.063134
v 0.678340 1.359165 -0.063134
v 0.750457 1.266049 -0.063134
v -0.170907 0.552467 -0.063134
v 0.378256 1.118275 -0.035470
v 0.355645 1.100762 -0.060656
v 0.094503 1.437942 -0.060656
v 0.117115 1.455456 -0.035470
v 0.007035 0.322712 -0.063134
v -0.065082 0.415828 -0.063134
v 0.397020 0.773720 -0.063134
v 0.469138 0.680604 -0.063134
v -0.411412 -2.140522 -0.055858
v -0.348842 -2.148206 -0.032864
v -0.323196 -2.151353 0.022065
v -0.348843 -2.148206 0.076994
v -0.411413 -2.140522 0.099989
v -0.473984 -2.132838 0.076994
v -0.499629 -2.129690 0.022065
v -0.473983 -2.132838 -0.032864
v -0.846105 -1.429533 -0.022885
v -0.657002 -1.452752 -0.022885
v -0.657002 -1.452752 0.067015
v -0.846105 -1.429533 0.067015
v -0.378839 -1.247709 -0.040412
v -0.416541 -1.298471 -0.067916
v -0.456907 -1.293514 0.018544
v -0.406364 -1.244329 0.018544
v -0.373641 -1.248438 0.089372
v -0.411220 -1.299034 0.116787
v -0.313191 -1.311070 0.152813
v -0.306512 -1.256680 0.114042
v -0.419058 -1.304996 -0.069485
v -0.512668 -2.062743 -0.069985
v -0.554061 -2.057661 0.018672
v -0.460216 -1.299942 0.018672
v -0.400010 -2.076574 -0.111627
v -0.306963 -1.318759 -0.110920
v -0.206942 -1.331040 -0.074163
v -0.299427 -2.088925 -0.074663
v 0.455708 1.717689 -0.063134
v 0.548823 1.789806 -0.063134
v 0.779979 1.491343 -0.063134
v 0.686863 1.419226 -0.063134
v -0.808622 1.776708 0.080310
v -0.545608 1.763964 0.080310
v -0.545608 1.763964 -0.035975
v -0.808622 1.776708 -0.035975
v 0.022812 1.579932 -0.063134
v 0.093032 1.489267 -0.063134
v 0.086474 1.441209 -0.063134
v -0.004181 1.371000 -0.063134
v 0.021492 1.593886 -0.060656
v 0.003979 1.616499 -0.035470
v 0.301114 1.846624 -0.035470
v 0.318628 1.824012 -0.060656
v -0.282533 -1.061675 0.111061
v -0.276910 -1.015874 0.089527
v -0.324599 -1.010018 0.072002
v -0.347386 -1.053712 0.087228
vn 0.2260 -0.8880 -0.4004
vn 0.2260 -0.8880 0.4004
vn 0.1744 -0.6853 0.7071
vn 0.1744 -0.6853 -0.7071
vn -0.2260 0.8880 0.4004
vn -0.1744 0.6853 0.7071
vn -0.2260 0.8880 -0.4004
vn -0.1744 0.6853 -0.7071
vn -0.5319 -0.8443 0.0649
vn -0.5930 0.6690 0.4481
vn -0.0684 0.2129 0.9747
vn -0.1155 -0.1777 0.9773
vn -0.4279 -0.2873 -0.8570
vn -0.3480 0.3714 -0.8608
vn 0.6982 0.6022 -0.3870
vn 0.6393 0.3945 0.6601
vn -0.5370 0.4982 -0.6808
vn 0.5371 -0.7532 -0.3797
vn 0.5303 -0.5261 0.6648
vn -0.6392 -0.3660 -0.6763
vn 0.0904 0.7013 0.7071
vn -0.0904 -0.7013 0.7071
vn -0.8620 -0.3005 0.4082
vn -0.7576 0.5093 0.4082
vn 0.8620 0.3005 0.4082
vn 0.7576 -0.5093 0.4082
vn -0.0904 -0.7013 -0.7071
vn -0.8620 -0.3005 -0.4082
vn 0.7576 -0.5093 -0.4082
vn 0.0904 0.7013 -0.7071
vn -0.7576 0.5093 -0.4082
vn 0.8620 0.3005 -0.4082
vn 0.2341 0.8525 -0.4673
vn 0.8840 0.0134 0.4673
vn 0.1800 0.4344 0.8826
vn -0.1952 0.9188 0.3430
vn 0.4656 0.0656 -0.8826
vn 0.8408 -0.4189 -0.3430
vn -0.2341 -0.8525 0.4673
vn -0.4656 -0.0656 0.8826
vn 0.1953 -0.9188 -0.3430
vn -0.8840 -0.0134 -0.4673
vn -0.8408 0.4189 0.3430
vn -0.1800 -0.4344 -0.8826
vn -0.1953 0.9188 0.3430
vn -0.5363 0.7444 -0.3977
vn 0.7366 0.5038 0.4513
vn 0.1169 0.1846 0.9758
vn -0.5272 0.5325 0.6622
vn 0.6405 0.3589 -0.6789
vn 0.4277 0.2810 -0.8591
vn 0.5927 -0.6665 0.4523
vn 0.0689 -0.2057 0.9762
vn 0.3467 -0.3776 -0.8586
vn -0.7012 -0.6015 -0.3828
vn -0.6407 -0.3874 0.6629
vn 0.5340 -0.5048 -0.6783
vn -0.3570 0.6795 -0.6410
vn 0.7927 0.5940 0.1370
vn 0.2359 0.5896 0.7725
vn -0.2892 0.8543 0.4318
vn 0.6484 -0.1070 -0.7538
vn 0.4172 -0.1220 -0.9006
vn 0.5725 -0.4954 0.6533
vn 0.1237 0.2184 0.9680
vn 0.2668 -0.7285 -0.6309
vn -0.8572 -0.4963 -0.1372
vn -0.6544 0.0815 0.7517
vn 0.3008 -0.8367 -0.4577
vn -0.5341 0.7444 -0.4007
vn 0.7372 0.5056 0.4481
vn 0.1179 0.1900 0.9747
vn -0.5249 0.5374 0.6601
vn 0.6415 0.3535 -0.6808
vn 0.4276 0.2761 -0.8608
vn 0.5923 -0.6647 0.4553
vn 0.0690 -0.2004 0.9773
vn 0.3456 -0.3823 -0.8570
vn -0.7034 -0.6009 -0.3796
vn -0.6418 -0.3821 0.6649
vn 0.5316 -0.5098 -0.6764
vn 0.7505 0.6180 -0.2340
vn -0.3488 -0.2477 -0.9039
vn 0.1378 -0.9107 -0.3895
vn 0.8524 -0.5113 -0.1098
vn -0.6416 0.7085 -0.2940
vn -0.8104 0.4360 -0.3914
vn -0.3488 -0.2477 0.9039
vn 0.1378 -0.9107 0.3895
vn -0.8104 0.4360 0.3914
vn 0.8417 0.2933 0.4534
vn 0.8524 -0.5113 0.1098
vn -0.6416 0.7085 0.2940
vn -0.6914 -0.4545 -0.5616
vn 0.8031 -0.5957 0.0110
vn 0.6587 0.2042 -0.7242
vn 0.0308 0.2510 -0.9675
vn -0.1118 -0.9109 0.3972
vn -0.3598 -0.8900 0.2800
vn 0.4031 0.4918 0.7718
vn 0.3531 0.9001 -0.2551
vn -0.6570 -0.2240 0.7199
vn -0.7201 0.6052 0.3394
vn 0.1131 0.9208 -0.3733
vn -0.0336 -0.2737 0.9612
vn -0.5327 -0.8442 0.0601
vn -0.5928 0.6671 0.4512
vn -0.0688 0.2075 0.9758
vn -0.1166 -0.1829 0.9762
vn -0.4277 -0.2825 -0.8586
vn -0.3471 0.3761 -0.8591
vn 0.7004 0.6017 -0.3839
vn 0.6404 0.3892 0.6622
vn -0.5347 0.5032 -0.6789
vn 0.5348 -0.7533 -0.3828
vn 0.5279 -0.5309 0.6629
vn -0.6403 -0.3606 -0.6782
vn 0.0322 -0.0169 0.9993
vn 0.2713 -0.5913 -0.7594
vn -0.5543 -0.8234 -0.1214
vn -0.5543 -0.8234 0.1214
vn 0.6246 0.7351 0.2636
vn 0.6247 0.7351 -0.2636
vn -0.5765 0.7110 -0.4026
vn -0.9684 0.0173 -0.2489
vn 0.2018 0.9360 -0.2885
vn -0.5765 0.7110 0.4026
vn -0.9684 0.0174 0.2489
vn 0.2018 0.9360 0.2885
vn -0.2728 0.5712 -0.7742
vn 0.8207 0.5635 -0.0945
vn 0.3312 0.7672 0.5494
vn -0.1248 0.9588 0.2551
vn 0.5832 -0.3762 -0.7199
vn 0.4139 -0.3486 -0.8409
vn 0.5628 -0.3870 0.7304
vn 0.1802 0.4332 0.8831
vn 0.2269 -0.8804 -0.4165
vn -0.9234 -0.3837 -0.0109
vn -0.5897 0.3574 0.7242
vn 0.1338 -0.9506 -0.2800
vn -0.5369 -0.6296 0.5616
vn -0.3726 0.7250 0.5793
vn 0.6397 0.3926 0.6608
vn 0.5295 -0.5279 0.6641
vn -0.6395 -0.3641 -0.6771
vn -0.5361 0.5000 -0.6801
vn 0.2066 0.6556 -0.7263
vn 0.9312 0.3646 -0.0000
vn -0.8444 0.5357 -0.0000
vn 0.0480 -0.6871 -0.7249
vn 0.8209 -0.5710 -0.0000
vn -0.9458 -0.3247 -0.0000
vn 0.1318 -0.9847 -0.1140
vn 0.5941 -0.3907 0.7031
vn -0.9644 -0.0107 0.2643
vn 0.6014 -0.3811 0.7022
vn -0.9620 -0.0126 0.2727
vn 0.1348 -0.9852 -0.1058
vn 0.8528 -0.5222 -0.0000
vn -0.5217 -0.8520 0.0426
vn 0.3613 0.5900 -0.7220
vn -0.8528 0.5222 -0.0000
vn 0.6079 0.7872 -0.1043
vn 0.0920 -0.9944 0.0516
vn -0.9939 -0.0841 0.0712
vn 0.5204 0.8517 -0.0612
vn -0.9935 -0.0878 0.0719
vn 0.5203 0.8517 -0.0615
vn 0.6017 0.7918 -0.1049
vn 0.0958 -0.9941 0.0516
vn -0.4794 -0.5829 -0.6560
vn -0.4703 -0.6678 0.5770
vn 0.4704 -0.8541 0.2221
vn 0.4722 -0.8554 -0.2129
vn -0.9078 0.3089 -0.2836
vn -0.9099 0.3111 0.2743
vn 0.7684 0.6398 -0.0127
vn 0.8166 -0.5771 -0.0106
vn -0.7610 0.6486 0.0147
vn -0.5305 -0.5815 0.6168
vn 0.6810 -0.7141 0.1619
vn -0.0941 -0.7664 -0.6355
vn -0.5076 -0.7287 -0.4596
vn 0.6495 -0.1008 0.7537
vn -0.0049 -0.0400 0.9992
vn 0.7437 0.5566 -0.3704
vn 0.0085 0.0693 -0.9976
vn 0.0916 0.7461 0.6596
vn -0.6949 0.7010 0.1605
vn -0.6486 0.1277 -0.7503
vn 0.5142 0.7074 0.4850
vn -0.1261 -0.9920 -0.0000
vn 0.9920 -0.1261 -0.0000
vn 0.5727 -0.0728 -0.8165
vn -0.0728 -0.5727 -0.8165
vn -0.0728 -0.5727 0.8165
vn 0.5727 -0.0728 0.8165
vn 0.1261 0.9920 -0.0000
vn 0.0728 0.5727 -0.8165
vn 0.0728 0.5727 0.8165
vn -0.9920 0.1261 -0.0000
vn -0.5727 0.0728 -0.8165
vn -0.5727 0.0728 0.8165
vn -0.0166 0.9105 -0.4132
vn -0.8240 0.2899 0.4868
vn -0.9204 -0.1926 -0.3402
vn -0.4318 0.1858 -0.8826
vn 0.4008 0.8196 0.4094
vn -0.0016 0.5074 0.8617
vn 0.1406 -0.9881 -0.0619
vn -0.4045 -0.5605 -0.7227
vn 0.3051 0.6585 0.6879
vn 0.5731 -0.6259 -0.5290
vn -0.3396 -0.5443 -0.7671
vn 0.3171 0.6218 0.7161
vn 0.6139 -0.7893 0.0055
vn -0.8240 0.2899 -0.4868
vn -0.9204 -0.1926 0.3403
vn -0.4044 -0.5605 0.7227
vn 0.3050 0.6585 -0.6880
vn -0.0016 0.5074 -0.8617
vn -0.0166 0.9105 0.4131
vn -0.4318 0.1858 0.8826
vn 0.4008 0.8196 -0.4094
vn 0.5731 -0.6259 0.5290
vn -0.3396 -0.5443 0.7671
vn 0.3171 0.6217 -0.7161
vn 0.4843 0.7586 0.4359
vn 0.6245 -0.7675 0.1449
vn 0.0850 -0.6210 0.7792
vn 0.0674 -0.2333 0.9701
vn 0.4350 0.6358 -0.6376
vn 0.4324 0.0092 -0.9016
vn -0.5129 -0.5782 -0.6345
vn -0.4917 -0.7528 0.4377
vn 0.6540 -0.0631 -0.7539
vn -0.7081 0.6916 -0.1421
vn -0.6536 0.0895 0.7516
vn 0.4986 0.7325 -0.4635
vn 0.9657 0.2598 -0.0000
vn 0.2481 -0.9687 -0.0000
vn 0.1677 -0.6550 0.7367
vn 0.3477 0.0935 0.9329
vn 0.3477 0.0935 -0.9329
vn 0.1677 -0.6550 -0.7367
vn -0.5096 -0.8604 -0.0000
vn -0.3470 -0.5859 0.7324
vn -0.3470 -0.5859 -0.7324
vn -0.8665 0.4991 -0.0000
vn -0.3074 0.1771 0.9350
vn -0.3074 0.1771 -0.9350
vn 0.5423 0.6280 0.5581
vn 0.3670 -0.7249 0.5829
vn -0.6415 -0.3841 0.6641
vn -0.5257 0.5356 0.6608
vn 0.6412 0.3554 -0.6801
vn 0.5325 -0.5080 -0.6771
vn -0.2128 -0.6551 -0.7249
vn -0.9347 -0.3555 -0.0000
vn 0.8392 -0.5439 -0.0000
vn -0.0418 0.6861 -0.7263
vn -0.8153 0.5790 -0.0000
vn 0.9489 0.3155 -0.0000
vn 0.0862 0.7018 -0.7071
vn -0.0862 -0.7018 -0.7071
vn 0.7607 -0.5047 -0.4083
vn 0.8602 0.3057 -0.4082
vn -0.7607 0.5047 -0.4083
vn -0.8602 -0.3057 -0.4082
vn -0.0862 -0.7018 0.7071
vn 0.7607 -0.5047 0.4083
vn -0.8602 -0.3057 0.4082
vn 0.0862 0.7018 0.7071
vn 0.8602 0.3057 0.4082
vn -0.7607 0.5047 0.4083
vn -0.2480 -0.8821 -0.4004
vn -0.2480 -0.8821 0.4004
vn -0.1914 -0.6807 0.7071
vn -0.1914 -0.6807 -0.7071
vn -0.1914 -0.6808 -0.7071
vn 0.2479 0.8822 0.4004
vn 0.1913 0.6807 0.7071
vn 0.2479 0.8822 -0.4004
vn 0.1913 0.6807 -0.7071
vn 0.1913 0.6808 -0.7071
vn 0.1953 -0.9188 -0.3429
vn -0.1799 -0.4344 -0.8826
vn -0.8408 0.4189 0.3429
vn 0.5590 0.4330 -0.7071
vn -0.5590 -0.4330 -0.7071
vn 0.1772 -0.8955 -0.4082
vn 0.8227 -0.3956 -0.4082
vn -0.1772 0.8955 -0.4082
vn -0.8227 0.3956 -0.4082
vn -0.5590 -0.4330 0.7071
vn 0.1772 -0.8955 0.4082
vn -0.8227 0.3956 0.4082
vn 0.5590 0.4330 0.7071
vn 0.8227 -0.3956 0.4082
vn -0.1772 0.8955 0.4082
vn -0.2341 -0.8525 -0.4673
vn 0.8840 0.0134 -0.4673
vn 0.1800 0.4344 -0.8826
vn -0.4656 -0.0656 -0.8826
vn 0.1953 -0.9188 0.3430
vn 0.8408 -0.4189 0.3430
vn 0.2341 0.8525 0.4673
vn -0.1953 0.9188 -0.3430
vn 0.4656 0.0656 0.8826
vn -0.8840 -0.0134 0.4673
vn -0.8408 0.4189 -0.3430
vn -0.1800 -0.4344 0.8826
vn -0.8227 0.3955 -0.4082
vn 0.1772 -0.8955 -0.4083
vn 0.8227 -0.3956 -0.4083
vn 0.8227 -0.3956 0.4083
vn -0.8227 0.3955 0.4082
vn 0.1772 -0.8955 0.4083
vn -0.7365 -0.5457 -0.3998
vn 0.7117 -0.6890 0.1372
vn 0.6547 -0.0792 -0.7517
vn -0.0028 -0.0229 -0.9997
vn -0.0951 -0.7748 0.6250
vn -0.4943 -0.7391 0.4576
vn 0.5089 0.5760 0.6397
vn 0.4873 0.7590 -0.4318
vn -0.6550 0.0530 0.7538
vn -0.6867 0.7018 0.1895
vn 0.0975 0.7937 -0.6004
vn -0.0007 -0.0058 1.0000
vn 0.1952 -0.9188 -0.3430
vn 0.8352 0.5486 -0.0379
vn 0.2123 -0.9144 0.3448
vn 0.0994 -0.2165 0.9712
vn 0.1847 -0.1504 0.9712
vn -0.1585 0.2360 -0.9588
vn -0.1889 0.2124 -0.9588
vn -0.9862 0.1591 -0.0468
vn -0.5767 0.0733 0.8137
vn -0.5206 0.1063 -0.8472
vn 0.0927 0.9946 -0.0468
vn 0.0733 0.5767 0.8137
vn 0.0273 0.5306 -0.8472
vn 0.0992 -0.9446 0.3130
vn -0.0448 -0.9901 0.1334
vn -0.9957 0.0657 0.0653
vn 0.9355 -0.3532 0.0001
vn -0.9960 0.0620 0.0644
vn 0.9373 -0.3485 -0.0004
vn 0.1018 -0.9459 0.3081
vn -0.0417 -0.9905 0.1308
vn -0.0197 -0.9970 -0.0746
vn 0.5588 -0.4452 0.6997
vn -0.9435 0.1417 0.2996
vn 0.5674 -0.4364 0.6983
vn -0.9411 0.1397 0.3079
vn -0.0163 -0.9977 -0.0662
vn -0.5457 0.8380 -0.0000
vn -0.8358 -0.5443 -0.0719
vn 0.1680 0.1094 0.9797
vn 0.5457 -0.8380 -0.0000
vn -0.7449 -0.4851 0.4579
vn -0.6314 -0.5244 0.5712
vn 0.5742 0.8185 0.0187
vn 0.7521 -0.6583 -0.0298
vn 0.3423 -0.9007 0.2675
vn -0.8510 0.4560 0.2603
vn -0.6316 0.7751 0.0179
vn -0.5593 -0.5631 -0.6084
vn 0.3455 -0.9048 -0.2487
vn -0.8482 0.4532 -0.2743
vn 0.7023 -0.0862 -0.7067
vn -0.6976 0.1184 -0.7066
vn -0.1772 -0.8765 -0.4476
vn -0.0904 -0.8889 -0.4490
vn 0.0906 0.8912 -0.4445
vn 0.1770 0.8788 -0.4432
vn -0.6976 0.1184 0.7066
vn -0.1772 -0.8765 0.4476
vn 0.1770 0.8788 0.4432
vn 0.7023 -0.0862 0.7067
vn -0.0904 -0.8889 0.4490
vn 0.0906 0.8912 0.4445
vn -0.8408 0.4189 -0.3429
vn -0.5764 0.6873 -0.4421
vn -0.8393 -0.4931 0.2290
vn -0.1020 -0.8310 -0.5469
vn -0.0056 -0.0457 -0.9989
vn 0.1000 0.8143 0.5718
vn 0.0090 0.0732 0.9973
vn 0.3312 -0.6584 0.6758
vn 0.2489 -0.8868 -0.3895
vn -0.6368 0.1765 0.7506
vn 0.8758 0.4714 0.1039
vn 0.6431 -0.1522 -0.7505
vn -0.2603 0.8715 0.4157
vn -0.3577 0.6673 -0.6533
vn 0.2529 0.5998 0.7591
vn -0.9934 0.1149 -0.0000
vn 0.6939 0.7200 -0.0000
vn 0.6314 -0.6609 0.4056
vn 0.0956 -0.6147 -0.7830
vn -0.6665 -0.7455 -0.0000
vn 0.9969 -0.0793 -0.0000
vn 0.5378 -0.5845 -0.6076
vn -0.0843 -0.5156 0.8527
vn 0.6587 0.2041 0.7242
vn 0.9817 0.1902 -0.0000
vn -0.4656 -0.8850 -0.0000
vn -0.3597 -0.8901 -0.2799
vn -0.7613 0.5647 0.3186
vn 0.3531 0.9001 0.2551
vn -0.6570 -0.2240 -0.7199
vn -0.2627 0.5250 -0.8095
vn 0.4393 0.8983 -0.0000
vn -0.9761 -0.2175 -0.0000
vn -0.7005 -0.5925 0.3978
vn 0.6317 -0.7688 -0.0996
vn -0.0565 -0.4602 -0.8860
vn -0.6405 -0.3892 -0.6621
vn 0.5347 -0.5031 0.6789
vn -0.0527 -0.4288 0.9019
vn 0.7987 0.5933 -0.1008
vn 0.0563 0.4586 -0.8869
vn 0.0529 0.4305 0.9010
vn -0.5348 0.7533 0.3828
vn -0.5281 0.5309 -0.6628
vn 0.6402 0.3607 0.6782
vn -0.4439 0.5504 0.7071
vn -0.4439 0.5504 -0.7071
vn 0.3793 0.8303 -0.4082
vn 0.3793 0.8303 0.4082
vn -0.8919 -0.1947 0.4082
vn -0.8919 -0.1947 -0.4083
vn 0.4439 -0.5504 -0.7071
vn 0.8919 0.1947 -0.4083
vn -0.3793 -0.8303 -0.4082
vn 0.4439 -0.5505 0.7071
vn 0.8919 0.1947 0.4083
vn -0.3793 -0.8303 0.4082
vn 0.1889 -0.9061 0.3785
vn 0.4132 0.8291 0.3767
vn 0.8762 0.2709 -0.3986
vn 0.7782 -0.4852 -0.3988
vn -0.6129 -0.3055 0.7287
vn -0.5171 0.4512 0.7273
vn -0.4813 0.5508 -0.6819
vn 0.2647 0.2877 -0.9204
vn -0.8990 0.4374 0.0207
vn -0.6046 -0.4109 -0.6823
vn 0.1839 -0.3451 -0.9204
vn -0.9804 -0.1955 0.0232
vn 0.8294 -0.4120 0.3773
vn 0.5499 0.4818 -0.6823
vn 0.2875 -0.2649 -0.9204
vn 0.2721 -0.8757 -0.3988
vn 0.4507 0.5169 0.7278
vn 0.4366 0.8994 0.0218
vn -0.4111 0.6049 -0.6820
vn -0.3452 -0.1838 -0.9204
vn -0.1961 0.9803 0.0225
vn -0.9061 -0.1897 0.3780
vn -0.4844 -0.7786 -0.3989
vn -0.3060 0.6129 0.7285
vn -0.5349 0.7444 -0.3997
vn 0.7370 0.5051 0.4492
vn 0.1175 0.1881 0.9751
vn 0.4277 0.2779 -0.8602
vn 0.5924 -0.6654 0.4542
vn 0.0690 -0.2023 0.9769
vn 0.3461 -0.3806 -0.8575
vn -0.7026 -0.6012 -0.3808
vn 0.4945 0.8692 -0.0000
vn 0.2650 -0.9643 -0.0000
vn 0.0943 -0.3433 0.9345
vn 0.1774 0.3119 0.9334
vn 0.1774 0.3119 -0.9334
vn 0.0943 -0.3433 -0.9345
vn -0.9625 -0.2714 -0.0000
vn -0.6544 -0.1845 0.7333
vn -0.6544 -0.1845 -0.7333
vn -0.8725 0.4887 -0.0000
vn -0.5909 0.3310 0.7357
vn -0.5909 0.3310 -0.7357
vn 0.4944 0.8011 0.3372
vn 0.6134 -0.7525 0.2397
vn 0.0728 -0.5148 0.8542
vn 0.0740 -0.1234 0.9896
vn 0.4340 0.5480 -0.7151
vn 0.4089 -0.0957 -0.9076
vn -0.5647 -0.5997 -0.5670
vn -0.5428 -0.6679 0.5092
vn 0.6348 -0.1891 -0.7492
vn -0.6628 0.7202 -0.2049
vn -0.6330 0.2170 0.7431
vn 0.5484 0.6440 -0.5333
vn -0.2613 0.9653 -0.0000
vn 0.9670 0.2546 -0.0000
vn 0.6549 0.1725 0.7358
vn -0.0938 0.3464 0.9334
vn -0.0938 0.3464 -0.9334
vn 0.6549 0.1725 -0.7358
vn 0.8639 -0.5037 -0.0000
vn 0.5874 -0.3425 0.7333
vn 0.5874 -0.3425 -0.7333
vn -0.4978 -0.8673 -0.0000
vn -0.1772 -0.3087 0.9345
vn -0.1772 -0.3087 -0.9345
vn -0.4803 -0.4233 0.7682
vn -0.7046 0.6381 -0.3103
vn -0.2071 0.9357 0.2857
vn -0.0904 0.6384 0.7644
vn -0.4254 -0.8876 -0.1768
vn -0.5317 -0.4199 -0.7355
vn 0.3156 0.3733 -0.8723
vn 0.2095 0.9748 0.0767
vn -0.6126 -0.4641 -0.6398
vn 0.8753 -0.4759 0.0854
vn 0.6145 0.4514 0.6470
vn -0.2127 -0.9723 -0.0969
vn -0.5119 0.7654 0.3901
vn -0.7012 -0.6015 0.3828
vn -0.6407 -0.3875 -0.6629
vn -0.5271 0.5325 -0.6622
vn 0.6405 0.3589 0.6789
vn 0.5339 -0.5048 0.6783
vn 0.6315 -0.7688 -0.1008
vn -0.0563 -0.4586 -0.8869
vn -0.0529 -0.4304 0.9011
vn 0.7989 0.5931 -0.0997
vn 0.0565 0.4601 -0.8861
vn 0.0527 0.4288 0.9018
vn -0.7018 0.0862 -0.7071
vn 0.7018 -0.0862 -0.7071
vn 0.5047 0.7607 -0.4082
vn -0.3057 0.8602 -0.4082
vn -0.5047 -0.7606 -0.4083
vn 0.3057 -0.8602 -0.4083
vn 0.7018 -0.0862 0.7071
vn 0.5047 0.7607 0.4082
vn 0.3057 -0.8602 0.4083
vn -0.7018 0.0862 0.7071
vn -0.3057 0.8602 0.4082
vn -0.5047 -0.7607 0.4083
vn 0.3643 -0.6653 0.6517
vn -0.1019 0.6123 0.7840
vn 0.6591 0.7520 -0.0000
vn 0.9946 -0.1042 -0.0000
vn -0.6867 -0.7270 -0.0000
vn -0.9976 0.0688 -0.0000
vn -0.6365 0.6581 -0.4022
vn -0.2467 -0.5979 -0.7627
vn -0.4330 0.5590 -0.7071
vn 0.4330 -0.5590 -0.7071
vn 0.8955 0.1772 -0.4082
vn 0.3956 0.8227 -0.4082
vn -0.8955 -0.1772 -0.4082
vn -0.3956 -0.8227 -0.4082
vn 0.4330 -0.5590 0.7071
vn 0.8955 0.1772 0.4082
vn -0.3956 -0.8227 0.4082
vn -0.4330 0.5590 0.7071
vn 0.3956 0.8227 0.4082
vn -0.8955 -0.1772 0.4082
vn 0.0480 -0.6871 0.7250
vn 0.2066 0.6556 0.7263
vn -0.3725 0.7250 -0.5793
vn 0.6397 0.3925 -0.6608
vn -0.5361 0.5000 0.6801
vn -0.5315 -0.6145 -0.5830
vn 0.5295 -0.5278 -0.6641
vn -0.6395 -0.3640 0.6771
vn 0.4871 0.7727 0.4071
vn 0.6209 -0.7643 0.1739
vn 0.0807 -0.5903 0.8032
vn 0.0689 -0.2010 0.9772
vn 0.4349 0.6106 -0.6619
vn 0.4255 -0.0218 -0.9047
vn -0.5283 -0.5857 -0.6147
vn -0.5076 -0.7287 0.4597
vn 0.6494 -0.1008 -0.7537
vn -0.6949 0.7010 -0.1605
vn -0.6486 0.1277 0.7504
vn 0.5142 0.7074 -0.4850
vn 0.3936 -0.7183 0.5737
vn 0.8174 0.5384 0.2050
vn 0.6667 0.0574 -0.7431
vn 0.3651 -0.7793 -0.5093
vn -0.6616 -0.0299 0.7492
vn -0.3763 0.7576 0.5333
vn -0.5955 0.7390 -0.3150
vn 0.0190 0.1549 -0.9878
vn 0.0846 0.6885 0.7203
vn -0.8281 -0.5498 0.1094
vn -0.0874 -0.7114 -0.6973
vn -0.0153 -0.1246 0.9921
vn -0.5047 -0.7606 0.4083
vn -0.4837 -0.7545 0.4436
vn -0.6255 0.7681 0.1370
vn -0.0862 0.6291 0.7725
vn -0.0671 0.2418 0.9680
vn -0.4351 -0.6424 -0.6309
vn -0.4343 -0.0175 -0.9006
vn 0.5088 0.5760 -0.6398
vn 0.4873 0.7590 0.4318
vn -0.6550 0.0530 -0.7537
vn 0.7116 -0.6890 -0.1372
vn 0.6547 -0.0793 0.7517
vn -0.4943 -0.7391 -0.4576
vn -0.6632 -0.4370 0.6075
vn -0.0429 -0.5207 -0.8527
vn -0.5897 0.3575 -0.7242
vn -0.9066 0.4221 -0.0000
vn 0.2377 -0.9713 -0.0000
vn 0.1338 -0.9506 0.2800
vn 0.8753 0.3638 -0.3185
vn -0.1248 0.9588 -0.2551
vn 0.5832 -0.3762 0.7199
vn 0.3819 0.4459 0.8095
vn -0.2090 0.9779 -0.0000
vn 0.8945 -0.4471 -0.0000
vn 0.8525 -0.2341 0.4673
vn 0.0134 -0.8840 -0.4673
vn -0.4189 -0.8408 0.3430
vn 0.0656 -0.4656 0.8826
vn 0.9188 0.1953 -0.3430
vn 0.4344 -0.1800 -0.8826
vn -0.8525 0.2341 -0.4673
vn -0.9188 -0.1952 0.3430
vn -0.0656 0.4656 -0.8826
vn -0.0134 0.8840 0.4673
vn -0.4344 0.1800 0.8826
vn 0.4189 0.8408 -0.3430
vn 0.8525 -0.2341 -0.4673
vn -0.0134 0.8840 -0.4673
vn -0.4344 0.1800 -0.8826
vn 0.0656 -0.4656 -0.8826
vn 0.9188 0.1953 0.3430
vn 0.4189 0.8408 0.3430
vn -0.8525 0.2341 0.4673
vn -0.9188 -0.1952 -0.3430
vn -0.0656 0.4656 0.8826
vn 0.0134 -0.8840 0.4673
vn -0.4189 -0.8408 -0.3430
vn 0.4344 -0.1800 0.8826
vn 0.5378 -0.5845 0.6076
vn -0.2627 0.5250 0.8095
vn -0.7613 0.5647 -0.3186
vn -0.0843 -0.5156 -0.8527
vn 0.9188 0.1952 0.3430
vn -0.4938 0.5466 -0.6763
vn 0.8294 -0.4427 -0.3408
vn 0.8886 0.4583 -0.0198
vn 0.3909 0.8234 -0.4114
vn -0.9203 -0.2044 -0.3337
vn -0.9535 -0.2965 0.0534
vn 0.8295 -0.4428 0.3405
vn 0.8886 0.4583 0.0196
vn -0.9536 -0.2962 -0.0533
vn -0.4938 0.5466 0.6763
vn 0.3909 0.8234 0.4113
vn -0.9203 -0.2044 0.3337
vn 0.3328 -0.6741 0.6594
vn -0.0721 0.6229 0.7790
vn 0.6935 0.7205 -0.0000
vn 0.9879 -0.1550 -0.0000
vn -0.7206 -0.6933 -0.0000
vn -0.9929 0.1186 -0.0000
vn -0.6121 0.6707 -0.4189
vn 0.5076 0.7287 -0.4597
vn -0.6494 0.1008 0.7537
vn -0.2758 -0.6066 -0.7457
vn 0.6486 -0.1277 -0.7504
vn -0.5142 -0.7074 0.4850
vn 0.6110 0.3575 -0.7063
vn -0.6391 -0.3043 -0.7064
vn 0.3633 -0.8158 -0.4500
vn 0.4734 -0.7569 -0.4506
vn -0.4751 0.7596 -0.4442
vn -0.3644 0.8183 -0.4444
vn -0.6391 -0.3043 0.7064
vn 0.3633 -0.8158 0.4500
vn -0.3644 0.8183 0.4444
vn 0.6110 0.3575 0.7063
vn 0.4734 -0.7569 0.4506
vn -0.4751 0.7596 0.4442
vn 0.5547 0.5313 -0.6403
vn -0.2840 -0.5419 -0.7910
vn 0.3965 -0.9181 -0.0000
vn 0.9770 -0.2131 -0.0000
vn -0.4288 0.9034 -0.0000
vn -0.9693 0.2460 -0.0000
vn -0.8055 -0.4563 0.3782
vn 0.2490 -0.8868 0.3894
vn -0.6369 0.1766 -0.7504
vn -0.0576 0.6144 0.7869
vn 0.6431 -0.1522 0.7505
vn -0.2603 0.8715 -0.4157
vn -0.5461 -0.6039 -0.5806
vn 0.0449 -0.6867 0.7256
vn 0.8181 -0.5751 -0.0000
vn 0.5276 -0.5317 -0.6625
vn -0.6404 -0.3597 0.6786
vn -0.9474 -0.3201 -0.0000
vn 0.2097 0.6554 0.7256
vn 0.9329 0.3601 -0.0000
vn -0.8418 0.5398 -0.0000
vn -0.3698 0.7249 -0.5811
vn 0.6405 0.3883 -0.6625
vn -0.5344 0.5040 0.6785
vn -0.5467 -0.6038 -0.5802
vn 0.0443 -0.6865 0.7258
vn 0.8175 -0.5759 -0.0000
vn 0.5272 -0.5326 -0.6621
vn -0.6405 -0.3589 0.6789
vn -0.9477 -0.3191 -0.0000
vn 0.2104 0.6553 0.7255
vn 0.9333 0.3590 -0.0000
vn -0.8413 0.5406 -0.0000
vn -0.3692 0.7250 -0.5815
vn 0.6408 0.3874 -0.6628
vn -0.5339 0.5048 0.6783
vn 0.5972 0.4568 -0.6593
vn -0.2255 -0.7122 -0.6648
vn 0.8990 -0.1104 -0.4238
vn 0.3773 -0.8132 -0.4431
vn -0.3669 0.7897 -0.4917
vn -0.8797 0.1080 -0.4631
vn -0.2255 -0.7122 0.6648
vn 0.8990 -0.1104 0.4238
vn -0.8797 0.1080 0.4631
vn 0.5972 0.4568 0.6593
vn 0.3773 -0.8132 0.4431
vn -0.3669 0.7897 0.4917
vn -0.6826 0.7169 0.1415
vn -0.5129 -0.5782 0.6345
vn -0.4917 -0.7528 -0.4377
vn -0.6536 0.0895 -0.7516
vn 0.4986 0.7325 0.4635
vn 0.6540 -0.0631 0.7539
vn 0.6855 -0.7045 0.1837
vn -0.0968 -0.7881 -0.6079
vn -0.0005 -0.0039 1.0000
vn 0.7380 0.5482 -0.3936
vn 0.0040 0.0327 -0.9995
vn 0.0944 0.7689 0.6324
vn -0.4136 -0.8291 -0.3763
vn -0.1876 0.9062 -0.3789
vn -0.7772 0.4867 0.3989
vn -0.8767 -0.2694 0.3986
vn 0.5170 -0.4521 -0.7269
vn 0.6127 0.3047 -0.7292
vn 0.6058 0.4102 0.6817
vn -0.1829 0.3458 0.9203
vn 0.9807 0.1942 -0.0232
vn 0.4806 -0.5505 0.6826
vn -0.2657 -0.2867 0.9205
vn 0.8985 -0.4384 -0.0209
vn -0.4126 0.9032 -0.1179
vn -0.7339 0.6481 -0.2034
vn -0.3373 0.2176 -0.9159
vn -0.3384 0.4309 -0.8365
vn -0.3379 0.6503 0.6804
vn -0.3396 0.4868 0.8048
vn -0.6374 -0.7694 0.0418
vn -0.0148 -0.4655 -0.8849
vn -0.0509 -0.2260 0.9728
vn 0.6230 -0.7433 0.2437
vn 0.5320 -0.6464 -0.5470
vn 0.4702 -0.3722 0.8002
vn 0.6490 0.7328 -0.2045
vn -0.0715 -0.2104 -0.9750
vn -0.2808 0.3624 0.8887
vn 0.5728 -0.0728 0.8165
vn 0.5728 -0.0728 -0.8165
vn -0.0728 -0.5728 0.8165
vn -0.0728 -0.5728 -0.8165
vn -0.4381 -0.5281 -0.7274
vn -0.7711 0.6343 -0.0550
vn -0.6636 -0.1011 0.7412
vn -0.4050 -0.8557 0.3222
vn 0.6623 0.1238 -0.7390
vn 0.4124 0.8419 -0.3481
vn 0.6525 0.2772 0.7053
vn 0.0664 -0.3863 0.9200
vn 0.4344 0.7484 -0.5012
vn 0.6457 -0.7636 -0.0074
vn 0.1141 -0.7603 0.6395
vn 0.4671 0.1596 -0.8697
vn -0.5328 -0.8442 0.0584
vn -0.5926 0.6666 0.4522
vn -0.0688 0.2058 0.9762
vn -0.1168 -0.1848 0.9758
vn -0.4277 -0.2809 -0.8592
vn -0.3467 0.3778 -0.8585
vn 0.7012 0.6015 -0.3827
vn 0.6408 0.3874 0.6628
vn -0.5339 0.5048 -0.6783
vn 0.5341 -0.7532 -0.3838
vn 0.5272 -0.5326 0.6621
vn -0.6405 -0.3589 -0.6789
vn 0.0728 0.5728 0.8165
vn 0.0728 0.5728 -0.8165
vn -0.3720 0.7406 -0.5596
vn -0.5336 -0.6140 -0.5815
vn 0.5279 -0.5310 -0.6628
vn 0.6404 0.3892 -0.6622
vn -0.5347 0.5032 0.6789
vn -0.6403 -0.3606 0.6782
vn 0.0455 -0.6868 0.7254
vn 0.8187 -0.5743 -0.0000
vn -0.9471 -0.3211 -0.0000
vn 0.2090 0.6555 0.7257
vn 0.9326 0.3610 -0.0000
vn -0.8423 0.5390 -0.0000
vn 0.8680 -0.4966 -0.0000
vn -0.9649 -0.2626 -0.0000
vn -0.3453 -0.0940 0.9338
vn 0.3098 -0.1773 0.9341
vn 0.3098 -0.1773 -0.9341
vn -0.3453 -0.0940 -0.9338
vn -0.2606 0.9654 -0.0000
vn -0.1767 0.6548 0.7349
vn -0.1767 0.6548 -0.7349
vn 0.4984 0.8669 -0.0000
vn 0.3384 0.5887 0.7341
vn 0.3384 0.5887 -0.7341
vn 0.6732 -0.4680 0.5725
vn -0.3849 0.4093 0.8273
vn 0.2173 0.9761 -0.0000
vn 0.8972 0.4416 -0.0000
vn -0.2373 -0.9714 -0.0000
vn -0.8884 -0.4591 -0.0000
vn -0.8536 0.4516 -0.2596
vn 0.2094 0.9748 -0.0767
vn -0.6125 -0.4641 0.6399
vn 0.0440 -0.3959 -0.9173
vn 0.6146 0.4514 -0.6470
vn -0.2127 -0.9723 0.0969
vn -0.1889 0.9061 0.3785
vn -0.4131 -0.8291 0.3768
vn -0.8762 -0.2709 -0.3986
vn -0.7781 0.4853 -0.3988
vn 0.6129 0.3055 0.7287
vn 0.5171 -0.4512 0.7273
vn 0.4813 -0.5501 -0.6824
vn -0.2652 -0.2872 -0.9204
vn 0.8990 -0.4373 0.0214
vn 0.6052 0.4108 -0.6819
vn -0.1835 0.3454 -0.9203
vn 0.9805 0.1954 0.0227
vn 0.1934 -0.9060 0.3766
vn 0.4085 0.8304 0.3788
vn 0.8743 0.2767 -0.3989
vn 0.7812 -0.4804 -0.3987
vn -0.6134 -0.3083 0.7271
vn -0.5170 0.4484 0.7292
vn -0.4839 0.5488 -0.6817
vn 0.2636 0.2890 -0.9203
vn -0.9009 0.4334 0.0232
vn -0.6031 -0.4127 -0.6826
vn 0.1854 -0.3441 -0.9204
vn -0.9796 -0.1997 0.0210
vn -0.6317 0.7688 -0.0996
vn -0.7987 -0.5932 -0.1008
vn 0.5348 -0.7533 0.3828
vn 0.7004 0.6017 0.3838
vn -0.7664 -0.2913 -0.5725
vn 0.4725 0.3040 -0.8273
vn 0.0253 0.9997 -0.0000
vn -0.7637 0.6455 -0.0000
vn -0.0047 -1.0000 -0.0000
vn 0.7510 -0.6603 -0.0000
vn 0.9375 0.2316 0.2596
vn 0.0327 0.9965 0.0768
vn 0.4820 -0.5985 -0.6399
vn -0.1385 -0.3734 0.9173
vn -0.4871 0.5867 0.6470
vn -0.0288 -0.9949 -0.0969
vn 0.9767 -0.2141 -0.0152
vn -0.5238 0.8484 -0.0764
vn -0.2816 -0.4453 -0.8500
vn -0.0489 -0.7450 -0.6652
vn -0.1313 -0.6127 0.7793
vn -0.3221 -0.2032 0.9246
vn -0.8162 -0.5662 -0.1148
vn -0.3599 -0.3510 -0.8645
vn -0.4431 -0.1746 0.8793
vn -0.8366 0.5478 0.0006
vn -0.5128 -0.8528 0.0993
vn 0.0003 -0.5367 -0.8438
vn 0.3321 0.3238 -0.8859
vn 0.2602 0.5763 0.7747
vn -0.0429 -0.3268 0.9441
vn -0.2144 -0.9714 0.1024
vn -0.0997 -0.9941 0.0421
vn 0.5229 -0.8455 0.1080
vn 0.2042 -0.6221 -0.7558
vn 0.1324 -0.3928 0.9101
vn 0.8839 0.4603 -0.0830
vn -0.1466 0.2933 -0.9447
vn -0.1644 0.5590 0.8127
vn 0.1029 0.9814 -0.1623
vn 0.1156 0.6073 -0.7860
vn 0.0225 0.7498 0.6612
vn 0.2010 0.9657 -0.1641
vn 0.1688 0.5883 -0.7908
vn 0.1022 0.7402 0.6646
vn 0.9987 -0.0225 0.0455
vn -0.6015 0.7789 -0.1773
vn -0.1458 -0.9879 0.0535
vn 0.0678 -0.4671 -0.8816
vn 0.0308 -0.2831 0.9586
vn -0.1866 0.8877 0.4210
vn 0.6323 0.7526 0.1840
vn 0.3321 0.3238 0.8859
vn 0.2438 0.4484 0.8599
vn 0.0499 0.6692 -0.7414
vn 0.2602 0.5764 -0.7747
vn 0.7883 -0.6152 0.0116
vn 0.0678 -0.4672 0.8816
vn 0.0308 -0.2830 -0.9586
vn -0.4197 -0.9076 -0.0068
vn -0.2691 -0.7212 0.6383
vn -0.3355 -0.5464 -0.7674
vn -0.9460 0.0679 0.3170
vn -0.5489 -0.0856 0.8315
vn -0.3773 0.1139 -0.9190
vn -0.9288 -0.3485 0.1259
vn 0.7180 -0.6946 -0.0446
vn 0.2437 0.4484 -0.8600
vn -0.5489 -0.0855 -0.8315
vn -0.3774 0.1139 0.9190
vn 0.0500 0.6690 0.7416
vn 0.2797 0.7623 -0.5836
vn 0.3357 0.9370 -0.0968
vn -0.0260 0.4940 0.8691
vn -0.3872 0.9132 0.1271
vn 0.8002 0.5992 0.0255
vn -0.3373 0.2176 0.9159
vn -0.1663 0.5108 0.8435
vn -0.1945 0.7114 -0.6753
vn -0.3396 0.4868 -0.8048
vn 0.6237 -0.7614 -0.1767
vn 0.0046 -0.5646 0.8254
vn -0.0549 -0.2862 -0.9566
vn 0.3067 -0.9412 -0.1418
vn 0.3062 -0.3073 0.9010
vn 0.2716 -0.0899 -0.9582
vn -0.7640 -0.6452 -0.0053
vn 0.2041 -0.6221 0.7558
vn 0.1324 -0.3928 -0.9101
vn -0.5764 0.7920 0.2014
vn -0.1467 0.2932 0.9447
vn -0.1643 0.5590 -0.8128
vn 0.2899 0.9550 -0.0632
vn -0.9677 -0.2521 0.0015
vn 0.3062 -0.3073 -0.9010
vn 0.2716 -0.0899 0.9582
vn 0.9178 -0.3841 -0.1002
vn 0.3320 -0.2289 -0.9151
vn 0.3737 -0.0442 0.9265
vn 0.0779 -0.9903 0.1148
vn 0.5095 0.8393 -0.1898
vn -0.9986 -0.0069 0.0529
vn 0.0046 -0.5646 -0.8254
vn -0.0549 -0.2862 0.9566
vn -0.8281 0.4162 0.3756
vn -0.5512 -0.4793 -0.6830
vn -0.2858 0.2665 -0.9205
vn -0.2668 0.8775 -0.3986
vn -0.4535 -0.5167 0.7262
vn -0.4405 -0.8975 0.0200
vn 0.4092 -0.6069 -0.6813
vn 0.3465 0.1819 -0.9202
vn 0.1920 -0.9811 0.0241
vn 0.9063 0.1854 0.3798
vn 0.4892 0.7756 -0.3990
vn 0.3033 -0.6124 0.7301
vn 0.2323 0.9607 -0.1521
vn -0.7015 -0.7002 0.1331
vn 0.8964 -0.2935 0.3322
vn 0.5841 -0.6227 -0.5207
vn 0.3893 -0.1318 0.9116
vn 0.7009 0.6251 0.3436
vn -0.8974 0.0501 -0.4385
vn 0.3394 0.1999 -0.9191
vn 0.0162 0.1948 0.9807
vn -0.2718 -0.9153 0.2971
vn -0.4905 -0.8621 -0.1272
vn -0.8672 0.4965 0.0384
vn 0.0003 -0.5367 0.8438
vn -0.0429 -0.3268 -0.9441
vn 0.2010 0.9657 0.1641
vn 0.1688 0.5883 0.7908
vn 0.1022 0.7402 -0.6645
vn 0.1029 0.9814 0.1623
vn 0.1156 0.6074 0.7860
vn 0.0225 0.7498 -0.6612
vn 0.8839 0.4603 0.0831
vn 0.5229 -0.8455 -0.1080
vn -0.0997 -0.9941 -0.0421
vn -0.0489 -0.7450 0.6652
vn -0.1313 -0.6127 -0.7793
vn -0.2144 -0.9714 -0.1024
vn -0.2816 -0.4453 0.8500
vn -0.3221 -0.2032 -0.9246
vn -0.4646 0.8852 0.0252
vn 0.9865 -0.1621 0.0228
vn -0.8162 -0.5662 0.1148
vn -0.3599 -0.3510 0.8645
vn -0.4431 -0.1746 -0.8793
vn -0.0941 -0.9897 -0.1079
vn -0.6016 0.7789 0.1773
vn 0.9998 -0.0024 -0.0200
vn -0.5972 -0.7959 -0.0990
vn -0.7339 0.6481 0.2034
vn -0.0148 -0.4655 0.8849
vn -0.0509 -0.2260 -0.9728
vn -0.5197 0.8185 0.2448
vn -0.3384 0.4309 0.8365
vn -0.3379 0.6503 -0.6804
vn 0.6491 0.7327 0.2045
vn -0.0716 -0.2104 0.9750
vn -0.2808 0.3625 -0.8887
vn 0.6229 -0.7433 -0.2437
vn 0.5320 -0.6464 0.5469
vn 0.4703 -0.3723 -0.8002
vn 0.8287 -0.3241 0.4563
vn -0.7143 -0.6689 0.2061
vn 0.2787 0.7623 0.5841
vn 0.3359 0.9369 0.0969
vn -0.0261 0.4938 -0.8692
vn -0.9750 -0.2178 -0.0431
vn 0.3123 0.9477 0.0660
vn 0.9178 -0.3841 0.1002
vn 0.3320 -0.2289 0.9151
vn 0.3737 -0.0442 -0.9265
vn 0.6146 -0.7809 0.1117
vn 0.8002 0.5992 -0.0255
vn -0.2765 0.9312 -0.2375
vn -0.1664 0.5108 -0.8434
vn -0.1944 0.7115 0.6752
vn -0.5764 0.7920 -0.2014
vn -0.7640 -0.6452 0.0052
vn 0.3067 -0.9412 0.1418
vn -0.5063 -0.8570 0.0955
vn 0.7883 -0.6152 -0.0118
vn -0.2693 -0.7214 -0.6380
vn -0.3357 -0.5470 0.7669
vn 0.6323 0.7526 -0.1840
vn 0.2590 0.9310 -0.2573
vn -0.9460 0.0679 -0.3171
vn 0.4424 0.8893 0.1155
vn 0.1339 -0.9892 -0.0593
vn -0.9986 -0.0069 -0.0529
vn 0.4515 -0.8149 -0.3635
vn 0.9146 0.2894 0.2824
vn -0.4335 0.8989 -0.0646
vn 0.2127 0.0291 -0.9767
vn 0.4093 -0.6736 0.6154
vn -0.4789 0.3312 0.8130
vn -0.6521 0.6774 0.3404
vn -0.2619 0.7695 -0.5824
vn -0.2291 0.1863 0.9554
vn -0.6387 -0.7181 -0.2763
vn 0.2327 -0.1057 -0.9668
vn 0.3474 -0.6491 0.6767
vn -0.6735 -0.7384 0.0331
vn -0.0358 0.8948 0.4450
vn 0.8964 -0.2935 -0.3321
vn 0.5841 -0.6227 0.5207
vn 0.3893 -0.1318 -0.9116
vn -0.9669 -0.1807 0.1804
vn 0.7536 0.5885 0.2928
vn 0.3395 0.1999 0.9191
vn 0.0162 0.1949 -0.9807
vn -0.2718 -0.9153 -0.2971
vn 0.6559 0.2643 0.7071
vn 0.6559 0.2643 -0.7071
vn 0.6839 -0.6047 -0.4082
vn 0.6839 -0.6047 0.4082
vn 0.0734 0.9099 0.4083
vn 0.0734 0.9099 -0.4083
vn -0.6558 -0.2643 -0.7071
vn -0.0734 -0.9099 -0.4082
vn -0.6839 0.6047 -0.4083
vn -0.6558 -0.2643 0.7071
vn -0.0734 -0.9099 0.4082
vn -0.6839 0.6047 0.4083
vn 0.6159 -0.6679 0.4178
vn 0.0721 -0.6229 -0.7790
vn -0.6935 -0.7205 -0.0000
vn 0.9929 -0.1186 -0.0000
vn -0.3328 0.6741 -0.6594
vn -0.9879 0.1550 -0.0000
vn 0.7206 0.6933 -0.0000
vn 0.2758 0.6066 0.7457
vn -0.4097 0.6497 -0.6403
vn 0.2045 0.5822 0.7869
vn -0.6608 0.0078 0.7505
vn -0.9996 0.0296 -0.0000
vn 0.6346 0.7728 -0.0000
vn 0.4634 0.7826 -0.4158
vn 0.6711 -0.6375 0.3784
vn -0.4560 -0.8002 0.3895
vn 0.6605 0.0172 -0.7507
vn 0.1444 -0.5945 -0.7910
vn -0.6068 -0.7949 -0.0000
vn 1.0000 0.0042 -0.0000
vn -0.6625 0.2576 0.7033
vn 0.6848 -0.1822 0.7056
vn 0.1842 -0.8950 0.4062
vn -0.3885 -0.8134 0.4329
vn 0.3927 0.8191 0.4182
vn 0.6045 0.6853 0.4062
vn 0.6848 -0.1822 -0.7056
vn 0.1842 -0.8950 -0.4062
vn 0.6045 0.6853 -0.4062
vn -0.6625 0.2576 -0.7033
vn -0.3885 -0.8134 -0.4329
vn 0.3927 0.8191 -0.4182
vn -0.3755 0.7405 -0.5574
vn -0.5303 -0.6148 -0.5838
vn 0.5303 -0.5261 -0.6648
vn 0.6393 0.3944 -0.6601
vn -0.5370 0.4982 0.6808
vn -0.6392 -0.3660 0.6763
vn 0.0494 -0.6874 0.7246
vn 0.8222 -0.5692 -0.0000
vn -0.9451 -0.3268 -0.0000
vn 0.2052 0.6558 0.7266
vn 0.9304 0.3666 -0.0000
vn -0.8456 0.5338 -0.0000
vn -0.3741 0.6926 -0.6167
vn 0.7874 0.5914 0.1740
vn 0.2211 0.5531 0.8032
vn -0.3162 0.8299 0.4597
vn 0.6545 -0.0593 -0.7537
vn 0.4180 -0.0817 -0.9048
vn 0.5744 -0.5137 0.6374
vn 0.1155 0.1784 0.9771
vn 0.2742 -0.6976 -0.6619
vn -0.8438 -0.5120 -0.1605
vn -0.6602 0.0330 0.7503
vn 0.3278 -0.8108 -0.4850
vn 0.5086 0.4913 0.7071
vn 0.5086 0.4913 -0.7071
vn 0.8609 -0.3036 -0.4082
vn 0.8609 -0.3036 0.4082
vn -0.2737 0.8709 0.4083
vn -0.2737 0.8709 -0.4083
vn -0.5086 -0.4913 -0.7071
vn 0.2737 -0.8709 -0.4082
vn -0.8609 0.3036 -0.4083
vn -0.5086 -0.4913 0.7071
vn 0.2737 -0.8709 0.4082
vn -0.8609 0.3036 0.4083
vn -0.8314 0.5513 -0.0699
vn 0.6497 -0.3655 0.6666
vn -0.8142 -0.5735 -0.0905
vn 0.8818 0.4276 0.1988
vn 0.6497 -0.3655 -0.6666
vn -0.8796 0.4755 0.0126
vn -0.8142 -0.5735 0.0905
vn 0.8818 0.4276 -0.1988
vn -0.3652 0.6950 0.6193
vn -0.8438 -0.5120 0.1605
vn -0.6602 0.0330 -0.7503
vn -0.3162 0.8299 -0.4597
vn 0.6545 -0.0593 0.7537
vn 0.3278 -0.8108 0.4850
vn 0.5869 -0.7199 -0.3704
vn -0.0085 -0.0693 -0.9976
vn -0.0916 -0.7461 0.6596
vn 0.8336 0.5281 0.1619
vn 0.0941 0.7664 -0.6355
vn 0.0049 0.0400 0.9992
vn -0.6323 0.7687 -0.0960
vn -0.7981 -0.5934 -0.1045
vn -0.0557 -0.4537 -0.8894
vn 0.0571 0.4650 -0.8835
vn 0.0521 0.4239 0.9042
vn -0.0534 -0.4353 0.8987
vn 0.5371 -0.7532 0.3797
vn 0.6983 0.6022 0.3870
vn -0.6810 0.7141 0.1619
vn -0.7437 -0.5566 -0.3704
vn 0.6949 -0.7010 0.1605
vn 0.5283 0.5857 0.6147
vn 0.5498 0.6031 -0.5779
vn -0.0404 0.6859 0.7266
vn -0.8140 0.5808 -0.0000
vn -0.5249 0.5374 -0.6601
vn 0.6415 0.3535 0.6808
vn 0.9496 0.3134 -0.0000
vn -0.2142 -0.6550 0.7246
vn -0.9355 -0.3534 -0.0000
vn 0.8380 -0.5457 -0.0000
vn 0.3658 -0.7248 -0.5838
vn -0.6418 -0.3821 -0.6649
vn 0.5316 -0.5098 0.6764
vn 0.7417 -0.5381 -0.4004
vn 0.7417 -0.5381 0.4004
vn 0.5724 -0.4152 0.7071
vn 0.5724 -0.4152 -0.7071
vn 0.5723 -0.4152 -0.7071
vn 0.5723 -0.4152 0.7071
vn -0.7417 0.5381 0.4004
vn -0.5723 0.4153 0.7071
vn -0.7417 0.5381 -0.4004
vn -0.5723 0.4153 -0.7071
vn 0.4076 0.8415 -0.3547
vn -0.6653 0.0583 0.7443
vn -0.8334 0.4919 0.2518
vn -0.5134 0.4568 -0.7265
vn 0.8658 0.2800 0.4148
vn -0.1055 0.5860 0.8034
vn 0.1838 -0.9090 -0.3740
vn -0.6088 -0.3071 -0.7315
vn 0.7725 -0.4972 0.3951
vn 0.4731 0.8029 -0.3627
vn -0.5890 -0.4826 0.6482
vn 0.4542 -0.5196 -0.7237
vn 0.7664 -0.6357 -0.0924
vn -0.1622 -0.2195 -0.9620
vn -0.5893 -0.4833 -0.6474
vn 0.4578 0.8123 0.3615
vn -0.8335 0.4918 -0.2519
vn -0.5134 0.4568 0.7265
vn 0.8658 0.2800 -0.4148
vn -0.1054 0.5860 -0.8035
vn 0.4542 -0.5195 0.7237
vn 0.7664 -0.6357 0.0923
vn -0.1622 -0.2194 0.9620
vn -0.6312 0.0007 -0.7756
vn 0.4076 0.8415 0.3546
vn 0.1837 -0.9090 0.3740
vn -0.6088 -0.3071 0.7315
vn 0.7725 -0.4972 -0.3951
vn 0.6537 0.2714 -0.7064
vn -0.6733 -0.2182 -0.7064
vn 0.2528 -0.8566 -0.4497
vn -0.2536 0.8594 -0.4440
vn -0.6733 -0.2182 0.7064
vn 0.2528 -0.8566 0.4497
vn -0.2536 0.8594 0.4440
vn 0.6537 0.2714 0.7064
vn 0.4330 -0.5591 -0.7071
vn -0.4330 0.5591 -0.7071
vn -0.4330 0.5591 0.7071
vn 0.4330 -0.5591 0.7071
vn 0.5435 0.6277 0.5573
vn 0.3658 -0.7248 0.5838
vn -0.2142 -0.6550 -0.7246
vn -0.0404 0.6859 -0.7266
vn 0.9188 0.1952 -0.3430
vn -0.9188 -0.1953 0.3430
vn 0.1131 -0.6439 -0.7567
vn -0.8315 0.4327 0.3484
vn -0.4484 -0.4961 0.7435
vn 0.2759 -0.9363 0.2172
vn -0.5596 -0.0643 -0.8263
vn -0.2706 0.8588 -0.4350
vn 0.9154 0.1688 0.3653
vn 0.3087 -0.5986 0.7392
vn 0.5298 0.7555 -0.3854
vn 0.4759 -0.6013 -0.6419
vn -0.7083 0.6013 0.3698
vn 0.4092 0.4566 0.7900
vn 0.8596 0.2173 0.4624
vn 0.2087 0.1473 0.9668
vn -0.2306 -0.5982 0.7674
vn 0.9154 0.1689 -0.3654
vn 0.3087 -0.5986 -0.7392
vn 0.2761 -0.9362 -0.2173
vn -0.5595 -0.0643 0.8263
vn 0.5298 0.7555 0.3854
vn -0.8315 0.4328 -0.3484
vn -0.4484 -0.4961 -0.7435
vn -0.2707 0.8588 0.4350
vn -0.6807 0.6280 -0.3770
vn 0.4756 -0.5992 0.6440
vn 0.4095 0.4566 -0.7898
vn 0.8595 0.2173 -0.4627
vn 0.2091 0.1472 -0.9668
vn 0.6068 0.5760 0.5477
vn 0.5571 -0.2745 -0.7838
vn 0.6665 -0.6788 -0.3080
vn 0.8232 -0.5479 -0.1489
vn -0.8908 0.3962 0.2222
vn -0.6571 0.5428 0.5230
vn 0.1267 -0.6077 -0.7840
vn 0.4905 -0.8151 -0.3082
vn -0.3613 0.7719 0.5231
vn -0.2961 -0.8761 -0.3804
vn 0.3247 -0.9340 -0.1491
vn -0.1608 0.9615 0.2228
vn -0.2966 -0.8764 0.3793
vn 0.3246 -0.9341 0.1489
vn -0.1608 0.9616 -0.2223
vn 0.1264 -0.6080 0.7838
vn 0.4905 -0.8152 0.3080
vn -0.3612 0.7720 -0.5230
vn 0.5570 -0.2745 0.7838
vn 0.6666 -0.6788 0.3081
vn -0.6571 0.5428 -0.5230
vn 0.9223 0.0676 0.3806
vn 0.8231 -0.5479 0.1492
vn -0.8906 0.3963 -0.2229
vn -0.6719 0.0514 -0.7388
vn -0.7092 0.0070 0.7050
vn -0.4538 -0.8049 0.3824
vn -0.4538 -0.8049 -0.3824
vn -0.3287 0.8551 -0.4010
vn -0.3287 0.8551 0.4010
vn 0.7094 -0.0036 0.7048
vn 0.0626 -0.8901 0.4514
vn -0.0651 0.8935 0.4444
vn 0.7094 -0.0036 -0.7048
vn 0.0626 -0.8901 -0.4514
vn -0.0651 0.8935 -0.4444
vn -0.7112 0.6956 0.1015
vn -0.4806 -0.5588 0.6758
vn -0.4561 -0.8002 -0.3894
vn -0.6608 0.0078 -0.7505
vn 0.4634 0.7825 0.4158
vn 0.6606 0.0172 0.7506
vn 0.6950 -0.6815 0.2290
vn 0.7256 0.5274 -0.4420
vn -0.9188 -0.1953 0.3429
vn -0.8675 -0.4935 0.0625
vn 0.6005 0.5323 -0.5966
vn -0.1967 0.9276 -0.3175
vn -0.8166 0.5321 0.2236
vn 0.9798 -0.1374 -0.1453
vn 0.8752 -0.3347 -0.3494
vn 0.6005 0.5324 0.5966
vn -0.1967 0.9276 0.3175
vn 0.8752 -0.3346 0.3494
vn -0.6597 -0.7113 -0.2426
vn -0.8167 0.5320 -0.2236
vn 0.9798 -0.1374 0.1454
vn -0.8375 0.4942 0.2332
vn 0.7008 0.6017 -0.3833
vn 0.6405 0.3883 0.6625
vn -0.0688 0.2065 0.9760
vn -0.3469 0.3768 -0.8589
vn -0.5343 0.5040 -0.6786
vn 0.5344 -0.7533 -0.3833
vn 0.5276 -0.5317 0.6625
vn -0.6404 -0.3598 -0.6786
vn -0.7364 -0.5036 0.4518
vn -0.1168 -0.1838 0.9760
vn -0.4277 -0.2817 -0.8589
vn 0.0449 -0.6867 -0.7256
vn -0.5342 -0.6139 0.5812
vn -0.3698 0.7249 0.5812
vn 0.2097 0.6554 -0.7256
vn 0.4793 0.7244 0.4954
vn 0.6328 -0.7700 0.0812
vn 0.0958 -0.6836 0.7235
vn 0.0658 -0.3003 0.9516
vn 0.4351 0.6867 -0.5823
vn 0.4473 0.0745 -0.8913
vn -0.4807 -0.5588 -0.6757
vn -0.7357 0.6692 -0.1039
vn -0.9862 0.1591 0.0468
vn 0.2122 -0.9144 -0.3448
vn 0.0994 -0.2165 -0.9712
vn -0.5767 0.0733 -0.8137
vn -0.5206 0.1063 0.8472
vn -0.1888 0.2124 0.9588
vn 0.8321 -0.4344 -0.3448
vn 0.1847 -0.1504 -0.9712
vn -0.1584 0.2360 0.9588
vn 0.0927 0.9946 0.0468
vn 0.0733 0.5767 -0.8137
vn 0.0273 0.5306 0.8472
vn 0.3267 -0.2328 0.9160
vn 0.3267 -0.2328 -0.9160
vn 0.5775 -0.4095 -0.7062
vn 0.5775 -0.4095 0.7062
vn 0.5756 -0.4122 0.7062
vn 0.5756 -0.4121 -0.7063
vn -0.3815 0.3835 -0.8411
vn -0.5580 0.2683 -0.7853
vn -0.5522 0.2299 -0.8014
vn -0.3815 0.3835 0.8411
vn -0.5585 0.2679 0.7851
vn -0.5524 0.2287 0.8016
vn -0.7732 -0.4916 0.4008
vn -0.1002 0.6432 0.7591
vn 0.6558 -0.0712 0.7516
vn 0.2950 -0.8493 0.4377
vn -0.6498 0.0970 -0.7539
vn -0.3065 0.8314 -0.4635
vn 0.5085 0.5609 -0.6533
vn 0.9917 -0.1288 -0.0000
vn -0.4991 0.8665 -0.0000
vn -0.2415 -0.5733 -0.7830
vn 0.4663 -0.8846 -0.0000
vn -0.9864 0.1642 -0.0000
vn -0.5123 0.7653 0.3896
vn -0.7008 -0.6016 0.3833
vn -0.6405 -0.3883 -0.6625
vn -0.5276 0.5317 -0.6625
vn 0.6405 0.3597 0.6786
vn 0.5344 -0.5040 0.6786
vn 0.6316 -0.7688 -0.1002
vn -0.0564 -0.4593 -0.8865
vn -0.0528 -0.4296 0.9015
vn 0.7988 0.5931 -0.1002
vn 0.0564 0.4593 -0.8865
vn 0.0527 0.4296 0.9015
vn -0.3577 0.6673 0.6533
vn 0.0956 -0.6147 0.7830
vn 0.6314 -0.6609 -0.4056
vn 0.2529 0.5998 -0.7591
vn -0.4056 0.6148 0.6763
vn 0.2208 -0.9138 0.3409
vn -0.6662 -0.7455 0.0198
vn -0.8950 -0.1725 0.4114
vn 0.4281 0.8399 0.3336
vn 0.5256 0.8490 -0.0537
vn 0.2212 -0.9138 -0.3408
vn -0.6660 -0.7457 -0.0197
vn 0.5255 0.8491 0.0532
vn -0.4057 0.6148 -0.6763
vn -0.8950 -0.1725 -0.4114
vn 0.4281 0.8399 -0.3337
vn -0.0465 0.7456 -0.6648
vn 0.4690 -0.5877 -0.6593
vn 0.5628 0.6977 -0.4432
vn -0.5468 -0.6776 -0.4918
vn 0.4690 -0.5877 0.6593
vn 0.5628 0.6977 0.4432
vn -0.5468 -0.6776 0.4918
vn -0.0465 0.7456 0.6648
vn 0.7164 -0.0881 0.6921
vn -0.6669 0.3218 0.6720
vn 0.5045 0.7707 0.3892
vn 0.3030 -0.8700 0.3890
vn -0.6669 0.3218 -0.6720
vn 0.7164 -0.0881 -0.6921
vn 0.5045 0.7707 -0.3892
vn 0.3030 -0.8700 -0.3890
vn 0.5328 0.8442 0.0593
vn 0.5927 -0.6668 0.4518
vn 0.0688 -0.2066 0.9760
vn 0.1168 0.1838 0.9760
vn 0.4277 0.2817 -0.8589
vn 0.3468 -0.3768 -0.8589
vn -0.7007 -0.6017 -0.3833
vn -0.6405 -0.3884 0.6625
vn 0.5344 -0.5040 -0.6785
vn -0.5344 0.7533 -0.3833
vn -0.5276 0.5317 0.6625
vn 0.6404 0.3598 -0.6786
vn 0.5085 0.5609 0.6533
vn -0.1002 0.6432 -0.7591
vn 0.6558 -0.0713 -0.7515
vn -0.3066 0.8314 0.4635
vn -0.7725 -0.4886 -0.4056
vn 0.2950 -0.8493 -0.4377
vn -0.6498 0.0970 0.7538
vn -0.2415 -0.5733 0.7830
vn -0.1877 0.9062 0.3789
vn -0.4139 -0.8288 0.3766
vn -0.8765 -0.2696 -0.3987
vn -0.7772 0.4866 -0.3989
vn 0.6127 0.3047 0.7292
vn 0.5168 -0.4520 0.7271
vn 0.4807 -0.5505 -0.6826
vn -0.2657 -0.2867 -0.9204
vn 0.8985 -0.4384 0.0209
vn 0.6058 0.4103 -0.6817
vn -0.1829 0.3458 -0.9203
vn 0.9807 0.1942 0.0232
vn 0.4085 0.8304 -0.3788
vn 0.1934 -0.9060 -0.3766
vn 0.7812 -0.4804 0.3987
vn 0.8743 0.2767 0.3989
vn -0.5170 0.4484 -0.7292
vn -0.6134 -0.3083 -0.7271
vn -0.6029 -0.4130 0.6826
vn 0.1853 -0.3443 0.9204
vn -0.9797 -0.1996 -0.0207
vn -0.4839 0.5488 0.6817
vn 0.2636 0.2890 0.9203
vn -0.9009 0.4334 -0.0232
vn 0.5526 0.4208 0.7194
vn 0.5760 0.4139 -0.7049
vn 0.5741 -0.6833 -0.4511
vn 0.5741 -0.6833 0.4511
vn -0.5780 0.6845 0.4443
vn -0.5780 0.6845 -0.4443
vn -0.5817 -0.4043 -0.7058
vn 0.1073 -0.9143 -0.3906
vn -0.7762 0.4846 -0.4032
vn -0.5817 -0.4043 0.7058
vn 0.1073 -0.9143 0.3906
vn -0.7762 0.4846 0.4032
vn 0.4189 0.8408 0.3429
vn -0.9188 -0.1953 -0.3429
vn 0.5390 0.6290 0.5602
vn 0.3704 -0.7250 0.5807
vn -0.6404 -0.3892 0.6621
vn -0.5281 0.5309 0.6628
vn 0.6402 0.3607 -0.6782
vn 0.5347 -0.5032 -0.6789
vn -0.2090 -0.6554 -0.7258
vn -0.9326 -0.3610 -0.0000
vn 0.8424 -0.5389 -0.0000
vn -0.0456 0.6867 -0.7255
vn -0.8187 0.5742 -0.0000
vn 0.9471 0.3211 -0.0000
vn 0.5119 -0.7653 0.3901
vn 0.7012 0.6015 0.3828
vn -0.6315 0.7688 -0.1008
vn -0.7989 -0.5932 -0.0996
vn 0.8408 -0.4189 -0.3429
vn 0.1952 -0.9188 -0.3429
vn -0.1953 0.9188 0.3429
vn 0.3773 -0.8132 -0.4432
vn -0.3666 0.7898 -0.4918
vn 0.3773 -0.8132 0.4432
vn -0.3666 0.7898 0.4918
vn -0.7983 -0.5933 -0.1032
vn 0.5363 -0.7533 0.3808
vn -0.0559 -0.4555 -0.8885
vn -0.0532 -0.4336 0.8996
vn 0.6991 0.6020 0.3858
vn -0.6321 0.7688 -0.0973
vn 0.0569 0.4632 -0.8844
vn 0.0523 0.4257 0.9033
vn 0.5628 0.6978 -0.4432
vn -0.5469 -0.6775 -0.4918
vn 0.5628 0.6978 0.4432
vn -0.5469 -0.6775 0.4918
vn -0.5391 -0.6289 0.5603
vn -0.3703 0.7249 0.5808
vn 0.2090 0.6555 -0.7257
vn 0.0455 -0.6868 -0.7254
vn 0.7164 -0.0878 0.6921
vn 0.7164 -0.0878 -0.6921
vn 0.3031 -0.8699 -0.3892
vn 0.3031 -0.8699 0.3892
vn 0.5045 0.7708 0.3890
vn 0.5045 0.7708 -0.3890
vn -0.7250 -0.1509 -0.6720
vn -0.7250 -0.1509 0.6720
vn -0.2128 -0.6551 0.7249
vn 0.3670 -0.7249 -0.5829
vn -0.6414 -0.3841 -0.6641
vn 0.5325 -0.5080 0.6770
vn 0.5369 0.6133 -0.5793
vn -0.5257 0.5357 -0.6608
vn 0.6412 0.3555 0.6801
vn -0.0418 0.6861 0.7263
vn -0.8660 0.5001 -0.0000
vn -0.9660 -0.2587 -0.0000
vn -0.6548 -0.1754 -0.7352
vn -0.5882 0.3397 -0.7339
vn -0.5882 0.3397 0.7339
vn -0.6548 -0.1754 0.7352
vn 0.2622 -0.9650 -0.0000
vn 0.0939 -0.3457 -0.9336
vn 0.0939 -0.3457 0.9336
vn 0.4970 0.8677 -0.0000
vn 0.1772 0.3095 -0.9342
vn 0.1772 0.3095 0.9342
vn -0.6481 -0.3276 -0.6875
vn 0.8753 -0.4760 -0.0854
vn 0.0606 0.4938 -0.8675
vn -0.1204 -0.9805 0.1553
vn 0.3156 0.3733 0.8724
vn -0.7511 0.4793 0.4540
vn 0.1207 0.9833 -0.1364
vn -0.0625 -0.5088 0.8586
vn -0.2621 0.9650 -0.0000
vn -0.4971 -0.8677 -0.0000
vn -0.1772 -0.3094 -0.9343
vn -0.0939 0.3457 -0.9336
vn -0.0939 0.3457 0.9336
vn -0.1772 -0.3094 0.9343
vn 0.8658 -0.5004 -0.0000
vn 0.5882 -0.3400 -0.7338
vn 0.5882 -0.3400 0.7338
vn 0.9661 0.2583 -0.0000
vn 0.6548 0.1751 -0.7352
vn 0.6548 0.1751 0.7352
vn 0.5495 -0.4747 -0.6875
vn 0.8448 0.2833 0.4539
vn -0.2160 0.4385 0.8724
vn 0.0326 0.9965 -0.0767
vn 0.4821 -0.5985 0.6399
vn -0.9645 -0.2501 -0.0854
vn -0.4871 0.5867 -0.6470
vn -0.0288 -0.9949 0.0969
vn 0.7607 -0.5047 -0.4082
vn -0.7607 0.5047 -0.4082
vn 0.7607 -0.5047 0.4082
vn -0.7607 0.5047 0.4082
vn 0.6732 -0.4680 -0.5725
vn 0.0441 -0.3958 0.9173
vn -0.8536 0.4517 0.2596
vn -0.3849 0.4093 -0.8273
vn -0.7664 -0.2913 0.5725
vn -0.1385 -0.3734 -0.9173
vn 0.9375 0.2317 -0.2595
vn 0.4725 0.3040 0.8273
vn -0.2178 0.4305 -0.8759
vn 0.8381 0.4486 -0.3106
vn 0.4273 0.8579 0.2855
vn 0.4146 -0.5360 -0.7354
vn 0.5576 -0.2865 0.7791
vn 0.2421 0.5976 0.7644
vn 0.1981 -0.9641 -0.1767
vn -0.9645 -0.2500 0.0854
vn -0.7009 0.0932 0.7071
vn -0.7009 0.0932 -0.7071
vn -0.2971 0.8632 -0.4083
vn -0.2971 0.8632 0.4083
vn -0.5123 -0.7556 0.4082
vn -0.5123 -0.7556 -0.4082
vn 0.7009 -0.0932 -0.7071
vn 0.5123 0.7556 -0.4083
vn 0.2971 -0.8632 -0.4082
vn 0.7009 -0.0932 0.7071
vn 0.5123 0.7556 0.4083
vn 0.2971 -0.8632 0.4082
vn -0.0870 -0.7017 0.7071
vn 0.0870 0.7017 0.7071
vn 0.8605 0.3047 0.4082
vn 0.7601 -0.5056 0.4082
vn -0.8605 -0.3047 0.4082
vn -0.7601 0.5056 0.4082
vn 0.0870 0.7017 -0.7071
vn 0.8605 0.3047 -0.4082
vn -0.7601 0.5056 -0.4082
vn -0.0870 -0.7017 -0.7071
vn 0.7601 -0.5056 -0.4082
vn -0.8605 -0.3047 -0.4082
vn 0.5467 0.6037 -0.5803
vn -0.0443 0.6866 0.7257
vn -0.8175 0.5759 -0.0000
vn 0.9477 0.3192 -0.0000
vn -0.2103 -0.6554 0.7254
vn -0.9333 -0.3592 -0.0000
vn 0.8413 -0.5406 -0.0000
vn 0.3692 -0.7249 -0.5816
vn 0.3823 0.8462 -0.3712
vn -0.7301 0.0659 0.6802
vn -0.3894 0.7648 0.5132
vn -0.5329 0.4617 -0.7091
vn 0.8763 0.2869 0.3871
vn -0.3987 0.8717 0.2849
vn 0.1949 -0.9040 -0.3805
vn -0.6214 -0.3055 -0.7215
vn 0.7916 -0.4572 0.4054
vn 0.2561 0.8754 -0.4099
vn -0.5835 -0.4798 0.6552
vn 0.5554 -0.4296 -0.7120
vn 0.9272 0.0726 0.3674
vn -0.4808 -0.3620 -0.7986
vn -0.5834 -0.4800 -0.6552
vn 0.1779 0.8950 0.4091
vn -0.3892 0.7648 -0.5135
vn -0.5331 0.4618 0.7089
vn 0.8764 0.2866 -0.3870
vn -0.3973 0.8719 -0.2864
vn 0.5552 -0.4296 0.7122
vn 0.9273 0.0726 -0.3673
vn -0.4809 -0.3619 0.7986
vn -0.6282 -0.0935 -0.7724
vn 0.3816 0.8467 0.3707
vn 0.1948 -0.9040 0.3805
vn -0.6214 -0.3055 0.7214
vn 0.7916 -0.4572 -0.4054
vn 0.4188 -0.5698 0.7071
vn 0.4188 -0.5698 -0.7071
vn -0.4161 -0.8125 -0.4083
vn -0.4161 -0.8125 0.4082
vn 0.8997 0.1546 0.4082
vn 0.8997 0.1546 -0.4082
vn -0.4188 0.5698 -0.7071
vn -0.8997 -0.1546 -0.4083
vn 0.4161 0.8125 -0.4082
vn -0.4188 0.5698 0.7071
vn -0.8997 -0.1546 0.4082
vn 0.4161 0.8125 0.4082
vn 0.5402 0.6286 0.5595
vn 0.3692 -0.7249 0.5816
vn -0.2103 -0.6554 -0.7254
vn -0.0442 0.6866 -0.7257
vn 0.5609 -0.6082 -0.5617
vn 0.8451 0.4130 0.3394
vn -0.2722 0.5747 0.7718
vn -0.9234 -0.3837 0.0109
vn 0.4174 -0.9087 -0.0000
vn 0.6157 -0.7880 -0.0000
vn 0.3555 -0.4550 -0.8165
vn 0.2705 -0.5890 -0.7615
vn 0.2705 -0.5890 0.7615
vn 0.3555 -0.4550 0.8165
vn 0.7880 0.6157 -0.0000
vn 0.4550 0.3555 -0.8165
vn 0.4550 0.3555 0.8165
vn 0.6248 0.7808 -0.0000
vn 0.4050 0.5060 -0.7615
vn 0.4050 0.5060 0.7615
vn 0.9925 -0.1219 -0.0000
vn 0.6614 -0.0812 -0.7456
vn 0.6614 -0.0812 0.7456
vn -0.6157 0.7880 -0.0000
vn -0.3555 0.4550 -0.8165
vn -0.3555 0.4550 0.8165
vn -0.7880 -0.6157 -0.0000
vn -0.4550 -0.3555 -0.8165
vn -0.4550 -0.3555 0.8165
vn 0.4550 0.3554 -0.8165
vn 0.4550 0.3554 0.8165
vn -0.9188 -0.1953 -0.3430
vn -0.8281 0.4162 -0.3756
vn 0.9063 0.1854 -0.3798
vn 0.4892 0.7756 0.3990
vn -0.2668 0.8775 0.3986
vn -0.4535 -0.5167 -0.7262
vn 0.3033 -0.6124 -0.7301
vn 0.4092 -0.6069 0.6813
vn 0.3465 0.1819 0.9202
vn 0.1920 -0.9811 -0.0241
vn -0.5512 -0.4793 0.6830
vn -0.2858 0.2665 0.9205
vn -0.4405 -0.8975 -0.0200
vn 0.6311 -0.7688 -0.1032
vn 0.7993 0.5930 -0.0973
vn -0.5327 0.7533 0.3858
vn -0.7026 -0.6011 0.3808
vn 0.4504 0.4764 0.7551
vn 0.5377 0.4648 -0.7034
vn 0.8778 -0.3044 -0.3699
vn 0.8778 -0.3045 0.3699
vn -0.3409 0.8518 0.3979
vn -0.3409 0.8518 -0.3979
vn -0.5166 -0.4848 -0.7058
vn -0.5166 -0.4848 0.7058
vn -0.0000 -0.0000 1.0000
vn 0.6696 -0.0822 0.7382
vn 0.3651 -0.7846 0.5011
vn -0.0888 -0.7234 0.6847
vn 0.0888 0.7234 0.6847
vn 0.5441 0.6729 0.5011
vn 0.5756 -0.8177 -0.0000
vn 0.7563 0.6542 -0.0000
vn 0.6696 -0.0822 -0.7382
vn 0.3651 -0.7846 -0.5011
vn 0.5441 0.6729 -0.5011
vn -0.0000 -0.0000 -1.0000
vn -0.0888 -0.7234 -0.6847
vn 0.0888 0.7234 -0.6847
vn -0.6696 0.0822 -0.7382
vn -0.5441 -0.6729 -0.5011
vn -0.3651 0.7846 -0.5012
vn -0.9925 0.1219 -0.0000
vn -0.7563 -0.6542 -0.0000
vn -0.5756 0.8177 -0.0000
vn -0.6696 0.0822 0.7382
vn -0.5441 -0.6729 0.5011
vn -0.3651 0.7846 0.5011
vn -0.5144 -0.5574 0.6517
vn 0.0948 -0.6398 -0.7627
vn -0.6544 0.0815 -0.7517
vn -0.9902 0.1395 -0.0000
vn 0.4904 -0.8715 -0.0000
vn 0.3008 -0.8367 0.4577
vn 0.7768 0.4846 -0.4021
vn -0.2892 0.8543 -0.4318
vn 0.6484 -0.1070 0.7538
vn 0.2469 0.5695 0.7840
vn -0.4576 0.8891 -0.0000
vn 0.9846 -0.1746 -0.0000
vn -0.1952 0.9188 -0.3430
vn 0.8777 0.3618 0.3141
vn -0.0429 -0.5207 0.8527
vn -0.6632 -0.4370 -0.6076
vn 0.3819 0.4459 -0.8095
vn 0.8296 -0.4119 -0.3771
vn -0.9062 -0.1900 -0.3779
vn -0.4846 -0.7785 0.3989
vn 0.2719 -0.8758 0.3988
vn 0.4507 0.5170 -0.7277
vn -0.3061 0.6127 -0.7286
vn -0.4111 0.6047 0.6822
vn -0.3450 -0.1839 0.9204
vn -0.1961 0.9803 -0.0228
vn 0.5499 0.4818 0.6823
vn 0.2875 -0.2649 0.9204
vn 0.4366 0.8994 -0.0218
vn 0.7773 0.4875 0.3976
vn 0.0948 -0.6398 0.7627
vn -0.5144 -0.5574 -0.6517
vn 0.2470 0.5695 -0.7840
vn -0.4123 -0.8295 -0.3767
vn -0.1888 0.9061 -0.3785
vn -0.7781 0.4853 0.3988
vn -0.8762 -0.2709 0.3986
vn 0.5172 -0.4512 -0.7273
vn 0.6129 0.3055 -0.7287
vn 0.6047 0.4109 0.6823
vn -0.1838 0.3450 0.9204
vn 0.9804 0.1954 -0.0235
vn 0.4814 -0.5501 0.6824
vn -0.2651 -0.2872 0.9204
vn 0.8990 -0.4373 -0.0215
vn 0.4127 0.8292 -0.3771
vn 0.1891 -0.9062 -0.3783
vn 0.7781 -0.4852 0.3989
vn 0.8760 0.2713 0.3988
vn -0.5168 0.4511 -0.7276
vn -0.6128 -0.3056 -0.7287
vn -0.6052 -0.4108 0.6819
vn 0.1835 -0.3454 0.9203
vn -0.9804 -0.1955 -0.0227
vn -0.4814 0.5501 0.6824
vn 0.2651 0.2873 0.9204
vn -0.8991 0.4372 -0.0215
vn -0.2734 0.6865 0.6738
vn 0.0153 -0.6389 0.7692
vn -0.7542 -0.6567 -0.0000
vn -0.9686 0.2485 -0.0000
vn 0.7799 0.6259 -0.0000
vn 0.9775 -0.2109 -0.0000
vn 0.5649 -0.6908 -0.4512
vn -0.5428 -0.6679 -0.5093
vn 0.6347 -0.1891 0.7493
vn 0.3304 0.6186 -0.7129
vn -0.6330 0.2170 -0.7431
vn 0.5484 0.6440 0.5333
vn 0.5825 -0.7077 -0.3998
vn 0.8361 0.5148 0.1895
vn -0.3544 0.6820 0.6397
vn -0.8572 -0.4963 0.1372
vn -0.2461 -0.6263 0.7397
vn -0.6365 0.6582 0.4021
vn -0.1019 0.6123 -0.7840
vn 0.3643 -0.6653 -0.6516
vn -0.5833 -0.7839 -0.2127
vn -0.5779 0.5474 0.6053
vn -0.1017 -0.1018 0.9896
vn -0.1952 -0.4819 0.8542
vn -0.4199 0.0060 -0.9076
vn -0.2885 0.6367 -0.7151
vn 0.8174 0.5384 -0.2050
vn 0.6667 0.0574 0.7431
vn -0.3763 0.7576 -0.5333
vn 0.4030 -0.7184 -0.5670
vn 0.3651 -0.7793 0.5093
vn -0.6616 -0.0299 -0.7493
vn -0.8955 -0.1772 -0.4083
vn -0.3956 -0.8227 -0.4083
vn -0.8955 -0.1772 0.4083
vn -0.3956 -0.8227 0.4083
vn -0.5322 -0.8443 0.0631
vn -0.5929 0.6683 0.4493
vn -0.0685 0.2109 0.9751
vn -0.1158 -0.1797 0.9769
vn -0.4279 -0.2856 -0.8575
vn -0.3477 0.3731 -0.8602
vn 0.6991 0.6021 -0.3858
vn 0.5363 -0.7533 -0.3808
vn -0.5676 -0.5932 0.5709
vn 0.6705 -0.7338 0.1094
vn 0.7566 0.5730 -0.3150
vn -0.6629 0.7202 0.2049
vn 0.5322 0.7459 -0.4004
vn 0.5322 0.7459 0.4004
vn 0.4107 0.5756 0.7071
vn 0.4107 0.5756 -0.7071
vn -0.5322 -0.7459 0.4004
vn -0.4107 -0.5756 0.7071
vn -0.5322 -0.7459 -0.4004
vn -0.4107 -0.5756 -0.7071
vn -0.1694 -0.6162 0.7692
vn 0.4314 0.5999 0.6738
vn 1.0000 0.0068 -0.0000
vn 0.5729 -0.8196 -0.0000
vn -0.9995 0.0318 -0.0000
vn -0.6053 0.7960 -0.0000
vn -0.1709 0.6801 -0.7129
vn -0.7153 -0.5337 -0.4511
vn -0.7166 -0.5400 0.4414
vn -0.1709 0.6801 0.7129
vn 0.4314 0.5999 -0.6738
vn -0.1694 -0.6162 -0.7692
vn 0.6119 -0.6748 -0.4126
vn 0.2758 0.6066 -0.7457
vn -0.3328 0.6741 0.6594
vn 0.0721 -0.6229 0.7790
vn 0.8620 0.3006 0.4082
vn 0.7576 -0.5092 0.4082
vn -0.8620 -0.3006 0.4082
vn -0.7576 0.5092 0.4083
vn 0.8620 0.3006 -0.4082
vn -0.7576 0.5092 -0.4083
vn 0.7576 -0.5092 -0.4083
vn -0.8620 -0.3006 -0.4083
vn -0.2761 -0.6343 0.7221
vn -0.6121 0.6707 0.4189
vn 0.5076 0.7287 0.4597
vn 0.6486 -0.1277 0.7504
vn -0.5142 -0.7074 -0.4850
vn -0.6494 0.1008 -0.7538
vn -0.0721 0.6229 -0.7790
vn 0.3329 -0.6741 -0.6594
vn -0.2172 -0.6729 0.7071
vn -0.2172 -0.6729 -0.7071
vn -0.9024 -0.1378 -0.4082
vn -0.9024 -0.1378 0.4082
vn 0.6517 -0.6393 0.4082
vn 0.6517 -0.6393 -0.4082
vn 0.2172 0.6729 -0.7071
vn -0.6517 0.6393 -0.4082
vn 0.9024 0.1378 -0.4082
vn 0.2172 0.6729 0.7071
vn -0.6517 0.6393 0.4082
vn 0.9024 0.1378 0.4082
vn -0.5357 -0.6299 0.5624
vn -0.3738 0.7251 0.5784
vn 0.2052 0.6558 -0.7266
vn 0.0494 -0.6874 -0.7246
vn 0.3652 -0.6950 0.6193
vn 0.8438 0.5120 0.1605
vn 0.6602 -0.0330 -0.7504
vn 0.3162 -0.8299 -0.4597
vn -0.6545 0.0593 0.7537
vn -0.3278 0.8108 0.4850
vn -0.5869 0.7199 -0.3704
vn -0.8336 -0.5282 0.1619
vn 0.0383 -0.3953 -0.9178
vn 0.3178 -0.8341 -0.4509
vn 0.9418 -0.3189 -0.1063
vn 0.0889 -0.7065 -0.7021
vn 0.0415 -0.7081 -0.7049
vn -0.9554 0.0430 -0.2923
vn 0.3178 -0.8341 0.4509
vn 0.9418 -0.3189 0.1063
vn -0.9553 0.0430 0.2923
vn 0.0383 -0.3953 0.9178
vn 0.0889 -0.7065 0.7021
vn 0.0415 -0.7081 0.7049
vn -0.7569 -0.5067 0.4126
vn -0.1208 0.6553 0.7457
vn 0.6602 -0.0330 0.7504
vn 0.3162 -0.8299 0.4597
vn -0.6545 0.0593 -0.7537
vn -0.3278 0.8108 -0.4850
vn 0.4860 0.5735 -0.6594
vn 0.9961 -0.0886 -0.0000
vn -0.5315 0.8471 -0.0000
vn -0.2206 -0.5869 -0.7790
vn 0.4986 -0.8668 -0.0000
vn -0.9921 0.1252 -0.0000
vn -0.5981 -0.7513 -0.2789
vn -0.5744 0.5137 0.6374
vn -0.1155 -0.1784 0.9771
vn -0.2211 -0.5532 0.8032
vn -0.4180 0.0817 -0.9048
vn -0.2742 0.6976 -0.6620
vn 0.8438 0.5121 -0.1605
vn 0.3709 -0.6961 -0.6147
vn 0.7592 0.4990 -0.4178
vn 0.2206 0.5869 0.7790
vn -0.4986 0.8668 -0.0000
vn 0.9921 -0.1252 -0.0000
vn -0.4860 -0.5735 0.6594
vn -0.9961 0.0886 -0.0000
vn 0.5315 -0.8471 -0.0000
vn 0.1208 -0.6553 -0.7457
vn -0.2734 0.6865 -0.6738
vn 0.3304 0.6186 0.7129
vn 0.5650 -0.6909 0.4512
vn 0.0153 -0.6389 -0.7692
vn -0.7205 -0.5580 -0.4118
vn -0.2793 -0.2163 -0.9355
vn -0.6379 0.4296 -0.6391
vn -0.9379 0.2085 -0.2774
vn -0.0327 -0.9602 -0.2773
vn 0.2564 -0.7251 -0.6391
vn 0.2793 0.2163 -0.9355
vn -0.2564 0.7251 -0.6391
vn 0.6379 -0.4296 -0.6391
vn 0.7205 0.5580 -0.4118
vn 0.0327 0.9602 -0.2774
vn 0.9379 -0.2085 -0.2773
vn 0.7205 0.5580 0.4118
vn 0.0327 0.9602 0.2774
vn 0.9379 -0.2085 0.2773
vn 0.2792 0.2163 0.9355
vn -0.2564 0.7251 0.6391
vn 0.6379 -0.4296 0.6391
vn -0.2793 -0.2163 0.9355
vn -0.6379 0.4296 0.6391
vn 0.2564 -0.7251 0.6391
vn -0.7205 -0.5580 0.4118
vn -0.9379 0.2085 0.2773
vn -0.0327 -0.9602 0.2774
vn -0.2206 -0.5869 0.7790
vn 0.4860 0.5735 0.6594
vn -0.1208 0.6553 -0.7457
vn -0.7562 -0.5027 -0.4189
vn 0.3821 0.8329 -0.4004
vn 0.3821 0.8329 0.4004
vn 0.2949 0.6427 0.7071
vn 0.2949 0.6427 -0.7071
vn -0.3822 -0.8328 0.4004
vn -0.2949 -0.6427 0.7071
vn -0.3822 -0.8328 -0.4004
vn -0.2949 -0.6427 -0.7071
vn -0.4870 -0.7727 0.4071
vn -0.6210 0.7643 0.1739
vn -0.0807 0.5902 0.8032
vn -0.0689 0.2011 0.9771
vn -0.4348 -0.6106 -0.6620
vn -0.4254 0.0218 -0.9048
vn 0.5283 0.5858 -0.6146
vn 0.6949 -0.7010 -0.1605
vn 0.7569 0.5067 0.4126
vn 0.1208 -0.6553 0.7457
vn -0.4860 -0.5735 -0.6594
vn 0.2206 0.5869 -0.7790
vn 0.6507 0.7399 -0.1708
vn -0.1443 -0.9225 0.3581
vn -0.1841 -0.0456 0.9818
vn -0.0800 0.4868 0.8698
vn 0.1093 0.0625 -0.9920
vn -0.0618 -0.5460 -0.8355
vn -0.8690 0.4783 -0.1270
vn -0.3053 0.3524 0.8847
vn -0.2601 -0.2303 -0.9377
vn -0.4644 -0.8729 0.1498
vn -0.4540 0.8845 0.1071
vn -0.0323 0.2296 0.9728
vn -0.1286 0.0431 -0.9908
vn 0.9794 -0.1020 0.1743
vn -0.8693 -0.4666 0.1630
vn 0.1843 0.9547 -0.2338
vn -0.2932 0.0657 0.9538
vn -0.2268 -0.5672 -0.7918
vn 0.6664 -0.6813 0.3029
vn 0.6618 0.7256 -0.1884
vn 0.0990 -0.8269 0.5536
vn -0.9826 -0.1643 0.0871
vn -0.9423 0.2161 0.2556
vn -0.4924 -0.1161 -0.8626
vn -0.7164 0.6548 0.2407
vn -0.6839 -0.7188 -0.1253
vn 0.0106 -0.2674 -0.9635
vn -0.1025 0.6264 -0.7728
vn 0.0140 0.1708 0.9852
vn 0.1238 -0.6656 0.7360
vn 0.2754 -0.9269 -0.2548
vn 0.1682 -0.5050 -0.8466
vn 0.2254 -0.8240 0.5198
vn 0.7324 -0.6252 -0.2695
vn 0.8010 0.5811 0.1442
vn 0.6656 -0.7362 -0.1223
vn 0.7418 0.6663 0.0757
vn 0.1657 0.9850 0.0482
vn 0.0348 0.8108 -0.5844
vn 0.2021 0.4810 0.8531
vn -0.4018 0.9131 0.0689
vn -0.0800 0.4869 -0.8698
vn 0.1093 0.0625 0.9920
vn -0.9145 -0.3761 -0.1491
vn -0.1842 -0.0457 -0.9818
vn -0.0618 -0.5461 0.8354
vn -0.2884 -0.9211 -0.2616
vn -0.2212 -0.5767 -0.7864
vn -0.0693 -0.8362 0.5440
vn -0.2099 -0.9438 -0.2554
vn -0.1594 -0.5954 -0.7874
vn 0.0100 -0.8492 0.5279
vn 0.7118 0.6889 -0.1371
vn 0.6284 -0.7532 0.1946
vn 0.0106 -0.2674 0.9635
vn -0.1025 0.6264 0.7728
vn 0.0140 0.1708 -0.9852
vn 0.1238 -0.6656 -0.7360
vn -0.2099 -0.9438 0.2554
vn -0.1594 -0.5954 0.7874
vn 0.0100 -0.8492 -0.5279
vn -0.2883 -0.9211 0.2616
vn -0.2213 -0.5767 0.7864
vn -0.0693 -0.8362 -0.5440
vn -0.9144 -0.3763 0.1491
vn -0.4018 0.9131 -0.0689
vn 0.1657 0.9850 -0.0482
vn 0.0348 0.8107 0.5844
vn 0.2021 0.4810 -0.8531
vn 0.0999 -0.8791 -0.4661
vn 0.5155 0.6888 -0.5097
vn -0.1141 0.2639 -0.9578
vn 0.0019 0.2125 -0.9772
vn 0.3938 -0.6580 0.6418
vn 0.1471 -0.2701 0.9515
vn -0.2898 0.6137 0.7344
vn -0.7442 -0.5082 -0.4334
vn 0.2975 -0.9265 0.2303
vn -0.6838 -0.7188 0.1254
vn 0.1682 -0.5050 0.8466
vn 0.2254 -0.8240 -0.5198
vn -0.7531 0.6318 -0.1836
vn 0.8010 0.5811 -0.1442
vn -0.2619 0.7695 0.5824
vn -0.2291 0.1862 -0.9554
vn 0.7324 -0.6252 0.2695
vn 0.2327 -0.1057 0.9668
vn 0.3474 -0.6491 -0.6767
vn 0.6989 -0.1625 -0.6965
vn -0.7495 0.0563 -0.6596
vn -0.6397 -0.7188 -0.2722
vn 0.0615 0.9290 -0.3650
vn -0.7495 0.0563 0.6596
vn -0.6397 -0.7188 0.2722
vn 0.0615 0.9290 0.3650
vn 0.6897 -0.1704 0.7037
vn 0.7991 0.5097 0.3188
vn 0.6028 -0.5881 0.5392
vn 0.2127 0.0291 0.9767
vn -0.4334 0.8989 0.0646
vn -0.4789 0.3311 -0.8130
vn 0.4093 -0.6736 -0.6154
vn -0.6387 -0.7181 0.2763
vn -0.6521 0.6774 -0.3404
vn -0.4156 0.9016 -0.1199
vn 0.5154 0.6890 0.5095
vn -0.1141 0.2640 0.9578
vn 0.1471 -0.2701 -0.9515
vn 0.4178 -0.2925 0.8602
vn 0.0020 0.2125 0.9772
vn 0.3938 -0.6580 -0.6418
vn -0.7442 -0.5082 0.4334
vn -0.2217 -0.9429 -0.2485
vn 0.7294 0.6837 0.0213
vn -0.8690 0.4783 0.1270
vn -0.3053 0.3524 -0.8847
vn -0.2601 -0.2303 0.9377
vn -0.5680 -0.8119 -0.1351
vn 0.9794 -0.1020 -0.1743
vn -0.4540 0.8845 -0.1071
vn -0.0323 0.2296 -0.9728
vn -0.1285 0.0431 0.9908
vn 0.6045 -0.7658 -0.2195
vn 0.1843 0.9547 0.2338
vn -0.9252 -0.2782 -0.2579
vn -0.2932 0.0657 -0.9538
vn -0.2268 -0.5672 0.7918
vn -0.0925 -0.9103 -0.4035
vn 0.7057 0.7013 0.1014
vn -0.9826 -0.1638 -0.0876
vn -0.9423 0.2160 -0.2557
vn -0.4923 -0.1161 0.8626
vn 0.5863 0.4670 -0.6620
vn -0.5218 -0.7648 0.3779
vn 0.9872 -0.1554 -0.0364
vn 0.5113 -0.4521 0.7309
vn -0.8692 -0.2740 -0.4115
vn 0.1055 -0.6154 -0.7812
vn -0.4446 0.4652 0.7655
vn -0.5498 0.8004 0.2391
vn 0.0154 0.1772 0.9840
vn 0.6350 0.0509 -0.7709
vn -0.4151 -0.8337 0.3643
vn -0.1849 0.9088 0.3740
vn 0.6082 0.3073 0.7319
vn -0.7717 0.4987 -0.3946
vn -0.4154 -0.8336 -0.3640
vn 0.7109 -0.0795 0.6988
vn 0.9872 -0.1555 0.0360
vn 0.5110 -0.4521 -0.7311
vn -0.8691 -0.2744 0.4115
vn 0.1058 -0.6155 0.7810
vn -0.1851 0.9088 -0.3740
vn 0.6082 0.3073 -0.7319
vn -0.7717 0.4987 0.3947
vn -0.5491 -0.7434 -0.3820
vn -0.0000 -0.0000 -0.0000
vn -0.4448 0.4654 -0.7652
vn -0.5501 0.8002 -0.2391
vn 0.0154 0.1775 -0.9840
vn 0.4343 -0.1800 0.8826
vn 0.0914 0.7012 0.7071
vn -0.0914 -0.7012 0.7071
vn -0.8624 -0.2993 0.4083
vn -0.7569 0.5104 0.4083
vn 0.8624 0.2993 0.4083
vn 0.7569 -0.5104 0.4083
vn -0.0914 -0.7012 -0.7071
vn -0.8624 -0.2993 -0.4083
vn 0.7569 -0.5104 -0.4083
vn 0.0914 0.7012 -0.7071
vn -0.7569 0.5104 -0.4083
vn 0.8624 0.2993 -0.4083
vn -0.8774 0.2438 0.4131
vn -0.0746 0.8703 -0.4868
vn 0.4167 0.8430 0.3403
vn -0.0719 0.4646 0.8826
vn -0.8938 -0.1831 -0.4094
vn -0.4909 0.1285 -0.8617
vn 0.9215 -0.3834 0.0621
vn 0.6437 0.2515 0.7227
vn -0.7141 -0.1307 -0.6878
vn 0.4628 -0.7113 0.5290
vn 0.6119 0.1928 0.7670
vn -0.6813 -0.1512 -0.7162
vn -0.4243 -0.8304 -0.3612
vn 0.7581 -0.0899 0.6459
vn 0.9240 0.3102 -0.2234
vn 0.5055 -0.4499 -0.7362
vn -0.8666 -0.2712 0.4188
vn 0.0820 -0.6013 0.7948
vn -0.1800 0.9111 -0.3708
vn 0.6045 0.3080 -0.7347
vn -0.7658 0.5103 0.3912
vn -0.6244 -0.6765 -0.3906
vn 0.5975 0.4855 0.6382
vn -0.4584 0.3910 -0.7981
vn -0.2151 0.8709 -0.4419
vn -0.1643 0.1935 -0.9673
vn 0.5879 0.4692 -0.6589
vn -0.5943 -0.7071 0.3833
vn 0.9241 0.3101 0.2233
vn 0.5055 -0.4499 0.7362
vn -0.8667 -0.2711 -0.4188
vn 0.0819 -0.6011 -0.7950
vn -0.4583 0.3909 0.7982
vn -0.2150 0.8710 0.4418
vn -0.1642 0.1934 0.9673
vn 0.6396 0.1189 -0.7594
vn -0.4232 -0.8310 0.3612
vn -0.1795 0.9113 0.3707
vn 0.6045 0.3080 0.7347
vn -0.7658 0.5104 -0.3912
vn -0.8774 0.2438 -0.4131
vn 0.4627 -0.7114 -0.5290
vn 0.6119 0.1928 -0.7670
vn -0.0719 0.4646 -0.8826
vn -0.8938 -0.1831 0.4094
vn -0.6813 -0.1514 0.7162
vn 0.9215 -0.3835 -0.0620
vn 0.6438 0.2513 -0.7227
vn -0.7139 -0.1305 0.6880
vn -0.0746 0.8703 0.4868
vn 0.4167 0.8430 -0.3403
vn -0.4909 0.1285 0.8617
vn 0.6743 -0.2128 0.7071
vn 0.6743 -0.2128 -0.7071
vn 0.1436 -0.9015 -0.4083
vn 0.1436 -0.9015 0.4083
vn 0.6350 0.6558 0.4082
vn 0.6350 0.6558 -0.4082
vn -0.6743 0.2128 -0.7071
vn -0.6350 -0.6558 -0.4083
vn -0.1436 0.9015 -0.4082
vn -0.6743 0.2128 0.7071
vn -0.6350 -0.6558 0.4083
vn -0.1436 0.9015 0.4082
vn -0.7882 0.4487 0.4211
vn 0.8758 0.4714 -0.1039
vn -0.1365 -0.2754 0.9516
vn -0.2561 0.7716 -0.5823
vn 0.3312 -0.6583 -0.6760
vn -0.8003 -0.5941 0.0812
vn -0.2584 -0.6402 0.7235
vn -0.4161 0.1804 -0.8913
vn -0.5099 0.7651 0.3932
vn -0.7034 -0.6009 0.3796
vn 0.6308 -0.7689 -0.1045
vn 0.7995 0.5929 -0.0960
vn -0.5591 -0.4330 -0.7071
vn -0.5591 -0.4330 0.7071
vn 0.5547 0.5313 0.6403
vn -0.0576 0.6144 -0.7869
vn -0.8054 -0.4563 -0.3783
vn -0.2840 -0.5419 0.7910
vn 0.5591 0.4330 -0.7071
vn 0.5591 0.4330 0.7071
vn -0.1772 0.8955 0.4083
vn 0.8955 0.1772 -0.4083
vn 0.3955 0.8227 -0.4083
vn -0.3955 -0.8227 -0.4083
vn 0.8955 0.1772 0.4083
vn -0.3955 -0.8227 0.4083
vn 0.3955 0.8227 0.4083
vn -0.7988 -0.5931 -0.1002
vn 0.5344 -0.7533 0.3833
vn 0.7008 0.6016 0.3834
vn -0.6316 0.7688 -0.1002
vn 0.6845 0.1826 -0.7058
vn -0.7025 -0.0979 -0.7049
vn 0.0763 -0.8876 -0.4542
vn -0.0768 0.8934 -0.4427
vn -0.7025 -0.0979 0.7049
vn 0.0763 -0.8876 0.4542
vn -0.0768 0.8934 0.4427
vn 0.6845 0.1826 0.7058
vn 0.5904 0.4643 -0.6602
vn -0.5888 -0.3929 -0.7063
vn 0.8260 -0.4217 -0.3742
vn -0.2130 0.8918 -0.3991
vn -0.5888 -0.3929 0.7063
vn 0.5934 0.3899 0.7041
vn 0.8259 -0.4217 0.3742
vn -0.2130 0.8918 0.3991
vn -0.4097 0.6497 0.6403
vn 0.1445 -0.5945 0.7910
vn 0.6711 -0.6376 -0.3783
vn 0.2045 0.5822 -0.7869
vn 0.8296 0.5584 -0.0000
vn -0.8840 -0.4675 -0.0000
vn 0.4683 -0.8836 -0.0000
vn 0.4675 -0.8840 -0.0000
vn 0.8305 0.5570 -0.0000
vn -0.8844 -0.4667 -0.0000
vn -0.8840 -0.4675 -0.0002
vn 0.5476 -0.8106 -0.2074
vn 0.1512 -0.2708 0.9507
vn 0.5452 -0.8130 -0.2044
vn 0.1517 -0.2650 0.9522
vn -0.8844 -0.4667 0.0037
vn 0.5584 -0.8296 -0.0000
vn -0.8296 -0.5584 -0.0000
vn 0.5866 0.3948 -0.7071
vn -0.5584 0.8296 -0.0000
vn 0.9285 0.3713 -0.0000
vn -0.9546 -0.2977 -0.0000
vn 0.2987 -0.9544 -0.0000
vn 0.2978 -0.9546 -0.0000
vn 0.9292 0.3696 -0.0000
vn -0.9549 -0.2969 -0.0000
vn -0.9546 -0.2978 -0.0001
vn 0.3685 -0.9165 -0.1554
vn 0.0699 -0.2228 0.9723
vn 0.3653 -0.9184 -0.1520
vn 0.0733 -0.2159 0.9737
vn -0.9549 -0.2969 0.0057
vn 0.3713 -0.9285 -0.0000
vn -0.9285 -0.3713 -0.0000
vn 0.6565 0.2626 -0.7071
vn -0.3713 0.9285 -0.0000
vn 0.9750 0.2224 -0.0000
vn -0.9832 -0.1823 -0.0000
vn 0.1829 -0.9831 -0.0000
vn 0.1823 -0.9832 -0.0000
vn 0.9752 0.2213 -0.0000
vn -0.9833 -0.1818 -0.0000
vn 0.9646 0.2638 0.0036
vn 0.2227 -0.9714 -0.0825
vn 0.0180 -0.1232 0.9922
vn 0.2206 -0.9720 -0.0805
vn 0.0236 -0.1188 0.9926
vn -0.9833 -0.1818 0.0064
vn 0.2224 -0.9750 -0.0000
vn -0.9750 -0.2224 -0.0000
vn 0.6894 0.1572 -0.7071
vn -0.2224 0.9750 -0.0000
vn 0.1419 -0.9899 -0.0000
vn -0.9899 -0.1419 -0.0000
vn 0.6999 0.1003 -0.7072
vn -0.1419 0.9899 -0.0001
vn 0.9899 0.1419 -0.0000
vn -0.9219 -0.0480 -0.3845
vn -0.3568 -0.2483 0.9006
vn -0.3618 -0.2486 0.8985
vn 0.9902 0.1396 0.0108
vn -0.9199 -0.0466 -0.3895
vn -0.9211 -0.0518 -0.3858
vn 0.1427 -0.9857 -0.0899
vn -0.3710 -0.1831 0.9104
vn 0.1400 -0.9862 -0.0889
vn -0.3694 -0.1804 0.9116
vn -0.9221 -0.0506 -0.3837
vn 0.7087 0.0241 -0.7051
vn 0.7001 0.1004 0.7070
vn 0.0697 -0.9969 0.0361
vn -0.7087 -0.0242 0.7051
vn 0.7036 0.0491 0.7089
vn 0.8572 0.1229 -0.5000
vn -0.0002 -0.0000 -1.0000
vn 0.9899 0.1419 0.0045
vn -0.2534 -0.0363 -0.9667
vn 0.9899 0.1420 -0.0000
vn -0.2563 -0.0367 -0.9659
vn 0.8565 0.1228 -0.5013
vn 0.9952 0.0981 -0.0040
vn -0.1427 0.9857 0.0899
vn 0.0066 -0.0438 0.9990
vn -0.1400 0.9862 0.0889
vn 0.0064 -0.0434 0.9990
vn 0.9953 0.0963 -0.0083
vn 0.9998 0.0058 -0.0205
vn -0.0470 -0.3243 -0.9448
vn -0.9861 0.1662 -0.0050
vn 0.7194 0.0285 0.6940
vn -0.9863 0.1650 0.0002
vn 0.7197 0.0310 0.6936
vn 0.9994 0.0110 -0.0321
vn -0.0520 -0.3284 -0.9431
vn -0.0758 -0.4911 -0.8678
vn -0.0712 -0.9030 0.4238
vn -0.9863 0.1652 -0.0049
vn -0.0663 -0.9026 0.4254
vn -0.9863 0.1650 0.0003
vn -0.0807 -0.4945 -0.8655
vn -0.7087 -0.0241 0.7051
vn -0.7052 0.0537 -0.7070
vn 0.0336 -0.9994 -0.0004
vn 0.7087 0.0242 -0.7051
vn 0.9676 -0.2526 -0.0000
vn 0.9425 -0.3342 -0.0011
vn -0.9673 0.2537 -0.0000
vn 0.2644 -0.9643 -0.0116
vn -0.9676 0.2526 -0.0000
vn 0.2651 -0.9642 -0.0116
vn 0.9679 -0.2515 -0.0000
vn -0.9772 0.2125 0.0035
vn -0.2528 -0.9639 0.0839
vn -0.9555 0.2950 0.0046
vn -0.2505 -0.9643 0.0860
vn -0.9558 0.2940 0.0048
vn -0.9775 0.2102 0.0172
vn 0.2526 0.9676 -0.0000
vn 0.2504 -0.0654 0.9659
vn -0.2526 -0.9676 -0.0000
vn -0.8379 0.2188 0.5000
vn 0.9424 -0.3345 0.0006
vn 0.4620 0.8869 -0.0016
vn -0.9488 0.3158 -0.0041
vn 0.7522 0.6589 -0.0003
vn -0.9424 0.3345 -0.0040
vn 0.7607 0.6491 -0.0002
vn -0.1754 0.9845 -0.0059
vn 0.4620 0.8869 -0.0015
vn -0.7860 0.5609 0.2602
vn -0.2235 -0.6756 -0.7025
vn -0.4817 -0.7951 0.3684
vn -0.2488 -0.6647 -0.7045
vn -0.4689 -0.8012 0.3717
vn -0.7694 0.5742 0.2799
vn 0.3342 0.9425 -0.0000
vn -0.9425 0.3342 0.0011
vn 0.2448 -0.0868 0.9657
vn -0.3342 -0.9425 -0.0000
vn -0.8158 0.2893 0.5007
vn 0.3090 -0.9510 0.0030
vn 0.9495 -0.2832 0.1352
vn 0.0387 -0.9771 0.2092
vn -0.9691 0.2466 -0.0046
vn -0.9075 0.4199 0.0045
vn 0.5724 0.8149 0.0910
vn 0.9495 -0.2831 -0.1351
vn 0.0384 -0.9771 -0.2093
vn 0.5726 0.8148 -0.0906
vn 0.6998 0.1035 0.7068
vn 0.6998 0.1035 -0.7068
vn 0.5233 -0.7482 -0.4079
vn 0.5233 -0.7482 0.4079
vn 0.2844 0.8676 0.4079
vn 0.2844 0.8676 -0.4079
vn -0.7027 -0.0887 -0.7059
vn -0.7027 -0.0887 0.7059
vn 0.0985 0.6194 0.7789
vn -0.9077 -0.1871 -0.3756
vn -0.3069 0.6106 -0.7301
vn 0.5936 0.7465 0.3005
vn 0.6271 0.1201 0.7696
vn -0.4915 -0.7753 0.3966
vn 0.8396 -0.4064 -0.3605
vn 0.4560 0.5156 -0.7254
vn 0.2790 -0.8688 0.4092
vn 0.8107 -0.4565 -0.3666
vn -0.4774 0.5894 0.6517
vn -0.5268 -0.4594 -0.7152
vn -0.5901 -0.8053 -0.0568
vn -0.2308 0.1898 -0.9543
vn 0.0176 0.6288 -0.7773
vn 0.8396 -0.4064 0.3605
vn 0.4560 0.5156 0.7254
vn 0.5935 0.7467 -0.3003
vn 0.6271 0.1200 -0.7696
vn 0.2790 -0.8688 -0.4092
vn -0.9077 -0.1870 0.3756
vn -0.3069 0.6105 0.7301
vn -0.4915 -0.7753 -0.3966
vn -0.4808 0.5918 -0.6470
vn 0.8181 -0.4437 0.3658
vn -0.5267 -0.4594 0.7152
vn -0.5902 -0.8053 0.0568
vn -0.2308 0.1898 0.9543
vn 0.7161 -0.0878 0.6924
vn 0.7161 -0.0878 -0.6924
vn 0.3026 -0.8699 -0.3895
vn 0.3026 -0.8699 0.3895
vn 0.5040 0.7710 0.3893
vn 0.5040 0.7710 -0.3893
vn -0.7252 -0.1509 -0.6718
vn -0.7252 -0.1509 0.6718
vn -0.2096 -0.6554 0.7256
vn 0.3698 -0.7249 -0.5812
vn -0.9329 -0.3601 -0.0000
vn 0.8418 -0.5398 -0.0000
vn 0.5342 0.6139 -0.5811
vn -0.0448 0.6867 0.7256
vn -0.8181 0.5751 -0.0000
vn 0.9474 0.3201 -0.0000
vn 0.7205 -0.6020 -0.3441
vn 0.1417 0.5518 -0.8219
vn -0.6636 -0.1012 -0.7412
vn -0.4049 -0.8557 -0.3222
vn 0.6622 0.1238 0.7391
vn 0.4124 0.8419 0.3481
vn -0.4768 0.6198 0.6233
vn -0.9965 -0.0838 -0.0000
vn 0.5506 0.8348 -0.0000
vn 0.2067 -0.5619 0.8010
vn -0.5230 -0.8523 -0.0000
vn 0.9934 0.1145 -0.0000
vn 0.7201 -0.6011 0.3465
vn 0.2067 -0.5619 -0.8010
vn -0.4768 0.6198 -0.6233
vn 0.1417 0.5518 0.8219
vn 0.3838 -0.7181 0.5806
vn -0.2097 -0.6555 -0.7256
vn -0.0449 0.6867 -0.7256
vn 0.5342 0.6139 0.5812
vn 0.3605 -0.6823 -0.6360
vn -0.7916 -0.5936 0.1449
vn -0.2327 -0.5820 0.7792
vn -0.4173 0.1135 -0.9016
vn -0.5729 0.4992 0.6500
vn -0.1219 -0.2101 0.9701
vn -0.2683 0.7221 -0.6377
vn 0.8544 0.4997 -0.1421
vn -0.8911 0.2137 -0.4004
vn -0.8908 0.2140 0.4009
vn -0.6879 0.1647 0.7068
vn -0.6876 0.1649 -0.7071
vn -0.6876 0.1649 -0.7072
vn -0.6881 0.1648 0.7067
vn 0.8911 -0.2138 0.4004
vn 0.6876 -0.1649 0.7071
vn 0.8910 -0.2138 -0.4004
vn 0.6876 -0.1649 -0.7071
vn 0.6876 -0.1650 -0.7071
vn -0.4728 -0.6097 0.6362
vn -0.6600 0.7453 -0.0945
vn -0.1358 0.8245 0.5494
vn -0.0701 0.4640 0.8831
vn -0.4331 -0.7994 -0.4164
vn -0.4860 -0.2381 -0.8409
vn 0.4031 0.4919 -0.7717
vn 0.8032 -0.5957 -0.0109
vn -0.0456 0.6867 0.7255
vn -0.2090 -0.6554 0.7258
vn 0.3703 -0.7250 -0.5807
vn 0.5336 0.6142 -0.5814
vn -0.6385 -0.6391 -0.4288
vn -0.5659 0.4271 0.7052
vn -0.1579 -0.3585 0.9201
vn -0.2947 -0.7102 0.6393
vn -0.4150 0.2678 -0.8695
vn -0.2408 0.8313 -0.5010
vn 0.9016 0.4290 -0.0551
vn 0.6194 -0.2587 0.7412
vn -0.1966 0.9166 -0.3481
vn 0.2994 -0.6181 -0.7269
vn 0.1860 -0.9282 0.3221
vn -0.6127 0.2803 -0.7389
vn 0.7014 -0.0898 0.7071
vn 0.7014 -0.0898 -0.7071
vn 0.3012 -0.8617 -0.4082
vn 0.3012 -0.8617 0.4082
vn 0.5087 0.7580 0.4082
vn 0.5087 0.7580 -0.4082
vn -0.7014 0.0898 -0.7071
vn -0.5087 -0.7580 -0.4082
vn -0.3012 0.8617 -0.4082
vn -0.7014 0.0898 0.7071
vn -0.5087 -0.7580 0.4082
vn -0.3012 0.8617 0.4082
vn -0.4398 -0.5261 0.7278
vn 0.7078 -0.6454 0.2871
vn -0.1082 -0.8810 -0.4605
vn 0.0216 0.1762 0.9841
vn 0.7083 0.4935 -0.5047
vn -0.0185 -0.1510 -0.9884
vn 0.1065 0.8678 0.4853
vn -0.7711 0.6343 0.0550
vn -0.8441 -0.4092 -0.3465
vn -0.3365 -0.4952 0.8010
vn 0.3013 -0.9535 -0.0000
vn 0.1859 -0.9282 -0.3222
vn -0.6126 0.2803 0.7390
vn -0.9362 0.3514 -0.0000
vn 0.6126 0.4860 0.6233
vn 0.9466 -0.3224 -0.0000
vn -0.3322 0.9432 -0.0000
vn -0.0040 0.5697 -0.8218
vn 0.6194 -0.2587 -0.7412
vn -0.1966 0.9166 0.3481
vn 0.0656 -0.4655 0.8826
vn -0.5441 -0.6729 0.5012
vn -0.3651 0.7846 -0.5011
vn 0.7163 -0.0881 0.6922
vn -0.6670 0.3219 0.6719
vn 0.5043 0.7708 0.3893
vn 0.3028 -0.8700 0.3891
vn -0.6670 0.3219 -0.6719
vn 0.7163 -0.0881 -0.6922
vn 0.5043 0.7708 -0.3893
vn 0.3028 -0.8700 -0.3891
vn -0.8448 -0.4099 0.3440
vn -0.0040 0.5697 0.8219
vn 0.6126 0.4860 -0.6233
vn -0.3365 -0.4952 -0.8010
vn 0.2975 -0.6184 0.7274
vn 0.9016 0.4290 0.0550
vn -0.5679 0.6502 -0.5047
vn -0.8429 -0.4550 0.2870
vn -0.5402 -0.6287 0.5594
vn -0.3692 0.7250 0.5815
vn 0.2104 0.6553 -0.7255
vn 0.0443 -0.6865 -0.7258
vn 0.5327 0.8442 0.0601
vn 0.5927 -0.6672 0.4512
vn 0.0687 -0.2076 0.9758
vn 0.1164 0.1830 0.9762
vn 0.4278 0.2826 -0.8586
vn 0.3470 -0.3762 -0.8591
vn -0.7004 -0.6017 -0.3838
vn -0.5349 0.7533 -0.3828
vn 0.7089 0.0234 -0.7050
vn -0.7059 0.0570 -0.7060
vn -0.7059 0.0570 0.7060
vn 0.7089 0.0234 0.7050
vn -0.4655 -0.0656 -0.8826
vn -0.5834 0.7104 -0.3936
vn -0.8356 -0.5177 0.1837
vn 0.3578 -0.6850 0.6346
vn 0.8544 0.4998 0.1422
vt 0.375000 0.044171
vt 0.375000 0.205829
vt 0.625000 0.205829
vt 0.625000 0.044171
vt 1.000000 1.000000
vt 0.875000 1.000000
vt 0.375000 0.000000
vt 0.625000 0.000000
vt 0.625000 0.544171
vt 0.375000 0.544171
vt 0.375000 0.455829
vt 0.625000 0.455829
vt 0.125000 1.000000
vt 0.000000 1.000000
vt 1.000000 0.000000
vt 0.500000 1.000000
vt 0.625000 1.000000
vt 0.750000 1.000000
vt 0.375000 1.000000
vt 0.625000 0.294171
vt 0.375000 0.294171
vt 0.375000 0.794171
vt 0.375000 0.955829
vt 0.250000 1.000000
vt 0.175000 0.750000
vt 0.125000 0.750000
vt 0.125000 0.500000
vt 0.175000 0.500000
vt 0.625000 0.705829
vt 0.375000 0.705829
vt 0.625000 0.794171
vt 0.625000 0.955829
vt 0.625000 0.750000
vt 0.375000 0.750000
vt 0.375000 0.500000
vt 0.625000 0.500000
vt 0.625000 0.250000
vt 0.375000 0.250000
vt 0.325000 0.750000
vt 0.300000 0.750000
vt 0.300000 0.500000
vt 0.325000 0.500000
vt 0.000000 0.000000
vt 0.669171 0.500000
vt 0.830829 0.500000
vt 0.875000 0.544171
vt 0.875000 0.705829
vt 0.830829 0.750000
vt 0.669171 0.750000
vt 0.275000 0.750000
vt 0.275000 0.500000
vt 0.225000 0.750000
vt 0.200000 0.750000
vt 0.200000 0.500000
vt 0.225000 0.500000
vt 0.375000 0.900000
vt 0.375000 0.850000
vt 0.375000 0.825000
vt 0.375000 0.800000
vt 0.375000 0.950000
vt 0.375000 0.925000
vt 0.375000 0.400000
vt 0.375000 0.350000
vt 0.375000 0.325000
vt 0.375000 0.300000
vt 0.375000 0.450000
vt 0.375000 0.425000
vt 0.125000 0.544171
vt 0.169171 0.500000
vt 0.330829 0.500000
vt 0.330829 0.750000
vt 0.169171 0.750000
vt 0.125000 0.705829
s 1
f 1891/1/1 1892/2/2 807/2/3 801/1/4
f 1892/2/2 1891/1/1 802/1/4 808/2/3
f 1892/2/2 1893/3/5 803/3/6 807/2/3
f 1893/3/5 1892/2/2 808/2/3 804/3/6
f 1893/3/5 1894/4/7 805/4/8 803/3/6
f 1894/4/7 1893/3/5 804/3/6 806/4/8
f 1894/4/7 1891/1/1 801/1/4 805/4/8
f 1891/1/1 1894/4/7 806/4/8 802/1/4
f 1895/5/9 1896/5/10 341/5/11 339/5/12
f 1896/5/10 1895/5/9 340/5/13 342/5/14
f 1896/5/10 1897/6/15 333/6/16 341/5/11
f 1897/6/15 1896/5/10 342/5/14 334/6/17
f 1897/6/15 1898/6/18 337/6/19 333/6/16
f 1898/6/18 1897/6/15 334/6/17 338/6/20
f 1898/6/18 1895/5/9 339/5/12 337/6/19
f 1895/5/9 1898/6/18 338/6/20 340/5/13
f 1899/4/21 1900/1/22 457/1/23 459/4/24
f 1900/1/22 1899/4/21 460/4/25 458/1/26
f 1900/1/22 1901/2/27 453/2/28 457/1/23
f 1901/2/27 1900/1/22 458/1/26 454/2/29
f 1901/2/27 1902/3/30 455/3/31 453/2/28
f 1902/3/30 1901/2/27 454/2/29 456/3/32
f 1902/3/30 1899/4/21 459/4/24 455/3/31
f 1899/4/21 1902/3/30 456/3/32 460/4/25
f 1903/1/33 1904/7/34 1295/7/35 1289/1/36
f 1904/7/34 1903/1/33 1290/1/37 1296/7/38
f 1904/7/34 1905/8/39 1291/8/40 1295/7/35
f 1905/8/39 1904/7/34 1296/7/38 1292/8/41
f 1905/8/39 1906/4/42 1293/4/43 1291/8/40
f 1906/4/42 1905/8/39 1292/8/41 1294/4/44
f 1906/4/42 1903/1/33 1289/1/36 1293/4/43
f 1903/1/33 1906/4/42 1294/4/44 1290/1/37
f 1907/9/39 1908/10/34 687/10/38 685/9/41
f 1908/10/34 1907/9/39 686/9/40 688/10/35
f 1908/10/34 1909/11/33 681/11/37 687/10/38
f 1909/11/33 1908/10/34 688/10/35 682/11/45
f 1909/11/33 1910/12/42 683/12/44 681/11/37
f 1910/12/42 1909/11/33 682/11/45 684/12/43
f 1910/12/42 1907/9/39 685/9/41 683/12/44
f 1907/9/39 1910/12/42 684/12/43 686/9/40
f 1911/13/46 1912/14/47 265/14/48 259/13/49
f 1912/14/47 1911/13/46 260/13/50 266/14/51
f 1912/14/47 1913/14/52 263/14/53 265/14/48
f 1913/14/52 1912/14/47 266/14/51 264/14/54
f 1913/14/52 1914/13/55 261/13/56 263/14/53
f 1914/13/55 1913/14/52 264/14/54 262/13/57
f 1914/13/55 1911/13/46 259/13/49 261/13/56
f 1911/13/46 1914/13/55 262/13/57 260/13/50
f 1915/13/58 1916/14/59 295/14/60 283/13/61
f 1916/14/59 1915/13/58 284/13/62 296/14/63
f 1916/14/59 1917/14/64 293/14/65 295/14/60
f 1917/14/64 1916/14/59 296/14/63 294/14/66
f 1917/14/64 1918/13/67 291/13/68 293/14/65
f 1918/13/67 1917/14/64 294/14/66 292/13/69
f 1918/13/67 1915/13/58 283/13/61 291/13/68
f 1915/13/58 1918/13/67 292/13/69 284/13/62
f 1919/13/70 1920/14/71 361/14/72 355/13/73
f 1920/14/71 1919/13/70 356/13/74 362/14/75
f 1920/14/71 1921/14/76 359/14/77 361/14/72
f 1921/14/76 1920/14/71 362/14/75 360/14/78
f 1921/14/76 1922/13/79 357/13/80 359/14/77
f 1922/13/79 1921/14/76 360/14/78 358/13/81
f 1922/13/79 1919/13/70 355/13/73 357/13/80
f 1919/13/70 1922/13/79 358/13/81 356/13/74
f 1923/5/82 1924/5/83 419/5/84 413/5/85
f 1924/5/83 1923/5/82 414/5/86 420/5/87
f 1924/5/83 1925/15/88 415/15/89 419/5/84
f 1925/15/88 1924/5/83 420/5/87 416/15/90
f 1925/15/88 1926/15/91 417/15/92 415/15/89
f 1926/15/91 1925/15/88 416/15/90 418/15/93
f 1926/15/91 1923/5/82 413/5/85 417/15/92
f 1923/5/82 1926/15/91 418/15/93 414/5/86
f 1927/16/94 1928/17/95 39/17/96 33/16/97
f 1928/17/95 1927/16/94 34/16/98 40/17/99
f 1928/17/95 1929/17/100 37/17/101 39/17/96
f 1929/17/100 1928/17/95 40/17/99 38/17/102
f 1929/17/100 1930/16/103 35/16/104 37/17/101
f 1930/16/103 1929/17/100 38/17/102 36/16/105
f 1930/16/103 1927/16/94 33/16/97 35/16/104
f 1927/16/94 1930/16/103 36/16/105 34/16/98
f 1931/5/106 1932/5/107 245/5/108 243/5/109
f 1932/5/107 1931/5/106 244/5/110 246/5/111
f 1932/5/107 1933/6/112 237/6/113 245/5/108
f 1933/6/112 1932/5/107 246/5/111 238/6/114
f 1933/6/112 1934/6/115 241/6/116 237/6/113
f 1934/6/115 1933/6/112 238/6/114 242/6/117
f 1934/6/115 1931/5/106 243/5/109 241/6/116
f 1931/5/106 1934/6/115 242/6/117 244/5/110
f 1935/15/118 1936/5/119 207/5/120 213/15/121
f 1936/5/119 1935/15/118 214/15/122 208/5/123
f 1936/5/119 1937/5/124 211/5/125 207/5/120
f 1937/5/124 1936/5/119 208/5/123 212/5/126
f 1937/5/124 1938/15/127 209/15/128 211/5/125
f 1938/15/127 1937/5/124 212/5/126 210/15/129
f 1938/15/127 1935/15/118 213/15/121 209/15/128
f 1935/15/118 1938/15/127 210/15/129 214/15/122
f 1939/13/130 1940/14/131 29/14/132 17/13/133
f 1940/14/131 1939/13/130 18/13/134 30/14/135
f 1940/14/131 1941/14/136 27/14/137 29/14/132
f 1941/14/136 1940/14/131 30/14/135 28/14/138
f 1941/14/136 1942/13/139 25/13/140 27/14/137
f 1942/13/139 1941/14/136 28/14/138 26/13/141
f 1942/13/139 1939/13/130 17/13/133 25/13/140
f 1939/13/130 1942/13/139 26/13/141 18/13/134
f 1943/6/142 1944/6/143 143/6/144 145/6/145
f 1944/6/143 1943/6/142 146/6/146 144/6/147
f 1944/6/143 1945/18/148 141/18/149 143/6/144
f 1945/18/148 1944/6/143 144/6/147 142/18/150
f 1945/18/148 1946/18/151 139/18/152 141/18/149
f 1946/18/151 1945/18/148 142/18/150 140/18/153
f 1946/18/151 1943/6/142 145/6/145 139/18/152
f 1943/6/142 1946/18/151 140/18/153 146/6/146
s 0
f 1947/15/154 1948/15/155 73/15/155 69/15/156
f 1948/15/157 1947/15/158 70/15/159 74/15/157
f 1948/15/160 1949/5/161 75/5/162 73/15/160
f 1949/5/163 1948/15/163 74/15/163 76/5/161
f 1949/5/164 1947/15/165 69/15/166 75/5/167
f 1947/15/168 1949/5/169 76/5/170 70/15/171
s 1
f 1950/5/172 1951/15/173 69/15/174 77/5/175
f 1951/15/173 1950/5/172 78/5/176 70/15/177
f 1951/15/173 1952/5/178 75/5/179 69/15/174
f 1952/5/178 1951/15/173 70/15/177 76/5/180
f 1952/5/178 1950/5/172 77/5/175 75/5/179
f 1950/5/172 1952/5/178 76/5/180 78/5/176
f 1953/19/181 1954/16/182 1383/16/183 1377/19/184
f 1954/16/182 1953/19/181 1378/19/185 1384/16/186
f 1954/16/182 1955/16/187 1381/16/188 1383/16/183
f 1955/16/187 1954/16/182 1384/16/186 1382/16/189
f 1955/16/187 1956/19/190 1379/19/191 1381/16/188
f 1956/19/190 1955/16/187 1382/16/189 1380/19/192
f 1956/19/190 1953/19/181 1377/19/184 1379/19/191
f 1953/19/181 1956/19/190 1380/19/192 1378/19/185
f 1957/20/193 1958/12/194 971/12/195 965/20/196
f 1958/12/194 1957/20/193 966/20/197 972/12/198
f 1958/12/194 1959/11/199 967/11/200 971/12/195
f 1959/11/199 1958/12/194 972/12/198 968/11/201
f 1959/11/199 1960/21/202 969/21/203 967/11/200
f 1960/21/202 1959/11/199 968/11/201 970/21/204
f 1960/21/202 1957/20/193 965/20/196 969/21/203
f 1957/20/193 1960/21/202 970/21/204 966/20/197
f 1961/21/205 1962/2/206 399/2/207 395/21/208
f 1962/2/206 1961/21/205 396/21/209 400/2/210
f 1962/2/206 1963/3/211 397/3/212 399/2/207
f 1963/3/211 1962/2/206 400/2/210 398/3/213
f 1963/3/211 1964/20/214 393/20/215 397/3/212
f 1964/20/214 1963/3/211 398/3/213 394/20/216
f 1964/20/214 1961/21/205 395/21/208 393/20/215
f 1961/21/205 1964/20/214 394/20/216 396/21/209
f 1965/4/217 1966/1/218 411/1/219 405/4/220
f 1966/1/218 1965/4/217 406/4/221 412/1/222
f 1966/1/218 1967/7/223 407/7/224 411/1/219
f 1967/7/223 1966/1/218 412/1/222 408/7/225
f 1967/7/223 1968/8/226 409/8/227 407/7/224
f 1968/8/226 1967/7/223 408/7/225 410/8/228
f 1968/8/226 1965/4/217 405/4/220 409/8/227
f 1965/4/217 1968/8/226 410/8/228 406/4/221
f 1969/14/229 1970/14/230 1801/14/231 1799/14/232
f 1970/14/230 1969/14/229 1800/14/233 1802/14/234
f 1970/14/230 1971/13/235 1795/13/236 1801/14/231
f 1971/13/235 1970/14/230 1802/14/234 1796/13/237
f 1971/13/235 1972/13/238 1797/13/239 1795/13/236
f 1972/13/238 1971/13/235 1796/13/237 1798/13/240
f 1972/13/238 1969/14/229 1799/14/232 1797/13/239
f 1969/14/229 1972/13/238 1798/13/240 1800/14/233
f 1973/22/241 1974/23/242 995/23/243 989/22/244
f 1974/23/242 1973/22/241 990/22/245 996/23/246
f 1974/23/242 1975/22/247 991/22/248 995/23/243
f 1975/22/247 1974/23/242 996/23/246 992/22/249
f 1975/22/247 1976/23/250 993/23/251 991/22/248
f 1976/23/250 1975/22/247 992/22/249 994/23/252
f 1976/23/250 1973/22/241 989/22/244 993/23/251
f 1973/22/241 1976/23/250 994/23/252 990/22/245
f 1977/13/253 1978/13/254 123/13/255 115/13/256
f 1978/13/254 1977/13/253 116/13/257 124/13/258
f 1978/13/254 1979/24/259 117/24/260 123/13/255
f 1979/24/259 1978/13/254 124/13/258 118/24/261
f 1979/24/259 1980/24/262 119/24/263 117/24/260
f 1980/24/262 1979/24/259 118/24/261 120/24/264
f 1980/24/262 1977/13/253 115/13/256 119/24/263
f 1977/13/253 1980/24/262 120/24/264 116/13/257
f 1981/25/265 1982/26/266 527/26/267 523/25/268
f 1982/26/266 1981/25/265 524/25/269 528/26/270
f 1982/26/266 1983/27/271 525/27/272 527/26/267
f 1983/27/271 1982/26/266 528/26/270 526/27/273
f 1983/27/271 1984/28/274 521/28/275 525/27/272
f 1984/28/274 1983/27/271 526/27/273 522/28/276
f 1984/28/274 1981/25/265 523/25/268 521/28/275
f 1981/25/265 1984/28/274 522/28/276 524/25/269
f 1985/1/277 1986/2/278 1247/2/279 1241/1/280
f 1986/2/278 1985/1/277 1242/1/281 1248/2/279
f 1986/2/278 1987/3/282 1243/3/283 1247/2/279
f 1987/3/282 1986/2/278 1248/2/279 1244/3/283
f 1987/3/282 1988/4/284 1245/4/285 1243/3/283
f 1988/4/284 1987/3/282 1244/3/283 1246/4/286
f 1988/4/284 1985/1/277 1241/1/280 1245/4/285
f 1985/1/277 1988/4/284 1246/4/286 1242/1/281
f 1989/9/39 1990/10/34 1215/10/38 1213/9/287
f 1990/10/34 1989/9/39 1214/9/40 1216/10/35
f 1990/10/34 1991/11/33 1209/11/37 1215/10/38
f 1991/11/33 1990/10/34 1216/10/35 1210/11/45
f 1991/11/33 1992/12/42 1211/12/288 1209/11/37
f 1992/12/42 1991/11/33 1210/11/45 1212/12/289
f 1992/12/42 1989/9/39 1213/9/287 1211/12/288
f 1989/9/39 1992/12/42 1212/12/289 1214/9/40
f 1993/10/290 1994/9/291 1271/9/292 1269/10/293
f 1994/9/291 1993/10/290 1270/10/294 1272/9/295
f 1994/9/291 1995/29/296 1265/29/297 1271/9/292
f 1995/29/296 1994/9/291 1272/9/295 1266/29/298
f 1995/29/296 1996/30/299 1267/30/300 1265/29/297
f 1996/30/299 1995/29/296 1266/29/298 1268/30/301
f 1996/30/299 1993/10/290 1269/10/293 1267/30/300
f 1993/10/290 1996/30/299 1268/30/301 1270/10/294
f 1997/20/302 1998/21/303 1303/21/304 1301/20/305
f 1998/21/303 1997/20/302 1302/20/306 1304/21/307
f 1998/21/303 1999/2/308 1297/2/309 1303/21/304
f 1999/2/308 1998/21/303 1304/21/307 1298/2/310
f 1999/2/308 2000/3/311 1299/3/312 1297/2/309
f 2000/3/311 1999/2/308 1298/2/310 1300/3/313
f 2000/3/311 1997/20/302 1301/20/305 1299/3/312
f 1997/20/302 2000/3/311 1300/3/313 1302/20/306
f 2001/3/291 2002/2/290 1355/2/294 1353/3/314
f 2002/2/290 2001/3/291 1354/3/315 1356/2/316
f 2002/2/290 2003/1/299 1349/1/301 1355/2/294
f 2003/1/299 2002/2/290 1356/2/316 1350/1/317
f 2003/1/299 2004/4/296 1351/4/318 1349/1/301
f 2004/4/296 2003/1/299 1350/1/317 1352/4/319
f 2004/4/296 2001/3/291 1353/3/314 1351/4/318
f 2001/3/291 2004/4/296 1352/4/319 1354/3/315
f 2005/16/320 2006/17/321 305/17/322 299/16/323
f 2006/17/321 2005/16/320 300/16/324 306/17/325
f 2006/17/321 2007/17/326 303/17/327 305/17/322
f 2007/17/326 2006/17/321 306/17/325 304/17/328
f 2007/17/326 2008/16/329 301/16/330 303/17/327
f 2008/16/329 2007/17/326 304/17/328 302/16/331
f 2008/16/329 2005/16/320 299/16/323 301/16/330
f 2005/16/320 2008/16/329 302/16/331 300/16/324
f 2009/1/33 2010/7/34 711/7/35 705/1/45
f 2010/7/34 2009/1/33 706/1/37 712/7/38
f 2010/7/34 2011/8/39 707/8/40 711/7/35
f 2011/8/39 2010/7/34 712/7/38 708/8/332
f 2011/8/39 2012/4/42 709/4/43 707/8/40
f 2012/4/42 2011/8/39 708/8/332 710/4/44
f 2012/4/42 2009/1/33 705/1/45 709/4/43
f 2009/1/33 2012/4/42 710/4/44 706/1/37
f 2013/31/333 2014/32/334 1591/32/335 1585/31/336
f 2014/32/334 2013/31/333 1586/31/337 1592/32/338
f 2014/32/334 2015/23/339 1587/23/340 1591/32/335
f 2015/23/339 2014/32/334 1592/32/338 1588/23/341
f 2015/23/339 2016/22/342 1589/22/343 1587/23/340
f 2016/22/342 2015/23/339 1588/23/341 1590/22/344
f 2016/22/342 2013/31/333 1585/31/336 1589/22/343
f 2013/31/333 2016/22/342 1590/22/344 1586/31/337
s 0
f 2017/5/345 2018/15/346 173/15/347 171/5/348
f 2018/15/349 2017/5/350 172/5/351 174/15/352
f 2018/15/353 2019/15/354 175/15/354 173/15/355
f 2019/15/356 2018/15/357 174/15/358 176/15/356
f 2019/15/359 2017/5/360 171/5/361 175/15/359
f 2017/5/359 2019/15/362 176/15/362 172/5/363
s 1
f 2020/15/364 2021/5/365 171/5/366 173/15/367
f 2021/5/365 2020/15/364 174/15/368 172/5/369
f 2021/5/365 2022/5/370 177/5/371 171/5/366
f 2022/5/370 2021/5/365 172/5/369 178/5/372
f 2022/5/370 2020/15/364 173/15/367 177/5/371
f 2020/15/364 2022/5/370 178/5/372 174/15/368
f 2023/5/373 2024/5/374 203/5/375 199/5/376
f 2024/5/374 2023/5/373 200/5/377 204/5/378
f 2024/5/374 2025/15/379 201/15/380 203/5/375
f 2025/15/379 2024/5/374 204/5/378 202/15/381
f 2025/15/379 2026/15/382 197/15/383 201/15/380
f 2026/15/382 2025/15/379 202/15/381 198/15/384
f 2026/15/382 2023/5/373 199/5/376 197/15/383
f 2023/5/373 2026/15/382 198/15/384 200/5/377
f 2027/3/311 2028/20/302 1535/20/305 1529/3/385
f 2028/20/302 2027/3/311 1530/3/313 1536/20/306
f 2028/20/302 2029/21/303 1531/21/304 1535/20/305
f 2029/21/303 2028/20/302 1536/20/306 1532/21/307
f 2029/21/303 2030/2/308 1533/2/309 1531/21/304
f 2030/2/308 2029/21/303 1532/21/307 1534/2/310
f 2030/2/308 2027/3/311 1529/3/385 1533/2/309
f 2027/3/311 2030/2/308 1534/2/310 1530/3/313
f 2031/7/34 2032/8/39 1543/8/40 1541/7/35
f 2032/8/39 2031/7/34 1542/7/38 1544/8/41
f 2032/8/39 2033/4/42 1537/4/43 1543/8/40
f 2033/4/42 2032/8/39 1544/8/41 1538/4/44
f 2033/4/42 2034/1/33 1539/1/45 1537/4/43
f 2034/1/33 2033/4/42 1538/4/44 1540/1/37
f 2034/1/33 2031/7/34 1541/7/35 1539/1/45
f 2031/7/34 2034/1/33 1540/1/37 1542/7/38
f 2035/16/386 2036/16/387 1667/16/388 1665/16/389
f 2036/16/387 2035/16/386 1666/16/390 1668/16/391
f 2036/16/387 2037/17/392 1661/17/393 1667/16/388
f 2037/17/392 2036/16/387 1668/16/391 1662/17/394
f 2037/17/392 2038/17/395 1663/17/396 1661/17/393
f 2038/17/395 2037/17/392 1662/17/394 1664/17/397
f 2038/17/395 2035/16/386 1665/16/389 1663/17/396
f 2035/16/386 2038/17/395 1664/17/397 1666/16/390
f 2039/24/398 2040/13/399 1797/13/239 1791/24/400
f 2040/13/399 2039/24/398 1792/24/401 1798/13/240
f 2040/13/399 2041/13/402 1795/13/236 1797/13/239
f 2041/13/402 2040/13/399 1798/13/240 1796/13/237
f 2041/13/402 2042/24/403 1793/24/404 1795/13/236
f 2042/24/403 2041/13/402 1796/13/237 1794/24/405
f 2042/24/403 2039/24/398 1791/24/400 1793/24/404
f 2039/24/398 2042/24/403 1794/24/405 1792/24/401
f 2043/18/406 2044/6/407 47/6/408 41/18/409
f 2044/6/407 2043/18/406 42/18/410 48/6/411
f 2044/6/407 2045/6/412 45/6/413 47/6/408
f 2045/6/412 2044/6/407 48/6/411 46/6/414
f 2045/6/412 2046/18/415 43/18/416 45/6/413
f 2046/18/415 2045/6/412 46/6/414 44/18/417
f 2046/18/415 2043/18/406 41/18/409 43/18/416
f 2043/18/406 2046/18/415 44/18/417 42/18/410
f 2047/19/418 2048/16/419 1863/16/420 1857/19/421
f 2048/16/419 2047/19/418 1858/19/422 1864/16/423
f 2048/16/419 2049/16/424 1859/16/425 1863/16/420
f 2049/16/424 2048/16/419 1864/16/423 1860/16/426
f 2049/16/424 2050/19/427 1855/19/428 1859/16/425
f 2050/19/427 2049/16/424 1860/16/426 1856/19/429
f 2050/19/427 2047/19/418 1857/19/421 1855/19/428
f 2047/19/418 2050/19/427 1856/19/429 1858/19/422
f 2051/15/430 2052/5/431 1407/5/432 1401/15/433
f 2052/5/431 2051/15/430 1402/15/434 1408/5/435
f 2052/5/431 2053/5/436 1403/5/437 1407/5/432
f 2053/5/436 2052/5/431 1408/5/435 1404/5/438
f 2053/5/436 2054/15/439 1405/15/440 1403/5/437
f 2054/15/439 2053/5/436 1404/5/438 1406/15/441
f 2054/15/439 2051/15/430 1401/15/433 1405/15/440
f 2051/15/430 2054/15/439 1406/15/441 1402/15/434
f 2055/10/442 2056/9/443 1283/9/444 1287/10/445
f 2056/9/443 2055/10/442 1288/10/446 1284/9/447
f 2056/9/443 2057/12/448 1285/12/449 1283/9/444
f 2057/12/448 2056/9/443 1284/9/447 1286/12/450
f 2057/12/448 2058/11/451 1281/11/452 1285/12/449
f 2058/11/451 2057/12/448 1286/12/450 1282/11/453
f 2058/11/451 2055/10/442 1287/10/445 1281/11/452
f 2055/10/442 2058/11/451 1282/11/453 1288/10/446
f 2059/9/454 2060/12/455 221/12/456 217/9/457
f 2060/12/455 2059/9/454 218/9/458 222/12/459
f 2060/12/455 2061/20/460 219/20/461 221/12/456
f 2061/20/460 2060/12/455 222/12/459 220/20/462
f 2061/20/460 2062/3/463 215/3/464 219/20/461
f 2062/3/463 2061/20/460 220/20/462 216/3/465
f 2062/3/463 2059/9/454 217/9/457 215/3/464
f 2059/9/454 2062/3/463 216/3/465 218/9/458
f 2063/13/466 2064/14/467 127/14/468 115/13/256
f 2064/14/467 2063/13/466 116/13/257 128/14/469
f 2064/14/467 2065/14/470 125/14/471 127/14/468
f 2065/14/470 2064/14/467 128/14/469 126/14/472
f 2065/14/470 2066/13/473 123/13/255 125/14/471
f 2066/13/473 2065/14/470 126/14/472 124/13/258
f 2066/13/473 2063/13/466 115/13/256 123/13/255
f 2063/13/466 2066/13/473 124/13/258 116/13/257
f 2067/31/474 2068/22/475 963/22/476 957/31/477
f 2068/22/475 2067/31/474 958/31/478 964/22/479
f 2068/22/475 2069/23/480 959/23/481 963/22/476
f 2069/23/480 2068/22/475 964/22/479 960/23/482
f 2069/23/480 2070/32/483 961/32/484 959/23/481
f 2070/32/483 2069/23/480 960/23/482 962/32/485
f 2070/32/483 2067/31/474 957/31/477 961/32/484
f 2067/31/474 2070/32/483 962/32/485 958/31/478
f 2071/14/486 2072/14/487 1325/14/488 1323/14/489
f 2072/14/487 2071/14/486 1324/14/490 1326/14/491
f 2072/14/487 2073/13/492 1317/13/493 1325/14/488
f 2073/13/492 2072/14/487 1326/14/491 1318/13/494
f 2073/13/492 2074/13/495 1321/13/496 1317/13/493
f 2074/13/495 2073/13/492 1318/13/494 1322/13/497
f 2074/13/495 2071/14/486 1323/14/489 1321/13/496
f 2071/14/486 2074/13/495 1322/13/497 1324/14/490
f 2075/32/498 2076/31/499 1051/31/500 1047/32/501
f 2076/31/499 2075/32/498 1048/32/502 1052/31/503
f 2076/31/499 2077/22/504 1049/22/505 1051/31/500
f 2077/22/504 2076/31/499 1052/31/503 1050/22/506
f 2077/22/504 2078/23/507 1045/23/508 1049/22/505
f 2078/23/507 2077/22/504 1050/22/506 1046/23/509
f 2078/23/507 2075/32/498 1047/32/501 1045/23/508
f 2075/32/498 2078/23/507 1046/23/509 1048/32/502
f 2079/5/510 2080/5/511 1087/5/512 1085/5/513
f 2080/5/511 2079/5/510 1086/5/514 1088/5/515
f 2080/5/511 2081/6/516 1081/6/517 1087/5/512
f 2081/6/516 2080/5/511 1088/5/515 1082/6/518
f 2081/6/516 2082/6/519 1083/6/520 1081/6/517
f 2082/6/519 2081/6/516 1082/6/518 1084/6/521
f 2082/6/519 2079/5/510 1085/5/513 1083/6/520
f 2079/5/510 2082/6/519 1084/6/521 1086/5/514
f 2083/19/522 2084/19/523 253/19/524 251/19/525
f 2084/19/523 2083/19/522 252/19/526 254/19/527
f 2084/19/523 2085/16/528 247/16/529 253/19/524
f 2085/16/528 2084/19/523 254/19/527 248/16/530
f 2085/16/528 2086/16/531 249/16/532 247/16/529
f 2086/16/531 2085/16/528 248/16/530 250/16/533
f 2086/16/531 2083/19/522 251/19/525 249/16/532
f 2083/19/522 2086/16/531 250/16/533 252/19/526
f 2087/33/534 2088/34/535 59/34/536 57/33/537
f 2088/34/535 2087/33/534 58/33/538 60/34/539
f 2088/34/535 2089/35/540 53/35/541 59/34/536
f 2089/35/540 2088/34/535 60/34/539 54/35/542
f 2089/35/540 2090/36/543 55/36/544 53/35/541
f 2090/36/543 2089/35/540 54/35/542 56/36/545
f 2090/36/543 2087/33/534 57/33/537 55/36/544
f 2087/33/534 2090/36/543 56/36/545 58/33/538
f 2091/18/546 2092/18/547 309/18/548 307/18/549
f 2092/18/547 2091/18/546 308/18/550 310/18/551
f 2092/18/547 2093/17/552 303/17/327 309/18/548
f 2093/17/552 2092/18/547 310/18/551 304/17/328
f 2093/17/552 2094/17/553 305/17/322 303/17/327
f 2094/17/553 2093/17/552 304/17/328 306/17/325
f 2094/17/553 2091/18/546 307/18/549 305/17/322
f 2091/18/546 2094/17/553 306/17/325 308/18/550
f 2095/10/554 2096/9/555 1255/9/556 1251/10/557
f 2096/9/555 2095/10/554 1252/10/558 1256/9/559
f 2096/9/555 2097/29/560 1253/29/561 1255/9/556
f 2097/29/560 2096/9/555 1256/9/559 1254/29/562
f 2097/29/560 2098/30/563 1249/30/564 1253/29/561
f 2098/30/563 2097/29/560 1254/29/562 1250/30/565
f 2098/30/563 2095/10/554 1251/10/557 1249/30/564
f 2095/10/554 2098/30/563 1250/30/565 1252/10/558
f 2099/18/566 2100/18/567 141/18/149 139/18/152
f 2100/18/567 2099/18/566 140/18/153 142/18/150
f 2100/18/567 2101/17/568 135/17/569 141/18/149
f 2101/17/568 2100/18/567 142/18/150 136/17/570
f 2101/17/568 2102/17/571 137/17/572 135/17/569
f 2102/17/571 2101/17/568 136/17/570 138/17/573
f 2102/17/571 2099/18/566 139/18/152 137/17/572
f 2099/18/566 2102/17/571 138/17/573 140/18/153
f 2103/14/574 2104/14/575 1373/14/576 1371/14/577
f 2104/14/575 2103/14/574 1372/14/578 1374/14/579
f 2104/14/575 2105/13/580 1365/13/581 1373/14/576
f 2105/13/580 2104/14/575 1374/14/579 1366/13/582
f 2105/13/580 2106/13/583 1369/13/584 1365/13/581
f 2106/13/583 2105/13/580 1366/13/582 1370/13/585
f 2106/13/583 2103/14/574 1371/14/577 1369/13/584
f 2103/14/574 2106/13/583 1370/13/585 1372/14/578
f 2107/17/586 2108/17/587 1327/17/588 1319/17/589
f 2108/17/587 2107/17/586 1320/17/590 1328/17/591
f 2108/17/587 2109/16/592 1311/16/593 1327/17/588
f 2109/16/592 2108/17/587 1328/17/591 1312/16/594
f 2109/16/592 2110/16/595 1315/16/596 1311/16/593
f 2110/16/595 2109/16/592 1312/16/594 1316/16/597
f 2110/16/595 2107/17/586 1319/17/589 1315/16/596
f 2107/17/586 2110/16/595 1316/16/597 1320/17/590
f 2111/7/535 2112/8/534 1853/8/538 1847/7/539
f 2112/8/534 2111/7/535 1848/7/536 1854/8/537
f 2112/8/534 2113/37/543 1849/37/598 1853/8/538
f 2113/37/543 2112/8/534 1854/8/537 1850/37/544
f 2113/37/543 2114/38/540 1851/38/542 1849/37/598
f 2114/38/540 2113/37/543 1850/37/544 1852/38/541
f 2114/38/540 2111/7/535 1847/7/539 1851/38/542
f 2111/7/535 2114/38/540 1852/38/541 1848/7/536
f 2115/20/302 2116/21/303 719/21/304 717/20/305
f 2116/21/303 2115/20/302 718/20/306 720/21/307
f 2116/21/303 2117/2/308 713/2/309 719/21/304
f 2117/2/308 2116/21/303 720/21/307 714/2/310
f 2117/2/308 2118/3/311 715/3/312 713/2/309
f 2118/3/311 2117/2/308 714/2/310 716/3/313
f 2118/3/311 2115/20/302 717/20/305 715/3/312
f 2115/20/302 2118/3/311 716/3/313 718/20/306
f 2119/5/599 2120/5/600 317/5/601 315/5/602
f 2120/5/600 2119/5/599 316/5/603 318/5/604
f 2120/5/600 2121/6/605 311/6/606 317/5/601
f 2121/6/605 2120/5/600 318/5/604 312/6/607
f 2121/6/605 2122/6/608 313/6/609 311/6/606
f 2122/6/608 2121/6/605 312/6/607 314/6/610
f 2122/6/608 2119/5/599 315/5/602 313/6/609
f 2119/5/599 2122/6/608 314/6/610 316/5/603
f 2123/24/611 2124/19/612 31/19/613 19/24/614
f 2124/19/612 2123/24/611 20/24/615 32/19/616
f 2124/19/612 2125/19/617 23/19/618 31/19/613
f 2125/19/617 2124/19/612 32/19/616 24/19/619
f 2125/19/617 2126/24/620 21/24/621 23/19/618
f 2126/24/620 2125/19/617 24/19/619 22/24/622
f 2126/24/620 2123/24/611 19/24/614 21/24/621
f 2123/24/611 2126/24/620 22/24/622 20/24/615
f 2127/8/623 2128/4/624 751/4/625 745/8/626
f 2128/4/624 2127/8/623 746/8/627 752/4/628
f 2128/4/624 2129/1/629 747/1/630 751/4/625
f 2129/1/629 2128/4/624 752/4/628 748/1/631
f 2129/1/629 2130/7/632 749/7/633 747/1/630
f 2130/7/632 2129/1/629 748/1/631 750/7/634
f 2130/7/632 2127/8/623 745/8/626 749/7/633
f 2127/8/623 2130/7/632 750/7/634 746/8/627
f 2131/20/635 2132/21/636 759/21/637 757/20/638
f 2132/21/636 2131/20/635 758/20/639 760/21/640
f 2132/21/636 2133/2/641 753/2/642 759/21/637
f 2133/2/641 2132/21/636 760/21/640 754/2/643
f 2133/2/641 2134/3/644 755/3/645 753/2/642
f 2134/3/644 2133/2/641 754/2/643 756/3/646
f 2134/3/644 2131/20/635 757/20/638 755/3/645
f 2131/20/635 2134/3/644 756/3/646 758/20/639
f 2135/18/647 2136/18/648 43/18/416 41/18/409
f 2136/18/648 2135/18/647 42/18/410 44/18/417
f 2136/18/648 2137/17/649 37/17/101 43/18/416
f 2137/17/649 2136/18/648 44/18/417 38/17/102
f 2137/17/649 2138/17/650 39/17/96 37/17/101
f 2138/17/650 2137/17/649 38/17/102 40/17/99
f 2138/17/650 2135/18/647 41/18/409 39/17/96
f 2135/18/647 2138/17/650 40/17/99 42/18/410
f 2139/31/644 2140/22/641 1647/22/643 1641/31/646
f 2140/22/641 2139/31/644 1642/31/645 1648/22/642
f 2140/22/641 2141/30/636 1643/30/640 1647/22/643
f 2141/30/636 2140/22/641 1648/22/642 1644/30/637
f 2141/30/636 2142/29/635 1645/29/651 1643/30/640
f 2142/29/635 2141/30/636 1644/30/637 1646/29/638
f 2142/29/635 2139/31/644 1641/31/646 1645/29/651
f 2139/31/644 2142/29/635 1646/29/638 1642/31/645
f 2143/10/652 2144/9/653 1603/9/654 1601/10/655
f 2144/9/653 2143/10/652 1602/10/656 1604/9/657
f 2144/9/653 2145/29/658 1595/29/659 1603/9/654
f 2145/29/658 2144/9/653 1604/9/657 1596/29/660
f 2145/29/658 2146/30/661 1599/30/662 1595/29/659
f 2146/30/661 2145/29/658 1596/29/660 1600/30/663
f 2146/30/661 2143/10/652 1601/10/655 1599/30/662
f 2143/10/652 2146/30/661 1600/30/663 1602/10/656
f 2147/18/664 2148/18/665 653/18/666 645/18/667
f 2148/18/665 2147/18/664 646/18/668 654/18/669
f 2148/18/665 2149/17/670 647/17/671 653/18/666
f 2149/17/670 2148/18/665 654/18/669 648/17/672
f 2149/17/670 2150/17/673 649/17/674 647/17/671
f 2150/17/673 2149/17/670 648/17/672 650/17/675
f 2150/17/673 2147/18/664 645/18/667 649/17/674
f 2147/18/664 2150/17/673 650/17/675 646/18/668
f 2151/5/676 2152/5/677 187/5/678 183/5/679
f 2152/5/677 2151/5/676 184/5/680 188/5/681
f 2152/5/677 2153/15/682 185/15/683 187/5/678
f 2153/15/682 2152/5/677 188/5/681 186/15/684
f 2153/15/682 2154/15/685 179/15/686 185/15/683
f 2154/15/685 2153/15/682 186/15/684 180/15/687
f 2154/15/685 2151/5/676 183/5/679 179/15/686
f 2151/5/676 2154/15/685 180/15/687 184/5/680
f 2155/18/688 2156/18/689 1659/18/690 1657/18/691
f 2156/18/689 2155/18/688 1658/18/692 1660/18/693
f 2156/18/689 2157/6/694 1649/6/695 1659/18/690
f 2157/6/694 2156/18/689 1660/18/693 1650/6/696
f 2157/6/694 2158/6/697 1655/6/698 1649/6/695
f 2158/6/697 2157/6/694 1650/6/696 1656/6/699
f 2158/6/697 2155/18/688 1657/18/691 1655/6/698
f 2155/18/688 2158/6/697 1656/6/699 1658/18/692
f 2159/17/700 2160/18/701 817/18/702 821/17/703
f 2160/18/701 2159/17/700 822/17/704 818/18/705
f 2160/18/701 2161/18/706 819/18/707 817/18/702
f 2161/18/706 2160/18/701 818/18/705 820/18/708
f 2161/18/706 2162/17/709 823/17/710 819/18/707
f 2162/17/709 2161/18/706 820/18/708 824/17/711
f 2162/17/709 2159/17/700 821/17/703 823/17/710
f 2159/17/700 2162/17/709 824/17/711 822/17/704
f 2163/17/712 2164/18/713 1881/18/714 1867/17/715
f 2164/18/713 2163/17/712 1868/17/716 1882/18/717
f 2164/18/713 2165/18/718 1879/18/719 1881/18/714
f 2165/18/718 2164/18/713 1882/18/717 1880/18/720
f 2165/18/718 2166/17/721 1871/17/722 1879/18/719
f 2166/17/721 2165/18/718 1880/18/720 1872/17/723
f 2166/17/721 2163/17/712 1867/17/715 1871/17/722
f 2163/17/712 2166/17/721 1872/17/723 1868/17/716
f 2167/10/554 2168/9/555 1765/9/556 1763/10/557
f 2168/9/555 2167/10/554 1764/10/558 1766/9/559
f 2168/9/555 2169/29/560 1759/29/561 1765/9/556
f 2169/29/560 2168/9/555 1766/9/559 1760/29/562
f 2169/29/560 2170/30/563 1761/30/564 1759/29/561
f 2170/30/563 2169/29/560 1760/29/562 1762/30/565
f 2170/30/563 2167/10/554 1763/10/557 1761/30/564
f 2167/10/554 2170/30/563 1762/30/565 1764/10/558
f 2171/39/724 2172/40/725 1749/40/726 1741/39/727
f 2172/40/725 2171/39/724 1742/39/728 1750/40/729
f 2172/40/725 2173/41/730 1747/41/731 1749/40/726
f 2173/41/730 2172/40/725 1750/40/729 1748/41/732
f 2173/41/730 2174/42/733 1743/42/734 1747/41/731
f 2174/42/733 2173/41/730 1748/41/732 1744/42/735
f 2174/42/733 2171/39/724 1741/39/727 1743/42/734
f 2171/39/724 2174/42/733 1744/42/735 1742/39/728
f 2175/19/736 2176/19/737 1787/19/738 1789/19/739
f 2176/19/737 2175/19/736 1790/19/740 1788/19/741
f 2176/19/737 2177/16/742 1785/16/743 1787/19/738
f 2177/16/742 2176/19/737 1788/19/741 1786/16/744
f 2177/16/742 2178/16/745 1783/16/746 1785/16/743
f 2178/16/745 2177/16/742 1786/16/744 1784/16/747
f 2178/16/745 2175/19/736 1789/19/739 1783/16/746
f 2175/19/736 2178/16/745 1784/16/747 1790/19/740
f 2179/1/748 2180/4/749 435/4/750 429/1/751
f 2180/4/749 2179/1/748 430/1/752 436/4/753
f 2180/4/749 2181/8/754 431/8/755 435/4/750
f 2181/8/754 2180/4/749 436/4/753 432/8/756
f 2181/8/754 2182/7/757 433/7/758 431/8/755
f 2182/7/757 2181/8/754 432/8/756 434/7/759
f 2182/7/757 2179/1/748 429/1/751 433/7/758
f 2179/1/748 2182/7/757 434/7/759 430/1/752
f 2183/43/760 2184/43/761 573/43/762 577/43/763
f 2184/43/761 2183/43/760 578/43/764 574/43/765
f 2184/43/761 2185/43/766 575/43/767 573/43/762
f 2185/43/766 2184/43/761 574/43/765 576/43/768
f 2185/43/766 2186/43/769 579/43/770 575/43/767
f 2186/43/769 2185/43/766 576/43/768 580/43/771
f 2186/43/769 2187/43/772 581/43/773 579/43/770
f 2187/43/772 2186/43/769 580/43/771 582/43/774
f 2187/43/772 2183/43/760 577/43/763 581/43/773
f 2183/43/760 2187/43/772 582/43/774 578/43/764
f 2188/23/199 2189/22/194 899/22/775 893/23/201
f 2189/22/194 2188/23/199 894/23/200 900/22/776
f 2189/22/194 2190/31/193 895/31/777 899/22/775
f 2190/31/193 2189/22/194 900/22/776 896/31/778
f 2190/31/193 2191/32/202 897/32/204 895/31/777
f 2191/32/202 2190/31/193 896/31/778 898/32/203
f 2191/32/202 2188/23/199 893/23/201 897/32/204
f 2188/23/199 2191/32/202 898/32/203 894/23/200
f 2192/13/779 2193/13/780 1817/13/781 1811/13/782
f 2193/13/780 2192/13/779 1812/13/783 1818/13/784
f 2193/13/780 2194/14/785 1813/14/786 1817/13/781
f 2194/14/785 2193/13/780 1818/13/784 1814/14/787
f 2194/14/785 2195/14/788 1815/14/789 1813/14/786
f 2195/14/788 2194/14/785 1814/14/787 1816/14/790
f 2195/14/788 2192/13/779 1811/13/782 1815/14/789
f 2192/13/779 2195/14/788 1816/14/790 1812/13/783
f 2196/5/791 2197/5/792 1887/5/793 1889/5/794
f 2197/5/792 2196/5/791 1890/5/795 1888/5/796
f 2197/5/792 2198/6/797 1885/6/798 1887/5/793
f 2198/6/797 2197/5/792 1888/5/796 1886/6/799
f 2198/6/797 2199/6/800 1883/6/801 1885/6/798
f 2199/6/800 2198/6/797 1886/6/799 1884/6/802
f 2199/6/800 2196/5/791 1889/5/794 1883/6/801
f 2196/5/791 2199/6/800 1884/6/802 1890/5/795
f 2200/32/193 2201/23/202 931/23/204 929/32/197
f 2201/23/202 2200/32/193 930/32/196 932/23/203
f 2201/23/202 2202/22/199 925/22/803 931/23/204
f 2202/22/199 2201/23/202 932/23/203 926/22/804
f 2202/22/199 2203/31/194 927/31/198 925/22/803
f 2203/31/194 2202/22/199 926/22/804 928/31/195
f 2203/31/194 2200/32/193 929/32/197 927/31/198
f 2200/32/193 2203/31/194 928/31/195 930/32/196
f 2204/20/193 2205/12/194 947/12/195 941/20/196
f 2205/12/194 2204/20/193 942/20/197 948/12/198
f 2205/12/194 2206/11/199 943/11/804 947/12/195
f 2206/11/199 2205/12/194 948/12/198 944/11/803
f 2206/11/199 2207/21/202 945/21/203 943/11/804
f 2207/21/202 2206/11/199 944/11/803 946/21/204
f 2207/21/202 2204/20/193 941/20/196 945/21/203
f 2204/20/193 2207/21/202 946/21/204 942/20/197
f 2208/17/805 2209/17/806 239/17/807 231/17/808
f 2209/17/806 2208/17/805 232/17/809 240/17/810
f 2209/17/806 2210/18/811 233/18/812 239/17/807
f 2210/18/811 2209/17/806 240/17/810 234/18/813
f 2210/18/811 2211/18/814 235/18/815 233/18/812
f 2211/18/814 2210/18/811 234/18/813 236/18/816
f 2211/18/814 2208/17/805 231/17/808 235/18/815
f 2208/17/805 2211/18/814 236/18/816 232/17/809
f 2212/11/241 2213/21/250 979/21/252 973/11/245
f 2213/21/250 2212/11/241 974/11/244 980/21/251
f 2213/21/250 2214/11/247 975/11/249 979/21/252
f 2214/11/247 2213/21/250 980/21/251 976/11/248
f 2214/11/247 2215/21/242 977/21/246 975/11/249
f 2215/21/242 2214/11/247 976/11/248 978/21/243
f 2215/21/242 2212/11/241 973/11/245 977/21/246
f 2212/11/241 2215/21/242 978/21/243 974/11/244
f 2216/31/817 2217/32/818 1031/32/819 1035/31/820
f 2217/32/818 2216/31/817 1036/31/821 1032/32/822
f 2217/32/818 2218/31/823 1033/31/824 1031/32/819
f 2218/31/823 2217/32/818 1032/32/822 1034/31/825
f 2218/31/823 2219/32/826 1029/32/827 1033/31/824
f 2219/32/826 2218/31/823 1034/31/825 1030/32/828
f 2219/32/826 2216/31/817 1035/31/820 1029/32/827
f 2216/31/817 2219/32/826 1030/32/828 1036/31/821
f 2220/18/829 2221/18/830 1079/18/831 1077/18/832
f 2221/18/830 2220/18/829 1078/18/833 1080/18/834
f 2221/18/830 2222/17/835 1073/17/836 1079/18/831
f 2222/17/835 2221/18/830 1080/18/834 1074/17/837
f 2222/17/835 2223/17/838 1075/17/839 1073/17/836
f 2223/17/838 2222/17/835 1074/17/837 1076/17/840
f 2223/17/838 2220/18/829 1077/18/832 1075/17/839
f 2220/18/829 2223/17/838 1076/17/840 1078/18/833
f 2224/3/841 2225/2/842 507/2/843 511/3/844
f 2225/2/842 2224/3/841 512/3/845 508/2/846
f 2225/2/842 2226/21/847 509/21/848 507/2/843
f 2226/21/847 2225/2/842 508/2/846 510/21/849
f 2226/21/847 2227/20/850 505/20/851 509/21/848
f 2227/20/850 2226/21/847 510/21/849 506/20/852
f 2227/20/850 2224/3/841 511/3/844 505/20/851
f 2224/3/841 2227/20/850 506/20/852 512/3/845
f 2228/10/853 2229/9/854 855/9/855 859/10/856
f 2229/9/854 2228/10/853 860/10/857 856/9/858
f 2229/9/854 2230/12/859 857/12/860 855/9/855
f 2230/12/859 2229/9/854 856/9/858 858/12/861
f 2230/12/859 2231/11/862 853/11/863 857/12/860
f 2231/11/862 2230/12/859 858/12/861 854/11/864
f 2231/11/862 2228/10/853 859/10/856 853/11/863
f 2228/10/853 2231/11/862 854/11/864 860/10/857
f 2232/16/865 2233/16/866 247/16/529 249/16/532
f 2233/16/866 2232/16/865 250/16/533 248/16/530
f 2233/16/866 2234/17/867 239/17/807 247/16/529
f 2234/17/867 2233/16/866 248/16/530 240/17/810
f 2234/17/867 2235/17/868 231/17/808 239/17/807
f 2235/17/868 2234/17/867 240/17/810 232/17/809
f 2235/17/868 2232/16/865 249/16/532 231/17/808
f 2232/16/865 2235/17/868 232/17/809 250/16/533
f 2236/24/869 2237/24/870 1063/24/871 1061/24/872
f 2237/24/870 2236/24/869 1062/24/873 1064/24/874
f 2237/24/870 2238/13/875 1057/13/876 1063/24/871
f 2238/13/875 2237/24/870 1064/24/874 1058/13/877
f 2238/13/875 2239/13/878 1055/13/879 1057/13/876
f 2239/13/878 2238/13/875 1058/13/877 1056/13/880
f 2239/13/878 2236/24/869 1061/24/872 1055/13/879
f 2236/24/869 2239/13/878 1056/13/880 1062/24/873
f 2240/32/193 2241/23/202 955/23/204 951/32/197
f 2241/23/202 2240/32/193 952/32/196 956/23/203
f 2241/23/202 2242/22/199 953/22/201 955/23/204
f 2242/22/199 2241/23/202 956/23/203 954/22/200
f 2242/22/199 2243/31/194 949/31/198 953/22/201
f 2243/31/194 2242/22/199 954/22/200 950/31/195
f 2243/31/194 2240/32/193 951/32/197 949/31/198
f 2240/32/193 2243/31/194 950/31/195 952/32/196
f 2244/43/881 2245/43/882 539/43/883 537/43/884
f 2245/43/882 2244/43/881 538/43/885 540/43/886
f 2245/43/882 2246/43/887 541/43/888 539/43/883
f 2246/43/887 2245/43/882 540/43/886 542/43/889
f 2246/43/887 2244/43/881 537/43/884 541/43/888
f 2244/43/881 2246/43/887 542/43/889 538/43/885
f 2247/43/890 2248/43/891 549/43/892 553/43/893
f 2248/43/891 2247/43/890 554/43/894 550/43/895
f 2248/43/891 2249/43/896 539/43/883 549/43/892
f 2249/43/896 2248/43/891 550/43/895 540/43/886
f 2249/43/896 2250/43/897 537/43/884 539/43/883
f 2250/43/897 2249/43/896 540/43/886 538/43/885
f 2250/43/897 2251/43/898 545/43/899 537/43/884
f 2251/43/898 2250/43/897 538/43/885 546/43/900
f 2251/43/898 2252/43/901 551/43/902 545/43/899
f 2252/43/901 2251/43/898 546/43/900 552/43/903
f 2252/43/901 2253/43/904 543/43/905 551/43/902
f 2253/43/904 2252/43/901 552/43/903 544/43/906
f 2253/43/904 2254/43/907 547/43/908 543/43/905
f 2254/43/907 2253/43/904 544/43/906 548/43/909
f 2254/43/907 2247/43/890 553/43/893 547/43/908
f 2247/43/890 2254/43/907 548/43/909 554/43/894
f 2255/43/910 2256/43/911 553/43/893 549/43/892
f 2256/43/911 2255/43/910 550/43/895 554/43/894
f 2256/43/911 2257/43/912 555/43/913 553/43/893
f 2257/43/912 2256/43/911 554/43/894 556/43/914
f 2257/43/912 2255/43/910 549/43/892 555/43/913
f 2255/43/910 2257/43/912 556/43/914 550/43/895
f 2258/43/915 2259/43/916 603/43/917 609/43/918
f 2259/43/916 2258/43/915 610/43/919 604/43/920
f 2259/43/916 2260/43/921 605/43/922 603/43/917
f 2260/43/921 2259/43/916 604/43/920 606/43/923
f 2260/43/921 2261/43/924 607/43/925 605/43/922
f 2261/43/924 2260/43/921 606/43/923 608/43/926
f 2261/43/924 2262/43/927 611/43/928 607/43/925
f 2262/43/927 2261/43/924 608/43/926 612/43/929
f 2262/43/927 2258/43/915 609/43/918 611/43/928
f 2258/43/915 2262/43/927 612/43/929 610/43/919
f 2263/43/930 2264/43/931 559/43/932 561/43/933
f 2264/43/931 2263/43/930 562/43/934 560/43/935
f 2264/43/931 2265/43/936 563/43/937 559/43/932
f 2265/43/936 2264/43/931 560/43/935 564/43/938
f 2265/43/936 2263/43/930 561/43/933 563/43/937
f 2263/43/930 2265/43/936 564/43/938 562/43/934
f 2266/43/939 2267/43/940 623/43/941 619/43/942
f 2267/43/940 2266/43/939 620/43/943 624/43/944
f 2267/43/940 2268/43/945 621/43/946 623/43/941
f 2268/43/945 2267/43/940 624/43/944 622/43/947
f 2268/43/945 2269/43/948 615/43/949 621/43/946
f 2269/43/948 2268/43/945 622/43/947 616/43/950
f 2269/43/948 2270/43/951 595/43/952 615/43/949
f 2270/43/951 2269/43/948 616/43/950 596/43/953
f 2270/43/951 2271/43/954 601/43/955 595/43/952
f 2271/43/954 2270/43/951 596/43/953 602/43/956
f 2271/43/954 2266/43/939 619/43/942 601/43/955
f 2266/43/939 2271/43/954 602/43/956 620/43/943
f 2272/43/957 2273/43/958 545/43/899 565/43/959
f 2273/43/958 2272/43/957 566/43/960 546/43/900
f 2273/43/958 2274/43/961 567/43/962 545/43/899
f 2274/43/961 2273/43/958 546/43/900 568/43/963
f 2274/43/961 2272/43/957 565/43/959 567/43/962
f 2272/43/957 2274/43/961 568/43/963 566/43/960
f 2275/43/964 2276/43/965 573/43/762 575/43/767
f 2276/43/965 2275/43/964 576/43/768 574/43/765
f 2276/43/965 2277/43/966 571/43/967 573/43/762
f 2277/43/966 2276/43/965 574/43/765 572/43/968
f 2277/43/966 2275/43/964 575/43/767 571/43/967
f 2275/43/964 2277/43/966 572/43/968 576/43/768
f 2278/2/969 2279/21/970 1199/21/971 1195/2/972
f 2279/21/970 2278/2/969 1196/2/973 1200/21/974
f 2279/21/970 2280/11/975 1197/11/976 1199/21/971
f 2280/11/975 2279/21/970 1200/21/974 1198/11/977
f 2280/11/975 2281/10/978 1193/10/979 1197/11/976
f 2281/10/978 2280/11/975 1198/11/977 1194/10/980
f 2281/10/978 2278/2/969 1195/2/972 1193/10/979
f 2278/2/969 2281/10/978 1194/10/980 1196/2/973
f 2282/43/981 2283/43/982 579/43/770 581/43/773
f 2283/43/982 2282/43/981 582/43/774 580/43/771
f 2283/43/982 2284/43/983 583/43/984 579/43/770
f 2284/43/983 2283/43/982 580/43/771 584/43/985
f 2284/43/983 2282/43/981 581/43/773 583/43/984
f 2282/43/981 2284/43/983 584/43/985 582/43/774
f 2285/43/986 2286/43/987 581/43/773 585/43/988
f 2286/43/987 2285/43/986 586/43/989 582/43/774
f 2286/43/987 2287/43/990 583/43/984 581/43/773
f 2287/43/990 2286/43/987 582/43/774 584/43/985
f 2287/43/990 2285/43/986 585/43/988 583/43/984
f 2285/43/986 2287/43/990 584/43/985 586/43/989
f 2288/43/991 2289/43/992 603/43/917 599/43/993
f 2289/43/992 2288/43/991 600/43/994 604/43/920
f 2289/43/992 2290/43/995 597/43/996 603/43/917
f 2290/43/995 2289/43/992 604/43/920 598/43/997
f 2290/43/995 2291/43/998 591/43/999 597/43/996
f 2291/43/998 2290/43/995 598/43/997 592/43/1000
f 2291/43/998 2292/43/1001 601/43/955 591/43/999
f 2292/43/1001 2291/43/998 592/43/1000 602/43/956
f 2292/43/1001 2293/43/1002 595/43/952 601/43/955
f 2293/43/1002 2292/43/1001 602/43/956 596/43/953
f 2293/43/1002 2294/43/1003 587/43/1004 595/43/952
f 2294/43/1003 2293/43/1002 596/43/953 588/43/1005
f 2294/43/1003 2295/43/1006 589/43/1007 587/43/1004
f 2295/43/1006 2294/43/1003 588/43/1005 590/43/1008
f 2295/43/1006 2288/43/991 599/43/993 589/43/1007
f 2288/43/991 2295/43/1006 590/43/1008 600/43/994
f 2296/43/1009 2297/43/1010 587/43/1004 589/43/1007
f 2297/43/1010 2296/43/1009 590/43/1008 588/43/1005
f 2297/43/1010 2298/43/1011 593/43/1012 587/43/1004
f 2298/43/1011 2297/43/1010 588/43/1005 594/43/1013
f 2298/43/1011 2296/43/1009 589/43/1007 593/43/1012
f 2296/43/1009 2298/43/1011 594/43/1013 590/43/1008
f 2299/43/1014 2300/43/1015 603/43/917 605/43/922
f 2300/43/1015 2299/43/1014 606/43/923 604/43/920
f 2300/43/1015 2301/43/1016 599/43/993 603/43/917
f 2301/43/1016 2300/43/1015 604/43/920 600/43/994
f 2301/43/1016 2299/43/1014 605/43/922 599/43/993
f 2299/43/1014 2301/43/1016 600/43/994 606/43/923
f 2302/43/1017 2303/43/1018 623/43/941 625/43/1019
f 2303/43/1018 2302/43/1017 626/43/1020 624/43/944
f 2303/43/1018 2304/43/1021 627/43/1022 623/43/941
f 2304/43/1021 2303/43/1018 624/43/944 628/43/1023
f 2304/43/1021 2305/43/1024 631/43/1025 627/43/1022
f 2305/43/1024 2304/43/1021 628/43/1023 632/43/1026
f 2305/43/1024 2306/43/1027 629/43/1028 631/43/1025
f 2306/43/1027 2305/43/1024 632/43/1026 630/43/1029
f 2306/43/1027 2302/43/1017 625/43/1019 629/43/1028
f 2302/43/1017 2306/43/1027 630/43/1029 626/43/1020
f 2307/43/1030 2308/43/1031 611/43/928 609/43/918
f 2308/43/1031 2307/43/1030 610/43/919 612/43/929
f 2308/43/1031 2309/43/1032 613/43/1033 611/43/928
f 2309/43/1032 2308/43/1031 612/43/929 614/43/1034
f 2309/43/1032 2307/43/1030 609/43/918 613/43/1033
f 2307/43/1030 2309/43/1032 614/43/1034 610/43/919
f 2310/43/1035 2311/43/1036 615/43/949 595/43/952
f 2311/43/1036 2310/43/1035 596/43/953 616/43/950
f 2311/43/1036 2312/43/1037 617/43/1038 615/43/949
f 2312/43/1037 2311/43/1036 616/43/950 618/43/1039
f 2312/43/1037 2310/43/1035 595/43/952 617/43/1038
f 2310/43/1035 2312/43/1037 618/43/1039 596/43/953
f 2313/43/1040 2314/43/1041 573/43/762 571/43/967
f 2314/43/1041 2313/43/1040 572/43/968 574/43/765
f 2314/43/1041 2315/43/1042 569/43/1043 573/43/762
f 2315/43/1042 2314/43/1041 574/43/765 570/43/1044
f 2315/43/1042 2316/43/1045 551/43/902 569/43/1043
f 2316/43/1045 2315/43/1042 570/43/1044 552/43/903
f 2316/43/1045 2317/43/1046 545/43/899 551/43/902
f 2317/43/1046 2316/43/1045 552/43/903 546/43/900
f 2317/43/1046 2318/43/1047 565/43/959 545/43/899
f 2318/43/1047 2317/43/1046 546/43/900 566/43/960
f 2318/43/1047 2313/43/1040 571/43/967 565/43/959
f 2313/43/1040 2318/43/1047 566/43/960 572/43/968
f 2319/43/1048 2320/43/1049 555/43/913 557/43/1050
f 2320/43/1049 2319/43/1048 558/43/1051 556/43/914
f 2320/43/1049 2321/43/1052 553/43/893 555/43/913
f 2321/43/1052 2320/43/1049 556/43/914 554/43/894
f 2321/43/1052 2322/43/1053 559/43/932 553/43/893
f 2322/43/1053 2321/43/1052 554/43/894 560/43/935
f 2322/43/1053 2323/43/1054 561/43/933 559/43/932
f 2323/43/1054 2322/43/1053 560/43/935 562/43/934
f 2323/43/1054 2319/43/1048 557/43/1050 561/43/933
f 2319/43/1048 2323/43/1054 562/43/934 558/43/1051
f 2324/43/1055 2325/43/1056 625/43/1019 623/43/941
f 2325/43/1056 2324/43/1055 624/43/944 626/43/1020
f 2325/43/1056 2326/43/1057 621/43/946 625/43/1019
f 2326/43/1057 2325/43/1056 626/43/1020 622/43/947
f 2326/43/1057 2324/43/1055 623/43/941 621/43/946
f 2324/43/1055 2326/43/1057 622/43/947 624/43/944
f 2327/43/1058 2328/43/1059 1497/43/1060 1495/43/1061
f 2328/43/1059 2327/43/1058 1496/43/1062 1498/43/1063
f 2328/43/1059 2329/43/1064 1493/43/1065 1497/43/1060
f 2329/43/1064 2328/43/1059 1498/43/1063 1494/43/1066
f 2329/43/1064 2330/43/1067 1491/43/1068 1493/43/1065
f 2330/43/1067 2329/43/1064 1494/43/1066 1492/43/1069
f 2330/43/1067 2327/43/1058 1495/43/1061 1491/43/1068
f 2327/43/1058 2330/43/1067 1492/43/1069 1496/43/1062
f 2331/43/1070 2332/43/1071 631/43/1025 629/43/1028
f 2332/43/1071 2331/43/1070 630/43/1029 632/43/1026
f 2332/43/1071 2333/43/1072 633/43/1073 631/43/1025
f 2333/43/1072 2332/43/1071 632/43/1026 634/43/1074
f 2333/43/1072 2331/43/1070 629/43/1028 633/43/1073
f 2331/43/1070 2333/43/1072 634/43/1074 630/43/1029
f 2334/43/1075 2335/43/1076 635/43/1077 631/43/1025
f 2335/43/1076 2334/43/1075 632/43/1026 636/43/1078
f 2335/43/1076 2336/43/1079 633/43/1073 635/43/1077
f 2336/43/1079 2335/43/1076 636/43/1078 634/43/1074
f 2336/43/1079 2334/43/1075 631/43/1025 633/43/1073
f 2334/43/1075 2336/43/1079 634/43/1074 632/43/1026
f 2337/15/1080 2338/5/1081 85/5/1082 79/15/1083
f 2338/5/1081 2337/15/1080 80/15/1084 86/5/1085
f 2338/5/1081 2339/5/1086 81/5/1087 85/5/1082
f 2339/5/1086 2338/5/1081 86/5/1085 82/5/1088
f 2339/5/1086 2340/15/1089 83/15/1090 81/5/1087
f 2340/15/1089 2339/5/1086 82/5/1088 84/15/1091
f 2340/15/1089 2337/15/1080 79/15/1083 83/15/1090
f 2337/15/1080 2340/15/1089 84/15/1091 80/15/1084
f 2341/13/1092 2342/24/1093 1375/24/1094 1365/13/581
f 2342/24/1093 2341/13/1092 1366/13/582 1376/24/1095
f 2342/24/1093 2343/24/1096 1367/24/1097 1375/24/1094
f 2343/24/1096 2342/24/1093 1376/24/1095 1368/24/1098
f 2343/24/1096 2344/13/1099 1369/13/584 1367/24/1097
f 2344/13/1099 2343/24/1096 1368/24/1098 1370/13/585
f 2344/13/1099 2341/13/1092 1365/13/581 1369/13/584
f 2341/13/1092 2344/13/1099 1370/13/585 1366/13/582
f 2345/24/1100 2346/13/1101 1679/13/1102 1673/24/1103
f 2346/13/1101 2345/24/1100 1674/24/1104 1680/13/1105
f 2346/13/1101 2347/13/1106 1677/13/1107 1679/13/1102
f 2347/13/1106 2346/13/1101 1680/13/1105 1678/13/1108
f 2347/13/1106 2348/24/1109 1675/24/1110 1677/13/1107
f 2348/24/1109 2347/13/1106 1678/13/1108 1676/24/1111
f 2348/24/1109 2345/24/1100 1673/24/1103 1675/24/1110
f 2345/24/1100 2348/24/1109 1676/24/1111 1674/24/1104
f 2349/43/1112 2350/43/1113 155/43/1114 157/43/1115
f 2350/43/1113 2349/43/1112 158/43/1116 156/43/1117
f 2350/43/1113 2351/14/1118 151/14/1119 155/43/1114
f 2351/14/1118 2350/43/1113 156/43/1117 152/14/1120
f 2351/14/1118 2352/14/1121 153/14/1122 151/14/1119
f 2352/14/1121 2351/14/1118 152/14/1120 154/14/1123
f 2352/14/1121 2349/43/1112 157/43/1115 153/14/1122
f 2349/43/1112 2352/14/1121 154/14/1123 158/43/1116
f 2353/17/1124 2354/17/1125 335/17/1126 327/17/1127
f 2354/17/1125 2353/17/1124 328/17/1128 336/17/1129
f 2354/17/1125 2355/18/1130 329/18/1131 335/17/1126
f 2355/18/1130 2354/17/1125 336/17/1129 330/18/1132
f 2355/18/1130 2356/18/1133 331/18/1134 329/18/1131
f 2356/18/1133 2355/18/1130 330/18/1132 332/18/1135
f 2356/18/1133 2353/17/1124 327/17/1127 331/18/1134
f 2353/17/1124 2356/18/1133 332/18/1135 328/17/1128
f 2357/13/1136 2358/14/1137 679/14/1138 673/13/1139
f 2358/14/1137 2357/13/1136 674/13/1140 680/14/1141
f 2358/14/1137 2359/14/1142 677/14/1143 679/14/1138
f 2359/14/1142 2358/14/1137 680/14/1141 678/14/1144
f 2359/14/1142 2360/13/1145 675/13/1146 677/14/1143
f 2360/13/1145 2359/14/1142 678/14/1144 676/13/1147
f 2360/13/1145 2357/13/1136 673/13/1139 675/13/1146
f 2357/13/1136 2360/13/1145 676/13/1147 674/13/1140
f 2361/43/1148 2362/14/1149 325/14/1150 321/43/1151
f 2362/14/1149 2361/43/1148 322/43/1152 326/14/1153
f 2362/14/1149 2363/14/1154 323/14/1155 325/14/1150
f 2363/14/1154 2362/14/1149 326/14/1153 324/14/1156
f 2363/14/1154 2364/43/1157 319/43/1158 323/14/1155
f 2364/43/1157 2363/14/1154 324/14/1156 320/43/1159
f 2364/43/1157 2361/43/1148 321/43/1151 319/43/1158
f 2361/43/1148 2364/43/1157 320/43/1159 322/43/1152
f 2365/43/1160 2366/43/1161 157/43/1115 161/43/1162
f 2366/43/1161 2365/43/1160 162/43/1163 158/43/1116
f 2366/43/1161 2367/14/1164 153/14/1122 157/43/1115
f 2367/14/1164 2366/43/1161 158/43/1116 154/14/1123
f 2367/14/1164 2368/14/1165 159/14/1166 153/14/1122
f 2368/14/1165 2367/14/1164 154/14/1123 160/14/1167
f 2368/14/1165 2365/43/1160 161/43/1162 159/14/1166
f 2365/43/1160 2368/14/1165 160/14/1167 162/43/1163
f 2369/19/1168 2370/19/1169 667/19/1170 659/19/1171
f 2370/19/1169 2369/19/1168 660/19/1172 668/19/1173
f 2370/19/1169 2371/16/1174 651/16/1175 667/19/1170
f 2371/16/1174 2370/19/1169 668/19/1173 652/16/1176
f 2371/16/1174 2372/16/1177 655/16/1178 651/16/1175
f 2372/16/1177 2371/16/1174 652/16/1176 656/16/1179
f 2372/16/1177 2369/19/1168 659/19/1171 655/16/1178
f 2369/19/1168 2372/16/1177 656/16/1179 660/19/1172
f 2373/16/1180 2374/16/1181 343/16/1182 345/16/1183
f 2374/16/1181 2373/16/1180 346/16/1184 344/16/1185
f 2374/16/1181 2375/17/1186 335/17/1126 343/16/1182
f 2375/17/1186 2374/16/1181 344/16/1185 336/17/1129
f 2375/17/1186 2376/17/1187 327/17/1127 335/17/1126
f 2376/17/1187 2375/17/1186 336/17/1129 328/17/1128
f 2376/17/1187 2373/16/1180 345/16/1183 327/17/1127
f 2373/16/1180 2376/17/1187 328/17/1128 346/16/1184
f 2377/16/1188 2378/16/1189 651/16/1175 655/16/1178
f 2378/16/1189 2377/16/1188 656/16/1179 652/16/1176
f 2378/16/1189 2379/17/1190 649/17/674 651/16/1175
f 2379/17/1190 2378/16/1189 652/16/1176 650/17/675
f 2379/17/1190 2380/17/1191 647/17/671 649/17/674
f 2380/17/1191 2379/17/1190 650/17/675 648/17/672
f 2380/17/1191 2377/16/1188 655/16/1178 647/17/671
f 2377/16/1188 2380/17/1191 648/17/672 656/16/1179
f 2381/19/1192 2382/24/1193 353/24/1194 347/19/1195
f 2382/24/1193 2381/19/1192 348/19/1196 354/24/1197
f 2382/24/1193 2383/24/1198 351/24/1199 353/24/1194
f 2383/24/1198 2382/24/1193 354/24/1197 352/24/1200
f 2383/24/1198 2384/19/1201 349/19/1202 351/24/1199
f 2384/19/1201 2383/24/1198 352/24/1200 350/19/1203
f 2384/19/1201 2381/19/1192 347/19/1195 349/19/1202
f 2381/19/1192 2384/19/1201 350/19/1203 348/19/1196
f 2385/1/1204 2386/2/1205 767/2/1206 765/1/1207
f 2386/2/1205 2385/1/1204 766/1/1208 768/2/1209
f 2386/2/1205 2387/10/1210 761/10/1211 767/2/1206
f 2387/10/1210 2386/2/1205 768/2/1209 762/10/1211
f 2387/10/1210 2388/30/1212 763/30/1213 761/10/1211
f 2388/30/1212 2387/10/1210 762/10/1211 764/30/1213
f 2388/30/1212 2385/1/1204 765/1/1207 763/30/1213
f 2385/1/1204 2388/30/1212 764/30/1213 766/1/1208
f 2389/20/1214 2390/2/1215 723/2/1216 721/20/1217
f 2390/2/1215 2389/20/1214 722/20/1218 724/2/1219
f 2390/2/1215 2391/21/1220 725/21/1221 723/2/1216
f 2391/21/1220 2390/2/1215 724/2/1219 726/21/1222
f 2391/21/1220 2389/20/1214 721/20/1217 725/21/1221
f 2389/20/1214 2391/21/1220 726/21/1222 722/20/1218
f 2392/2/1223 2393/20/1224 721/20/1217 723/2/1216
f 2393/20/1224 2392/2/1223 724/2/1219 722/20/1218
f 2393/20/1224 2394/3/1225 727/3/1226 721/20/1217
f 2394/3/1225 2393/20/1224 722/20/1218 728/3/1227
f 2394/3/1225 2392/2/1223 723/2/1216 727/3/1226
f 2392/2/1223 2394/3/1225 728/3/1227 724/2/1219
f 2395/8/1228 2396/1/1229 731/1/1230 729/8/1231
f 2396/1/1229 2395/8/1228 730/8/1232 732/1/1233
f 2396/1/1229 2397/4/1234 733/4/1235 731/1/1230
f 2397/4/1234 2396/1/1229 732/1/1233 734/4/1236
f 2397/4/1234 2395/8/1228 729/8/1231 733/4/1235
f 2395/8/1228 2397/4/1234 734/4/1236 730/8/1232
f 2398/1/1237 2399/8/1238 729/8/1231 731/1/1230
f 2399/8/1238 2398/1/1237 732/1/1233 730/8/1232
f 2399/8/1238 2400/7/1239 735/7/1240 729/8/1231
f 2400/7/1239 2399/8/1238 730/8/1232 736/7/1241
f 2400/7/1239 2398/1/1237 731/1/1230 735/7/1240
f 2398/1/1237 2400/7/1239 736/7/1241 732/1/1233
f 2401/5/1242 2402/5/1243 191/5/1244 187/5/678
f 2402/5/1243 2401/5/1242 188/5/681 192/5/1245
f 2402/5/1243 2403/15/1246 189/15/1247 191/5/1244
f 2403/15/1246 2402/5/1243 192/5/1245 190/15/1248
f 2403/15/1246 2404/15/1249 185/15/683 189/15/1247
f 2404/15/1249 2403/15/1246 190/15/1248 186/15/684
f 2404/15/1249 2401/5/1242 187/5/678 185/15/683
f 2401/5/1242 2404/15/1249 186/15/684 188/5/681
f 2405/3/1250 2406/2/1251 743/2/558 739/3/559
f 2406/2/1251 2405/3/1250 740/3/556 744/2/557
f 2406/2/1251 2407/1/1252 741/1/565 743/2/558
f 2407/1/1252 2406/2/1251 744/2/557 742/1/564
f 2407/1/1252 2408/4/1253 737/4/562 741/1/565
f 2408/4/1253 2407/1/1252 742/1/564 738/4/561
f 2408/4/1253 2405/3/1250 739/3/559 737/4/562
f 2405/3/1250 2408/4/1253 738/4/561 740/3/556
f 2409/13/1254 2410/13/1255 357/13/80 355/13/73
f 2410/13/1255 2409/13/1254 356/13/74 358/13/81
f 2410/13/1255 2411/24/1256 351/24/1199 357/13/80
f 2411/24/1256 2410/13/1255 358/13/81 352/24/1200
f 2411/24/1256 2412/24/1257 353/24/1194 351/24/1199
f 2412/24/1257 2411/24/1256 352/24/1200 354/24/1197
f 2412/24/1257 2409/13/1254 355/13/73 353/24/1194
f 2409/13/1254 2412/24/1257 354/24/1197 356/13/74
f 2413/9/623 2414/10/632 1551/10/634 1549/9/1258
f 2414/10/632 2413/9/623 1550/9/626 1552/10/633
f 2414/10/632 2415/11/629 1545/11/631 1551/10/634
f 2415/11/629 2414/10/632 1552/10/633 1546/11/1259
f 2415/11/629 2416/12/624 1547/12/628 1545/11/631
f 2416/12/624 2415/11/629 1546/11/1259 1548/12/625
f 2416/12/624 2413/9/623 1549/9/1258 1547/12/628
f 2413/9/623 2416/12/624 1548/12/625 1550/9/626
f 2417/1/1260 2418/22/1261 771/22/1262 769/1/1263
f 2418/22/1261 2417/1/1260 770/1/1264 772/22/1265
f 2418/22/1261 2419/7/1266 773/7/1267 771/22/1262
f 2419/7/1266 2418/22/1261 772/22/1265 774/7/1268
f 2419/7/1266 2417/1/1260 769/1/1263 773/7/1267
f 2417/1/1260 2419/7/1266 774/7/1268 770/1/1264
f 2420/22/1269 2421/1/1270 769/1/1263 771/22/1262
f 2421/1/1270 2420/22/1269 772/22/1265 770/1/1264
f 2421/1/1270 2422/30/1271 775/30/1272 769/1/1263
f 2422/30/1271 2421/1/1270 770/1/1264 776/30/1273
f 2422/30/1271 2420/22/1269 771/22/1262 775/30/1272
f 2420/22/1269 2422/30/1271 776/30/1273 772/22/1265
f 2423/2/1274 2424/21/1275 779/21/1276 777/2/1277
f 2424/21/1275 2423/2/1274 778/2/1278 780/21/1279
f 2424/21/1275 2425/11/1280 781/11/1281 779/21/1276
f 2425/11/1280 2424/21/1275 780/21/1279 782/11/1282
f 2425/11/1280 2423/2/1274 777/2/1277 781/11/1281
f 2423/2/1274 2425/11/1280 782/11/1282 778/2/1278
f 2426/2/1283 2427/11/1284 781/11/1281 777/2/1277
f 2427/11/1284 2426/2/1283 778/2/1278 782/11/1282
f 2427/11/1284 2428/10/1285 783/10/1286 781/11/1281
f 2428/10/1285 2427/11/1284 782/11/1282 784/10/1287
f 2428/10/1285 2426/2/1283 777/2/1277 783/10/1286
f 2426/2/1283 2428/10/1285 784/10/1287 778/2/1278
f 2429/9/1288 2430/44/1289 789/44/1290 787/9/1291
f 2430/44/1289 2429/9/1288 788/9/1292 790/44/1293
f 2430/44/1289 2431/45/1294 785/45/1295 789/44/1290
f 2431/45/1294 2430/44/1289 790/44/1293 786/45/1296
f 2431/45/1294 2432/46/1297 791/46/1298 785/45/1295
f 2432/46/1297 2431/45/1294 786/45/1296 792/46/1299
f 2432/46/1297 2433/47/1300 793/47/1301 791/46/1298
f 2433/47/1300 2432/46/1297 792/46/1299 794/47/1302
f 2433/47/1300 2434/48/1303 797/48/1304 793/47/1301
f 2434/48/1303 2433/47/1300 794/47/1302 798/48/1305
f 2434/48/1303 2435/49/1306 799/49/1307 797/48/1304
f 2435/49/1306 2434/48/1303 798/48/1305 800/49/1308
f 2435/49/1306 2436/29/1309 795/29/1310 799/49/1307
f 2436/29/1309 2435/49/1306 800/49/1308 796/29/1311
f 2436/29/1309 2429/9/1288 787/9/1291 795/29/1310
f 2429/9/1288 2436/29/1309 796/29/1311 788/9/1292
f 2437/14/1312 2438/43/1313 87/43/1314 89/14/1315
f 2438/43/1313 2437/14/1312 90/14/1316 88/43/1317
f 2438/43/1313 2439/15/1318 91/15/1319 87/43/1314
f 2439/15/1318 2438/43/1313 88/43/1317 92/15/1320
f 2439/15/1318 2440/5/1321 93/5/1322 91/15/1319
f 2440/5/1321 2439/15/1318 92/15/1320 94/5/1323
f 2440/5/1321 2437/14/1312 89/14/1315 93/5/1322
f 2437/14/1312 2440/5/1321 94/5/1323 90/14/1316
f 2441/3/291 2442/2/290 703/2/294 697/3/295
f 2442/2/290 2441/3/291 698/3/292 704/2/293
f 2442/2/290 2443/1/299 699/1/301 703/2/294
f 2443/1/299 2442/2/290 704/2/293 700/1/300
f 2443/1/299 2444/4/296 701/4/298 699/1/301
f 2444/4/296 2443/1/299 700/1/300 702/4/297
f 2444/4/296 2441/3/291 697/3/295 701/4/298
f 2441/3/291 2444/4/296 702/4/297 698/3/292
f 2445/19/1324 2446/19/1325 1669/19/1326 1671/19/1327
f 2446/19/1325 2445/19/1324 1672/19/1328 1670/19/1329
f 2446/19/1325 2447/16/1330 1667/16/388 1669/19/1326
f 2447/16/1330 2446/19/1325 1670/19/1329 1668/16/391
f 2447/16/1330 2448/16/1331 1665/16/389 1667/16/388
f 2448/16/1331 2447/16/1330 1668/16/391 1666/16/390
f 2448/16/1331 2445/19/1324 1671/19/1327 1665/16/389
f 2445/19/1324 2448/16/1331 1666/16/390 1672/19/1328
f 2449/12/624 2450/9/623 1639/9/627 1633/12/628
f 2450/9/623 2449/12/624 1634/12/625 1640/9/626
f 2450/9/623 2451/10/632 1635/10/634 1639/9/627
f 2451/10/632 2450/9/623 1640/9/626 1636/10/633
f 2451/10/632 2452/11/629 1637/11/631 1635/10/634
f 2452/11/629 2451/10/632 1636/10/633 1638/11/1332
f 2452/11/629 2449/12/624 1633/12/628 1637/11/631
f 2449/12/624 2452/11/629 1638/11/1332 1634/12/625
f 2453/14/1333 2454/5/1334 1615/5/1335 1613/14/1336
f 2454/5/1334 2453/14/1333 1614/14/1337 1616/5/1338
f 2454/5/1334 2455/15/1339 1609/15/1340 1615/5/1335
f 2455/15/1339 2454/5/1334 1616/5/1338 1610/15/1341
f 2455/15/1339 2456/43/1342 1611/43/1343 1609/15/1340
f 2456/43/1342 2455/15/1339 1610/15/1341 1612/43/1344
f 2456/43/1342 2453/14/1333 1613/14/1336 1611/43/1343
f 2453/14/1333 2456/43/1342 1612/43/1344 1614/14/1337
f 2457/5/1345 2458/6/1346 811/6/1347 809/5/1348
f 2458/6/1346 2457/5/1345 810/5/1349 812/6/1350
f 2458/6/1346 2459/6/1351 813/6/1352 811/6/1347
f 2459/6/1351 2458/6/1346 812/6/1350 814/6/1353
f 2459/6/1351 2460/5/1354 815/5/1355 813/6/1352
f 2460/5/1354 2459/6/1351 814/6/1353 816/5/1356
f 2460/5/1354 2457/5/1345 809/5/1348 815/5/1355
f 2457/5/1345 2460/5/1354 816/5/1356 810/5/1349
f 2461/18/1357 2462/6/1358 813/6/1352 817/18/702
f 2462/6/1358 2461/18/1357 818/18/705 814/6/1353
f 2462/6/1358 2463/6/1359 811/6/1347 813/6/1352
f 2463/6/1359 2462/6/1358 814/6/1353 812/6/1350
f 2463/6/1359 2464/18/1360 819/18/707 811/6/1347
f 2464/18/1360 2463/6/1359 812/6/1350 820/18/708
f 2464/18/1360 2461/18/1357 817/18/702 819/18/707
f 2461/18/1357 2464/18/1360 820/18/708 818/18/705
f 2465/14/1361 2466/14/1362 1683/14/1363 1681/14/1364
f 2466/14/1362 2465/14/1361 1682/14/1365 1684/14/1366
f 2466/14/1362 2467/13/1367 1677/13/1107 1683/14/1363
f 2467/13/1367 2466/14/1362 1684/14/1366 1678/13/1108
f 2467/13/1367 2468/13/1368 1679/13/1102 1677/13/1107
f 2468/13/1368 2467/13/1367 1678/13/1108 1680/13/1105
f 2468/13/1368 2465/14/1361 1681/14/1364 1679/13/1102
f 2465/14/1361 2468/13/1368 1680/13/1105 1682/14/1365
f 2469/21/1369 2470/20/1370 393/20/1371 387/21/1372
f 2470/20/1370 2469/21/1369 388/21/1373 394/20/1374
f 2470/20/1370 2471/12/1375 389/12/1376 393/20/1371
f 2471/12/1375 2470/20/1370 394/20/1374 390/12/1377
f 2471/12/1375 2472/11/1378 391/11/1379 389/12/1376
f 2472/11/1378 2471/12/1375 390/12/1377 392/11/1380
f 2472/11/1378 2469/21/1369 387/21/1372 391/11/1379
f 2469/21/1369 2472/11/1378 392/11/1380 388/21/1373
f 2473/15/1381 2474/5/1382 1721/5/1383 1717/15/1384
f 2474/5/1382 2473/15/1381 1718/15/1385 1722/5/1386
f 2474/5/1382 2475/5/1387 1711/5/1388 1721/5/1383
f 2475/5/1387 2474/5/1382 1722/5/1386 1712/5/1389
f 2475/5/1387 2476/15/1390 1719/15/1391 1711/5/1388
f 2476/15/1390 2475/5/1387 1712/5/1389 1720/15/1392
f 2476/15/1390 2473/15/1381 1717/15/1384 1719/15/1391
f 2473/15/1381 2476/15/1390 1720/15/1392 1718/15/1385
f 2477/6/1393 2478/6/1394 1777/6/1395 1773/6/1396
f 2478/6/1394 2477/6/1393 1774/6/1397 1778/6/1398
f 2478/6/1394 2479/18/1399 1769/18/1400 1777/6/1395
f 2479/18/1399 2478/6/1394 1778/6/1398 1770/18/1401
f 2479/18/1399 2480/18/1402 1767/18/1403 1769/18/1400
f 2480/18/1402 2479/18/1399 1770/18/1401 1768/18/1404
f 2480/18/1402 2477/6/1393 1773/6/1396 1767/18/1403
f 2477/6/1393 2480/18/1402 1768/18/1404 1774/6/1397
f 2481/19/1405 2482/19/1406 831/19/1407 829/19/1408
f 2482/19/1406 2481/19/1405 830/19/1409 832/19/1410
f 2482/19/1406 2483/16/1411 825/16/1412 831/19/1407
f 2483/16/1411 2482/19/1406 832/19/1410 826/16/1413
f 2483/16/1411 2484/16/1414 827/16/1415 825/16/1412
f 2484/16/1414 2483/16/1411 826/16/1413 828/16/1416
f 2484/16/1414 2481/19/1405 829/19/1408 827/16/1415
f 2481/19/1405 2484/16/1414 828/16/1416 830/19/1409
f 2485/24/1417 2486/24/1418 1793/24/404 1791/24/400
f 2486/24/1418 2485/24/1417 1792/24/401 1794/24/405
f 2486/24/1418 2487/19/1419 1787/19/738 1793/24/404
f 2487/19/1419 2486/24/1418 1794/24/405 1788/19/741
f 2487/19/1419 2488/19/1420 1789/19/739 1787/19/738
f 2488/19/1420 2487/19/1419 1788/19/741 1790/19/740
f 2488/19/1420 2485/24/1417 1791/24/400 1789/19/739
f 2485/24/1417 2488/19/1420 1790/19/740 1792/24/401
f 2489/1/1421 2490/4/1422 405/4/1423 401/1/1424
f 2490/4/1422 2489/1/1421 402/1/1425 406/4/1426
f 2490/4/1422 2491/3/1427 397/3/1428 405/4/1423
f 2491/3/1427 2490/4/1422 406/4/1426 398/3/1429
f 2491/3/1427 2492/2/1430 403/2/1431 397/3/1428
f 2492/2/1430 2491/3/1427 398/3/1429 404/2/1432
f 2492/2/1430 2489/1/1421 401/1/1424 403/2/1431
f 2489/1/1421 2492/2/1430 404/2/1432 402/1/1425
f 2493/40/1433 2494/50/1434 1753/50/1435 1749/40/726
f 2494/50/1434 2493/40/1433 1750/40/729 1754/50/1436
f 2494/50/1434 2495/51/1437 1751/51/1438 1753/50/1435
f 2495/51/1437 2494/50/1434 1754/50/1436 1752/51/1439
f 2495/51/1437 2496/41/1440 1747/41/731 1751/51/1438
f 2496/41/1440 2495/51/1437 1752/51/1439 1748/41/732
f 2496/41/1440 2493/40/1433 1749/40/726 1747/41/731
f 2493/40/1433 2496/41/1440 1748/41/732 1750/40/729
f 2497/51/1441 2498/51/1442 1751/51/1438 1757/51/1443
f 2498/51/1442 2497/51/1441 1758/51/1444 1752/51/1439
f 2498/51/1442 2499/50/1445 1753/50/1435 1751/51/1438
f 2499/50/1445 2498/51/1442 1752/51/1439 1754/50/1436
f 2499/50/1445 2500/50/1446 1755/50/1447 1753/50/1435
f 2500/50/1446 2499/50/1445 1754/50/1436 1756/50/1448
f 2500/50/1446 2497/51/1441 1757/51/1443 1755/50/1447
f 2497/51/1441 2500/50/1446 1756/50/1448 1758/51/1444
f 2501/14/1449 2502/14/1450 843/14/1451 841/14/1452
f 2502/14/1450 2501/14/1449 842/14/1453 844/14/1454
f 2502/14/1450 2503/13/1455 837/13/1456 843/14/1451
f 2503/13/1455 2502/14/1450 844/14/1454 838/13/1457
f 2503/13/1455 2504/13/1458 839/13/1459 837/13/1456
f 2504/13/1458 2503/13/1455 838/13/1457 840/13/1460
f 2504/13/1458 2501/14/1449 841/14/1452 839/13/1459
f 2501/14/1449 2504/13/1458 840/13/1460 842/14/1453
f 2505/18/1461 2506/17/1462 1775/17/1463 1769/18/1400
f 2506/17/1462 2505/18/1461 1770/18/1401 1776/17/1464
f 2506/17/1462 2507/17/1465 1771/17/1466 1775/17/1463
f 2507/17/1465 2506/17/1462 1776/17/1464 1772/17/1467
f 2507/17/1465 2508/18/1468 1767/18/1403 1771/17/1466
f 2508/18/1468 2507/17/1465 1772/17/1467 1768/18/1404
f 2508/18/1468 2505/18/1461 1769/18/1400 1767/18/1403
f 2505/18/1461 2508/18/1468 1768/18/1404 1770/18/1401
f 2509/3/1469 2510/2/1470 423/2/1471 427/3/1472
f 2510/2/1470 2509/3/1469 428/3/1473 424/2/1474
f 2510/2/1470 2511/21/1475 425/21/1476 423/2/1471
f 2511/21/1475 2510/2/1470 424/2/1474 426/21/1477
f 2511/21/1475 2512/20/1478 421/20/1479 425/21/1476
f 2512/20/1478 2511/21/1475 426/21/1477 422/20/1480
f 2512/20/1478 2509/3/1469 427/3/1472 421/20/1479
f 2509/3/1469 2512/20/1478 422/20/1480 428/3/1473
f 2513/29/1481 2514/30/1482 851/30/1483 845/29/1484
f 2514/30/1482 2513/29/1481 846/29/1485 852/30/1486
f 2514/30/1482 2515/22/1487 847/22/1488 851/30/1483
f 2515/22/1487 2514/30/1482 852/30/1486 848/22/1489
f 2515/22/1487 2516/31/1490 849/31/1491 847/22/1488
f 2516/31/1490 2515/22/1487 848/22/1489 850/31/1492
f 2516/31/1490 2513/29/1481 845/29/1484 849/31/1491
f 2513/29/1481 2516/31/1490 850/31/1492 846/29/1485
f 2517/11/194 2518/21/199 883/21/200 877/11/195
f 2518/21/199 2517/11/194 878/11/198 884/21/201
f 2518/21/199 2519/20/202 879/20/203 883/21/200
f 2519/20/202 2518/21/199 884/21/201 880/20/204
f 2519/20/202 2520/12/193 881/12/196 879/20/203
f 2520/12/193 2519/20/202 880/20/204 882/12/197
f 2520/12/193 2517/11/194 877/11/195 881/12/196
f 2517/11/194 2520/12/193 882/12/197 878/11/198
f 2521/21/199 2522/20/202 907/20/203 901/21/200
f 2522/20/202 2521/21/199 902/21/201 908/20/204
f 2522/20/202 2523/12/193 903/12/778 907/20/203
f 2523/12/193 2522/20/202 908/20/204 904/12/777
f 2523/12/193 2524/11/194 905/11/776 903/12/778
f 2524/11/194 2523/12/193 904/12/777 906/11/775
f 2524/11/194 2521/21/199 901/21/200 905/11/776
f 2521/21/199 2524/11/194 906/11/775 902/21/201
f 2525/15/1493 2526/5/1494 67/5/1495 65/15/1496
f 2526/5/1494 2525/15/1493 66/15/1497 68/5/1498
f 2526/5/1494 2527/5/1499 61/5/1500 67/5/1495
f 2527/5/1499 2526/5/1494 68/5/1498 62/5/1501
f 2527/5/1499 2528/15/1502 63/15/1503 61/5/1500
f 2528/15/1502 2527/5/1499 62/5/1501 64/15/1504
f 2528/15/1502 2525/15/1493 65/15/1496 63/15/1503
f 2525/15/1493 2528/15/1502 64/15/1504 66/15/1497
f 2529/20/635 2530/21/636 451/21/637 449/20/638
f 2530/21/636 2529/20/635 450/20/639 452/21/1505
f 2530/21/636 2531/2/641 445/2/1506 451/21/637
f 2531/2/641 2530/21/636 452/21/1505 446/2/643
f 2531/2/641 2532/3/644 447/3/645 445/2/1506
f 2532/3/644 2531/2/641 446/2/643 448/3/646
f 2532/3/644 2529/20/635 449/20/638 447/3/645
f 2529/20/635 2532/3/644 448/3/646 450/20/639
f 2533/13/1507 2534/13/1508 1869/13/1509 1873/13/1510
f 2534/13/1508 2533/13/1507 1874/13/1511 1870/13/1512
f 2534/13/1508 2535/24/1513 1865/24/1514 1869/13/1509
f 2535/24/1513 2534/13/1508 1870/13/1512 1866/24/1515
f 2535/24/1513 2536/24/1516 1861/24/1517 1865/24/1514
f 2536/24/1516 2535/24/1513 1866/24/1515 1862/24/1518
f 2536/24/1516 2533/13/1507 1873/13/1510 1861/24/1517
f 2533/13/1507 2536/24/1516 1862/24/1518 1874/13/1511
f 2537/17/1519 2538/17/1520 1871/17/722 1867/17/715
f 2538/17/1520 2537/17/1519 1868/17/716 1872/17/723
f 2538/17/1520 2539/16/1521 1859/16/425 1871/17/722
f 2539/16/1521 2538/17/1520 1872/17/723 1860/16/426
f 2539/16/1521 2540/16/1522 1863/16/420 1859/16/425
f 2540/16/1522 2539/16/1521 1860/16/426 1864/16/423
f 2540/16/1522 2537/17/1519 1867/17/715 1863/16/420
f 2537/17/1519 2540/16/1522 1864/16/423 1868/17/716
f 2541/12/194 2542/11/199 923/11/804 917/12/195
f 2542/11/199 2541/12/194 918/12/198 924/11/803
f 2542/11/199 2543/21/202 919/21/203 923/11/804
f 2543/21/202 2542/11/199 924/11/803 920/21/204
f 2543/21/202 2544/20/193 921/20/196 919/21/203
f 2544/20/193 2543/21/202 920/21/204 922/20/197
f 2544/20/193 2541/12/194 917/12/195 921/20/196
f 2541/12/194 2544/20/193 922/20/197 918/12/198
f 2545/9/39 2546/10/34 467/10/1523 465/9/1524
f 2546/10/34 2545/9/39 466/9/40 468/10/35
f 2546/10/34 2547/11/33 461/11/37 467/10/1523
f 2547/11/33 2546/10/34 468/10/35 462/11/1525
f 2547/11/33 2548/12/42 463/12/44 461/11/37
f 2548/12/42 2547/11/33 462/11/1525 464/12/43
f 2548/12/42 2545/9/39 465/9/1524 463/12/44
f 2545/9/39 2548/12/42 464/12/43 466/9/40
f 2549/52/724 2550/53/725 487/53/726 479/52/1526
f 2550/53/725 2549/52/724 480/52/1527 488/53/729
f 2550/53/725 2551/54/730 481/54/731 487/53/726
f 2551/54/730 2550/53/725 488/53/729 482/54/732
f 2551/54/730 2552/55/733 477/55/1528 481/54/731
f 2552/55/733 2551/54/730 482/54/732 478/55/1529
f 2552/55/733 2549/52/724 479/52/1526 477/55/1528
f 2549/52/724 2552/55/733 478/55/1529 480/52/1527
f 2553/20/498 2554/21/507 1043/21/509 1037/20/502
f 2554/21/507 2553/20/498 1038/20/501 1044/21/508
f 2554/21/507 2555/11/504 1039/11/506 1043/21/509
f 2555/11/504 2554/21/507 1044/21/508 1040/11/505
f 2555/11/504 2556/12/499 1041/12/503 1039/11/506
f 2556/12/499 2555/11/504 1040/11/505 1042/12/500
f 2556/12/499 2553/20/498 1037/20/502 1041/12/503
f 2553/20/498 2556/12/499 1042/12/500 1038/20/501
f 2557/16/1530 2558/17/1531 137/17/572 131/16/1532
f 2558/17/1531 2557/16/1530 132/16/1533 138/17/573
f 2558/17/1531 2559/17/1534 135/17/569 137/17/572
f 2559/17/1534 2558/17/1531 138/17/573 136/17/570
f 2559/17/1534 2560/16/1535 133/16/1536 135/17/569
f 2560/16/1535 2559/17/1534 136/17/570 134/16/1537
f 2560/16/1535 2557/16/1530 131/16/1532 133/16/1536
f 2557/16/1530 2560/16/1535 134/16/1537 132/16/1533
f 2561/53/1433 2562/25/1434 491/25/1538 487/53/726
f 2562/25/1434 2561/53/1433 488/53/729 492/25/1539
f 2562/25/1434 2563/28/1437 489/28/1540 491/25/1538
f 2563/28/1437 2562/25/1434 492/25/1539 490/28/1541
f 2563/28/1437 2564/54/1440 481/54/731 489/28/1540
f 2564/54/1440 2563/28/1437 490/28/1541 482/54/732
f 2564/54/1440 2561/53/1433 487/53/726 481/54/731
f 2561/53/1433 2564/54/1440 482/54/732 488/53/729
f 2565/50/265 2566/52/266 535/52/267 529/50/268
f 2566/52/266 2565/50/265 530/50/269 536/52/270
f 2566/52/266 2567/55/271 531/55/272 535/52/267
f 2567/55/271 2566/52/266 536/52/270 532/55/273
f 2567/55/271 2568/51/274 533/51/275 531/55/272
f 2568/51/274 2567/55/271 532/55/273 534/51/276
f 2568/51/274 2565/50/265 529/50/268 533/51/275
f 2565/50/265 2568/51/274 534/51/276 530/50/269
f 2569/6/1542 2570/6/1543 237/6/113 241/6/116
f 2570/6/1543 2569/6/1542 242/6/117 238/6/114
f 2570/6/1543 2571/18/1544 235/18/815 237/6/113
f 2571/18/1544 2570/6/1543 238/6/114 236/18/816
f 2571/18/1544 2572/18/1545 233/18/812 235/18/815
f 2572/18/1545 2571/18/1544 236/18/816 234/18/813
f 2572/18/1545 2569/6/1542 241/6/116 233/18/812
f 2569/6/1542 2572/18/1545 234/18/813 242/6/117
f 2573/55/1546 2574/52/1547 485/52/1548 483/55/1549
f 2574/52/1547 2573/55/1546 484/55/1550 486/52/1551
f 2574/52/1547 2575/52/1552 479/52/1526 485/52/1548
f 2575/52/1552 2574/52/1547 486/52/1551 480/52/1527
f 2575/52/1552 2576/55/1553 477/55/1528 479/52/1526
f 2576/55/1553 2575/52/1552 480/52/1527 478/55/1529
f 2576/55/1553 2573/55/1546 483/55/1549 477/55/1528
f 2573/55/1546 2576/55/1553 478/55/1529 484/55/1550
f 2577/20/818 2578/12/817 1027/12/821 1021/20/822
f 2578/12/817 2577/20/818 1022/20/819 1028/12/820
f 2578/12/817 2579/20/826 1023/20/828 1027/12/821
f 2579/20/826 2578/12/817 1028/12/820 1024/20/827
f 2579/20/826 2580/12/823 1025/12/825 1023/20/828
f 2580/12/823 2579/20/826 1024/20/827 1026/12/824
f 2580/12/823 2577/20/818 1021/20/822 1025/12/825
f 2577/20/818 2580/12/823 1026/12/824 1022/20/819
f 2581/24/1554 2582/19/1555 129/19/1556 117/24/260
f 2582/19/1555 2581/24/1554 118/24/261 130/19/1557
f 2582/19/1555 2583/19/1558 121/19/1559 129/19/1556
f 2583/19/1558 2582/19/1555 130/19/1557 122/19/1560
f 2583/19/1558 2584/24/1561 119/24/263 121/19/1559
f 2584/24/1561 2583/19/1558 122/19/1560 120/24/264
f 2584/24/1561 2581/24/1554 117/24/260 119/24/263
f 2581/24/1554 2584/24/1561 120/24/264 118/24/261
f 2585/20/1562 2586/21/1563 1019/21/1564 1013/20/1565
f 2586/21/1563 2585/20/1562 1014/20/1566 1020/21/1567
f 2586/21/1563 2587/11/1568 1015/11/1569 1019/21/1564
f 2587/11/1568 2586/21/1563 1020/21/1567 1016/11/1570
f 2587/11/1568 2588/12/1571 1017/12/1572 1015/11/1569
f 2588/12/1571 2587/11/1568 1016/11/1570 1018/12/1573
f 2588/12/1571 2585/20/1562 1013/20/1565 1017/12/1572
f 2585/20/1562 2588/12/1571 1018/12/1573 1014/20/1566
f 2589/16/1574 2590/17/1575 1075/17/839 1069/16/1576
f 2590/17/1575 2589/16/1574 1070/16/1577 1076/17/840
f 2590/17/1575 2591/17/1578 1073/17/836 1075/17/839
f 2591/17/1578 2590/17/1575 1076/17/840 1074/17/837
f 2591/17/1578 2592/16/1579 1071/16/1580 1073/17/836
f 2592/16/1579 2591/17/1578 1074/17/837 1072/16/1581
f 2592/16/1579 2589/16/1574 1069/16/1576 1071/16/1580
f 2589/16/1574 2592/16/1579 1072/16/1581 1070/16/1577
f 2593/20/1582 2594/21/1583 1011/21/1584 1005/20/1585
f 2594/21/1583 2593/20/1582 1006/20/1586 1012/21/1587
f 2594/21/1583 2595/11/1588 1007/11/1589 1011/21/1584
f 2595/11/1588 2594/21/1583 1012/21/1587 1008/11/1590
f 2595/11/1588 2596/12/1591 1009/12/1592 1007/11/1589
f 2596/12/1591 2595/11/1588 1008/11/1590 1010/12/1593
f 2596/12/1591 2593/20/1582 1005/20/1585 1009/12/1592
f 2593/20/1582 2596/12/1591 1010/12/1593 1006/20/1586
f 2597/32/1582 2598/31/1591 1003/31/1593 999/32/1586
f 2598/31/1591 2597/32/1582 1000/32/1585 1004/31/1592
f 2598/31/1591 2599/22/1588 1001/22/1590 1003/31/1593
f 2599/22/1588 2598/31/1591 1004/31/1592 1002/22/1589
f 2599/22/1588 2600/23/1583 997/23/1587 1001/22/1590
f 2600/23/1583 2599/22/1588 1002/22/1589 998/23/1584
f 2600/23/1583 2597/32/1582 999/32/1586 997/23/1587
f 2597/32/1582 2600/23/1583 998/23/1584 1000/32/1585
f 2601/11/475 2602/12/474 983/12/478 987/11/479
f 2602/12/474 2601/11/475 988/11/476 984/12/477
f 2602/12/474 2603/20/483 985/20/485 983/12/478
f 2603/20/483 2602/12/474 984/12/477 986/20/484
f 2603/20/483 2604/21/480 981/21/482 985/20/485
f 2604/21/480 2603/20/483 986/20/484 982/21/481
f 2604/21/480 2601/11/475 987/11/479 981/21/482
f 2601/11/475 2604/21/480 982/21/481 988/11/476
f 2605/16/1594 2606/16/1595 1071/16/1580 1069/16/1576
f 2606/16/1595 2605/16/1594 1070/16/1577 1072/16/1581
f 2606/16/1595 2607/19/1596 1065/19/1597 1071/16/1580
f 2607/19/1596 2606/16/1595 1072/16/1581 1066/19/1598
f 2607/19/1596 2608/19/1599 1067/19/1600 1065/19/1597
f 2608/19/1599 2607/19/1596 1066/19/1598 1068/19/1601
f 2608/19/1599 2605/16/1594 1069/16/1576 1067/19/1600
f 2605/16/1594 2608/19/1599 1068/19/1601 1070/16/1577
f 2609/34/265 2610/39/266 519/39/1602 515/34/268
f 2610/39/266 2609/34/265 516/34/1603 520/39/270
f 2610/39/266 2611/42/271 517/42/1604 519/39/1602
f 2611/42/271 2610/39/266 520/39/270 518/42/273
f 2611/42/271 2612/35/274 513/35/275 517/42/1604
f 2612/35/274 2611/42/271 518/42/273 514/35/1605
f 2612/35/274 2609/34/265 515/34/268 513/35/275
f 2609/34/265 2612/35/274 514/35/1605 516/34/1603
f 2613/18/1606 2614/6/1607 1083/6/520 1077/18/832
f 2614/6/1607 2613/18/1606 1078/18/833 1084/6/521
f 2614/6/1607 2615/6/1608 1081/6/517 1083/6/520
f 2615/6/1608 2614/6/1607 1084/6/521 1082/6/518
f 2615/6/1608 2616/18/1609 1079/18/831 1081/6/517
f 2616/18/1609 2615/6/1608 1082/6/518 1080/18/834
f 2616/18/1609 2613/18/1606 1077/18/832 1079/18/831
f 2613/18/1606 2616/18/1609 1080/18/834 1078/18/833
f 2617/29/635 2618/31/644 1135/31/646 1129/29/651
f 2618/31/644 2617/29/635 1130/29/638 1136/31/645
f 2618/31/644 2619/22/641 1131/22/643 1135/31/646
f 2619/22/641 2618/31/644 1136/31/645 1132/22/642
f 2619/22/641 2620/30/636 1133/30/640 1131/22/643
f 2620/30/636 2619/22/641 1132/22/642 1134/30/637
f 2620/30/636 2617/29/635 1129/29/651 1133/30/640
f 2617/29/635 2620/30/636 1134/30/637 1130/29/638
f 2621/24/1610 2622/19/1611 1067/19/1600 1061/24/872
f 2622/19/1611 2621/24/1610 1062/24/873 1068/19/1601
f 2622/19/1611 2623/19/1612 1065/19/1597 1067/19/1600
f 2623/19/1612 2622/19/1611 1068/19/1601 1066/19/1598
f 2623/19/1612 2624/24/1613 1063/24/871 1065/19/1597
f 2624/24/1613 2623/19/1612 1066/19/1598 1064/24/874
f 2624/24/1613 2621/24/1610 1061/24/872 1063/24/871
f 2621/24/1610 2624/24/1613 1064/24/874 1062/24/873
f 2625/13/1614 2626/14/1615 1059/14/1616 1057/13/876
f 2626/14/1615 2625/13/1614 1058/13/877 1060/14/1617
f 2626/14/1615 2627/14/1618 1053/14/1619 1059/14/1616
f 2627/14/1618 2626/14/1615 1060/14/1617 1054/14/1620
f 2627/14/1618 2628/13/1621 1055/13/879 1053/14/1619
f 2628/13/1621 2627/14/1618 1054/14/1620 1056/13/880
f 2628/13/1621 2625/13/1614 1057/13/876 1055/13/879
f 2625/13/1614 2628/13/1621 1056/13/880 1058/13/877
f 2629/1/1622 2630/2/1623 1263/2/1624 1257/1/1625
f 2630/2/1623 2629/1/1622 1258/1/1626 1264/2/1627
f 2630/2/1623 2631/10/1628 1259/10/1629 1263/2/1624
f 2631/10/1628 2630/2/1623 1264/2/1627 1260/10/1630
f 2631/10/1628 2632/30/1631 1261/30/1632 1259/10/1629
f 2632/30/1631 2631/10/1628 1260/10/1630 1262/30/1633
f 2632/30/1631 2629/1/1622 1257/1/1625 1261/30/1632
f 2629/1/1622 2632/30/1631 1262/30/1633 1258/1/1626
f 2633/9/623 2634/10/632 1127/10/634 1125/9/627
f 2634/10/632 2633/9/623 1126/9/626 1128/10/633
f 2634/10/632 2635/11/629 1121/11/631 1127/10/634
f 2635/11/629 2634/10/632 1128/10/633 1122/11/1259
f 2635/11/629 2636/12/624 1123/12/628 1121/11/631
f 2636/12/624 2635/11/629 1122/11/1259 1124/12/625
f 2636/12/624 2633/9/623 1125/9/627 1123/12/628
f 2633/9/623 2636/12/624 1124/12/625 1126/9/626
f 2637/30/1634 2638/29/1635 1101/29/1636 1103/30/1637
f 2638/29/1635 2637/30/1634 1104/30/1638 1102/29/1639
f 2638/29/1635 2639/9/1640 1097/9/1641 1101/29/1636
f 2639/9/1640 2638/29/1635 1102/29/1639 1098/9/1642
f 2639/9/1640 2640/10/1643 1099/10/1644 1097/9/1641
f 2640/10/1643 2639/9/1640 1098/9/1642 1100/10/1645
f 2640/10/1643 2637/30/1634 1103/30/1637 1099/10/1644
f 2637/30/1634 2640/10/1643 1100/10/1645 1104/30/1638
f 2641/19/1646 2642/24/1647 257/24/1648 251/19/525
f 2642/24/1647 2641/19/1646 252/19/526 258/24/1649
f 2642/24/1647 2643/24/1650 255/24/1651 257/24/1648
f 2643/24/1650 2642/24/1647 258/24/1649 256/24/1652
f 2643/24/1650 2644/19/1653 253/19/524 255/24/1651
f 2644/19/1653 2643/24/1650 256/24/1652 254/19/527
f 2644/19/1653 2641/19/1646 251/19/525 253/19/524
f 2641/19/1646 2644/19/1653 254/19/527 252/19/526
f 2645/20/1654 2646/2/1655 1107/2/1656 1105/20/1657
f 2646/2/1655 2645/20/1654 1106/20/1658 1108/2/1659
f 2646/2/1655 2647/21/1660 1109/21/1661 1107/2/1656
f 2647/21/1660 2646/2/1655 1108/2/1659 1110/21/1662
f 2647/21/1660 2645/20/1654 1105/20/1657 1109/21/1661
f 2645/20/1654 2647/21/1660 1110/21/1662 1106/20/1658
f 2648/2/1663 2649/20/1664 1105/20/1657 1107/2/1656
f 2649/20/1664 2648/2/1663 1108/2/1659 1106/20/1658
f 2649/20/1664 2650/3/1665 1111/3/1666 1105/20/1657
f 2650/3/1665 2649/20/1664 1106/20/1658 1112/3/1667
f 2650/3/1665 2648/2/1663 1107/2/1656 1111/3/1666
f 2648/2/1663 2650/3/1665 1112/3/1667 1108/2/1659
f 2651/8/1668 2652/1/1669 1115/1/1670 1113/8/1671
f 2652/1/1669 2651/8/1668 1114/8/1672 1116/1/1673
f 2652/1/1669 2653/4/1674 1117/4/1675 1115/1/1670
f 2653/4/1674 2652/1/1669 1116/1/1673 1118/4/1676
f 2653/4/1674 2651/8/1668 1113/8/1671 1117/4/1675
f 2651/8/1668 2653/4/1674 1118/4/1676 1114/8/1672
f 2654/1/1677 2655/8/1678 1113/8/1671 1115/1/1670
f 2655/8/1678 2654/1/1677 1116/1/1673 1114/8/1672
f 2655/8/1678 2656/7/1679 1119/7/1680 1113/8/1671
f 2656/7/1679 2655/8/1678 1114/8/1672 1120/7/1681
f 2656/7/1679 2654/1/1677 1115/1/1670 1119/7/1680
f 2654/1/1677 2656/7/1679 1120/7/1681 1116/1/1673
f 2657/15/1682 2658/5/1683 1095/5/1684 1089/15/1685
f 2658/5/1683 2657/15/1682 1090/15/1686 1096/5/1687
f 2658/5/1683 2659/5/1688 1091/5/1689 1095/5/1684
f 2659/5/1688 2658/5/1683 1096/5/1687 1092/5/1690
f 2659/5/1688 2660/15/1691 1093/15/1692 1091/5/1689
f 2660/15/1691 2659/5/1688 1092/5/1690 1094/15/1693
f 2660/15/1691 2657/15/1682 1089/15/1685 1093/15/1692
f 2657/15/1682 2660/15/1691 1094/15/1693 1090/15/1686
f 2661/13/1694 2662/13/1695 261/13/56 259/13/49
f 2662/13/1695 2661/13/1694 260/13/50 262/13/57
f 2662/13/1695 2663/24/1696 255/24/1651 261/13/56
f 2663/24/1696 2662/13/1695 262/13/57 256/24/1652
f 2663/24/1696 2664/24/1697 257/24/1648 255/24/1651
f 2664/24/1697 2663/24/1696 256/24/1652 258/24/1649
f 2664/24/1697 2661/13/1694 259/13/49 257/24/1648
f 2661/13/1694 2664/24/1697 258/24/1649 260/13/50
f 2665/16/1698 2666/16/1699 35/16/104 33/16/97
f 2666/16/1699 2665/16/1698 34/16/98 36/16/105
f 2666/16/1699 2667/19/1700 23/19/618 35/16/104
f 2667/19/1700 2666/16/1699 36/16/105 24/19/619
f 2667/19/1700 2668/19/1701 31/19/613 23/19/618
f 2668/19/1701 2667/19/1700 24/19/619 32/19/616
f 2668/19/1701 2665/16/1698 33/16/97 31/19/613
f 2665/16/1698 2668/19/1701 32/19/616 34/16/98
f 2669/56/1702 2670/56/1703 1163/56/1704 1151/56/1705
f 2670/56/1703 2669/56/1702 1152/56/1706 1164/56/1707
f 2670/56/1703 2671/57/1708 1161/57/1709 1163/56/1704
f 2671/57/1708 2670/56/1703 1164/56/1707 1162/57/1710
f 2671/57/1708 2672/57/1711 1159/57/1712 1161/57/1709
f 2672/57/1711 2671/57/1708 1162/57/1710 1160/57/1713
f 2672/57/1711 2673/58/1714 1141/58/1715 1159/57/1712
f 2673/58/1714 2672/57/1711 1160/57/1713 1142/58/1716
f 2673/58/1714 2674/59/1702 1137/59/1705 1141/58/1715
f 2674/59/1702 2673/58/1714 1142/58/1716 1138/59/1706
f 2674/59/1702 2675/59/1703 1145/59/1704 1137/59/1705
f 2675/59/1703 2674/59/1702 1138/59/1706 1146/59/1707
f 2675/59/1703 2676/34/1708 1143/34/1709 1145/59/1704
f 2676/34/1708 2675/59/1703 1146/59/1707 1144/34/1710
f 2676/34/1708 2677/33/1717 1139/33/1718 1143/34/1709
f 2677/33/1717 2676/34/1708 1144/34/1710 1140/33/1719
f 2677/33/1717 2678/17/1720 1149/17/1721 1139/33/1718
f 2678/17/1720 2677/33/1717 1140/33/1719 1150/17/1722
f 2678/17/1720 2679/19/1703 1155/19/1704 1149/17/1721
f 2679/19/1703 2678/17/1720 1150/17/1722 1156/19/1707
f 2679/19/1703 2680/60/1708 1157/60/1723 1155/19/1704
f 2680/60/1708 2679/19/1703 1156/19/1707 1158/60/1724
f 2680/60/1708 2681/60/1711 1153/60/1712 1157/60/1723
f 2681/60/1711 2680/60/1708 1158/60/1724 1154/60/1713
f 2681/60/1711 2682/61/1714 1147/61/1715 1153/60/1712
f 2682/61/1714 2681/60/1711 1154/60/1713 1148/61/1716
f 2682/61/1714 2669/56/1702 1151/56/1705 1147/61/1715
f 2669/56/1702 2682/61/1714 1148/61/1716 1152/56/1706
f 2683/20/635 2684/21/636 281/21/637 279/20/638
f 2684/21/636 2683/20/635 280/20/651 282/21/640
f 2684/21/636 2685/2/641 275/2/1725 281/21/637
f 2685/2/641 2684/21/636 282/21/640 276/2/643
f 2685/2/641 2686/3/644 277/3/645 275/2/1725
f 2686/3/644 2685/2/641 276/2/643 278/3/646
f 2686/3/644 2683/20/635 279/20/638 277/3/645
f 2683/20/635 2686/3/644 278/3/646 280/20/651
f 2687/62/1711 2688/62/1708 1191/62/1710 1187/62/1713
f 2688/62/1708 2687/62/1711 1188/62/1712 1192/62/1709
f 2688/62/1708 2689/63/1703 1189/63/1707 1191/62/1710
f 2689/63/1703 2688/62/1708 1192/62/1709 1190/63/1704
f 2689/63/1703 2690/63/1702 1179/63/1706 1189/63/1707
f 2690/63/1702 2689/63/1703 1190/63/1704 1180/63/1705
f 2690/63/1702 2691/64/1714 1175/64/1716 1179/63/1706
f 2691/64/1714 2690/63/1702 1180/63/1705 1176/64/1715
f 2691/64/1714 2692/65/1711 1181/65/1713 1175/64/1716
f 2692/65/1711 2691/64/1714 1176/64/1715 1182/65/1712
f 2692/65/1711 2693/65/1708 1185/65/1724 1181/65/1713
f 2693/65/1708 2692/65/1711 1182/65/1712 1186/65/1723
f 2693/65/1708 2694/38/1703 1183/38/1707 1185/65/1724
f 2694/38/1703 2693/65/1708 1186/65/1723 1184/38/1704
f 2694/38/1703 2695/37/1720 1177/37/1722 1183/38/1707
f 2695/37/1720 2694/38/1703 1184/38/1704 1178/37/1721
f 2695/37/1720 2696/36/1717 1171/36/1719 1177/37/1722
f 2696/36/1717 2695/37/1720 1178/37/1721 1172/36/1718
f 2696/36/1717 2697/35/1708 1169/35/1710 1171/36/1719
f 2697/35/1708 2696/36/1717 1172/36/1718 1170/35/1709
f 2697/35/1708 2698/66/1703 1165/66/1707 1169/35/1710
f 2698/66/1703 2697/35/1708 1170/35/1709 1166/66/1704
f 2698/66/1703 2699/66/1702 1167/66/1706 1165/66/1707
f 2699/66/1702 2698/66/1703 1166/66/1704 1168/66/1705
f 2699/66/1702 2700/67/1714 1173/67/1716 1167/66/1706
f 2700/67/1714 2699/66/1702 1168/66/1705 1174/67/1715
f 2700/67/1714 2687/62/1711 1187/62/1713 1173/67/1716
f 2687/62/1711 2700/67/1714 1174/67/1715 1188/62/1712
f 2701/1/629 2702/7/632 273/7/633 267/1/1259
f 2702/7/632 2701/1/629 268/1/631 274/7/634
f 2702/7/632 2703/8/623 269/8/626 273/7/633
f 2703/8/623 2702/7/632 274/7/634 270/8/1258
f 2703/8/623 2704/4/624 271/4/625 269/8/626
f 2704/4/624 2703/8/623 270/8/1258 272/4/628
f 2704/4/624 2701/1/629 267/1/1259 271/4/625
f 2701/1/629 2704/4/624 272/4/628 268/1/631
f 2705/1/1726 2706/30/1727 1207/30/1728 1201/1/1729
f 2706/30/1727 2705/1/1726 1202/1/1730 1208/30/1731
f 2706/30/1727 2707/22/1732 1203/22/1733 1207/30/1728
f 2707/22/1732 2706/30/1727 1208/30/1731 1204/22/1734
f 2707/22/1732 2708/7/1735 1205/7/1736 1203/22/1733
f 2708/7/1735 2707/22/1732 1204/22/1734 1206/7/1737
f 2708/7/1735 2705/1/1726 1201/1/1729 1205/7/1736
f 2705/1/1726 2708/7/1735 1206/7/1737 1202/1/1730
f 2709/16/1738 2710/16/1739 133/16/1536 131/16/1532
f 2710/16/1739 2709/16/1738 132/16/1533 134/16/1537
f 2710/16/1739 2711/19/1740 121/19/1559 133/16/1536
f 2711/19/1740 2710/16/1739 134/16/1537 122/19/1560
f 2711/19/1740 2712/19/1741 129/19/1556 121/19/1559
f 2712/19/1741 2711/19/1740 122/19/1560 130/19/1557
f 2712/19/1741 2709/16/1738 131/16/1532 129/19/1556
f 2709/16/1738 2712/19/1741 130/19/1557 132/16/1533
f 2713/15/1742 2714/5/1743 71/5/1744 69/15/1745
f 2714/5/1743 2713/15/1742 70/15/1746 72/5/1747
f 2714/5/1743 2715/5/1748 67/5/1495 71/5/1744
f 2715/5/1748 2714/5/1743 72/5/1747 68/5/1498
f 2715/5/1748 2716/15/1749 65/15/1496 67/5/1495
f 2716/15/1749 2715/5/1748 68/5/1498 66/15/1497
f 2716/15/1749 2713/15/1742 69/15/1745 65/15/1496
f 2713/15/1742 2716/15/1749 66/15/1497 70/15/1746
f 2717/14/1750 2718/6/1751 1229/6/1752 1227/14/1753
f 2718/6/1751 2717/14/1750 1228/14/1754 1230/6/1755
f 2718/6/1751 2719/18/1714 1225/18/1756 1229/6/1752
f 2719/18/1714 2718/6/1751 1230/6/1755 1226/18/1757
f 2719/18/1714 2720/17/1758 1231/17/1759 1225/18/1756
f 2720/17/1758 2719/18/1714 1226/18/1757 1232/17/1760
f 2720/17/1758 2721/16/1761 1235/16/1762 1231/17/1759
f 2721/16/1761 2720/17/1758 1232/17/1760 1236/16/1763
f 2721/16/1761 2722/19/1764 1233/19/1765 1235/16/1762
f 2722/19/1764 2721/16/1761 1236/16/1763 1234/19/1766
f 2722/19/1764 2723/24/1767 1237/24/1768 1233/19/1765
f 2723/24/1767 2722/19/1764 1234/19/1766 1238/24/1769
f 2723/24/1767 2724/13/1770 1239/13/1771 1237/24/1768
f 2724/13/1770 2723/24/1767 1238/24/1769 1240/13/1772
f 2724/13/1770 2717/14/1750 1227/14/1753 1239/13/1771
f 2717/14/1750 2724/13/1770 1240/13/1772 1228/14/1754
f 2725/24/1773 2726/19/1774 297/19/1775 285/24/1776
f 2726/19/1774 2725/24/1773 286/24/1777 298/19/1778
f 2726/19/1774 2727/19/1779 289/19/1780 297/19/1775
f 2727/19/1779 2726/19/1774 298/19/1778 290/19/1781
f 2727/19/1779 2728/24/1782 287/24/1783 289/19/1780
f 2728/24/1782 2727/19/1779 290/19/1781 288/24/1784
f 2728/24/1782 2725/24/1773 285/24/1776 287/24/1783
f 2725/24/1773 2728/24/1782 288/24/1784 286/24/1777
f 2729/22/308 2730/30/303 1223/30/307 1217/22/310
f 2730/30/303 2729/22/308 1218/22/1785 1224/30/304
f 2730/30/303 2731/29/302 1219/29/306 1223/30/307
f 2731/29/302 2730/30/303 1224/30/304 1220/29/305
f 2731/29/302 2732/31/311 1221/31/313 1219/29/306
f 2732/31/311 2731/29/302 1220/29/305 1222/31/312
f 2732/31/311 2729/22/308 1217/22/310 1221/31/313
f 2729/22/308 2732/31/311 1222/31/312 1218/22/1785
f 2733/13/1786 2734/13/1787 25/13/140 17/13/133
f 2734/13/1787 2733/13/1786 18/13/134 26/13/141
f 2734/13/1787 2735/24/1788 19/24/614 25/13/140
f 2735/24/1788 2734/13/1787 26/13/141 20/24/615
f 2735/24/1788 2736/24/1789 21/24/621 19/24/614
f 2736/24/1789 2735/24/1788 20/24/615 22/24/622
f 2736/24/1789 2733/13/1786 17/13/133 21/24/621
f 2733/13/1786 2736/24/1789 22/24/622 18/13/134
f 2737/10/290 2738/9/291 643/9/315 641/10/293
f 2738/9/291 2737/10/290 642/10/294 644/9/295
f 2738/9/291 2739/29/296 637/29/319 643/9/315
f 2739/29/296 2738/9/291 644/9/295 638/29/298
f 2739/29/296 2740/30/299 639/30/300 637/29/319
f 2740/30/299 2739/29/296 638/29/298 640/30/301
f 2740/30/299 2737/10/290 641/10/293 639/30/300
f 2737/10/290 2740/30/299 640/30/301 642/10/294
f 2741/29/1790 2742/4/1791 229/4/1792 223/29/1793
f 2742/4/1791 2741/29/1790 224/29/1794 230/4/1795
f 2742/4/1791 2743/8/1796 225/8/1797 229/4/1792
f 2743/8/1796 2742/4/1791 230/4/1795 226/8/1798
f 2743/8/1796 2744/31/1799 227/31/1800 225/8/1797
f 2744/31/1799 2743/8/1796 226/8/1798 228/31/1801
f 2744/31/1799 2741/29/1790 223/29/1793 227/31/1800
f 2741/29/1790 2744/31/1799 228/31/1801 224/29/1794
f 2745/13/1802 2746/13/1803 291/13/68 283/13/61
f 2746/13/1803 2745/13/1802 284/13/62 292/13/69
f 2746/13/1803 2747/24/1804 285/24/1776 291/13/68
f 2747/24/1804 2746/13/1803 292/13/69 286/24/1777
f 2747/24/1804 2748/24/1805 287/24/1783 285/24/1776
f 2748/24/1805 2747/24/1804 286/24/1777 288/24/1784
f 2748/24/1805 2745/13/1802 283/13/61 287/24/1783
f 2745/13/1802 2748/24/1805 288/24/1784 284/13/62
f 2749/1/1806 2750/4/1807 503/4/1808 497/1/1809
f 2750/4/1807 2749/1/1806 498/1/1810 504/4/1811
f 2750/4/1807 2751/8/1812 499/8/1813 503/4/1808
f 2751/8/1812 2750/4/1807 504/4/1811 500/8/1814
f 2751/8/1812 2752/7/1815 501/7/1816 499/8/1813
f 2752/7/1815 2751/8/1812 500/8/1814 502/7/1817
f 2752/7/1815 2749/1/1806 497/1/1809 501/7/1816
f 2749/1/1806 2752/7/1815 502/7/1817 498/1/1810
f 2753/29/1818 2754/30/1819 1279/30/1820 1273/29/1821
f 2754/30/1819 2753/29/1818 1274/29/1822 1280/30/1823
f 2754/30/1819 2755/22/1824 1275/22/1825 1279/30/1820
f 2755/22/1824 2754/30/1819 1280/30/1823 1276/22/1826
f 2755/22/1824 2756/31/1827 1277/31/1828 1275/22/1825
f 2756/31/1827 2755/22/1824 1276/22/1826 1278/31/1829
f 2756/31/1827 2753/29/1818 1273/29/1821 1277/31/1828
f 2753/29/1818 2756/31/1827 1278/31/1829 1274/29/1822
f 2757/24/1830 2758/24/1831 1313/24/1832 1305/24/1833
f 2758/24/1831 2757/24/1830 1306/24/1834 1314/24/1835
f 2758/24/1831 2759/19/1836 1307/19/1837 1313/24/1832
f 2759/19/1836 2758/24/1831 1314/24/1835 1308/19/1838
f 2759/19/1836 2760/19/1839 1309/19/1840 1307/19/1837
f 2760/19/1839 2759/19/1836 1308/19/1838 1310/19/1841
f 2760/19/1839 2757/24/1830 1305/24/1833 1309/19/1840
f 2757/24/1830 2760/19/1839 1310/19/1841 1306/24/1834
f 2761/16/1842 2762/16/1843 301/16/330 299/16/323
f 2762/16/1843 2761/16/1842 300/16/324 302/16/331
f 2762/16/1843 2763/19/1844 289/19/1780 301/16/330
f 2763/19/1844 2762/16/1843 302/16/331 290/19/1781
f 2763/19/1844 2764/19/1845 297/19/1775 289/19/1780
f 2764/19/1845 2763/19/1844 290/19/1781 298/19/1778
f 2764/19/1845 2761/16/1842 299/16/323 297/19/1775
f 2761/16/1842 2764/19/1845 298/19/1778 300/16/324
f 2765/6/1846 2766/6/1847 311/6/606 313/6/609
f 2766/6/1847 2765/6/1846 314/6/610 312/6/607
f 2766/6/1847 2767/18/1848 309/18/548 311/6/606
f 2767/18/1848 2766/6/1847 312/6/607 310/18/551
f 2767/18/1848 2768/18/1849 307/18/549 309/18/548
f 2768/18/1849 2767/18/1848 310/18/551 308/18/550
f 2768/18/1849 2765/6/1846 313/6/609 307/18/549
f 2765/6/1846 2768/18/1849 308/18/550 314/6/610
f 2769/5/1850 2770/5/1851 1337/5/1852 1339/5/1853
f 2770/5/1851 2769/5/1850 1340/5/1854 1338/5/1855
f 2770/5/1851 2771/6/1856 1335/6/1857 1337/5/1852
f 2771/6/1856 2770/5/1851 1338/5/1855 1336/6/1858
f 2771/6/1856 2772/6/1859 1333/6/1860 1335/6/1857
f 2772/6/1859 2771/6/1856 1336/6/1858 1334/6/1861
f 2772/6/1859 2769/5/1850 1339/5/1853 1333/6/1860
f 2769/5/1850 2772/6/1859 1334/6/1861 1340/5/1854
f 2773/3/555 2774/2/554 369/2/1862 363/3/1863
f 2774/2/554 2773/3/555 364/3/556 370/2/557
f 2774/2/554 2775/1/563 365/1/1864 369/2/1862
f 2775/1/563 2774/2/554 370/2/557 366/1/564
f 2775/1/563 2776/4/560 367/4/1865 365/1/1864
f 2776/4/560 2775/1/563 366/1/564 368/4/561
f 2776/4/560 2773/3/555 363/3/1863 367/4/1865
f 2773/3/555 2776/4/560 368/4/561 364/3/556
f 2777/5/1866 2778/5/1867 149/5/1868 147/5/1869
f 2778/5/1867 2777/5/1866 148/5/1870 150/5/1871
f 2778/5/1867 2779/6/1872 143/6/144 149/5/1868
f 2779/6/1872 2778/5/1867 150/5/1871 144/6/147
f 2779/6/1872 2780/6/1873 145/6/145 143/6/144
f 2780/6/1873 2779/6/1872 144/6/147 146/6/146
f 2780/6/1873 2777/5/1866 147/5/1869 145/6/145
f 2777/5/1866 2780/6/1873 146/6/146 148/5/1870
f 2781/19/1874 2782/16/1875 1315/16/596 1307/19/1837
f 2782/16/1875 2781/19/1874 1308/19/1838 1316/16/597
f 2782/16/1875 2783/16/1876 1311/16/593 1315/16/596
f 2783/16/1876 2782/16/1875 1316/16/597 1312/16/594
f 2783/16/1876 2784/19/1877 1309/19/1840 1311/16/593
f 2784/19/1877 2783/16/1876 1312/16/594 1310/19/1841
f 2784/19/1877 2781/19/1874 1307/19/1837 1309/19/1840
f 2781/19/1874 2784/19/1877 1310/19/1841 1308/19/1838
f 2785/29/1878 2786/9/1879 1363/9/1880 1357/29/1881
f 2786/9/1879 2785/29/1878 1358/29/1881 1364/9/1880
f 2786/9/1879 2787/10/1882 1359/10/1883 1363/9/1880
f 2787/10/1882 2786/9/1879 1364/9/1880 1360/10/1883
f 2787/10/1882 2788/30/1884 1361/30/1885 1359/10/1883
f 2788/30/1884 2787/10/1882 1360/10/1883 1362/30/1885
f 2788/30/1884 2785/29/1878 1357/29/1881 1361/30/1885
f 2785/29/1878 2788/30/1884 1362/30/1885 1358/29/1881
f 2789/18/1886 2790/18/1887 1329/18/1888 1331/18/1889
f 2790/18/1887 2789/18/1886 1332/18/1890 1330/18/1891
f 2790/18/1887 2791/17/1892 1327/17/588 1329/18/1888
f 2791/17/1892 2790/18/1887 1330/18/1891 1328/17/591
f 2791/17/1892 2792/17/1893 1319/17/589 1327/17/588
f 2792/17/1893 2791/17/1892 1328/17/591 1320/17/590
f 2792/17/1893 2789/18/1886 1331/18/1889 1319/17/589
f 2789/18/1886 2792/17/1893 1320/17/590 1332/18/1890
f 2793/6/1894 2794/6/1895 1335/6/1857 1333/6/1860
f 2794/6/1895 2793/6/1894 1334/6/1861 1336/6/1858
f 2794/6/1895 2795/18/1896 1329/18/1888 1335/6/1857
f 2795/18/1896 2794/6/1895 1336/6/1858 1330/18/1891
f 2795/18/1896 2796/18/1897 1331/18/1889 1329/18/1888
f 2796/18/1897 2795/18/1896 1330/18/1891 1332/18/1890
f 2796/18/1897 2793/6/1894 1333/6/1860 1331/18/1889
f 2793/6/1894 2796/18/1897 1332/18/1890 1334/6/1861
f 2797/19/1898 2798/19/1899 1379/19/191 1377/19/184
f 2798/19/1899 2797/19/1898 1378/19/185 1380/19/192
f 2798/19/1899 2799/24/1900 1367/24/1097 1379/19/191
f 2799/24/1900 2798/19/1899 1380/19/192 1368/24/1098
f 2799/24/1900 2800/24/1901 1375/24/1094 1367/24/1097
f 2800/24/1901 2799/24/1900 1368/24/1098 1376/24/1095
f 2800/24/1901 2797/19/1898 1377/19/184 1375/24/1094
f 2797/19/1898 2800/24/1901 1376/24/1095 1378/19/185
f 2801/30/22 2802/29/21 1345/29/1902 1347/30/1903
f 2802/29/21 2801/30/22 1348/30/1904 1346/29/1905
f 2802/29/21 2803/9/30 1341/9/1906 1345/29/1902
f 2803/9/30 2802/29/21 1346/29/1905 1342/9/1907
f 2803/9/30 2804/10/27 1343/10/1908 1341/9/1906
f 2804/10/27 2803/9/30 1342/9/1907 1344/10/1909
f 2804/10/27 2801/30/22 1347/30/1903 1343/10/1908
f 2801/30/22 2804/10/27 1344/10/1909 1348/30/1904
f 2805/6/1910 2806/6/1911 657/6/1912 661/6/1913
f 2806/6/1911 2805/6/1910 662/6/1914 658/6/1915
f 2806/6/1911 2807/18/1916 653/18/666 657/6/1912
f 2807/18/1916 2806/6/1911 658/6/1915 654/18/669
f 2807/18/1916 2808/18/1917 645/18/667 653/18/666
f 2808/18/1917 2807/18/1916 654/18/669 646/18/668
f 2808/18/1917 2805/6/1910 661/6/1913 645/18/667
f 2805/6/1910 2808/18/1917 646/18/668 662/6/1914
f 2809/43/1918 2810/14/1919 1567/14/1920 1565/43/1921
f 2810/14/1919 2809/43/1918 1566/43/1922 1568/14/1923
f 2810/14/1919 2811/14/1924 1561/14/1925 1567/14/1920
f 2811/14/1924 2810/14/1919 1568/14/1923 1562/14/1926
f 2811/14/1924 2812/43/1927 1563/43/1928 1561/14/1925
f 2812/43/1927 2811/14/1924 1562/14/1926 1564/43/1929
f 2812/43/1927 2809/43/1918 1565/43/1921 1563/43/1928
f 2809/43/1918 2812/43/1927 1564/43/1929 1566/43/1922
f 2813/6/1930 2814/6/1931 333/6/16 337/6/19
f 2814/6/1931 2813/6/1930 338/6/20 334/6/17
f 2814/6/1931 2815/18/1932 331/18/1134 333/6/16
f 2815/18/1932 2814/6/1931 334/6/17 332/18/1135
f 2815/18/1932 2816/18/1933 329/18/1131 331/18/1134
f 2816/18/1933 2815/18/1932 332/18/1135 330/18/1132
f 2816/18/1933 2813/6/1930 337/6/19 329/18/1131
f 2813/6/1930 2816/18/1933 330/18/1132 338/6/20
f 2817/17/1934 2818/17/1935 1387/17/1936 1385/17/1937
f 2818/17/1935 2817/17/1934 1386/17/1938 1388/17/1939
f 2818/17/1935 2819/16/1940 1381/16/188 1387/17/1936
f 2819/16/1940 2818/17/1935 1388/17/1939 1382/16/189
f 2819/16/1940 2820/16/1941 1383/16/183 1381/16/188
f 2820/16/1941 2819/16/1940 1382/16/189 1384/16/186
f 2820/16/1941 2817/17/1934 1385/17/1937 1383/16/183
f 2817/17/1934 2820/16/1941 1384/16/186 1386/17/1938
f 2821/5/1942 2822/5/1943 1439/5/1944 1433/5/1945
f 2822/5/1943 2821/5/1942 1434/5/1946 1440/5/1947
f 2822/5/1943 2823/15/1948 1435/15/1949 1439/5/1944
f 2823/15/1948 2822/5/1943 1440/5/1947 1436/15/1950
f 2823/15/1948 2824/15/1951 1437/15/1952 1435/15/1949
f 2824/15/1951 2823/15/1948 1436/15/1950 1438/15/1953
f 2824/15/1951 2821/5/1942 1433/5/1945 1437/15/1952
f 2821/5/1942 2824/15/1951 1438/15/1953 1434/5/1946
f 2825/6/1954 2826/6/1955 1395/6/1956 1393/6/1957
f 2826/6/1955 2825/6/1954 1394/6/1958 1396/6/1959
f 2826/6/1955 2827/18/1960 1389/18/1961 1395/6/1956
f 2827/18/1960 2826/6/1955 1396/6/1959 1390/18/1962
f 2827/18/1960 2828/18/1963 1391/18/1964 1389/18/1961
f 2828/18/1963 2827/18/1960 1390/18/1962 1392/18/1965
f 2828/18/1963 2825/6/1954 1393/6/1957 1391/18/1964
f 2825/6/1954 2828/18/1963 1392/18/1965 1394/6/1958
f 2829/5/1966 2830/5/1967 1397/5/1968 1399/5/1969
f 2830/5/1967 2829/5/1966 1400/5/1970 1398/5/1971
f 2830/5/1967 2831/6/1972 1395/6/1956 1397/5/1968
f 2831/6/1972 2830/5/1967 1398/5/1971 1396/6/1959
f 2831/6/1972 2832/6/1973 1393/6/1957 1395/6/1956
f 2832/6/1973 2831/6/1972 1396/6/1959 1394/6/1958
f 2832/6/1973 2829/5/1966 1399/5/1969 1393/6/1957
f 2829/5/1966 2832/6/1973 1394/6/1958 1400/5/1970
f 2833/19/1974 2834/24/1975 671/24/1976 659/19/1171
f 2834/24/1975 2833/19/1974 660/19/1172 672/24/1977
f 2834/24/1975 2835/24/1978 669/24/1979 671/24/1976
f 2835/24/1978 2834/24/1975 672/24/1977 670/24/1980
f 2835/24/1978 2836/19/1981 667/19/1170 669/24/1979
f 2836/19/1981 2835/24/1978 670/24/1980 668/19/1173
f 2836/19/1981 2833/19/1974 659/19/1171 667/19/1170
f 2833/19/1974 2836/19/1981 668/19/1173 660/19/1172
f 2837/24/1982 2838/13/1983 1321/13/496 1305/24/1833
f 2838/13/1983 2837/24/1982 1306/24/1834 1322/13/497
f 2838/13/1983 2839/13/1984 1317/13/493 1321/13/496
f 2839/13/1984 2838/13/1983 1322/13/497 1318/13/494
f 2839/13/1984 2840/24/1985 1313/24/1832 1317/13/493
f 2840/24/1985 2839/13/1984 1318/13/494 1314/24/1835
f 2840/24/1985 2837/24/1982 1305/24/1833 1313/24/1832
f 2837/24/1982 2840/24/1985 1314/24/1835 1306/24/1834
f 2841/68/1986 2842/69/1987 1413/69/1988 1411/68/1989
f 2842/69/1987 2841/68/1986 1412/68/1990 1414/69/1991
f 2842/69/1987 2843/70/1992 1409/70/1993 1413/69/1988
f 2843/70/1992 2842/69/1987 1414/69/1991 1410/70/1994
f 2843/70/1992 2844/10/1995 1415/10/1996 1409/70/1993
f 2844/10/1995 2843/70/1992 1410/70/1994 1416/10/1997
f 2844/10/1995 2845/30/1998 1417/30/1999 1415/10/1996
f 2845/30/1998 2844/10/1995 1416/10/1997 1418/30/2000
f 2845/30/1998 2846/71/2001 1421/71/2002 1417/30/1999
f 2846/71/2001 2845/30/1998 1418/30/2000 1422/71/2003
f 2846/71/2001 2847/72/2004 1423/72/2005 1421/71/2002
f 2847/72/2004 2846/71/2001 1422/71/2003 1424/72/2006
f 2847/72/2004 2848/73/2007 1419/73/2008 1423/72/2005
f 2848/73/2007 2847/72/2004 1424/72/2006 1420/73/2009
f 2848/73/2007 2841/68/1986 1411/68/1989 1419/73/2008
f 2841/68/1986 2848/73/2007 1420/73/2009 1412/68/1990
f 2849/18/2010 2850/18/2011 1389/18/1961 1391/18/1964
f 2850/18/2011 2849/18/2010 1392/18/1965 1390/18/1962
f 2850/18/2011 2851/17/2012 1387/17/1936 1389/18/1961
f 2851/17/2012 2850/18/2011 1390/18/1962 1388/17/1939
f 2851/17/2012 2852/17/2013 1385/17/1937 1387/17/1936
f 2852/17/2013 2851/17/2012 1388/17/1939 1386/17/1938
f 2852/17/2013 2849/18/2010 1391/18/1964 1385/17/1937
f 2849/18/2010 2852/17/2013 1386/17/1938 1392/18/1965
f 2853/29/2014 2854/9/2015 1431/9/2016 1425/29/2017
f 2854/9/2015 2853/29/2014 1426/29/2017 1432/9/2016
f 2854/9/2015 2855/10/2018 1427/10/2019 1431/9/2016
f 2855/10/2018 2854/9/2015 1432/9/2016 1428/10/2019
f 2855/10/2018 2856/30/2020 1429/30/2021 1427/10/2019
f 2856/30/2020 2855/10/2018 1428/10/2019 1430/30/2021
f 2856/30/2020 2853/29/2014 1425/29/2017 1429/30/2021
f 2853/29/2014 2856/30/2020 1430/30/2021 1426/29/2017
f 2857/5/2022 2858/5/2023 665/5/2024 663/5/2025
f 2858/5/2023 2857/5/2022 664/5/2026 666/5/2027
f 2858/5/2023 2859/6/2028 657/6/1912 665/5/2024
f 2859/6/2028 2858/5/2023 666/5/2027 658/6/1915
f 2859/6/2028 2860/6/2029 661/6/1913 657/6/1912
f 2860/6/2029 2859/6/2028 658/6/1915 662/6/1914
f 2860/6/2029 2857/5/2022 663/5/2025 661/6/1913
f 2857/5/2022 2860/6/2029 662/6/1914 664/5/2026
f 2861/13/2030 2862/13/2031 675/13/1146 673/13/1139
f 2862/13/2031 2861/13/2030 674/13/1140 676/13/1147
f 2862/13/2031 2863/24/2032 669/24/1979 675/13/1146
f 2863/24/2032 2862/13/2031 676/13/1147 670/24/1980
f 2863/24/2032 2864/24/2033 671/24/1976 669/24/1979
f 2864/24/2033 2863/24/2032 670/24/1980 672/24/1977
f 2864/24/2033 2861/13/2030 673/13/1139 671/24/1976
f 2861/13/2030 2864/24/2033 672/24/1977 674/13/1140
f 2865/22/308 2866/30/303 695/30/307 689/22/310
f 2866/30/303 2865/22/308 690/22/1785 696/30/304
f 2866/30/303 2867/29/302 691/29/306 695/30/307
f 2867/29/302 2866/30/303 696/30/304 692/29/305
f 2867/29/302 2868/31/311 693/31/313 691/29/306
f 2868/31/311 2867/29/302 692/29/305 694/31/312
f 2868/31/311 2865/22/308 689/22/310 693/31/313
f 2865/22/308 2868/31/311 694/31/312 690/22/1785
f 2869/43/2034 2870/43/2035 1445/43/2036 1441/43/2037
f 2870/43/2035 2869/43/2034 1442/43/2038 1446/43/2039
f 2870/43/2035 2871/43/2040 1449/43/2041 1445/43/2036
f 2871/43/2040 2870/43/2035 1446/43/2039 1450/43/2042
f 2871/43/2040 2869/43/2034 1441/43/2037 1449/43/2041
f 2869/43/2034 2871/43/2040 1450/43/2042 1442/43/2038
f 2872/43/2043 2873/43/2044 1451/43/2045 1449/43/2041
f 2873/43/2044 2872/43/2043 1450/43/2042 1452/43/2046
f 2873/43/2044 2874/43/2047 1441/43/2037 1451/43/2045
f 2874/43/2047 2873/43/2044 1452/43/2046 1442/43/2038
f 2874/43/2047 2872/43/2043 1449/43/2041 1441/43/2037
f 2872/43/2043 2874/43/2047 1442/43/2038 1450/43/2042
f 2875/43/2048 2876/43/2049 1449/43/2041 1453/43/2050
f 2876/43/2049 2875/43/2048 1454/43/2051 1450/43/2042
f 2876/43/2049 2877/43/2052 1445/43/2036 1449/43/2041
f 2877/43/2052 2876/43/2049 1450/43/2042 1446/43/2039
f 2877/43/2052 2875/43/2048 1453/43/2050 1445/43/2036
f 2875/43/2048 2877/43/2052 1446/43/2039 1454/43/2051
f 2878/43/2053 2879/43/2054 1453/43/2050 1449/43/2041
f 2879/43/2054 2878/43/2053 1450/43/2042 1454/43/2051
f 2879/43/2054 2880/43/2055 1455/43/2056 1453/43/2050
f 2880/43/2055 2879/43/2054 1454/43/2051 1456/43/2057
f 2880/43/2055 2878/43/2053 1449/43/2041 1455/43/2056
f 2878/43/2053 2880/43/2055 1456/43/2057 1450/43/2042
f 2881/43/2058 2882/43/2059 1483/43/2060 1485/43/2061
f 2882/43/2059 2881/43/2058 1486/43/2062 1484/43/2063
f 2882/43/2059 2883/43/2064 1489/43/2065 1483/43/2060
f 2883/43/2064 2882/43/2059 1484/43/2063 1490/43/2066
f 2883/43/2064 2884/43/2067 1491/43/1068 1489/43/2065
f 2884/43/2067 2883/43/2064 1490/43/2066 1492/43/1069
f 2884/43/2067 2885/43/2068 1493/43/1065 1491/43/1068
f 2885/43/2068 2884/43/2067 1492/43/1069 1494/43/1066
f 2885/43/2068 2881/43/2058 1485/43/2061 1493/43/1065
f 2881/43/2058 2885/43/2068 1494/43/1066 1486/43/2062
f 2886/43/2069 2887/43/2070 1485/43/2061 1483/43/2060
f 2887/43/2070 2886/43/2069 1484/43/2063 1486/43/2062
f 2887/43/2070 2888/43/2071 1479/43/2072 1485/43/2061
f 2888/43/2071 2887/43/2070 1486/43/2062 1480/43/2073
f 2888/43/2071 2889/43/2074 1487/43/2075 1479/43/2072
f 2889/43/2074 2888/43/2071 1480/43/2073 1488/43/2076
f 2889/43/2074 2890/43/2077 1503/43/2078 1487/43/2075
f 2890/43/2077 2889/43/2074 1488/43/2076 1504/43/2079
f 2890/43/2077 2891/43/2080 1481/43/2081 1503/43/2078
f 2891/43/2080 2890/43/2077 1504/43/2079 1482/43/2082
f 2891/43/2080 2892/43/2083 1477/43/2084 1481/43/2081
f 2892/43/2083 2891/43/2080 1482/43/2082 1478/43/2085
f 2892/43/2083 2886/43/2069 1483/43/2060 1477/43/2084
f 2886/43/2069 2892/43/2083 1478/43/2085 1484/43/2063
f 2893/43/2086 2894/43/2087 1459/43/2088 1461/43/2089
f 2894/43/2087 2893/43/2086 1462/43/2090 1460/43/2091
f 2894/43/2087 2895/43/2092 1457/43/2093 1459/43/2088
f 2895/43/2092 2894/43/2087 1460/43/2091 1458/43/2094
f 2895/43/2092 2896/43/2095 1443/43/2096 1457/43/2093
f 2896/43/2095 2895/43/2092 1458/43/2094 1444/43/2097
f 2896/43/2095 2897/43/2098 1445/43/2036 1443/43/2096
f 2897/43/2098 2896/43/2095 1444/43/2097 1446/43/2039
f 2897/43/2098 2898/43/2099 1441/43/2037 1445/43/2036
f 2898/43/2099 2897/43/2098 1446/43/2039 1442/43/2038
f 2898/43/2099 2899/43/2100 1447/43/2101 1441/43/2037
f 2899/43/2100 2898/43/2099 1442/43/2038 1448/43/2102
f 2899/43/2100 2893/43/2086 1461/43/2089 1447/43/2101
f 2893/43/2086 2899/43/2100 1448/43/2102 1462/43/2090
f 2900/43/2103 2901/43/2104 1501/43/2105 1499/43/2106
f 2901/43/2104 2900/43/2103 1500/43/2107 1502/43/2108
f 2901/43/2104 2902/43/2109 1497/43/1060 1501/43/2105
f 2902/43/2109 2901/43/2104 1502/43/2108 1498/43/1063
f 2902/43/2109 2903/43/2110 1495/43/1061 1497/43/1060
f 2903/43/2110 2902/43/2109 1498/43/1063 1496/43/1062
f 2903/43/2110 2900/43/2103 1499/43/2106 1495/43/1061
f 2900/43/2103 2903/43/2110 1496/43/1062 1500/43/2107
f 2904/43/2111 2905/43/2112 1459/43/2088 1463/43/2113
f 2905/43/2112 2904/43/2111 1464/43/2114 1460/43/2091
f 2905/43/2112 2906/43/2115 1461/43/2089 1459/43/2088
f 2906/43/2115 2905/43/2112 1460/43/2091 1462/43/2090
f 2906/43/2115 2907/43/2116 1467/43/2117 1461/43/2089
f 2907/43/2116 2906/43/2115 1462/43/2090 1468/43/2118
f 2907/43/2116 2908/43/2119 1465/43/2120 1467/43/2117
f 2908/43/2119 2907/43/2116 1468/43/2118 1466/43/2121
f 2908/43/2119 2904/43/2111 1463/43/2113 1465/43/2120
f 2904/43/2111 2908/43/2119 1466/43/2121 1464/43/2114
f 2909/5/2122 2910/5/2123 207/5/2124 203/5/375
f 2910/5/2123 2909/5/2122 204/5/378 208/5/2125
f 2910/5/2123 2911/15/2126 205/15/2127 207/5/2124
f 2911/15/2126 2910/5/2123 208/5/2125 206/15/2128
f 2911/15/2126 2912/15/2129 201/15/380 205/15/2127
f 2912/15/2129 2911/15/2126 206/15/2128 202/15/381
f 2912/15/2129 2909/5/2122 203/5/375 201/15/380
f 2909/5/2122 2912/15/2129 202/15/381 204/5/378
f 2913/43/2130 2914/43/2131 1469/43/2132 1471/43/2133
f 2914/43/2131 2913/43/2130 1472/43/2134 1470/43/2135
f 2914/43/2131 2915/43/2136 1465/43/2120 1469/43/2132
f 2915/43/2136 2914/43/2131 1470/43/2135 1466/43/2121
f 2915/43/2136 2916/43/2137 1467/43/2117 1465/43/2120
f 2916/43/2137 2915/43/2136 1466/43/2121 1468/43/2118
f 2916/43/2137 2913/43/2130 1471/43/2133 1467/43/2117
f 2913/43/2130 2916/43/2137 1468/43/2118 1472/43/2134
f 2917/43/2138 2918/43/2139 1475/43/2140 1471/43/2133
f 2918/43/2139 2917/43/2138 1472/43/2134 1476/43/2141
f 2918/43/2139 2919/43/2142 1473/43/2143 1475/43/2140
f 2919/43/2142 2918/43/2139 1476/43/2141 1474/43/2144
f 2919/43/2142 2920/43/2145 1469/43/2132 1473/43/2143
f 2920/43/2145 2919/43/2142 1474/43/2144 1470/43/2135
f 2920/43/2145 2917/43/2138 1471/43/2133 1469/43/2132
f 2917/43/2138 2920/43/2145 1470/43/2135 1472/43/2134
f 2921/43/2146 2922/43/2147 1487/43/2075 1503/43/2078
f 2922/43/2147 2921/43/2146 1504/43/2079 1488/43/2076
f 2922/43/2147 2923/43/2148 1505/43/2149 1487/43/2075
f 2923/43/2148 2922/43/2147 1488/43/2076 1506/43/2150
f 2923/43/2148 2921/43/2146 1503/43/2078 1505/43/2149
f 2921/43/2146 2923/43/2148 1506/43/2150 1504/43/2079
f 2924/43/2151 2925/43/2152 1487/43/2075 1505/43/2149
f 2925/43/2152 2924/43/2151 1506/43/2150 1488/43/2076
f 2925/43/2152 2926/43/2153 1507/43/2154 1487/43/2075
f 2926/43/2153 2925/43/2152 1488/43/2076 1508/43/2155
f 2926/43/2153 2924/43/2151 1505/43/2149 1507/43/2154
f 2924/43/2151 2926/43/2153 1508/43/2155 1506/43/2150
f 2927/43/2156 2928/43/2157 1505/43/2149 1503/43/2078
f 2928/43/2157 2927/43/2156 1504/43/2079 1506/43/2150
f 2928/43/2157 2929/43/2158 1509/43/2159 1505/43/2149
f 2929/43/2158 2928/43/2157 1506/43/2150 1510/43/2160
f 2929/43/2158 2927/43/2156 1503/43/2078 1509/43/2159
f 2927/43/2156 2929/43/2158 1510/43/2160 1504/43/2079
f 2930/43/2161 2931/43/2162 1505/43/2149 1509/43/2159
f 2931/43/2162 2930/43/2161 1510/43/2160 1506/43/2150
f 2931/43/2162 2932/43/2163 1511/43/2164 1505/43/2149
f 2932/43/2163 2931/43/2162 1506/43/2150 1512/43/2165
f 2932/43/2163 2930/43/2161 1509/43/2159 1511/43/2164
f 2930/43/2161 2932/43/2163 1512/43/2165 1510/43/2160
f 2933/22/2166 2934/29/2167 1515/29/2168 1513/22/2169
f 2934/29/2167 2933/22/2166 1514/22/2170 1516/29/2171
f 2934/29/2167 2935/30/2172 1517/30/2173 1515/29/2168
f 2935/30/2172 2934/29/2167 1516/29/2171 1518/30/2174
f 2935/30/2172 2933/22/2166 1513/22/2169 1517/30/2173
f 2933/22/2166 2935/30/2172 1518/30/2174 1514/22/2170
f 2936/29/2175 2937/22/2176 1513/22/2169 1515/29/2168
f 2937/22/2176 2936/29/2175 1516/29/2171 1514/22/2170
f 2937/22/2176 2938/31/2177 1519/31/2178 1513/22/2169
f 2938/31/2177 2937/22/2176 1514/22/2170 1520/31/2179
f 2938/31/2177 2936/29/2175 1515/29/2168 1519/31/2178
f 2936/29/2175 2938/31/2177 1520/31/2179 1516/29/2171
f 2939/11/2180 2940/9/2181 1523/9/2182 1521/11/2183
f 2940/9/2181 2939/11/2180 1522/11/2184 1524/9/2185
f 2940/9/2181 2941/12/2186 1525/12/2187 1523/9/2182
f 2941/12/2186 2940/9/2181 1524/9/2185 1526/12/2188
f 2941/12/2186 2939/11/2180 1521/11/2183 1525/12/2187
f 2939/11/2180 2941/12/2186 1526/12/2188 1522/11/2184
f 2942/9/2189 2943/11/2190 1521/11/2183 1523/9/2182
f 2943/11/2190 2942/9/2189 1524/9/2185 1522/11/2184
f 2943/11/2190 2944/10/2191 1527/10/2192 1521/11/2183
f 2944/10/2191 2943/11/2190 1522/11/2184 1528/10/2193
f 2944/10/2191 2942/9/2189 1523/9/2182 1527/10/2192
f 2942/9/2189 2944/10/2191 1528/10/2193 1524/9/2185
f 2945/29/635 2946/31/644 1559/31/2194 1553/29/651
f 2946/31/644 2945/29/635 1554/29/638 1560/31/645
f 2946/31/644 2947/22/641 1555/22/643 1559/31/2194
f 2947/22/641 2946/31/644 1560/31/645 1556/22/1725
f 2947/22/641 2948/30/636 1557/30/640 1555/22/643
f 2948/30/636 2947/22/641 1556/22/1725 1558/30/637
f 2948/30/636 2945/29/635 1553/29/651 1557/30/640
f 2945/29/635 2948/30/636 1558/30/637 1554/29/638
f 2949/4/2195 2950/1/2196 375/1/2197 377/4/2198
f 2950/1/2196 2949/4/2195 378/4/2199 376/1/2200
f 2950/1/2196 2951/2/2201 371/2/2202 375/1/2197
f 2951/2/2201 2950/1/2196 376/1/2200 372/2/2203
f 2951/2/2201 2952/3/2204 373/3/2205 371/2/2202
f 2952/3/2204 2951/2/2201 372/2/2203 374/3/2206
f 2952/3/2204 2949/4/2195 377/4/2198 373/3/2205
f 2949/4/2195 2952/3/2204 374/3/2206 378/4/2199
f 2953/22/2207 2954/30/2208 1597/30/2209 1593/22/2210
f 2954/30/2208 2953/22/2207 1594/22/2211 1598/30/2212
f 2954/30/2208 2955/29/2213 1595/29/2214 1597/30/2209
f 2955/29/2213 2954/30/2208 1598/30/2212 1596/29/2215
f 2955/29/2213 2956/31/2216 1585/31/2217 1595/29/2214
f 2956/31/2216 2955/29/2213 1596/29/2215 1586/31/2218
f 2956/31/2216 2953/22/2207 1593/22/2210 1585/31/2217
f 2953/22/2207 2956/31/2216 1586/31/2218 1594/22/2211
f 2957/3/555 2958/2/554 113/2/558 111/3/559
f 2958/2/554 2957/3/555 112/3/556 114/2/557
f 2958/2/554 2959/1/563 107/1/565 113/2/558
f 2959/1/563 2958/2/554 114/2/557 108/1/564
f 2959/1/563 2960/4/560 109/4/562 107/1/565
f 2960/4/560 2959/1/563 108/1/564 110/4/561
f 2960/4/560 2957/3/555 111/3/559 109/4/562
f 2957/3/555 2960/4/560 110/4/561 112/3/556
f 2961/11/2219 2962/9/2220 1571/9/2221 1569/11/2222
f 2962/9/2220 2961/11/2219 1570/11/2223 1572/9/2224
f 2962/9/2220 2963/12/2225 1573/12/2226 1571/9/2221
f 2963/12/2225 2962/9/2220 1572/9/2224 1574/12/2227
f 2963/12/2225 2961/11/2219 1569/11/2222 1573/12/2226
f 2961/11/2219 2963/12/2225 1574/12/2227 1570/11/2223
f 2964/9/2228 2965/11/2229 1569/11/2222 1571/9/2221
f 2965/11/2229 2964/9/2228 1572/9/2224 1570/11/2223
f 2965/11/2229 2966/10/2230 1575/10/2231 1569/11/2222
f 2966/10/2230 2965/11/2229 1570/11/2223 1576/10/2232
f 2966/10/2230 2964/9/2228 1571/9/2221 1575/10/2231
f 2964/9/2228 2966/10/2230 1576/10/2232 1572/9/2224
f 2967/22/2233 2968/29/2234 1579/29/2235 1577/22/2236
f 2968/29/2234 2967/22/2233 1578/22/2237 1580/29/2238
f 2968/29/2234 2969/30/2239 1581/30/2240 1579/29/2235
f 2969/30/2239 2968/29/2234 1580/29/2238 1582/30/2241
f 2969/30/2239 2967/22/2233 1577/22/2236 1581/30/2240
f 2967/22/2233 2969/30/2239 1582/30/2241 1578/22/2237
f 2970/29/2242 2971/22/2243 1577/22/2236 1579/29/2235
f 2971/22/2243 2970/29/2242 1580/29/2238 1578/22/2237
f 2971/22/2243 2972/31/2244 1583/31/2245 1577/22/2236
f 2972/31/2244 2971/22/2243 1578/22/2237 1584/31/2246
f 2972/31/2244 2970/29/2242 1579/29/2235 1583/31/2245
f 2970/29/2242 2972/31/2244 1584/31/2246 1580/29/2238
f 2973/11/2247 2974/12/2248 389/12/2249 1607/11/2250
f 2974/12/2248 2973/11/2247 1608/11/2251 390/12/2252
f 2974/12/2248 2975/9/2253 1603/9/2254 389/12/2249
f 2975/9/2253 2974/12/2248 390/12/2252 1604/9/2255
f 2975/9/2253 2976/10/2256 1605/10/2257 1603/9/2254
f 2976/10/2256 2975/9/2253 1604/9/2255 1606/10/2258
f 2976/10/2256 2973/11/2247 1607/11/2250 1605/10/2257
f 2973/11/2247 2976/10/2256 1606/10/2258 1608/11/2251
f 2977/43/2259 2978/14/2260 169/14/2261 165/43/2262
f 2978/14/2260 2977/43/2259 166/43/2263 170/14/2264
f 2978/14/2260 2979/14/2265 167/14/2266 169/14/2261
f 2979/14/2265 2978/14/2260 170/14/2264 168/14/2267
f 2979/14/2265 2980/43/2268 163/43/2269 167/14/2266
f 2980/43/2268 2979/14/2265 168/14/2267 164/43/2270
f 2980/43/2268 2977/43/2259 165/43/2262 163/43/2269
f 2977/43/2259 2980/43/2268 164/43/2270 166/43/2263
f 2981/5/2271 2982/6/2272 1655/6/698 1653/5/2273
f 2982/6/2272 2981/5/2271 1654/5/2274 1656/6/699
f 2982/6/2272 2983/6/2275 1649/6/695 1655/6/698
f 2983/6/2275 2982/6/2272 1656/6/699 1650/6/696
f 2983/6/2275 2984/5/2276 1651/5/2277 1649/6/695
f 2984/5/2276 2983/6/2275 1650/6/696 1652/5/2278
f 2984/5/2276 2981/5/2271 1653/5/2273 1651/5/2277
f 2981/5/2271 2984/5/2276 1652/5/2278 1654/5/2274
f 2985/19/2279 2986/19/2280 349/19/1202 347/19/1195
f 2986/19/2280 2985/19/2279 348/19/1196 350/19/1203
f 2986/19/2280 2987/16/2281 343/16/1182 349/19/1202
f 2987/16/2281 2986/19/2280 350/19/1203 344/16/1185
f 2987/16/2281 2988/16/2282 345/16/1183 343/16/1182
f 2988/16/2282 2987/16/2281 344/16/1185 346/16/1184
f 2988/16/2282 2985/19/2279 347/19/1195 345/16/1183
f 2985/19/2279 2988/16/2282 346/16/1184 348/19/1196
f 2989/3/2283 2990/2/290 1623/2/294 1617/3/295
f 2990/2/290 2989/3/2283 1618/3/292 1624/2/293
f 2990/2/290 2991/1/299 1619/1/301 1623/2/294
f 2991/1/299 2990/2/290 1624/2/293 1620/1/300
f 2991/1/299 2992/4/2284 1621/4/298 1619/1/301
f 2992/4/2284 2991/1/299 1620/1/300 1622/4/297
f 2992/4/2284 2989/3/2283 1617/3/295 1621/4/298
f 2989/3/2283 2992/4/2284 1622/4/297 1618/3/292
f 2993/18/2285 2994/17/2286 1663/17/396 1657/18/691
f 2994/17/2286 2993/18/2285 1658/18/692 1664/17/397
f 2994/17/2286 2995/17/2287 1661/17/393 1663/17/396
f 2995/17/2287 2994/17/2286 1664/17/397 1662/17/394
f 2995/17/2287 2996/18/2288 1659/18/690 1661/17/393
f 2996/18/2288 2995/17/2287 1662/17/394 1660/18/693
f 2996/18/2288 2993/18/2285 1657/18/691 1659/18/690
f 2993/18/2285 2996/18/2288 1660/18/693 1658/18/692
f 2997/10/2289 2998/9/2283 385/9/315 383/10/293
f 2998/9/2283 2997/10/2289 384/10/294 386/9/295
f 2998/9/2283 2999/29/296 379/29/297 385/9/315
f 2999/29/296 2998/9/2283 386/9/295 380/29/298
f 2999/29/296 3000/30/2290 381/30/300 379/29/297
f 3000/30/2290 2999/29/296 380/29/298 382/30/2291
f 3000/30/2290 2997/10/2289 383/10/293 381/30/300
f 2997/10/2289 3000/30/2290 382/30/2291 384/10/294
f 3001/10/554 3002/9/555 1631/9/2292 1629/10/2293
f 3002/9/555 3001/10/554 1630/10/1862 1632/9/2294
f 3002/9/555 3003/29/560 1625/29/2295 1631/9/2292
f 3003/29/560 3002/9/555 1632/9/2294 1626/29/2296
f 3003/29/560 3004/30/563 1627/30/2297 1625/29/2295
f 3004/30/563 3003/29/560 1626/29/2296 1628/30/1864
f 3004/30/563 3001/10/554 1629/10/2293 1627/30/2297
f 3001/10/554 3004/30/563 1628/30/1864 1630/10/1862
f 3005/16/2298 3006/17/2299 821/17/703 825/16/1412
f 3006/17/2299 3005/16/2298 826/16/1413 822/17/704
f 3006/17/2299 3007/17/2300 823/17/710 821/17/703
f 3007/17/2300 3006/17/2299 822/17/704 824/17/711
f 3007/17/2300 3008/16/2301 827/16/1415 823/17/710
f 3008/16/2301 3007/17/2300 824/17/711 828/16/1416
f 3008/16/2301 3005/16/2298 825/16/1412 827/16/1415
f 3005/16/2298 3008/16/2301 828/16/1416 826/16/1413
f 3009/5/2302 3010/5/2303 195/5/2304 191/5/1244
f 3010/5/2303 3009/5/2302 192/5/1245 196/5/2305
f 3010/5/2303 3011/15/2306 193/15/2307 195/5/2304
f 3011/15/2306 3010/5/2303 196/5/2305 194/15/2308
f 3011/15/2306 3012/15/2309 189/15/1247 193/15/2307
f 3012/15/2309 3011/15/2306 194/15/2308 190/15/1248
f 3012/15/2309 3009/5/2302 191/5/1244 189/15/1247
f 3009/5/2302 3012/15/2309 190/15/1248 192/5/1245
f 3013/5/2310 3014/5/2311 183/5/679 181/5/2312
f 3014/5/2311 3013/5/2310 182/5/2313 184/5/680
f 3014/5/2311 3015/15/2314 179/15/686 183/5/679
f 3015/15/2314 3014/5/2311 184/5/680 180/15/687
f 3015/15/2314 3016/15/2315 173/15/2316 179/15/686
f 3016/15/2315 3015/15/2314 180/15/687 174/15/2317
f 3016/15/2315 3013/5/2310 181/5/2312 173/15/2316
f 3013/5/2310 3016/15/2315 174/15/2317 182/5/2313
f 3017/24/2318 3018/24/2319 1675/24/1110 1673/24/1103
f 3018/24/2319 3017/24/2318 1674/24/1104 1676/24/1111
f 3018/24/2319 3019/19/2320 1669/19/1326 1675/24/1110
f 3019/19/2320 3018/24/2319 1676/24/1111 1670/19/1329
f 3019/19/2320 3020/19/2321 1671/19/1327 1669/19/1326
f 3020/19/2321 3019/19/2320 1670/19/1329 1672/19/1328
f 3020/19/2321 3017/24/2318 1673/24/1103 1671/19/1327
f 3017/24/2318 3020/19/2321 1672/19/1328 1674/24/1104
s 0
f 3021/15/2322 3022/15/2323 1687/15/2324 1685/15/2322
f 3022/15/2325 3021/15/2322 1686/15/2326 1688/15/2327
f 3022/15/2328 3023/5/2329 1689/5/2329 1687/15/2330
f 3023/5/2331 3022/15/2332 1688/15/2333 1690/5/2331
f 3023/5/2334 3021/15/2335 1685/15/2336 1689/5/2334
f 3021/15/2334 3023/5/2337 1690/5/2337 1686/15/2335
f 3024/15/2338 3025/15/2339 1691/15/2340 1687/15/2338
f 3025/15/2341 3024/15/2338 1688/15/2342 1692/15/2343
f 3025/15/2344 3026/5/2345 1693/5/2345 1691/15/2346
f 3026/5/2347 3025/15/2348 1692/15/2349 1694/5/2347
f 3026/5/2350 3024/15/2351 1687/15/2352 1693/5/2350
f 3024/15/2353 3026/5/2353 1694/5/2353 1688/15/2351
f 3027/15/2354 3028/15/2355 1695/15/2356 1691/15/2354
f 3028/15/2357 3027/15/2354 1692/15/2358 1696/15/2359
f 3028/15/2360 3029/5/2361 1697/5/2361 1695/15/2362
f 3029/5/2363 3028/15/2364 1696/15/2365 1698/5/2363
f 3029/5/2366 3027/15/2367 1691/15/2368 1697/5/2366
f 3027/15/2366 3029/5/2369 1698/5/2369 1692/15/2367
f 3030/5/2370 3031/15/2371 1695/15/2372 1699/5/2370
f 3031/15/2373 3030/5/2373 1700/5/2373 1696/15/2371
f 3031/15/2374 3032/15/2375 1701/15/2376 1695/15/2374
f 3032/15/2377 3031/15/2374 1696/15/2378 1702/15/2379
f 3032/15/2380 3030/5/2381 1699/5/2381 1701/15/2382
f 3030/5/2383 3032/15/2384 1702/15/2385 1700/5/2383
f 3033/15/2386 3034/5/2387 1703/5/2388 1701/15/2386
f 3034/5/2389 3033/15/2389 1702/15/2389 1704/5/2390
f 3034/5/2391 3035/5/2392 1699/5/2393 1703/5/2394
f 3035/5/2395 3034/5/2396 1704/5/2397 1700/5/2392
f 3035/5/2398 3033/15/2399 1701/15/2399 1699/5/2400
f 3033/15/2401 3035/5/2402 1700/5/2403 1702/15/2401
f 3036/15/2404 3037/15/2405 1705/15/2406 1701/15/2407
f 3037/15/2408 3036/15/2409 1702/15/2410 1706/15/2411
f 3037/15/2412 3038/5/2413 1703/5/2413 1705/15/2414
f 3038/5/2415 3037/15/2416 1706/15/2417 1704/5/2415
f 3038/5/2418 3036/15/2419 1701/15/2420 1703/5/2418
f 3036/15/2389 3038/5/2421 1704/5/2421 1702/15/2419
f 3039/15/2422 3040/15/2423 1707/15/2424 1705/15/2425
f 3040/15/2426 3039/15/2427 1706/15/2428 1708/15/2423
f 3040/15/2429 3041/5/2430 1709/5/2430 1707/15/2431
f 3041/5/2432 3040/15/2433 1708/15/2434 1710/5/2432
f 3041/5/2435 3039/15/2426 1705/15/2436 1709/5/2435
f 3039/15/2437 3041/5/2437 1710/5/2437 1706/15/2438
f 3042/15/2439 3043/5/2440 1711/5/2441 1707/15/2442
f 3043/5/2443 3042/15/2444 1708/15/2445 1712/5/2446
f 3043/5/2447 3044/5/2448 1713/5/2448 1711/5/2449
f 3044/5/2450 3043/5/2451 1712/5/2452 1714/5/2450
f 3044/5/2453 3042/15/2454 1707/15/2455 1713/5/2453
f 3042/15/2453 3044/5/2456 1714/5/2456 1708/15/2457
s 1
f 3045/15/2458 3046/15/2459 1715/15/2460 1707/15/2461
f 3046/15/2459 3045/15/2458 1708/15/2462 1716/15/2463
f 3046/15/2459 3047/5/2464 1711/5/2465 1715/15/2460
f 3047/5/2464 3046/15/2459 1716/15/2463 1712/5/2466
f 3047/5/2464 3045/15/2458 1707/15/2461 1711/5/2465
f 3045/15/2458 3047/5/2464 1712/5/2466 1708/15/2462
f 3048/15/2467 3049/5/2468 97/5/2469 95/15/2470
f 3049/5/2468 3048/15/2467 96/15/2471 98/5/2472
f 3049/5/2468 3050/5/2473 93/5/1322 97/5/2469
f 3050/5/2473 3049/5/2468 98/5/2472 94/5/1323
f 3050/5/2473 3051/15/2474 91/15/1319 93/5/1322
f 3051/15/2474 3050/5/2473 94/5/1323 92/15/1320
f 3051/15/2474 3048/15/2467 95/15/2470 91/15/1319
f 3048/15/2467 3051/15/2474 92/15/1320 96/15/2471
f 3052/9/2475 3053/12/2476 1725/12/2477 1723/9/2478
f 3053/12/2476 3052/9/2475 1724/9/2479 1726/12/2480
f 3053/12/2476 3054/20/2481 1727/20/2482 1725/12/2477
f 3054/20/2481 3053/12/2476 1726/12/2480 1728/20/2483
f 3054/20/2481 3052/9/2475 1723/9/2478 1727/20/2482
f 3052/9/2475 3054/20/2481 1728/20/2483 1724/9/2479
f 3055/9/2484 3056/20/2485 1727/20/2482 1723/9/2478
f 3056/20/2485 3055/9/2484 1724/9/2479 1728/20/2483
f 3056/20/2485 3057/3/2486 1729/3/2487 1727/20/2482
f 3057/3/2486 3056/20/2485 1728/20/2483 1730/3/2488
f 3057/3/2486 3055/9/2484 1723/9/2478 1729/3/2487
f 3055/9/2484 3057/3/2486 1730/3/2488 1724/9/2479
f 3058/29/2489 3059/8/2490 1733/8/2491 1731/29/2492
f 3059/8/2490 3058/29/2489 1732/29/2493 1734/8/2494
f 3059/8/2490 3060/31/2495 1735/31/2496 1733/8/2491
f 3060/31/2495 3059/8/2490 1734/8/2494 1736/31/2497
f 3060/31/2495 3058/29/2489 1731/29/2492 1735/31/2496
f 3058/29/2489 3060/31/2495 1736/31/2497 1732/29/2493
f 3061/8/2498 3062/29/2499 1731/29/2492 1733/8/2491
f 3062/29/2499 3061/8/2498 1734/8/2494 1732/29/2493
f 3062/29/2499 3063/4/2500 1737/4/2501 1731/29/2492
f 3063/4/2500 3062/29/2499 1732/29/2493 1738/4/2502
f 3063/4/2500 3061/8/2498 1733/8/2491 1737/4/2501
f 3061/8/2498 3063/4/2500 1738/4/2502 1734/8/2494
f 3064/42/2503 3065/39/2504 1745/39/2505 1739/42/2506
f 3065/39/2504 3064/42/2503 1740/42/2507 1746/39/2508
f 3065/39/2504 3066/39/2509 1741/39/727 1745/39/2505
f 3066/39/2509 3065/39/2504 1746/39/2508 1742/39/728
f 3066/39/2509 3067/42/2510 1743/42/734 1741/39/727
f 3067/42/2510 3066/39/2509 1742/39/728 1744/42/735
f 3067/42/2510 3064/42/2503 1739/42/2506 1743/42/734
f 3064/42/2503 3067/42/2510 1744/42/735 1740/42/2507
f 3068/24/2511 3069/19/2512 831/19/1407 833/24/2513
f 3069/19/2512 3068/24/2511 834/24/2514 832/19/1410
f 3069/19/2512 3070/19/2515 829/19/1408 831/19/1407
f 3070/19/2515 3069/19/2512 832/19/1410 830/19/1409
f 3070/19/2515 3071/24/2516 835/24/2517 829/19/1408
f 3071/24/2516 3070/19/2515 830/19/1409 836/24/2518
f 3071/24/2516 3068/24/2511 833/24/2513 835/24/2517
f 3068/24/2511 3071/24/2516 836/24/2518 834/24/2514
f 3072/19/2519 3073/19/2520 1825/19/2521 1823/19/2522
f 3073/19/2520 3072/19/2519 1824/19/2523 1826/19/2524
f 3073/19/2520 3074/24/2525 1819/24/2526 1825/19/2521
f 3074/24/2525 3073/19/2520 1826/19/2524 1820/24/2527
f 3074/24/2525 3075/24/2528 1821/24/2529 1819/24/2526
f 3075/24/2528 3074/24/2525 1820/24/2527 1822/24/2530
f 3075/24/2528 3072/19/2519 1823/19/2522 1821/24/2529
f 3072/19/2519 3075/24/2528 1822/24/2530 1824/19/2523
f 3076/13/2531 3077/24/2532 1821/24/2529 1811/13/782
f 3077/24/2532 3076/13/2531 1812/13/783 1822/24/2530
f 3077/24/2532 3078/24/2533 1819/24/2526 1821/24/2529
f 3078/24/2533 3077/24/2532 1822/24/2530 1820/24/2527
f 3078/24/2533 3079/13/2534 1817/13/781 1819/24/2526
f 3079/13/2534 3078/24/2533 1820/24/2527 1818/13/784
f 3079/13/2534 3076/13/2531 1811/13/782 1817/13/781
f 3076/13/2531 3079/13/2534 1818/13/784 1812/13/783
f 3080/13/2535 3081/24/2536 833/24/2513 837/13/1456
f 3081/24/2536 3080/13/2535 838/13/1457 834/24/2514
f 3081/24/2536 3082/24/2537 835/24/2517 833/24/2513
f 3082/24/2537 3081/24/2536 834/24/2514 836/24/2518
f 3082/24/2537 3083/13/2538 839/13/1459 835/24/2517
f 3083/13/2538 3082/24/2537 836/24/2518 840/13/1460
f 3083/13/2538 3080/13/2535 837/13/1456 839/13/1459
f 3080/13/2535 3083/13/2538 840/13/1460 838/13/1457
f 3084/6/2539 3085/5/2540 1781/5/2541 1773/6/1396
f 3085/5/2540 3084/6/2539 1774/6/1397 1782/5/2542
f 3085/5/2540 3086/5/2543 1779/5/2544 1781/5/2541
f 3086/5/2543 3085/5/2540 1782/5/2542 1780/5/2545
f 3086/5/2543 3087/6/2546 1777/6/1395 1779/5/2544
f 3087/6/2546 3086/5/2543 1780/5/2545 1778/6/1398
f 3087/6/2546 3084/6/2539 1773/6/1396 1777/6/1395
f 3084/6/2539 3087/6/2546 1778/6/1398 1774/6/1397
f 3088/29/2547 3089/9/2548 1809/9/2549 1807/29/2550
f 3089/9/2548 3088/29/2547 1808/29/2551 1810/9/2552
f 3089/9/2548 3090/3/2553 1803/3/2554 1809/9/2549
f 3090/3/2553 3089/9/2548 1810/9/2552 1804/3/2554
f 3090/3/2553 3091/4/2555 1805/4/2556 1803/3/2554
f 3091/4/2555 3090/3/2553 1804/3/2554 1806/4/2557
f 3091/4/2555 3088/29/2547 1807/29/2550 1805/4/2556
f 3088/29/2547 3091/4/2555 1806/4/2557 1808/29/2551
f 3092/5/2558 3093/5/2559 51/5/2560 49/5/2561
f 3093/5/2559 3092/5/2558 50/5/2562 52/5/2563
f 3093/5/2559 3094/6/2564 45/6/413 51/5/2560
f 3094/6/2564 3093/5/2559 52/5/2563 46/6/414
f 3094/6/2564 3095/6/2565 47/6/408 45/6/413
f 3095/6/2565 3094/6/2564 46/6/414 48/6/411
f 3095/6/2565 3092/5/2558 49/5/2561 47/6/408
f 3092/5/2558 3095/6/2565 48/6/411 50/5/2562
f 3096/24/2566 3097/24/2567 1865/24/1514 1861/24/1517
f 3097/24/2567 3096/24/2566 1862/24/1518 1866/24/1515
f 3097/24/2567 3098/19/2568 1857/19/421 1865/24/1514
f 3098/19/2568 3097/24/2567 1866/24/1515 1858/19/422
f 3098/19/2568 3099/19/2569 1855/19/428 1857/19/421
f 3099/19/2569 3098/19/2568 1858/19/422 1856/19/429
f 3099/19/2569 3096/24/2566 1861/24/1517 1855/19/428
f 3096/24/2566 3099/19/2569 1856/19/429 1862/24/1518
f 3100/5/2570 3101/5/2571 1843/5/2572 1845/5/2573
f 3101/5/2571 3100/5/2570 1846/5/2574 1844/5/2575
f 3101/5/2571 3102/6/2576 1841/6/2577 1843/5/2572
f 3102/6/2576 3101/5/2571 1844/5/2575 1842/6/2578
f 3102/6/2576 3103/6/2579 1839/6/2580 1841/6/2577
f 3103/6/2579 3102/6/2576 1842/6/2578 1840/6/2581
f 3103/6/2579 3100/5/2570 1845/5/2573 1839/6/2580
f 3100/5/2570 3103/6/2579 1840/6/2581 1846/5/2574
f 3104/29/2582 3105/9/2583 105/9/2584 99/29/2585
f 3105/9/2583 3104/29/2582 100/29/2586 106/9/2587
f 3105/9/2583 3106/3/2588 101/3/2589 105/9/2584
f 3106/3/2588 3105/9/2583 106/9/2587 102/3/2590
f 3106/3/2588 3107/4/2591 103/4/2592 101/3/2589
f 3107/4/2591 3106/3/2588 102/3/2590 104/4/2593
f 3107/4/2591 3104/29/2582 99/29/2585 103/4/2592
f 3104/29/2582 3107/4/2591 104/4/2593 100/29/2586
f 3108/21/199 3109/20/202 891/20/203 885/21/200
f 3109/20/202 3108/21/199 886/21/201 892/20/204
f 3109/20/202 3110/12/193 887/12/196 891/20/203
f 3110/12/193 3109/20/202 892/20/204 888/12/197
f 3110/12/193 3111/11/194 889/11/195 887/12/196
f 3111/11/194 3110/12/193 888/12/197 890/11/198
f 3111/11/194 3108/21/199 885/21/200 889/11/195
f 3108/21/199 3111/11/194 890/11/198 886/21/201
f 3112/19/2594 3113/16/2595 1829/16/2596 1823/19/2522
f 3113/16/2595 3112/19/2594 1824/19/2523 1830/16/2597
f 3113/16/2595 3114/16/2598 1827/16/2599 1829/16/2596
f 3114/16/2598 3113/16/2595 1830/16/2597 1828/16/2600
f 3114/16/2598 3115/19/2601 1825/19/2521 1827/16/2599
f 3115/19/2601 3114/16/2598 1828/16/2600 1826/19/2524
f 3115/19/2601 3112/19/2594 1823/19/2522 1825/19/2521
f 3112/19/2594 3115/19/2601 1826/19/2524 1824/19/2523
f 3116/17/2602 3117/18/2603 1837/18/2604 1831/17/2605
f 3117/18/2603 3116/17/2602 1832/17/2606 1838/18/2607
f 3117/18/2603 3118/18/2608 1835/18/2609 1837/18/2604
f 3118/18/2608 3117/18/2603 1838/18/2607 1836/18/2610
f 3118/18/2608 3119/17/2611 1833/17/2612 1835/18/2609
f 3119/17/2611 3118/18/2608 1836/18/2610 1834/17/2613
f 3119/17/2611 3116/17/2602 1831/17/2605 1833/17/2612
f 3116/17/2602 3119/17/2611 1834/17/2613 1832/17/2606
f 3120/22/194 3121/31/193 867/31/197 865/22/198
f 3121/31/193 3120/22/194 866/22/195 868/31/196
f 3121/31/193 3122/32/202 861/32/204 867/31/197
f 3122/32/202 3121/31/193 868/31/196 862/32/203
f 3122/32/202 3123/23/199 863/23/201 861/32/204
f 3123/23/199 3122/32/202 862/32/203 864/23/200
f 3123/23/199 3120/22/194 865/22/198 863/23/201
f 3120/22/194 3123/23/199 864/23/200 866/22/195
f 3124/1/629 3125/7/632 443/7/633 437/1/1259
f 3125/7/632 3124/1/629 438/1/631 444/7/634
f 3125/7/632 3126/8/623 439/8/2614 443/7/633
f 3126/8/623 3125/7/632 444/7/634 440/8/1258
f 3126/8/623 3127/4/624 441/4/625 439/8/2614
f 3127/4/624 3126/8/623 440/8/1258 442/4/628
f 3127/4/624 3124/1/629 437/1/1259 441/4/625
f 3124/1/629 3127/4/624 442/4/628 438/1/631
f 3128/23/199 3129/22/194 875/22/198 869/23/201
f 3129/22/194 3128/23/199 870/23/200 876/22/195
f 3129/22/194 3130/31/193 871/31/197 875/22/198
f 3130/31/193 3129/22/194 876/22/195 872/31/196
f 3130/31/193 3131/32/202 873/32/204 871/31/197
f 3131/32/202 3130/31/193 872/31/196 874/32/203
f 3131/32/202 3128/23/199 869/23/201 873/32/204
f 3128/23/199 3131/32/202 874/32/203 870/23/200
f 3132/14/1750 3133/13/1770 5/13/1772 3/14/1754
f 3133/13/1770 3132/14/1750 4/14/1753 6/13/2615
f 3133/13/1770 3134/24/1767 1/24/1769 5/13/1772
f 3134/24/1767 3133/13/1770 6/13/2615 2/24/1768
f 3134/24/1767 3135/19/1764 7/19/2616 1/24/1769
f 3135/19/1764 3134/24/1767 2/24/1768 8/19/1765
f 3135/19/1764 3136/16/1761 15/16/1763 7/19/2616
f 3136/16/1761 3135/19/1764 8/19/1765 16/16/1762
f 3136/16/1761 3137/17/1758 13/17/1760 15/16/1763
f 3137/17/1758 3136/16/1761 16/16/1762 14/17/1759
f 3137/17/1758 3138/18/1714 11/18/1757 13/17/1760
f 3138/18/1714 3137/17/1758 14/17/1759 12/18/1756
f 3138/18/1714 3139/6/1751 9/6/1755 11/18/1757
f 3139/6/1751 3138/18/1714 12/18/1756 10/6/1752
f 3139/6/1751 3132/14/1750 3/14/1754 9/6/1755
f 3132/14/1750 3139/6/1751 10/6/1752 4/14/1753
f 3140/28/2617 3141/28/2618 489/28/1540 495/28/2619
f 3141/28/2618 3140/28/2617 496/28/2620 490/28/1541
f 3141/28/2618 3142/25/2621 491/25/1538 489/28/1540
f 3142/25/2621 3141/28/2618 490/28/1541 492/25/1539
f 3142/25/2621 3143/25/2622 493/25/2623 491/25/1538
f 3143/25/2622 3142/25/2621 492/25/1539 494/25/2624
f 3143/25/2622 3140/28/2617 495/28/2619 493/25/2623
f 3140/28/2617 3143/25/2622 494/25/2624 496/28/2620
f 3144/6/2625 3145/6/2626 1841/6/2577 1839/6/2580
f 3145/6/2626 3144/6/2625 1840/6/2581 1842/6/2578
f 3145/6/2626 3146/18/2627 1835/18/2609 1841/6/2577
f 3146/18/2627 3145/6/2626 1842/6/2578 1836/18/2610
f 3146/18/2627 3147/18/2628 1837/18/2604 1835/18/2609
f 3147/18/2628 3146/18/2627 1836/18/2610 1838/18/2607
f 3147/18/2628 3144/6/2625 1839/6/2580 1837/18/2604
f 3144/6/2625 3147/18/2628 1838/18/2607 1840/6/2581
f 3148/17/2629 3149/17/2630 1833/17/2612 1831/17/2605
f 3149/17/2630 3148/17/2629 1832/17/2606 1834/17/2613
f 3149/17/2630 3150/16/2631 1827/16/2599 1833/17/2612
f 3150/16/2631 3149/17/2630 1834/17/2613 1828/16/2600
f 3150/16/2631 3151/16/2632 1829/16/2596 1827/16/2599
f 3151/16/2632 3150/16/2631 1828/16/2600 1830/16/2597
f 3151/16/2632 3148/17/2629 1831/17/2605 1829/16/2596
f 3148/17/2629 3151/16/2632 1830/16/2597 1832/17/2606
f 3152/6/2633 3153/6/2634 1885/6/798 1883/6/801
f 3153/6/2634 3152/6/2633 1884/6/802 1886/6/799
f 3153/6/2634 3154/18/2635 1879/18/719 1885/6/798
f 3154/18/2635 3153/6/2634 1886/6/799 1880/18/720
f 3154/18/2635 3155/18/2636 1881/18/714 1879/18/719
f 3155/18/2636 3154/18/2635 1880/18/720 1882/18/717
f 3155/18/2636 3152/6/2633 1883/6/801 1881/18/714
f 3152/6/2633 3155/18/2636 1882/18/717 1884/6/802
f 3156/14/2637 3157/14/2638 1877/14/2639 1875/14/2640
f 3157/14/2638 3156/14/2637 1876/14/2641 1878/14/2642
f 3157/14/2638 3158/13/2643 1869/13/1509 1877/14/2639
f 3158/13/2643 3157/14/2638 1878/14/2642 1870/13/1512
f 3158/13/2643 3159/13/2644 1873/13/1510 1869/13/1509
f 3159/13/2644 3158/13/2643 1870/13/1512 1874/13/1511
f 3159/13/2644 3156/14/2637 1875/14/2640 1873/13/1510
f 3156/14/2637 3159/13/2644 1874/13/1511 1876/14/2641
f 3160/31/194 3161/32/193 915/32/197 909/31/775
f 3161/32/193 3160/31/194 910/31/776 916/32/196
f 3161/32/193 3162/23/202 911/23/204 915/32/197
f 3162/23/202 3161/32/193 916/32/196 912/23/203
f 3162/23/202 3163/22/199 913/22/803 911/23/204
f 3163/22/199 3162/23/202 912/23/203 914/22/804
f 3163/22/199 3160/31/194 909/31/775 913/22/803
f 3160/31/194 3163/22/199 914/22/804 910/31/776
f 3164/5/2645 3165/5/2646 199/5/376 195/5/2304
f 3165/5/2646 3164/5/2645 196/5/2305 200/5/377
f 3165/5/2646 3166/15/2647 197/15/383 199/5/376
f 3166/15/2647 3165/5/2646 200/5/377 198/15/384
f 3166/15/2647 3167/15/2648 193/15/2307 197/15/383
f 3167/15/2648 3166/15/2647 198/15/384 194/15/2308
f 3167/15/2648 3164/5/2645 195/5/2304 193/15/2307
f 3164/5/2645 3167/15/2648 194/15/2308 196/5/2305
f 3168/22/1568 3169/23/1563 939/23/1567 933/22/1570
f 3169/23/1563 3168/22/1568 934/22/1569 940/23/1564
f 3169/23/1563 3170/32/1562 935/32/1566 939/23/1567
f 3170/32/1562 3169/23/1563 940/23/1564 936/32/1565
f 3170/32/1562 3171/31/1571 937/31/1573 935/32/1566
f 3171/31/1571 3170/32/1562 936/32/1565 938/31/1572
f 3171/31/1571 3168/22/1568 933/22/1570 937/31/1573
f 3168/22/1568 3171/31/1571 938/31/1572 934/22/1569
f 3172/22/308 3173/30/303 475/30/307 469/22/310
f 3173/30/303 3172/22/308 470/22/1785 476/30/304
f 3173/30/303 3174/29/302 471/29/306 475/30/307
f 3174/29/302 3173/30/303 476/30/304 472/29/2649
f 3174/29/302 3175/31/311 473/31/313 471/29/306
f 3175/31/311 3174/29/302 472/29/2649 474/31/312
f 3175/31/311 3172/22/308 469/22/310 473/31/313
f 3172/22/308 3175/31/311 474/31/312 470/22/1785
f 3176/16/2650 3177/16/2651 1785/16/743 1783/16/746
f 3177/16/2651 3176/16/2650 1784/16/747 1786/16/744
f 3177/16/2651 3178/17/2652 1771/17/1466 1785/16/743
f 3178/17/2652 3177/16/2651 1786/16/744 1772/17/1467
f 3178/17/2652 3179/17/2653 1775/17/1463 1771/17/1466
f 3179/17/2653 3178/17/2652 1772/17/1467 1776/17/1464
f 3179/17/2653 3176/16/2650 1783/16/746 1775/17/1463
f 3176/16/2650 3179/17/2653 1776/17/1464 1784/16/747
