# Blender 5.2.0 LTS
# www.blender.org
mtllib glass singularity.mtl
o Singularity
v 0.535640 0.606856 0.043265
v 0.535678 0.606888 0.043283
v 0.553142 0.600551 -0.000717
v 0.553176 0.600583 -0.000717
v 0.535640 0.618684 -0.000717
v 0.535678 0.618720 -0.000717
v 0.553142 0.591153 0.034263
v 0.553176 0.591181 0.034279
v 0.535640 0.606856 -0.044715
v 0.535678 0.606888 -0.044733
v 0.553142 0.600551 -0.000717
v 0.553176 0.600583 -0.000717
v 0.553142 0.591153 -0.035713
v 0.553176 0.591181 -0.035729
v 0.535640 0.618684 -0.000717
v 0.535678 0.618720 -0.000717
v 0.550895 0.533663 0.088772
v 0.550923 0.533691 0.088780
v 0.535595 0.548938 0.088772
v 0.535623 0.548966 0.088780
v 0.535589 0.533657 0.124275
v 0.535629 0.533697 0.124291
v 0.555446 0.533664 0.066284
v 0.555472 0.533690 0.066284
v 0.535596 0.553519 0.066284
v 0.535622 0.553545 0.066284
v 0.535595 0.548938 0.045780
v 0.535623 0.548966 0.045772
v 0.550895 0.533663 0.045780
v 0.550923 0.533691 0.045772
v 0.535589 0.533657 0.010277
v 0.535629 0.533697 0.010261
v 0.550895 0.533663 -0.089718
v 0.550923 0.533691 -0.089726
v 0.535589 0.533657 -0.125709
v 0.535629 0.533697 -0.125726
v 0.535595 0.548938 -0.089718
v 0.535623 0.548966 -0.089726
v 0.555446 0.533664 -0.067719
v 0.555472 0.533690 -0.067719
v 0.535596 0.553519 -0.067719
v 0.535622 0.553545 -0.067719
v 0.535595 0.548938 -0.047230
v 0.535623 0.548966 -0.047222
v 0.550895 0.533663 -0.047230
v 0.550923 0.533691 -0.047222
v 0.535589 0.533657 -0.011239
v 0.535629 0.533697 -0.011222
v 0.535640 0.574543 0.075759
v 0.535678 0.574561 0.075791
v 0.553142 0.591153 0.034263
v 0.553176 0.591181 0.034279
v 0.535640 0.606856 0.043265
v 0.535678 0.606888 0.043283
v 0.553142 0.565479 0.060258
v 0.553176 0.565495 0.060286
v 0.553142 0.591153 -0.035713
v 0.553176 0.591181 -0.035729
v 0.553142 0.565479 -0.061204
v 0.553176 0.565495 -0.061232
v 0.535640 0.574543 -0.077209
v 0.535678 0.574561 -0.077241
v 0.535640 0.606856 -0.044715
v 0.535678 0.606888 -0.044733
v 0.553143 0.469633 0.034279
v 0.553175 0.469661 0.034263
v 0.535646 0.503670 0.045788
v 0.535672 0.503684 0.045764
v 0.553143 0.495319 0.060286
v 0.553175 0.495335 0.060258
v 0.535646 0.484100 0.026283
v 0.535672 0.484124 0.026269
v 0.553143 0.469633 -0.035729
v 0.553175 0.469661 -0.035713
v 0.535646 0.503670 -0.046734
v 0.535672 0.503684 -0.046710
v 0.535646 0.484100 -0.027229
v 0.535672 0.484124 -0.027215
v 0.553143 0.495319 -0.061232
v 0.553175 0.495335 -0.061204
v 0.535616 -0.019046 0.164238
v 0.535702 -0.019090 0.164314
v 0.535616 -0.088700 0.094262
v 0.535702 -0.088776 0.094306
v 0.583072 -0.048440 0.071255
v 0.583146 -0.048506 0.071293
v 0.583072 0.004196 0.123746
v 0.583146 0.004158 0.123812
v 0.535616 -0.088700 -0.095696
v 0.535702 -0.088776 -0.095740
v 0.583072 0.004196 -0.125196
v 0.583146 0.004158 -0.125262
v 0.583072 -0.048440 -0.072704
v 0.583146 -0.048506 -0.072742
v 0.535616 -0.019046 -0.165688
v 0.535702 -0.019090 -0.165764
v 0.553142 0.530407 0.069259
v 0.553176 0.530407 0.069291
v 0.553142 0.565479 0.060258
v 0.553176 0.565495 0.060286
v 0.535640 0.574543 0.075759
v 0.535678 0.574561 0.075791
v 0.535640 0.530407 0.087765
v 0.535678 0.530407 0.087803
v 0.535640 0.574543 -0.077209
v 0.535678 0.574561 -0.077241
v 0.553142 0.530407 -0.070708
v 0.553176 0.530407 -0.070740
v 0.535640 0.530407 -0.088712
v 0.535678 0.530407 -0.088748
v 0.553142 0.565479 -0.061204
v 0.553176 0.565495 -0.061232
v 0.535616 0.240899 0.094262
v 0.535702 0.240975 0.094306
v 0.535616 0.171250 0.164237
v 0.535702 0.171294 0.164314
v 0.583072 0.148008 0.123746
v 0.583146 0.148046 0.123812
v 0.583072 0.200644 0.071255
v 0.583146 0.200710 0.071293
v 0.583072 0.200644 -0.072704
v 0.583146 0.200710 -0.072742
v 0.583072 0.148008 -0.125196
v 0.583146 0.148046 -0.125262
v 0.535616 0.171250 -0.165688
v 0.535702 0.171294 -0.165765
v 0.535616 0.240899 -0.095696
v 0.535702 0.240975 -0.095740
v 0.273698 -0.177756 0.145751
v 0.273820 -0.177860 0.145813
v 0.273698 -0.217027 -0.000717
v 0.273820 -0.217149 -0.000717
v 0.328855 -0.161100 -0.000717
v 0.328963 -0.161206 -0.000717
v 0.328855 -0.129322 0.117756
v 0.328963 -0.129414 0.117810
v 0.328855 -0.161100 -0.000717
v 0.328963 -0.161206 -0.000717
v 0.273698 -0.177756 -0.147186
v 0.273820 -0.177860 -0.147248
v 0.328855 -0.129322 -0.119190
v 0.328963 -0.129414 -0.119244
v 0.273698 -0.217027 -0.000717
v 0.273820 -0.217149 -0.000717
v 0.273698 -0.070462 0.253228
v 0.273820 -0.070524 0.253334
v 0.273698 -0.177755 0.145751
v 0.273820 -0.177860 0.145813
v 0.328855 -0.129322 0.117756
v 0.328963 -0.129414 0.117810
v 0.328855 -0.042501 0.204727
v 0.328963 -0.042555 0.204819
v 0.328855 -0.129322 -0.119190
v 0.328963 -0.129414 -0.119244
v 0.273698 -0.070462 -0.254677
v 0.273820 -0.070524 -0.254782
v 0.328855 -0.042501 -0.206177
v 0.328963 -0.042555 -0.206269
v 0.273698 -0.177756 -0.147186
v 0.273820 -0.177861 -0.147248
v 0.273698 0.076102 0.292221
v 0.273820 0.076102 0.292343
v 0.328855 -0.042501 0.204727
v 0.328963 -0.042555 0.204819
v 0.328855 0.076102 0.236718
v 0.328963 0.076102 0.236824
v 0.273698 -0.070462 0.253229
v 0.273820 -0.070524 0.253333
v 0.273698 0.076102 -0.293655
v 0.273820 0.076102 -0.293777
v 0.328855 -0.042501 -0.206177
v 0.328963 -0.042555 -0.206269
v 0.273698 -0.070462 -0.254678
v 0.273820 -0.070524 -0.254782
v 0.328855 0.076102 -0.237664
v 0.328963 0.076102 -0.237770
v 0.535594 0.622913 -0.015702
v 0.535624 0.622921 -0.015732
v 0.555442 0.600587 -0.000700
v 0.555476 0.600587 -0.000734
v 0.535596 0.600587 -0.020708
v 0.535622 0.600587 -0.020734
v 0.535595 0.580176 -0.015703
v 0.535623 0.580168 -0.015731
v 0.555446 0.600587 -0.000730
v 0.555472 0.600587 -0.000704
v 0.535595 0.622913 0.014757
v 0.535623 0.622921 0.014785
v 0.535596 0.600587 0.019259
v 0.535622 0.600587 0.019285
v 0.535595 0.580176 0.014757
v 0.535623 0.580168 0.014785
v 0.550895 0.622913 -0.000731
v 0.550923 0.622921 -0.000703
v 0.535589 0.658629 -0.000737
v 0.535629 0.658645 -0.000697
v 0.550895 0.580176 -0.000731
v 0.550923 0.580168 -0.000703
v 0.535589 0.544465 -0.000737
v 0.535629 0.544449 -0.000697
v 0.535594 0.444441 -0.015702
v 0.535624 0.444433 -0.015732
v 0.555442 0.466772 -0.000700
v 0.555476 0.466772 -0.000734
v 0.535596 0.466772 -0.020708
v 0.535622 0.466772 -0.020734
v 0.535595 0.487178 -0.015703
v 0.535623 0.487186 -0.015731
v 0.555446 0.466772 -0.000730
v 0.555472 0.466772 -0.000704
v 0.535595 0.444441 0.014757
v 0.535623 0.444433 0.014785
v 0.550895 0.444441 -0.000731
v 0.550923 0.444433 -0.000703
v 0.535589 0.408731 -0.000737
v 0.535629 0.408714 -0.000697
v 0.535596 0.466772 0.019259
v 0.535622 0.466772 0.019285
v 0.535595 0.487178 0.014757
v 0.535623 0.487186 0.014785
v 0.550895 0.487178 -0.000731
v 0.550923 0.487186 -0.000703
v 0.535589 0.522894 -0.000737
v 0.535629 0.522910 -0.000697
v 0.328855 0.194700 0.204727
v 0.328963 0.194754 0.204819
v 0.273698 0.076102 0.292221
v 0.273820 0.076102 0.292343
v 0.328855 0.076102 0.236718
v 0.328963 0.076102 0.236824
v 0.273698 0.222666 0.253228
v 0.273820 0.222728 0.253333
v 0.273698 0.076102 -0.293655
v 0.273820 0.076102 -0.293777
v 0.273698 0.222666 -0.254678
v 0.273820 0.222728 -0.254782
v 0.328855 0.194700 -0.206177
v 0.328963 0.194754 -0.206269
v 0.328855 0.076102 -0.237664
v 0.328963 0.076102 -0.237770
v 0.273698 0.329954 0.145751
v 0.273820 0.330059 0.145813
v 0.273698 0.222666 0.253228
v 0.273820 0.222728 0.253333
v 0.328855 0.194700 0.204727
v 0.328963 0.194754 0.204819
v 0.328855 0.281526 0.117756
v 0.328963 0.281618 0.117810
v 0.328855 0.194700 -0.206177
v 0.328963 0.194754 -0.206269
v 0.273698 0.329954 -0.147186
v 0.273820 0.330059 -0.147248
v 0.328855 0.281526 -0.119190
v 0.328963 0.281618 -0.119244
v 0.273698 0.222666 -0.254678
v 0.273820 0.222728 -0.254783
v 0.535640 0.530407 0.087765
v 0.535678 0.530407 0.087803
v 0.553142 0.495335 0.060258
v 0.553176 0.495319 0.060286
v 0.553142 0.530407 0.069259
v 0.553176 0.530407 0.069291
v 0.535640 0.486271 0.075759
v 0.535678 0.486253 0.075791
v 0.535640 0.530407 -0.088712
v 0.535678 0.530407 -0.088748
v 0.553142 0.495335 -0.061204
v 0.553176 0.495319 -0.061232
v 0.535640 0.486271 -0.077209
v 0.535678 0.486253 -0.077241
v 0.553142 0.530407 -0.070708
v 0.553176 0.530407 -0.070740
v 0.273698 0.369226 -0.000717
v 0.273820 0.369348 -0.000717
v 0.273698 0.329955 0.145751
v 0.273820 0.330059 0.145813
v 0.328855 0.281526 0.117756
v 0.328963 0.281618 0.117810
v 0.328855 0.313304 -0.000717
v 0.328963 0.313410 -0.000717
v 0.328855 0.281526 -0.119190
v 0.328963 0.281618 -0.119244
v 0.273698 0.369226 -0.000717
v 0.273820 0.369348 -0.000717
v 0.328855 0.313304 -0.000717
v 0.328963 0.313410 -0.000717
v 0.273698 0.329955 -0.147186
v 0.273820 0.330059 -0.147248
v 0.583071 0.219984 -0.000717
v 0.583147 0.219910 -0.000717
v 0.583071 0.200709 0.071292
v 0.583147 0.200645 0.071255
v 0.535628 0.158724 0.046798
v 0.535690 0.158670 0.046768
v 0.535628 0.171508 -0.000717
v 0.535690 0.171446 -0.000717
v 0.535628 0.158724 -0.048233
v 0.535690 0.158670 -0.048203
v 0.583071 0.219984 -0.000717
v 0.583147 0.219910 -0.000717
v 0.535628 0.171508 -0.000717
v 0.535690 0.171446 -0.000717
v 0.583071 0.200709 -0.072742
v 0.583147 0.200645 -0.072705
v 0.583071 0.200709 0.071292
v 0.583147 0.200645 0.071255
v 0.583071 0.148045 0.123811
v 0.583147 0.148009 0.123747
v 0.535628 0.123802 0.081799
v 0.535690 0.123772 0.081745
v 0.535627 0.158724 0.046798
v 0.535691 0.158670 0.046768
v 0.535628 0.123802 -0.083248
v 0.535690 0.123772 -0.083194
v 0.583071 0.200709 -0.072742
v 0.583147 0.200645 -0.072705
v 0.535627 0.158724 -0.048233
v 0.535691 0.158670 -0.048203
v 0.583071 0.148045 -0.125261
v 0.583147 0.148009 -0.125197
v 0.583071 0.148045 -0.125261
v 0.583147 0.148009 -0.125197
v 0.535628 0.076102 -0.096253
v 0.535690 0.076102 -0.096191
v 0.583071 0.076102 -0.144767
v 0.583147 0.076102 -0.144693
v 0.535628 0.123802 -0.083248
v 0.535690 0.123772 -0.083194
v 0.535628 0.076102 0.094803
v 0.535690 0.076102 0.094741
v 0.535628 0.123802 0.081799
v 0.535690 0.123772 0.081745
v 0.583071 0.148045 0.123811
v 0.583147 0.148009 0.123747
v 0.583071 0.076102 0.143317
v 0.583147 0.076102 0.143243
v 0.583071 0.076102 0.143317
v 0.583147 0.076102 0.143243
v 0.535628 0.028397 0.081799
v 0.535690 0.028427 0.081745
v 0.535628 0.076102 0.094803
v 0.535690 0.076102 0.094741
v 0.583071 0.004159 0.123811
v 0.583147 0.004195 0.123747
v 0.583071 0.076102 -0.144767
v 0.583147 0.076102 -0.144693
v 0.535628 0.028397 -0.083248
v 0.535690 0.028427 -0.083194
v 0.583071 0.004159 -0.125261
v 0.583147 0.004195 -0.125197
v 0.535628 0.076102 -0.096253
v 0.535690 0.076102 -0.096191
v 0.583071 -0.048505 0.071292
v 0.583147 -0.048441 0.071256
v 0.535628 0.028397 0.081799
v 0.535690 0.028427 0.081745
v 0.583071 0.004159 0.123811
v 0.583147 0.004195 0.123747
v 0.535627 -0.006525 0.046798
v 0.535691 -0.006471 0.046768
v 0.583071 -0.048505 -0.072741
v 0.583147 -0.048441 -0.072705
v 0.535628 0.028397 -0.083248
v 0.535690 0.028427 -0.083194
v 0.535627 -0.006525 -0.048233
v 0.535691 -0.006471 -0.048203
v 0.583071 0.004159 -0.125261
v 0.583147 0.004195 -0.125197
v 0.583071 -0.067785 -0.000717
v 0.583147 -0.067711 -0.000717
v 0.535628 -0.006525 0.046798
v 0.535690 -0.006471 0.046768
v 0.583071 -0.048505 0.071292
v 0.583147 -0.048441 0.071256
v 0.535628 -0.019304 -0.000717
v 0.535690 -0.019242 -0.000717
v 0.535628 -0.006525 -0.048233
v 0.535690 -0.006471 -0.048203
v 0.535628 -0.019304 -0.000717
v 0.535690 -0.019242 -0.000717
v 0.583071 -0.067785 -0.000717
v 0.583147 -0.067711 -0.000717
v 0.583071 -0.048505 -0.072741
v 0.583147 -0.048441 -0.072705
v 0.114387 -0.182384 0.023247
v 0.114431 -0.182422 0.023293
v 0.063531 -0.208670 0.052242
v 0.063587 -0.208726 0.052312
v 0.118934 -0.205802 -0.000742
v 0.118984 -0.205844 -0.000691
v 0.063531 -0.208670 -0.053691
v 0.063587 -0.208726 -0.053761
v 0.118934 -0.205802 -0.000691
v 0.118984 -0.205844 -0.000742
v 0.114387 -0.182384 -0.024696
v 0.114431 -0.182422 -0.024742
v 0.535640 0.486271 0.075759
v 0.535678 0.486253 0.075791
v 0.535640 0.453958 0.043265
v 0.535678 0.453926 0.043283
v 0.553142 0.469661 0.034263
v 0.553176 0.469633 0.034279
v 0.553142 0.495335 0.060258
v 0.553176 0.495319 0.060286
v 0.553142 0.469661 -0.035713
v 0.553176 0.469633 -0.035729
v 0.535640 0.486271 -0.077209
v 0.535678 0.486253 -0.077241
v 0.553142 0.495335 -0.061204
v 0.553176 0.495319 -0.061232
v 0.535640 0.453958 -0.044715
v 0.535678 0.453926 -0.044733
v 0.535640 0.453958 0.043265
v 0.535678 0.453926 0.043283
v 0.535640 0.442135 -0.000717
v 0.535678 0.442099 -0.000717
v 0.553142 0.460263 -0.000717
v 0.553176 0.460231 -0.000717
v 0.553142 0.469661 0.034263
v 0.553176 0.469633 0.034279
v 0.553142 0.460263 -0.000717
v 0.553176 0.460231 -0.000717
v 0.535640 0.453958 -0.044715
v 0.535678 0.453926 -0.044733
v 0.553142 0.469661 -0.035713
v 0.553176 0.469633 -0.035729
v 0.535640 0.442135 -0.000717
v 0.535678 0.442099 -0.000717
v -0.023872 0.110947 0.258714
v -0.023710 0.110997 0.258834
v -0.112366 -0.019445 0.372201
v -0.112216 -0.019501 0.372367
v -0.043956 -0.044669 0.299199
v -0.043826 -0.044717 0.299343
v -0.093136 0.176732 0.322217
v -0.092946 0.176802 0.322345
v -0.112366 -0.019445 -0.373635
v -0.112216 -0.019501 -0.373801
v -0.093136 0.176732 -0.323666
v -0.092946 0.176802 -0.323794
v -0.023872 0.110947 -0.260163
v -0.023710 0.110997 -0.260283
v -0.043956 -0.044669 -0.300648
v -0.043826 -0.044717 -0.300792
v 0.553143 0.591181 0.034279
v 0.553175 0.591153 0.034263
v 0.553143 0.565495 0.060286
v 0.553175 0.565479 0.060258
v 0.535646 0.557144 0.045788
v 0.535672 0.557130 0.045764
v 0.535646 0.576714 0.026283
v 0.535672 0.576690 0.026269
v 0.535646 0.557144 -0.046734
v 0.535672 0.557130 -0.046710
v 0.553143 0.591181 -0.035729
v 0.553175 0.591153 -0.035713
v 0.535646 0.576714 -0.027229
v 0.535672 0.576690 -0.027215
v 0.553143 0.565495 -0.061232
v 0.553175 0.565479 -0.061204
v 0.535592 0.513839 0.066284
v 0.535626 0.513805 0.066284
v 0.555446 0.533690 0.066284
v 0.555472 0.533664 0.066284
v 0.550894 0.533692 0.088772
v 0.550924 0.533662 0.088780
v 0.550895 0.533691 0.045780
v 0.550923 0.533663 0.045772
v 0.550894 0.533691 -0.089718
v 0.550923 0.533662 -0.089726
v 0.535592 0.513839 -0.067719
v 0.535626 0.513805 -0.067719
v 0.555446 0.533690 -0.067719
v 0.555472 0.533664 -0.067719
v 0.550895 0.533691 -0.047230
v 0.550923 0.533663 -0.047222
v 0.328856 0.281618 0.117810
v 0.328962 0.281526 0.117756
v 0.328856 0.194754 0.204819
v 0.328962 0.194700 0.204727
v 0.273714 0.167625 0.157816
v 0.273804 0.167579 0.157736
v 0.273714 0.234627 0.090798
v 0.273804 0.234547 0.090752
v 0.273714 0.167625 -0.159265
v 0.273804 0.167579 -0.159185
v 0.328856 0.281618 -0.119244
v 0.328962 0.281526 -0.119190
v 0.273714 0.234627 -0.092247
v 0.273804 0.234547 -0.092201
v 0.328856 0.194754 -0.206269
v 0.328962 0.194700 -0.206177
v -0.093137 0.176732 0.322216
v -0.092945 0.176802 0.322346
v -0.036232 0.237371 0.149750
v -0.036050 0.237473 0.149810
v -0.102245 0.332897 0.185749
v -0.102037 0.333017 0.185803
v -0.023874 0.110947 0.258713
v -0.023708 0.110997 0.258835
v -0.036232 0.237371 -0.151200
v -0.036050 0.237473 -0.151260
v -0.023874 0.110947 -0.260162
v -0.023708 0.110997 -0.260284
v -0.093137 0.176732 -0.323665
v -0.092945 0.176802 -0.323795
v -0.102245 0.332897 -0.187198
v -0.102037 0.333017 -0.187252
v 0.328856 -0.129414 0.117810
v 0.328962 -0.129322 0.117756
v 0.273714 -0.015421 0.157816
v 0.273804 -0.015375 0.157736
v 0.328856 -0.042555 0.204819
v 0.328962 -0.042501 0.204727
v 0.273714 -0.082423 0.090798
v 0.273804 -0.082343 0.090752
v 0.328856 -0.129414 -0.119244
v 0.328962 -0.129322 -0.119190
v 0.273714 -0.015421 -0.159265
v 0.273804 -0.015375 -0.159185
v 0.273714 -0.082423 -0.092247
v 0.273804 -0.082343 -0.092201
v 0.328856 -0.042555 -0.206269
v 0.328962 -0.042501 -0.206177
v -0.102243 0.332899 0.185750
v -0.102039 0.333015 0.185802
v -0.063231 0.294842 -0.000717
v -0.063049 0.294952 -0.000717
v -0.122343 0.399675 -0.000717
v -0.122139 0.399799 -0.000717
v -0.036231 0.237372 0.149751
v -0.036051 0.237472 0.149809
v -0.102243 0.332899 -0.187199
v -0.102039 0.333015 -0.187251
v -0.063231 0.294842 -0.000717
v -0.063049 0.294952 -0.000717
v -0.036231 0.237372 -0.151201
v -0.036051 0.237472 -0.151259
v -0.122343 0.399675 -0.000717
v -0.122139 0.399799 -0.000717
v -0.242501 -0.478160 -0.000660
v -0.242381 -0.478166 -0.000774
v -0.368205 -0.499897 -0.125653
v -0.368077 -0.499919 -0.125781
v -0.345901 -0.439775 -0.110661
v -0.345781 -0.439781 -0.110775
v -0.251055 -0.543392 -0.000653
v -0.250927 -0.543414 -0.000781
v -0.242501 -0.478160 -0.000774
v -0.242381 -0.478166 -0.000659
v -0.368205 -0.499897 0.124219
v -0.368077 -0.499919 0.124347
v -0.251055 -0.543392 -0.000781
v -0.250927 -0.543414 -0.000653
v -0.345901 -0.439775 0.109715
v -0.345781 -0.439781 0.109830
v -0.036216 0.237493 0.149845
v -0.036066 0.237351 0.149715
v -0.023854 0.111007 0.258839
v -0.023728 0.110937 0.258709
v -0.092102 0.097393 0.197343
v -0.091980 0.097321 0.197219
v -0.036216 0.237493 -0.151295
v -0.036066 0.237351 -0.151165
v -0.092102 0.097393 -0.198792
v -0.091980 0.097321 -0.198668
v -0.023854 0.111007 -0.260288
v -0.023728 0.110937 -0.260158
v -0.216120 -0.248903 0.149325
v -0.215962 -0.248893 0.149229
v -0.171551 -0.117528 0.197334
v -0.171431 -0.117548 0.197228
v -0.127660 -0.170185 0.258837
v -0.127522 -0.170211 0.258711
v -0.242059 -0.175230 0.114311
v -0.241923 -0.175216 0.114235
v -0.216120 -0.248903 -0.150775
v -0.215962 -0.248893 -0.150677
v -0.171551 -0.117528 -0.198783
v -0.171431 -0.117548 -0.198677
v -0.242059 -0.175230 -0.115761
v -0.241923 -0.175216 -0.115685
v -0.127660 -0.170185 -0.260286
v -0.127522 -0.170211 -0.260160
v -0.248141 -0.402139 -0.000760
v -0.248041 -0.402118 -0.000674
v -0.345904 -0.439775 0.109712
v -0.345778 -0.439781 0.109832
v -0.242504 -0.478160 -0.000777
v -0.242378 -0.478166 -0.000657
v -0.321741 -0.374808 0.077731
v -0.321641 -0.374788 0.077817
v -0.302122 -0.322093 0.021750
v -0.302060 -0.322063 0.021798
v -0.281122 -0.329893 -0.000741
v -0.281060 -0.329863 -0.000693
v -0.248141 -0.402139 -0.000674
v -0.248041 -0.402118 -0.000760
v -0.345904 -0.439775 -0.110658
v -0.345778 -0.439781 -0.110778
v -0.321741 -0.374808 -0.079181
v -0.321641 -0.374788 -0.079267
v -0.242504 -0.478160 -0.000657
v -0.242378 -0.478166 -0.000777
v -0.302122 -0.322093 -0.023200
v -0.302060 -0.322063 -0.023248
v -0.281115 -0.329890 -0.000699
v -0.281067 -0.329866 -0.000735
v -0.302108 -0.322086 -0.023211
v -0.302074 -0.322070 -0.023237
v -0.295108 -0.303192 -0.000704
v -0.295074 -0.303174 -0.000730
v -0.270437 -0.264713 -0.000717
v -0.270245 -0.264673 -0.000717
v -0.242069 -0.175231 0.114317
v -0.241913 -0.175214 0.114229
v -0.216120 -0.248903 0.149325
v -0.215962 -0.248893 0.149229
v -0.291167 -0.184659 -0.000717
v -0.291015 -0.184627 -0.000717
v -0.216119 -0.248903 -0.150775
v -0.215963 -0.248893 -0.150677
v -0.242069 -0.175232 -0.115767
v -0.241913 -0.175214 -0.115679
v -0.270437 -0.264713 -0.000717
v -0.270245 -0.264673 -0.000717
v -0.291167 -0.184659 -0.000717
v -0.291015 -0.184627 -0.000717
v -0.302108 -0.322086 0.021761
v -0.302074 -0.322070 0.021787
v -0.281108 -0.329886 -0.000730
v -0.281074 -0.329870 -0.000704
v -0.295108 -0.303192 -0.000730
v -0.295074 -0.303174 -0.000704
v 0.553143 0.460231 -0.000717
v 0.553175 0.460263 -0.000717
v 0.535646 0.484100 0.026283
v 0.535672 0.484124 0.026269
v 0.553143 0.469633 0.034279
v 0.553175 0.469661 0.034263
v 0.535645 0.476938 -0.000717
v 0.535673 0.476966 -0.000717
v 0.553143 0.469633 -0.035729
v 0.553175 0.469661 -0.035713
v 0.535646 0.484100 -0.027229
v 0.535672 0.484124 -0.027215
v 0.553143 0.460231 -0.000717
v 0.553175 0.460263 -0.000717
v 0.535646 0.476938 -0.000717
v 0.535672 0.476966 -0.000717
v -0.174774 0.290360 0.149223
v -0.174908 0.290504 0.149331
v -0.122170 0.399638 -0.000717
v -0.122312 0.399836 -0.000717
v -0.201885 0.349399 -0.000717
v -0.201997 0.349555 -0.000717
v -0.102075 0.332890 0.185721
v -0.102207 0.333024 0.185831
v -0.174774 0.290360 -0.150169
v -0.174908 0.290504 -0.150277
v -0.122170 0.399638 -0.000717
v -0.122312 0.399836 -0.000717
v -0.102075 0.332890 -0.187170
v -0.102207 0.333024 -0.187280
v -0.201885 0.349399 -0.000717
v -0.201997 0.349555 -0.000717
v 0.535616 0.266398 -0.000717
v 0.535702 0.266486 -0.000717
v 0.583072 0.200644 0.071255
v 0.583146 0.200710 0.071293
v 0.583072 0.219909 -0.000717
v 0.583146 0.219985 -0.000717
v 0.535616 0.240899 0.094262
v 0.535702 0.240975 0.094306
v 0.583072 0.200644 -0.072704
v 0.583146 0.200710 -0.072742
v 0.535616 0.266398 -0.000717
v 0.535702 0.266486 -0.000717
v 0.583072 0.219909 -0.000717
v 0.583146 0.219985 -0.000717
v 0.535616 0.240899 -0.095696
v 0.535702 0.240975 -0.095740
v 0.535673 0.476938 -0.000717
v 0.535645 0.476966 -0.000717
v 0.518175 0.460231 -0.000717
v 0.518143 0.460263 -0.000717
v 0.535672 0.484100 0.026283
v 0.535646 0.484124 0.026269
v 0.518175 0.469633 0.034279
v 0.518143 0.469661 0.034263
v 0.535672 0.484100 -0.027229
v 0.535646 0.484124 -0.027215
v 0.518175 0.460231 -0.000717
v 0.518143 0.460263 -0.000717
v 0.535672 0.476938 -0.000717
v 0.535646 0.476966 -0.000717
v 0.518175 0.469633 -0.035729
v 0.518143 0.469661 -0.035713
v 0.535702 0.266398 -0.000717
v 0.535616 0.266486 -0.000717
v 0.488246 0.200644 0.071255
v 0.488172 0.200710 0.071293
v 0.535702 0.240899 0.094262
v 0.535616 0.240975 0.094306
v 0.488246 0.219909 -0.000717
v 0.488172 0.219985 -0.000717
v 0.488246 0.200644 -0.072704
v 0.488172 0.200710 -0.072742
v 0.535702 0.266398 -0.000717
v 0.535616 0.266486 -0.000717
v 0.535702 0.240899 -0.095696
v 0.535616 0.240975 -0.095740
v 0.488246 0.219909 -0.000717
v 0.488172 0.219985 -0.000717
v -0.321658 -0.374841 0.077728
v -0.321724 -0.374755 0.077820
v -0.323127 -0.314305 -0.000741
v -0.323155 -0.314241 -0.000693
v -0.395258 -0.347516 -0.000763
v -0.395324 -0.347430 -0.000671
v -0.302077 -0.322109 0.021750
v -0.302105 -0.322047 0.021798
v -0.302080 -0.322103 -0.023206
v -0.302102 -0.322053 -0.023242
v -0.323133 -0.314291 -0.000704
v -0.323149 -0.314255 -0.000730
v -0.295084 -0.303200 -0.000704
v -0.295098 -0.303166 -0.000730
v -0.321658 -0.374841 -0.079178
v -0.321724 -0.374755 -0.079270
v -0.323127 -0.314305 -0.000693
v -0.323155 -0.314241 -0.000741
v -0.395258 -0.347516 -0.000671
v -0.395324 -0.347430 -0.000763
v 0.328857 -0.161207 -0.000717
v 0.328961 -0.161099 -0.000717
v 0.273714 -0.082423 0.090798
v 0.273804 -0.082343 0.090752
v 0.328856 -0.129414 0.117810
v 0.328962 -0.129322 0.117756
v 0.273714 -0.106949 -0.000717
v 0.273804 -0.106857 -0.000717
v 0.328857 -0.161207 -0.000717
v 0.328961 -0.161099 -0.000717
v 0.328856 -0.129414 -0.119244
v 0.328962 -0.129322 -0.119190
v 0.273714 -0.082423 -0.092247
v 0.273804 -0.082343 -0.092201
v 0.273714 -0.106949 -0.000717
v 0.273804 -0.106857 -0.000717
v -0.323133 -0.314291 -0.000730
v -0.323149 -0.314255 -0.000704
v -0.302083 -0.322096 0.021761
v -0.302099 -0.322060 0.021787
v -0.295084 -0.303200 -0.000730
v -0.295098 -0.303166 -0.000704
v -0.262952 -0.119730 0.258828
v -0.263030 -0.119576 0.258720
v -0.241969 -0.175309 0.114294
v -0.242013 -0.175137 0.114252
v -0.354566 -0.195304 0.148790
v -0.354616 -0.195102 0.148756
v -0.171455 -0.117600 0.197331
v -0.171527 -0.117476 0.197231
v -0.241968 -0.175309 -0.115744
v -0.242014 -0.175137 -0.115702
v -0.171455 -0.117600 -0.198780
v -0.171527 -0.117476 -0.198680
v -0.262952 -0.119730 -0.260277
v -0.263030 -0.119576 -0.260169
v -0.354566 -0.195304 -0.150240
v -0.354616 -0.195102 -0.150206
v 0.273804 -0.106949 -0.000717
v 0.273714 -0.106857 -0.000717
v 0.218661 -0.161207 -0.000717
v 0.218557 -0.161099 -0.000717
v 0.273804 -0.082423 0.090798
v 0.273714 -0.082343 0.090752
v 0.218662 -0.129414 0.117810
v 0.218556 -0.129322 0.117756
v 0.273804 -0.082423 -0.092247
v 0.273714 -0.082343 -0.092201
v 0.218661 -0.161207 -0.000717
v 0.218557 -0.161099 -0.000717
v 0.273804 -0.106949 -0.000717
v 0.273714 -0.106857 -0.000717
v 0.218662 -0.129414 -0.119244
v 0.218556 -0.129322 -0.119190
v 0.114408 -0.182429 -0.024693
v 0.114410 -0.182377 -0.024745
v 0.052811 -0.156873 -0.000682
v 0.052807 -0.156803 -0.000752
v 0.109707 -0.158737 -0.000693
v 0.109711 -0.158689 -0.000741
v 0.063561 -0.208737 -0.053688
v 0.063557 -0.208659 -0.053764
v -0.005626 -0.235464 -0.075177
v -0.005656 -0.235372 -0.075275
v 0.052811 -0.156882 -0.000674
v 0.052807 -0.156794 -0.000760
v -0.037325 -0.167992 -0.000665
v -0.037357 -0.167894 -0.000769
v -0.005626 -0.235464 0.073727
v -0.005656 -0.235372 0.073825
v 0.052811 -0.156882 -0.000760
v 0.052807 -0.156794 -0.000674
v -0.037325 -0.167992 -0.000769
v -0.037357 -0.167894 -0.000665
v 0.063561 -0.208737 0.052239
v 0.063557 -0.208659 0.052315
v 0.114408 -0.182429 0.023244
v 0.114410 -0.182377 0.023296
v 0.052811 -0.156873 -0.000752
v 0.052807 -0.156803 -0.000682
v 0.109707 -0.158736 -0.000740
v 0.109711 -0.158690 -0.000694
v 0.114408 -0.182426 0.023247
v 0.114410 -0.182380 0.023293
v 0.157556 -0.163585 -0.000743
v 0.157562 -0.163531 -0.000691
v -0.354566 -0.195303 0.148790
v -0.354616 -0.195103 0.148756
v -0.291072 -0.184734 -0.000717
v -0.291110 -0.184552 -0.000717
v -0.409619 -0.211916 -0.000717
v -0.409663 -0.211710 -0.000717
v -0.241968 -0.175309 0.114294
v -0.242014 -0.175136 0.114252
v -0.291072 -0.184734 -0.000717
v -0.291110 -0.184552 -0.000717
v -0.241968 -0.175309 -0.115744
v -0.242014 -0.175137 -0.115702
v -0.354566 -0.195303 -0.150240
v -0.354616 -0.195103 -0.150206
v -0.409619 -0.211916 -0.000717
v -0.409663 -0.211710 -0.000717
v 0.114408 -0.182426 -0.024696
v 0.114410 -0.182380 -0.024742
v 0.109708 -0.158735 -0.000696
v 0.109710 -0.158691 -0.000738
v 0.157556 -0.163585 -0.000691
v 0.157562 -0.163531 -0.000743
v -0.092941 0.176714 0.322184
v -0.093141 0.176820 0.322378
v -0.179415 0.005334 0.298203
v -0.179567 0.005390 0.298355
v -0.112212 -0.019502 0.372205
v -0.112370 -0.019444 0.372363
v -0.262887 -0.119673 0.258685
v -0.263095 -0.119633 0.258863
v -0.112210 -0.019503 0.372203
v -0.112372 -0.019443 0.372365
v -0.179425 0.005338 0.298213
v -0.179557 0.005386 0.298345
v -0.159350 0.160501 0.258685
v -0.159532 0.160603 0.258863
v -0.102076 0.332891 0.185722
v -0.102206 0.333023 0.185830
v -0.174782 0.290369 0.149230
v -0.174900 0.290495 0.149324
v -0.398870 -0.582932 0.136705
v -0.399012 -0.582884 0.136855
v -0.485230 -0.456454 -0.000787
v -0.485352 -0.456382 -0.000647
v -0.527720 -0.535087 -0.000792
v -0.527862 -0.535039 -0.000642
v -0.368080 -0.499944 0.124213
v -0.368202 -0.499872 0.124353
v 0.535616 -0.019046 0.164238
v 0.535702 -0.019090 0.164314
v 0.583072 0.004196 0.123746
v 0.583146 0.004158 0.123812
v 0.535616 0.076102 0.189730
v 0.535702 0.076102 0.189818
v 0.583072 0.076102 0.143242
v 0.583146 0.076102 0.143318
v 0.535616 0.076102 0.189730
v 0.535702 0.076102 0.189818
v 0.583072 0.148008 0.123746
v 0.583146 0.148046 0.123812
v 0.535616 0.171250 0.164238
v 0.535702 0.171294 0.164314
v 0.583072 0.076102 0.143242
v 0.583146 0.076102 0.143318
v -0.090110 -0.279215 0.071734
v -0.090072 -0.279291 0.071820
v -0.134255 -0.315517 0.059242
v -0.134227 -0.315589 0.059318
v -0.060159 -0.344697 -0.000757
v -0.060123 -0.344769 -0.000677
v -0.104603 -0.367919 -0.000753
v -0.104579 -0.367987 -0.000681
v 0.535646 0.503670 -0.046734
v 0.535672 0.503684 -0.046710
v 0.553143 0.530407 -0.070740
v 0.553175 0.530407 -0.070708
v 0.535646 0.530407 -0.054244
v 0.535672 0.530407 -0.054216
v 0.553143 0.495319 -0.061232
v 0.553175 0.495335 -0.061204
v 0.025881 -0.302537 -0.000770
v 0.025937 -0.302629 -0.000664
v -0.090114 -0.279206 0.071725
v -0.090068 -0.279300 0.071830
v -0.060165 -0.344686 -0.000770
v -0.060117 -0.344780 -0.000664
v -0.005669 -0.235372 0.073723
v -0.005613 -0.235464 0.073829
v -0.485235 -0.456451 -0.000781
v -0.485347 -0.456385 -0.000653
v -0.368085 -0.499941 0.124219
v -0.368197 -0.499875 0.124347
v -0.449144 -0.401425 -0.000775
v -0.449238 -0.401351 -0.000659
v -0.345794 -0.439815 0.109714
v -0.345888 -0.439741 0.109830
v -0.112364 -0.019445 0.372203
v -0.112218 -0.019500 0.372365
v -0.222387 -0.172865 0.322220
v -0.222295 -0.173040 0.322342
v -0.127633 -0.170126 0.258716
v -0.127549 -0.170270 0.258832
v -0.043954 -0.044669 0.299201
v -0.043828 -0.044717 0.299341
v -0.005667 -0.235377 0.073728
v -0.005615 -0.235459 0.073824
v 0.025885 -0.302545 -0.000761
v 0.025933 -0.302621 -0.000673
v 0.074382 -0.260855 -0.000752
v 0.074436 -0.260911 -0.000682
v 0.063529 -0.208667 0.052240
v 0.063589 -0.208729 0.052315
v 0.114390 -0.182386 0.023250
v 0.114428 -0.182420 0.023290
v 0.118939 -0.205805 -0.000738
v 0.118979 -0.205841 -0.000696
v 0.157535 -0.163536 -0.000743
v 0.157583 -0.163580 -0.000691
v 0.063529 -0.208667 0.052240
v 0.063589 -0.208729 0.052314
v 0.118926 -0.205795 -0.000751
v 0.118992 -0.205851 -0.000683
v 0.074381 -0.260853 -0.000753
v 0.074437 -0.260913 -0.000681
v 0.553143 0.530407 -0.070740
v 0.553175 0.530407 -0.070708
v 0.535646 0.557144 -0.046734
v 0.535672 0.557130 -0.046710
v 0.535646 0.530407 -0.054244
v 0.535672 0.530407 -0.054216
v 0.553143 0.565495 -0.061232
v 0.553175 0.565479 -0.061204
v -0.345792 -0.439817 0.109712
v -0.345890 -0.439739 0.109832
v -0.395258 -0.347516 -0.000762
v -0.395324 -0.347430 -0.000672
v -0.449142 -0.401427 -0.000777
v -0.449240 -0.401349 -0.000657
v -0.321658 -0.374841 0.077729
v -0.321724 -0.374755 0.077819
v -0.120363 -0.213243 -0.000761
v -0.120419 -0.213173 -0.000673
v -0.163854 -0.263096 -0.000755
v -0.163926 -0.263050 -0.000679
v -0.090063 -0.279286 0.071735
v -0.090119 -0.279220 0.071819
v -0.134206 -0.315574 0.059245
v -0.134276 -0.315532 0.059315
v 0.488246 0.004196 0.123746
v 0.488172 0.004158 0.123812
v 0.535702 0.076102 0.189730
v 0.535616 0.076102 0.189818
v 0.488246 0.076102 0.143242
v 0.488172 0.076102 0.143318
v 0.535702 -0.019046 0.164238
v 0.535616 -0.019090 0.164314
v -0.262953 -0.119729 -0.260276
v -0.263029 -0.119577 -0.260170
v -0.171456 -0.117599 -0.198779
v -0.171526 -0.117477 -0.198681
v -0.179430 0.005339 -0.299798
v -0.179552 0.005385 -0.299658
v -0.112488 -0.019318 -0.229277
v -0.112594 -0.019278 -0.229159
v 0.488246 0.076102 0.143242
v 0.488172 0.076102 0.143318
v 0.535702 0.076102 0.189730
v 0.535616 0.076102 0.189818
v 0.488246 0.148008 0.123746
v 0.488172 0.148046 0.123812
v 0.535702 0.171250 0.164238
v 0.535616 0.171294 0.164314
v -0.005624 -0.235468 0.073723
v -0.005658 -0.235368 0.073829
v -0.120358 -0.213249 -0.000769
v -0.120424 -0.213167 -0.000665
v -0.090057 -0.279294 0.071725
v -0.090125 -0.279212 0.071829
v -0.037324 -0.167993 -0.000770
v -0.037358 -0.167893 -0.000664
v 0.328857 0.076102 -0.237771
v 0.328961 0.076102 -0.237663
v 0.273714 0.167625 -0.159265
v 0.273804 0.167579 -0.159185
v 0.273714 0.076102 -0.183762
v 0.273804 0.076102 -0.183670
v 0.328856 0.194754 -0.206269
v 0.328962 0.194700 -0.206177
v 0.273714 -0.015421 -0.159265
v 0.273804 -0.015375 -0.159185
v 0.328857 0.076102 -0.237771
v 0.328961 0.076102 -0.237663
v 0.273714 0.076102 -0.183762
v 0.273804 0.076102 -0.183670
v 0.328856 -0.042555 -0.206269
v 0.328962 -0.042501 -0.206177
v 0.218661 0.076102 -0.237771
v 0.218557 0.076102 -0.237663
v 0.273804 0.167625 -0.159265
v 0.273714 0.167579 -0.159185
v 0.218662 0.194754 -0.206269
v 0.218556 0.194700 -0.206177
v 0.273804 0.076102 -0.183762
v 0.273714 0.076102 -0.183670
v -0.251061 -0.543390 -0.000787
v -0.250921 -0.543416 -0.000647
v -0.399011 -0.582879 0.136705
v -0.398871 -0.582936 0.136855
v -0.270158 -0.630720 -0.000790
v -0.270024 -0.630776 -0.000644
v -0.368211 -0.499895 0.124213
v -0.368071 -0.499921 0.124353
v -0.399006 -0.582881 0.136710
v -0.398876 -0.582935 0.136851
v -0.307991 -0.690678 -0.000779
v -0.307891 -0.690768 -0.000655
v -0.423141 -0.647908 0.122222
v -0.423041 -0.647998 0.122346
v 0.273804 -0.015421 -0.159265
v 0.273714 -0.015375 -0.159185
v 0.218661 0.076102 -0.237771
v 0.218557 0.076102 -0.237663
v 0.218662 -0.042555 -0.206269
v 0.218556 -0.042501 -0.206177
v 0.273804 0.076102 -0.183762
v 0.273714 0.076102 -0.183670
v 0.535672 0.503670 -0.046734
v 0.535646 0.503684 -0.046710
v 0.518175 0.530407 -0.070740
v 0.518143 0.530407 -0.070708
v 0.518175 0.495319 -0.061232
v 0.518143 0.495335 -0.061204
v 0.535672 0.530407 -0.054244
v 0.535646 0.530407 -0.054216
v 0.518175 0.530407 -0.070740
v 0.518143 0.530407 -0.070708
v 0.535672 0.557144 -0.046734
v 0.535646 0.557130 -0.046710
v 0.518175 0.565495 -0.061232
v 0.518143 0.565479 -0.061204
v 0.535672 0.530407 -0.054244
v 0.535646 0.530407 -0.054216
v -0.036198 0.237476 -0.151279
v -0.036084 0.237368 -0.151181
v -0.092111 0.097398 -0.198802
v -0.091971 0.097316 -0.198658
v -0.104991 0.195511 -0.115261
v -0.104891 0.195413 -0.115177
v -0.043957 -0.044669 -0.300790
v -0.043825 -0.044717 -0.300650
v -0.092093 0.097388 -0.198783
v -0.091989 0.097326 -0.198677
v -0.112597 -0.019277 -0.229277
v -0.112485 -0.019319 -0.229159
v -0.023853 0.111007 -0.260287
v -0.023729 0.110937 -0.260159
v -0.171549 -0.117529 -0.198782
v -0.171433 -0.117547 -0.198678
v -0.043956 -0.044669 -0.300788
v -0.043826 -0.044717 -0.300652
v -0.112596 -0.019278 -0.229276
v -0.112486 -0.019318 -0.229160
v -0.127659 -0.170185 -0.260285
v -0.127523 -0.170211 -0.260161
v -0.520389 -0.672038 -0.000757
v -0.520493 -0.672088 -0.000677
v -0.423024 -0.647952 0.122222
v -0.423158 -0.647954 0.122346
v -0.538224 -0.605182 -0.000779
v -0.538358 -0.605184 -0.000655
v -0.442739 -0.700873 0.082235
v -0.442843 -0.700923 0.082315
v -0.520389 -0.672038 -0.000677
v -0.520493 -0.672088 -0.000757
v -0.423024 -0.647952 -0.123656
v -0.423158 -0.647954 -0.123780
v -0.442739 -0.700873 -0.083685
v -0.442843 -0.700923 -0.083765
v -0.538224 -0.605182 -0.000655
v -0.538358 -0.605184 -0.000779
v -0.380477 -0.299042 -0.000717
v -0.380705 -0.299104 -0.000717
v -0.325898 -0.271919 0.185723
v -0.326084 -0.271937 0.185829
v -0.354495 -0.195189 0.148724
v -0.354687 -0.195217 0.148822
v -0.409550 -0.211789 -0.000717
v -0.409732 -0.211838 -0.000717
v -0.354495 -0.195189 -0.150174
v -0.354687 -0.195217 -0.150272
v -0.380477 -0.299042 -0.000717
v -0.380705 -0.299104 -0.000717
v -0.409550 -0.211789 -0.000717
v -0.409732 -0.211838 -0.000717
v -0.325898 -0.271919 -0.187172
v -0.326084 -0.271937 -0.187278
v -0.262919 -0.119666 0.258713
v -0.263063 -0.119640 0.258835
v -0.325898 -0.271919 0.185723
v -0.326084 -0.271937 0.185829
v -0.222261 -0.172971 0.322210
v -0.222421 -0.172935 0.322352
v -0.354508 -0.195191 0.148730
v -0.354674 -0.195215 0.148816
v -0.262919 -0.119666 -0.260162
v -0.263063 -0.119640 -0.260284
v -0.325898 -0.271919 -0.187172
v -0.326084 -0.271937 -0.187278
v -0.354508 -0.195191 -0.150180
v -0.354674 -0.195215 -0.150266
v -0.222261 -0.172971 -0.323659
v -0.222421 -0.172935 -0.323801
v -0.092969 0.176729 0.322211
v -0.093113 0.176805 0.322351
v -0.179400 0.005329 0.298188
v -0.179582 0.005396 0.298370
v -0.159378 0.160517 0.258712
v -0.159504 0.160588 0.258836
v -0.092969 0.176729 -0.323660
v -0.093113 0.176805 -0.323800
v -0.179400 0.005328 -0.299637
v -0.179582 0.005395 -0.299819
v -0.159378 0.160516 -0.260161
v -0.159504 0.160587 -0.260285
v -0.262905 -0.119669 0.258700
v -0.263077 -0.119637 0.258848
v -0.112186 -0.019512 0.372179
v -0.112396 -0.019434 0.372389
v -0.222261 -0.172971 0.322211
v -0.222421 -0.172935 0.322351
v -0.262905 -0.119669 -0.260149
v -0.263077 -0.119637 -0.260297
v -0.112186 -0.019512 -0.373613
v -0.112396 -0.019434 -0.373823
v -0.222261 -0.172971 -0.323660
v -0.222421 -0.172935 -0.323800
v -0.159369 0.160512 0.258704
v -0.159513 0.160592 0.258844
v -0.102049 0.332864 0.185700
v -0.102233 0.333050 0.185852
v -0.092965 0.176727 0.322207
v -0.093117 0.176807 0.322355
v -0.159369 0.160512 -0.260153
v -0.159513 0.160592 -0.260293
v -0.102049 0.332864 -0.187149
v -0.102233 0.333050 -0.187301
v -0.092965 0.176727 -0.323656
v -0.093117 0.176807 -0.323804
v -0.527725 -0.535086 -0.000647
v -0.527858 -0.535040 -0.000787
v -0.398874 -0.582931 -0.138159
v -0.399008 -0.582885 -0.138299
v -0.538224 -0.605182 -0.000655
v -0.538358 -0.605184 -0.000779
v -0.423024 -0.647952 -0.123656
v -0.423158 -0.647954 -0.123780
v -0.527725 -0.535086 -0.000787
v -0.527858 -0.535040 -0.000647
v -0.538224 -0.605182 -0.000779
v -0.538358 -0.605184 -0.000655
v -0.398874 -0.582931 0.136710
v -0.399008 -0.582885 0.136850
v -0.423024 -0.647952 0.122222
v -0.423158 -0.647954 0.122346
v -0.183256 -0.313874 -0.000690
v -0.183326 -0.313852 -0.000743
v -0.165759 -0.345102 -0.036200
v -0.165823 -0.345084 -0.036248
v -0.194251 -0.382289 -0.000692
v -0.194331 -0.382277 -0.000742
v -0.132211 0.243896 -0.000717
v -0.132369 0.243788 -0.000717
v -0.174752 0.290489 0.149298
v -0.174930 0.290375 0.149256
v -0.201851 0.349539 -0.000717
v -0.202031 0.349415 -0.000717
v -0.104864 0.195509 0.114298
v -0.105018 0.195415 0.114248
v -0.132212 0.243896 -0.000717
v -0.132369 0.243788 -0.000717
v -0.174752 0.290489 -0.150244
v -0.174930 0.290375 -0.150202
v -0.104864 0.195509 -0.115244
v -0.105018 0.195415 -0.115194
v -0.201851 0.349538 -0.000717
v -0.202031 0.349416 -0.000717
v -0.163857 -0.263094 -0.000752
v -0.163923 -0.263052 -0.000682
v -0.183261 -0.313872 -0.000740
v -0.183321 -0.313854 -0.000694
v -0.134208 -0.315573 0.059247
v -0.134274 -0.315533 0.059313
v -0.165760 -0.345102 0.034752
v -0.165822 -0.345084 0.034798
v -0.183256 -0.313874 -0.000743
v -0.183326 -0.313852 -0.000690
v -0.194251 -0.382289 -0.000742
v -0.194331 -0.382277 -0.000692
v 0.273820 -0.177756 0.145751
v 0.273698 -0.177860 0.145813
v 0.218663 -0.161100 -0.000717
v 0.218555 -0.161206 -0.000717
v 0.273820 -0.217027 -0.000717
v 0.273698 -0.217149 -0.000717
v 0.218663 -0.129322 0.117756
v 0.218555 -0.129414 0.117810
v 0.218663 -0.161100 -0.000717
v 0.218555 -0.161206 -0.000717
v 0.218663 -0.129322 -0.119190
v 0.218555 -0.129414 -0.119244
v 0.273820 -0.177756 -0.147186
v 0.273698 -0.177860 -0.147248
v 0.273820 -0.217027 -0.000717
v 0.273698 -0.217149 -0.000717
v 0.273820 -0.070462 0.253228
v 0.273698 -0.070524 0.253334
v 0.218663 -0.129322 0.117756
v 0.218555 -0.129414 0.117810
v 0.273820 -0.177755 0.145751
v 0.273698 -0.177860 0.145813
v 0.218663 -0.042501 0.204727
v 0.218555 -0.042555 0.204819
v 0.273820 -0.070462 -0.254677
v 0.273698 -0.070524 -0.254782
v 0.218663 -0.129322 -0.119190
v 0.218555 -0.129414 -0.119244
v 0.218663 -0.042501 -0.206177
v 0.218555 -0.042555 -0.206269
v 0.273820 -0.177756 -0.147186
v 0.273698 -0.177861 -0.147248
v -0.159358 0.160584 0.258831
v -0.159524 0.160520 0.258717
v -0.174750 0.290490 0.149299
v -0.174932 0.290374 0.149255
v -0.104863 0.195510 0.114298
v -0.105019 0.195414 0.114248
v -0.091971 0.097378 0.197333
v -0.092111 0.097336 0.197229
v -0.159358 0.160584 -0.260280
v -0.159524 0.160520 -0.260166
v -0.104863 0.195510 -0.115244
v -0.105019 0.195414 -0.115194
v -0.174750 0.290490 -0.150245
v -0.174932 0.290374 -0.150201
v -0.091971 0.097378 -0.198782
v -0.092111 0.097336 -0.198678
v 0.218663 -0.042501 0.204727
v 0.218555 -0.042555 0.204819
v 0.273820 0.076102 0.292221
v 0.273698 0.076102 0.292343
v 0.218663 0.076102 0.236718
v 0.218555 0.076102 0.236824
v 0.273820 -0.070462 0.253229
v 0.273698 -0.070524 0.253333
v 0.218663 -0.042501 -0.206177
v 0.218555 -0.042555 -0.206269
v 0.273820 0.076102 -0.293655
v 0.273698 0.076102 -0.293777
v 0.273820 -0.070462 -0.254678
v 0.273698 -0.070524 -0.254782
v 0.218663 0.076102 -0.237664
v 0.218555 0.076102 -0.237770
v -0.134208 -0.315573 -0.060697
v -0.134274 -0.315533 -0.060763
v -0.183261 -0.313872 -0.000694
v -0.183321 -0.313854 -0.000740
v -0.163857 -0.263094 -0.000682
v -0.163923 -0.263052 -0.000751
v -0.165761 -0.345101 -0.036202
v -0.165821 -0.345085 -0.036246
v 0.218663 0.194700 0.204727
v 0.218555 0.194754 0.204819
v 0.218663 0.076102 0.236718
v 0.218555 0.076102 0.236824
v 0.273820 0.076102 0.292221
v 0.273698 0.076102 0.292343
v 0.273820 0.222666 0.253228
v 0.273698 0.222728 0.253333
v 0.273820 0.076102 -0.293655
v 0.273698 0.076102 -0.293777
v 0.218663 0.194700 -0.206177
v 0.218555 0.194754 -0.206269
v 0.273820 0.222666 -0.254678
v 0.273698 0.222728 -0.254782
v 0.218663 0.076102 -0.237664
v 0.218555 0.076102 -0.237770
v 0.273820 0.329954 0.145751
v 0.273698 0.330059 0.145813
v 0.218663 0.194700 0.204727
v 0.218555 0.194754 0.204819
v 0.273820 0.222666 0.253228
v 0.273698 0.222728 0.253333
v 0.218663 0.281526 0.117756
v 0.218555 0.281618 0.117810
v 0.218663 0.194700 -0.206177
v 0.218555 0.194754 -0.206269
v 0.218663 0.281526 -0.119190
v 0.218555 0.281618 -0.119244
v 0.273820 0.329954 -0.147186
v 0.273698 0.330059 -0.147248
v 0.273820 0.222666 -0.254678
v 0.273698 0.222728 -0.254783
v 0.273820 0.369226 -0.000717
v 0.273698 0.369348 -0.000717
v 0.218663 0.281526 0.117756
v 0.218555 0.281618 0.117810
v 0.273820 0.329955 0.145751
v 0.273698 0.330059 0.145813
v 0.218663 0.313304 -0.000717
v 0.218555 0.313410 -0.000717
v 0.273820 0.369226 -0.000717
v 0.273698 0.369348 -0.000717
v 0.218663 0.281526 -0.119190
v 0.218555 0.281618 -0.119244
v 0.218663 0.313304 -0.000717
v 0.218555 0.313410 -0.000717
v 0.273820 0.329955 -0.147186
v 0.273698 0.330059 -0.147248
v 0.518176 0.600551 -0.000717
v 0.518142 0.600583 -0.000717
v 0.535678 0.606856 0.043265
v 0.535640 0.606888 0.043283
v 0.535678 0.618684 -0.000717
v 0.535640 0.618720 -0.000717
v 0.518176 0.591153 0.034263
v 0.518142 0.591181 0.034279
v 0.518176 0.600551 -0.000717
v 0.518142 0.600583 -0.000717
v 0.535678 0.606856 -0.044715
v 0.535640 0.606888 -0.044733
v 0.518176 0.591153 -0.035713
v 0.518142 0.591181 -0.035729
v 0.535678 0.618684 -0.000717
v 0.535640 0.618720 -0.000717
v -0.091973 0.097378 0.197332
v -0.092109 0.097336 0.197230
v -0.112487 -0.019318 0.228331
v -0.112595 -0.019278 0.228211
v -0.179428 0.005338 0.298350
v -0.179554 0.005386 0.298208
v -0.159361 0.160582 0.258829
v -0.159521 0.160522 0.258719
v -0.179428 0.005338 -0.299799
v -0.179554 0.005386 -0.299657
v -0.091973 0.097378 -0.198781
v -0.092109 0.097336 -0.198679
v -0.159361 0.160582 -0.260278
v -0.159521 0.160522 -0.260168
v -0.112487 -0.019318 -0.229278
v -0.112595 -0.019278 -0.229158
v 0.520373 0.533663 0.045780
v 0.520345 0.533691 0.045772
v 0.535623 0.548938 0.045780
v 0.535595 0.548966 0.045772
v 0.535629 0.533657 0.010277
v 0.535589 0.533697 0.010261
v 0.515772 0.533664 0.066284
v 0.515746 0.533690 0.066284
v 0.535622 0.553519 0.066284
v 0.535596 0.553545 0.066284
v 0.535623 0.548938 0.088772
v 0.535595 0.548966 0.088780
v 0.520373 0.533663 0.088772
v 0.520345 0.533691 0.088780
v 0.535629 0.533657 0.124275
v 0.535589 0.533697 0.124291
v 0.520373 0.533663 -0.047230
v 0.520345 0.533691 -0.047222
v 0.535629 0.533657 -0.011239
v 0.535589 0.533697 -0.011222
v 0.535623 0.548938 -0.047230
v 0.535595 0.548966 -0.047222
v 0.515772 0.533664 -0.067719
v 0.515746 0.533690 -0.067719
v 0.535622 0.553519 -0.067719
v 0.535596 0.553545 -0.067719
v 0.535623 0.548938 -0.089718
v 0.535595 0.548966 -0.089726
v 0.520373 0.533663 -0.089718
v 0.520345 0.533691 -0.089726
v 0.535629 0.533657 -0.125709
v 0.535589 0.533697 -0.125726
v 0.535678 0.574543 0.075759
v 0.535640 0.574561 0.075791
v 0.535678 0.606856 0.043265
v 0.535640 0.606888 0.043283
v 0.518176 0.591153 0.034263
v 0.518142 0.591181 0.034279
v 0.518176 0.565479 0.060258
v 0.518142 0.565495 0.060286
v 0.518176 0.591153 -0.035713
v 0.518142 0.591181 -0.035729
v 0.535678 0.574543 -0.077209
v 0.535640 0.574561 -0.077241
v 0.518176 0.565479 -0.061204
v 0.518142 0.565495 -0.061232
v 0.535678 0.606856 -0.044715
v 0.535640 0.606888 -0.044733
v 0.535672 0.503670 0.045788
v 0.535646 0.503684 0.045764
v 0.518175 0.469633 0.034279
v 0.518143 0.469661 0.034263
v 0.518175 0.495319 0.060286
v 0.518143 0.495335 0.060258
v 0.535672 0.484100 0.026283
v 0.535646 0.484124 0.026269
v 0.535672 0.503670 -0.046734
v 0.535646 0.503684 -0.046710
v 0.518175 0.469633 -0.035729
v 0.518143 0.469661 -0.035713
v 0.535672 0.484100 -0.027229
v 0.535646 0.484124 -0.027215
v 0.518175 0.495319 -0.061232
v 0.518143 0.495335 -0.061204
v 0.488246 0.004196 0.123746
v 0.488172 0.004158 0.123812
v 0.535702 -0.088700 0.094262
v 0.535616 -0.088776 0.094306
v 0.535702 -0.019046 0.164238
v 0.535616 -0.019090 0.164314
v 0.488246 -0.048440 0.071255
v 0.488172 -0.048506 0.071293
v 0.535702 -0.019046 -0.165688
v 0.535616 -0.019090 -0.165764
v 0.488246 -0.048440 -0.072704
v 0.488172 -0.048506 -0.072742
v 0.488246 0.004196 -0.125196
v 0.488172 0.004158 -0.125262
v 0.535702 -0.088700 -0.095696
v 0.535616 -0.088776 -0.095740
v 0.518176 0.530407 0.069259
v 0.518142 0.530407 0.069291
v 0.535678 0.574543 0.075759
v 0.535640 0.574561 0.075791
v 0.518175 0.565479 0.060258
v 0.518142 0.565495 0.060286
v 0.535678 0.530407 0.087765
v 0.535640 0.530407 0.087803
v 0.535678 0.574543 -0.077209
v 0.535640 0.574561 -0.077241
v 0.535678 0.530407 -0.088712
v 0.535640 0.530407 -0.088748
v 0.518176 0.530407 -0.070708
v 0.518142 0.530407 -0.070740
v 0.518176 0.565479 -0.061204
v 0.518142 0.565495 -0.061232
v 0.535702 0.240899 0.094262
v 0.535616 0.240975 0.094306
v 0.488246 0.148008 0.123746
v 0.488172 0.148046 0.123812
v 0.535702 0.171250 0.164237
v 0.535616 0.171294 0.164314
v 0.488246 0.200644 0.071255
v 0.488172 0.200710 0.071293
v 0.488246 0.200644 -0.072704
v 0.488172 0.200710 -0.072742
v 0.535702 0.171250 -0.165688
v 0.535616 0.171294 -0.165765
v 0.488246 0.148008 -0.125196
v 0.488172 0.148046 -0.125262
v 0.535702 0.240899 -0.095696
v 0.535616 0.240975 -0.095740
v 0.218662 0.281618 0.117810
v 0.218556 0.281526 0.117756
v 0.273804 0.167625 0.157816
v 0.273714 0.167579 0.157736
v 0.218662 0.194754 0.204819
v 0.218556 0.194700 0.204727
v 0.273804 0.234627 0.090798
v 0.273714 0.234547 0.090752
v 0.273804 0.167625 -0.159265
v 0.273714 0.167579 -0.159185
v 0.273804 0.234627 -0.092247
v 0.273714 0.234547 -0.092201
v 0.218662 0.281618 -0.119244
v 0.218556 0.281526 -0.119190
v 0.218662 0.194754 -0.206269
v 0.218556 0.194700 -0.206177
v 0.273804 -0.015421 -0.159265
v 0.273714 -0.015375 -0.159185
v 0.218662 -0.129414 -0.119244
v 0.218556 -0.129322 -0.119190
v 0.273804 -0.082423 -0.092247
v 0.273714 -0.082343 -0.092201
v 0.218662 -0.042555 -0.206269
v 0.218556 -0.042501 -0.206177
v 0.273804 -0.015421 0.157816
v 0.273714 -0.015375 0.157736
v 0.218662 -0.129414 0.117810
v 0.218556 -0.129322 0.117756
v 0.218662 -0.042555 0.204819
v 0.218556 -0.042501 0.204727
v 0.273804 -0.082423 0.090798
v 0.273714 -0.082343 0.090752
v 0.515772 0.600587 -0.000730
v 0.515746 0.600587 -0.000704
v 0.535623 0.622913 0.014757
v 0.535595 0.622921 0.014785
v 0.520373 0.622913 -0.000731
v 0.520345 0.622921 -0.000703
v 0.535629 0.658629 -0.000737
v 0.535589 0.658645 -0.000697
v 0.535622 0.600587 0.019259
v 0.535596 0.600587 0.019285
v 0.535623 0.580176 0.014757
v 0.535595 0.580168 0.014785
v 0.520373 0.580176 -0.000731
v 0.520345 0.580168 -0.000703
v 0.535629 0.544465 -0.000737
v 0.535589 0.544449 -0.000697
v 0.520373 0.580176 -0.000703
v 0.520345 0.580168 -0.000731
v 0.535626 0.600587 -0.020704
v 0.535592 0.600587 -0.020738
v 0.515772 0.600587 -0.000704
v 0.515746 0.600587 -0.000730
v 0.520374 0.622913 -0.000702
v 0.520344 0.622921 -0.000732
v 0.515772 0.466772 -0.000730
v 0.515746 0.466772 -0.000704
v 0.520373 0.444441 -0.000731
v 0.520345 0.444433 -0.000703
v 0.535623 0.444441 0.014757
v 0.535595 0.444433 0.014785
v 0.535629 0.408731 -0.000737
v 0.535589 0.408714 -0.000697
v 0.535622 0.466772 0.019259
v 0.535596 0.466772 0.019285
v 0.520373 0.487178 -0.000731
v 0.520345 0.487186 -0.000703
v 0.535623 0.487178 0.014757
v 0.535595 0.487186 0.014785
v 0.535629 0.522894 -0.000737
v 0.535589 0.522910 -0.000697
v 0.520373 0.487178 -0.000703
v 0.520345 0.487186 -0.000731
v 0.535626 0.466772 -0.020704
v 0.535592 0.466772 -0.020738
v 0.515772 0.466772 -0.000704
v 0.515746 0.466772 -0.000730
v 0.520374 0.444441 -0.000702
v 0.520344 0.444433 -0.000732
v 0.518175 0.495335 0.060258
v 0.518142 0.495319 0.060286
v 0.535678 0.530407 0.087765
v 0.535640 0.530407 0.087803
v 0.518176 0.530407 0.069259
v 0.518142 0.530407 0.069291
v 0.535678 0.486271 0.075759
v 0.535640 0.486253 0.075791
v 0.518176 0.495335 -0.061204
v 0.518142 0.495319 -0.061232
v 0.535678 0.530407 -0.088712
v 0.535640 0.530407 -0.088748
v 0.535678 0.486271 -0.077209
v 0.535640 0.486253 -0.077241
v 0.518176 0.530407 -0.070708
v 0.518142 0.530407 -0.070740
v 0.488247 0.219984 -0.000717
v 0.488171 0.219910 -0.000717
v 0.535690 0.158724 0.046798
v 0.535628 0.158670 0.046768
v 0.488247 0.200709 0.071292
v 0.488171 0.200645 0.071255
v 0.535690 0.171508 -0.000717
v 0.535628 0.171446 -0.000717
v 0.488247 0.219984 -0.000717
v 0.488171 0.219910 -0.000717
v 0.535690 0.158724 -0.048233
v 0.535628 0.158670 -0.048203
v 0.535690 0.171508 -0.000717
v 0.535628 0.171446 -0.000717
v 0.488247 0.200709 -0.072742
v 0.488171 0.200645 -0.072705
v 0.488247 0.200709 0.071292
v 0.488171 0.200645 0.071255
v 0.535690 0.123802 0.081799
v 0.535628 0.123772 0.081745
v 0.488247 0.148045 0.123811
v 0.488171 0.148009 0.123747
v 0.535691 0.158724 0.046798
v 0.535627 0.158670 0.046768
v 0.535690 0.123802 -0.083248
v 0.535628 0.123772 -0.083194
v 0.535691 0.158724 -0.048233
v 0.535627 0.158670 -0.048203
v 0.488247 0.200709 -0.072742
v 0.488171 0.200645 -0.072705
v 0.488247 0.148045 -0.125261
v 0.488171 0.148009 -0.125197
v 0.535690 0.076102 0.094803
v 0.535628 0.076102 0.094741
v 0.488247 0.148045 0.123811
v 0.488171 0.148009 0.123747
v 0.535690 0.123802 0.081799
v 0.535628 0.123772 0.081745
v 0.488247 0.076102 0.143317
v 0.488171 0.076102 0.143243
v 0.488247 0.148045 -0.125261
v 0.488171 0.148009 -0.125197
v 0.488247 0.076102 -0.144767
v 0.488171 0.076102 -0.144693
v 0.535690 0.076102 -0.096253
v 0.535628 0.076102 -0.096191
v 0.535690 0.123802 -0.083248
v 0.535628 0.123772 -0.083194
v 0.535690 0.028397 0.081799
v 0.535628 0.028427 0.081745
v 0.488247 0.076102 0.143317
v 0.488171 0.076102 0.143243
v 0.535690 0.076102 0.094803
v 0.535628 0.076102 0.094741
v 0.488247 0.004159 0.123811
v 0.488171 0.004195 0.123747
v 0.535690 0.028397 -0.083248
v 0.535628 0.028427 -0.083194
v 0.488247 0.076102 -0.144767
v 0.488171 0.076102 -0.144693
v 0.488247 0.004159 -0.125261
v 0.488171 0.004195 -0.125197
v 0.535690 0.076102 -0.096253
v 0.535628 0.076102 -0.096191
v 0.535690 0.028397 0.081799
v 0.535628 0.028427 0.081745
v 0.488247 -0.048505 0.071292
v 0.488171 -0.048441 0.071256
v 0.488247 0.004159 0.123811
v 0.488171 0.004195 0.123747
v 0.535691 -0.006525 0.046798
v 0.535627 -0.006471 0.046768
v 0.535690 0.028397 -0.083248
v 0.535628 0.028427 -0.083194
v 0.488247 -0.048505 -0.072741
v 0.488171 -0.048441 -0.072705
v 0.535691 -0.006525 -0.048233
v 0.535627 -0.006471 -0.048203
v 0.488247 0.004159 -0.125261
v 0.488171 0.004195 -0.125197
v 0.488247 -0.067785 -0.000717
v 0.488171 -0.067711 -0.000717
v 0.488247 -0.048505 0.071292
v 0.488171 -0.048441 0.071256
v 0.535690 -0.006525 0.046798
v 0.535628 -0.006471 0.046768
v 0.535690 -0.019304 -0.000717
v 0.535628 -0.019242 -0.000717
v 0.535690 -0.006525 -0.048233
v 0.535628 -0.006471 -0.048203
v 0.488247 -0.067785 -0.000717
v 0.488171 -0.067711 -0.000717
v 0.535690 -0.019304 -0.000717
v 0.535628 -0.019242 -0.000717
v 0.488247 -0.048505 -0.072741
v 0.488171 -0.048441 -0.072705
v 0.535678 0.486271 0.075759
v 0.535640 0.486253 0.075791
v 0.518176 0.469661 0.034263
v 0.518142 0.469633 0.034279
v 0.535678 0.453958 0.043265
v 0.535640 0.453926 0.043283
v 0.518176 0.495335 0.060258
v 0.518142 0.495319 0.060286
v 0.535678 0.486271 -0.077209
v 0.535640 0.486253 -0.077241
v 0.518176 0.469661 -0.035713
v 0.518142 0.469633 -0.035729
v 0.518176 0.495335 -0.061204
v 0.518142 0.495319 -0.061232
v 0.535678 0.453958 -0.044715
v 0.535640 0.453926 -0.044733
v 0.535678 0.453958 0.043265
v 0.535640 0.453926 0.043283
v 0.518176 0.460263 -0.000717
v 0.518142 0.460231 -0.000717
v 0.535678 0.442135 -0.000717
v 0.535640 0.442099 -0.000717
v 0.518176 0.469661 0.034263
v 0.518142 0.469633 0.034279
v 0.518176 0.460263 -0.000717
v 0.518142 0.460231 -0.000717
v 0.518176 0.469661 -0.035713
v 0.518142 0.469633 -0.035729
v 0.535678 0.453958 -0.044715
v 0.535640 0.453926 -0.044733
v 0.535678 0.442135 -0.000717
v 0.535640 0.442099 -0.000717
v 0.518175 0.591181 0.034279
v 0.518143 0.591153 0.034263
v 0.535672 0.557144 0.045788
v 0.535646 0.557130 0.045764
v 0.518175 0.565495 0.060286
v 0.518143 0.565479 0.060258
v 0.535672 0.576714 0.026283
v 0.535646 0.576690 0.026269
v 0.535672 0.557144 -0.046734
v 0.535646 0.557130 -0.046710
v 0.535672 0.576714 -0.027229
v 0.535646 0.576690 -0.027215
v 0.518175 0.591181 -0.035729
v 0.518143 0.591153 -0.035713
v 0.518175 0.565495 -0.061232
v 0.518143 0.565479 -0.061204
v -0.520384 -0.672035 -0.000673
v -0.520498 -0.672091 -0.000761
v -0.442734 -0.700870 -0.083681
v -0.442848 -0.700926 -0.083769
v -0.454099 -0.731416 -0.000694
v -0.454183 -0.731510 -0.000740
v -0.442734 -0.700870 0.082231
v -0.442848 -0.700926 0.082319
v -0.520384 -0.672035 -0.000761
v -0.520498 -0.672091 -0.000673
v -0.454099 -0.731416 -0.000740
v -0.454183 -0.731510 -0.000694
v -0.365116 -0.729674 -0.000761
v -0.365066 -0.729792 -0.000673
v -0.442816 -0.700839 0.082231
v -0.442766 -0.700957 0.082319
v -0.454142 -0.731400 -0.000740
v -0.454140 -0.731526 -0.000694
v -0.423141 -0.647908 -0.123656
v -0.423041 -0.647998 -0.123780
v -0.307991 -0.690678 -0.000655
v -0.307891 -0.690768 -0.000779
v -0.365114 -0.729680 -0.000677
v -0.365068 -0.729786 -0.000757
v -0.442815 -0.700842 -0.083683
v -0.442767 -0.700954 -0.083767
v -0.365116 -0.729674 -0.000673
v -0.365066 -0.729792 -0.000761
v -0.454142 -0.731400 -0.000694
v -0.454140 -0.731526 -0.000740
v 0.535616 -0.114194 -0.000717
v 0.535702 -0.114282 -0.000717
v 0.583072 -0.048440 0.071255
v 0.583146 -0.048506 0.071293
v 0.535616 -0.088700 0.094262
v 0.535702 -0.088776 0.094306
v 0.583072 -0.067710 -0.000717
v 0.583146 -0.067786 -0.000717
v 0.535616 -0.088700 -0.095696
v 0.535702 -0.088776 -0.095740
v 0.583072 -0.048440 -0.072704
v 0.583146 -0.048506 -0.072742
v 0.535616 -0.114194 -0.000717
v 0.535702 -0.114282 -0.000717
v 0.583072 -0.067710 -0.000717
v 0.583146 -0.067786 -0.000717
v -0.148345 -0.376112 -0.000742
v -0.148337 -0.376164 -0.000692
v -0.165796 -0.345064 0.034747
v -0.165786 -0.345122 0.034803
v -0.194295 -0.382254 -0.000744
v -0.194287 -0.382312 -0.000690
v -0.423141 -0.647908 0.122222
v -0.423041 -0.647998 0.122346
v -0.365114 -0.729680 -0.000757
v -0.365068 -0.729786 -0.000677
v -0.307991 -0.690678 -0.000779
v -0.307891 -0.690768 -0.000655
v -0.442814 -0.700845 0.082235
v -0.442768 -0.700951 0.082315
v -0.326027 -0.271809 0.185751
v -0.325955 -0.272047 0.185801
v -0.380621 -0.298960 -0.000717
v -0.380561 -0.299186 -0.000717
v -0.270371 -0.264579 -0.000717
v -0.270311 -0.264807 -0.000717
v -0.216071 -0.248801 0.149252
v -0.216011 -0.248995 0.149302
v -0.222387 -0.172865 0.322219
v -0.222295 -0.173041 0.322343
v -0.326025 -0.271817 0.185753
v -0.325957 -0.272039 0.185799
v -0.216071 -0.248801 0.149251
v -0.216011 -0.248995 0.149303
v -0.127634 -0.170125 0.258715
v -0.127548 -0.170271 0.258833
v -0.216071 -0.248801 -0.150700
v -0.216011 -0.248995 -0.150752
v -0.222387 -0.172865 -0.323668
v -0.222295 -0.173041 -0.323792
v -0.127634 -0.170125 -0.260164
v -0.127548 -0.170271 -0.260282
v -0.326025 -0.271817 -0.187202
v -0.325957 -0.272039 -0.187248
v -0.270371 -0.264579 -0.000717
v -0.270311 -0.264807 -0.000717
v -0.326027 -0.271809 -0.187200
v -0.325955 -0.272047 -0.187250
v -0.216071 -0.248801 -0.150701
v -0.216011 -0.248995 -0.150751
v -0.380621 -0.298960 -0.000717
v -0.380561 -0.299186 -0.000717
v -0.134254 -0.315520 -0.060695
v -0.134228 -0.315586 -0.060765
v -0.104602 -0.367920 -0.000683
v -0.104580 -0.367986 -0.000751
v -0.148345 -0.376112 -0.000693
v -0.148337 -0.376164 -0.000741
v -0.165796 -0.345065 -0.036197
v -0.165786 -0.345121 -0.036251
v -0.148345 -0.376112 -0.000692
v -0.148337 -0.376164 -0.000742
v -0.194295 -0.382254 -0.000690
v -0.194287 -0.382312 -0.000744
v -0.134254 -0.315520 0.059245
v -0.134228 -0.315586 0.059315
v -0.104602 -0.367920 -0.000751
v -0.104580 -0.367986 -0.000683
v -0.148345 -0.376112 -0.000741
v -0.148337 -0.376164 -0.000693
v -0.165796 -0.345066 0.034749
v -0.165786 -0.345120 0.034801
v 0.488246 -0.067710 -0.000717
v 0.488172 -0.067786 -0.000717
v 0.535702 -0.114194 -0.000717
v 0.535616 -0.114282 -0.000717
v 0.488246 -0.048440 0.071255
v 0.488172 -0.048506 0.071293
v 0.535702 -0.088700 0.094262
v 0.535616 -0.088776 0.094306
v 0.488246 -0.048440 -0.072704
v 0.488172 -0.048506 -0.072742
v 0.535702 -0.114194 -0.000717
v 0.535616 -0.114282 -0.000717
v 0.488246 -0.067710 -0.000717
v 0.488172 -0.067786 -0.000717
v 0.535702 -0.088700 -0.095696
v 0.535616 -0.088776 -0.095740
v 0.535594 0.513837 0.066284
v 0.535624 0.513807 0.066284
v 0.550893 0.533693 0.088771
v 0.550925 0.533661 0.088781
v 0.550893 0.533693 0.045781
v 0.550925 0.533661 0.045771
v 0.535595 0.518421 0.088772
v 0.535623 0.518393 0.088780
v 0.535589 0.533697 0.124275
v 0.535629 0.533657 0.124291
v 0.535595 0.518421 0.045780
v 0.535623 0.518393 0.045772
v 0.535589 0.533697 0.010277
v 0.535629 0.533657 0.010261
v 0.535595 0.518421 -0.089718
v 0.535623 0.518393 -0.089726
v 0.550893 0.533693 -0.089717
v 0.550925 0.533661 -0.089727
v 0.535595 0.513837 -0.067719
v 0.535623 0.513808 -0.067719
v 0.535589 0.533697 -0.125709
v 0.535629 0.533657 -0.125726
v 0.550893 0.533693 -0.047231
v 0.550925 0.533661 -0.047221
v 0.535595 0.518421 -0.047230
v 0.535623 0.518393 -0.047222
v 0.535589 0.533697 -0.011239
v 0.535629 0.533657 -0.011222
v 0.328857 0.313411 -0.000717
v 0.328961 0.313303 -0.000717
v 0.273714 0.234627 0.090798
v 0.273804 0.234547 0.090752
v 0.273714 0.259148 -0.000717
v 0.273804 0.259056 -0.000717
v 0.328856 0.281618 0.117810
v 0.328962 0.281526 0.117756
v 0.273714 0.234627 -0.092247
v 0.273804 0.234547 -0.092201
v 0.328857 0.313411 -0.000717
v 0.328961 0.313303 -0.000717
v 0.273714 0.259148 -0.000717
v 0.273804 0.259056 -0.000717
v 0.328856 0.281618 -0.119244
v 0.328962 0.281526 -0.119190
v 0.218661 0.313411 -0.000717
v 0.218557 0.313303 -0.000717
v 0.273804 0.234627 0.090798
v 0.273714 0.234547 0.090752
v 0.218662 0.281618 0.117810
v 0.218556 0.281526 0.117756
v 0.273804 0.259148 -0.000717
v 0.273714 0.259056 -0.000717
v 0.273804 0.234627 -0.092247
v 0.273714 0.234547 -0.092201
v 0.218661 0.313411 -0.000717
v 0.218557 0.313303 -0.000717
v 0.218662 0.281618 -0.119244
v 0.218556 0.281526 -0.119190
v 0.273804 0.259148 -0.000717
v 0.273714 0.259056 -0.000717
v 0.553143 0.600583 -0.000717
v 0.553175 0.600551 -0.000717
v 0.535645 0.576714 0.026283
v 0.535673 0.576690 0.026269
v 0.535645 0.583881 -0.000717
v 0.535673 0.583853 -0.000717
v 0.553143 0.591181 0.034279
v 0.553175 0.591153 0.034263
v 0.535646 0.576714 -0.027229
v 0.535672 0.576690 -0.027215
v 0.553143 0.600583 -0.000717
v 0.553175 0.600551 -0.000717
v 0.535646 0.583881 -0.000717
v 0.535672 0.583853 -0.000717
v 0.553143 0.591181 -0.035729
v 0.553175 0.591153 -0.035713
v -0.063205 0.294975 -0.000717
v -0.063075 0.294819 -0.000717
v -0.104998 0.195518 0.114321
v -0.104884 0.195406 0.114225
v -0.132341 0.243904 -0.000717
v -0.132239 0.243780 -0.000717
v -0.036199 0.237477 0.149830
v -0.036083 0.237367 0.149730
v -0.063205 0.294975 -0.000717
v -0.063075 0.294819 -0.000717
v -0.104998 0.195518 -0.115267
v -0.104884 0.195406 -0.115171
v -0.036199 0.237477 -0.151280
v -0.036083 0.237367 -0.151180
v -0.132341 0.243904 -0.000717
v -0.132239 0.243780 -0.000717
v 0.535622 0.513835 0.066284
v 0.535596 0.513809 0.066284
v 0.520373 0.533691 0.088772
v 0.520345 0.533663 0.088780
v 0.515772 0.533690 0.066284
v 0.515746 0.533664 0.066284
v 0.520373 0.533691 0.045780
v 0.520345 0.533663 0.045772
v 0.535623 0.518421 0.088772
v 0.535595 0.518393 0.088780
v 0.535629 0.533697 0.124275
v 0.535589 0.533657 0.124291
v 0.535623 0.518421 0.045780
v 0.535595 0.518393 0.045772
v 0.535629 0.533697 0.010277
v 0.535589 0.533657 0.010261
v 0.535622 0.513835 -0.067719
v 0.535596 0.513809 -0.067719
v 0.520373 0.533691 -0.089718
v 0.520345 0.533663 -0.089726
v 0.535623 0.518421 -0.089718
v 0.535595 0.518393 -0.089726
v 0.535629 0.533697 -0.125709
v 0.535589 0.533657 -0.125726
v 0.515772 0.533690 -0.067719
v 0.515746 0.533664 -0.067719
v 0.520373 0.533691 -0.047230
v 0.520345 0.533663 -0.047222
v 0.535623 0.518421 -0.047230
v 0.535595 0.518393 -0.047222
v 0.535629 0.533697 -0.011239
v 0.535589 0.533657 -0.011222
v 0.518175 0.600583 -0.000717
v 0.518143 0.600551 -0.000717
v 0.535673 0.576714 0.026283
v 0.535645 0.576690 0.026269
v 0.518175 0.591181 0.034279
v 0.518143 0.591153 0.034263
v 0.535673 0.583881 -0.000717
v 0.535645 0.583853 -0.000717
v 0.535672 0.576714 -0.027229
v 0.535646 0.576690 -0.027215
v 0.518175 0.600583 -0.000717
v 0.518143 0.600551 -0.000717
v 0.518175 0.591181 -0.035729
v 0.518143 0.591153 -0.035713
v 0.535672 0.583881 -0.000717
v 0.535646 0.583853 -0.000717
v -0.092941 0.176714 -0.323633
v -0.093141 0.176820 -0.323827
v -0.112212 -0.019502 -0.373639
v -0.112370 -0.019444 -0.373797
v -0.179415 0.005334 -0.299652
v -0.179567 0.005390 -0.299804
v -0.262887 -0.119673 -0.260134
v -0.263095 -0.119633 -0.260312
v -0.112210 -0.019503 -0.373637
v -0.112372 -0.019443 -0.373799
v -0.179425 0.005338 -0.299662
v -0.179557 0.005386 -0.299794
v -0.159350 0.160501 -0.260134
v -0.159532 0.160603 -0.260312
v -0.174782 0.290369 -0.150176
v -0.174900 0.290495 -0.150270
v -0.102076 0.332891 -0.187171
v -0.102206 0.333023 -0.187279
v -0.398870 -0.582932 -0.138154
v -0.399012 -0.582884 -0.138304
v -0.485230 -0.456454 -0.000647
v -0.485352 -0.456382 -0.000787
v -0.368080 -0.499944 -0.125647
v -0.368202 -0.499872 -0.125787
v -0.527720 -0.535087 -0.000642
v -0.527862 -0.535039 -0.000792
v 0.535616 0.076102 -0.191179
v 0.535702 0.076102 -0.191267
v 0.583072 0.004196 -0.125196
v 0.583146 0.004158 -0.125262
v 0.535616 -0.019046 -0.165688
v 0.535702 -0.019090 -0.165764
v 0.583072 0.076102 -0.144692
v 0.583146 0.076102 -0.144768
v 0.535616 0.171250 -0.165688
v 0.535702 0.171294 -0.165764
v 0.583072 0.148008 -0.125196
v 0.583146 0.148046 -0.125262
v 0.535616 0.076102 -0.191179
v 0.535702 0.076102 -0.191267
v 0.583072 0.076102 -0.144692
v 0.583146 0.076102 -0.144768
v -0.134255 -0.315517 -0.060692
v -0.134227 -0.315589 -0.060768
v -0.060159 -0.344697 -0.000677
v -0.060123 -0.344769 -0.000757
v -0.104603 -0.367919 -0.000681
v -0.104579 -0.367987 -0.000753
v -0.090110 -0.279215 -0.073184
v -0.090072 -0.279291 -0.073270
v 0.553143 0.530407 0.069291
v 0.553175 0.530407 0.069259
v 0.535646 0.503670 0.045788
v 0.535672 0.503684 0.045764
v 0.535646 0.530407 0.052794
v 0.535672 0.530407 0.052766
v 0.553143 0.495319 0.060286
v 0.553175 0.495335 0.060258
v 0.550895 0.622913 -0.000703
v 0.550923 0.622921 -0.000731
v 0.535593 0.622912 -0.015701
v 0.535625 0.622922 -0.015733
v 0.535589 0.658629 -0.000697
v 0.535629 0.658645 -0.000737
v 0.555445 0.600587 -0.000703
v 0.555474 0.600587 -0.000732
v 0.535593 0.580177 -0.015701
v 0.535625 0.580167 -0.015733
v 0.550895 0.580176 -0.000703
v 0.550923 0.580168 -0.000731
v 0.535589 0.544465 -0.000697
v 0.535629 0.544449 -0.000737
v 0.550895 0.444441 -0.000703
v 0.550923 0.444433 -0.000731
v 0.535589 0.408730 -0.000697
v 0.535629 0.408714 -0.000737
v 0.535593 0.444442 -0.015701
v 0.535625 0.444432 -0.015733
v 0.555445 0.466772 -0.000703
v 0.555474 0.466772 -0.000732
v 0.535593 0.487177 -0.015701
v 0.535625 0.487187 -0.015733
v 0.550895 0.487178 -0.000703
v 0.550923 0.487186 -0.000731
v 0.535589 0.522894 -0.000697
v 0.535629 0.522910 -0.000737
v -0.060165 -0.344686 -0.000664
v -0.060117 -0.344780 -0.000770
v -0.090114 -0.279206 -0.073174
v -0.090068 -0.279300 -0.073279
v 0.025881 -0.302537 -0.000664
v 0.025937 -0.302629 -0.000770
v -0.005669 -0.235372 -0.075173
v -0.005613 -0.235464 -0.075279
v -0.368085 -0.499941 -0.125653
v -0.368197 -0.499875 -0.125781
v -0.449144 -0.401425 -0.000659
v -0.449238 -0.401351 -0.000774
v -0.345794 -0.439815 -0.110660
v -0.345888 -0.439741 -0.110775
v -0.485235 -0.456451 -0.000653
v -0.485347 -0.456385 -0.000781
v -0.127633 -0.170126 -0.260165
v -0.127549 -0.170270 -0.260281
v -0.112364 -0.019446 -0.373637
v -0.112218 -0.019501 -0.373799
v -0.043954 -0.044669 -0.300650
v -0.043828 -0.044717 -0.300790
v -0.222387 -0.172866 -0.323669
v -0.222295 -0.173041 -0.323791
v -0.005667 -0.235377 -0.075178
v -0.005615 -0.235459 -0.075274
v 0.074382 -0.260855 -0.000682
v 0.074436 -0.260911 -0.000752
v 0.025885 -0.302545 -0.000673
v 0.025933 -0.302621 -0.000761
v 0.063529 -0.208667 -0.053688
v 0.063589 -0.208729 -0.053763
v 0.118939 -0.205805 -0.000696
v 0.118979 -0.205841 -0.000738
v 0.114390 -0.182386 -0.024699
v 0.114428 -0.182420 -0.024739
v 0.157535 -0.163536 -0.000691
v 0.157583 -0.163580 -0.000743
v 0.063529 -0.208667 -0.053689
v 0.063589 -0.208729 -0.053763
v 0.118926 -0.205795 -0.000683
v 0.118992 -0.205851 -0.000751
v 0.074381 -0.260853 -0.000681
v 0.074437 -0.260913 -0.000753
v 0.535646 0.557144 0.045788
v 0.535672 0.557130 0.045764
v 0.553143 0.530407 0.069291
v 0.553175 0.530407 0.069259
v 0.535646 0.530407 0.052794
v 0.535672 0.530407 0.052766
v 0.553143 0.565495 0.060286
v 0.553175 0.565479 0.060258
v -0.321658 -0.374841 -0.079179
v -0.321724 -0.374755 -0.079269
v -0.345792 -0.439817 -0.110658
v -0.345890 -0.439739 -0.110778
v -0.395258 -0.347516 -0.000672
v -0.395324 -0.347430 -0.000762
v -0.449142 -0.401427 -0.000657
v -0.449240 -0.401349 -0.000777
v -0.163854 -0.263096 -0.000680
v -0.163926 -0.263050 -0.000754
v -0.090063 -0.279286 -0.073185
v -0.090119 -0.279220 -0.073269
v -0.134206 -0.315574 -0.060695
v -0.134276 -0.315532 -0.060765
v -0.120363 -0.213243 -0.000673
v -0.120419 -0.213173 -0.000761
v 0.488246 0.076102 -0.144692
v 0.488172 0.076102 -0.144768
v 0.535702 0.076102 -0.191179
v 0.535616 0.076102 -0.191267
v 0.488246 0.004196 -0.125196
v 0.488172 0.004158 -0.125262
v 0.535702 -0.019046 -0.165688
v 0.535616 -0.019090 -0.165764
v -0.171456 -0.117599 0.197330
v -0.171526 -0.117477 0.197232
v -0.179429 0.005339 0.298348
v -0.179553 0.005385 0.298210
v -0.112488 -0.019318 0.228330
v -0.112594 -0.019278 0.228212
v -0.262953 -0.119729 0.258827
v -0.263029 -0.119577 0.258721
v 0.488246 0.148008 -0.125196
v 0.488172 0.148046 -0.125262
v 0.535702 0.076102 -0.191179
v 0.535616 0.076102 -0.191267
v 0.488246 0.076102 -0.144692
v 0.488172 0.076102 -0.144768
v 0.535702 0.171250 -0.165688
v 0.535616 0.171294 -0.165764
v -0.090057 -0.279294 -0.073175
v -0.090125 -0.279212 -0.073279
v -0.120358 -0.213249 -0.000665
v -0.120424 -0.213167 -0.000769
v -0.005624 -0.235468 -0.075173
v -0.005658 -0.235368 -0.075279
v -0.037324 -0.167993 -0.000664
v -0.037358 -0.167893 -0.000770
v 0.273714 0.167625 0.157816
v 0.273804 0.167579 0.157736
v 0.328856 0.076102 0.236825
v 0.328962 0.076102 0.236717
v 0.273714 0.076102 0.182327
v 0.273804 0.076102 0.182235
v 0.328856 0.194754 0.204819
v 0.328962 0.194700 0.204727
v 0.328856 0.076102 0.236825
v 0.328962 0.076102 0.236717
v 0.273714 -0.015421 0.157816
v 0.273804 -0.015375 0.157736
v 0.273714 0.076102 0.182327
v 0.273804 0.076102 0.182235
v 0.328856 -0.042555 0.204819
v 0.328962 -0.042501 0.204727
v 0.273804 0.167625 0.157816
v 0.273714 0.167579 0.157736
v 0.218662 0.076102 0.236825
v 0.218556 0.076102 0.236717
v 0.218662 0.194754 0.204819
v 0.218556 0.194700 0.204727
v 0.273804 0.076102 0.182327
v 0.273714 0.076102 0.182235
v -0.307991 -0.690678 -0.000655
v -0.307891 -0.690768 -0.000779
v -0.399006 -0.582881 -0.138158
v -0.398876 -0.582935 -0.138299
v -0.270158 -0.630720 -0.000644
v -0.270024 -0.630776 -0.000790
v -0.423141 -0.647908 -0.123656
v -0.423041 -0.647998 -0.123780
v -0.399011 -0.582879 -0.138154
v -0.398871 -0.582936 -0.138304
v -0.251061 -0.543390 -0.000647
v -0.250921 -0.543416 -0.000787
v -0.368211 -0.499895 -0.125647
v -0.368071 -0.499921 -0.125787
v 0.218662 0.076102 0.236825
v 0.218556 0.076102 0.236717
v 0.273804 -0.015421 0.157816
v 0.273714 -0.015375 0.157736
v 0.218662 -0.042555 0.204819
v 0.218556 -0.042501 0.204727
v 0.273804 0.076102 0.182327
v 0.273714 0.076102 0.182235
v 0.518175 0.530407 0.069291
v 0.518143 0.530407 0.069259
v 0.535672 0.503670 0.045788
v 0.535646 0.503684 0.045764
v 0.518175 0.495319 0.060286
v 0.518143 0.495335 0.060258
v 0.535672 0.530407 0.052794
v 0.535646 0.530407 0.052766
v 0.520375 0.580177 -0.000701
v 0.520343 0.580167 -0.000733
v 0.535623 0.580176 -0.015703
v 0.535595 0.580168 -0.015731
v 0.535629 0.544465 -0.000697
v 0.535589 0.544449 -0.000737
v 0.535624 0.600587 -0.020706
v 0.535594 0.600587 -0.020736
v 0.520375 0.622912 -0.000701
v 0.520343 0.622922 -0.000733
v 0.535623 0.622913 -0.015703
v 0.535595 0.622921 -0.015731
v 0.535629 0.658629 -0.000697
v 0.535589 0.658645 -0.000737
v 0.520375 0.487177 -0.000701
v 0.520343 0.487187 -0.000733
v 0.535629 0.522894 -0.000697
v 0.535589 0.522910 -0.000737
v 0.535623 0.487178 -0.015703
v 0.535595 0.487186 -0.015731
v 0.535624 0.466772 -0.020706
v 0.535594 0.466772 -0.020736
v 0.520375 0.444442 -0.000701
v 0.520343 0.444432 -0.000733
v 0.535623 0.444441 -0.015703
v 0.535595 0.444433 -0.015731
v 0.535629 0.408730 -0.000697
v 0.535589 0.408714 -0.000737
v 0.535672 0.557144 0.045788
v 0.535646 0.557130 0.045764
v 0.518175 0.530407 0.069291
v 0.518143 0.530407 0.069259
v 0.518175 0.565495 0.060286
v 0.518143 0.565479 0.060258
v 0.535672 0.530407 0.052794
v 0.535646 0.530407 0.052766
v -0.036198 0.237476 0.149829
v -0.036084 0.237368 0.149731
v -0.092111 0.097398 0.197352
v -0.091971 0.097316 0.197210
v -0.104991 0.195511 0.114315
v -0.104891 0.195413 0.114231
v -0.043957 -0.044669 0.299340
v -0.043825 -0.044717 0.299202
v -0.092093 0.097388 0.197334
v -0.091989 0.097326 0.197228
v -0.023853 0.111007 0.258838
v -0.023729 0.110937 0.258710
v -0.112597 -0.019277 0.228330
v -0.112485 -0.019319 0.228212
v -0.043956 -0.044669 0.299339
v -0.043826 -0.044717 0.299203
v -0.127659 -0.170185 0.258836
v -0.127523 -0.170211 0.258712
v -0.171550 -0.117529 0.197333
v -0.171432 -0.117547 0.197229
v -0.112596 -0.019278 0.228329
v -0.112486 -0.019318 0.228213
v -0.632031 0.227888 0.231339
v -0.631951 0.227816 0.231215
v -0.632031 -0.039729 0.231339
v -0.631951 -0.039657 0.231215
v -0.632031 -0.137680 0.133810
v -0.631951 -0.137556 0.133738
v -0.696041 -0.015189 0.188827
v -0.695941 -0.015137 0.188737
v -0.696041 -0.095178 0.109309
v -0.695941 -0.095088 0.109257
v -0.745143 -0.039785 0.077287
v -0.745039 -0.039731 0.077255
v -0.696044 -0.124463 -0.000229
v -0.695938 -0.124353 -0.000229
v -0.745143 -0.060494 -0.000229
v -0.745040 -0.060432 -0.000229
v -0.775980 0.024722 0.039786
v -0.775902 0.024742 0.039774
v -0.696041 -0.095178 -0.109248
v -0.695941 -0.095088 -0.109196
v -0.775985 0.013994 -0.000229
v -0.775897 0.014020 -0.000229
v -0.786602 0.094082 -0.000229
v -0.786480 0.094082 -0.000229
v -0.775980 0.024722 -0.040228
v -0.775902 0.024742 -0.040216
v -0.745143 -0.039785 -0.077241
v -0.745039 -0.039731 -0.077209
v -0.775985 0.054036 -0.069728
v -0.775897 0.054048 -0.069706
v -0.775980 0.094082 -0.080242
v -0.775902 0.094082 -0.080220
v -0.745143 0.016791 -0.134243
v -0.745039 0.016823 -0.134189
v -0.745143 0.094082 -0.154755
v -0.745040 0.094082 -0.154693
v -0.696041 -0.015189 -0.189269
v -0.695941 -0.015137 -0.189179
v -0.632031 -0.137680 -0.133764
v -0.631951 -0.137556 -0.133692
v -0.632031 -0.039729 -0.231782
v -0.631951 -0.039657 -0.231658
v -0.696044 0.094082 0.218332
v -0.695938 0.094082 0.218222
v -0.745143 0.094082 0.154313
v -0.745040 0.094082 0.154251
v -0.696041 0.203348 0.188827
v -0.695941 0.203296 0.188737
v -0.745143 0.171368 0.133801
v -0.745040 0.171336 0.133747
v -0.775980 0.094082 0.079784
v -0.775902 0.094082 0.079762
v -0.745143 0.016791 0.133801
v -0.745040 0.016823 0.133747
v -0.775985 0.134123 0.069286
v -0.775897 0.134111 0.069264
v -0.745143 0.227949 0.077287
v -0.745039 0.227895 0.077255
v -0.775985 0.054036 0.069286
v -0.775897 0.054048 0.069264
v -0.775980 0.163437 0.039786
v -0.775902 0.163417 0.039774
v -0.745143 0.248658 -0.000229
v -0.745040 0.248596 -0.000229
v -0.775985 0.174170 -0.000229
v -0.775897 0.174144 -0.000229
v -0.696041 0.283342 0.109309
v -0.695941 0.283252 0.109257
v -0.775980 0.163437 -0.040228
v -0.775902 0.163417 -0.040216
v -0.696044 0.312622 -0.000229
v -0.695938 0.312512 -0.000229
v -0.632031 0.325844 0.133810
v -0.631951 0.325720 0.133738
v -0.745143 0.227949 -0.077241
v -0.745039 0.227895 -0.077209
v -0.696041 0.283342 -0.109248
v -0.695941 0.283252 -0.109196
v -0.775985 0.134123 -0.069728
v -0.775897 0.134111 -0.069706
v -0.696041 0.203348 -0.189269
v -0.695941 0.203296 -0.189179
v -0.745143 0.171368 -0.134243
v -0.745039 0.171336 -0.134189
v -0.632031 0.325844 -0.133764
v -0.631951 0.325720 -0.133692
v -0.696044 0.094082 -0.218774
v -0.695938 0.094082 -0.218664
v -0.632031 0.227888 -0.231782
v -0.631951 0.227816 -0.231658
v -0.323196 -0.039728 0.231347
v -0.323286 -0.039648 0.231207
v -0.180298 0.026318 0.117328
v -0.180384 0.026376 0.117230
v -0.397671 -0.055146 0.258336
v -0.397711 -0.055070 0.258204
v -0.259193 -0.095160 0.109311
v -0.259289 -0.095066 0.109255
v -0.632036 -0.039733 0.231347
v -0.631946 -0.039653 0.231207
v -0.557561 -0.055146 0.258336
v -0.557521 -0.055070 0.258204
v -0.477641 -0.060408 0.267343
v -0.477641 -0.060328 0.267203
v -0.477641 -0.173511 0.154327
v -0.477641 -0.173355 0.154237
v -0.557565 -0.164403 0.148819
v -0.557517 -0.164243 0.148727
v -0.397667 -0.164403 0.148819
v -0.397715 -0.164243 0.148727
v -0.477641 -0.214903 -0.000229
v -0.477641 -0.214723 -0.000229
v -0.632028 -0.137675 0.133807
v -0.631954 -0.137561 0.133742
v -0.323204 -0.137675 0.133807
v -0.323278 -0.137561 0.133742
v -0.557563 -0.204383 -0.000229
v -0.557519 -0.204213 -0.000229
v -0.696041 -0.095178 0.109309
v -0.695941 -0.095088 0.109257
v -0.632031 -0.173535 -0.000229
v -0.631951 -0.173391 -0.000229
v -0.696044 -0.124463 -0.000229
v -0.695938 -0.124353 -0.000229
v -0.696041 -0.095178 -0.109248
v -0.695941 -0.095088 -0.109196
v -0.632031 -0.137680 -0.133764
v -0.631951 -0.137556 -0.133692
v -0.632031 -0.039729 -0.231782
v -0.631951 -0.039657 -0.231658
v -0.557563 -0.164397 -0.149274
v -0.557519 -0.164249 -0.149188
v -0.557561 -0.055146 -0.258794
v -0.557521 -0.055070 -0.258662
v -0.477641 -0.173511 -0.154769
v -0.477641 -0.173355 -0.154679
v -0.477641 -0.060408 -0.267801
v -0.477641 -0.060328 -0.267661
v -0.397671 -0.055146 -0.258794
v -0.397711 -0.055070 -0.258662
v -0.397667 -0.164403 -0.149277
v -0.397715 -0.164243 -0.149185
v -0.323196 -0.039728 -0.231790
v -0.323286 -0.039648 -0.231650
v -0.259193 -0.095160 -0.109249
v -0.259289 -0.095066 -0.109195
v -0.323204 -0.137675 -0.133760
v -0.323278 -0.137561 -0.133696
v -0.397669 -0.204383 -0.000229
v -0.397713 -0.204213 -0.000229
v -0.323201 -0.173535 -0.000229
v -0.323281 -0.173391 -0.000229
v -0.180298 0.026318 -0.117771
v -0.180384 0.026376 -0.117673
v -0.259190 -0.124440 -0.000229
v -0.259292 -0.124326 -0.000229
v -0.180304 -0.023280 -0.067744
v -0.180378 -0.023196 -0.067694
v -0.180304 -0.023281 0.067805
v -0.180378 -0.023195 0.067755
v -0.180304 -0.041437 -0.000229
v -0.180378 -0.041339 -0.000229
v -0.085013 0.016954 -0.044760
v -0.085069 0.017080 -0.044688
v -0.085013 0.016954 0.044317
v -0.085069 0.017080 0.044245
v -0.085018 0.005032 -0.000229
v -0.085064 0.005152 -0.000229
v 0.054029 0.051476 0.024324
v 0.053989 0.051638 0.024230
v 0.054043 0.069454 0.042418
v 0.053975 0.069610 0.042146
v 0.054029 0.051476 -0.024766
v 0.053989 0.051638 -0.024672
v 0.054025 0.044902 -0.000229
v 0.053993 0.045052 -0.000229
v 0.264919 0.076704 0.009832
v 0.264899 0.076880 0.009730
v 0.264920 0.084037 0.017377
v 0.264898 0.084157 0.017169
v 0.373518 0.081119 0.007414
v 0.373500 0.081595 0.007142
v 0.264931 0.073889 -0.000229
v 0.264887 0.074345 -0.000229
v 1.254388 0.086567 0.004377
v 1.254230 0.086927 0.004167
v 0.264917 0.076720 -0.010264
v 0.264901 0.076864 -0.010182
v 0.373518 0.081119 -0.007857
v 0.373500 0.081595 -0.007585
v 0.054043 0.069454 -0.042861
v 0.053975 0.069610 -0.042589
v 0.264917 0.084056 -0.017299
v 0.264901 0.084138 -0.017155
v 1.254388 0.086567 -0.004332
v 1.254230 0.086927 -0.004122
v 1.254376 0.085441 -0.000229
v 1.254243 0.085793 -0.000229
v 1.258412 0.090066 -0.002717
v 1.258406 0.090068 -0.002715
v 1.258411 0.089441 -0.000229
v 1.258407 0.089443 -0.000229
v 1.258412 0.090066 0.002275
v 1.258406 0.090068 0.002273
v -0.323204 0.227884 -0.231777
v -0.323278 0.227819 -0.231663
v -0.259193 0.203339 -0.189271
v -0.259289 0.203284 -0.189177
v -0.180296 0.161842 -0.117773
v -0.180386 0.161782 -0.117671
v -0.085013 0.171210 -0.044760
v -0.085069 0.171084 -0.044688
v 0.054032 0.136695 -0.024773
v 0.053986 0.136509 -0.024665
v -0.696041 -0.015189 -0.189269
v -0.695941 -0.015137 -0.189179
v -0.632028 -0.039726 -0.231777
v -0.631954 -0.039661 -0.231663
v -0.557561 -0.055146 -0.258794
v -0.557521 -0.055070 -0.258662
v -0.557563 0.094082 -0.298806
v -0.557519 0.094082 -0.298636
v -0.477641 0.094082 -0.309309
v -0.477641 0.094082 -0.309129
v -0.477641 -0.060408 -0.267801
v -0.477641 -0.060328 -0.267661
v -0.397671 -0.055146 -0.258794
v -0.397711 -0.055070 -0.258662
v -0.397667 -0.164401 -0.149276
v -0.397715 -0.164245 -0.149186
v -0.397669 0.094082 -0.298806
v -0.397713 0.094082 -0.298636
v -0.397668 0.243317 -0.258805
v -0.397714 0.243227 -0.258651
v -0.323197 -0.039727 -0.231789
v -0.323285 -0.039649 -0.231651
v -0.323201 0.094082 -0.267803
v -0.323281 0.094082 -0.267659
v -0.259190 0.094082 -0.218776
v -0.259292 0.094082 -0.218662
v -0.259193 -0.015181 -0.189271
v -0.259289 -0.015126 -0.189177
v -0.180304 0.094082 -0.135776
v -0.180378 0.094082 -0.135678
v -0.323201 -0.137680 -0.133764
v -0.323281 -0.137556 -0.133692
v -0.180296 0.026317 -0.117773
v -0.180386 0.026377 -0.117671
v -0.085013 0.016954 -0.044760
v -0.085069 0.017080 -0.044688
v -0.085018 0.049557 -0.077277
v -0.085064 0.049617 -0.077173
v 0.054029 0.051476 -0.024766
v 0.053989 0.051638 -0.024672
v 0.264924 0.076654 -0.010302
v 0.264894 0.076930 -0.010144
v 0.373521 0.081035 -0.007905
v 0.373497 0.081679 -0.007537
v 0.054029 0.069487 -0.042804
v 0.053989 0.069577 -0.042646
v 0.264917 0.084056 -0.017298
v 0.264901 0.084138 -0.017156
v -0.085018 0.094082 -0.089278
v -0.085064 0.094082 -0.089158
v 0.054025 0.094082 -0.049300
v 0.053993 0.094082 -0.049150
v -0.085014 0.138606 -0.077284
v -0.085068 0.138538 -0.077166
v 0.054029 0.118679 -0.042806
v 0.053989 0.118585 -0.042644
v 0.264938 0.104212 -0.017489
v 0.264880 0.103912 -0.016965
v 0.264931 0.094082 -0.020446
v 0.264887 0.094082 -0.019990
v 0.373524 0.086505 -0.013132
v 0.373494 0.086969 -0.012320
v 1.254465 0.086390 -0.004435
v 1.254153 0.087104 -0.004019
v 1.254368 0.089768 -0.007857
v 1.254250 0.089926 -0.007585
v 1.254397 0.098430 -0.007923
v 1.254221 0.098194 -0.007519
v 1.254376 0.094082 -0.008904
v 1.254242 0.094082 -0.008552
v 1.258412 0.091761 -0.004228
v 1.258406 0.091763 -0.004226
v 1.258411 0.094082 -0.004731
v 1.258407 0.094082 -0.004729
v 1.258412 0.096398 -0.004228
v 1.258406 0.096396 -0.004226
v -0.696041 0.203348 -0.189269
v -0.695941 0.203296 -0.189179
v -0.632031 0.325844 -0.133764
v -0.631951 0.325720 -0.133692
v -0.696044 0.094082 -0.218774
v -0.695938 0.094082 -0.218664
v -0.632035 0.227891 -0.231789
v -0.631947 0.227813 -0.231651
v -0.632031 0.094082 -0.267803
v -0.631951 0.094082 -0.267659
v -0.557564 0.352560 -0.149276
v -0.557518 0.352404 -0.149186
v -0.557564 0.243317 -0.258805
v -0.557518 0.243227 -0.258651
v -0.477641 0.361703 -0.154788
v -0.477641 0.361481 -0.154660
v -0.477641 0.248572 -0.267809
v -0.477641 0.248482 -0.267653
v -0.323201 0.325839 -0.133764
v -0.323281 0.325715 -0.133692
v -0.323201 0.325839 0.133810
v -0.323281 0.325715 0.133738
v -0.259189 0.283328 -0.109252
v -0.259293 0.283226 -0.109192
v -0.323201 0.227888 -0.231782
v -0.323281 0.227816 -0.231658
v -0.259189 0.283328 0.109313
v -0.259293 0.283226 0.109253
v -0.323201 0.227888 0.231339
v -0.323281 0.227816 0.231215
v -0.259185 0.312606 -0.000229
v -0.259297 0.312478 -0.000229
v -0.259189 0.203342 -0.189275
v -0.259293 0.203282 -0.189173
v -0.259189 0.203342 0.188833
v -0.259293 0.203282 0.188731
v -0.180303 0.211441 -0.067744
v -0.180379 0.211353 -0.067694
v -0.180303 0.161837 -0.117766
v -0.180379 0.161787 -0.117678
v -0.180302 0.229598 -0.000229
v -0.180380 0.229496 -0.000229
v -0.180303 0.211441 0.067805
v -0.180379 0.211353 0.067755
v -0.180303 0.161837 0.117323
v -0.180379 0.161787 0.117235
v -0.180302 0.094082 0.135320
v -0.180380 0.094082 0.135218
v -0.259185 0.094082 0.218341
v -0.259297 0.094082 0.218213
v -0.259189 -0.015183 0.188833
v -0.259293 -0.015123 0.188731
v -0.323201 -0.039724 0.231339
v -0.323281 -0.039652 0.231215
v -0.180303 0.026322 0.117323
v -0.180379 0.026372 0.117235
v -0.259189 -0.095164 0.109313
v -0.259293 -0.095062 0.109253
v -0.323201 -0.137680 0.133810
v -0.323281 -0.137556 0.133738
v -0.323201 -0.039724 -0.231782
v -0.323281 -0.039652 -0.231658
v -0.259185 0.094082 -0.218783
v -0.259297 0.094082 -0.218655
v -0.259189 -0.015183 -0.189275
v -0.259293 -0.015123 -0.189173
v -0.180302 0.094082 -0.135778
v -0.180380 0.094082 -0.135676
v -0.259189 -0.095164 -0.109252
v -0.259293 -0.095062 -0.109192
v -0.323201 -0.137680 -0.133764
v -0.323281 -0.137556 -0.133692
v -0.180303 0.026322 -0.117766
v -0.180379 0.026372 -0.117678
v -0.259185 -0.124447 -0.000229
v -0.259297 -0.124319 -0.000229
v -0.180303 -0.023282 -0.067744
v -0.180379 -0.023194 -0.067694
v -0.180303 -0.023282 0.067805
v -0.180379 -0.023194 0.067755
v -0.180302 -0.041439 -0.000229
v -0.180380 -0.041337 -0.000229
v 1.254310 0.086744 0.004274
v 1.254308 0.086750 0.004270
v 1.254310 0.086744 -0.004229
v 1.254308 0.086750 -0.004225
v 1.254310 0.089845 -0.007724
v 1.254308 0.089849 -0.007718
v 1.254310 0.098314 -0.007724
v 1.254308 0.098310 -0.007718
v 1.258412 0.091761 -0.004228
v 1.258406 0.091763 -0.004226
v 1.258411 0.090066 -0.002717
v 1.258407 0.090068 -0.002715
v 1.258411 0.089441 -0.000229
v 1.258407 0.089443 -0.000229
v 1.258411 0.090066 0.002275
v 1.258407 0.090068 0.002273
v 1.258411 0.091761 0.003785
v 1.258407 0.091763 0.003783
v 1.254310 0.089845 0.007281
v 1.254308 0.089849 0.007275
v 1.258411 0.094082 -0.004731
v 1.258407 0.094082 -0.004729
v 1.258411 0.094082 0.004273
v 1.258407 0.094082 0.004271
v 1.258411 0.098718 -0.000229
v 1.258407 0.098716 -0.000229
v 1.258412 0.096398 -0.004228
v 1.258406 0.096396 -0.004226
v 1.258411 0.096398 0.003785
v 1.258407 0.096396 0.003783
v 1.258411 0.098098 -0.002717
v 1.258407 0.098096 -0.002715
v 1.254310 0.098314 0.007281
v 1.254308 0.098310 0.007275
v 1.258411 0.098098 0.002275
v 1.258407 0.098096 0.002273
v 1.254310 0.101415 0.004274
v 1.254308 0.101409 0.004270
v 1.254310 0.101415 -0.004229
v 1.254308 0.101409 -0.004225
v -0.323201 0.325839 -0.133764
v -0.323281 0.325715 -0.133692
v -0.323201 0.361694 -0.000229
v -0.323281 0.361550 -0.000229
v -0.397669 0.392542 -0.000229
v -0.397713 0.392372 -0.000229
v -0.323201 0.325839 0.133810
v -0.323281 0.325715 0.133738
v -0.259193 0.283324 -0.109249
v -0.259289 0.283230 -0.109195
v -0.323201 0.227888 -0.231782
v -0.323281 0.227816 -0.231658
v -0.259193 0.283324 0.109311
v -0.259289 0.283230 0.109255
v -0.323201 0.227888 0.231339
v -0.323281 0.227816 0.231215
v -0.259190 0.312599 -0.000229
v -0.259292 0.312485 -0.000229
v -0.180304 0.211439 -0.067744
v -0.180378 0.211355 -0.067694
v -0.180298 0.161841 -0.117771
v -0.180384 0.161783 -0.117673
v -0.180304 0.229596 -0.000229
v -0.180378 0.229498 -0.000229
v -0.085013 0.171210 -0.044760
v -0.085069 0.171084 -0.044688
v -0.180304 0.211440 0.067805
v -0.180378 0.211354 0.067755
v -0.085018 0.183127 -0.000229
v -0.085064 0.183007 -0.000229
v -0.180298 0.161841 0.117328
v -0.180384 0.161783 0.117230
v -0.085013 0.171210 0.044317
v -0.085069 0.171084 0.044245
v -0.085001 0.138623 0.076871
v -0.085081 0.138521 0.076693
v 0.054027 0.136673 0.024318
v 0.053991 0.136531 0.024236
v 0.054027 0.136673 -0.024760
v 0.053991 0.136531 -0.024678
v -0.397665 0.243322 0.258356
v -0.397717 0.243222 0.258184
v -0.557567 0.243322 0.258356
v -0.557515 0.243222 0.258184
v -0.632036 0.227892 0.231347
v -0.631946 0.227812 0.231207
v -0.397665 0.243322 -0.258814
v -0.397717 0.243222 -0.258642
v 0.054029 0.118679 0.042363
v 0.053989 0.118585 0.042201
v 0.264938 0.104212 0.017535
v 0.264880 0.103912 0.017011
v -0.085001 0.138623 -0.077314
v -0.085081 0.138521 -0.077136
v 0.054029 0.118679 -0.042806
v 0.053989 0.118585 -0.042644
v 0.264938 0.104212 -0.017489
v 0.264880 0.103912 -0.016965
v 0.264915 0.111427 -0.010255
v 0.264903 0.111317 -0.010191
v 1.254475 0.098533 -0.008100
v 1.254143 0.098091 -0.007342
v 1.258411 0.098718 -0.000229
v 1.258407 0.098716 -0.000229
v 1.258412 0.098098 -0.002717
v 1.258406 0.098096 -0.002715
v 1.254441 0.098487 0.007579
v 1.254177 0.098136 0.006977
v 1.258412 0.098098 0.002275
v 1.258406 0.098096 0.002273
v 1.254376 0.101564 0.004361
v 1.254243 0.101260 0.004183
v 1.254376 0.102723 -0.000229
v 1.254243 0.102371 -0.000229
v 0.264931 0.111570 0.009894
v 0.264887 0.111174 0.009668
v 1.254368 0.101548 -0.004306
v 1.254250 0.101276 -0.004148
v 0.373524 0.107208 -0.007953
v 0.373494 0.106396 -0.007489
v 0.264931 0.114275 -0.000229
v 0.264887 0.113819 -0.000229
v 0.054025 0.143257 -0.000229
v 0.053993 0.143107 -0.000229
v -0.696041 0.283342 0.109309
v -0.695941 0.283252 0.109257
v -0.696044 0.312622 -0.000229
v -0.695938 0.312512 -0.000229
v -0.632028 0.325839 0.133806
v -0.631954 0.325725 0.133741
v -0.696041 0.283342 -0.109248
v -0.695941 0.283252 -0.109196
v -0.632031 0.361694 -0.000229
v -0.631951 0.361550 -0.000229
v -0.632028 0.325839 -0.133760
v -0.631954 0.325725 -0.133696
v -0.557563 0.392542 -0.000229
v -0.557519 0.392372 -0.000229
v -0.632036 0.227892 -0.231790
v -0.631946 0.227812 -0.231650
v -0.557565 0.352562 -0.149277
v -0.557517 0.352402 -0.149185
v -0.557565 0.352562 0.148819
v -0.557517 0.352402 0.148727
v -0.477641 0.403067 -0.000229
v -0.477641 0.402887 -0.000229
v -0.557567 0.243322 -0.258814
v -0.557515 0.243222 -0.258642
v -0.477641 0.361680 -0.154774
v -0.477641 0.361504 -0.154674
v -0.397669 0.352556 -0.149274
v -0.397713 0.352408 -0.149188
v -0.477641 0.361680 0.154332
v -0.477641 0.361504 0.154232
v -0.397669 0.352556 0.148816
v -0.397713 0.352408 0.148730
v -0.323204 0.227885 0.231334
v -0.323278 0.227820 0.231220
v -0.259193 0.203340 0.188829
v -0.259289 0.203285 0.188735
v -0.180296 0.161842 0.117330
v -0.180386 0.161782 0.117228
v -0.085013 0.171210 0.044317
v -0.085069 0.171084 0.044245
v -0.180304 0.094082 0.135318
v -0.180378 0.094082 0.135220
v -0.085014 0.138606 0.076841
v -0.085068 0.138538 0.076723
v 0.054032 0.136695 0.024331
v 0.053986 0.136509 0.024223
v -0.259190 0.094082 0.218334
v -0.259292 0.094082 0.218220
v -0.323201 0.094082 0.267345
v -0.323281 0.094082 0.267201
v -0.259193 -0.015180 0.188829
v -0.259289 -0.015125 0.188735
v -0.397669 0.094082 0.298364
v -0.397713 0.094082 0.298194
v -0.397668 0.243317 0.258347
v -0.397714 0.243227 0.258193
v -0.323197 -0.039727 0.231346
v -0.323285 -0.039649 0.231208
v -0.477641 0.094082 0.308867
v -0.477641 0.094082 0.308687
v -0.477641 0.248572 0.267351
v -0.477641 0.248482 0.267195
v -0.557564 0.243317 0.258347
v -0.557518 0.243227 0.258193
v -0.180296 0.026317 0.117330
v -0.180386 0.026377 0.117228
v -0.397671 -0.055146 0.258336
v -0.397711 -0.055070 0.258204
v -0.557563 0.094082 0.298364
v -0.557519 0.094082 0.298194
v -0.632035 0.227891 0.231346
v -0.631947 0.227813 0.231208
v -0.632031 0.094082 0.267345
v -0.631951 0.094082 0.267201
v -0.632035 -0.039732 0.231346
v -0.631947 -0.039654 0.231208
v -0.557561 -0.055146 0.258336
v -0.557521 -0.055070 0.258204
v -0.477641 -0.060408 0.267343
v -0.477641 -0.060328 0.267203
v -0.557564 -0.164401 0.148818
v -0.557518 -0.164245 0.148728
v -0.397668 -0.164401 0.148818
v -0.397714 -0.164245 0.148728
v -0.632031 -0.137680 0.133810
v -0.631951 -0.137556 0.133738
v -0.696041 -0.015189 0.188827
v -0.695941 -0.015137 0.188737
v -0.323201 -0.137680 0.133810
v -0.323281 -0.137556 0.133738
v -0.085013 0.016954 0.044317
v -0.085069 0.017080 0.044245
v -0.085018 0.049557 0.076834
v -0.085064 0.049617 0.076730
v 0.054029 0.051476 0.024324
v 0.053989 0.051638 0.024230
v -0.085018 0.094082 0.088836
v -0.085064 0.094082 0.088716
v 0.054029 0.069487 0.042361
v 0.053989 0.069577 0.042203
v 0.264924 0.076654 0.009860
v 0.264894 0.076930 0.009702
v 0.054025 0.094082 0.048857
v 0.053993 0.094082 0.048707
v 0.054029 0.118679 0.042363
v 0.053989 0.118585 0.042201
v 0.264932 0.083974 0.017487
v 0.264886 0.084220 0.017059
v 0.264938 0.104212 0.017535
v 0.264880 0.103912 0.017011
v 0.264931 0.094082 0.020003
v 0.264887 0.094082 0.019547
v 0.373521 0.081035 0.007462
v 0.373497 0.081679 0.007094
v 1.254426 0.086479 0.004428
v 1.254192 0.087015 0.004116
v 1.258412 0.091761 0.003785
v 1.258406 0.091763 0.003783
v 1.254375 0.089758 0.007430
v 1.254243 0.089936 0.007126
v 1.254376 0.094082 0.008446
v 1.254242 0.094082 0.008094
v 1.258411 0.094082 0.004273
v 1.258407 0.094082 0.004271
v 1.258412 0.096398 0.003785
v 1.258406 0.096396 0.003783
v 1.254397 0.098430 0.007480
v 1.254221 0.098194 0.007076
v -0.696044 0.094082 0.218332
v -0.695938 0.094082 0.218222
v -0.696041 0.203348 0.188827
v -0.695941 0.203296 0.188737
v -0.632031 0.325844 0.133810
v -0.631951 0.325720 0.133738
v -0.557564 0.352560 0.148818
v -0.557518 0.352404 0.148728
v -0.477641 0.361703 0.154346
v -0.477641 0.361481 0.154218
v -0.326780 0.224727 -0.226669
v -0.326702 0.224797 -0.226791
v -0.326780 -0.036568 -0.226669
v -0.326702 -0.036638 -0.226791
v -0.326780 0.320366 -0.130687
v -0.326702 0.320488 -0.130757
v -0.264292 0.200753 -0.185176
v -0.264190 0.200811 -0.185276
v -0.264292 -0.012594 -0.185176
v -0.264190 -0.012652 -0.185276
v -0.326780 0.320366 0.130245
v -0.326702 0.320488 0.130315
v -0.264292 0.278842 -0.106691
v -0.264190 0.278942 -0.106749
v -0.264296 0.307419 -0.000229
v -0.264186 0.307545 -0.000229
v -0.326780 0.224727 0.226212
v -0.326702 0.224797 0.226334
v -0.264292 0.278842 0.106248
v -0.264190 0.278942 0.106306
v -0.264292 0.200753 0.184734
v -0.264190 0.200811 0.184834
v -0.185529 0.224552 -0.000229
v -0.185453 0.224652 -0.000229
v -0.326780 -0.036568 0.226212
v -0.326702 -0.036638 0.226334
v -0.264297 0.094082 0.213209
v -0.264185 0.094082 0.213335
v -0.264292 -0.012594 0.184734
v -0.264190 -0.012652 0.184834
v -0.326780 -0.132207 0.130245
v -0.326702 -0.132329 0.130315
v -0.264292 -0.090683 0.106248
v -0.264190 -0.090783 0.106306
v -0.326780 -0.132207 -0.130687
v -0.326702 -0.132329 -0.130757
v -0.264292 -0.090683 -0.106691
v -0.264190 -0.090783 -0.106749
v -0.264296 -0.119260 -0.000229
v -0.264186 -0.119386 -0.000229
v -0.185529 -0.036393 -0.000229
v -0.185453 -0.036493 -0.000229
v -0.185529 0.028842 -0.113177
v -0.185453 0.028792 -0.113263
v -0.185529 0.028842 0.112735
v -0.185453 0.028792 0.112821
v -0.185529 -0.018910 0.065252
v -0.185453 -0.018996 0.065302
v -0.185529 0.094082 0.130230
v -0.185453 0.094082 0.130330
v -0.185529 0.159317 0.112735
v -0.185453 0.159367 0.112821
v -0.185529 0.207074 0.065252
v -0.185453 0.207160 0.065302
v 1.257758 0.093017 0.001769
v 1.257760 0.093017 0.001771
v 1.257758 0.092238 0.000778
v 1.257760 0.092236 0.000778
v 1.257758 0.095147 0.001769
v 1.257760 0.095147 0.001771
v 1.257758 0.095926 0.000778
v 1.257760 0.095928 0.000778
v 1.257758 0.096211 -0.000229
v 1.257760 0.096213 -0.000229
v 1.257758 0.095926 -0.001221
v 1.257760 0.095928 -0.001221
v 1.257758 0.095147 -0.002227
v 1.257760 0.095147 -0.002229
v 1.257758 0.092238 -0.001221
v 1.257760 0.092236 -0.001221
v 1.257758 0.093017 -0.002227
v 1.257760 0.093017 -0.002229
v 1.257758 0.091953 -0.000229
v 1.257760 0.091951 -0.000229
v -0.185529 -0.018910 -0.065191
v -0.185453 -0.018996 -0.065241
v -0.185529 0.094082 -0.130672
v -0.185453 0.094082 -0.130772
v -0.264297 0.094082 -0.213667
v -0.264185 0.094082 -0.213793
v -0.185529 0.159317 -0.113177
v -0.185453 0.159367 -0.113263
v -0.185529 0.207074 -0.065191
v -0.185453 0.207160 -0.065241
v -0.628502 0.224727 0.226212
v -0.628580 0.224797 0.226334
v -0.555722 0.239800 0.252209
v -0.555761 0.239874 0.252339
v -0.690992 0.278848 0.106251
v -0.691090 0.278936 0.106303
v -0.628502 0.320366 0.130245
v -0.628580 0.320488 0.130315
v -0.555719 0.346465 0.145740
v -0.555763 0.346609 0.145824
v -0.477641 0.355365 0.150728
v -0.477641 0.355518 0.150816
v -0.477641 0.244938 0.261208
v -0.477641 0.245016 0.261344
v -0.399511 0.239800 0.252209
v -0.399471 0.239874 0.252339
v -0.399513 0.346465 0.145740
v -0.399469 0.346609 0.145824
v -0.477641 0.395789 -0.000229
v -0.477641 0.395965 -0.000229
v -0.555719 0.385509 -0.000229
v -0.555763 0.385675 -0.000229
v -0.628502 0.355372 -0.000229
v -0.628580 0.355512 -0.000229
v -0.690989 0.307428 -0.000229
v -0.691093 0.307536 -0.000229
v -0.628502 0.320366 -0.130687
v -0.628580 0.320488 -0.130757
v -0.690992 0.278848 -0.106694
v -0.691090 0.278936 -0.106746
v -0.555719 0.346465 -0.145679
v -0.555763 0.346609 -0.145763
v -0.628502 0.224727 -0.226669
v -0.628580 0.224797 -0.226791
v -0.555721 0.239800 -0.252651
v -0.555761 0.239874 -0.252781
v -0.477641 0.244938 -0.261651
v -0.477641 0.245016 -0.261787
v -0.477641 0.355365 -0.151186
v -0.477641 0.355518 -0.151274
v -0.399511 0.239800 -0.252651
v -0.399471 0.239874 -0.252781
v -0.399513 0.346465 -0.145679
v -0.399469 0.346609 -0.145763
v -0.326780 0.224727 -0.226669
v -0.326702 0.224797 -0.226791
v -0.399513 0.385509 -0.000229
v -0.399469 0.385675 -0.000229
v -0.326780 0.320366 -0.130687
v -0.326702 0.320488 -0.130757
v -0.326780 0.320366 0.130245
v -0.326702 0.320488 0.130315
v -0.326780 0.355372 -0.000229
v -0.326702 0.355512 -0.000229
v -0.264288 0.278846 -0.106693
v -0.264194 0.278938 -0.106747
v -0.264291 0.307426 -0.000229
v -0.264191 0.307538 -0.000229
v -0.326780 0.224727 0.226212
v -0.326702 0.224797 0.226334
v -0.264288 0.278846 0.106250
v -0.264194 0.278938 0.106304
v -0.185528 0.224554 -0.000229
v -0.185454 0.224650 -0.000229
v -0.185531 0.159316 0.112733
v -0.185451 0.159368 0.112823
v -0.185528 0.207075 0.065253
v -0.185454 0.207159 0.065301
v -0.088618 0.135457 0.071717
v -0.088564 0.135527 0.071837
v -0.088614 0.165751 0.041245
v -0.088568 0.165853 0.041305
v 0.052040 0.115170 0.036189
v 0.052080 0.115264 0.036351
v 0.052041 0.130608 0.020737
v 0.052079 0.130766 0.020827
v -0.088614 0.176838 -0.000229
v -0.088568 0.176956 -0.000229
v 0.264143 0.101627 0.013137
v 0.264175 0.101787 0.013413
v 0.373044 0.097698 0.005950
v 0.373074 0.098066 0.006592
v 1.252217 0.095673 0.002493
v 1.252301 0.096001 0.003061
v 1.257756 0.095146 0.001767
v 1.257762 0.095148 0.001772
v 1.257757 0.095926 0.000777
v 1.257761 0.095928 0.000779
v 1.257758 0.096211 -0.000229
v 1.257760 0.096213 -0.000229
v 1.252242 0.097007 0.001703
v 1.252276 0.097237 0.001837
v 1.252238 0.097427 -0.000229
v 1.252280 0.097757 -0.000229
v 0.373045 0.100363 0.003610
v 0.373073 0.100971 0.003958
v 0.373050 0.101460 -0.000229
v 0.373068 0.101914 -0.000229
v 0.264148 0.107194 0.007224
v 0.264170 0.107380 0.007332
v 0.052040 0.136258 -0.000229
v 0.052080 0.136446 -0.000229
v 0.373047 0.100395 -0.004071
v 0.373071 0.100939 -0.004383
v 0.052040 0.130605 -0.021178
v 0.052080 0.130769 -0.021272
v -0.088621 0.165734 -0.041679
v -0.088561 0.165870 -0.041757
v 1.252242 0.097007 -0.001657
v 1.252276 0.097237 -0.001791
v 0.373047 0.097732 -0.006468
v 0.373071 0.098032 -0.006990
v 1.257757 0.095926 -0.001220
v 1.257761 0.095928 -0.001222
v 1.252217 0.095673 -0.002936
v 1.252301 0.096001 -0.003504
v 1.257756 0.095146 -0.002225
v 1.257762 0.095148 -0.002231
v 0.052035 0.115157 -0.036623
v 0.052085 0.115277 -0.036833
v -0.185531 0.207072 -0.065190
v -0.185451 0.207162 -0.065242
v -0.628499 -0.036566 0.226208
v -0.628583 -0.036640 0.226338
v -0.628502 0.094082 0.261206
v -0.628580 0.094082 0.261346
v -0.690992 -0.012597 0.184740
v -0.691090 -0.012649 0.184828
v -0.690989 0.094082 0.213218
v -0.691093 0.094082 0.213326
v -0.555719 0.094082 0.291192
v -0.555763 0.094082 0.291358
v -0.628505 0.224730 0.226218
v -0.628577 0.224794 0.226328
v -0.555717 -0.051632 0.252195
v -0.555765 -0.051724 0.252353
v -0.690992 0.200756 0.184740
v -0.691090 0.200808 0.184828
v -0.555721 0.239800 0.252209
v -0.555761 0.239874 0.252339
v -0.477641 0.094082 0.301685
v -0.477641 0.094082 0.301861
v -0.477641 0.244938 0.261208
v -0.477641 0.245016 0.261344
v -0.399511 0.239800 0.252209
v -0.399471 0.239874 0.252339
v -0.477641 -0.056779 0.261208
v -0.477641 -0.056857 0.261344
v -0.555716 -0.158296 0.145735
v -0.555766 -0.158460 0.145829
v -0.326777 0.224730 0.226218
v -0.326705 0.224794 0.226328
v -0.264288 0.200755 0.184738
v -0.264194 0.200809 0.184830
v -0.399513 0.094082 0.291192
v -0.399469 0.094082 0.291358
v -0.326780 0.094082 0.261206
v -0.326702 0.094082 0.261346
v -0.399515 -0.051632 0.252195
v -0.399467 -0.051724 0.252353
v -0.326783 -0.036566 0.226208
v -0.326699 -0.036640 0.226338
v -0.264291 0.094082 0.213216
v -0.264191 0.094082 0.213328
v -0.264288 -0.012596 0.184738
v -0.264194 -0.012650 0.184830
v -0.477641 -0.167201 0.150725
v -0.477641 -0.167365 0.150819
v -0.399516 -0.158296 0.145735
v -0.399466 -0.158460 0.145829
v -0.185531 0.028843 0.112733
v -0.185451 0.028791 0.112823
v -0.185528 0.094082 0.130232
v -0.185454 0.094082 0.130328
v -0.088618 0.052707 0.071717
v -0.088564 0.052637 0.071837
v -0.185531 0.159316 0.112733
v -0.185451 0.159368 0.112823
v -0.088614 0.094082 0.082720
v -0.088568 0.094082 0.082838
v -0.088618 0.135457 0.071717
v -0.088564 0.135527 0.071837
v 0.052040 0.115170 0.036189
v 0.052080 0.115264 0.036351
v 0.052040 0.072994 0.036189
v 0.052080 0.072900 0.036351
v 0.052040 0.094082 0.042188
v 0.052080 0.094082 0.042376
v 0.052019 0.130516 0.020684
v 0.052101 0.130858 0.020880
v 0.264145 0.101640 0.013159
v 0.264173 0.101774 0.013391
v 0.264145 0.086524 0.013159
v 0.264173 0.086390 0.013391
v 0.052019 0.057643 0.020684
v 0.052101 0.057301 0.020880
v 0.373049 0.097760 0.006057
v 0.373069 0.098004 0.006485
v 0.373046 0.090440 0.005986
v 0.373072 0.090114 0.006556
v 0.373050 0.094082 0.007051
v 0.373068 0.094082 0.007505
v 1.252217 0.091321 0.001606
v 1.252301 0.090753 0.001934
v 1.252238 0.092405 0.002634
v 1.252280 0.092239 0.002920
v 1.252242 0.094082 0.003148
v 1.252276 0.094082 0.003414
v 1.257756 0.093018 0.001768
v 1.257761 0.093016 0.001772
v 1.252226 0.095705 0.002549
v 1.252292 0.095969 0.003005
v 1.257757 0.095146 0.001768
v 1.257761 0.095148 0.001772
v 1.257757 0.095925 0.000777
v 1.257761 0.095929 0.000779
v 1.252238 0.096978 0.001687
v 1.252280 0.097266 0.001853
v 0.373033 0.100095 0.003456
v 0.373085 0.101239 0.004112
v -0.628502 -0.036568 0.226212
v -0.628580 -0.036638 0.226334
v -0.690992 -0.012597 0.184740
v -0.691090 -0.012649 0.184828
v -0.690989 0.094082 0.213218
v -0.691093 0.094082 0.213326
v -0.628502 -0.132207 0.130245
v -0.628580 -0.132329 0.130315
v -0.628502 0.224727 0.226212
v -0.628580 0.224797 0.226334
v -0.738941 0.018647 0.130254
v -0.739041 0.018617 0.130306
v -0.690992 0.200756 0.184740
v -0.691090 0.200808 0.184828
v -0.738941 0.169517 0.130254
v -0.739041 0.169547 0.130306
v -0.738941 0.094082 0.150742
v -0.739041 0.094082 0.150803
v -0.690992 0.278848 0.106251
v -0.691090 0.278936 0.106303
v -0.628502 0.320366 0.130245
v -0.628580 0.320488 0.130315
v -0.690989 0.307428 -0.000229
v -0.691093 0.307536 -0.000229
v -0.628502 0.320366 -0.130687
v -0.628580 0.320488 -0.130757
v -0.690992 0.278848 -0.106694
v -0.691090 0.278936 -0.106746
v -0.738941 0.244947 -0.000229
v -0.739041 0.245007 -0.000229
v -0.738941 0.224736 0.075257
v -0.739041 0.224788 0.075287
v -0.738941 0.224736 -0.075714
v -0.739041 0.224788 -0.075744
v -0.769103 0.133131 0.067266
v -0.769179 0.133143 0.067286
v -0.769103 0.172181 -0.000229
v -0.769179 0.172203 -0.000229
v -0.769098 0.161716 0.038767
v -0.769184 0.161738 0.038779
v -0.769098 0.094082 0.077762
v -0.769184 0.094082 0.077786
v -0.779382 0.094082 -0.000229
v -0.779500 0.094082 -0.000229
v -0.769098 0.161716 -0.039224
v -0.769184 0.161738 -0.039236
v -0.769103 0.055033 0.067266
v -0.769179 0.055021 0.067286
v -0.769103 0.133131 -0.067708
v -0.769179 0.133143 -0.067728
v -0.738941 0.169517 -0.130696
v -0.739041 0.169547 -0.130748
v -0.769098 0.026443 0.038767
v -0.769184 0.026421 0.038779
v -0.690992 0.200756 -0.185182
v -0.691090 0.200808 -0.185270
v -0.738941 0.094082 -0.151200
v -0.739041 0.094082 -0.151261
v -0.628502 0.224727 -0.226669
v -0.628580 0.224797 -0.226791
v -0.769098 0.094082 -0.078205
v -0.769184 0.094082 -0.078229
v -0.769103 0.055033 -0.067708
v -0.769179 0.055021 -0.067728
v -0.769103 0.015983 -0.000229
v -0.769179 0.015961 -0.000229
v -0.690989 0.094082 -0.213676
v -0.691093 0.094082 -0.213784
v -0.738941 0.018647 -0.130696
v -0.739041 0.018617 -0.130748
v -0.769098 0.026443 -0.039224
v -0.769184 0.026421 -0.039236
v -0.738941 -0.056788 -0.000229
v -0.739041 -0.056848 -0.000229
v -0.738941 -0.036577 0.075257
v -0.739041 -0.036629 0.075287
v -0.738941 -0.036577 -0.075714
v -0.739041 -0.036629 -0.075744
v -0.690989 -0.119269 -0.000229
v -0.691093 -0.119377 -0.000229
v -0.690992 -0.090689 0.106251
v -0.691090 -0.090777 0.106303
v -0.690992 -0.090689 -0.106694
v -0.691090 -0.090777 -0.106746
v -0.690992 -0.012597 -0.185182
v -0.691090 -0.012649 -0.185270
v -0.628502 -0.132207 -0.130687
v -0.628580 -0.132329 -0.130757
v -0.628502 -0.036568 -0.226669
v -0.628580 -0.036638 -0.226791
v -0.628486 -0.036554 0.226188
v -0.628596 -0.036652 0.226358
v -0.628502 -0.132207 0.130245
v -0.628580 -0.132329 0.130315
v -0.555717 -0.051632 0.252195
v -0.555765 -0.051723 0.252353
v -0.477641 -0.056779 0.261208
v -0.477641 -0.056857 0.261344
v -0.690989 -0.119269 -0.000229
v -0.691093 -0.119377 -0.000229
v -0.690992 -0.090689 0.106251
v -0.691090 -0.090777 0.106303
v -0.690992 -0.090689 -0.106694
v -0.691090 -0.090777 -0.106746
v -0.628502 -0.167213 -0.000229
v -0.628580 -0.167353 -0.000229
v -0.628505 -0.132213 -0.130690
v -0.628577 -0.132323 -0.130754
v -0.555719 -0.197350 -0.000229
v -0.555763 -0.197516 -0.000229
v -0.555719 -0.158304 0.145739
v -0.555763 -0.158452 0.145825
v -0.555717 -0.051633 -0.252637
v -0.555765 -0.051724 -0.252795
v -0.555722 -0.158313 -0.145684
v -0.555761 -0.158443 -0.145758
v -0.477641 -0.207630 -0.000229
v -0.477641 -0.207806 -0.000229
v -0.477641 -0.167195 -0.151179
v -0.477641 -0.167371 -0.151281
v -0.477641 -0.056779 -0.261651
v -0.477641 -0.056857 -0.261787
v -0.399515 -0.051633 -0.252637
v -0.399467 -0.051724 -0.252795
v -0.399513 -0.158304 -0.145678
v -0.399469 -0.158452 -0.145764
v -0.326796 -0.036554 -0.226645
v -0.326686 -0.036652 -0.226815
v -0.399515 -0.051632 0.252195
v -0.399467 -0.051723 0.252353
v -0.326796 -0.036554 0.226188
v -0.326686 -0.036652 0.226358
v -0.477641 -0.167195 0.150721
v -0.477641 -0.167371 0.150823
v -0.399513 -0.158304 0.145739
v -0.399469 -0.158452 0.145825
v -0.399513 -0.197350 -0.000229
v -0.399469 -0.197516 -0.000229
v -0.326780 -0.132207 0.130245
v -0.326702 -0.132329 0.130315
v -0.264288 -0.090687 0.106250
v -0.264194 -0.090779 0.106304
v -0.326780 -0.132207 -0.130687
v -0.326702 -0.132329 -0.130757
v -0.326780 -0.167213 -0.000229
v -0.326702 -0.167353 -0.000229
v -0.264288 -0.090687 -0.106693
v -0.264194 -0.090779 -0.106747
v -0.264291 -0.119267 -0.000229
v -0.264191 -0.119379 -0.000229
v -0.185528 -0.036395 -0.000229
v -0.185454 -0.036491 -0.000229
v -0.185531 0.028843 -0.113175
v -0.185451 0.028791 -0.113265
v -0.185531 0.028843 0.112733
v -0.185451 0.028791 0.112823
v -0.185528 -0.018911 0.065253
v -0.185454 -0.018995 0.065301
v -0.088618 0.052707 0.071717
v -0.088564 0.052637 0.071837
v -0.088614 0.022408 0.041245
v -0.088568 0.022306 0.041305
v 0.052040 0.072994 0.036189
v 0.052080 0.072900 0.036351
v 0.264143 0.086537 0.013137
v 0.264175 0.086377 0.013413
v 0.052041 0.057551 0.020737
v 0.052079 0.057393 0.020827
v -0.088614 0.011321 -0.000229
v -0.088568 0.011203 -0.000229
v 0.373044 0.090461 0.005950
v 0.373074 0.090093 0.006592
v 0.264148 0.080965 0.007224
v 0.264170 0.080779 0.007332
v 0.052040 0.051906 -0.000229
v 0.052080 0.051718 -0.000229
v 0.373049 0.087707 0.003661
v 0.373069 0.087277 0.003907
v 1.252231 0.091227 0.001660
v 1.252287 0.090847 0.001880
v 0.373050 0.086704 -0.000229
v 0.373068 0.086250 -0.000229
v 1.252259 0.092323 0.002775
v 1.252259 0.092321 0.002779
v 1.257757 0.093018 0.001768
v 1.257761 0.093016 0.001772
v 1.257758 0.092238 0.000777
v 1.257760 0.092236 0.000779
v 1.257758 0.092238 -0.001220
v 1.257760 0.092236 -0.001222
v 1.257757 0.093018 -0.002226
v 1.257761 0.093016 -0.002230
v 1.252259 0.092323 -0.003218
v 1.252259 0.092321 -0.003222
v 1.252226 0.091265 -0.001592
v 1.252293 0.090809 -0.001856
v 1.257758 0.091953 -0.000229
v 1.257760 0.091951 -0.000229
v 1.252238 0.090732 -0.000229
v 1.252280 0.090402 -0.000229
v 0.373047 0.090427 -0.006468
v 0.373071 0.090127 -0.006990
v 0.373050 0.087689 -0.004114
v 0.373068 0.087295 -0.004340
v 0.052040 0.057554 -0.021178
v 0.052080 0.057390 -0.021272
v 0.052035 0.073007 -0.036624
v 0.052085 0.072887 -0.036832
v -0.088614 0.022408 -0.041688
v -0.088568 0.022306 -0.041748
v -0.088618 0.052707 -0.071656
v -0.088564 0.052637 -0.071776
v -0.185528 -0.018911 -0.065192
v -0.185454 -0.018995 -0.065240
v -0.690992 0.200756 -0.185182
v -0.691090 0.200808 -0.185270
v -0.628505 0.224730 -0.226675
v -0.628577 0.224794 -0.226785
v -0.690989 0.094082 -0.213676
v -0.691093 0.094082 -0.213784
v -0.690992 -0.012597 -0.185182
v -0.691090 -0.012649 -0.185270
v -0.628502 -0.132207 -0.130687
v -0.628580 -0.132329 -0.130757
v -0.628502 0.094082 -0.261649
v -0.628580 0.094082 -0.261789
v -0.628502 -0.036568 -0.226669
v -0.628580 -0.036638 -0.226791
v -0.555719 0.094082 -0.291635
v -0.555763 0.094082 -0.291801
v -0.555717 -0.051632 -0.252636
v -0.555765 -0.051724 -0.252796
v -0.555721 -0.158313 -0.145684
v -0.555761 -0.158443 -0.145758
v -0.477641 -0.167201 -0.151183
v -0.477641 -0.167365 -0.151277
v -0.477641 -0.056779 -0.261651
v -0.477641 -0.056857 -0.261787
v -0.477641 0.094082 -0.302143
v -0.477641 0.094082 -0.302319
v -0.555722 0.239800 -0.252651
v -0.555761 0.239874 -0.252781
v -0.399515 -0.051632 -0.252636
v -0.399467 -0.051724 -0.252796
v -0.399516 -0.158296 -0.145674
v -0.399466 -0.158460 -0.145768
v -0.477641 0.244938 -0.261651
v -0.477641 0.245016 -0.261787
v -0.399511 0.239800 -0.252651
v -0.399471 0.239874 -0.252781
v -0.399513 0.094082 -0.291635
v -0.399469 0.094082 -0.291801
v -0.326777 0.224730 -0.226675
v -0.326705 0.224794 -0.226785
v -0.326783 -0.036566 -0.226665
v -0.326699 -0.036640 -0.226795
v -0.326780 0.094082 -0.261649
v -0.326702 0.094082 -0.261789
v -0.264288 0.200755 -0.185180
v -0.264194 0.200809 -0.185272
v -0.264288 -0.012596 -0.185180
v -0.264194 -0.012650 -0.185272
v -0.185531 0.028843 -0.113175
v -0.185451 0.028791 -0.113265
v 0.373033 0.100095 -0.003899
v 0.373085 0.101239 -0.004555
v -0.088618 0.165742 -0.041683
v -0.088564 0.165863 -0.041753
v 1.252238 0.096978 -0.001641
v 1.252280 0.097266 -0.001807
v 0.373047 0.097732 -0.006468
v 0.373071 0.098032 -0.006990
v 1.257757 0.095925 -0.001220
v 1.257761 0.095929 -0.001222
v 1.252226 0.095705 -0.002992
v 1.252292 0.095969 -0.003448
v 1.257757 0.095146 -0.002226
v 1.257761 0.095148 -0.002230
v 1.252242 0.094082 -0.003590
v 1.252276 0.094082 -0.003856
v 1.257756 0.093018 -0.002226
v 1.257761 0.093016 -0.002230
v 0.373050 0.094082 -0.007494
v 0.373068 0.094082 -0.007948
v 1.252238 0.092405 -0.003077
v 1.252280 0.092239 -0.003363
v 1.252217 0.091321 -0.001560
v 1.252301 0.090753 -0.001888
v 0.373044 0.090471 -0.006390
v 0.373074 0.090083 -0.007068
v 0.052040 0.094082 -0.042127
v 0.052080 0.094082 -0.042315
v 0.052035 0.115158 -0.036626
v 0.052085 0.115276 -0.036830
v 0.052035 0.073007 -0.036624
v 0.052085 0.072887 -0.036832
v -0.088614 0.094082 -0.083162
v -0.088568 0.094082 -0.083280
v -0.088614 0.135462 -0.071665
v -0.088568 0.135522 -0.071767
v -0.088618 0.052707 -0.071656
v -0.088564 0.052637 -0.071776
v -0.185528 0.094082 -0.130674
v -0.185454 0.094082 -0.130770
v -0.264291 0.094082 -0.213674
v -0.264191 0.094082 -0.213786
v -0.185528 0.159318 -0.113178
v -0.185454 0.159366 -0.113262
v -0.185531 0.207072 -0.065190
v -0.185451 0.207162 -0.065242
v -0.323175 0.361550 -0.000149
v -0.259303 0.312569 -0.000154
v -0.259299 0.283335 0.109234
v -0.323175 0.325755 0.133668
v -0.769125 0.172219 -0.000189
v -0.769123 0.161776 0.038750
v -0.739014 0.224729 0.075185
v -0.739014 0.244905 -0.000170
v 0.550885 0.533692 0.088796
v 0.535624 0.548928 0.088796
v 0.535630 0.533698 0.124184
v -0.557623 -0.204241 -0.000143
v -0.631915 -0.173473 -0.000149
v -0.631921 -0.137662 0.133715
v -0.557630 -0.164316 0.148662
v -0.323311 -0.137662 0.133715
v -0.323317 -0.173473 -0.000149
v -0.397609 -0.204241 -0.000143
v -0.397602 -0.164316 0.148662
v 0.535630 0.533698 0.010368
v 0.535624 0.548929 0.045757
v 0.550886 0.533692 0.045757
v 0.550885 0.533692 -0.089742
v 0.535631 0.533699 -0.125615
v 0.535624 0.548928 -0.089742
v -0.321725 -0.374723 0.077658
v -0.302135 -0.322098 0.021774
v -0.323153 -0.314305 -0.000683
v -0.395161 -0.347459 -0.000659
v -0.555821 -0.197378 -0.000145
v -0.555823 -0.158372 0.145679
v -0.628466 -0.132316 0.130218
v -0.628466 -0.167293 -0.000151
v 0.535631 0.533699 -0.011332
v 0.550886 0.533692 -0.047206
v 0.535624 0.548929 -0.047206
v 0.518175 0.591165 0.034296
v 0.518175 0.565512 0.060270
v 0.535640 0.574561 0.075739
v 0.535640 0.606836 0.043283
v 0.535645 0.503656 0.045774
v 0.535645 0.484114 0.026296
v 0.518176 0.469677 0.034280
v 0.518176 0.495319 0.060242
v 0.535673 0.557158 -0.046720
v 0.553142 0.565495 -0.061188
v 0.553142 0.591137 -0.035729
v 0.535673 0.576700 -0.027243
v -0.084979 0.094144 -0.089183
v 0.053935 0.094156 -0.049227
v 0.053917 0.118552 -0.042772
v -0.084970 0.138490 -0.077227
v 0.488247 0.200672 -0.072780
v 0.535614 0.240854 -0.095741
v 0.535614 0.171294 -0.165643
v 0.488247 0.148084 -0.125224
v 0.518175 0.530430 -0.070735
v 0.518175 0.565473 -0.061239
v 0.535640 0.574516 -0.077215
v 0.535640 0.530433 -0.088704
v 0.535614 0.240854 0.094307
v 0.488247 0.200672 0.071331
v 0.488247 0.148084 0.123774
v 0.535614 0.171294 0.164193
v 0.535704 -0.088655 -0.095741
v 0.535704 -0.019090 -0.165643
v 0.583071 0.004120 -0.125224
v 0.583071 -0.048468 -0.072780
v 0.535640 0.453952 0.043238
v 0.518175 0.469626 0.034257
v 0.518175 0.460236 -0.000694
v 0.535640 0.442143 -0.000691
v -0.185436 -0.036400 -0.000170
v -0.088649 0.011250 -0.000167
v -0.088649 0.022316 0.041227
v -0.185436 -0.018945 0.065204
v -0.326677 -0.167213 -0.000151
v -0.264301 -0.119349 -0.000156
v -0.264298 -0.090789 0.106230
v -0.326677 -0.132246 0.130177
v -0.398975 -0.582782 0.136689
v -0.368242 -0.499976 0.124226
v -0.485272 -0.456531 -0.000646
v -0.527669 -0.534995 -0.000641
v 1.254121 0.101460 0.004090
v 0.265138 0.111429 0.009558
v 0.265138 0.113985 -0.000007
v 1.254121 0.102503 -0.000046
v -0.745115 -0.039665 -0.077241
v -0.745115 0.016792 -0.134122
v -0.775923 0.053987 -0.069721
v -0.775925 0.024728 -0.040271
v 0.535624 0.622875 -0.015711
v 0.555414 0.600610 -0.000757
v 0.535622 0.600605 -0.020704
v 0.555411 0.600564 -0.000760
v 0.535623 0.580209 -0.015712
v 0.535622 0.600569 -0.020704
v 0.518176 0.460269 -0.000695
v 0.518176 0.469655 0.034241
v 0.535645 0.484095 0.026263
v 0.535645 0.476943 -0.000698
v -0.738955 0.169498 0.130337
v -0.738954 0.094140 0.150804
v -0.691088 0.094156 0.213192
v -0.691085 0.200683 0.184753
v 0.535630 0.658537 -0.000695
v 0.535624 0.622937 0.014747
v 0.550885 0.622937 -0.000702
v 0.550886 0.580153 -0.000702
v 0.535624 0.580153 0.014747
v 0.535630 0.544557 -0.000695
v 0.535624 0.444479 -0.015711
v 0.535622 0.466754 -0.020704
v 0.555414 0.466749 -0.000757
v 0.535623 0.487145 -0.015712
v 0.555411 0.466795 -0.000760
v 0.535622 0.466790 -0.020704
v 0.555443 0.600605 -0.000704
v 0.550898 0.622896 -0.000702
v 0.535624 0.622896 0.014760
v 0.535622 0.600605 0.019255
v 0.535630 0.408822 -0.000695
v 0.550885 0.444417 -0.000702
v 0.535624 0.444417 0.014747
v 0.550899 0.580192 -0.000702
v 0.555442 0.600569 -0.000704
v 0.535622 0.600569 0.019255
v 0.535623 0.580192 0.014761
v 0.550886 0.487201 -0.000702
v 0.535630 0.522802 -0.000695
v 0.535624 0.487202 0.014747
v 0.273697 0.076187 0.292197
v 0.273697 0.222581 0.253249
v 0.218663 0.194680 0.204840
v 0.218663 0.076176 0.236805
v -0.183260 -0.313849 -0.000686
v -0.165779 -0.345044 0.034767
v -0.134292 -0.315552 0.059218
v -0.163890 -0.263164 -0.000676
v -0.739014 0.224671 -0.075744
v -0.739014 0.169547 -0.130631
v -0.769125 0.133185 -0.067722
v -0.769123 0.161731 -0.039284
v -0.399042 -0.582976 -0.138137
v -0.423121 -0.647845 -0.123671
v -0.538216 -0.605114 -0.000783
v -0.527739 -0.535187 -0.000788
v 0.518175 0.495341 0.060292
v 0.535640 0.486298 0.075765
v 0.535640 0.530381 0.087757
v 0.518175 0.530384 0.069286
v -0.159386 0.160572 -0.260095
v -0.092105 0.097478 -0.198722
v -0.104991 0.195464 -0.115318
v -0.174760 0.290242 -0.150267
v 0.328855 -0.161188 -0.000643
v 0.328855 -0.129435 0.117736
v 0.273821 -0.177777 0.145666
v 0.273821 -0.217003 -0.000632
v -0.628600 -0.132248 -0.130628
v -0.628605 -0.167213 -0.000307
v -0.690981 -0.119349 -0.000302
v -0.690984 -0.090789 -0.106673
v -0.397783 0.243189 -0.258762
v -0.477552 0.248434 -0.267744
v -0.477551 0.094169 -0.309184
v -0.397778 0.094167 -0.298710
v 0.583071 0.147955 0.123760
v 0.583071 0.076154 0.143227
v 0.535690 0.076145 0.094792
v 0.535690 0.123760 0.081811
v 0.488247 0.200605 0.071293
v 0.535628 0.158693 0.046831
v 0.535628 0.123835 0.081768
v 0.488247 0.148046 0.123707
v 0.488247 0.200605 -0.072742
v 0.488247 0.148046 -0.125157
v 0.535628 0.123835 -0.083217
v 0.535628 0.158693 -0.048266
v 0.535628 0.028439 0.081811
v 0.488247 0.004249 0.123760
v 0.488247 0.076050 0.143227
v 0.535628 0.076059 0.094792
v -0.264303 0.200861 0.184770
v -0.264303 0.278878 0.106357
v -0.326676 0.320327 0.130313
v -0.326676 0.224795 0.226172
v 0.555442 0.533690 0.066266
v 0.550899 0.533692 0.045796
v 0.535624 0.548942 0.045796
v 0.535622 0.553515 0.066266
v -0.398909 -0.583025 0.136688
v -0.422998 -0.647891 0.122237
v -0.307953 -0.690622 -0.000651
v -0.270216 -0.630810 -0.000643
v 0.535628 0.028364 0.081768
v 0.535628 -0.006494 0.046831
v 0.488247 -0.048401 0.071293
v 0.488247 0.004158 0.123707
v 0.373286 0.086534 -0.000449
v 0.373286 0.087437 -0.004006
v 1.251994 0.090956 -0.001472
v 1.252092 0.090616 -0.000388
v 0.264808 0.076753 0.009689
v 0.264682 0.074145 -0.000007
v 0.054085 0.045007 -0.000155
v 0.054104 0.051544 0.024178
v -0.695933 -0.015114 -0.189282
v -0.632051 -0.039597 -0.231700
v -0.632057 0.094002 -0.267659
v -0.695929 0.094007 -0.218746
v 0.114385 -0.182444 0.023260
v 0.063742 -0.208644 0.052139
v 0.118916 -0.205790 -0.000647
v 0.118916 -0.205790 -0.000787
v 0.063742 -0.208644 -0.053588
v 0.114385 -0.182444 -0.024709
v -0.264187 -0.090628 0.106305
v -0.185535 -0.018948 0.065345
v -0.185535 0.028749 0.112773
v -0.264187 -0.012650 0.184678
v 0.535640 0.486253 -0.077189
v 0.535640 0.453978 -0.044734
v 0.518175 0.469649 -0.035746
v 0.518175 0.495302 -0.061216
v -0.259186 0.283247 0.109176
v -0.259181 0.312457 -0.000145
v -0.180386 0.229577 -0.000166
v -0.180386 0.211454 0.067741
v 0.328855 0.194809 -0.206216
v 0.273821 0.222728 -0.254613
v 0.273821 0.329891 -0.147248
v 0.328855 0.281565 -0.119299
v -0.092973 0.176789 -0.323583
v -0.102061 0.332748 -0.187274
v -0.036198 0.237426 -0.151344
v -0.023863 0.111114 -0.260213
v -0.023871 0.110929 0.258863
v -0.092976 0.176570 0.322242
v -0.112204 -0.019390 0.372174
v -0.043945 -0.044573 0.299317
v 0.518176 0.591137 0.034280
v 0.535645 0.576700 0.026296
v 0.535645 0.557158 0.045774
v 0.518176 0.565495 0.060242
v 0.328855 0.076028 0.236697
v 0.328855 -0.042428 0.204746
v 0.273806 -0.015358 0.157833
v 0.273806 0.076039 0.182310
v 0.535650 0.513867 0.066307
v 0.555443 0.533664 0.066302
v 0.550902 0.533662 0.088734
v 0.535652 0.513870 0.066261
v 0.550903 0.533663 0.045814
v 0.555442 0.533664 0.066266
v 0.550903 0.533662 -0.089681
v 0.555443 0.533664 -0.067737
v 0.535650 0.513868 -0.067742
v 0.550903 0.533663 -0.047264
v 0.535652 0.513870 -0.067696
v 0.555442 0.533664 -0.067701
v 0.535614 -0.114178 -0.000656
v 0.535614 -0.088716 0.094202
v 0.488247 -0.048519 0.071241
v 0.488247 -0.067772 -0.000665
v -0.085112 0.016967 0.044222
v -0.085099 0.005080 -0.000167
v -0.180285 -0.041345 -0.000169
v -0.180285 -0.023230 0.067706
v 1.254312 0.086752 0.004273
v 1.254312 0.089846 0.007273
v 1.258407 0.091759 0.003784
v 1.258407 0.090067 0.002277
v -0.092973 0.176789 0.322134
v -0.023863 0.111114 0.258764
v -0.036198 0.237426 0.149894
v -0.102061 0.332748 0.185825
v 0.515776 0.533690 0.066266
v 0.535596 0.553515 0.066266
v 0.535594 0.548942 0.045796
v 0.520369 0.533692 0.045796
v 0.583071 0.200723 -0.072690
v 0.535704 0.240915 -0.095636
v 0.535704 0.266382 -0.000778
v 0.583071 0.219971 -0.000769
v -0.102088 0.332903 -0.187077
v -0.122166 0.399583 -0.000836
v -0.063178 0.294957 -0.000823
v -0.036217 0.237544 -0.151163
v -0.263004 -0.119764 0.258775
v -0.354507 -0.195240 0.148876
v -0.325969 -0.271782 0.185806
v -0.222456 -0.172944 0.322116
v 0.555442 0.466790 -0.000704
v 0.550899 0.487162 -0.000702
v 0.535623 0.487162 0.014761
v 0.535622 0.466790 0.019255
v 0.535673 0.576719 -0.027210
v 0.553142 0.591159 -0.035691
v 0.553142 0.600545 -0.000739
v 0.535673 0.583875 -0.000736
v -0.036204 0.237054 0.149993
v -0.023876 0.111036 0.258636
v -0.091937 0.097456 0.197316
v -0.036204 0.237054 -0.151443
v -0.091937 0.097456 -0.198765
v -0.023876 0.111036 -0.260085
v -0.216018 -0.248773 -0.150751
v -0.127699 -0.170189 -0.260081
v -0.171500 -0.117632 -0.198729
v -0.241922 -0.175254 -0.115808
v -0.132325 0.243890 -0.000812
v -0.201856 0.349336 -0.000825
v -0.174798 0.290388 -0.150093
v -0.105015 0.195572 -0.115161
v -0.242508 -0.478226 -0.000657
v -0.345814 -0.439876 0.109731
v -0.368049 -0.499846 0.124198
v -0.251040 -0.543289 -0.000652
v -0.262964 -0.119699 0.258647
v -0.171614 -0.117581 0.197271
v -0.242028 -0.175193 0.114370
v -0.354416 -0.195129 0.148818
v 0.372833 0.101655 -0.000009
v 0.052156 0.136317 -0.000136
v 0.052152 0.130701 0.020687
v 0.264148 0.107196 0.007220
v 0.372709 0.100775 0.003455
v 0.372833 0.086508 -0.000009
v 0.372811 0.087416 0.003551
v 0.264148 0.080963 0.007220
v 0.052152 0.057458 0.020687
v 0.052156 0.051847 -0.000136
v -0.281134 -0.329835 -0.000744
v -0.302067 -0.322068 -0.023184
v -0.295085 -0.303221 -0.000736
v -0.270243 -0.264563 -0.000400
v -0.241981 -0.175356 0.114240
v -0.216106 -0.248821 0.149142
v -0.242085 -0.175332 0.114000
v -0.270348 -0.264511 -0.000627
v -0.291041 -0.184713 -0.000645
v -0.216106 -0.248821 -0.150591
v -0.241981 -0.175356 -0.115690
v -0.270243 -0.264563 -0.001034
v -0.242085 -0.175332 -0.115450
v -0.291041 -0.184713 -0.000789
v -0.270348 -0.264511 -0.000807
v -0.302067 -0.322068 0.021734
v -0.281122 -0.329847 -0.000698
v -0.295085 -0.303221 -0.000698
v -0.242508 -0.478226 -0.000776
v -0.251040 -0.543289 -0.000782
v -0.368049 -0.499847 -0.125631
v -0.345814 -0.439876 -0.110678
v -0.259186 0.203340 0.188675
v -0.259186 0.283169 0.109311
v -0.180386 0.211392 0.067849
v -0.180386 0.161881 0.117274
v -0.174816 0.290645 0.148888
v -0.122402 0.399579 -0.000605
v -0.201843 0.349494 -0.000628
v -0.122287 0.399496 -0.000258
v -0.174720 0.290549 0.149234
v -0.102243 0.332942 0.185624
v -0.174720 0.290549 -0.150181
v -0.122287 0.399496 -0.001174
v -0.102243 0.332942 -0.187072
v -0.122402 0.399579 -0.000829
v -0.174817 0.290645 -0.149835
v -0.201843 0.349494 -0.000806
v 0.218663 -0.042481 -0.206290
v 0.218663 0.076028 -0.237752
v 0.273697 0.076017 -0.293631
v 0.273697 -0.070377 -0.254698
v 0.488247 0.200723 -0.072690
v 0.488247 0.219971 -0.000769
v 0.535614 0.266382 -0.000778
v 0.535614 0.240915 -0.095636
v 0.553142 0.460269 -0.000695
v 0.535673 0.476943 -0.000698
v 0.535673 0.484095 0.026263
v 0.553142 0.469655 0.034241
v -0.557623 -0.164231 -0.149277
v -0.557614 -0.055149 -0.258645
v -0.631915 -0.039767 -0.231689
v -0.631915 -0.137587 -0.133802
v -0.538216 -0.605114 -0.000651
v -0.423121 -0.647845 0.122237
v -0.399042 -0.582976 0.136688
v -0.527739 -0.535187 -0.000646
v -0.085112 0.171197 -0.044665
v -0.085099 0.183079 -0.000292
v -0.180285 0.229504 -0.000289
v -0.180285 0.211390 -0.067646
v -0.326816 0.320475 0.130218
v -0.326815 0.355452 -0.000151
v -0.399411 0.385537 -0.000145
v -0.399411 0.346531 0.145681
v -0.302107 -0.322045 -0.023168
v -0.323098 -0.314270 -0.000736
v -0.295120 -0.303208 -0.000736
v 0.535673 0.484095 -0.027210
v 0.535673 0.476944 -0.000736
v 0.553142 0.460269 -0.000739
v 0.553142 0.469655 -0.035691
v -0.264187 -0.090704 -0.106615
v -0.185535 -0.019009 -0.065178
v -0.185535 -0.036473 -0.000290
v -0.264182 -0.119239 -0.000311
v 0.328855 -0.161080 -0.000643
v 0.273806 -0.106932 -0.000654
v 0.273806 -0.082440 0.090735
v 0.328855 -0.129341 0.117683
v -0.323098 -0.314270 -0.000698
v -0.302103 -0.322054 0.021734
v -0.295120 -0.303208 -0.000698
v 0.273806 -0.015358 -0.159282
v 0.328855 -0.042427 -0.206196
v 0.328855 0.076028 -0.237644
v 0.273806 0.076039 -0.183745
v -0.368171 -0.499801 0.124198
v -0.345925 -0.439834 0.109731
v -0.449181 -0.401479 -0.000657
v -0.485179 -0.456364 -0.000652
v 0.273806 -0.082440 -0.092184
v 0.273806 -0.106932 -0.000780
v 0.328855 -0.161080 -0.000791
v 0.328855 -0.129341 -0.119117
v -0.397609 0.392400 -0.000315
v -0.397609 0.352476 -0.149128
v -0.323317 0.325826 -0.133664
v -0.323317 0.361632 -0.000309
v 0.114370 -0.182391 0.023259
v 0.109681 -0.158735 -0.000694
v 0.052866 -0.156874 -0.000682
v 0.063600 -0.208629 0.052204
v -0.005600 -0.235350 0.073708
v 0.063499 -0.208678 0.052252
v 0.052756 -0.156889 -0.000673
v -0.037243 -0.167982 -0.000664
v -0.216018 -0.248773 0.149302
v -0.241922 -0.175254 0.114358
v -0.171500 -0.117632 0.197280
v -0.127699 -0.170189 0.258632
v -0.185436 -0.018886 0.065307
v -0.088649 0.022378 0.041335
v -0.088658 0.052603 0.071752
v -0.185432 0.028785 0.112706
v 0.109747 -0.158739 -0.000694
v 0.114434 -0.182364 0.023228
v 0.157450 -0.163573 -0.000690
v 0.052156 0.094175 0.042245
v 0.372833 0.094301 0.007244
v 0.372813 0.097652 0.006350
v 0.264146 0.101634 0.013163
v 0.052155 0.115119 0.036286
v -0.354528 -0.195196 0.148645
v -0.242114 -0.175245 0.114215
v -0.291150 -0.184658 -0.000624
v -0.409492 -0.211776 -0.000611
v 0.114434 -0.182364 -0.024677
v 0.109745 -0.158738 -0.000739
v 0.157450 -0.163573 -0.000744
v -0.093202 0.176215 0.322317
v -0.179367 0.005435 0.298374
v -0.112359 -0.019325 0.372166
v -0.262612 -0.119265 0.259014
v -0.112527 -0.019512 0.372067
v -0.179479 0.005254 0.298327
v -0.159382 0.161033 0.258477
v -0.102275 0.332791 0.185773
v -0.174754 0.290403 0.149379
v -0.555821 0.385536 -0.000313
v -0.555821 0.346531 -0.145621
v -0.628466 0.320475 -0.130659
v -0.628466 0.355452 -0.000307
v 0.488247 0.004210 0.123826
v 0.535614 -0.018985 0.164254
v 0.535614 0.076041 0.189714
v 0.488247 0.076050 0.143304
v -0.180386 0.094145 -0.135757
v -0.180386 0.161773 -0.117779
v -0.259185 0.203205 -0.189195
v -0.259181 0.094166 -0.218634
v 0.553142 0.530429 -0.070702
v 0.553142 0.565457 -0.061210
v 0.535673 0.557125 -0.046739
v 0.535673 0.530426 -0.054238
v -0.345872 -0.439678 -0.110616
v -0.449066 -0.401346 -0.000781
v -0.395294 -0.347543 -0.000769
v -0.321763 -0.374843 -0.079202
v -0.555665 0.239897 0.252228
v -0.477719 0.245027 0.261211
v -0.477728 0.355370 0.150829
v -0.555656 0.346486 0.145848
v -0.005600 -0.235350 -0.075158
v -0.037243 -0.167982 -0.000770
v 0.052756 -0.156889 -0.000761
v 0.063499 -0.208678 -0.053701
v -0.005557 -0.235439 -0.075156
v 0.063516 -0.208758 -0.053702
v 0.074359 -0.260881 -0.000756
v 0.025939 -0.302500 -0.000763
v 0.114440 -0.182414 0.023232
v 0.118979 -0.205769 -0.000690
v 0.157453 -0.163636 -0.000685
v 0.063619 -0.208743 0.052181
v 0.074439 -0.260793 -0.000674
v 0.118874 -0.205875 -0.000673
v -0.104991 0.195463 0.114372
v -0.092105 0.097478 0.197273
v -0.159386 0.160572 0.258647
v -0.174760 0.290242 0.149321
v -0.185436 0.094141 0.130237
v -0.088649 0.094144 0.082791
v -0.088658 0.135436 0.071825
v -0.185432 0.159263 0.112770
v -0.085108 0.138517 -0.077273
v -0.180274 0.161724 -0.117713
v -0.180285 0.094142 -0.135684
v -0.085099 0.094144 -0.089230
v 0.265138 0.094302 -0.020150
v 1.254121 0.094265 -0.008687
v 1.254059 0.098070 -0.007781
v 0.265212 0.103770 -0.017311
v -0.085099 0.049635 -0.077267
v -0.085099 0.094020 -0.089230
v -0.180285 0.094022 -0.135684
v -0.180274 0.026435 -0.117713
v -0.180285 -0.041345 -0.000289
v -0.085099 0.005080 -0.000291
v -0.085112 0.016967 -0.044665
v -0.180285 -0.023231 -0.067646
v 0.218663 0.076176 -0.237644
v 0.273712 0.076165 -0.183745
v 0.273712 0.167562 -0.159282
v 0.218663 0.194626 -0.206196
v 0.273712 -0.015358 -0.159282
v 0.273712 0.076039 -0.183745
v 0.218663 0.076028 -0.237644
v 0.218663 -0.042427 -0.206196
v 0.535628 0.028364 -0.083217
v 0.488247 0.004158 -0.125157
v 0.488247 -0.048401 -0.072742
v 0.535628 -0.006494 -0.048266
v 0.273697 -0.070524 -0.254613
v 0.273697 -0.177692 -0.147248
v 0.218663 -0.129361 -0.119299
v 0.218663 -0.042610 -0.206216
v -0.171414 -0.117518 -0.198803
v -0.127585 -0.170070 -0.260185
v -0.044015 -0.044750 -0.300621
v -0.112526 -0.019392 -0.229256
v 0.328855 0.076176 -0.237644
v 0.328855 0.194626 -0.206196
v 0.273806 0.167562 -0.159282
v 0.273806 0.076165 -0.183745
v 0.518176 0.530429 -0.070702
v 0.535645 0.530426 -0.054238
v 0.535645 0.557125 -0.046739
v 0.518176 0.565457 -0.061210
v 0.535673 0.503689 -0.046739
v 0.553142 0.495357 -0.061210
v 0.553142 0.530385 -0.070702
v 0.535673 0.530388 -0.054238
v -0.091992 0.097675 -0.198547
v -0.036269 0.237268 -0.151218
v -0.104869 0.195439 -0.115305
v 0.074359 -0.260881 -0.000678
v 0.063516 -0.208758 0.052253
v -0.005557 -0.235439 0.073706
v 0.025939 -0.302500 -0.000671
v -0.043948 -0.044566 -0.300620
v -0.023873 0.110866 -0.260183
v -0.091995 0.097292 -0.198804
v -0.112467 -0.019236 -0.229258
v -0.557463 -0.055037 -0.258757
v -0.477721 -0.060285 -0.267743
v -0.477730 0.093995 -0.309184
v -0.557454 0.093997 -0.298710
v 0.583071 0.147955 -0.125210
v 0.535690 0.123760 -0.083260
v 0.535690 0.076145 -0.096242
v 0.583071 0.076154 -0.144677
v -0.380482 -0.298891 -0.000260
v -0.326060 -0.271846 0.185619
v -0.354572 -0.195358 0.148729
v -0.380615 -0.298868 -0.000607
v -0.354696 -0.195348 0.148394
v -0.409579 -0.211893 -0.000629
v -0.354696 -0.195348 -0.149844
v -0.380615 -0.298868 -0.000827
v -0.409579 -0.211893 -0.000805
v -0.380482 -0.298891 -0.001174
v -0.354572 -0.195358 -0.150179
v -0.326060 -0.271846 -0.187068
v -0.263004 -0.119764 -0.260224
v -0.222456 -0.172944 -0.323565
v -0.325969 -0.271782 -0.187255
v -0.354507 -0.195240 -0.150326
v 0.264915 0.083981 0.017305
v 0.367798 0.081309 0.007606
v 0.264918 0.076798 0.009883
v 0.060468 0.069866 0.041401
v -0.179333 0.005874 0.298246
v -0.093191 0.176630 0.322177
v -0.159385 0.160476 0.258863
v -0.093191 0.176630 -0.323626
v -0.179333 0.005874 -0.299695
v -0.159385 0.160476 -0.260312
v -0.112741 -0.019918 0.372005
v -0.262847 -0.119667 0.258927
v -0.222328 -0.172806 0.322234
v -0.262847 -0.119667 -0.260376
v -0.112741 -0.019918 -0.373439
v -0.222328 -0.172806 -0.323683
v -0.102225 0.332404 0.186125
v -0.159331 0.160667 0.258808
v -0.093132 0.176837 0.322120
v -0.102225 0.332404 -0.187574
v -0.093132 0.176837 -0.323569
v -0.159331 0.160667 -0.260257
v 0.273697 0.329891 -0.147248
v 0.273697 0.222728 -0.254613
v 0.218663 0.194809 -0.206216
v 0.218663 0.281565 -0.119299
v 0.218663 0.281472 0.117810
v 0.273712 0.234580 0.090844
v 0.273712 0.167671 0.157769
v 0.218663 0.194754 0.204673
v -0.183281 -0.313950 -0.000755
v -0.165826 -0.345094 -0.036169
v -0.194248 -0.382174 -0.000758
v 1.148444 0.086423 -0.004948
v 0.373496 0.087021 -0.012355
v 0.267358 0.084096 -0.017069
v 0.373526 0.081487 -0.008068
v -0.179413 0.005432 0.298186
v -0.159389 0.160386 0.258740
v -0.092112 0.097322 0.197355
v -0.112583 -0.019198 0.228308
v 0.273697 0.076187 -0.293631
v 0.218663 0.076176 -0.237752
v 0.218663 0.194680 -0.206290
v 0.273697 0.222581 -0.254698
v -0.165824 -0.345094 0.034723
v -0.183281 -0.313950 -0.000679
v -0.194248 -0.382174 -0.000676
v -0.632057 -0.137515 -0.133762
v -0.632057 -0.039727 -0.231617
v -0.695933 -0.015237 -0.189211
v -0.695933 -0.095120 -0.109296
v 0.273697 -0.177777 0.145666
v 0.218663 -0.129435 0.117736
v 0.218663 -0.161188 -0.000643
v 0.273697 -0.217003 -0.000632
v 0.518175 0.600578 -0.000694
v 0.518175 0.591188 0.034257
v 0.535640 0.606862 0.043238
v 0.535640 0.618676 -0.000691
v 0.273697 -0.177777 -0.147101
v 0.273697 -0.217003 -0.000802
v 0.218663 -0.161188 -0.000791
v 0.218663 -0.129435 -0.119170
v 0.264608 0.103788 0.017382
v 0.264682 0.094305 0.019750
v 0.054085 0.094156 0.048752
v 0.054104 0.118533 0.042295
v 0.054085 0.094008 0.048752
v 0.264682 0.093859 0.019750
v 0.264663 0.084321 0.017362
v 0.054101 0.069629 0.042295
v 0.273821 0.076017 0.292197
v 0.273821 -0.070377 0.253249
v 0.328855 -0.042481 0.204840
v 0.328855 0.076028 0.236805
v -0.477730 0.402942 -0.000142
v -0.477741 0.361607 0.154177
v -0.557446 0.352518 0.148687
v -0.557454 0.392446 -0.000144
v 0.273806 0.167671 0.157769
v 0.273806 0.234580 0.090844
v 0.328855 0.281472 0.117810
v 0.328855 0.194754 0.204673
v 1.254086 0.086691 0.004057
v 1.254121 0.085661 -0.000046
v 0.265138 0.074179 -0.000007
v 0.265011 0.076770 0.009680
v 0.373517 0.081116 0.007410
v -0.134292 -0.315552 -0.060668
v -0.165780 -0.345047 -0.036216
v -0.183260 -0.313849 -0.000748
v -0.163890 -0.263164 -0.000758
v -0.251079 -0.543476 -0.000646
v -0.368109 -0.500026 0.124226
v -0.398833 -0.582835 0.136689
v -0.270137 -0.630621 -0.000644
v -0.557623 -0.204241 -0.000314
v -0.557623 -0.164317 -0.149128
v -0.631915 -0.137667 -0.133664
v -0.631915 -0.173473 -0.000309
v -0.399411 0.385536 -0.000313
v -0.326815 0.355452 -0.000307
v -0.326816 0.320475 -0.130659
v -0.399411 0.346531 -0.145621
v 0.273697 0.369202 -0.000632
v 0.218663 0.313392 -0.000643
v 0.218663 0.281639 0.117736
v 0.273697 0.329976 0.145666
v -0.185535 0.028749 -0.113215
v -0.185535 -0.018948 -0.065284
v -0.264187 -0.090628 -0.106747
v -0.264187 -0.012650 -0.185120
v -0.628605 0.355371 -0.000307
v -0.628605 0.320405 -0.130619
v -0.690984 0.278948 -0.106673
v -0.690981 0.307508 -0.000302
v -0.132326 0.243890 -0.000622
v -0.105016 0.195572 0.114214
v -0.174797 0.290388 0.149147
v -0.201856 0.349336 -0.000609
v 1.257757 0.092236 0.000776
v 1.252474 0.091033 0.001514
v 1.252421 0.090646 -0.000067
v 1.257757 0.091952 -0.000227
v 0.520382 0.533692 0.045757
v 0.535594 0.548929 0.045757
v 0.535588 0.533698 0.010368
v -0.397786 -0.164359 0.148687
v -0.397778 -0.204287 -0.000144
v -0.477551 -0.214778 -0.000142
v -0.477552 -0.173446 0.154189
v -0.134258 -0.315623 0.059210
v -0.165749 -0.345094 0.034766
v -0.148318 -0.376109 -0.000691
v -0.104657 -0.367931 -0.000682
v 0.535588 0.533698 0.124184
v 0.535594 0.548928 0.088796
v 0.520383 0.533692 0.088796
v 0.520382 0.533692 -0.047206
v 0.535587 0.533699 -0.011332
v 0.535594 0.548929 -0.047206
v -0.477551 -0.214778 -0.000316
v -0.397778 -0.204287 -0.000314
v -0.397786 -0.164359 -0.149145
v -0.477552 -0.173446 -0.154631
v -0.477551 0.094169 0.308742
v -0.477552 0.248434 0.267286
v -0.397783 0.243189 0.258304
v -0.397778 0.094167 0.298268
v 0.535587 0.533699 -0.125615
v 0.520383 0.533692 -0.089742
v 0.535594 0.548928 -0.089742
v 0.553143 0.469649 0.034296
v 0.553143 0.495302 0.060270
v 0.535678 0.486253 0.075739
v 0.535678 0.453978 0.043283
v 0.553143 0.469649 -0.035746
v 0.535678 0.453978 -0.044734
v 0.535678 0.486253 -0.077189
v 0.553143 0.495302 -0.061216
v 0.535673 0.557158 0.045774
v 0.535673 0.576700 0.026296
v 0.553142 0.591137 0.034280
v 0.553142 0.565495 0.060242
v -0.088658 0.052728 0.071825
v -0.088649 0.094020 0.082791
v -0.185436 0.094023 0.130237
v -0.185432 0.028896 0.112770
v 0.053917 0.118552 0.042329
v 0.053935 0.094156 0.048784
v -0.084979 0.094144 0.088741
v -0.084970 0.138490 0.076784
v -0.691085 0.278791 -0.106743
v -0.691085 0.200805 -0.185124
v -0.738955 0.169598 -0.130721
v -0.738954 0.224761 -0.075795
v 0.535678 0.574516 0.075765
v 0.535678 0.530433 0.087757
v 0.553143 0.530430 0.069286
v 0.553143 0.565473 0.060292
v 0.518175 0.495341 -0.061239
v 0.518175 0.530384 -0.070735
v 0.535640 0.530381 -0.088704
v 0.535640 0.486298 -0.077215
v 0.535614 -0.019090 -0.165643
v 0.535614 -0.088655 -0.095741
v 0.488247 -0.048468 -0.072780
v 0.488247 0.004120 -0.125224
v -0.738955 0.018566 -0.130721
v -0.691085 -0.012646 -0.185124
v -0.691085 -0.090632 -0.106743
v -0.738954 -0.036602 -0.075795
v -0.264187 0.200677 -0.185197
v -0.185535 0.159304 -0.113276
v -0.185535 0.094143 -0.130752
v -0.264182 0.094164 -0.213646
v 0.535628 -0.006537 -0.048191
v 0.488247 -0.048453 -0.072651
v 0.488247 -0.067695 -0.000769
v 0.535628 -0.019293 -0.000760
v 0.515776 0.533690 0.066302
v 0.520370 0.533692 0.088755
v 0.535594 0.548941 0.088755
v 0.535596 0.553515 0.066302
v 0.273712 -0.015467 -0.159218
v 0.218663 -0.042555 -0.206123
v 0.218663 -0.129268 -0.119244
v 0.273712 -0.082376 -0.092293
v 0.535594 0.444458 0.014760
v 0.535596 0.466754 0.019256
v 0.515775 0.466754 -0.000704
v 0.520370 0.444458 -0.000702
v 0.535588 0.658537 -0.000695
v 0.520383 0.622937 -0.000702
v 0.535594 0.622937 0.014747
v 0.535596 0.466790 0.019255
v 0.535595 0.487162 0.014761
v 0.520369 0.487162 -0.000702
v 0.515776 0.466790 -0.000704
v 0.535594 0.580153 0.014747
v 0.520382 0.580153 -0.000702
v 0.535588 0.544557 -0.000695
v 0.535566 0.600564 -0.020672
v 0.520365 0.580209 -0.000731
v 0.515776 0.600569 -0.000730
v 0.520365 0.622875 -0.000732
v 0.535568 0.600610 -0.020675
v 0.515775 0.600605 -0.000730
v 0.515776 0.600569 -0.000704
v 0.520369 0.580192 -0.000702
v 0.535595 0.580192 0.014761
v 0.535596 0.600569 0.019255
v 0.535588 0.408822 -0.000695
v 0.535594 0.444417 0.014747
v 0.520383 0.444417 -0.000702
v -0.397609 0.352390 0.148819
v -0.323317 0.325746 0.133848
v -0.323317 0.227926 0.231246
v -0.397595 0.243325 0.258162
v 0.535594 0.487202 0.014747
v 0.535588 0.522802 -0.000695
v 0.520382 0.487201 -0.000702
v 0.520365 0.487145 -0.000731
v 0.535566 0.466795 -0.020672
v 0.515776 0.466790 -0.000730
v 0.535568 0.466749 -0.020675
v 0.520365 0.444479 -0.000732
v 0.515775 0.466754 -0.000730
v 0.518175 0.530430 0.069286
v 0.535640 0.530433 0.087757
v 0.535640 0.574516 0.075765
v 0.518175 0.565473 0.060292
v 0.535678 0.530381 -0.088704
v 0.553143 0.530384 -0.070735
v 0.553143 0.495341 -0.061239
v 0.535678 0.486298 -0.077215
v 0.264682 0.111458 0.009575
v 0.054092 0.136614 0.024191
v 0.054085 0.143152 -0.000155
v 0.264682 0.114019 -0.000007
v -0.326676 -0.132168 0.130313
v -0.264303 -0.090719 0.106357
v -0.264303 -0.012702 0.184770
v -0.326676 -0.036636 0.226172
v 0.583071 -0.048401 0.071293
v 0.535690 -0.006494 0.046831
v 0.535690 0.028364 0.081768
v 0.583071 0.004158 0.123707
v 0.583071 -0.048401 -0.072742
v 0.583071 0.004158 -0.125157
v 0.535690 0.028364 -0.083217
v 0.535690 -0.006494 -0.048266
v -0.745115 0.016896 0.133740
v -0.775923 0.054066 0.069325
v -0.775925 0.094041 0.079801
v -0.745115 0.094022 0.154209
v 0.535628 0.028439 -0.083260
v 0.535628 0.076059 -0.096242
v 0.488247 0.076050 -0.144677
v 0.488247 0.004249 -0.125210
v 0.535624 0.548942 -0.047246
v 0.550899 0.533692 -0.047246
v 0.555442 0.533690 -0.067701
v 0.535622 0.553515 -0.067701
v -0.262964 -0.119699 -0.260096
v -0.354416 -0.195129 -0.150268
v -0.242028 -0.175193 -0.115820
v -0.171614 -0.117581 -0.198720
v 0.535690 0.123835 -0.083217
v 0.583071 0.148046 -0.125157
v 0.583071 0.200605 -0.072742
v 0.535690 0.158693 -0.048266
v -0.769125 0.055048 0.067320
v -0.739014 0.018718 0.130247
v -0.739014 0.094023 0.150700
v -0.769123 0.094038 0.077805
v -0.326677 0.094161 0.261205
v -0.264301 0.094155 0.213299
v -0.264298 0.200734 0.184840
v -0.326682 0.224668 0.226253
v 0.535678 0.574561 0.075739
v 0.553143 0.565512 0.060270
v 0.553143 0.591165 0.034296
v 0.535678 0.606836 0.043283
v 0.535678 0.574561 -0.077189
v 0.535678 0.606836 -0.044734
v 0.553143 0.591165 -0.035746
v 0.553143 0.565512 -0.061216
v 0.273697 0.329891 0.145813
v 0.218663 0.281565 0.117865
v 0.218663 0.194809 0.204766
v 0.273697 0.222728 0.253164
v -0.739014 -0.036512 0.075287
v -0.739014 0.018617 0.130189
v -0.769125 0.054979 0.067280
v -0.769123 0.026428 0.038827
v -0.134179 -0.315553 -0.060702
v -0.090120 -0.279333 -0.073168
v -0.060208 -0.344723 -0.000758
v -0.104564 -0.367898 -0.000753
v 0.535690 0.123835 0.081768
v 0.535690 0.158693 0.046831
v 0.583071 0.200605 0.071293
v 0.583071 0.148046 0.123707
v -0.520297 -0.672157 -0.000790
v -0.442872 -0.700908 -0.083556
v -0.454183 -0.731395 -0.000780
v -0.442872 -0.700908 0.082106
v -0.520297 -0.672157 -0.000644
v -0.454183 -0.731395 -0.000654
v -0.365262 -0.729710 -0.000644
v -0.442736 -0.700959 0.082107
v -0.454065 -0.731439 -0.000654
v -0.148318 -0.376109 -0.000743
v -0.165747 -0.345094 -0.036214
v -0.134258 -0.315623 -0.060660
v -0.104657 -0.367931 -0.000752
v -0.442739 -0.700956 -0.083565
v -0.365262 -0.729710 -0.000790
v -0.454065 -0.731439 -0.000780
v 0.535704 0.266382 -0.000656
v 0.535704 0.240915 0.094202
v 0.583071 0.200723 0.071241
v 0.583071 0.219971 -0.000665
v 0.535596 0.513839 0.066302
v 0.535594 0.518418 0.088755
v 0.520370 0.533662 0.088755
v 0.515776 0.533664 0.066302
v -0.148391 -0.376120 -0.000690
v -0.165798 -0.345160 0.034705
v -0.194220 -0.382246 -0.000688
v -0.399411 0.093998 -0.291663
v -0.326816 0.094004 -0.261729
v -0.326820 -0.036536 -0.226781
v -0.399403 -0.051568 -0.252709
v -0.325989 -0.271951 0.185346
v -0.380440 -0.299019 -0.000600
v -0.270493 -0.264734 -0.000600
v -0.270331 -0.264681 -0.000349
v -0.216174 -0.248929 0.149212
v -0.325803 -0.271892 0.185580
v 1.252092 0.092482 -0.003266
v 0.373450 0.090656 -0.006826
v 0.373286 0.093862 -0.007663
v 1.252125 0.093953 -0.003687
v -0.216085 -0.248865 0.149390
v -0.127734 -0.170251 0.258761
v -0.222305 -0.173009 0.322135
v -0.325805 -0.271839 0.185825
v -0.270331 -0.264681 -0.001085
v -0.325803 -0.271892 -0.187029
v -0.216174 -0.248929 -0.150660
v -0.325989 -0.271951 -0.186795
v -0.270493 -0.264734 -0.000834
v -0.380440 -0.299019 -0.000834
v -0.399411 0.094166 0.291220
v -0.326816 0.094160 0.261286
v -0.326809 0.224705 0.226316
v -0.399419 0.239747 0.252268
v -0.165798 -0.345157 -0.036156
v -0.148391 -0.376120 -0.000743
v -0.194220 -0.382246 -0.000746
v 0.372670 0.090634 -0.006864
v 0.052182 0.073072 -0.036747
v 0.052156 0.093989 -0.042187
v 0.372833 0.093862 -0.007688
v 0.535704 -0.114178 -0.000656
v 0.583071 -0.067772 -0.000665
v 0.583071 -0.048519 0.071241
v 0.535704 -0.088716 0.094202
v 0.583071 -0.048519 -0.072690
v 0.583071 -0.067772 -0.000769
v 0.535704 -0.114178 -0.000778
v 0.535704 -0.088716 -0.095636
v 0.535624 0.513848 0.066337
v 0.550869 0.533632 0.088753
v 0.535624 0.518418 0.088755
v 0.535630 0.533656 0.124184
v 0.535624 0.518431 0.088796
v 0.550882 0.533660 0.088798
v 0.550866 0.533629 0.045799
v 0.535624 0.513848 0.066234
v 0.535624 0.518417 0.045796
v 0.550882 0.533660 0.045754
v 0.535624 0.518430 0.045757
v 0.535630 0.533656 0.010368
v 0.535624 0.518418 -0.089701
v 0.550868 0.533631 -0.089699
v 0.535624 0.513848 -0.067771
v 0.535631 0.533655 -0.125615
v 0.550882 0.533660 -0.089745
v 0.535624 0.518431 -0.089742
v 0.535624 0.513848 -0.067669
v 0.550866 0.533629 -0.047249
v 0.535624 0.518417 -0.047246
v 0.550882 0.533660 -0.047204
v 0.535631 0.533655 -0.011332
v 0.535624 0.518430 -0.047206
v -0.739014 0.224729 -0.075642
v -0.769123 0.161776 -0.039207
v -0.769125 0.172219 -0.000269
v -0.739014 0.244905 -0.000288
v 0.328855 0.313284 -0.000643
v 0.328855 0.281545 0.117683
v 0.273806 0.234644 0.090735
v 0.273806 0.259131 -0.000654
v -0.264298 -0.090789 -0.106673
v -0.264301 -0.119349 -0.000302
v -0.326677 -0.167213 -0.000307
v -0.326677 -0.132246 -0.130619
v -0.180386 0.094019 0.135299
v -0.180386 0.026386 0.117336
v -0.259186 -0.015046 0.188753
v -0.259181 0.093998 0.218192
v -0.397609 0.094168 -0.298664
v -0.323317 0.094162 -0.267741
v -0.323310 0.227794 -0.231765
v -0.397605 0.243165 -0.258721
v -0.063275 0.294743 -0.000625
v -0.104932 0.195635 0.113994
v -0.132208 0.243859 -0.000645
v -0.063159 0.294707 -0.000398
v -0.036236 0.237410 0.149648
v -0.104841 0.195568 0.114242
v -0.063159 0.294708 -0.001034
v -0.104841 0.195568 -0.115189
v -0.036236 0.237410 -0.151097
v -0.104932 0.195635 -0.114941
v -0.063275 0.294743 -0.000809
v -0.132208 0.243859 -0.000789
v 0.535596 0.513839 -0.067701
v 0.535594 0.518417 -0.047246
v 0.520369 0.533662 -0.047246
v 0.515776 0.533664 -0.067701
v 0.535596 0.513838 -0.067737
v 0.515776 0.533664 -0.067737
v 0.520370 0.533662 -0.089701
v 0.535594 0.518418 -0.089701
v 0.535588 0.533656 0.124184
v 0.520383 0.533662 0.088796
v 0.535594 0.518431 0.088796
v 0.535594 0.518430 0.045757
v 0.520382 0.533662 0.045757
v 0.535588 0.533656 0.010368
v -0.628600 0.224668 -0.226710
v -0.628605 0.094160 -0.261648
v -0.690981 0.094155 -0.213757
v -0.690984 0.200734 -0.185282
v 0.535587 0.533655 -0.125615
v 0.535594 0.518431 -0.089742
v 0.520383 0.533662 -0.089742
v -0.397778 0.352515 -0.149152
v -0.397778 0.392446 -0.000314
v -0.477551 0.402942 -0.000316
v -0.477541 0.361607 -0.154619
v 0.535594 0.518430 -0.047206
v 0.535587 0.533655 -0.011332
v 0.520382 0.533662 -0.047206
v 0.553142 0.600545 -0.000695
v 0.553142 0.591159 0.034241
v 0.535673 0.576719 0.026263
v 0.535673 0.583876 -0.000698
v -0.323325 -0.039617 -0.231774
v -0.323317 0.094002 -0.267741
v -0.397609 0.093996 -0.298664
v -0.397618 -0.055016 -0.258722
v -0.093202 0.176215 -0.323766
v -0.112359 -0.019325 -0.373600
v -0.179367 0.005435 -0.299823
v -0.112527 -0.019513 -0.373501
v -0.262612 -0.119265 -0.260463
v -0.179479 0.005254 -0.299776
v -0.159382 0.161032 -0.259925
v -0.174754 0.290403 -0.150326
v -0.102275 0.332791 -0.187221
v -0.323175 -0.173391 -0.000309
v -0.259303 -0.124410 -0.000304
v -0.259299 -0.095171 -0.109173
v -0.323181 -0.137598 -0.133632
v 1.258407 0.098100 0.002272
v 1.254449 0.101346 0.004018
v 1.254449 0.102370 -0.000044
v 1.258407 0.098718 -0.000226
v 0.535704 0.076041 -0.191163
v 0.583071 0.076050 -0.144754
v 0.583071 0.004210 -0.125276
v 0.535704 -0.018985 -0.165704
v -0.134179 -0.315553 0.059253
v -0.104564 -0.367898 -0.000681
v -0.060208 -0.344723 -0.000676
v -0.090120 -0.279333 0.071718
v 0.515775 0.600605 -0.000704
v 0.535596 0.600605 0.019255
v 0.535594 0.622896 0.014760
v 0.520370 0.622896 -0.000702
v 0.550885 0.622937 -0.000732
v 0.535626 0.622939 -0.015691
v 0.535631 0.658536 -0.000738
v 0.555433 0.600640 -0.000732
v 0.535654 0.622894 -0.015677
v 0.550898 0.622896 -0.000732
v 0.535657 0.580195 -0.015675
v 0.555433 0.600537 -0.000732
v 0.550899 0.580192 -0.000731
v 0.535631 0.544558 -0.000738
v 0.535626 0.580150 -0.015691
v 0.550886 0.580153 -0.000732
v 0.550885 0.444417 -0.000732
v 0.535631 0.408823 -0.000738
v 0.535626 0.444415 -0.015691
v 0.535654 0.444460 -0.015677
v 0.555433 0.466719 -0.000732
v 0.550898 0.444458 -0.000732
v 0.555433 0.466822 -0.000732
v 0.535657 0.487159 -0.015675
v 0.550899 0.487162 -0.000731
v 0.535631 0.522801 -0.000738
v 0.550886 0.487201 -0.000732
v 0.535626 0.487204 -0.015691
v 0.273806 0.167562 0.157833
v 0.328855 0.194627 0.204746
v 0.328855 0.076176 0.236697
v 0.273806 0.076165 0.182310
v 0.535704 0.076163 0.189714
v 0.583071 0.076154 0.143304
v 0.583071 0.147994 0.123826
v 0.535704 0.171189 0.164254
v -0.127623 -0.170115 0.258861
v -0.044008 -0.044747 0.299315
v -0.112280 -0.019588 0.372176
v -0.222169 -0.172853 0.322244
v 0.373046 0.100361 0.003613
v 0.270469 0.106823 0.007148
v 0.373076 0.098252 0.006294
v 1.096341 0.096446 0.003177
v 0.118979 -0.205769 -0.000744
v 0.114440 -0.182414 -0.024681
v 0.157453 -0.163636 -0.000749
v 0.063619 -0.208743 -0.053630
v 0.118874 -0.205875 -0.000761
v 0.074439 -0.260793 -0.000760
v 0.553142 0.530385 0.069254
v 0.553142 0.495357 0.060264
v 0.535673 0.503689 0.045793
v 0.535673 0.530388 0.052788
v 0.218663 0.076028 0.236697
v 0.273712 0.076039 0.182310
v 0.273712 -0.015358 0.157833
v 0.218663 -0.042428 0.204746
v -0.163831 -0.263065 -0.000676
v -0.134219 -0.315486 0.059254
v -0.090154 -0.279252 0.071721
v -0.120415 -0.213300 -0.000670
v 0.488247 0.147994 -0.125276
v 0.535614 0.171189 -0.165704
v 0.535614 0.076163 -0.191163
v 0.488247 0.076154 -0.144754
v -0.179413 0.005432 -0.299635
v -0.112583 -0.019198 -0.229256
v -0.092112 0.097322 -0.198804
v -0.159389 0.160386 -0.260189
v -0.259186 0.283170 -0.109250
v -0.259186 0.203340 -0.189117
v -0.180386 0.161881 -0.117717
v -0.180386 0.211392 -0.067789
v -0.555821 0.346447 -0.145766
v -0.555813 0.239877 -0.252636
v -0.628466 0.224834 -0.226699
v -0.628466 0.320397 -0.130795
v 0.025819 -0.302568 -0.000664
v -0.005685 -0.235501 0.073721
v -0.090004 -0.279266 0.071726
v -0.060096 -0.344653 -0.000664
v 0.365973 0.098368 0.006659
v 0.063373 0.129336 0.020326
v 0.264168 0.101836 0.013238
v 0.553142 0.469677 -0.035729
v 0.553142 0.495319 -0.061188
v 0.535673 0.503656 -0.046720
v 0.535673 0.484114 -0.027243
v -0.397769 -0.055037 0.258299
v -0.477561 -0.060285 0.267285
v -0.477551 0.093995 0.308742
v -0.397778 0.093997 0.298268
v -0.739014 0.224671 0.075287
v -0.769123 0.161731 0.038827
v -0.769125 0.133185 0.067280
v -0.739014 0.169547 0.130189
v 0.273712 0.167562 0.157833
v 0.273712 0.076165 0.182310
v 0.218663 0.076176 0.236697
v 0.218663 0.194627 0.204746
v 0.535673 0.557125 0.045793
v 0.553142 0.565457 0.060264
v 0.553142 0.530429 0.069254
v 0.535673 0.530426 0.052788
v 0.520386 0.580150 -0.000734
v 0.535594 0.580153 -0.015694
v 0.535587 0.544558 -0.000738
v 0.520402 0.580195 -0.000765
v 0.535594 0.600536 -0.020694
v 0.535594 0.580192 -0.015708
v 0.535594 0.622896 -0.015707
v 0.535594 0.600641 -0.020694
v 0.520400 0.622894 -0.000762
v 0.535587 0.658536 -0.000738
v 0.535594 0.622937 -0.015694
v 0.520386 0.622939 -0.000734
v 0.520386 0.487204 -0.000734
v 0.535587 0.522801 -0.000738
v 0.535594 0.487201 -0.015694
v 0.535594 0.466823 -0.020694
v 0.520402 0.487159 -0.000765
v 0.535594 0.487162 -0.015708
v 0.520400 0.444460 -0.000762
v 0.535594 0.466718 -0.020694
v 0.535594 0.444458 -0.015707
v 0.535587 0.408823 -0.000738
v 0.520386 0.444415 -0.000734
v 0.535594 0.444417 -0.015694
v 0.518176 0.530385 0.069254
v 0.535645 0.530388 0.052788
v 0.535645 0.503689 0.045793
v 0.518176 0.495357 0.060264
v -0.036269 0.237268 0.149768
v -0.091992 0.097675 0.197099
v -0.104869 0.195439 0.114358
v -0.775941 0.094082 0.079731
v -0.775947 0.054111 0.069246
v -0.786523 0.094082 -0.000108
v -0.775947 0.134048 0.069246
v -0.043949 -0.044566 0.299172
v -0.112467 -0.019236 0.228310
v -0.091995 0.097292 0.197355
v -0.023873 0.110866 0.258734
v 0.535628 0.076145 0.094792
v 0.488247 0.076154 0.143227
v 0.488247 0.147955 0.123760
v 0.535628 0.123760 0.081811
v -0.745054 0.227921 0.077339
v -0.696036 0.283193 0.109306
v -0.696036 0.203345 0.188679
v -0.745053 0.171420 0.133773
v -0.259299 -0.095171 0.109234
v -0.259303 -0.124410 -0.000154
v -0.323175 -0.173391 -0.000149
v -0.323181 -0.137598 0.133678
v -0.745054 0.248660 -0.000170
v -0.696039 0.312485 -0.000153
v -0.696036 0.283265 0.109182
v -0.745054 0.227980 0.077236
v 0.273806 0.234644 -0.092184
v 0.328855 0.281545 -0.119117
v 0.328855 0.313284 -0.000791
v 0.273806 0.259131 -0.000780
v -0.779423 0.093964 -0.000229
v -0.769147 0.026460 -0.039162
v -0.769141 0.016013 -0.000229
v -0.769147 0.026460 0.038705
v -0.745054 0.248660 -0.000288
v -0.745054 0.227980 -0.077190
v -0.696036 0.283265 -0.109121
v -0.696039 0.312485 -0.000305
v -0.775947 0.054032 0.069201
v -0.775941 0.024769 0.039759
v -0.775947 0.014066 -0.000183
v -0.786523 0.093977 -0.000169
v -0.399411 0.346447 -0.145766
v -0.326816 0.320397 -0.130795
v -0.326816 0.224834 -0.226699
v -0.399419 0.239877 -0.252636
v -0.769147 0.026505 -0.039240
v -0.779423 0.094023 -0.000331
v -0.769147 0.094037 -0.078159
v -0.769141 0.055048 -0.067682
v -0.695933 0.203273 0.188840
v -0.632064 0.227735 0.231252
v -0.632057 0.094162 0.267201
v -0.695929 0.094157 0.218304
v -0.745054 0.094141 0.154315
v -0.745053 0.171317 0.133832
v -0.696036 0.203221 0.188751
v -0.696039 0.094158 0.218194
v -0.745054 0.227921 -0.077293
v -0.745053 0.171420 -0.134214
v -0.696036 0.203345 -0.189121
v -0.696036 0.283194 -0.109245
v 0.273697 -0.070524 0.253164
v 0.218663 -0.042610 0.204766
v 0.218663 -0.129361 0.117865
v 0.273697 -0.177692 0.145813
v -0.691088 0.094008 0.213192
v -0.738954 0.094024 0.150804
v -0.738955 0.018666 0.130337
v -0.691085 -0.012524 0.184753
v -0.745054 0.094141 -0.154757
v -0.696039 0.094158 -0.218636
v -0.696036 0.203221 -0.189193
v -0.745053 0.171317 -0.134274
v -0.399411 -0.197377 -0.000145
v -0.326815 -0.167293 -0.000151
v -0.326816 -0.132316 0.130218
v -0.399409 -0.158372 0.145679
v -0.739014 0.094141 -0.151158
v -0.769123 0.094126 -0.078248
v -0.769125 0.133116 -0.067762
v -0.739014 0.169446 -0.130689
v 0.535645 0.503656 -0.046720
v 0.518176 0.495319 -0.061188
v 0.518176 0.469677 -0.035729
v 0.535645 0.484114 -0.027243
v 0.053917 0.051602 -0.024800
v 0.053919 0.069453 -0.042681
v -0.084979 0.049550 -0.077164
v -0.084966 0.017091 -0.044768
v -0.775941 0.094082 -0.080189
v -0.775947 0.134048 -0.069688
v -0.786523 0.094082 -0.000350
v -0.775947 0.054111 -0.069688
v -0.084979 0.049550 0.076721
v 0.053919 0.069453 0.042238
v 0.053917 0.051602 0.024358
v -0.084966 0.017091 0.044325
v -0.775941 0.024769 -0.040201
v -0.775947 0.054032 -0.069643
v -0.786523 0.093977 -0.000289
v -0.775947 0.014066 -0.000275
v 0.218663 0.313284 -0.000643
v 0.273712 0.259131 -0.000654
v 0.273712 0.234644 0.090735
v 0.218663 0.281545 0.117683
v -0.745115 -0.060390 -0.000289
v -0.745115 -0.039724 -0.077137
v -0.775925 0.024687 -0.040201
v -0.775923 0.013976 -0.000275
v -0.775947 0.174098 -0.000183
v -0.775941 0.163390 0.039759
v -0.775947 0.134127 0.069201
v -0.786523 0.094187 -0.000169
v 0.555443 0.533690 0.066302
v 0.535622 0.553515 0.066302
v 0.535624 0.548941 0.088755
v 0.550898 0.533692 0.088755
v -0.632057 0.361550 -0.000149
v -0.632051 0.325762 0.133678
v -0.695933 0.283355 0.109234
v -0.695929 0.312594 -0.000154
v -0.088649 0.176909 -0.000167
v -0.185436 0.224559 -0.000170
v -0.185436 0.207109 0.065204
v -0.088649 0.165843 0.041227
v -0.259186 -0.095006 -0.109250
v -0.180386 -0.023233 -0.067789
v -0.180386 0.026278 -0.117717
v -0.259186 -0.015181 -0.189117
v -0.259299 -0.015104 0.188840
v -0.323168 -0.039571 0.231252
v -0.323175 0.094002 0.267201
v -0.259303 0.094007 0.218304
v -0.691085 0.200683 -0.185195
v -0.691088 0.094156 -0.213650
v -0.738954 0.094140 -0.151262
v -0.738955 0.169498 -0.130779
v -0.745054 -0.039757 -0.077293
v -0.696036 -0.095030 -0.109245
v -0.696036 -0.015186 -0.189121
v -0.745053 0.016739 -0.134214
v -0.259185 -0.015046 -0.189195
v -0.180386 0.026386 -0.117779
v -0.180386 0.094019 -0.135757
v -0.259181 0.093998 -0.218634
v -0.557630 -0.164034 0.149012
v -0.631853 -0.039787 0.231261
v -0.557614 -0.055149 0.258187
v -0.323379 -0.039782 0.231261
v -0.397602 -0.164034 0.149012
v -0.397618 -0.055149 0.258187
v 0.328855 -0.129268 0.117810
v 0.273806 -0.082376 0.090844
v 0.273806 -0.015467 0.157769
v 0.328855 -0.042555 0.204673
v 0.054085 0.143152 -0.000303
v 0.054092 0.136614 -0.024633
v 0.264845 0.111396 -0.010165
v 0.264682 0.114019 -0.000451
v -0.520410 -0.672008 -0.000771
v -0.538199 -0.605304 -0.000788
v -0.423186 -0.648005 -0.123590
v -0.442820 -0.700821 -0.083715
v -0.259299 0.283335 -0.109173
v -0.259303 0.312569 -0.000304
v -0.323175 0.361550 -0.000309
v -0.323175 0.325755 -0.133622
v -0.180386 0.211455 -0.067680
v -0.180386 0.229577 -0.000292
v -0.259181 0.312457 -0.000313
v -0.259186 0.283247 -0.109115
v -0.691085 0.278861 -0.106622
v -0.738954 0.224819 -0.075695
v -0.738954 0.245009 -0.000287
v -0.691088 0.307402 -0.000303
v -0.399567 0.239767 -0.252745
v -0.399576 0.094165 -0.291707
v -0.477554 0.094167 -0.302196
v -0.477563 0.244896 -0.261730
v -0.264298 0.200734 -0.185282
v -0.264301 0.094155 -0.213757
v -0.326677 0.094160 -0.261648
v -0.326682 0.224668 -0.226710
v -0.477552 -0.173359 -0.154782
v -0.397786 -0.164266 -0.149305
v -0.397769 -0.055169 -0.258681
v -0.477561 -0.060420 -0.267665
v -0.397769 -0.055169 0.258223
v -0.397786 -0.164266 0.148847
v -0.477552 -0.173359 0.154340
v -0.477561 -0.060420 0.267207
v 0.264826 0.076761 -0.010148
v 0.054104 0.051544 -0.024620
v 0.054085 0.045007 -0.000303
v 0.264682 0.074145 -0.000451
v -0.397602 -0.164034 -0.149470
v -0.323379 -0.039783 -0.231704
v -0.397618 -0.055149 -0.258645
v -0.628466 0.355452 -0.000151
v -0.628466 0.320475 0.130218
v -0.555821 0.346531 0.145681
v -0.555821 0.385537 -0.000145
v 0.328855 0.281639 0.117736
v 0.328855 0.313392 -0.000643
v 0.273821 0.369202 -0.000632
v 0.273821 0.329976 0.145666
v -0.695933 0.203396 -0.189211
v -0.632057 0.227885 -0.231617
v -0.632057 0.325679 -0.133762
v -0.695933 0.283284 -0.109296
v -0.085269 0.016976 -0.044835
v -0.180276 0.026283 -0.117614
v -0.180285 -0.023171 -0.067750
v 0.535614 0.266382 -0.000656
v 0.488247 0.219971 -0.000665
v 0.488247 0.200723 0.071241
v 0.535614 0.240915 0.094202
v -0.180276 0.026283 0.117172
v -0.085270 0.016976 0.044393
v -0.180285 -0.023171 0.067810
v 0.218663 0.281472 -0.119244
v 0.218663 0.194754 -0.206123
v 0.273712 0.167671 -0.159218
v 0.273712 0.234580 -0.092293
v 1.257759 0.095146 -0.002227
v 1.257759 0.095926 -0.001221
v 1.257759 0.096211 -0.000229
v 1.257759 0.095926 0.000778
v 1.257759 0.095146 0.001769
v 1.257759 0.093018 0.001769
v 1.257759 0.092238 0.000778
v 1.257759 0.091953 -0.000229
v 1.257759 0.092238 -0.001221
v 1.257759 0.093018 -0.002227
v 0.053917 0.051509 0.024198
v 0.053935 0.044976 -0.000155
v -0.084979 0.005126 -0.000167
v -0.084966 0.017015 0.044194
v -0.185535 -0.036473 -0.000168
v -0.185535 -0.019009 0.065238
v -0.264187 -0.090704 0.106172
v -0.264182 -0.119239 -0.000147
v -0.628466 0.224834 0.226242
v -0.555813 0.239877 0.252194
v -0.555821 0.346447 0.145826
v -0.628467 0.320397 0.130353
v 0.328855 -0.129268 -0.119244
v 0.328855 -0.042555 -0.206123
v 0.273806 -0.015467 -0.159218
v 0.273806 -0.082376 -0.092293
v 0.054092 0.136533 0.024330
v 0.264682 0.111239 0.009961
v 0.264608 0.104295 0.017091
v 0.054104 0.118693 0.042203
v 0.218663 -0.042481 0.204840
v 0.273697 -0.070377 0.253249
v 0.273697 0.076017 0.292197
v 0.218663 0.076028 0.236805
v 0.367605 0.081307 -0.008047
v 0.264992 0.084035 -0.017162
v 0.264992 0.076856 -0.010279
v 0.060687 0.069878 -0.041807
v 0.264826 0.076850 -0.010294
v 0.264827 0.084031 -0.017179
v 1.254446 0.093896 0.008093
v 1.258407 0.094079 0.004273
v 1.258407 0.091764 0.003787
v 1.254447 0.090098 0.007205
v -0.632057 0.094002 0.267201
v -0.632064 -0.039576 0.231252
v -0.695933 -0.015114 0.188840
v -0.695929 0.094007 0.218304
v 0.535645 0.576719 -0.027210
v 0.535645 0.583875 -0.000736
v 0.518176 0.600545 -0.000739
v 0.518176 0.591159 -0.035691
v -0.259305 0.283262 0.109364
v -0.259304 0.203393 0.188768
v -0.323175 0.227886 0.231175
v -0.323175 0.325674 0.133807
v 0.535628 -0.006537 0.046756
v 0.535628 -0.019293 -0.000674
v 0.488247 -0.067695 -0.000665
v 0.488247 -0.048453 0.071202
v -0.397769 -0.055037 -0.258757
v -0.397778 0.093997 -0.298710
v -0.477551 0.093995 -0.309184
v -0.477561 -0.060285 -0.267743
v -0.557623 0.094168 -0.298664
v -0.557627 0.243165 -0.258721
v -0.631907 0.227781 -0.231774
v -0.631915 0.094162 -0.267741
v -0.477730 0.094169 -0.309184
v -0.477730 0.248434 -0.267744
v -0.557449 0.243189 -0.258762
v -0.557454 0.094167 -0.298710
v 0.583071 -0.067695 -0.000769
v 0.583071 -0.048453 -0.072651
v 0.535690 -0.006537 -0.048191
v 0.535690 -0.019293 -0.000760
v -0.323325 -0.039963 -0.231493
v -0.397537 -0.164202 -0.149265
v -0.323317 -0.137587 -0.133802
v -0.180011 0.026375 -0.117529
v -0.085111 0.017087 -0.044841
v -0.085099 0.049527 -0.077204
v 0.583071 0.004210 0.123826
v 0.583071 0.076050 0.143304
v 0.535704 0.076041 0.189714
v 0.535704 -0.018985 0.164254
v -0.248132 -0.402180 -0.000668
v -0.321667 -0.374875 0.077754
v -0.345752 -0.439723 0.109669
v -0.242508 -0.478050 -0.000652
v 0.262253 0.076587 -0.010519
v 0.054101 0.069469 -0.042644
v 0.054104 0.051636 -0.024780
v 0.583071 -0.048468 0.071331
v 0.583071 0.004120 0.123774
v 0.535704 -0.019090 0.164193
v 0.535704 -0.088655 0.094307
v 0.054085 0.094156 -0.049195
v 0.264682 0.094302 -0.020183
v 0.264609 0.103792 -0.017350
v 0.054104 0.118533 -0.042738
v 0.535614 0.076041 -0.191163
v 0.535614 -0.018985 -0.165704
v 0.488247 0.004210 -0.125276
v 0.488247 0.076050 -0.144754
v -0.180011 0.161784 -0.117529
v -0.085108 0.138641 -0.077201
v -0.085111 0.171077 -0.044841
v 0.053333 0.136692 -0.024894
v -0.084966 0.171073 -0.044768
v -0.084970 0.138625 -0.077145
v 0.488247 0.004120 0.123774
v 0.488247 -0.048468 0.071331
v 0.535614 -0.088655 0.094307
v 0.535614 -0.019090 0.164193
v 1.254141 0.090010 -0.007761
v 1.254121 0.093899 -0.008687
v 0.265138 0.093862 -0.020150
v 0.264992 0.084178 -0.017247
v 0.373522 0.086502 -0.013130
v 0.265138 0.074179 -0.000451
v 1.254121 0.085666 -0.000410
v 1.254086 0.086685 -0.004014
v 0.373517 0.081114 -0.007850
v 0.264992 0.076774 -0.010141
v -0.023871 0.110929 -0.260312
v -0.043945 -0.044573 -0.300766
v -0.112204 -0.019390 -0.373608
v -0.092976 0.176570 -0.323691
v 0.549861 0.087047 -0.011372
v 1.253868 0.087040 -0.004562
v 1.254141 0.089735 -0.007596
v 0.264827 0.084171 -0.017261
v 0.264682 0.093862 -0.020183
v 0.054085 0.094008 -0.049195
v 0.054101 0.069629 -0.042738
v 0.373286 0.086534 -0.000009
v 1.252092 0.090604 -0.000067
v 1.252037 0.090985 0.001555
v 0.373307 0.087432 0.003543
v -0.185535 0.028855 0.112834
v -0.185535 0.094021 0.130310
v -0.264182 0.094000 0.213188
v -0.264187 -0.012518 0.184755
v -0.632057 0.094162 -0.267659
v -0.632064 0.227735 -0.231695
v -0.695933 0.203273 -0.189282
v -0.695929 0.094157 -0.218746
v -0.631907 0.228127 -0.231493
v -0.557695 0.352361 -0.149265
v -0.631915 0.325751 -0.133802
v -0.088530 0.011296 -0.000291
v -0.088530 0.022356 -0.041647
v 0.051967 0.057424 -0.021145
v 0.051967 0.051810 -0.000322
v -0.477768 0.361205 -0.155089
v -0.557394 0.243347 -0.258679
v -0.477730 0.248585 -0.267657
v 0.535594 0.548941 -0.089701
v 0.520370 0.533692 -0.089701
v 0.515776 0.533690 -0.067737
v 0.535596 0.553516 -0.067737
v -0.477552 0.248585 -0.267657
v -0.397838 0.243347 -0.258679
v -0.477514 0.361205 -0.155088
v 0.553143 0.460236 -0.000694
v 0.553143 0.469626 0.034257
v 0.535678 0.453952 0.043238
v 0.535678 0.442143 -0.000691
v -0.264303 -0.012702 -0.185212
v -0.264303 -0.090719 -0.106800
v -0.326676 -0.132168 -0.130755
v -0.326676 -0.036636 -0.226629
v -0.264187 0.200809 -0.185120
v -0.264187 0.278787 -0.106747
v -0.185535 0.207112 -0.065284
v -0.185535 0.159410 -0.113215
v 0.583071 0.147994 -0.125276
v 0.583071 0.076154 -0.144754
v 0.535704 0.076163 -0.191163
v 0.535704 0.171189 -0.165704
v -0.632057 -0.173391 -0.000309
v -0.632057 -0.137596 -0.133622
v -0.695933 -0.095191 -0.109173
v -0.695929 -0.124435 -0.000304
v -0.477728 0.093997 -0.302196
v -0.477719 -0.056737 -0.261730
v -0.555647 -0.051593 -0.252751
v -0.555656 0.093999 -0.291707
v 0.518176 0.600545 -0.000695
v 0.535645 0.583876 -0.000698
v 0.535645 0.576719 0.026263
v 0.518176 0.591159 0.034241
v -0.085108 0.138517 0.076830
v -0.085099 0.094144 0.088788
v -0.180285 0.094142 0.135226
v -0.180274 0.161724 0.117270
v 0.273806 0.167671 -0.159218
v 0.328855 0.194754 -0.206123
v 0.328855 0.281472 -0.119244
v 0.273806 0.234580 -0.092293
v 0.535645 0.484095 -0.027210
v 0.518176 0.469655 -0.035691
v 0.518176 0.460269 -0.000739
v 0.535645 0.476944 -0.000736
v 0.535614 0.076163 0.189714
v 0.535614 0.171189 0.164254
v 0.488247 0.147994 0.123826
v 0.488247 0.076154 0.143304
v -0.477730 -0.173359 0.154340
v -0.557446 -0.164266 0.148847
v -0.557463 -0.055169 0.258223
v -0.477721 -0.060420 0.267207
v 0.328855 0.194809 0.204766
v 0.328855 0.281565 0.117865
v 0.273821 0.329891 0.145813
v 0.273821 0.222728 0.253164
v -0.368171 -0.499801 -0.125631
v -0.485179 -0.456364 -0.000782
v -0.449181 -0.401479 -0.000776
v -0.345925 -0.439834 -0.110678
v -0.628605 -0.167213 -0.000151
v -0.628605 -0.132246 0.130177
v -0.690984 -0.090789 0.106230
v -0.690981 -0.119349 -0.000156
v 1.254312 0.086754 -0.004231
v 1.258403 0.091757 -0.004230
v 1.254312 0.089846 -0.007716
v 1.258407 0.091756 -0.004224
v 1.254326 0.086764 -0.004224
v 1.258407 0.090067 -0.002719
v -0.739014 -0.056746 -0.000170
v -0.739014 -0.036570 0.075185
v -0.769123 0.026383 0.038750
v -0.769125 0.015945 -0.000189
v 1.258407 0.096400 0.003784
v 1.254312 0.098313 0.007273
v 1.254312 0.101407 0.004273
v 1.258407 0.098097 0.002277
v -0.631922 0.325826 -0.133670
v -0.557630 0.352475 -0.149120
v -0.557623 0.392400 -0.000315
v -0.631915 0.361632 -0.000309
v 1.258409 0.096396 0.003782
v 1.258409 0.098095 0.002273
v 1.258409 0.098715 -0.000229
v 1.258409 0.098095 -0.002715
v 1.258409 0.096396 -0.004224
v 1.258409 0.094082 -0.004728
v 1.258409 0.091763 -0.004224
v 1.258409 0.090069 -0.002715
v 1.258409 0.089444 -0.000229
v 1.258409 0.090069 0.002273
v 1.258409 0.091763 0.003782
v 1.258409 0.094082 0.004270
v -0.397609 -0.204241 -0.000314
v -0.323317 -0.173473 -0.000309
v -0.323310 -0.137662 -0.133670
v -0.397602 -0.164316 -0.149120
v -0.696036 -0.095101 -0.109121
v -0.745054 -0.039816 -0.077190
v -0.745054 -0.060496 -0.000288
v -0.696039 -0.124325 -0.000305
v -0.264298 0.278948 0.106230
v -0.264301 0.307508 -0.000156
v -0.326677 0.355372 -0.000151
v -0.326677 0.320405 0.130177
v -0.127623 -0.170115 -0.260310
v -0.222169 -0.172853 -0.323693
v -0.112280 -0.019588 -0.373610
v -0.044008 -0.044747 -0.300764
v 1.258407 0.098097 -0.002719
v 1.254326 0.101395 -0.004224
v 1.258407 0.096403 -0.004224
v 1.254312 0.101405 -0.004231
v 1.254312 0.098313 -0.007716
v 1.258403 0.096402 -0.004230
v -0.738954 -0.036660 -0.075695
v -0.691085 -0.090702 -0.106621
v -0.691088 -0.119243 -0.000303
v -0.738954 -0.056850 -0.000287
v -0.775925 0.094123 -0.080259
v -0.745115 0.094142 -0.154651
v -0.745115 0.171263 -0.134182
v -0.775923 0.134093 -0.069767
v -0.695933 0.283355 -0.109173
v -0.632051 0.325762 -0.133632
v -0.632057 0.361550 -0.000309
v -0.695929 0.312594 -0.000304
v -0.180276 0.161876 -0.117614
v -0.085269 0.171188 -0.044835
v -0.180285 0.211330 -0.067750
v -0.180285 0.229504 -0.000169
v -0.085099 0.183079 -0.000167
v -0.085112 0.171197 0.044222
v -0.180285 0.211389 0.067706
v -0.185535 0.159304 0.112834
v -0.264187 0.200677 0.184755
v -0.264182 0.094164 0.213188
v -0.185535 0.094143 0.130310
v -0.085270 0.171188 0.044393
v -0.180276 0.161876 0.117172
v -0.180285 0.211330 0.067810
v -0.555829 -0.051568 0.252267
v -0.555821 0.093998 0.291220
v -0.628466 0.094004 0.261286
v -0.628462 -0.036536 0.226324
v -0.557446 0.352518 -0.149145
v -0.477741 0.361607 -0.154619
v -0.477730 0.402942 -0.000316
v -0.557454 0.392446 -0.000314
v -0.083819 0.138475 0.076401
v 0.053928 0.136542 0.024368
v 0.053917 0.118713 0.042237
v 0.535645 0.503689 -0.046739
v 0.535645 0.530388 -0.054238
v 0.518176 0.530385 -0.070702
v 0.518176 0.495357 -0.061210
v -0.083819 0.138475 -0.076844
v 0.053917 0.118713 -0.042680
v 0.053928 0.136542 -0.024810
v -0.216085 -0.248865 -0.150839
v -0.325805 -0.271839 -0.187274
v -0.222305 -0.173009 -0.323584
v -0.127734 -0.170251 -0.260210
v -0.088530 0.094144 -0.083186
v -0.088530 0.135422 -0.071718
v 0.051944 0.115117 -0.036787
v 0.051967 0.094175 -0.042224
v -0.180386 0.094145 0.135299
v -0.259181 0.094166 0.218192
v -0.259186 0.203205 0.188753
v -0.180386 0.161773 0.117336
v -0.163831 -0.263065 -0.000758
v -0.120415 -0.213300 -0.000764
v -0.090154 -0.279252 -0.073171
v -0.134219 -0.315486 -0.060703
v -0.323317 0.325826 0.133710
v -0.397609 0.352476 0.148671
v -0.397609 0.392400 -0.000144
v -0.323317 0.361632 -0.000149
v -0.171521 -0.117466 0.197354
v -0.262847 -0.119566 0.258742
v -0.179478 0.005261 0.298188
v -0.112637 -0.019346 0.228307
v -0.185436 0.094141 -0.130679
v -0.185436 0.159269 -0.113212
v -0.088649 0.135444 -0.071758
v -0.088649 0.094144 -0.083232
v 1.252092 0.092482 0.002824
v 1.252125 0.093953 0.003245
v 0.373286 0.093863 0.007219
v 0.373388 0.090596 0.006354
v 0.549861 0.105413 -0.007371
v 1.253840 0.098628 -0.007370
v 1.254141 0.101302 -0.004353
v 1.254121 0.089711 0.007149
v 1.253977 0.086983 0.004504
v 0.373527 0.081481 0.007628
v 0.270579 0.084042 0.016984
v 0.328855 0.194680 0.204840
v 0.273821 0.222581 0.253249
v 0.273821 0.076187 0.292197
v 0.328855 0.076176 0.236805
v 0.373522 0.107183 -0.007992
v 0.264973 0.111323 -0.010266
v 0.265212 0.104279 -0.017014
v 1.163660 0.099012 -0.008157
v -0.264303 0.278878 -0.106800
v -0.264303 0.200861 -0.185212
v -0.326676 0.224795 -0.226629
v -0.326676 0.320327 -0.130755
v -0.399579 -0.158411 -0.145642
v -0.399576 -0.197422 -0.000312
v -0.477554 -0.207684 -0.000314
v -0.477540 -0.167298 -0.151124
v -0.775923 0.134172 -0.069721
v -0.745115 0.171367 -0.134122
v -0.745115 0.227829 -0.077241
v -0.775925 0.163431 -0.040271
v -0.326816 -0.132316 -0.130659
v -0.326815 -0.167293 -0.000307
v -0.399411 -0.197377 -0.000313
v -0.399409 -0.158372 -0.145618
v -0.557623 0.093996 0.298222
v -0.557614 -0.055016 0.258264
v -0.631907 -0.039622 0.231331
v -0.631915 0.094002 0.267283
v -0.738954 0.245009 -0.000171
v -0.738954 0.224819 0.075238
v -0.691085 0.278861 0.106178
v -0.691088 0.307402 -0.000155
v -0.120304 -0.213220 -0.000769
v -0.037384 -0.168027 -0.000770
v -0.005730 -0.235405 -0.075171
v -0.090047 -0.279171 -0.073176
v -0.557630 0.352193 -0.149470
v -0.631853 0.227946 -0.231704
v -0.557637 0.243325 -0.258620
v -0.557630 0.352193 0.149012
v -0.557637 0.243325 0.258162
v -0.631853 0.227947 0.231261
v -0.557439 0.243583 -0.258435
v -0.477808 0.361501 -0.154784
v -0.557446 0.352425 -0.149305
v -0.397793 0.243583 -0.258435
v -0.397778 0.352430 -0.149299
v -0.477474 0.361501 -0.154784
v -0.477551 0.402942 -0.000142
v -0.397778 0.392446 -0.000144
v -0.397778 0.352515 0.148694
v -0.477541 0.361607 0.154177
v -0.775923 0.134172 0.069279
v -0.775925 0.163431 0.039829
v -0.745115 0.227829 0.077286
v -0.745115 0.171367 0.133681
v -0.557446 0.352425 0.148847
v -0.477808 0.361501 0.154342
v -0.557439 0.243583 0.257977
v -0.326677 0.094003 -0.261648
v -0.264301 0.094009 -0.213757
v -0.264298 -0.012575 -0.185282
v -0.326672 -0.036493 -0.226707
v -0.397793 0.243583 0.257977
v -0.477474 0.361501 0.154342
v -0.397778 0.352430 0.148841
v 0.052182 0.072867 -0.036630
v 0.372759 0.090037 -0.006556
v 0.372833 0.087640 -0.004391
v 0.052156 0.057549 -0.021288
v -0.180011 0.161784 0.117086
v -0.085111 0.171077 0.044398
v -0.085108 0.138641 0.076758
v -0.180285 0.094022 0.135226
v -0.085099 0.094020 0.088788
v -0.085099 0.049635 0.076824
v -0.180274 0.026435 0.117270
v 0.053333 0.136692 0.024452
v -0.084970 0.138625 0.076702
v -0.084966 0.171073 0.044325
v -0.769125 0.133116 0.067320
v -0.769123 0.094127 0.077805
v -0.739014 0.094141 0.150700
v -0.739014 0.169446 0.130247
v 0.583071 0.076050 -0.144677
v 0.535690 0.076059 -0.096242
v 0.535690 0.028439 -0.083260
v 0.583071 0.004249 -0.125210
v -0.399576 0.093999 -0.291707
v -0.399585 -0.051593 -0.252751
v -0.477563 -0.056737 -0.261730
v -0.477554 0.093997 -0.302196
v -0.477719 -0.056737 0.261287
v -0.477728 0.093997 0.301738
v -0.555656 0.093999 0.291264
v -0.555647 -0.051593 0.252309
v 0.583071 -0.067695 -0.000665
v 0.535690 -0.019293 -0.000674
v 0.535690 -0.006537 0.046756
v 0.583071 -0.048453 0.071202
v -0.477728 0.395843 -0.000314
v -0.477728 0.355455 -0.151139
v -0.555656 0.346569 -0.145644
v -0.555656 0.385581 -0.000312
v -0.477730 0.094169 0.308742
v -0.557454 0.094167 0.298268
v -0.557449 0.243189 0.258304
v -0.477730 0.248434 0.267286
v -0.397609 0.094168 0.298222
v -0.397605 0.243165 0.258263
v -0.323310 0.227794 0.231322
v -0.323317 0.094162 0.267283
v -0.323325 -0.039617 0.231331
v -0.397618 -0.055016 0.258264
v -0.397609 0.093996 0.298222
v -0.323317 0.094002 0.267283
v 0.535690 0.158736 0.046756
v 0.535690 0.171497 -0.000674
v 0.583071 0.219894 -0.000665
v 0.583071 0.200657 0.071202
v -0.631907 -0.039968 0.231050
v -0.557696 -0.164201 0.148808
v -0.631915 -0.137587 0.133848
v -0.397536 -0.164201 0.148808
v -0.323325 -0.039963 0.231050
v -0.323317 -0.137587 0.133848
v -0.180011 0.026375 0.117086
v -0.085099 0.049527 0.076761
v -0.085111 0.017087 0.044398
v 0.555443 0.466754 -0.000704
v 0.535622 0.466754 0.019256
v 0.535624 0.444458 0.014760
v 0.550898 0.444458 -0.000702
v -0.323317 0.227926 -0.231689
v -0.323317 0.325746 -0.133802
v -0.397609 0.352390 -0.149277
v -0.397595 0.243325 -0.258620
v 0.053919 0.069610 -0.042771
v 0.053935 0.094008 -0.049227
v -0.084979 0.094020 -0.089183
v -0.084979 0.049658 -0.077226
v 0.262252 0.076587 0.010077
v 0.054104 0.051636 0.024338
v 0.054101 0.069469 0.042202
v -0.691085 0.278791 0.106300
v -0.738954 0.224761 0.075338
v -0.738955 0.169598 0.130279
v -0.691085 0.200805 0.184682
v 0.535678 0.574516 -0.077215
v 0.553143 0.565473 -0.061239
v 0.553143 0.530430 -0.070735
v 0.535678 0.530433 -0.088704
v 0.265138 0.111210 0.009944
v 1.254121 0.101279 0.004404
v 1.253936 0.098582 0.007022
v 0.265212 0.104272 0.017053
v 1.254449 0.085800 -0.000413
v 1.258407 0.089441 -0.000232
v 1.258407 0.090064 -0.002714
v 1.254476 0.086822 -0.003950
v 0.265138 0.093860 0.019717
v 1.254121 0.093899 0.008229
v 1.254121 0.090029 0.007323
v 0.265157 0.084339 0.017331
v 0.535678 0.530381 0.087757
v 0.535678 0.486298 0.075765
v 0.553143 0.495341 0.060292
v 0.553143 0.530384 0.069286
v 1.254449 0.102364 -0.000413
v 1.254435 0.101356 -0.004018
v 1.258407 0.098100 -0.002714
v 1.258407 0.098718 -0.000232
v 0.265138 0.094304 0.019717
v 0.265212 0.103766 0.017344
v 1.254059 0.098070 0.007338
v 1.254121 0.094265 0.008229
v -0.745115 0.094022 -0.154651
v -0.775925 0.094041 -0.080259
v -0.775923 0.054066 -0.069767
v -0.745115 0.016896 -0.134182
v -0.307953 -0.690622 -0.000783
v -0.422998 -0.647891 -0.123671
v -0.398909 -0.583025 -0.138137
v -0.270216 -0.630810 -0.000791
v -0.631915 0.325751 0.133848
v -0.557696 0.352360 0.148808
v -0.631907 0.228127 0.231050
v -0.477768 0.361205 0.154646
v -0.477730 0.248585 0.267199
v -0.557394 0.243347 0.258221
v -0.477514 0.361205 0.154646
v -0.397838 0.243347 0.258221
v -0.477552 0.248585 0.267199
v 0.535596 0.553515 -0.067701
v 0.515776 0.533690 -0.067701
v 0.520369 0.533692 -0.047246
v 0.535594 0.548942 -0.047246
v -0.628605 0.094003 0.261205
v -0.690981 0.094009 0.213299
v -0.690984 -0.012575 0.184840
v -0.628610 -0.036493 0.226250
v 0.583071 0.076050 0.143227
v 0.583071 0.004249 0.123760
v 0.535690 0.028439 0.081811
v 0.535690 0.076059 0.094792
v -0.399576 -0.197422 -0.000146
v -0.399579 -0.158411 0.145702
v -0.477540 -0.167298 0.150667
v -0.477554 -0.207684 -0.000144
v -0.323175 0.094162 0.267201
v -0.323181 0.227756 0.231257
v -0.259299 0.203263 0.188840
v -0.259303 0.094157 0.218304
v -0.259299 -0.015104 -0.189282
v -0.259303 0.094007 -0.218746
v -0.323175 0.094002 -0.267659
v -0.323168 -0.039571 -0.231695
v -0.326809 0.224705 -0.226773
v -0.326816 0.094160 -0.261729
v -0.399411 0.094166 -0.291663
v -0.399419 0.239747 -0.252710
v -0.477730 0.093995 0.308742
v -0.477721 -0.060285 0.267285
v -0.557463 -0.055037 0.258299
v -0.557454 0.093997 0.298268
v 0.273697 0.369202 -0.000802
v 0.273697 0.329976 -0.147101
v 0.218663 0.281639 -0.119170
v 0.218663 0.313392 -0.000791
v -0.185535 0.207112 0.065345
v -0.264187 0.278787 0.106305
v -0.264187 0.200809 0.184678
v -0.185535 0.159410 0.112773
v -0.323175 0.094162 -0.267659
v -0.259303 0.094157 -0.218746
v -0.259299 0.203263 -0.189282
v -0.323181 0.227756 -0.231700
v -0.185535 0.028855 -0.113276
v -0.264187 -0.012518 -0.185197
v -0.264182 0.094000 -0.213646
v -0.185535 0.094021 -0.130752
v 0.373522 0.107215 -0.007940
v 1.254141 0.101459 -0.004066
v 1.254121 0.102498 -0.000410
v 0.265138 0.113985 -0.000451
v 0.264973 0.111386 -0.010160
v -0.399411 0.093998 0.291220
v -0.399403 -0.051568 0.252267
v -0.326820 -0.036536 0.226324
v -0.326816 0.094004 0.261286
v 1.257756 0.095143 0.001771
v 1.252964 0.094082 0.003087
v 1.257756 0.093021 0.001771
v 0.518175 0.600578 -0.000740
v 0.535640 0.618676 -0.000743
v 0.535640 0.606862 -0.044688
v 0.518175 0.591188 -0.035707
v -0.323175 -0.039722 -0.231617
v -0.323175 -0.137515 -0.133762
v -0.259304 -0.095099 -0.109303
v -0.259304 -0.015234 -0.189210
v -0.628606 0.320327 -0.130755
v -0.628606 0.224795 -0.226629
v -0.690984 0.200855 -0.185213
v -0.690984 0.278879 -0.106793
v 0.520369 0.533662 0.045796
v 0.535594 0.518417 0.045796
v 0.535596 0.513839 0.066266
v 0.515776 0.533664 0.066266
v -0.739014 0.018617 -0.130631
v -0.739014 -0.036512 -0.075744
v -0.769123 0.026428 -0.039284
v -0.769125 0.054979 -0.067722
v -0.399411 0.346447 0.145826
v -0.399419 0.239877 0.252194
v -0.326816 0.224834 0.226242
v -0.326815 0.320397 0.130353
v -0.399567 0.239897 0.252228
v -0.399577 0.346486 0.145848
v -0.477554 0.355370 0.150829
v -0.477563 0.245027 0.261211
v 0.051971 0.130644 0.020861
v -0.088530 0.165742 0.041311
v -0.088519 0.135534 0.071706
v 0.051968 0.115298 0.036225
v -0.477728 -0.207684 -0.000144
v -0.477742 -0.167298 0.150667
v -0.555653 -0.158411 0.145702
v -0.555656 -0.197422 -0.000146
v -0.084979 0.183033 -0.000167
v 0.053935 0.143183 -0.000155
v 0.053928 0.136644 0.024208
v -0.084966 0.171149 0.044194
v -0.632057 0.325679 0.133807
v -0.632057 0.227886 0.231175
v -0.695933 0.203396 0.188769
v -0.695933 0.283284 0.109357
v -0.632057 -0.173391 -0.000149
v -0.695929 -0.124435 -0.000154
v -0.695933 -0.095191 0.109234
v -0.632051 -0.137598 0.133678
v -0.628605 0.355371 -0.000151
v -0.690981 0.307508 -0.000156
v -0.690984 0.278948 0.106230
v -0.628605 0.320405 0.130177
v -0.259181 -0.124298 -0.000313
v -0.180386 -0.041418 -0.000292
v -0.180386 -0.023296 -0.067680
v -0.259186 -0.095083 -0.109115
v -0.477554 0.395843 -0.000314
v -0.399576 0.385581 -0.000312
v -0.399576 0.346569 -0.145644
v -0.477554 0.355455 -0.151139
v 0.488247 -0.048519 -0.072690
v 0.535614 -0.088716 -0.095636
v 0.535614 -0.114178 -0.000778
v 0.488247 -0.067772 -0.000769
v -0.302071 -0.322122 -0.023224
v -0.281100 -0.329903 -0.000744
v -0.248174 -0.402039 -0.000771
v -0.321621 -0.374766 -0.079115
v -0.477728 0.355370 -0.151286
v -0.477719 0.245027 -0.261655
v -0.555664 0.239897 -0.252670
v -0.555656 0.346486 -0.145788
v -0.628605 0.094161 0.261205
v -0.628600 0.224668 0.226253
v -0.690984 0.200734 0.184840
v -0.690981 0.094155 0.213299
v -0.691088 -0.119243 -0.000155
v -0.691085 -0.090702 0.106178
v -0.738954 -0.036660 0.075238
v -0.738954 -0.056850 -0.000171
v 0.535640 0.453952 -0.044688
v 0.535640 0.442143 -0.000743
v 0.518175 0.460236 -0.000740
v 0.518175 0.469626 -0.035707
v -0.088667 0.165856 -0.041655
v -0.185432 0.207109 -0.065138
v -0.185436 0.224559 -0.000288
v -0.088649 0.176909 -0.000291
v 1.257756 0.093021 -0.002229
v 1.252964 0.094082 -0.003531
v 1.257756 0.095143 -0.002229
v 0.114370 -0.182391 -0.024708
v 0.063600 -0.208629 -0.053653
v 0.052866 -0.156874 -0.000752
v 0.109679 -0.158736 -0.000741
v -0.326677 0.355372 -0.000307
v -0.264301 0.307508 -0.000302
v -0.264298 0.278948 -0.106673
v -0.326677 0.320405 -0.130619
v 0.535645 0.557125 0.045793
v 0.535645 0.530426 0.052788
v 0.518176 0.530429 0.069254
v 0.518176 0.565457 0.060264
v -0.185535 0.224632 -0.000290
v -0.185535 0.207173 -0.065178
v -0.264187 0.278863 -0.106615
v -0.264182 0.307398 -0.000311
v -0.248174 -0.402039 -0.000663
v -0.281103 -0.329910 -0.000683
v -0.302071 -0.322122 0.021774
v -0.321621 -0.374766 0.077665
v 0.051967 0.130735 -0.021145
v -0.088510 0.165804 -0.041625
v -0.088530 0.176863 -0.000291
v 0.051967 0.136354 -0.000322
v 0.052155 0.115279 0.036192
v 0.261044 0.102019 0.013499
v 0.052152 0.130609 0.020844
v 1.252582 0.096057 0.002514
v 1.257729 0.095154 0.001773
v 1.252390 0.096965 0.001856
v 1.147844 0.090782 0.002157
v 0.373075 0.089907 0.006289
v 0.270469 0.081336 0.007148
v 0.373050 0.087712 0.003669
v 0.051968 0.073026 0.036319
v 0.051967 0.093989 0.042282
v -0.088530 0.094020 0.082745
v -0.088519 0.052754 0.071778
v 0.372833 0.093863 0.007245
v 0.052156 0.093989 0.042245
v 0.052155 0.073045 0.036286
v 0.264146 0.086530 0.013163
v 0.372731 0.090584 0.006376
v 1.258407 0.091764 -0.004230
v 1.258407 0.094079 -0.004731
v 1.254446 0.093896 -0.008551
v 1.254432 0.090070 -0.007656
v 0.372747 0.100774 -0.003940
v 0.052156 0.130703 -0.021127
v 0.052156 0.136317 -0.000322
v 0.372833 0.101655 -0.000449
v -0.090004 -0.279266 -0.073176
v -0.005685 -0.235501 -0.075171
v 0.025819 -0.302568 -0.000770
v -0.060096 -0.344653 -0.000770
v -0.775925 0.094123 0.079801
v -0.775923 0.134093 0.069325
v -0.745115 0.171263 0.133740
v -0.745115 0.094142 0.154209
v 0.372833 0.087415 -0.004019
v 0.372833 0.086508 -0.000449
v 0.052156 0.051847 -0.000322
v 0.052156 0.057456 -0.021127
v -0.171521 -0.117466 -0.198803
v -0.112637 -0.019346 -0.229255
v -0.179479 0.005261 -0.299636
v -0.262847 -0.119566 -0.260191
v 1.252518 0.091267 -0.001902
v 1.252262 0.092320 -0.003217
v 1.257756 0.093015 -0.002226
v 1.257757 0.092238 -0.001223
v 0.373372 0.100432 -0.004436
v 1.096730 0.096443 -0.003621
v 0.373360 0.098106 -0.006526
v 1.252390 0.096984 -0.001842
v 1.257734 0.095153 -0.002229
v 1.252583 0.096012 -0.002910
v -0.185436 0.159372 -0.113153
v -0.185431 0.207045 -0.065249
v -0.088659 0.165777 -0.041788
v -0.088649 0.135552 -0.071696
v 0.051941 0.115349 -0.036643
v -0.087501 0.165470 -0.041619
v 0.051967 0.130642 -0.021307
v -0.264298 -0.012575 0.184840
v -0.264301 0.094009 0.213299
v -0.326677 0.094004 0.261205
v -0.326672 -0.036493 0.226250
v -0.555821 0.094166 0.291220
v -0.555813 0.239747 0.252268
v -0.628473 0.224705 0.226316
v -0.628466 0.094160 0.261286
v 0.535678 0.606862 -0.044688
v 0.535678 0.618676 -0.000743
v 0.553143 0.600578 -0.000740
v 0.553143 0.591188 -0.035707
v 0.488247 0.219894 -0.000665
v 0.535628 0.171497 -0.000674
v 0.535628 0.158736 0.046756
v 0.488247 0.200657 0.071202
v -0.185436 -0.036400 -0.000288
v -0.185436 -0.018945 -0.065144
v -0.088649 0.022316 -0.041670
v -0.088649 0.011250 -0.000291
v -0.477728 0.094167 0.301738
v -0.477719 0.244896 0.261287
v -0.555665 0.239768 0.252303
v -0.555656 0.094165 0.291264
v -0.557623 0.094168 0.298222
v -0.631915 0.094162 0.267283
v -0.631907 0.227781 0.231331
v -0.557627 0.243165 0.258263
v -0.628414 -0.036690 0.226258
v -0.555832 -0.158081 0.146027
v -0.555829 -0.051727 0.252175
v 0.053928 0.136644 -0.024650
v 0.053935 0.143183 -0.000303
v -0.084979 0.183033 -0.000291
v -0.084966 0.171149 -0.044637
v -0.690984 -0.012696 -0.185213
v -0.628606 -0.036636 -0.226629
v -0.628606 -0.132168 -0.130755
v -0.690984 -0.090720 -0.106793
v -0.557623 0.392400 -0.000144
v -0.557630 0.352475 0.148662
v -0.631921 0.325826 0.133715
v -0.631915 0.361632 -0.000149
v -0.423053 -0.648054 0.122156
v -0.442718 -0.700858 0.082265
v -0.365078 -0.729671 -0.000663
v -0.308090 -0.690755 -0.000646
v -0.632057 -0.137515 0.133807
v -0.695933 -0.095120 0.109357
v -0.695933 -0.015237 0.188769
v -0.632057 -0.039727 0.231175
v -0.477797 -0.167198 0.150829
v -0.555647 -0.051964 0.252005
v -0.555644 -0.158320 0.145858
v -0.477485 -0.167198 0.150829
v -0.399588 -0.158320 0.145858
v -0.399585 -0.051964 0.252005
v -0.399400 -0.158081 0.146027
v -0.326868 -0.036690 0.226258
v -0.399403 -0.051727 0.252175
v 0.518176 0.591137 -0.035729
v 0.518176 0.565495 -0.061188
v 0.535645 0.557158 -0.046720
v 0.535645 0.576700 -0.027243
v -0.745054 -0.039757 0.077339
v -0.745053 0.016739 0.133773
v -0.696036 -0.015186 0.188679
v -0.696036 -0.095029 0.109306
v -0.088530 0.094144 0.082745
v 0.051967 0.094175 0.042282
v 0.051968 0.115138 0.036319
v -0.088519 0.135410 0.071778
v 0.264609 0.104302 -0.017053
v 0.264845 0.111333 -0.010272
v 0.054092 0.136533 -0.024772
v 0.054104 0.118693 -0.042646
v -0.088530 0.022417 0.041311
v 0.051971 0.057515 0.020861
v 0.051968 0.072866 0.036225
v -0.088519 0.052630 0.071706
v -0.345873 -0.439678 0.109669
v -0.321763 -0.374842 0.077753
v -0.395294 -0.347543 -0.000665
v -0.449066 -0.401346 -0.000652
v 0.373286 0.101630 -0.000449
v 1.252092 0.097543 -0.000388
v 1.252125 0.097163 -0.001596
v 0.373372 0.100743 -0.003922
v 1.251994 0.095583 0.002851
v 0.373306 0.097643 0.006333
v 0.373286 0.094301 0.007219
v 1.252125 0.094211 0.003245
v 1.252092 0.092191 0.002675
v 0.727640 0.090836 0.004654
v 1.251929 0.091297 0.001975
v 1.257738 0.093018 0.001775
v 1.252390 0.093923 0.003207
v 1.252422 0.092503 0.002793
v 0.328855 -0.161188 -0.000791
v 0.273821 -0.217003 -0.000802
v 0.273821 -0.177777 -0.147101
v 0.328855 -0.129435 -0.119170
v 1.252390 0.094241 0.003207
v 1.257740 0.095146 0.001774
v 1.252518 0.095549 0.002803
v 1.257756 0.095926 0.000781
v 1.253734 0.096698 0.001635
v 1.257756 0.095150 0.001768
v 1.252092 0.096991 0.001874
v 1.083346 0.097298 0.002553
v 1.251994 0.096047 0.002614
v 0.363607 0.089629 0.006789
v 0.264168 0.086328 0.013238
v 0.063366 0.058822 0.020326
v -0.477742 -0.167298 -0.151124
v -0.477728 -0.207684 -0.000314
v -0.555656 -0.197422 -0.000312
v -0.555665 -0.158407 -0.145652
v -0.696036 -0.015062 -0.189193
v -0.696039 0.094006 -0.218636
v -0.745054 0.094023 -0.154757
v -0.745053 0.016842 -0.134274
v -0.696036 -0.015062 0.188751
v -0.745053 0.016842 0.133832
v -0.745054 0.094023 0.154315
v -0.696039 0.094006 0.218194
v -0.691085 -0.090632 0.106300
v -0.691085 -0.012646 0.184682
v -0.738955 0.018566 0.130279
v -0.738954 -0.036602 0.075338
v -0.690984 -0.012696 0.184771
v -0.690984 -0.090720 0.106350
v -0.628606 -0.132168 0.130313
v -0.628606 -0.036636 0.226172
v -0.555656 0.385581 -0.000146
v -0.555656 0.346569 0.145704
v -0.477728 0.355455 0.150681
v -0.477728 0.395843 -0.000144
v -0.775925 0.163472 0.039759
v -0.775923 0.174188 -0.000183
v -0.745115 0.248554 -0.000169
v -0.745115 0.227888 0.077182
v 0.553143 0.460236 -0.000740
v 0.535678 0.442143 -0.000743
v 0.535678 0.453952 -0.044688
v 0.553143 0.469626 -0.035707
v -0.628606 0.320327 0.130313
v -0.690984 0.278879 0.106350
v -0.690984 0.200855 0.184771
v -0.628606 0.224795 0.226172
v 0.273821 0.076017 -0.293631
v 0.328855 0.076028 -0.237752
v 0.328855 -0.042481 -0.206290
v 0.273821 -0.070377 -0.254698
v -0.399576 0.346569 0.145704
v -0.399576 0.385581 -0.000146
v -0.477554 0.395843 -0.000144
v -0.477554 0.355455 0.150681
v -0.775947 0.134127 -0.069643
v -0.775941 0.163390 -0.040201
v -0.775947 0.174098 -0.000275
v -0.786523 0.094187 -0.000289
v -0.102088 0.332903 0.185628
v -0.036217 0.237544 0.149713
v -0.063178 0.294957 -0.000611
v -0.122166 0.399583 -0.000598
v 1.258407 0.089441 -0.000226
v 1.254449 0.085794 -0.000044
v 1.254474 0.086825 0.003971
v 1.258407 0.090064 0.002272
v -0.779423 0.094141 -0.000127
v -0.769147 0.094127 0.077716
v -0.769141 0.133116 0.067240
v -0.769147 0.161655 0.038783
v -0.398975 -0.582782 -0.138138
v -0.527669 -0.534995 -0.000793
v -0.485272 -0.456531 -0.000788
v -0.368242 -0.499976 -0.125660
v -0.779423 0.094023 -0.000127
v -0.769147 0.026505 0.038783
v -0.769141 0.055048 0.067240
v -0.769147 0.094037 0.077716
v 0.535704 0.171294 -0.165643
v 0.535704 0.240854 -0.095741
v 0.583071 0.200672 -0.072780
v 0.583071 0.148084 -0.125224
v 0.218663 -0.161080 -0.000643
v 0.218663 -0.129341 0.117683
v 0.273712 -0.082440 0.090735
v 0.273712 -0.106932 -0.000654
v 0.273712 -0.015467 0.157769
v 0.273712 -0.082376 0.090844
v 0.218663 -0.129268 0.117810
v 0.218663 -0.042555 0.204673
v 0.535624 0.548941 -0.089701
v 0.535622 0.553516 -0.067737
v 0.555443 0.533690 -0.067737
v 0.550898 0.533692 -0.089701
v -0.769147 0.094127 -0.078159
v -0.779423 0.094141 -0.000331
v -0.769147 0.161654 -0.039240
v -0.769141 0.133116 -0.067682
v 0.535628 0.076145 -0.096242
v 0.535628 0.123760 -0.083260
v 0.488247 0.147955 -0.125210
v 0.488247 0.076154 -0.144677
v -0.769147 0.161699 -0.039162
v -0.779423 0.094200 -0.000229
v -0.769147 0.161699 0.038705
v -0.769141 0.172151 -0.000229
v -0.691088 0.094008 -0.213650
v -0.691085 -0.012524 -0.185195
v -0.738955 0.018666 -0.130779
v -0.738954 0.094024 -0.151262
v -0.084979 0.094020 0.088741
v 0.053935 0.094008 0.048784
v 0.053919 0.069610 0.042328
v -0.084979 0.049658 0.076783
v 0.328855 -0.129361 -0.119299
v 0.273821 -0.177692 -0.147248
v 0.273821 -0.070524 -0.254613
v 0.328855 -0.042610 -0.206216
v -0.555813 0.239747 -0.252710
v -0.555821 0.094166 -0.291663
v -0.628466 0.094160 -0.261729
v -0.628473 0.224705 -0.226773
v -0.555829 -0.051727 -0.252617
v -0.555813 -0.158298 -0.145761
v -0.628466 -0.132238 -0.130795
v -0.628466 -0.036675 -0.226699
v -0.084979 0.005126 -0.000291
v 0.053935 0.044976 -0.000303
v 0.053917 0.051509 -0.024640
v -0.084966 0.017015 -0.044637
v 0.583071 0.148084 0.123774
v 0.583071 0.200672 0.071331
v 0.535704 0.240854 0.094307
v 0.535704 0.171294 0.164193
v 0.535640 0.486253 0.075739
v 0.518175 0.495302 0.060270
v 0.518175 0.469649 0.034296
v 0.535640 0.453978 0.043283
v -0.520410 -0.672008 -0.000663
v -0.442820 -0.700821 0.082265
v -0.423186 -0.648005 0.122156
v -0.538199 -0.605304 -0.000646
v -0.775925 0.163472 -0.040201
v -0.745115 0.227888 -0.077137
v -0.745115 0.248554 -0.000289
v -0.775923 0.174188 -0.000275
v -0.769123 0.026383 -0.039207
v -0.739014 -0.036570 -0.075642
v -0.739014 -0.056746 -0.000288
v -0.769125 0.015945 -0.000269
v -0.739014 0.094023 -0.151158
v -0.739014 0.018718 -0.130689
v -0.769125 0.055048 -0.067762
v -0.769123 0.094037 -0.078248
v 0.273712 -0.082440 -0.092184
v 0.218663 -0.129341 -0.119117
v 0.218663 -0.161080 -0.000791
v 0.273712 -0.106932 -0.000780
v -0.555887 -0.158263 0.145814
v -0.628437 -0.036941 0.225993
v -0.628467 -0.132238 0.130353
v 0.535690 0.158736 -0.048191
v 0.583071 0.200657 -0.072651
v 0.583071 0.219894 -0.000769
v 0.535690 0.171497 -0.000760
v 0.328855 0.194680 -0.206290
v 0.328855 0.076176 -0.237752
v 0.273821 0.076187 -0.293631
v 0.273821 0.222581 -0.254698
v -0.555591 -0.051755 -0.252667
v -0.477719 -0.056868 -0.261654
v -0.477742 -0.166976 -0.151519
v -0.399641 -0.051755 -0.252667
v -0.477540 -0.166976 -0.151519
v -0.477563 -0.056868 -0.261654
v 0.488247 0.219894 -0.000769
v 0.488247 0.200657 -0.072651
v 0.535628 0.158736 -0.048191
v 0.535628 0.171497 -0.000760
v -0.477540 -0.166976 0.151061
v -0.399641 -0.051755 0.252225
v -0.477563 -0.056868 0.261212
v -0.555591 -0.051755 0.252225
v -0.477742 -0.166975 0.151061
v -0.477719 -0.056868 0.261212
v -0.555813 -0.158372 -0.145631
v -0.555821 -0.197377 -0.000313
v -0.628466 -0.167293 -0.000307
v -0.628473 -0.132311 -0.130665
v -0.399345 -0.158263 0.145814
v -0.326815 -0.132238 0.130353
v -0.326845 -0.036941 0.225993
v -0.477554 0.093997 0.301738
v -0.477563 -0.056737 0.261287
v -0.399585 -0.051593 0.252309
v -0.399576 0.093999 0.291264
v -0.555821 0.093998 -0.291663
v -0.555829 -0.051568 -0.252709
v -0.628466 -0.036541 -0.226778
v -0.628466 0.094004 -0.261729
v -0.399344 -0.158263 -0.145754
v -0.326845 -0.036942 -0.226449
v -0.326816 -0.132238 -0.130795
v -0.180386 -0.023295 0.067741
v -0.180386 -0.041418 -0.000166
v -0.259181 -0.124298 -0.000145
v -0.259186 -0.095083 0.109176
v -0.745115 -0.060390 -0.000169
v -0.775923 0.013976 -0.000183
v -0.775925 0.024687 0.039759
v -0.745115 -0.039724 0.077182
v -0.088530 0.022418 -0.041754
v -0.088519 0.052629 -0.071646
v 0.051942 0.072843 -0.036670
v 0.051967 0.057517 -0.021307
v 0.328855 0.281639 -0.119170
v 0.273821 0.329976 -0.147101
v 0.273821 0.369202 -0.000802
v 0.328855 0.313392 -0.000791
v -0.248132 -0.402180 -0.000766
v -0.242508 -0.478050 -0.000781
v -0.345752 -0.439723 -0.110616
v -0.321667 -0.374875 -0.079204
v 0.052152 0.057550 0.020844
v 0.261045 0.086145 0.013499
v 0.052155 0.072885 0.036192
v -0.745115 -0.039665 0.077286
v -0.775925 0.024728 0.039829
v -0.775923 0.053987 0.069279
v -0.745115 0.016792 0.133681
v -0.477554 0.355370 -0.151286
v -0.399576 0.346486 -0.145788
v -0.399568 0.239897 -0.252670
v -0.477563 0.245027 -0.261655
v 0.372759 0.098122 -0.006556
v 0.052183 0.115298 -0.036629
v 0.052156 0.130610 -0.021288
v 0.372747 0.100463 -0.004453
v 1.254446 0.094268 0.008093
v 1.254491 0.097979 0.007181
v 1.258407 0.096395 0.003787
v 1.258407 0.094085 0.004273
v 1.252476 0.091296 0.001912
v 1.257737 0.093012 0.001772
v 1.252262 0.092320 0.002775
v 1.257756 0.093014 0.001767
v 1.254214 0.091600 0.001592
v 1.257757 0.092238 0.000780
v -0.354528 -0.195196 -0.150094
v -0.409492 -0.211776 -0.000823
v -0.291150 -0.184658 -0.000810
v -0.242114 -0.175245 -0.115665
v 1.257757 0.096212 -0.000227
v 1.252421 0.097513 -0.000067
v 1.252389 0.097125 0.001615
v 1.257756 0.095928 0.000776
v 1.252421 0.097501 -0.000388
v 1.257757 0.096212 -0.000231
v 1.257757 0.095928 -0.001219
v 1.252390 0.097134 -0.001584
v 0.052156 0.094175 -0.042187
v 0.052179 0.115094 -0.036747
v 0.372759 0.097606 -0.006833
v 0.372833 0.094302 -0.007688
v 0.373360 0.090053 -0.006526
v 1.127724 0.090732 -0.002256
v 0.373286 0.087662 -0.004378
v 0.373410 0.100752 0.003443
v 1.252125 0.097153 0.001640
v 1.252092 0.097555 -0.000067
v 0.373286 0.101630 -0.000009
v -0.477730 -0.173359 -0.154782
v -0.477721 -0.060420 -0.267665
v -0.557463 -0.055169 -0.258681
v -0.557454 -0.164271 -0.149299
v -0.185436 -0.018886 -0.065246
v -0.185431 0.028785 -0.113147
v -0.088658 0.052602 -0.071692
v -0.088649 0.022378 -0.041777
v -0.557623 0.093996 -0.298664
v -0.631915 0.094002 -0.267741
v -0.631922 -0.039635 -0.231765
v -0.557614 -0.055016 -0.258722
v -0.088649 0.165781 0.041335
v -0.185436 0.207050 0.065307
v -0.185432 0.159374 0.112706
v -0.088658 0.135561 0.071752
v -0.399576 0.094165 0.291264
v -0.399567 0.239768 0.252303
v -0.477563 0.244896 0.261287
v -0.477554 0.094167 0.301738
v 0.518175 0.591165 -0.035746
v 0.535640 0.606836 -0.044734
v 0.535640 0.574561 -0.077189
v 0.518175 0.565512 -0.061216
v -0.005730 -0.235404 0.073721
v -0.037384 -0.168027 -0.000664
v -0.120304 -0.213220 -0.000665
v -0.090047 -0.279171 0.071726
v -0.477730 -0.214778 -0.000316
v -0.477730 -0.173446 -0.154631
v -0.557454 -0.164356 -0.149152
v -0.557454 -0.204287 -0.000314
v -0.696036 -0.095101 0.109182
v -0.696039 -0.124326 -0.000153
v -0.745054 -0.060496 -0.000170
v -0.745054 -0.039816 0.077236
v 0.535678 0.606862 0.043238
v 0.553143 0.591188 0.034257
v 0.553143 0.600578 -0.000694
v 0.535678 0.618676 -0.000691
v -0.365078 -0.729671 -0.000771
v -0.442715 -0.700856 -0.083714
v -0.423053 -0.648054 -0.123590
v -0.308090 -0.690755 -0.000788
v -0.555647 -0.051964 -0.252447
v -0.477796 -0.167199 -0.151286
v -0.555664 -0.158332 -0.145781
v -0.180386 0.026278 0.117274
v -0.180386 -0.023233 0.067849
v -0.259186 -0.095005 0.109311
v -0.259186 -0.015181 0.188675
v -0.088530 0.011296 -0.000167
v 0.051967 0.051810 -0.000136
v 0.051971 0.057426 0.020705
v -0.088530 0.022356 0.041204
v -0.321725 -0.374723 -0.079108
v -0.395161 -0.347459 -0.000775
v -0.323153 -0.314305 -0.000751
v -0.302125 -0.322094 -0.023224
v -0.477485 -0.167199 -0.151286
v -0.399585 -0.051964 -0.252447
v -0.399589 -0.158320 -0.145798
v -0.477719 0.244896 -0.261730
v -0.477728 0.094167 -0.302196
v -0.555656 0.094165 -0.291707
v -0.555665 0.239767 -0.252745
v 0.273712 0.234644 -0.092184
v 0.273712 0.259131 -0.000780
v 0.218663 0.313284 -0.000791
v 0.218663 0.281545 -0.119117
v -0.398833 -0.582835 -0.138138
v -0.368109 -0.500026 -0.125660
v -0.251079 -0.543476 -0.000788
v -0.270137 -0.630621 -0.000790
v -0.326868 -0.036690 -0.226715
v -0.399400 -0.158080 -0.145968
v -0.399403 -0.051727 -0.252617
v -0.477730 -0.214778 -0.000142
v -0.557454 -0.204287 -0.000144
v -0.557446 -0.164359 0.148687
v -0.477730 -0.173446 0.154189
v -0.628605 0.094003 -0.261648
v -0.628606 -0.036500 -0.226708
v -0.690984 -0.012575 -0.185282
v -0.690981 0.094009 -0.213757
v 1.251994 0.096011 -0.003019
v 0.961034 0.097865 -0.003056
v 1.252092 0.097014 -0.001851
v 1.257756 0.095150 -0.002225
v 1.253735 0.096699 -0.001722
v 1.257756 0.095926 -0.001223
v 0.328855 -0.129361 0.117865
v 0.328855 -0.042610 0.204766
v 0.273821 -0.070524 0.253164
v 0.273821 -0.177692 0.145813
v 1.257740 0.095146 -0.002232
v 1.252390 0.094241 -0.003649
v 1.252519 0.095549 -0.003246
v 1.252421 0.090658 -0.000388
v 1.252517 0.091014 -0.001447
v 1.257757 0.092236 -0.001219
v 1.257757 0.091952 -0.000231
v 1.252390 0.093923 -0.003649
v 1.257738 0.093018 -0.002233
v 1.252422 0.092503 -0.003236
v 0.373286 0.094301 -0.007663
v 0.373361 0.097590 -0.006804
v 1.251994 0.095583 -0.003294
v 1.252125 0.094211 -0.003687
v 1.251929 0.091252 -0.001977
v 0.721683 0.090840 -0.005049
v 1.252092 0.092213 -0.003094
v -0.264187 0.278863 0.106172
v -0.185535 0.207173 0.065238
v -0.185535 0.224632 -0.000168
v -0.264182 0.307398 -0.000147
v -0.259305 -0.095098 0.109364
v -0.323175 -0.137515 0.133807
v -0.323175 -0.039722 0.231175
v -0.259304 -0.015234 0.188768
v 0.051967 0.136354 -0.000136
v -0.088530 0.176863 -0.000167
v -0.088530 0.165803 0.041204
v 0.051971 0.130733 0.020705
v 0.051942 0.073049 -0.036788
v -0.088519 0.052754 -0.071718
v -0.088530 0.094020 -0.083186
v 0.051967 0.093989 -0.042224
v 1.258407 0.096395 -0.004230
v 1.254491 0.097980 -0.007625
v 1.254446 0.094268 -0.008551
v 1.258407 0.094085 -0.004731
v -0.088519 0.165721 -0.041770
v 0.051257 0.115418 -0.036843
v -0.088530 0.135529 -0.071656
v 0.553142 0.469677 0.034280
v 0.535673 0.484114 0.026296
v 0.535673 0.503656 0.045774
v 0.553142 0.495319 0.060242
v -0.088658 0.052728 -0.071765
v -0.185432 0.028896 -0.113212
v -0.185436 0.094023 -0.130679
v -0.088649 0.094020 -0.083232
v -0.171414 -0.117518 0.197355
v -0.112526 -0.019392 0.228309
v -0.044016 -0.044750 0.299173
v -0.127585 -0.170070 0.258736
v -0.323175 0.227885 -0.231617
v -0.259304 0.203393 -0.189210
v -0.259304 0.283263 -0.109303
v -0.323175 0.325674 -0.133762
vn 0.6025 -0.4490 0.6598
vn -0.5809 0.2961 0.7582
vn 0.1305 0.9914 -0.0001
vn 0.4717 0.8818 0.0032
vn -0.5221 -0.8529 0.0001
vn -0.9347 -0.3555 -0.0003
vn -0.6733 0.6801 -0.2901
vn -0.0137 0.9911 -0.1321
vn -0.8126 -0.0367 -0.5817
vn 0.5378 -0.1002 -0.8371
vn 0.1846 0.9449 0.2705
vn -0.6542 -0.5754 -0.4909
vn 0.2244 0.5720 0.7889
vn 0.2375 0.8866 -0.3969
vn 0.9778 -0.1756 -0.1142
vn 0.9339 -0.3574 -0.0013
vn -0.9826 0.1859 -0.0001
vn -0.9434 0.2917 0.1581
vn -0.3429 -0.2984 -0.8907
vn 0.8884 -0.3981 -0.2287
vn -0.8312 0.4811 0.2786
vn -0.3439 -0.7044 0.6209
vn 0.8883 -0.4592 -0.0021
vn -0.8313 0.5558 -0.0016
vn -0.6635 0.4682 0.5836
vn 0.4647 -0.6636 0.5863
vn -0.2838 -0.9036 -0.3208
vn -0.9029 -0.2858 -0.3210
vn 0.3308 0.9425 0.0471
vn 0.9425 0.3309 0.0475
vn 0.1932 0.1902 -0.9625
vn -0.5967 -0.5974 -0.5359
vn 0.7068 0.7071 0.0203
vn -0.6715 0.2840 0.6845
vn 0.6170 -0.2268 0.7536
vn -0.4684 -0.8835 -0.0051
vn -0.2430 -0.9700 0.0018
vn 0.2723 0.9622 -0.0001
vn 0.5231 0.8523 0.0032
vn 0.7121 -0.3468 -0.6105
vn -0.2878 -0.8707 -0.3989
vn 0.4580 0.4065 -0.7906
vn -0.6270 -0.0728 -0.7756
vn -0.0120 -0.9281 0.3722
vn 0.4063 0.7258 -0.5551
vn -0.7360 -0.5997 -0.3141
vn -0.6216 -0.2247 0.7504
vn 0.4685 -0.8834 -0.0053
vn 0.2880 -0.8705 -0.3991
vn -0.4579 0.4061 -0.7909
vn -0.5233 0.8521 -0.0029
vn 0.6715 0.2836 0.6846
vn 0.2414 -0.9704 0.0027
vn -0.2729 0.9621 -0.0015
vn 0.6269 -0.0730 -0.7757
vn 0.0119 -0.9281 0.3721
vn -0.4064 0.7258 -0.5550
vn 0.1940 0.1928 0.9619
vn 0.4640 -0.6653 -0.5849
vn -0.2819 -0.9002 0.3318
vn -0.5968 -0.5970 0.5361
vn 0.7069 0.7070 -0.0200
vn 0.9423 0.3311 -0.0498
vn -0.6663 0.4632 -0.5844
vn -0.9000 -0.2829 0.3315
vn 0.3311 0.9423 -0.0496
vn -0.6597 0.4669 -0.5890
vn 0.1911 0.1901 0.9630
vn -0.6010 -0.6001 0.5280
vn -0.9033 -0.2852 0.3206
vn 0.3309 0.9425 -0.0468
vn 0.7071 0.7067 -0.0228
vn 0.4659 -0.6613 -0.5879
vn -0.2835 -0.9038 0.3207
vn 0.9425 0.3310 -0.0472
vn -0.0713 0.6344 -0.7697
vn -0.8966 -0.4425 -0.0194
vn -0.3079 -0.8469 -0.4335
vn 0.3240 -0.4260 -0.8447
vn -0.5128 0.8166 0.2649
vn -0.8534 0.3010 0.4257
vn -0.2362 -0.6872 0.6870
vn 0.0982 -0.9951 -0.0058
vn -0.4101 0.1384 0.9015
vn 0.9505 0.0428 0.3079
vn 0.6917 -0.5638 -0.4513
vn -0.0452 0.6434 0.7642
vn -0.6700 0.2820 0.6867
vn -0.6165 0.0111 -0.7873
vn 0.2813 0.7780 -0.5617
vn 0.2731 0.9620 -0.0010
vn -0.2391 -0.9710 -0.0001
vn -0.3359 -0.9164 0.2177
vn 0.6485 -0.5141 -0.5614
vn 0.5743 0.6883 -0.4431
vn -0.3233 -0.8763 0.3571
vn 0.6206 -0.2252 0.7511
vn 0.5255 0.8508 0.0037
vn -0.4664 -0.8846 0.0032
vn 0.1971 0.1910 -0.9616
vn -0.6655 0.4636 0.5849
vn -0.8996 -0.2852 -0.3307
vn -0.6006 -0.6005 -0.5279
vn 0.7066 0.7072 0.0234
vn 0.3315 0.9421 0.0514
vn 0.4649 -0.6647 0.5848
vn -0.2832 -0.8999 -0.3317
vn 0.9420 0.3317 0.0522
vn 0.3958 -0.1961 0.8972
vn 0.6048 0.7815 -0.1528
vn 0.8517 0.0541 -0.5212
vn 0.8536 -0.5175 0.0606
vn -0.3392 0.4867 0.8050
vn -0.3409 0.8065 0.4830
vn -0.3435 0.1927 -0.9192
vn 0.4578 -0.2527 -0.8524
vn -0.8821 0.4596 0.1035
vn -0.3484 -0.9159 0.1993
vn 0.4560 -0.8550 -0.2470
vn -0.8821 0.1024 0.4599
vn -0.3243 -0.9379 -0.1235
vn -0.4606 -0.1619 0.8727
vn 0.0881 -0.4243 0.9012
vn 0.0922 -0.9021 0.4215
vn -0.8254 -0.2613 -0.5004
vn -0.8270 0.4980 0.2610
vn 0.6437 0.6769 0.3569
vn 0.8830 0.0544 0.4662
vn -0.2906 0.9441 -0.1557
vn 0.6512 -0.3511 -0.6728
vn 0.8870 -0.4578 -0.0608
vn -0.2901 0.1611 -0.9434
vn 0.6558 0.7544 -0.0282
vn -0.6465 0.3507 0.6775
vn -0.8858 0.4599 0.0617
vn -0.0993 0.8989 -0.4267
vn 0.8261 0.2590 0.5005
vn 0.2879 -0.1561 0.9448
vn -0.6474 -0.6798 -0.3447
vn -0.8872 -0.0628 -0.4572
vn 0.2910 -0.9426 0.1638
vn 0.4530 0.1515 -0.8785
vn -0.0999 0.4170 -0.9034
vn 0.8264 -0.4999 -0.2592
vn 0.6676 0.6795 0.3042
vn -0.6781 0.7294 -0.0903
vn 0.1986 0.0042 -0.9801
vn 0.3450 -0.0000 -0.9386
vn -0.3894 -0.0001 0.9211
vn -0.2278 -0.0029 0.9737
vn -0.6988 -0.6856 -0.2041
vn 0.1230 -0.3845 -0.9149
vn -0.2038 -0.8350 0.5112
vn 0.6619 -0.7450 -0.0831
vn 0.3181 0.4783 -0.8185
vn -0.4113 -0.4838 0.7725
vn 0.5888 0.1313 -0.7975
vn -0.3541 -0.9130 -0.2026
vn 0.4410 -0.8599 0.2570
vn 0.8404 -0.5405 -0.0405
vn -0.3182 0.4980 -0.8067
vn -0.8719 0.1298 -0.4722
vn -0.3547 0.2011 0.9131
vn 0.4424 -0.2586 0.8587
vn -0.8728 0.4707 -0.1292
vn 0.6185 0.7681 0.1661
vn 0.8403 0.0398 0.5407
vn -0.3204 0.8052 -0.4989
vn 0.3931 0.8771 -0.2759
vn 0.6053 -0.5204 -0.6024
vn 0.8529 -0.4791 0.2076
vn 0.8525 0.3146 0.4175
vn -0.3362 0.4568 -0.8236
vn -0.3446 0.0185 -0.9385
vn -0.3462 -0.8909 0.2940
vn 0.4626 -0.6092 0.6441
vn -0.8849 -0.1390 -0.4446
vn -0.3452 0.6288 0.6967
vn 0.4584 0.2109 0.8634
vn -0.8808 0.3471 -0.3220
vn -0.6016 -0.7927 0.0987
vn 0.6170 -0.1655 0.7694
vn 0.8405 -0.5404 0.0404
vn 0.4411 -0.8599 -0.2570
vn -0.8719 0.1301 0.4721
vn -0.3183 0.4981 0.8066
vn 0.6183 0.7682 -0.1660
vn 0.8403 0.0402 -0.5407
vn -0.3203 0.8053 0.4989
vn -0.3546 0.2015 -0.9130
vn 0.4424 -0.2586 -0.8587
vn -0.8727 0.4709 0.1292
vn 0.3783 0.8219 -0.4259
vn 0.3546 -0.2012 0.9131
vn -0.4426 0.2585 0.8587
vn -0.4411 0.8599 0.2569
vn 0.8719 -0.1299 -0.4722
vn 0.8728 -0.4707 -0.1292
vn -0.6183 -0.7681 0.1666
vn -0.8403 -0.0396 0.5407
vn 0.3204 -0.8054 -0.4987
vn -0.6170 0.1654 -0.7694
vn -0.8403 0.5406 -0.0405
vn 0.3182 -0.4984 -0.8065
vn -0.5826 0.3236 -0.7456
vn 0.6035 -0.6046 -0.5198
vn 0.8521 0.2089 -0.4799
vn 0.4577 0.6429 -0.6142
vn -0.8830 -0.4485 -0.1386
vn -0.3408 -0.9400 0.0184
vn 0.6046 -0.2635 0.7516
vn 0.8523 0.4201 0.3117
vn -0.3394 -0.8236 0.4544
vn -0.3453 0.6974 0.6280
vn 0.4598 0.8633 0.2081
vn -0.8822 -0.3202 0.3453
vn 0.4686 0.4277 0.7729
vn -0.6403 -0.1983 0.7421
vn -0.3908 0.9205 0.0030
vn 0.1340 0.9910 0.0006
vn 0.9007 -0.4343 0.0004
vn 0.3446 -0.9387 -0.0022
vn -0.6405 -0.5405 -0.5455
vn -0.3895 0.7970 -0.4616
vn 0.3442 -0.8144 0.4672
vn 0.7063 -0.0497 -0.7062
vn 0.1360 0.8582 -0.4949
vn 0.9020 -0.3745 0.2148
vn 0.5986 0.4462 0.6652
vn -0.5718 -0.3058 0.7612
vn -0.8779 0.4788 -0.0000
vn -0.5282 0.8491 -0.0026
vn 0.4649 -0.8854 0.0002
vn 0.2832 -0.9591 -0.0000
vn -0.6604 -0.5072 -0.5538
vn -0.7980 0.3555 -0.4867
vn 0.2831 -0.9578 0.0493
vn 0.5606 0.1065 -0.8212
vn -0.5745 0.6880 -0.4434
vn 0.3232 -0.8764 0.3571
vn -0.1470 0.8632 -0.4829
vn -0.7381 -0.5157 -0.4350
vn 0.0704 -0.5826 -0.8097
vn 0.4644 0.1529 -0.8723
vn -0.6972 0.6406 0.3217
vn -0.9463 -0.0067 0.3233
vn 0.1504 -0.8453 0.5126
vn 0.5782 -0.7703 -0.2689
vn -0.4204 -0.2018 0.8846
vn 0.8092 0.4127 0.4182
vn 0.9243 -0.0160 -0.3812
vn -0.1752 0.4471 0.8772
vn -0.5276 0.5343 -0.6604
vn 0.6887 0.2520 -0.6799
vn 0.0716 0.8538 0.5157
vn -0.1148 0.9830 0.1434
vn -0.5544 -0.6252 -0.5493
vn -0.1006 -0.8548 -0.5091
vn 0.7535 -0.1394 0.6425
vn -0.0195 0.9995 -0.0263
vn -0.0439 -0.9959 -0.0787
vn -0.6884 -0.0314 0.7246
vn 0.4709 0.8813 -0.0383
vn -0.2999 -0.9527 -0.0492
vn -0.3431 0.9204 -0.1878
vn -0.3436 -0.1845 0.9208
vn -0.8312 -0.2789 -0.4810
vn -0.8314 -0.4815 -0.2774
vn 0.8873 0.3989 0.2316
vn 0.8875 0.2307 0.3989
vn 0.2245 -0.9704 -0.0889
vn -0.9449 -0.1521 -0.2900
vn 0.9770 0.0986 0.1890
vn 0.2326 -0.1038 -0.9670
vn -0.9819 -0.1655 -0.0916
vn 0.9321 0.3122 0.1836
vn 0.3528 -0.9184 0.1794
vn -0.6412 0.3699 -0.6723
vn -0.9051 0.0164 0.4248
vn -0.5190 -0.4966 0.6958
vn 0.7747 -0.2298 -0.5890
vn 0.4645 0.0027 -0.8856
vn 0.5097 0.6528 0.5604
vn -0.3138 0.0116 0.9494
vn 0.9435 -0.0032 -0.3313
vn -0.6419 -0.3566 -0.6789
vn 0.3057 0.9352 0.1786
vn -0.4964 0.5253 0.6912
vn 0.7810 0.2389 -0.5771
vn 0.5063 -0.6475 0.5695
vn 0.3850 0.4971 0.7776
vn 0.6495 0.0401 -0.7593
vn 0.8872 -0.3650 -0.2822
vn 0.8863 -0.1786 0.4273
vn -0.2899 0.8969 0.3340
vn -0.2830 0.6126 -0.7380
vn -0.4479 -0.8378 -0.3121
vn 0.0981 -0.9910 -0.0913
vn -0.8236 0.0283 -0.5664
vn -0.4545 -0.5751 0.6802
vn 0.0961 -0.8166 0.5692
vn -0.8264 0.3006 0.4761
vn 0.3890 -0.4292 0.8152
vn 0.3895 0.7809 0.4884
vn 0.8883 0.0033 -0.4592
vn 0.8874 -0.2316 -0.3987
vn -0.8317 0.2786 0.4803
vn -0.8308 0.0030 0.5566
vn -0.3756 0.6268 -0.6826
vn 0.5321 -0.0000 -0.8467
vn -0.9309 -0.0000 0.3653
vn -0.4225 -0.8722 -0.2465
vn 0.6921 -0.2863 -0.6626
vn -0.7604 0.4836 0.4335
vn 0.1882 -0.9615 0.2005
vn 0.4625 0.5833 -0.6677
vn -0.2937 -0.3211 -0.9004
vn -0.5974 -0.5364 -0.5962
vn 0.7070 0.0208 0.7069
vn 0.9421 0.0465 0.3322
vn -0.6579 0.5877 0.4710
vn -0.9059 -0.3214 -0.2758
vn 0.3312 0.0476 0.9424
vn -0.6631 -0.5887 0.4622
vn 0.4596 -0.5833 -0.6697
vn -0.2919 0.3307 -0.8975
vn -0.9027 0.3316 -0.2742
vn 0.3315 -0.0507 0.9421
vn 0.9421 -0.0491 0.3317
vn 0.1895 0.9628 0.1927
vn -0.5973 0.5367 -0.5960
vn 0.7073 -0.0205 0.7066
vn 0.2899 0.9510 0.1075
vn 0.5099 -0.6530 0.5600
vn -0.3133 -0.0114 0.9496
vn -0.5194 0.4966 0.6954
vn 0.7747 0.2291 -0.5894
vn 0.9435 0.0035 -0.3314
vn -0.6396 -0.3713 -0.6731
vn -0.9047 -0.0168 0.4257
vn 0.4640 -0.0026 -0.8858
vn 0.3657 -0.9133 0.1796
vn -0.6478 0.3529 -0.6751
vn -0.4951 -0.5252 0.6921
vn 0.7810 -0.2382 -0.5774
vn 0.5059 0.6474 0.5700
vn -0.5483 0.6568 0.5177
vn -0.3661 -0.7427 0.5607
vn -0.9539 0.0116 -0.3000
vn 0.3286 -0.0030 0.9445
vn 0.5511 -0.7457 -0.3744
vn 0.5068 0.6589 -0.5559
vn -0.3150 0.0112 -0.9490
vn 0.9440 -0.0027 0.3298
vn 0.1966 0.9613 0.1930
vn -0.6577 -0.5877 0.4712
vn -0.9059 0.3214 -0.2759
vn -0.5975 0.5366 -0.5959
vn 0.7070 -0.0208 0.7069
vn 0.3314 -0.0478 0.9423
vn 0.4624 -0.5836 -0.6675
vn -0.2939 0.3209 -0.9004
vn 0.9422 -0.0467 0.3319
vn -0.3634 0.7446 0.5599
vn -0.5589 -0.6497 0.5152
vn 0.5045 -0.6528 -0.5652
vn 0.5536 0.7481 -0.3659
vn -0.6638 0.5809 0.4710
vn 0.1889 -0.9631 0.1917
vn -0.5972 -0.5367 -0.5960
vn -0.9025 -0.3318 -0.2745
vn 0.3314 0.0503 0.9421
vn 0.7073 0.0201 0.7066
vn 0.4607 0.5822 -0.6699
vn -0.2921 -0.3311 -0.8972
vn 0.9420 0.0487 0.3321
vn -0.3771 0.7735 -0.5095
vn -0.3491 -0.8921 -0.2868
vn 0.4531 -0.6131 -0.6471
vn 0.4495 0.2088 -0.8685
vn -0.8775 0.3465 0.3316
vn -0.8789 -0.1304 0.4588
vn 0.6111 -0.5236 0.5937
vn 0.8469 -0.4838 -0.2206
vn -0.3327 0.0249 0.9427
vn 0.6089 0.7512 0.2549
vn 0.8475 0.3086 -0.4319
vn -0.3295 0.4543 0.8277
vn 0.6599 0.2461 0.7099
vn 0.2817 0.9380 -0.2018
vn 0.7612 0.3227 -0.5625
vn 0.9973 -0.0056 -0.0738
vn -0.1808 0.3792 0.9074
vn -0.5153 0.7661 0.3840
vn -0.5721 -0.0333 -0.8195
vn 0.3111 -0.3145 -0.8968
vn -0.9176 0.3433 0.2004
vn 0.0476 -0.9433 0.3285
vn 0.6047 -0.6592 -0.4470
vn -0.6181 -0.0388 0.7851
vn -0.3437 -0.9208 -0.1842
vn -0.3433 0.1868 0.9205
vn 0.8884 -0.2315 0.3964
vn 0.8876 -0.3982 0.2313
vn -0.8311 0.4807 -0.2796
vn -0.8320 0.2772 -0.4805
vn 0.2297 0.9676 -0.1045
vn 0.9325 -0.1775 0.3145
vn -0.9813 0.0944 -0.1680
vn 0.2384 0.0966 -0.9663
vn 0.9780 -0.1854 0.0953
vn -0.9436 0.2816 -0.1740
vn -0.6570 -0.5545 0.5108
vn -0.1774 0.8842 0.4321
vn 0.4861 0.4357 0.7575
vn 0.2868 -0.3726 0.8826
vn -0.9462 -0.0484 -0.3201
vn -0.7737 0.5156 -0.3681
vn 0.6717 0.5689 -0.4745
vn 0.9118 0.2755 0.3045
vn -0.2744 0.3295 -0.9034
vn 0.3810 -0.8313 -0.4046
vn 0.7404 -0.5425 0.3968
vn -0.4297 -0.2405 -0.8703
vn 0.5697 0.2883 0.7696
vn -0.3401 0.8946 -0.2899
vn 0.4616 0.6109 -0.6432
vn 0.8522 0.4803 -0.2076
vn -0.3360 -0.0161 0.9417
vn -0.8802 0.1363 0.4546
vn -0.3500 -0.6296 -0.6936
vn 0.4620 -0.2081 -0.8621
vn -0.8842 -0.3435 0.3167
vn 0.6047 -0.7494 0.2696
vn 0.8539 -0.3152 -0.4140
vn -0.3423 -0.4511 0.8243
vn 0.4390 -0.0311 0.8980
vn -0.1253 0.9821 -0.1404
vn 0.2810 0.8630 -0.4198
vn 0.9075 0.3208 0.2710
vn -0.3373 -0.1054 0.9355
vn -0.8363 0.3041 0.4563
vn -0.4629 0.1843 -0.8670
vn 0.2392 0.3926 -0.8880
vn -0.8363 -0.3450 -0.4260
vn 0.6325 -0.7130 -0.3027
vn 0.9427 -0.0701 -0.3261
vn -0.5124 -0.8526 0.1026
vn -0.3959 -0.2675 0.8784
vn -0.6100 -0.5948 -0.5235
vn -0.8470 0.2189 -0.4844
vn -0.8480 0.4303 0.3095
vn 0.3303 -0.8275 0.4540
vn 0.3314 -0.9432 0.0244
vn 0.3487 0.2864 -0.8924
vn -0.4535 0.6470 -0.6130
vn 0.8784 -0.4599 -0.1303
vn 0.3506 0.6939 0.6289
vn -0.4515 0.8678 0.2073
vn 0.8780 -0.3308 0.3458
vn -0.4314 -0.0473 0.9009
vn -0.5988 0.4507 -0.6620
vn 0.5207 0.7048 0.4818
vn -0.4292 -0.9020 -0.0462
vn 0.5893 -0.2860 -0.7556
vn 0.8608 0.5089 -0.0000
vn -0.3323 -0.9432 -0.0000
vn 0.6658 -0.5089 0.5457
vn 0.8086 0.3585 0.4665
vn -0.3207 -0.9461 -0.0454
vn -0.5842 -0.7093 -0.3946
vn 0.6955 -0.6717 -0.2553
vn -0.0055 0.4999 -0.8661
vn -0.0489 0.0485 -0.9976
vn -0.3765 -0.6962 0.6112
vn -0.0031 -0.4975 0.8675
vn 0.6959 0.7098 0.1093
vn -0.0000 -0.0000 -1.0000
vn -0.0000 -0.0000 1.0000
vn -0.6763 0.7339 -0.0635
vn 0.2415 -0.0039 -0.9704
vn -0.2729 0.0023 0.9620
vn -0.3795 -0.9232 -0.0610
vn -0.6331 0.6388 -0.4372
vn -0.8929 0.4244 0.1505
vn -0.8920 -0.2891 0.3475
vn 0.3210 -0.7300 -0.6034
vn 0.3193 0.3317 -0.8877
vn 0.4293 0.6882 0.5849
vn -0.1275 0.5711 0.8109
vn 0.8339 0.4787 -0.2746
vn 0.4387 -0.3051 0.8453
vn -0.1339 -0.0868 0.9872
vn 0.8367 -0.5476 0.0006
vn 0.5880 -0.8038 0.0899
vn -0.4299 0.1660 0.8875
vn 0.1302 0.4190 0.8986
vn 0.8945 -0.0815 0.4395
vn -0.3195 -0.9349 -0.1543
vn -0.8332 -0.4767 0.2804
vn -0.4313 0.8868 0.1662
vn 0.1285 0.8992 0.4181
vn -0.8339 0.2799 -0.4757
vn 0.6334 0.3354 -0.6974
vn 0.8937 0.4414 -0.0803
vn -0.3199 -0.1527 -0.9351
vn 0.3749 -0.8298 -0.4134
vn 0.6335 0.3355 0.6972
vn 0.8938 0.4412 0.0803
vn 0.8946 -0.0815 -0.4394
vn -0.3195 -0.9350 0.1542
vn -0.3200 -0.1526 0.9351
vn -0.4309 0.8869 -0.1663
vn 0.1286 0.8992 -0.4182
vn -0.8338 0.2801 0.4757
vn -0.4298 0.1658 -0.8876
vn 0.1304 0.4190 -0.8986
vn -0.8332 -0.4767 -0.2804
vn -0.6374 0.3653 0.6785
vn 0.6273 0.7762 -0.0638
vn 0.8920 0.2890 0.3475
vn 0.1338 0.0866 0.9872
vn -0.8367 0.5477 0.0007
vn -0.3211 0.7300 -0.6033
vn 0.6334 -0.6383 -0.4374
vn 0.8930 -0.4241 0.1503
vn -0.3193 -0.3318 -0.8877
vn -0.4290 -0.6881 0.5851
vn 0.1277 -0.5709 0.8110
vn -0.8339 -0.4789 -0.2745
vn -0.4939 0.8578 -0.1422
vn -0.5794 -0.1220 0.8059
vn -0.6402 -0.7107 -0.2915
vn -0.6428 -0.2922 -0.7081
vn 0.7360 0.4980 0.4586
vn 0.7361 0.4589 0.4975
vn 0.4296 -0.8756 0.2209
vn -0.3391 -0.8672 -0.3647
vn 0.7485 0.3183 0.5818
vn 0.4268 0.2184 -0.8776
vn -0.3414 -0.3677 -0.8650
vn 0.7478 0.5818 0.3196
vn -0.5603 0.5090 -0.6534
vn -0.3614 0.5578 0.7472
vn -0.9517 -0.3067 0.0117
vn 0.3289 0.9443 -0.0041
vn 0.5572 -0.3619 0.7473
vn 0.5075 -0.5625 -0.6527
vn -0.3069 -0.9517 0.0118
vn 0.9444 0.3287 -0.0039
vn 0.1390 -0.8468 -0.5135
vn 0.7123 0.5536 -0.4315
vn -0.0837 0.6467 -0.7582
vn -0.4579 -0.0952 -0.8839
vn 0.6830 -0.6571 0.3190
vn 0.9225 -0.1136 0.3690
vn -0.1376 0.8692 0.4749
vn -0.5104 0.8045 -0.3037
vn 0.4221 0.0720 0.9037
vn -0.8303 -0.3810 0.4069
vn -0.9159 0.0731 -0.3947
vn 0.1644 -0.4651 0.8698
vn -0.3103 -0.9443 -0.1094
vn -0.4300 -0.1659 0.8875
vn 0.1302 -0.4188 0.8987
vn 0.1285 -0.8991 0.4184
vn -0.8339 -0.2799 -0.4757
vn -0.8331 0.4767 0.2804
vn 0.6355 0.6963 0.3337
vn 0.8945 0.0815 0.4395
vn -0.3194 0.9349 -0.1544
vn 0.6335 -0.3354 -0.6973
vn 0.8937 -0.4414 -0.0801
vn -0.3199 0.1527 -0.9351
vn 0.6716 0.0866 -0.7358
vn 0.6859 -0.3040 0.6612
vn -0.0392 0.8601 0.5085
vn -0.0157 0.9998 -0.0107
vn 0.0285 -0.9986 -0.0442
vn 0.0212 -0.8609 -0.5083
vn -0.6479 -0.2509 0.7193
vn -0.1072 0.8264 0.5528
vn 0.2768 -0.8928 -0.3555
vn -0.7309 0.0009 -0.6825
vn -0.1126 0.9924 0.0506
vn 0.1116 -0.9938 -0.0016
vn -0.6710 -0.4198 -0.6111
vn -0.6868 -0.0183 0.7266
vn 0.0793 -0.9967 0.0190
vn 0.0980 -0.8474 0.5218
vn -0.0740 0.9685 -0.2376
vn -0.1021 0.9947 0.0102
vn 0.6879 0.2004 0.6976
vn 0.1976 -0.9803 -0.0049
vn -0.2288 0.9735 0.0030
vn 0.6141 0.0599 -0.7869
vn 0.1224 -0.9136 -0.3877
vn -0.2030 0.5094 -0.8362
vn 0.5025 0.6721 -0.5440
vn -0.4446 0.8635 0.2382
vn -0.2872 0.3959 -0.8722
vn 0.0105 0.1629 -0.9866
vn 0.8256 0.5643 -0.0023
vn 0.4591 0.7900 0.4063
vn -0.6039 -0.6626 0.4431
vn -0.4700 -0.0070 -0.8826
vn 0.5227 -0.0039 0.8525
vn 0.6039 -0.7504 -0.2688
vn -0.0827 -0.0000 -0.9966
vn 0.9520 -0.0000 0.3062
vn -0.5163 -0.8348 -0.1909
vn 0.7376 0.2632 -0.6218
vn -0.4980 0.5411 -0.6776
vn -0.7849 -0.1093 -0.6099
vn 0.1717 -0.9130 0.3702
vn 0.7030 -0.4808 0.5240
vn -0.4907 0.3746 0.7867
vn -0.7515 0.6256 -0.2095
vn 0.3364 -0.3092 0.8895
vn -0.4915 0.3574 -0.7942
vn 0.7391 0.2616 0.6208
vn -0.4978 0.5408 0.6780
vn -0.7513 0.6258 0.2095
vn 0.3361 -0.3095 -0.8895
vn 0.7030 -0.4806 -0.5242
vn -0.5161 -0.8306 0.2094
vn -0.7826 -0.1081 0.6131
vn 0.1711 -0.9115 -0.3739
vn 0.5532 0.8058 0.2113
vn -0.4218 -0.0531 0.9051
vn -0.9840 0.1554 -0.0876
vn -0.6403 0.7107 -0.2915
vn 0.7361 -0.4590 0.4975
vn 0.1835 -0.8511 0.4919
vn -0.4221 -0.9049 0.0547
vn -0.9843 0.0873 -0.1532
vn 0.1840 -0.4898 0.8522
vn 0.4639 -0.2482 -0.8504
vn -0.6428 0.2922 -0.7082
vn 0.7361 -0.4980 0.4585
vn -0.3743 -0.4093 0.8321
vn -0.3443 0.9182 -0.1961
vn 0.4599 0.8519 0.2506
vn 0.4637 0.2511 0.8496
vn -0.8829 -0.4578 -0.1040
vn -0.8813 -0.1042 -0.4610
vn 0.6029 0.1444 -0.7847
vn 0.8533 0.5176 -0.0634
vn -0.3372 -0.4850 -0.8069
vn 0.6053 -0.7832 0.1421
vn 0.8544 -0.0658 0.5154
vn -0.3393 -0.8050 -0.4867
vn 0.5448 -0.2446 -0.8021
vn 0.4507 -0.6248 0.6376
vn 0.9740 0.2266 0.0005
vn 0.7826 0.2871 0.5524
vn -0.5492 -0.8102 -0.2047
vn -0.2459 -0.9693 0.0002
vn -0.4025 0.5188 0.7542
vn 0.5143 0.8576 -0.0000
vn -0.8832 -0.4689 -0.0004
vn -0.3996 0.8287 -0.3919
vn 0.5181 0.7398 0.4293
vn -0.8817 -0.4079 -0.2372
vn -0.5768 0.8067 -0.1288
vn 0.3530 0.1974 0.9146
vn -0.4502 -0.2565 0.8553
vn -0.8487 0.0545 0.5260
vn 0.3272 0.8096 -0.4873
vn 0.8771 0.4671 -0.1114
vn 0.3543 -0.9139 -0.1981
vn -0.4487 -0.8564 0.2552
vn 0.8772 0.1105 -0.4671
vn -0.6080 -0.1513 -0.7794
vn -0.8487 -0.5260 -0.0555
vn 0.3272 0.4876 -0.8095
vn 0.3554 0.3196 0.8784
vn 0.2258 -0.9505 -0.2134
vn -0.6357 -0.7518 0.1753
vn -0.5091 -0.2064 0.8356
vn 0.9380 0.3449 0.0355
vn 0.9378 0.0431 -0.3445
vn -0.5303 -0.0341 -0.8471
vn -0.9046 -0.3747 -0.2032
vn 0.4517 0.4209 -0.7867
vn -0.5175 0.8376 0.1747
vn -0.8726 0.0641 0.4843
vn 0.5267 0.7068 -0.4722
vn -0.6039 -0.1427 0.7842
vn 0.1228 -0.9628 -0.2409
vn -0.6263 -0.5050 -0.5939
vn -0.9266 -0.3371 -0.1666
vn 0.3311 0.0032 0.9436
vn 0.8648 -0.1690 0.4729
vn 0.3267 0.5840 -0.7431
vn -0.4835 0.2757 -0.8308
vn 0.9271 0.0731 0.3676
vn -0.4609 0.8829 0.0897
vn -0.7411 0.3909 -0.5458
vn 0.4777 0.2372 0.8459
vn 0.6036 -0.7893 0.1126
vn -0.4767 0.1605 0.8643
vn 0.0892 0.4199 0.9032
vn 0.8828 -0.0509 0.4670
vn -0.2954 -0.9420 -0.1596
vn -0.8285 -0.4952 0.2614
vn -0.4558 0.8756 0.1598
vn 0.0925 0.9019 0.4220
vn -0.8258 0.2613 -0.4997
vn 0.6510 0.3503 -0.6734
vn 0.8873 0.4572 -0.0611
vn -0.2904 -0.1607 -0.9433
vn -0.3806 -0.7754 -0.5039
vn -0.6396 0.7673 -0.0467
vn -0.8889 0.2857 0.3581
vn -0.8888 -0.4284 0.1627
vn 0.3003 -0.3341 -0.8934
vn 0.3028 0.7353 -0.6063
vn 0.4433 0.3043 0.8431
vn -0.1119 0.0864 0.9900
vn 0.8303 0.5572 -0.0128
vn 0.4265 -0.6953 0.5785
vn -0.1135 -0.5664 0.8163
vn 0.8293 -0.4758 -0.2931
vn 0.6799 0.6355 0.3659
vn -0.5524 -0.5118 0.6579
vn -0.9517 0.3067 0.0114
vn -0.4328 0.9014 0.0168
vn 0.8851 -0.4655 0.0030
vn 0.3289 -0.9444 -0.0032
vn -0.2009 -0.2762 -0.9399
vn -0.7027 0.5301 -0.4746
vn 0.5893 -0.7762 -0.2241
vn 0.6800 0.6409 -0.3562
vn -0.2004 -0.2985 0.9331
vn -0.6993 0.5069 0.5040
vn 0.5774 -0.7821 0.2342
vn -0.5619 -0.5090 -0.6520
vn -0.1137 -0.2887 0.9507
vn -0.5544 -0.5114 -0.6566
vn -0.9516 0.3072 -0.0104
vn -0.7025 0.5242 0.4814
vn 0.5860 -0.7773 0.2288
vn 0.3297 -0.9441 0.0043
vn 0.6760 0.6391 -0.3669
vn -0.4347 0.9005 -0.0146
vn 0.8837 -0.4680 -0.0003
vn -0.1995 -0.3792 -0.9036
vn 0.6799 0.6439 0.3510
vn -0.6990 0.5070 -0.5044
vn 0.5770 -0.7827 -0.2332
vn -0.5623 -0.5079 0.6526
vn -0.3817 0.5026 0.7757
vn -0.3615 0.2826 -0.8885
vn 0.4344 0.6559 -0.6173
vn 0.4382 0.8750 0.2059
vn -0.8720 -0.3456 0.3468
vn -0.8717 -0.4718 -0.1322
vn 0.6145 -0.5868 -0.5273
vn 0.8415 0.2335 -0.4872
vn -0.3161 -0.9485 0.0201
vn 0.6167 -0.2424 0.7490
vn 0.8408 0.4470 0.3052
vn -0.3172 -0.8334 0.4525
vn -0.6603 -0.6401 -0.3928
vn -0.6392 -0.1969 0.7434
vn 0.3453 -0.9385 -0.0001
vn 0.1510 -0.9788 -0.1381
vn -0.4062 0.5063 -0.7607
vn -0.3891 0.9212 -0.0003
vn 0.7240 0.2682 0.6355
vn 0.6387 -0.7695 0.0001
vn -0.2144 0.9767 0.0005
vn 0.7209 -0.0838 -0.6879
vn 0.6435 -0.6620 0.3843
vn -0.2110 0.8463 -0.4892
vn 0.5706 0.8131 -0.1151
vn 0.3058 -0.6572 -0.6889
vn 0.7404 -0.6324 -0.2280
vn 0.7524 0.2724 0.5997
vn 0.0893 0.9838 -0.1556
vn 0.0688 0.1757 -0.9820
vn -0.5977 -0.7927 0.1203
vn 0.8468 -0.4363 -0.3044
vn -0.5730 0.1578 -0.8042
vn -0.5973 -0.0317 0.8014
vn 0.8362 0.3555 0.4176
vn -0.5914 0.7923 -0.1503
vn 0.5217 -0.0192 -0.8529
vn -0.5174 0.8377 -0.1747
vn -0.8726 0.0641 -0.4843
vn -0.5091 -0.2064 -0.8356
vn 0.9380 0.3449 -0.0355
vn 0.5268 0.7068 0.4721
vn -0.5303 -0.0341 0.8471
vn -0.9046 -0.3747 0.2032
vn 0.4517 0.4209 0.7867
vn 0.2259 -0.9505 0.2133
vn -0.6357 -0.7518 -0.1753
vn 0.9378 0.0431 0.3445
vn 0.5622 0.5095 -0.6514
vn -0.5071 -0.5630 -0.6526
vn 0.3080 -0.9513 0.0118
vn 0.9515 -0.3075 0.0117
vn -0.3288 0.9444 -0.0035
vn -0.9444 0.3289 -0.0038
vn -0.5566 -0.3617 0.7479
vn 0.2846 -0.8996 0.3313
vn -0.9420 0.3320 -0.0498
vn 0.3624 0.5574 0.7470
vn 0.9002 -0.2824 0.3315
vn -0.3318 0.9420 -0.0497
vn -0.5867 0.7540 0.2954
vn 0.3613 -0.2827 0.8886
vn -0.4344 -0.6559 0.6173
vn -0.8414 -0.2337 0.4872
vn 0.3162 0.9485 -0.0203
vn 0.8717 0.4718 0.1322
vn 0.3583 -0.6894 -0.6296
vn -0.4382 -0.8750 -0.2058
vn 0.8720 0.3455 -0.3469
vn -0.6167 0.2424 -0.7490
vn -0.8409 -0.4470 -0.3052
vn 0.3172 0.8333 -0.4527
vn 0.2654 -0.1794 0.9473
vn 0.3659 -0.7299 -0.5774
vn -0.5850 -0.7741 -0.2421
vn -0.5873 -0.5739 0.5707
vn 0.9164 0.2605 0.3040
vn 0.9514 0.1045 -0.2898
vn -0.3833 0.4095 -0.8279
vn -0.8658 -0.1571 -0.4750
vn 0.4934 0.6987 -0.5180
vn -0.5363 0.7007 0.4705
vn -0.9286 -0.0963 0.3584
vn 0.5280 0.8491 0.0119
vn -0.1912 -0.9760 -0.1044
vn 0.6927 -0.2007 0.6928
vn 0.9927 -0.0505 -0.1093
vn 0.5632 -0.6357 -0.5280
vn -0.6915 -0.4966 0.5246
vn -0.4844 -0.2220 0.8462
vn 0.2825 0.9515 0.1220
vn 0.8119 0.4465 -0.3761
vn -0.6883 0.4503 0.5687
vn -0.5460 0.0178 -0.8376
vn 0.4533 -0.1065 -0.8850
vn -0.9622 0.1573 0.2223
vn -0.5633 0.6491 0.5112
vn -0.3569 -0.7458 0.5625
vn -0.9538 -0.0117 -0.3003
vn 0.3288 0.0032 0.9444
vn 0.5532 -0.7482 -0.3663
vn 0.5048 0.6527 -0.5650
vn -0.3149 -0.0114 -0.9491
vn 0.9437 0.0030 0.3307
vn 0.6631 0.6531 0.3656
vn -0.6472 -0.0313 0.7617
vn -0.8863 0.3686 0.2802
vn -0.0943 0.9920 0.0835
vn 0.8268 -0.0186 0.5622
vn 0.2935 -0.6076 0.7380
vn -0.6465 -0.4108 -0.6428
vn -0.8860 0.1764 -0.4289
vn 0.2895 -0.8968 -0.3347
vn 0.4472 0.5746 -0.6854
vn -0.0958 0.8155 -0.5708
vn 0.8256 -0.3028 -0.4761
vn -0.2601 -0.8737 0.4110
vn -0.5994 0.4407 -0.6682
vn -0.8359 0.5380 0.1089
vn -0.6463 0.0948 0.7572
vn 0.5310 -0.7636 -0.3674
vn 0.2921 -0.1314 -0.9473
vn 0.6013 0.7283 0.3287
vn -0.1383 0.7146 0.6858
vn 0.9133 0.0478 -0.4044
vn -0.0808 -0.7841 -0.6153
vn 0.6013 0.7283 -0.3287
vn -0.1384 0.7145 -0.6858
vn -0.6463 0.0947 -0.7572
vn 0.5310 -0.7636 0.3674
vn 0.9133 0.0478 0.4045
vn -0.5994 0.4408 0.6681
vn -0.8359 0.5380 -0.1088
vn 0.2921 -0.1313 0.9473
vn 0.1321 0.9195 -0.3704
vn -0.7530 0.0654 0.6548
vn -0.9795 0.1407 -0.1440
vn -0.5400 0.6451 -0.5406
vn 0.7443 0.6099 0.2720
vn 0.3411 -0.0846 0.9362
vn -0.0537 -0.9938 -0.0970
vn -0.5980 -0.6401 -0.4823
vn 0.4624 -0.7415 0.4863
vn 0.3309 -0.2733 -0.9032
vn -0.2904 -0.2567 -0.9218
vn 0.9948 -0.0909 -0.0465
vn -0.3824 0.3974 -0.8341
vn 0.5237 -0.6482 -0.5528
vn 0.9482 0.1185 -0.2947
vn 0.3825 0.7151 -0.5851
vn -0.8177 -0.1491 -0.5560
vn -0.4965 -0.8284 -0.2594
vn 0.4742 -0.2925 0.8304
vn 0.8559 0.1803 0.4847
vn -0.4276 -0.5685 0.7028
vn -0.2295 0.9122 0.3395
vn 0.3280 0.9420 0.0708
vn -0.9132 0.0167 0.4072
vn -0.6160 -0.5197 0.5920
vn 0.2182 -0.8899 -0.4007
vn -0.4495 -0.4566 -0.7678
vn -0.9223 -0.2848 -0.2613
vn 0.2357 -0.3731 0.8973
vn 0.7475 -0.5625 0.3533
vn 0.6449 0.4426 -0.6231
vn -0.2507 0.3300 -0.9101
vn 0.9532 0.1341 0.2708
vn -0.3625 0.8155 0.4511
vn -0.7765 0.5241 -0.3497
vn 0.4126 0.3349 0.8472
vn 0.3963 -0.2611 -0.8802
vn -0.7473 -0.6522 0.1273
vn -0.3976 -0.8276 0.3962
vn 0.4640 -0.8363 -0.2921
vn -0.1776 0.3346 -0.9255
vn -0.8204 0.3413 -0.4587
vn -0.4722 0.1357 0.8710
vn -0.1060 -0.4792 0.8713
vn -0.3689 0.8136 0.4493
vn 0.9469 0.0758 0.3123
vn 0.7396 -0.5962 0.3122
vn 0.2291 0.9716 -0.0589
vn -0.7201 0.0102 0.6938
vn 0.7084 -0.1547 0.6887
vn -0.2531 -0.9674 0.0092
vn -0.0451 -0.9982 0.0389
vn 0.0281 0.9986 -0.0449
vn 0.1603 0.9863 -0.0384
vn 0.5898 0.0823 -0.8033
vn -0.2211 -0.8558 -0.4676
vn 0.1969 0.8829 0.4263
vn -0.0835 0.1262 -0.9885
vn -0.0849 -0.4801 -0.8731
vn 0.0412 0.8471 -0.5299
vn -0.7049 0.2449 -0.6657
vn -0.0363 -0.9624 -0.2692
vn 0.0360 0.6859 0.7268
vn -0.6725 0.0234 0.7397
vn -0.6173 -0.2871 -0.7325
vn -0.1082 0.9503 -0.2920
vn 0.0746 -0.7066 0.7036
vn -0.0823 -0.1134 -0.9901
vn -0.0846 0.4812 -0.8725
vn 0.0401 -0.8342 -0.5501
vn 0.5901 -0.0822 -0.8032
vn -0.2211 0.8557 -0.4678
vn 0.1969 -0.8827 0.4266
vn 0.7170 0.2023 0.6671
vn -0.2532 0.9674 0.0090
vn 0.2217 -0.9747 -0.0285
vn -0.6417 0.6292 -0.4386
vn 0.4949 0.2101 0.8432
vn -0.4564 -0.2363 0.8578
vn -0.9379 -0.0572 0.3422
vn 0.3936 0.6085 -0.6891
vn 0.8931 0.4224 -0.1546
vn 0.1287 -0.8944 -0.4284
vn -0.5890 -0.7549 0.2884
vn 0.7136 -0.0782 -0.6962
vn 0.1754 0.6802 0.7117
vn 0.0432 -0.9966 -0.0702
vn -0.7535 -0.6426 0.1385
vn -0.8051 0.3724 0.4617
vn 0.8708 0.4600 0.1738
vn 0.7398 -0.3559 -0.5710
vn -0.6399 0.3972 -0.6579
vn -0.9762 0.2089 -0.0587
vn 0.5310 0.2772 -0.8007
vn -0.1076 -0.3252 -0.9395
vn -0.5215 0.6909 0.5007
vn -0.1380 -0.7897 0.5977
vn -0.3617 -0.7393 0.5680
vn 0.8936 -0.2174 0.3928
vn -0.4214 0.6139 0.6675
vn 0.0423 -0.9967 0.0696
vn -0.7536 -0.6424 -0.1390
vn -0.9752 0.2127 0.0610
vn 0.5268 0.2766 0.8037
vn 0.7395 -0.3563 0.5712
vn -0.1533 0.2707 -0.9504
vn -0.8052 0.3722 -0.4616
vn 0.8709 0.4598 -0.1738
vn -0.3865 -0.3954 0.8333
vn -0.1380 -0.7897 -0.5978
vn -0.3617 -0.7393 -0.5680
vn 0.8936 -0.2174 -0.3927
vn -0.5215 0.6909 -0.5007
vn 0.5371 0.1900 -0.8219
vn -0.6606 0.6395 0.3933
vn -0.9376 -0.0582 -0.3428
vn -0.4552 -0.2367 -0.8583
vn 0.8930 0.4226 0.1551
vn 0.3933 0.6083 0.6894
vn 0.1247 -0.8950 0.4282
vn -0.5874 -0.7551 -0.2910
vn 0.7122 -0.0764 0.6978
vn -0.5687 -0.6287 -0.5304
vn -0.3654 0.8160 -0.4480
vn -0.7763 0.5227 0.3524
vn -0.9226 -0.2852 0.2597
vn 0.2346 -0.3740 -0.8973
vn 0.4129 0.3336 -0.8475
vn 0.6436 0.4407 0.6257
vn -0.2534 0.3263 0.9107
vn 0.9531 0.1339 -0.2714
vn 0.2191 -0.8915 0.3965
vn -0.4477 -0.4622 0.7655
vn 0.7469 -0.5632 -0.3534
vn 0.5947 0.2422 -0.7666
vn 0.4852 -0.8505 0.2031
vn 0.7820 0.5506 0.2920
vn -0.5483 -0.2059 -0.8105
vn -0.4024 0.0733 0.9125
vn -0.4019 0.9128 0.0726
vn 0.5160 0.4301 0.7408
vn -0.8816 -0.2383 -0.4073
vn 0.2138 0.5326 -0.8189
vn -0.3871 -0.7688 0.5090
vn 0.5828 -0.8006 -0.1392
vn 0.7390 -0.4756 -0.4771
vn -0.3242 0.9008 0.2889
vn -0.7359 0.6378 0.2275
vn 0.7334 -0.1253 0.6681
vn 0.7008 -0.7130 0.0223
vn -0.2506 0.8831 0.3967
vn -0.3604 -0.6361 0.6823
vn 0.7186 0.6198 -0.3153
vn -0.4376 -0.1289 -0.8899
vn 0.3588 -0.6166 -0.7008
vn -0.8165 0.5745 0.0568
vn 0.5537 0.7353 0.3909
vn 0.1523 -0.6596 -0.7361
vn 0.5842 -0.7994 0.1405
vn 0.7404 -0.4732 0.4774
vn -0.3231 0.9011 -0.2893
vn -0.7357 0.6380 -0.2275
vn -0.4365 -0.1275 0.8906
vn 0.3620 -0.6166 0.6992
vn -0.8158 0.5755 -0.0574
vn -0.3767 -0.5698 -0.7304
vn 0.1780 0.3025 0.9364
vn 0.7335 -0.1271 -0.6677
vn 0.7004 -0.7134 -0.0209
vn -0.2507 0.8831 -0.3966
vn 0.3923 0.6315 -0.6688
vn 0.6082 -0.7506 -0.2581
vn 0.8483 -0.3109 0.4287
vn 0.8468 0.4842 0.2200
vn -0.3319 -0.0237 -0.9430
vn -0.3302 -0.4535 -0.8278
vn -0.3520 -0.6296 0.6926
vn 0.4507 -0.2089 0.8679
vn -0.8782 -0.3462 -0.3301
vn -0.3474 0.8923 0.2884
vn 0.4549 0.6111 0.6478
vn -0.8785 0.1296 -0.4598
vn 0.4031 0.6637 0.6301
vn 0.6167 0.2428 -0.7488
vn 0.8410 -0.4466 -0.3053
vn 0.8416 -0.2332 0.4872
vn -0.3161 0.9485 -0.0201
vn -0.3172 0.8334 -0.4526
vn -0.3582 -0.6894 -0.6297
vn 0.4382 -0.8750 -0.2059
vn -0.8720 0.3455 -0.3469
vn -0.3613 -0.2827 0.8885
vn 0.4345 -0.6560 0.6172
vn -0.8717 0.4718 0.1323
vn -0.6085 0.6305 0.4818
vn 0.4545 -0.5752 0.6801
vn -0.0961 -0.8166 0.5691
vn -0.8863 -0.1786 0.4273
vn 0.2899 0.8969 0.3340
vn 0.8264 0.3006 0.4761
vn 0.4481 -0.8378 -0.3119
vn -0.0982 -0.9910 -0.0914
vn 0.8238 0.0280 -0.5662
vn -0.6493 0.0398 -0.7595
vn -0.8872 -0.3650 -0.2822
vn 0.2834 0.6124 -0.7380
vn -0.6694 0.5880 -0.4540
vn -0.5527 -0.2840 0.7835
vn -0.1361 -0.9867 -0.0884
vn -0.2421 -0.8398 -0.4860
vn 0.2737 0.8338 0.4795
vn 0.2402 0.0014 0.9707
vn 0.8166 -0.5686 0.0994
vn 0.2443 -0.9123 -0.3286
vn 0.7350 -0.1644 0.6579
vn 0.6315 0.2568 -0.7316
vn -0.1852 -0.9448 -0.2702
vn 0.6544 0.5746 0.4916
vn 0.6272 0.4590 0.6292
vn -0.1773 0.8842 -0.4322
vn 0.4861 0.4356 -0.7576
vn 0.9118 0.2754 -0.3046
vn -0.2744 0.3295 0.9034
vn -0.7737 0.5156 0.3682
vn -0.6037 -0.4656 -0.6472
vn 0.2867 -0.3726 -0.8826
vn -0.9461 -0.0487 0.3201
vn 0.3812 -0.8313 0.4045
vn 0.7404 -0.5425 -0.3969
vn -0.4295 -0.2408 0.8703
vn -0.6600 0.6393 0.3945
vn -0.6391 0.1962 -0.7437
vn 0.3446 0.9387 -0.0001
vn 0.1517 0.9788 0.1379
vn -0.4058 -0.5073 0.7603
vn -0.3887 -0.9214 0.0001
vn 0.7243 -0.2686 -0.6350
vn 0.6387 0.7695 0.0001
vn -0.2144 -0.9767 0.0006
vn 0.7233 0.0840 0.6854
vn 0.6409 0.6636 -0.3860
vn -0.2116 -0.8458 0.4898
vn -0.5815 0.5597 -0.5904
vn -0.6207 0.2251 0.7511
vn -0.5255 -0.8508 0.0039
vn -0.5746 -0.6883 -0.4428
vn 0.3238 0.8764 0.3564
vn 0.4663 0.8846 0.0035
vn 0.6686 -0.2835 0.6875
vn -0.2745 -0.9616 -0.0015
vn 0.2399 0.9708 0.0014
vn 0.6672 0.0992 -0.7382
vn -0.2734 -0.8338 -0.4797
vn 0.2397 0.8408 0.4854
vn -0.2804 0.4933 0.8234
vn 0.9175 0.0552 -0.3939
vn 0.6717 -0.6573 0.3418
vn 0.1897 -0.4758 0.8588
vn -0.4013 0.9034 -0.1514
vn 0.0989 0.7195 -0.6874
vn -0.6782 -0.5960 -0.4299
vn -0.0476 -0.9565 0.2878
vn -0.5920 0.4056 -0.6965
vn 0.3343 -0.7434 0.5793
vn 0.4475 -0.5755 -0.6846
vn -0.0956 -0.8160 -0.5701
vn -0.0978 -0.9918 0.0821
vn 0.8274 0.0246 0.5611
vn 0.8258 0.3021 -0.4762
vn -0.6479 0.4098 -0.6420
vn -0.8861 -0.1764 -0.4286
vn 0.2883 0.8972 -0.3346
vn -0.6446 0.0350 0.7638
vn -0.8844 -0.3702 0.2842
vn 0.2900 0.6096 0.7378
vn 0.5552 0.2197 0.8022
vn -0.4237 -0.8114 0.4026
vn -0.9842 0.1534 0.0883
vn -0.6406 0.7106 0.2911
vn 0.7362 -0.4585 -0.4978
vn 0.1838 -0.8518 -0.4905
vn -0.4211 -0.5016 -0.7557
vn -0.9846 0.1746 -0.0005
vn 0.1808 -0.9835 -0.0005
vn 0.4596 0.6152 -0.6406
vn -0.3956 0.9184 -0.0001
vn 0.9176 -0.3974 0.0002
vn -0.5988 0.6391 0.4828
vn 0.4312 -0.5782 0.6926
vn -0.1120 -0.8159 0.5673
vn -0.8886 -0.1645 0.4282
vn 0.3000 0.8935 0.3342
vn 0.8293 0.2931 0.4757
vn 0.4472 -0.8417 -0.3025
vn -0.1108 -0.9900 -0.0877
vn 0.8300 0.0124 -0.5576
vn -0.6408 0.0468 -0.7662
vn -0.8894 -0.3576 -0.2847
vn 0.3028 0.6070 -0.7348
vn 0.8974 0.0592 0.4372
vn -0.2391 0.4833 -0.8422
vn 0.1890 -0.4749 -0.8595
vn 0.6715 -0.6574 -0.3419
vn 0.0986 0.7194 0.6875
vn -0.4004 0.9036 0.1522
vn -0.6786 -0.5948 0.4309
vn -0.0477 -0.9565 -0.2879
vn -0.5912 0.4062 0.6967
vn 0.6542 0.3680 -0.6607
vn -0.6419 0.7654 0.0454
vn -0.8896 0.2845 -0.3574
vn -0.1092 0.0882 -0.9901
vn 0.8301 0.5575 0.0114
vn 0.3038 0.7340 0.6074
vn -0.6401 -0.6415 0.4227
vn -0.8881 -0.4281 -0.1671
vn 0.2993 -0.3349 0.8935
vn 0.4349 -0.6908 -0.5776
vn -0.1113 -0.5677 -0.8156
vn 0.8293 -0.4756 0.2933
vn -0.1944 0.7865 -0.5861
vn -0.7455 -0.5325 -0.4009
vn 0.0440 -0.6389 -0.7681
vn 0.4051 0.0871 -0.9101
vn -0.6352 0.7234 0.2706
vn -0.9328 0.0625 0.3550
vn 0.1115 -0.8517 0.5120
vn 0.5118 -0.8183 -0.2616
vn -0.4211 -0.1281 0.8979
vn 0.8066 0.3818 0.4512
vn 0.9304 -0.1098 -0.3497
vn -0.0944 0.5232 0.8470
vn 0.3201 -0.7575 0.5690
vn 0.4313 -0.5782 -0.6926
vn -0.1121 -0.8158 -0.5673
vn -0.1108 -0.9900 0.0877
vn 0.8299 0.0125 0.5577
vn 0.8293 0.2931 -0.4757
vn -0.6409 0.4223 -0.6410
vn -0.8886 -0.1648 -0.4281
vn 0.3000 0.8935 -0.3342
vn -0.6409 0.0468 0.7662
vn -0.8894 -0.3577 0.2847
vn 0.3027 0.6070 0.7348
vn 0.6700 -0.2820 -0.6867
vn 0.6705 0.0978 0.7354
vn 0.2412 0.8420 -0.4825
vn 0.2399 0.9708 -0.0021
vn -0.2723 -0.9622 -0.0000
vn -0.2734 -0.8332 0.4807
vn -0.6739 0.5035 0.5407
vn 0.1856 0.9447 -0.2704
vn -0.6543 -0.5745 0.4919
vn -0.6178 0.2316 -0.7514
vn -0.9191 0.2918 -0.2649
vn -0.6655 -0.5198 0.5357
vn -0.4249 -0.8733 -0.2383
vn -0.6207 -0.3699 -0.6913
vn -0.5745 0.7337 0.3629
vn -0.3648 0.2714 0.8907
vn 0.7491 -0.4975 0.4375
vn 0.3896 -0.8449 -0.3664
vn 0.3772 0.3673 0.8502
vn 0.3789 0.6075 -0.6981
vn 0.1779 -0.3759 -0.9094
vn 0.1444 0.9300 0.3379
vn 0.5275 0.6550 -0.5411
vn -0.8804 0.2562 -0.3990
vn -0.4898 -0.4018 -0.7738
vn 0.3254 -0.3056 -0.8948
vn 0.0330 0.9511 0.3070
vn -0.5780 0.7479 0.3263
vn -0.6194 -0.6032 0.5025
vn -0.3122 -0.9062 -0.2852
vn -0.3932 0.2460 0.8859
vn 0.8445 -0.3959 0.3607
vn 0.5115 -0.7395 -0.4377
vn 0.2325 0.4511 0.8617
vn 0.1418 0.9877 0.0655
vn 0.3299 -0.2731 0.9037
vn -0.2911 -0.2570 0.9215
vn -0.5422 0.6464 0.5368
vn 0.7464 0.6092 -0.2680
vn 0.9948 -0.0907 0.0472
vn -0.0534 -0.9939 0.0970
vn -0.5980 -0.6402 0.4823
vn 0.4623 -0.7415 -0.4862
vn -0.7525 0.0652 -0.6553
vn -0.9795 0.1409 0.1438
vn 0.3414 -0.0850 -0.9361
vn 0.4657 0.7599 0.4536
vn -0.6387 0.2036 0.7420
vn -0.6973 -0.5866 -0.4119
vn -0.3867 0.4850 -0.7844
vn 0.3164 -0.7815 0.5377
vn 0.3766 -0.1903 -0.9066
vn -0.2061 0.2099 -0.9558
vn 0.8101 -0.5419 0.2237
vn 0.7119 -0.5156 0.4768
vn 0.3969 0.5998 -0.6948
vn 0.1351 -0.3630 -0.9219
vn 0.3292 -0.8732 -0.3593
vn 0.4282 0.3454 0.8350
vn 0.2245 0.9238 0.3100
vn -0.9616 -0.1424 0.2345
vn -0.3727 -0.7244 -0.5800
vn -0.2391 0.6373 0.7326
vn 0.6945 0.6932 -0.1926
vn -0.7144 0.6989 -0.0334
vn -0.0553 0.0288 -0.9981
vn -0.2135 0.0014 -0.9769
vn 0.1888 -0.0000 0.9820
vn 0.0328 -0.0133 0.9994
vn -0.6257 -0.7762 0.0778
vn -0.0153 -0.5271 -0.8497
vn 0.0132 -0.0465 0.9988
vn -0.2386 -0.9328 0.2702
vn -0.0796 -0.5974 -0.7980
vn 0.1313 0.4340 0.8913
vn 0.5281 -0.8427 -0.1050
vn -0.2267 -0.5242 -0.8209
vn 0.1754 -0.1069 0.9787
vn 0.5514 0.1024 -0.8280
vn -0.7917 -0.4876 -0.3680
vn -0.4337 -0.8931 -0.1191
vn 0.4984 -0.7074 -0.5012
vn 0.0856 0.7372 -0.6702
vn -0.6732 0.6271 -0.3919
vn -0.5526 -0.0981 0.8277
vn -0.1953 -0.8159 0.5442
vn -0.4993 0.6755 0.5426
vn 0.8110 0.1402 0.5680
vn 0.5854 -0.7582 0.2873
vn 0.2128 0.9372 0.2764
vn 0.3670 0.6346 0.6801
vn 0.7283 -0.5216 -0.4444
vn 0.3293 -0.8733 0.3589
vn 0.1349 -0.3635 0.9218
vn 0.2244 0.9239 -0.3098
vn 0.4281 0.3456 -0.8350
vn -0.9615 -0.1428 -0.2349
vn -0.3730 -0.7244 0.5798
vn -0.2393 0.6374 -0.7325
vn -0.3728 -0.9279 -0.0059
vn 0.7192 0.4228 0.5514
vn 0.9605 0.0126 -0.2779
vn 0.6449 -0.3947 -0.6544
vn -0.7312 0.1041 0.6741
vn -0.1976 0.4427 0.8746
vn -0.3216 0.7434 -0.5864
vn 0.4165 0.1618 -0.8946
vn -0.7570 0.5814 0.2981
vn 0.6665 0.5629 0.4888
vn -0.7272 -0.1266 -0.6747
vn 0.3747 -0.2716 -0.8865
vn 0.7475 -0.1561 -0.6456
vn -0.6063 0.3022 0.7356
vn -0.8903 0.1851 0.4161
vn 0.1067 -0.9120 0.3962
vn 0.5947 -0.7502 -0.2890
vn -0.4789 -0.3719 0.7952
vn 0.1993 0.8659 -0.4588
vn -0.5319 -0.8450 -0.0556
vn 0.3666 -0.7824 -0.5035
vn 0.6552 -0.3289 -0.6801
vn -0.6250 0.5781 0.5246
vn -0.8338 0.2397 0.4973
vn 0.6770 -0.3214 0.6621
vn 0.7887 -0.5963 -0.1493
vn -0.2358 0.4442 0.8643
vn -0.6703 -0.2818 -0.6864
vn -0.6697 0.0975 0.7362
vn 0.2745 -0.8334 0.4796
vn 0.2735 -0.9619 0.0020
vn -0.2391 0.9710 -0.0001
vn -0.2408 0.8413 -0.4839
vn 0.6469 0.5136 0.5637
vn 0.5733 -0.6903 0.4414
vn -0.3237 0.8761 -0.3573
vn 0.6211 0.2244 -0.7509
vn 0.5253 -0.8509 -0.0035
vn -0.4661 0.8847 -0.0032
vn 0.5861 0.2940 0.7550
vn -0.3623 0.8887 -0.2811
vn 0.4360 0.6164 -0.6557
vn 0.8422 0.4876 -0.2302
vn -0.3161 -0.0214 0.9485
vn -0.8720 0.1324 0.4713
vn -0.3565 -0.6292 -0.6906
vn 0.4397 -0.2045 -0.8746
vn -0.8717 -0.3469 0.3462
vn 0.6162 -0.7497 0.2412
vn 0.8409 -0.3054 -0.4467
vn -0.3164 -0.4540 0.8329
vn -0.4349 0.8638 -0.2543
vn -0.4000 -0.3921 -0.8284
vn 0.5168 0.4298 -0.7404
vn 0.5124 -0.0000 -0.8587
vn -0.8835 -0.0000 0.4684
vn -0.8816 -0.2375 0.4079
vn 0.4403 -0.8803 0.1764
vn 0.7827 0.5513 -0.2890
vn -0.5484 -0.2054 0.8106
vn 0.4529 0.6362 0.6247
vn 0.9736 -0.0000 -0.2284
vn -0.2464 -0.0000 0.9692
vn -0.3804 0.7801 0.4967
vn -0.6448 -0.7635 0.0369
vn -0.8858 -0.2796 -0.3702
vn -0.8857 0.4287 -0.1782
vn 0.2873 0.3339 0.8978
vn 0.2900 -0.7372 0.6103
vn 0.4563 -0.3065 -0.8354
vn -0.1019 -0.0811 -0.9915
vn 0.8278 -0.5605 0.0251
vn 0.4574 0.6777 -0.5758
vn -0.0864 0.5769 -0.8123
vn 0.8241 0.4782 0.3035
vn -0.3063 0.6551 0.6906
vn 0.8757 0.2686 -0.4012
vn 0.8735 -0.2781 0.3997
vn 0.3888 -0.0998 0.9159
vn -0.6016 0.7505 -0.2736
vn -0.0796 0.5564 -0.8271
vn -0.0049 -0.8419 -0.5396
vn 0.3625 -0.9065 0.2163
vn -0.4174 0.0149 -0.9086
vn -0.7823 -0.5524 0.2881
vn -0.0507 -0.7532 0.6558
vn -0.8977 0.1935 -0.3959
vn 0.8399 0.5098 -0.1863
vn -0.6425 0.4010 -0.6530
vn -0.0000 -0.5059 -0.8626
vn 0.2725 -0.4710 -0.8390
vn -0.2226 0.7913 0.5694
vn -0.0000 0.8030 0.5960
vn -0.6972 -0.4484 0.5594
vn 0.0030 -0.8658 -0.5003
vn -0.0026 0.8679 0.4968
vn 0.6789 -0.3074 0.6668
vn 0.2733 -0.8337 -0.4798
vn -0.2425 0.8408 0.4840
vn 0.2411 0.7255 0.6446
vn 0.8444 -0.3959 -0.3608
vn 0.5116 -0.7395 0.4375
vn 0.3256 -0.3064 0.8945
vn 0.0329 0.9513 -0.3065
vn 0.2325 0.4511 -0.8617
vn -0.6194 -0.6031 -0.5026
vn -0.3123 -0.9062 0.2850
vn -0.3932 0.2460 -0.8859
vn -0.8805 0.2557 0.3992
vn -0.4924 -0.4027 0.7716
vn -0.5784 0.7492 -0.3226
vn 0.8041 -0.1157 0.5831
vn -0.5714 -0.7526 0.3272
vn -0.7100 0.0416 0.7030
vn 0.0022 0.4448 0.8956
vn 0.7213 -0.6227 -0.3032
vn 0.1183 -0.9170 -0.3808
vn -0.8275 0.0829 -0.5553
vn -0.8673 0.4606 0.1888
vn -0.0751 -0.4099 -0.9090
vn 0.2960 0.8475 -0.4406
vn -0.2022 0.9086 0.3654
vn 0.5126 -0.0897 -0.8539
vn 0.5952 -0.2356 -0.7683
vn 0.2961 0.8695 0.3954
vn -0.3652 0.8690 -0.3339
vn -0.1572 0.3101 -0.9376
vn 0.8311 -0.5462 0.1046
vn 0.6725 -0.0446 0.7388
vn -0.7806 -0.5768 0.2406
vn -0.7820 0.3356 -0.5251
vn 0.3236 -0.6728 0.6653
vn 0.4462 -0.4687 -0.7624
vn 0.2455 0.9032 0.3521
vn -0.3726 0.8280 -0.4190
vn -0.3355 0.3606 -0.8703
vn 0.7070 -0.6466 0.2865
vn 0.6180 -0.1055 0.7791
vn -0.8179 -0.4406 0.3701
vn -0.9032 0.2309 -0.3619
vn 0.1647 -0.6656 0.7279
vn -0.2455 0.1065 0.9635
vn -0.1271 0.9818 0.1410
vn 0.2823 0.8620 0.4210
vn 0.2376 0.3913 0.8891
vn -0.8358 -0.3457 0.4266
vn -0.8367 0.3036 -0.4557
vn 0.6229 0.1495 -0.7679
vn 0.9075 0.3218 -0.2702
vn -0.3372 -0.1048 -0.9356
vn 0.6336 -0.7122 0.3021
vn 0.9428 -0.0705 0.3257
vn -0.5127 -0.8523 -0.1035
vn 0.4673 0.7736 -0.4279
vn -0.6405 0.7420 0.1980
vn -0.3895 0.0024 -0.9210
vn 0.1370 -0.0000 -0.9906
vn 0.9009 -0.0000 0.4339
vn 0.3446 -0.0019 0.9388
vn -0.6982 -0.6490 0.3021
vn -0.3876 -0.4380 -0.8111
vn 0.3173 0.0755 0.9453
vn 0.3775 -0.8803 -0.2875
vn -0.2045 -0.7221 -0.6609
vn 0.8093 -0.0790 0.5821
vn -0.6443 -0.5467 -0.5348
vn 0.7387 -0.6652 -0.1088
vn 0.7477 0.1609 -0.6443
vn -0.2296 -0.6958 0.6806
vn 0.7233 0.6356 0.2700
vn 0.6405 -0.0000 -0.7680
vn -0.2140 -0.0000 0.9768
vn -0.6383 0.7442 -0.1969
vn 0.6896 0.6981 0.1927
vn -0.6809 0.7319 0.0248
vn 0.4690 -0.0547 -0.8815
vn -0.0071 0.0446 -0.9990
vn -0.1068 -0.0859 0.9906
vn -0.3017 -0.0469 0.9523
vn -0.7299 -0.6730 -0.1196
vn 0.1744 -0.4778 -0.8610
vn -0.3229 -0.8319 0.4512
vn 0.6775 -0.7355 -0.0025
vn 0.0644 -0.3646 -0.9289
vn -0.0930 -0.8510 0.5168
vn -0.6380 0.5468 -0.5422
vn -0.6382 -0.7443 -0.1969
vn 0.3444 -0.4689 -0.8134
vn -0.3888 0.4615 0.7974
vn 0.7232 -0.6356 0.2700
vn 0.7389 0.6651 -0.1084
vn 0.7477 -0.1609 -0.6443
vn -0.2296 0.6957 0.6807
vn 0.7403 0.4818 -0.4689
vn -0.6386 -0.1961 -0.7442
vn -0.7498 -0.4006 0.5267
vn 0.1517 -0.9788 0.1378
vn -0.4058 0.5073 0.7603
vn 0.7233 -0.0840 0.6854
vn 0.6409 -0.6636 -0.3860
vn -0.2117 0.8458 0.4898
vn 0.5988 0.4846 0.6377
vn -0.4348 0.6907 -0.5778
vn 0.1113 0.5676 -0.8157
vn 0.8882 0.4280 -0.1671
vn -0.2992 0.3350 0.8934
vn -0.8293 0.4758 0.2933
vn -0.4498 -0.3001 -0.8412
vn 0.1092 -0.0883 -0.9901
vn -0.8301 -0.5575 0.0114
vn 0.6420 -0.7654 0.0456
vn 0.8896 -0.2846 -0.3573
vn -0.3039 -0.7340 0.6074
vn -0.3190 0.5676 -0.7590
vn -0.4349 -0.6907 -0.5777
vn 0.1113 -0.5676 -0.8157
vn 0.1091 0.0883 -0.9901
vn -0.8301 0.5575 0.0114
vn -0.8292 -0.4757 0.2933
vn 0.6402 -0.6416 0.4226
vn 0.8882 -0.4280 -0.1671
vn -0.2992 -0.3350 0.8934
vn 0.6420 0.7654 0.0456
vn 0.8896 0.2845 -0.3574
vn -0.3039 0.7340 0.6074
vn -0.6410 -0.7671 -0.0266
vn 0.6336 -0.3355 0.6971
vn 0.8938 -0.4413 0.0803
vn 0.1286 -0.8992 -0.4182
vn -0.8339 -0.2801 0.4756
vn -0.3199 0.1525 0.9351
vn 0.6354 0.6964 -0.3337
vn 0.8946 0.0814 -0.4394
vn -0.3196 0.9349 0.1543
vn -0.4299 -0.1658 -0.8875
vn 0.1304 -0.4190 -0.8986
vn -0.8332 0.4767 -0.2803
vn -0.3790 -0.4110 0.8291
vn -0.3543 0.9139 -0.1981
vn 0.4487 0.8565 0.2552
vn 0.4501 0.2565 0.8553
vn -0.8771 -0.4672 -0.1114
vn -0.8772 -0.1106 -0.4672
vn 0.6080 0.1512 -0.7794
vn 0.8487 0.5259 -0.0556
vn -0.3272 -0.4876 -0.8095
vn 0.6089 -0.7784 0.1527
vn 0.8487 -0.0545 0.5260
vn -0.3272 -0.8096 -0.4873
vn 0.7187 0.0705 -0.6918
vn -0.0757 0.9824 0.1708
vn -0.5778 0.7330 -0.3589
vn -0.0933 0.2211 -0.9708
vn 0.9944 0.0200 0.1033
vn 0.5950 0.4356 0.6754
vn -0.7508 -0.3342 0.5698
vn -0.9526 0.0272 -0.3030
vn 0.2063 -0.3754 0.9036
vn 0.1260 -0.8889 -0.4403
vn -0.4268 -0.4174 -0.8023
vn 0.5885 -0.7555 0.2880
vn -0.3819 0.7753 0.5031
vn -0.6420 -0.7654 0.0455
vn -0.8896 -0.2844 -0.3574
vn -0.8881 0.4281 -0.1671
vn 0.2993 0.3349 0.8935
vn 0.3039 -0.7340 0.6074
vn 0.4498 -0.3001 -0.8412
vn -0.1092 -0.0882 -0.9901
vn 0.8301 -0.5575 0.0114
vn 0.4350 0.6907 -0.5777
vn -0.1113 0.5678 -0.8156
vn 0.8293 0.4756 0.2933
vn 0.6113 0.4763 0.6320
vn -0.4577 0.6776 -0.5757
vn 0.0865 0.5768 -0.8123
vn 0.8857 0.4287 -0.1782
vn -0.2875 0.3333 0.8979
vn -0.8244 0.4775 0.3039
vn -0.4561 -0.3064 -0.8355
vn 0.1019 -0.0805 -0.9915
vn -0.8275 -0.5609 0.0250
vn 0.6450 -0.7633 0.0366
vn 0.8860 -0.2791 -0.3704
vn -0.2898 -0.7374 0.6101
vn 0.6572 0.3648 -0.6596
vn -0.6445 0.7638 0.0346
vn -0.8857 0.2793 -0.3710
vn -0.1015 0.0805 -0.9916
vn 0.8277 0.5607 0.0237
vn 0.2901 0.7378 0.6095
vn -0.6506 -0.6401 0.4085
vn -0.8857 -0.4287 -0.1782
vn 0.2870 -0.3336 0.8980
vn 0.4574 -0.6780 -0.5754
vn -0.0865 -0.5769 -0.8122
vn 0.8241 -0.4780 0.3041
vn 0.2043 0.8740 0.4409
vn -0.7753 -0.6262 -0.0824
vn -0.8829 0.1071 -0.4572
vn -0.5495 0.7297 -0.4068
vn 0.6426 -0.1262 0.7558
vn 0.2586 -0.8227 0.5063
vn 0.4414 -0.0456 -0.8961
vn -0.0465 0.3355 -0.9409
vn 0.8241 -0.5634 -0.0591
vn -0.7646 0.1028 0.6363
vn -0.5714 -0.7526 -0.3273
vn -0.7100 0.0416 -0.7030
vn -0.8672 0.4606 -0.1890
vn -0.0751 -0.4099 0.9090
vn 0.1183 -0.9171 0.3808
vn 0.7237 -0.1337 -0.6770
vn 0.0023 0.4448 -0.8956
vn 0.7213 -0.6228 0.3031
vn 0.2960 0.8475 0.4406
vn -0.2023 0.9085 -0.3656
vn 0.5125 -0.0898 0.8540
vn -0.3003 0.7621 0.5736
vn -0.6893 -0.7036 0.1729
vn -0.9124 -0.1817 -0.3667
vn -0.7412 0.6010 -0.2992
vn 0.4007 0.1611 0.9019
vn 0.1796 -0.7124 0.6784
vn 0.3838 -0.5217 -0.7619
vn -0.2145 -0.1150 -0.9699
vn 0.7510 -0.6532 0.0961
vn 0.6696 0.5898 -0.4514
vn -0.0534 0.5889 -0.8064
vn 0.9390 0.1934 0.2845
vn 0.4508 0.7606 -0.4672
vn -0.6507 0.7592 0.0095
vn 0.0001 0.4160 -0.9094
vn -0.1382 0.4138 -0.8998
vn 0.2398 0.8383 0.4896
vn -0.0000 0.8537 0.5208
vn -0.6958 -0.7099 0.1093
vn 0.6762 -0.7340 -0.0633
vn -0.2416 0.0039 -0.9704
vn 0.2729 -0.0024 0.9620
vn -0.5828 -0.7485 0.3163
vn 0.4386 -0.3049 -0.8454
vn -0.1338 -0.0867 -0.9872
vn -0.8919 -0.2892 -0.3476
vn 0.3210 -0.7300 0.6034
vn 0.8367 -0.5476 -0.0007
vn 0.4294 0.6881 -0.5849
vn -0.1275 0.5711 -0.8109
vn 0.8339 0.4787 0.2746
vn -0.6332 0.6384 0.4376
vn -0.8930 0.4243 -0.1502
vn 0.3194 0.3314 0.8878
vn 0.3229 0.0224 0.9462
vn -0.2258 0.3908 -0.8923
vn 0.7002 0.2516 -0.6681
vn 0.9523 0.2872 -0.1027
vn -0.9712 -0.0128 0.2381
vn -0.9954 0.0705 0.0654
vn 0.1766 -0.9266 -0.3319
vn 0.8801 -0.1030 -0.4635
vn -0.8218 -0.5104 0.2532
vn 0.0316 0.6723 0.7396
vn -0.0482 -0.2902 -0.9557
vn 0.6084 -0.4317 0.6660
vn 0.9951 0.0845 0.0513
vn -0.7511 -0.5364 0.3849
vn -0.1677 -0.4934 0.8535
vn 0.1594 0.8432 -0.5135
vn 0.9523 0.2874 0.1027
vn 0.8801 -0.1029 0.4634
vn -0.8218 -0.5104 -0.2532
vn -0.9711 -0.0129 -0.2381
vn 0.6084 -0.4317 -0.6660
vn 0.9951 0.0846 -0.0513
vn -0.7511 -0.5364 -0.3848
vn 0.1191 0.6525 -0.7484
vn 0.1767 -0.9266 0.3320
vn -0.2257 0.3911 0.8923
vn 0.7002 0.2516 0.6681
vn -0.9954 0.0705 -0.0654
vn -0.0370 -0.9937 -0.1053
vn -0.5461 0.0177 0.8375
vn 0.4532 -0.1065 0.8850
vn 0.5631 -0.6357 0.5280
vn -0.6915 -0.4965 -0.5246
vn -0.9622 0.1573 -0.2223
vn 0.2825 0.9515 -0.1220
vn 0.8119 0.4465 0.3761
vn -0.6883 0.4503 -0.5687
vn 0.6927 -0.2006 -0.6928
vn 0.9927 -0.0504 0.1093
vn -0.4844 -0.2220 -0.8462
vn -0.3529 -0.8187 -0.4531
vn -0.2448 -0.7735 0.5846
vn 0.0319 -0.9465 -0.3211
vn -0.0041 -0.9970 -0.0775
vn -0.0496 -0.5252 -0.8495
vn -0.0259 -0.2535 -0.9670
vn 0.1197 0.5787 0.8067
vn -0.0607 -0.7039 0.7077
vn 0.0596 -0.4890 0.8702
vn -0.1980 0.5523 -0.8098
vn 0.3243 0.9442 -0.0567
vn -0.6269 -0.6165 -0.4764
vn 0.4024 -0.5080 -0.7616
vn 0.7381 -0.0271 -0.6741
vn -0.5987 0.4772 0.6433
vn -0.8986 0.0718 0.4328
vn 0.4889 -0.6158 0.6179
vn 0.7831 -0.5940 -0.1840
vn -0.3214 -0.0343 0.9463
vn -0.6596 -0.6599 0.3598
vn 0.3263 0.9405 0.0950
vn 0.7381 -0.0271 0.6742
vn 0.4023 -0.5080 0.7617
vn -0.8986 0.0719 -0.4328
vn -0.5987 0.4773 -0.6433
vn 0.4889 -0.6158 -0.6179
vn 0.7831 -0.5940 0.1841
vn -0.3214 -0.0343 -0.9463
vn -0.6394 -0.6308 -0.4396
vn 0.7604 -0.0711 0.6455
vn 0.9393 -0.1854 -0.2886
vn 0.5194 -0.3877 -0.7615
vn -0.8072 0.1024 0.5813
vn -0.3645 0.1285 0.9223
vn 0.1343 0.9328 -0.3343
vn 0.6609 0.2771 -0.6974
vn -0.6051 0.6762 0.4202
vn 0.6901 0.0934 -0.7177
vn -0.6094 -0.6571 0.4438
vn 0.5193 -0.3877 0.7616
vn 0.9393 -0.1855 0.2886
vn -0.3646 0.1285 -0.9222
vn -0.8072 0.1024 -0.5813
vn 0.1343 0.9328 0.3344
vn 0.6609 0.2771 0.6974
vn -0.6052 0.6762 -0.4202
vn -0.2586 -0.8713 0.4171
vn 0.7191 0.6791 0.1472
vn 0.9001 0.0204 -0.4352
vn 0.6354 -0.5320 -0.5596
vn -0.6524 0.4200 0.6308
vn -0.2255 0.7141 0.6627
vn -0.4092 0.3408 -0.8464
vn 0.4193 -0.2161 -0.8817
vn -0.8256 0.5204 0.2182
vn -0.0023 -0.7736 -0.6337
vn -0.4090 0.3408 0.8465
vn 0.4194 -0.2161 0.8817
vn 0.6355 -0.5320 0.5596
vn -0.6524 0.4200 -0.6308
vn -0.8256 0.5203 -0.2182
vn 0.7191 0.6792 -0.1473
vn 0.9001 0.0204 0.4352
vn -0.2255 0.7141 -0.6627
vn -0.3803 -0.8287 -0.4106
vn -0.3529 0.1973 0.9146
vn 0.4502 -0.2565 0.8553
vn 0.4487 -0.8565 0.2551
vn -0.8772 0.1106 -0.4671
vn -0.8771 0.4671 -0.1114
vn 0.6089 0.7784 0.1527
vn 0.8487 0.0544 0.5260
vn -0.3272 0.8096 -0.4873
vn 0.6080 -0.1512 -0.7794
vn 0.8487 -0.5259 -0.0556
vn -0.3272 0.4875 -0.8095
vn 0.5978 -0.7955 0.0995
vn -0.4473 0.1611 0.8798
vn 0.1102 0.4198 0.9009
vn 0.8891 -0.0674 0.4526
vn -0.3042 -0.9395 -0.1573
vn -0.8304 -0.4879 0.2692
vn -0.4467 0.8801 0.1610
vn 0.1104 0.9010 0.4196
vn -0.8301 0.2694 -0.4882
vn 0.6410 0.3430 -0.6866
vn 0.8896 0.4516 -0.0683
vn -0.3042 -0.1579 -0.9394
vn 0.1463 -0.8438 -0.5164
vn -0.4851 -0.0277 0.8740
vn 0.4422 -0.1791 0.8788
vn 0.7675 -0.5080 0.3910
vn -0.6953 -0.1676 -0.6989
vn -0.9811 0.1785 -0.0746
vn 0.3758 0.8736 -0.3092
vn 0.9040 0.1846 0.3856
vn -0.6490 0.4450 -0.6171
vn 0.0892 -0.1567 0.9836
vn 0.0985 -0.6971 0.7102
vn 0.0340 -0.8194 -0.5723
vn -0.4181 -0.0762 -0.9052
vn -0.6447 0.7644 -0.0071
vn -0.1572 0.7870 0.5966
vn 0.2173 -0.9761 0.0100
vn 0.0894 0.2158 -0.9723
vn -0.1137 0.8687 0.4822
vn 0.1060 0.7904 -0.6033
vn 0.0752 0.0496 -0.9959
vn -0.0001 0.8620 -0.5069
vn 0.4484 0.7749 -0.4454
vn 0.5529 -0.8317 0.0500
vn 0.8481 -0.3999 0.3474
vn 0.9787 0.2042 0.0201
vn -0.1499 0.4732 -0.8681
vn -0.4795 -0.6877 -0.5450
vn -0.5232 -0.1117 0.8449
vn 0.0671 -0.0628 0.9958
vn -0.9200 -0.3876 0.0584
vn -0.0872 0.7424 0.6643
vn 0.1913 0.5221 0.8312
vn -0.6479 0.6950 -0.3119
vn -0.5880 0.4864 0.6463
vn 0.6082 0.7507 -0.2580
vn 0.8482 0.3110 0.4287
vn 0.4507 0.2089 0.8679
vn -0.8781 0.3464 -0.3300
vn -0.3301 0.4536 -0.8278
vn 0.6104 -0.5251 -0.5931
vn 0.8468 -0.4842 0.2201
vn -0.3318 0.0238 -0.9430
vn -0.3473 -0.8923 0.2885
vn 0.4549 -0.6111 0.6478
vn -0.8785 -0.1296 -0.4599
vn -0.5569 0.1081 -0.8235
vn 0.1657 -0.9261 0.3390
vn 0.7675 -0.5080 -0.3911
vn 0.4417 -0.1792 -0.8791
vn -0.9811 0.1787 0.0746
vn -0.6953 -0.1674 0.6990
vn 0.3758 0.8736 0.3091
vn 0.9040 0.1844 -0.3857
vn -0.6491 0.4448 0.6171
vn -0.7469 0.5100 -0.4267
vn -0.6691 -0.0922 0.7374
vn -0.8242 -0.5600 0.0839
vn -0.8240 0.0834 -0.5604
vn 0.0454 0.9888 0.1423
vn 0.0454 0.1425 0.9888
vn 0.5764 -0.8042 0.1452
vn -0.8061 -0.5482 -0.2229
vn 0.5811 0.1868 0.7921
vn 0.5768 0.1440 -0.8041
vn -0.8061 -0.2231 -0.5481
vn 0.5817 0.7917 0.1866
vn -0.5911 0.3196 -0.7405
vn 0.6100 -0.5949 -0.5234
vn 0.8470 0.2188 -0.4844
vn 0.4535 0.6470 -0.6130
vn -0.8784 -0.4598 -0.1303
vn -0.3313 -0.9432 0.0244
vn 0.6092 -0.2555 0.7508
vn 0.8480 0.4302 0.3096
vn -0.3303 -0.8276 0.4539
vn -0.3505 0.6940 0.6288
vn 0.4515 0.8678 0.2074
vn -0.8781 -0.3306 0.3459
vn 0.3921 0.2731 0.8784
vn 0.6040 0.6047 -0.5192
vn 0.8522 -0.2089 -0.4797
vn 0.8523 -0.4198 0.3120
vn -0.3395 0.8235 0.4545
vn -0.3407 0.9400 0.0187
vn -0.3453 -0.2906 -0.8924
vn 0.4585 -0.6429 -0.6136
vn -0.8831 0.4482 -0.1388
vn -0.3447 -0.6975 0.6282
vn 0.4602 -0.8631 0.2081
vn -0.8824 0.3198 0.3450
vn -0.3757 0.0517 0.9253
vn -0.3507 0.6938 -0.6290
vn 0.4515 0.8679 -0.2074
vn 0.4535 0.6470 0.6130
vn -0.8784 -0.4599 0.1302
vn -0.8780 -0.3308 -0.3459
vn 0.6092 -0.2555 -0.7508
vn 0.8480 0.4302 -0.3096
vn -0.3303 -0.8276 -0.4539
vn 0.6100 -0.5949 0.5234
vn 0.8470 0.2188 0.4844
vn -0.3314 -0.9432 -0.0244
vn -0.8565 -0.4119 0.3111
vn -0.6936 0.7197 0.0304
vn 0.0725 0.0263 0.9970
vn 0.0599 -0.4146 0.9080
vn -0.0948 -0.8441 -0.5277
vn -0.1011 0.0158 -0.9947
vn 0.6879 0.6988 -0.1959
vn 0.1976 -0.0055 0.9803
vn -0.2289 0.0035 -0.9734
vn 0.6111 -0.7888 -0.0668
vn 0.1207 -0.3941 0.9111
vn -0.2033 -0.8360 -0.5097
vn 0.6904 -0.6951 -0.2007
vn -0.6913 -0.7219 0.0294
vn -0.6469 0.7512 0.1312
vn 0.0726 0.3738 0.9247
vn -0.0910 0.8406 -0.5339
vn 0.6878 0.7063 0.1672
vn 0.1869 -0.5005 0.8453
vn -0.2347 0.5058 -0.8301
vn 0.3771 -0.7734 -0.5095
vn 0.3494 0.8921 -0.2867
vn -0.4529 0.6132 -0.6472
vn -0.4495 -0.2087 -0.8686
vn 0.8775 -0.3465 0.3316
vn 0.8789 0.1303 0.4588
vn -0.6110 0.5235 0.5938
vn -0.8468 0.4840 -0.2205
vn 0.3327 -0.0251 0.9427
vn -0.6089 -0.7512 0.2550
vn -0.8476 -0.3085 -0.4317
vn 0.3294 -0.4545 0.8276
vn -0.6958 -0.1096 0.7098
vn -0.6905 0.2083 -0.6927
vn -0.0000 0.9687 0.2482
vn -0.0000 1.0000 -0.0000
vn -0.0000 -1.0000 -0.0000
vn -0.0001 -0.7541 -0.6567
vn 0.7177 0.3694 -0.5903
vn -0.0123 0.9278 0.3729
vn 0.4058 -0.7259 -0.5553
vn 0.6789 0.0620 0.7316
vn -0.2413 0.9704 -0.0031
vn 0.2728 -0.9621 -0.0018
vn 0.3190 0.9409 -0.1135
vn 0.4475 0.1610 0.8797
vn -0.1103 0.4199 0.9008
vn -0.1104 0.9010 0.4195
vn 0.8301 0.2693 -0.4882
vn 0.8303 -0.4879 0.2692
vn -0.6399 -0.6873 0.3436
vn -0.8892 -0.0674 0.4526
vn 0.3042 -0.9395 -0.1574
vn -0.6409 0.3431 -0.6867
vn -0.8896 0.4517 -0.0682
vn 0.3043 -0.1579 -0.9394
vn -0.6606 -0.6284 -0.4107
vn -0.7001 -0.0541 0.7120
vn 0.3547 -0.9339 -0.0456
vn 0.2380 -0.9260 -0.2932
vn -0.3999 0.3959 -0.8266
vn -0.3675 0.9299 -0.0128
vn 0.6960 0.1039 0.7104
vn 0.5627 -0.5718 -0.5969
vn 0.0254 -0.6889 -0.7244
vn -0.7001 -0.1230 0.7034
vn 0.2821 0.9378 0.2023
vn 0.7613 0.3222 0.5626
vn 0.3121 -0.3147 0.8964
vn -0.9180 0.3429 -0.1995
vn -0.5151 0.7666 -0.3835
vn 0.7089 0.2907 -0.6426
vn 0.9973 -0.0057 0.0729
vn -0.1814 0.3796 -0.9072
vn 0.0454 -0.9417 -0.3334
vn 0.6069 -0.6593 0.4439
vn -0.6207 -0.0409 -0.7830
vn -0.6547 -0.5228 0.5459
vn 0.2232 -0.8724 -0.4349
vn -0.4335 -0.3952 -0.8099
vn -0.9407 -0.2070 -0.2689
vn 0.1864 -0.4272 0.8847
vn 0.7127 -0.6223 0.3239
vn 0.6227 0.4823 -0.6162
vn -0.2545 0.4198 -0.8712
vn 0.9456 0.0264 0.3243
vn -0.3453 0.8417 0.4151
vn -0.7092 0.5913 -0.3840
vn 0.4245 0.2200 0.8783
vn -0.6685 0.2839 -0.6874
vn -0.6690 -0.0986 0.7367
vn 0.6741 -0.5031 0.5408
vn 0.6219 -0.2295 -0.7487
vn 0.6707 -0.2821 -0.6860
vn -0.6211 0.2245 -0.7509
vn -0.6468 0.5140 0.5635
vn -0.5734 -0.6900 0.4418
vn 0.3237 0.8761 -0.3573
vn 0.6693 0.0966 0.7366
vn -0.2746 -0.8333 0.4798
vn 0.2417 0.8417 -0.4829
vn -0.5889 -0.6472 0.4841
vn 0.6092 0.2555 0.7507
vn 0.8480 -0.4303 0.3095
vn 0.4515 -0.8678 0.2074
vn -0.8781 0.3306 0.3459
vn -0.3303 0.8276 0.4539
vn 0.6100 0.5949 -0.5235
vn 0.8471 -0.2188 -0.4844
vn -0.3314 0.9432 0.0244
vn -0.3486 -0.2867 -0.8923
vn 0.4535 -0.6470 -0.6130
vn -0.8784 0.4597 -0.1303
vn -0.5791 -0.8107 -0.0860
vn -0.4221 -0.0554 -0.9049
vn -0.9845 0.0860 0.1531
vn 0.1837 -0.4911 -0.8515
vn 0.4646 0.8496 -0.2494
vn 0.4629 -0.2475 0.8512
vn -0.6432 0.2927 0.7076
vn 0.7358 -0.4981 -0.4588
vn -0.5985 -0.4472 -0.6647
vn -0.5605 -0.1069 0.8212
vn 0.6657 0.5090 0.5457
vn 0.8086 -0.3585 0.4664
vn -0.3208 0.9460 -0.0455
vn 0.5894 0.2859 -0.7556
vn 0.8608 -0.5090 -0.0000
vn -0.3323 0.9432 -0.0000
vn -0.2647 0.4426 0.8568
vn -0.2292 0.9120 -0.3402
vn 0.3274 0.9422 -0.0715
vn 0.3826 0.7155 0.5845
vn -0.8180 -0.1489 0.5556
vn -0.9129 0.0170 -0.4079
vn 0.4747 -0.2926 -0.8301
vn 0.8561 0.1801 -0.4845
vn -0.4276 -0.5688 -0.7025
vn 0.5234 -0.6480 0.5533
vn 0.9481 0.1184 0.2950
vn -0.4962 -0.8284 0.2599
vn -0.9163 -0.3911 -0.0856
vn 0.6625 -0.0989 -0.7425
vn -0.1284 0.8202 -0.5576
vn -0.2017 0.8089 -0.5523
vn 0.4999 -0.7608 0.4139
vn 0.2097 -0.9242 0.3191
vn 0.7323 0.1868 0.6549
vn -0.8782 0.0719 0.4729
vn -0.2243 0.9745 -0.0046
vn 0.4843 -0.8747 0.0177
vn 0.6662 0.4661 -0.5822
vn -0.4642 -0.6661 -0.5838
vn -0.1930 0.1973 0.9612
vn 0.5978 -0.5969 0.5351
vn -0.7068 0.7071 -0.0212
vn -0.6959 -0.4595 -0.5519
vn -0.6769 -0.0640 0.7333
vn 0.6959 0.1096 0.7097
vn -0.0001 -1.0000 -0.0000
vn 0.6981 -0.2582 -0.6679
vn -0.0056 -0.8657 0.5006
vn 0.0031 0.8677 -0.4970
vn -0.2965 -0.7168 -0.6311
vn 0.9747 -0.0099 -0.2234
vn 0.5286 0.5375 -0.6570
vn -0.2672 0.3624 -0.8929
vn 0.1426 -0.9239 0.3550
vn 0.7381 -0.5599 0.3763
vn 0.5102 0.6556 0.5567
vn 0.2126 0.9551 -0.2062
vn 0.4097 -0.1719 0.8959
vn -0.8624 0.3129 0.3980
vn -0.5670 0.7150 -0.4089
vn -0.2307 -0.4686 0.8528
vn -0.1916 0.1936 -0.9622
vn -0.4657 -0.6632 0.5859
vn 0.2854 -0.9032 -0.3206
vn 0.5971 -0.5977 -0.5350
vn -0.7070 0.7069 0.0207
vn -0.9425 0.3310 0.0468
vn 0.6623 0.4659 0.5867
vn 0.9036 -0.2834 -0.3211
vn -0.3314 0.9423 0.0468
vn 0.6633 0.4656 0.5858
vn -0.1895 0.1912 -0.9631
vn 0.6010 -0.6007 -0.5272
vn 0.9002 -0.2828 -0.3312
vn -0.3312 0.9422 0.0510
vn -0.7072 0.7066 0.0237
vn -0.4635 -0.6650 0.5856
vn 0.2848 -0.8997 -0.3307
vn -0.9421 0.3314 0.0507
vn 0.6959 0.1097 -0.7097
vn -0.6800 -0.0649 -0.7304
vn -0.7171 -0.3694 0.5911
vn 0.0113 -0.9278 -0.3730
vn -0.4078 0.7255 0.5544
vn 0.6947 -0.2556 0.6723
vn -0.0055 -0.8657 -0.5006
vn -0.0031 0.8676 0.4972
vn 0.6958 0.7098 -0.1092
vn 0.6988 -0.6672 0.2580
vn -0.0054 0.4999 0.8660
vn -0.0001 -0.0000 1.0000
vn 0.0001 -0.0000 -1.0000
vn 0.0031 -0.4974 -0.8675
vn -0.7405 -0.6068 0.2889
vn -0.0489 0.0487 0.9976
vn -0.3765 -0.6962 -0.6112
vn -0.6792 0.7315 0.0608
vn 0.2416 -0.0040 0.9704
vn -0.2729 -0.0024 -0.9621
vn -0.1942 0.1907 0.9622
vn 0.6634 0.4641 -0.5870
vn 0.9033 -0.2847 0.3210
vn 0.6011 -0.6019 0.5258
vn -0.7065 0.7073 -0.0235
vn -0.3317 0.9422 -0.0471
vn -0.4648 -0.6643 -0.5853
vn 0.2868 -0.9027 0.3207
vn -0.9420 0.3323 -0.0470
vn -0.3959 0.1957 0.8972
vn -0.6049 -0.7814 -0.1534
vn -0.8514 -0.0537 -0.5218
vn -0.8538 0.5171 0.0605
vn 0.3389 -0.4869 0.8050
vn 0.3405 -0.8067 0.4830
vn 0.3439 -0.1914 -0.9193
vn -0.4573 0.2530 -0.8526
vn 0.8821 -0.4594 0.1039
vn 0.3488 0.9158 0.1993
vn -0.4559 0.8551 -0.2469
vn 0.8820 -0.1028 0.4598
vn -0.5685 -0.1341 -0.8116
vn 0.3439 0.9183 -0.1960
vn -0.4604 0.8515 0.2509
vn -0.8533 0.5176 -0.0630
vn 0.3371 -0.4836 -0.8078
vn 0.8812 -0.1042 -0.4612
vn 0.3454 -0.1978 0.9174
vn -0.4641 0.2514 0.8493
vn 0.8824 -0.4589 -0.1040
vn -0.6065 -0.7825 0.1412
vn -0.8545 -0.0648 0.5153
vn 0.3386 -0.8049 -0.4873
vn 0.3224 0.9408 -0.1046
vn 0.4762 0.1607 0.8645
vn -0.0898 0.4204 0.9029
vn -0.0943 0.9042 0.4166
vn 0.8282 0.2618 -0.4955
vn 0.8283 -0.4953 0.2618
vn -0.6404 -0.6817 0.3537
vn -0.8831 -0.0497 0.4666
vn 0.2955 -0.9420 -0.1592
vn -0.6467 0.3508 -0.6773
vn -0.8865 0.4591 -0.0578
vn 0.2949 -0.1633 -0.9415
vn -0.4640 0.7410 0.4853
vn -0.6374 -0.7449 0.1970
vn -0.3875 0.4380 -0.8112
vn 0.3172 -0.0756 0.9454
vn 0.7051 -0.6387 -0.3081
vn 0.3775 0.8802 -0.2875
vn -0.2046 0.7220 -0.6609
vn 0.8092 0.0790 0.5822
vn -0.8190 -0.3694 0.4392
vn -0.6788 0.7287 0.0905
vn 0.6681 0.6791 -0.3041
vn 0.3451 0.0009 0.9386
vn -0.3888 -0.0006 -0.9213
vn 0.6619 -0.7450 0.0832
vn 0.3181 0.4783 0.8186
vn -0.4113 -0.4838 -0.7725
vn -0.4347 -0.8383 -0.3291
vn -0.4216 0.2238 0.8787
vn 0.6923 -0.2863 0.6624
vn 0.6894 -0.6657 0.2856
vn -0.7602 0.4340 -0.4836
vn -0.7603 0.4837 -0.4335
vn 0.3877 0.9210 -0.0380
vn 0.3892 0.0366 -0.9204
vn 0.3703 -0.9272 -0.0569
vn 0.3497 0.6305 -0.6929
vn -0.4620 0.2090 -0.8619
vn -0.4614 -0.6111 -0.6432
vn 0.8802 -0.1364 0.4546
vn 0.8841 0.3436 0.3167
vn -0.6045 0.7496 0.2698
vn -0.8540 0.3161 -0.4133
vn 0.3421 0.4512 0.8242
vn -0.6032 -0.5211 0.6038
vn -0.8522 -0.4803 -0.2075
vn 0.3361 0.0159 0.9417
vn 0.3900 0.6262 -0.6751
vn 0.6011 -0.7535 -0.2664
vn 0.8522 -0.3142 0.4184
vn 0.8530 0.4791 0.2070
vn -0.3449 -0.0186 -0.9385
vn -0.3362 -0.4569 -0.8236
vn -0.3455 -0.6278 0.6975
vn 0.4578 -0.2103 0.8638
vn -0.8808 -0.3471 -0.3220
vn -0.3465 0.8910 0.2934
vn 0.4628 0.6095 0.6437
vn -0.8848 0.1390 -0.4447
vn -0.3784 -0.4245 0.8225
vn -0.3542 0.9129 -0.2027
vn 0.4410 0.8600 0.2567
vn 0.4425 0.2587 0.8587
vn -0.8727 -0.4709 -0.1292
vn -0.8719 -0.1301 -0.4722
vn 0.6169 0.1655 -0.7694
vn 0.8404 0.5404 -0.0406
vn -0.3181 -0.4980 -0.8067
vn 0.6185 -0.7680 0.1661
vn 0.8403 -0.0399 0.5406
vn -0.3203 -0.8053 -0.4989
vn 0.3904 -0.9198 -0.0387
vn -0.4216 -0.2238 0.8787
vn 0.6923 0.2863 0.6624
vn 0.8889 0.2279 0.3974
vn -0.8317 -0.2788 -0.4802
vn -0.7603 -0.4837 -0.4335
vn -0.4214 0.8783 -0.2257
vn 0.6894 0.6657 0.2855
vn -0.7602 -0.4340 -0.4835
vn 0.3893 -0.0368 -0.9204
vn 0.8880 0.3989 0.2286
vn -0.8311 -0.4816 -0.2781
vn 0.5563 -0.8006 0.2227
vn -0.4247 -0.4004 -0.8120
vn -0.9845 -0.0859 0.1531
vn -0.6431 -0.2927 0.7076
vn 0.7357 0.4981 -0.4589
vn 0.1837 0.4911 -0.8515
vn -0.4206 0.7548 -0.5033
vn -0.9850 -0.0000 0.1728
vn 0.1806 -0.0000 -0.9836
vn 0.4585 0.6405 0.6160
vn -0.3975 -0.0000 0.9176
vn 0.9176 -0.0000 -0.3976
vn -0.6397 -0.6776 0.3628
vn 0.6278 0.0622 0.7759
vn 0.8918 -0.3469 0.2905
vn 0.1306 -0.9876 0.0875
vn -0.8365 -0.0021 0.5480
vn -0.3224 0.6034 0.7294
vn 0.6318 0.4388 -0.6390
vn 0.8927 -0.1519 -0.4242
vn -0.3191 0.8875 -0.3325
vn -0.4301 -0.5841 -0.6884
vn 0.1297 -0.8118 -0.5694
vn -0.8346 0.2741 -0.4778
vn 0.5508 0.5121 0.6591
vn 0.3721 0.5548 -0.7441
vn -0.5538 -0.3714 -0.7452
vn -0.5113 -0.5528 0.6580
vn -0.6528 -0.7574 -0.0143
vn 0.6410 -0.3428 0.6867
vn 0.8896 -0.4515 0.0684
vn 0.1104 -0.9011 -0.4194
vn -0.8301 -0.2694 0.4882
vn -0.3042 0.1580 0.9394
vn 0.6397 0.6875 -0.3437
vn 0.8891 0.0674 -0.4527
vn -0.3043 0.9395 0.1573
vn -0.4474 -0.1610 -0.8797
vn 0.1102 -0.4199 -0.9009
vn -0.8304 0.4878 -0.2691
vn -0.5522 0.7485 -0.3671
vn -0.5067 -0.6576 -0.5575
vn 0.3161 -0.0112 -0.9486
vn 0.2956 0.3199 -0.9002
vn -0.9422 -0.0464 0.3319
vn -0.9436 0.0033 0.3310
vn 0.5462 -0.6605 0.5152
vn 0.9538 -0.0115 -0.3001
vn -0.3282 0.0032 0.9446
vn 0.3650 0.7428 0.5612
vn 0.9064 0.3214 -0.2740
vn -0.3314 -0.0480 0.9423
vn -0.1973 -0.9618 0.1897
vn 0.6558 0.5892 0.4720
vn 0.9064 -0.3215 -0.2741
vn 0.5981 -0.5351 -0.5965
vn -0.7071 0.0204 0.7068
vn -0.3312 0.0485 0.9423
vn -0.4614 0.5832 -0.6686
vn 0.2955 -0.3201 -0.9001
vn -0.9420 0.0466 0.3322
vn -0.5040 0.6573 -0.5604
vn -0.5525 -0.7485 -0.3668
vn 0.2943 -0.3301 -0.8969
vn -0.9420 0.0481 0.3321
vn 0.3555 -0.7468 0.5621
vn 0.9031 -0.3318 -0.2727
vn -0.3313 0.0497 0.9422
vn 0.5597 0.6485 0.5159
vn -0.4673 -0.5783 -0.6687
vn 0.6583 -0.5879 0.4701
vn 0.9029 0.3323 -0.2725
vn 0.2944 0.3302 -0.8968
vn -0.9421 -0.0487 0.3319
vn -0.3315 -0.0505 0.9421
vn -0.1875 0.9637 0.1902
vn 0.5980 0.5353 -0.5965
vn -0.7071 -0.0201 0.7068
vn -0.6799 -0.3544 0.6420
vn 0.1971 0.9334 -0.3000
vn 0.6982 0.5102 0.5022
vn 0.4403 0.0161 0.8977
vn -0.8847 0.0036 -0.4662
vn -0.5767 0.2358 -0.7822
vn 0.5611 -0.6488 -0.5141
vn 0.9534 0.0114 0.3014
vn -0.3293 -0.0029 -0.9442
vn 0.1965 -0.9105 -0.3638
vn -0.6729 0.3683 0.6415
vn 0.7015 -0.4824 0.5247
vn -0.5891 -0.2266 -0.7756
vn 0.5486 0.6607 -0.5124
vn 0.5643 -0.6482 0.5113
vn 0.3556 0.7461 0.5630
vn 0.9539 0.0116 -0.2999
vn -0.3283 -0.0029 0.9446
vn -0.5529 0.7484 -0.3662
vn -0.5036 -0.6528 -0.5658
vn 0.3159 0.0113 -0.9487
vn -0.9439 -0.0031 0.3303
vn -0.1871 0.9616 0.2008
vn -0.4620 -0.5838 -0.6677
vn 0.5982 0.5352 -0.5964
vn -0.7071 -0.0209 0.7068
vn 0.6551 -0.5893 0.4728
vn 0.6689 -0.5887 0.4538
vn -0.6344 -0.2557 0.7294
vn 0.2422 0.8412 0.4835
vn -0.2733 -0.8334 -0.4804
vn -0.8176 0.5656 -0.1080
vn -0.2439 0.9126 0.3283
vn -0.7356 0.1647 -0.6571
vn 0.7478 0.1873 -0.6370
vn 0.6214 0.7768 0.1021
vn 0.0849 -0.1481 -0.9853
vn -0.4608 0.5885 -0.6644
vn -0.1876 -0.9636 0.1904
vn 0.5980 -0.5356 -0.5963
vn -0.7071 0.0201 0.7068
vn 0.6577 0.5878 0.4711
vn 0.1960 -0.9050 -0.3775
vn -0.6779 0.3493 0.6469
vn 0.4404 -0.0165 0.8977
vn 0.6984 -0.5109 0.5011
vn -0.5769 -0.2353 -0.7822
vn -0.8848 -0.0028 -0.4659
vn 0.5612 0.6488 -0.5139
vn 0.9535 -0.0110 0.3012
vn -0.3294 0.0029 -0.9442
vn -0.6738 -0.3733 0.6376
vn 0.1971 0.9401 -0.2782
vn 0.7015 0.4820 0.5249
vn -0.5889 0.2266 -0.7758
vn 0.5490 -0.6601 -0.5127
vn 0.5679 0.6323 0.5270
vn -0.3500 0.6296 -0.6936
vn 0.4620 0.2081 -0.8621
vn 0.8539 0.3152 -0.4140
vn -0.3423 0.4511 0.8243
vn -0.8841 0.3434 0.3168
vn -0.3404 -0.8941 -0.2909
vn 0.4615 -0.6107 -0.6435
vn -0.8802 -0.1363 0.4546
vn 0.6037 -0.5210 0.6035
vn 0.8521 -0.4802 -0.2083
vn -0.3362 0.0161 0.9417
vn 0.5806 -0.4876 0.6520
vn -0.6006 -0.7537 -0.2670
vn -0.8521 -0.3149 0.4181
vn -0.4573 -0.2113 0.8638
vn 0.8809 -0.3468 -0.3221
vn 0.3363 -0.4563 -0.8238
vn -0.6049 0.5204 -0.6027
vn -0.8526 0.4795 0.2075
vn 0.3447 -0.0191 -0.9385
vn 0.3470 0.8906 0.2938
vn -0.4624 0.6093 0.6442
vn 0.8847 0.1382 -0.4451
vn -0.6942 0.3421 -0.6333
vn 0.7011 0.1715 -0.6921
vn 0.2495 0.8455 0.4721
vn -0.1813 -0.8279 -0.5308
vn 0.6897 -0.2044 0.6947
vn 0.1976 0.9803 -0.0048
vn -0.2286 -0.9735 -0.0029
vn -0.6356 -0.0252 0.7716
vn 0.7155 0.6894 0.1135
vn -0.5794 0.1220 0.8058
vn -0.3390 0.8672 -0.3647
vn 0.7484 -0.3183 0.5818
vn -0.5800 -0.8049 -0.1252
vn 0.4269 -0.2183 -0.8776
vn -0.3413 0.3677 -0.8650
vn 0.7479 -0.5818 0.3196
vn -0.5882 0.8037 0.0899
vn 0.4299 -0.1661 0.8875
vn -0.1302 -0.4191 0.8986
vn -0.8946 0.0812 0.4395
vn 0.3194 0.9350 -0.1544
vn 0.8331 0.4768 0.2804
vn 0.4311 -0.8868 0.1664
vn -0.1286 -0.8992 0.4182
vn 0.8338 -0.2801 -0.4757
vn -0.6335 -0.3358 -0.6971
vn -0.8937 -0.4415 -0.0801
vn 0.3198 0.1527 -0.9351
vn -0.3750 0.8298 -0.4133
vn -0.6336 -0.3357 0.6971
vn -0.8938 -0.4413 0.0802
vn -0.8946 0.0812 -0.4394
vn 0.3195 0.9349 0.1543
vn 0.3200 0.1527 0.9350
vn 0.4310 -0.8869 -0.1664
vn -0.1287 -0.8992 -0.4182
vn 0.8338 -0.2801 0.4757
vn 0.4299 -0.1659 -0.8875
vn -0.1304 -0.4191 -0.8985
vn 0.8332 0.4768 -0.2802
vn -0.3439 0.8894 -0.3012
vn 0.2214 0.4084 0.8856
vn -0.9441 -0.1753 0.2792
vn -0.8324 -0.2768 0.4801
vn 0.8873 0.2316 -0.3989
vn 0.9773 0.1146 -0.1780
vn 0.2242 -0.7866 0.5753
vn -0.9824 -0.0044 0.1868
vn 0.9329 -0.0034 -0.3601
vn -0.3437 -0.6203 -0.7050
vn -0.8327 -0.0020 0.5537
vn 0.8871 0.0011 -0.4615
vn -0.3206 0.5595 -0.7643
vn -0.4291 -0.6881 -0.5852
vn 0.1276 -0.5709 -0.8110
vn 0.1338 0.0867 -0.9872
vn -0.8367 0.5477 -0.0006
vn -0.8339 -0.4789 0.2744
vn 0.6334 -0.6383 0.4374
vn 0.8930 -0.4241 -0.1503
vn -0.3193 -0.3318 0.8877
vn 0.6272 0.7763 0.0639
vn 0.8920 0.2892 -0.3474
vn -0.3211 0.7300 0.6034
vn 0.5583 -0.3596 -0.7476
vn -0.3609 0.5575 -0.7476
vn -0.5624 0.5072 0.6530
vn -0.9512 -0.3084 -0.0095
vn 0.3294 0.9442 0.0039
vn 0.5081 -0.5625 0.6523
vn -0.3071 -0.9516 -0.0102
vn 0.9443 0.3292 0.0037
vn 0.0047 -0.5141 0.8577
vn 0.9470 0.0763 -0.3121
vn 0.7397 -0.5960 -0.3124
vn 0.4642 -0.8362 0.2921
vn -0.1777 0.3346 0.9254
vn 0.2289 0.9716 0.0591
vn -0.4770 0.1583 -0.8645
vn -0.1019 -0.4752 -0.8740
vn -0.3740 0.8101 -0.4514
vn -0.7466 -0.6529 -0.1277
vn -0.3971 -0.8279 -0.3961
vn -0.8209 0.3410 0.4580
vn 0.6409 0.7672 -0.0265
vn -0.6335 0.3357 0.6971
vn -0.8938 0.4413 0.0803
vn -0.1287 0.8992 -0.4182
vn 0.8338 0.2801 0.4757
vn 0.3198 -0.1528 0.9351
vn -0.6355 -0.6962 -0.3339
vn -0.8946 -0.0813 -0.4394
vn 0.3194 -0.9350 0.1542
vn 0.4297 0.1659 -0.8876
vn -0.1304 0.4191 -0.8985
vn 0.8331 -0.4767 -0.2803
vn 0.2279 0.3937 0.8905
vn -0.3417 0.8917 -0.2968
vn 0.8885 0.2277 -0.3983
vn 0.9330 0.1824 -0.3102
vn -0.9812 -0.0970 0.1668
vn -0.8319 -0.2772 0.4807
vn -0.3401 -0.6196 -0.7074
vn 0.2275 -0.7859 0.5750
vn 0.9782 -0.0042 -0.2076
vn -0.9451 0.0040 0.3267
vn 0.5993 0.6646 -0.4462
vn -0.5721 0.7609 0.3061
vn -0.8779 -0.0000 -0.4788
vn -0.5268 -0.0018 -0.8500
vn 0.4655 -0.0000 0.8851
vn 0.2834 -0.0000 0.9590
vn -0.6605 -0.5543 0.5064
vn -0.7978 -0.4866 -0.3561
vn 0.2830 0.0490 0.9579
vn 0.4593 -0.8608 -0.2193
vn -0.5208 -0.4812 -0.7051
vn 0.4288 0.0463 0.9022
vn 0.5843 0.0887 -0.8067
vn -0.6048 0.7815 -0.1532
vn -0.8515 0.0539 -0.5216
vn -0.4575 -0.2532 -0.8524
vn 0.8820 0.4596 0.1038
vn 0.3409 0.8065 0.4830
vn -0.6042 -0.1422 0.7840
vn -0.8537 -0.5172 0.0606
vn 0.3394 0.4870 0.8048
vn 0.3489 -0.9158 0.1991
vn -0.4561 -0.8550 -0.2469
vn 0.8822 0.1028 0.4595
vn 0.3734 0.4100 0.8321
vn 0.3438 -0.9184 -0.1959
vn -0.4603 -0.8516 0.2510
vn -0.4645 -0.2513 0.8492
vn 0.8825 0.4587 -0.1041
vn 0.8811 0.1042 -0.4613
vn -0.6030 -0.1456 -0.7843
vn -0.8532 -0.5177 -0.0629
vn 0.3369 0.4839 -0.8077
vn -0.6065 0.7825 0.1412
vn -0.8547 0.0649 0.5150
vn 0.3389 0.8049 -0.4871
vn -0.5867 -0.8036 0.0997
vn 0.6079 -0.1512 0.7795
vn 0.8488 -0.5258 0.0556
vn 0.4487 -0.8565 -0.2552
vn -0.8772 0.1107 0.4671
vn -0.3273 0.4875 0.8095
vn 0.6089 0.7785 -0.1525
vn 0.8487 0.0548 -0.5260
vn -0.3273 0.8096 0.4873
vn -0.3530 0.1975 -0.9146
vn 0.4501 -0.2564 -0.8554
vn -0.8772 0.4671 0.1113
vn -0.3438 0.9208 0.1844
vn -0.3429 -0.1844 -0.9211
vn 0.8876 0.3984 -0.2313
vn -0.8311 -0.4808 0.2795
vn 0.2314 -0.9677 0.1000
vn 0.2383 -0.0970 0.9663
vn 0.9780 0.1853 -0.0953
vn -0.9437 -0.2815 0.1740
vn 0.9386 0.0456 0.3420
vn -0.2837 -0.7734 0.5669
vn -0.4142 0.1552 0.8968
vn 0.3009 0.5310 0.7921
vn 0.7720 -0.5423 -0.3314
vn 0.1310 -0.9343 -0.3317
vn -0.8537 0.1311 -0.5040
vn -0.7618 0.5861 0.2759
vn -0.2350 -0.4332 -0.8701
vn 0.3719 0.8071 -0.4586
vn -0.0209 0.9431 0.3319
vn 0.4366 -0.1348 -0.8895
vn 0.3101 0.9444 -0.1096
vn 0.4298 0.1661 0.8875
vn -0.1302 0.4188 0.8987
vn -0.1286 0.8991 0.4183
vn 0.8338 0.2802 -0.4757
vn 0.8333 -0.4765 0.2804
vn -0.6355 -0.6962 0.3338
vn -0.8946 -0.0813 0.4395
vn 0.3195 -0.9349 -0.1543
vn -0.6334 0.3356 -0.6973
vn -0.8937 0.4414 -0.0803
vn 0.3198 -0.1529 -0.9351
vn 0.6662 -0.2788 -0.6917
vn -0.1411 -0.1356 0.9807
vn 0.6457 0.4630 0.6072
vn 0.7997 0.4051 0.4431
vn -0.5034 -0.5824 -0.6383
vn -0.8498 -0.4534 -0.2688
vn -0.3403 0.7438 -0.5753
vn 0.3515 0.9362 0.0035
vn -0.7476 -0.1653 -0.6432
vn -0.6574 0.2128 -0.7229
vn 0.8580 -0.5064 0.0862
vn 0.7998 0.4050 -0.4430
vn 0.6455 0.4628 -0.6076
vn -0.8498 -0.4534 0.2687
vn -0.5033 -0.5825 0.6382
vn -0.3403 0.7437 0.5755
vn 0.3515 0.9362 -0.0037
vn -0.7476 -0.1657 0.6432
vn -0.6870 0.2235 0.6915
vn 0.0169 -0.1983 -0.9800
vn -0.1858 0.7724 -0.6073
vn -0.3424 0.8287 -0.4428
vn 0.0004 -0.7691 0.6391
vn 0.3466 -0.8984 0.2698
vn 0.7412 0.3465 0.5750
vn 0.3456 0.9384 -0.0059
vn 0.4555 -0.6145 0.6441
vn 0.4979 0.6482 -0.5761
vn 0.9747 -0.0099 0.2231
vn 0.5287 0.5374 0.6570
vn 0.2127 0.9552 0.2057
vn 0.4099 -0.1716 -0.8958
vn 0.7382 -0.5596 -0.3767
vn -0.1971 -0.6341 0.7477
vn -0.2671 0.3624 0.8929
vn 0.1426 -0.9238 -0.3553
vn -0.8622 0.3128 -0.3984
vn -0.5672 0.7152 0.4084
vn -0.2308 -0.4686 -0.8527
vn 0.6362 -0.2689 0.7232
vn -0.9807 0.1755 -0.0858
vn -0.3427 0.8286 0.4426
vn -0.1843 0.7724 0.6078
vn 0.3461 -0.8985 -0.2702
vn 0.0003 -0.7692 -0.6390
vn 0.7415 0.3452 -0.5753
vn 0.3468 0.9379 0.0058
vn 0.4548 -0.6148 -0.6443
vn 0.3817 -0.5027 0.7756
vn 0.3613 -0.2827 -0.8886
vn -0.4345 -0.6559 -0.6172
vn -0.4382 -0.8750 0.2058
vn 0.8720 0.3455 0.3468
vn 0.8717 0.4719 -0.1323
vn -0.6144 0.5871 -0.5271
vn -0.8416 -0.2331 -0.4872
vn 0.3160 0.9485 0.0202
vn -0.6167 0.2425 0.7489
vn -0.8410 -0.4467 0.3052
vn 0.3173 0.8334 0.4526
vn -0.5106 0.5522 0.6591
vn -0.5536 0.3716 -0.7452
vn 0.2857 0.9030 -0.3210
vn 0.3085 0.9512 0.0114
vn -0.9443 -0.3291 -0.0034
vn -0.9424 -0.3312 0.0472
vn 0.3715 -0.5550 -0.7442
vn 0.9033 0.2844 -0.3213
vn -0.3317 -0.9422 0.0473
vn 0.5531 -0.5110 0.6580
vn 0.9514 0.3078 0.0112
vn -0.3288 -0.9444 -0.0035
vn -0.8283 0.3113 0.4659
vn -0.0787 -0.6737 -0.7348
vn -0.1380 0.4079 -0.9025
vn -0.5229 0.7708 -0.3640
vn -0.3339 -0.4642 0.8204
vn 0.0811 -0.9300 0.3586
vn 0.8334 0.4398 0.3348
vn 0.2596 0.8409 -0.4749
vn 0.4418 -0.4758 0.7605
vn 0.6688 -0.6876 0.2827
vn -0.6214 -0.7493 -0.2290
vn -0.5247 -0.0027 0.8513
vn -0.2762 0.0014 0.9611
vn 0.2394 -0.0000 -0.9709
vn 0.4664 0.0026 -0.8846
vn -0.6574 0.5731 -0.4892
vn -0.5330 0.5224 0.6655
vn 0.3449 -0.2483 -0.9052
vn 0.6474 0.7607 -0.0470
vn -0.2083 0.5620 0.8005
vn 0.3678 -0.3510 -0.8611
vn -0.1537 -0.1172 -0.9811
vn 0.7537 0.2908 0.5893
vn 0.0977 0.9647 0.2444
vn -0.1800 0.9419 -0.2838
vn 0.4377 -0.8928 -0.1063
vn 0.6099 -0.7339 0.2989
vn -0.7793 -0.1807 0.6000
vn -0.4887 0.8311 0.2655
vn -0.0211 -0.9485 0.3161
vn 0.0682 0.0783 0.9946
vn -0.8752 -0.0621 -0.4798
vn -0.5715 0.7552 -0.3211
vn -0.1928 -0.9803 -0.0422
vn 0.6379 0.2169 -0.7390
vn -0.7343 0.5995 -0.3185
vn 0.6024 0.7976 -0.0325
vn -0.0398 0.4717 0.8809
vn -0.2025 0.5733 0.7939
vn -0.0314 -0.3443 -0.9383
vn 0.0308 -0.0865 -0.9958
vn 0.7185 -0.6922 0.0685
vn -0.0579 0.0257 0.9980
vn 0.0369 0.0182 -0.9992
vn -0.6881 -0.7254 0.0183
vn -0.1740 -0.0036 0.9847
vn 0.0785 -0.0240 -0.9966
vn -0.1658 0.2880 0.9432
vn -0.9467 -0.2491 -0.2044
vn -0.6756 0.5585 -0.4813
vn -0.3979 0.8922 0.2138
vn 0.0399 -0.6461 0.7622
vn -0.0856 -0.8864 0.4550
vn 0.1439 -0.2327 -0.9619
vn -0.2394 0.5276 -0.8151
vn 0.4669 -0.8836 -0.0354
vn 0.8122 0.5372 0.2276
vn 0.0652 0.9875 -0.1434
vn 0.6618 -0.6722 0.3317
vn -0.0196 0.0593 -0.9981
vn 0.6378 0.2169 0.7391
vn -0.1800 0.9419 0.2838
vn -0.4888 0.8310 -0.2655
vn -0.0211 -0.9485 -0.3161
vn 0.4378 -0.8928 0.1063
vn -0.8751 -0.0621 0.4799
vn -0.5716 0.7551 0.3211
vn -0.1929 -0.9803 0.0422
vn 0.1708 -0.0162 0.9852
vn -0.7794 -0.1807 -0.5999
vn 0.7538 0.2909 -0.5892
vn 0.0978 0.9647 -0.2444
vn 0.6099 -0.7339 -0.2989
vn 0.6687 0.6876 -0.2829
vn -0.6186 0.7512 0.2302
vn -0.2763 -0.0013 -0.9611
vn 0.2394 -0.0000 0.9709
vn -0.6975 -0.6134 0.3705
vn 0.5610 -0.8200 -0.1136
vn -0.2725 -0.4924 -0.8266
vn 0.2222 0.0934 0.9705
vn -0.0442 -0.6946 0.7180
vn -0.8435 0.3136 -0.4361
vn -0.5228 0.7708 0.3640
vn -0.1377 0.4083 0.9024
vn 0.0811 -0.9298 -0.3590
vn -0.3339 -0.4641 -0.8205
vn 0.8334 0.4395 -0.3351
vn 0.2598 0.8408 0.4749
vn 0.4417 -0.4757 -0.7606
vn -0.8516 0.4473 -0.2732
vn 0.5922 0.8037 0.0571
vn -0.2205 0.4379 0.8716
vn 0.1783 -0.0921 -0.9797
vn 0.6913 -0.6952 0.1970
vn -0.2118 -0.0104 0.9773
vn 0.1946 -0.0078 -0.9809
vn -0.7146 -0.6995 0.0001
vn 0.6003 0.6377 0.4827
vn -0.6166 -0.2427 0.7489
vn -0.8410 0.4466 0.3053
vn -0.4381 0.8750 0.2059
vn 0.8719 -0.3455 0.3469
vn 0.3172 -0.8334 0.4527
vn -0.6144 -0.5870 -0.5271
vn -0.8416 0.2331 -0.4873
vn 0.3161 -0.9485 0.0201
vn 0.3615 0.2827 -0.8885
vn -0.4344 0.6560 -0.6172
vn 0.8717 -0.4718 -0.1323
vn -0.4033 -0.6636 0.6301
vn -0.6167 -0.2423 -0.7490
vn -0.8408 0.4470 -0.3053
vn -0.8415 0.2336 0.4872
vn 0.3160 -0.9485 -0.0201
vn 0.3172 -0.8334 -0.4526
vn 0.3583 0.6894 -0.6296
vn -0.4381 0.8750 -0.2060
vn 0.8720 -0.3456 -0.3468
vn 0.3614 0.2827 0.8885
vn -0.4343 0.6559 0.6173
vn 0.8717 -0.4717 0.1324
vn 0.3499 0.4928 0.7967
vn -0.5985 -0.7161 -0.3592
vn -0.9235 0.3822 -0.0326
vn -0.6579 0.7507 0.0600
vn 0.7584 -0.5782 0.3007
vn 0.3461 -0.8770 0.3333
vn 0.5552 0.3730 -0.7434
vn -0.2831 0.9040 -0.3205
vn 0.9429 -0.3298 0.0476
vn 0.1930 -0.1931 -0.9620
vn 0.4653 0.6623 0.5872
vn -0.5968 0.5975 -0.5356
vn 0.7073 -0.7066 0.0200
vn -0.6853 -0.4431 0.5780
vn -0.5720 -0.7379 0.3582
vn 0.1576 0.5194 -0.8399
vn -0.6477 0.7595 -0.0608
vn -0.9217 0.3868 0.0298
vn 0.3448 -0.8706 -0.3509
vn 0.7616 -0.5623 -0.3222
vn 0.5584 0.3627 0.7460
vn -0.2815 0.9003 0.3319
vn 0.9422 -0.3315 -0.0497
vn -0.6739 -0.4849 -0.5574
vn 0.4641 0.6644 -0.5858
vn 0.1935 -0.1978 0.9609
vn -0.5971 0.5960 0.5369
vn 0.7068 -0.7072 -0.0206
vn 0.5583 0.3663 0.7444
vn -0.5997 -0.7177 0.3539
vn -0.9230 0.3836 0.0288
vn -0.2831 0.9039 0.3207
vn 0.9424 -0.3313 -0.0471
vn 0.3461 -0.8757 -0.3367
vn 0.1446 0.5025 -0.8524
vn -0.6566 0.7520 -0.0579
vn 0.7590 -0.5766 -0.3024
vn 0.1958 -0.1896 0.9621
vn -0.6838 -0.4433 -0.5795
vn -0.6010 0.6009 0.5271
vn 0.7065 -0.7074 -0.0228
vn 0.4654 0.6609 -0.5887
vn 0.3603 0.5121 0.7797
vn -0.5996 -0.7258 -0.3372
vn -0.9214 0.3876 -0.0285
vn -0.6475 0.7596 0.0609
vn 0.7615 -0.5624 0.3222
vn 0.3439 -0.8706 0.3517
vn 0.5589 0.3602 -0.7469
vn -0.2820 0.9006 -0.3308
vn 0.9424 -0.3304 0.0511
vn -0.6568 -0.4444 0.6091
vn 0.1912 -0.1867 -0.9636
vn -0.6001 0.6011 -0.5278
vn 0.7069 -0.7070 0.0229
vn 0.4649 0.6632 0.5866
vn -0.3439 -0.2989 0.8902
vn 0.2375 0.8867 0.3967
vn 0.2290 0.5739 -0.7863
vn -0.3440 -0.7042 -0.6211
vn -0.3810 -0.5036 0.7754
vn -0.6409 -0.0467 -0.7662
vn -0.8894 0.3576 -0.2847
vn -0.8886 0.1645 0.4282
vn 0.2999 -0.8934 0.3344
vn 0.3027 -0.6069 -0.7348
vn 0.4470 0.8418 -0.3025
vn -0.1108 0.9900 -0.0876
vn 0.8300 -0.0124 -0.5577
vn 0.4311 0.5783 0.6926
vn -0.1120 0.8159 0.5673
vn 0.8292 -0.2931 0.4759
vn -0.4089 -0.6165 0.6729
vn -0.5718 -0.3058 -0.7612
vn -0.7980 0.3555 0.4866
vn 0.2831 -0.9578 -0.0492
vn 0.6028 0.4447 -0.6625
vn 0.5604 0.1067 0.8213
vn -0.5734 0.6899 0.4419
vn 0.3237 -0.8761 -0.3573
vn -0.4350 -0.8638 0.2543
vn -0.4002 0.3924 0.8282
vn 0.5161 -0.4300 0.7408
vn 0.5125 -0.0000 0.8587
vn -0.8835 -0.0000 -0.4684
vn -0.8817 0.2383 -0.4073
vn 0.4421 0.8794 -0.1765
vn 0.7820 -0.5506 0.2921
vn -0.5484 0.2059 -0.8105
vn 0.4528 -0.6362 -0.6247
vn 0.9736 -0.0000 0.2282
vn -0.2465 -0.0000 -0.9692
vn 0.6686 0.6858 0.2873
vn -0.6148 0.7553 -0.2270
vn 0.4684 -0.0070 -0.8835
vn -0.5232 0.0045 0.8522
vn -0.7153 -0.6053 -0.3492
vn 0.2871 -0.3960 -0.8722
vn -0.4588 -0.7903 0.4060
vn 0.5822 -0.8129 -0.0112
vn -0.3220 -0.6300 0.7067
vn 0.1639 0.5679 -0.8066
vn -0.1934 0.9639 0.1833
vn -0.8704 0.2102 0.4452
vn 0.4016 -0.9039 0.1470
vn 0.8010 -0.1874 -0.5686
vn 0.4692 0.7109 0.5239
vn 0.2352 0.7577 0.6088
vn 0.8162 -0.3879 0.4282
vn 0.2918 -0.2874 0.9123
vn -0.7296 0.1140 -0.6743
vn -0.8856 0.4581 -0.0769
vn 0.2136 -0.5168 -0.8290
vn 0.6506 0.7587 -0.0338
vn -0.3373 -0.6939 -0.6362
vn 0.6475 0.7615 0.0298
vn -0.1943 0.9631 -0.1861
vn -0.8704 0.2087 -0.4460
vn 0.4020 -0.9038 -0.1469
vn 0.8017 -0.1872 0.5676
vn -0.7279 0.1150 0.6760
vn -0.8852 0.4584 0.0790
vn 0.2152 -0.5161 0.8291
vn 0.1740 0.3895 0.9044
vn -0.8580 -0.1769 -0.4821
vn 0.4684 0.7117 -0.5236
vn 0.2367 0.7571 -0.6089
vn 0.8160 -0.3883 -0.4282
vn -0.5071 0.5607 0.6545
vn -0.5570 0.3599 -0.7485
vn 0.2846 0.8998 -0.3306
vn 0.3084 0.9512 -0.0112
vn -0.9439 -0.3303 0.0042
vn -0.9420 -0.3317 0.0507
vn 0.3603 -0.5588 -0.7469
vn 0.9004 0.2824 -0.3310
vn -0.3312 -0.9422 0.0510
vn 0.5638 -0.5076 0.6515
vn 0.9517 0.3068 -0.0105
vn -0.3292 -0.9443 0.0045
vn -0.5144 0.5540 -0.6546
vn 0.5545 -0.5104 -0.6573
vn 0.3703 -0.5549 0.7450
vn 0.9033 0.2847 0.3209
vn -0.3319 -0.9421 -0.0475
vn -0.5542 0.3694 0.7459
vn 0.2863 0.9029 0.3207
vn -0.9419 -0.3326 -0.0473
vn -0.1922 -0.1917 -0.9625
vn 0.6631 -0.4650 0.5866
vn 0.5978 0.5975 -0.5345
vn -0.7077 -0.7062 0.0209
vn -0.4651 0.6645 0.5849
vn -0.4667 0.6662 -0.5817
vn 0.6655 -0.4638 -0.5848
vn 0.9001 0.2831 0.3313
vn 0.2845 0.8997 0.3311
vn -0.9420 -0.3319 -0.0500
vn -0.3320 -0.9420 -0.0502
vn -0.1935 -0.1925 0.9620
vn 0.5977 0.5970 0.5351
vn -0.7080 -0.7059 -0.0205
vn -0.4307 -0.9013 -0.0472
vn -0.6022 0.6625 0.4456
vn 0.5252 -0.0026 0.8509
vn 0.5209 -0.4807 0.7053
vn -0.4288 0.0464 -0.9022
vn -0.4662 -0.0021 -0.8847
vn 0.5897 0.7554 -0.2856
vn 0.8604 -0.0000 0.5096
vn -0.3324 -0.0000 -0.9431
vn 0.6660 -0.5466 -0.5076
vn 0.8082 -0.4661 0.3599
vn -0.3205 0.0452 -0.9462
vn -0.1890 -0.1964 0.9621
vn -0.4651 0.6633 -0.5863
vn 0.6009 0.6018 0.5260
vn -0.7065 -0.7073 -0.0241
vn 0.6624 -0.4643 -0.5879
vn -0.6788 0.4198 0.6024
vn -0.6768 0.0643 -0.7334
vn 0.6959 -0.1097 -0.7097
vn 0.6908 0.2080 0.6925
vn 0.0001 0.9687 -0.2481
vn -0.0000 -0.7541 0.6568
vn -0.4646 0.6636 0.5863
vn -0.1902 -0.1898 -0.9632
vn 0.6006 0.6013 -0.5269
vn -0.7071 -0.7067 0.0238
vn 0.6636 -0.4642 0.5867
vn -0.3849 -0.4961 0.7783
vn -0.6536 -0.0369 -0.7560
vn -0.8891 0.3640 -0.2777
vn -0.8865 0.1784 0.4270
vn 0.2898 -0.8967 0.3345
vn 0.2860 -0.6099 -0.7391
vn 0.4598 0.8359 -0.2997
vn -0.0956 0.9911 -0.0927
vn 0.8233 -0.0219 -0.5672
vn 0.4523 0.5755 0.6814
vn -0.0969 0.8164 0.5692
vn 0.8261 -0.3000 0.4770
vn -0.7339 0.3129 -0.6029
vn -0.6222 -0.7478 -0.2316
vn 0.2872 0.3961 -0.8721
vn -0.4590 0.7903 0.4059
vn 0.6677 -0.6883 0.2836
vn 0.5561 0.8183 0.1454
vn 0.1382 0.4138 -0.8998
vn -0.2399 0.8383 0.4896
vn -0.2122 -0.9637 -0.1622
vn -0.3213 0.7435 0.5864
vn 0.4165 0.1619 0.8946
vn 0.6450 -0.3946 0.6544
vn -0.7312 0.1040 -0.6742
vn -0.7570 0.5815 -0.2981
vn 0.7193 0.4228 -0.5512
vn 0.9605 0.0126 0.2781
vn -0.1976 0.4427 -0.8747
vn -0.7424 -0.1422 0.6547
vn 0.6957 0.6336 -0.3384
vn 0.7475 -0.1563 0.6456
vn 0.3746 -0.2716 0.8865
vn -0.8903 0.1850 -0.4161
vn -0.6064 0.3021 -0.7355
vn 0.1068 -0.9120 -0.3960
vn 0.5947 -0.7502 0.2891
vn -0.4790 -0.3719 -0.7952
vn 0.0114 0.8061 0.5917
vn 0.6747 -0.3204 -0.6650
vn 0.7894 -0.5965 0.1453
vn 0.6554 -0.3298 0.6794
vn -0.6252 0.5786 -0.5238
vn -0.2368 0.4436 -0.8644
vn -0.5336 -0.8438 0.0567
vn 0.3674 -0.7819 0.5037
vn -0.8349 0.2388 -0.4959
vn 0.5984 0.4461 -0.6655
vn -0.5819 -0.2965 -0.7573
vn 0.1306 -0.9914 -0.0001
vn -0.9347 0.3555 -0.0003
vn -0.6733 -0.6798 0.2908
vn -0.0128 -0.9912 0.1314
vn -0.8128 0.0368 0.5814
vn 0.4455 0.2400 0.8625
vn 0.2858 -0.8721 0.3972
vn -0.4595 0.4054 0.7903
vn -0.0246 0.9492 -0.3136
vn 0.5667 -0.2413 -0.7878
vn 0.0956 0.9367 -0.3369
vn -0.8756 0.2379 -0.4205
vn 0.6055 -0.5255 0.5977
vn -0.7010 0.2231 0.6773
vn -0.0389 0.9992 0.0040
vn -0.9996 0.0287 -0.0051
vn 0.6002 -0.4820 0.6383
vn -0.6159 -0.7497 -0.2419
vn -0.8409 -0.3059 0.4464
vn -0.4392 -0.2049 0.8747
vn 0.8718 -0.3465 -0.3464
vn 0.3166 -0.4537 -0.8330
vn -0.6145 0.5252 -0.5887
vn -0.8421 0.4877 0.2302
vn 0.3162 -0.0215 -0.9485
vn 0.3626 0.8885 0.2810
vn -0.4356 0.6166 0.6558
vn 0.8720 0.1323 -0.4714
vn 0.8995 -0.0740 -0.4305
vn 0.3720 0.8071 0.4586
vn -0.0209 0.9430 -0.3322
vn 0.3011 0.5308 -0.7922
vn 0.7719 -0.5424 0.3316
vn 0.4365 -0.1349 0.8896
vn -0.8538 0.1312 0.5038
vn -0.7616 0.5862 -0.2762
vn -0.2351 -0.4334 0.8700
vn -0.2837 -0.7734 -0.5669
vn -0.4142 0.1551 -0.8969
vn 0.1309 -0.9343 0.3316
vn 0.5521 0.6609 0.5083
vn -0.5057 0.6580 -0.5580
vn -0.5513 -0.7452 -0.3752
vn 0.3644 -0.7425 0.5621
vn -0.6660 0.5786 -0.4708
vn 0.4461 0.5801 0.6815
vn -0.3661 -0.0247 0.9302
vn -0.8979 -0.3196 0.3026
vn 0.3330 0.0479 -0.9417
vn 0.8770 0.3353 -0.3443
vn 0.1863 -0.9656 -0.1813
vn -0.6003 -0.5262 0.6023
vn 0.7070 0.0231 -0.7068
vn -0.4927 0.7982 -0.3465
vn 0.7187 -0.3589 0.5956
vn -0.7483 0.0542 0.6612
vn 0.5783 0.2992 -0.7590
vn -0.3793 -0.7471 -0.5458
vn 0.7401 0.3597 0.5682
vn -0.5182 -0.8412 -0.1544
vn -0.7559 -0.0553 0.6524
vn -0.3713 0.0221 0.9282
vn 0.8709 -0.3525 -0.3425
vn 0.5626 -0.3209 -0.7619
vn -0.3693 0.7502 -0.5485
vn -0.8948 0.3305 0.3003
vn 0.3331 -0.0506 -0.9415
vn 0.1878 0.9623 -0.1968
vn 0.4448 -0.5791 0.6832
vn -0.5999 0.5268 0.6022
vn 0.7071 -0.0232 -0.7068
vn -0.6720 -0.5831 -0.4564
vn -0.6616 -0.5926 -0.4594
vn 0.1865 0.9655 -0.1818
vn -0.6003 0.5264 0.6022
vn -0.8979 0.3199 0.3022
vn 0.3328 -0.0479 -0.9418
vn 0.7070 -0.0231 -0.7068
vn 0.4458 -0.5795 0.6823
vn -0.3664 0.0251 0.9301
vn 0.8770 -0.3354 -0.3440
vn 0.7310 0.3820 0.5654
vn -0.4970 -0.8561 -0.1415
vn -0.7481 -0.0541 0.6614
vn 0.5789 -0.2996 -0.7584
vn -0.3791 0.7469 -0.5464
vn -0.5122 0.7815 -0.3562
vn 0.7291 -0.3376 0.5953
vn -0.3714 -0.0217 0.9282
vn -0.7564 0.0554 0.6517
vn 0.5629 0.3203 -0.7620
vn 0.8706 0.3528 -0.3428
vn -0.3697 -0.7491 -0.5497
vn -0.8948 -0.3306 0.3002
vn 0.3329 0.0512 -0.9416
vn 0.2022 -0.9621 -0.1827
vn -0.6720 0.5833 -0.4563
vn -0.6001 -0.5268 0.6020
vn 0.7070 0.0233 -0.7068
vn 0.4446 0.5791 0.6834
vn 0.6506 -0.3637 0.6667
vn -0.6396 -0.7673 -0.0467
vn -0.8890 -0.2857 0.3579
vn -0.1119 -0.0865 0.9899
vn 0.8302 -0.5573 -0.0128
vn 0.3029 -0.7353 -0.6063
vn -0.6412 0.6409 -0.4220
vn -0.8888 0.4284 0.1627
vn 0.3004 0.3341 -0.8934
vn 0.4265 0.6953 0.5785
vn -0.1135 0.5664 0.8163
vn 0.8293 0.4757 -0.2931
vn 0.6001 0.4821 -0.6384
vn -0.6160 0.7497 0.2417
vn -0.8409 0.3059 -0.4465
vn -0.4394 0.2050 -0.8746
vn 0.8717 0.3466 0.3463
vn 0.3166 0.4536 0.8331
vn -0.6145 -0.5251 0.5887
vn -0.8421 -0.4878 -0.2301
vn 0.3162 0.0214 0.9485
vn 0.3625 -0.8886 -0.2811
vn -0.4358 -0.6166 -0.6557
vn 0.8720 -0.1323 0.4713
vn -0.0128 0.7053 0.7088
vn -0.9285 -0.3632 0.0776
vn -0.8104 0.1981 -0.5514
vn -0.4646 0.8684 -0.1731
vn 0.2430 -0.2435 0.9390
vn 0.2050 -0.4984 0.8424
vn -0.1391 -0.6488 -0.7481
vn -0.5434 0.1188 -0.8310
vn 0.6508 -0.6655 0.3656
vn 0.7244 0.6475 -0.2366
vn -0.1373 0.7982 -0.5865
vn 0.7544 -0.4581 0.4701
vn -0.0252 -0.8658 0.4997
vn 0.0129 -0.0224 0.9997
vn 0.0271 0.7712 -0.6360
vn -0.0341 0.1913 -0.9809
vn 0.0721 0.8635 0.4992
vn -0.1446 0.2574 0.9554
vn 0.1084 -0.4144 -0.9036
vn 0.1165 0.3455 0.9312
vn 0.2925 0.8529 -0.4325
vn 0.5957 -0.1987 0.7783
vn -0.1612 0.3120 0.9363
vn -0.3647 0.8693 0.3336
vn 0.6724 -0.0448 -0.7389
vn 0.8302 -0.5465 -0.1104
vn -0.7796 -0.5777 -0.2418
vn -0.7822 0.3349 0.5254
vn 0.3236 -0.6723 -0.6658
vn 0.5741 -0.3064 0.7593
vn -0.8178 -0.4398 -0.3710
vn -0.9032 0.2308 0.3618
vn -0.3357 0.3608 0.8701
vn 0.7070 -0.6466 -0.2866
vn 0.1646 -0.6656 -0.7280
vn 0.2454 0.9033 -0.3520
vn -0.3726 0.8281 0.4189
vn 0.6180 -0.1054 -0.7791
vn -0.3891 -0.7765 -0.4956
vn -0.6542 0.7558 -0.0302
vn -0.8886 0.2814 0.3623
vn -0.8847 -0.4276 0.1857
vn 0.2875 -0.3376 -0.8963
vn 0.2930 0.7355 -0.6109
vn 0.4631 0.2921 0.8368
vn -0.0875 0.0930 0.9918
vn 0.8248 0.5652 -0.0167
vn 0.4603 -0.6795 0.5713
vn -0.0977 -0.5683 0.8170
vn 0.8267 -0.4746 -0.3022
vn 0.5986 -0.4821 -0.6398
vn -0.4265 -0.6953 0.5784
vn 0.1135 -0.5664 0.8163
vn 0.8888 -0.4285 0.1627
vn -0.3004 -0.3341 -0.8934
vn -0.8293 -0.4757 -0.2932
vn -0.4433 0.3043 0.8431
vn 0.1119 0.0863 0.9900
vn -0.8302 0.5573 -0.0128
vn 0.6396 0.7673 -0.0467
vn 0.8889 0.2856 0.3581
vn -0.3028 0.7353 -0.6063
vn 0.7594 0.0423 0.6492
vn 0.3548 0.8407 -0.4091
vn 0.6787 0.0842 -0.7296
vn 0.9325 -0.2732 -0.2361
vn -0.0370 0.4143 0.9094
vn -0.3851 0.8438 0.3739
vn -0.7216 -0.0277 -0.6917
vn 0.0447 -0.4371 -0.8983
vn -0.8390 0.4820 0.2523
vn -0.1823 -0.9186 0.3507
vn 0.3282 -0.8337 -0.4442
vn -0.5326 0.0815 0.8424
vn 0.5861 -0.2940 -0.7550
vn -0.3624 -0.8886 0.2812
vn 0.4359 -0.6164 0.6557
vn 0.8421 -0.4877 0.2302
vn -0.3161 0.0213 -0.9485
vn -0.8720 -0.1325 -0.4713
vn -0.3568 0.6292 0.6905
vn 0.4394 0.2047 0.8746
vn -0.8717 0.3468 -0.3462
vn 0.6161 0.7498 -0.2414
vn 0.8410 0.3055 0.4466
vn -0.3164 0.4540 -0.8329
vn 0.7156 0.1972 0.6702
vn -0.0875 0.7421 -0.6646
vn 0.1945 0.5197 -0.8319
vn 0.9795 0.2003 -0.0210
vn -0.1564 0.4733 0.8669
vn -0.6489 0.6952 0.3093
vn -0.5183 -0.1137 -0.8476
vn 0.0666 -0.0637 -0.9957
vn -0.9197 -0.3884 -0.0578
vn 0.5518 -0.8326 -0.0481
vn 0.8477 -0.4021 -0.3461
vn -0.4796 -0.6880 0.5446
vn 0.5959 -0.7658 -0.2417
vn 0.4855 0.2032 0.8503
vn 0.7824 0.2896 -0.5513
vn -0.5491 -0.8101 0.2054
vn -0.4014 0.9131 -0.0709
vn -0.4032 0.0748 -0.9121
vn 0.5171 0.7403 -0.4297
vn -0.8818 -0.4074 0.2377
vn -0.6703 -0.5879 -0.4530
vn -0.5592 0.3105 0.7687
vn 0.2724 -0.4731 0.8378
vn -0.2224 0.7914 -0.5693
vn 0.7095 0.5872 0.3896
vn 0.6297 -0.2317 0.7415
vn -0.1040 0.8116 -0.5748
vn 0.6461 -0.2296 -0.7279
vn -0.8083 0.1791 0.5608
vn -0.4246 -0.7307 -0.5346
vn -0.5156 0.1188 -0.8485
vn -0.7467 0.5819 -0.3221
vn -0.1689 -0.4401 0.8819
vn 0.0877 -0.9433 0.3201
vn 0.8534 -0.1244 -0.5062
vn 0.2442 0.4362 -0.8661
vn 0.7587 -0.5882 0.2801
vn 0.4106 0.7656 0.4952
vn -0.0135 0.9584 -0.2849
vn 0.5050 -0.0775 0.8597
vn -0.6152 0.4313 0.6599
vn -0.1273 -0.6480 -0.7509
vn -0.0279 -0.8168 -0.5762
vn 0.2097 0.7710 0.6013
vn 0.2649 0.8461 -0.4625
vn -0.3842 0.8199 -0.4244
vn -0.6466 -0.3512 0.6771
vn -0.8856 -0.4603 0.0617
vn -0.8876 0.0660 -0.4559
vn 0.2867 0.9447 0.1592
vn 0.2875 0.1560 0.9450
vn 0.4393 -0.8853 -0.1525
vn -0.0991 -0.8993 -0.4260
vn 0.8257 -0.2596 0.5008
vn 0.4365 -0.1529 -0.8866
vn -0.0988 -0.4221 -0.9012
vn 0.8245 0.5025 -0.2602
vn -0.4508 0.7605 0.4674
vn 0.6509 0.7591 -0.0093
vn -0.0001 0.4157 0.9095
vn 0.1382 0.4136 0.8999
vn -0.2399 0.8383 -0.4895
vn 0.0001 0.8536 -0.5209
vn 0.6958 -0.7099 -0.1092
vn -0.6791 -0.7316 0.0607
vn -0.3434 -0.9208 0.1847
vn 0.2383 0.0970 0.9663
vn 0.2316 0.9677 0.0998
vn 0.9325 -0.1775 -0.3144
vn -0.9816 0.0984 0.1635
vn -0.3429 0.1838 -0.9212
vn -0.3221 -0.5713 0.7549
vn -0.4265 0.6953 0.5785
vn 0.1135 0.5664 0.8163
vn 0.1119 -0.0865 0.9899
vn -0.8302 -0.5573 -0.0128
vn -0.8293 0.4758 -0.2931
vn 0.6412 0.6408 -0.4221
vn 0.8888 0.4285 0.1627
vn -0.3004 0.3341 -0.8934
vn 0.6395 -0.7673 -0.0468
vn 0.8890 -0.2857 0.3579
vn -0.3029 -0.7353 -0.6063
vn 0.6698 -0.3762 0.6402
vn -0.6543 -0.7556 -0.0311
vn -0.8886 -0.2814 0.3623
vn -0.0875 -0.0930 0.9918
vn 0.8248 -0.5652 -0.0174
vn 0.2928 -0.7352 -0.6114
vn -0.6432 0.6445 -0.4135
vn -0.8847 0.4276 0.1857
vn 0.2879 0.3380 -0.8961
vn 0.4605 0.6792 0.5715
vn -0.0978 0.5684 0.8169
vn 0.8268 0.4748 -0.3016
vn 0.6753 -0.5563 -0.4843
vn -0.4624 -0.5976 0.6550
vn 0.2687 0.3334 0.9037
vn 0.9162 0.0333 0.3993
vn -0.3460 -0.3512 -0.8700
vn -0.9428 -0.0445 -0.3303
vn -0.1881 0.9643 -0.1864
vn 0.6004 0.5258 0.6025
vn -0.7066 -0.0239 -0.7072
vn 0.5719 0.3618 -0.7363
vn -0.1450 -0.8315 0.5363
vn 0.6546 -0.0386 0.7550
vn -0.7610 -0.3175 -0.5658
vn -0.5658 0.7434 0.3569
vn -0.5488 -0.7485 0.3722
vn -0.1318 0.8480 0.5133
vn 0.6632 0.0397 0.7474
vn 0.2703 -0.3226 0.9071
vn -0.9429 0.0424 -0.3305
vn -0.7573 0.2968 -0.5817
vn 0.6039 -0.3554 -0.7134
vn 0.9180 -0.0352 0.3949
vn -0.3468 0.3341 -0.8764
vn -0.1865 -0.9622 -0.1984
vn -0.4646 0.5975 0.6536
vn 0.6007 -0.5256 0.6024
vn -0.7066 0.0233 -0.7072
vn 0.6883 0.5777 -0.4387
vn 0.6566 0.6127 -0.4399
vn -0.1877 -0.9642 -0.1875
vn 0.6006 -0.5262 0.6020
vn 0.9160 -0.0337 0.3997
vn -0.3456 0.3516 -0.8701
vn -0.7066 0.0244 -0.7072
vn -0.4615 0.5968 0.6564
vn 0.2686 -0.3340 0.9035
vn -0.9426 0.0453 -0.3308
vn -0.3709 0.7644 0.5274
vn 0.6045 -0.3354 -0.7226
vn 0.6546 0.0383 0.7550
vn -0.7610 0.3168 -0.5661
vn -0.5663 -0.7428 0.3570
vn 0.5687 0.3826 -0.7282
vn -0.1334 -0.8472 0.5143
vn 0.6633 -0.0396 0.7473
vn 0.9180 0.0353 0.3951
vn -0.3472 -0.3337 -0.8764
vn -0.7574 -0.2959 -0.5820
vn -0.5635 0.7398 0.3675
vn 0.2705 0.3226 0.9070
vn -0.9429 -0.0423 -0.3305
vn -0.1994 0.9624 -0.1844
vn 0.6881 -0.5776 -0.4392
vn 0.6004 0.5255 0.6028
vn -0.7066 -0.0232 -0.7072
vn -0.4649 -0.5978 0.6530
vn 0.6070 -0.4904 -0.6253
vn -0.4608 -0.6795 0.5709
vn 0.0970 -0.5684 0.8170
vn 0.8844 -0.4278 0.1865
vn -0.2867 -0.3380 -0.8964
vn -0.8263 -0.4752 -0.3024
vn -0.4516 0.3034 0.8391
vn 0.0909 0.0902 0.9918
vn -0.8254 0.5640 -0.0245
vn 0.6518 0.7577 -0.0330
vn 0.8869 0.2837 0.3645
vn -0.2895 0.7347 -0.6135
vn -0.5883 -0.8022 0.1020
vn 0.0736 0.8956 -0.4387
vn -0.5507 0.7276 0.4091
vn -0.8811 0.1106 0.4599
vn 0.2603 -0.8220 -0.5065
vn 0.6431 -0.1271 -0.7552
vn 0.4416 -0.0442 0.8961
vn -0.0392 0.3332 0.9420
vn 0.8243 -0.5630 0.0607
vn -0.1910 -0.0041 -0.9816
vn -0.1382 0.9121 -0.3859
vn 0.0445 -0.0001 0.9990
vn -1.0000 -0.0001 -0.0000
vn 1.0000 0.0001 -0.0000
vn -0.1382 -0.9121 -0.3860
vn -0.9472 0.1490 0.2840
vn 0.9764 -0.1026 -0.1898
vn -0.3554 0.7126 -0.6049
vn 0.6738 0.5862 0.4498
vn -0.0489 0.5908 0.8053
vn -0.7406 0.6010 0.3007
vn 0.3997 0.1610 -0.9024
vn 0.9386 0.1943 -0.2850
vn 0.3918 -0.5183 0.7602
vn -0.2145 -0.1143 0.9700
vn 0.7516 -0.6527 -0.0951
vn -0.6894 -0.7035 -0.1726
vn -0.9123 -0.1795 0.3680
vn 0.1806 -0.7121 -0.6785
vn -0.6410 0.6497 0.4087
vn 0.6334 0.6382 -0.4375
vn 0.8930 0.4242 0.1504
vn 0.1276 0.5709 0.8111
vn -0.8339 0.4789 -0.2745
vn -0.3192 0.3317 -0.8877
vn 0.6274 -0.7761 -0.0638
vn 0.8920 -0.2891 0.3474
vn -0.3209 -0.7301 -0.6033
vn -0.4382 -0.3051 0.8455
vn 0.1338 -0.0865 0.9872
vn -0.8367 -0.5477 0.0006
vn 0.3887 0.0333 0.9208
vn -0.4202 -0.8867 0.1927
vn -0.8061 0.2205 0.5491
vn -0.8328 0.4794 0.2768
vn 0.8876 -0.3986 -0.2307
vn 0.5820 -0.7916 -0.1860
vn -0.4213 0.1961 -0.8855
vn -0.8057 0.5476 0.2257
vn 0.5811 -0.1872 -0.7920
vn 0.3886 0.9208 0.0330
vn -0.8323 0.2752 0.4812
vn 0.8868 -0.2311 -0.4002
vn -0.3631 -0.8439 -0.3951
vn -0.5808 -0.2962 0.7582
vn -0.0136 -0.9911 -0.1321
vn -0.8126 0.0366 -0.5817
vn 0.5983 0.4505 0.6626
vn 0.4460 0.2425 -0.8616
vn 0.3874 0.4891 0.7815
vn -0.3621 -0.6943 0.6219
vn -0.9975 0.0704 0.0005
vn -0.8335 0.5525 -0.0024
vn 0.8868 -0.4622 -0.0002
vn 0.2847 -0.9586 0.0001
vn -0.3984 -0.2391 -0.8855
vn 0.3884 0.8148 -0.4303
vn 0.6522 0.6631 0.3673
vn -0.6410 -0.0468 0.7661
vn -0.8894 0.3577 0.2847
vn -0.1108 0.9900 0.0877
vn 0.8299 -0.0126 0.5577
vn 0.3026 -0.6070 0.7348
vn -0.6410 -0.4221 -0.6410
vn -0.8886 0.1647 -0.4281
vn 0.2999 -0.8934 -0.3344
vn 0.4311 0.5782 -0.6927
vn -0.1120 0.8159 -0.5672
vn 0.8292 -0.2932 -0.4759
vn 0.0431 -0.9991 -0.0001
vn -0.1338 0.3650 0.9213
vn 0.9792 0.1805 0.0928
vn -1.0000 -0.0000 -0.0001
vn -0.9427 -0.2922 -0.1611
vn -0.1908 0.9816 -0.0036
vn 0.9315 0.3638 -0.0000
vn -0.9820 -0.1888 -0.0040
vn -0.1230 0.3761 -0.9184
vn 0.3892 0.4925 -0.7784
vn 0.3880 0.8150 0.4303
vn -0.8314 0.4812 -0.2777
vn 0.8870 -0.4000 0.2309
vn -0.4000 -0.2391 0.8848
vn -0.8061 0.2230 -0.5482
vn 0.5818 -0.7916 0.1866
vn -0.3632 -0.6955 -0.6199
vn -0.1221 -0.1356 -0.9832
vn -0.1947 0.8517 -0.4865
vn -0.9827 -0.1599 0.0931
vn 0.9318 0.3158 -0.1789
vn -0.1358 0.7823 0.6079
vn -0.9463 -0.3233 0.0048
vn 0.9776 0.2105 0.0027
vn 0.0452 -0.8648 0.5000
vn 0.6704 -0.5873 -0.4535
vn -0.6461 -0.2293 -0.7280
vn -0.7094 0.5874 0.3895
vn -0.6299 -0.2314 0.7414
vn 0.1039 0.8117 -0.5748
vn 0.5595 0.3102 0.7686
vn -0.2724 -0.4730 0.8379
vn 0.2224 0.7915 -0.5693
vn -0.1436 0.9800 -0.1375
vn 0.0438 -0.5000 -0.8649
vn -0.1323 -0.6109 0.7806
vn 0.9787 0.0043 0.2054
vn -0.9448 -0.0029 -0.3277
vn -0.1929 0.4871 0.8518
vn 0.9337 0.1795 0.3097
vn -0.9818 -0.0981 -0.1624
vn 0.5024 -0.6722 0.5438
vn -0.4446 -0.8634 -0.2385
vn -0.2870 -0.3961 0.8722
vn 0.0105 -0.1630 0.9866
vn 0.8256 -0.5642 0.0021
vn 0.4591 -0.7901 -0.4063
vn -0.6041 0.6624 -0.4430
vn -0.4700 0.0069 0.8826
vn 0.5226 0.0038 -0.8526
vn 0.6040 0.7503 0.2688
vn -0.0827 -0.0000 0.9966
vn 0.9520 -0.0000 -0.3062
vn 0.3873 0.7797 0.4920
vn 0.3897 -0.4290 0.8149
vn -0.4004 -0.8851 -0.2375
vn -0.3646 0.6210 -0.6939
vn -0.9974 -0.0000 0.0722
vn 0.2856 -0.0000 -0.9583
vn 0.3883 0.0378 -0.9208
vn 0.3885 0.9209 -0.0317
vn -0.8310 0.2771 -0.4823
vn 0.8875 -0.2317 0.3984
vn -0.4209 0.1932 0.8863
vn -0.8061 0.5481 -0.2230
vn 0.5811 -0.1867 0.7922
vn -0.4211 -0.8856 -0.1957
vn -0.5870 -0.0983 -0.8036
vn 0.6089 -0.7785 -0.1524
vn 0.8487 -0.0548 -0.5260
vn 0.4501 0.2564 -0.8554
vn -0.8771 -0.4672 0.1114
vn -0.3273 -0.8095 0.4874
vn 0.6080 0.1511 0.7794
vn 0.8488 0.5258 0.0556
vn -0.3272 -0.4875 0.8095
vn -0.3544 0.9139 0.1981
vn 0.4487 0.8565 -0.2553
vn -0.8772 -0.1107 0.4672
vn -0.5369 -0.5218 -0.6629
vn 0.3895 -0.7809 0.4884
vn 0.3874 0.4273 0.8169
vn -0.4225 0.8722 -0.2464
vn 0.6921 0.2862 -0.6626
vn -0.7604 -0.4837 0.4334
vn 0.3881 0.7803 -0.4904
vn -0.3647 0.6209 0.6939
vn -0.9974 -0.0000 -0.0723
vn -0.8332 -0.0015 -0.5530
vn 0.8870 -0.0000 0.4618
vn 0.2856 -0.0000 0.9583
vn -0.3986 -0.8860 0.2370
vn 0.3890 -0.4298 -0.8148
vn 0.6686 0.2836 0.6874
vn -0.6178 -0.2320 0.7513
vn -0.2757 0.9612 -0.0011
vn 0.2392 -0.9710 -0.0001
vn -0.6486 -0.5140 -0.5613
vn 0.6167 0.0117 -0.7871
vn -0.2813 0.7780 -0.5617
vn 0.3360 -0.9164 0.2176
vn -0.3424 0.6222 0.7041
vn 0.2257 0.7908 -0.5689
vn 0.8899 -0.0022 0.4562
vn -0.8300 -0.0000 -0.5577
vn 0.2265 -0.3993 -0.8884
vn -0.3438 -0.8906 0.2978
vn -0.6555 -0.7547 -0.0274
vn 0.6463 -0.3526 0.6767
vn 0.8853 -0.4608 0.0617
vn 0.0988 -0.8994 -0.4259
vn -0.8256 -0.2602 0.5006
vn -0.2875 0.1557 0.9450
vn 0.6513 0.6740 -0.3486
vn 0.8875 0.0656 -0.4561
vn -0.2865 0.9447 0.1596
vn -0.4368 -0.1525 -0.8865
vn 0.0985 -0.4220 -0.9012
vn -0.8245 0.5029 -0.2595
vn -0.8199 0.0991 -0.5639
vn -0.6764 -0.6773 0.2893
vn 0.1880 -0.4984 -0.8463
vn 0.1220 -0.1183 -0.9855
vn -0.2025 0.9791 0.0187
vn -0.2347 0.5039 0.8313
vn 0.6678 -0.4372 0.6025
vn 0.7231 0.6612 -0.1999
vn 0.5000 -0.0730 -0.8630
vn -0.1851 0.9766 0.1096
vn -0.1875 -0.0012 0.9823
vn -0.1438 -0.9161 0.3744
vn -0.9470 0.1495 -0.2844
vn -0.9819 -0.0043 -0.1892
vn 0.9336 -0.0001 0.3584
vn 0.9768 -0.1142 0.1814
vn 0.0433 -0.0000 -0.9991
vn -0.1335 0.9206 0.3671
vn 0.6674 -0.4355 -0.6041
vn -0.6739 -0.6789 -0.2914
vn 0.3447 -0.4706 0.8122
vn -0.3887 0.4617 -0.7973
vn -0.6982 0.4966 0.5157
vn 0.1220 -0.1183 0.9855
vn -0.2026 0.9791 -0.0187
vn 0.7231 0.6612 0.1999
vn 0.5000 -0.0730 0.8629
vn -0.1851 0.9766 -0.1095
vn -0.1916 0.8492 0.4922
vn -0.1372 -0.1226 0.9829
vn 0.0445 -0.8649 -0.5000
vn -0.1358 0.7823 -0.6080
vn 0.5989 -0.6388 0.4829
vn -0.4310 0.5782 0.6927
vn 0.1121 0.8159 0.5673
vn 0.8886 0.1647 0.4282
vn -0.2999 -0.8935 0.3344
vn -0.8293 -0.2931 0.4758
vn -0.4470 0.8418 -0.3025
vn 0.1108 0.9900 -0.0876
vn -0.8300 -0.0124 -0.5577
vn 0.6409 -0.0465 -0.7662
vn 0.8894 0.3578 -0.2847
vn -0.3027 -0.6069 -0.7348
vn -0.3440 0.7038 -0.6215
vn -0.3419 0.3003 0.8905
vn -0.8317 -0.5552 -0.0032
vn 0.8869 0.4619 -0.0001
vn 0.2292 -0.8879 0.3989
vn 0.2235 -0.5735 -0.7881
vn -0.1357 -0.7818 0.6087
vn -0.1926 -0.8485 -0.4928
vn -0.9827 0.1601 0.0931
vn -0.9452 0.3264 0.0043
vn 0.9774 -0.2112 -0.0001
vn 0.9327 -0.3103 -0.1838
vn -0.1358 0.1443 -0.9802
vn 0.0445 0.8649 0.5000
vn -0.5515 0.5140 0.6570
vn 0.5120 -0.5516 0.6585
vn 0.5545 -0.3716 -0.7446
vn -0.3717 0.5534 -0.7454
vn -0.6023 -0.4439 0.6635
vn -0.4461 -0.2428 -0.8614
vn -0.2879 0.8706 -0.3989
vn -0.4660 0.8848 0.0033
vn 0.5222 -0.8528 0.0001
vn 0.4581 -0.4065 -0.7905
vn 0.7201 0.5860 -0.3715
vn 0.0118 0.9863 -0.1644
vn 0.8251 0.0022 -0.5650
vn 0.6036 0.2692 0.7505
vn -0.0830 0.9965 -0.0002
vn 0.9520 -0.3061 -0.0004
vn -0.6403 0.1985 0.7420
vn 0.7039 -0.3108 0.6386
vn 0.1339 -0.9910 0.0006
vn -0.3929 -0.9196 0.0021
vn 0.3437 0.9391 0.0004
vn 0.9008 0.4342 0.0004
vn 0.7063 0.0496 -0.7062
vn 0.1361 -0.8582 -0.4949
vn 0.9020 0.3745 0.2147
vn -0.6400 0.5438 -0.5429
vn -0.3895 -0.7971 -0.4614
vn 0.3465 0.8115 0.4706
vn 0.4504 0.8280 -0.3341
vn -0.4032 -0.0748 -0.9121
vn 0.5171 -0.7403 -0.4297
vn 0.7823 -0.2897 -0.5514
vn -0.5491 0.8101 0.2055
vn -0.8818 0.4074 0.2377
vn -0.4015 -0.9131 -0.0709
vn 0.5167 -0.4298 -0.7405
vn -0.8816 0.2375 0.4080
vn 0.4855 -0.2031 0.8503
vn 0.7826 -0.5513 -0.2891
vn -0.5484 0.2055 0.8106
vn -0.6345 0.5843 0.5060
vn 0.4449 0.8634 -0.2379
vn 0.2870 0.3962 0.8722
vn -0.0123 0.1309 0.9913
vn -0.8131 0.5809 -0.0367
vn -0.4589 0.7903 -0.4059
vn 0.6038 -0.6627 -0.4430
vn 0.4700 -0.0069 0.8827
vn -0.5226 -0.0038 -0.8526
vn -0.5814 -0.7581 0.2954
vn 0.1298 -0.0000 0.9915
vn -0.9346 -0.0000 -0.3557
vn -0.4361 -0.8897 0.1354
vn -0.3755 0.6267 0.6828
vn 0.5323 -0.0000 0.8466
vn -0.9309 -0.0000 -0.3653
vn 0.3842 0.7813 -0.4920
vn 0.3854 -0.4288 -0.8171
vn 0.3878 -0.0364 -0.9210
vn -0.4211 0.8857 -0.1957
vn -0.4208 -0.1932 0.8863
vn 0.3870 -0.9215 -0.0325
vn 0.5160 0.8540 0.0668
vn -0.4000 0.3921 -0.8284
vn -0.4042 -0.7541 -0.5177
vn 0.4528 -0.6362 0.6247
vn -0.2252 0.6488 0.7268
vn 0.6386 -0.7338 0.2319
vn 0.2334 -0.7970 0.5570
vn 0.7711 0.0592 -0.6340
vn -0.5518 -0.2839 -0.7841
vn -0.1357 -0.9868 0.0883
vn 0.2401 0.0013 -0.9708
vn -0.6029 -0.7690 -0.2125
vn 0.3048 0.6840 0.6628
vn -0.2333 -0.7971 0.5570
vn -0.7710 0.0593 -0.6340
vn 0.5519 -0.2837 -0.7842
vn 0.1358 -0.9868 0.0882
vn -0.2401 0.0013 -0.9708
vn -0.5979 0.7954 0.0995
vn 0.4472 -0.1610 0.8798
vn -0.1102 -0.4200 0.9008
vn -0.8891 0.0675 0.4526
vn 0.3041 0.9395 -0.1574
vn 0.8303 0.4880 0.2692
vn 0.4468 -0.8801 0.1608
vn -0.1105 -0.9011 0.4193
vn 0.8302 -0.2692 -0.4882
vn -0.6408 -0.3430 -0.6868
vn -0.8895 -0.4517 -0.0684
vn 0.3042 0.1580 -0.9394
vn 0.6933 -0.2001 -0.6923
vn 0.6997 0.1728 0.6932
vn 0.2494 0.8464 -0.4705
vn -0.1808 -0.8289 0.5294
vn -0.7114 0.3726 0.5959
vn 0.0605 0.8856 -0.4606
vn -0.1399 -0.8519 0.5048
vn -0.7384 -0.0107 -0.6743
vn 0.2177 0.7780 -0.5894
vn 0.6011 -0.7284 -0.3286
vn 0.8692 -0.1915 0.4558
vn 0.7849 0.5924 0.1817
vn -0.4188 0.1019 -0.9023
vn -0.4617 -0.3676 -0.8073
vn -0.4706 -0.3293 0.8185
vn 0.4698 -0.0464 0.8815
vn -0.9342 -0.1912 -0.3011
vn -0.2360 0.9547 0.1815
vn 0.4601 0.7129 0.5293
vn -0.8639 0.2682 -0.4262
vn -0.3647 0.8436 0.3942
vn -0.5820 0.2963 -0.7572
vn -0.0129 0.9912 0.1316
vn -0.8128 -0.0370 0.5813
vn 0.6025 -0.4444 -0.6629
vn 0.5373 -0.0985 0.8376
vn -0.4317 0.6510 0.6244
vn -0.4024 0.5182 -0.7547
vn 0.4517 -0.6264 -0.6353
vn 0.4418 -0.1782 0.8793
vn -0.5213 -0.2671 0.8105
vn 0.3862 0.8150 0.4321
vn 0.3862 0.4921 -0.7802
vn -0.3779 -0.6816 -0.6266
vn 0.5302 -0.8479 0.0001
vn -0.9314 0.3639 -0.0000
vn -0.4935 -0.7740 -0.3966
vn -0.6781 0.7320 -0.0667
vn -0.2725 -0.4923 0.8267
vn 0.2221 0.0933 -0.9705
vn 0.6958 0.7098 0.1099
vn 0.6462 -0.7629 -0.0228
vn -0.0000 -0.4998 0.8661
vn -0.0000 0.1074 -0.9942
vn -0.4084 -0.6738 -0.6158
vn -0.5721 0.7609 -0.3061
vn -0.8779 -0.0000 0.4788
vn -0.7978 -0.4865 0.3562
vn 0.2830 0.0490 -0.9579
vn 0.2833 -0.0000 -0.9590
vn 0.6024 0.6606 0.4479
vn 0.4593 -0.8608 0.2194
vn -0.5209 -0.4812 0.7051
vn 0.4289 0.0462 -0.9022
vn 0.6933 0.4498 -0.5630
vn -0.6564 0.3695 -0.6577
vn -0.7097 -0.4755 0.5199
vn 0.1357 -0.9868 -0.0882
vn -0.2400 0.0013 0.9708
vn 0.6484 -0.3664 0.6674
vn -0.0000 -0.9963 -0.0862
vn -0.0000 0.0168 0.9999
vn -0.8311 -0.5472 -0.0996
vn -0.6562 0.3698 0.6578
vn 0.6932 0.4503 0.5628
vn 0.6483 -0.3664 -0.6674
vn -0.0000 -0.9963 0.0863
vn -0.0001 0.0168 -0.9999
vn -0.7198 -0.2779 0.6361
vn 0.6143 0.0597 0.7868
vn 0.1225 -0.9137 0.3875
vn 0.0822 -0.9022 -0.4235
vn -0.0967 0.8580 0.5045
vn -0.2030 0.5094 0.8362
vn 0.6934 0.2015 -0.6918
vn -0.6792 -0.0169 -0.7338
vn 0.2256 0.6487 -0.7268
vn -0.6381 -0.7343 -0.2316
vn -0.2331 -0.7970 -0.5572
vn -0.7711 0.0593 0.6339
vn 0.5518 -0.2839 0.7842
vn 0.6172 0.2267 0.7535
vn 0.6486 0.5139 -0.5615
vn 0.5744 -0.6887 -0.4424
vn -0.3241 0.8763 0.3566
vn -0.6691 0.0989 -0.7366
vn -0.6712 -0.2839 0.6848
vn -0.3934 0.6703 -0.6292
vn -0.6092 0.2555 0.7507
vn -0.8480 -0.4303 0.3094
vn -0.8470 -0.2190 -0.4844
vn 0.3314 0.9432 0.0243
vn 0.3303 0.8275 0.4540
vn 0.3505 -0.6941 0.6288
vn -0.4515 -0.8678 0.2072
vn 0.8781 0.3307 0.3459
vn 0.3486 -0.2866 -0.8924
vn -0.4535 -0.6469 -0.6130
vn 0.8784 0.4598 -0.1303
vn 0.4392 0.8898 0.1241
vn -0.6691 0.0923 0.7375
vn -0.8243 0.5599 0.0839
vn 0.0455 -0.1424 0.9888
vn -0.6680 -0.7384 -0.0928
vn -0.8240 -0.0835 -0.5604
vn 0.0455 -0.9888 0.1423
vn 0.5768 -0.1439 -0.8041
vn -0.8061 -0.3957 -0.4400
vn 0.6236 -0.4932 0.6065
vn 0.7212 -0.6696 -0.1774
vn -0.3255 0.2472 0.9127
vn 0.7219 0.5514 -0.4181
vn -0.6002 -0.6378 0.4827
vn 0.6167 0.2426 0.7489
vn 0.8410 -0.4467 0.3053
vn 0.4383 -0.8750 0.2058
vn -0.8720 0.3456 0.3468
vn -0.3173 0.8334 0.4524
vn 0.6143 0.5871 -0.5272
vn 0.8416 -0.2330 -0.4872
vn -0.3160 0.9486 0.0200
vn -0.3612 -0.2826 -0.8886
vn 0.4346 -0.6558 -0.6173
vn -0.8717 0.4718 -0.1323
vn 0.6564 -0.2181 -0.7222
vn -0.8244 -0.1017 0.5568
vn 0.7206 -0.6697 0.1794
vn -0.3251 0.2457 -0.9132
vn 0.7221 0.5538 0.4146
vn 0.3800 -0.8241 -0.4201
vn 0.6408 0.3431 0.6867
vn 0.8896 0.4516 0.0683
vn 0.8892 -0.0674 -0.4526
vn -0.3043 -0.9395 0.1572
vn -0.3044 -0.1580 0.9394
vn -0.4470 0.8799 -0.1610
vn 0.1104 0.9011 -0.4194
vn -0.8302 0.2694 0.4881
vn -0.4474 0.1611 -0.8797
vn 0.1103 0.4199 -0.9008
vn -0.8304 -0.4878 -0.2692
vn 0.1486 0.3327 0.9313
vn -0.4757 -0.7584 0.4457
vn -0.9086 -0.3607 0.2104
vn -0.9085 -0.2157 0.3580
vn 0.9607 0.1426 -0.2380
vn 0.9506 0.2599 -0.1695
vn -0.4552 -0.8901 -0.0210
vn -0.9302 -0.3665 -0.0185
vn 0.9496 0.3134 0.0031
vn -0.5081 -0.7510 -0.4217
vn -0.9207 -0.3343 -0.2013
vn 0.9643 0.2103 0.1609
vn -0.3875 -0.5346 -0.7510
vn -0.9019 -0.2460 -0.3551
vn 0.9571 0.1620 0.2402
vn -0.4013 0.4990 -0.7681
vn -0.9079 0.2184 -0.3578
vn 0.9571 -0.1620 0.2402
vn -0.4978 0.7574 -0.4226
vn -0.9094 0.3600 -0.2084
vn 0.9643 -0.2104 0.1609
vn -0.4715 0.8815 0.0232
vn -0.9299 0.3674 0.0167
vn 0.9629 -0.2700 0.0021
vn -0.5073 0.7367 0.4471
vn -0.9275 0.3073 0.2127
vn 0.9612 -0.2218 -0.1641
vn -0.4075 0.5127 0.7557
vn -0.9085 0.2158 0.3579
vn 0.9607 -0.1428 -0.2379
vn -0.8181 -0.4383 -0.3722
vn -0.6781 -0.0899 0.7295
vn 0.6671 0.3045 0.6799
vn 0.5356 -0.0101 -0.8444
vn -0.5845 -0.4775 0.6560
vn -0.4243 -0.8105 -0.4037
vn 0.4660 0.2085 -0.8599
vn 0.4598 0.6150 0.6406
vn 0.7885 0.6151 -0.0002
vn -0.5598 0.3103 -0.7683
vn 0.6312 -0.2283 -0.7413
vn -0.1027 0.8121 0.5744
vn -0.6716 -0.5867 0.4525
vn 0.6442 -0.2306 0.7292
vn -0.3801 0.8241 -0.4200
vn -0.6409 -0.3431 0.6867
vn -0.8896 -0.4516 0.0684
vn -0.8891 0.0675 -0.4527
vn 0.3042 0.9395 0.1573
vn 0.3042 0.1579 0.9394
vn 0.4468 -0.8800 -0.1610
vn -0.1102 -0.9011 -0.4194
vn 0.8301 -0.2694 0.4882
vn 0.4474 -0.1610 -0.8797
vn -0.1102 -0.4199 -0.9009
vn 0.8303 0.4879 -0.2691
vn 0.6972 -0.5044 0.5094
vn -0.6791 -0.3625 0.6383
vn -0.6532 0.4728 -0.5914
vn 0.0611 0.9926 0.1046
vn -0.0946 -0.0324 -0.9950
vn 0.6108 0.3365 -0.7168
vn 0.1214 0.9862 0.1128
vn -0.2023 -0.0179 -0.9792
vn 0.5783 0.2836 0.7649
vn -0.3493 0.8920 -0.2868
vn 0.4529 0.6132 -0.6473
vn 0.8469 0.4838 -0.2206
vn -0.3327 -0.0249 0.9427
vn -0.8789 0.1304 0.4588
vn -0.3504 -0.6291 -0.6939
vn 0.4493 -0.2088 -0.8686
vn -0.8775 -0.3466 0.3315
vn 0.6089 -0.7512 0.2550
vn 0.8475 -0.3086 -0.4318
vn -0.3294 -0.4544 0.8277
vn -0.8202 -0.3310 -0.4666
vn 0.5835 -0.3181 0.7473
vn 0.0172 -0.9939 -0.1093
vn 0.0355 -0.9572 0.2872
vn -0.0283 -0.2400 0.9704
vn -0.1097 0.0857 0.9903
vn 0.7611 0.4198 -0.4945
vn 0.7562 -0.5326 -0.3801
vn -0.6081 0.4933 -0.6219
vn 0.0944 -0.5296 -0.8430
vn -0.1860 0.5298 0.8274
vn -0.7024 -0.4627 0.5409
vn 0.6553 -0.6131 -0.4412
vn -0.6862 -0.6742 0.2731
vn 0.0123 0.0002 0.9999
vn 0.3684 -0.0146 0.9296
vn -0.3739 -0.0042 -0.9275
vn -0.9997 0.0002 0.0248
vn -0.3568 0.7645 0.5370
vn 0.1117 0.3432 0.9326
vn -0.8681 0.4380 0.2336
vn 0.6998 0.6828 -0.2100
vn 0.0570 -0.1439 0.9879
vn -0.5345 0.4657 -0.7053
vn -0.5973 -0.6659 -0.4470
vn -0.4448 0.8633 -0.2386
vn -0.2872 0.3961 0.8721
vn 0.4591 0.7901 -0.4063
vn 0.7197 0.3736 0.5852
vn 0.0105 0.1630 0.9866
vn 0.8256 0.5642 0.0021
vn 0.6039 -0.7504 0.2688
vn -0.3226 0.7569 0.5684
vn -0.4473 0.5746 -0.6854
vn 0.0958 0.8154 -0.5709
vn 0.0943 0.9921 0.0833
vn -0.8266 -0.0186 0.5625
vn -0.8256 -0.3028 -0.4761
vn 0.6467 -0.4118 -0.6421
vn 0.8861 0.1757 -0.4290
vn -0.2896 -0.8970 -0.3340
vn 0.6472 -0.0318 0.7617
vn 0.8866 0.3679 0.2803
vn -0.2930 -0.6070 0.7387
vn -0.6019 -0.0216 0.7983
vn -0.5560 0.8163 -0.1565
vn 0.6645 0.0948 -0.7412
vn 0.8236 0.5611 -0.0827
vn -0.0454 -0.1416 -0.9889
vn 0.6719 -0.7350 0.0916
vn 0.8241 -0.0857 0.5599
vn -0.0455 -0.9888 -0.1424
vn -0.3192 -0.7638 -0.5609
vn -0.4301 -0.5841 0.6883
vn 0.1297 -0.8117 0.5694
vn 0.1307 -0.9875 -0.0876
vn -0.8365 -0.0022 -0.5479
vn -0.8346 0.2741 0.4779
vn 0.6318 0.4385 0.6392
vn 0.8927 -0.1522 0.4242
vn -0.3190 0.8875 0.3325
vn 0.6278 0.0615 -0.7759
vn 0.8917 -0.3471 -0.2905
vn -0.3223 0.6033 -0.7295
vn -0.8316 0.3646 -0.4190
vn -0.6807 -0.7297 -0.0647
vn 0.6959 -0.7098 0.1093
vn 0.6509 0.7591 0.0097
vn -0.6692 0.6852 0.2876
vn -0.5822 -0.8130 -0.0114
vn 0.0490 0.0487 -0.9976
vn 0.3766 -0.6961 0.6112
vn 0.7151 -0.6054 -0.3494
vn -0.2872 -0.3960 -0.8722
vn 0.4591 -0.7901 0.4062
vn 0.6164 0.7519 -0.2339
vn -0.6959 0.7098 0.1093
vn -0.6955 -0.6717 -0.2553
vn 0.7405 -0.6068 -0.2890
vn 0.6807 0.7296 -0.0649
vn -0.3759 0.5121 -0.7723
vn -0.6280 0.0612 0.7758
vn -0.8916 -0.3474 0.2903
vn -0.8927 -0.1525 -0.4240
vn 0.3190 0.8874 -0.3328
vn 0.3223 0.6036 0.7292
vn 0.4377 -0.8465 0.3030
vn -0.1306 -0.9876 0.0875
vn 0.8365 -0.0018 0.5480
vn 0.4302 -0.5840 -0.6883
vn -0.1297 -0.8119 -0.5692
vn 0.8345 0.2744 -0.4778
vn -0.4426 -0.7480 0.4946
vn 0.8677 0.2748 -0.4143
vn 0.7953 -0.2674 -0.5440
vn 0.2975 -0.9119 -0.2828
vn -0.5006 0.2278 0.8352
vn 0.1142 0.9392 0.3237
vn -0.8160 0.1059 -0.5682
vn -0.2434 -0.3279 -0.9128
vn -0.7342 0.6588 -0.1640
vn 0.8281 -0.0857 0.5539
vn -0.3276 0.6520 -0.6838
vn -0.6391 -0.7427 0.1998
vn -0.4039 0.6275 0.6656
vn -0.6160 -0.7497 0.2417
vn -0.8409 -0.3058 -0.4465
vn -0.8421 0.4877 -0.2301
vn 0.3161 -0.0215 0.9485
vn 0.3166 -0.4537 0.8330
vn 0.3569 -0.6294 -0.6903
vn -0.4395 -0.2050 -0.8746
vn 0.8717 -0.3466 0.3463
vn 0.3624 0.8887 -0.2810
vn -0.4359 0.6166 -0.6556
vn 0.8720 0.1323 0.4713
vn -0.4643 -0.6290 0.6235
vn 0.3210 -0.9220 -0.2166
vn -0.3938 -0.4997 -0.7715
vn -0.9343 -0.2981 -0.1954
vn 0.3779 -0.0087 0.9258
vn 0.9108 -0.2071 0.3570
vn 0.5686 0.3810 -0.7290
vn -0.3641 0.1758 -0.9146
vn 0.9459 0.1744 0.2737
vn -0.4905 0.7747 0.3990
vn -0.8431 0.3586 -0.4008
vn 0.4251 0.3676 0.8271
vn -0.8482 -0.3109 -0.4289
vn 0.6629 -0.4272 0.6149
vn 0.1001 -0.8384 -0.5358
vn -0.1586 0.8282 0.5376
vn 0.6128 0.7130 -0.3408
vn -0.3982 0.2175 0.8911
vn -0.6182 -0.7682 -0.1665
vn -0.8403 -0.0399 -0.5406
vn -0.8403 0.5406 0.0405
vn 0.3183 -0.4983 0.8064
vn 0.3202 -0.8055 0.4987
vn 0.3546 -0.2012 -0.9131
vn -0.4426 0.2584 -0.8587
vn 0.8729 -0.4706 0.1292
vn 0.3539 0.9131 0.2026
vn -0.4412 0.8598 -0.2569
vn 0.8719 -0.1297 0.4721
vn 0.6900 0.6941 0.2052
vn -0.6387 0.7689 0.0294
vn -0.6593 -0.7385 -0.1414
vn 0.6176 -0.7849 0.0503
vn -0.3808 -0.7759 0.5029
vn -0.3627 0.8885 0.2811
vn 0.4356 0.6166 0.6558
vn 0.4392 -0.2047 0.8748
vn -0.8717 -0.3468 -0.3462
vn -0.8720 0.1325 -0.4713
vn 0.6146 0.5251 -0.5887
vn 0.8421 0.4876 0.2302
vn -0.3160 -0.0213 -0.9485
vn 0.6161 -0.7498 -0.2414
vn 0.8410 -0.3055 0.4466
vn -0.3164 -0.4540 -0.8329
vn 0.9187 -0.1332 0.3718
vn -0.6317 0.7479 0.2040
vn -0.3277 -0.6524 -0.6834
vn 0.4999 0.0726 -0.8630
vn -0.1850 -0.9766 0.1096
vn -0.9373 0.2622 -0.2297
vn 0.7227 -0.6619 -0.1989
vn 0.1417 0.8205 -0.5538
vn -0.3744 -0.7788 0.5033
vn 0.5875 0.3990 0.7040
vn 0.3976 -0.8912 -0.2182
vn 0.6169 0.1655 0.7694
vn 0.8405 0.5403 0.0405
vn 0.8403 -0.0402 -0.5407
vn -0.3203 -0.8053 0.4989
vn -0.3183 -0.4981 0.8066
vn -0.3541 0.9130 0.2027
vn 0.4412 0.8598 -0.2569
vn -0.8719 -0.1302 0.4721
vn -0.3545 -0.2016 -0.9131
vn 0.4426 0.2585 -0.8587
vn -0.8727 -0.4709 0.1292
vn -0.6844 0.5187 -0.5124
vn -0.7290 -0.6844 0.0119
vn 0.1035 -0.1108 -0.9884
vn -0.6020 0.5139 0.6112
vn 0.6371 -0.7579 0.1403
vn 0.6600 0.5847 -0.4717
vn 0.0734 0.6319 -0.7716
vn 0.7084 0.1280 -0.6942
vn -0.6838 -0.0453 -0.7283
vn -0.6239 -0.5205 0.5829
vn 0.2736 -0.9261 0.2596
vn -0.3547 0.4098 0.8404
vn 0.0278 -0.7134 0.7002
vn 0.5410 -0.5980 0.5913
vn -0.4877 -0.5088 -0.7094
vn -0.4608 0.8829 -0.0896
vn -0.7410 0.3909 0.5459
vn -0.9266 -0.3371 0.1667
vn 0.3312 0.0032 -0.9436
vn 0.4778 0.2372 -0.8459
vn 0.3265 0.5841 0.7431
vn -0.4836 0.2757 0.8308
vn 0.9271 0.0732 -0.3676
vn 0.1227 -0.9628 0.2407
vn -0.6264 -0.5049 0.5939
vn 0.8647 -0.1689 -0.4729
vn 0.0729 -0.5569 -0.8273
vn -0.3637 0.6813 -0.6353
vn -0.8317 -0.5213 0.1911
vn -0.7744 0.5508 -0.3113
vn -0.7359 -0.6769 0.0166
vn 0.6920 -0.6909 0.2092
vn 0.6921 0.7005 -0.1737
vn 0.7245 0.0629 0.6864
vn -0.6945 0.0077 0.7194
vn -0.6716 -0.2701 -0.6899
vn 0.7399 -0.2449 -0.6265
vn -0.5840 0.3324 0.7406
vn -0.4207 -0.7548 0.5032
vn -0.9849 -0.0000 -0.1729
vn 0.1805 -0.0000 0.9836
vn 0.4585 -0.6407 -0.6159
vn -0.3973 -0.0000 -0.9177
vn 0.9176 -0.0000 0.3976
vn 0.4642 0.8607 -0.2091
vn -0.5970 0.6660 0.4472
vn -0.4445 -0.8634 0.2385
vn 0.7197 -0.3735 -0.5853
vn 0.0105 -0.1629 -0.9866
vn 0.8256 -0.5642 -0.0020
vn 0.6039 0.7504 -0.2688
vn 0.4426 0.7479 0.4946
vn -0.8675 -0.2748 -0.4147
vn -0.7953 0.2675 -0.5440
vn -0.2975 0.9118 -0.2828
vn 0.5006 -0.2276 0.8352
vn -0.1142 -0.9393 0.3237
vn 0.8161 -0.1060 -0.5682
vn 0.2434 0.3278 -0.9129
vn 0.7343 -0.6587 -0.1640
vn 0.6665 0.3077 -0.6790
vn 0.6672 -0.0779 0.7408
vn -0.3907 0.7977 0.4593
vn 0.3442 -0.8115 -0.4721
vn -0.6712 -0.4384 0.5978
vn -0.2171 0.8488 0.4821
vn 0.1891 -0.8555 -0.4821
vn -0.7042 -0.0847 -0.7049
vn -0.0346 -0.4710 -0.8815
vn 0.8067 0.5003 0.3145
vn 0.0001 0.3157 -0.9488
vn 0.0001 -0.9520 0.3061
vn -0.6956 0.5583 0.4521
vn -0.5565 -0.3694 0.7442
vn 0.3705 0.5548 0.7449
vn 0.5543 0.5109 -0.6571
vn 0.9517 -0.3070 -0.0101
vn -0.3294 0.9442 0.0045
vn -0.5109 -0.5546 -0.6568
vn 0.3086 -0.9511 -0.0106
vn -0.9437 0.3307 0.0041
vn 0.6928 0.5638 0.4497
vn -0.8067 0.5003 0.3145
vn 0.2258 -0.7889 -0.5716
vn -0.3923 -0.2737 0.8782
vn -0.6035 -0.6051 -0.5193
vn -0.8525 0.2077 -0.4797
vn -0.8527 0.4191 0.3118
vn 0.3394 -0.8235 0.4546
vn 0.3410 -0.9399 0.0185
vn 0.3461 0.2893 -0.8925
vn -0.4582 0.6429 -0.6138
vn 0.8828 -0.4488 -0.1386
vn 0.3454 0.6969 0.6285
vn -0.4597 0.8633 0.2084
vn 0.8820 -0.3207 0.3452
vn -0.4937 -0.8579 0.1427
vn -0.5794 0.1219 -0.8059
vn 0.4295 0.8756 -0.2209
vn -0.3391 0.8672 0.3646
vn 0.7484 -0.3182 -0.5819
vn 0.4268 -0.2180 0.8777
vn -0.3415 0.3679 0.8649
vn 0.7479 -0.5818 -0.3197
vn 0.4697 0.3388 0.8153
vn 0.4645 -0.8497 -0.2495
vn -0.6408 -0.7104 0.2910
vn 0.7361 0.4586 -0.4978
vn -0.4219 0.0554 -0.9049
vn -0.9842 -0.1533 0.0882
vn 0.1838 0.8518 -0.4905
vn -0.4197 0.9061 -0.0523
vn -0.4039 -0.6275 -0.6656
vn -0.6159 0.7497 -0.2419
vn -0.8409 0.3059 0.4464
vn -0.8421 -0.4878 0.2301
vn 0.3162 0.0214 -0.9485
vn 0.3166 0.4537 -0.8330
vn 0.3570 0.6293 0.6903
vn -0.4394 0.2049 0.8746
vn 0.8718 0.3465 -0.3464
vn 0.3625 -0.8886 0.2811
vn -0.4358 -0.6166 0.6556
vn 0.8720 -0.1323 -0.4713
vn -0.5993 0.4511 -0.6613
vn -0.5372 0.0992 0.8376
vn 0.7198 -0.5858 0.3726
vn 0.0111 -0.9864 0.1637
vn 0.8253 -0.0021 0.5647
vn 0.6045 -0.2698 -0.7495
vn -0.0831 -0.9965 -0.0001
vn 0.9520 0.3061 -0.0004
vn -0.6958 -0.7097 0.1100
vn -0.6460 0.7630 -0.0227
vn -0.0000 0.4998 0.8662
vn -0.0000 -0.1074 -0.9942
vn 0.6864 0.6277 -0.3673
vn 0.2081 0.5620 0.8005
vn -0.3679 -0.3510 -0.8611
vn 0.6788 -0.7316 -0.0629
vn 0.2746 -0.0020 0.9616
vn -0.2400 -0.0017 -0.9708
vn 0.6087 -0.6297 0.4828
vn -0.4523 0.5751 0.6817
vn 0.0969 0.8164 0.5692
vn 0.8865 0.1784 0.4269
vn -0.2898 -0.8967 0.3346
vn -0.8259 -0.3006 0.4770
vn -0.4595 0.8361 -0.2996
vn 0.0956 0.9911 -0.0921
vn -0.8230 -0.0221 -0.5676
vn 0.6539 -0.0361 -0.7557
vn 0.8892 0.3641 -0.2771
vn -0.2857 -0.6096 -0.7395
vn -0.6317 -0.5464 0.5499
vn -0.6378 0.7447 0.1967
vn 0.7233 0.6356 -0.2700
vn 0.6404 -0.0000 0.7681
vn -0.2141 -0.0000 -0.9768
vn 0.7387 -0.6652 0.1088
vn 0.7477 0.1609 0.6443
vn -0.2297 -0.6957 -0.6806
vn 0.6528 0.7574 -0.0142
vn -0.6408 0.3431 0.6868
vn -0.8896 0.4517 0.0683
vn -0.1104 0.9011 -0.4193
vn 0.8302 0.2693 0.4881
vn 0.3043 -0.1579 0.9394
vn -0.6399 -0.6873 -0.3437
vn -0.8892 -0.0674 -0.4526
vn 0.3043 -0.9395 0.1572
vn 0.4475 0.1610 -0.8797
vn -0.1103 0.4199 -0.9008
vn 0.8304 -0.4878 -0.2692
vn -0.6579 -0.6642 0.3549
vn 0.6440 0.0339 0.7643
vn 0.8843 -0.3700 0.2848
vn 0.0978 -0.9918 0.0823
vn -0.8275 0.0251 0.5609
vn -0.2905 0.6090 0.7381
vn 0.6479 0.4098 -0.6420
vn 0.8861 -0.1765 -0.4286
vn -0.2883 0.8972 -0.3346
vn -0.4474 -0.5746 -0.6853
vn 0.0955 -0.8159 -0.5703
vn -0.8254 0.3033 -0.4762
vn -0.3805 0.7760 -0.5030
vn -0.3625 -0.8886 -0.2810
vn 0.4358 -0.6167 -0.6556
vn 0.4396 0.2045 -0.8746
vn -0.8717 0.3469 0.3462
vn -0.8720 -0.1325 0.4713
vn 0.6146 -0.5251 0.5887
vn 0.8421 -0.4877 -0.2302
vn -0.3161 0.0213 0.9485
vn 0.6163 0.7497 0.2412
vn 0.8409 0.3053 -0.4467
vn -0.3165 0.4539 0.8330
vn -0.6958 0.4523 0.5579
vn 0.6561 0.3700 0.6577
vn 0.7097 -0.4755 -0.5199
vn -0.6482 -0.3666 -0.6674
vn -0.3991 0.8936 -0.2053
vn -0.6080 -0.1513 0.7794
vn -0.8487 -0.5260 0.0556
vn -0.8487 0.0546 -0.5260
vn 0.3272 0.8096 0.4873
vn 0.3272 0.4875 0.8095
vn 0.3542 -0.9139 0.1982
vn -0.4488 -0.8565 -0.2551
vn 0.8772 0.1106 0.4672
vn 0.3530 0.1974 -0.9145
vn -0.4501 -0.2565 -0.8554
vn 0.8771 0.4671 0.1114
vn -0.2520 0.7481 0.6139
vn 0.8091 0.3802 -0.4482
vn 0.9293 -0.1107 0.3525
vn 0.4047 0.0826 0.9107
vn -0.6353 0.7231 -0.2712
vn -0.0955 0.5223 -0.8474
vn 0.1096 -0.8504 -0.5147
vn 0.5120 -0.8186 0.2603
vn -0.4208 -0.1294 -0.8979
vn -0.7472 -0.5329 0.3971
vn 0.0390 -0.6418 0.7659
vn -0.9328 0.0617 -0.3550
vn -0.5983 0.4478 0.6645
vn -0.5606 0.1075 -0.8211
vn 0.6657 -0.5086 -0.5460
vn 0.8087 0.3586 -0.4663
vn -0.3206 -0.9461 0.0454
vn 0.5894 -0.2860 0.7556
vn 0.7891 0.3708 -0.4897
vn -0.7265 -0.5477 -0.4151
vn 0.8798 -0.3695 0.2991
vn 0.7225 0.0780 -0.6870
vn -0.1402 0.9616 0.2359
vn -0.5039 0.2747 0.8189
vn 0.1888 -0.4508 0.8724
vn 0.7508 -0.5916 0.2938
vn 0.0748 0.1644 0.9836
vn -0.1251 -0.9042 0.4083
vn 0.6045 0.7331 -0.3118
vn -0.6297 0.0156 -0.7767
vn 0.8425 0.3385 -0.4190
vn -0.6203 0.7738 0.1281
vn -0.3445 0.7041 0.6210
vn -0.3432 0.3003 -0.8900
vn 0.8876 0.4606 -0.0021
vn -0.8308 -0.5566 -0.0000
vn 0.2375 -0.8867 -0.3967
vn 0.2276 -0.5691 0.7902
vn -0.4154 0.8972 -0.1500
vn 0.3008 0.6629 -0.6856
vn 0.7403 0.6324 -0.2281
vn 0.8454 0.4374 -0.3066
vn -0.5740 -0.1525 -0.8045
vn 0.0666 -0.1662 -0.9838
vn 0.2093 -0.8394 0.5016
vn 0.7536 -0.2691 0.5996
vn 0.0895 -0.9838 -0.1552
vn -0.5982 0.0298 0.8008
vn 0.8416 -0.3432 0.4170
vn -0.5928 -0.7910 -0.1512
vn 0.4301 0.5642 0.7047
vn -0.6251 0.0752 0.7769
vn -0.0116 0.9275 -0.3736
vn -0.2856 0.8721 0.3972
vn 0.4597 -0.4057 0.7900
vn 0.4073 -0.7256 0.5547
vn -0.6693 -0.2862 -0.6857
vn 0.6218 0.2294 -0.7488
vn 0.1093 -0.6166 -0.7797
vn 0.0458 -0.9058 -0.4212
vn -0.2974 -0.9548 -0.0004
vn 0.5640 -0.8257 -0.0004
vn -0.1718 -0.9851 -0.0055
vn 0.0436 -0.8844 0.4648
vn 0.8412 -0.3398 -0.4207
vn -0.6126 -0.7806 0.1244
vn 0.0575 -0.3361 0.9401
vn 0.8805 0.3681 0.2986
vn -0.5028 -0.2789 0.8181
vn -0.3017 -0.0003 0.9534
vn 0.5484 -0.0003 0.8362
vn -0.1424 -0.0001 0.9898
vn 0.0549 0.3334 0.9412
vn 0.0379 0.8821 0.4696
vn -0.3066 0.9518 0.0006
vn 0.5571 0.8304 0.0003
vn -0.1821 0.9833 -0.0025
vn 0.0408 0.9089 -0.4151
vn 0.0808 0.3232 -0.9429
vn -0.3015 -0.0003 -0.9535
vn 0.5545 -0.0003 -0.8322
vn -0.1497 -0.0001 -0.9887
vn 0.6709 0.2818 -0.6859
vn -0.6209 -0.2241 -0.7512
vn -0.7150 -0.3474 0.6067
vn 0.6255 -0.0746 0.7767
vn -0.4669 0.0917 0.8795
vn 0.3887 -0.8157 0.4284
vn 0.3863 -0.4900 -0.7815
vn -0.3630 0.6956 -0.6199
vn -0.9975 -0.0703 0.0005
vn 0.2847 0.9586 0.0002
vn -0.4088 0.6166 -0.6728
vn -0.5718 0.3059 0.7613
vn -0.8779 -0.4788 -0.0000
vn -0.7980 -0.3554 -0.4867
vn 0.2831 0.9578 0.0493
vn 0.2832 0.9590 -0.0000
vn 0.5987 -0.4506 0.6622
vn 0.5607 -0.1064 -0.8212
vn -0.3689 0.4917 -0.7887
vn 0.7245 0.6475 0.2365
vn -0.1373 0.7981 0.5866
vn -0.4646 0.8684 0.1732
vn 0.2430 -0.2435 -0.9390
vn 0.7544 -0.4580 -0.4702
vn -0.1390 -0.6489 0.7481
vn -0.5434 0.1186 0.8310
vn 0.6507 -0.6655 -0.3656
vn -0.9284 -0.3633 -0.0776
vn -0.8104 0.1981 0.5514
vn 0.2049 -0.4984 -0.8424
vn -0.3604 -0.1595 -0.9190
vn 0.6213 -0.7247 -0.2979
vn 0.7220 -0.0663 -0.6887
vn -0.1400 -0.9618 0.2353
vn -0.4350 0.8738 0.2173
vn 0.3450 -0.9129 -0.2182
vn 0.1816 0.4556 0.8714
vn 0.7425 0.6015 0.2950
vn 0.0758 -0.1644 0.9835
vn -0.7256 0.5479 -0.4163
vn 0.3880 -0.8144 0.4315
vn -0.4235 0.2458 0.8719
vn -0.3778 0.6817 -0.6266
vn 0.5303 0.8478 0.0001
vn -0.9314 -0.3640 -0.0000
vn 0.3867 -0.4898 -0.7814
vn 0.2305 0.7870 -0.5722
vn -0.3416 0.6214 0.7051
vn -0.3415 -0.8903 0.3013
vn 0.2168 -0.3970 -0.8918
vn 0.5035 0.5426 0.6724
vn -0.4453 -0.2407 0.8624
vn 0.0113 0.9865 0.1637
vn 0.8253 0.0022 0.5647
vn -0.5989 -0.4465 -0.6649
vn 0.6046 0.2697 -0.7495
vn 0.6603 0.2139 0.7199
vn -0.8265 0.1030 -0.5534
vn 0.7212 0.6696 -0.1773
vn -0.3255 -0.2472 0.9126
vn 0.7219 -0.5513 -0.4182
vn 0.7401 -0.4816 0.4695
vn -0.6388 0.1968 0.7438
vn -0.7518 0.4006 -0.5237
vn 0.1509 0.9788 -0.1381
vn -0.4062 -0.5062 -0.7607
vn 0.7210 0.0838 -0.6878
vn 0.6434 0.6620 0.3844
vn -0.2111 -0.8462 -0.4892
vn -0.4408 -0.5985 0.6689
vn 0.4642 -0.8607 -0.2091
vn -0.9843 -0.0873 -0.1532
vn 0.1840 0.4898 0.8522
vn 0.4585 0.6406 -0.6159
vn -0.4207 0.7549 0.5032
vn -0.8052 0.3951 0.4422
vn 0.6201 0.4937 -0.6097
vn 0.7206 0.6698 0.1794
vn -0.3251 -0.2457 -0.9132
vn 0.7222 -0.5537 0.4146
vn -0.6243 0.7728 0.1136
vn -0.6709 -0.6862 -0.2812
vn 0.2748 0.0021 -0.9615
vn 0.2083 0.5618 -0.8006
vn -0.3681 -0.3512 0.8609
vn -0.2399 0.0018 0.9708
vn 0.6212 -0.7494 0.2292
vn 0.5247 -0.0026 -0.8513
vn -0.4665 0.0025 0.8845
vn 0.6575 0.5734 0.4888
vn 0.5324 0.5219 -0.6665
vn -0.3451 -0.2483 0.9051
vn 0.6485 0.3945 0.6510
vn -0.6906 0.2082 0.6926
vn -0.6958 -0.1096 -0.7098
vn 0.6787 0.0620 -0.7318
vn 0.9759 0.1776 -0.1271
vn -0.6076 -0.4394 0.6616
vn 0.2938 0.5229 0.8002
vn -0.2710 -0.5358 -0.7997
vn -0.6977 0.5137 -0.4994
vn -0.3337 0.5676 -0.7527
vn -0.4580 -0.6776 -0.5754
vn 0.0865 -0.5769 -0.8122
vn 0.1015 0.0800 -0.9916
vn -0.8274 0.5611 0.0237
vn -0.8244 -0.4772 0.3043
vn 0.6507 -0.6397 0.4091
vn 0.8857 -0.4287 -0.1782
vn -0.2872 -0.3329 0.8982
vn 0.6448 0.7636 0.0343
vn 0.8858 0.2787 -0.3711
vn -0.2899 0.7380 0.6093
vn 0.9903 0.1219 0.0668
vn -0.6982 0.5164 0.4959
vn 0.1219 0.9852 -0.1205
vn 0.2938 0.5229 -0.8002
vn -0.2710 -0.5358 0.7996
vn -0.2033 -0.0192 0.9789
vn -0.6055 -0.4407 -0.6627
vn -0.4777 0.1444 -0.8665
vn 0.8121 0.5372 -0.2276
vn 0.0651 0.9875 0.1433
vn -0.3979 0.8922 -0.2137
vn 0.0399 -0.6462 -0.7621
vn 0.6619 -0.6722 -0.3318
vn 0.1441 -0.2327 0.9618
vn -0.2393 0.5276 0.8151
vn 0.4669 -0.8836 0.0354
vn -0.9467 -0.2491 0.2044
vn -0.6755 0.5585 0.4814
vn -0.0856 -0.8863 -0.4551
vn 0.6688 0.6800 0.3004
vn 0.6665 -0.7417 -0.0754
vn -0.3904 -0.4596 0.7977
vn -0.3904 -0.0032 0.9206
vn 0.3426 -0.0000 -0.9395
vn 0.3460 0.4709 -0.8115
vn -0.6887 -0.6873 -0.2311
vn -0.1711 -0.4979 0.8502
vn 0.1649 0.1341 -0.9772
vn -0.6787 0.7302 -0.0780
vn -0.5985 0.6362 0.4869
vn 0.4528 0.6361 -0.6247
vn 0.4420 -0.8794 -0.1767
vn -0.4003 -0.3924 0.8281
vn 0.8009 0.2339 -0.5513
vn -0.1828 -0.9183 -0.3511
vn 0.3282 -0.8339 0.4437
vn 0.9313 -0.2742 0.2398
vn -0.0432 0.4147 -0.9089
vn -0.5329 0.0819 -0.8422
vn -0.7215 -0.0278 0.6918
vn 0.0448 -0.4371 0.8983
vn -0.8390 0.4821 -0.2522
vn 0.3543 0.8411 0.4087
vn 0.6789 0.0845 0.7294
vn -0.3857 0.8435 -0.3739
vn -0.5702 0.5514 -0.6090
vn 0.6716 0.0957 -0.7347
vn 0.6687 -0.2828 0.6877
vn -0.6176 0.2314 0.7516
vn -0.4201 0.6201 0.6626
vn 0.9697 0.2349 0.0666
vn 0.9073 -0.2605 0.3301
vn 0.0766 -0.0128 0.9970
vn -0.4191 0.9060 0.0593
vn 0.1105 0.8420 -0.5281
vn 0.3619 -0.8880 -0.2836
vn 0.6090 -0.7930 0.0181
vn -0.4260 -0.2475 -0.8702
vn -0.5547 -0.5112 0.6566
vn -0.2012 -0.5254 0.8268
vn -0.9427 -0.0985 -0.3189
vn 0.7149 0.5071 0.4814
vn 0.7088 -0.7036 -0.0494
vn 0.1362 -0.4948 0.8582
vn 0.1342 -0.0000 0.9909
vn 0.9005 -0.0000 -0.4350
vn 0.9022 0.2135 -0.3748
vn -0.6386 -0.5432 -0.5452
vn -0.6398 0.7429 -0.1968
vn -0.5894 0.7296 0.3468
vn -0.6983 -0.7158 -0.0033
vn -0.1756 -0.0048 -0.9844
vn -0.1292 0.5298 -0.8382
vn -0.0350 -0.3644 0.9306
vn 0.0803 0.0017 0.9968
vn 0.7244 -0.6835 -0.0896
vn 0.6444 0.7565 0.1116
vn -0.0152 0.5372 -0.8433
vn 0.0133 0.0422 0.9990
vn 0.0333 0.8814 -0.4712
vn -0.5586 0.2910 0.7767
vn -0.4897 0.8712 0.0342
vn 0.0053 0.8702 -0.4926
vn -0.0471 -0.7637 0.6439
vn -0.6386 0.0327 0.7688
vn -0.8269 -0.2199 -0.5175
vn 0.0605 0.9910 -0.1195
vn -0.5715 -0.6012 0.5585
vn -0.6902 -0.6869 -0.2274
vn -0.4765 -0.1008 0.8734
vn -0.2224 -0.1218 0.9673
vn -0.7122 0.6962 -0.0898
vn 0.0466 0.4700 0.8814
vn 0.0623 -0.2850 0.9565
vn -0.0030 0.9787 0.2053
vn 0.5304 -0.7323 0.4271
vn -0.5782 -0.2835 0.7650
vn 0.3494 -0.8921 -0.2866
vn -0.4529 -0.6132 -0.6472
vn -0.8469 -0.4840 -0.2205
vn 0.3327 0.0251 0.9427
vn 0.8789 -0.1302 0.4589
vn 0.3502 0.6291 -0.6939
vn -0.4494 0.2088 -0.8686
vn 0.8775 0.3465 0.3315
vn -0.6089 0.7512 0.2549
vn -0.8475 0.3086 -0.4318
vn 0.3294 0.4544 0.8277
vn 0.0323 -0.2070 -0.9778
vn 0.6439 -0.0730 -0.7616
vn 0.5650 0.1816 0.8049
vn 0.0465 0.9968 0.0647
vn -0.0796 0.1272 0.9887
vn -0.4444 0.6279 -0.6389
vn -0.4949 -0.1384 -0.8578
vn -0.5802 0.8047 0.1256
vn 0.4268 0.2181 0.8777
vn -0.3414 -0.3679 0.8649
vn 0.7479 0.5818 -0.3196
vn 0.4295 -0.8756 -0.2209
vn -0.3392 -0.8672 0.3646
vn 0.7485 0.3182 -0.5818
vn -0.5891 -0.4113 0.6955
vn -0.6780 -0.0663 -0.7321
vn -0.2819 0.7776 0.5620
vn 0.3352 -0.9167 -0.2174
vn 0.6959 0.1096 -0.7097
vn -0.0000 1.0000 0.0001
vn 0.6445 -0.0245 0.7642
vn -0.0000 0.8660 0.5001
vn -0.0001 -0.9942 -0.1072
vn 0.2317 0.9666 -0.1099
vn -0.3423 0.1837 0.9215
vn -0.3408 -0.9210 -0.1889
vn 0.2292 0.1004 -0.9682
vn -0.9819 0.1656 -0.0915
vn 0.9313 -0.3163 0.1804
vn -0.5793 -0.5596 0.5927
vn -0.6178 -0.2313 -0.7516
vn 0.6707 0.2820 -0.6860
vn 0.6186 0.0130 0.7856
vn -0.6701 -0.6869 -0.2812
vn -0.5561 0.8183 -0.1452
vn -0.1382 0.4137 0.8999
vn -0.2394 -0.0031 0.9709
vn 0.2719 -0.0000 -0.9623
vn 0.2399 0.8383 -0.4895
vn 0.7150 0.6057 0.3491
vn 0.6165 -0.7519 0.2337
vn 0.3885 0.4927 0.7786
vn 0.3864 0.8161 -0.4297
vn -0.4236 -0.2456 -0.8719
vn 0.6894 -0.6657 -0.2856
vn -0.7603 0.4338 0.4836
vn -0.3778 -0.6816 0.6266
vn 0.8789 0.0088 -0.4769
vn -0.3851 -0.8204 -0.4226
vn 0.0202 -0.9281 0.3718
vn 0.7734 -0.5366 0.3375
vn 0.1059 0.4280 -0.8976
vn -0.4300 0.1638 -0.8879
vn -0.8233 0.0681 0.5634
vn -0.1918 -0.4991 0.8451
vn -0.6782 0.6519 -0.3393
vn 0.4569 0.7150 0.5292
vn 0.5573 -0.1287 0.8203
vn -0.1581 0.9186 -0.3623
vn -0.2258 -0.6494 -0.7262
vn 0.6380 0.7344 -0.2317
vn 0.2329 0.7971 -0.5572
vn 0.7709 -0.0593 0.6342
vn -0.7435 0.1847 0.6428
vn -0.6210 0.7774 -0.0998
vn -0.0862 -0.1476 0.9853
vn -0.3219 -0.6029 0.7300
vn -0.7436 0.1847 -0.6426
vn -0.6210 0.7774 0.0998
vn -0.0862 -0.1476 -0.9853
vn 0.6383 0.7341 0.2317
vn 0.2332 0.7971 0.5570
vn 0.7710 -0.0593 -0.6341
vn 0.1466 0.9346 0.3240
vn -0.8374 -0.3939 -0.3789
vn 0.6556 -0.3687 -0.6590
vn -0.4663 0.6902 0.5533
vn -0.6774 -0.3071 -0.6684
vn 0.6211 0.7773 -0.1003
vn 0.0858 -0.1477 0.9853
vn 0.8373 -0.3942 -0.3788
vn 0.6959 -0.1097 0.7097
vn -0.6796 0.0651 0.7306
vn -0.6791 0.4213 -0.6011
vn 0.6908 0.2081 -0.6925
vn 0.2172 0.9712 0.0977
vn 0.2278 0.0976 0.9688
vn -0.3418 -0.9217 0.1836
vn -0.3409 0.1841 -0.9219
vn 0.6346 -0.2942 0.7146
vn -0.8374 -0.3940 0.3788
vn 0.0293 0.6933 -0.7201
vn 0.5990 -0.6629 0.4492
vn -0.5720 -0.7610 -0.3061
vn -0.6606 0.5544 -0.5063
vn -0.7977 0.4865 0.3563
vn 0.2831 -0.0491 -0.9578
vn 0.5438 0.8296 0.1267
vn -0.1536 0.9338 -0.3233
vn 0.8374 -0.3942 0.3786
vn -0.6771 -0.3081 0.6683
vn 0.8622 -0.3348 0.3801
vn -0.6567 -0.4728 0.5876
vn -0.0378 0.5019 0.8641
vn -0.2211 0.5250 0.8219
vn 0.1798 -0.7964 -0.5774
vn 0.0319 -0.8225 -0.5679
vn -0.6898 0.3753 -0.6191
vn 0.6849 0.5269 -0.5034
vn 0.8278 0.0859 -0.5544
vn -0.3278 -0.6524 0.6833
vn 0.4999 0.0726 0.8630
vn -0.1850 -0.9766 -0.1096
vn -0.6317 0.7479 -0.2040
vn 0.7390 -0.4707 -0.4820
vn -0.6388 -0.7437 0.1970
vn -0.6392 0.5450 0.5426
vn 0.7388 0.6652 0.1084
vn 0.7477 -0.1608 0.6443
vn -0.2297 0.6956 -0.6807
vn -0.9210 0.0789 0.3816
vn 0.5875 0.3990 -0.7040
vn 0.1416 0.8205 0.5538
vn -0.3744 -0.7788 -0.5033
vn 0.7226 -0.6620 0.1989
vn 0.2276 -0.3994 0.8881
vn 0.2258 0.7908 0.5688
vn -0.3401 0.6196 -0.7074
vn -0.3416 -0.8918 -0.2968
vn -0.5868 -0.4816 0.6509
vn 0.4292 -0.6882 -0.5850
vn -0.1276 -0.5711 -0.8109
vn -0.8929 -0.4244 -0.1504
vn 0.3193 -0.3317 0.8877
vn 0.8339 -0.4788 0.2745
vn 0.4386 0.3049 -0.8454
vn -0.1339 0.0866 -0.9872
vn 0.8367 0.5476 -0.0007
vn -0.6274 0.7761 0.0635
vn -0.8920 0.2888 -0.3476
vn 0.3210 0.7300 0.6033
vn -0.6798 -0.7304 -0.0655
vn -0.6864 0.6277 -0.3672
vn 0.6460 0.7630 -0.0226
vn 0.6958 -0.7098 0.1100
vn -0.4911 0.8258 0.2772
vn -0.6958 -0.7098 -0.1097
vn -0.0000 0.4997 -0.8662
vn -0.0000 -0.1075 0.9942
vn 0.6781 -0.7319 0.0668
vn 0.6864 0.6279 0.3669
vn -0.5860 0.6494 0.4847
vn 0.4301 -0.5842 0.6882
vn -0.1297 -0.8118 0.5693
vn -0.8927 -0.1525 0.4241
vn 0.3190 0.8875 0.3327
vn 0.8346 0.2741 0.4778
vn 0.4379 -0.8464 -0.3030
vn -0.1308 -0.9875 -0.0877
vn 0.8365 -0.0021 -0.5480
vn -0.6279 0.0613 -0.7758
vn -0.8916 -0.3473 -0.2904
vn 0.3222 0.6037 -0.7292
vn -0.6958 -0.1099 -0.7097
vn -0.6919 0.2610 0.6732
vn -0.0035 -0.8663 0.4995
vn 0.0001 -1.0000 0.0001
vn -0.0000 1.0000 -0.0001
vn 0.0030 0.8671 -0.4981
vn 0.6805 0.4211 0.5996
vn 0.6797 0.0653 -0.7306
vn -0.6958 0.7098 -0.1093
vn 0.6809 0.7295 0.0648
vn 0.7406 -0.6067 0.2889
vn 0.0490 0.0488 0.9976
vn 0.3765 -0.6962 -0.6112
vn -0.6926 -0.6726 0.2606
vn 0.6720 0.6839 -0.2842
vn 0.5823 -0.8129 0.0113
vn -0.7151 -0.6055 0.3492
vn 0.2871 -0.3961 0.8722
vn -0.4590 -0.7903 -0.4059
vn -0.6164 0.7519 0.2338
vn -0.4307 0.7056 0.5627
vn 0.5560 0.8184 -0.1453
vn 0.6687 -0.6858 -0.2873
vn -0.6165 -0.7518 0.2338
vn 0.3192 0.7639 -0.5609
vn 0.4301 0.5843 0.6882
vn -0.1298 0.8118 0.5694
vn -0.1308 0.9875 -0.0874
vn 0.8365 0.0024 -0.5480
vn 0.8347 -0.2738 0.4778
vn -0.6318 -0.4385 0.6392
vn -0.8928 0.1519 0.4241
vn 0.3190 -0.8875 0.3326
vn -0.6280 -0.0622 -0.7757
vn -0.8919 0.3468 -0.2903
vn 0.3222 -0.6036 -0.7293
vn 0.4433 -0.7476 -0.4946
vn -0.8661 0.2744 0.4178
vn -0.7922 -0.2713 0.5466
vn -0.2982 -0.9109 0.2852
vn 0.5005 0.2283 -0.8351
vn -0.1122 0.9393 -0.3243
vn 0.8209 0.1133 0.5597
vn 0.2507 -0.3233 0.9125
vn 0.7351 0.6574 0.1656
vn 0.6188 0.6682 0.4131
vn -0.0601 -0.9512 -0.3027
vn 0.2981 -0.9109 0.2852
vn 0.7922 -0.2714 0.5466
vn 0.1120 0.9393 -0.3242
vn -0.5004 0.2282 -0.8352
vn -0.8210 0.1133 0.5596
vn -0.2508 -0.3233 0.9125
vn -0.7354 0.6571 0.1654
vn 0.9186 0.1343 -0.3717
vn -0.6384 -0.7429 -0.2012
vn -0.3275 0.6521 0.6838
vn -0.5507 -0.6603 0.5106
vn 0.5085 -0.6582 -0.5551
vn 0.5510 0.7456 -0.3748
vn -0.3668 0.7426 0.5604
vn -0.5256 0.8466 -0.0841
vn -0.6315 -0.2565 -0.7318
vn -0.2442 0.9123 -0.3287
vn -0.7349 0.1644 0.6580
vn 0.6700 -0.5876 -0.4537
vn 0.7446 0.1853 0.6413
vn -0.6768 0.5895 -0.4410
vn -0.6729 -0.7343 -0.0889
vn 0.6675 -0.6796 0.3042
vn 0.6674 0.7408 -0.0759
vn -0.8488 -0.3487 0.3974
vn 0.6128 0.7130 0.3407
vn 0.1002 -0.8384 0.5358
vn -0.1585 0.8282 -0.5376
vn 0.6652 -0.4245 -0.6143
vn -0.5189 -0.8364 0.1765
vn 0.3875 0.0349 0.9212
vn 0.3878 0.9210 0.0354
vn -0.4216 0.2235 -0.8788
vn 0.5828 -0.7432 0.3286
vn -0.6047 -0.5205 -0.6028
vn -0.8528 -0.4796 0.2069
vn -0.4625 -0.6096 0.6438
vn 0.8849 -0.1386 -0.4447
vn 0.3447 0.0188 -0.9385
vn -0.6006 0.7534 -0.2677
vn -0.8524 0.3152 0.4172
vn 0.3366 0.4560 -0.8239
vn 0.3461 0.6292 0.6959
vn -0.4579 0.2118 0.8634
vn 0.8810 0.3463 -0.3224
vn 0.7061 -0.4683 0.5311
vn -0.7603 -0.3978 0.5136
vn -0.4839 0.5130 -0.7090
vn -0.4672 0.8811 0.0733
vn -0.6530 0.1065 -0.7498
vn 0.6722 0.3556 -0.6494
vn 0.6412 0.4284 -0.6367
vn -0.7172 -0.2359 -0.6557
vn -0.0386 -0.9992 0.0080
vn -0.9994 -0.0351 -0.0051
vn -0.1576 -0.6180 0.7703
vn 0.1402 -0.9235 0.3570
vn -0.8698 -0.2088 0.4471
vn 0.6036 0.1750 0.7779
vn 0.7211 -0.6841 -0.1095
vn -0.6818 -0.7253 0.0951
vn -0.5835 0.7097 0.3949
vn 0.6877 0.7259 -0.0148
vn 0.3775 -0.7688 -0.5161
vn 0.3403 0.8948 -0.2892
vn -0.4615 0.6113 -0.6429
vn -0.4615 -0.2083 -0.8623
vn 0.8841 -0.3437 0.3167
vn 0.8803 0.1366 0.4543
vn -0.6029 0.5213 0.6040
vn -0.8523 0.4805 -0.2069
vn 0.3363 -0.0157 0.9416
vn -0.6044 -0.7498 0.2692
vn -0.8537 -0.3156 -0.4143
vn 0.3422 -0.4512 0.8242
vn 0.7100 -0.4592 -0.5339
vn 0.7050 -0.2183 0.6748
vn -0.1647 0.6140 0.7720
vn 0.1373 0.9240 0.3568
vn -0.8717 0.2034 0.4458
vn -0.7204 0.2275 -0.6551
vn 0.6912 0.7132 -0.1163
vn 0.6695 -0.7423 -0.0276
vn -0.7321 -0.6757 0.0869
vn 0.1635 -0.5036 0.8483
vn -0.3179 -0.8393 -0.4411
vn -0.6877 0.7192 0.0989
vn -0.3427 -0.6227 0.7034
vn 0.2275 -0.7886 -0.5712
vn 0.2278 0.3887 -0.8928
vn -0.3431 0.8900 0.3004
vn -0.1750 0.7579 -0.6284
vn 0.7123 0.5536 0.4315
vn -0.0836 0.6468 0.7581
vn -0.5104 0.8045 0.3036
vn 0.4221 0.0721 -0.9037
vn 0.9225 -0.1136 -0.3689
vn 0.1564 -0.7476 0.6455
vn -0.4579 -0.0951 0.8839
vn 0.6829 -0.6572 -0.3190
vn -0.8302 -0.3811 -0.4068
vn -0.9160 0.0730 0.3945
vn 0.1644 -0.4652 -0.8698
vn 0.5871 -0.4535 0.6706
vn -0.8661 -0.2742 0.4179
vn -0.7922 0.2713 0.5467
vn 0.2507 0.3233 0.9125
vn 0.7351 -0.6574 0.1657
vn -0.1122 -0.9393 -0.3243
vn 0.0591 0.9511 -0.3030
vn -0.2982 0.9109 0.2852
vn 0.5005 -0.2282 -0.8351
vn -0.4804 -0.4361 0.7609
vn -0.6989 0.5583 -0.4469
vn 0.0001 0.3157 0.9489
vn -0.0000 -0.9520 -0.3060
vn 0.8066 0.5004 -0.3145
vn 0.0346 -0.4711 0.8814
vn -0.8068 0.5003 -0.3144
vn 0.6928 0.5635 -0.4500
vn -0.5111 -0.5619 0.6504
vn 0.5631 0.5077 0.6520
vn 0.3604 0.5579 -0.7476
vn -0.5570 -0.3600 -0.7485
vn -0.5994 -0.6625 -0.4493
vn 0.5896 -0.7554 0.2859
vn 0.8604 -0.0000 -0.5096
vn -0.3326 -0.0000 0.9431
vn 0.6659 0.5467 0.5076
vn 0.8083 0.4658 -0.3600
vn -0.3206 -0.0450 0.9462
vn -0.5434 0.8297 -0.1278
vn -0.3738 -0.7729 -0.5127
vn -0.6275 0.7761 -0.0635
vn -0.8920 0.2890 0.3476
vn -0.8929 -0.4244 0.1504
vn 0.3193 -0.3318 -0.8877
vn 0.3210 0.7300 -0.6033
vn 0.4384 0.3050 0.8455
vn -0.1338 0.0867 0.9872
vn 0.8366 0.5477 0.0007
vn 0.4293 -0.6881 0.5850
vn -0.1276 -0.5711 0.8109
vn 0.8339 -0.4787 -0.2745
vn -0.6797 -0.0651 0.7306
vn -0.6923 -0.3011 -0.6558
vn 0.6464 -0.0225 -0.7627
vn -0.0001 0.8669 -0.4985
vn -0.0000 -0.9942 0.1074
vn 0.6959 0.1091 0.7098
vn 0.5968 0.6663 -0.4471
vn 0.4448 -0.8635 -0.2378
vn -0.6744 -0.2915 0.6784
vn -0.0125 -0.1308 0.9913
vn -0.8131 -0.5809 -0.0364
vn -0.5814 0.7581 0.2954
vn -0.3666 0.3920 -0.8437
vn -0.5815 -0.7580 -0.2954
vn 0.1299 -0.0000 -0.9915
vn -0.0123 0.1308 -0.9913
vn -0.8131 0.5809 0.0368
vn -0.9346 -0.0000 0.3557
vn 0.5978 -0.6665 0.4454
vn 0.4448 0.8635 0.2379
vn -0.4781 -0.7081 -0.5197
vn -0.6176 0.7529 -0.2272
vn 0.6706 0.6863 0.2815
vn 0.5610 -0.8200 0.1136
vn -0.6957 -0.7099 -0.1094
vn -0.6507 0.7593 -0.0096
vn 0.7093 0.6879 0.1538
vn 0.6762 -0.7340 0.0634
vn -0.3773 -0.5102 -0.7729
vn -0.3486 -0.2864 0.8924
vn 0.4535 -0.6469 0.6130
vn 0.4515 -0.8679 -0.2072
vn -0.8780 0.3309 -0.3459
vn -0.8784 0.4599 0.1303
vn 0.6100 0.5949 0.5235
vn 0.8471 -0.2188 0.4843
vn -0.3314 0.9432 -0.0244
vn 0.6092 0.2554 -0.7507
vn 0.8480 -0.4303 -0.3094
vn -0.3303 0.8275 -0.4539
vn -0.4460 -0.1858 0.8755
vn 0.4632 -0.8500 0.2508
vn -0.9840 -0.1554 -0.0876
vn 0.1835 0.8511 0.4919
vn 0.4640 0.2482 -0.8503
vn -0.4221 0.9049 0.0548
vn 0.5975 0.6619 0.4526
vn -0.5814 0.7581 -0.2954
vn -0.6742 -0.2916 -0.6786
vn -0.0124 -0.1308 -0.9913
vn -0.8131 -0.5810 0.0365
vn 0.4445 -0.8637 0.2375
vn -0.4390 0.5986 -0.6701
vn 0.4638 0.8609 0.2093
vn 0.4584 -0.6406 0.6160
vn -0.4207 -0.7548 -0.5033
vn -0.0142 0.7690 0.6391
vn -0.4883 0.6215 0.6126
vn -0.7149 -0.0276 -0.6987
vn 0.6355 -0.1424 -0.7589
vn 0.5937 0.6144 0.5196
vn 0.6713 -0.6849 -0.2833
vn 0.6470 0.7611 0.0465
vn -0.2086 0.5617 -0.8006
vn 0.3681 -0.3513 0.8609
vn -0.6576 0.5733 0.4888
vn -0.5325 0.5221 -0.6662
vn 0.3451 -0.2483 0.9051
vn -0.6185 -0.7513 0.2304
vn -0.9409 -0.2147 0.2618
vn 0.9844 0.0001 -0.1758
vn -0.2717 -0.0167 -0.9622
vn 0.5820 0.0835 0.8089
vn -0.8632 0.4953 -0.0983
vn -0.2682 0.0140 -0.9633
vn 0.5795 -0.0867 0.8104
vn 0.5696 0.5235 -0.6336
vn -0.3457 -0.6966 -0.6287
vn 0.4594 -0.8633 -0.2088
vn 0.8527 -0.4189 -0.3121
vn -0.3394 0.8236 -0.4545
vn -0.8822 0.3207 -0.3448
vn -0.3460 -0.2894 0.8925
vn 0.4583 -0.6427 0.6140
vn -0.8828 0.4487 0.1390
vn 0.6039 0.6047 0.5193
vn 0.8525 -0.2076 0.4796
vn -0.3406 0.9401 -0.0178
vn 0.7462 -0.4278 0.5100
vn 0.6673 0.7389 -0.0931
vn 0.8237 0.0841 -0.5607
vn 0.8239 -0.5604 0.0846
vn -0.0453 0.1422 0.9888
vn -0.0454 0.9888 0.1420
vn -0.5564 0.1584 -0.8157
vn -0.5559 -0.8157 0.1599
vn -0.3974 -0.7588 -0.5160
vn -0.4274 0.2181 0.8774
vn 0.3415 -0.3683 0.8647
vn 0.3393 -0.8670 0.3650
vn -0.7484 0.3194 -0.5813
vn -0.7479 0.5814 -0.3204
vn 0.5783 0.8071 0.1193
vn 0.5775 -0.1162 -0.8081
vn 0.3604 -0.5601 0.7460
vn -0.5567 0.3614 0.7480
vn -0.5071 0.5628 -0.6528
vn 0.5635 -0.5068 -0.6524
vn -0.3409 -0.1878 0.9212
vn -0.3422 0.9212 -0.1852
vn 0.2236 -0.0907 -0.9705
vn 0.2296 -0.9677 -0.1045
vn 0.6719 -0.5888 0.4493
vn 0.5597 0.3104 -0.7684
vn -0.2724 -0.4708 -0.8391
vn 0.2227 0.7913 0.5694
vn -0.7084 0.5901 -0.3872
vn -0.6311 -0.2284 -0.7413
vn 0.1027 0.8122 0.5743
vn -0.6441 -0.2306 0.7294
vn -0.4919 0.7315 -0.4721
vn -0.6774 -0.3092 0.6675
vn 0.6930 -0.4502 0.5631
vn 0.6425 0.4009 -0.6530
vn -0.6885 -0.3179 0.6519
vn 0.6697 -0.6021 0.4348
vn 0.5344 0.3013 -0.7897
vn -0.3866 -0.4850 -0.7844
vn 0.3163 0.7816 0.5377
vn -0.6879 0.5078 -0.5186
vn -0.2185 -0.5352 -0.8160
vn 0.1784 0.7964 0.5778
vn -0.6960 0.1090 0.7097
vn -0.6464 -0.0226 -0.7626
vn 0.6923 -0.3011 -0.6558
vn 0.6798 -0.0646 0.7306
vn 0.6675 -0.3044 0.6796
vn -0.6756 0.0855 0.7323
vn -0.6637 0.4513 -0.5964
vn 0.5356 0.0102 -0.8444
vn -0.7445 -0.5087 0.4323
vn -0.6649 0.0944 -0.7410
vn -0.8238 0.5609 -0.0821
vn -0.8244 -0.0852 0.5595
vn 0.0456 -0.9887 -0.1429
vn 0.0455 -0.1420 -0.9888
vn 0.5765 0.8047 -0.1420
vn 0.5770 -0.1469 0.8035
vn -0.5986 0.4505 0.6624
vn 0.6037 -0.2692 0.7504
vn 0.7202 -0.5860 -0.3715
vn 0.0119 -0.9863 -0.1644
vn 0.8251 -0.0022 -0.5650
vn -0.4458 0.2427 -0.8616
vn -0.6027 -0.4496 0.6593
vn 0.5894 0.2859 0.7556
vn 0.6656 0.5087 -0.5461
vn 0.8087 -0.3586 -0.4663
vn -0.3207 0.9461 0.0454
vn -0.5605 -0.1076 -0.8211
vn 0.4740 0.5118 -0.7165
vn -0.4024 -0.5182 -0.7547
vn 0.5144 -0.8576 -0.0000
vn 0.9740 -0.2266 0.0005
vn -0.2459 0.9693 0.0002
vn -0.8832 0.4689 -0.0004
vn -0.4001 -0.8287 0.3914
vn 0.4420 0.1781 0.8792
vn 0.6960 -0.1097 -0.7097
vn -0.6771 0.0642 -0.7331
vn -0.6809 0.4199 0.6000
vn 0.6969 0.2585 0.6690
vn 0.5866 -0.7541 0.2954
vn -0.3615 0.2827 0.8885
vn 0.4343 0.6560 0.6172
vn 0.8415 0.2332 0.4873
vn -0.3161 -0.9485 -0.0200
vn -0.8717 -0.4718 0.1324
vn -0.3582 0.6894 -0.6296
vn 0.4381 0.8750 -0.2060
vn -0.8720 -0.3455 -0.3468
vn 0.6167 -0.2427 -0.7489
vn 0.8410 0.4466 -0.3053
vn -0.3172 -0.8334 -0.4526
vn 0.4196 -0.9074 0.0235
vn -0.2692 -0.6752 -0.6868
vn -0.7231 -0.6907 0.0060
vn -0.3176 -0.8426 0.4350
vn 0.8420 -0.3302 -0.4267
vn 0.3987 -0.1651 -0.9021
vn -0.5633 0.6938 -0.4487
vn -0.9337 -0.2986 0.1976
vn 0.3779 -0.0081 -0.9258
vn 0.5811 0.2692 0.7680
vn -0.3934 -0.4983 0.7726
vn 0.9112 -0.2064 -0.3565
vn -0.6975 -0.4510 -0.5569
vn -0.6419 0.3992 0.6546
vn -0.0000 -0.5073 0.8618
vn -0.0000 0.8026 -0.5965
vn 0.6946 0.5073 0.5100
vn 0.6761 -0.3091 -0.6689
vn -0.6002 0.6615 -0.4497
vn -0.4594 -0.8605 -0.2201
vn 0.5209 -0.4807 -0.7054
vn -0.4290 0.0464 0.9021
vn 0.6661 -0.5465 0.5076
vn 0.8084 -0.4658 -0.3599
vn -0.3205 0.0450 0.9462
vn 0.5896 0.7554 0.2860
vn -0.3996 0.5417 0.7395
vn -0.4235 0.2459 -0.8719
vn 0.6895 0.6657 -0.2855
vn -0.7603 -0.4337 0.4836
vn 0.3863 -0.8148 -0.4322
vn 0.3885 -0.4927 0.7786
vn -0.3750 0.0607 0.9250
vn -0.3454 0.6974 -0.6280
vn 0.4597 0.8633 -0.2083
vn 0.4581 0.6427 0.6141
vn -0.8829 -0.4485 0.1386
vn -0.8822 -0.3201 -0.3454
vn 0.6049 -0.2636 -0.7514
vn 0.8523 0.4201 -0.3117
vn -0.3392 -0.8237 -0.4545
vn 0.6038 -0.6046 0.5195
vn 0.8522 0.2086 0.4798
vn -0.3407 -0.9400 -0.0183
vn -0.7721 0.5344 0.3440
vn 0.3801 -0.2870 0.8793
vn -0.2026 -0.6607 0.7227
vn -0.4138 -0.7871 0.4575
vn 0.3272 0.9399 -0.0975
vn 0.8104 0.5804 0.0798
vn 0.7034 -0.3101 -0.6395
vn -0.6399 0.1949 -0.7434
vn -0.9424 0.2127 -0.2583
vn 0.9819 0.0148 0.1890
vn -0.2646 0.0128 0.9643
vn 0.5795 -0.0872 -0.8103
vn -0.8566 -0.5034 0.1132
vn -0.2682 -0.0155 0.9633
vn 0.5823 0.0840 -0.8086
vn -0.9312 0.2707 0.2442
vn 0.3790 0.6057 0.6996
vn 0.1805 -0.3734 0.9099
vn -0.6203 -0.3706 0.6913
vn -0.5751 0.7336 -0.3622
vn 0.1445 0.9317 -0.3332
vn 0.7491 -0.4975 -0.4374
vn 0.3896 -0.8449 0.3664
vn 0.3774 0.3673 -0.8501
vn -0.6656 -0.5198 -0.5355
vn -0.4250 -0.8732 0.2384
vn -0.3649 0.2713 -0.8906
vn 0.6026 -0.4492 -0.6596
vn -0.5717 0.3059 -0.7613
vn -0.6603 0.5073 0.5537
vn -0.7980 -0.3554 0.4867
vn 0.2832 0.9578 -0.0494
vn 0.5605 -0.1066 0.8213
vn -0.3222 -0.5819 0.7467
vn -0.4607 0.6796 0.5709
vn 0.0968 0.5688 0.8168
vn 0.0911 -0.0903 0.9917
vn -0.8253 -0.5642 -0.0238
vn -0.8264 0.4753 -0.3020
vn 0.6433 0.6454 -0.4118
vn 0.8843 0.4282 0.1863
vn -0.2869 0.3384 -0.8962
vn 0.6517 -0.7578 -0.0323
vn 0.8870 -0.2839 0.3642
vn -0.2897 -0.7351 -0.6130
vn -0.5829 0.4783 -0.6569
vn -0.4236 0.8114 0.4026
vn -0.9846 -0.1746 -0.0004
vn 0.1809 0.9835 -0.0005
vn 0.4651 -0.2069 0.8607
vn 0.4596 -0.6152 -0.6405
vn -0.3956 -0.9184 -0.0001
vn 0.9177 0.3974 0.0002
vn -0.5598 0.6955 0.4504
vn -0.2679 -0.6743 0.6881
vn -0.7231 -0.6907 -0.0035
vn 0.3999 -0.1645 0.9017
vn 0.3923 -0.9197 -0.0181
vn -0.3178 -0.8428 -0.4345
vn 0.8420 -0.3302 0.4266
vn 0.5791 0.2704 -0.7691
vn -0.6717 0.4382 0.5973
vn 0.5481 -0.1141 0.8286
vn -0.2081 -0.8505 0.4831
vn 0.1963 0.8506 -0.4877
vn 0.6659 -0.3076 -0.6797
vn -0.6760 0.1254 -0.7262
vn 0.8633 0.3172 -0.3926
vn -0.4109 0.7075 0.5750
vn -0.1748 -0.5370 -0.8253
vn 0.0618 0.5406 0.8390
vn 0.6962 -0.5972 0.3983
vn 0.7764 0.4285 -0.4621
vn 0.1630 0.6764 0.7183
vn 0.2484 -0.6145 -0.7488
vn 0.1199 -0.2264 -0.9666
vn 0.4786 0.7488 0.4584
vn 0.6824 0.4543 0.5727
vn 0.6325 -0.7525 0.1833
vn -0.0543 -0.7639 -0.6431
vn 0.4351 0.5960 0.6749
vn -0.0859 -0.1825 0.9795
vn 0.0260 -0.7523 -0.6583
vn -0.0353 -0.1582 -0.9868
vn 0.0717 -0.8768 0.4755
vn 0.0249 -0.0429 0.9988
vn -0.0878 0.7561 0.6485
vn -0.5431 0.7235 0.4262
vn -0.6747 -0.7335 0.0825
vn -0.2267 0.5241 -0.8209
vn 0.1754 0.1069 0.9787
vn 0.6676 -0.6776 -0.3086
vn 0.5364 0.8338 -0.1309
vn -0.7113 -0.7011 -0.0499
vn 0.6926 -0.6946 -0.1944
vn 0.5282 0.8426 -0.1051
vn -0.2380 0.9296 0.2813
vn -0.0799 0.5990 -0.7967
vn 0.1301 -0.4429 0.8871
vn -0.6185 0.7802 0.0938
vn -0.7308 0.3016 -0.6123
vn -0.6850 -0.6767 -0.2697
vn 0.0119 -0.0013 -0.9999
vn 0.1136 0.3375 -0.9344
vn -0.8701 0.4332 -0.2348
vn -0.9997 -0.0018 -0.0250
vn 0.5734 -0.6486 0.5005
vn 0.7395 0.6418 0.2030
vn -0.6696 0.3540 0.6529
vn 0.6975 0.1844 0.6925
vn -0.0765 -0.8513 0.5190
vn 0.0316 0.8645 -0.5017
vn 0.6972 -0.1485 -0.7013
vn -0.6812 -0.0408 -0.7310
vn 0.8593 -0.1233 0.4964
vn -0.4247 -0.7306 0.5346
vn -0.5157 0.1190 0.8485
vn 0.2441 0.4362 0.8661
vn 0.7587 -0.5882 -0.2801
vn 0.0879 -0.9433 -0.3201
vn -0.8665 0.1656 -0.4709
vn -0.7468 0.5820 0.3218
vn -0.1689 -0.4401 -0.8819
vn 0.4106 0.7653 -0.4958
vn -0.0134 0.9585 0.2847
vn 0.5050 -0.0775 -0.8596
vn 0.2269 0.7888 0.5713
vn 0.2207 -0.4082 0.8858
vn -0.3414 -0.8907 -0.3002
vn -0.3426 0.6229 -0.7033
vn -0.7111 -0.3131 0.6295
vn -0.7090 0.0601 -0.7027
vn 0.6655 0.1852 -0.7230
vn 0.6975 -0.1704 0.6960
vn 0.0461 0.5897 -0.8063
vn -0.5549 -0.5105 -0.6569
vn -0.1972 -0.5255 -0.8276
vn 0.0766 -0.0117 -0.9970
vn -0.4183 0.9064 -0.0586
vn -0.9436 -0.0981 0.3163
vn 0.3609 -0.8890 0.2819
vn 0.6053 -0.7959 -0.0136
vn -0.4225 -0.2513 0.8709
vn 0.9698 0.2343 -0.0672
vn 0.9077 -0.2591 -0.3300
vn 0.1121 0.8416 0.5283
vn 0.5244 0.5674 -0.6349
vn 0.6551 -0.1795 0.7339
vn -0.0292 0.5752 0.8175
vn 0.4486 -0.6635 -0.5988
vn -0.9415 -0.1711 0.2903
vn -0.4970 0.5735 0.6512
vn 0.4656 -0.7136 -0.5234
vn -0.8918 0.3058 -0.3334
vn -0.1329 0.8690 0.4766
vn 0.5053 -0.7561 -0.4158
vn 0.6912 -0.5020 -0.5199
vn -0.1465 0.8585 -0.4914
vn 0.1152 -0.5432 0.8317
vn 0.1242 0.5331 -0.8369
vn 0.6541 0.4298 0.6225
vn -0.0389 -0.4837 0.8744
vn 0.0320 0.7956 -0.6049
vn 0.7993 -0.4498 -0.3985
vn 0.0769 0.7652 -0.6392
vn 0.2592 -0.6833 0.6826
vn 0.0505 -0.9021 0.4286
vn 0.4282 0.5711 -0.7003
vn 0.6646 0.4602 -0.5886
vn 0.5087 0.2941 0.8092
vn 0.0123 -0.4195 0.9077
vn 0.4548 0.7343 -0.5039
vn 0.7204 0.2017 0.6636
vn 0.3745 -0.9073 -0.1913
vn -0.2090 -0.9549 0.2109
vn 0.8090 0.2252 -0.5430
vn -0.6984 -0.4124 -0.5849
vn -0.3895 -0.7609 0.5189
vn 0.2652 0.5134 -0.8162
vn -0.6393 0.7430 0.1980
vn -0.7805 0.5730 0.2500
vn 0.7069 0.4037 -0.5807
vn -0.2049 -0.5428 0.8144
vn 0.2632 0.7987 -0.5410
vn -0.6767 -0.2810 -0.6805
vn -0.4085 0.6737 0.6158
vn -0.5721 -0.7609 0.3061
vn -0.7977 0.4865 -0.3563
vn 0.2831 -0.0490 0.9579
vn 0.6022 -0.6627 -0.4452
vn 0.5432 0.8299 -0.1273
vn -0.6716 0.6848 -0.2829
vn -0.5611 -0.8200 -0.1135
vn 0.2724 -0.4922 -0.8267
vn -0.2223 0.0933 0.9705
vn 0.6972 -0.6138 0.3703
vn 0.6177 0.7529 0.2273
vn 0.3749 -0.0606 0.9251
vn 0.3459 -0.6966 -0.6286
vn -0.4594 -0.8634 -0.2086
vn -0.4582 -0.6428 0.6139
vn 0.8828 0.4487 0.1390
vn 0.8822 0.3206 -0.3449
vn -0.6044 0.2636 -0.7518
vn -0.8523 -0.4198 -0.3120
vn 0.3393 0.8235 -0.4547
vn -0.6042 0.6043 0.5194
vn -0.8523 -0.2090 0.4796
vn 0.3406 0.9400 -0.0180
vn 0.5859 -0.6499 0.4842
vn -0.4302 0.5841 0.6883
vn 0.1297 0.8117 0.5694
vn 0.8927 0.1519 0.4243
vn -0.3190 -0.8875 0.3326
vn -0.8346 -0.2741 0.4778
vn -0.4379 0.8465 -0.3029
vn 0.1308 0.9875 -0.0877
vn -0.8365 0.0022 -0.5479
vn 0.6279 -0.0621 -0.7758
vn 0.8918 0.3468 -0.2906
vn -0.3223 -0.6034 -0.7294
vn 0.7166 0.4784 -0.5076
vn 0.7079 -0.0493 0.7046
vn 0.1375 0.8585 0.4941
vn 0.9018 -0.3753 -0.2141
vn -0.6371 -0.5445 0.5455
vn -0.6367 -0.1966 -0.7456
vn -0.6958 0.7098 -0.1097
vn -0.6462 -0.7628 0.0228
vn -0.0000 -0.4998 -0.8661
vn -0.0000 0.1075 0.9942
vn 0.6954 -0.6942 0.1859
vn 0.6780 0.7320 0.0669
vn -0.6712 0.6857 -0.2815
vn 0.6167 0.7518 0.2335
vn 0.7152 -0.6055 0.3490
vn -0.5822 -0.8129 0.0116
vn 0.7213 -0.6864 -0.0925
vn -0.2204 0.8225 0.5243
vn 0.3901 0.8118 -0.4346
vn 0.0165 -0.6228 0.7822
vn -0.6478 -0.4219 -0.6343
vn -0.6752 0.4326 0.5974
vn -0.6757 0.0855 -0.7322
vn 0.6675 -0.3046 -0.6795
vn 0.5363 0.0090 0.8440
vn 0.5744 -0.8186 -0.0070
vn -0.4274 -0.2181 0.8774
vn 0.3416 0.3682 0.8647
vn -0.7479 -0.5814 -0.3204
vn -0.4304 0.8753 -0.2206
vn 0.3393 0.8670 0.3649
vn -0.7484 -0.3194 -0.5813
vn 0.5775 0.1162 -0.8081
vn -0.6719 -0.2833 0.6843
vn -0.6268 0.0737 -0.7757
vn 0.7119 0.3468 -0.6107
vn 0.6171 0.2267 0.7535
vn 0.0746 -0.7244 -0.6853
vn 0.8025 0.5685 -0.1813
vn 0.1172 0.8399 -0.5299
vn -0.3863 0.2726 -0.8811
vn 0.5825 -0.7545 0.3023
vn 0.8289 -0.3610 0.4273
vn 0.1138 0.8246 0.5541
vn -0.2070 0.9613 -0.1817
vn 0.3828 -0.1950 0.9030
vn -0.9317 -0.1587 0.3266
vn -0.7835 0.4212 -0.4568
vn 0.1095 -0.5789 0.8080
vn -0.3776 0.8673 0.3244
vn 0.5770 0.1469 0.8035
vn -0.8062 -0.2205 0.5491
vn -0.8244 0.0852 0.5595
vn 0.0455 0.9887 -0.1429
vn 0.5820 0.7916 -0.1860
vn 0.5765 -0.8047 -0.1420
vn -0.8057 -0.5476 0.2257
vn 0.5810 0.1872 -0.7921
vn -0.6650 -0.0944 -0.7409
vn -0.8238 -0.5609 -0.0821
vn 0.0455 0.1420 -0.9888
vn -0.6468 0.5486 0.5298
vn 0.2425 -0.7681 -0.5927
vn -0.0679 0.8606 -0.5047
vn -0.3477 -0.6634 0.6625
vn 0.6946 0.5226 0.4943
vn 0.9589 0.2320 0.1636
vn -0.6947 0.5226 0.4943
vn -0.3901 0.8118 -0.4345
vn 0.0681 0.8606 -0.5046
vn 0.3476 -0.6635 0.6625
vn -0.0165 -0.6229 0.7821
vn -0.2415 -0.7682 -0.5930
vn 0.4339 0.7406 0.5131
vn -0.7889 -0.6085 -0.0860
vn 0.6479 -0.4214 -0.6345
vn 0.3858 -0.8213 -0.4202
vn 0.6462 0.3521 0.6771
vn 0.8855 0.4605 0.0617
vn 0.8873 -0.0618 -0.4571
vn -0.2908 -0.9428 0.1629
vn -0.2880 -0.1558 0.9449
vn -0.4392 0.8851 -0.1537
vn 0.0991 0.8990 -0.4267
vn -0.8260 0.2596 0.5004
vn -0.4526 0.1520 -0.8787
vn 0.0999 0.4175 -0.9032
vn -0.8263 -0.4999 -0.2597
vn 0.3900 -0.0338 0.9202
vn 0.3869 -0.9215 0.0337
vn -0.8316 -0.4813 0.2771
vn 0.8874 0.3989 -0.2309
vn -0.4213 -0.1961 -0.8855
vn -0.4204 0.8866 0.1928
vn 0.6654 0.6789 -0.3102
vn -0.6747 0.7335 0.0825
vn -0.6926 -0.6690 0.2697
vn 0.5364 -0.8338 -0.1309
vn -0.9135 0.3978 0.0851
vn -0.6800 -0.3464 -0.6462
vn 0.6841 -0.5205 -0.5109
vn 0.6145 0.3466 0.7087
vn 0.6697 0.6019 0.4350
vn -0.6460 0.3111 0.6971
vn -0.6879 -0.5079 -0.5185
vn -0.2185 0.5349 -0.8161
vn 0.1785 -0.7964 0.5778
vn 0.5344 -0.3014 -0.7897
vn -0.1570 0.7464 -0.6467
vn -0.7836 -0.5521 -0.2850
vn -0.0534 -0.7546 -0.6540
vn 0.3899 -0.1054 -0.9148
vn -0.6017 0.7500 0.2747
vn -0.8977 0.1927 0.3963
vn -0.0068 -0.8401 0.5424
vn 0.3617 -0.9076 -0.2132
vn -0.4173 0.0136 0.9087
vn 0.8771 0.2666 0.3995
vn 0.8736 -0.2780 -0.3994
vn -0.0804 0.5560 0.8273
vn 0.7209 -0.0576 -0.6906
vn -0.6751 -0.0119 -0.7377
vn -0.1107 -0.9932 0.0349
vn 0.1405 0.9900 -0.0152
vn -0.6937 0.1111 0.7116
vn -0.1225 -0.8480 0.5156
vn 0.1280 0.9826 -0.1342
vn 0.6743 0.3032 0.6733
vn -0.8225 -0.5042 0.2632
vn 0.6605 -0.7427 0.1100
vn -0.1227 -0.5375 -0.8343
vn 0.1232 0.0840 0.9888
vn 0.6860 0.7219 -0.0912
vn -0.7222 0.6916 0.0108
vn -0.8496 -0.4718 -0.2358
vn -0.1634 -0.1159 0.9797
vn -0.4919 0.8130 0.3116
vn -0.1660 0.8598 -0.4828
vn -0.1915 -0.5007 0.8442
vn -0.9401 0.1372 0.3119
vn 0.6523 -0.7371 -0.1763
vn 0.6622 0.7455 0.0761
vn -0.5769 -0.5177 -0.6319
vn 0.3506 0.6940 -0.6289
vn -0.4515 0.8678 -0.2073
vn -0.8480 0.4301 -0.3096
vn 0.3303 -0.8275 -0.4540
vn 0.8781 -0.3307 -0.3459
vn 0.3487 0.2865 0.8924
vn -0.4535 0.6469 0.6130
vn 0.8784 -0.4598 0.1303
vn -0.6100 -0.5949 0.5235
vn -0.8471 0.2188 0.4844
vn 0.3314 -0.9432 -0.0244
vn 0.6708 0.7199 -0.1782
vn 0.0998 0.2247 0.9693
vn 0.5858 -0.8099 -0.0311
vn -0.9318 0.1530 0.3291
vn 0.9088 -0.3778 -0.1772
vn -0.3253 -0.8072 -0.4925
vn -0.5570 -0.6686 -0.4927
vn 0.4646 0.5905 0.6599
vn 0.2331 0.8369 0.4953
vn -0.9113 0.2303 -0.3412
vn -0.4644 -0.7597 -0.4552
vn 0.5216 0.7000 0.4878
vn -0.9987 -0.0263 0.0435
vn -0.0090 0.9989 -0.0470
vn 0.0305 -0.8379 -0.5449
vn -0.1454 -0.6613 -0.7359
vn -0.2071 0.7327 0.6483
vn 0.0405 0.9021 0.4297
vn -0.8066 0.3787 -0.4539
vn -0.2841 -0.4338 -0.8551
vn -0.2309 0.7244 0.6496
vn -0.6789 -0.3228 0.6594
vn 0.2649 -0.8465 -0.4618
vn -0.3077 0.5852 -0.7502
vn -0.0281 0.8180 -0.5745
vn 0.2091 -0.7602 0.6152
vn -0.4896 -0.2777 0.8265
vn -0.6959 0.1097 -0.7097
vn 0.6771 -0.0640 -0.7331
vn 0.6971 -0.1848 0.6928
vn 0.2731 0.8263 0.4925
vn -0.2215 -0.9707 -0.0935
vn -0.5348 0.7992 0.2744
vn -0.3646 -0.6209 0.6939
vn 0.3902 -0.7791 -0.4906
vn 0.3874 0.4293 -0.8158
vn -0.4660 0.8800 -0.0917
vn 0.3882 0.4284 0.8160
vn 0.3879 -0.7803 0.4905
vn -0.3646 -0.6210 -0.6939
vn -0.4345 0.8386 0.3287
vn -0.4216 -0.2235 -0.8788
vn 0.3881 -0.9209 0.0353
vn 0.3895 -0.0363 0.9203
vn 0.4787 -0.8664 -0.1419
vn 0.5775 0.1164 0.8080
vn -0.4305 0.8753 0.2203
vn 0.3391 0.8671 -0.3649
vn -0.7486 -0.3191 0.5812
vn -0.4278 -0.2175 -0.8773
vn 0.3414 0.3681 -0.8648
vn -0.7480 -0.5814 0.3203
vn 0.6781 0.0664 0.7319
vn 0.6774 0.4225 -0.6021
vn -0.6944 0.2600 -0.6709
vn -0.6959 -0.1089 0.7098
vn 0.2246 0.8908 -0.3950
vn 0.2256 0.5691 0.7907
vn -0.3396 -0.7063 0.6211
vn -0.3413 -0.3003 -0.8907
vn -0.5697 -0.5232 -0.6338
vn 0.3456 0.6970 -0.6283
vn -0.4597 0.8633 -0.2082
vn -0.8527 0.4191 -0.3118
vn 0.3392 -0.8234 -0.4549
vn 0.8820 -0.3207 -0.3452
vn 0.3459 0.2896 0.8925
vn -0.4583 0.6429 0.6137
vn 0.8827 -0.4490 0.1385
vn -0.6041 -0.6049 0.5188
vn -0.8525 0.2080 0.4796
vn 0.3407 -0.9400 -0.0187
vn -0.7158 -0.6891 0.1129
vn 0.5775 -0.1164 0.8081
vn 0.3392 -0.8670 -0.3650
vn -0.7486 0.3191 0.5812
vn 0.5783 0.8071 -0.1194
vn -0.4277 0.2174 -0.8774
vn 0.3415 -0.3682 -0.8648
vn -0.7479 0.5814 0.3203
vn 0.5880 -0.4863 0.6463
vn -0.6081 -0.7507 -0.2580
vn -0.8483 -0.3110 0.4286
vn -0.4507 -0.2089 0.8679
vn 0.8782 -0.3462 -0.3301
vn 0.3301 -0.4536 -0.8278
vn -0.6104 0.5250 -0.5932
vn -0.8468 0.4843 0.2200
vn 0.3319 -0.0239 -0.9430
vn 0.3474 0.8922 0.2884
vn -0.4549 0.6111 0.6478
vn 0.8785 0.1296 -0.4599
vn -0.6791 0.4196 -0.6023
vn -0.6799 0.0648 0.7305
vn 0.6959 -0.1091 0.7098
vn 0.6988 0.2575 -0.6674
vn -0.1324 0.1439 0.9807
vn -0.1921 -0.8489 0.4925
vn -0.1317 -0.7808 -0.6107
vn 0.0445 0.8649 -0.5000
vn 0.4096 -0.4306 -0.8042
vn -0.5366 0.7006 -0.4704
vn -0.9286 -0.0964 -0.3583
vn -0.5874 -0.5738 -0.5707
vn 0.9164 0.2604 -0.3041
vn 0.5281 0.8491 -0.0120
vn -0.3833 0.4094 0.8279
vn -0.8658 -0.1572 0.4750
vn 0.4934 0.6987 0.5180
vn 0.3659 -0.7299 0.5774
vn -0.5850 -0.7740 0.2421
vn 0.9514 0.1045 0.2898
vn -0.1113 -0.2770 0.9544
vn 0.6353 0.4517 0.6264
vn 0.5823 0.1860 -0.7914
vn -0.3227 -0.5599 -0.7631
vn 0.1017 -0.9380 -0.3315
vn -0.8762 -0.2339 -0.4214
vn 0.0440 0.5001 0.8649
vn -0.1336 0.6047 -0.7851
vn -0.1896 -0.4913 -0.8501
vn -0.1247 -0.9833 0.1325
vn -0.3318 0.7381 0.5874
vn 0.8094 0.4126 -0.4180
vn 0.9243 -0.0161 0.3813
vn 0.4646 0.1527 0.8723
vn -0.6972 0.6408 -0.3215
vn -0.1751 0.4472 -0.8771
vn 0.1504 -0.8453 -0.5128
vn 0.5782 -0.7703 0.2688
vn -0.4204 -0.2018 -0.8846
vn -0.7382 -0.5157 0.4350
vn 0.0703 -0.5826 0.8097
vn -0.9463 -0.0067 -0.3233
vn 0.0443 -0.4998 0.8650
vn -0.1246 0.9833 0.1324
vn -0.1897 0.4912 -0.8502
vn -0.1321 -0.6108 -0.7807
vn 0.3785 0.4243 0.8226
vn 0.3541 -0.9130 -0.2026
vn -0.4410 -0.8599 0.2570
vn -0.4423 -0.2586 0.8588
vn 0.8728 0.4707 -0.1292
vn 0.8719 0.1298 -0.4722
vn -0.6171 -0.1655 -0.7693
vn -0.8403 -0.5406 -0.0404
vn 0.3182 0.4983 -0.8065
vn -0.6184 0.7680 0.1666
vn -0.8402 0.0396 0.5408
vn 0.3203 0.8054 -0.4988
vn 0.3809 0.5036 0.7755
vn 0.6408 0.0466 -0.7663
vn 0.8894 -0.3578 -0.2846
vn 0.8886 -0.1647 0.4281
vn -0.3000 0.8935 0.3342
vn -0.3029 0.6070 -0.7348
vn -0.4470 -0.8418 -0.3025
vn 0.1108 -0.9900 -0.0876
vn -0.8300 0.0125 -0.5577
vn -0.4312 -0.5783 0.6925
vn 0.1119 -0.8159 0.5673
vn -0.8293 0.2931 0.4758
vn -0.3190 -0.9409 -0.1135
vn -0.4472 -0.1609 0.8798
vn 0.1102 -0.4198 0.9009
vn 0.1105 -0.9010 0.4195
vn -0.8301 -0.2694 -0.4882
vn -0.8304 0.4879 0.2691
vn 0.6399 0.6873 0.3436
vn 0.8891 0.0675 0.4527
vn -0.3041 0.9396 -0.1573
vn 0.6409 -0.3429 -0.6867
vn 0.8896 -0.4516 -0.0683
vn -0.3042 0.1580 -0.9394
vn 0.5535 -0.3677 0.7473
vn 0.5111 -0.5554 -0.6560
vn -0.5559 0.5100 -0.6564
vn -0.3702 0.5536 0.7460
vn -0.1359 0.6083 0.7820
vn 0.0438 0.5000 -0.8649
vn -0.1246 -0.9833 -0.1323
vn -0.1929 -0.4871 0.8518
vn -0.3137 0.8741 -0.3708
vn -0.4384 -0.3050 -0.8454
vn 0.1338 -0.0867 -0.9872
vn 0.1277 0.5709 -0.8110
vn -0.8339 0.4789 0.2745
vn -0.8367 -0.5477 -0.0007
vn 0.6272 -0.7762 0.0638
vn 0.8920 -0.2893 -0.3474
vn -0.3210 -0.7300 0.6033
vn 0.6334 0.6383 0.4374
vn 0.8930 0.4241 -0.1503
vn -0.3193 0.3318 0.8877
vn -0.1330 -0.3836 0.9139
vn 0.0430 0.9991 -0.0001
vn -0.1230 -0.3761 -0.9184
vn -0.1910 -0.9816 -0.0035
vn -0.3978 -0.7411 0.5409
vn -0.4224 0.8722 0.2464
vn 0.3888 0.4296 -0.8150
vn 0.3842 -0.7813 -0.4919
vn 0.6678 -0.6797 -0.3033
vn -0.6722 -0.7351 0.0887
vn -0.6760 0.5907 0.4406
vn 0.6662 0.7418 0.0764
vn -0.5761 -0.1280 -0.8073
vn 0.3543 0.9139 -0.1982
vn -0.4487 0.8565 0.2551
vn -0.8487 0.5259 -0.0557
vn 0.3272 -0.4875 -0.8095
vn 0.8772 -0.1106 -0.4672
vn 0.3530 -0.1974 0.9146
vn -0.4501 0.2564 0.8554
vn 0.8771 -0.4672 -0.1114
vn -0.6089 -0.7784 0.1527
vn -0.8488 -0.0545 0.5260
vn 0.3272 -0.8097 -0.4872
vn -0.4667 -0.8692 -0.1631
vn -0.6694 0.6862 0.2848
vn 0.2722 -0.4921 0.8269
vn -0.2221 0.0934 -0.9706
vn 0.6187 0.7512 -0.2301
vn 0.6974 -0.6136 -0.3703
vn -0.6253 -0.4846 0.6117
vn -0.5607 0.7668 -0.3126
vn 0.2723 0.8402 0.4689
vn -0.2238 -0.5687 -0.7915
vn 0.7099 0.3861 -0.5890
vn 0.6311 0.7413 0.2285
vn -0.1032 -0.5753 -0.8114
vn 0.6451 -0.7283 0.2311
vn 0.5733 0.4416 0.6902
vn -0.3237 -0.3572 -0.8761
vn 0.6673 0.3051 -0.6794
vn -0.6723 -0.0884 -0.7350
vn -0.6991 -0.2020 0.6859
vn 0.5362 -0.0090 0.8440
vn -0.3975 0.8912 -0.2184
vn -0.6170 -0.1657 0.7693
vn -0.8402 -0.5408 0.0403
vn -0.8403 0.0400 -0.5407
vn 0.3202 0.8055 0.4987
vn 0.3183 0.4983 0.8064
vn 0.3540 -0.9131 0.2024
vn -0.4410 -0.8599 -0.2570
vn 0.8719 0.1297 0.4722
vn 0.3547 0.2012 -0.9131
vn -0.4424 -0.2584 -0.8588
vn 0.8729 0.4706 0.1292
vn -0.5846 -0.0887 -0.8065
vn 0.6047 -0.7816 -0.1530
vn 0.8512 -0.0537 -0.5220
vn 0.4570 0.2528 -0.8528
vn -0.8821 -0.4594 0.1042
vn -0.3405 -0.8064 0.4835
vn 0.6044 0.1430 0.7837
vn 0.8536 0.5173 0.0605
vn -0.3387 -0.4866 0.8053
vn -0.3483 0.9159 0.1995
vn 0.4558 0.8551 -0.2470
vn -0.8819 -0.1024 0.4602
vn 0.4274 0.5028 0.7513
vn -0.2360 0.9547 -0.1815
vn 0.4599 0.7130 -0.5292
vn 0.7848 0.5925 -0.1816
vn -0.4188 0.1020 0.9024
vn -0.8639 0.2683 0.4262
vn -0.4704 -0.3291 -0.8188
vn 0.4698 -0.0462 -0.8816
vn -0.9342 -0.1913 0.3010
vn 0.6013 -0.7284 0.3284
vn 0.8691 -0.1913 -0.4561
vn -0.4617 -0.3676 0.8073
vn 0.2298 0.8879 0.3986
vn -0.3424 -0.3019 0.8897
vn -0.3405 -0.7068 -0.6201
vn 0.2277 0.5751 -0.7858
vn 0.2171 -0.8919 0.3967
vn -0.3433 0.3004 0.8899
vn -0.3436 0.7059 -0.6194
vn 0.2288 -0.5743 -0.7860
vn -0.3444 -0.6172 0.7075
vn -0.3404 0.8914 0.2994
vn 0.2264 0.3992 -0.8885
vn 0.2274 -0.7859 -0.5750
vn -0.6521 -0.6632 0.3674
vn 0.6409 0.0466 0.7662
vn 0.8894 -0.3577 0.2847
vn 0.1108 -0.9900 0.0878
vn -0.8299 0.0125 0.5577
vn -0.3027 0.6070 0.7348
vn 0.6409 0.4222 -0.6411
vn 0.8885 -0.1648 -0.4282
vn -0.3000 0.8935 -0.3342
vn -0.4312 -0.5782 -0.6926
vn 0.1120 -0.8159 -0.5673
vn -0.8293 0.2931 -0.4758
vn -0.7367 0.5878 0.3343
vn 0.3383 -0.6622 -0.6686
vn 0.4386 0.6376 -0.6333
vn -0.4391 -0.6382 0.6324
vn 0.6435 0.2299 0.7301
vn 0.6396 0.6777 0.3629
vn -0.6280 -0.0620 0.7757
vn -0.8919 0.3469 0.2903
vn -0.1307 0.9876 0.0874
vn 0.8365 0.0022 0.5479
vn 0.3224 -0.6035 0.7293
vn -0.6317 -0.4385 -0.6392
vn -0.8928 0.1519 -0.4241
vn 0.3190 -0.8875 -0.3326
vn 0.4301 0.5842 -0.6883
vn -0.1298 0.8118 -0.5693
vn 0.8346 -0.2741 -0.4778
vn -0.3923 -0.6316 -0.6687
vn -0.6082 0.7507 -0.2581
vn -0.8482 0.3110 0.4287
vn -0.8468 -0.4843 0.2201
vn 0.3318 0.0237 -0.9431
vn 0.3302 0.4536 -0.8278
vn 0.3520 0.6298 0.6924
vn -0.4507 0.2090 0.8678
vn 0.8781 0.3462 -0.3302
vn 0.3473 -0.8923 0.2885
vn -0.4549 -0.6110 0.6478
vn 0.8785 -0.1296 -0.4599
vn 0.9478 -0.3170 0.0341
vn -0.6421 -0.4003 0.6538
vn -0.0000 0.5066 0.8622
vn 0.3435 0.4597 0.8190
vn 0.1166 -0.7070 -0.6976
vn -0.0000 -0.8027 -0.5963
vn -0.2732 0.7725 -0.5733
vn -0.0000 0.7052 0.7090
vn -0.0000 -0.7353 -0.6777
vn -0.6571 -0.6338 0.4081
vn 0.2733 0.7726 -0.5731
vn -0.3432 0.4598 0.8190
vn -0.1166 -0.7069 -0.6976
vn 0.6422 -0.4003 0.6538
vn 0.3758 -0.5125 -0.7721
vn 0.6278 -0.0618 0.7759
vn 0.8917 0.3471 0.2905
vn 0.8927 0.1522 -0.4242
vn -0.3190 -0.8875 -0.3326
vn -0.3225 -0.6034 0.7293
vn -0.4378 0.8465 0.3029
vn 0.1307 0.9875 0.0876
vn -0.8366 0.0021 0.5479
vn -0.4302 0.5841 -0.6883
vn 0.1297 0.8118 -0.5694
vn -0.8346 -0.2741 -0.4778
vn 0.4431 0.6672 0.5988
vn -0.8228 -0.3765 -0.4258
vn -0.3432 0.4599 -0.8190
vn -0.0000 0.7052 -0.7090
vn -0.0000 -0.7353 0.6778
vn -0.1166 -0.7069 0.6976
vn 0.6420 -0.4003 -0.6539
vn -0.0001 0.5067 -0.8621
vn -0.0000 -0.8028 0.5963
vn 0.6569 -0.6339 -0.4082
vn -0.2738 0.7724 0.5731
vn 0.3434 0.4597 -0.8190
vn 0.1167 -0.7069 0.6976
vn -0.6421 -0.4003 -0.6538
vn -0.4675 -0.1628 0.8689
vn -0.6711 0.2838 -0.6849
vn 0.6210 -0.2247 -0.7509
vn 0.6965 -0.3718 0.6137
vn 0.8635 0.4798 0.1555
vn -0.6435 0.2297 0.7302
vn -0.3384 -0.6625 -0.6683
vn -0.4386 0.6376 -0.6333
vn 0.4391 -0.6382 0.6323
vn 0.6958 -0.7098 -0.1098
vn 0.6460 0.7630 0.0228
vn -0.6864 0.6278 0.3670
vn -0.6780 -0.7320 0.0669
vn -0.6686 -0.6874 0.2835
vn -0.6473 0.7608 -0.0470
vn 0.6474 0.5634 -0.5133
vn 0.6186 -0.7512 -0.2301
vn 0.7348 0.5879 -0.3382
vn -0.3406 -0.6612 0.6684
vn -0.4375 0.6400 0.6317
vn 0.4391 -0.6374 -0.6331
vn -0.6460 0.2291 -0.7282
vn -0.4312 -0.6501 -0.6256
vn -0.4025 -0.5188 0.7542
vn 0.5181 -0.7398 0.4293
vn -0.8817 0.4078 -0.2372
vn 0.4506 0.6248 0.6376
vn 0.4404 0.1784 -0.8799
vn 0.7826 -0.2872 0.5524
vn -0.5492 0.8102 -0.2048
vn -0.3443 0.7049 0.6202
vn 0.2236 -0.5726 0.7888
vn 0.2255 -0.8892 -0.3981
vn -0.3416 0.2981 -0.8913
vn 0.6696 0.6029 -0.4339
vn 0.5363 -0.3022 0.7880
vn -0.3868 0.4791 0.7879
vn 0.3177 -0.7801 -0.5390
vn -0.6865 -0.5132 0.5151
vn -0.6829 0.2912 -0.6700
vn -0.5777 0.7651 0.2845
vn 0.3486 -0.2867 0.8924
vn -0.4535 -0.6470 0.6130
vn -0.8470 -0.2190 0.4843
vn 0.3314 0.9432 -0.0244
vn 0.8784 0.4598 0.1304
vn 0.3505 -0.6941 -0.6287
vn -0.4515 -0.8679 -0.2071
vn 0.8780 0.3306 -0.3461
vn -0.6092 0.2553 -0.7508
vn -0.8480 -0.4303 -0.3094
vn 0.3302 0.8275 -0.4541
vn -0.4647 -0.6310 -0.6213
vn -0.4884 0.7750 -0.4011
vn -0.8431 0.3584 0.4009
vn 0.4247 0.3684 -0.8270
vn 0.5703 0.3825 0.7269
vn -0.3595 0.1795 0.9157
vn 0.9460 0.1747 -0.2731
vn 0.3225 -0.9216 0.2158
vn 0.6783 0.5763 0.4558
vn -0.4113 -0.7072 0.5751
vn -0.1748 0.5371 -0.8252
vn 0.0618 -0.5406 0.8390
vn 0.5901 -0.3494 -0.7278
vn -0.3415 0.9218 0.1833
vn 0.2273 -0.1044 0.9682
vn 0.2270 -0.9676 0.1106
vn -0.3427 -0.1846 -0.9211
vn 0.6965 -0.4517 -0.5575
vn -0.6762 -0.3102 -0.6682
vn -0.6947 0.5071 0.5101
vn 0.6420 0.3990 0.6547
vn -0.8547 0.4619 0.2369
vn 0.5951 0.3675 0.7147
vn 0.6917 -0.5156 -0.5057
vn -0.6788 -0.3852 -0.6253
vn 0.6486 0.6255 -0.4337
vn 0.4181 -0.8498 -0.3209
vn -0.3545 -0.7658 0.5365
vn 0.1162 -0.3416 0.9326
vn -0.8690 -0.4394 0.2274
vn -0.6864 0.6740 0.2730
vn 0.5727 0.6050 0.5531
vn 0.0207 -0.5443 0.8386
vn -0.3459 0.8001 -0.4901
vn 0.5555 -0.6230 0.5507
vn 0.7210 -0.3822 -0.5780
vn 0.0904 0.3917 -0.9156
vn 0.4522 -0.6758 0.5821
vn -0.9451 -0.3256 -0.0286
vn 0.9542 0.2669 -0.1354
vn -0.9366 0.0746 0.3424
vn 0.3241 -0.0915 0.9416
vn 0.8109 0.1402 -0.5681
vn 0.5853 -0.7582 -0.2873
vn 0.4984 -0.7076 0.5009
vn 0.0855 0.7372 0.6702
vn 0.2126 0.9372 -0.2765
vn -0.5524 -0.0991 -0.8277
vn -0.1945 -0.8164 -0.5438
vn -0.4998 0.6749 -0.5429
vn -0.7896 -0.4910 0.3680
vn -0.4371 -0.8910 0.1225
vn -0.6774 0.6221 0.3927
vn -0.9071 0.2771 0.3169
vn 0.7007 -0.1762 0.6914
vn -0.2106 -0.9776 -0.0062
vn 0.4871 0.8733 0.0081
vn 0.6169 -0.0821 -0.7828
vn -0.1396 -0.8857 -0.4428
vn 0.1052 0.9878 0.1152
vn -0.8853 -0.0036 -0.4650
vn -0.5002 -0.7980 -0.3362
vn 0.4477 0.8846 0.1304
vn 0.6851 -0.2048 -0.6991
vn -0.8785 -0.0932 -0.4685
vn -0.9283 0.1197 0.3521
vn -0.5299 -0.7387 0.4167
vn 0.4492 0.8842 -0.1278
vn 0.6617 -0.0486 0.7482
vn 0.6868 0.7017 0.1895
vn 0.6141 -0.7891 0.0143
vn -0.6455 -0.7598 -0.0774
vn -0.0394 -0.4598 0.8871
vn 0.0309 0.0968 -0.9948
vn -0.7050 0.7091 0.0055
vn 0.8523 -0.3850 0.3541
vn 0.0809 -0.7011 -0.7084
vn 0.7233 0.4192 -0.5488
vn 0.6825 0.2108 -0.6998
vn -0.6771 0.0801 -0.7315
vn -0.6871 -0.0028 0.7265
vn 0.6861 -0.0972 0.7210
vn -0.6996 0.4462 -0.5581
vn -0.6482 -0.3665 0.6674
vn 0.7090 -0.4760 0.5203
vn 0.6762 0.3095 -0.6686
vn 0.7174 0.6676 -0.1992
vn 0.3774 -0.1928 0.9057
vn -0.2072 0.2138 0.9547
vn 0.8100 -0.5421 -0.2236
vn -0.6998 -0.5867 0.4075
vn -0.6376 0.1995 -0.7440
vn -0.6688 -0.6857 0.2873
vn 0.6165 -0.7519 -0.2337
vn 0.7152 0.6054 -0.3492
vn -0.5561 0.8183 0.1454
vn -0.6389 -0.2034 0.7419
vn 0.7045 -0.5860 0.4003
vn 0.3766 0.1905 -0.9066
vn -0.2062 -0.2100 -0.9557
vn 0.8100 0.5420 0.2239
vn -0.6972 0.5867 -0.4119
vn -0.6796 0.7306 0.0657
vn -0.6953 -0.6943 0.1859
vn 0.6461 -0.7629 0.0228
vn 0.6959 0.7097 -0.1097
vn 0.5689 0.1350 -0.8112
vn -0.3441 -0.9184 -0.1952
vn 0.4604 -0.8514 0.2514
vn 0.8533 -0.5177 -0.0622
vn -0.3369 0.4847 -0.8072
vn -0.8811 0.1049 -0.4611
vn -0.3459 0.1985 0.9170
vn 0.4640 -0.2507 0.8496
vn -0.8826 0.4585 -0.1043
vn 0.6057 0.7830 0.1416
vn 0.8546 0.0659 0.5151
vn -0.3391 0.8050 -0.4869
vn -0.7996 0.2594 -0.5416
vn -0.3851 -0.8203 0.4227
vn 0.0202 -0.9281 -0.3718
vn -0.1918 -0.4991 -0.8451
vn -0.6781 0.6519 0.3394
vn -0.4299 0.1637 0.8879
vn 0.8788 -0.1545 0.4514
vn 0.7734 -0.5365 -0.3376
vn 0.1059 0.4280 0.8976
vn 0.4568 0.7150 -0.5292
vn 0.5574 -0.1285 -0.8203
vn -0.1581 0.9186 0.3623
vn -0.6948 -0.2555 0.6722
vn 0.6803 -0.4215 0.5996
vn 0.6782 -0.0665 -0.7319
vn -0.5361 0.2767 -0.7976
vn -0.3621 0.6943 0.6219
vn 0.3884 -0.4930 0.7785
vn 0.3884 -0.8157 -0.4287
vn 0.5823 -0.3225 -0.7463
vn -0.6035 0.6050 -0.5194
vn -0.8525 -0.2076 -0.4798
vn -0.4586 -0.6429 -0.6135
vn 0.8825 0.4494 -0.1386
vn 0.3407 0.9400 0.0182
vn -0.6044 0.2644 0.7515
vn -0.8527 -0.4189 0.3121
vn 0.3395 0.8237 0.4541
vn 0.3451 -0.6962 0.6295
vn -0.4601 -0.8631 0.2084
vn 0.8820 0.3215 0.3446
vn 0.0043 0.6602 -0.7511
vn 0.8027 0.5683 0.1808
vn 0.1177 0.8399 0.5298
vn -0.2070 0.9614 0.1815
vn 0.3828 -0.1952 -0.9030
vn 0.8288 -0.3611 -0.4275
vn 0.1413 -0.5572 0.8182
vn -0.3859 0.2724 0.8814
vn 0.5826 -0.7544 -0.3025
vn -0.9317 -0.1588 -0.3267
vn -0.7835 0.4213 0.4567
vn 0.1096 -0.5789 -0.8080
vn 0.2692 -0.7801 0.5648
vn -0.7643 0.5936 -0.2519
vn -0.0666 0.8605 0.5050
vn -0.3502 -0.6632 -0.6615
vn 0.6932 0.5084 -0.5108
vn -0.4328 -0.8750 -0.2169
vn -0.4023 -0.0733 0.9126
vn 0.4852 0.8505 0.2031
vn 0.4862 -0.2065 -0.8491
vn 0.6664 0.3075 0.6792
vn -0.6480 -0.0762 0.7579
vn -0.7059 -0.4268 -0.5653
vn 0.6648 -0.0748 -0.7432
vn -0.4269 0.4706 0.7722
vn 0.9504 0.0431 -0.3079
vn 0.6919 -0.5637 0.4512
vn 0.3262 -0.4264 0.8437
vn -0.5134 0.8165 -0.2640
vn -0.0451 0.6434 -0.7642
vn -0.2362 -0.6869 -0.6873
vn 0.0980 -0.9952 0.0053
vn -0.4101 0.1387 -0.9014
vn -0.8960 -0.4435 0.0197
vn -0.3064 -0.8477 0.4331
vn -0.8539 0.3007 -0.4248
vn 0.6492 0.5477 -0.5278
vn -0.2397 -0.7682 0.5936
vn 0.0667 0.8605 0.5051
vn 0.3501 -0.6630 -0.6617
vn -0.6930 0.5199 -0.4994
vn -0.3914 0.8133 0.4305
vn -0.0156 -0.6227 -0.7823
vn -0.4913 -0.8258 -0.2770
vn -0.6958 0.7098 0.1099
vn 0.6788 0.7317 -0.0627
vn 0.6952 -0.6945 -0.1856
vn -0.3200 0.7574 0.5691
vn -0.4312 0.5782 -0.6926
vn 0.1121 0.8159 -0.5673
vn 0.1108 0.9900 0.0877
vn -0.8299 -0.0125 0.5577
vn -0.8293 -0.2931 -0.4758
vn 0.6411 -0.4220 -0.6410
vn 0.8886 0.1647 -0.4281
vn -0.2999 -0.8935 -0.3344
vn 0.6410 -0.0466 0.7661
vn 0.8894 0.3577 0.2846
vn -0.3027 -0.6070 0.7348
vn 0.6741 0.5620 0.4792
vn 0.2232 -0.8724 0.4347
vn -0.4335 -0.3954 0.8098
vn -0.2545 0.4198 0.8712
vn 0.9456 0.0264 -0.3243
vn 0.7126 -0.6223 -0.3238
vn -0.6656 -0.5425 -0.5125
vn -0.9407 -0.2070 0.2689
vn 0.1864 -0.4272 -0.8847
vn -0.3453 0.8418 -0.4150
vn -0.7091 0.5913 0.3840
vn 0.4246 0.2199 -0.8783
vn -0.7213 -0.6863 0.0935
vn 0.2228 0.8202 -0.5269
vn 0.6480 -0.4215 0.6344
vn -0.6960 0.1097 0.7097
vn 0.6779 -0.0664 0.7321
vn 0.7174 -0.3690 -0.5909
vn -0.6917 -0.2610 -0.6734
vn -0.6026 -0.6604 0.4480
vn -0.5604 0.8212 0.1075
vn 0.6659 0.5467 -0.5076
vn 0.8082 0.4661 0.3600
vn -0.3206 -0.0452 -0.9461
vn 0.5896 -0.7555 -0.2857
vn -0.9454 0.2509 0.2079
vn -0.0001 0.9867 0.1626
vn 0.0304 -0.8464 0.5317
vn -0.1726 -0.5881 0.7901
vn -0.2048 0.7656 -0.6098
vn 0.0406 0.8828 -0.4681
vn -0.8763 -0.3879 -0.2857
vn -0.2879 -0.8152 0.5026
vn -0.2417 0.6967 -0.6754
vn -0.9643 0.2543 0.0741
vn 0.9365 -0.3291 0.1215
vn -0.2422 -0.8263 0.5085
vn -0.4052 -0.8096 0.4246
vn 0.5404 0.6819 -0.4929
vn 0.2327 0.8343 -0.4998
vn -0.9487 -0.2105 -0.2361
vn -0.5010 -0.6849 0.5291
vn 0.4583 0.6010 -0.6548
vn -0.3995 0.2035 0.8939
vn -0.6088 -0.7785 -0.1526
vn -0.8487 -0.0546 -0.5260
vn -0.8487 0.5260 0.0556
vn 0.3273 -0.4875 0.8095
vn 0.3273 -0.8096 0.4873
vn 0.3531 -0.1974 -0.9145
vn -0.4501 0.2564 -0.8554
vn 0.8771 -0.4671 0.1113
vn 0.3543 0.9139 0.1982
vn -0.4487 0.8565 -0.2552
vn 0.8772 -0.1106 0.4672
vn -0.9318 -0.1231 -0.3415
vn 0.6694 0.7206 0.1808
vn 0.5845 -0.8108 0.0320
vn -0.1228 -0.5351 0.8358
vn 0.1231 0.0847 -0.9888
vn 0.7426 0.1827 -0.6443
vn 0.6612 -0.0848 0.7454
vn -0.8827 -0.1621 0.4411
vn -0.8740 0.1030 -0.4748
vn 0.6540 -0.7361 0.1747
vn 0.0635 -0.2075 -0.9762
vn 0.6766 0.7257 -0.1247
vn 0.7188 0.6899 0.0855
vn 0.6229 -0.7818 -0.0287
vn -0.6140 -0.7810 -0.1145
vn -0.7336 0.6795 0.0011
vn -0.8192 0.3401 -0.4618
vn -0.2402 -0.3464 -0.9068
vn -0.2701 0.9018 0.3373
vn -0.2385 -0.5043 -0.8299
vn -0.7722 -0.4933 0.4005
vn 0.5560 -0.2212 -0.8012
vn -0.4243 0.8105 -0.4037
vn -0.4224 0.5026 0.7543
vn 0.4598 -0.6150 0.6406
vn -0.4516 0.1032 0.8862
vn 0.6719 0.7350 0.0915
vn 0.8242 0.0857 0.5598
vn -0.0455 0.9887 -0.1425
vn 0.6644 -0.0948 -0.7414
vn 0.8235 -0.5612 -0.0827
vn -0.0454 0.1416 -0.9889
vn -0.5559 -0.8164 -0.1565
vn -0.6513 0.0671 0.7559
vn 0.6661 -0.3078 0.6794
vn 0.6659 0.0786 -0.7419
vn -0.7061 0.4268 -0.5650
vn -0.8387 0.3673 -0.4021
vn 0.5348 0.8343 0.1339
vn -0.3858 0.4445 0.8084
vn 0.3179 -0.0776 -0.9449
vn 0.6706 -0.6765 0.3045
vn -0.6788 -0.7302 -0.0781
vn -0.0069 -0.3718 -0.9283
vn 0.4376 -0.8452 0.3067
vn 0.1193 -0.3386 -0.9333
vn -0.8699 -0.4384 -0.2260
vn 0.6244 0.5781 0.5253
vn -0.6861 0.6751 -0.2710
vn 0.7689 -0.5937 -0.2372
vn -0.6825 0.6173 -0.3913
vn 0.6682 0.4379 0.6014
vn -0.6061 0.7876 0.1109
vn 0.4598 -0.1616 0.8732
vn -0.0886 -0.4244 0.9011
vn -0.8832 0.0540 0.4659
vn 0.2912 0.9441 -0.1549
vn 0.8266 0.4984 0.2614
vn 0.4715 -0.8674 0.1589
vn -0.0939 -0.9036 0.4180
vn 0.8279 -0.2611 -0.4964
vn -0.6481 -0.3499 -0.6764
vn -0.8867 -0.4590 -0.0562
vn 0.2945 0.1642 -0.9414
vn -0.7833 0.3199 -0.5330
vn 0.3826 0.8796 0.2829
vn -0.2016 0.7228 0.6610
vn 0.8105 0.0809 -0.5802
vn 0.7029 -0.6389 0.3125
vn -0.6346 -0.7478 -0.1951
vn 0.6704 0.3076 0.6753
vn 0.1318 -0.8891 0.4383
vn -0.4245 -0.4220 0.8011
vn -0.0936 0.2204 0.9709
vn 0.9946 0.0194 -0.1023
vn 0.5877 -0.7560 -0.2883
vn -0.7516 -0.3338 -0.5690
vn -0.9521 0.0268 0.3045
vn 0.2057 -0.3747 -0.9041
vn -0.0758 0.9824 -0.1705
vn -0.5792 0.7313 0.3603
vn 0.5956 0.4348 -0.6755
vn 0.3774 0.3299 0.8653
vn -0.5558 0.8158 0.1599
vn 0.8239 0.5604 0.0846
vn -0.0453 -0.1422 0.9888
vn -0.5564 -0.1584 -0.8157
vn 0.6675 -0.7388 -0.0932
vn 0.8238 -0.0840 -0.5606
vn -0.0455 -0.9888 0.1419
vt 1.210600 -1.277520
vt 1.226590 -1.277520
vt 1.226590 -1.250210
vt 1.210600 -1.244080
vt 0.839155 -1.886420
vt 0.848919 -1.889030
vt 0.858017 -1.873280
vt 0.839155 -1.868220
vt 25.977699 -44.857498
vt 25.977699 -44.853699
vt 25.968800 -44.857498
vt 1.548760 -1.277520
vt 1.567370 -1.277520
vt 1.567370 -1.244080
vt 1.548760 -1.240220
vt 1.490180 -1.244080
vt 1.490180 -1.277520
vt 1.508800 -1.277520
vt 1.508800 -1.240220
vt 25.997299 -44.857498
vt 25.988400 -44.853699
vt 25.988400 -44.857498
vt 26.022301 -44.857498
vt 26.031200 -44.857498
vt 26.022301 -44.853699
vt 26.086000 -44.980400
vt 26.081100 -44.994400
vt 26.086399 -45.000000
vt 26.104401 -45.000000
vt 0.640429 -1.905950
vt 0.640429 -1.869510
vt 0.622232 -1.873280
vt 0.622232 -1.905950
vt 26.002701 -44.857498
vt 26.011600 -44.857498
vt 26.011600 -44.853699
vt 26.008801 -44.843102
vt 26.015200 -44.849499
vt 26.019100 -44.847301
vt 26.011000 -44.839199
vt 26.011600 -44.865002
vt 26.006701 -44.869900
vt 26.008801 -44.873501
vt 26.015200 -44.867100
vt 26.011600 -44.851601
vt 26.006701 -44.846699
vt 1.270150 -1.277520
vt 1.304900 -1.277520
vt 1.304900 -1.271380
vt 1.270150 -1.266400
vt 25.982000 -44.940701
vt 25.976200 -44.930698
vt 25.958799 -44.948101
vt 25.968901 -44.953899
vt 25.982500 -44.858299
vt 25.984800 -44.849499
vt 25.980900 -44.847301
vt 25.977900 -44.858299
vt 26.023800 -44.930698
vt 26.018000 -44.940701
vt 26.031099 -44.953899
vt 26.041201 -44.948101
vt 26.023800 -45.013100
vt 26.041201 -44.995701
vt 26.031099 -44.989899
vt 26.018000 -45.002998
vt 26.011000 -44.877399
vt 26.000000 -44.875801
vt 26.000000 -44.880402
vt 0.732995 -1.905950
vt 0.757218 -1.905950
vt 0.757218 -1.895590
vt 0.732995 -1.889630
vt 0.697682 -1.905950
vt 0.713308 -1.905950
vt 0.713308 -1.879270
vt 0.697682 -1.873280
vt 25.894699 -45.136600
vt 25.902399 -45.115898
vt 25.873100 -45.105000
vt 25.862400 -45.124699
vt 1.604980 -1.276460
vt 1.357630 -1.275020
vt 1.357630 -1.277520
vt 1.604980 -1.277520
vt 1.369710 -1.310980
vt 1.383850 -1.296840
vt 1.367720 -1.287530
vt 1.360400 -1.294860
vt 26.003799 -44.835201
vt 26.000000 -44.840801
vt 26.004999 -44.840801
vt 26.003799 -44.845901
vt 25.876101 -45.000000
vt 25.876101 -44.991199
vt 25.871700 -44.993301
vt 25.871700 -45.000000
vt 0.871826 -1.887080
vt 0.876880 -1.905950
vt 0.892506 -1.905950
vt 0.885358 -1.879270
vt 26.000000 -44.826199
vt 25.996201 -44.835201
vt 26.000000 -44.835201
vt 26.000000 -44.845901
vt 25.996201 -44.845901
vt 26.000000 -44.854801
vt 26.003799 -44.879799
vt 26.004999 -44.874199
vt 26.000000 -44.874199
vt 26.003799 -44.869099
vt 25.995001 -44.840801
vt 26.000000 -44.888699
vt 26.000000 -44.879799
vt 25.996201 -44.879799
vt 26.000000 -44.869099
vt 26.000000 -44.860199
vt 25.996201 -44.869099
vt 26.073299 -44.971901
vt 26.063499 -44.935200
vt 26.051399 -44.942200
vt 26.059299 -44.971901
vt 26.000000 -45.069401
vt 26.008900 -45.077202
vt 26.014999 -45.069801
vt 26.000000 -45.056702
vt 0.820293 -1.873280
vt 0.806485 -1.887080
vt 0.822244 -1.896180
vt 0.829391 -1.889030
vt 25.965599 -45.136600
vt 25.969299 -45.152901
vt 26.000000 -45.142200
vt 26.000000 -45.124699
vt 26.019100 -44.869301
vt 26.022100 -44.858299
vt 26.017500 -44.858299
vt 25.935101 -44.950802
vt 25.950500 -44.966599
vt 25.971300 -44.942001
vt 25.962601 -44.918301
vt 26.000000 -45.031200
vt 25.970301 -45.023201
vt 25.963400 -45.035301
vt 26.000000 -45.045200
vt 0.622232 -1.938620
vt 0.606606 -1.905950
vt 0.606606 -1.932620
vt 1.191980 -1.240220
vt 1.172000 -1.238910
vt 1.172000 -1.277520
vt 1.191980 -1.277520
vt 25.964001 -44.971901
vt 25.976200 -44.971901
vt 25.979401 -44.959900
vt 26.011900 -44.951199
vt 26.020599 -44.959900
vt 25.988100 -44.951199
vt 26.020599 -44.983799
vt 26.035999 -44.971901
vt 26.023800 -44.971901
vt 0.792952 -1.879270
vt 0.812480 -1.859740
vt 0.806485 -1.849360
vt 0.782568 -1.873280
vt 25.983299 -44.857498
vt 25.983299 -44.852501
vt 25.888599 -45.152901
vt 25.917400 -45.163601
vt 25.926901 -45.148602
vt 26.011900 -44.992500
vt 0.872621 -1.905950
vt 0.872621 -1.906900
vt 1.092420 -1.906390
vt 1.092420 -1.905950
vt 1.343150 -1.275020
vt 1.343150 -1.277520
vt 1.395870 -1.277520
vt 1.395870 -1.271380
vt 1.117410 -1.304830
vt 1.133400 -1.310960
vt 1.133400 -1.277520
vt 1.117410 -1.277520
vt 25.993999 -45.036499
vt 25.986700 -45.043098
vt 26.000000 -45.042400
vt 26.013300 -45.043098
vt 26.006001 -45.036499
vt 0.812480 -1.952150
vt 0.822840 -1.934210
vt 0.810896 -1.922260
vt 0.792952 -1.932620
vt 25.980900 -44.869301
vt 25.989000 -44.877399
vt 25.991199 -44.873501
vt 25.984800 -44.867100
vt 1.377700 -1.230220
vt 1.350390 -1.222900
vt 1.350390 -1.243650
vt 1.367320 -1.248190
vt 26.036600 -44.908401
vt 26.029699 -44.920502
vt 26.080700 -44.946701
vt 26.046600 -44.907700
vt 26.037600 -44.931499
vt 26.064899 -44.963200
vt 25.935101 -44.963200
vt 25.919300 -44.946701
vt 25.906700 -44.995800
vt 25.924999 -45.002102
vt 25.923401 -44.971901
vt 25.923401 -45.001499
vt 25.937201 -44.994701
vt 25.937201 -44.971901
vt 25.983299 -44.862400
vt 26.016701 -44.857498
vt 26.016701 -44.862400
vt 26.128300 -45.000000
vt 26.128300 -44.976200
vt 26.116400 -44.981998
vt 26.116400 -45.000000
vt 1.430630 -1.266400
vt 1.430630 -1.277520
vt 1.454460 -1.277520
vt 1.454460 -1.260590
vt 1.351450 -1.279350
vt 1.352220 -1.278580
vt 1.351390 -1.278100
vt 1.350970 -1.278520
vt 25.962400 -44.931499
vt 25.953400 -44.907700
vt 26.016701 -44.852501
vt 25.859800 -45.018002
vt 25.871700 -45.023800
vt 25.859800 -45.000000
vt 26.000000 -44.890999
vt 26.000000 -44.917198
vt 26.064800 -45.020802
vt 26.037399 -45.039700
vt 26.046600 -45.058899
vt 26.080700 -45.034100
vt 25.995001 -44.874199
vt 26.128300 -45.006699
vt 26.132700 -45.008801
vt 26.132700 -45.000000
vt 26.049500 -44.966599
vt 26.037500 -45.053101
vt 26.064899 -45.033401
vt 26.049500 -45.020302
vt 26.028700 -45.034698
vt 26.000000 -44.929901
vt 26.000000 -44.903500
vt 26.000000 -45.110401
vt 25.972401 -45.100800
vt 25.968800 -45.115898
vt 26.000000 -45.126701
vt 26.071301 -44.935200
vt 26.048500 -44.950500
vt 26.066099 -44.971298
vt 26.094200 -44.962601
vt 0.805689 -1.905950
vt 0.885935 -1.905950
vt 0.885935 -1.900660
vt 0.832909 -1.904040
vt 0.805689 -1.905000
vt 0.872621 -1.905000
vt 0.845401 -1.904040
vt 0.792376 -1.900660
vt 0.792376 -1.905950
vt 26.000000 -45.073399
vt 26.005600 -45.071400
vt 26.000000 -45.066700
vt 26.000000 -45.057098
vt 25.971300 -45.034698
vt 25.962500 -45.053101
vt 26.000000 -45.037102
vt 25.994400 -45.071400
vt 26.031200 -45.115898
vt 26.027599 -45.100800
vt 1.397690 -1.250210
vt 1.379720 -1.260590
vt 26.049299 -44.962601
vt 26.036200 -45.000000
vt 26.056101 -45.000000
vt 26.031099 -44.953400
vt 26.049299 -45.037399
vt 26.031099 -45.046600
vt 25.948601 -45.001499
vt 25.940701 -44.971901
vt 25.926701 -44.971901
vt 25.936501 -45.008499
vt 25.883600 -45.018002
vt 25.883600 -45.000000
vt 25.867300 -45.000000
vt 25.867300 -44.991199
vt 1.548760 -1.314820
vt 1.548760 -1.342120
vt 1.567370 -1.335440
vt 1.567370 -1.310960
vt 26.030701 -45.152901
vt 26.034401 -45.136600
vt 1.270150 -1.288640
vt 1.246320 -1.277520
vt 1.246320 -1.294450
vt 0.980629 -1.873280
vt 0.980629 -1.905950
vt 0.998826 -1.905950
vt 0.998826 -1.869510
vt 26.081100 -45.005600
vt 26.079399 -45.000000
vt 25.871700 -45.006699
vt 25.867300 -45.008801
vt 0.865830 -1.952150
vt 0.855470 -1.934210
vt 0.839155 -1.938580
vt 0.839155 -1.959300
vt 25.923401 -45.000000
vt 25.937201 -45.000000
vt 25.937201 -44.977100
vt 25.923401 -44.970299
vt 26.062799 -44.994701
vt 26.076599 -45.001499
vt 26.076599 -44.971901
vt 26.062799 -44.971901
vt 25.907900 -45.100800
vt 25.882099 -45.091202
vt 25.937201 -45.022900
vt 25.923401 -45.029701
vt 1.191980 -1.314820
vt 1.210600 -1.310960
vt 25.976999 -44.993999
vt 25.978201 -45.000000
vt 25.992399 -45.000000
vt 25.989700 -44.986698
vt 26.007000 -44.981400
vt 26.014900 -45.000000
vt 25.950500 -45.020302
vt 25.935101 -45.033401
vt 0.757218 -1.888020
vt 0.732995 -1.877690
vt 25.966200 -45.000000
vt 26.078400 -45.000000
vt 26.108000 -45.000000
vt 25.976999 -45.006001
vt 25.971100 -44.946701
vt 25.949499 -44.989601
vt 25.966299 -44.995800
vt 25.928699 -45.020802
vt 25.954500 -44.950802
vt 25.968901 -44.907700
vt 25.950701 -44.918301
vt 1.037880 -1.905950
vt 1.037880 -1.942390
vt 1.056080 -1.938620
vt 1.056080 -1.905950
vt 26.116400 -44.989899
vt 26.128300 -44.995701
vt 26.128300 -44.971901
vt 26.116400 -44.971901
vt 1.316520 -1.277520
vt 1.321060 -1.260590
vt 1.303090 -1.250210
vt 1.295770 -1.277520
vt 26.132700 -44.858299
vt 26.132700 -44.849499
vt 26.128300 -44.851601
vt 26.128300 -44.858299
vt 26.092100 -45.100800
vt 26.117901 -45.091202
vt 26.104401 -45.077801
vt 26.086000 -45.084599
vt 1.037880 -1.842830
vt 1.018350 -1.840610
vt 1.018350 -1.868220
vt 1.037880 -1.869510
vt 26.007000 -45.018600
vt 25.989700 -45.013302
vt 26.007000 -45.049801
vt 25.989700 -45.043098
vt 25.987000 -45.056099
vt 25.999100 -45.066502
vt 26.023001 -45.036499
vt 26.024099 -45.042400
vt 26.033800 -45.031799
vt 26.010300 -45.043098
vt 26.013000 -45.056099
vt 26.028700 -44.942001
vt 26.064899 -44.950802
vt 26.037399 -44.918301
vt 1.246320 -1.260590
vt 1.430630 -1.288640
vt 1.454460 -1.294450
vt 26.049000 -44.971901
vt 26.062799 -44.949001
vt 26.049000 -44.942200
vt 26.049000 -45.001499
vt 25.979401 -44.983799
vt 25.968901 -44.989899
vt 25.982000 -45.002998
vt 25.988100 -44.992500
vt 25.951500 -45.020302
vt 25.962500 -45.033401
vt 25.983400 -45.002102
vt 25.966299 -44.995701
vt 26.076599 -44.942200
vt 26.123899 -44.858299
vt 26.123899 -44.849499
vt 26.128300 -44.865002
vt 26.132700 -44.867100
vt 25.971399 -44.966599
vt 25.985399 -44.931499
vt 25.968201 -44.942001
vt 25.993000 -45.049801
vt 26.000900 -45.066502
vt 25.988501 -44.963200
vt 1.152020 -1.314820
vt 1.172000 -1.316130
vt 1.152020 -1.277520
vt 26.000000 -45.065701
vt 26.000000 -45.043800
vt 25.962601 -45.039700
vt 25.953400 -45.058899
vt 25.935200 -45.020802
vt 25.919300 -45.034100
vt 1.343150 -1.273200
vt 1.315990 -1.275680
vt 1.395870 -1.266890
vt 26.074699 -44.989601
vt 25.925301 -44.989601
vt 26.093300 -44.995800
vt 25.963400 -44.908401
vt 25.936501 -44.935200
vt 25.948601 -44.942200
vt 25.970301 -44.920502
vt 26.022900 -44.932301
vt 26.039600 -44.949001
vt 25.991100 -45.077202
vt 26.000000 -45.086498
vt 1.604980 -1.279350
vt 1.384780 -1.279360
vt 1.357630 -1.280020
vt 1.384780 -1.280700
vt 26.057199 -44.995701
vt 1.383830 -1.335440
vt 1.408310 -1.310960
vt 1.397690 -1.304830
vt 1.377700 -1.324820
vt 26.036600 -45.035301
vt 26.029699 -45.023201
vt 26.000000 -44.836201
vt 1.343150 -1.280020
vt 1.395870 -1.283660
vt 1.152020 -1.240220
vt 25.960400 -44.949001
vt 25.977100 -44.932301
vt 1.095800 -1.276460
vt 1.095800 -1.277520
vt 25.985001 -45.069801
vt 25.931601 -45.126701
vt 0.980629 -1.938620
vt 0.998826 -1.942390
vt 26.000000 -44.898602
vt 26.000000 -44.912601
vt 0.867414 -1.922260
vt 0.885358 -1.932620
vt 1.071700 -1.932620
vt 1.071700 -1.905950
vt 1.093800 -1.905680
vt 1.092420 -1.905510
vt 1.093800 -1.905950
vt 1.528780 -1.277520
vt 1.528780 -1.238910
vt 25.960800 -44.985001
vt 25.952999 -44.991100
vt 25.957300 -45.000000
vt 25.968201 -45.000000
vt 1.508800 -1.314820
vt 1.528780 -1.316130
vt 25.988400 -44.851601
vt 25.993299 -44.846699
vt 25.991199 -44.843102
vt 0.757218 -1.916300
vt 0.732995 -1.922260
vt 25.958799 -44.995701
vt 25.976200 -45.013100
vt 0.806485 -1.924810
vt 0.820293 -1.938620
vt 0.867414 -1.889630
vt 0.871786 -1.905950
vt 26.000000 -45.007801
vt 26.000000 -44.995701
vt 25.960400 -44.994701
vt 25.977100 -45.011501
vt 1.210600 -1.219600
vt 1.191980 -1.212920
vt 0.806485 -1.962530
vt 0.782568 -1.938620
vt 1.316930 -1.296840
vt 1.333050 -1.287530
vt 1.330370 -1.277520
vt 1.311750 -1.277520
vt 26.071301 -45.064800
vt 26.094200 -45.037399
vt 26.066099 -45.028702
vt 26.048500 -45.049500
vt 0.856067 -1.915710
vt 0.871826 -1.924810
vt 0.858683 -1.905950
vt 25.989000 -44.839199
vt 0.858017 -1.938620
vt 0.848919 -1.922860
vt 26.039200 -45.069801
vt 26.028099 -45.060699
vt 26.020599 -45.077099
vt 26.031799 -45.082901
vt 25.864300 -45.000000
vt 25.883699 -45.020699
vt 25.880899 -45.000000
vt 25.883699 -44.979301
vt 25.903099 -45.000000
vt 25.952999 -45.008900
vt 25.960800 -45.014999
vt 25.871700 -44.976200
vt 25.859800 -44.981998
vt 26.128300 -44.983299
vt 26.128300 -44.977699
vt 26.124500 -44.977699
vt 26.123301 -44.983299
vt 25.945801 -45.000000
vt 25.912901 -44.953400
vt 25.899200 -45.000000
vt 25.926800 -45.000000
vt 25.940399 -44.962502
vt 0.585886 -1.906390
vt 0.805689 -1.906900
vt 0.585886 -1.905950
vt 25.962500 -44.935101
vt 25.938801 -44.919300
vt 25.912901 -45.046600
vt 25.940399 -45.037498
vt 0.679485 -1.905950
vt 0.679485 -1.869510
vt 0.885935 -1.911230
vt 26.140200 -45.000000
vt 26.140200 -44.981998
vt 26.140200 -45.018002
vt 26.128300 -45.023800
vt 26.132099 -44.977699
vt 26.128300 -44.968800
vt 26.132099 -44.988400
vt 26.128300 -44.988400
vt 26.128300 -44.997299
vt 26.128300 -45.022301
vt 26.132099 -45.022301
vt 26.128300 -45.016701
vt 26.128300 -45.031200
vt 26.132099 -45.011600
vt 26.128300 -45.011600
vt 26.128300 -45.002701
vt 26.076599 -45.000000
vt 26.076599 -44.970299
vt 26.062799 -44.977100
vt 26.062799 -45.000000
vt 0.713308 -1.932620
vt 0.697682 -1.938620
vt 1.384250 -1.277520
vt 1.379720 -1.294450
vt 1.405000 -1.277520
vt 25.978600 -45.000000
vt 25.968201 -44.971298
vt 25.961300 -45.000000
vt 25.985399 -44.962399
vt 25.968201 -45.028702
vt 25.985399 -45.037601
vt 26.124500 -45.011600
vt 26.123301 -45.016701
vt 26.124500 -45.022301
vt 26.124500 -44.988400
vt 1.056080 -1.873280
vt 1.071700 -1.879270
vt 26.132700 -44.991199
vt 26.128300 -44.993301
vt 26.028900 -44.946701
vt 26.033701 -44.995800
vt 26.050501 -44.989601
vt 26.071301 -45.020802
vt 26.045500 -44.950802
vt 26.049299 -44.918301
vt 26.031099 -44.907700
vt 1.474180 -1.277520
vt 1.474180 -1.304830
vt 1.490180 -1.310960
vt 1.606000 -1.276940
vt 1.606000 -1.277520
vt 25.871700 -44.971901
vt 25.859800 -44.971901
vt 25.859800 -44.989899
vt 25.871700 -44.995701
vt 25.960800 -45.069801
vt 25.968201 -45.082901
vt 25.979401 -45.077099
vt 25.971901 -45.060699
vt 25.867901 -44.835201
vt 25.871700 -44.835201
vt 25.871700 -44.826199
vt 25.866699 -44.840801
vt 25.871700 -44.845901
vt 25.867901 -44.845901
vt 25.871700 -44.854801
vt 25.867901 -44.879799
vt 25.871700 -44.888699
vt 25.871700 -44.879799
vt 25.866699 -44.874199
vt 25.871700 -44.869099
vt 25.867901 -44.869099
vt 25.871700 -44.860199
vt 25.937201 -44.949001
vt 25.923401 -44.942200
vt 26.140200 -44.971901
vt 26.140200 -44.953899
vt 26.128300 -44.948101
vt 25.938801 -45.034100
vt 0.805689 -1.904300
vt 0.585886 -1.905190
vt 25.975901 -45.042400
vt 25.976999 -45.036499
vt 25.966200 -45.031799
vt 25.867300 -44.858299
vt 25.867300 -44.867100
vt 25.871700 -44.865002
vt 25.871700 -44.858299
vt 25.951000 -44.971901
vt 25.951000 -45.001499
vt 25.953400 -45.056702
vt 25.964300 -45.044201
vt 25.883600 -44.953899
vt 25.871700 -44.948101
vt 25.883600 -44.971901
vt 25.942801 -44.995701
vt 1.323080 -1.230220
vt 1.333450 -1.248190
vt 1.037880 -1.969060
vt 1.056080 -1.962530
vt 0.792376 -1.896790
vt 0.856067 -1.896180
vt 25.951000 -44.942200
vt 25.871700 -44.851601
vt 25.867300 -44.849499
vt 25.875500 -44.845901
vt 25.871700 -44.840801
vt 25.875500 -44.835201
vt 25.875500 -44.869099
vt 25.871700 -44.874199
vt 25.875500 -44.879799
vt 25.876101 -44.858299
vt 25.876101 -44.867100
vt 26.014601 -44.931499
vt 26.028601 -44.966599
vt 26.031799 -44.942001
vt 1.350390 -1.277520
vt 1.333050 -1.267510
vt 26.016600 -45.002102
vt 26.033701 -44.995701
vt 26.011499 -44.963200
vt 1.331070 -1.244060
vt 1.303080 -1.250210
vt 1.316930 -1.258200
vt 1.474180 -1.250210
vt 1.350390 -1.238880
vt 26.062799 -45.022900
vt 26.076599 -45.029701
vt 0.839155 -1.905950
vt 0.829391 -1.922860
vt 0.839155 -1.925470
vt 1.369710 -1.244060
vt 1.340380 -1.294860
vt 1.350390 -1.297540
vt 0.980629 -1.962530
vt 0.998826 -1.969060
vt 0.819627 -1.905950
vt 0.822244 -1.915710
vt 1.583370 -1.250210
vt 1.583370 -1.277520
vt 1.383850 -1.258200
vt 26.063499 -45.008499
vt 26.051399 -45.001499
vt 1.389020 -1.277520
vt 1.405010 -1.277520
vt 0.801431 -1.905950
vt 25.988400 -44.865002
vt 25.993299 -44.869900
vt 1.304900 -1.288150
vt 1.304900 -1.283660
vt 1.270150 -1.296790
vt 1.370410 -1.277520
vt 1.367720 -1.267510
vt 1.395870 -1.288150
vt 1.430630 -1.296790
vt 26.049000 -45.000000
vt 26.049000 -44.970299
vt 1.350390 -1.316160
vt 1.350390 -1.257500
vt 1.340380 -1.260180
vt 1.133400 -1.244080
vt 1.117410 -1.250210
vt 0.921092 -1.905950
vt 0.945315 -1.905950
vt 0.945315 -1.889630
vt 0.921092 -1.895590
vt 1.323080 -1.324820
vt 1.333450 -1.306850
vt 1.321060 -1.294450
vt 1.303090 -1.304830
vt 0.785804 -1.905950
vt 1.567370 -1.219590
vt 1.548760 -1.212920
vt 1.490180 -1.219600
vt 1.508800 -1.212920
vt 26.000000 -45.158901
vt 25.979300 -45.166100
vt 1.226590 -1.304830
vt 0.839155 -1.852600
vt 1.018350 -1.905950
vt 0.965003 -1.879270
vt 0.965003 -1.905950
vt 1.508800 -1.342120
vt 1.528780 -1.344400
vt 1.528780 -1.210640
vt 1.490180 -1.335440
vt 1.408310 -1.244080
vt 1.383830 -1.219590
vt 1.454460 -1.306850
vt 25.883600 -44.981998
vt 1.454460 -1.248190
vt 0.839616 -1.905680
vt 0.839421 -1.905480
vt 0.839155 -1.905410
vt 0.838889 -1.905480
vt 0.838694 -1.905680
vt 0.838694 -1.906210
vt 0.838889 -1.906410
vt 0.839155 -1.906480
vt 0.839421 -1.906410
vt 0.839616 -1.906210
vt 1.056080 -1.849360
vt 26.039600 -44.994701
vt 26.022900 -45.011501
vt 1.357630 -1.273200
vt 1.304900 -1.266890
vt 1.315990 -1.279360
vt 1.343150 -1.281840
vt 1.094770 -1.277520
vt 1.094770 -1.278100
vt 1.095800 -1.278580
vt 1.583370 -1.304830
vt 26.123899 -45.000000
vt 26.123899 -45.008801
vt 1.383830 -1.219600
vt 1.191980 -1.342120
vt 1.210600 -1.335440
vt 26.140200 -44.989899
vt 26.000000 -45.091400
vt 25.980400 -45.084599
vt 1.357630 -1.281840
vt 25.883600 -44.989899
vt 1.270150 -1.258250
vt 1.604980 -1.278580
vt 26.075001 -45.002102
vt 0.806525 -1.905950
vt 1.152020 -1.212920
vt 1.133400 -1.219590
vt 0.792376 -1.911230
vt 1.172000 -1.210640
vt 0.871826 -1.962530
vt 0.895742 -1.938620
vt 0.865830 -1.859740
vt 0.855470 -1.877690
vt 25.859800 -44.953899
vt 1.018350 -1.943670
vt 26.123899 -44.991199
vt 25.876101 -45.008801
vt 26.116400 -44.953899
vt 26.097601 -45.115898
vt 26.126900 -45.105000
vt 0.606606 -1.879270
vt 1.349330 -1.279350
vt 1.349380 -1.278100
vt 1.348550 -1.278580
vt 1.349810 -1.278520
vt 0.839155 -1.943670
vt 1.351390 -1.276940
vt 1.352220 -1.276460
vt 1.351450 -1.275690
vt 1.350970 -1.276520
vt 1.350390 -1.276360
vt 1.349810 -1.276520
vt 1.349380 -1.276940
vt 1.349230 -1.277520
vt 1.350390 -1.278680
vt 1.351550 -1.277520
vt 1.350390 -1.332140
vt 26.037500 -45.033401
vt 26.061199 -45.034100
vt 1.349330 -1.275690
vt 1.348550 -1.276460
vt 1.246320 -1.306850
vt 0.810896 -1.889630
vt 1.246320 -1.248190
vt 0.640429 -1.942390
vt 26.123899 -44.867100
vt 25.938801 -45.080700
vt 25.962500 -45.064899
vt 26.046600 -45.056702
vt 26.035700 -45.044201
vt 26.048500 -45.020302
vt 1.095800 -1.279350
vt 1.315990 -1.280700
vt 0.895742 -1.873280
vt 0.871826 -1.849360
vt 0.679485 -1.942390
vt 0.659957 -1.905950
vt 0.659957 -1.943670
vt 1.360400 -1.260180
vt 26.014900 -45.032902
vt 1.133400 -1.335440
vt 1.152020 -1.342120
vt 0.965003 -1.932620
vt 0.792376 -1.915100
vt 0.872621 -1.907590
vt 1.430630 -1.258250
vt 26.000000 -44.948002
vt 26.000000 -44.935902
vt 1.604980 -1.275690
vt 1.606000 -1.278100
vt 26.082600 -45.163601
vt 26.111401 -45.152901
vt 26.105301 -45.136600
vt 26.073099 -45.148602
vt 0.659957 -1.868220
vt 0.822840 -1.877690
vt 1.093800 -1.906210
vt 1.292460 -1.310960
vt 1.316940 -1.335440
vt 0.998826 -1.842830
vt 0.980629 -1.849360
vt 0.921092 -1.888020
vt 0.885935 -1.896790
vt 1.316940 -1.219590
vt 1.292460 -1.244080
vt 1.350390 -1.311390
vt 26.116400 -45.018002
vt 26.019600 -45.084599
vt 1.018350 -1.971290
vt 0.921092 -1.916300
vt 0.945315 -1.922260
vt 0.584508 -1.906210
vt 0.584508 -1.905680
vt 25.876101 -44.849499
vt 0.839155 -1.873320
vt 0.832909 -1.902640
vt 0.584508 -1.905480
vt 0.585886 -1.905510
vt 0.872621 -1.904300
vt 0.845401 -1.907850
vt 1.092420 -1.906710
vt 1.093800 -1.906410
vt 0.585886 -1.906710
vt 0.805689 -1.907590
vt 0.584508 -1.906410
vt 0.945315 -1.877690
vt 0.885935 -1.915100
vt 0.640429 -1.969060
vt 25.888599 -44.969299
vt 25.917400 -45.000000
vt 1.303080 -1.304830
vt 0.659957 -1.971290
vt 0.679485 -1.969060
vt 1.331070 -1.310980
vt 25.914000 -45.084599
vt 25.895599 -45.077801
vt 1.093800 -1.905480
vt 1.092420 -1.905190
vt 1.094770 -1.276940
vt 26.137600 -45.124699
vt 25.951000 -45.000000
vt 25.951000 -44.970299
vt 26.020700 -45.166100
vt 25.951000 -45.029701
vt 0.622232 -1.849360
vt 0.679485 -1.842830
vt 0.659957 -1.840610
vt 0.640429 -1.842830
vt 0.697682 -1.849360
vt 0.697682 -1.962530
vt 1.367320 -1.306850
vt 0.757218 -1.923880
vt 0.845401 -1.902640
vt 0.584508 -1.905950
vt 0.732995 -1.934210
vt 25.985100 -45.032902
vt 25.888599 -45.030701
vt 26.086000 -45.019600
vt 26.049000 -45.029701
vt 26.068399 -45.126701
vt 1.316940 -1.219600
s 1
usemtl Meshpart1Mtl.003
f 3545/9/25 3546/10/26 19/10/27 17/9/28
f 3546/10/26 3545/9/25 18/9/29 20/10/30
f 3546/10/26 3547/11/31 21/11/32 19/10/27
f 3547/11/31 3546/10/26 20/10/30 22/11/33
f 3547/11/31 3545/9/25 17/9/28 21/11/32
f 3545/9/25 3547/11/31 22/11/33 18/9/29
f 3556/20/58 3557/21/59 27/21/60 31/20/61
f 3557/21/59 3556/20/58 32/20/62 28/21/63
f 3557/21/59 3558/22/64 29/22/65 27/21/60
f 3558/22/64 3557/21/59 28/21/63 30/22/66
f 3558/22/64 3556/20/58 31/20/61 29/22/65
f 3556/20/58 3558/22/64 30/22/66 32/20/62
f 3559/23/67 3560/24/68 35/24/69 33/23/70
f 3560/24/68 3559/23/67 34/23/71 36/24/72
f 3560/24/68 3561/25/73 37/25/74 35/24/69
f 3561/25/73 3560/24/68 36/24/72 38/25/75
f 3561/25/73 3559/23/67 33/23/70 37/25/74
f 3559/23/67 3561/25/73 38/25/75 34/23/71
f 3562/26/76 3563/27/77 721/27/78 715/26/79
f 3563/27/77 3562/26/76 716/26/80 722/27/81
f 3563/27/77 3564/28/82 717/28/83 721/27/78
f 3564/28/82 3563/27/77 722/27/81 718/28/84
f 3564/28/82 3565/29/85 719/29/86 717/28/83
f 3565/29/85 3564/28/82 718/28/84 720/29/87
f 3565/29/85 3562/26/76 715/26/79 719/29/86
f 3562/26/76 3565/29/85 720/29/87 716/26/80
f 3570/34/100 3571/35/101 45/35/102 47/34/103
f 3571/35/101 3570/34/100 48/34/104 46/35/105
f 3571/35/101 3572/36/106 43/36/107 45/35/102
f 3572/36/106 3571/35/101 46/35/105 44/36/108
f 3572/36/106 3570/34/100 47/34/103 43/36/107
f 3570/34/100 3572/36/106 44/36/108 48/34/104
f 3573/37/109 3574/38/110 1409/38/111 1407/37/112
f 3574/38/110 3573/37/109 1408/37/113 1410/38/114
f 3574/38/110 3575/39/115 1403/39/116 1409/38/111
f 3575/39/115 3574/38/110 1410/38/114 1404/39/117
f 3575/39/115 3576/40/118 1405/40/119 1403/39/116
f 3576/40/118 3575/39/115 1404/39/117 1406/40/120
f 3576/40/118 3573/37/109 1407/37/112 1405/40/119
f 3573/37/109 3576/40/118 1406/40/120 1408/37/113
f 3577/41/121 3578/42/122 1425/42/123 1419/41/124
f 3578/42/122 3577/41/121 1420/41/125 1426/42/126
f 3578/42/122 3579/43/127 1421/43/128 1425/42/123
f 3579/43/127 3578/42/122 1426/42/126 1422/43/129
f 3579/43/127 3580/44/130 1423/44/131 1421/43/128
f 3580/44/130 3579/43/127 1422/43/129 1424/44/132
f 3580/44/130 3577/41/121 1419/41/124 1423/44/131
f 3577/41/121 3580/44/130 1424/44/132 1420/41/125
f 3581/45/133 3582/38/134 459/38/135 453/45/136
f 3582/38/134 3581/45/133 454/45/137 460/38/138
f 3582/38/134 3583/37/139 455/37/140 459/38/135
f 3583/37/139 3582/38/134 460/38/138 456/37/141
f 3583/37/139 3584/46/142 457/46/143 455/37/140
f 3584/46/142 3583/37/139 456/37/141 458/46/144
f 3584/46/142 3581/45/133 453/45/136 457/46/143
f 3581/45/133 3584/46/142 458/46/144 454/45/137
f 3589/51/157 3590/52/158 1481/52/159 1475/51/160
f 3590/52/158 3589/51/157 1476/51/161 1482/52/162
f 3590/52/158 3591/53/163 1477/53/164 1481/52/159
f 3591/53/163 3590/52/158 1482/52/162 1478/53/165
f 3591/53/163 3592/54/166 1479/54/167 1477/53/164
f 3592/54/166 3591/53/163 1478/53/165 1480/54/168
f 3592/54/166 3589/51/157 1475/51/160 1479/54/167
f 3589/51/157 3592/54/166 1480/54/168 1476/51/161
f 3593/55/169 3594/56/170 1465/56/171 1463/55/172
f 3594/56/170 3593/55/169 1464/55/173 1466/56/174
f 3594/56/170 3595/57/175 1459/57/176 1465/56/171
f 3595/57/175 3594/56/170 1466/56/174 1460/57/177
f 3595/57/175 3596/58/178 1461/58/179 1459/57/176
f 3596/58/178 3595/57/175 1460/57/177 1462/58/180
f 3596/58/178 3593/55/169 1463/55/172 1461/58/179
f 3593/55/169 3596/58/178 1462/58/180 1464/55/173
f 3597/59/181 3598/60/182 1473/60/183 1467/59/184
f 3598/60/182 3597/59/181 1468/59/185 1474/60/186
f 3598/60/182 3599/61/187 1469/61/188 1473/60/183
f 3599/61/187 3598/60/182 1474/60/186 1470/61/189
f 3599/61/187 3600/62/190 1471/62/191 1469/61/188
f 3600/62/190 3599/61/187 1470/61/189 1472/62/192
f 3600/62/190 3597/59/181 1467/59/184 1471/62/191
f 3597/59/181 3600/62/190 1472/62/192 1468/59/185
f 3601/63/193 3602/64/194 95/64/195 89/63/196
f 3602/64/194 3601/63/193 90/63/197 96/64/198
f 3602/64/194 3603/65/199 91/65/200 95/64/195
f 3603/65/199 3602/64/194 96/64/198 92/65/201
f 3603/65/199 3604/66/202 93/66/203 91/65/200
f 3604/66/202 3603/65/199 92/65/201 94/66/204
f 3604/66/202 3601/63/193 89/63/196 93/66/203
f 3601/63/193 3604/66/202 94/66/204 90/63/197
f 3605/67/205 3606/43/206 1697/43/207 1691/67/208
f 3606/43/206 3605/67/205 1692/67/209 1698/43/210
f 3606/43/206 3607/68/211 1693/68/212 1697/43/207
f 3607/68/211 3606/43/206 1698/43/210 1694/68/213
f 3607/68/211 3608/69/214 1695/69/215 1693/68/212
f 3608/69/214 3607/68/211 1694/68/213 1696/69/216
f 3608/69/214 3605/67/205 1691/67/208 1695/69/215
f 3605/67/205 3608/69/214 1696/69/216 1692/67/209
f 3617/78/241 3618/79/242 867/79/243 861/78/244
f 3618/79/242 3617/78/241 862/78/245 868/79/246
f 3618/79/242 3619/80/247 863/80/248 867/79/243
f 3619/80/247 3618/79/242 868/79/246 864/80/249
f 3619/80/247 3620/81/250 865/81/251 863/80/248
f 3620/81/250 3619/80/247 864/80/249 866/81/252
f 3620/81/250 3617/78/241 861/78/244 865/81/251
f 3617/78/241 3620/81/250 866/81/252 862/78/245
f 3629/90/277 3630/91/278 179/91/279 177/90/280
f 3630/91/278 3629/90/277 178/90/281 180/91/282
f 3630/91/278 3631/92/283 181/92/284 179/91/279
f 3631/92/283 3630/91/278 180/91/282 182/92/285
f 3631/92/283 3629/90/277 177/90/280 181/92/284
f 3629/90/277 3631/92/283 182/92/285 178/90/281
f 3632/91/286 3633/93/287 183/93/288 179/91/279
f 3633/93/287 3632/91/286 180/91/282 184/93/289
f 3633/93/287 3634/92/290 181/92/284 183/93/288
f 3634/92/290 3633/93/287 184/93/289 182/92/285
f 3634/92/290 3632/91/286 179/91/279 181/92/284
f 3632/91/286 3634/92/290 182/92/285 180/91/282
f 3635/94/291 3636/95/292 689/95/293 685/94/294
f 3636/95/292 3635/94/291 686/94/295 690/95/296
f 3636/95/292 3637/96/297 687/96/298 689/95/293
f 3637/96/297 3636/95/292 690/95/296 688/96/299
f 3637/96/297 3638/97/300 683/97/301 687/96/298
f 3638/97/300 3637/96/297 688/96/299 684/97/302
f 3638/97/300 3635/94/291 685/94/294 683/97/301
f 3635/94/291 3638/97/300 684/97/302 686/94/295
f 3643/102/315 3644/103/316 187/103/317 195/102/318
f 3644/103/316 3643/102/315 196/102/319 188/103/320
f 3644/103/316 3645/104/321 193/104/322 187/103/317
f 3645/104/321 3644/103/316 188/103/320 194/104/323
f 3645/104/321 3643/102/315 195/102/318 193/104/322
f 3643/102/315 3645/104/321 194/104/323 196/102/319
f 3646/105/324 3647/106/325 191/106/326 197/105/327
f 3647/106/325 3646/105/324 198/105/328 192/106/329
f 3647/106/325 3648/107/330 199/107/331 191/106/326
f 3648/107/330 3647/106/325 192/106/329 200/107/332
f 3648/107/330 3646/105/324 197/105/327 199/107/331
f 3646/105/324 3648/107/330 200/107/332 198/105/328
f 3649/108/333 3650/109/334 205/109/335 201/108/336
f 3650/109/334 3649/108/333 202/108/337 206/109/338
f 3650/109/334 3651/110/339 203/110/340 205/109/335
f 3651/110/339 3650/109/334 206/109/338 204/110/341
f 3651/110/339 3649/108/333 201/108/336 203/110/340
f 3649/108/333 3651/110/339 204/110/341 202/108/337
f 3652/111/342 3653/110/343 203/110/340 207/111/344
f 3653/110/343 3652/111/342 208/111/345 204/110/341
f 3653/110/343 3654/109/346 205/109/335 203/110/340
f 3654/109/346 3653/110/343 204/110/341 206/109/338
f 3654/109/346 3652/111/342 207/111/344 205/109/335
f 3652/111/342 3654/109/346 206/109/338 208/111/345
f 3655/91/347 3656/104/348 193/104/322 185/91/349
f 3656/104/348 3655/91/347 186/91/350 194/104/323
f 3656/104/348 3657/103/351 187/103/317 193/104/322
f 3657/103/351 3656/104/348 194/104/323 188/103/320
f 3657/103/351 3658/112/352 189/112/353 187/103/317
f 3658/112/352 3657/103/351 188/103/320 190/112/354
f 3658/112/352 3655/91/347 185/91/349 189/112/353
f 3655/91/347 3658/112/352 190/112/354 186/91/350
f 3659/113/355 3660/114/356 213/114/357 215/113/358
f 3660/114/356 3659/113/355 216/113/359 214/114/360
f 3660/114/356 3661/115/361 211/115/362 213/114/357
f 3661/115/361 3660/114/356 214/114/360 212/115/363
f 3661/115/361 3659/113/355 215/113/358 211/115/362
f 3659/113/355 3661/115/361 212/115/363 216/113/359
f 3662/105/364 3663/91/365 185/91/349 197/105/327
f 3663/91/365 3662/105/364 198/105/328 186/91/350
f 3663/91/365 3664/112/366 189/112/353 185/91/349
f 3664/112/366 3663/91/365 186/91/350 190/112/354
f 3664/112/366 3665/106/367 191/106/326 189/112/353
f 3665/106/367 3664/112/366 190/112/354 192/106/329
f 3665/106/367 3662/105/364 197/105/327 191/106/326
f 3662/105/364 3665/106/367 192/106/329 198/105/328
f 3666/116/368 3667/117/369 223/117/370 221/116/371
f 3667/117/369 3666/116/368 222/116/372 224/117/373
f 3667/117/369 3668/118/374 219/118/375 223/117/370
f 3668/118/374 3667/117/369 224/117/373 220/118/376
f 3668/118/374 3666/116/368 221/116/371 219/118/375
f 3666/116/368 3668/118/374 220/118/376 222/116/372
f 3669/119/377 3670/120/378 1297/120/379 1295/119/380
f 3670/120/378 3669/119/377 1296/119/381 1298/120/382
f 3670/120/378 3671/121/383 1291/121/384 1297/120/379
f 3671/121/383 3670/120/378 1298/120/382 1292/121/385
f 3671/121/383 3672/122/386 1293/122/387 1291/121/384
f 3672/122/386 3671/121/383 1292/121/385 1294/122/388
f 3672/122/386 3669/119/377 1295/119/380 1293/122/387
f 3669/119/377 3672/122/386 1294/122/388 1296/119/381
f 3673/123/389 3674/124/390 1213/124/391 1209/123/392
f 3674/124/390 3673/123/389 1210/123/393 1214/124/394
f 3674/124/390 3675/125/395 1211/125/396 1213/124/391
f 3675/125/395 3674/124/390 1214/124/394 1212/125/397
f 3675/125/395 3676/126/398 1207/126/399 1211/125/396
f 3676/126/398 3675/125/395 1212/125/397 1208/126/400
f 3676/126/398 3673/123/389 1209/123/392 1207/126/399
f 3673/123/389 3676/126/398 1208/126/400 1210/123/393
f 3681/131/413 3682/132/414 1175/132/415 1171/131/416
f 3682/132/414 3681/131/413 1172/131/417 1176/132/418
f 3682/132/414 3683/133/419 1173/133/420 1175/132/415
f 3683/133/419 3682/132/414 1176/132/418 1174/133/421
f 3683/133/419 3684/134/422 1169/134/423 1173/133/420
f 3684/134/422 3683/133/419 1174/133/421 1170/134/424
f 3684/134/422 3681/131/413 1171/131/416 1169/134/423
f 3681/131/413 3684/134/422 1170/134/424 1172/131/417
f 3685/44/425 3686/135/426 1569/135/427 1563/44/428
f 3686/135/426 3685/44/425 1564/44/429 1570/135/430
f 3686/135/426 3687/136/431 1565/136/432 1569/135/427
f 3687/136/431 3686/135/426 1570/135/430 1566/136/433
f 3687/136/431 3688/137/434 1567/137/435 1565/136/432
f 3688/137/434 3687/136/431 1566/136/433 1568/137/436
f 3688/137/434 3685/44/425 1563/44/428 1567/137/435
f 3685/44/425 3688/137/434 1568/137/436 1564/44/429
f 3689/138/437 3690/139/438 1265/139/439 1259/138/440
f 3690/139/438 3689/138/437 1260/138/441 1266/139/442
f 3690/139/438 3691/140/443 1261/140/444 1265/139/439
f 3691/140/443 3690/139/438 1266/139/442 1262/140/445
f 3691/140/443 3692/141/446 1263/141/447 1261/140/444
f 3692/141/446 3691/140/443 1262/140/445 1264/141/448
f 3692/141/446 3689/138/437 1259/138/440 1263/141/447
f 3689/138/437 3692/141/446 1264/141/448 1260/138/441
f 3693/142/449 3694/143/450 135/143/451 133/142/452
f 3694/143/450 3693/142/449 134/142/453 136/143/454
f 3694/143/450 3695/144/455 129/144/456 135/143/451
f 3695/144/455 3694/143/450 136/143/454 130/144/457
f 3695/144/455 3696/145/458 131/145/459 129/144/456
f 3696/145/458 3695/144/455 130/144/457 132/145/460
f 3696/145/458 3693/142/449 133/142/452 131/145/459
f 3693/142/449 3696/145/458 132/145/460 134/142/453
f 3705/54/483 3706/153/484 335/153/485 333/54/486
f 3706/153/484 3705/54/483 334/54/487 336/153/488
f 3706/153/484 3707/154/489 329/154/490 335/153/485
f 3707/154/489 3706/153/484 336/153/488 330/154/491
f 3707/154/489 3708/155/492 331/155/493 329/154/490
f 3708/155/492 3707/154/489 330/154/491 332/155/494
f 3708/155/492 3705/54/483 333/54/486 331/155/493
f 3705/54/483 3708/155/492 332/155/494 334/54/487
f 3709/60/495 3710/156/496 1601/156/497 1595/60/498
f 3710/156/496 3709/60/495 1596/60/499 1602/156/500
f 3710/156/496 3711/157/501 1597/157/502 1601/156/497
f 3711/157/501 3710/156/496 1602/156/500 1598/157/503
f 3711/157/501 3712/61/504 1599/61/505 1597/157/502
f 3712/61/504 3711/157/501 1598/157/503 1600/61/506
f 3712/61/504 3709/60/495 1595/60/498 1599/61/505
f 3709/60/495 3712/61/504 1600/61/506 1596/60/499
f 3713/51/507 3714/54/508 1609/54/509 1607/51/510
f 3714/54/508 3713/51/507 1608/51/511 1610/54/512
f 3714/54/508 3715/155/513 1603/155/514 1609/54/509
f 3715/155/513 3714/54/508 1610/54/512 1604/155/515
f 3715/155/513 3716/158/516 1605/158/517 1603/155/514
f 3716/158/516 3715/155/513 1604/155/515 1606/158/518
f 3716/158/516 3713/51/507 1607/51/510 1605/158/517
f 3713/51/507 3716/158/516 1606/158/518 1608/51/511
f 3717/159/519 3718/65/520 1633/65/521 1627/159/522
f 3718/65/520 3717/159/519 1628/159/523 1634/65/524
f 3718/65/520 3719/160/525 1629/160/526 1633/65/521
f 3719/160/525 3718/65/520 1634/65/524 1630/160/527
f 3719/160/525 3720/161/528 1631/161/529 1629/160/526
f 3720/161/528 3719/160/525 1630/160/527 1632/161/530
f 3720/161/528 3717/159/519 1627/159/522 1631/161/529
f 3717/159/519 3720/161/528 1632/161/530 1628/159/523
f 3725/166/543 3726/22/544 29/22/65 23/166/545
f 3726/22/544 3725/166/543 24/166/546 30/22/66
f 3726/22/544 3727/21/547 27/21/60 29/22/65
f 3727/21/547 3726/22/544 30/22/66 28/21/63
f 3727/21/547 3728/167/548 25/167/549 27/21/60
f 3728/167/548 3727/21/547 28/21/63 26/167/550
f 3728/167/548 3725/166/543 23/166/545 25/167/549
f 3725/166/543 3728/167/548 26/167/550 24/166/546
f 3729/78/551 3730/168/552 1037/168/553 1033/78/554
f 3730/168/552 3729/78/551 1034/78/555 1038/168/556
f 3730/168/552 3731/169/557 1035/169/558 1037/168/553
f 3731/169/557 3730/168/552 1038/168/556 1036/169/559
f 3731/169/557 3732/170/560 1029/170/561 1035/169/558
f 3732/170/560 3731/169/557 1036/169/559 1030/170/562
f 3732/170/560 3729/78/551 1033/78/554 1029/170/561
f 3729/78/551 3732/170/560 1030/170/562 1034/78/555
f 3733/159/563 3734/171/564 1649/171/565 1643/159/566
f 3734/171/564 3733/159/563 1644/159/567 1650/171/568
f 3734/171/564 3735/66/569 1645/66/570 1649/171/565
f 3735/66/569 3734/171/564 1650/171/568 1646/66/571
f 3735/66/569 3736/65/572 1647/65/573 1645/66/570
f 3736/65/572 3735/66/569 1646/66/571 1648/65/574
f 3736/65/572 3733/159/563 1643/159/566 1647/65/573
f 3733/159/563 3736/65/572 1648/65/574 1644/159/567
f 3749/184/611 3750/185/612 387/185/613 385/184/614
f 3750/185/612 3749/184/611 386/184/615 388/185/616
f 3750/185/612 3751/186/617 389/186/618 387/185/613
f 3751/186/617 3750/185/612 388/185/616 390/186/619
f 3751/186/617 3749/184/611 385/184/614 389/186/618
f 3749/184/611 3751/186/617 390/186/619 386/184/615
f 3752/186/620 3753/187/621 391/187/622 393/186/623
f 3753/187/621 3752/186/620 394/186/624 392/187/625
f 3753/187/621 3754/188/626 395/188/627 391/187/622
f 3754/188/626 3753/187/621 392/187/625 396/188/628
f 3754/188/626 3752/186/620 393/186/623 395/188/627
f 3752/186/620 3754/188/626 396/188/628 394/186/624
f 3759/193/641 3760/194/642 1689/194/643 1683/193/644
f 3760/194/642 3759/193/641 1684/193/645 1690/194/646
f 3760/194/642 3761/195/647 1685/195/648 1689/194/643
f 3761/195/647 3760/194/642 1690/194/646 1686/195/649
f 3761/195/647 3762/196/650 1687/196/651 1685/195/648
f 3762/196/650 3761/195/647 1686/195/649 1688/196/652
f 3762/196/650 3759/193/641 1683/193/644 1687/196/651
f 3759/193/641 3762/196/650 1688/196/652 1684/193/645
f 3767/121/665 3768/120/666 255/120/667 249/121/668
f 3768/120/666 3767/121/665 250/121/669 256/120/670
f 3768/120/666 3769/201/671 251/201/672 255/120/667
f 3769/201/671 3768/120/666 256/120/670 252/201/673
f 3769/201/671 3770/202/674 253/202/675 251/201/672
f 3770/202/674 3769/201/671 252/201/673 254/202/676
f 3770/202/674 3767/121/665 249/121/668 253/202/675
f 3767/121/665 3770/202/674 254/202/676 250/121/669
f 3771/203/677 3772/204/678 507/204/679 505/203/680
f 3772/204/678 3771/203/677 506/203/681 508/204/682
f 3772/204/678 3773/205/683 501/205/684 507/204/679
f 3773/205/683 3772/204/678 508/204/682 502/205/685
f 3773/205/683 3774/206/686 503/206/687 501/205/684
f 3774/206/686 3773/205/683 502/205/685 504/206/688
f 3774/206/686 3771/203/677 505/203/680 503/206/687
f 3771/203/677 3774/206/686 504/206/688 506/203/681
f 3775/207/689 3776/208/690 435/208/691 429/207/692
f 3776/208/690 3775/207/689 430/207/693 436/208/694
f 3776/208/690 3777/209/695 431/209/696 435/208/691
f 3777/209/695 3776/208/690 436/208/694 432/209/697
f 3777/209/695 3778/210/698 433/210/699 431/209/696
f 3778/210/698 3777/209/695 432/209/697 434/210/700
f 3778/210/698 3775/207/689 429/207/692 433/210/699
f 3775/207/689 3778/210/698 434/210/700 430/207/693
f 3779/37/701 3780/46/702 1713/46/703 1707/37/704
f 3780/46/702 3779/37/701 1708/37/705 1714/46/706
f 3780/46/702 3781/45/707 1709/45/708 1713/46/703
f 3781/45/707 3780/46/702 1714/46/706 1710/45/709
f 3781/45/707 3782/38/710 1711/38/711 1709/45/708
f 3782/38/710 3781/45/707 1710/45/709 1712/38/712
f 3782/38/710 3779/37/701 1707/37/704 1711/38/711
f 3779/37/701 3782/38/710 1712/38/712 1708/37/705
f 3783/211/713 3784/212/714 2191/212/715 2185/211/716
f 3784/212/714 3783/211/713 2186/211/717 2192/212/718
f 3784/212/714 3785/213/719 2187/213/720 2191/212/715
f 3785/213/719 3784/212/714 2192/212/718 2188/213/721
f 3785/213/719 3786/214/722 2189/214/723 2187/213/720
f 3786/214/722 3785/213/719 2188/213/721 2190/214/724
f 3786/214/722 3783/211/713 2185/211/716 2189/214/723
f 3783/211/713 3786/214/722 2190/214/724 2186/211/717
f 3787/215/725 3788/166/726 463/166/727 461/215/728
f 3788/166/726 3787/215/725 462/215/729 464/166/730
f 3788/166/726 3789/9/731 465/9/732 463/166/727
f 3789/9/731 3788/166/726 464/166/730 466/9/733
f 3789/9/731 3787/215/725 461/215/728 465/9/732
f 3787/215/725 3789/9/731 466/9/733 462/215/729
f 3790/215/734 3791/22/735 467/22/736 461/215/728
f 3791/22/735 3790/215/734 462/215/729 468/22/737
f 3791/22/735 3792/166/738 463/166/727 467/22/736
f 3792/166/738 3791/22/735 468/22/737 464/166/730
f 3792/166/738 3790/215/734 461/215/728 463/166/727
f 3790/215/734 3792/166/738 464/166/730 462/215/729
f 3793/23/739 3794/216/740 473/216/741 469/23/742
f 3794/216/740 3793/23/739 470/23/743 474/216/744
f 3794/216/740 3795/217/745 471/217/746 473/216/741
f 3795/217/745 3794/216/740 474/216/744 472/217/747
f 3795/217/745 3793/23/739 469/23/742 471/217/746
f 3793/23/739 3795/217/745 472/217/747 470/23/743
f 3796/35/748 3797/217/749 471/217/746 475/35/750
f 3797/217/749 3796/35/748 476/35/751 472/217/747
f 3797/217/749 3798/216/752 473/216/741 471/217/746
f 3798/216/752 3797/217/749 472/217/747 474/216/744
f 3798/216/752 3796/35/748 475/35/750 473/216/741
f 3796/35/748 3798/216/752 474/216/744 476/35/751
f 3799/218/753 3800/219/754 1841/219/755 1837/218/756
f 3800/219/754 3799/218/753 1838/218/757 1842/219/758
f 3800/219/754 3801/220/759 1839/220/760 1841/219/755
f 3801/220/759 3800/219/754 1842/219/758 1840/220/761
f 3801/220/759 3802/221/762 1835/221/763 1839/220/760
f 3802/221/762 3801/220/759 1840/220/761 1836/221/764
f 3802/221/762 3799/218/753 1837/218/756 1835/221/763
f 3799/218/753 3802/221/762 1836/221/764 1838/218/757
f 3811/208/789 3812/207/790 499/207/791 493/208/792
f 3812/207/790 3811/208/789 494/208/793 500/207/794
f 3812/207/790 3813/230/795 495/230/796 499/207/791
f 3813/230/795 3812/207/790 500/207/794 496/230/797
f 3813/230/795 3814/231/798 497/231/799 495/230/796
f 3814/231/798 3813/230/795 496/230/797 498/231/800
f 3814/231/798 3811/208/789 493/208/792 497/231/799
f 3811/208/789 3814/231/798 498/231/800 494/208/793
f 3815/216/801 3816/232/802 1379/232/803 1377/216/804
f 3816/232/802 3815/216/801 1378/216/805 1380/232/806
f 3816/232/802 3817/36/807 1373/36/808 1379/232/803
f 3817/36/807 3816/232/802 1380/232/806 1374/36/809
f 3817/36/807 3818/35/810 1371/35/811 1373/36/808
f 3818/35/810 3817/36/807 1374/36/809 1372/35/812
f 3818/35/810 3815/216/801 1377/216/804 1371/35/811
f 3815/216/801 3818/35/810 1372/35/812 1378/216/805
f 3819/233/813 3820/234/814 681/234/815 675/233/816
f 3820/234/814 3819/233/813 676/233/817 682/234/818
f 3820/234/814 3821/97/819 677/97/820 681/234/815
f 3821/97/819 3820/234/814 682/234/818 678/97/821
f 3821/97/819 3822/235/822 679/235/823 677/97/820
f 3822/235/822 3821/97/819 678/97/821 680/235/824
f 3822/235/822 3819/233/813 675/233/816 679/235/823
f 3819/233/813 3822/235/822 680/235/824 676/233/817
f 3823/204/825 3824/236/826 539/236/827 533/204/828
f 3824/236/826 3823/204/825 534/204/829 540/236/830
f 3824/236/826 3825/237/831 535/237/832 539/236/827
f 3825/237/831 3824/236/826 540/236/830 536/237/833
f 3825/237/831 3826/205/834 537/205/835 535/237/832
f 3826/205/834 3825/237/831 536/237/833 538/205/836
f 3826/205/834 3823/204/825 533/204/828 537/205/835
f 3823/204/825 3826/205/834 538/205/836 534/204/829
f 3827/238/837 3828/239/838 1123/239/839 1117/238/840
f 3828/239/838 3827/238/837 1118/238/841 1124/239/842
f 3828/239/838 3829/240/843 1119/240/844 1123/239/839
f 3829/240/843 3828/239/838 1124/239/842 1120/240/845
f 3829/240/843 3830/241/846 1121/241/847 1119/240/844
f 3830/241/846 3829/240/843 1120/240/845 1122/241/848
f 3830/241/846 3827/238/837 1117/238/840 1121/241/847
f 3827/238/837 3830/241/846 1122/241/848 1118/238/841
f 3831/110/849 3832/116/850 221/116/371 209/110/851
f 3832/116/850 3831/110/849 210/110/852 222/116/372
f 3832/116/850 3833/118/853 219/118/375 221/116/371
f 3833/118/853 3832/116/850 222/116/372 220/118/376
f 3833/118/853 3834/242/854 217/242/855 219/118/375
f 3834/242/854 3833/118/853 220/118/376 218/242/856
f 3834/242/854 3831/110/849 209/110/851 217/242/855
f 3831/110/849 3834/242/854 218/242/856 210/110/852
f 3835/243/857 3836/244/858 1925/244/859 1919/243/860
f 3836/244/858 3835/243/857 1920/243/861 1926/244/862
f 3836/244/858 3837/245/863 1921/245/864 1925/244/859
f 3837/245/863 3836/244/858 1926/244/862 1922/245/865
f 3837/245/863 3838/218/866 1923/218/867 1921/245/864
f 3838/218/866 3837/245/863 1922/245/865 1924/218/868
f 3838/218/866 3835/243/857 1919/243/860 1923/218/867
f 3835/243/857 3838/218/866 1924/218/868 1920/243/861
f 3839/230/869 3840/207/870 559/207/871 557/230/872
f 3840/207/870 3839/230/869 558/230/873 560/207/874
f 3840/207/870 3841/139/875 561/139/876 559/207/871
f 3841/139/875 3840/207/870 560/207/874 562/139/877
f 3841/139/875 3839/230/869 557/230/872 561/139/876
f 3839/230/869 3841/139/875 562/139/877 558/230/873
f 3842/205/878 3843/246/879 565/246/880 563/205/881
f 3843/246/879 3842/205/878 564/205/882 566/246/883
f 3843/246/879 3844/206/884 567/206/885 565/246/880
f 3844/206/884 3843/246/879 566/246/883 568/206/886
f 3844/206/884 3842/205/878 563/205/881 567/206/885
f 3842/205/878 3844/206/884 568/206/886 564/205/882
f 3845/247/887 3846/248/888 583/248/889 577/247/890
f 3846/248/888 3845/247/887 578/247/891 584/248/892
f 3846/248/888 3847/249/893 579/249/894 583/248/889
f 3847/249/893 3846/248/888 584/248/892 580/249/895
f 3847/249/893 3848/250/896 581/250/897 579/249/894
f 3848/250/896 3847/249/893 580/249/895 582/250/898
f 3848/250/896 3845/247/887 577/247/890 581/250/897
f 3845/247/887 3848/250/896 582/250/898 578/247/891
f 3849/251/899 3850/252/900 1205/252/901 1199/251/902
f 3850/252/900 3849/251/899 1200/251/903 1206/252/904
f 3850/252/900 3851/141/905 1201/141/906 1205/252/901
f 3851/141/905 3850/252/900 1206/252/904 1202/141/907
f 3851/141/905 3852/140/908 1203/140/909 1201/141/906
f 3852/140/908 3851/141/905 1202/141/907 1204/140/910
f 3852/140/908 3849/251/899 1199/251/902 1203/140/909
f 3849/251/899 3852/140/908 1204/140/910 1200/251/903
f 3853/253/911 3854/254/912 555/254/913 549/253/914
f 3854/254/912 3853/253/911 550/253/915 556/254/916
f 3854/254/912 3855/255/917 551/255/918 555/254/913
f 3855/255/917 3854/254/912 556/254/916 552/255/919
f 3855/255/917 3856/256/920 553/256/921 551/255/918
f 3856/256/920 3855/255/917 552/255/919 554/256/922
f 3856/256/920 3853/253/911 549/253/914 553/256/921
f 3853/253/911 3856/256/920 554/256/922 550/253/915
f 3857/257/923 3858/258/924 763/258/925 757/257/926
f 3858/258/924 3857/257/923 758/257/927 764/258/928
f 3858/258/924 3859/259/929 759/259/930 763/258/925
f 3859/259/929 3858/258/924 764/258/928 760/259/931
f 3859/259/929 3860/260/932 761/260/933 759/259/930
f 3860/260/932 3859/259/929 760/259/931 762/260/934
f 3860/260/932 3857/257/923 757/257/926 761/260/933
f 3857/257/923 3860/260/932 762/260/934 758/257/927
f 3871/270/963 3872/271/964 609/271/965 607/270/966
f 3872/271/964 3871/270/963 608/270/967 610/271/968
f 3872/271/964 3873/272/969 611/272/970 609/271/965
f 3873/272/969 3872/271/964 610/271/968 612/272/971
f 3873/272/969 3871/270/963 607/270/966 611/272/970
f 3871/270/963 3873/272/969 612/272/971 608/270/967
f 3874/273/972 3875/274/973 615/274/974 613/273/975
f 3875/274/973 3874/273/972 614/273/976 616/274/977
f 3875/274/973 3876/275/978 617/275/979 615/274/974
f 3876/275/978 3875/274/973 616/274/977 618/275/980
f 3876/275/978 3874/273/972 613/273/975 617/275/979
f 3874/273/972 3876/275/978 618/275/980 614/273/976
f 3877/274/981 3878/273/982 613/273/975 615/274/974
f 3878/273/982 3877/274/981 616/274/977 614/273/976
f 3878/273/982 3879/276/983 619/276/984 613/273/975
f 3879/276/983 3878/273/982 614/273/976 620/276/985
f 3879/276/983 3877/274/981 615/274/974 619/276/984
f 3877/274/981 3879/276/983 620/276/985 616/274/977
f 3880/247/986 3881/250/987 623/250/988 621/247/989
f 3881/250/987 3880/247/986 622/247/990 624/250/991
f 3881/250/987 3882/273/992 625/273/993 623/250/988
f 3882/273/992 3881/250/987 624/250/991 626/273/994
f 3882/273/992 3880/247/986 621/247/989 625/273/993
f 3880/247/986 3882/273/992 626/273/994 622/247/990
f 3883/250/995 3884/276/996 627/276/997 623/250/988
f 3884/276/996 3883/250/995 624/250/991 628/276/998
f 3884/276/996 3885/273/999 625/273/993 627/276/997
f 3885/273/999 3884/276/996 628/276/998 626/273/994
f 3885/273/999 3883/250/995 623/250/988 625/273/993
f 3883/250/995 3885/273/999 626/273/994 624/250/991
f 3886/277/1000 3887/270/1001 631/270/1002 629/277/1003
f 3887/270/1001 3886/277/1000 630/277/1004 632/270/1005
f 3887/270/1001 3888/272/1006 633/272/1007 631/270/1002
f 3888/272/1006 3887/270/1001 632/270/1005 634/272/1008
f 3888/272/1006 3886/277/1000 629/277/1003 633/272/1007
f 3886/277/1000 3888/272/1006 634/272/1008 630/277/1004
f 3889/253/1009 3890/256/1010 547/256/1011 541/253/1012
f 3890/256/1010 3889/253/1009 542/253/1013 548/256/1014
f 3890/256/1010 3891/278/1015 543/278/1016 547/256/1011
f 3891/278/1015 3890/256/1010 548/256/1014 544/278/1017
f 3891/278/1015 3892/279/1018 545/279/1019 543/278/1016
f 3892/279/1018 3891/278/1015 544/278/1017 546/279/1020
f 3892/279/1018 3889/253/1009 541/253/1012 545/279/1019
f 3889/253/1009 3892/279/1018 546/279/1020 542/253/1013
f 3897/282/1029 3898/283/1030 653/283/1031 651/282/1032
f 3898/283/1030 3897/282/1029 652/282/1033 654/283/1034
f 3898/283/1030 3899/284/1035 655/284/1036 653/283/1031
f 3899/284/1035 3898/283/1030 654/283/1034 656/284/1037
f 3899/284/1035 3897/282/1029 651/282/1032 655/284/1036
f 3897/282/1029 3899/284/1035 656/284/1037 652/282/1033
f 3900/283/1038 3901/282/1039 651/282/1032 653/283/1031
f 3901/282/1039 3900/283/1038 654/283/1034 652/282/1033
f 3901/282/1039 3902/285/1040 657/285/1041 651/282/1032
f 3902/285/1040 3901/282/1039 652/282/1033 658/285/1042
f 3902/285/1040 3900/283/1038 653/283/1031 657/285/1041
f 3900/283/1038 3902/285/1040 658/285/1042 654/283/1034
f 3903/286/1043 3904/283/1044 661/283/1045 659/286/1046
f 3904/283/1044 3903/286/1043 660/286/1047 662/283/1048
f 3904/283/1044 3905/287/1049 663/287/1050 661/283/1045
f 3905/287/1049 3904/283/1044 662/283/1048 664/287/1051
f 3905/287/1049 3903/286/1043 659/286/1046 663/287/1050
f 3903/286/1043 3905/287/1049 664/287/1051 660/286/1047
f 3906/283/1052 3907/286/1053 659/286/1046 661/283/1045
f 3907/286/1053 3906/283/1052 662/283/1048 660/286/1047
f 3907/286/1053 3908/284/1054 665/284/1055 659/286/1046
f 3908/284/1054 3907/286/1053 660/286/1047 666/284/1056
f 3908/284/1054 3906/283/1052 661/283/1045 665/284/1055
f 3906/283/1052 3908/284/1054 666/284/1056 662/283/1048
f 3909/288/1057 3910/289/1058 1281/289/1059 1275/288/1060
f 3910/289/1058 3909/288/1057 1276/288/1061 1282/289/1062
f 3910/289/1058 3911/290/1063 1277/290/1064 1281/289/1059
f 3911/290/1063 3910/289/1058 1282/289/1062 1278/290/1065
f 3911/290/1063 3912/291/1066 1279/291/1067 1277/290/1064
f 3912/291/1066 3911/290/1063 1278/290/1065 1280/291/1068
f 3912/291/1066 3909/288/1057 1275/288/1060 1279/291/1067
f 3909/288/1057 3912/291/1066 1280/291/1068 1276/288/1061
f 3913/292/1069 3914/293/1070 713/293/1071 707/292/1072
f 3914/293/1070 3913/292/1069 708/292/1073 714/293/1074
f 3914/293/1070 3915/97/1075 709/97/1076 713/293/1071
f 3915/97/1075 3914/293/1070 714/293/1074 710/97/1077
f 3915/97/1075 3916/234/1078 711/234/1079 709/97/1076
f 3916/234/1078 3915/97/1075 710/97/1077 712/234/1080
f 3916/234/1078 3913/292/1069 707/292/1072 711/234/1079
f 3913/292/1069 3916/234/1078 712/234/1080 708/292/1073
f 3917/294/1081 3918/97/1082 641/97/1083 635/294/1084
f 3918/97/1082 3917/294/1081 636/294/1085 642/97/1086
f 3918/97/1082 3919/96/1087 637/96/1088 641/97/1083
f 3919/96/1087 3918/97/1082 642/97/1086 638/96/1089
f 3919/96/1087 3920/295/1090 639/295/1091 637/96/1088
f 3920/295/1090 3919/96/1087 638/96/1089 640/295/1092
f 3920/295/1090 3917/294/1081 635/294/1084 639/295/1091
f 3917/294/1081 3920/295/1090 640/295/1092 636/294/1085
f 3925/133/1105 3926/300/1106 1183/300/1107 1179/133/1108
f 3926/300/1106 3925/133/1105 1180/133/1109 1184/300/1110
f 3926/300/1106 3927/301/1111 1181/301/1112 1183/300/1107
f 3927/301/1111 3926/300/1106 1184/300/1110 1182/301/1113
f 3927/301/1111 3928/134/1114 1177/134/1115 1181/301/1112
f 3928/134/1114 3927/301/1111 1182/301/1113 1178/134/1116
f 3928/134/1114 3925/133/1105 1179/133/1108 1177/134/1115
f 3925/133/1105 3928/134/1114 1178/134/1116 1180/133/1109
f 3937/309/1141 3938/28/1142 725/28/1143 723/309/1144
f 3938/28/1142 3937/309/1141 724/309/1145 726/28/1146
f 3938/28/1142 3939/310/1147 727/310/1148 725/28/1143
f 3939/310/1147 3938/28/1142 726/28/1146 728/310/1149
f 3939/310/1147 3937/309/1141 723/309/1144 727/310/1148
f 3937/309/1141 3939/310/1147 728/310/1149 724/309/1145
f 3940/311/1150 3941/97/1151 649/97/1152 645/311/1153
f 3941/97/1151 3940/311/1150 646/311/1154 650/97/1155
f 3941/97/1151 3942/294/1156 647/294/1157 649/97/1152
f 3942/294/1156 3941/97/1151 650/97/1155 648/294/1158
f 3942/294/1156 3943/312/1159 643/312/1160 647/294/1157
f 3943/312/1159 3942/294/1156 648/294/1158 644/312/1161
f 3943/312/1159 3940/311/1150 645/311/1153 643/312/1160
f 3940/311/1150 3943/312/1159 644/312/1161 646/311/1154
f 3948/317/1174 3949/318/1175 741/318/1176 735/317/1177
f 3949/318/1175 3948/317/1174 736/317/1178 742/318/1179
f 3949/318/1175 3950/319/1180 737/319/1181 741/318/1176
f 3950/319/1180 3949/318/1175 742/318/1179 738/319/1182
f 3950/319/1180 3951/320/1183 739/320/1184 737/319/1181
f 3951/320/1183 3950/319/1180 738/319/1182 740/320/1185
f 3951/320/1183 3948/317/1174 735/317/1177 739/320/1184
f 3948/317/1174 3951/320/1183 740/320/1185 736/317/1178
f 3952/28/1186 3953/27/1187 753/27/1188 751/28/1189
f 3953/27/1187 3952/28/1186 752/28/1190 754/27/1191
f 3953/27/1187 3954/310/1192 755/310/1193 753/27/1188
f 3954/310/1192 3953/27/1187 754/27/1191 756/310/1194
f 3954/310/1192 3952/28/1186 751/28/1189 755/310/1193
f 3952/28/1186 3954/310/1192 756/310/1194 752/28/1190
f 3955/321/1195 3956/322/1196 1015/322/1197 1009/321/1198
f 3956/322/1196 3955/321/1195 1010/321/1199 1016/322/1200
f 3956/322/1196 3957/323/1201 1011/323/1202 1015/322/1197
f 3957/323/1201 3956/322/1196 1016/322/1200 1012/323/1203
f 3957/323/1201 3958/324/1204 1013/324/1205 1011/323/1202
f 3958/324/1204 3957/323/1201 1012/323/1203 1014/324/1206
f 3958/324/1204 3955/321/1195 1009/321/1198 1013/324/1205
f 3955/321/1195 3958/324/1204 1014/324/1206 1010/321/1199
f 3959/79/1207 3960/325/1208 915/325/1209 911/79/1210
f 3960/325/1208 3959/79/1207 912/79/1211 916/325/1212
f 3960/325/1208 3961/326/1213 913/326/1214 915/325/1209
f 3961/326/1213 3960/325/1208 916/325/1212 914/326/1215
f 3961/326/1213 3962/80/1216 909/80/1217 913/326/1214
f 3962/80/1216 3961/326/1213 914/326/1215 910/80/1218
f 3962/80/1216 3959/79/1207 911/79/1210 909/80/1217
f 3959/79/1207 3962/80/1216 910/80/1218 912/79/1211
f 3963/327/1219 3964/318/1220 749/318/1221 747/327/1222
f 3964/318/1220 3963/327/1219 748/327/1223 750/318/1224
f 3964/318/1220 3965/317/1225 743/317/1226 749/318/1221
f 3965/317/1225 3964/318/1220 750/318/1224 744/317/1227
f 3965/317/1225 3966/328/1228 745/328/1229 743/317/1226
f 3966/328/1228 3965/317/1225 744/317/1227 746/328/1230
f 3966/328/1228 3963/327/1219 747/327/1222 745/328/1229
f 3963/327/1219 3966/328/1228 746/328/1230 748/327/1223
f 3971/331/1241 3972/332/1242 815/332/1243 811/331/1244
f 3972/332/1242 3971/331/1241 812/331/1245 816/332/1246
f 3972/332/1242 3973/333/1247 813/333/1248 815/332/1243
f 3973/333/1247 3972/332/1242 816/332/1246 814/333/1249
f 3973/333/1247 3974/334/1250 809/334/1251 813/333/1248
f 3974/334/1250 3973/333/1247 814/333/1249 810/334/1252
f 3974/334/1250 3971/331/1241 811/331/1244 809/334/1251
f 3971/331/1241 3974/334/1250 810/334/1252 812/331/1245
f 3975/335/1253 3976/334/1254 809/334/1255 803/335/1256
f 3976/334/1254 3975/335/1253 804/335/1257 810/334/1258
f 3976/334/1254 3977/333/1259 805/333/1260 809/334/1255
f 3977/333/1259 3976/334/1254 810/334/1258 806/333/1261
f 3977/333/1259 3978/336/1262 807/336/1263 805/333/1260
f 3978/336/1262 3977/333/1259 806/333/1261 808/336/1264
f 3978/336/1262 3975/335/1253 803/335/1256 807/336/1263
f 3975/335/1253 3978/336/1262 808/336/1264 804/335/1257
f 3979/275/1265 3980/274/1266 575/274/1267 569/275/1268
f 3980/274/1266 3979/275/1265 570/275/1269 576/274/1270
f 3980/274/1266 3981/337/1271 571/337/1272 575/274/1267
f 3981/337/1271 3980/274/1266 576/274/1270 572/337/1273
f 3981/337/1271 3982/338/1274 573/338/1275 571/337/1272
f 3982/338/1274 3981/337/1271 572/337/1273 574/338/1276
f 3982/338/1274 3979/275/1265 569/275/1268 573/338/1275
f 3979/275/1265 3982/338/1274 574/338/1276 570/275/1269
f 3987/332/1285 3988/331/1286 817/331/1287 815/332/1288
f 3988/331/1286 3987/332/1285 816/332/1289 818/331/1290
f 3988/331/1286 3989/341/1291 819/341/1292 817/331/1287
f 3989/341/1291 3988/331/1286 818/331/1290 820/341/1293
f 3989/341/1291 3987/332/1285 815/332/1288 819/341/1292
f 3987/332/1285 3989/341/1291 820/341/1293 816/332/1289
f 3995/260/1309 3996/259/1310 827/259/1311 821/260/1312
f 3996/259/1310 3995/260/1309 822/260/1313 828/259/1314
f 3996/259/1310 3997/342/1315 823/342/1316 827/259/1311
f 3997/342/1315 3996/259/1310 828/259/1314 824/342/1317
f 3997/342/1315 3998/343/1318 825/343/1319 823/342/1316
f 3998/343/1318 3997/342/1315 824/342/1317 826/343/1320
f 3998/343/1318 3995/260/1309 821/260/1312 825/343/1319
f 3995/260/1309 3998/343/1318 826/343/1320 822/260/1313
f 3999/344/1321 4000/332/1322 839/332/1323 837/344/1324
f 4000/332/1322 3999/344/1321 838/344/1325 840/332/1326
f 4000/332/1322 4001/341/1327 841/341/1328 839/332/1323
f 4001/341/1327 4000/332/1322 840/332/1326 842/341/1329
f 4001/341/1327 3999/344/1321 837/344/1324 841/341/1328
f 3999/344/1321 4001/341/1327 842/341/1329 838/344/1325
f 4002/345/1330 4003/346/1331 845/346/1332 843/345/1333
f 4003/346/1331 4002/345/1330 844/345/1334 846/346/1335
f 4003/346/1331 4004/347/1336 847/347/1337 845/346/1332
f 4004/347/1336 4003/346/1331 846/346/1335 848/347/1338
f 4004/347/1336 4002/345/1330 843/345/1333 847/347/1337
f 4002/345/1330 4004/347/1336 848/347/1338 844/345/1334
f 4005/348/1339 4006/347/1340 851/347/1341 849/348/1342
f 4006/347/1340 4005/348/1339 850/348/1343 852/347/1344
f 4006/347/1340 4007/346/1345 853/346/1346 851/347/1341
f 4007/346/1345 4006/347/1340 852/347/1344 854/346/1347
f 4007/346/1345 4005/348/1339 849/348/1342 853/346/1346
f 4005/348/1339 4007/346/1345 854/346/1347 850/348/1343
f 4008/349/1348 4009/350/1349 857/350/1350 855/349/1351
f 4009/350/1349 4008/349/1348 856/349/1352 858/350/1353
f 4009/350/1349 4010/351/1354 859/351/1355 857/350/1350
f 4010/351/1354 4009/350/1349 858/350/1353 860/351/1356
f 4010/351/1354 4008/349/1348 855/349/1351 859/351/1355
f 4008/349/1348 4010/351/1354 860/351/1356 856/349/1352
f 4015/356/1369 4016/357/1370 975/357/1371 969/356/1372
f 4016/357/1370 4015/356/1369 970/356/1373 976/357/1374
f 4016/357/1370 4017/358/1375 971/358/1376 975/357/1371
f 4017/358/1375 4016/357/1370 976/357/1374 972/358/1377
f 4017/358/1375 4018/359/1378 973/359/1379 971/358/1376
f 4018/359/1378 4017/358/1375 972/358/1377 974/359/1380
f 4018/359/1378 4015/356/1369 969/356/1372 973/359/1379
f 4015/356/1369 4018/359/1378 974/359/1380 970/356/1373
f 4023/364/1393 4024/365/1394 951/365/1395 945/364/1396
f 4024/365/1394 4023/364/1393 946/364/1397 952/365/1398
f 4024/365/1394 4025/366/1399 947/366/1400 951/365/1395
f 4025/366/1399 4024/365/1394 952/365/1398 948/366/1401
f 4025/366/1399 4026/367/1402 949/367/1403 947/366/1400
f 4026/367/1402 4025/366/1399 948/366/1401 950/367/1404
f 4026/367/1402 4023/364/1393 945/364/1396 949/367/1403
f 4023/364/1393 4026/367/1402 950/367/1404 946/364/1397
f 4027/368/1405 4028/369/1406 2135/369/1407 2131/368/1408
f 4028/369/1406 4027/368/1405 2132/368/1409 2136/369/1410
f 4028/369/1406 4029/370/1411 2133/370/1412 2135/369/1407
f 4029/370/1411 4028/369/1406 2136/369/1410 2134/370/1413
f 4029/370/1411 4030/371/1414 2129/371/1415 2133/370/1412
f 4030/371/1414 4029/370/1411 2134/370/1413 2130/371/1416
f 4030/371/1414 4027/368/1405 2131/368/1408 2129/371/1415
f 4027/368/1405 4030/371/1414 2130/371/1416 2132/368/1409
f 4035/376/1429 4036/336/1430 801/336/1431 797/376/1432
f 4036/336/1430 4035/376/1429 798/376/1433 802/336/1434
f 4036/336/1430 4037/333/1435 799/333/1436 801/336/1431
f 4037/333/1435 4036/336/1430 802/336/1434 800/333/1437
f 4037/333/1435 4038/377/1438 795/377/1439 799/333/1436
f 4038/377/1438 4037/333/1435 800/333/1437 796/377/1440
f 4038/377/1438 4035/376/1429 797/376/1432 795/377/1439
f 4035/376/1429 4038/377/1438 796/377/1440 798/376/1433
f 4039/378/1441 4040/379/1442 2107/379/1443 2101/378/1444
f 4040/379/1442 4039/378/1441 2102/378/1445 2108/379/1446
f 4040/379/1442 4041/380/1447 2103/380/1448 2107/379/1443
f 4041/380/1447 4040/379/1442 2108/379/1446 2104/380/1449
f 4041/380/1447 4042/381/1450 2105/381/1451 2103/380/1448
f 4042/381/1450 4041/380/1447 2104/380/1449 2106/381/1452
f 4042/381/1450 4039/378/1441 2101/378/1444 2105/381/1451
f 4039/378/1441 4042/381/1450 2106/381/1452 2102/378/1445
f 4043/382/1453 4044/383/1454 935/383/1455 933/382/1456
f 4044/383/1454 4043/382/1453 934/382/1457 936/383/1458
f 4044/383/1454 4045/384/1459 937/384/1460 935/383/1455
f 4045/384/1459 4044/383/1454 936/383/1458 938/384/1461
f 4045/384/1459 4043/382/1453 933/382/1456 937/384/1460
f 4043/382/1453 4045/384/1459 938/384/1461 934/382/1457
f 4046/385/1462 4047/386/1463 943/386/1464 939/385/1465
f 4047/386/1463 4046/385/1462 940/385/1466 944/386/1467
f 4047/386/1463 4048/383/1468 941/383/1469 943/386/1464
f 4048/383/1468 4047/386/1463 944/386/1467 942/383/1470
f 4048/383/1468 4046/385/1462 939/385/1465 941/383/1469
f 4046/385/1462 4048/383/1468 942/383/1470 940/385/1466
f 4049/387/1471 4050/246/1472 1257/246/1473 1255/387/1474
f 4050/246/1472 4049/387/1471 1256/387/1475 1258/246/1476
f 4050/246/1472 4051/388/1477 1251/388/1478 1257/246/1473
f 4051/388/1477 4050/246/1472 1258/246/1476 1252/388/1479
f 4051/388/1477 4052/389/1480 1253/389/1481 1251/388/1478
f 4052/389/1480 4051/388/1477 1252/388/1479 1254/389/1482
f 4052/389/1480 4049/387/1471 1255/387/1474 1253/389/1481
f 4049/387/1471 4052/389/1480 1254/389/1482 1256/387/1475
f 4073/393/1531 4074/324/1532 1023/324/1533 1017/393/1534
f 4074/324/1532 4073/393/1531 1018/393/1535 1024/324/1536
f 4074/324/1532 4075/394/1537 1019/394/1538 1023/324/1533
f 4075/394/1537 4074/324/1532 1024/324/1536 1020/394/1539
f 4075/394/1537 4076/395/1540 1021/395/1541 1019/394/1538
f 4076/395/1540 4075/394/1537 1020/394/1539 1022/395/1542
f 4076/395/1540 4073/393/1531 1017/393/1534 1021/395/1541
f 4073/393/1531 4076/395/1540 1022/395/1542 1018/393/1535
f 4077/321/1543 4078/324/1544 1045/324/1545 1039/321/1546
f 4078/324/1544 4077/321/1543 1040/321/1547 1046/324/1548
f 4078/324/1544 4079/393/1549 1041/393/1550 1045/324/1545
f 4079/393/1549 4078/324/1544 1046/324/1548 1042/393/1551
f 4079/393/1549 4080/396/1552 1043/396/1553 1041/393/1550
f 4080/396/1552 4079/393/1549 1042/393/1551 1044/396/1554
f 4080/396/1552 4077/321/1543 1039/321/1546 1043/396/1553
f 4077/321/1543 4080/396/1552 1044/396/1554 1040/321/1547
f 4081/397/1555 4082/398/1556 1657/398/1557 1651/397/1558
f 4082/398/1556 4081/397/1555 1652/397/1559 1658/398/1560
f 4082/398/1556 4083/399/1561 1653/399/1562 1657/398/1557
f 4083/399/1561 4082/398/1556 1658/398/1560 1654/399/1563
f 4083/399/1561 4084/400/1564 1655/400/1565 1653/399/1562
f 4084/400/1564 4083/399/1561 1654/399/1563 1656/400/1566
f 4084/400/1564 4081/397/1555 1651/397/1558 1655/400/1565
f 4081/397/1555 4084/400/1564 1656/400/1566 1652/397/1559
f 4085/291/1567 4086/144/1568 1249/144/1569 1243/291/1570
f 4086/144/1568 4085/291/1567 1244/291/1571 1250/144/1572
f 4086/144/1568 4087/143/1573 1245/143/1574 1249/144/1569
f 4087/143/1573 4086/144/1568 1250/144/1572 1246/143/1575
f 4087/143/1573 4088/288/1576 1247/288/1577 1245/143/1574
f 4088/288/1576 4087/143/1573 1246/143/1575 1248/288/1578
f 4088/288/1576 4085/291/1567 1243/291/1570 1247/288/1577
f 4085/291/1567 4088/288/1576 1248/288/1578 1244/291/1571
f 4089/401/1579 4090/402/1580 1083/402/1581 1077/401/1582
f 4090/402/1580 4089/401/1579 1078/401/1583 1084/402/1584
f 4090/402/1580 4091/403/1585 1079/403/1586 1083/402/1581
f 4091/403/1585 4090/402/1580 1084/402/1584 1080/403/1587
f 4091/403/1585 4092/404/1588 1081/404/1589 1079/403/1586
f 4092/404/1588 4091/403/1585 1080/403/1587 1082/404/1590
f 4092/404/1588 4089/401/1579 1077/401/1582 1081/404/1589
f 4089/401/1579 4092/404/1588 1082/404/1590 1078/401/1583
f 4093/323/1591 4094/405/1592 1007/405/1593 1001/323/1594
f 4094/405/1592 4093/323/1591 1002/323/1595 1008/405/1596
f 4094/405/1592 4095/394/1597 1003/394/1598 1007/405/1593
f 4095/394/1597 4094/405/1592 1008/405/1596 1004/394/1599
f 4095/394/1597 4096/324/1600 1005/324/1601 1003/394/1598
f 4096/324/1600 4095/394/1597 1004/394/1599 1006/324/1602
f 4096/324/1600 4093/323/1591 1001/323/1594 1005/324/1601
f 4093/323/1591 4096/324/1600 1006/324/1602 1002/323/1595
f 4097/406/1603 4098/367/1604 1061/367/1605 1055/406/1606
f 4098/367/1604 4097/406/1603 1056/406/1607 1062/367/1608
f 4098/367/1604 4099/366/1609 1057/366/1610 1061/367/1605
f 4099/366/1609 4098/367/1604 1062/367/1608 1058/366/1611
f 4099/366/1609 4100/407/1612 1059/407/1613 1057/366/1610
f 4100/407/1612 4099/366/1609 1058/366/1611 1060/407/1614
f 4100/407/1612 4097/406/1603 1055/406/1606 1059/407/1613
f 4097/406/1603 4100/407/1612 1060/407/1614 1056/406/1607
f 4101/408/1615 4102/409/1616 899/409/1617 893/408/1618
f 4102/409/1616 4101/408/1615 894/408/1619 900/409/1620
f 4102/409/1616 4103/364/1621 895/364/1622 899/409/1617
f 4103/364/1621 4102/409/1616 900/409/1620 896/364/1623
f 4103/364/1621 4104/367/1624 897/367/1625 895/364/1622
f 4104/367/1624 4103/364/1621 896/364/1623 898/367/1626
f 4104/367/1624 4101/408/1615 893/408/1618 897/367/1625
f 4101/408/1615 4104/367/1624 898/367/1626 894/408/1619
f 4105/410/1627 4106/411/1628 1063/411/1629 1065/410/1630
f 4106/411/1628 4105/410/1627 1066/410/1631 1064/411/1632
f 4106/411/1628 4107/412/1633 1067/412/1634 1063/411/1629
f 4107/412/1633 4106/411/1628 1064/411/1632 1068/412/1635
f 4107/412/1633 4105/410/1627 1065/410/1630 1067/412/1634
f 4105/410/1627 4107/412/1633 1068/412/1635 1066/410/1631
f 4108/386/1636 4109/385/1637 931/385/1638 929/386/1639
f 4109/385/1637 4108/386/1636 930/386/1640 932/385/1641
f 4109/385/1637 4110/413/1642 925/413/1643 931/385/1638
f 4110/413/1642 4109/385/1637 932/385/1641 926/413/1644
f 4110/413/1642 4111/414/1645 927/414/1646 925/413/1643
f 4111/414/1645 4110/413/1642 926/413/1644 928/414/1647
f 4111/414/1645 4108/386/1636 929/386/1639 927/414/1646
f 4108/386/1636 4111/414/1645 928/414/1647 930/386/1640
f 4112/403/1648 4113/415/1649 1075/415/1650 1069/403/1651
f 4113/415/1649 4112/403/1648 1070/403/1652 1076/415/1653
f 4113/415/1649 4114/410/1654 1071/410/1655 1075/415/1650
f 4114/410/1654 4113/415/1649 1076/415/1653 1072/410/1656
f 4114/410/1654 4115/404/1657 1073/404/1658 1071/410/1655
f 4115/404/1657 4114/410/1654 1072/410/1656 1074/404/1659
f 4115/404/1657 4112/403/1648 1069/403/1651 1073/404/1658
f 4112/403/1648 4115/404/1657 1074/404/1659 1070/403/1652
f 4120/61/1670 4121/157/1671 327/157/1672 321/61/1673
f 4121/157/1671 4120/61/1670 322/61/1674 328/157/1675
f 4121/157/1671 4122/161/1676 323/161/1677 327/157/1672
f 4122/161/1676 4121/157/1671 328/157/1675 324/161/1678
f 4122/161/1676 4123/160/1679 325/160/1680 323/161/1677
f 4123/160/1679 4122/161/1676 324/161/1678 326/160/1681
f 4123/160/1679 4120/61/1670 321/61/1673 325/160/1680
f 4120/61/1670 4123/160/1679 326/160/1681 322/61/1674
f 4124/419/1682 4125/240/1683 1103/240/1684 1101/419/1685
f 4125/240/1683 4124/419/1682 1102/419/1686 1104/240/1687
f 4125/240/1683 4126/239/1688 1105/239/1689 1103/240/1684
f 4126/239/1688 4125/240/1683 1104/240/1687 1106/239/1690
f 4126/239/1688 4124/419/1682 1101/419/1685 1105/239/1689
f 4124/419/1682 4126/239/1688 1106/239/1690 1102/419/1686
f 4127/419/1691 4128/239/1692 1105/239/1689 1101/419/1685
f 4128/239/1692 4127/419/1691 1102/419/1686 1106/239/1690
f 4128/239/1692 4129/420/1693 1107/420/1694 1105/239/1689
f 4129/420/1693 4128/239/1692 1106/239/1690 1108/420/1695
f 4129/420/1693 4127/419/1691 1101/419/1685 1107/420/1694
f 4127/419/1691 4129/420/1693 1108/420/1695 1102/419/1686
f 4130/421/1696 4131/419/1697 1111/419/1698 1109/421/1699
f 4131/419/1697 4130/421/1696 1110/421/1700 1112/419/1701
f 4131/419/1697 4132/420/1702 1113/420/1703 1111/419/1698
f 4132/420/1702 4131/419/1697 1112/419/1701 1114/420/1704
f 4132/420/1702 4130/421/1696 1109/421/1699 1113/420/1703
f 4130/421/1696 4132/420/1702 1114/420/1704 1110/421/1700
f 4133/419/1705 4134/421/1706 1109/421/1699 1111/419/1698
f 4134/421/1706 4133/419/1705 1112/419/1701 1110/421/1700
f 4134/421/1706 4135/422/1707 1115/422/1708 1109/421/1699
f 4135/422/1707 4134/421/1706 1110/421/1700 1116/422/1709
f 4135/422/1707 4133/419/1705 1111/419/1698 1115/422/1708
f 4133/419/1705 4135/422/1707 1116/422/1709 1112/419/1701
f 4136/423/1710 4137/424/1711 1131/424/1712 1125/423/1713
f 4137/424/1711 4136/423/1710 1126/423/1714 1132/424/1715
f 4137/424/1711 4138/422/1716 1127/422/1717 1131/424/1712
f 4138/422/1716 4137/424/1711 1132/424/1715 1128/422/1718
f 4138/422/1716 4139/421/1719 1129/421/1720 1127/422/1717
f 4139/421/1719 4138/422/1716 1128/422/1718 1130/421/1721
f 4139/421/1719 4136/423/1710 1125/423/1713 1129/421/1720
f 4136/423/1710 4139/421/1719 1130/421/1721 1126/423/1714
f 4144/428/1732 4145/203/1733 1133/203/1734 1135/428/1735
f 4145/203/1733 4144/428/1732 1136/428/1736 1134/203/1737
f 4145/203/1733 4146/388/1738 1137/388/1739 1133/203/1734
f 4146/388/1738 4145/203/1733 1134/203/1737 1138/388/1740
f 4146/388/1738 4144/428/1732 1135/428/1735 1137/388/1739
f 4144/428/1732 4146/388/1738 1138/388/1740 1136/428/1736
f 4147/208/1741 4148/429/1742 1141/429/1743 1139/208/1744
f 4148/429/1742 4147/208/1741 1140/208/1745 1142/429/1746
f 4148/429/1742 4149/138/1747 1143/138/1748 1141/429/1743
f 4149/138/1747 4148/429/1742 1142/429/1746 1144/138/1749
f 4149/138/1747 4147/208/1741 1139/208/1744 1143/138/1748
f 4147/208/1741 4149/138/1747 1144/138/1749 1140/208/1745
f 4150/430/1750 4151/238/1751 1145/238/1752 1147/430/1753
f 4151/238/1751 4150/430/1750 1148/430/1754 1146/238/1755
f 4151/238/1751 4152/241/1756 1149/241/1757 1145/238/1752
f 4152/241/1756 4151/238/1751 1146/238/1755 1150/241/1758
f 4152/241/1756 4150/430/1750 1147/430/1753 1149/241/1757
f 4150/430/1750 4152/241/1756 1150/241/1758 1148/430/1754
f 4153/423/1759 4154/209/1760 1153/209/1761 1151/423/1762
f 4154/209/1760 4153/423/1759 1152/423/1763 1154/209/1764
f 4154/209/1760 4155/424/1765 1155/424/1766 1153/209/1761
f 4155/424/1765 4154/209/1760 1154/209/1764 1156/424/1767
f 4155/424/1765 4153/423/1759 1151/423/1762 1155/424/1766
f 4153/423/1759 4155/424/1765 1156/424/1767 1152/423/1763
f 4156/204/1768 4157/388/1769 1157/388/1770 1159/204/1771
f 4157/388/1769 4156/204/1768 1160/204/1772 1158/388/1773
f 4157/388/1769 4158/203/1774 1161/203/1775 1157/388/1770
f 4158/203/1774 4157/388/1769 1158/388/1773 1162/203/1776
f 4158/203/1774 4156/204/1768 1159/204/1771 1161/203/1775
f 4156/204/1768 4158/203/1774 1162/203/1776 1160/204/1772
f 4159/231/1777 4160/208/1778 1167/208/1779 1165/231/1780
f 4160/208/1778 4159/231/1777 1166/231/1781 1168/208/1782
f 4160/208/1778 4161/138/1783 1163/138/1784 1167/208/1779
f 4161/138/1783 4160/208/1778 1168/208/1782 1164/138/1785
f 4161/138/1783 4159/231/1777 1165/231/1780 1163/138/1784
f 4159/231/1777 4161/138/1783 1164/138/1785 1166/231/1781
f 4162/431/1786 4163/432/1787 1321/432/1788 1319/431/1789
f 4163/432/1787 4162/431/1786 1320/431/1790 1322/432/1791
f 4163/432/1787 4164/433/1792 1315/433/1793 1321/432/1788
f 4164/433/1792 4163/432/1787 1322/432/1791 1316/433/1794
f 4164/433/1792 4165/434/1795 1317/434/1796 1315/433/1793
f 4165/434/1795 4164/433/1792 1316/433/1794 1318/434/1797
f 4165/434/1795 4162/431/1786 1319/431/1789 1317/434/1796
f 4162/431/1786 4165/434/1795 1318/434/1797 1320/431/1790
f 4166/202/1798 4167/435/1799 1489/435/1800 1483/202/1801
f 4167/435/1799 4166/202/1798 1484/202/1802 1490/435/1803
f 4167/435/1799 4168/436/1804 1485/436/1805 1489/435/1800
f 4168/436/1804 4167/435/1799 1490/435/1803 1486/436/1806
f 4168/436/1804 4169/121/1807 1487/121/1808 1485/436/1805
f 4169/121/1807 4168/436/1804 1486/436/1806 1488/121/1809
f 4169/121/1807 4166/202/1798 1483/202/1801 1487/121/1808
f 4166/202/1798 4169/121/1807 1488/121/1809 1484/202/1802
f 4170/123/1810 4171/437/1811 1187/437/1812 1185/123/1813
f 4171/437/1811 4170/123/1810 1186/123/1814 1188/437/1815
f 4171/437/1811 4172/438/1816 1189/438/1817 1187/437/1812
f 4172/438/1816 4171/437/1811 1188/437/1815 1190/438/1818
f 4172/438/1816 4170/123/1810 1185/123/1813 1189/438/1817
f 4170/123/1810 4172/438/1816 1190/438/1818 1186/123/1814
f 4177/428/1831 4178/388/1832 1361/388/1833 1359/428/1834
f 4178/388/1832 4177/428/1831 1360/428/1835 1362/388/1836
f 4178/388/1832 4179/246/1837 1355/246/1838 1361/388/1833
f 4179/246/1837 4178/388/1832 1362/388/1836 1356/246/1839
f 4179/246/1837 4180/443/1840 1357/443/1841 1355/246/1838
f 4180/443/1840 4179/246/1837 1356/246/1839 1358/443/1842
f 4180/443/1840 4177/428/1831 1359/428/1834 1357/443/1841
f 4177/428/1831 4180/443/1840 1358/443/1842 1360/428/1835
f 4181/290/1843 4182/289/1844 1305/289/1845 1299/290/1846
f 4182/289/1844 4181/290/1843 1300/290/1847 1306/289/1848
f 4182/289/1844 4183/433/1849 1301/433/1850 1305/289/1845
f 4183/433/1849 4182/289/1844 1306/289/1848 1302/433/1851
f 4183/433/1849 4184/432/1852 1303/432/1853 1301/433/1850
f 4184/432/1852 4183/433/1849 1302/433/1851 1304/432/1854
f 4184/432/1852 4181/290/1843 1299/290/1846 1303/432/1853
f 4181/290/1843 4184/432/1852 1304/432/1854 1300/290/1847
f 4185/124/1855 4186/123/1856 1215/123/1857 1213/124/1858
f 4186/123/1856 4185/124/1855 1214/124/1859 1216/123/1860
f 4186/123/1856 4187/438/1861 1217/438/1862 1215/123/1857
f 4187/438/1861 4186/123/1856 1216/123/1860 1218/438/1863
f 4187/438/1861 4185/124/1855 1213/124/1858 1217/438/1862
f 4185/124/1855 4187/438/1861 1218/438/1863 1214/124/1859
f 4192/448/1876 4193/449/1877 1225/449/1878 1219/448/1879
f 4193/449/1877 4192/448/1876 1220/448/1880 1226/449/1881
f 4193/449/1877 4194/142/1882 1221/142/1883 1225/449/1878
f 4194/142/1882 4193/449/1877 1226/449/1881 1222/142/1884
f 4194/142/1882 4195/145/1885 1223/145/1886 1221/142/1883
f 4195/145/1885 4194/142/1882 1222/142/1884 1224/145/1887
f 4195/145/1885 4192/448/1876 1219/448/1879 1223/145/1886
f 4192/448/1876 4195/145/1885 1224/145/1887 1220/448/1880
f 4196/91/1888 4197/37/1889 1345/37/1890 1339/91/1891
f 4197/37/1889 4196/91/1888 1340/91/1892 1346/37/1893
f 4197/37/1889 4198/40/1894 1341/40/1895 1345/37/1890
f 4198/40/1894 4197/37/1889 1346/37/1893 1342/40/1896
f 4198/40/1894 4199/450/1897 1343/450/1898 1341/40/1895
f 4199/450/1897 4198/40/1894 1342/40/1896 1344/450/1899
f 4199/450/1897 4196/91/1888 1339/91/1891 1343/450/1898
f 4196/91/1888 4199/450/1897 1344/450/1899 1340/91/1892
f 4200/144/1900 4201/145/1901 1233/145/1902 1231/144/1903
f 4201/145/1901 4200/144/1900 1232/144/1904 1234/145/1905
f 4201/145/1901 4202/142/1906 1227/142/1907 1233/145/1902
f 4202/142/1906 4201/145/1901 1234/145/1905 1228/142/1908
f 4202/142/1906 4203/143/1909 1229/143/1910 1227/142/1907
f 4203/143/1909 4202/142/1906 1228/142/1908 1230/143/1911
f 4203/143/1909 4200/144/1900 1231/144/1903 1229/143/1910
f 4200/144/1900 4203/143/1909 1230/143/1911 1232/144/1904
f 4212/290/1932 4213/291/1933 167/291/1934 161/290/1935
f 4213/291/1933 4212/290/1932 162/290/1936 168/291/1937
f 4213/291/1933 4214/288/1938 163/288/1939 167/291/1934
f 4214/288/1938 4213/291/1933 168/291/1937 164/288/1940
f 4214/288/1938 4215/289/1941 165/289/1942 163/288/1939
f 4215/289/1941 4214/288/1938 164/288/1940 166/289/1943
f 4215/289/1941 4212/290/1932 161/290/1935 165/289/1942
f 4212/290/1932 4215/289/1941 166/289/1943 162/290/1936
f 4220/454/1956 4221/455/1957 483/455/1958 481/454/1959
f 4221/455/1957 4220/454/1956 482/454/1960 484/455/1961
f 4221/455/1957 4222/434/1962 477/434/1963 483/455/1958
f 4222/434/1962 4221/455/1957 484/455/1961 478/434/1964
f 4222/434/1962 4223/433/1965 479/433/1966 477/434/1963
f 4223/433/1965 4222/434/1962 478/434/1964 480/433/1967
f 4223/433/1965 4220/454/1956 481/454/1959 479/433/1966
f 4220/454/1956 4223/433/1965 480/433/1967 482/454/1960
f 4229/458/1977 4230/437/1978 1289/437/1979 1283/458/1980
f 4230/437/1978 4229/458/1977 1284/458/1981 1290/437/1982
f 4230/437/1978 4231/123/1983 1285/123/1984 1289/437/1979
f 4231/123/1983 4230/437/1978 1290/437/1982 1286/123/1985
f 4231/123/1983 4232/126/1986 1287/126/1987 1285/123/1984
f 4232/126/1986 4231/123/1983 1286/123/1985 1288/126/1988
f 4232/126/1986 4229/458/1977 1283/458/1980 1287/126/1987
f 4229/458/1977 4232/126/1986 1288/126/1988 1284/458/1981
f 4233/459/1989 4234/79/1990 1031/79/1991 1025/459/1992
f 4234/79/1990 4233/459/1989 1026/459/1993 1032/79/1994
f 4234/79/1990 4235/78/1995 1027/78/1996 1031/79/1991
f 4235/78/1995 4234/79/1990 1032/79/1994 1028/78/1997
f 4235/78/1995 4236/170/1998 1029/170/1999 1027/78/1996
f 4236/170/1998 4235/78/1995 1028/78/1997 1030/170/2000
f 4236/170/1998 4233/459/1989 1025/459/1992 1029/170/1999
f 4233/459/1989 4236/170/1998 1030/170/2000 1026/459/1993
f 4245/462/2013 4246/463/2014 1329/463/2015 1323/462/2016
f 4246/463/2014 4245/462/2013 1324/462/2017 1330/463/2018
f 4246/463/2014 4247/202/2019 1325/202/2020 1329/463/2015
f 4247/202/2019 4246/463/2014 1330/463/2018 1326/202/2021
f 4247/202/2019 4248/201/2022 1327/201/2023 1325/202/2020
f 4248/201/2022 4247/202/2019 1326/202/2021 1328/201/2024
f 4248/201/2022 4245/462/2013 1323/462/2016 1327/201/2023
f 4245/462/2013 4248/201/2022 1328/201/2024 1324/462/2017
f 4257/251/2041 4258/387/2042 1197/387/2043 1191/251/2044
f 4258/387/2042 4257/251/2041 1192/251/2045 1198/387/2046
f 4258/387/2042 4259/389/2047 1193/389/2048 1197/387/2043
f 4259/389/2047 4258/387/2042 1198/387/2046 1194/389/2049
f 4259/389/2047 4260/252/2050 1195/252/2051 1193/389/2048
f 4260/252/2050 4259/389/2047 1194/389/2049 1196/252/2052
f 4260/252/2050 4257/251/2041 1191/251/2044 1195/252/2051
f 4257/251/2041 4260/252/2050 1196/252/2052 1192/251/2045
f 4265/35/2063 4266/36/2064 1373/36/808 1371/35/811
f 4266/36/2064 4265/35/2063 1372/35/812 1374/36/809
f 4266/36/2064 4267/34/2065 1375/34/2066 1373/36/808
f 4267/34/2065 4266/36/2064 1374/36/809 1376/34/2067
f 4267/34/2065 4265/35/2063 1371/35/811 1375/34/2066
f 4265/35/2063 4267/34/2065 1376/34/2067 1372/35/812
f 4272/473/2075 4273/474/2076 1833/474/2077 1827/473/2078
f 4273/474/2076 4272/473/2075 1828/473/2079 1834/474/2080
f 4273/474/2076 4274/475/2081 1831/475/2082 1833/474/2077
f 4274/475/2081 4273/474/2076 1834/474/2080 1832/475/2083
f 4274/475/2081 4275/476/2084 1829/476/2085 1831/475/2082
f 4275/476/2084 4274/475/2081 1832/475/2083 1830/476/2086
f 4275/476/2084 4272/473/2075 1827/473/2078 1829/476/2085
f 4272/473/2075 4275/476/2084 1830/476/2086 1828/473/2079
f 4276/24/2087 4277/25/2088 1381/25/2089 1385/24/2090
f 4277/25/2088 4276/24/2087 1386/24/2091 1382/25/2092
f 4277/25/2088 4278/23/2093 1383/23/2094 1381/25/2089
f 4278/23/2093 4277/25/2088 1382/25/2092 1384/23/2095
f 4278/23/2093 4276/24/2087 1385/24/2090 1383/23/2094
f 4276/24/2087 4278/23/2093 1384/23/2095 1386/24/2091
f 4279/22/2096 4280/20/2097 1389/20/2098 1387/22/2099
f 4280/20/2097 4279/22/2096 1388/22/2100 1390/20/2101
f 4280/20/2097 4281/21/2102 1391/21/2103 1389/20/2098
f 4281/21/2102 4280/20/2097 1390/20/2101 1392/21/2104
f 4281/21/2102 4279/22/2096 1387/22/2099 1391/21/2103
f 4279/22/2096 4281/21/2102 1392/21/2104 1388/22/2100
f 4290/11/2125 4291/9/2126 1399/9/2127 1401/11/2128
f 4291/9/2126 4290/11/2125 1402/11/2129 1400/9/2130
f 4291/9/2126 4292/10/2131 1397/10/2132 1399/9/2127
f 4292/10/2131 4291/9/2126 1400/9/2130 1398/10/2133
f 4292/10/2131 4290/11/2125 1401/11/2128 1397/10/2132
f 4290/11/2125 4292/10/2131 1398/10/2133 1402/11/2129
f 4293/195/2134 4294/196/2135 403/196/2136 401/195/2137
f 4294/196/2135 4293/195/2134 402/195/2138 404/196/2139
f 4294/196/2135 4295/193/2140 397/193/2141 403/196/2136
f 4295/193/2140 4294/196/2135 404/196/2139 398/193/2142
f 4295/193/2140 4296/194/2143 399/194/2144 397/193/2141
f 4296/194/2143 4295/193/2140 398/193/2142 400/194/2145
f 4296/194/2143 4293/195/2134 401/195/2137 399/194/2144
f 4293/195/2134 4296/194/2143 400/194/2145 402/195/2138
f 4297/43/2146 4298/67/2147 411/67/2148 405/43/2149
f 4298/67/2147 4297/43/2146 406/43/2150 412/67/2151
f 4298/67/2147 4299/135/2152 407/135/2153 411/67/2148
f 4299/135/2152 4298/67/2147 412/67/2151 408/135/2154
f 4299/135/2152 4300/44/2155 409/44/2156 407/135/2153
f 4300/44/2155 4299/135/2152 408/135/2154 410/44/2157
f 4300/44/2155 4297/43/2146 405/43/2149 409/44/2156
f 4297/43/2146 4300/44/2155 410/44/2157 406/43/2150
f 4301/479/2158 4302/480/2159 451/480/2160 449/479/2161
f 4302/480/2159 4301/479/2158 450/479/2162 452/480/2163
f 4302/480/2159 4303/481/2164 445/481/2165 451/480/2160
f 4303/481/2164 4302/480/2159 452/480/2163 446/481/2166
f 4303/481/2164 4304/56/2167 447/56/2168 445/481/2165
f 4304/56/2167 4303/481/2164 446/481/2166 448/56/2169
f 4304/56/2167 4301/479/2158 449/479/2161 447/56/2168
f 4301/479/2158 4304/56/2167 448/56/2169 450/479/2162
f 4317/57/2194 4318/58/2195 103/58/2196 101/57/2197
f 4318/58/2195 4317/57/2194 102/57/2198 104/58/2199
f 4318/58/2195 4319/55/2200 97/55/2201 103/58/2196
f 4319/55/2200 4318/58/2195 104/58/2199 98/55/2202
f 4319/55/2200 4320/56/2203 99/56/2204 97/55/2201
f 4320/56/2203 4319/55/2200 98/55/2202 100/56/2205
f 4320/56/2203 4317/57/2194 101/57/2197 99/56/2204
f 4317/57/2194 4320/56/2203 100/56/2205 102/57/2198
f 4321/196/2206 4322/55/2207 1577/55/2208 1571/196/2209
f 4322/55/2207 4321/196/2206 1572/196/2210 1578/55/2211
f 4322/55/2207 4323/58/2212 1573/58/2213 1577/55/2208
f 4323/58/2212 4322/55/2207 1578/55/2211 1574/58/2214
f 4323/58/2212 4324/193/2215 1575/193/2216 1573/58/2213
f 4324/193/2215 4323/58/2212 1574/58/2214 1576/193/2217
f 4324/193/2215 4321/196/2206 1571/196/2209 1575/193/2216
f 4321/196/2206 4324/193/2215 1576/193/2217 1572/196/2210
f 4325/484/2218 4326/485/2219 1449/485/2220 1443/484/2221
f 4326/485/2219 4325/484/2218 1444/484/2222 1450/485/2223
f 4326/485/2219 4327/399/2224 1445/399/2225 1449/485/2220
f 4327/399/2224 4326/485/2219 1450/485/2223 1446/399/2226
f 4327/399/2224 4328/398/2227 1447/398/2228 1445/399/2225
f 4328/398/2227 4327/399/2224 1446/399/2226 1448/398/2229
f 4328/398/2227 4325/484/2218 1443/484/2221 1447/398/2228
f 4325/484/2218 4328/398/2227 1448/398/2229 1444/484/2222
f 4337/400/2254 4338/399/2255 1673/399/2256 1667/400/2257
f 4338/399/2255 4337/400/2254 1668/400/2258 1674/399/2259
f 4338/399/2255 4339/490/2260 1669/490/2261 1673/399/2256
f 4339/490/2260 4338/399/2255 1674/399/2259 1670/490/2262
f 4339/490/2260 4340/491/2263 1671/491/2264 1669/490/2261
f 4340/491/2263 4339/490/2260 1670/490/2262 1672/491/2265
f 4340/491/2263 4337/400/2254 1667/400/2257 1671/491/2264
f 4337/400/2254 4340/491/2263 1672/491/2265 1668/400/2258
f 4341/216/2266 4342/23/2267 1383/23/2094 1377/216/804
f 4342/23/2267 4341/216/2266 1378/216/805 1384/23/2095
f 4342/23/2267 4343/25/2268 1381/25/2089 1383/23/2094
f 4343/25/2268 4342/23/2267 1384/23/2095 1382/25/2092
f 4343/25/2268 4344/232/2269 1379/232/803 1381/25/2089
f 4344/232/2269 4343/25/2268 1382/25/2092 1380/232/806
f 4344/232/2269 4341/216/2266 1377/216/804 1379/232/803
f 4341/216/2266 4344/232/2269 1380/232/806 1378/216/805
f 4345/492/2270 4346/288/2271 1505/288/2272 1499/492/2273
f 4346/288/2271 4345/492/2270 1500/492/2274 1506/288/2275
f 4346/288/2271 4347/143/2276 1501/143/2277 1505/288/2272
f 4347/143/2276 4346/288/2271 1506/288/2275 1502/143/2278
f 4347/143/2276 4348/493/2279 1503/493/2280 1501/143/2277
f 4348/493/2279 4347/143/2276 1502/143/2278 1504/493/2281
f 4348/493/2279 4345/492/2270 1499/492/2273 1503/493/2280
f 4345/492/2270 4348/493/2279 1504/493/2281 1500/492/2274
f 4349/108/2282 4350/109/2283 1547/109/2284 1543/108/2285
f 4350/109/2283 4349/108/2282 1544/108/2286 1548/109/2287
f 4350/109/2283 4351/110/2288 1539/110/2289 1547/109/2284
f 4351/110/2288 4350/109/2283 1548/109/2287 1540/110/2290
f 4351/110/2288 4352/114/2291 1541/114/2292 1539/110/2289
f 4352/114/2291 4351/110/2288 1540/110/2290 1542/114/2293
f 4352/114/2291 4349/108/2282 1543/108/2285 1541/114/2292
f 4349/108/2282 4352/114/2291 1542/114/2293 1544/108/2286
f 4353/102/2294 4354/104/2295 1519/104/2296 1521/102/2297
f 4354/104/2295 4353/102/2294 1522/102/2298 1520/104/2299
f 4354/104/2295 4355/90/2300 1517/90/2301 1519/104/2296
f 4355/90/2300 4354/104/2295 1520/104/2299 1518/90/2302
f 4355/90/2300 4353/102/2294 1521/102/2297 1517/90/2301
f 4353/102/2294 4355/90/2300 1518/90/2302 1522/102/2298
f 4356/109/2303 4357/111/2304 1551/111/2305 1547/109/2284
f 4357/111/2304 4356/109/2303 1548/109/2287 1552/111/2306
f 4357/111/2304 4358/116/2307 1549/116/2308 1551/111/2305
f 4358/116/2307 4357/111/2304 1552/111/2306 1550/116/2309
f 4358/116/2307 4359/110/2310 1539/110/2289 1549/116/2308
f 4359/110/2310 4358/116/2307 1550/116/2309 1540/110/2290
f 4359/110/2310 4356/109/2303 1547/109/2284 1539/110/2289
f 4356/109/2303 4359/110/2310 1540/110/2290 1548/109/2287
f 4360/93/2311 4361/105/2312 1527/105/2313 1525/93/2314
f 4361/105/2312 4360/93/2311 1526/93/2315 1528/105/2316
f 4361/105/2312 4362/107/2317 1529/107/2318 1527/105/2313
f 4362/107/2317 4361/105/2312 1528/105/2316 1530/107/2319
f 4362/107/2317 4360/93/2311 1525/93/2314 1529/107/2318
f 4360/93/2311 4362/107/2317 1530/107/2319 1526/93/2315
f 4363/112/2320 4364/105/2321 1531/105/2322 1533/112/2323
f 4364/105/2321 4363/112/2320 1534/112/2324 1532/105/2325
f 4364/105/2321 4365/91/2326 1535/91/2327 1531/105/2322
f 4365/91/2326 4364/105/2321 1532/105/2325 1536/91/2328
f 4365/91/2326 4363/112/2320 1533/112/2323 1535/91/2327
f 4363/112/2320 4365/91/2326 1536/91/2328 1534/112/2324
f 4366/104/2329 4367/112/2330 1533/112/2323 1537/104/2331
f 4367/112/2330 4366/104/2329 1538/104/2332 1534/112/2324
f 4367/112/2330 4368/91/2333 1535/91/2327 1533/112/2323
f 4368/91/2333 4367/112/2330 1534/112/2324 1536/91/2328
f 4368/91/2333 4366/104/2329 1537/104/2331 1535/91/2327
f 4366/104/2329 4368/91/2333 1536/91/2328 1538/104/2332
f 4369/91/2334 4370/105/2335 1527/105/2313 1515/91/2336
f 4370/105/2335 4369/91/2334 1516/91/2337 1528/105/2316
f 4370/105/2335 4371/93/2338 1525/93/2314 1527/105/2313
f 4371/93/2338 4370/105/2335 1528/105/2316 1526/93/2315
f 4371/93/2338 4372/92/2339 1523/92/2340 1525/93/2314
f 4372/92/2339 4371/93/2338 1526/93/2315 1524/92/2341
f 4372/92/2339 4369/91/2334 1515/91/2336 1523/92/2340
f 4369/91/2334 4372/92/2339 1524/92/2341 1516/91/2337
f 4373/113/2342 4374/108/2343 1543/108/2285 1545/113/2344
f 4374/108/2343 4373/113/2342 1546/113/2345 1544/108/2286
f 4374/108/2343 4375/114/2346 1541/114/2292 1543/108/2285
f 4375/114/2346 4374/108/2343 1544/108/2286 1542/114/2293
f 4375/114/2346 4373/113/2342 1545/113/2344 1541/114/2292
f 4373/113/2342 4375/114/2346 1542/114/2293 1546/113/2345
f 4380/111/2357 4381/117/2358 1553/117/2359 1551/111/2305
f 4381/117/2358 4380/111/2357 1552/111/2306 1554/117/2360
f 4381/117/2358 4382/116/2361 1549/116/2308 1553/117/2359
f 4382/116/2361 4381/117/2358 1554/117/2360 1550/116/2309
f 4382/116/2361 4380/111/2357 1551/111/2305 1549/116/2308
f 4380/111/2357 4382/116/2361 1550/116/2309 1552/111/2306
f 4383/116/2362 4384/242/2363 1557/242/2364 1555/116/2365
f 4384/242/2363 4383/116/2362 1556/116/2366 1558/242/2367
f 4384/242/2363 4385/110/2368 1559/110/2369 1557/242/2364
f 4385/110/2368 4384/242/2363 1558/242/2367 1560/110/2370
f 4385/110/2368 4383/116/2362 1555/116/2365 1559/110/2369
f 4383/116/2362 4385/110/2368 1560/110/2370 1556/116/2366
f 4386/242/2371 4387/114/2372 1561/114/2373 1557/242/2364
f 4387/114/2372 4386/242/2371 1558/242/2367 1562/114/2374
f 4387/114/2372 4388/110/2375 1559/110/2369 1561/114/2373
f 4388/110/2375 4387/114/2372 1562/114/2374 1560/110/2370
f 4388/110/2375 4386/242/2371 1557/242/2364 1559/110/2369
f 4386/242/2371 4388/110/2375 1560/110/2370 1558/242/2367
f 4389/137/2376 4390/136/2377 1457/136/2378 1451/137/2379
f 4390/136/2377 4389/137/2376 1452/137/2380 1458/136/2381
f 4390/136/2377 4391/39/2382 1453/39/2383 1457/136/2378
f 4391/39/2382 4390/136/2377 1458/136/2381 1454/39/2384
f 4391/39/2382 4392/38/2385 1455/38/2386 1453/39/2383
f 4392/38/2385 4391/39/2382 1454/39/2384 1456/38/2387
f 4392/38/2385 4389/137/2376 1451/137/2379 1455/38/2386
f 4389/137/2376 4392/38/2385 1456/38/2387 1452/137/2380
f 4393/136/2388 4394/137/2389 271/137/2390 265/136/2391
f 4394/137/2389 4393/136/2388 266/136/2392 272/137/2393
f 4394/137/2389 4395/44/2394 267/44/2395 271/137/2390
f 4395/44/2394 4394/137/2389 272/137/2393 268/44/2396
f 4395/44/2394 4396/135/2397 269/135/2398 267/44/2395
f 4396/135/2397 4395/44/2394 268/44/2396 270/135/2399
f 4396/135/2397 4393/136/2388 265/136/2391 269/135/2398
f 4393/136/2388 4396/135/2397 270/135/2399 266/136/2392
f 4405/399/2416 4406/400/2417 359/400/2418 353/399/2419
f 4406/400/2417 4405/399/2416 354/399/2420 360/400/2421
f 4406/400/2417 4407/397/2422 355/397/2423 359/400/2418
f 4407/397/2422 4406/400/2417 360/400/2421 356/397/2424
f 4407/397/2422 4408/398/2425 357/398/2426 355/397/2423
f 4408/398/2425 4407/397/2422 356/397/2424 358/398/2427
f 4408/398/2425 4405/399/2416 353/399/2419 357/398/2426
f 4405/399/2416 4408/398/2425 358/398/2427 354/399/2420
f 4409/66/2428 4410/65/2429 367/65/2430 361/66/2431
f 4410/65/2429 4409/66/2428 362/66/2432 368/65/2433
f 4410/65/2429 4411/159/2434 363/159/2435 367/65/2430
f 4411/159/2434 4410/65/2429 368/65/2433 364/159/2436
f 4411/159/2434 4412/171/2437 365/171/2438 363/159/2435
f 4412/171/2437 4411/159/2434 364/159/2436 366/171/2439
f 4412/171/2437 4409/66/2428 361/66/2431 365/171/2438
f 4409/66/2428 4412/171/2437 366/171/2439 362/66/2432
f 4417/397/2452 4418/154/2453 1641/154/2454 1635/397/2455
f 4418/154/2453 4417/397/2452 1636/397/2456 1642/154/2457
f 4418/154/2453 4419/153/2458 1637/153/2459 1641/154/2454
f 4419/153/2458 4418/154/2453 1642/154/2457 1638/153/2460
f 4419/153/2458 4420/398/2461 1639/398/2462 1637/153/2459
f 4420/398/2461 4419/153/2458 1638/153/2460 1640/398/2463
f 4420/398/2461 4417/397/2452 1635/397/2455 1639/398/2462
f 4417/397/2452 4420/398/2461 1640/398/2463 1636/397/2456
f 4421/36/2464 4422/35/2465 45/35/102 43/36/107
f 4422/35/2465 4421/36/2464 44/36/108 46/35/105
f 4422/35/2465 4423/216/2466 39/216/2467 45/35/102
f 4423/216/2466 4422/35/2465 46/35/105 40/216/2468
f 4423/216/2466 4424/232/2469 41/232/2470 39/216/2467
f 4424/232/2469 4423/216/2466 40/216/2468 42/232/2471
f 4424/232/2469 4421/36/2464 43/36/107 41/232/2470
f 4421/36/2464 4424/232/2469 42/232/2471 44/36/108
f 4425/502/2472 4426/503/2473 771/503/2474 769/502/2475
f 4426/503/2473 4425/502/2472 770/502/2476 772/503/2477
f 4426/503/2473 4427/504/2478 765/504/2479 771/503/2474
f 4427/504/2478 4426/503/2473 772/503/2477 766/504/2480
f 4427/504/2478 4428/505/2481 767/505/2482 765/504/2479
f 4428/505/2481 4427/504/2478 766/504/2480 768/505/2483
f 4428/505/2481 4425/502/2472 769/502/2475 767/505/2482
f 4425/502/2472 4428/505/2481 768/505/2483 770/502/2476
f 4429/157/2484 4430/61/2485 319/61/2486 313/157/2487
f 4430/61/2485 4429/157/2484 314/157/2488 320/61/2489
f 4430/61/2485 4431/60/2490 315/60/2491 319/61/2486
f 4431/60/2490 4430/61/2485 320/61/2489 316/60/2492
f 4431/60/2490 4432/156/2493 317/156/2494 315/60/2491
f 4432/156/2493 4431/60/2490 316/60/2492 318/156/2495
f 4432/156/2493 4429/157/2484 313/157/2487 317/156/2494
f 4429/157/2484 4432/156/2493 318/156/2495 314/157/2488
f 4441/57/2518 4442/56/2519 55/56/2520 49/57/2521
f 4442/56/2519 4441/57/2518 50/57/2522 56/56/2523
f 4442/56/2519 4443/481/2524 51/481/2525 55/56/2520
f 4443/481/2524 4442/56/2519 56/56/2523 52/481/2526
f 4443/481/2524 4444/509/2527 53/509/2528 51/481/2525
f 4444/509/2527 4443/481/2524 52/481/2526 54/509/2529
f 4444/509/2527 4441/57/2518 49/57/2521 53/509/2528
f 4441/57/2518 4444/509/2527 54/509/2529 50/57/2522
f 4445/39/2530 4446/40/2531 63/40/2532 61/39/2533
f 4446/40/2531 4445/39/2530 62/39/2534 64/40/2535
f 4446/40/2531 4447/37/2536 57/37/2537 63/40/2532
f 4447/37/2536 4446/40/2531 64/40/2535 58/37/2538
f 4447/37/2536 4448/38/2539 59/38/2540 57/37/2537
f 4448/38/2539 4447/37/2536 58/37/2538 60/38/2541
f 4448/38/2539 4445/39/2530 61/39/2533 59/38/2540
f 4445/39/2530 4448/38/2539 60/38/2541 62/39/2534
f 4449/201/2542 4450/202/2543 1313/202/2544 1307/201/2545
f 4450/202/2543 4449/201/2542 1308/201/2546 1314/202/2547
f 4450/202/2543 4451/121/2548 1309/121/2549 1313/202/2544
f 4451/121/2548 4450/202/2543 1314/202/2547 1310/121/2550
f 4451/121/2548 4452/120/2551 1311/120/2552 1309/121/2549
f 4452/120/2551 4451/121/2548 1310/121/2550 1312/120/2553
f 4452/120/2551 4449/201/2542 1307/201/2545 1311/120/2552
f 4449/201/2542 4452/120/2551 1312/120/2553 1308/201/2546
f 4457/512/2562 4458/513/2563 2039/513/2564 2033/512/2565
f 4458/513/2563 4457/512/2562 2034/512/2566 2040/513/2567
f 4458/513/2563 4459/514/2568 2035/514/2569 2039/513/2564
f 4459/514/2568 4458/513/2563 2040/513/2567 2036/514/2570
f 4459/514/2568 4460/515/2571 2037/515/2572 2035/514/2569
f 4460/515/2571 4459/514/2568 2036/514/2570 2038/515/2573
f 4460/515/2571 4457/512/2562 2033/512/2565 2037/515/2572
f 4457/512/2562 4460/515/2571 2038/515/2573 2034/512/2566
f 4461/155/2574 4462/158/2575 311/158/2576 309/155/2577
f 4462/158/2575 4461/155/2574 310/155/2578 312/158/2579
f 4462/158/2575 4463/51/2580 305/51/2581 311/158/2576
f 4463/51/2580 4462/158/2575 312/158/2579 306/51/2582
f 4463/51/2580 4464/54/2583 307/54/2584 305/51/2581
f 4464/54/2583 4463/51/2580 306/51/2582 308/54/2585
f 4464/54/2583 4461/155/2574 309/155/2577 307/54/2584
f 4461/155/2574 4464/54/2583 308/54/2585 310/155/2578
f 4465/516/2586 4466/517/2587 1725/517/2588 1723/516/2589
f 4466/517/2587 4465/516/2586 1724/516/2590 1726/517/2591
f 4466/517/2587 4467/518/2592 1727/518/2593 1725/517/2588
f 4467/518/2592 4466/517/2587 1726/517/2591 1728/518/2594
f 4467/518/2592 4465/516/2586 1723/516/2589 1727/518/2593
f 4465/516/2586 4467/518/2592 1728/518/2594 1724/516/2590
f 4468/519/2595 4469/516/2596 1731/516/2597 1729/519/2598
f 4469/516/2596 4468/519/2595 1730/519/2599 1732/516/2600
f 4469/516/2596 4470/518/2601 1733/518/2602 1731/516/2597
f 4470/518/2601 4469/516/2596 1732/516/2600 1734/518/2603
f 4470/518/2601 4468/519/2595 1729/519/2598 1733/518/2602
f 4468/519/2595 4470/518/2601 1734/518/2603 1730/519/2599
f 4471/520/2604 4472/519/2605 1737/519/2606 1735/520/2607
f 4472/519/2605 4471/520/2604 1736/520/2608 1738/519/2609
f 4472/519/2605 4473/518/2610 1739/518/2611 1737/519/2606
f 4473/518/2610 4472/519/2605 1738/519/2609 1740/518/2612
f 4473/518/2610 4471/520/2604 1735/520/2607 1739/518/2611
f 4471/520/2604 4473/518/2610 1740/518/2612 1736/520/2608
f 4474/475/2613 4475/521/2614 1821/521/2615 1819/475/2616
f 4475/521/2614 4474/475/2613 1820/475/2617 1822/521/2618
f 4475/521/2614 4476/522/2619 1815/522/2620 1821/521/2615
f 4476/522/2619 4475/521/2614 1822/521/2618 1816/522/2621
f 4476/522/2619 4477/476/2622 1817/476/2623 1815/522/2620
f 4477/476/2622 4476/522/2619 1816/522/2621 1818/476/2624
f 4477/476/2622 4474/475/2613 1819/475/2616 1817/476/2623
f 4474/475/2613 4477/476/2622 1818/476/2624 1820/475/2617
f 4478/517/2625 4479/520/2626 1749/520/2627 1747/517/2628
f 4479/520/2626 4478/517/2625 1748/517/2629 1750/520/2630
f 4479/520/2626 4480/518/2631 1751/518/2632 1749/520/2627
f 4480/518/2631 4479/520/2626 1750/520/2630 1752/518/2633
f 4480/518/2631 4478/517/2625 1747/517/2628 1751/518/2632
f 4478/517/2625 4480/518/2631 1752/518/2633 1748/517/2629
f 4481/97/2634 4482/523/2635 673/523/2636 667/97/2637
f 4482/523/2635 4481/97/2634 668/97/2638 674/523/2639
f 4482/523/2635 4483/524/2640 669/524/2641 673/523/2636
f 4483/524/2640 4482/523/2635 674/523/2639 670/524/2642
f 4483/524/2640 4484/235/2643 671/235/2644 669/524/2641
f 4484/235/2643 4483/524/2640 670/524/2642 672/235/2645
f 4484/235/2643 4481/97/2634 667/97/2637 671/235/2644
f 4481/97/2634 4484/235/2643 672/235/2645 668/97/2638
f 4485/525/2646 4486/526/2647 1951/526/2648 1943/525/2649
f 4486/526/2647 4485/525/2646 1944/525/2650 1952/526/2651
f 4486/526/2647 4487/527/2652 1945/527/2653 1951/526/2648
f 4487/527/2652 4486/526/2647 1952/526/2651 1946/527/2654
f 4487/527/2652 4488/528/2655 1947/528/2656 1945/527/2653
f 4488/528/2655 4487/527/2652 1946/527/2654 1948/528/2657
f 4488/528/2655 4485/525/2646 1943/525/2649 1947/528/2656
f 4485/525/2646 4488/528/2655 1948/528/2657 1944/525/2650
f 4489/475/2658 4490/474/2659 1771/474/2660 1769/475/2661
f 4490/474/2659 4489/475/2658 1770/475/2662 1772/474/2663
f 4490/474/2659 4491/529/2664 1773/529/2665 1771/474/2660
f 4491/529/2664 4490/474/2659 1772/474/2663 1774/529/2666
f 4491/529/2664 4489/475/2658 1769/475/2661 1773/529/2665
f 4489/475/2658 4491/529/2664 1774/529/2666 1770/475/2662
f 4496/530/2679 4497/531/2680 1785/531/2681 1783/530/2682
f 4497/531/2680 4496/530/2679 1784/530/2683 1786/531/2684
f 4497/531/2680 4498/532/2685 1787/532/2686 1785/531/2681
f 4498/532/2685 4497/531/2680 1786/531/2684 1788/532/2687
f 4498/532/2685 4496/530/2679 1783/530/2682 1787/532/2686
f 4496/530/2679 4498/532/2685 1788/532/2687 1784/530/2683
f 4499/532/2688 4500/533/2689 1789/533/2690 1787/532/2686
f 4500/533/2689 4499/532/2688 1788/532/2687 1790/533/2691
f 4500/533/2689 4501/530/2692 1783/530/2682 1789/533/2690
f 4501/530/2692 4500/533/2689 1790/533/2691 1784/530/2683
f 4501/530/2692 4499/532/2688 1787/532/2686 1783/530/2682
f 4499/532/2688 4501/530/2692 1784/530/2683 1788/532/2687
f 4506/533/2705 4507/537/2706 1797/537/2707 1795/533/2708
f 4507/537/2706 4506/533/2705 1796/533/2709 1798/537/2710
f 4507/537/2706 4508/538/2711 1791/538/2712 1797/537/2707
f 4508/538/2711 4507/537/2706 1798/537/2710 1792/538/2713
f 4508/538/2711 4509/530/2714 1793/530/2715 1791/538/2712
f 4509/530/2714 4508/538/2711 1792/538/2713 1794/530/2716
f 4509/530/2714 4506/533/2705 1795/533/2708 1793/530/2715
f 4506/533/2705 4509/530/2714 1794/530/2716 1796/533/2709
f 4510/532/2717 4511/539/2718 1809/539/2719 1807/532/2720
f 4511/539/2718 4510/532/2717 1808/532/2721 1810/539/2722
f 4511/539/2718 4512/540/2723 1811/540/2724 1809/539/2719
f 4512/540/2723 4511/539/2718 1810/539/2722 1812/540/2725
f 4512/540/2723 4510/532/2717 1807/532/2720 1811/540/2724
f 4510/532/2717 4512/540/2723 1812/540/2725 1808/532/2721
f 4513/539/2726 4514/532/2727 1807/532/2720 1809/539/2719
f 4514/532/2727 4513/539/2726 1810/539/2722 1808/532/2721
f 4514/532/2727 4515/531/2728 1813/531/2729 1807/532/2720
f 4515/531/2728 4514/532/2727 1808/532/2721 1814/531/2730
f 4515/531/2728 4513/539/2726 1809/539/2719 1813/531/2729
f 4513/539/2726 4515/531/2728 1814/531/2730 1810/539/2722
f 4520/521/2739 4521/475/2740 1823/475/2741 1821/521/2742
f 4521/475/2740 4520/521/2739 1822/521/2743 1824/475/2744
f 4521/475/2740 4522/529/2745 1825/529/2746 1823/475/2741
f 4522/529/2745 4521/475/2740 1824/475/2744 1826/529/2747
f 4522/529/2745 4520/521/2739 1821/521/2742 1825/529/2746
f 4520/521/2739 4522/529/2745 1826/529/2747 1822/521/2743
f 4527/218/2756 4528/544/2757 1759/544/2758 1753/218/2759
f 4528/544/2757 4527/218/2756 1754/218/2760 1760/544/2761
f 4528/544/2757 4529/545/2762 1755/545/2763 1759/544/2758
f 4529/545/2762 4528/544/2757 1760/544/2761 1756/545/2764
f 4529/545/2762 4530/219/2765 1757/219/2766 1755/545/2763
f 4530/219/2765 4529/545/2762 1756/545/2764 1758/219/2767
f 4530/219/2765 4527/218/2756 1753/218/2759 1757/219/2766
f 4527/218/2756 4530/219/2765 1758/219/2767 1754/218/2760
f 4531/546/2768 4532/544/2769 1767/544/2770 1763/546/2771
f 4532/544/2769 4531/546/2768 1764/546/2772 1768/544/2773
f 4532/544/2769 4533/218/2774 1765/218/2775 1767/544/2770
f 4533/218/2774 4532/544/2769 1768/544/2773 1766/218/2776
f 4533/218/2774 4534/547/2777 1761/547/2778 1765/218/2775
f 4534/547/2777 4533/218/2774 1766/218/2776 1762/547/2779
f 4534/547/2777 4531/546/2768 1763/546/2771 1761/547/2778
f 4531/546/2768 4534/547/2777 1762/547/2779 1764/546/2772
f 4535/525/2780 4536/548/2781 1853/548/2782 1851/525/2783
f 4536/548/2781 4535/525/2780 1852/525/2784 1854/548/2785
f 4536/548/2781 4537/526/2786 1857/526/2787 1853/548/2782
f 4537/526/2786 4536/548/2781 1854/548/2785 1858/526/2788
f 4537/526/2786 4535/525/2780 1851/525/2783 1857/526/2787
f 4535/525/2780 4537/526/2786 1858/526/2788 1852/525/2784
f 4538/549/2789 4539/526/2790 1857/526/2787 1859/549/2791
f 4539/526/2790 4538/549/2789 1860/549/2792 1858/526/2788
f 4539/526/2790 4540/548/2793 1853/548/2782 1857/526/2787
f 4540/548/2793 4539/526/2790 1858/526/2788 1854/548/2785
f 4540/548/2793 4538/549/2789 1859/549/2791 1853/548/2782
f 4538/549/2789 4540/548/2793 1854/548/2785 1860/549/2792
f 4541/550/2794 4542/525/2795 1851/525/2796 1855/550/2797
f 4542/525/2795 4541/550/2794 1856/550/2798 1852/525/2799
f 4542/525/2795 4543/551/2800 1861/551/2801 1851/525/2796
f 4543/551/2800 4542/525/2795 1852/525/2799 1862/551/2802
f 4543/551/2800 4541/550/2794 1855/550/2797 1861/551/2801
f 4541/550/2794 4543/551/2800 1862/551/2802 1856/550/2798
f 4544/550/2803 4545/551/2804 1861/551/2801 1855/550/2797
f 4545/551/2804 4544/550/2803 1856/550/2798 1862/551/2802
f 4545/551/2804 4546/552/2805 1863/552/2806 1861/551/2801
f 4546/552/2805 4545/551/2804 1862/551/2802 1864/552/2807
f 4546/552/2805 4544/550/2803 1855/550/2797 1863/552/2806
f 4544/550/2803 4546/552/2805 1864/552/2807 1856/550/2798
f 4547/553/2808 4548/554/2809 1867/554/2810 1865/553/2811
f 4548/554/2809 4547/553/2808 1866/553/2812 1868/554/2813
f 4548/554/2809 4549/555/2814 1869/555/2815 1867/554/2810
f 4549/555/2814 4548/554/2809 1868/554/2813 1870/555/2816
f 4549/555/2814 4547/553/2808 1865/553/2811 1869/555/2815
f 4547/553/2808 4549/555/2814 1870/555/2816 1866/553/2812
f 4550/556/2817 4551/554/2818 1867/554/2810 1871/556/2819
f 4551/554/2818 4550/556/2817 1872/556/2820 1868/554/2813
f 4551/554/2818 4552/553/2821 1865/553/2811 1867/554/2810
f 4552/553/2821 4551/554/2818 1868/554/2813 1866/553/2812
f 4552/553/2821 4550/556/2817 1871/556/2819 1865/553/2811
f 4550/556/2817 4552/553/2821 1866/553/2812 1872/556/2820
f 4553/555/2822 4554/557/2823 1873/557/2824 1869/555/2825
f 4554/557/2823 4553/555/2822 1870/555/2826 1874/557/2827
f 4554/557/2823 4555/558/2828 1875/558/2829 1873/557/2824
f 4555/558/2828 4554/557/2823 1874/557/2827 1876/558/2830
f 4555/558/2828 4553/555/2822 1869/555/2825 1875/558/2829
f 4553/555/2822 4555/558/2828 1876/558/2830 1870/555/2826
f 4556/557/2831 4557/559/2832 1877/559/2833 1873/557/2824
f 4557/559/2832 4556/557/2831 1874/557/2827 1878/559/2834
f 4557/559/2832 4558/558/2835 1875/558/2829 1877/559/2833
f 4558/558/2835 4557/559/2832 1878/559/2834 1876/558/2830
f 4558/558/2835 4556/557/2831 1873/557/2824 1875/558/2829
f 4556/557/2831 4558/558/2835 1876/558/2830 1874/557/2827
f 4563/560/2840 4564/561/2841 1885/561/2842 1879/560/2843
f 4564/561/2841 4563/560/2840 1880/560/2844 1886/561/2845
f 4564/561/2841 4565/562/2846 1881/562/2847 1885/561/2842
f 4565/562/2846 4564/561/2841 1886/561/2845 1882/562/2848
f 4565/562/2846 4566/563/2849 1883/563/2850 1881/562/2847
f 4566/563/2849 4565/562/2846 1882/562/2848 1884/563/2851
f 4566/563/2849 4563/560/2840 1879/560/2843 1883/563/2850
f 4563/560/2840 4566/563/2849 1884/563/2851 1880/560/2844
f 4579/569/2880 4580/570/2881 1929/570/2882 1927/569/2883
f 4580/570/2881 4579/569/2880 1928/569/2884 1930/570/2885
f 4580/570/2881 4581/571/2886 1931/571/2887 1929/570/2882
f 4581/571/2886 4580/570/2881 1930/570/2885 1932/571/2888
f 4581/571/2886 4579/569/2880 1927/569/2883 1931/571/2887
f 4579/569/2880 4581/571/2886 1932/571/2888 1928/569/2884
f 4582/569/2889 4583/572/2890 1933/572/2891 1927/569/2883
f 4583/572/2890 4582/569/2889 1928/569/2884 1934/572/2892
f 4583/572/2890 4584/570/2893 1929/570/2882 1933/572/2891
f 4584/570/2893 4583/572/2890 1934/572/2892 1930/570/2885
f 4584/570/2893 4582/569/2889 1927/569/2883 1929/570/2882
f 4582/569/2889 4584/570/2893 1930/570/2885 1928/569/2884
f 4585/569/2894 4586/573/2895 1937/573/2896 1935/569/2897
f 4586/573/2895 4585/569/2894 1936/569/2898 1938/573/2899
f 4586/573/2895 4587/574/2900 1939/574/2901 1937/573/2896
f 4587/574/2900 4586/573/2895 1938/573/2899 1940/574/2902
f 4587/574/2900 4585/569/2894 1935/569/2897 1939/574/2901
f 4585/569/2894 4587/574/2900 1940/574/2902 1936/569/2898
f 4588/573/2903 4589/569/2904 1935/569/2897 1937/573/2896
f 4589/569/2904 4588/573/2903 1938/573/2899 1936/569/2898
f 4589/569/2904 4590/571/2905 1941/571/2906 1935/569/2897
f 4590/571/2905 4589/569/2904 1936/569/2898 1942/571/2907
f 4590/571/2905 4588/573/2903 1937/573/2896 1941/571/2906
f 4588/573/2903 4590/571/2905 1942/571/2907 1938/573/2899
f 4591/555/2908 4592/558/2909 1971/558/2910 1959/555/2911
f 4592/558/2909 4591/555/2908 1960/555/2912 1972/558/2913
f 4592/558/2909 4593/575/2914 1969/575/2915 1971/558/2910
f 4593/575/2914 4592/558/2909 1972/558/2913 1970/575/2916
f 4593/575/2914 4594/576/2917 1967/576/2918 1969/575/2915
f 4594/576/2917 4593/575/2914 1970/575/2916 1968/576/2919
f 4594/576/2917 4591/555/2908 1959/555/2911 1967/576/2918
f 4591/555/2908 4594/576/2917 1968/576/2919 1960/555/2912
f 4595/555/2920 4596/576/2921 1967/576/2918 1959/555/2911
f 4596/576/2921 4595/555/2920 1960/555/2912 1968/576/2919
f 4596/576/2921 4597/577/2922 1961/577/2923 1967/576/2918
f 4597/577/2922 4596/576/2921 1968/576/2919 1962/577/2924
f 4597/577/2922 4598/553/2925 1963/553/2926 1961/577/2923
f 4598/553/2925 4597/577/2922 1962/577/2924 1964/553/2927
f 4598/553/2925 4595/555/2920 1959/555/2911 1963/553/2926
f 4595/555/2920 4598/553/2925 1964/553/2927 1960/555/2912
f 4599/549/2928 4600/527/2929 1945/527/2653 1953/549/2930
f 4600/527/2929 4599/549/2928 1954/549/2931 1946/527/2654
f 4600/527/2929 4601/526/2932 1951/526/2648 1945/527/2653
f 4601/526/2932 4600/527/2929 1946/527/2654 1952/526/2651
f 4601/526/2932 4599/549/2928 1953/549/2930 1951/526/2648
f 4599/549/2928 4601/526/2932 1952/526/2651 1954/549/2931
f 4602/551/2933 4603/578/2934 1949/578/2935 1955/551/2936
f 4603/578/2934 4602/551/2933 1956/551/2937 1950/578/2938
f 4603/578/2934 4604/552/2939 1957/552/2940 1949/578/2935
f 4604/552/2939 4603/578/2934 1950/578/2938 1958/552/2941
f 4604/552/2939 4602/551/2933 1955/551/2936 1957/552/2940
f 4602/551/2933 4604/552/2939 1958/552/2941 1956/551/2937
f 4609/556/2954 4610/553/2955 1963/553/2926 1965/556/2956
f 4610/553/2955 4609/556/2954 1966/556/2957 1964/553/2927
f 4610/553/2955 4611/577/2958 1961/577/2923 1963/553/2926
f 4611/577/2958 4610/553/2955 1964/553/2927 1962/577/2924
f 4611/577/2958 4609/556/2954 1965/556/2956 1961/577/2923
f 4609/556/2954 4611/577/2958 1962/577/2924 1966/556/2957
f 4616/558/2965 4617/559/2966 1973/559/2967 1971/558/2910
f 4617/559/2966 4616/558/2965 1972/558/2913 1974/559/2968
f 4617/559/2966 4618/575/2969 1969/575/2915 1973/559/2967
f 4618/575/2969 4617/559/2966 1974/559/2968 1970/575/2916
f 4618/575/2969 4616/558/2965 1971/558/2910 1969/575/2915
f 4616/558/2965 4618/575/2969 1970/575/2916 1972/558/2913
f 4619/245/2970 4620/581/2971 1917/581/2972 1911/245/2973
f 4620/581/2971 4619/245/2970 1912/245/2974 1918/581/2975
f 4620/581/2971 4621/582/2976 1913/582/2977 1917/581/2972
f 4621/582/2976 4620/581/2971 1918/581/2975 1914/582/2978
f 4621/582/2976 4622/218/2979 1915/218/2980 1913/582/2977
f 4622/218/2979 4621/582/2976 1914/582/2978 1916/218/2981
f 4622/218/2979 4619/245/2970 1911/245/2973 1915/218/2980
f 4619/245/2970 4622/218/2979 1916/218/2981 1912/245/2974
f 4627/583/2990 4628/584/2991 1993/584/2992 1991/583/2993
f 4628/584/2991 4627/583/2990 1992/583/2994 1994/584/2995
f 4628/584/2991 4629/585/2996 1995/585/2997 1993/584/2992
f 4629/585/2996 4628/584/2991 1994/584/2995 1996/585/2998
f 4629/585/2996 4627/583/2990 1991/583/2993 1995/585/2997
f 4627/583/2990 4629/585/2996 1996/585/2998 1992/583/2994
f 4630/584/2999 4631/586/3000 1997/586/3001 1999/584/3002
f 4631/586/3000 4630/584/2999 2000/584/3003 1998/586/3004
f 4631/586/3000 4632/585/3005 2001/585/3006 1997/586/3001
f 4632/585/3005 4631/586/3000 1998/586/3004 2002/585/3007
f 4632/585/3005 4630/584/2999 1999/584/3002 2001/585/3006
f 4630/584/2999 4632/585/3005 2002/585/3007 2000/584/3003
f 4633/587/3008 4634/588/3009 2005/588/3010 2003/587/3011
f 4634/588/3009 4633/587/3008 2004/587/3012 2006/588/3013
f 4634/588/3009 4635/589/3014 2007/589/3015 2005/588/3010
f 4635/589/3014 4634/588/3009 2006/588/3013 2008/589/3016
f 4635/589/3014 4633/587/3008 2003/587/3011 2007/589/3015
f 4633/587/3008 4635/589/3014 2008/589/3016 2004/587/3012
f 4644/595/3035 4645/596/3036 2023/596/3037 2017/595/3038
f 4645/596/3036 4644/595/3035 2018/595/3039 2024/596/3040
f 4645/596/3036 4646/597/3041 2019/597/3042 2023/596/3037
f 4646/597/3041 4645/596/3036 2024/596/3040 2020/597/3043
f 4646/597/3041 4647/598/3044 2021/598/3045 2019/597/3042
f 4647/598/3044 4646/597/3041 2020/597/3043 2022/598/3046
f 4647/598/3044 4644/595/3035 2017/595/3038 2021/598/3045
f 4644/595/3035 4647/598/3044 2022/598/3046 2018/595/3039
f 4648/599/3047 4649/600/3048 891/600/3049 887/599/3050
f 4649/600/3048 4648/599/3047 888/599/3051 892/600/3052
f 4649/600/3048 4650/601/3053 889/601/3054 891/600/3049
f 4650/601/3053 4649/600/3048 892/600/3052 890/601/3055
f 4650/601/3053 4651/602/3056 885/602/3057 889/601/3054
f 4651/602/3056 4650/601/3053 890/601/3055 886/602/3058
f 4651/602/3056 4648/599/3047 887/599/3050 885/602/3057
f 4648/599/3047 4651/602/3056 886/602/3058 888/599/3051
f 4652/91/3059 4653/92/3060 1523/92/2340 1515/91/2336
f 4653/92/3060 4652/91/3059 1516/91/2337 1524/92/2341
f 4653/92/3060 4654/90/3061 1517/90/2301 1523/92/2340
f 4654/90/3061 4653/92/3060 1524/92/2341 1518/90/2302
f 4654/90/3061 4655/104/3062 1519/104/2296 1517/90/2301
f 4655/104/3062 4654/90/3061 1518/90/2302 1520/104/2299
f 4655/104/3062 4652/91/3059 1515/91/2336 1519/104/2296
f 4652/91/3059 4655/104/3062 1520/104/2299 1516/91/2337
f 4656/603/3063 4657/604/3064 2051/604/3065 2049/603/3066
f 4657/604/3064 4656/603/3063 2050/603/3067 2052/604/3068
f 4657/604/3064 4658/605/3069 2053/605/3070 2051/604/3065
f 4658/605/3069 4657/604/3064 2052/604/3068 2054/605/3071
f 4658/605/3069 4656/603/3063 2049/603/3066 2053/605/3070
f 4656/603/3063 4658/605/3069 2054/605/3071 2050/603/3067
f 4659/606/3072 4660/604/3073 2051/604/3065 2055/606/3074
f 4660/604/3073 4659/606/3072 2056/606/3075 2052/604/3068
f 4660/604/3073 4661/603/3076 2049/603/3066 2051/604/3065
f 4661/603/3076 4660/604/3073 2052/604/3068 2050/603/3067
f 4661/603/3076 4659/606/3072 2055/606/3074 2049/603/3066
f 4659/606/3072 4661/603/3076 2050/603/3067 2056/606/3075
f 4662/607/3077 4663/606/3078 2055/606/3079 2057/607/3080
f 4663/606/3078 4662/607/3077 2058/607/3081 2056/606/3082
f 4663/606/3078 4664/608/3083 2059/608/3084 2055/606/3079
f 4664/608/3083 4663/606/3078 2056/606/3082 2060/608/3085
f 4664/608/3083 4662/607/3077 2057/607/3080 2059/608/3084
f 4662/607/3077 4664/608/3083 2060/608/3085 2058/607/3081
f 4665/609/3086 4666/607/3087 2057/607/3080 2061/609/3088
f 4666/607/3087 4665/609/3086 2062/609/3089 2058/607/3081
f 4666/607/3087 4667/608/3090 2059/608/3084 2057/607/3080
f 4667/608/3090 4666/607/3087 2058/607/3081 2060/608/3085
f 4667/608/3090 4665/609/3086 2061/609/3088 2059/608/3084
f 4665/609/3086 4667/608/3090 2060/608/3085 2062/609/3089
f 4668/610/3091 4669/611/3092 2065/611/3093 2063/610/3094
f 4669/611/3092 4668/610/3091 2064/610/3095 2066/611/3096
f 4669/611/3092 4670/612/3097 2067/612/3098 2065/611/3093
f 4670/612/3097 4669/611/3092 2066/611/3096 2068/612/3099
f 4670/612/3097 4668/610/3091 2063/610/3094 2067/612/3098
f 4668/610/3091 4670/612/3097 2068/612/3099 2064/610/3095
f 4671/612/3100 4672/613/3101 2069/613/3102 2067/612/3098
f 4672/613/3101 4671/612/3100 2068/612/3099 2070/613/3103
f 4672/613/3101 4673/610/3104 2063/610/3094 2069/613/3102
f 4673/610/3104 4672/613/3101 2070/613/3103 2064/610/3095
f 4673/610/3104 4671/612/3100 2067/612/3098 2063/610/3094
f 4671/612/3100 4673/610/3104 2064/610/3095 2068/612/3099
f 4674/613/3105 4675/614/3106 2071/614/3107 2069/613/3108
f 4675/614/3106 4674/613/3105 2070/613/3109 2072/614/3110
f 4675/614/3106 4676/615/3111 2073/615/3112 2071/614/3107
f 4676/615/3111 4675/614/3106 2072/614/3110 2074/615/3113
f 4676/615/3111 4674/613/3105 2069/613/3108 2073/615/3112
f 4674/613/3105 4676/615/3111 2074/615/3113 2070/613/3109
f 4677/616/3114 4678/615/3115 2073/615/3112 2075/616/3116
f 4678/615/3115 4677/616/3114 2076/616/3117 2074/615/3113
f 4678/615/3115 4679/614/3118 2071/614/3107 2073/615/3112
f 4679/614/3118 4678/615/3115 2074/615/3113 2072/614/3110
f 4679/614/3118 4677/616/3114 2075/616/3116 2071/614/3107
f 4677/616/3114 4679/614/3118 2072/614/3110 2076/616/3117
f 4680/617/3119 4681/618/3120 2183/618/3121 2177/617/3122
f 4681/618/3120 4680/617/3119 2178/617/3123 2184/618/3124
f 4681/618/3120 4682/211/3125 2179/211/3126 2183/618/3121
f 4682/211/3125 4681/618/3120 2184/618/3124 2180/211/3127
f 4682/211/3125 4683/214/3128 2181/214/3129 2179/211/3126
f 4683/214/3128 4682/211/3125 2180/211/3127 2182/214/3130
f 4683/214/3128 4680/617/3119 2177/617/3122 2181/214/3129
f 4680/617/3119 4683/214/3128 2182/214/3130 2178/617/3123
f 4684/358/3131 4685/619/3132 883/619/3133 877/358/3134
f 4685/619/3132 4684/358/3131 878/358/3135 884/619/3136
f 4685/619/3132 4686/620/3137 879/620/3138 883/619/3133
f 4686/620/3137 4685/619/3132 884/619/3136 880/620/3139
f 4686/620/3137 4687/621/3140 881/621/3141 879/620/3138
f 4687/621/3140 4686/620/3137 880/620/3139 882/621/3142
f 4687/621/3140 4684/358/3131 877/358/3134 881/621/3141
f 4684/358/3131 4687/621/3140 882/621/3142 878/358/3135
f 4688/402/3143 4689/403/3144 923/403/3145 921/402/3146
f 4689/403/3144 4688/402/3143 922/402/3147 924/403/3148
f 4689/403/3144 4690/347/3149 917/347/3150 923/403/3145
f 4690/347/3149 4689/403/3144 924/403/3148 918/347/3151
f 4690/347/3149 4691/622/3152 919/622/3153 917/347/3150
f 4691/622/3152 4690/347/3149 918/347/3151 920/622/3154
f 4691/622/3152 4688/402/3143 921/402/3146 919/622/3153
f 4688/402/3143 4691/622/3152 920/622/3154 922/402/3147
f 4696/625/3163 4697/626/3164 2111/626/3165 2109/625/3166
f 4697/626/3164 4696/625/3163 2110/625/3167 2112/626/3168
f 4697/626/3164 4698/627/3169 2113/627/3170 2111/626/3165
f 4698/627/3169 4697/626/3164 2112/626/3168 2114/627/3171
f 4698/627/3169 4696/625/3163 2109/625/3166 2113/627/3170
f 4696/625/3163 4698/627/3169 2114/627/3171 2110/625/3167
f 4699/379/3172 4700/625/3173 2117/625/3174 2115/379/3175
f 4700/625/3173 4699/379/3172 2116/379/3176 2118/625/3177
f 4700/625/3173 4701/380/3178 2119/380/3179 2117/625/3174
f 4701/380/3178 4700/625/3173 2118/625/3177 2120/380/3180
f 4701/380/3178 4699/379/3172 2115/379/3175 2119/380/3179
f 4699/379/3172 4701/380/3178 2120/380/3180 2116/379/3176
f 4702/628/3181 4703/629/3182 2047/629/3183 2041/628/3184
f 4703/629/3182 4702/628/3181 2042/628/3185 2048/629/3186
f 4703/629/3182 4704/630/3187 2043/630/3188 2047/629/3183
f 4704/630/3187 4703/629/3182 2048/629/3186 2044/630/3189
f 4704/630/3187 4705/631/3190 2045/631/3191 2043/630/3188
f 4705/631/3190 4704/630/3187 2044/630/3189 2046/631/3192
f 4705/631/3190 4702/628/3181 2041/628/3184 2045/631/3191
f 4702/628/3181 4705/631/3190 2046/631/3192 2042/628/3185
f 4706/632/3193 4707/214/3194 2221/214/3195 2215/632/3196
f 4707/214/3194 4706/632/3193 2216/632/3197 2222/214/3198
f 4707/214/3194 4708/213/3199 2217/213/3200 2221/214/3195
f 4708/213/3199 4707/214/3194 2222/214/3198 2218/213/3201
f 4708/213/3199 4709/633/3202 2219/633/3203 2217/213/3200
f 4709/633/3202 4708/213/3199 2218/213/3201 2220/633/3204
f 4709/633/3202 4706/632/3193 2215/632/3196 2219/633/3203
f 4706/632/3193 4709/633/3202 2220/633/3204 2216/632/3197
f 4710/634/3205 4711/599/3206 967/599/3207 963/634/3208
f 4711/599/3206 4710/634/3205 964/634/3209 968/599/3210
f 4711/599/3206 4712/602/3211 965/602/3212 967/599/3207
f 4712/602/3211 4711/599/3206 968/599/3210 966/602/3213
f 4712/602/3211 4713/635/3214 961/635/3215 965/602/3212
f 4713/635/3214 4712/602/3211 966/602/3213 962/635/3216
f 4713/635/3214 4710/634/3205 963/634/3208 961/635/3215
f 4710/634/3205 4713/635/3214 962/635/3216 964/634/3209
f 4714/636/3217 4715/637/3218 2167/637/3219 2161/636/3220
f 4715/637/3218 4714/636/3217 2162/636/3221 2168/637/3222
f 4715/637/3218 4716/595/3223 2163/595/3224 2167/637/3219
f 4716/595/3223 4715/637/3218 2168/637/3222 2164/595/3225
f 4716/595/3223 4717/638/3226 2165/638/3227 2163/595/3224
f 4717/638/3226 4716/595/3223 2164/595/3225 2166/638/3228
f 4717/638/3226 4714/636/3217 2161/636/3220 2165/638/3227
f 4714/636/3217 4717/638/3226 2166/638/3228 2162/636/3221
f 4718/429/3229 4719/639/3230 1369/639/3231 1363/429/3232
f 4719/639/3230 4718/429/3229 1364/429/3233 1370/639/3234
f 4719/639/3230 4720/139/3235 1365/139/3236 1369/639/3231
f 4720/139/3235 4719/639/3230 1370/639/3234 1366/139/3237
f 4720/139/3235 4721/138/3238 1367/138/3239 1365/139/3236
f 4721/138/3238 4720/139/3235 1366/139/3237 1368/138/3240
f 4721/138/3238 4718/429/3229 1363/429/3232 1367/138/3239
f 4718/429/3229 4721/138/3238 1368/138/3240 1364/429/3233
f 4730/414/3257 4731/413/3258 907/413/3259 901/414/3260
f 4731/413/3258 4730/414/3257 902/414/3261 908/413/3262
f 4731/413/3258 4732/602/3263 903/602/3264 907/413/3259
f 4732/602/3263 4731/413/3258 908/413/3262 904/602/3265
f 4732/602/3263 4733/601/3266 905/601/3267 903/602/3264
f 4733/601/3266 4732/602/3263 904/602/3265 906/601/3268
f 4733/601/3266 4730/414/3257 901/414/3260 905/601/3267
f 4730/414/3257 4733/601/3266 906/601/3268 902/414/3261
f 4737/43/3274 4738/44/3275 79/44/3276 73/43/3277
f 4738/44/3275 4737/43/3274 74/43/3278 80/44/3279
f 4738/44/3275 4739/41/3280 75/41/3281 79/44/3276
f 4739/41/3280 4738/44/3275 80/44/3279 76/41/3282
f 4739/41/3280 4740/42/3283 77/42/3284 75/41/3281
f 4740/42/3283 4739/41/3280 76/41/3282 78/42/3285
f 4740/42/3283 4737/43/3274 73/43/3277 77/42/3284
f 4737/43/3274 4740/42/3283 78/42/3285 74/43/3278
f 4749/617/3300 4750/214/3301 2199/214/3302 2193/617/3303
f 4750/214/3301 4749/617/3300 2194/617/3304 2200/214/3305
f 4750/214/3301 4751/632/3306 2195/632/3307 2199/214/3302
f 4751/632/3306 4750/214/3301 2200/214/3305 2196/632/3308
f 4751/632/3306 4752/646/3309 2197/646/3310 2195/632/3307
f 4752/646/3309 4751/632/3306 2196/632/3308 2198/646/3311
f 4752/646/3309 4749/617/3300 2193/617/3303 2197/646/3310
f 4749/617/3300 4752/646/3309 2198/646/3311 2194/617/3304
f 4753/647/3312 4754/648/3313 2127/648/3314 2121/647/3315
f 4754/648/3313 4753/647/3312 2122/647/3316 2128/648/3317
f 4754/648/3313 4755/628/3318 2123/628/3319 2127/648/3314
f 4755/628/3318 4754/648/3313 2128/648/3317 2124/628/3320
f 4755/628/3318 4756/631/3321 2125/631/3322 2123/628/3319
f 4756/631/3321 4755/628/3318 2124/628/3320 2126/631/3323
f 4756/631/3321 4753/647/3312 2121/647/3315 2125/631/3322
f 4753/647/3312 4756/631/3321 2126/631/3323 2122/647/3316
f 4757/649/3324 4758/607/3325 2233/607/3326 2231/649/3327
f 4758/607/3325 4757/649/3324 2232/649/3328 2234/607/3329
f 4758/607/3325 4759/609/3330 2235/609/3331 2233/607/3326
f 4759/609/3330 4758/607/3325 2234/607/3329 2236/609/3332
f 4759/609/3330 4757/649/3324 2231/649/3327 2235/609/3331
f 4757/649/3324 4759/609/3330 2236/609/3332 2232/649/3328
f 4760/649/3333 4761/650/3334 2237/650/3335 2231/649/3327
f 4761/650/3334 4760/649/3333 2232/649/3328 2238/650/3336
f 4761/650/3334 4762/607/3337 2233/607/3326 2237/650/3335
f 4762/607/3337 4761/650/3334 2238/650/3336 2234/607/3329
f 4762/607/3337 4760/649/3333 2231/649/3327 2233/607/3326
f 4760/649/3333 4762/607/3337 2234/607/3329 2232/649/3328
f 4763/604/3338 4764/650/3339 2237/650/3340 2241/604/3341
f 4764/650/3339 4763/604/3338 2242/604/3342 2238/650/3343
f 4764/650/3339 4765/651/3344 2239/651/3345 2237/650/3340
f 4765/651/3344 4764/650/3339 2238/650/3343 2240/651/3346
f 4765/651/3344 4763/604/3338 2241/604/3341 2239/651/3345
f 4763/604/3338 4765/651/3344 2240/651/3346 2242/604/3342
f 4766/605/3347 4767/604/3348 2241/604/3341 2243/605/3349
f 4767/604/3348 4766/605/3347 2244/605/3350 2242/604/3342
f 4767/604/3348 4768/651/3351 2239/651/3345 2241/604/3341
f 4768/651/3351 4767/604/3348 2242/604/3342 2240/651/3346
f 4768/651/3351 4766/605/3347 2243/605/3349 2239/651/3345
f 4766/605/3347 4768/651/3351 2240/651/3346 2244/605/3350
f 4769/652/3352 4770/616/3353 2247/616/3354 2245/652/3355
f 4770/616/3353 4769/652/3352 2246/652/3356 2248/616/3357
f 4770/616/3353 4771/614/3358 2249/614/3359 2247/616/3354
f 4771/614/3358 4770/616/3353 2248/616/3357 2250/614/3360
f 4771/614/3358 4769/652/3352 2245/652/3355 2249/614/3359
f 4769/652/3352 4771/614/3358 2250/614/3360 2246/652/3356
f 4772/653/3361 4773/652/3362 2245/652/3355 2251/653/3363
f 4773/652/3362 4772/653/3361 2252/653/3364 2246/652/3356
f 4773/652/3362 4774/614/3365 2249/614/3359 2245/652/3355
f 4774/614/3365 4773/652/3362 2246/652/3356 2250/614/3360
f 4774/614/3365 4772/653/3361 2251/653/3363 2249/614/3359
f 4772/653/3361 4774/614/3365 2250/614/3360 2252/653/3364
f 4775/654/3366 4776/653/3367 2251/653/3368 2253/654/3369
f 4776/653/3367 4775/654/3366 2254/654/3370 2252/653/3371
f 4776/653/3367 4777/612/3372 2255/612/3373 2251/653/3368
f 4777/612/3372 4776/653/3367 2252/653/3371 2256/612/3374
f 4777/612/3372 4775/654/3366 2253/654/3369 2255/612/3373
f 4775/654/3366 4777/612/3372 2256/612/3374 2254/654/3370
f 4778/611/3375 4779/654/3376 2253/654/3369 2257/611/3377
f 4779/654/3376 4778/611/3375 2258/611/3378 2254/654/3370
f 4779/654/3376 4780/612/3379 2255/612/3373 2253/654/3369
f 4780/612/3379 4779/654/3376 2254/654/3370 2256/612/3374
f 4780/612/3379 4778/611/3375 2257/611/3377 2255/612/3373
f 4778/611/3375 4780/612/3379 2256/612/3374 2258/611/3378
f 4781/655/3380 4782/631/3381 2229/631/3382 2223/655/3383
f 4782/631/3381 4781/655/3380 2224/655/3384 2230/631/3385
f 4782/631/3381 4783/630/3386 2225/630/3387 2229/631/3382
f 4783/630/3386 4782/631/3381 2230/631/3385 2226/630/3388
f 4783/630/3386 4784/656/3389 2227/656/3390 2225/630/3387
f 4784/656/3389 4783/630/3386 2226/630/3388 2228/656/3391
f 4784/656/3389 4781/655/3380 2223/655/3383 2227/656/3390
f 4781/655/3380 4784/656/3389 2228/656/3391 2224/655/3384
f 4785/657/3392 4786/658/3393 2269/658/3394 2267/657/3395
f 4786/658/3393 4785/657/3392 2268/657/3396 2270/658/3397
f 4786/658/3393 4787/659/3398 2271/659/3399 2269/658/3394
f 4787/659/3398 4786/658/3393 2270/658/3397 2272/659/3400
f 4787/659/3398 4785/657/3392 2267/657/3395 2271/659/3399
f 4785/657/3392 4787/659/3398 2272/659/3400 2268/657/3396
f 4792/662/3409 4793/663/3410 2279/663/3411 2273/662/3412
f 4793/663/3410 4792/662/3409 2274/662/3413 2280/663/3414
f 4793/663/3410 4794/658/3415 2275/658/3416 2279/663/3411
f 4794/658/3415 4793/663/3410 2280/663/3414 2276/658/3417
f 4794/658/3415 4795/664/3418 2277/664/3419 2275/658/3416
f 4795/664/3418 4794/658/3415 2276/658/3417 2278/664/3420
f 4795/664/3418 4792/662/3409 2273/662/3412 2277/664/3419
f 4792/662/3409 4795/664/3418 2278/664/3420 2274/662/3413
f 4796/161/3421 4797/160/3422 1617/160/3423 1611/161/3424
f 4797/160/3422 4796/161/3421 1612/161/3425 1618/160/3426
f 4797/160/3422 4798/61/3427 1613/61/3428 1617/160/3423
f 4798/61/3427 4797/160/3422 1618/160/3426 1614/61/3429
f 4798/61/3427 4799/157/3430 1615/157/3431 1613/61/3428
f 4799/157/3430 4798/61/3427 1614/61/3429 1616/157/3432
f 4799/157/3430 4796/161/3421 1611/161/3424 1615/157/3431
f 4796/161/3421 4799/157/3430 1616/157/3432 1612/161/3425
f 4812/670/3459 4813/671/3460 1893/671/3461 1887/670/3462
f 4813/671/3460 4812/670/3459 1888/670/3463 1894/671/3464
f 4813/671/3460 4814/560/3465 1889/560/3466 1893/671/3461
f 4814/560/3465 4813/671/3460 1894/671/3464 1890/560/3467
f 4814/560/3465 4815/563/3468 1891/563/3469 1889/560/3466
f 4815/563/3468 4814/560/3465 1890/560/3467 1892/563/3470
f 4815/563/3468 4812/670/3459 1887/670/3462 1891/563/3469
f 4812/670/3459 4815/563/3468 1892/563/3470 1888/670/3463
f 4848/685/3538 4849/686/3539 1241/686/3540 1235/685/3541
f 4849/686/3539 4848/685/3538 1236/685/3542 1242/686/3543
f 4849/686/3539 4850/449/3544 1237/449/3545 1241/686/3540
f 4850/449/3544 4849/686/3539 1242/686/3543 1238/449/3546
f 4850/449/3544 4851/448/3547 1239/448/3548 1237/449/3545
f 4851/448/3547 4850/449/3544 1238/449/3546 1240/448/3549
f 4851/448/3547 4848/685/3538 1235/685/3541 1239/448/3548
f 4848/685/3538 4851/448/3547 1240/448/3549 1236/685/3542
f 4868/690/3578 4869/196/3579 1433/196/3580 1427/690/3581
f 4869/196/3579 4868/690/3578 1428/690/3582 1434/196/3583
f 4869/196/3579 4870/195/3584 1429/195/3585 1433/196/3580
f 4870/195/3584 4869/196/3579 1434/196/3583 1430/195/3586
f 4870/195/3584 4871/691/3587 1431/691/3588 1429/195/3585
f 4871/691/3587 4870/195/3584 1430/195/3586 1432/691/3589
f 4871/691/3587 4868/690/3578 1427/690/3581 1431/691/3588
f 4868/690/3578 4871/691/3587 1432/691/3589 1428/690/3582
f 4888/699/3622 4889/563/3623 1901/563/3624 1895/699/3625
f 4889/563/3623 4888/699/3622 1896/699/3626 1902/563/3627
f 4889/563/3623 4890/562/3628 1897/562/3629 1901/563/3624
f 4890/562/3628 4889/563/3623 1902/563/3627 1898/562/3630
f 4890/562/3628 4891/700/3631 1899/700/3632 1897/562/3629
f 4891/700/3631 4890/562/3628 1898/562/3630 1900/700/3633
f 4891/700/3631 4888/699/3622 1895/699/3625 1899/700/3632
f 4888/699/3622 4891/700/3631 1900/700/3633 1896/699/3626
f 4900/166/3648 4901/167/3649 25/167/549 23/166/545
f 4901/167/3649 4900/166/3648 24/166/546 26/167/550
f 4901/167/3649 4902/10/3650 19/10/27 25/167/549
f 4902/10/3650 4901/167/3649 26/167/550 20/10/30
f 4902/10/3650 4903/9/3651 17/9/28 19/10/27
f 4903/9/3651 4902/10/3650 20/10/30 18/9/29
f 4903/9/3651 4900/166/3648 23/166/545 17/9/28
f 4900/166/3648 4903/9/3651 18/9/29 24/166/546
f 4938/143/3728 4939/493/3729 515/493/3730 509/143/3731
f 4939/493/3729 4938/143/3728 510/143/3732 516/493/3733
f 4939/493/3729 4940/492/3734 511/492/3735 515/493/3730
f 4940/492/3734 4939/493/3729 516/493/3733 512/492/3736
f 4940/492/3734 4941/288/3737 513/288/3738 511/492/3735
f 4941/288/3737 4940/492/3734 512/492/3736 514/288/3739
f 4941/288/3737 4938/143/3728 509/143/3731 513/288/3738
f 4938/143/3728 4941/288/3737 514/288/3739 510/143/3732
f 4946/719/3748 4947/133/3749 1099/133/3750 1093/719/3751
f 4947/133/3749 4946/719/3748 1094/719/3752 1100/133/3753
f 4947/133/3749 4948/132/3754 1095/132/3755 1099/133/3750
f 4948/132/3754 4947/133/3749 1100/133/3753 1096/132/3756
f 4948/132/3754 4949/720/3757 1097/720/3758 1095/132/3755
f 4949/720/3757 4948/132/3754 1096/132/3756 1098/720/3759
f 4949/720/3757 4946/719/3748 1093/719/3751 1097/720/3758
f 4946/719/3748 4949/720/3757 1098/720/3759 1094/719/3752
f 4989/434/3827 4990/463/3828 279/463/3829 277/434/3830
f 4990/463/3828 4989/434/3827 278/434/3831 280/463/3832
f 4990/463/3828 4991/462/3833 273/462/3834 279/463/3829
f 4991/462/3833 4990/463/3828 280/463/3832 274/462/3835
f 4991/462/3833 4992/431/3836 275/431/3837 273/462/3834
f 4992/431/3836 4991/462/3833 274/462/3835 276/431/3838
f 4992/431/3836 4989/434/3827 277/434/3830 275/431/3837
f 4989/434/3827 4992/431/3836 276/431/3838 278/434/3831
f 5000/97/3852 5001/293/3853 705/293/3854 699/97/3855
f 5001/293/3853 5000/97/3852 700/97/3856 706/293/3857
f 5001/293/3853 5002/733/3858 701/733/3859 705/293/3854
f 5002/733/3858 5001/293/3853 706/293/3857 702/733/3860
f 5002/733/3858 5003/523/3861 703/523/3862 701/733/3859
f 5003/523/3861 5002/733/3858 702/733/3860 704/523/3863
f 5003/523/3861 5000/97/3852 699/97/3855 703/523/3862
f 5000/97/3852 5003/523/3861 704/523/3863 700/97/3856
f 5007/434/3869 5008/433/3870 1497/433/3871 1495/434/3872
f 5008/433/3870 5007/434/3869 1496/434/3873 1498/433/3874
f 5008/433/3870 5009/454/3875 1491/454/3876 1497/433/3871
f 5009/454/3875 5008/433/3870 1498/433/3874 1492/454/3877
f 5009/454/3875 5010/455/3878 1493/455/3879 1491/454/3876
f 5010/455/3878 5009/454/3875 1492/454/3877 1494/455/3880
f 5010/455/3878 5007/434/3869 1495/434/3872 1493/455/3879
f 5007/434/3869 5010/455/3878 1494/455/3880 1496/434/3873
f 5033/449/3925 5034/686/3926 523/686/3927 517/449/3928
f 5034/686/3926 5033/449/3925 518/449/3929 524/686/3930
f 5034/686/3926 5035/746/3931 519/746/3932 523/686/3927
f 5035/746/3931 5034/686/3926 524/686/3930 520/746/3933
f 5035/746/3931 5036/747/3934 521/747/3935 519/746/3932
f 5036/747/3934 5035/746/3931 520/746/3933 522/747/3936
f 5036/747/3934 5033/449/3925 517/449/3928 521/747/3935
f 5033/449/3925 5036/747/3934 522/747/3936 518/449/3929
f 5041/686/3945 5042/685/3946 1273/685/3947 1267/686/3948
f 5042/685/3946 5041/686/3945 1268/686/3949 1274/685/3950
f 5042/685/3946 5043/119/3951 1269/119/3952 1273/685/3947
f 5043/119/3951 5042/685/3946 1274/685/3950 1270/119/3953
f 5043/119/3951 5044/122/3954 1271/122/3955 1269/119/3952
f 5044/122/3954 5043/119/3951 1270/119/3953 1272/122/3956
f 5044/122/3954 5041/686/3945 1267/686/3948 1271/122/3955
f 5041/686/3945 5044/122/3954 1272/122/3956 1268/686/3949
f 5059/243/3989 5060/218/3990 1989/218/3991 1983/243/3992
f 5060/218/3990 5059/243/3989 1984/243/3993 1990/218/3994
f 5060/218/3990 5061/756/3995 1985/756/3996 1989/218/3991
f 5061/756/3995 5060/218/3990 1990/218/3994 1986/756/3997
f 5061/756/3995 5062/757/3998 1987/757/3999 1985/756/3996
f 5062/757/3998 5061/756/3995 1986/756/3997 1988/757/4000
f 5062/757/3998 5059/243/3989 1983/243/3992 1987/757/3999
f 5059/243/3989 5062/757/3998 1988/757/4000 1984/243/3993
f 5067/171/4009 5068/491/4010 1665/491/4011 1663/171/4012
f 5068/491/4010 5067/171/4009 1664/171/4013 1666/491/4014
f 5068/491/4010 5069/490/4015 1659/490/4016 1665/491/4011
f 5069/490/4015 5068/491/4010 1666/491/4014 1660/490/4017
f 5069/490/4015 5070/66/4018 1661/66/4019 1659/490/4016
f 5070/66/4018 5069/490/4015 1660/490/4017 1662/66/4020
f 5070/66/4018 5067/171/4009 1663/171/4012 1661/66/4019
f 5067/171/4009 5070/66/4018 1662/66/4020 1664/171/4013
f 5083/490/4037 5084/66/4038 383/66/4039 381/490/4040
f 5084/66/4038 5083/490/4037 382/490/4041 384/66/4042
f 5084/66/4038 5085/171/4043 377/171/4044 383/66/4039
f 5085/171/4043 5084/66/4038 384/66/4042 378/171/4045
f 5085/171/4043 5086/491/4046 379/491/4047 377/171/4044
f 5086/491/4046 5085/171/4043 378/171/4045 380/491/4048
f 5086/491/4046 5083/490/4037 381/490/4040 379/491/4047
f 5083/490/4037 5086/491/4046 380/491/4048 382/490/4041
f 5093/761/4061 5094/619/4062 875/619/4063 871/761/4064
f 5094/619/4062 5093/761/4061 872/761/4065 876/619/4066
f 5094/619/4062 5095/358/4067 873/358/4068 875/619/4063
f 5095/358/4067 5094/619/4062 876/619/4066 874/358/4069
f 5095/358/4067 5096/357/4070 869/357/4071 873/358/4068
f 5096/357/4070 5095/358/4067 874/358/4069 870/357/4072
f 5096/357/4070 5093/761/4061 871/761/4064 869/357/4071
f 5093/761/4061 5096/357/4070 870/357/4072 872/761/4065
f 5097/762/4073 5098/763/4074 591/763/4075 585/762/4076
f 5098/763/4074 5097/762/4073 586/762/4077 592/763/4078
f 5098/763/4074 5099/254/4079 587/254/4080 591/763/4075
f 5099/254/4079 5098/763/4074 592/763/4078 588/254/4081
f 5099/254/4079 5100/253/4082 589/253/4083 587/254/4080
f 5100/253/4082 5099/254/4079 588/254/4081 590/253/4084
f 5100/253/4082 5097/762/4073 585/762/4076 589/253/4083
f 5097/762/4073 5100/253/4082 590/253/4084 586/762/4077
f 5104/399/4090 5105/398/4091 87/398/4092 85/399/4093
f 5105/398/4091 5104/399/4090 86/399/4094 88/398/4095
f 5105/398/4091 5106/484/4096 81/484/4097 87/398/4092
f 5106/484/4096 5105/398/4091 88/398/4095 82/484/4098
f 5106/484/4096 5107/485/4099 83/485/4100 81/484/4097
f 5107/485/4099 5106/484/4096 82/484/4098 84/485/4101
f 5107/485/4099 5104/399/4090 85/399/4093 83/485/4100
f 5104/399/4090 5107/485/4099 84/485/4101 86/399/4094
f 5112/595/4106 5113/598/4107 2151/598/4108 2147/595/4109
f 5113/598/4107 5112/595/4106 2148/595/4110 2152/598/4111
f 5113/598/4107 5114/765/4112 2149/765/4113 2151/598/4108
f 5114/765/4112 5113/598/4107 2152/598/4111 2150/765/4114
f 5114/765/4112 5115/638/4115 2145/638/4116 2149/765/4113
f 5115/638/4115 5114/765/4112 2150/765/4114 2146/638/4117
f 5115/638/4115 5112/595/4106 2147/595/4109 2145/638/4116
f 5112/595/4106 5115/638/4115 2146/638/4117 2148/595/4110
f 5122/65/4128 5123/66/4129 1441/66/4130 1435/65/4131
f 5123/66/4129 5122/65/4128 1436/65/4132 1442/66/4133
f 5123/66/4129 5124/63/4134 1437/63/4135 1441/66/4130
f 5124/63/4134 5123/66/4129 1442/66/4133 1438/63/4136
f 5124/63/4134 5125/64/4137 1439/64/4138 1437/63/4135
f 5125/64/4137 5124/63/4134 1438/63/4136 1440/64/4139
f 5125/64/4137 5122/65/4128 1435/65/4131 1439/64/4138
f 5122/65/4128 5125/64/4137 1440/64/4139 1436/65/4132
f 5136/206/4154 5137/768/4155 443/768/4156 441/206/4157
f 5137/768/4155 5136/206/4154 442/206/4158 444/768/4159
f 5137/768/4155 5138/430/4160 437/430/4161 443/768/4156
f 5138/430/4160 5137/768/4155 444/768/4159 438/430/4162
f 5138/430/4160 5139/203/4163 439/203/4164 437/430/4161
f 5139/203/4163 5138/430/4160 438/430/4162 440/203/4165
f 5139/203/4163 5136/206/4154 441/206/4157 439/203/4164
f 5136/206/4154 5139/203/4163 440/203/4165 442/206/4158
f 5169/10/4213 5170/9/4214 1399/9/2127 1397/10/2132
f 5170/9/4214 5169/10/4213 1398/10/2133 1400/9/2130
f 5170/9/4214 5171/166/4215 1393/166/4216 1399/9/2127
f 5171/166/4215 5170/9/4214 1400/9/2130 1394/166/4217
f 5171/166/4215 5172/167/4218 1395/167/4219 1393/166/4216
f 5172/167/4218 5171/166/4215 1394/166/4217 1396/167/4220
f 5172/167/4218 5169/10/4213 1397/10/2132 1395/167/4219
f 5169/10/4213 5172/167/4218 1396/167/4220 1398/10/2133
f 5176/68/4224 5177/195/4225 419/195/4226 417/68/4227
f 5177/195/4225 5176/68/4224 418/68/4228 420/195/4229
f 5177/195/4225 5178/194/4230 413/194/4231 419/195/4226
f 5178/194/4230 5177/195/4225 420/195/4229 414/194/4232
f 5178/194/4230 5179/69/4233 415/69/4234 413/194/4231
f 5179/69/4233 5178/194/4230 414/194/4232 416/69/4235
f 5179/69/4233 5176/68/4224 417/68/4227 415/69/4234
f 5176/68/4224 5179/69/4233 416/69/4235 418/68/4228
f 5188/778/4252 5189/596/4253 2031/596/4254 2027/778/4255
f 5189/596/4253 5188/778/4252 2028/778/4256 2032/596/4257
f 5189/596/4253 5190/595/4258 2029/595/4259 2031/596/4254
f 5190/595/4258 5189/596/4253 2032/596/4257 2030/595/4260
f 5190/595/4258 5191/637/4261 2025/637/4262 2029/595/4259
f 5191/637/4261 5190/595/4258 2030/595/4260 2026/637/4263
f 5191/637/4261 5188/778/4252 2027/778/4255 2025/637/4262
f 5188/778/4252 5191/637/4261 2026/637/4263 2028/778/4256
f 5200/756/4282 5201/218/4283 1981/218/4284 1975/756/4285
f 5201/218/4283 5200/756/4282 1976/756/4286 1982/218/4287
f 5201/218/4283 5202/582/4288 1977/582/4289 1981/218/4284
f 5202/582/4288 5201/218/4283 1982/218/4287 1978/582/4290
f 5202/582/4288 5203/780/4291 1979/780/4292 1977/582/4289
f 5203/780/4291 5202/582/4288 1978/582/4290 1980/780/4293
f 5203/780/4291 5200/756/4282 1975/756/4285 1979/780/4292
f 5200/756/4282 5203/780/4291 1980/780/4293 1976/756/4286
f 5208/436/4302 5209/121/4303 491/121/4304 485/436/4305
f 5209/121/4303 5208/436/4302 486/436/4306 492/121/4307
f 5209/121/4303 5210/202/4308 487/202/4309 491/121/4304
f 5210/202/4308 5209/121/4303 492/121/4307 488/202/4310
f 5210/202/4308 5211/435/4311 489/435/4312 487/202/4309
f 5211/435/4311 5210/202/4308 488/202/4310 490/435/4313
f 5211/435/4311 5208/436/4302 485/436/4305 489/435/4312
f 5208/436/4302 5211/435/4311 490/435/4313 486/436/4306
f 5212/311/4314 5213/781/4315 697/781/4316 691/311/4317
f 5213/781/4315 5212/311/4314 692/311/4318 698/781/4319
f 5213/781/4315 5214/94/4320 693/94/4321 697/781/4316
f 5214/94/4320 5213/781/4315 698/781/4319 694/94/4322
f 5214/94/4320 5215/97/4323 695/97/4324 693/94/4321
f 5215/97/4323 5214/94/4320 694/94/4322 696/97/4325
f 5215/97/4323 5212/311/4314 691/311/4317 695/97/4324
f 5212/311/4314 5215/97/4323 696/97/4325 692/311/4318
f 5216/358/4326 5217/621/4327 991/621/4328 987/358/4329
f 5217/621/4327 5216/358/4326 988/358/4330 992/621/4331
f 5217/621/4327 5218/782/4332 989/782/4333 991/621/4328
f 5218/782/4332 5217/621/4327 992/621/4331 990/782/4334
f 5218/782/4332 5219/359/4335 985/359/4336 989/782/4333
f 5219/359/4335 5218/782/4332 990/782/4334 986/359/4337
f 5219/359/4335 5216/358/4326 987/358/4329 985/359/4336
f 5216/358/4326 5219/359/4335 986/359/4337 988/358/4330
f 5224/433/4342 5225/434/4343 247/434/4344 245/433/4345
f 5225/434/4343 5224/433/4342 246/433/4346 248/434/4347
f 5225/434/4343 5226/431/4348 241/431/4349 247/434/4344
f 5226/431/4348 5225/434/4343 248/434/4347 242/431/4350
f 5226/431/4348 5227/432/4351 243/432/4352 241/431/4349
f 5227/432/4351 5226/431/4348 242/431/4350 244/432/4353
f 5227/432/4351 5224/433/4342 245/433/4345 243/432/4352
f 5224/433/4342 5227/432/4351 244/432/4353 246/433/4346
f 5228/783/4354 5229/784/4355 2091/784/4356 2085/783/4357
f 5229/784/4355 5228/783/4354 2086/783/4358 2092/784/4359
f 5229/784/4355 5230/369/4360 2087/369/4361 2091/784/4356
f 5230/369/4360 5229/784/4355 2092/784/4359 2088/369/4362
f 5230/369/4360 5231/368/4363 2089/368/4364 2087/369/4361
f 5231/368/4363 5230/369/4360 2088/369/4362 2090/368/4365
f 5231/368/4363 5228/783/4354 2085/783/4357 2089/368/4364
f 5228/783/4354 5231/368/4363 2090/368/4365 2086/783/4358
f 5278/802/4454 5279/803/4455 2099/803/4456 2093/802/4457
f 5279/803/4455 5278/802/4454 2094/802/4458 2100/803/4459
f 5279/803/4455 5280/584/4460 2095/584/4461 2099/803/4456
f 5280/584/4460 5279/803/4455 2100/803/4459 2096/584/4462
f 5280/584/4460 5281/662/4463 2097/662/4464 2095/584/4461
f 5281/662/4463 5280/584/4460 2096/584/4462 2098/662/4465
f 5281/662/4463 5278/802/4454 2093/802/4457 2097/662/4464
f 5278/802/4454 5281/662/4463 2098/662/4465 2094/802/4458
f 5325/408/4537 5326/367/4538 1053/367/4539 1047/408/4540
f 5326/367/4538 5325/408/4537 1048/408/4541 1054/367/4542
f 5326/367/4538 5327/406/4543 1049/406/4544 1053/367/4539
f 5327/406/4543 5326/367/4538 1054/367/4542 1050/406/4545
f 5327/406/4543 5328/810/4546 1051/810/4547 1049/406/4544
f 5328/810/4546 5327/406/4543 1050/406/4545 1052/810/4548
f 5328/810/4546 5325/408/4537 1047/408/4540 1051/810/4547
f 5325/408/4537 5328/810/4546 1052/810/4548 1048/408/4541
f 5332/540/4556 5333/539/4557 1805/539/4558 1799/540/4559
f 5333/539/4557 5332/540/4556 1800/540/4560 1806/539/4561
f 5333/539/4557 5334/811/4562 1801/811/4563 1805/539/4558
f 5334/811/4562 5333/539/4557 1806/539/4561 1802/811/4564
f 5334/811/4562 5335/812/4565 1803/812/4566 1801/811/4563
f 5335/812/4565 5334/811/4562 1802/811/4564 1804/812/4567
f 5335/812/4565 5332/540/4556 1799/540/4559 1803/812/4566
f 5332/540/4556 5335/812/4565 1804/812/4567 1800/540/4560
f 5344/813/4582 5345/814/4583 2143/814/4584 2137/813/4585
f 5345/814/4583 5344/813/4582 2138/813/4586 2144/814/4587
f 5345/814/4583 5346/513/4588 2139/513/4589 2143/814/4584
f 5346/513/4588 5345/814/4583 2144/814/4587 2140/513/4590
f 5346/513/4588 5347/512/4591 2141/512/4592 2139/513/4589
f 5347/512/4591 5346/513/4588 2140/513/4590 2142/512/4593
f 5347/512/4591 5344/813/4582 2137/813/4585 2141/512/4592
f 5344/813/4582 5347/512/4591 2142/512/4593 2138/813/4586
f 5352/815/4598 5353/586/4599 2159/586/4600 2153/815/4601
f 5353/586/4599 5352/815/4598 2154/815/4602 2160/586/4603
f 5353/586/4599 5354/585/4604 2155/585/4605 2159/586/4600
f 5354/585/4604 5353/586/4599 2160/586/4603 2156/585/4606
f 5354/585/4604 5355/663/4607 2157/663/4608 2155/585/4605
f 5355/663/4607 5354/585/4604 2156/585/4606 2158/663/4609
f 5355/663/4607 5352/815/4598 2153/815/4601 2157/663/4608
f 5352/815/4598 5355/663/4607 2158/663/4609 2154/815/4602
f 5371/433/4645 5372/432/4646 231/432/4647 225/433/4648
f 5372/432/4646 5371/433/4645 226/433/4649 232/432/4650
f 5372/432/4646 5373/290/4651 227/290/4652 231/432/4647
f 5373/290/4651 5372/432/4646 232/432/4650 228/290/4653
f 5373/290/4651 5374/289/4654 229/289/4655 227/290/4652
f 5374/289/4654 5373/290/4651 228/290/4653 230/289/4656
f 5374/289/4654 5371/433/4645 225/433/4648 229/289/4655
f 5371/433/4645 5374/289/4654 230/289/4656 226/433/4649
f 5403/814/4704 5404/824/4705 2175/824/4706 2171/814/4707
f 5404/824/4705 5403/814/4704 2172/814/4708 2176/824/4709
f 5404/824/4705 5405/378/4710 2173/378/4711 2175/824/4706
f 5405/378/4710 5404/824/4705 2176/824/4709 2174/378/4712
f 5405/378/4710 5406/513/4713 2169/513/4714 2173/378/4711
f 5406/513/4713 5405/378/4710 2174/378/4712 2170/513/4715
f 5406/513/4713 5403/814/4704 2171/814/4707 2169/513/4714
f 5403/814/4704 5406/513/4713 2170/513/4715 2172/814/4708
f 5455/160/4786 5456/161/4787 351/161/4788 345/160/4789
f 5456/161/4787 5455/160/4786 346/160/4790 352/161/4791
f 5456/161/4787 5457/159/4792 347/159/4793 351/161/4788
f 5457/159/4792 5456/161/4787 352/161/4791 348/159/4794
f 5457/159/4792 5458/65/4795 349/65/4796 347/159/4793
f 5458/65/4795 5457/159/4792 348/159/4794 350/65/4797
f 5458/65/4795 5455/160/4786 345/160/4789 349/65/4796
f 5455/160/4786 5458/65/4795 350/65/4797 346/160/4790
f 5467/490/4808 5468/491/4809 375/491/4810 369/490/4811
f 5468/491/4809 5467/490/4808 370/490/4812 376/491/4813
f 5468/491/4809 5469/400/4814 371/400/4815 375/491/4810
f 5469/400/4814 5468/491/4809 376/491/4813 372/400/4816
f 5469/400/4814 5470/399/4817 373/399/4818 371/400/4815
f 5470/399/4817 5469/400/4814 372/400/4816 374/399/4819
f 5470/399/4817 5467/490/4808 369/490/4811 373/399/4818
f 5467/490/4808 5470/399/4817 374/399/4819 370/490/4812
f 5487/158/4844 5488/831/4845 295/831/4846 293/158/4847
f 5488/831/4845 5487/158/4844 294/158/4848 296/831/4849
f 5488/831/4845 5489/832/4850 289/832/4851 295/831/4846
f 5489/832/4850 5488/831/4845 296/831/4849 290/832/4852
f 5489/832/4850 5490/51/4853 291/51/4854 289/832/4851
f 5490/51/4853 5489/832/4850 290/832/4852 292/51/4855
f 5490/51/4853 5487/158/4844 293/158/4847 291/51/4854
f 5487/158/4844 5490/51/4853 292/51/4855 294/158/4848
f 5500/110/4877 5501/242/4878 217/242/855 209/110/851
f 5501/242/4878 5500/110/4877 210/110/852 218/242/856
f 5501/242/4878 5502/115/4879 211/115/362 217/242/855
f 5502/115/4879 5501/242/4878 218/242/856 212/115/363
f 5502/115/4879 5503/114/4880 213/114/357 211/115/362
f 5503/114/4880 5502/115/4879 212/115/363 214/114/360
f 5503/114/4880 5500/110/4877 209/110/851 213/114/357
f 5500/110/4877 5503/114/4880 214/114/360 210/110/852
f 5519/39/4900 5520/38/4901 111/38/4902 105/39/4903
f 5520/38/4901 5519/39/4900 106/39/4904 112/38/4905
f 5520/38/4901 5521/137/4906 107/137/4907 111/38/4902
f 5521/137/4906 5520/38/4901 112/38/4905 108/137/4908
f 5521/137/4906 5522/136/4909 109/136/4910 107/137/4907
f 5522/136/4909 5521/137/4906 108/137/4908 110/136/4911
f 5522/136/4909 5519/39/4900 105/39/4903 109/136/4910
f 5519/39/4900 5522/136/4909 110/136/4911 106/39/4904
f 5535/58/4930 5536/193/4931 263/193/4932 257/58/4933
f 5536/193/4931 5535/58/4930 258/58/4934 264/193/4935
f 5536/193/4931 5537/196/4936 259/196/4937 263/193/4932
f 5537/196/4936 5536/193/4931 264/193/4935 260/196/4938
f 5537/196/4936 5538/55/4939 261/55/4940 259/196/4937
f 5538/55/4939 5537/196/4936 260/196/4938 262/55/4941
f 5538/55/4939 5535/58/4930 257/58/4933 261/55/4940
f 5535/58/4930 5538/55/4939 262/55/4941 258/58/4934
f 5551/835/4958 5552/836/4959 2207/836/4960 2201/835/4961
f 5552/836/4959 5551/835/4958 2202/835/4962 2208/836/4963
f 5552/836/4959 5553/837/4964 2203/837/4965 2207/836/4960
f 5553/837/4964 5552/836/4959 2208/836/4963 2204/837/4966
f 5553/837/4964 5554/838/4967 2205/838/4968 2203/837/4965
f 5554/838/4967 5553/837/4964 2204/837/4966 2206/838/4969
f 5554/838/4967 5551/835/4958 2201/835/4961 2205/838/4968
f 5551/835/4958 5554/838/4967 2206/838/4969 2202/835/4962
f 5564/167/4987 5565/166/4988 1393/166/4216 1395/167/4219
f 5565/166/4988 5564/167/4987 1396/167/4220 1394/166/4217
f 5565/166/4988 5566/22/4989 1387/22/2099 1393/166/4216
f 5566/22/4989 5565/166/4988 1394/166/4217 1388/22/2100
f 5566/22/4989 5567/21/4990 1391/21/2103 1387/22/2099
f 5567/21/4990 5566/22/4989 1388/22/2100 1392/21/2104
f 5567/21/4990 5564/167/4987 1395/167/4219 1391/21/2103
f 5564/167/4987 5567/21/4990 1392/21/2104 1396/167/4220
f 5572/153/4999 5573/398/5000 343/398/5001 337/153/5002
f 5573/398/5000 5572/153/4999 338/153/5003 344/398/5004
f 5573/398/5000 5574/397/5005 339/397/5006 343/398/5001
f 5574/397/5005 5573/398/5000 344/398/5004 340/397/5007
f 5574/397/5005 5575/154/5008 341/154/5009 339/397/5006
f 5575/154/5008 5574/397/5005 340/397/5007 342/154/5010
f 5575/154/5008 5572/153/4999 337/153/5002 341/154/5009
f 5572/153/4999 5575/154/5008 342/154/5010 338/153/5003
f 5596/462/5039 5597/431/5040 1337/431/5041 1331/462/5042
f 5597/431/5040 5596/462/5039 1332/462/5043 1338/431/5044
f 5597/431/5040 5598/434/5045 1333/434/5046 1337/431/5041
f 5598/434/5045 5597/431/5040 1338/431/5044 1334/434/5047
f 5598/434/5045 5599/463/5048 1335/463/5049 1333/434/5046
f 5599/463/5048 5598/434/5045 1334/434/5047 1336/463/5050
f 5599/463/5048 5596/462/5039 1331/462/5042 1335/463/5049
f 5596/462/5039 5599/463/5048 1336/463/5050 1332/462/5043
f 5624/91/5087 5625/450/5088 1353/450/5089 1347/91/5090
f 5625/450/5088 5624/91/5087 1348/91/5091 1354/450/5092
f 5625/450/5088 5626/509/5093 1349/509/5094 1353/450/5089
f 5626/509/5093 5625/450/5088 1354/450/5092 1350/509/5095
f 5626/509/5093 5627/481/5096 1351/481/5097 1349/509/5094
f 5627/481/5096 5626/509/5093 1350/509/5095 1352/481/5098
f 5627/481/5096 5624/91/5087 1347/91/5090 1351/481/5097
f 5624/91/5087 5627/481/5096 1352/481/5098 1348/91/5091
f 5636/578/5115 5637/551/5116 1955/551/2936 1949/578/2935
f 5637/551/5116 5636/578/5115 1950/578/2938 1956/551/2937
f 5637/551/5116 5638/525/5117 1943/525/2649 1955/551/2936
f 5638/525/5117 5637/551/5116 1956/551/2937 1944/525/2650
f 5638/525/5117 5639/528/5118 1947/528/2656 1943/525/2649
f 5639/528/5118 5638/525/5117 1944/525/2650 1948/528/2657
f 5639/528/5118 5636/578/5115 1949/578/2935 1947/528/2656
f 5636/578/5115 5639/528/5118 1948/528/2657 1950/578/2938
f 5684/851/5183 5685/547/5184 1849/547/5185 1843/851/5186
f 5685/547/5184 5684/851/5183 1844/851/5187 1850/547/5188
f 5685/547/5184 5686/218/5189 1845/218/5190 1849/547/5185
f 5686/218/5189 5685/547/5184 1850/547/5188 1846/218/5191
f 5686/218/5189 5687/221/5192 1847/221/5193 1845/218/5190
f 5687/221/5192 5686/218/5189 1846/218/5191 1848/221/5194
f 5687/221/5192 5684/851/5183 1843/851/5186 1847/221/5193
f 5684/851/5183 5687/221/5192 1848/221/5194 1844/851/5187
f 5688/271/5195 5689/270/5196 607/270/5197 605/271/5198
f 5689/270/5196 5688/271/5195 606/271/5199 608/270/5200
f 5689/270/5196 5690/762/5201 597/762/5202 607/270/5197
f 5690/762/5201 5689/270/5196 608/270/5200 598/762/5203
f 5690/762/5201 5691/852/5204 601/852/5205 597/762/5202
f 5691/852/5204 5690/762/5201 598/762/5203 602/852/5206
f 5691/852/5204 5688/271/5195 605/271/5198 601/852/5205
f 5688/271/5195 5691/852/5204 602/852/5206 606/271/5199
f 5704/194/5227 5705/69/5228 1705/69/5229 1703/194/5230
f 5705/69/5228 5704/194/5227 1704/194/5231 1706/69/5232
f 5705/69/5228 5706/68/5233 1699/68/5234 1705/69/5229
f 5706/68/5233 5705/69/5228 1706/69/5232 1700/68/5235
f 5706/68/5233 5707/195/5236 1701/195/5237 1699/68/5234
f 5707/195/5236 5706/68/5233 1700/68/5235 1702/195/5238
f 5707/195/5236 5704/194/5227 1703/194/5230 1701/195/5237
f 5704/194/5227 5707/195/5236 1702/195/5238 1704/194/5231
f 5715/344/5254 5716/377/5255 795/377/5256 789/344/5257
f 5716/377/5255 5715/344/5254 790/344/5258 796/377/5259
f 5716/377/5255 5717/333/5260 791/333/5261 795/377/5256
f 5717/333/5260 5716/377/5255 796/377/5259 792/333/5262
f 5717/333/5260 5718/332/5263 793/332/5264 791/333/5261
f 5718/332/5263 5717/333/5260 792/333/5262 794/332/5265
f 5718/332/5263 5715/344/5254 789/344/5257 793/332/5264
f 5715/344/5254 5718/332/5263 794/332/5265 790/344/5258
f 5723/647/5272 5724/631/5273 2265/631/5274 2259/647/5275
f 5724/631/5273 5723/647/5272 2260/647/5276 2266/631/5277
f 5724/631/5273 5725/655/5278 2261/655/5279 2265/631/5274
f 5725/655/5278 5724/631/5273 2266/631/5277 2262/655/5280
f 5725/655/5278 5726/858/5281 2263/858/5282 2261/655/5279
f 5726/858/5281 5725/655/5278 2262/655/5280 2264/858/5283
f 5726/858/5281 5723/647/5272 2259/647/5275 2263/858/5282
f 5723/647/5272 5726/858/5281 2264/858/5283 2260/647/5276
f 5731/762/5292 5732/270/5293 595/270/5294 585/762/4076
f 5732/270/5293 5731/762/5292 586/762/4077 596/270/5295
f 5732/270/5293 5733/277/5296 593/277/5297 595/270/5294
f 5733/277/5296 5732/270/5293 596/270/5295 594/277/5298
f 5733/277/5296 5734/763/5299 591/763/4075 593/277/5297
f 5734/763/5299 5733/277/5296 594/277/5298 592/763/4078
f 5734/763/5299 5731/762/5292 585/762/4076 591/763/4075
f 5731/762/5292 5734/763/5299 592/763/4078 586/762/4077
f 5766/513/5353 5767/378/5354 2083/378/5355 2079/513/5356
f 5767/378/5354 5766/513/5353 2080/513/5357 2084/378/5358
f 5767/378/5354 5768/381/5359 2081/381/5360 2083/378/5355
f 5768/381/5359 5767/378/5354 2084/378/5358 2082/381/5361
f 5768/381/5359 5769/514/5362 2077/514/5363 2081/381/5360
f 5769/514/5362 5768/381/5359 2082/381/5361 2078/514/5364
f 5769/514/5362 5766/513/5353 2079/513/5356 2077/514/5363
f 5766/513/5353 5769/514/5362 2078/514/5364 2080/513/5357
f 5778/401/5373 5779/404/5374 983/404/5375 979/401/5376
f 5779/404/5374 5778/401/5373 980/401/5377 984/404/5378
f 5779/404/5374 5780/346/5379 981/346/5380 983/404/5375
f 5780/346/5379 5779/404/5374 984/404/5378 982/346/5381
f 5780/346/5379 5781/348/5382 977/348/5383 981/346/5380
f 5781/348/5382 5780/346/5379 982/346/5381 978/348/5384
f 5781/348/5382 5778/401/5373 979/401/5376 977/348/5383
f 5778/401/5373 5781/348/5382 978/348/5384 980/401/5377
f 5807/40/5436 5808/450/5437 15/450/5438 9/40/5439
f 5808/450/5437 5807/40/5436 10/40/5440 16/450/5441
f 5808/450/5437 5809/91/5442 11/91/5443 15/450/5438
f 5809/91/5442 5808/450/5437 16/450/5441 12/91/5444
f 5809/91/5442 5810/37/5445 13/37/5446 11/91/5443
f 5810/37/5445 5809/91/5442 12/91/5444 14/37/5447
f 5810/37/5445 5807/40/5436 9/40/5439 13/37/5446
f 5807/40/5436 5810/37/5445 14/37/5447 10/40/5440
f 5811/832/5448 5812/831/5449 1585/831/5450 1579/832/5451
f 5812/831/5449 5811/832/5448 1580/832/5452 1586/831/5453
f 5812/831/5449 5813/156/5454 1581/156/5455 1585/831/5450
f 5813/156/5454 5812/831/5449 1586/831/5453 1582/156/5456
f 5813/156/5454 5814/60/5457 1583/60/5458 1581/156/5455
f 5814/60/5457 5813/156/5454 1582/156/5456 1584/60/5459
f 5814/60/5457 5811/832/5448 1579/832/5451 1583/60/5458
f 5811/832/5448 5814/60/5457 1584/60/5459 1580/832/5452
f 5842/873/5497 5843/519/5498 1781/519/5499 1775/873/5500
f 5843/519/5498 5842/873/5497 1776/873/5501 1782/519/5502
f 5843/519/5498 5844/520/5503 1777/520/5504 1781/519/5499
f 5844/520/5503 5843/519/5498 1782/519/5502 1778/520/5505
f 5844/520/5503 5845/874/5506 1779/874/5507 1777/520/5504
f 5845/874/5506 5844/520/5503 1778/520/5505 1780/874/5508
f 5845/874/5506 5842/873/5497 1775/873/5500 1779/874/5507
f 5842/873/5497 5845/874/5506 1780/874/5508 1776/873/5501
f 5859/481/5536 5860/56/5537 1721/56/5538 1719/481/5539
f 5860/56/5537 5859/481/5536 1720/481/5540 1722/56/5541
f 5860/56/5537 5861/479/5542 1715/479/5543 1721/56/5538
f 5861/479/5542 5860/56/5537 1722/56/5541 1716/479/5544
f 5861/479/5542 5862/480/5545 1717/480/5546 1715/479/5543
f 5862/480/5545 5861/479/5542 1716/479/5544 1718/480/5547
f 5862/480/5545 5859/481/5536 1719/481/5539 1717/480/5546
f 5859/481/5536 5862/480/5545 1718/480/5547 1720/481/5540
f 5879/325/5568 5880/879/5569 959/879/5570 953/325/5571
f 5880/879/5569 5879/325/5568 954/325/5572 960/879/5573
f 5880/879/5569 5881/880/5574 955/880/5575 959/879/5570
f 5881/880/5574 5880/879/5569 960/879/5573 956/880/5576
f 5881/880/5574 5882/326/5577 957/326/5578 955/880/5575
f 5882/326/5577 5881/880/5574 956/880/5576 958/326/5579
f 5882/326/5577 5879/325/5568 953/325/5571 957/326/5578
f 5879/325/5568 5882/326/5577 958/326/5579 954/325/5572
f 5897/142/5602 5898/145/5603 143/145/5604 137/142/5605
f 5898/145/5603 5897/142/5602 138/142/5606 144/145/5607
f 5898/145/5603 5899/448/5608 139/448/5609 143/145/5604
f 5899/448/5608 5898/145/5603 144/145/5607 140/448/5610
f 5899/448/5608 5900/449/5611 141/449/5612 139/448/5609
f 5900/449/5611 5899/448/5608 140/448/5610 142/449/5613
f 5900/449/5611 5897/142/5602 137/142/5605 141/449/5612
f 5897/142/5602 5900/449/5611 142/449/5613 138/142/5606
f 5941/68/5674 5942/69/5675 427/69/5676 421/68/5677
f 5942/69/5675 5941/68/5674 422/68/5678 428/69/5679
f 5942/69/5675 5943/67/5680 423/67/5681 427/69/5676
f 5943/67/5680 5942/69/5675 428/69/5679 424/67/5682
f 5943/67/5680 5944/43/5683 425/43/5684 423/67/5681
f 5944/43/5683 5943/67/5680 424/67/5682 426/43/5685
f 5944/43/5683 5941/68/5674 421/68/5677 425/43/5684
f 5941/68/5674 5944/43/5683 426/43/5685 422/68/5678
f 5949/119/5694 5950/122/5695 175/122/5696 169/119/5697
f 5950/122/5695 5949/119/5694 170/119/5698 176/122/5699
f 5950/122/5695 5951/686/5700 171/686/5701 175/122/5696
f 5951/686/5700 5950/122/5695 176/122/5699 172/686/5702
f 5951/686/5700 5952/685/5703 173/685/5704 171/686/5701
f 5952/685/5703 5951/686/5700 172/686/5702 174/685/5705
f 5952/685/5703 5949/119/5694 169/119/5697 173/685/5704
f 5949/119/5694 5952/685/5703 174/685/5705 170/119/5698
f 5961/231/5714 5962/230/5715 531/230/5716 525/231/5717
f 5962/230/5715 5961/231/5714 526/231/5718 532/230/5719
f 5962/230/5715 5963/237/5720 527/237/5721 531/230/5716
f 5963/237/5720 5962/230/5715 532/230/5719 528/237/5722
f 5963/237/5720 5964/236/5723 529/236/5724 527/237/5721
f 5964/236/5723 5963/237/5720 528/237/5722 530/236/5725
f 5964/236/5723 5961/231/5714 525/231/5717 529/236/5724
f 5961/231/5714 5964/236/5723 530/236/5725 526/231/5718
f 5973/837/5736 5974/884/5737 2015/884/5738 2009/837/5739
f 5974/884/5737 5973/837/5736 2010/837/5740 2016/884/5741
f 5974/884/5737 5975/784/5742 2011/784/5743 2015/884/5738
f 5975/784/5742 5974/884/5737 2016/884/5741 2012/784/5744
f 5975/784/5742 5976/783/5745 2013/783/5746 2011/784/5743
f 5976/783/5745 5975/784/5742 2012/784/5744 2014/783/5747
f 5976/783/5745 5973/837/5736 2009/837/5739 2013/783/5746
f 5973/837/5736 5976/783/5745 2014/783/5747 2010/837/5740
f 5981/62/5752 5982/59/5753 127/59/5754 125/62/5755
f 5982/59/5753 5981/62/5752 126/62/5756 128/59/5757
f 5982/59/5753 5983/60/5758 121/60/5759 127/59/5754
f 5983/60/5758 5982/59/5753 128/59/5757 122/60/5760
f 5983/60/5758 5984/61/5761 123/61/5762 121/60/5759
f 5984/61/5761 5983/60/5758 122/60/5760 124/61/5763
f 5984/61/5761 5981/62/5752 125/62/5755 123/61/5762
f 5981/62/5752 5984/61/5761 124/61/5763 126/62/5756
f 5985/885/5764 5986/886/5765 779/886/5766 775/885/5767
f 5986/886/5765 5985/885/5764 776/885/5768 780/886/5769
f 5986/886/5765 5987/319/5770 777/319/5771 779/886/5766
f 5987/319/5770 5986/886/5765 780/886/5769 778/319/5772
f 5987/319/5770 5988/318/5773 773/318/5774 777/319/5771
f 5988/318/5773 5987/319/5770 778/319/5772 774/318/5775
f 5988/318/5773 5985/885/5764 775/885/5767 773/318/5774
f 5985/885/5764 5988/318/5773 774/318/5775 776/885/5768
f 5989/746/5776 5990/747/5777 1513/747/5778 1507/746/5779
f 5990/747/5777 5989/746/5776 1508/746/5780 1514/747/5781
f 5990/747/5777 5991/449/5782 1509/449/5783 1513/747/5778
f 5991/449/5782 5990/747/5777 1514/747/5781 1510/449/5784
f 5991/449/5782 5992/686/5785 1511/686/5786 1509/449/5783
f 5992/686/5785 5991/449/5782 1510/449/5784 1512/686/5787
f 5992/686/5785 5989/746/5776 1507/746/5779 1511/686/5786
f 5989/746/5776 5992/686/5785 1512/686/5787 1508/746/5780
f 5993/25/5788 5994/232/5789 41/232/2470 37/25/74
f 5994/232/5789 5993/25/5788 38/25/75 42/232/2471
f 5994/232/5789 5995/216/5790 39/216/2467 41/232/2470
f 5995/216/5790 5994/232/5789 42/232/2471 40/216/2468
f 5995/216/5790 5996/23/5791 33/23/70 39/216/2467
f 5996/23/5791 5995/216/5790 40/216/2468 34/23/71
f 5996/23/5791 5993/25/5788 37/25/74 33/23/70
f 5993/25/5788 5996/23/5791 34/23/71 38/25/75
f 6001/154/5796 6002/155/5797 1625/155/5798 1623/154/5799
f 6002/155/5797 6001/154/5796 1624/154/5800 1626/155/5801
f 6002/155/5797 6003/54/5802 1619/54/5803 1625/155/5798
f 6003/54/5802 6002/155/5797 1626/155/5801 1620/54/5804
f 6003/54/5802 6004/153/5805 1621/153/5806 1619/54/5803
f 6004/153/5805 6003/54/5802 1620/54/5804 1622/153/5807
f 6004/153/5805 6001/154/5796 1623/154/5799 1621/153/5806
f 6001/154/5796 6004/153/5805 1622/153/5807 1624/154/5800
f 6017/449/5820 6018/448/5821 159/448/5822 153/449/5823
f 6018/448/5821 6017/449/5820 154/449/5824 160/448/5825
f 6018/448/5821 6019/685/5826 155/685/5827 159/448/5822
f 6019/685/5826 6018/448/5821 160/448/5825 156/685/5828
f 6019/685/5826 6020/686/5829 157/686/5830 155/685/5827
f 6020/686/5829 6019/685/5826 156/685/5828 158/686/5831
f 6020/686/5829 6017/449/5820 153/449/5823 157/686/5830
f 6017/449/5820 6020/686/5829 158/686/5831 154/449/5824
f 6033/54/5852 6034/51/5853 119/51/5854 117/54/5855
f 6034/51/5853 6033/54/5852 118/54/5856 120/51/5857
f 6034/51/5853 6035/52/5858 113/52/5859 119/51/5854
f 6035/52/5858 6034/51/5853 120/51/5857 114/52/5860
f 6035/52/5858 6036/53/5861 115/53/5862 113/52/5859
f 6036/53/5861 6035/52/5858 114/52/5860 116/53/5863
f 6036/53/5861 6033/54/5852 117/54/5855 115/53/5862
f 6033/54/5852 6036/53/5861 116/53/5863 118/54/5856
f 6037/135/5864 6038/44/5865 1681/44/5866 1675/135/5867
f 6038/44/5865 6037/135/5864 1676/135/5868 1682/44/5869
f 6038/44/5865 6039/43/5870 1677/43/5871 1681/44/5866
f 6039/43/5870 6038/44/5865 1682/44/5869 1678/43/5872
f 6039/43/5870 6040/67/5873 1679/67/5874 1677/43/5871
f 6040/67/5873 6039/43/5870 1678/43/5872 1680/67/5875
f 6040/67/5873 6037/135/5864 1675/135/5867 1679/67/5874
f 6037/135/5864 6040/67/5873 1680/67/5875 1676/135/5868
f 6041/719/5876 6042/887/5877 1091/887/5878 1085/719/5879
f 6042/887/5877 6041/719/5876 1086/719/5880 1092/887/5881
f 6042/887/5877 6043/300/5882 1087/300/5883 1091/887/5878
f 6043/300/5882 6042/887/5877 1092/887/5881 1088/300/5884
f 6043/300/5882 6044/133/5885 1089/133/5886 1087/300/5883
f 6044/133/5885 6043/300/5882 1088/300/5884 1090/133/5887
f 6044/133/5885 6041/719/5876 1085/719/5879 1089/133/5886
f 6041/719/5876 6044/133/5885 1090/133/5887 1086/719/5880
f 6057/327/5900 6058/888/5901 787/888/5902 781/327/5903
f 6058/888/5901 6057/327/5900 782/327/5904 788/888/5905
f 6058/888/5901 6059/885/5906 783/885/5907 787/888/5902
f 6059/885/5906 6058/888/5901 788/888/5905 784/885/5908
f 6059/885/5906 6060/318/5909 785/318/5910 783/885/5907
f 6060/318/5909 6059/885/5906 784/885/5908 786/318/5911
f 6060/318/5909 6057/327/5900 781/327/5903 785/318/5910
f 6057/327/5900 6060/318/5909 786/318/5911 782/327/5904
f 6064/156/5917 6065/60/5918 303/60/5919 297/156/5920
f 6065/60/5918 6064/156/5917 298/156/5921 304/60/5922
f 6065/60/5918 6066/832/5923 299/832/5924 303/60/5919
f 6066/832/5923 6065/60/5918 304/60/5922 300/832/5925
f 6066/832/5923 6067/831/5926 301/831/5927 299/832/5924
f 6067/831/5926 6066/832/5923 300/832/5925 302/831/5928
f 6067/831/5926 6064/156/5917 297/156/5920 301/831/5927
f 6064/156/5917 6067/831/5926 302/831/5928 298/156/5921
f 6068/121/5929 6069/122/5930 239/122/5931 237/121/5932
f 6069/122/5930 6068/121/5929 238/121/5933 240/122/5934
f 6069/122/5930 6070/119/5935 233/119/5936 239/122/5931
f 6070/119/5935 6069/122/5930 240/122/5934 234/119/5937
f 6070/119/5935 6071/120/5938 235/120/5939 233/119/5936
f 6071/120/5938 6070/119/5935 234/119/5937 236/120/5940
f 6071/120/5938 6068/121/5929 237/121/5932 235/120/5939
f 6068/121/5929 6071/120/5938 236/120/5940 238/121/5933
f 6078/832/5955 6079/51/5956 1593/51/5957 1587/832/5958
f 6079/51/5956 6078/832/5955 1588/832/5959 1594/51/5960
f 6079/51/5956 6080/158/5961 1589/158/5962 1593/51/5957
f 6080/158/5961 6079/51/5956 1594/51/5960 1590/158/5963
f 6080/158/5961 6081/831/5964 1591/831/5965 1589/158/5962
f 6081/831/5964 6080/158/5961 1590/158/5963 1592/831/5966
f 6081/831/5964 6078/832/5955 1587/832/5958 1591/831/5965
f 6078/832/5955 6081/831/5964 1592/831/5966 1588/832/5959
f 6118/202/6021 6119/201/6022 287/201/6023 281/202/6024
f 6119/201/6022 6118/202/6021 282/202/6025 288/201/6026
f 6119/201/6022 6120/462/6027 283/462/6028 287/201/6023
f 6120/462/6027 6119/201/6022 288/201/6026 284/462/6029
f 6120/462/6027 6121/463/6030 285/463/6031 283/462/6028
f 6121/463/6030 6120/462/6027 284/462/6029 286/463/6032
f 6121/463/6030 6118/202/6021 281/202/6024 285/463/6031
f 6118/202/6021 6121/463/6030 286/463/6032 282/202/6025
f 6122/762/6033 6123/253/6034 603/253/6035 597/762/5202
f 6123/253/6034 6122/762/6033 598/762/5203 604/253/6036
f 6123/253/6034 6124/279/6037 599/279/6038 603/253/6035
f 6124/279/6037 6123/253/6034 604/253/6036 600/279/6039
f 6124/279/6037 6125/852/6040 601/852/5205 599/279/6038
f 6125/852/6040 6124/279/6037 600/279/6039 602/852/5206
f 6125/852/6040 6122/762/6033 597/762/5202 601/852/5205
f 6122/762/6033 6125/852/6040 602/852/5206 598/762/5203
f 6151/503/6074 6152/343/6075 835/343/6076 833/503/6077
f 6152/343/6075 6151/503/6074 834/503/6078 836/343/6079
f 6152/343/6075 6153/342/6080 829/342/6081 835/343/6076
f 6153/342/6080 6152/343/6075 836/343/6079 830/342/6082
f 6153/342/6080 6154/504/6083 831/504/6084 829/342/6081
f 6154/504/6083 6153/342/6080 830/342/6082 832/504/6085
f 6154/504/6083 6151/503/6074 833/503/6077 831/504/6084
f 6151/503/6074 6154/504/6083 832/504/6085 834/503/6078
f 6194/481/6139 6195/509/6140 1417/509/6141 1411/481/6142
f 6195/509/6140 6194/481/6139 1412/481/6143 1418/509/6144
f 6195/509/6140 6196/57/6145 1413/57/6146 1417/509/6141
f 6196/57/6145 6195/509/6140 1418/509/6144 1414/57/6147
f 6196/57/6145 6197/56/6148 1415/56/6149 1413/57/6146
f 6197/56/6148 6196/57/6145 1414/57/6147 1416/56/6150
f 6197/56/6148 6194/481/6139 1411/481/6142 1415/56/6149
f 6194/481/6139 6197/56/6148 1416/56/6150 1412/481/6143
f 6198/413/6151 6199/900/6152 999/900/6153 993/413/6154
f 6199/900/6152 6198/413/6151 994/413/6155 1000/900/6156
f 6199/900/6152 6200/635/6157 995/635/6158 999/900/6153
f 6200/635/6157 6199/900/6152 1000/900/6156 996/635/6159
f 6200/635/6157 6201/602/6160 997/602/6161 995/635/6158
f 6201/602/6160 6200/635/6157 996/635/6159 998/602/6162
f 6201/602/6160 6198/413/6151 993/413/6154 997/602/6161
f 6198/413/6151 6201/602/6160 998/602/6162 994/413/6155
f 6210/509/6170 6211/481/6171 7/481/6172 1/509/6173
f 6211/481/6171 6210/509/6170 2/509/6174 8/481/6175
f 6211/481/6171 6212/91/6176 3/91/6177 7/481/6172
f 6212/91/6176 6211/481/6171 8/481/6175 4/91/6178
f 6212/91/6176 6213/450/6179 5/450/6180 3/91/6177
f 6213/450/6179 6212/91/6176 4/91/6178 6/450/6181
f 6213/450/6179 6210/509/6170 1/509/6173 5/450/6180
f 6210/509/6170 6213/450/6179 6/450/6181 2/509/6174
f 6214/520/6182 6215/517/6183 1747/517/6184 1745/520/6185
f 6215/517/6183 6214/520/6182 1746/520/6186 1748/517/6187
f 6215/517/6183 6216/901/6188 1741/901/6189 1747/517/6184
f 6216/901/6188 6215/517/6183 1748/517/6187 1742/901/6190
f 6216/901/6188 6217/874/6191 1743/874/6192 1741/901/6189
f 6217/874/6191 6216/901/6188 1742/901/6190 1744/874/6193
f 6217/874/6191 6214/520/6182 1745/520/6185 1743/874/6192
f 6214/520/6182 6217/874/6191 1744/874/6193 1746/520/6186
f 6229/902/6207 6230/29/6208 733/29/6209 729/902/6210
f 6230/29/6208 6229/902/6207 730/902/6211 734/29/6212
f 6230/29/6208 6231/28/6213 731/28/6214 733/29/6209
f 6231/28/6213 6230/29/6208 734/29/6212 732/28/6215
f 6231/28/6213 6232/309/6216 723/309/6217 731/28/6214
f 6232/309/6216 6231/28/6213 732/28/6215 724/309/6218
f 6232/309/6216 6229/902/6207 729/902/6210 723/309/6217
f 6229/902/6207 6232/309/6216 724/309/6218 730/902/6211
f 6240/670/6230 6241/563/6231 1909/563/6232 1903/670/6233
f 6241/563/6231 6240/670/6230 1904/670/6234 1910/563/6235
f 6241/563/6231 6242/699/6236 1905/699/6237 1909/563/6232
f 6242/699/6236 6241/563/6231 1910/563/6235 1906/699/6238
f 6242/699/6236 6243/903/6239 1907/903/6240 1905/699/6237
f 6243/903/6239 6242/699/6236 1906/699/6238 1908/903/6241
f 6243/903/6239 6240/670/6230 1903/670/6233 1907/903/6240
f 6240/670/6230 6243/903/6239 1908/903/6241 1904/670/6234
f 6244/837/6242 6245/783/6243 2213/783/6244 2209/837/6245
f 6245/783/6243 6244/837/6242 2210/837/6246 2214/783/6247
f 6245/783/6243 6246/904/6248 2211/904/6249 2213/783/6244
f 6246/904/6248 6245/783/6243 2214/783/6247 2212/904/6250
f 6246/904/6248 6247/838/6251 2205/838/6252 2211/904/6249
f 6247/838/6251 6246/904/6248 2212/904/6250 2206/838/6253
f 6247/838/6251 6244/837/6242 2209/837/6245 2205/838/6252
f 6244/837/6242 6247/838/6251 2206/838/6253 2210/837/6246
f 6265/143/6285 6266/288/6286 151/288/6287 149/143/6288
f 6266/288/6286 6265/143/6285 150/143/6289 152/288/6290
f 6266/288/6286 6267/291/6291 145/291/6292 151/288/6287
f 6267/291/6291 6266/288/6286 152/288/6290 146/291/6293
f 6267/291/6291 6268/144/6294 147/144/6295 145/291/6292
f 6268/144/6294 6267/291/6291 146/291/6293 148/144/6296
f 6268/144/6294 6265/143/6285 149/143/6288 147/144/6295
f 6265/143/6285 6268/144/6294 148/144/6296 150/143/6289
f 6309/195/6349 6310/691/6350 71/691/6351 65/195/6352
f 6310/691/6350 6309/195/6349 66/195/6353 72/691/6354
f 6310/691/6350 6311/690/6355 67/690/6356 71/691/6351
f 6311/690/6355 6310/691/6350 72/691/6354 68/690/6357
f 6311/690/6355 6312/196/6358 69/196/6359 67/690/6356
f 6312/196/6358 6311/690/6355 68/690/6357 70/196/6360
f 6312/196/6358 6309/195/6349 65/195/6352 69/196/6359
f 6309/195/6349 6312/196/6358 70/196/6360 66/195/6353
f 6317/815/6367 6318/663/6368 2287/663/6369 2285/815/6370
f 6318/663/6368 6317/815/6367 2286/815/6371 2288/663/6372
f 6318/663/6368 6319/662/6373 2281/662/6374 2287/663/6369
f 6319/662/6373 6318/663/6368 2288/663/6372 2282/662/6375
f 6319/662/6373 6320/802/6376 2283/802/6377 2281/662/6374
f 6320/802/6376 6319/662/6373 2282/662/6375 2284/802/6378
f 6320/802/6376 6317/815/6367 2285/815/6370 2283/802/6377
f 6317/815/6367 6320/802/6376 2284/802/6378 2286/815/6371
usemtl Meshpart2Mtl.002
f 3537/1/1 3538/2/2 2717/2/3 2703/1/4
f 3538/2/2 3537/1/1 2704/1/5 2718/2/6
f 3538/2/2 3539/3/7 2713/3/8 2717/2/3
f 3539/3/7 3538/2/2 2718/2/6 2714/3/9
f 3539/3/7 3540/4/10 2707/4/11 2713/3/8
f 3540/4/10 3539/3/7 2714/3/9 2708/4/12
f 3540/4/10 3537/1/1 2703/1/4 2707/4/11
f 3537/1/1 3540/4/10 2708/4/12 2704/1/5
f 3548/12/34 3549/13/35 2409/13/36 2405/12/37
f 3549/13/35 3548/12/34 2406/12/38 2410/13/39
f 3549/13/35 3550/14/40 2401/14/41 2409/13/36
f 3550/14/40 3549/13/35 2410/13/39 2402/14/42
f 3550/14/40 3551/15/43 2395/15/44 2401/14/41
f 3551/15/43 3550/14/40 2402/14/42 2396/15/45
f 3551/15/43 3548/12/34 2405/12/37 2395/15/44
f 3548/12/34 3551/15/43 2396/15/45 2406/12/38
f 3552/16/46 3553/17/47 2439/17/48 2403/16/49
f 3553/17/47 3552/16/46 2404/16/50 2440/17/51
f 3553/17/47 3554/18/52 2437/18/53 2439/17/48
f 3554/18/52 3553/17/47 2440/17/51 2438/18/54
f 3554/18/52 3555/19/55 2397/19/56 2437/18/53
f 3555/19/55 3554/18/52 2438/18/54 2398/19/57
f 3555/19/55 3552/16/46 2403/16/49 2397/19/56
f 3552/16/46 3555/19/55 2398/19/57 2404/16/50
f 3585/47/145 3586/48/146 2553/48/147 2551/47/148
f 3586/48/146 3585/47/145 2552/47/149 2554/48/150
f 3586/48/146 3587/49/151 2557/49/152 2553/48/147
f 3587/49/151 3586/48/146 2554/48/150 2558/49/153
f 3587/49/151 3588/50/154 2555/50/155 2557/49/152
f 3588/50/154 3587/49/151 2558/49/153 2556/50/156
f 3588/50/154 3585/47/145 2551/47/148 2555/50/155
f 3585/47/145 3588/50/154 2556/50/156 2552/47/149
f 3621/82/253 3622/83/254 2775/83/255 2771/82/256
f 3622/83/254 3621/82/253 2772/82/257 2776/83/258
f 3622/83/254 3623/84/259 2781/84/260 2775/83/255
f 3623/84/259 3622/83/254 2776/83/258 2782/84/261
f 3623/84/259 3624/85/262 2773/85/263 2781/84/260
f 3624/85/262 3623/84/259 2782/84/261 2774/85/264
f 3624/85/262 3621/82/253 2771/82/256 2773/85/263
f 3621/82/253 3624/85/262 2774/85/264 2772/82/257
f 3625/86/265 3626/87/266 2321/87/267 2315/86/268
f 3626/87/266 3625/86/265 2316/86/269 2322/87/270
f 3626/87/266 3627/88/271 2317/88/272 2321/87/267
f 3627/88/271 3626/87/266 2322/87/270 2318/88/273
f 3627/88/271 3628/89/274 2313/89/275 2317/88/272
f 3628/89/274 3627/88/271 2318/88/273 2314/89/276
f 3628/89/274 3625/86/265 2315/86/268 2313/89/275
f 3625/86/265 3628/89/274 2314/89/276 2316/86/269
f 3701/149/471 3702/150/472 2595/150/473 2521/149/474
f 3702/150/472 3701/149/471 2522/149/475 2596/150/476
f 3702/150/472 3703/151/477 2511/151/478 2595/150/473
f 3703/151/477 3702/150/472 2596/150/476 2512/151/479
f 3703/151/477 3704/152/480 2519/152/481 2511/151/478
f 3704/152/480 3703/151/477 2512/151/479 2520/152/482
f 3704/152/480 3701/149/471 2521/149/474 2519/152/481
f 3701/149/471 3704/152/480 2520/152/482 2522/149/475
f 3741/176/587 3742/177/588 2471/177/589 2465/176/590
f 3742/177/588 3741/176/587 2466/176/591 2472/177/592
f 3742/177/588 3743/178/593 2463/178/594 2471/177/589
f 3743/178/593 3742/177/588 2472/177/592 2464/178/595
f 3743/178/593 3744/179/596 2457/179/597 2463/178/594
f 3744/179/596 3743/178/593 2464/178/595 2458/179/598
f 3744/179/596 3741/176/587 2465/176/590 2457/179/597
f 3741/176/587 3744/179/596 2458/179/598 2466/176/591
f 3745/180/599 3746/181/600 2505/181/601 2503/180/602
f 3746/181/600 3745/180/599 2504/180/603 2506/181/604
f 3746/181/600 3747/182/605 2587/182/606 2505/181/601
f 3747/182/605 3746/181/600 2506/181/604 2588/182/607
f 3747/182/605 3748/183/608 2583/183/609 2587/182/606
f 3748/183/608 3747/182/605 2588/182/607 2584/183/610
f 3748/183/608 3745/180/599 2503/180/602 2583/183/609
f 3745/180/599 3748/183/608 2584/183/610 2504/180/603
f 3763/197/653 3764/198/654 2609/198/655 2605/197/656
f 3764/198/654 3763/197/653 2606/197/657 2610/198/658
f 3764/198/654 3765/199/659 2619/199/660 2609/198/655
f 3765/199/659 3764/198/654 2610/198/658 2620/199/661
f 3765/199/659 3766/200/662 2621/200/663 2619/199/660
f 3766/200/662 3765/199/659 2620/199/661 2622/200/664
f 3766/200/662 3763/197/653 2605/197/656 2621/200/663
f 3763/197/653 3766/200/662 2622/200/664 2606/197/657
f 3803/222/765 3804/223/766 2455/223/767 2453/222/768
f 3804/223/766 3803/222/765 2454/222/769 2456/223/770
f 3804/223/766 3805/224/771 2449/224/772 2455/223/767
f 3805/224/771 3804/223/766 2456/223/770 2450/224/773
f 3805/224/771 3806/225/774 2447/225/775 2449/224/772
f 3806/225/774 3805/224/771 2450/224/773 2448/225/776
f 3806/225/774 3803/222/765 2453/222/768 2447/225/775
f 3803/222/765 3806/225/774 2448/225/776 2454/222/769
f 3807/226/777 3808/227/778 2679/227/779 2661/226/780
f 3808/227/778 3807/226/777 2662/226/781 2680/227/782
f 3808/227/778 3809/228/783 2677/228/784 2679/227/779
f 3809/228/783 3808/227/778 2680/227/782 2678/228/785
f 3809/228/783 3810/229/786 2675/229/787 2677/228/784
f 3810/229/786 3809/228/783 2678/228/785 2676/229/788
f 3810/229/786 3807/226/777 2661/226/780 2675/229/787
f 3807/226/777 3810/229/786 2676/229/788 2662/226/781
f 3893/280/1021 3894/197/1022 2605/197/656 2613/280/1023
f 3894/197/1022 3893/280/1021 2614/280/1024 2606/197/657
f 3894/197/1022 3895/200/1025 2621/200/663 2605/197/656
f 3895/200/1025 3894/197/1022 2606/197/657 2622/200/664
f 3895/200/1025 3896/281/1026 2623/281/1027 2621/200/663
f 3896/281/1026 3895/200/1025 2622/200/664 2624/281/1028
f 3896/281/1026 3893/280/1021 2613/280/1023 2623/281/1027
f 3893/280/1021 3896/281/1026 2624/281/1028 2614/280/1024
f 3921/296/1093 3922/297/1094 2421/297/1095 2419/296/1096
f 3922/297/1094 3921/296/1093 2420/296/1097 2422/297/1098
f 3922/297/1094 3923/298/1099 2417/298/1100 2421/297/1095
f 3923/298/1099 3922/297/1094 2422/297/1098 2418/298/1101
f 3923/298/1099 3924/299/1102 2415/299/1103 2417/298/1100
f 3924/299/1102 3923/298/1099 2418/298/1101 2416/299/1104
f 3924/299/1102 3921/296/1093 2419/296/1096 2415/299/1103
f 3921/296/1093 3924/299/1102 2416/299/1104 2420/296/1097
f 3929/302/1117 3930/47/1118 2729/47/1119 2725/302/1120
f 3930/47/1118 3929/302/1117 2726/302/1121 2730/47/1122
f 3930/47/1118 3931/303/1123 2723/303/1124 2729/47/1119
f 3931/303/1123 3930/47/1118 2730/47/1122 2724/303/1125
f 3931/303/1123 3932/304/1126 2719/304/1127 2723/303/1124
f 3932/304/1126 3931/303/1123 2724/303/1125 2720/304/1128
f 3932/304/1126 3929/302/1117 2725/302/1120 2719/304/1127
f 3929/302/1117 3932/304/1126 2720/304/1128 2726/302/1121
f 3967/152/1231 3968/329/1232 2811/329/1233 2705/152/1234
f 3968/329/1232 3967/152/1231 2706/152/1235 2812/329/1236
f 3968/329/1232 3969/330/1237 2701/330/1238 2811/329/1233
f 3969/330/1237 3968/329/1232 2812/329/1236 2702/330/1239
f 3969/330/1237 3970/1/1240 2703/1/4 2701/330/1238
f 3970/1/1240 3969/330/1237 2702/330/1239 2704/1/5
f 3970/1/1240 3967/152/1231 2705/152/1234 2703/1/4
f 3967/152/1231 3970/1/1240 2704/1/5 2706/152/1235
f 4019/360/1381 4020/361/1382 2617/361/1383 2645/360/1384
f 4020/361/1382 4019/360/1381 2646/360/1385 2618/361/1386
f 4020/361/1382 4021/362/1387 2611/362/1388 2617/361/1383
f 4021/362/1387 4020/361/1382 2618/361/1386 2612/362/1389
f 4021/362/1387 4022/363/1390 2641/363/1391 2611/362/1388
f 4022/363/1390 4021/362/1387 2612/362/1389 2642/363/1392
f 4022/363/1390 4019/360/1381 2645/360/1384 2641/363/1391
f 4019/360/1381 4022/363/1390 2642/363/1392 2646/360/1385
f 4057/50/1495 4058/390/1496 2497/390/1497 2555/50/155
f 4058/390/1496 4057/50/1495 2556/50/156 2498/390/1498
f 4058/390/1496 4059/303/1499 2531/303/1500 2497/390/1497
f 4059/303/1499 4058/390/1496 2498/390/1498 2532/303/1501
f 4059/303/1499 4060/47/1502 2551/47/148 2531/303/1500
f 4060/47/1502 4059/303/1499 2532/303/1501 2552/47/149
f 4060/47/1502 4057/50/1495 2555/50/155 2551/47/148
f 4057/50/1495 4060/47/1502 2552/47/149 2556/50/156
f 4061/84/1503 4062/85/1504 2571/85/1505 2561/84/1506
f 4062/85/1504 4061/84/1503 2562/84/1507 2572/85/1508
f 4062/85/1504 4063/82/1509 2569/82/1510 2571/85/1505
f 4063/82/1509 4062/85/1504 2572/85/1508 2570/82/1511
f 4063/82/1509 4064/83/1512 2559/83/1513 2569/82/1510
f 4064/83/1512 4063/82/1509 2570/82/1511 2560/83/1514
f 4064/83/1512 4061/84/1503 2561/84/1506 2559/83/1513
f 4061/84/1503 4064/83/1512 2560/83/1514 2562/84/1507
f 4065/302/1515 4066/47/1516 2551/47/148 2539/302/1517
f 4066/47/1516 4065/302/1515 2540/302/1518 2552/47/149
f 4066/47/1516 4067/303/1519 2531/303/1500 2551/47/148
f 4067/303/1519 4066/47/1516 2552/47/149 2532/303/1501
f 4067/303/1519 4068/304/1520 2535/304/1521 2531/303/1500
f 4068/304/1520 4067/303/1519 2532/303/1501 2536/304/1522
f 4068/304/1520 4065/302/1515 2539/302/1517 2535/304/1521
f 4065/302/1515 4068/304/1520 2536/304/1522 2540/302/1518
f 4069/224/1523 4070/223/1524 2455/223/767 2449/224/772
f 4070/223/1524 4069/224/1523 2450/224/773 2456/223/770
f 4070/223/1524 4071/391/1525 2451/391/1526 2455/223/767
f 4071/391/1525 4070/223/1524 2456/223/770 2452/391/1527
f 4071/391/1525 4072/392/1528 2445/392/1529 2451/391/1526
f 4072/392/1528 4071/391/1525 2452/391/1527 2446/392/1530
f 4072/392/1528 4069/224/1523 2449/224/772 2445/392/1529
f 4069/224/1523 4072/392/1528 2446/392/1530 2450/224/773
f 4116/416/1660 4117/417/1661 2513/417/1662 2507/416/1663
f 4117/417/1661 4116/416/1660 2508/416/1664 2514/417/1665
f 4117/417/1661 4118/151/1666 2511/151/478 2513/417/1662
f 4118/151/1666 4117/417/1661 2514/417/1665 2512/151/479
f 4118/151/1666 4119/418/1667 2509/418/1668 2511/151/478
f 4119/418/1667 4118/151/1666 2512/151/479 2510/418/1669
f 4119/418/1667 4116/416/1660 2507/416/1663 2509/418/1668
f 4116/416/1660 4119/418/1667 2510/418/1669 2508/416/1664
f 4140/425/1722 4141/426/1723 2469/426/1724 2467/425/1725
f 4141/426/1723 4140/425/1722 2468/425/1726 2470/426/1727
f 4141/426/1723 4142/176/1728 2465/176/590 2469/426/1724
f 4142/176/1728 4141/426/1723 2470/426/1727 2466/176/591
f 4142/176/1728 4143/427/1729 2459/427/1730 2465/176/590
f 4143/427/1729 4142/176/1728 2466/176/591 2460/427/1731
f 4143/427/1729 4140/425/1722 2467/425/1725 2459/427/1730
f 4140/425/1722 4143/427/1729 2460/427/1731 2468/425/1726
f 4173/439/1819 4174/440/1820 2563/440/1821 2565/439/1822
f 4174/440/1820 4173/439/1819 2566/439/1823 2564/440/1824
f 4174/440/1820 4175/441/1825 2549/441/1826 2563/440/1821
f 4175/441/1825 4174/440/1820 2564/440/1824 2550/441/1827
f 4175/441/1825 4176/442/1828 2545/442/1829 2549/441/1826
f 4176/442/1828 4175/441/1825 2550/441/1827 2546/442/1830
f 4176/442/1828 4173/439/1819 2565/439/1822 2545/442/1829
f 4173/439/1819 4176/442/1828 2546/442/1830 2566/439/1823
f 4188/444/1864 4189/445/1865 2329/445/1866 2327/444/1867
f 4189/445/1865 4188/444/1864 2328/444/1868 2330/445/1869
f 4189/445/1865 4190/446/1870 2325/446/1871 2329/445/1866
f 4190/446/1870 4189/445/1865 2330/445/1869 2326/446/1872
f 4190/446/1870 4191/447/1873 2307/447/1874 2325/446/1871
f 4191/447/1873 4190/446/1870 2326/446/1872 2308/447/1875
f 4191/447/1873 4188/444/1864 2327/444/1867 2307/447/1874
f 4188/444/1864 4191/447/1873 2308/447/1875 2328/444/1868
f 4204/176/1912 4205/177/1913 2895/177/1914 2893/176/1915
f 4205/177/1913 4204/176/1912 2894/176/1916 2896/177/1917
f 4205/177/1913 4206/178/1918 2887/178/1919 2895/177/1914
f 4206/178/1918 4205/177/1913 2896/177/1917 2888/178/1920
f 4206/178/1918 4207/179/1921 2889/179/1922 2887/178/1919
f 4207/179/1921 4206/178/1918 2888/178/1920 2890/179/1923
f 4207/179/1921 4204/176/1912 2893/176/1915 2889/179/1922
f 4204/176/1912 4207/179/1921 2890/179/1923 2894/176/1916
f 4208/178/1924 4209/177/1925 2895/177/1914 2887/178/1919
f 4209/177/1925 4208/178/1924 2888/178/1920 2896/177/1917
f 4209/177/1925 4210/451/1926 2891/451/1927 2895/177/1914
f 4210/451/1926 4209/177/1925 2896/177/1917 2892/451/1928
f 4210/451/1926 4211/452/1929 2883/452/1930 2891/451/1927
f 4211/452/1929 4210/451/1926 2892/451/1928 2884/452/1931
f 4211/452/1929 4208/178/1924 2887/178/1919 2883/452/1930
f 4208/178/1924 4211/452/1929 2884/452/1931 2888/178/1920
f 4216/151/1944 4217/150/1945 2813/150/1946 2805/151/1947
f 4217/150/1945 4216/151/1944 2806/151/1948 2814/150/1949
f 4217/150/1945 4218/453/1950 2803/453/1951 2813/150/1946
f 4218/453/1950 4217/150/1945 2814/150/1949 2804/453/1952
f 4218/453/1950 4219/418/1953 2797/418/1954 2803/453/1951
f 4219/418/1953 4218/453/1950 2804/453/1952 2798/418/1955
f 4219/418/1953 4216/151/1944 2805/151/1947 2797/418/1954
f 4216/151/1944 4219/418/1953 2798/418/1955 2806/151/1948
f 4224/456/1968 4225/457/1969 2485/457/1970 2473/456/1971
f 4225/457/1969 4224/456/1968 2474/456/1972 2486/457/1973
f 4225/457/1969 4226/177/1974 2471/177/589 2485/457/1970
f 4226/177/1974 4225/457/1969 2486/457/1973 2472/177/592
f 4226/177/1974 4227/176/1975 2465/176/590 2471/177/589
f 4227/176/1975 4226/177/1974 2472/177/592 2466/176/591
f 4227/176/1975 4228/426/1976 2469/426/1724 2465/176/590
f 4228/426/1976 4227/176/1975 2466/176/591 2470/426/1727
f 4228/426/1976 4224/456/1968 2473/456/1971 2469/426/1724
f 4224/456/1968 4228/426/1976 2470/426/1727 2474/456/1972
f 4237/12/2001 4238/296/2002 2419/296/1096 2405/12/37
f 4238/296/2002 4237/12/2001 2406/12/38 2420/296/1097
f 4238/296/2002 4239/299/2003 2415/299/1103 2419/296/1096
f 4239/299/2003 4238/296/2002 2420/296/1097 2416/299/1104
f 4239/299/2003 4240/13/2004 2409/13/36 2415/299/1103
f 4240/13/2004 4239/299/2003 2416/299/1104 2410/13/39
f 4240/13/2004 4237/12/2001 2405/12/37 2409/13/36
f 4237/12/2001 4240/13/2004 2410/13/39 2406/12/38
f 4268/19/2068 4269/18/2069 2437/18/53 2397/19/56
f 4269/18/2069 4268/19/2068 2398/19/57 2438/18/54
f 4269/18/2069 4270/471/2070 2399/471/2071 2437/18/53
f 4270/471/2070 4269/18/2069 2438/18/54 2400/471/1947
f 4270/471/2070 4271/472/2072 2393/472/2073 2399/471/2071
f 4271/472/2072 4270/471/2070 2400/471/1947 2394/472/2074
f 4271/472/2072 4268/19/2068 2397/19/56 2393/472/2073
f 4268/19/2068 4271/472/2072 2394/472/2074 2398/19/57
f 4282/471/2105 4283/18/2106 2437/18/53 2399/471/2071
f 4283/18/2106 4282/471/2105 2400/471/1947 2438/18/54
f 4283/18/2106 4284/477/2107 2429/477/2108 2437/18/53
f 4284/477/2107 4283/18/2106 2438/18/54 2430/477/2109
f 4284/477/2107 4285/478/2110 2423/478/2111 2429/477/2108
f 4285/478/2110 4284/477/2107 2430/477/2109 2424/478/2112
f 4285/478/2110 4282/471/2105 2399/471/2071 2423/478/2111
f 4282/471/2105 4285/478/2110 2424/478/2112 2400/471/1947
f 4286/471/2113 4287/472/2114 2845/472/2115 2843/471/2116
f 4287/472/2114 4286/471/2113 2844/471/2117 2846/472/2118
f 4287/472/2114 4288/19/2119 2839/19/2120 2845/472/2115
f 4288/19/2119 4287/472/2114 2846/472/2118 2840/19/2121
f 4288/19/2119 4289/18/2122 2837/18/2123 2839/19/2120
f 4289/18/2122 4288/19/2119 2840/19/2121 2838/18/2124
f 4289/18/2122 4286/471/2113 2843/471/2116 2837/18/2123
f 4286/471/2113 4289/18/2122 2838/18/2124 2844/471/2117
f 4309/179/2178 4310/178/2179 2887/178/1919 2889/179/1922
f 4310/178/2179 4309/179/2178 2890/179/1923 2888/178/1920
f 4310/178/2179 4311/223/2180 2881/223/2181 2887/178/1919
f 4311/223/2180 4310/178/2179 2888/178/1920 2882/223/2182
f 4311/223/2180 4312/222/2183 2827/222/2184 2881/223/2181
f 4312/222/2183 4311/223/2180 2882/223/2182 2828/222/2185
f 4312/222/2183 4309/179/2178 2889/179/1922 2827/222/2184
f 4309/179/2178 4312/222/2183 2828/222/2185 2890/179/1923
f 4376/149/2347 4377/4/2348 2707/4/11 2815/149/2349
f 4377/4/2348 4376/149/2347 2816/149/2350 2708/4/12
f 4377/4/2348 4378/494/2351 2715/494/2352 2707/4/11
f 4378/494/2351 4377/4/2348 2708/4/12 2716/494/2353
f 4378/494/2351 4379/495/2354 2741/495/2355 2715/494/2352
f 4379/495/2354 4378/494/2351 2716/494/2353 2742/495/2356
f 4379/495/2354 4376/149/2347 2815/149/2349 2741/495/2355
f 4376/149/2347 4379/495/2354 2742/495/2356 2816/149/2350
f 4397/83/2400 4398/49/2401 2737/49/2402 2775/83/255
f 4398/49/2401 4397/83/2400 2776/83/258 2738/49/2403
f 4398/49/2401 4399/48/2404 2783/48/2405 2737/49/2402
f 4399/48/2404 4398/49/2401 2738/49/2403 2784/48/2406
f 4399/48/2404 4400/84/2407 2781/84/260 2783/48/2405
f 4400/84/2407 4399/48/2404 2784/48/2406 2782/84/261
f 4400/84/2407 4397/83/2400 2775/83/255 2781/84/260
f 4397/83/2400 4400/84/2407 2782/84/261 2776/83/258
f 4413/498/2440 4414/499/2441 2347/499/2442 2341/498/2443
f 4414/499/2441 4413/498/2440 2342/498/2444 2348/499/2445
f 4414/499/2441 4415/500/2446 2339/500/2447 2347/499/2442
f 4415/500/2446 4414/499/2441 2348/499/2445 2340/500/2448
f 4415/500/2446 4416/501/2449 2333/501/2450 2339/500/2447
f 4416/501/2449 4415/500/2446 2340/500/2448 2334/501/2451
f 4416/501/2449 4413/498/2440 2341/498/2443 2333/501/2450
f 4413/498/2440 4416/501/2449 2334/501/2451 2342/498/2444
f 4571/566/2860 4572/567/2861 2633/567/2862 2625/566/2863
f 4572/567/2861 4571/566/2860 2626/566/2864 2634/567/2865
f 4572/567/2861 4573/446/2866 2629/446/2867 2633/567/2862
f 4573/446/2866 4572/567/2861 2634/567/2865 2630/446/2868
f 4573/446/2866 4574/568/2869 2627/568/2870 2629/446/2867
f 4574/568/2869 4573/446/2866 2630/446/2868 2628/568/2871
f 4574/568/2869 4571/566/2860 2625/566/2863 2627/568/2870
f 4571/566/2860 4574/568/2869 2628/568/2871 2626/566/2864
f 4575/152/2872 4576/1/2873 2525/1/2874 2519/152/481
f 4576/1/2873 4575/152/2872 2520/152/482 2526/1/2875
f 4576/1/2873 4577/4/2876 2493/4/2877 2525/1/2874
f 4577/4/2876 4576/1/2873 2526/1/2875 2494/4/2878
f 4577/4/2876 4578/149/2879 2521/149/474 2493/4/2877
f 4578/149/2879 4577/4/2876 2494/4/2878 2522/149/475
f 4578/149/2879 4575/152/2872 2519/152/481 2521/149/474
f 4575/152/2872 4578/149/2879 2522/149/475 2520/152/482
f 4612/329/2959 4613/152/2960 2705/152/1234 2811/329/1233
f 4613/152/2960 4612/329/2959 2812/329/1236 2706/152/1235
f 4613/152/2960 4614/151/2961 2805/151/1947 2705/152/1234
f 4614/151/2961 4613/152/2960 2706/152/1235 2806/151/1948
f 4614/151/2961 4615/417/2962 2809/417/2963 2805/151/1947
f 4615/417/2962 4614/151/2961 2806/151/1948 2810/417/2964
f 4615/417/2962 4612/329/2959 2811/329/1233 2809/417/2963
f 4612/329/2959 4615/417/2962 2810/417/2964 2812/329/1236
f 4623/330/2982 4624/1/2983 2525/1/2874 2523/330/2984
f 4624/1/2983 4623/330/2982 2524/330/2985 2526/1/2875
f 4624/1/2983 4625/152/2986 2519/152/481 2525/1/2874
f 4625/152/2986 4624/1/2983 2526/1/2875 2520/152/482
f 4625/152/2986 4626/329/2987 2515/329/2988 2519/152/481
f 4626/329/2987 4625/152/2986 2520/152/482 2516/329/2989
f 4626/329/2987 4623/330/2982 2523/330/2984 2515/329/2988
f 4623/330/2982 4626/329/2987 2516/329/2989 2524/330/2985
f 4636/17/3017 4637/590/3018 2443/590/3019 2439/17/48
f 4637/590/3018 4636/17/3017 2440/17/51 2444/590/3020
f 4637/590/3018 4638/591/3021 2433/591/3022 2443/590/3019
f 4638/591/3021 4637/590/3018 2444/590/3020 2434/591/3023
f 4638/591/3021 4639/592/3024 2435/592/3025 2433/591/3022
f 4639/592/3024 4638/591/3021 2434/591/3023 2436/592/3026
f 4639/592/3024 4636/17/3017 2439/17/48 2435/592/3025
f 4636/17/3017 4639/592/3024 2436/592/3026 2440/17/51
f 4640/593/3027 4641/82/3028 2771/82/256 2769/593/3029
f 4641/82/3028 4640/593/3027 2770/593/3030 2772/82/257
f 4641/82/3028 4642/85/3031 2773/85/263 2771/82/256
f 4642/85/3031 4641/82/3028 2772/82/257 2774/85/264
f 4642/85/3031 4643/594/3032 2763/594/3033 2773/85/263
f 4643/594/3032 4642/85/3031 2774/85/264 2764/594/3034
f 4643/594/3032 4640/593/3027 2769/593/3029 2763/594/3033
f 4640/593/3027 4643/594/3032 2764/594/3034 2770/593/3030
f 4722/640/3241 4723/362/3242 2611/362/1388 2601/640/3243
f 4723/362/3242 4722/640/3241 2602/640/3244 2612/362/1389
f 4723/362/3242 4724/361/3245 2617/361/1383 2611/362/1388
f 4724/361/3245 4723/362/3242 2612/362/1389 2618/361/1386
f 4724/361/3245 4725/641/3246 2615/641/3247 2617/361/1383
f 4725/641/3246 4724/361/3245 2618/361/1386 2616/641/3248
f 4725/641/3246 4722/640/3241 2601/640/3243 2615/641/3247
f 4722/640/3241 4725/641/3246 2616/641/3248 2602/640/3244
f 4741/477/3286 4742/478/3287 2863/478/3288 2851/477/3289
f 4742/478/3287 4741/477/3286 2852/477/3290 2864/478/3291
f 4742/478/3287 4743/471/3292 2843/471/2116 2863/478/3288
f 4743/471/3292 4742/478/3287 2864/478/3291 2844/471/2117
f 4743/471/3292 4744/18/3293 2837/18/2123 2843/471/2116
f 4744/18/3293 4743/471/3292 2844/471/2117 2838/18/2124
f 4744/18/3293 4741/477/3286 2851/477/3289 2837/18/2123
f 4741/477/3286 4744/18/3293 2838/18/2124 2852/477/3290
f 4788/500/3401 4789/499/3402 2347/499/2442 2339/500/2447
f 4789/499/3402 4788/500/3401 2340/500/2448 2348/499/2445
f 4789/499/3402 4790/660/3403 2311/660/3404 2347/499/2442
f 4790/660/3403 4789/499/3402 2348/499/2445 2312/660/3405
f 4790/660/3403 4791/661/3406 2343/661/3407 2311/660/3404
f 4791/661/3406 4790/660/3403 2312/660/3405 2344/661/3408
f 4791/661/3406 4788/500/3401 2339/500/2447 2343/661/3407
f 4788/500/3401 4791/661/3406 2344/661/3408 2340/500/2448
f 4800/665/3433 4801/640/3434 2355/640/3435 2345/665/3436
f 4801/640/3434 4800/665/3433 2346/665/3437 2356/640/3438
f 4801/640/3434 4802/666/3439 2335/666/3440 2355/640/3435
f 4802/666/3439 4801/640/3434 2356/640/3438 2336/666/3441
f 4802/666/3439 4803/667/3442 2337/667/3443 2335/666/3440
f 4803/667/3442 4802/666/3439 2336/666/3441 2338/667/3444
f 4803/667/3442 4800/665/3433 2345/665/3436 2337/667/3443
f 4800/665/3433 4803/667/3442 2338/667/3444 2346/665/3437
f 4804/668/3445 4805/590/3446 2443/590/3019 2385/668/3447
f 4805/590/3446 4804/668/3445 2386/668/3448 2444/590/3020
f 4805/590/3446 4806/17/3449 2439/17/48 2443/590/3019
f 4806/17/3449 4805/590/3446 2444/590/3020 2440/17/51
f 4806/17/3449 4807/16/3450 2403/16/49 2439/17/48
f 4807/16/3450 4806/17/3449 2440/17/51 2404/16/50
f 4807/16/3450 4804/668/3445 2385/668/3447 2403/16/49
f 4804/668/3445 4807/16/3450 2404/16/50 2386/668/3448
f 4808/669/3451 4809/198/3452 2359/198/3453 2351/669/3454
f 4809/198/3452 4808/669/3451 2352/669/3455 2360/198/3456
f 4809/198/3452 4810/640/3457 2355/640/3435 2359/198/3453
f 4810/640/3457 4809/198/3452 2360/198/3456 2356/640/3438
f 4810/640/3457 4811/665/3458 2345/665/3436 2355/640/3435
f 4811/665/3458 4810/640/3457 2356/640/3438 2346/665/3437
f 4811/665/3458 4808/669/3451 2351/669/3454 2345/665/3436
f 4808/669/3451 4811/665/3458 2346/665/3437 2352/669/3455
f 4820/669/3480 4821/675/3481 2363/675/3482 2351/669/3454
f 4821/675/3481 4820/669/3480 2352/669/3455 2364/675/3483
f 4821/675/3481 4822/197/3484 2365/197/3485 2363/675/3482
f 4822/197/3484 4821/675/3481 2364/675/3483 2366/197/3486
f 4822/197/3484 4823/198/3487 2359/198/3453 2365/197/3485
f 4823/198/3487 4822/197/3484 2366/197/3486 2360/198/3456
f 4823/198/3487 4820/669/3480 2351/669/3454 2359/198/3453
f 4820/669/3480 4823/198/3487 2360/198/3456 2352/669/3455
f 4824/499/3488 4825/676/3489 2305/676/3490 2347/499/2442
f 4825/676/3489 4824/499/3488 2348/499/2445 2306/676/3491
f 4825/676/3489 4826/677/3492 2309/677/3493 2305/676/3490
f 4826/677/3492 4825/676/3489 2306/676/3491 2310/677/3494
f 4826/677/3492 4827/660/3495 2311/660/3404 2309/677/3493
f 4827/660/3495 4826/677/3492 2310/677/3494 2312/660/3405
f 4827/660/3495 4824/499/3488 2347/499/2442 2311/660/3404
f 4824/499/3488 4827/660/3495 2312/660/3405 2348/499/2445
f 4836/682/3512 4837/14/3513 2855/14/3514 2915/682/3515
f 4837/14/3513 4836/682/3512 2916/682/3516 2856/14/3517
f 4837/14/3513 4838/13/3518 2857/13/3519 2855/14/3514
f 4838/13/3518 4837/14/3513 2856/14/3517 2858/13/3520
f 4838/13/3518 4839/683/3521 2913/683/3522 2857/13/3519
f 4839/683/3521 4838/13/3518 2858/13/3520 2914/683/3523
f 4839/683/3521 4836/682/3512 2915/682/3515 2913/683/3522
f 4836/682/3512 4839/683/3521 2914/683/3523 2916/682/3516
f 4840/501/3524 4841/667/3525 2337/667/3443 2333/501/2450
f 4841/667/3525 4840/501/3524 2334/501/2451 2338/667/3444
f 4841/667/3525 4842/666/3526 2335/666/3440 2337/667/3443
f 4842/666/3526 4841/667/3525 2338/667/3444 2336/666/3441
f 4842/666/3526 4843/363/3527 2331/363/3528 2335/666/3440
f 4843/363/3527 4842/666/3526 2336/666/3441 2332/363/3529
f 4843/363/3527 4840/501/3524 2333/501/2450 2331/363/3528
f 4840/501/3524 4843/363/3527 2332/363/3529 2334/501/2451
f 4844/675/3530 4845/684/3531 2371/684/3532 2363/675/3482
f 4845/684/3531 4844/675/3530 2364/675/3483 2372/684/3533
f 4845/684/3531 4846/280/3534 2369/280/3535 2371/684/3532
f 4846/280/3534 4845/684/3531 2372/684/3533 2370/280/3536
f 4846/280/3534 4847/197/3537 2365/197/3485 2369/280/3535
f 4847/197/3537 4846/280/3534 2370/280/3536 2366/197/3486
f 4847/197/3537 4844/675/3530 2363/675/3482 2365/197/3485
f 4844/675/3530 4847/197/3537 2366/197/3486 2364/675/3483
f 4856/687/3556 4857/688/3557 2375/688/3558 2323/687/3559
f 4857/688/3557 4856/687/3556 2324/687/3560 2376/688/3561
f 4857/688/3557 4858/280/3562 2369/280/3535 2375/688/3558
f 4858/280/3562 4857/688/3557 2376/688/3561 2370/280/3536
f 4858/280/3562 4859/684/3563 2371/684/3532 2369/280/3535
f 4859/684/3563 4858/280/3562 2370/280/3536 2372/684/3533
f 4859/684/3563 4856/687/3556 2323/687/3559 2371/684/3532
f 4856/687/3556 4859/684/3563 2372/684/3533 2324/687/3560
f 4872/692/3590 4873/693/3591 2547/693/3592 2541/692/3593
f 4873/693/3591 4872/692/3590 2542/692/3594 2548/693/3595
f 4873/693/3591 4874/302/3596 2539/302/1517 2547/693/3592
f 4874/302/3596 4873/693/3591 2548/693/3595 2540/302/1518
f 4874/302/3596 4875/694/3597 2537/694/3598 2539/302/1517
f 4875/694/3597 4874/302/3596 2540/302/1518 2538/694/3599
f 4875/694/3597 4872/692/3590 2541/692/3593 2537/694/3598
f 4872/692/3590 4875/694/3597 2538/694/3599 2542/692/3594
f 4876/695/3600 4877/696/3601 2367/696/3602 2319/695/3603
f 4877/696/3601 4876/695/3600 2320/695/3604 2368/696/3605
f 4877/696/3601 4878/660/3606 2311/660/3404 2367/696/3602
f 4878/660/3606 4877/696/3601 2368/696/3605 2312/660/3405
f 4878/660/3606 4879/88/3607 2317/88/272 2311/660/3404
f 4879/88/3607 4878/660/3606 2312/660/3405 2318/88/273
f 4879/88/3607 4876/695/3600 2319/695/3603 2317/88/272
f 4876/695/3600 4879/88/3607 2318/88/273 2320/695/3604
f 4880/391/3608 4881/452/3609 2883/452/1930 2877/391/3610
f 4881/452/3609 4880/391/3608 2878/391/3611 2884/452/1931
f 4881/452/3609 4882/697/3612 2879/697/3613 2883/452/1930
f 4882/697/3612 4881/452/3609 2884/452/1931 2880/697/3614
f 4882/697/3612 4883/698/3615 2875/698/3616 2879/697/3613
f 4883/698/3615 4882/697/3612 2880/697/3614 2876/698/3617
f 4883/698/3615 4880/391/3608 2877/391/3610 2875/698/3616
f 4880/391/3608 4883/698/3615 2876/698/3617 2878/391/3611
f 4884/89/3618 4885/88/3619 2317/88/272 2313/89/275
f 4885/88/3619 4884/89/3618 2314/89/276 2318/88/273
f 4885/88/3619 4886/660/3620 2311/660/3404 2317/88/272
f 4886/660/3620 4885/88/3619 2318/88/273 2312/660/3405
f 4886/660/3620 4887/677/3621 2309/677/3493 2311/660/3404
f 4887/677/3621 4886/660/3620 2312/660/3405 2310/677/3494
f 4887/677/3621 4884/89/3618 2313/89/275 2309/677/3493
f 4884/89/3618 4887/677/3621 2310/677/3494 2314/89/276
f 4892/701/3634 4893/86/3635 2315/86/268 2303/701/3636
f 4893/86/3635 4892/701/3634 2304/701/3637 2316/86/269
f 4893/86/3635 4894/89/3638 2313/89/275 2315/86/268
f 4894/89/3638 4893/86/3635 2316/86/269 2314/89/276
f 4894/89/3638 4895/677/3639 2309/677/3493 2313/89/275
f 4895/677/3639 4894/89/3638 2314/89/276 2310/677/3494
f 4895/677/3639 4892/701/3634 2303/701/3636 2309/677/3493
f 4892/701/3634 4895/677/3639 2310/677/3494 2304/701/3637
f 4896/702/3640 4897/703/3641 2349/703/3642 2353/702/3643
f 4897/703/3641 4896/702/3640 2354/702/3644 2350/703/3645
f 4897/703/3641 4898/661/3646 2343/661/3407 2349/703/3642
f 4898/661/3646 4897/703/3641 2350/703/3645 2344/661/3408
f 4898/661/3646 4899/660/3647 2311/660/3404 2343/661/3407
f 4899/660/3647 4898/661/3646 2344/661/3408 2312/660/3405
f 4899/660/3647 4896/702/3640 2353/702/3643 2311/660/3404
f 4896/702/3640 4899/660/3647 2312/660/3405 2354/702/3644
f 4904/182/3652 4905/704/3653 2789/704/3654 2793/182/3655
f 4905/704/3653 4904/182/3652 2794/182/3656 2790/704/3657
f 4905/704/3653 4906/705/3658 2785/705/3659 2789/704/3654
f 4906/705/3658 4905/704/3653 2790/704/3657 2786/705/3660
f 4906/705/3658 4907/183/3661 2787/183/3662 2785/705/3659
f 4907/183/3661 4906/705/3658 2786/705/3660 2788/183/3663
f 4907/183/3661 4904/182/3652 2793/182/3655 2787/183/3662
f 4904/182/3652 4907/183/3661 2788/183/3663 2794/182/3656
f 4912/710/3676 4913/711/3677 2655/711/3678 2647/710/3679
f 4913/711/3677 4912/710/3676 2648/710/3680 2656/711/3681
f 4913/711/3677 4914/712/3682 2651/712/3683 2655/711/3678
f 4914/712/3682 4913/711/3677 2656/711/3681 2652/712/3684
f 4914/712/3682 4915/713/3685 2643/713/3686 2651/712/3683
f 4915/713/3685 4914/712/3682 2652/712/3684 2644/713/3687
f 4915/713/3685 4912/710/3676 2647/710/3679 2643/713/3686
f 4912/710/3676 4915/713/3685 2644/713/3687 2648/710/3680
f 4916/591/3688 4917/592/3689 2841/592/3690 2835/591/3691
f 4917/592/3689 4916/591/3688 2836/591/3692 2842/592/3693
f 4917/592/3689 4918/17/3694 2833/17/3695 2841/592/3690
f 4918/17/3694 4917/592/3689 2842/592/3693 2834/17/3696
f 4918/17/3694 4919/590/3697 2831/590/3698 2833/17/3695
f 4919/590/3697 4918/17/3694 2834/17/3696 2832/590/3699
f 4919/590/3697 4916/591/3688 2835/591/3691 2831/590/3698
f 4916/591/3688 4919/590/3697 2832/590/3699 2836/591/3692
f 4924/86/3706 4925/447/3707 2307/447/1874 2315/86/268
f 4925/447/3707 4924/86/3706 2316/86/269 2308/447/1875
f 4925/447/3707 4926/446/3708 2325/446/1871 2307/447/1874
f 4926/446/3708 4925/447/3707 2308/447/1875 2326/446/1872
f 4926/446/3708 4927/87/3709 2321/87/267 2325/446/1871
f 4927/87/3709 4926/446/3708 2326/446/1872 2322/87/270
f 4927/87/3709 4924/86/3706 2315/86/268 2321/87/267
f 4924/86/3706 4927/87/3709 2322/87/270 2316/86/269
f 4928/713/3710 4929/712/3711 2651/712/3683 2643/713/3686
f 4929/712/3711 4928/713/3710 2644/713/3687 2652/712/3684
f 4929/712/3711 4930/360/3712 2645/360/1384 2651/712/3683
f 4930/360/3712 4929/712/3711 2652/712/3684 2646/360/1385
f 4930/360/3712 4931/363/3713 2641/363/1391 2645/360/1384
f 4931/363/3713 4930/360/3712 2646/360/1385 2642/363/1392
f 4931/363/3713 4928/713/3710 2643/713/3686 2641/363/1391
f 4928/713/3710 4931/363/3713 2642/363/1392 2644/713/3687
f 4932/15/3714 4933/715/3715 2387/715/3716 2395/15/44
f 4933/715/3715 4932/15/3714 2396/15/45 2388/715/3717
f 4933/715/3715 4934/716/3718 2389/716/3719 2387/715/3716
f 4934/716/3718 4933/715/3715 2388/715/3717 2390/716/3720
f 4934/716/3718 4932/15/3714 2395/15/44 2389/716/3719
f 4932/15/3714 4934/716/3718 2390/716/3720 2396/15/45
f 4935/717/3721 4936/19/3722 2397/19/56 2379/717/3723
f 4936/19/3722 4935/717/3721 2380/717/3724 2398/19/57
f 4936/19/3722 4937/718/3725 2383/718/3726 2397/19/56
f 4937/718/3725 4936/19/3722 2398/19/57 2384/718/3727
f 4937/718/3725 4935/717/3721 2379/717/3723 2383/718/3726
f 4935/717/3721 4937/718/3725 2384/718/3727 2380/717/3724
f 4942/48/3740 4943/693/3741 2739/693/3742 2783/48/2405
f 4943/693/3741 4942/48/3740 2784/48/2406 2740/693/3743
f 4943/693/3741 4944/441/3744 2759/441/3745 2739/693/3742
f 4944/441/3744 4943/693/3741 2740/693/3743 2760/441/3746
f 4944/441/3744 4945/84/3747 2781/84/260 2759/441/3745
f 4945/84/3747 4944/441/3744 2760/441/3746 2782/84/261
f 4945/84/3747 4942/48/3740 2783/48/2405 2781/84/260
f 4942/48/3740 4945/84/3747 2782/84/261 2784/48/2406
f 4950/721/3760 4951/2/3761 2717/2/3 2709/721/3762
f 4951/2/3761 4950/721/3760 2710/721/3763 2718/2/6
f 4951/2/3761 4952/1/3764 2703/1/4 2717/2/3
f 4952/1/3764 4951/2/3761 2718/2/6 2704/1/5
f 4952/1/3764 4953/330/3765 2701/330/1238 2703/1/4
f 4953/330/3765 4952/1/3764 2704/1/5 2702/330/1239
f 4953/330/3765 4950/721/3760 2709/721/3762 2701/330/1238
f 4950/721/3760 4953/330/3765 2702/330/1239 2710/721/3763
f 4954/641/3766 4955/199/3767 2619/199/660 2615/641/3247
f 4955/199/3767 4954/641/3766 2616/641/3248 2620/199/661
f 4955/199/3767 4956/198/3768 2609/198/655 2619/199/660
f 4956/198/3768 4955/199/3767 2620/199/661 2610/198/658
f 4956/198/3768 4957/640/3769 2601/640/3243 2609/198/655
f 4957/640/3769 4956/198/3768 2610/198/658 2602/640/3244
f 4957/640/3769 4954/641/3766 2615/641/3247 2601/640/3243
f 4954/641/3766 4957/640/3769 2602/640/3244 2616/641/3248
f 4970/478/3794 4971/477/3795 2429/477/2108 2423/478/2111
f 4971/477/3795 4970/478/3794 2424/478/2112 2430/477/2109
f 4971/477/3795 4972/726/3796 2427/726/3797 2429/477/2108
f 4972/726/3796 4971/477/3795 2430/477/2109 2428/726/3798
f 4972/726/3796 4973/727/3799 2425/727/3800 2427/726/3797
f 4973/727/3799 4972/726/3796 2428/726/3798 2426/727/3801
f 4973/727/3799 4970/478/3794 2423/478/2111 2425/727/3800
f 4970/478/3794 4973/727/3799 2426/727/3801 2424/478/2112
f 4974/718/3802 4975/19/3803 2397/19/56 2383/718/3726
f 4975/19/3803 4974/718/3802 2384/718/3727 2398/19/57
f 4975/19/3803 4976/472/3804 2393/472/2073 2397/19/56
f 4976/472/3804 4975/19/3803 2398/19/57 2394/472/2074
f 4976/472/3804 4977/728/3805 2391/728/3806 2393/472/2073
f 4977/728/3805 4976/472/3804 2394/472/2074 2392/728/3807
f 4977/728/3805 4974/718/3802 2383/718/3726 2391/728/3806
f 4974/718/3802 4977/728/3805 2392/728/3807 2384/718/3727
f 4978/451/3808 4979/452/3809 2461/452/3810 2475/451/3811
f 4979/452/3809 4978/451/3808 2476/451/3812 2462/452/3813
f 4979/452/3809 4980/178/3814 2463/178/594 2461/452/3810
f 4980/178/3814 4979/452/3809 2462/452/3813 2464/178/595
f 4980/178/3814 4981/177/3815 2471/177/589 2463/178/594
f 4981/177/3815 4980/178/3814 2464/178/595 2472/177/592
f 4981/177/3815 4978/451/3808 2475/451/3811 2471/177/589
f 4978/451/3808 4981/177/3815 2472/177/592 2476/451/3812
f 4982/477/3816 4983/729/3817 2431/729/3818 2429/477/2108
f 4983/729/3817 4982/477/3816 2430/477/2109 2432/729/3819
f 4983/729/3817 4984/726/3820 2427/726/3797 2431/729/3818
f 4984/726/3820 4983/729/3817 2432/729/3819 2428/726/3798
f 4984/726/3820 4982/477/3816 2429/477/2108 2427/726/3797
f 4982/477/3816 4984/726/3820 2428/726/3798 2430/477/2109
f 4993/280/3839 4994/730/3840 2377/730/3841 2369/280/3535
f 4994/730/3840 4993/280/3839 2370/280/3536 2378/730/3842
f 4994/730/3840 4995/731/3843 2373/731/3844 2377/730/3841
f 4995/731/3843 4994/730/3840 2378/730/3842 2374/731/3845
f 4995/731/3843 4996/197/3846 2365/197/3485 2373/731/3844
f 4996/197/3846 4995/731/3843 2374/731/3845 2366/197/3486
f 4996/197/3846 4993/280/3839 2369/280/3535 2365/197/3485
f 4993/280/3839 4996/197/3846 2366/197/3486 2370/280/3536
f 4997/391/3847 4998/732/3848 2441/732/3849 2451/391/1526
f 4998/732/3848 4997/391/3847 2452/391/1527 2442/732/3850
f 4998/732/3848 4999/392/3851 2445/392/1529 2441/732/3849
f 4999/392/3851 4998/732/3848 2442/732/3850 2446/392/1530
f 4999/392/3851 4997/391/3847 2451/391/1526 2445/392/1529
f 4997/391/3847 4999/392/3851 2446/392/1530 2452/391/1527
f 5004/734/3864 5005/222/3865 2453/222/768 2381/734/3866
f 5005/222/3865 5004/734/3864 2382/734/3867 2454/222/769
f 5005/222/3865 5006/225/3868 2447/225/775 2453/222/768
f 5006/225/3868 5005/222/3865 2454/222/769 2448/225/776
f 5006/225/3868 5004/734/3864 2381/734/3866 2447/225/775
f 5004/734/3864 5006/225/3868 2448/225/776 2382/734/3867
f 5021/179/3911 5022/178/3912 2463/178/594 2457/179/597
f 5022/178/3912 5021/179/3911 2458/179/598 2464/178/595
f 5022/178/3912 5023/223/3913 2455/223/767 2463/178/594
f 5023/223/3913 5022/178/3912 2464/178/595 2456/223/770
f 5023/223/3913 5024/222/3914 2453/222/768 2455/223/767
f 5024/222/3914 5023/223/3913 2456/223/770 2454/222/769
f 5024/222/3914 5021/179/3911 2457/179/597 2453/222/768
f 5021/179/3911 5024/222/3914 2454/222/769 2458/179/598
f 5037/49/3937 5038/83/3938 2775/83/255 2737/49/2402
f 5038/83/3938 5037/49/3937 2738/49/2403 2776/83/258
f 5038/83/3938 5039/748/3939 2751/748/3940 2775/83/255
f 5039/748/3939 5038/83/3938 2776/83/258 2752/748/3941
f 5039/748/3939 5040/749/3942 2749/749/3943 2751/748/3940
f 5040/749/3942 5039/748/3939 2752/748/3941 2750/749/3944
f 5040/749/3942 5037/49/3937 2737/49/2402 2749/749/3943
f 5037/49/3937 5040/749/3942 2750/749/3944 2738/49/2403
f 5045/750/3957 5046/751/3958 2481/751/3959 2477/750/3960
f 5046/751/3958 5045/750/3957 2478/750/3961 2482/751/3962
f 5046/751/3958 5047/451/3963 2475/451/3811 2481/751/3959
f 5047/451/3963 5046/751/3958 2482/751/3962 2476/451/3812
f 5047/451/3963 5045/750/3957 2477/750/3960 2475/451/3811
f 5045/750/3957 5047/451/3963 2476/451/3812 2478/750/3961
f 5048/697/3964 5049/451/3965 2475/451/3811 2479/697/3966
f 5049/451/3965 5048/697/3964 2480/697/3967 2476/451/3812
f 5049/451/3965 5050/751/3968 2481/751/3959 2475/451/3811
f 5050/751/3968 5049/451/3965 2476/451/3812 2482/751/3962
f 5050/751/3968 5048/697/3964 2479/697/3966 2481/751/3959
f 5048/697/3964 5050/751/3968 2482/751/3962 2480/697/3967
f 5051/457/3969 5052/752/3970 2907/752/3971 2905/457/3972
f 5052/752/3970 5051/457/3969 2906/457/3973 2908/752/3974
f 5052/752/3970 5053/753/3975 2901/753/3976 2907/752/3971
f 5053/753/3975 5052/752/3970 2908/752/3974 2902/753/3977
f 5053/753/3975 5054/754/3978 2903/754/3979 2901/753/3976
f 5054/754/3978 5053/753/3975 2902/753/3977 2904/754/3980
f 5054/754/3978 5051/457/3969 2905/457/3972 2903/754/3979
f 5051/457/3969 5054/754/3978 2904/754/3980 2906/457/3973
f 5055/13/3981 5056/299/3982 2859/299/3983 2857/13/3519
f 5056/299/3982 5055/13/3981 2858/13/3520 2860/299/3984
f 5056/299/3982 5057/755/3985 2871/755/3986 2859/299/3983
f 5057/755/3985 5056/299/3982 2860/299/3984 2872/755/3987
f 5057/755/3985 5058/683/3988 2913/683/3522 2871/755/3986
f 5058/683/3988 5057/755/3985 2872/755/3987 2914/683/3523
f 5058/683/3988 5055/13/3981 2857/13/3519 2913/683/3522
f 5055/13/3981 5058/683/3988 2914/683/3523 2858/13/3520
f 5063/197/4001 5064/280/4002 2613/280/1023 2605/197/656
f 5064/280/4002 5063/197/4001 2606/197/657 2614/280/1024
f 5064/280/4002 5065/730/4003 2607/730/4004 2613/280/1023
f 5065/730/4003 5064/280/4002 2614/280/1024 2608/730/4005
f 5065/730/4003 5066/758/4006 2599/758/4007 2607/730/4004
f 5066/758/4006 5065/730/4003 2608/730/4005 2600/758/4008
f 5066/758/4006 5063/197/4001 2605/197/656 2599/758/4007
f 5063/197/4001 5066/758/4006 2600/758/4008 2606/197/657
f 5071/329/4021 5072/152/4022 2519/152/481 2515/329/2988
f 5072/152/4022 5071/329/4021 2516/329/2989 2520/152/482
f 5072/152/4022 5073/151/4023 2511/151/478 2519/152/481
f 5073/151/4023 5072/152/4022 2520/152/482 2512/151/479
f 5073/151/4023 5074/417/4024 2513/417/1662 2511/151/478
f 5074/417/4024 5073/151/4023 2512/151/479 2514/417/1665
f 5074/417/4024 5071/329/4021 2515/329/2988 2513/417/1662
f 5071/329/4021 5074/417/4024 2514/417/1665 2516/329/2989
f 5075/418/4025 5076/453/4026 2591/453/4027 2509/418/1668
f 5076/453/4026 5075/418/4025 2510/418/1669 2592/453/4028
f 5076/453/4026 5077/704/4029 2585/704/4030 2591/453/4027
f 5077/704/4029 5076/453/4026 2592/453/4028 2586/704/4031
f 5077/704/4029 5078/182/4032 2587/182/606 2585/704/4030
f 5078/182/4032 5077/704/4029 2586/704/4031 2588/182/607
f 5078/182/4032 5075/418/4025 2509/418/1668 2587/182/606
f 5075/418/4025 5078/182/4032 2588/182/607 2510/418/1669
f 5079/151/4033 5080/150/4034 2595/150/473 2511/151/478
f 5080/150/4034 5079/151/4033 2512/151/479 2596/150/476
f 5080/150/4034 5081/453/4035 2591/453/4027 2595/150/473
f 5081/453/4035 5080/150/4034 2596/150/476 2592/453/4028
f 5081/453/4035 5082/418/4036 2509/418/1668 2591/453/4027
f 5082/418/4036 5081/453/4035 2592/453/4028 2510/418/1669
f 5082/418/4036 5079/151/4033 2511/151/478 2509/418/1668
f 5079/151/4033 5082/418/4036 2510/418/1669 2512/151/479
f 5087/330/4049 5088/759/4050 2517/759/4051 2523/330/4052
f 5088/759/4050 5087/330/4049 2524/330/4053 2518/759/4054
f 5088/759/4050 5089/760/4055 2533/760/4056 2517/759/4051
f 5089/760/4055 5088/759/4050 2518/759/4054 2534/760/4057
f 5089/760/4055 5087/330/4049 2523/330/4052 2533/760/4056
f 5087/330/4049 5089/760/4055 2534/760/4057 2524/330/4053
f 5090/304/4058 5091/694/4059 2537/694/3598 2535/304/1521
f 5091/694/4059 5090/304/4058 2536/304/1522 2538/694/3599
f 5091/694/4059 5092/302/4060 2539/302/1517 2537/694/3598
f 5092/302/4060 5091/694/4059 2538/694/3599 2540/302/1518
f 5092/302/4060 5090/304/4058 2535/304/1521 2539/302/1517
f 5090/304/4058 5092/302/4060 2540/302/1518 2536/304/1522
f 5101/764/4085 5102/693/4086 2547/693/3592 2543/764/4087
f 5102/693/4086 5101/764/4085 2544/764/4088 2548/693/3595
f 5102/693/4086 5103/692/4089 2541/692/3593 2547/693/3592
f 5103/692/4089 5102/693/4086 2548/693/3595 2542/692/3594
f 5103/692/4089 5101/764/4085 2543/764/4087 2541/692/3593
f 5101/764/4085 5103/692/4089 2542/692/3594 2544/764/4088
f 5108/48/4102 5109/84/4103 2561/84/1506 2553/48/147
f 5109/84/4103 5108/48/4102 2554/48/150 2562/84/1507
f 5109/84/4103 5110/83/4104 2559/83/1513 2561/84/1506
f 5110/83/4104 5109/84/4103 2562/84/1507 2560/83/1514
f 5110/83/4104 5111/49/4105 2557/49/152 2559/83/1513
f 5111/49/4105 5110/83/4104 2560/83/1514 2558/49/153
f 5111/49/4105 5108/48/4102 2553/48/147 2557/49/152
f 5108/48/4102 5111/49/4105 2558/49/153 2554/48/150
f 5116/390/4118 5117/50/4119 2555/50/155 2497/390/1497
f 5117/50/4119 5116/390/4118 2498/390/1498 2556/50/156
f 5117/50/4119 5118/766/4120 2499/766/4121 2555/50/155
f 5118/766/4120 5117/50/4119 2556/50/156 2500/766/4122
f 5118/766/4120 5116/390/4118 2497/390/1497 2499/766/4121
f 5116/390/4118 5118/766/4120 2500/766/4122 2498/390/1498
f 5119/749/4123 5120/766/4124 2499/766/4121 2501/749/4125
f 5120/766/4124 5119/749/4123 2502/749/4126 2500/766/4122
f 5120/766/4124 5121/50/4127 2555/50/155 2499/766/4121
f 5121/50/4127 5120/766/4124 2500/766/4122 2556/50/156
f 5121/50/4127 5119/749/4123 2501/749/4125 2555/50/155
f 5119/749/4123 5121/50/4127 2556/50/156 2502/749/4126
f 5126/767/4140 5127/85/4141 2571/85/1505 2567/767/4142
f 5127/85/4141 5126/767/4140 2568/767/4143 2572/85/1508
f 5127/85/4141 5128/84/4144 2561/84/1506 2571/85/1505
f 5128/84/4144 5127/85/4141 2572/85/1508 2562/84/1507
f 5128/84/4144 5129/441/4145 2549/441/1826 2561/84/1506
f 5129/441/4145 5128/84/4144 2562/84/1507 2550/441/1827
f 5129/441/4145 5130/440/4146 2563/440/1821 2549/441/1826
f 5130/440/4146 5129/441/4145 2550/441/1827 2564/440/1824
f 5130/440/4146 5126/767/4140 2567/767/4142 2563/440/1821
f 5126/767/4140 5130/440/4146 2564/440/1824 2568/767/4143
f 5131/177/4147 5132/457/4148 2485/457/1970 2471/177/589
f 5132/457/4148 5131/177/4147 2472/177/592 2486/457/1973
f 5132/457/4148 5133/754/4149 2483/754/4150 2485/457/1970
f 5133/754/4149 5132/457/4148 2486/457/1973 2484/754/4151
f 5133/754/4149 5134/750/4152 2477/750/3960 2483/754/4150
f 5134/750/4152 5133/754/4149 2484/754/4151 2478/750/3961
f 5134/750/4152 5135/451/4153 2475/451/3811 2477/750/3960
f 5135/451/4153 5134/750/4152 2478/750/3961 2476/451/3812
f 5135/451/4153 5131/177/4147 2471/177/589 2475/451/3811
f 5131/177/4147 5135/451/4153 2476/451/3812 2472/177/592
f 5140/440/4166 5141/439/4167 2565/439/1822 2563/440/1821
f 5141/439/4167 5140/440/4166 2564/440/1824 2566/439/1823
f 5141/439/4167 5142/767/4168 2567/767/4142 2565/439/1822
f 5142/767/4168 5141/439/4167 2566/439/1823 2568/767/4143
f 5142/767/4168 5140/440/4166 2563/440/1821 2567/767/4142
f 5140/440/4166 5142/767/4168 2568/767/4143 2564/440/1824
f 5143/441/4169 5144/84/4170 2561/84/1506 2549/441/1826
f 5144/84/4170 5143/441/4169 2550/441/1827 2562/84/1507
f 5144/84/4170 5145/48/4171 2553/48/147 2561/84/1506
f 5145/48/4171 5144/84/4170 2562/84/1507 2554/48/150
f 5145/48/4171 5146/693/4172 2547/693/3592 2553/48/147
f 5146/693/4172 5145/48/4171 2554/48/150 2548/693/3595
f 5146/693/4172 5143/441/4169 2549/441/1826 2547/693/3592
f 5143/441/4169 5146/693/4172 2548/693/3595 2550/441/1827
f 5155/182/4185 5156/704/4186 2585/704/4030 2587/182/606
f 5156/704/4186 5155/182/4185 2588/182/607 2586/704/4031
f 5156/704/4186 5157/705/4187 2579/705/4188 2585/704/4030
f 5157/705/4187 5156/704/4186 2586/704/4031 2580/705/4189
f 5157/705/4187 5158/183/4190 2583/183/609 2579/705/4188
f 5158/183/4190 5157/705/4187 2580/705/4189 2584/183/610
f 5158/183/4190 5155/182/4185 2587/182/606 2583/183/609
f 5155/182/4185 5158/183/4190 2584/183/610 2588/182/607
f 5159/704/4191 5160/770/4192 2589/770/4193 2585/704/4194
f 5160/770/4192 5159/704/4191 2586/704/4195 2590/770/4196
f 5160/770/4192 5161/771/4197 2581/771/4198 2589/770/4193
f 5161/771/4197 5160/770/4192 2590/770/4196 2582/771/4199
f 5161/771/4197 5159/704/4191 2585/704/4194 2581/771/4198
f 5159/704/4191 5161/771/4197 2582/771/4199 2586/704/4195
f 5166/773/4208 5167/453/4209 2591/453/4027 2593/773/4210
f 5167/453/4209 5166/773/4208 2594/773/4211 2592/453/4028
f 5167/453/4209 5168/150/4212 2595/150/473 2591/453/4027
f 5168/150/4212 5167/453/4209 2592/453/4028 2596/150/476
f 5168/150/4212 5166/773/4208 2593/773/4210 2595/150/473
f 5166/773/4208 5168/150/4212 2596/150/476 2594/773/4211
f 5173/150/4221 5174/149/4222 2521/149/474 2595/150/473
f 5174/149/4222 5173/150/4221 2596/150/476 2522/149/475
f 5174/149/4222 5175/773/4223 2593/773/4210 2521/149/474
f 5175/773/4223 5174/149/4222 2522/149/475 2594/773/4211
f 5175/773/4223 5173/150/4221 2595/150/473 2593/773/4210
f 5173/150/4221 5175/773/4223 2594/773/4211 2596/150/476
f 5192/13/4264 5193/299/4265 2415/299/1103 2409/13/36
f 5193/299/4265 5192/13/4264 2410/13/39 2416/299/1104
f 5193/299/4265 5194/755/4266 2413/755/4267 2415/299/1103
f 5194/755/4266 5193/299/4265 2416/299/1104 2414/755/4268
f 5194/755/4266 5195/683/4269 2411/683/4270 2413/755/4267
f 5195/683/4269 5194/755/4266 2414/755/4268 2412/683/4271
f 5195/683/4269 5192/13/4264 2409/13/36 2411/683/4270
f 5192/13/4264 5195/683/4269 2412/683/4271 2410/13/39
f 5204/222/4294 5205/223/4295 2881/223/2181 2827/222/2184
f 5205/223/4295 5204/222/4294 2828/222/2185 2882/223/2182
f 5205/223/4295 5206/224/4296 2825/224/4297 2881/223/2181
f 5206/224/4296 5205/223/4295 2882/223/2182 2826/224/4298
f 5206/224/4296 5207/225/4299 2821/225/4300 2825/224/4297
f 5207/225/4299 5206/224/4296 2826/224/4298 2822/225/4301
f 5207/225/4299 5204/222/4294 2827/222/2184 2821/225/4300
f 5204/222/4294 5207/225/4299 2822/225/4301 2828/222/2185
f 5220/472/4338 5221/15/4339 2395/15/44 2393/472/2073
f 5221/15/4339 5220/472/4338 2394/472/2074 2396/15/45
f 5221/15/4339 5222/716/4340 2389/716/3719 2395/15/44
f 5222/716/4340 5221/15/4339 2396/15/45 2390/716/3720
f 5222/716/4340 5223/728/4341 2391/728/3806 2389/716/3719
f 5223/728/4341 5222/716/4340 2390/716/3720 2392/728/3807
f 5223/728/4341 5220/472/4338 2393/472/2073 2391/728/3806
f 5220/472/4338 5223/728/4341 2392/728/3807 2394/472/2074
f 5236/786/4372 5237/787/4373 2669/787/4374 2663/786/4375
f 5237/787/4373 5236/786/4372 2664/786/4376 2670/787/4377
f 5237/787/4373 5238/788/4378 2665/788/4379 2669/787/4374
f 5238/788/4378 5237/787/4373 2670/787/4377 2666/788/4380
f 5238/788/4378 5236/786/4372 2663/786/4375 2665/788/4379
f 5236/786/4372 5238/788/4378 2666/788/4380 2664/786/4376
f 5239/787/4381 5240/786/4382 2663/786/4375 2669/787/4374
f 5240/786/4382 5239/787/4381 2670/787/4377 2664/786/4376
f 5240/786/4382 5241/789/4383 2671/789/4384 2663/786/4375
f 5241/789/4383 5240/786/4382 2664/786/4376 2672/789/4385
f 5241/789/4383 5239/787/4381 2669/787/4374 2671/789/4384
f 5239/787/4381 5241/789/4383 2672/789/4385 2670/787/4377
f 5246/791/4392 5247/792/4393 2693/792/4394 2689/791/4395
f 5247/792/4393 5246/791/4392 2690/791/4396 2694/792/4397
f 5247/792/4393 5248/793/4398 2697/793/4399 2693/792/4394
f 5248/793/4398 5247/792/4393 2694/792/4397 2698/793/4400
f 5248/793/4398 5249/794/4401 2695/794/4402 2697/793/4399
f 5249/794/4401 5248/793/4398 2698/793/4400 2696/794/4403
f 5249/794/4401 5246/791/4392 2689/791/4395 2695/794/4402
f 5246/791/4392 5249/794/4401 2696/794/4403 2690/791/4396
f 5250/181/4404 5251/416/4405 2801/416/4406 2795/181/4407
f 5251/416/4405 5250/181/4404 2796/181/4408 2802/416/4409
f 5251/416/4405 5252/418/4410 2797/418/1954 2801/416/4406
f 5252/418/4410 5251/416/4405 2802/416/4409 2798/418/1955
f 5252/418/4410 5253/182/4411 2793/182/3655 2797/418/1954
f 5253/182/4411 5252/418/4410 2798/418/1955 2794/182/3656
f 5253/182/4411 5250/181/4404 2795/181/4407 2793/182/3655
f 5250/181/4404 5253/182/4411 2794/182/3656 2796/181/4408
f 5254/791/4412 5255/794/4413 2695/794/4402 2689/791/4395
f 5255/794/4413 5254/791/4412 2690/791/4396 2696/794/4403
f 5255/794/4413 5256/795/4414 2685/795/4415 2695/794/4402
f 5256/795/4414 5255/794/4413 2696/794/4403 2686/795/4416
f 5256/795/4414 5257/796/4417 2691/796/4418 2685/795/4415
f 5257/796/4417 5256/795/4414 2686/795/4416 2692/796/4419
f 5257/796/4417 5258/797/4420 2687/797/4421 2691/796/4418
f 5258/797/4420 5257/796/4417 2692/796/4419 2688/797/4422
f 5258/797/4420 5259/798/4423 2681/798/4424 2687/797/4421
f 5259/798/4423 5258/797/4420 2688/797/4422 2682/798/4425
f 5259/798/4423 5260/787/4426 2669/787/4374 2681/798/4424
f 5260/787/4426 5259/798/4423 2682/798/4425 2670/787/4377
f 5260/787/4426 5261/789/4427 2671/789/4384 2669/787/4374
f 5261/789/4427 5260/787/4426 2670/787/4377 2672/789/4385
f 5261/789/4427 5262/799/4428 2673/799/4429 2671/789/4384
f 5262/799/4428 5261/789/4427 2672/789/4385 2674/799/4430
f 5262/799/4428 5263/229/4431 2675/229/787 2673/799/4429
f 5263/229/4431 5262/799/4428 2674/799/4430 2676/229/788
f 5263/229/4431 5264/228/4432 2677/228/784 2675/229/787
f 5264/228/4432 5263/229/4431 2676/229/788 2678/228/785
f 5264/228/4432 5265/800/4433 2683/800/4434 2677/228/784
f 5265/800/4433 5264/228/4432 2678/228/785 2684/800/4435
f 5265/800/4433 5254/791/4412 2689/791/4395 2683/800/4434
f 5254/791/4412 5265/800/4433 2684/800/4435 2690/791/4396
f 5266/18/4436 5267/17/4437 2439/17/48 2437/18/53
f 5267/17/4437 5266/18/4436 2438/18/54 2440/17/51
f 5267/17/4437 5268/592/4438 2435/592/3025 2439/17/48
f 5268/592/4438 5267/17/4437 2440/17/51 2436/592/3026
f 5268/592/4438 5269/477/4439 2429/477/2108 2435/592/3025
f 5269/477/4439 5268/592/4438 2436/592/3026 2430/477/2109
f 5269/477/4439 5266/18/4436 2437/18/53 2429/477/2108
f 5266/18/4436 5269/477/4439 2430/477/2109 2438/18/54
f 5270/447/4440 5271/86/4441 2315/86/268 2307/447/1874
f 5271/86/4441 5270/447/4440 2308/447/1875 2316/86/269
f 5271/86/4441 5272/701/4442 2303/701/3636 2315/86/268
f 5272/701/4442 5271/86/4441 2316/86/269 2304/701/3637
f 5272/701/4442 5273/801/4443 2301/801/4444 2303/701/3636
f 5273/801/4443 5272/701/4442 2304/701/3637 2302/801/4445
f 5273/801/4443 5270/447/4440 2307/447/1874 2301/801/4444
f 5270/447/4440 5273/801/4443 2302/801/4445 2308/447/1875
f 5282/796/4466 5283/804/4467 2699/804/4468 2691/796/4418
f 5283/804/4467 5282/796/4466 2692/796/4419 2700/804/4469
f 5283/804/4467 5284/797/4470 2687/797/4421 2699/804/4468
f 5284/797/4470 5283/804/4467 2700/804/4469 2688/797/4422
f 5284/797/4470 5282/796/4466 2691/796/4418 2687/797/4421
f 5282/796/4466 5284/797/4470 2688/797/4422 2692/796/4419
f 5285/804/4471 5286/805/4472 2667/805/4473 2699/804/4468
f 5286/805/4472 5285/804/4471 2700/804/4469 2668/805/4474
f 5286/805/4472 5287/797/4475 2687/797/4421 2667/805/4473
f 5287/797/4475 5286/805/4472 2668/805/4474 2688/797/4422
f 5287/797/4475 5285/804/4471 2699/804/4468 2687/797/4421
f 5285/804/4471 5287/797/4475 2688/797/4422 2700/804/4469
f 5292/695/4482 5293/687/4483 2323/687/3559 2319/695/3603
f 5293/687/4483 5292/695/4482 2320/695/3604 2324/687/3560
f 5293/687/4483 5294/684/4484 2371/684/3532 2323/687/3559
f 5294/684/4484 5293/687/4483 2324/687/3560 2372/684/3533
f 5294/684/4484 5295/696/4485 2367/696/3602 2371/684/3532
f 5295/696/4485 5294/684/4484 2372/684/3533 2368/696/3605
f 5295/696/4485 5292/695/4482 2319/695/3603 2367/696/3602
f 5292/695/4482 5295/696/4485 2368/696/3605 2320/695/3604
f 5296/180/4486 5297/181/4487 2795/181/4407 2791/180/4488
f 5297/181/4487 5296/180/4486 2792/180/4489 2796/181/4408
f 5297/181/4487 5298/182/4490 2793/182/3655 2795/181/4407
f 5298/182/4490 5297/181/4487 2796/181/4408 2794/182/3656
f 5298/182/4490 5299/183/4491 2787/183/3662 2793/182/3655
f 5299/183/4491 5298/182/4490 2794/182/3656 2788/183/3663
f 5299/183/4491 5296/180/4486 2791/180/4488 2787/183/3662
f 5296/180/4486 5299/183/4491 2788/183/3663 2792/180/4489
f 5300/806/4492 5301/302/4493 2725/302/1120 2721/806/4494
f 5301/302/4493 5300/806/4492 2722/806/4495 2726/302/1121
f 5301/302/4493 5302/304/4496 2719/304/1127 2725/302/1120
f 5302/304/4496 5301/302/4493 2726/302/1121 2720/304/1128
f 5302/304/4496 5300/806/4492 2721/806/4494 2719/304/1127
f 5300/806/4492 5302/304/4496 2720/304/1128 2722/806/4495
f 5303/303/4497 5304/47/4498 2729/47/1119 2723/303/1124
f 5304/47/4498 5303/303/4497 2724/303/1125 2730/47/1122
f 5304/47/4498 5305/50/4499 2733/50/4500 2729/47/1119
f 5305/50/4499 5304/47/4498 2730/47/1122 2734/50/4501
f 5305/50/4499 5306/390/4502 2727/390/4503 2733/50/4500
f 5306/390/4502 5305/50/4499 2734/50/4501 2728/390/4504
f 5306/390/4502 5303/303/4497 2723/303/1124 2727/390/4503
f 5303/303/4497 5306/390/4502 2728/390/4504 2724/303/1125
f 5311/50/4511 5312/808/4512 2731/808/4513 2733/50/4500
f 5312/808/4512 5311/50/4511 2734/50/4501 2732/808/4514
f 5312/808/4512 5313/390/4515 2727/390/4503 2731/808/4513
f 5313/390/4515 5312/808/4512 2732/808/4514 2728/390/4504
f 5313/390/4515 5311/50/4511 2733/50/4500 2727/390/4503
f 5311/50/4511 5313/390/4515 2728/390/4504 2734/50/4501
f 5318/416/4528 5319/417/4529 2809/417/2963 2801/416/4406
f 5319/417/4529 5318/416/4528 2802/416/4409 2810/417/2964
f 5319/417/4529 5320/151/4530 2805/151/1947 2809/417/2963
f 5320/151/4530 5319/417/4529 2810/417/2964 2806/151/1948
f 5320/151/4530 5321/418/4531 2797/418/1954 2805/151/1947
f 5321/418/4531 5320/151/4530 2806/151/1948 2798/418/1955
f 5321/418/4531 5318/416/4528 2801/416/4406 2797/418/1954
f 5318/416/4528 5321/418/4531 2798/418/1955 2802/416/4409
f 5322/766/4532 5323/49/4533 2737/49/2402 2735/766/4534
f 5323/49/4533 5322/766/4532 2736/766/4535 2738/49/2403
f 5323/49/4533 5324/749/4536 2749/749/3943 2737/49/2402
f 5324/749/4536 5323/49/4533 2738/49/2403 2750/749/3944
f 5324/749/4536 5322/766/4532 2735/766/4534 2749/749/3943
f 5322/766/4532 5324/749/4536 2750/749/3944 2736/766/4535
f 5329/694/4549 5330/692/4550 2755/692/4551 2753/694/4552
f 5330/692/4550 5329/694/4549 2754/694/4553 2756/692/4554
f 5330/692/4550 5331/693/4555 2739/693/3742 2755/692/4551
f 5331/693/4555 5330/692/4550 2756/692/4554 2740/693/3743
f 5331/693/4555 5329/694/4549 2753/694/4552 2739/693/3742
f 5329/694/4549 5331/693/4555 2740/693/3743 2754/694/4553
f 5340/566/4578 5341/568/4579 2627/568/2870 2625/566/2863
f 5341/568/4579 5340/566/4578 2626/566/2864 2628/568/2871
f 5341/568/4579 5342/280/4580 2613/280/1023 2627/568/2870
f 5342/280/4580 5341/568/4579 2628/568/2871 2614/280/1024
f 5342/280/4580 5343/281/4581 2623/281/1027 2613/280/1023
f 5343/281/4581 5342/280/4580 2614/280/1024 2624/281/1028
f 5343/281/4581 5340/566/4578 2625/566/2863 2623/281/1027
f 5340/566/4578 5343/281/4581 2624/281/1028 2626/566/2864
f 5348/4/4594 5349/149/4595 2815/149/2349 2707/4/11
f 5349/149/4595 5348/4/4594 2708/4/12 2816/149/2350
f 5349/149/4595 5350/152/4596 2705/152/1234 2815/149/2349
f 5350/152/4596 5349/149/4595 2816/149/2350 2706/152/1235
f 5350/152/4596 5351/1/4597 2703/1/4 2705/152/1234
f 5351/1/4597 5350/152/4596 2706/152/1235 2704/1/5
f 5351/1/4597 5348/4/4594 2707/4/11 2703/1/4
f 5348/4/4594 5351/1/4597 2704/1/5 2708/4/12
f 5364/440/4628 5365/439/4629 2761/439/4630 2779/440/4631
f 5365/439/4629 5364/440/4628 2780/440/4632 2762/439/4633
f 5365/439/4629 5366/767/4634 2777/767/4635 2761/439/4630
f 5366/767/4634 5365/439/4629 2762/439/4633 2778/767/4636
f 5366/767/4634 5364/440/4628 2779/440/4631 2777/767/4635
f 5364/440/4628 5366/767/4634 2778/767/4636 2780/440/4632
f 5367/754/4637 5368/816/4638 2899/816/4639 2903/754/3979
f 5368/816/4638 5367/754/4637 2904/754/3980 2900/816/4640
f 5368/816/4638 5369/817/4641 2897/817/4642 2899/816/4639
f 5369/817/4641 5368/816/4638 2900/816/4640 2898/817/4643
f 5369/817/4641 5370/451/4644 2891/451/1927 2897/817/4642
f 5370/451/4644 5369/817/4641 2898/817/4643 2892/451/1928
f 5370/451/4644 5367/754/4637 2903/754/3979 2891/451/1927
f 5367/754/4637 5370/451/4644 2892/451/1928 2904/754/3980
f 5375/440/4657 5376/441/4658 2759/441/3745 2779/440/4631
f 5376/441/4658 5375/440/4657 2780/440/4632 2760/441/3746
f 5376/441/4658 5377/764/4659 2757/764/4660 2759/441/3745
f 5377/764/4659 5376/441/4658 2760/441/3746 2758/764/4661
f 5377/764/4659 5378/439/4662 2761/439/4630 2757/764/4660
f 5378/439/4662 5377/764/4659 2758/764/4661 2762/439/4633
f 5378/439/4662 5375/440/4657 2779/440/4631 2761/439/4630
f 5375/440/4657 5378/439/4662 2762/439/4633 2780/440/4632
f 5387/696/4680 5388/684/4681 2371/684/3532 2367/696/3602
f 5388/684/4681 5387/696/4680 2368/696/3605 2372/684/3533
f 5388/684/4681 5389/675/4682 2363/675/3482 2371/684/3532
f 5389/675/4682 5388/684/4681 2372/684/3533 2364/675/3483
f 5389/675/4682 5390/823/4683 2357/823/4684 2363/675/3482
f 5390/823/4683 5389/675/4682 2364/675/3483 2358/823/4685
f 5390/823/4683 5387/696/4680 2367/696/3602 2357/823/4684
f 5387/696/4680 5390/823/4683 2358/823/4685 2368/696/3605
f 5395/12/4690 5396/296/4691 2861/296/4692 2853/12/4693
f 5396/296/4691 5395/12/4690 2854/12/4694 2862/296/4695
f 5396/296/4691 5397/299/4696 2859/299/3983 2861/296/4692
f 5397/299/4696 5396/296/4691 2862/296/4695 2860/299/3984
f 5397/299/4696 5398/13/4697 2857/13/3519 2859/299/3983
f 5398/13/4697 5397/299/4696 2860/299/3984 2858/13/3520
f 5398/13/4697 5395/12/4690 2853/12/4693 2857/13/3519
f 5395/12/4690 5398/13/4697 2858/13/3520 2854/12/4694
f 5407/416/4716 5408/825/4717 2799/825/4718 2801/416/4406
f 5408/825/4717 5407/416/4716 2802/416/4409 2800/825/4719
f 5408/825/4717 5409/826/4720 2807/826/4721 2799/825/4718
f 5409/826/4720 5408/825/4717 2800/825/4719 2808/826/4722
f 5409/826/4720 5407/416/4716 2801/416/4406 2807/826/4721
f 5407/416/4716 5409/826/4720 2808/826/4722 2802/416/4409
f 5410/453/4723 5411/770/4724 2743/770/4725 2803/453/1951
f 5411/770/4724 5410/453/4723 2804/453/1952 2744/770/4726
f 5411/770/4724 5412/771/4727 2745/771/4728 2743/770/4725
f 5412/771/4727 5411/770/4724 2744/770/4726 2746/771/4729
f 5412/771/4727 5410/453/4723 2803/453/1951 2745/771/4728
f 5410/453/4723 5412/771/4727 2746/771/4729 2804/453/1952
f 5413/826/4730 5414/417/4731 2809/417/2963 2807/826/4721
f 5414/417/4731 5413/826/4730 2808/826/4722 2810/417/2964
f 5414/417/4731 5415/416/4732 2801/416/4406 2809/417/2963
f 5415/416/4732 5414/417/4731 2810/417/2964 2802/416/4409
f 5415/416/4732 5413/826/4730 2807/826/4721 2801/416/4406
f 5413/826/4730 5415/416/4732 2802/416/4409 2808/826/4722
f 5416/759/4733 5417/329/4734 2811/329/1233 2747/759/4735
f 5417/329/4734 5416/759/4733 2748/759/4736 2812/329/1236
f 5417/329/4734 5418/417/4737 2809/417/2963 2811/329/1233
f 5418/417/4737 5417/329/4734 2812/329/1236 2810/417/2964
f 5418/417/4737 5416/759/4733 2747/759/4735 2809/417/2963
f 5416/759/4733 5418/417/4737 2810/417/2964 2748/759/4736
f 5419/151/4738 5420/152/4739 2705/152/1234 2805/151/1947
f 5420/152/4739 5419/151/4738 2806/151/1948 2706/152/1235
f 5420/152/4739 5421/149/4740 2815/149/2349 2705/152/1234
f 5421/149/4740 5420/152/4739 2706/152/1235 2816/149/2350
f 5421/149/4740 5422/150/4741 2813/150/1946 2815/149/2349
f 5422/150/4741 5421/149/4740 2816/149/2350 2814/150/1949
f 5422/150/4741 5419/151/4738 2805/151/1947 2813/150/1946
f 5419/151/4738 5422/150/4741 2814/150/1949 2806/151/1948
f 5423/661/4742 5424/703/4743 2349/703/3642 2343/661/3407
f 5424/703/4743 5423/661/4742 2344/661/3408 2350/703/3645
f 5424/703/4743 5425/665/4744 2345/665/3436 2349/703/3642
f 5425/665/4744 5424/703/4743 2350/703/3645 2346/665/3437
f 5425/665/4744 5426/667/4745 2337/667/3443 2345/665/3436
f 5426/667/4745 5425/665/4744 2346/665/3437 2338/667/3444
f 5426/667/4745 5423/661/4742 2343/661/3407 2337/667/3443
f 5423/661/4742 5426/667/4745 2338/667/3444 2344/661/3408
f 5427/453/4746 5428/150/4747 2813/150/1946 2803/453/1951
f 5428/150/4747 5427/453/4746 2804/453/1952 2814/150/1949
f 5428/150/4747 5429/770/4748 2743/770/4725 2813/150/1946
f 5429/770/4748 5428/150/4747 2814/150/1949 2744/770/4726
f 5429/770/4748 5427/453/4746 2803/453/1951 2743/770/4725
f 5427/453/4746 5429/770/4748 2744/770/4726 2804/453/1952
f 5434/495/4755 5435/150/4756 2813/150/1946 2741/495/2355
f 5435/150/4756 5434/495/4755 2742/495/2356 2814/150/1949
f 5435/150/4756 5436/149/4757 2815/149/2349 2813/150/1946
f 5436/149/4757 5435/150/4756 2814/150/1949 2816/149/2350
f 5436/149/4757 5434/495/4755 2741/495/2355 2815/149/2349
f 5434/495/4755 5436/149/4757 2816/149/2350 2742/495/2356
f 5441/225/4766 5442/830/4767 2823/830/4768 2821/225/4300
f 5442/830/4767 5441/225/4766 2822/225/4301 2824/830/4769
f 5442/830/4767 5443/222/4770 2827/222/2184 2823/830/4768
f 5443/222/4770 5442/830/4767 2824/830/4769 2828/222/2185
f 5443/222/4770 5441/225/4766 2821/225/4300 2827/222/2184
f 5441/225/4766 5443/222/4770 2828/222/2185 2822/225/4301
f 5444/224/4771 5445/223/4772 2881/223/2181 2825/224/4297
f 5445/223/4772 5444/224/4771 2826/224/4298 2882/223/2182
f 5445/223/4772 5446/391/4773 2877/391/3610 2881/223/2181
f 5446/391/4773 5445/223/4772 2882/223/2182 2878/391/3611
f 5446/391/4773 5447/392/4774 2849/392/4775 2877/391/3610
f 5447/392/4774 5446/391/4773 2878/391/3611 2850/392/4776
f 5447/392/4774 5444/224/4771 2825/224/4297 2849/392/4775
f 5444/224/4771 5447/392/4774 2850/392/4776 2826/224/4298
f 5448/427/4777 5449/222/4778 2827/222/2184 2829/427/4779
f 5449/222/4778 5448/427/4777 2830/427/4780 2828/222/2185
f 5449/222/4778 5450/830/4781 2823/830/4768 2827/222/2184
f 5450/830/4781 5449/222/4778 2828/222/2185 2824/830/4769
f 5450/830/4781 5448/427/4777 2829/427/4779 2823/830/4768
f 5448/427/4777 5450/830/4781 2824/830/4769 2830/427/4780
f 5475/471/4828 5476/12/4829 2853/12/4693 2843/471/2116
f 5476/12/4829 5475/471/4828 2844/471/2117 2854/12/4694
f 5476/12/4829 5477/15/4830 2847/15/4831 2853/12/4693
f 5477/15/4830 5476/12/4829 2854/12/4694 2848/15/4832
f 5477/15/4830 5478/472/4833 2845/472/2115 2847/15/4831
f 5478/472/4833 5477/15/4830 2848/15/4832 2846/472/2118
f 5478/472/4833 5475/471/4828 2843/471/2116 2845/472/2115
f 5475/471/4828 5478/472/4833 2846/472/2118 2844/471/2117
f 5479/18/4834 5480/19/4835 2839/19/2120 2837/18/2123
f 5480/19/4835 5479/18/4834 2838/18/2124 2840/19/2121
f 5480/19/4835 5481/16/4836 2817/16/4837 2839/19/2120
f 5481/16/4836 5480/19/4835 2840/19/2121 2818/16/4838
f 5481/16/4836 5482/17/4839 2833/17/3695 2817/16/4837
f 5482/17/4839 5481/16/4836 2818/16/4838 2834/17/3696
f 5482/17/4839 5479/18/4834 2837/18/2123 2833/17/3695
f 5479/18/4834 5482/17/4839 2834/17/3696 2838/18/2124
f 5483/592/4840 5484/477/4841 2851/477/3289 2841/592/3690
f 5484/477/4841 5483/592/4840 2842/592/3693 2852/477/3290
f 5484/477/4841 5485/18/4842 2837/18/2123 2851/477/3289
f 5485/18/4842 5484/477/4841 2852/477/3290 2838/18/2124
f 5485/18/4842 5486/17/4843 2833/17/3695 2837/18/2123
f 5486/17/4843 5485/18/4842 2838/18/2124 2834/17/3696
f 5486/17/4843 5483/592/4840 2841/592/3690 2833/17/3695
f 5483/592/4840 5486/17/4843 2834/17/3696 2842/592/3693
f 5491/299/4856 5492/297/4857 2865/297/4858 2859/299/4859
f 5492/297/4857 5491/299/4856 2860/299/4860 2866/297/4861
f 5492/297/4857 5493/298/4862 2869/298/4863 2865/297/4858
f 5493/298/4862 5492/297/4857 2866/297/4861 2870/298/4864
f 5493/298/4862 5491/299/4856 2859/299/4859 2869/298/4863
f 5491/299/4856 5493/298/4862 2870/298/4864 2860/299/4860
f 5494/726/4865 5495/592/4866 2841/592/4867 2867/726/4868
f 5495/592/4866 5494/726/4865 2868/726/4869 2842/592/4870
f 5495/592/4866 5496/729/4871 2873/729/4872 2841/592/4867
f 5496/729/4871 5495/592/4866 2842/592/4870 2874/729/4873
f 5496/729/4871 5494/726/4865 2867/726/4868 2873/729/4872
f 5494/726/4865 5496/729/4871 2874/729/4873 2868/726/4869
f 5497/392/4874 5498/391/4875 2877/391/3610 2849/392/4775
f 5498/391/4875 5497/392/4874 2850/392/4776 2878/391/3611
f 5498/391/4875 5499/698/4876 2875/698/3616 2877/391/3610
f 5499/698/4876 5498/391/4875 2878/391/3611 2876/698/3617
f 5499/698/4876 5497/392/4874 2849/392/4775 2875/698/3616
f 5497/392/4874 5499/698/4876 2876/698/3617 2850/392/4776
f 5504/760/4881 5505/330/4882 2701/330/1238 2711/760/4883
f 5505/330/4882 5504/760/4881 2712/760/4884 2702/330/1239
f 5505/330/4882 5506/329/4885 2811/329/1233 2701/330/1238
f 5506/329/4885 5505/330/4882 2702/330/1239 2812/329/1236
f 5506/329/4885 5507/759/4886 2747/759/4735 2811/329/1233
f 5507/759/4886 5506/329/4885 2812/329/1236 2748/759/4736
f 5507/759/4886 5504/760/4881 2711/760/4883 2747/759/4735
f 5504/760/4881 5507/759/4886 2748/759/4736 2712/760/4884
f 5508/693/4887 5509/48/4888 2553/48/147 2547/693/3592
f 5509/48/4888 5508/693/4887 2548/693/3595 2554/48/150
f 5509/48/4888 5510/47/4889 2551/47/148 2553/48/147
f 5510/47/4889 5509/48/4888 2554/48/150 2552/47/149
f 5510/47/4889 5511/302/4890 2539/302/1517 2551/47/148
f 5511/302/4890 5510/47/4889 2552/47/149 2540/302/1518
f 5511/302/4890 5508/693/4887 2547/693/3592 2539/302/1517
f 5508/693/4887 5511/302/4890 2540/302/1518 2548/693/3595
f 5512/751/4891 5513/697/4892 2879/697/3613 2885/751/4893
f 5513/697/4892 5512/751/4891 2886/751/4894 2880/697/3614
f 5513/697/4892 5514/452/4895 2883/452/1930 2879/697/3613
f 5514/452/4895 5513/697/4892 2880/697/3614 2884/452/1931
f 5514/452/4895 5512/751/4891 2885/751/4893 2883/452/1930
f 5512/751/4891 5514/452/4895 2884/452/1931 2886/751/4894
f 5523/83/4912 5524/82/4913 2771/82/256 2775/83/255
f 5524/82/4913 5523/83/4912 2776/83/258 2772/82/257
f 5524/82/4913 5525/833/4914 2767/833/4915 2771/82/256
f 5525/833/4914 5524/82/4913 2772/82/257 2768/833/4916
f 5525/833/4914 5526/748/4917 2751/748/3940 2767/833/4915
f 5526/748/4917 5525/833/4914 2768/833/4916 2752/748/3941
f 5526/748/4917 5523/83/4912 2775/83/255 2751/748/3940
f 5523/83/4912 5526/748/4917 2752/748/3941 2776/83/258
f 5527/457/4918 5528/752/4919 2489/752/4920 2485/457/1970
f 5528/752/4919 5527/457/4918 2486/457/1973 2490/752/4921
f 5528/752/4919 5529/753/4922 2487/753/4923 2489/752/4920
f 5529/753/4922 5528/752/4919 2490/752/4921 2488/753/4924
f 5529/753/4922 5530/754/4925 2483/754/4150 2487/753/4923
f 5530/754/4925 5529/753/4922 2488/753/4924 2484/754/4151
f 5530/754/4925 5527/457/4918 2485/457/1970 2483/754/4150
f 5527/457/4918 5530/754/4925 2484/754/4151 2486/457/1973
f 5531/177/4926 5532/457/4927 2905/457/3972 2895/177/1914
f 5532/457/4927 5531/177/4926 2896/177/1917 2906/457/3973
f 5532/457/4927 5533/754/4928 2903/754/3979 2905/457/3972
f 5533/754/4928 5532/457/4927 2906/457/3973 2904/754/3980
f 5533/754/4928 5534/451/4929 2891/451/1927 2903/754/3979
f 5534/451/4929 5533/754/4928 2904/754/3980 2892/451/1928
f 5534/451/4929 5531/177/4926 2895/177/1914 2891/451/1927
f 5531/177/4926 5534/451/4929 2892/451/1928 2896/177/1917
f 5539/85/4942 5540/767/4943 2777/767/4635 2773/85/263
f 5540/767/4943 5539/85/4942 2774/85/264 2778/767/4636
f 5540/767/4943 5541/834/4944 2765/834/4945 2777/767/4635
f 5541/834/4944 5540/767/4943 2778/767/4636 2766/834/4946
f 5541/834/4944 5542/594/4947 2763/594/3033 2765/834/4945
f 5542/594/4947 5541/834/4944 2766/834/4946 2764/594/3034
f 5542/594/4947 5539/85/4942 2773/85/263 2763/594/3033
f 5539/85/4942 5542/594/4947 2764/594/3034 2774/85/264
f 5543/177/4948 5544/176/4949 2893/176/1915 2895/177/1914
f 5544/176/4949 5543/177/4948 2896/177/1917 2894/176/1916
f 5544/176/4949 5545/456/4950 2911/456/4951 2893/176/1915
f 5545/456/4950 5544/176/4949 2894/176/1916 2912/456/4952
f 5545/456/4950 5546/457/4953 2905/457/3972 2911/456/4951
f 5546/457/4953 5545/456/4950 2912/456/4952 2906/457/3973
f 5546/457/4953 5543/177/4948 2895/177/1914 2905/457/3972
f 5543/177/4948 5546/457/4953 2906/457/3973 2896/177/1917
f 5547/687/4954 5548/695/4955 2319/695/3603 2323/687/3559
f 5548/695/4955 5547/687/4954 2324/687/3560 2320/695/3604
f 5548/695/4955 5549/88/4956 2317/88/272 2319/695/3603
f 5549/88/4956 5548/695/4955 2320/695/3604 2318/88/273
f 5549/88/4956 5550/87/4957 2321/87/267 2317/88/272
f 5550/87/4957 5549/88/4956 2318/88/273 2322/87/270
f 5550/87/4957 5547/687/4954 2323/687/3559 2321/87/267
f 5547/687/4954 5550/87/4957 2322/87/270 2324/687/3560
f 5555/715/4970 5556/716/4971 2919/716/4972 2917/715/4973
f 5556/716/4971 5555/715/4970 2918/715/4974 2920/716/4975
f 5556/716/4971 5557/14/4976 2855/14/4977 2919/716/4972
f 5557/14/4976 5556/716/4971 2920/716/4975 2856/14/4978
f 5557/14/4976 5555/715/4970 2917/715/4973 2855/14/4977
f 5555/715/4970 5557/14/4976 2856/14/4978 2918/715/4974
f 5558/728/4979 5559/472/4980 2845/472/2115 2921/728/4981
f 5559/472/4980 5558/728/4979 2922/728/4982 2846/472/2118
f 5559/472/4980 5560/15/4983 2847/15/4831 2845/472/2115
f 5560/15/4983 5559/472/4980 2846/472/2118 2848/15/4832
f 5560/15/4983 5558/728/4979 2921/728/4981 2847/15/4831
f 5558/728/4979 5560/15/4983 2848/15/4832 2922/728/4982
f 5561/728/4984 5562/19/4985 2839/19/2120 2921/728/4981
f 5562/19/4985 5561/728/4984 2922/728/4982 2840/19/2121
f 5562/19/4985 5563/472/4986 2845/472/2115 2839/19/2120
f 5563/472/4986 5562/19/4985 2840/19/2121 2846/472/2118
f 5563/472/4986 5561/728/4984 2921/728/4981 2845/472/2115
f 5561/728/4984 5563/472/4986 2846/472/2118 2922/728/4982
f 5580/17/5017 5581/16/5018 2817/16/4837 2833/17/3695
f 5581/16/5018 5580/17/5017 2834/17/3696 2818/16/4838
f 5581/16/5018 5582/668/5019 2819/668/5020 2817/16/4837
f 5582/668/5019 5581/16/5018 2818/16/4838 2820/668/5021
f 5582/668/5019 5583/590/5022 2831/590/3698 2819/668/5020
f 5583/590/5022 5582/668/5019 2820/668/5021 2832/590/3699
f 5583/590/5022 5580/17/5017 2833/17/3695 2831/590/3698
f 5580/17/5017 5583/590/5022 2832/590/3699 2834/17/3696
f 5584/721/5023 5585/2/5024 2527/2/5025 2529/721/5026
f 5585/2/5024 5584/721/5023 2530/721/5027 2528/2/5028
f 5585/2/5024 5586/1/5029 2525/1/2874 2527/2/5025
f 5586/1/5029 5585/2/5024 2528/2/5028 2526/1/2875
f 5586/1/5029 5587/330/5030 2523/330/2984 2525/1/2874
f 5587/330/5030 5586/1/5029 2526/1/2875 2524/330/2985
f 5587/330/5030 5584/721/5023 2529/721/5026 2523/330/2984
f 5584/721/5023 5587/330/5030 2524/330/2985 2530/721/5027
f 5592/471/5035 5593/478/5036 2863/478/3288 2843/471/2116
f 5593/478/5036 5592/471/5035 2844/471/2117 2864/478/3291
f 5593/478/5036 5594/296/5037 2861/296/4692 2863/478/3288
f 5594/296/5037 5593/478/5036 2864/478/3291 2862/296/4695
f 5594/296/5037 5595/12/5038 2853/12/4693 2861/296/4692
f 5595/12/5038 5594/296/5037 2862/296/4695 2854/12/4694
f 5595/12/5038 5592/471/5035 2843/471/2116 2853/12/4693
f 5592/471/5035 5595/12/5038 2854/12/4694 2844/471/2117
f 5604/1/5057 5605/2/5058 2527/2/5025 2525/1/2874
f 5605/2/5058 5604/1/5057 2526/1/2875 2528/2/5028
f 5605/2/5058 5606/3/5059 2495/3/5060 2527/2/5025
f 5606/3/5059 5605/2/5058 2528/2/5028 2496/3/5061
f 5606/3/5059 5607/4/5062 2493/4/2877 2495/3/5060
f 5607/4/5062 5606/3/5059 2496/3/5061 2494/4/2878
f 5607/4/5062 5604/1/5057 2525/1/2874 2493/4/2877
f 5604/1/5057 5607/4/5062 2494/4/2878 2526/1/2875
f 5612/440/5067 5613/767/5068 2777/767/4635 2779/440/4631
f 5613/767/5068 5612/440/5067 2780/440/4632 2778/767/4636
f 5613/767/5068 5614/85/5069 2773/85/263 2777/767/4635
f 5614/85/5069 5613/767/5068 2778/767/4636 2774/85/264
f 5614/85/5069 5615/84/5070 2781/84/260 2773/85/263
f 5615/84/5070 5614/85/5069 2774/85/264 2782/84/261
f 5615/84/5070 5616/441/5071 2759/441/3745 2781/84/260
f 5616/441/5071 5615/84/5070 2782/84/261 2760/441/3746
f 5616/441/5071 5612/440/5067 2779/440/4631 2759/441/3745
f 5612/440/5067 5616/441/5071 2760/441/3746 2780/440/4632
f 5628/842/5099 5629/843/5100 2649/843/5101 2639/842/5102
f 5629/843/5100 5628/842/5099 2640/842/5103 2650/843/5104
f 5629/843/5100 5630/710/5105 2647/710/3679 2649/843/5101
f 5630/710/5105 5629/843/5100 2650/843/5104 2648/710/3680
f 5630/710/5105 5631/713/5106 2643/713/3686 2647/710/3679
f 5631/713/5106 5630/710/5105 2648/710/3680 2644/713/3687
f 5631/713/5106 5628/842/5099 2639/842/5102 2643/713/3686
f 5628/842/5099 5631/713/5106 2644/713/3687 2640/842/5103
f 5660/47/5147 5661/48/5148 2783/48/2405 2729/47/1119
f 5661/48/5148 5660/47/5147 2730/47/1122 2784/48/2406
f 5661/48/5148 5662/49/5149 2737/49/2402 2783/48/2405
f 5662/49/5149 5661/48/5148 2784/48/2406 2738/49/2403
f 5662/49/5149 5663/50/5150 2733/50/4500 2737/49/2402
f 5663/50/5150 5662/49/5149 2738/49/2403 2734/50/4501
f 5663/50/5150 5660/47/5147 2729/47/1119 2733/50/4500
f 5660/47/5147 5663/50/5150 2734/50/4501 2730/47/1122
f 5664/848/5151 5665/849/5152 2289/849/5153 2361/848/5154
f 5665/849/5152 5664/848/5151 2362/848/5155 2290/849/5156
f 5665/849/5152 5666/666/5157 2335/666/3440 2289/849/5153
f 5666/666/5157 5665/849/5152 2290/849/5156 2336/666/3441
f 5666/666/5157 5667/640/5158 2355/640/3435 2335/666/3440
f 5667/640/5158 5666/666/5157 2336/666/3441 2356/640/3438
f 5667/640/5158 5664/848/5151 2361/848/5154 2355/640/3435
f 5664/848/5151 5667/640/5158 2356/640/3438 2362/848/5155
f 5668/13/5159 5669/683/5160 2411/683/4270 2409/13/36
f 5669/683/5160 5668/13/5159 2410/13/39 2412/683/4271
f 5669/683/5160 5670/682/5161 2407/682/5162 2411/683/4270
f 5670/682/5161 5669/683/5160 2412/683/4271 2408/682/5163
f 5670/682/5161 5671/14/5164 2401/14/41 2407/682/5162
f 5671/14/5164 5670/682/5161 2408/682/5163 2402/14/42
f 5671/14/5164 5668/13/5159 2409/13/36 2401/14/41
f 5668/13/5159 5671/14/5164 2402/14/42 2410/13/39
f 5676/801/5171 5677/850/5172 2659/850/5173 2653/801/5174
f 5677/850/5172 5676/801/5171 2654/801/5175 2660/850/5176
f 5677/850/5172 5678/711/5177 2655/711/3678 2659/850/5173
f 5678/711/5177 5677/850/5172 2660/850/5176 2656/711/3681
f 5678/711/5177 5679/710/5178 2647/710/3679 2655/711/3678
f 5679/710/5178 5678/711/5177 2656/711/3681 2648/710/3680
f 5679/710/5178 5676/801/5171 2653/801/5174 2647/710/3679
f 5676/801/5171 5679/710/5178 2648/710/3680 2654/801/5175
f 5758/834/5339 5759/594/5340 2575/594/5341 2573/834/5342
f 5759/594/5340 5758/834/5339 2574/834/5343 2576/594/5344
f 5759/594/5340 5760/85/5345 2571/85/1505 2575/594/5341
f 5760/85/5345 5759/594/5340 2576/594/5344 2572/85/1508
f 5760/85/5345 5761/767/5346 2567/767/4142 2571/85/1505
f 5761/767/5346 5760/85/5345 2572/85/1508 2568/767/4143
f 5761/767/5346 5758/834/5339 2573/834/5342 2567/767/4142
f 5758/834/5339 5761/767/5346 2568/767/4143 2574/834/5343
f 5770/500/5365 5771/661/5366 2343/661/3407 2339/500/2447
f 5771/661/5366 5770/500/5365 2340/500/2448 2344/661/3408
f 5771/661/5366 5772/667/5367 2337/667/3443 2343/661/3407
f 5772/667/5367 5771/661/5366 2344/661/3408 2338/667/3444
f 5772/667/5367 5773/501/5368 2333/501/2450 2337/667/3443
f 5773/501/5368 5772/667/5367 2338/667/3444 2334/501/2451
f 5773/501/5368 5770/500/5365 2339/500/2447 2333/501/2450
f 5770/500/5365 5773/501/5368 2334/501/2451 2340/500/2448
f 5823/12/5472 5824/13/5473 2857/13/3519 2853/12/4693
f 5824/13/5473 5823/12/5472 2854/12/4694 2858/13/3520
f 5824/13/5473 5825/14/5474 2855/14/3514 2857/13/3519
f 5825/14/5474 5824/13/5473 2858/13/3520 2856/14/3517
f 5825/14/5474 5826/15/5475 2847/15/4831 2855/14/3514
f 5826/15/5475 5825/14/5474 2856/14/3517 2848/15/4832
f 5826/15/5475 5823/12/5472 2853/12/4693 2847/15/4831
f 5823/12/5472 5826/15/5475 2848/15/4832 2854/12/4694
f 5830/693/5481 5831/48/5482 2783/48/2405 2739/693/3742
f 5831/48/5482 5830/693/5481 2740/693/3743 2784/48/2406
f 5831/48/5482 5832/47/5483 2729/47/1119 2783/48/2405
f 5832/47/5483 5831/48/5482 2784/48/2406 2730/47/1122
f 5832/47/5483 5833/302/5484 2725/302/1120 2729/47/1119
f 5833/302/5484 5832/47/5483 2730/47/1122 2726/302/1121
f 5833/302/5484 5830/693/5481 2739/693/3742 2725/302/1120
f 5830/693/5481 5833/302/5484 2726/302/1121 2740/693/3743
f 5838/418/5493 5839/453/5494 2803/453/1951 2797/418/1954
f 5839/453/5494 5838/418/5493 2798/418/1955 2804/453/1952
f 5839/453/5494 5840/704/5495 2789/704/3654 2803/453/1951
f 5840/704/5495 5839/453/5494 2804/453/1952 2790/704/3657
f 5840/704/5495 5841/182/5496 2793/182/3655 2789/704/3654
f 5841/182/5496 5840/704/5495 2790/704/3657 2794/182/3656
f 5841/182/5496 5838/418/5493 2797/418/1954 2793/182/3655
f 5838/418/5493 5841/182/5496 2794/182/3656 2798/418/1955
f 5846/843/5509 5847/710/5510 2297/710/5511 2293/843/5512
f 5847/710/5510 5846/843/5509 2294/843/5513 2298/710/5514
f 5847/710/5510 5848/875/5515 2295/875/5516 2297/710/5511
f 5848/875/5515 5847/710/5510 2298/710/5514 2296/875/5517
f 5848/875/5515 5849/842/5518 2291/842/5519 2295/875/5516
f 5849/842/5518 5848/875/5515 2296/875/5517 2292/842/5520
f 5849/842/5518 5846/843/5509 2293/843/5512 2291/842/5519
f 5846/843/5509 5849/842/5518 2292/842/5520 2294/843/5513
f 5863/878/5548 5864/498/5549 2341/498/2443 2299/878/5550
f 5864/498/5549 5863/878/5548 2300/878/5551 2342/498/2444
f 5864/498/5549 5865/875/5552 2295/875/5516 2341/498/2443
f 5865/875/5552 5864/498/5549 2342/498/2444 2296/875/5517
f 5865/875/5552 5866/710/5553 2297/710/5511 2295/875/5516
f 5866/710/5553 5865/875/5552 2296/875/5517 2298/710/5514
f 5866/710/5553 5863/878/5548 2299/878/5550 2297/710/5511
f 5863/878/5548 5866/710/5553 2298/710/5514 2300/878/5551
f 5871/764/5558 5872/441/5559 2759/441/3745 2757/764/4660
f 5872/441/5559 5871/764/5558 2758/764/4661 2760/441/3746
f 5872/441/5559 5873/693/5560 2739/693/3742 2759/441/3745
f 5873/693/5560 5872/441/5559 2760/441/3746 2740/693/3743
f 5873/693/5560 5874/692/5561 2755/692/4551 2739/693/3742
f 5874/692/5561 5873/693/5560 2740/693/3743 2756/692/4554
f 5874/692/5561 5871/764/5558 2757/764/4660 2755/692/4551
f 5871/764/5558 5874/692/5561 2756/692/4554 2758/764/4661
f 5917/446/5646 5918/688/5647 2375/688/3558 2325/446/1871
f 5918/688/5647 5917/446/5646 2326/446/1872 2376/688/3561
f 5918/688/5647 5919/687/5648 2323/687/3559 2375/688/3558
f 5919/687/5648 5918/688/5647 2376/688/3561 2324/687/3560
f 5919/687/5648 5920/87/5649 2321/87/267 2323/687/3559
f 5920/87/5649 5919/687/5648 2324/687/3560 2322/87/270
f 5920/87/5649 5917/446/5646 2325/446/1871 2321/87/267
f 5917/446/5646 5920/87/5649 2322/87/270 2326/446/1872
f 5921/875/5650 5922/498/5651 2341/498/2443 2295/875/5516
f 5922/498/5651 5921/875/5650 2296/875/5517 2342/498/2444
f 5922/498/5651 5923/501/5652 2333/501/2450 2341/498/2443
f 5923/501/5652 5922/498/5651 2342/498/2444 2334/501/2451
f 5923/501/5652 5924/363/5653 2331/363/3528 2333/501/2450
f 5924/363/5653 5923/501/5652 2334/501/2451 2332/363/3529
f 5924/363/5653 5921/875/5650 2295/875/5516 2331/363/3528
f 5921/875/5650 5924/363/5653 2332/363/3529 2296/875/5517
f 5937/703/5670 5938/702/5671 2353/702/3643 2349/703/3642
f 5938/702/5671 5937/703/5670 2350/703/3645 2354/702/3644
f 5938/702/5671 5939/669/5672 2351/669/3454 2353/702/3643
f 5939/669/5672 5938/702/5671 2354/702/3644 2352/669/3455
f 5939/669/5672 5940/665/5673 2345/665/3436 2351/669/3454
f 5940/665/5673 5939/669/5672 2352/669/3455 2346/665/3437
f 5940/665/5673 5937/703/5670 2349/703/3642 2345/665/3436
f 5937/703/5670 5940/665/5673 2346/665/3437 2350/703/3645
f 5957/696/5710 5958/823/5711 2357/823/4684 2367/696/3602
f 5958/823/5711 5957/696/5710 2368/696/3605 2358/823/4685
f 5958/823/5711 5959/702/5712 2353/702/3643 2357/823/4684
f 5959/702/5712 5958/823/5711 2358/823/4685 2354/702/3644
f 5959/702/5712 5960/660/5713 2311/660/3404 2353/702/3643
f 5960/660/5713 5959/702/5712 2354/702/3644 2312/660/3405
f 5960/660/5713 5957/696/5710 2367/696/3602 2311/660/3404
f 5957/696/5710 5960/660/5713 2312/660/3405 2368/696/3605
f 5965/752/5726 5966/457/5727 2485/457/1970 2489/752/4920
f 5966/457/5727 5965/752/5726 2490/752/4921 2486/457/1973
f 5966/457/5727 5967/456/5728 2473/456/1971 2485/457/1970
f 5967/456/5728 5966/457/5727 2486/457/1973 2474/456/1972
f 5967/456/5728 5968/883/5729 2491/883/5730 2473/456/1971
f 5968/883/5729 5967/456/5728 2474/456/1972 2492/883/5731
f 5968/883/5729 5965/752/5726 2489/752/4920 2491/883/5730
f 5965/752/5726 5968/883/5729 2492/883/5731 2490/752/4921
f 6013/223/5816 6014/178/5817 2887/178/1919 2881/223/2181
f 6014/178/5817 6013/223/5816 2882/223/2182 2888/178/1920
f 6014/178/5817 6015/452/5818 2883/452/1930 2887/178/1919
f 6015/452/5818 6014/178/5817 2888/178/1920 2884/452/1931
f 6015/452/5818 6016/391/5819 2877/391/3610 2883/452/1930
f 6016/391/5819 6015/452/5818 2884/452/1931 2878/391/3611
f 6016/391/5819 6013/223/5816 2881/223/2181 2877/391/3610
f 6013/223/5816 6016/391/5819 2878/391/3611 2882/223/2182
f 6029/223/5848 6030/178/5849 2463/178/594 2455/223/767
f 6030/178/5849 6029/223/5848 2456/223/770 2464/178/595
f 6030/178/5849 6031/452/5850 2461/452/3810 2463/178/594
f 6031/452/5850 6030/178/5849 2464/178/595 2462/452/3813
f 6031/452/5850 6032/391/5851 2451/391/1526 2461/452/3810
f 6032/391/5851 6031/452/5850 2462/452/3813 2452/391/1527
f 6032/391/5851 6029/223/5848 2455/223/767 2451/391/1526
f 6029/223/5848 6032/391/5851 2452/391/1527 2456/223/770
f 6045/823/5888 6046/675/5889 2363/675/3482 2357/823/4684
f 6046/675/5889 6045/823/5888 2358/823/4685 2364/675/3483
f 6046/675/5889 6047/669/5890 2351/669/3454 2363/675/3482
f 6047/669/5890 6046/675/5889 2364/675/3483 2352/669/3455
f 6047/669/5890 6048/702/5891 2353/702/3643 2351/669/3454
f 6048/702/5891 6047/669/5890 2352/669/3455 2354/702/3644
f 6048/702/5891 6045/823/5888 2357/823/4684 2353/702/3643
f 6045/823/5888 6048/702/5891 2354/702/3644 2358/823/4685
f 6106/895/6003 6107/850/6004 2659/850/5173 2657/895/6005
f 6107/850/6004 6106/895/6003 2658/895/6006 2660/850/5176
f 6107/850/6004 6108/801/6007 2653/801/5174 2659/850/5173
f 6108/801/6007 6107/850/6004 2660/850/5176 2654/801/5175
f 6108/801/6007 6109/447/6008 2635/447/6009 2653/801/5174
f 6109/447/6008 6108/801/6007 2654/801/5175 2636/447/6010
f 6109/447/6008 6106/895/6003 2657/895/6005 2635/447/6009
f 6106/895/6003 6109/447/6008 2636/447/6010 2658/895/6006
f 6110/701/6011 6111/677/6012 2309/677/3493 2303/701/3636
f 6111/677/6012 6110/701/6011 2304/701/3637 2310/677/3494
f 6111/677/6012 6112/676/6013 2305/676/3490 2309/677/3493
f 6112/676/6013 6111/677/6012 2310/677/3494 2306/676/3491
f 6112/676/6013 6113/878/6014 2299/878/5550 2305/676/3490
f 6113/878/6014 6112/676/6013 2306/676/3491 2300/878/5551
f 6113/878/6014 6110/701/6011 2303/701/3636 2299/878/5550
f 6110/701/6011 6113/878/6014 2300/878/5551 2304/701/3637
f 6129/878/6046 6130/676/6047 2305/676/3490 2299/878/5550
f 6130/676/6047 6129/878/6046 2300/878/5551 2306/676/3491
f 6130/676/6047 6131/499/6048 2347/499/2442 2305/676/3490
f 6131/499/6048 6130/676/6047 2306/676/3491 2348/499/2445
f 6131/499/6048 6132/498/6049 2341/498/2443 2347/499/2442
f 6132/498/6049 6131/499/6048 2348/499/2445 2342/498/2444
f 6132/498/6049 6129/878/6046 2299/878/5550 2341/498/2443
f 6129/878/6046 6132/498/6049 2342/498/2444 2300/878/5551
f 6141/457/6058 6142/456/6059 2911/456/4951 2905/457/3972
f 6142/456/6059 6141/457/6058 2906/457/3973 2912/456/4952
f 6142/456/6059 6143/883/6060 2909/883/6061 2911/456/4951
f 6143/883/6060 6142/456/6059 2912/456/4952 2910/883/6062
f 6143/883/6060 6144/752/6063 2907/752/3971 2909/883/6061
f 6144/752/6063 6143/883/6060 2910/883/6062 2908/752/3974
f 6144/752/6063 6141/457/6058 2905/457/3972 2907/752/3971
f 6141/457/6058 6144/752/6063 2908/752/3974 2906/457/3973
f 6174/478/6115 6175/727/6116 2425/727/3800 2423/478/2111
f 6175/727/6116 6174/478/6115 2424/478/2112 2426/727/3801
f 6175/727/6116 6176/297/6117 2421/297/1095 2425/727/3800
f 6176/297/6117 6175/727/6116 2426/727/3801 2422/297/1098
f 6176/297/6117 6177/296/6118 2419/296/1096 2421/297/1095
f 6177/296/6118 6176/297/6117 2422/297/1098 2420/296/1097
f 6177/296/6118 6174/478/6115 2423/478/2111 2419/296/1096
f 6174/478/6115 6177/296/6118 2420/296/1097 2424/478/2112
f 6182/418/6125 6183/182/6126 2587/182/606 2509/418/1668
f 6183/182/6126 6182/418/6125 2510/418/1669 2588/182/607
f 6183/182/6126 6184/181/6127 2505/181/601 2587/182/606
f 6184/181/6127 6183/182/6126 2588/182/607 2506/181/604
f 6184/181/6127 6185/416/6128 2507/416/1663 2505/181/601
f 6185/416/6128 6184/181/6127 2506/181/604 2508/416/1664
f 6185/416/6128 6182/418/6125 2509/418/1668 2507/416/1663
f 6182/418/6125 6185/416/6128 2508/416/1664 2510/418/1669
f 6202/471/5641 6203/478/6163 2423/478/2111 2399/471/2071
f 6203/478/6163 6202/471/5641 2400/471/1947 2424/478/2112
f 6203/478/6163 6204/296/6164 2419/296/1096 2423/478/2111
f 6204/296/6164 6203/478/6163 2424/478/2112 2420/296/1097
f 6204/296/6164 6205/12/6165 2405/12/37 2419/296/1096
f 6205/12/6165 6204/296/6164 2420/296/1097 2406/12/38
f 6205/12/6165 6202/471/5641 2399/471/2071 2405/12/37
f 6202/471/5641 6205/12/6165 2406/12/38 2400/471/1947
f 6206/710/6166 6207/801/6167 2301/801/4444 2297/710/5511
f 6207/801/6167 6206/710/6166 2298/710/5514 2302/801/4445
f 6207/801/6167 6208/701/6168 2303/701/3636 2301/801/4444
f 6208/701/6168 6207/801/6167 2302/801/4445 2304/701/3637
f 6208/701/6168 6209/878/6169 2299/878/5550 2303/701/3636
f 6209/878/6169 6208/701/6168 2304/701/3637 2300/878/5551
f 6209/878/6169 6206/710/6166 2297/710/5511 2299/878/5550
f 6206/710/6166 6209/878/6169 2300/878/5551 2298/710/5514
f 6221/567/6199 6222/895/6200 2657/895/6005 2633/567/2862
f 6222/895/6200 6221/567/6199 2634/567/2865 2658/895/6006
f 6222/895/6200 6223/447/6201 2635/447/6009 2657/895/6005
f 6223/447/6201 6222/895/6200 2658/895/6006 2636/447/6010
f 6223/447/6201 6224/446/6202 2629/446/2867 2635/447/6009
f 6224/446/6202 6223/447/6201 2636/447/6010 2630/446/2868
f 6224/446/6202 6221/567/6199 2633/567/2862 2629/446/2867
f 6221/567/6199 6224/446/6202 2630/446/2868 2634/567/2865
f 6251/471/6257 6252/12/6258 2405/12/37 2399/471/2071
f 6252/12/6258 6251/471/6257 2400/471/1947 2406/12/38
f 6252/12/6258 6253/15/6259 2395/15/44 2405/12/37
f 6253/15/6259 6252/12/6258 2406/12/38 2396/15/45
f 6253/15/6259 6254/472/6260 2393/472/2073 2395/15/44
f 6254/472/6260 6253/15/6259 2396/15/45 2394/472/2074
f 6254/472/6260 6251/471/6257 2399/471/2071 2393/472/2073
f 6251/471/6257 6254/472/6260 2394/472/2074 2400/471/1947
f 6290/447/6322 6291/444/6323 2637/444/6324 2635/447/6009
f 6291/444/6323 6290/447/6322 2636/447/6010 2638/444/6325
f 6291/444/6323 6292/445/6326 2631/445/6327 2637/444/6324
f 6292/445/6326 6291/444/6323 2638/444/6325 2632/445/6328
f 6292/445/6326 6293/446/6329 2629/446/2867 2631/445/6327
f 6293/446/6329 6292/445/6326 2632/445/6328 2630/446/2868
f 6293/446/6329 6290/447/6322 2635/447/6009 2629/446/2867
f 6290/447/6322 6293/446/6329 2630/446/2868 2636/447/6010
f 6302/593/6340 6303/82/6341 2569/82/1510 2577/593/6342
f 6303/82/6341 6302/593/6340 2578/593/6343 2570/82/1511
f 6303/82/6341 6304/85/6344 2571/85/1505 2569/82/1510
f 6304/85/6344 6303/82/6341 2570/82/1511 2572/85/1508
f 6304/85/6344 6305/594/6345 2575/594/5341 2571/85/1505
f 6305/594/6345 6304/85/6344 2572/85/1508 2576/594/5344
f 6305/594/6345 6302/593/6340 2577/593/6342 2575/594/5341
f 6302/593/6340 6305/594/6345 2576/594/5344 2578/593/6343
f 6321/849/6379 6322/362/6380 2611/362/1388 2603/849/6381
f 6322/362/6380 6321/849/6379 2604/849/6382 2612/362/1389
f 6322/362/6380 6323/640/6383 2601/640/3243 2611/362/1388
f 6323/640/6383 6322/362/6380 2612/362/1389 2602/640/3244
f 6323/640/6383 6324/905/6384 2597/905/6385 2601/640/3243
f 6324/905/6384 6323/640/6383 2602/640/3244 2598/905/6386
f 6324/905/6384 6321/849/6379 2603/849/6381 2597/905/6385
f 6321/849/6379 6324/905/6384 2598/905/6386 2604/849/6382
usemtl Meshpart3Mtl.002
f 3541/5/13 3542/6/14 3265/6/15 3263/5/16
f 3542/6/14 3541/5/13 3264/5/17 3266/6/18
f 3542/6/14 3543/7/19 3257/7/20 3265/6/15
f 3543/7/19 3542/6/14 3266/6/18 3258/7/21
f 3543/7/19 3544/8/22 3255/8/23 3257/7/20
f 3544/8/22 3543/7/19 3258/7/21 3256/8/24
f 3544/8/22 3541/5/13 3263/5/16 3255/8/23
f 3541/5/13 3544/8/22 3256/8/24 3264/5/17
f 3566/30/88 3567/31/89 3337/31/90 3335/30/91
f 3567/31/89 3566/30/88 3336/30/92 3338/31/93
f 3567/31/89 3568/32/94 3319/32/95 3337/31/90
f 3568/32/94 3567/31/89 3338/31/93 3320/32/96
f 3568/32/94 3569/33/97 3331/33/98 3319/32/95
f 3569/33/97 3568/32/94 3320/32/96 3332/33/99
f 3569/33/97 3566/30/88 3335/30/91 3331/33/98
f 3566/30/88 3569/33/97 3332/33/99 3336/30/92
f 3609/70/217 3610/71/218 3395/71/219 3377/70/220
f 3610/71/218 3609/70/217 3378/70/221 3396/71/222
f 3610/71/218 3611/72/223 3387/72/224 3395/71/219
f 3611/72/223 3610/71/218 3396/71/222 3388/72/225
f 3611/72/223 3612/73/226 3383/73/227 3387/72/224
f 3612/73/226 3611/72/223 3388/72/225 3384/73/228
f 3612/73/226 3609/70/217 3377/70/220 3383/73/227
f 3609/70/217 3612/73/226 3384/73/228 3378/70/221
f 3613/74/229 3614/75/230 3375/75/231 3371/74/232
f 3614/75/230 3613/74/229 3372/74/233 3376/75/234
f 3614/75/230 3615/76/235 3367/76/236 3375/75/231
f 3615/76/235 3614/75/230 3376/75/234 3368/76/237
f 3615/76/235 3616/77/238 3365/77/239 3367/76/236
f 3616/77/238 3615/76/235 3368/76/237 3366/77/240
f 3616/77/238 3613/74/229 3371/74/232 3365/77/239
f 3613/74/229 3616/77/238 3366/77/240 3372/74/233
f 3639/98/303 3640/99/304 3243/99/305 3241/98/306
f 3640/99/304 3639/98/303 3242/98/307 3244/99/308
f 3640/99/304 3641/100/309 3231/100/310 3243/99/305
f 3641/100/309 3640/99/304 3244/99/308 3232/100/311
f 3641/100/309 3642/101/312 3239/101/313 3231/100/310
f 3642/101/312 3641/100/309 3232/100/311 3240/101/314
f 3642/101/312 3639/98/303 3241/98/306 3239/101/313
f 3639/98/303 3642/101/312 3240/101/314 3242/98/307
f 3677/127/401 3678/128/402 3277/128/403 3259/127/404
f 3678/128/402 3677/127/401 3260/127/405 3278/128/406
f 3678/128/402 3679/129/407 3275/129/408 3277/128/403
f 3679/129/407 3678/128/402 3278/128/406 3276/129/409
f 3679/129/407 3680/130/410 3271/130/411 3275/129/408
f 3680/130/410 3679/129/407 3276/129/409 3272/130/412
f 3680/130/410 3677/127/401 3259/127/404 3271/130/411
f 3677/127/401 3680/130/410 3272/130/412 3260/127/405
f 3697/146/461 3698/33/462 3331/33/98 3333/146/463
f 3698/33/462 3697/146/461 3334/146/464 3332/33/99
f 3698/33/462 3699/147/465 3325/147/466 3331/33/98
f 3699/147/465 3698/33/462 3332/33/99 3326/147/467
f 3699/147/465 3700/148/468 3329/148/469 3325/147/466
f 3700/148/468 3699/147/465 3326/147/467 3330/148/470
f 3700/148/468 3697/146/461 3333/146/463 3329/148/469
f 3697/146/461 3700/148/468 3330/148/470 3334/146/464
f 3721/162/531 3722/163/532 2941/163/533 2943/162/534
f 3722/163/532 3721/162/531 2944/162/535 2942/163/536
f 3722/163/532 3723/164/537 2933/164/538 2941/163/533
f 3723/164/537 3722/163/532 2942/163/536 2934/164/539
f 3723/164/537 3724/165/540 2939/165/541 2933/164/538
f 3724/165/540 3723/164/537 2934/164/539 2940/165/542
f 3724/165/540 3721/162/531 2943/162/534 2939/165/541
f 3721/162/531 3724/165/540 2940/165/542 2944/162/535
f 3737/172/575 3738/173/576 3429/173/577 3407/172/578
f 3738/173/576 3737/172/575 3408/172/579 3430/173/580
f 3738/173/576 3739/174/581 3421/174/582 3429/173/577
f 3739/174/581 3738/173/576 3430/173/580 3422/174/583
f 3739/174/581 3740/175/584 3425/175/585 3421/174/582
f 3740/175/584 3739/174/581 3422/174/583 3426/175/586
f 3740/175/584 3737/172/575 3407/172/578 3425/175/585
f 3737/172/575 3740/175/584 3426/175/586 3408/172/579
f 3755/189/629 3756/190/630 2969/190/631 2955/189/632
f 3756/190/630 3755/189/629 2956/189/633 2970/190/634
f 3756/190/630 3757/191/635 2967/191/636 2969/190/631
f 3757/191/635 3756/190/630 2970/190/634 2968/191/637
f 3757/191/635 3758/192/638 2951/192/639 2967/191/636
f 3758/192/638 3757/191/635 2968/191/637 2952/192/640
f 3758/192/638 3755/189/629 2955/189/632 2951/192/639
f 3755/189/629 3758/192/638 2952/192/640 2956/189/633
f 3861/261/935 3862/262/936 3107/262/937 3103/261/938
f 3862/262/936 3861/261/935 3104/261/939 3108/262/940
f 3862/262/936 3863/263/941 3081/263/942 3107/262/937
f 3863/263/941 3862/262/936 3108/262/940 3082/263/943
f 3863/263/941 3864/264/944 3105/264/945 3081/263/942
f 3864/264/944 3863/263/941 3082/263/943 3106/264/946
f 3864/264/944 3865/265/947 3101/265/948 3105/264/945
f 3865/265/947 3864/264/944 3106/264/946 3102/265/949
f 3865/265/947 3861/261/935 3103/261/938 3101/265/948
f 3861/261/935 3865/265/947 3102/265/949 3104/261/939
f 3866/172/950 3867/266/951 3403/266/952 3407/172/578
f 3867/266/951 3866/172/950 3408/172/579 3404/266/953
f 3867/266/951 3868/267/954 3399/267/955 3403/266/952
f 3868/267/954 3867/266/951 3404/266/953 3400/267/956
f 3868/267/954 3869/268/957 3393/268/958 3399/267/955
f 3869/268/957 3868/267/954 3400/267/956 3394/268/959
f 3869/268/957 3870/269/960 3401/269/961 3393/268/958
f 3870/269/960 3869/268/957 3394/268/959 3402/269/962
f 3870/269/960 3866/172/950 3407/172/578 3401/269/961
f 3866/172/950 3870/269/960 3402/269/962 3408/172/579
f 3933/305/1129 3934/306/1130 3059/306/1131 3057/305/1132
f 3934/306/1130 3933/305/1129 3058/305/1133 3060/306/1134
f 3934/306/1130 3935/307/1135 3053/307/1136 3059/306/1131
f 3935/307/1135 3934/306/1130 3060/306/1134 3054/307/1137
f 3935/307/1135 3936/308/1138 3023/308/1139 3053/307/1136
f 3936/308/1138 3935/307/1135 3054/307/1137 3024/308/1140
f 3936/308/1138 3933/305/1129 3057/305/1132 3023/308/1139
f 3933/305/1129 3936/308/1138 3024/308/1140 3058/305/1133
f 3944/313/1162 3945/314/1163 2997/314/1164 2959/313/1165
f 3945/314/1163 3944/313/1162 2960/313/1166 2998/314/1167
f 3945/314/1163 3946/315/1168 2963/315/1169 2997/314/1164
f 3946/315/1168 3945/314/1163 2998/314/1167 2964/315/1170
f 3946/315/1168 3947/316/1171 2961/316/1172 2963/315/1169
f 3947/316/1171 3946/315/1168 2964/315/1170 2962/316/1173
f 3947/316/1171 3944/313/1162 2959/313/1165 2961/316/1172
f 3944/313/1162 3947/316/1171 2962/316/1173 2960/313/1166
f 3983/73/1277 3984/72/1278 3387/72/224 3383/73/227
f 3984/72/1278 3983/73/1277 3384/73/228 3388/72/225
f 3984/72/1278 3985/339/1279 3385/339/1280 3387/72/224
f 3985/339/1279 3984/72/1278 3388/72/225 3386/339/1281
f 3985/339/1279 3986/340/1282 3381/340/1283 3385/339/1280
f 3986/340/1282 3985/339/1279 3386/339/1281 3382/340/1284
f 3986/340/1282 3983/73/1277 3383/73/227 3381/340/1283
f 3983/73/1277 3986/340/1282 3382/340/1284 3384/73/228
f 3990/269/1294 3991/172/1295 3207/172/1296 3193/269/1297
f 3991/172/1295 3990/269/1294 3194/269/1298 3208/172/1299
f 3991/172/1295 3992/266/1300 3203/266/1301 3207/172/1296
f 3992/266/1300 3991/172/1295 3208/172/1299 3204/266/1302
f 3992/266/1300 3993/267/1303 3197/267/1304 3203/266/1301
f 3993/267/1303 3992/266/1300 3204/266/1302 3198/267/1305
f 3993/267/1303 3994/268/1306 3189/268/1307 3197/267/1304
f 3994/268/1306 3993/267/1303 3198/267/1305 3190/268/1308
f 3994/268/1306 3990/269/1294 3193/269/1297 3189/268/1307
f 3990/269/1294 3994/268/1306 3190/268/1308 3194/269/1298
f 4011/352/1357 4012/353/1358 3037/353/1359 3027/352/1360
f 4012/353/1358 4011/352/1357 3028/352/1361 3038/353/1362
f 4012/353/1358 4013/354/1363 3033/354/1364 3037/353/1359
f 4013/354/1363 4012/353/1358 3038/353/1362 3034/354/1365
f 4013/354/1363 4014/355/1366 3029/355/1367 3033/354/1364
f 4014/355/1366 4013/354/1363 3034/354/1365 3030/355/1368
f 4014/355/1366 4011/352/1357 3027/352/1360 3029/355/1367
f 4011/352/1357 4014/355/1366 3030/355/1368 3028/352/1361
f 4031/372/1417 4032/373/1418 3019/373/1419 3009/372/1420
f 4032/373/1418 4031/372/1417 3010/372/1421 3020/373/1422
f 4032/373/1418 4033/374/1423 3017/374/1424 3019/373/1419
f 4033/374/1423 4032/373/1418 3020/373/1422 3018/374/1425
f 4033/374/1423 4034/375/1426 3015/375/1427 3017/374/1424
f 4034/375/1426 4033/374/1423 3018/374/1425 3016/375/1428
f 4034/375/1426 4031/372/1417 3009/372/1420 3015/375/1427
f 4031/372/1417 4034/375/1426 3016/375/1428 3010/372/1421
f 4053/70/1483 4054/71/1484 3185/71/1485 3179/70/1486
f 4054/71/1484 4053/70/1483 3180/70/1487 3186/71/1488
f 4054/71/1484 4055/72/1489 3187/72/1490 3185/71/1485
f 4055/72/1489 4054/71/1484 3186/71/1488 3188/72/1491
f 4055/72/1489 4056/73/1492 3183/73/1493 3187/72/1490
f 4056/73/1492 4055/72/1489 3188/72/1491 3184/73/1494
f 4056/73/1492 4053/70/1483 3179/70/1486 3183/73/1493
f 4053/70/1483 4056/73/1492 3184/73/1494 3180/70/1487
f 4241/307/2005 4242/306/2006 3059/306/1131 3053/307/1136
f 4242/306/2006 4241/307/2005 3054/307/1137 3060/306/1134
f 4242/306/2006 4243/460/2007 3055/460/2008 3059/306/1131
f 4243/460/2007 4242/306/2006 3060/306/1134 3056/460/2009
f 4243/460/2007 4244/461/2010 3049/461/2011 3055/460/2008
f 4244/461/2010 4243/460/2007 3056/460/2009 3050/461/2012
f 4244/461/2010 4241/307/2005 3053/307/1136 3049/461/2011
f 4241/307/2005 4244/461/2010 3050/461/2012 3054/307/1137
f 4249/464/2025 4250/314/2026 2997/314/1164 2965/464/2027
f 4250/314/2026 4249/464/2025 2966/464/2028 2998/314/1167
f 4250/314/2026 4251/313/2029 2959/313/1165 2997/314/1164
f 4251/313/2029 4250/314/2026 2998/314/1167 2960/313/1166
f 4251/313/2029 4252/465/2030 2931/465/2031 2959/313/1165
f 4252/465/2030 4251/313/2029 2960/313/1166 2932/465/2032
f 4252/465/2030 4249/464/2025 2965/464/2027 2931/465/2031
f 4249/464/2025 4252/465/2030 2932/465/2032 2966/464/2028
f 4253/355/2033 4254/354/2034 3033/354/1364 3029/355/1367
f 4254/354/2034 4253/355/2033 3030/355/1368 3034/354/1365
f 4254/354/2034 4255/466/2035 3035/466/2036 3033/354/1364
f 4255/466/2035 4254/354/2034 3034/354/1365 3036/466/2037
f 4255/466/2035 4256/467/2038 3031/467/2039 3035/466/2036
f 4256/467/2038 4255/466/2035 3036/466/2037 3032/467/2040
f 4256/467/2038 4253/355/2033 3029/355/1367 3031/467/2039
f 4253/355/2033 4256/467/2038 3032/467/2040 3030/355/1368
f 4261/468/2053 4262/469/2054 3405/469/2055 3413/468/2056
f 4262/469/2054 4261/468/2053 3414/468/2057 3406/469/2058
f 4262/469/2054 4263/175/2059 3425/175/585 3405/469/2055
f 4263/175/2059 4262/469/2054 3406/469/2058 3426/175/586
f 4263/175/2059 4264/470/2060 3423/470/2061 3425/175/585
f 4264/470/2060 4263/175/2059 3426/175/586 3424/470/2062
f 4264/470/2060 4261/468/2053 3413/468/2056 3423/470/2061
f 4261/468/2053 4264/470/2060 3424/470/2062 3414/468/2057
f 4305/482/2170 4306/71/2171 3185/71/1485 3181/482/2172
f 4306/71/2171 4305/482/2170 3182/482/2173 3186/71/1488
f 4306/71/2171 4307/70/2174 3179/70/1486 3185/71/1485
f 4307/70/2174 4306/71/2171 3186/71/1488 3180/70/1487
f 4307/70/2174 4308/483/2175 3177/483/2176 3179/70/1486
f 4308/483/2175 4307/70/2174 3180/70/1487 3178/483/2177
f 4308/483/2175 4305/482/2170 3181/482/2172 3177/483/2176
f 4305/482/2170 4308/483/2175 3178/483/2177 3182/482/2173
f 4313/163/2186 4314/162/2187 3281/162/2188 3253/163/2189
f 4314/162/2187 4313/163/2186 3254/163/2190 3282/162/2191
f 4314/162/2187 4315/128/2192 3277/128/403 3281/162/2188
f 4315/128/2192 4314/162/2187 3282/162/2191 3278/128/406
f 4315/128/2192 4316/127/2193 3259/127/404 3277/128/403
f 4316/127/2193 4315/128/2192 3278/128/406 3260/127/405
f 4316/127/2193 4313/163/2186 3253/163/2189 3259/127/404
f 4313/163/2186 4316/127/2193 3260/127/405 3254/163/2190
f 4329/486/2230 4330/192/2231 3311/192/2232 3295/486/2233
f 4330/192/2231 4329/486/2230 3296/486/2234 3312/192/2235
f 4330/192/2231 4331/189/2236 3309/189/2237 3311/192/2232
f 4331/189/2236 4330/192/2231 3312/192/2235 3310/189/2238
f 4331/189/2236 4332/487/2239 3303/487/2240 3309/189/2237
f 4332/487/2239 4331/189/2236 3310/189/2238 3304/487/2241
f 4332/487/2239 4329/486/2230 3295/486/2233 3303/487/2240
f 4329/486/2230 4332/487/2239 3304/487/2241 3296/486/2234
f 4333/101/2242 4334/488/2243 3003/488/2244 2929/101/2245
f 4334/488/2243 4333/101/2242 2930/101/2246 3004/488/2247
f 4334/488/2243 4335/489/2248 2999/489/2249 3003/488/2244
f 4335/489/2248 4334/488/2243 3004/488/2247 3000/489/2250
f 4335/489/2248 4336/100/2251 3001/100/2252 2999/489/2249
f 4336/100/2251 4335/489/2248 3000/489/2250 3002/100/2253
f 4336/100/2251 4333/101/2242 2929/101/2245 3001/100/2252
f 4333/101/2242 4336/100/2251 3002/100/2253 2930/101/2246
f 4401/496/2408 4402/189/2409 2955/189/632 2953/496/2410
f 4402/189/2409 4401/496/2408 2954/496/2411 2956/189/633
f 4402/189/2409 4403/192/2412 2951/192/639 2955/189/632
f 4403/192/2412 4402/189/2409 2956/189/633 2952/192/640
f 4403/192/2412 4404/497/2413 2947/497/2414 2951/192/639
f 4404/497/2413 4403/192/2412 2952/192/640 2948/497/2415
f 4404/497/2413 4401/496/2408 2953/496/2410 2947/497/2414
f 4401/496/2408 4404/497/2413 2948/497/2415 2954/496/2411
f 4433/506/2496 4434/507/2497 3237/507/2498 3273/506/2499
f 4434/507/2497 4433/506/2496 3274/506/2500 3238/507/2501
f 4434/507/2497 4435/99/2502 3243/99/305 3237/507/2498
f 4435/99/2502 4434/507/2497 3238/507/2501 3244/99/308
f 4435/99/2502 4436/508/2503 3267/508/2504 3243/99/305
f 4436/508/2503 4435/99/2502 3244/99/308 3268/508/2505
f 4436/508/2503 4433/506/2496 3273/506/2499 3267/508/2504
f 4433/506/2496 4436/508/2503 3268/508/2505 3274/506/2500
f 4437/74/2506 4438/75/2507 3169/75/2508 3163/74/2509
f 4438/75/2507 4437/74/2506 3164/74/2510 3170/75/2511
f 4438/75/2507 4439/76/2512 3159/76/2513 3169/75/2508
f 4439/76/2512 4438/75/2507 3170/75/2511 3160/76/2514
f 4439/76/2512 4440/77/2515 3157/77/2516 3159/76/2513
f 4440/77/2515 4439/76/2512 3160/76/2514 3158/77/2517
f 4440/77/2515 4437/74/2506 3163/74/2509 3157/77/2516
f 4437/74/2506 4440/77/2515 3158/77/2517 3164/74/2510
f 4453/510/2554 4454/507/2555 3237/507/2498 3301/510/2556
f 4454/507/2555 4453/510/2554 3302/510/2557 3238/507/2501
f 4454/507/2555 4455/506/2558 3273/506/2499 3237/507/2498
f 4455/506/2558 4454/507/2555 3238/507/2501 3274/506/2500
f 4455/506/2558 4456/511/2559 3279/511/2560 3273/506/2499
f 4456/511/2559 4455/506/2558 3274/506/2500 3280/511/2561
f 4456/511/2559 4453/510/2554 3301/510/2556 3279/511/2560
f 4453/510/2554 4456/511/2559 3280/511/2561 3302/510/2557
f 4492/307/2667 4493/306/2668 3483/306/2669 3477/307/2670
f 4493/306/2668 4492/307/2667 3478/307/2671 3484/306/2672
f 4493/306/2668 4494/460/2673 3481/460/2674 3483/306/2669
f 4494/460/2673 4493/306/2668 3484/306/2672 3482/460/2675
f 4494/460/2673 4495/461/2676 3469/461/2677 3481/460/2674
f 4495/461/2676 4494/460/2673 3482/460/2675 3470/461/2678
f 4495/461/2676 4492/307/2667 3477/307/2670 3469/461/2677
f 4492/307/2667 4495/461/2676 3470/461/2678 3478/307/2671
f 4502/534/2693 4503/535/2694 3515/535/2695 3511/534/2696
f 4503/535/2694 4502/534/2693 3512/534/2697 3516/535/2698
f 4503/535/2694 4504/261/2699 3509/261/2700 3515/535/2695
f 4504/261/2699 4503/535/2694 3516/535/2698 3510/261/2701
f 4504/261/2699 4505/536/2702 3505/536/2703 3509/261/2700
f 4505/536/2702 4504/261/2699 3510/261/2701 3506/536/2704
f 4505/536/2702 4502/534/2693 3511/534/2696 3505/536/2703
f 4502/534/2693 4505/536/2702 3506/536/2704 3512/534/2697
f 4516/541/2731 4517/74/2732 3163/74/2509 3161/541/2733
f 4517/74/2732 4516/541/2731 3162/541/2734 3164/74/2510
f 4517/74/2732 4518/77/2735 3157/77/2516 3163/74/2509
f 4518/77/2735 4517/74/2732 3164/74/2510 3158/77/2517
f 4518/77/2735 4519/542/2736 3151/542/2737 3157/77/2516
f 4519/542/2736 4518/77/2735 3158/77/2517 3152/542/2738
f 4519/542/2736 4516/541/2731 3161/541/2733 3151/542/2737
f 4516/541/2731 4519/542/2736 3152/542/2738 3162/541/2734
f 4523/535/2748 4524/543/2749 3521/543/2750 3515/535/2695
f 4524/543/2749 4523/535/2748 3516/535/2698 3522/543/2751
f 4524/543/2749 4525/262/2752 3517/262/2753 3521/543/2750
f 4525/262/2752 4524/543/2749 3522/543/2751 3518/262/2754
f 4525/262/2752 4526/261/2755 3509/261/2700 3517/262/2753
f 4526/261/2755 4525/262/2752 3518/262/2754 3510/261/2701
f 4526/261/2755 4523/535/2748 3515/535/2695 3509/261/2700
f 4523/535/2748 4526/261/2755 3510/261/2701 3516/535/2698
f 4559/127/2836 4560/130/2837 3271/130/411 3259/127/404
f 4560/130/2837 4559/127/2836 3260/127/405 3272/130/412
f 4560/130/2837 4561/5/2838 3263/5/16 3271/130/411
f 4561/5/2838 4560/130/2837 3272/130/412 3264/5/17
f 4561/5/2838 4562/8/2839 3255/8/23 3263/5/16
f 4562/8/2839 4561/5/2838 3264/5/17 3256/8/24
f 4562/8/2839 4559/127/2836 3259/127/404 3255/8/23
f 4559/127/2836 4562/8/2839 3256/8/24 3260/127/405
f 4567/564/2852 4568/75/2853 3375/75/231 3373/564/2854
f 4568/75/2853 4567/564/2852 3374/564/2855 3376/75/234
f 4568/75/2853 4569/74/2856 3371/74/232 3375/75/231
f 4569/74/2856 4568/75/2853 3376/75/234 3372/74/233
f 4569/74/2856 4570/565/2857 3369/565/2858 3371/74/232
f 4570/565/2857 4569/74/2856 3372/74/233 3370/565/2859
f 4570/565/2857 4567/564/2852 3373/564/2854 3369/565/2858
f 4567/564/2852 4570/565/2857 3370/565/2859 3374/564/2855
f 4605/579/2942 4606/355/2943 3451/355/2944 3443/579/2945
f 4606/355/2943 4605/579/2942 3444/579/2946 3452/355/2947
f 4606/355/2943 4607/467/2948 3445/467/2949 3451/355/2944
f 4607/467/2948 4606/355/2943 3452/355/2947 3446/467/2950
f 4607/467/2948 4608/580/2951 3441/580/2952 3445/467/2949
f 4608/580/2951 4607/467/2948 3446/467/2950 3442/580/2953
f 4608/580/2951 4605/579/2942 3443/579/2945 3441/580/2952
f 4605/579/2942 4608/580/2951 3442/580/2953 3444/579/2946
f 4692/265/3155 4693/264/3156 3105/264/945 3101/265/948
f 4693/264/3156 4692/265/3155 3102/265/949 3106/264/946
f 4693/264/3156 4694/623/3157 3087/623/3158 3105/264/945
f 4694/623/3157 4693/264/3156 3106/264/946 3088/623/3159
f 4694/623/3157 4695/624/3160 3089/624/3161 3087/623/3158
f 4695/624/3160 4694/623/3157 3088/623/3159 3090/624/3162
f 4695/624/3160 4692/265/3155 3101/265/948 3089/624/3161
f 4692/265/3155 4695/624/3160 3090/624/3162 3102/265/949
f 4726/353/3249 4727/642/3250 3041/642/3251 3037/353/1359
f 4727/642/3250 4726/353/3249 3038/353/1362 3042/642/3252
f 4727/642/3250 4728/643/3253 3039/643/3254 3041/642/3251
f 4728/643/3253 4727/642/3250 3042/642/3252 3040/643/3255
f 4728/643/3253 4729/354/3256 3033/354/1364 3039/643/3254
f 4729/354/3256 4728/643/3253 3040/643/3255 3034/354/1365
f 4729/354/3256 4726/353/3249 3037/353/1359 3033/354/1364
f 4726/353/3249 4729/354/3256 3034/354/1365 3038/353/1362
f 4734/266/3269 4735/644/3270 3195/644/3271 3203/266/1301
f 4735/644/3270 4734/266/3269 3204/266/1302 3196/644/3272
f 4735/644/3270 4736/267/3273 3197/267/1304 3195/644/3271
f 4736/267/3273 4735/644/3270 3196/644/3272 3198/267/1305
f 4736/267/3273 4734/266/3269 3203/266/1301 3197/267/1304
f 4734/266/3269 4736/267/3273 3198/267/1305 3204/266/1302
f 4745/7/3294 4746/6/3295 3265/6/15 3257/7/20
f 4746/6/3295 4745/7/3294 3258/7/21 3266/6/18
f 4746/6/3295 4747/645/3296 3261/645/3297 3265/6/15
f 4747/645/3296 4746/6/3295 3266/6/18 3262/645/3298
f 4747/645/3296 4748/98/3299 3241/98/306 3261/645/3297
f 4748/98/3299 4747/645/3296 3262/645/3298 3242/98/307
f 4748/98/3299 4745/7/3294 3257/7/20 3241/98/306
f 4745/7/3294 4748/98/3299 3242/98/307 3258/7/21
f 4816/672/3471 4817/673/3472 3297/673/3473 3269/672/3405
f 4817/673/3472 4816/672/3471 3270/672/3474 3298/673/3475
f 4817/673/3472 4818/674/3476 3291/674/3477 3297/673/3473
f 4818/674/3476 4817/673/3472 3298/673/3475 3292/674/3478
f 4818/674/3476 4819/511/3479 3279/511/2560 3291/674/3477
f 4819/511/3479 4818/674/3476 3292/674/3478 3280/511/2561
f 4819/511/3479 4816/672/3471 3269/672/3405 3279/511/2560
f 4816/672/3471 4819/511/3479 3280/511/2561 3270/672/3474
f 4828/461/3496 4829/460/3497 3055/460/2008 3049/461/2011
f 4829/460/3497 4828/461/3496 3050/461/2012 3056/460/2009
f 4829/460/3497 4830/678/3498 3051/678/3499 3055/460/2008
f 4830/678/3498 4829/460/3497 3056/460/2009 3052/678/3500
f 4830/678/3498 4831/679/3501 3047/679/3502 3051/678/3499
f 4831/679/3501 4830/678/3498 3052/678/3500 3048/679/3503
f 4831/679/3501 4828/461/3496 3049/461/2011 3047/679/3502
f 4828/461/3496 4831/679/3501 3048/679/3503 3050/461/2012
f 4832/673/3504 4833/672/3505 3269/672/3405 3297/673/3473
f 4833/672/3505 4832/673/3504 3298/673/3475 3270/672/3474
f 4833/672/3505 4834/680/3506 3287/680/3507 3269/672/3405
f 4834/680/3506 4833/672/3505 3270/672/3474 3288/680/3508
f 4834/680/3506 4835/681/3509 3289/681/3510 3287/680/3507
f 4835/681/3509 4834/680/3506 3288/680/3508 3290/681/3511
f 4835/681/3509 4832/673/3504 3297/673/3473 3289/681/3510
f 4832/673/3504 4835/681/3509 3290/681/3511 3298/673/3475
f 4852/100/3550 4853/99/3551 3243/99/305 3231/100/310
f 4853/99/3551 4852/100/3550 3232/100/311 3244/99/308
f 4853/99/3551 4854/507/3552 3237/507/2498 3243/99/305
f 4854/507/3552 4853/99/3551 3244/99/308 3238/507/2501
f 4854/507/3552 4855/465/3553 3229/465/3554 3237/507/2498
f 4855/465/3553 4854/507/3552 3238/507/2501 3230/465/3555
f 4855/465/3553 4852/100/3550 3231/100/310 3229/465/3554
f 4852/100/3550 4855/465/3553 3230/465/3555 3232/100/311
f 4860/541/3564 4861/74/3565 3371/74/232 3363/541/3566
f 4861/74/3565 4860/541/3564 3364/541/3567 3372/74/233
f 4861/74/3565 4862/77/3568 3365/77/239 3371/74/232
f 4862/77/3568 4861/74/3565 3372/74/233 3366/77/240
f 4862/77/3568 4863/542/3569 3361/542/3570 3365/77/239
f 4863/542/3569 4862/77/3568 3366/77/240 3362/542/3571
f 4863/542/3569 4860/541/3564 3363/541/3566 3361/542/3570
f 4860/541/3564 4863/542/3569 3362/542/3571 3364/541/3567
f 4864/689/3572 4865/680/3573 3287/680/3507 3283/689/3574
f 4865/680/3573 4864/689/3572 3284/689/3575 3288/680/3508
f 4865/680/3573 4866/129/3576 3275/129/408 3287/680/3507
f 4866/129/3576 4865/680/3573 3288/680/3508 3276/129/409
f 4866/129/3576 4867/128/3577 3277/128/403 3275/129/408
f 4867/128/3577 4866/129/3576 3276/129/409 3278/128/406
f 4867/128/3577 4864/689/3572 3283/689/3574 3277/128/403
f 4864/689/3572 4867/128/3577 3278/128/406 3284/689/3575
f 4908/706/3664 4909/707/3665 3069/707/3666 3083/706/3667
f 4909/707/3665 4908/706/3664 3084/706/3668 3070/707/3669
f 4909/707/3665 4910/708/3670 3073/708/3671 3069/707/3666
f 4910/708/3670 4909/707/3665 3070/707/3669 3074/708/3672
f 4910/708/3670 4911/709/3673 3077/709/3674 3073/708/3671
f 4911/709/3673 4910/708/3670 3074/708/3672 3078/709/3675
f 4911/709/3673 4908/706/3664 3083/706/3667 3077/709/3674
f 4908/706/3664 4911/709/3673 3078/709/3675 3084/706/3668
f 4920/162/3700 4921/714/3701 3293/714/3702 3281/162/2188
f 4921/714/3701 4920/162/3700 3282/162/2191 3294/714/3703
f 4921/714/3701 4922/689/3704 3283/689/3574 3293/714/3702
f 4922/689/3704 4921/714/3701 3294/714/3703 3284/689/3575
f 4922/689/3704 4923/128/3705 3277/128/403 3283/689/3574
f 4923/128/3705 4922/689/3704 3284/689/3575 3278/128/406
f 4923/128/3705 4920/162/3700 3281/162/2188 3277/128/403
f 4920/162/3700 4923/128/3705 3278/128/406 3282/162/2191
f 4958/163/3770 4959/127/3771 3259/127/404 3253/163/2189
f 4959/127/3771 4958/163/3770 3254/163/2190 3260/127/405
f 4959/127/3771 4960/8/3772 3255/8/23 3259/127/404
f 4960/8/3772 4959/127/3771 3260/127/405 3256/8/24
f 4960/8/3772 4961/722/3773 3249/722/3774 3255/8/23
f 4961/722/3773 4960/8/3772 3256/8/24 3250/722/3775
f 4961/722/3773 4958/163/3770 3253/163/2189 3249/722/3774
f 4958/163/3770 4961/722/3773 3250/722/3775 3254/163/2190
f 4962/308/3776 4963/307/3777 3477/307/2670 3475/308/3778
f 4963/307/3777 4962/308/3776 3476/308/3779 3478/307/2671
f 4963/307/3777 4964/723/3780 3465/723/479 3477/307/2670
f 4964/723/3780 4963/307/3777 3478/307/2671 3466/723/478
f 4964/723/3780 4965/374/3781 3473/374/3782 3465/723/479
f 4965/374/3781 4964/723/3780 3466/723/478 3474/374/3783
f 4965/374/3781 4962/308/3776 3475/308/3778 3473/374/3782
f 4962/308/3776 4965/374/3781 3474/374/3783 3476/308/3779
f 4966/724/3784 4967/725/3785 3531/725/3786 3485/724/3787
f 4967/725/3785 4966/724/3784 3486/724/3788 3532/725/3789
f 4967/725/3785 4968/306/3790 3483/306/2669 3531/725/3786
f 4968/306/3790 4967/725/3785 3532/725/3789 3484/306/2672
f 4968/306/3790 4969/305/3791 3479/305/3792 3483/306/2669
f 4969/305/3791 4968/306/3790 3484/306/2672 3480/305/3793
f 4969/305/3791 4966/724/3784 3485/724/3787 3479/305/3792
f 4966/724/3784 4969/305/3791 3480/305/3793 3486/724/3788
f 4985/355/3821 4986/579/3822 3013/579/3823 3029/355/1367
f 4986/579/3822 4985/355/3821 3030/355/1368 3014/579/3824
f 4986/579/3822 4987/375/3825 3015/375/1427 3013/579/3823
f 4987/375/3825 4986/579/3822 3014/579/3824 3016/375/1428
f 4987/375/3825 4988/352/3826 3027/352/1360 3015/375/1427
f 4988/352/3826 4987/375/3825 3016/375/1428 3028/352/1361
f 4988/352/3826 4985/355/3821 3029/355/1367 3027/352/1360
f 4985/355/3821 4988/352/3826 3028/352/1361 3030/355/1368
f 5011/735/3881 5012/736/3882 2987/736/3883 2989/735/3884
f 5012/736/3882 5011/735/3881 2990/735/3885 2988/736/3886
f 5012/736/3882 5013/737/3887 2985/737/3888 2987/736/3883
f 5013/737/3887 5012/736/3882 2988/736/3886 2986/737/3889
f 5013/737/3887 5014/738/3890 2983/738/3891 2985/737/3888
f 5014/738/3890 5013/737/3887 2986/737/3889 2984/738/3892
f 5014/738/3890 5015/739/3893 2981/739/3894 2983/738/3891
f 5015/739/3893 5014/738/3890 2984/738/3892 2982/739/3895
f 5015/739/3893 5016/740/3896 2977/740/3897 2981/739/3894
f 5016/740/3896 5015/739/3893 2982/739/3895 2978/740/3898
f 5016/740/3896 5017/741/3899 2979/741/3900 2977/740/3897
f 5017/741/3899 5016/740/3896 2978/740/3898 2980/741/3901
f 5017/741/3899 5018/742/3902 2995/742/3903 2979/741/3900
f 5018/742/3902 5017/741/3899 2980/741/3901 2996/742/3904
f 5018/742/3902 5019/743/3905 2991/743/3906 2995/742/3903
f 5019/743/3905 5018/742/3902 2996/742/3904 2992/743/3907
f 5019/743/3905 5020/744/3908 2993/744/3909 2991/743/3906
f 5020/744/3908 5019/743/3905 2992/743/3907 2994/744/3910
f 5020/744/3908 5011/735/3881 2989/735/3884 2993/744/3909
f 5011/735/3881 5020/744/3908 2994/744/3910 2990/735/3885
f 5025/315/3915 5026/190/3916 2969/190/631 2963/315/1169
f 5026/190/3916 5025/315/3915 2964/315/1170 2970/190/634
f 5026/190/3916 5027/189/3917 2955/189/632 2969/190/631
f 5027/189/3917 5026/190/3916 2970/190/634 2956/189/633
f 5027/189/3917 5028/316/3918 2961/316/1172 2955/189/632
f 5028/316/3918 5027/189/3917 2956/189/633 2962/316/1173
f 5028/316/3918 5025/315/3915 2963/315/1169 2961/316/1172
f 5025/315/3915 5028/316/3918 2962/316/1173 2964/315/1170
f 5029/745/3919 5030/372/3920 3009/372/1420 3007/745/3921
f 5030/372/3920 5029/745/3919 3008/745/3922 3010/372/1421
f 5030/372/3920 5031/375/3923 3015/375/1427 3009/372/1420
f 5031/375/3923 5030/372/3920 3010/372/1421 3016/375/1428
f 5031/375/3923 5032/579/3924 3013/579/3823 3015/375/1427
f 5032/579/3924 5031/375/3923 3016/375/1428 3014/579/3824
f 5032/579/3924 5029/745/3919 3007/745/3921 3013/579/3823
f 5029/745/3919 5032/579/3924 3014/579/3824 3008/745/3922
f 5147/172/4173 5148/175/4174 3425/175/585 3407/172/578
f 5148/175/4174 5147/172/4173 3408/172/579 3426/175/586
f 5148/175/4174 5149/469/4175 3405/469/2055 3425/175/585
f 5149/469/4175 5148/175/4174 3426/175/586 3406/469/2058
f 5149/469/4175 5150/266/4176 3403/266/952 3405/469/2055
f 5150/266/4176 5149/469/4175 3406/469/2058 3404/266/953
f 5150/266/4176 5147/172/4173 3407/172/578 3403/266/952
f 5147/172/4173 5150/266/4176 3404/266/953 3408/172/579
f 5151/191/4177 5152/769/4178 2971/769/4179 2967/191/636
f 5152/769/4178 5151/191/4177 2968/191/637 2972/769/4180
f 5152/769/4178 5153/714/4181 2949/714/4182 2971/769/4179
f 5153/714/4181 5152/769/4178 2972/769/4180 2950/714/4183
f 5153/714/4181 5154/192/4184 2951/192/639 2949/714/4182
f 5154/192/4184 5153/714/4181 2950/714/4183 2952/192/640
f 5154/192/4184 5151/191/4177 2967/191/636 2951/192/639
f 5151/191/4177 5154/192/4184 2952/192/640 2968/191/637
f 5162/71/4200 5163/482/4201 3435/482/4202 3395/71/219
f 5163/482/4201 5162/71/4200 3396/71/222 3436/482/4203
f 5163/482/4201 5164/772/4204 3431/772/4205 3435/482/4202
f 5164/772/4204 5163/482/4201 3436/482/4203 3432/772/4206
f 5164/772/4204 5165/269/4207 3401/269/961 3431/772/4205
f 5165/269/4207 5164/772/4204 3432/772/4206 3402/269/962
f 5165/269/4207 5162/71/4200 3395/71/219 3401/269/961
f 5162/71/4200 5165/269/4207 3402/269/962 3396/71/222
f 5180/465/4236 5181/313/4237 2959/313/1165 2931/465/2031
f 5181/313/4237 5180/465/4236 2932/465/2032 2960/313/1166
f 5181/313/4237 5182/774/4238 2957/774/4239 2959/313/1165
f 5182/774/4238 5181/313/4237 2960/313/1166 2958/774/4240
f 5182/774/4238 5183/775/4241 2925/775/4242 2957/774/4239
f 5183/775/4241 5182/774/4238 2958/774/4240 2926/775/4243
f 5183/775/4241 5180/465/4236 2931/465/2031 2925/775/4242
f 5180/465/4236 5183/775/4241 2926/775/4243 2932/465/2032
f 5184/101/4244 5185/776/4245 2935/776/4246 2929/101/2245
f 5185/776/4245 5184/101/4244 2930/101/2246 2936/776/4247
f 5185/776/4245 5186/777/4248 3005/777/4249 2935/776/4246
f 5186/777/4248 5185/776/4245 2936/776/4247 3006/777/4250
f 5186/777/4248 5187/488/4251 3003/488/2244 3005/777/4249
f 5187/488/4251 5186/777/4248 3006/777/4250 3004/488/2247
f 5187/488/4251 5184/101/4244 2929/101/2245 3003/488/2244
f 5184/101/4244 5187/488/4251 3004/488/2247 2930/101/2246
f 5196/723/4272 5197/779/4273 3463/779/4274 3465/723/479
f 5197/779/4273 5196/723/4272 3466/723/478 3464/779/4275
f 5197/779/4273 5198/353/4276 3457/353/4277 3463/779/4274
f 5198/353/4276 5197/779/4273 3464/779/4275 3458/353/4278
f 5198/353/4276 5199/352/4279 3455/352/4280 3457/353/4277
f 5199/352/4279 5198/353/4276 3458/353/4278 3456/352/4281
f 5199/352/4279 5196/723/4272 3465/723/479 3455/352/4280
f 5196/723/4272 5199/352/4279 3456/352/4281 3466/723/478
f 5232/33/4366 5233/32/4367 3319/32/95 3331/33/98
f 5233/32/4367 5232/33/4366 3332/33/99 3320/32/96
f 5233/32/4367 5234/785/4368 3327/785/4369 3319/32/95
f 5234/785/4368 5233/32/4367 3320/32/96 3328/785/4370
f 5234/785/4368 5235/147/4371 3325/147/466 3327/785/4369
f 5235/147/4371 5234/785/4368 3328/785/4370 3326/147/467
f 5235/147/4371 5232/33/4366 3331/33/98 3325/147/466
f 5232/33/4366 5235/147/4371 3326/147/467 3332/33/99
f 5242/790/4386 5243/510/4387 3301/510/2556 3299/790/4388
f 5243/510/4387 5242/790/4386 3300/790/4389 3302/510/2557
f 5243/510/4387 5244/511/4390 3279/511/2560 3301/510/2556
f 5244/511/4390 5243/510/4387 3302/510/2557 3280/511/2561
f 5244/511/4390 5245/674/4391 3291/674/3477 3279/511/2560
f 5245/674/4391 5244/511/4390 3280/511/2561 3292/674/3478
f 5245/674/4391 5242/790/4386 3299/790/4388 3291/674/3477
f 5242/790/4386 5245/674/4391 3292/674/3478 3300/790/4389
f 5274/724/4446 5275/725/4447 3063/725/4448 3067/724/4449
f 5275/725/4447 5274/724/4446 3068/724/4450 3064/725/4451
f 5275/725/4447 5276/306/4452 3059/306/1131 3063/725/4448
f 5276/306/4452 5275/725/4447 3064/725/4451 3060/306/1134
f 5276/306/4452 5277/305/4453 3057/305/1132 3059/306/1131
f 5277/305/4453 5276/306/4452 3060/306/1134 3058/305/1133
f 5277/305/4453 5274/724/4446 3067/724/4449 3057/305/1132
f 5274/724/4446 5277/305/4453 3058/305/1133 3068/724/4450
f 5288/487/4476 5289/189/4477 3309/189/2237 3303/487/2240
f 5289/189/4477 5288/487/4476 3304/487/2241 3310/189/2238
f 5289/189/4477 5290/316/4478 3305/316/4479 3309/189/2237
f 5290/316/4478 5289/189/4477 3310/189/2238 3306/316/4480
f 5290/316/4478 5291/790/4481 3299/790/4388 3305/316/4479
f 5291/790/4481 5290/316/4478 3306/316/4480 3300/790/4389
f 5291/790/4481 5288/487/4476 3303/487/2240 3299/790/4388
f 5288/487/4476 5291/790/4481 3300/790/4389 3304/487/2241
f 5307/807/4505 5308/162/4506 2943/162/534 2973/807/4507
f 5308/162/4506 5307/807/4505 2974/807/4508 2944/162/535
f 5308/162/4506 5309/714/4509 2949/714/4182 2943/162/534
f 5309/714/4509 5308/162/4506 2944/162/535 2950/714/4183
f 5309/714/4509 5310/769/4510 2971/769/4179 2949/714/4182
f 5310/769/4510 5309/714/4509 2950/714/4183 2972/769/4180
f 5310/769/4510 5307/807/4505 2973/807/4507 2971/769/4179
f 5307/807/4505 5310/769/4510 2972/769/4180 2974/807/4508
f 5314/809/4516 5315/30/4517 3137/30/4518 3141/809/4519
f 5315/30/4517 5314/809/4516 3142/809/4520 3138/30/4521
f 5315/30/4517 5316/33/4522 3131/33/4523 3137/30/4518
f 5316/33/4522 5315/30/4517 3138/30/4521 3132/33/4524
f 5316/33/4522 5317/146/4525 3129/146/4526 3131/33/4523
f 5317/146/4525 5316/33/4522 3132/33/4524 3130/146/4527
f 5317/146/4525 5314/809/4516 3141/809/4519 3129/146/4526
f 5314/809/4516 5317/146/4525 3130/146/4527 3142/809/4520
f 5336/706/4568 5337/709/4569 3525/709/4570 3523/706/4571
f 5337/709/4569 5336/706/4568 3524/706/4572 3526/709/4573
f 5337/709/4569 5338/263/4574 3519/263/4575 3525/709/4570
f 5338/263/4574 5337/709/4569 3526/709/4573 3520/263/4576
f 5338/263/4574 5339/262/4577 3517/262/2753 3519/263/4575
f 5339/262/4577 5338/263/4574 3520/263/4576 3518/262/2754
f 5339/262/4577 5336/706/4568 3523/706/4571 3517/262/2753
f 5336/706/4568 5339/262/4577 3518/262/2754 3524/706/4572
f 5356/707/4610 5357/708/4611 3533/708/4612 3529/707/4613
f 5357/708/4611 5356/707/4610 3530/707/4614 3534/708/4615
f 5357/708/4611 5358/709/4616 3525/709/4570 3533/708/4612
f 5358/709/4616 5357/708/4611 3534/708/4615 3526/709/4573
f 5358/709/4616 5359/706/4617 3523/706/4571 3525/709/4570
f 5359/706/4617 5358/709/4616 3526/709/4573 3524/706/4572
f 5359/706/4617 5356/707/4610 3529/707/4613 3523/706/4571
f 5356/707/4610 5359/706/4617 3524/706/4572 3530/707/4614
f 5360/174/4618 5361/175/4619 3213/175/4620 3211/174/4621
f 5361/175/4619 5360/174/4618 3212/174/4622 3214/175/4623
f 5361/175/4619 5362/172/4624 3207/172/1296 3213/175/4620
f 5362/172/4624 5361/175/4619 3214/175/4623 3208/172/1299
f 5362/172/4624 5363/173/4625 3205/173/4626 3207/172/1296
f 5363/173/4625 5362/172/4624 3208/172/1299 3206/173/4627
f 5363/173/4625 5360/174/4618 3211/174/4621 3205/173/4626
f 5360/174/4618 5363/173/4625 3206/173/4627 3212/174/4622
f 5379/776/4663 5380/101/4664 2929/101/2245 2935/776/4246
f 5380/101/4664 5379/776/4663 2936/776/4247 2930/101/2246
f 5380/101/4664 5381/818/4665 2923/818/4666 2929/101/2245
f 5381/818/4665 5380/101/4664 2930/101/2246 2924/818/4667
f 5381/818/4665 5382/819/4668 2927/819/4669 2923/818/4666
f 5382/819/4668 5381/818/4665 2924/818/4667 2928/819/4670
f 5382/819/4668 5379/776/4663 2935/776/4246 2927/819/4669
f 5379/776/4663 5382/819/4668 2928/819/4670 2936/776/4247
f 5383/820/4671 5384/541/4672 3363/541/3566 3351/820/4673
f 5384/541/4672 5383/820/4671 3352/820/4674 3364/541/3567
f 5384/541/4672 5385/821/4675 3343/821/4676 3363/541/3566
f 5385/821/4675 5384/541/4672 3364/541/3567 3344/821/2071
f 5385/821/4675 5386/822/4677 3345/822/4678 3343/821/4676
f 5386/822/4677 5385/821/4675 3344/821/2071 3346/822/4679
f 5386/822/4677 5383/820/4671 3351/820/4673 3345/822/4678
f 5383/820/4671 5386/822/4677 3346/822/4679 3352/820/4674
f 5391/565/4686 5392/74/4687 3371/74/232 3369/565/2858
f 5392/74/4687 5391/565/4686 3370/565/2859 3372/74/233
f 5392/74/4687 5393/541/4688 3363/541/3566 3371/74/232
f 5393/541/4688 5392/74/4687 3372/74/233 3364/541/3567
f 5393/541/4688 5394/820/4689 3351/820/4673 3363/541/3566
f 5394/820/4689 5393/541/4688 3364/541/3567 3352/820/4674
f 5394/820/4689 5391/565/4686 3369/565/2858 3351/820/4673
f 5391/565/4686 5394/820/4689 3352/820/4674 3370/565/2859
f 5399/8/4698 5400/7/4699 3257/7/20 3255/8/23
f 5400/7/4699 5399/8/4698 3256/8/24 3258/7/21
f 5400/7/4699 5401/776/4700 3245/776/4701 3257/7/20
f 5401/776/4700 5400/7/4699 3258/7/21 3246/776/4702
f 5401/776/4700 5402/722/4703 3249/722/3774 3245/776/4701
f 5402/722/4703 5401/776/4700 3246/776/4702 3250/722/3775
f 5402/722/4703 5399/8/4698 3255/8/23 3249/722/3774
f 5399/8/4698 5402/722/4703 3250/722/3775 3256/8/24
f 5430/306/4749 5431/725/4750 3531/725/3786 3483/306/2669
f 5431/725/4750 5430/306/4749 3484/306/2672 3532/725/3789
f 5431/725/4750 5432/827/4751 3487/827/4752 3531/725/3786
f 5432/827/4751 5431/725/4750 3532/725/3789 3488/827/4753
f 5432/827/4751 5433/460/4754 3481/460/2674 3487/827/4752
f 5433/460/4754 5432/827/4751 3488/827/4753 3482/460/2675
f 5433/460/4754 5430/306/4749 3483/306/2669 3481/460/2674
f 5430/306/4749 5433/460/4754 3482/460/2675 3484/306/2672
f 5437/828/4758 5438/829/4759 3427/829/4760 3433/828/4761
f 5438/829/4759 5437/828/4758 3434/828/4762 3428/829/4763
f 5438/829/4759 5439/173/4764 3429/173/577 3427/829/4760
f 5439/173/4764 5438/829/4759 3428/829/4763 3430/173/580
f 5439/173/4764 5440/772/4765 3431/772/4205 3429/173/577
f 5440/772/4765 5439/173/4764 3430/173/580 3432/772/4206
f 5440/772/4765 5437/828/4758 3433/828/4761 3431/772/4205
f 5437/828/4758 5440/772/4765 3432/772/4206 3434/828/4762
f 5451/645/4782 5452/508/4783 3267/508/2504 3261/645/3297
f 5452/508/4783 5451/645/4782 3262/645/3298 3268/508/2505
f 5452/508/4783 5453/99/4784 3243/99/305 3267/508/2504
f 5453/99/4784 5452/508/4783 3268/508/2505 3244/99/308
f 5453/99/4784 5454/98/4785 3241/98/306 3243/99/305
f 5454/98/4785 5453/99/4784 3244/99/308 3242/98/307
f 5454/98/4785 5451/645/4782 3261/645/3297 3241/98/306
f 5451/645/4782 5454/98/4785 3242/98/307 3262/645/3298
f 5459/307/4798 5460/461/4799 3469/461/2677 3477/307/2670
f 5460/461/4799 5459/307/4798 3478/307/2671 3470/461/2678
f 5460/461/4799 5461/779/4800 3463/779/4274 3469/461/2677
f 5461/779/4800 5460/461/4799 3470/461/2678 3464/779/4275
f 5461/779/4800 5462/723/4801 3465/723/479 3463/779/4274
f 5462/723/4801 5461/779/4800 3464/779/4275 3466/723/478
f 5462/723/4801 5459/307/4798 3477/307/2670 3465/723/479
f 5459/307/4798 5462/723/4801 3466/723/478 3478/307/2671
f 5463/822/4802 5464/821/4803 3147/821/478 3153/822/4804
f 5464/821/4803 5463/822/4802 3154/822/4805 3148/821/479
f 5464/821/4803 5465/30/4806 3137/30/4518 3147/821/478
f 5465/30/4806 5464/821/4803 3148/821/479 3138/30/4521
f 5465/30/4806 5466/809/4807 3141/809/4519 3137/30/4518
f 5466/809/4807 5465/30/4806 3138/30/4521 3142/809/4520
f 5466/809/4807 5463/822/4802 3153/822/4804 3141/809/4519
f 5463/822/4802 5466/809/4807 3142/809/4520 3154/822/4805
f 5471/723/4820 5472/779/4821 3045/779/4822 3025/723/4823
f 5472/779/4821 5471/723/4820 3026/723/4824 3046/779/4825
f 5472/779/4821 5473/353/4826 3037/353/1359 3045/779/4822
f 5473/353/4826 5472/779/4821 3046/779/4825 3038/353/1362
f 5473/353/4826 5474/352/4827 3027/352/1360 3037/353/1359
f 5474/352/4827 5473/353/4826 3038/353/1362 3028/352/1361
f 5474/352/4827 5471/723/4820 3025/723/4823 3027/352/1360
f 5471/723/4820 5474/352/4827 3028/352/1361 3026/723/4824
f 5515/776/4896 5516/7/4897 3257/7/20 3245/776/4701
f 5516/7/4897 5515/776/4896 3246/776/4702 3258/7/21
f 5516/7/4897 5517/98/4898 3241/98/306 3257/7/20
f 5517/98/4898 5516/7/4897 3258/7/21 3242/98/307
f 5517/98/4898 5518/101/4899 3239/101/313 3241/98/306
f 5518/101/4899 5517/98/4898 3242/98/307 3240/101/314
f 5518/101/4899 5515/776/4896 3245/776/4701 3239/101/313
f 5515/776/4896 5518/101/4899 3240/101/314 3246/776/4702
f 5568/33/4991 5569/147/4992 3135/147/4993 3131/33/4523
f 5569/147/4992 5568/33/4991 3132/33/4524 3136/147/4994
f 5569/147/4992 5570/148/4995 3133/148/4996 3135/147/4993
f 5570/148/4995 5569/147/4992 3136/147/4994 3134/148/4997
f 5570/148/4995 5571/146/4998 3129/146/4526 3133/148/4996
f 5571/146/4998 5570/148/4995 3134/148/4997 3130/146/4527
f 5571/146/4998 5568/33/4991 3131/33/4523 3129/146/4526
f 5568/33/4991 5571/146/4998 3130/146/4527 3132/33/4524
f 5576/541/5011 5577/542/5012 3361/542/3570 3363/541/3566
f 5577/542/5012 5576/541/5011 3364/541/3567 3362/542/3571
f 5577/542/5012 5578/839/5013 3359/839/5014 3361/542/3570
f 5578/839/5013 5577/542/5012 3362/542/3571 3360/839/5015
f 5578/839/5013 5579/821/5016 3343/821/4676 3359/839/5014
f 5579/821/5016 5578/839/5013 3360/839/5015 3344/821/2071
f 5579/821/5016 5576/541/5011 3363/541/3566 3343/821/4676
f 5576/541/5011 5579/821/5016 3344/821/2071 3364/541/3567
f 5588/305/5031 5589/306/5032 3483/306/2669 3479/305/3792
f 5589/306/5032 5588/305/5031 3480/305/3793 3484/306/2672
f 5589/306/5032 5590/307/5033 3477/307/2670 3483/306/2669
f 5590/307/5033 5589/306/5032 3484/306/2672 3478/307/2671
f 5590/307/5033 5591/308/5034 3475/308/3778 3477/307/2670
f 5591/308/5034 5590/307/5033 3478/307/2671 3476/308/3779
f 5591/308/5034 5588/305/5031 3479/305/3792 3475/308/3778
f 5588/305/5031 5591/308/5034 3476/308/3779 3480/305/3793
f 5600/840/5051 5601/163/5052 2941/163/533 2975/840/5053
f 5601/163/5052 5600/840/5051 2976/840/5054 2942/163/536
f 5601/163/5052 5602/162/5055 2943/162/534 2941/163/533
f 5602/162/5055 5601/163/5052 2942/163/536 2944/162/535
f 5602/162/5055 5603/807/5056 2973/807/4507 2943/162/534
f 5603/807/5056 5602/162/5055 2944/162/535 2974/807/4508
f 5603/807/5056 5600/840/5051 2975/840/5053 2973/807/4507
f 5600/840/5051 5603/807/5056 2974/807/4508 2976/840/5054
f 5608/464/5063 5609/465/5064 2931/465/2031 2965/464/2027
f 5609/465/5064 5608/464/5063 2966/464/2028 2932/465/2032
f 5609/465/5064 5610/100/5065 3001/100/2252 2931/465/2031
f 5610/100/5065 5609/465/5064 2932/465/2032 3002/100/2253
f 5610/100/5065 5611/489/5066 2999/489/2249 3001/100/2252
f 5611/489/5066 5610/100/5065 3002/100/2253 3000/489/2250
f 5611/489/5066 5608/464/5063 2965/464/2027 2999/489/2249
f 5608/464/5063 5611/489/5066 3000/489/2250 2966/464/2028
f 5617/541/5072 5618/820/5073 3165/820/5074 3161/541/2733
f 5618/820/5073 5617/541/5072 3162/541/2734 3166/820/5075
f 5618/820/5073 5619/565/5076 3167/565/5077 3165/820/5074
f 5619/565/5076 5618/820/5073 3166/820/5075 3168/565/5078
f 5619/565/5076 5620/74/5079 3163/74/2509 3167/565/5077
f 5620/74/5079 5619/565/5076 3168/565/5078 3164/74/2510
f 5620/74/5079 5617/541/5072 3161/541/2733 3163/74/2509
f 5617/541/5072 5620/74/5079 3164/74/2510 3162/541/2734
f 5621/468/5080 5622/175/5081 3213/175/4620 3219/468/5082
f 5622/175/5081 5621/468/5080 3220/468/5083 3214/175/4623
f 5622/175/5081 5623/841/5084 3215/841/5085 3213/175/4620
f 5623/841/5084 5622/175/5081 3214/175/4623 3216/841/5086
f 5623/841/5084 5621/468/5080 3219/468/5082 3215/841/5085
f 5621/468/5080 5623/841/5084 3216/841/5086 3220/468/5083
f 5632/164/5107 5633/165/5108 3285/165/5109 3251/164/5110
f 5633/165/5108 5632/164/5107 3252/164/5111 3286/165/5112
f 5633/165/5108 5634/162/5113 3281/162/2188 3285/165/5109
f 5634/162/5113 5633/165/5108 3286/165/5112 3282/162/2191
f 5634/162/5113 5635/163/5114 3253/163/2189 3281/162/2188
f 5635/163/5114 5634/162/5113 3282/162/2191 3254/163/2190
f 5635/163/5114 5632/164/5107 3251/164/5110 3253/163/2189
f 5632/164/5107 5635/163/5114 3254/163/2190 3252/164/5111
f 5640/486/5119 5641/487/5120 3303/487/2240 3295/486/2233
f 5641/487/5120 5640/486/5119 3296/486/2234 3304/487/2241
f 5641/487/5120 5642/673/5121 3297/673/3473 3303/487/2240
f 5642/673/5121 5641/487/5120 3304/487/2241 3298/673/3475
f 5642/673/5121 5643/681/5122 3289/681/3510 3297/673/3473
f 5643/681/5122 5642/673/5121 3298/673/3475 3290/681/3511
f 5643/681/5122 5640/486/5119 3295/486/2233 3289/681/3510
f 5640/486/5119 5643/681/5122 3290/681/3511 3296/486/2234
f 5644/308/5123 5645/844/5124 3021/844/5125 3023/308/1139
f 5645/844/5124 5644/308/5123 3024/308/1140 3022/844/5126
f 5645/844/5124 5646/845/5127 3065/845/5128 3021/844/5125
f 5646/845/5127 5645/844/5124 3022/844/5126 3066/845/5129
f 5646/845/5127 5647/305/5130 3057/305/1132 3065/845/5128
f 5647/305/5130 5646/845/5127 3066/845/5129 3058/305/1133
f 5647/305/5130 5644/308/5123 3023/308/1139 3057/305/1132
f 5644/308/5123 5647/305/5130 3058/305/1133 3024/308/1140
f 5648/844/5131 5649/308/5132 3023/308/1139 3021/844/5125
f 5649/308/5132 5648/844/5131 3022/844/5126 3024/308/1140
f 5649/308/5132 5650/374/5133 3017/374/1424 3023/308/1139
f 5650/374/5133 5649/308/5132 3024/308/1140 3018/374/1425
f 5650/374/5133 5651/373/5134 3019/373/1419 3017/374/1424
f 5651/373/5134 5650/374/5133 3018/374/1425 3020/373/1422
f 5651/373/5134 5648/844/5131 3021/844/5125 3019/373/1419
f 5648/844/5131 5651/373/5134 3020/373/1422 3022/844/5126
f 5652/263/5135 5653/709/5136 3077/709/3674 3081/263/942
f 5653/709/5136 5652/263/5135 3082/263/943 3078/709/3675
f 5653/709/5136 5654/846/5137 3075/846/5138 3077/709/3674
f 5654/846/5137 5653/709/5136 3078/709/3675 3076/846/5139
f 5654/846/5137 5655/847/5140 3079/847/5141 3075/846/5138
f 5655/847/5140 5654/846/5137 3076/846/5139 3080/847/5142
f 5655/847/5140 5652/263/5135 3081/263/942 3079/847/5141
f 5652/263/5135 5655/847/5140 3080/847/5142 3082/263/943
f 5656/821/5143 5657/839/5144 3359/839/5014 3343/821/4676
f 5657/839/5144 5656/821/5143 3344/821/2071 3360/839/5015
f 5657/839/5144 5658/31/5145 3337/31/90 3359/839/5014
f 5658/31/5145 5657/839/5144 3360/839/5015 3338/31/93
f 5658/31/5145 5659/30/5146 3335/30/91 3337/31/90
f 5659/30/5146 5658/31/5145 3338/31/93 3336/30/92
f 5659/30/5146 5656/821/5143 3343/821/4676 3335/30/91
f 5656/821/5143 5659/30/5146 3336/30/92 3344/821/2071
f 5672/355/5165 5673/467/5166 3031/467/2039 3029/355/1367
f 5673/467/5166 5672/355/5165 3030/355/1368 3032/467/2040
f 5673/467/5166 5674/580/5167 3011/580/5168 3031/467/2039
f 5674/580/5167 5673/467/5166 3032/467/2040 3012/580/5169
f 5674/580/5167 5675/579/5170 3013/579/3823 3011/580/5168
f 5675/579/5170 5674/580/5167 3012/580/5169 3014/579/3824
f 5675/579/5170 5672/355/5165 3029/355/1367 3013/579/3823
f 5672/355/5165 5675/579/5170 3014/579/3824 3030/355/1368
f 5680/723/5179 5681/307/5180 3053/307/1136 3025/723/4823
f 5681/307/5180 5680/723/5179 3026/723/4824 3054/307/1137
f 5681/307/5180 5682/461/5181 3049/461/2011 3053/307/1136
f 5682/461/5181 5681/307/5180 3054/307/1137 3050/461/2012
f 5682/461/5181 5683/779/5182 3045/779/4822 3049/461/2011
f 5683/779/5182 5682/461/5181 3050/461/2012 3046/779/4825
f 5683/779/5182 5680/723/5179 3025/723/4823 3045/779/4822
f 5680/723/5179 5683/779/5182 3046/779/4825 3026/723/4824
f 5692/779/5207 5693/853/5208 3043/853/5209 3045/779/4822
f 5693/853/5208 5692/779/5207 3046/779/4825 3044/853/5210
f 5693/853/5208 5694/642/5211 3041/642/3251 3043/853/5209
f 5694/642/5211 5693/853/5208 3044/853/5210 3042/642/3252
f 5694/642/5211 5695/353/5212 3037/353/1359 3041/642/3251
f 5695/353/5212 5694/642/5211 3042/642/3252 3038/353/1362
f 5695/353/5212 5692/779/5207 3045/779/4822 3037/353/1359
f 5692/779/5207 5695/353/5212 3038/353/1362 3046/779/4825
f 5696/33/5213 5697/32/5214 3139/32/5215 3131/33/4523
f 5697/32/5214 5696/33/5213 3132/33/4524 3140/32/5216
f 5697/32/5214 5698/785/5217 3143/785/5218 3139/32/5215
f 5698/785/5217 5697/32/5214 3140/32/5216 3144/785/5219
f 5698/785/5217 5699/147/5220 3135/147/4993 3143/785/5218
f 5699/147/5220 5698/785/5217 3144/785/5219 3136/147/4994
f 5699/147/5220 5696/33/5213 3131/33/4523 3135/147/4993
f 5696/33/5213 5699/147/5220 3136/147/4994 3132/33/4524
f 5700/316/5221 5701/313/5222 3307/313/5223 3305/316/4479
f 5701/313/5222 5700/316/5221 3306/316/4480 3308/313/5224
f 5701/313/5222 5702/510/5225 3301/510/2556 3307/313/5223
f 5702/510/5225 5701/313/5222 3308/313/5224 3302/510/2557
f 5702/510/5225 5703/790/5226 3299/790/4388 3301/510/2556
f 5703/790/5226 5702/510/5225 3302/510/2557 3300/790/4389
f 5703/790/5226 5700/316/5221 3305/316/4479 3299/790/4388
f 5700/316/5221 5703/790/5226 3300/790/4389 3306/316/4480
f 5708/854/5239 5709/855/5240 3127/855/5241 3113/854/5242
f 5709/855/5240 5708/854/5239 3114/854/5243 3128/855/5244
f 5709/855/5240 5710/707/5245 3069/707/3666 3127/855/5241
f 5710/707/5245 5709/855/5240 3128/855/5244 3070/707/3669
f 5710/707/5245 5711/706/5246 3083/706/3667 3069/707/3666
f 5711/706/5246 5710/707/5245 3070/707/3669 3084/706/3668
f 5711/706/5246 5708/854/5239 3113/854/5242 3083/706/3667
f 5708/854/5239 5711/706/5246 3084/706/3668 3114/854/5243
f 5712/856/5247 5713/536/5248 3505/536/2703 3507/856/5249
f 5713/536/5248 5712/856/5247 3508/856/5250 3506/536/2704
f 5713/536/5248 5714/857/5251 3503/857/5252 3505/536/2703
f 5714/857/5251 5713/536/5248 3506/536/2704 3504/857/5253
f 5714/857/5251 5712/856/5247 3507/856/5249 3503/857/5252
f 5712/856/5247 5714/857/5251 3504/857/5253 3508/856/5250
f 5719/306/5266 5720/725/5267 3063/725/4448 3059/306/1131
f 5720/725/5267 5719/306/5266 3060/306/1134 3064/725/4451
f 5720/725/5267 5721/827/5268 3061/827/5269 3063/725/4448
f 5721/827/5268 5720/725/5267 3064/725/4451 3062/827/5270
f 5721/827/5268 5722/460/5271 3055/460/2008 3061/827/5269
f 5722/460/5271 5721/827/5268 3062/827/5270 3056/460/2009
f 5722/460/5271 5719/306/5266 3059/306/1131 3055/460/2008
f 5719/306/5266 5722/460/5271 3056/460/2009 3060/306/1134
f 5727/859/5284 5728/777/5285 3005/777/4249 2945/859/5286
f 5728/777/5285 5727/859/5284 2946/859/5287 3006/777/4250
f 5728/777/5285 5729/776/5288 2935/776/4246 3005/777/4249
f 5729/776/5288 5728/777/5285 3006/777/4250 2936/776/4247
f 5729/776/5288 5730/722/5289 2937/722/5290 2935/776/4246
f 5730/722/5289 5729/776/5288 2936/776/4247 2938/722/5291
f 5730/722/5289 5727/859/5284 2945/859/5286 2937/722/5290
f 5727/859/5284 5730/722/5289 2938/722/5291 2946/859/5287
f 5735/543/5300 5736/854/5301 3113/854/5242 3111/543/5302
f 5736/854/5301 5735/543/5300 3112/543/5303 3114/854/5243
f 5736/854/5301 5737/706/5304 3083/706/3667 3113/854/5242
f 5737/706/5304 5736/854/5301 3114/854/5243 3084/706/3668
f 5737/706/5304 5738/262/5305 3107/262/937 3083/706/3667
f 5738/262/5305 5737/706/5304 3084/706/3668 3108/262/940
f 5738/262/5305 5735/543/5300 3111/543/5302 3107/262/937
f 5735/543/5300 5738/262/5305 3108/262/940 3112/543/5303
f 5739/847/5306 5740/860/5307 3085/860/5308 3079/847/5141
f 5740/860/5307 5739/847/5306 3080/847/5142 3086/860/5309
f 5740/860/5307 5741/263/5310 3081/263/942 3085/860/5308
f 5741/263/5310 5740/860/5307 3086/860/5309 3082/263/943
f 5741/263/5310 5739/847/5306 3079/847/5141 3081/263/942
f 5739/847/5306 5741/263/5310 3082/263/943 3080/847/5142
f 5742/624/5311 5743/861/5312 3091/861/5313 3089/624/5314
f 5743/861/5312 5742/624/5311 3090/624/5315 3092/861/5316
f 5743/861/5312 5744/862/5317 3097/862/5318 3091/861/5313
f 5744/862/5317 5743/861/5312 3092/861/5316 3098/862/5319
f 5744/862/5317 5742/624/5311 3089/624/5314 3097/862/5318
f 5742/624/5311 5744/862/5317 3098/862/5319 3090/624/5315
f 5745/469/5320 5746/863/5321 3397/863/5322 3405/469/2055
f 5746/863/5321 5745/469/5320 3406/469/2058 3398/863/5323
f 5746/863/5321 5747/267/5324 3399/267/955 3397/863/5322
f 5747/267/5324 5746/863/5321 3398/863/5323 3400/267/956
f 5747/267/5324 5748/266/5325 3403/266/952 3399/267/955
f 5748/266/5325 5747/267/5324 3400/267/956 3404/266/953
f 5748/266/5325 5745/469/5320 3405/469/2055 3403/266/952
f 5745/469/5320 5748/266/5325 3404/266/953 3406/469/2058
f 5749/772/5326 5750/269/5327 3193/269/1297 3191/772/5328
f 5750/269/5327 5749/772/5326 3192/772/5329 3194/269/1298
f 5750/269/5327 5751/71/5330 3185/71/1485 3193/269/1297
f 5751/71/5330 5750/269/5327 3194/269/1298 3186/71/1488
f 5751/71/5330 5752/482/5331 3181/482/2172 3185/71/1485
f 5752/482/5331 5751/71/5330 3186/71/1488 3182/482/2173
f 5752/482/5331 5749/772/5326 3191/772/5328 3181/482/2172
f 5749/772/5326 5752/482/5331 3182/482/2173 3192/772/5329
f 5753/172/5332 5754/269/5333 3193/269/1297 3207/172/1296
f 5754/269/5333 5753/172/5332 3208/172/1299 3194/269/1298
f 5754/269/5333 5755/772/5334 3191/772/5328 3193/269/1297
f 5755/772/5334 5754/269/5333 3194/269/1298 3192/772/5329
f 5755/772/5334 5756/864/5335 3199/864/5336 3191/772/5328
f 5756/864/5335 5755/772/5334 3192/772/5329 3200/864/5337
f 5756/864/5335 5757/173/5338 3205/173/4626 3199/864/5336
f 5757/173/5338 5756/864/5335 3200/864/5337 3206/173/4627
f 5757/173/5338 5753/172/5332 3207/172/1296 3205/173/4626
f 5753/172/5332 5757/173/5338 3206/173/4627 3208/172/1299
f 5762/535/5347 5763/543/5348 3111/543/5302 3109/535/5349
f 5763/543/5348 5762/535/5347 3110/535/5350 3112/543/5303
f 5763/543/5348 5764/262/5351 3107/262/937 3111/543/5302
f 5764/262/5351 5763/543/5348 3112/543/5303 3108/262/940
f 5764/262/5351 5765/261/5352 3103/261/938 3107/262/937
f 5765/261/5352 5764/262/5351 3108/262/940 3104/261/939
f 5765/261/5352 5762/535/5347 3109/535/5349 3103/261/938
f 5762/535/5347 5765/261/5352 3104/261/939 3110/535/5350
f 5774/173/5369 5775/172/5370 3407/172/578 3429/173/577
f 5775/172/5370 5774/173/5369 3430/173/580 3408/172/579
f 5775/172/5370 5776/269/5371 3401/269/961 3407/172/578
f 5776/269/5371 5775/172/5370 3408/172/579 3402/269/962
f 5776/269/5371 5777/772/5372 3431/772/4205 3401/269/961
f 5777/772/5372 5776/269/5371 3402/269/962 3432/772/4206
f 5777/772/5372 5774/173/5369 3429/173/577 3431/772/4205
f 5774/173/5369 5777/772/5372 3432/772/4206 3430/173/580
f 5782/174/5385 5783/865/5386 3419/865/5387 3421/174/582
f 5783/865/5386 5782/174/5385 3422/174/583 3420/865/5388
f 5783/865/5386 5784/866/5389 3417/866/5390 3419/865/5387
f 5784/866/5389 5783/865/5386 3420/865/5388 3418/866/5391
f 5784/866/5389 5785/841/5392 3415/841/5393 3417/866/5390
f 5785/841/5392 5784/866/5389 3418/866/5391 3416/841/5394
f 5785/841/5392 5782/174/5385 3421/174/582 3415/841/5393
f 5782/174/5385 5785/841/5392 3416/841/5394 3422/174/583
f 5786/535/5395 5787/867/5396 3121/867/5397 3109/535/5349
f 5787/867/5396 5786/535/5395 3110/535/5350 3122/867/5398
f 5787/867/5396 5788/868/5399 3117/868/5400 3121/867/5397
f 5788/868/5399 5787/867/5396 3122/867/5398 3118/868/5401
f 5788/868/5399 5786/535/5395 3109/535/5349 3117/868/5400
f 5786/535/5395 5788/868/5399 3118/868/5401 3110/535/5350
f 5789/534/5402 5790/869/5403 3123/869/5404 3115/534/5405
f 5790/869/5403 5789/534/5402 3116/534/5406 3124/869/5407
f 5790/869/5403 5791/867/5408 3121/867/5409 3123/869/5404
f 5791/867/5408 5790/869/5403 3124/869/5407 3122/867/5410
f 5791/867/5408 5789/534/5402 3115/534/5405 3121/867/5409
f 5789/534/5402 5791/867/5408 3122/867/5410 3116/534/5406
f 5792/708/5411 5793/870/5412 3535/870/5413 3533/708/4612
f 5793/870/5412 5792/708/5411 3534/708/4615 3536/870/5414
f 5793/870/5412 5794/846/5415 3493/846/5416 3535/870/5413
f 5794/846/5415 5793/870/5412 3536/870/5414 3494/846/5417
f 5794/846/5415 5795/709/5418 3525/709/4570 3493/846/5416
f 5795/709/5418 5794/846/5415 3494/846/5417 3526/709/4573
f 5795/709/5418 5792/708/5411 3533/708/4612 3525/709/4570
f 5792/708/5411 5795/709/5418 3526/709/4573 3534/708/4615
f 5796/871/5419 5797/854/5420 3113/854/5242 3125/871/5421
f 5797/854/5420 5796/871/5419 3126/871/5422 3114/854/5243
f 5797/854/5420 5798/543/5423 3111/543/5302 3113/854/5242
f 5798/543/5423 5797/854/5420 3114/854/5243 3112/543/5303
f 5798/543/5423 5796/871/5419 3125/871/5421 3111/543/5302
f 5796/871/5419 5798/543/5423 3112/543/5303 3126/871/5422
f 5799/564/5424 5800/75/5425 3169/75/2508 3171/564/5426
f 5800/75/5425 5799/564/5424 3172/564/5427 3170/75/2511
f 5800/75/5425 5801/74/5428 3163/74/2509 3169/75/2508
f 5801/74/5428 5800/75/5425 3170/75/2511 3164/74/2510
f 5801/74/5428 5802/565/5429 3167/565/5077 3163/74/2509
f 5802/565/5429 5801/74/5428 3164/74/2510 3168/565/5078
f 5802/565/5429 5799/564/5424 3171/564/5426 3167/565/5077
f 5799/564/5424 5802/565/5429 3168/565/5078 3172/564/5427
f 5803/30/5430 5804/31/5431 3145/31/5432 3137/30/4518
f 5804/31/5431 5803/30/5430 3138/30/4521 3146/31/5433
f 5804/31/5431 5805/32/5434 3139/32/5215 3145/31/5432
f 5805/32/5434 5804/31/5431 3146/31/5433 3140/32/5216
f 5805/32/5434 5806/33/5435 3131/33/4523 3139/32/5215
f 5806/33/5435 5805/32/5434 3140/32/5216 3132/33/4524
f 5806/33/5435 5803/30/5430 3137/30/4518 3131/33/4523
f 5803/30/5430 5806/33/5435 3132/33/4524 3138/30/4521
f 5815/70/5460 5816/483/5461 3439/483/5462 3377/70/220
f 5816/483/5461 5815/70/5460 3378/70/221 3440/483/5463
f 5816/483/5461 5817/482/5464 3435/482/4202 3439/483/5462
f 5817/482/5464 5816/483/5461 3440/483/5463 3436/482/4203
f 5817/482/5464 5818/71/5465 3395/71/219 3435/482/4202
f 5818/71/5465 5817/482/5464 3436/482/4203 3396/71/222
f 5818/71/5465 5815/70/5460 3377/70/220 3395/71/219
f 5815/70/5460 5818/71/5465 3396/71/222 3378/70/221
f 5819/821/5466 5820/839/5467 3149/839/5468 3147/821/478
f 5820/839/5467 5819/821/5466 3148/821/479 3150/839/5469
f 5820/839/5467 5821/31/5470 3145/31/5432 3149/839/5468
f 5821/31/5470 5820/839/5467 3150/839/5469 3146/31/5433
f 5821/31/5470 5822/30/5471 3137/30/4518 3145/31/5432
f 5822/30/5471 5821/31/5470 3146/31/5433 3138/30/4521
f 5822/30/5471 5819/821/5466 3147/821/478 3137/30/4518
f 5819/821/5466 5822/30/5471 3138/30/4521 3148/821/479
f 5827/146/5476 5828/872/5477 3155/872/5478 3129/146/4526
f 5828/872/5477 5827/146/5476 3130/146/4527 3156/872/5479
f 5828/872/5477 5829/809/5480 3141/809/4519 3155/872/5478
f 5829/809/5480 5828/872/5477 3156/872/5479 3142/809/4520
f 5829/809/5480 5827/146/5476 3129/146/4526 3141/809/4519
f 5827/146/5476 5829/809/5480 3142/809/4520 3130/146/4527
f 5834/192/5485 5835/497/5486 3315/497/5487 3311/192/2232
f 5835/497/5486 5834/192/5485 3312/192/2235 3316/497/5488
f 5835/497/5486 5836/496/5489 3313/496/5490 3315/497/5487
f 5836/496/5489 5835/497/5486 3316/497/5488 3314/496/5491
f 5836/496/5489 5837/189/5492 3309/189/2237 3313/496/5490
f 5837/189/5492 5836/496/5489 3314/496/5491 3310/189/2238
f 5837/189/5492 5834/192/5485 3311/192/2232 3309/189/2237
f 5834/192/5485 5837/189/5492 3310/189/2238 3312/192/2235
f 5850/876/5521 5851/809/5522 3141/809/4519 3173/876/5523
f 5851/809/5522 5850/876/5521 3174/876/5524 3142/809/4520
f 5851/809/5522 5852/872/5525 3155/872/5478 3141/809/4519
f 5852/872/5525 5851/809/5522 3142/809/4520 3156/872/5479
f 5852/872/5525 5850/876/5521 3173/876/5523 3155/872/5478
f 5850/876/5521 5852/872/5525 3156/872/5479 3174/876/5524
f 5853/876/5526 5854/877/5527 3175/877/5528 3173/876/5529
f 5854/877/5527 5853/876/5526 3174/876/5530 3176/877/5531
f 5854/877/5527 5855/820/5532 3165/820/5074 3175/877/5528
f 5855/820/5532 5854/877/5527 3176/877/5531 3166/820/5075
f 5855/820/5532 5853/876/5526 3173/876/5529 3165/820/5074
f 5853/876/5526 5855/820/5532 3166/820/5075 3174/876/5530
f 5856/877/5533 5857/565/5534 3167/565/5077 3175/877/5528
f 5857/565/5534 5856/877/5533 3176/877/5531 3168/565/5078
f 5857/565/5534 5858/820/5535 3165/820/5074 3167/565/5077
f 5858/820/5535 5857/565/5534 3168/565/5078 3166/820/5075
f 5858/820/5535 5856/877/5533 3175/877/5528 3165/820/5074
f 5856/877/5533 5858/820/5535 3166/820/5075 3176/877/5531
f 5867/71/5554 5868/269/5555 3193/269/1297 3185/71/1485
f 5868/269/5555 5867/71/5554 3186/71/1488 3194/269/1298
f 5868/269/5555 5869/268/5556 3189/268/1307 3193/269/1297
f 5869/268/5556 5868/269/5555 3194/269/1298 3190/268/1308
f 5869/268/5556 5870/72/5557 3187/72/1490 3189/268/1307
f 5870/72/5557 5869/268/5556 3190/268/1308 3188/72/1491
f 5870/72/5557 5867/71/5554 3185/71/1485 3187/72/1490
f 5867/71/5554 5870/72/5557 3188/72/1491 3186/71/1488
f 5875/72/5562 5876/268/5563 3393/268/958 3387/72/224
f 5876/268/5563 5875/72/5562 3388/72/225 3394/268/959
f 5876/268/5563 5877/644/5564 3389/644/5565 3393/268/958
f 5877/644/5564 5876/268/5563 3394/268/959 3390/644/5566
f 5877/644/5564 5878/339/5567 3385/339/1280 3389/644/5565
f 5878/339/5567 5877/644/5564 3390/644/5566 3386/339/1281
f 5878/339/5567 5875/72/5562 3387/72/224 3385/339/1280
f 5875/72/5562 5878/339/5567 3386/339/1281 3388/72/225
f 5883/261/5580 5884/536/5581 3099/536/5582 3103/261/938
f 5884/536/5581 5883/261/5580 3104/261/939 3100/536/5583
f 5884/536/5581 5885/534/5584 3115/534/5585 3099/536/5582
f 5885/534/5584 5884/536/5581 3100/536/5583 3116/534/5586
f 5885/534/5584 5886/535/5587 3109/535/5349 3115/534/5585
f 5886/535/5587 5885/534/5584 3116/534/5586 3110/535/5350
f 5886/535/5587 5883/261/5580 3103/261/938 3109/535/5349
f 5883/261/5580 5886/535/5587 3110/535/5350 3104/261/939
f 5887/469/5588 5888/266/5589 3203/266/1301 3217/469/5590
f 5888/266/5589 5887/469/5588 3218/469/5591 3204/266/1302
f 5888/266/5589 5889/172/5592 3207/172/1296 3203/266/1301
f 5889/172/5592 5888/266/5589 3204/266/1302 3208/172/1299
f 5889/172/5592 5890/175/5593 3213/175/4620 3207/172/1296
f 5890/175/5593 5889/172/5592 3208/172/1299 3214/175/4623
f 5890/175/5593 5887/469/5588 3217/469/5590 3213/175/4620
f 5887/469/5588 5890/175/5593 3214/175/4623 3218/469/5591
f 5891/174/5594 5892/173/5595 3205/173/4626 3211/174/4621
f 5892/173/5595 5891/174/5594 3212/174/4622 3206/173/4627
f 5892/173/5595 5893/865/5596 3209/865/5597 3205/173/4626
f 5893/865/5596 5892/173/5595 3206/173/4627 3210/865/5598
f 5893/865/5596 5891/174/5594 3211/174/4621 3209/865/5597
f 5891/174/5594 5893/865/5596 3210/865/5598 3212/174/4622
f 5894/841/5599 5895/175/5600 3213/175/4620 3215/841/5085
f 5895/175/5600 5894/841/5599 3216/841/5086 3214/175/4623
f 5895/175/5600 5896/174/5601 3211/174/4621 3213/175/4620
f 5896/174/5601 5895/175/5600 3214/175/4623 3212/174/4622
f 5896/174/5601 5894/841/5599 3215/841/5085 3211/174/4621
f 5894/841/5599 5896/174/5601 3212/174/4622 3216/841/5086
f 5901/175/5614 5902/468/5615 3219/468/5082 3213/175/4620
f 5902/468/5615 5901/175/5614 3214/175/4623 3220/468/5083
f 5902/468/5615 5903/469/5616 3217/469/5590 3219/468/5082
f 5903/469/5616 5902/468/5615 3220/468/5083 3218/469/5591
f 5903/469/5616 5901/175/5614 3213/175/4620 3217/469/5590
f 5901/175/5614 5903/469/5616 3218/469/5591 3214/175/4623
f 5904/881/5617 5905/882/5618 3223/882/5619 3221/881/5620
f 5905/882/5618 5904/881/5617 3222/881/5621 3224/882/5622
f 5905/882/5618 5906/468/5623 3219/468/5624 3223/882/5619
f 5906/468/5623 5905/882/5618 3224/882/5622 3220/468/5625
f 5906/468/5623 5904/881/5617 3221/881/5620 3219/468/5624
f 5904/881/5617 5906/468/5623 3220/468/5625 3222/881/5621
f 5907/882/5626 5908/863/5627 3225/863/5628 3223/882/5629
f 5908/863/5627 5907/882/5626 3224/882/5630 3226/863/5631
f 5908/863/5627 5909/469/5632 3217/469/5633 3225/863/5628
f 5909/469/5632 5908/863/5627 3226/863/5631 3218/469/5634
f 5909/469/5632 5907/882/5626 3223/882/5629 3217/469/5633
f 5907/882/5626 5909/469/5632 3218/469/5634 3224/882/5630
f 5910/173/5635 5911/864/5636 3199/864/5336 3205/173/4626
f 5911/864/5636 5910/173/5635 3206/173/4627 3200/864/5337
f 5911/864/5636 5912/828/5637 3201/828/5638 3199/864/5336
f 5912/828/5637 5911/864/5636 3200/864/5337 3202/828/5639
f 5912/828/5637 5910/173/5635 3205/173/4626 3201/828/5638
f 5910/173/5635 5912/828/5637 3202/828/5639 3206/173/4627
f 5913/822/5640 5914/821/5641 3343/821/4676 3345/822/4678
f 5914/821/5641 5913/822/5640 3346/822/4679 3344/821/2071
f 5914/821/5641 5915/30/5642 3335/30/91 3343/821/4676
f 5915/30/5642 5914/821/5641 3344/821/2071 3336/30/92
f 5915/30/5642 5916/809/5643 3341/809/5644 3335/30/91
f 5916/809/5643 5915/30/5642 3336/30/92 3342/809/5645
f 5916/809/5643 5913/822/5640 3345/822/4678 3341/809/5644
f 5913/822/5640 5916/809/5643 3342/809/5645 3346/822/4679
f 5925/313/5654 5926/465/5655 3229/465/3554 3307/313/5223
f 5926/465/5655 5925/313/5654 3308/313/5224 3230/465/3555
f 5926/465/5655 5927/507/5656 3237/507/2498 3229/465/3554
f 5927/507/5656 5926/465/5655 3230/465/3555 3238/507/2501
f 5927/507/5656 5928/510/5657 3301/510/2556 3237/507/2498
f 5928/510/5657 5927/507/5656 3238/507/2501 3302/510/2557
f 5928/510/5657 5925/313/5654 3307/313/5223 3301/510/2556
f 5925/313/5654 5928/510/5657 3302/510/2557 3308/313/5224
f 5929/465/5658 5930/313/5659 3307/313/5223 3229/465/3554
f 5930/313/5659 5929/465/5658 3230/465/3555 3308/313/5224
f 5930/313/5659 5931/774/5660 3233/774/5661 3307/313/5223
f 5931/774/5660 5930/313/5659 3308/313/5224 3234/774/5662
f 5931/774/5660 5932/775/5663 3227/775/5664 3233/774/5661
f 5932/775/5663 5931/774/5660 3234/774/5662 3228/775/5665
f 5932/775/5663 5929/465/5658 3229/465/3554 3227/775/5664
f 5929/465/5658 5932/775/5663 3228/775/5665 3230/465/3555
f 5933/352/5666 5934/375/5667 3015/375/1427 3027/352/1360
f 5934/375/5667 5933/352/5666 3028/352/1361 3016/375/1428
f 5934/375/5667 5935/374/5668 3017/374/1424 3015/375/1427
f 5935/374/5668 5934/375/5667 3016/375/1428 3018/374/1425
f 5935/374/5668 5936/723/5669 3025/723/4823 3017/374/1424
f 5936/723/5669 5935/374/5668 3018/374/1425 3026/723/4824
f 5936/723/5669 5933/352/5666 3027/352/1360 3025/723/4823
f 5933/352/5666 5936/723/5669 3026/723/4824 3028/352/1361
f 5945/819/5686 5946/776/5687 3245/776/4701 3247/819/5688
f 5946/776/5687 5945/819/5686 3248/819/5689 3246/776/4702
f 5946/776/5687 5947/101/5690 3239/101/313 3245/776/4701
f 5947/101/5690 5946/776/5687 3246/776/4702 3240/101/314
f 5947/101/5690 5948/818/5691 3235/818/5692 3239/101/313
f 5948/818/5691 5947/101/5690 3240/101/314 3236/818/5693
f 5948/818/5691 5945/819/5686 3247/819/5688 3235/818/5692
f 5945/819/5686 5948/818/5691 3236/818/5693 3248/819/5689
f 5953/308/5706 5954/307/5707 3053/307/1136 3023/308/1139
f 5954/307/5707 5953/308/5706 3024/308/1140 3054/307/1137
f 5954/307/5707 5955/723/5708 3025/723/4823 3053/307/1136
f 5955/723/5708 5954/307/5707 3054/307/1137 3026/723/4824
f 5955/723/5708 5956/374/5709 3017/374/1424 3025/723/4823
f 5956/374/5709 5955/723/5708 3026/723/4824 3018/374/1425
f 5956/374/5709 5953/308/5706 3023/308/1139 3017/374/1424
f 5953/308/5706 5956/374/5709 3018/374/1425 3024/308/1140
f 5969/672/5732 5970/508/5733 3267/508/2504 3269/672/3405
f 5970/508/5733 5969/672/5732 3270/672/3474 3268/508/2505
f 5970/508/5733 5971/645/5734 3261/645/3297 3267/508/2504
f 5971/645/5734 5970/508/5733 3268/508/2505 3262/645/3298
f 5971/645/5734 5972/6/5735 3265/6/15 3261/645/3297
f 5972/6/5735 5971/645/5734 3262/645/3298 3266/6/18
f 5972/6/5735 5969/672/5732 3269/672/3405 3265/6/15
f 5969/672/5732 5972/6/5735 3266/6/18 3270/672/3474
f 5977/672/5748 5978/511/5749 3279/511/2560 3269/672/3405
f 5978/511/5749 5977/672/5748 3270/672/3474 3280/511/2561
f 5978/511/5749 5979/506/5750 3273/506/2499 3279/511/2560
f 5979/506/5750 5978/511/5749 3280/511/2561 3274/506/2500
f 5979/506/5750 5980/508/5751 3267/508/2504 3273/506/2499
f 5980/508/5751 5979/506/5750 3274/506/2500 3268/508/2505
f 5980/508/5751 5977/672/5748 3269/672/3405 3267/508/2504
f 5977/672/5748 5980/508/5751 3268/508/2505 3270/672/3474
f 5997/680/5792 5998/672/5793 3269/672/3405 3287/680/3507
f 5998/672/5793 5997/680/5792 3288/680/3508 3270/672/3474
f 5998/672/5793 5999/130/5794 3271/130/411 3269/672/3405
f 5999/130/5794 5998/672/5793 3270/672/3474 3272/130/412
f 5999/130/5794 6000/129/5795 3275/129/408 3271/130/411
f 6000/129/5795 5999/130/5794 3272/130/412 3276/129/409
f 6000/129/5795 5997/680/5792 3287/680/3507 3275/129/408
f 5997/680/5792 6000/129/5795 3276/129/409 3288/680/3508
f 6005/130/5808 6006/672/5809 3269/672/3405 3271/130/411
f 6006/672/5809 6005/130/5808 3272/130/412 3270/672/3474
f 6006/672/5809 6007/6/5810 3265/6/15 3269/672/3405
f 6007/6/5810 6006/672/5809 3270/672/3474 3266/6/18
f 6007/6/5810 6008/5/5811 3263/5/16 3265/6/15
f 6008/5/5811 6007/6/5810 3266/6/18 3264/5/17
f 6008/5/5811 6005/130/5808 3271/130/411 3263/5/16
f 6005/130/5808 6008/5/5811 3264/5/17 3272/130/412
f 6009/714/5812 6010/192/5813 3311/192/2232 3293/714/3702
f 6010/192/5813 6009/714/5812 3294/714/3703 3312/192/2235
f 6010/192/5813 6011/486/5814 3295/486/2233 3311/192/2232
f 6011/486/5814 6010/192/5813 3312/192/2235 3296/486/2234
f 6011/486/5814 6012/689/5815 3283/689/3574 3295/486/2233
f 6012/689/5815 6011/486/5814 3296/486/2234 3284/689/3575
f 6012/689/5815 6009/714/5812 3293/714/3702 3283/689/3574
f 6009/714/5812 6012/689/5815 3284/689/3575 3294/714/3703
f 6021/375/5832 6022/352/5833 3455/352/4280 3467/375/5834
f 6022/352/5833 6021/375/5832 3468/375/5835 3456/352/4281
f 6022/352/5833 6023/355/5836 3451/355/2944 3455/352/4280
f 6023/355/5836 6022/352/5833 3456/352/4281 3452/355/2947
f 6023/355/5836 6024/579/5837 3443/579/2945 3451/355/2944
f 6024/579/5837 6023/355/5836 3452/355/2947 3444/579/2946
f 6024/579/5837 6021/375/5832 3467/375/5834 3443/579/2945
f 6021/375/5832 6024/579/5837 3444/579/2946 3468/375/5835
f 6025/353/5838 6026/642/5839 3459/642/5840 3457/353/4277
f 6026/642/5839 6025/353/5838 3458/353/4278 3460/642/5841
f 6026/642/5839 6027/643/5842 3449/643/5843 3459/642/5840
f 6027/643/5842 6026/642/5839 3460/642/5841 3450/643/5844
f 6027/643/5842 6028/354/5845 3453/354/5846 3449/643/5843
f 6028/354/5845 6027/643/5842 3450/643/5844 3454/354/5847
f 6028/354/5845 6025/353/5838 3457/353/4277 3453/354/5846
f 6025/353/5838 6028/354/5845 3454/354/5847 3458/353/4278
f 6049/673/5892 6050/487/5893 3303/487/2240 3297/673/3473
f 6050/487/5893 6049/673/5892 3298/673/3475 3304/487/2241
f 6050/487/5893 6051/790/5894 3299/790/4388 3303/487/2240
f 6051/790/5894 6050/487/5893 3304/487/2241 3300/790/4389
f 6051/790/5894 6052/674/5895 3291/674/3477 3299/790/4388
f 6052/674/5895 6051/790/5894 3300/790/4389 3292/674/3478
f 6052/674/5895 6049/673/5892 3297/673/3473 3291/674/3477
f 6049/673/5892 6052/674/5895 3292/674/3478 3298/673/3475
f 6053/689/5896 6054/486/5897 3295/486/2233 3283/689/3574
f 6054/486/5897 6053/689/5896 3284/689/3575 3296/486/2234
f 6054/486/5897 6055/681/5898 3289/681/3510 3295/486/2233
f 6055/681/5898 6054/486/5897 3296/486/2234 3290/681/3511
f 6055/681/5898 6056/680/5899 3287/680/3507 3289/681/3510
f 6056/680/5899 6055/681/5898 3290/681/3511 3288/680/3508
f 6056/680/5899 6053/689/5896 3283/689/3574 3287/680/3507
f 6053/689/5896 6056/680/5899 3288/680/3508 3284/689/3575
f 6061/31/5912 6062/889/5913 3317/889/5914 3337/31/90
f 6062/889/5913 6061/31/5912 3338/31/93 3318/889/5915
f 6062/889/5913 6063/32/5916 3319/32/95 3317/889/5914
f 6063/32/5916 6062/889/5913 3318/889/5915 3320/32/96
f 6063/32/5916 6061/31/5912 3337/31/90 3319/32/95
f 6061/31/5912 6063/32/5916 3320/32/96 3338/31/93
f 6072/872/5941 6073/876/5942 3347/876/5943 3339/872/5944
f 6073/876/5942 6072/872/5941 3340/872/5945 3348/876/5946
f 6073/876/5942 6074/822/5947 3345/822/5948 3347/876/5943
f 6074/822/5947 6073/876/5942 3348/876/5946 3346/822/5949
f 6074/822/5947 6072/872/5941 3339/872/5944 3345/822/5948
f 6072/872/5941 6074/822/5947 3346/822/5949 3340/872/5945
f 6075/877/5950 6076/822/5951 3345/822/5948 3349/877/5952
f 6076/822/5951 6075/877/5950 3350/877/5953 3346/822/5949
f 6076/822/5951 6077/876/5954 3347/876/5943 3345/822/5948
f 6077/876/5954 6076/822/5951 3346/822/5949 3348/876/5946
f 6077/876/5954 6075/877/5950 3349/877/5952 3347/876/5943
f 6075/877/5950 6077/876/5954 3348/876/5946 3350/877/5953
f 6082/839/5967 6083/890/5968 3355/890/5969 3359/839/5970
f 6083/890/5968 6082/839/5967 3360/839/5971 3356/890/5972
f 6083/890/5968 6084/891/5973 3323/891/5974 3355/890/5969
f 6084/891/5973 6083/890/5968 3356/890/5972 3324/891/5975
f 6084/891/5973 6082/839/5967 3359/839/5970 3323/891/5974
f 6082/839/5967 6084/891/5973 3324/891/5975 3360/839/5971
f 6085/892/5976 6086/839/5977 3359/839/5970 3321/892/5978
f 6086/839/5977 6085/892/5976 3322/892/5979 3360/839/5971
f 6086/839/5977 6087/891/5980 3323/891/5974 3359/839/5970
f 6087/891/5980 6086/839/5977 3360/839/5971 3324/891/5975
f 6087/891/5980 6085/892/5976 3321/892/5978 3323/891/5974
f 6085/892/5976 6087/891/5980 3324/891/5975 3322/892/5979
f 6088/809/5981 6089/30/5982 3335/30/91 3341/809/5644
f 6089/30/5982 6088/809/5981 3342/809/5645 3336/30/92
f 6089/30/5982 6090/33/5983 3331/33/98 3335/30/91
f 6090/33/5983 6089/30/5982 3336/30/92 3332/33/99
f 6090/33/5983 6091/146/5984 3333/146/463 3331/33/98
f 6091/146/5984 6090/33/5983 3332/33/99 3334/146/464
f 6091/146/5984 6088/809/5981 3341/809/5644 3333/146/463
f 6088/809/5981 6091/146/5984 3334/146/464 3342/809/5645
f 6092/542/5985 6093/77/5986 3365/77/239 3361/542/3570
f 6093/77/5986 6092/542/5985 3362/542/3571 3366/77/240
f 6093/77/5986 6094/893/5987 3357/893/5988 3365/77/239
f 6094/893/5987 6093/77/5986 3366/77/240 3358/893/5989
f 6094/893/5987 6092/542/5985 3361/542/3570 3357/893/5988
f 6092/542/5985 6094/893/5987 3358/893/5989 3362/542/3571
f 6095/821/5990 6096/822/5991 3153/822/4804 3147/821/478
f 6096/822/5991 6095/821/5990 3148/821/479 3154/822/4805
f 6096/822/5991 6097/820/5992 3165/820/5074 3153/822/4804
f 6097/820/5992 6096/822/5991 3154/822/4805 3166/820/5075
f 6097/820/5992 6098/541/5993 3161/541/2733 3165/820/5074
f 6098/541/5993 6097/820/5992 3166/820/5075 3162/541/2734
f 6098/541/5993 6095/821/5990 3147/821/478 3161/541/2733
f 6095/821/5990 6098/541/5993 3162/541/2734 3148/821/479
f 6099/352/5994 6100/353/5995 3457/353/4277 3455/352/4280
f 6100/353/5995 6099/352/5994 3456/352/4281 3458/353/4278
f 6100/353/5995 6101/354/5996 3453/354/5846 3457/353/4277
f 6101/354/5996 6100/353/5995 3458/353/4278 3454/354/5847
f 6101/354/5996 6102/355/5997 3451/355/2944 3453/354/5846
f 6102/355/5997 6101/354/5996 3454/354/5847 3452/355/2947
f 6102/355/5997 6099/352/5994 3455/352/4280 3451/355/2944
f 6099/352/5994 6102/355/5997 3452/355/2947 3456/352/4281
f 6103/820/5998 6104/894/5999 3353/894/6000 3351/820/4673
f 6104/894/5999 6103/820/5998 3352/820/4674 3354/894/6001
f 6104/894/5999 6105/565/6002 3369/565/2858 3353/894/6000
f 6105/565/6002 6104/894/5999 3354/894/6001 3370/565/2859
f 6105/565/6002 6103/820/5998 3351/820/4673 3369/565/2858
f 6103/820/5998 6105/565/6002 3370/565/2859 3352/820/4674
f 6114/482/6015 6115/896/6016 3437/896/6017 3435/482/4202
f 6115/896/6016 6114/482/6015 3436/482/4203 3438/896/6018
f 6115/896/6016 6116/828/6019 3433/828/4761 3437/896/6017
f 6116/828/6019 6115/896/6016 3438/896/6018 3434/828/4762
f 6116/828/6019 6117/772/6020 3431/772/4205 3433/828/4761
f 6117/772/6020 6116/828/6019 3434/828/4762 3432/772/4206
f 6117/772/6020 6114/482/6015 3435/482/4202 3431/772/4205
f 6114/482/6015 6117/772/6020 3432/772/4206 3436/482/4203
f 6126/268/6041 6127/897/6042 3391/897/6043 3393/268/958
f 6127/897/6042 6126/268/6041 3394/268/959 3392/897/6044
f 6127/897/6042 6128/644/6045 3389/644/5565 3391/897/6043
f 6128/644/6045 6127/897/6042 3392/897/6044 3390/644/5566
f 6128/644/6045 6126/268/6041 3393/268/958 3389/644/5565
f 6126/268/6041 6128/644/6045 3390/644/5566 3394/268/959
f 6133/779/6050 6134/461/6051 3049/461/2011 3045/779/4822
f 6134/461/6051 6133/779/6050 3046/779/4825 3050/461/2012
f 6134/461/6051 6135/679/6052 3047/679/3502 3049/461/2011
f 6135/679/6052 6134/461/6051 3050/461/2012 3048/679/3503
f 6135/679/6052 6136/853/6053 3043/853/5209 3047/679/3502
f 6136/853/6053 6135/679/6052 3048/679/3503 3044/853/5210
f 6136/853/6053 6133/779/6050 3045/779/4822 3043/853/5209
f 6133/779/6050 6136/853/6053 3044/853/5210 3046/779/4825
f 6137/868/6054 6138/871/6055 3125/871/5421 3117/868/5400
f 6138/871/6055 6137/868/6054 3118/868/5401 3126/871/5422
f 6138/871/6055 6139/543/6056 3111/543/5302 3125/871/5421
f 6139/543/6056 6138/871/6055 3126/871/5422 3112/543/5303
f 6139/543/6056 6140/535/6057 3109/535/5349 3111/543/5302
f 6140/535/6057 6139/543/6056 3112/543/5303 3110/535/5350
f 6140/535/6057 6137/868/6054 3117/868/5400 3109/535/5349
f 6137/868/6054 6140/535/6057 3110/535/5350 3118/868/5401
f 6145/469/6064 6146/881/6065 3411/881/6066 3405/469/2055
f 6146/881/6065 6145/469/6064 3406/469/2058 3412/881/6067
f 6146/881/6065 6147/882/6068 3409/882/6069 3411/881/6066
f 6147/882/6068 6146/881/6065 3412/881/6067 3410/882/6070
f 6147/882/6068 6145/469/6064 3405/469/2055 3409/882/6069
f 6145/469/6064 6147/882/6068 3410/882/6070 3406/469/2058
f 6148/881/6071 6149/469/6072 3405/469/2055 3411/881/6066
f 6149/469/6072 6148/881/6071 3412/881/6067 3406/469/2058
f 6149/469/6072 6150/468/6073 3413/468/2056 3405/469/2055
f 6150/468/6073 6149/469/6072 3406/469/2058 3414/468/2057
f 6150/468/6073 6148/881/6071 3411/881/6066 3413/468/2056
f 6148/881/6071 6150/468/6073 3414/468/2057 3412/881/6067
f 6155/898/6086 6156/536/6087 3099/536/5582 3095/898/6088
f 6156/536/6087 6155/898/6086 3096/898/6089 3100/536/5583
f 6156/536/6087 6157/862/6090 3097/862/6091 3099/536/5582
f 6157/862/6090 6156/536/6087 3100/536/5583 3098/862/6092
f 6157/862/6090 6158/857/6093 3093/857/6094 3097/862/6091
f 6158/857/6093 6157/862/6090 3098/862/6092 3094/857/6095
f 6158/857/6093 6155/898/6086 3095/898/6088 3093/857/6094
f 6155/898/6086 6158/857/6093 3094/857/6095 3096/898/6089
f 6159/536/6096 6160/898/6097 3095/898/6088 3099/536/5582
f 6160/898/6097 6159/536/6096 3100/536/5583 3096/898/6089
f 6160/898/6097 6161/856/6098 3119/856/6099 3095/898/6088
f 6161/856/6098 6160/898/6097 3096/898/6089 3120/856/6100
f 6161/856/6098 6162/534/6101 3115/534/5585 3119/856/6099
f 6162/534/6101 6161/856/6098 3120/856/6100 3116/534/5586
f 6162/534/6101 6159/536/6096 3099/536/5582 3115/534/5585
f 6159/536/6096 6162/534/6101 3116/534/5586 3100/536/5583
f 6163/262/6102 6164/263/6103 3519/263/4575 3517/262/2753
f 6164/263/6103 6163/262/6102 3518/262/2754 3520/263/4576
f 6164/263/6103 6165/265/6104 3497/265/6105 3519/263/4575
f 6165/265/6104 6164/263/6103 3520/263/4576 3498/265/6106
f 6165/265/6104 6166/261/6107 3509/261/2700 3497/265/6105
f 6166/261/6107 6165/265/6104 3498/265/6106 3510/261/2701
f 6166/261/6107 6163/262/6102 3517/262/2753 3509/261/2700
f 6163/262/6102 6166/261/6107 3510/261/2701 3518/262/2754
f 6167/829/6108 6168/174/6109 3421/174/582 3427/829/4760
f 6168/174/6109 6167/829/6108 3428/829/4763 3422/174/583
f 6168/174/6109 6169/173/6110 3429/173/577 3421/174/582
f 6169/173/6110 6168/174/6109 3422/174/583 3430/173/580
f 6169/173/6110 6167/829/6108 3427/829/4760 3429/173/577
f 6167/829/6108 6169/173/6110 3430/173/580 3428/829/4763
f 6170/265/6111 6171/862/6112 3097/862/6091 3101/265/948
f 6171/862/6112 6170/265/6111 3102/265/949 3098/862/6092
f 6171/862/6112 6172/536/6113 3099/536/5582 3097/862/6091
f 6172/536/6113 6171/862/6112 3098/862/6092 3100/536/5583
f 6172/536/6113 6173/261/6114 3103/261/938 3099/536/5582
f 6173/261/6114 6172/536/6113 3100/536/5583 3104/261/939
f 6173/261/6114 6170/265/6111 3101/265/948 3103/261/938
f 6170/265/6111 6173/261/6114 3104/261/939 3102/265/949
f 6178/483/6119 6179/899/6120 3379/899/6121 3439/483/5462
f 6179/899/6120 6178/483/6119 3440/483/5463 3380/899/6122
f 6179/899/6120 6180/896/6123 3437/896/6017 3379/899/6121
f 6180/896/6123 6179/899/6120 3380/899/6122 3438/896/6018
f 6180/896/6123 6181/482/6124 3435/482/4202 3437/896/6017
f 6181/482/6124 6180/896/6123 3438/896/6018 3436/482/4203
f 6181/482/6124 6178/483/6119 3439/483/5462 3435/482/4202
f 6178/483/6119 6181/482/6124 3436/482/4203 3440/483/5463
f 6186/709/6129 6187/708/6130 3073/708/3671 3077/709/3674
f 6187/708/6130 6186/709/6129 3078/709/3675 3074/708/3672
f 6187/708/6130 6188/870/6131 3071/870/6132 3073/708/3671
f 6188/870/6131 6187/708/6130 3074/708/3672 3072/870/6133
f 6188/870/6131 6189/846/6134 3075/846/5138 3071/870/6132
f 6189/846/6134 6188/870/6131 3072/870/6133 3076/846/5139
f 6189/846/6134 6186/709/6129 3077/709/3674 3075/846/5138
f 6186/709/6129 6189/846/6134 3076/846/5139 3078/709/3675
f 6190/541/6135 6191/542/6136 3151/542/2737 3161/541/2733
f 6191/542/6136 6190/541/6135 3162/541/2734 3152/542/2738
f 6191/542/6136 6192/839/6137 3149/839/5468 3151/542/2737
f 6192/839/6137 6191/542/6136 3152/542/2738 3150/839/5469
f 6192/839/6137 6193/821/6138 3147/821/478 3149/839/5468
f 6193/821/6138 6192/839/6137 3150/839/5469 3148/821/479
f 6193/821/6138 6190/541/6135 3161/541/2733 3147/821/478
f 6190/541/6135 6193/821/6138 3148/821/479 3162/541/2734
f 6218/353/6194 6219/853/6195 3461/853/6196 3457/353/4277
f 6219/853/6195 6218/353/6194 3458/353/4278 3462/853/6197
f 6219/853/6195 6220/642/6198 3459/642/5840 3461/853/6196
f 6220/642/6198 6219/853/6195 3462/853/6197 3460/642/5841
f 6220/642/6198 6218/353/6194 3457/353/4277 3459/642/5840
f 6218/353/6194 6220/642/6198 3460/642/5841 3458/353/4278
f 6225/71/6203 6226/269/6204 3401/269/961 3395/71/219
f 6226/269/6204 6225/71/6203 3396/71/222 3402/269/962
f 6226/269/6204 6227/268/6205 3393/268/958 3401/269/961
f 6227/268/6205 6226/269/6204 3402/269/962 3394/268/959
f 6227/268/6205 6228/72/6206 3387/72/224 3393/268/958
f 6228/72/6206 6227/268/6205 3394/268/959 3388/72/225
f 6228/72/6206 6225/71/6203 3395/71/219 3387/72/224
f 6225/71/6203 6228/72/6206 3388/72/225 3396/71/222
f 6233/853/6219 6234/461/6220 3469/461/2677 3461/853/6221
f 6234/461/6220 6233/853/6219 3462/853/6222 3470/461/2678
f 6234/461/6220 6235/679/6223 3471/679/6224 3469/461/2677
f 6235/679/6223 6234/461/6220 3470/461/2678 3472/679/6225
f 6235/679/6223 6233/853/6219 3461/853/6221 3471/679/6224
f 6233/853/6219 6235/679/6223 3472/679/6225 3462/853/6222
f 6236/374/6226 6237/723/6227 3465/723/479 3473/374/3782
f 6237/723/6227 6236/374/6226 3474/374/3783 3466/723/478
f 6237/723/6227 6238/352/6228 3455/352/4280 3465/723/479
f 6238/352/6228 6237/723/6227 3466/723/478 3456/352/4281
f 6238/352/6228 6239/375/6229 3467/375/5834 3455/352/4280
f 6239/375/6229 6238/352/6228 3456/352/4281 3468/375/5835
f 6239/375/6229 6236/374/6226 3473/374/3782 3467/375/5834
f 6236/374/6226 6239/375/6229 3468/375/5835 3474/374/3783
f 6248/460/6254 6249/679/6255 3471/679/6224 3481/460/2674
f 6249/679/6255 6248/460/6254 3482/460/2675 3472/679/6225
f 6249/679/6255 6250/461/6256 3469/461/2677 3471/679/6224
f 6250/461/6256 6249/679/6255 3472/679/6225 3470/461/2678
f 6250/461/6256 6248/460/6254 3481/460/2674 3469/461/2677
f 6248/460/6254 6250/461/6256 3470/461/2678 3482/460/2675
f 6255/355/6261 6256/354/6262 3453/354/5846 3451/355/2944
f 6256/354/6262 6255/355/6261 3452/355/2947 3454/354/5847
f 6256/354/6262 6257/466/6263 3447/466/6264 3453/354/5846
f 6257/466/6263 6256/354/6262 3454/354/5847 3448/466/6265
f 6257/466/6263 6258/467/6266 3445/467/2949 3447/466/6264
f 6258/467/6266 6257/466/6263 3448/466/6265 3446/467/2950
f 6258/467/6266 6255/355/6261 3451/355/2944 3445/467/2949
f 6255/355/6261 6258/467/6266 3446/467/2950 3452/355/2947
f 6259/862/6267 6260/623/6268 3491/623/6269 3501/862/6270
f 6260/623/6268 6259/862/6267 3502/862/6271 3492/623/6272
f 6260/623/6268 6261/624/6273 3495/624/6274 3491/623/6269
f 6261/624/6273 6260/623/6268 3492/623/6272 3496/624/6275
f 6261/624/6273 6259/862/6267 3501/862/6270 3495/624/6274
f 6259/862/6267 6261/624/6273 3496/624/6275 3502/862/6271
f 6262/857/6276 6263/624/6277 3495/624/6278 3503/857/6279
f 6263/624/6277 6262/857/6276 3504/857/6280 3496/624/6281
f 6263/624/6277 6264/861/6282 3499/861/6283 3495/624/6278
f 6264/861/6282 6263/624/6277 3496/624/6281 3500/861/6284
f 6264/861/6282 6262/857/6276 3503/857/6279 3499/861/6283
f 6262/857/6276 6264/861/6282 3500/861/6284 3504/857/6280
f 6269/857/6297 6270/536/6298 3505/536/2703 3503/857/5252
f 6270/536/6298 6269/857/6297 3504/857/5253 3506/536/2704
f 6270/536/6298 6271/862/6299 3501/862/6300 3505/536/2703
f 6271/862/6299 6270/536/6298 3506/536/2704 3502/862/6301
f 6271/862/6299 6269/857/6297 3503/857/5252 3501/862/6300
f 6269/857/6297 6271/862/6299 3502/862/6301 3504/857/5253
f 6272/175/6302 6273/174/6303 3421/174/582 3425/175/585
f 6273/174/6303 6272/175/6302 3426/175/586 3422/174/583
f 6273/174/6303 6274/841/6304 3415/841/5393 3421/174/582
f 6274/841/6304 6273/174/6303 3422/174/583 3416/841/5394
f 6274/841/6304 6275/470/6305 3423/470/2061 3415/841/5393
f 6275/470/6305 6274/841/6304 3416/841/5394 3424/470/2062
f 6275/470/6305 6272/175/6302 3425/175/585 3423/470/2061
f 6272/175/6302 6275/470/6305 3424/470/2062 3426/175/586
f 6276/536/6306 6277/856/6307 3507/856/5249 3505/536/2703
f 6277/856/6307 6276/536/6306 3506/536/2704 3508/856/5250
f 6277/856/6307 6278/534/6308 3511/534/2696 3507/856/5249
f 6278/534/6308 6277/856/6307 3508/856/5250 3512/534/2697
f 6278/534/6308 6276/536/6306 3505/536/2703 3511/534/2696
f 6276/536/6306 6278/534/6308 3512/534/2697 3506/536/2704
f 6279/261/6309 6280/265/6310 3497/265/6105 3509/261/2700
f 6280/265/6310 6279/261/6309 3510/261/2701 3498/265/6106
f 6280/265/6310 6281/862/6311 3501/862/6300 3497/265/6105
f 6281/862/6311 6280/265/6310 3498/265/6106 3502/862/6301
f 6281/862/6311 6282/536/6312 3505/536/2703 3501/862/6300
f 6282/536/6312 6281/862/6311 3502/862/6301 3506/536/2704
f 6282/536/6312 6279/261/6309 3509/261/2700 3505/536/2703
f 6279/261/6309 6282/536/6312 3506/536/2704 3510/261/2701
f 6283/867/6313 6284/535/6314 3515/535/2695 3513/867/6315
f 6284/535/6314 6283/867/6313 3514/867/6316 3516/535/2698
f 6284/535/6314 6285/534/6317 3511/534/2696 3515/535/2695
f 6285/534/6317 6284/535/6314 3516/535/2698 3512/534/2697
f 6285/534/6317 6283/867/6313 3513/867/6315 3511/534/2696
f 6283/867/6313 6285/534/6317 3512/534/2697 3514/867/6316
f 6286/163/6318 6287/840/6319 2975/840/5053 2941/163/533
f 6287/840/6319 6286/163/6318 2942/163/536 2976/840/5054
f 6287/840/6319 6288/859/6320 2945/859/5286 2975/840/5053
f 6288/859/6320 6287/840/6319 2976/840/5054 2946/859/5287
f 6288/859/6320 6289/722/6321 2937/722/5290 2945/859/5286
f 6289/722/6321 6288/859/6320 2946/859/5287 2938/722/5291
f 6289/722/6321 6286/163/6318 2941/163/533 2937/722/5290
f 6286/163/6318 6289/722/6321 2938/722/5291 2942/163/536
f 6294/262/6330 6295/706/6331 3083/706/3667 3107/262/937
f 6295/706/6331 6294/262/6330 3108/262/940 3084/706/3668
f 6295/706/6331 6296/709/6332 3077/709/3674 3083/706/3667
f 6296/709/6332 6295/706/6331 3084/706/3668 3078/709/3675
f 6296/709/6332 6297/263/6333 3081/263/942 3077/709/3674
f 6297/263/6333 6296/709/6332 3078/709/3675 3082/263/943
f 6297/263/6333 6294/262/6330 3107/262/937 3081/263/942
f 6294/262/6330 6297/263/6333 3082/263/943 3108/262/940
f 6298/543/6334 6299/854/6335 3527/854/6336 3521/543/2750
f 6299/854/6335 6298/543/6334 3522/543/2751 3528/854/6337
f 6299/854/6335 6300/706/6338 3523/706/4571 3527/854/6336
f 6300/706/6338 6299/854/6335 3528/854/6337 3524/706/4572
f 6300/706/6338 6301/262/6339 3517/262/2753 3523/706/4571
f 6301/262/6339 6300/706/6338 3524/706/4572 3518/262/2754
f 6301/262/6339 6298/543/6334 3521/543/2750 3517/262/2753
f 6298/543/6334 6301/262/6339 3518/262/2754 3522/543/2751
f 6306/846/6346 6307/263/6347 3519/263/4575 3493/846/5416
f 6307/263/6347 6306/846/6346 3494/846/5417 3520/263/4576
f 6307/263/6347 6308/709/6348 3525/709/4570 3519/263/4575
f 6308/709/6348 6307/263/6347 3520/263/4576 3526/709/4573
f 6308/709/6348 6306/846/6346 3493/846/5416 3525/709/4570
f 6306/846/6346 6308/709/6348 3526/709/4573 3494/846/5417
f 6313/854/6361 6314/855/6362 3489/855/6363 3527/854/6336
f 6314/855/6362 6313/854/6361 3528/854/6337 3490/855/6364
f 6314/855/6362 6315/707/6365 3529/707/4613 3489/855/6363
f 6315/707/6365 6314/855/6362 3490/855/6364 3530/707/4614
f 6315/707/6365 6316/706/6366 3523/706/4571 3529/707/4613
f 6316/706/6366 6315/707/6365 3530/707/4614 3524/706/4572
f 6316/706/6366 6313/854/6361 3527/854/6336 3523/706/4571
f 6313/854/6361 6316/706/6366 3524/706/4572 3528/854/6337
