# Blender 5.2.0 LTS
# www.blender.org
mtllib glass waterballon.mtl
o watahbalon.002
v -0.205807 0.000753 -0.204953
v -0.206277 0.000427 -0.205425
v -0.201020 0.353691 -0.199964
v -0.201470 0.354105 -0.200414
v -0.227383 0.269187 -0.226323
v -0.227915 0.269377 -0.226855
v -0.231764 0.176623 -0.230950
v -0.232322 0.176605 -0.231508
v -0.223383 0.081934 -0.222647
v -0.223907 0.081774 -0.223171
v -0.126280 0.176624 -0.301526
v -0.126600 0.176604 -0.302292
v -0.123494 0.269183 -0.295504
v -0.123796 0.269381 -0.296234
v -0.121896 0.081938 -0.290669
v -0.122196 0.081769 -0.291389
v -0.112304 0.000761 -0.267588
v -0.112574 0.000419 -0.268230
v -0.001648 0.176624 -0.326334
v -0.001648 0.176604 -0.327164
v -0.109529 0.353704 -0.261071
v -0.109759 0.354091 -0.261627
v -0.001648 0.081939 -0.314600
v -0.001648 0.081769 -0.315380
v -0.001648 0.000761 -0.289560
v -0.001648 0.000419 -0.290258
v 0.109020 0.000762 -0.267587
v 0.109290 0.000418 -0.268231
v 0.118600 0.081943 -0.290669
v 0.118900 0.081773 -0.291389
v 0.202913 0.000753 -0.204953
v 0.203385 0.000427 -0.205425
v -0.092366 0.405313 -0.219479
v -0.092522 0.405755 -0.219859
v -0.001648 0.269182 -0.319794
v -0.001648 0.269382 -0.320584
v -0.001648 0.353704 -0.282529
v -0.001648 0.354092 -0.283129
v -0.001648 0.405302 -0.237532
v -0.001648 0.405766 -0.237966
v 0.089082 0.405313 -0.219479
v 0.089238 0.405755 -0.219859
v 0.106245 0.353704 -0.261071
v 0.106475 0.354091 -0.261627
v 0.120601 0.269183 -0.295504
v 0.120903 0.269381 -0.296235
v 0.197724 0.353691 -0.199964
v 0.198174 0.354105 -0.200414
v 0.122997 0.176624 -0.301526
v 0.123317 0.176604 -0.302292
v 0.224087 0.269187 -0.226323
v 0.224619 0.269377 -0.226855
v 0.228871 0.176623 -0.230950
v 0.229429 0.176605 -0.231508
v 0.220490 0.081938 -0.222647
v 0.221014 0.081778 -0.223171
v -0.001648 0.000759 -0.289565
v -0.001648 0.000421 -0.290253
v -0.001648 -0.074685 -0.237610
v -0.001648 -0.075143 -0.238128
v -0.092346 -0.074685 -0.219589
v -0.092542 -0.075143 -0.220069
v -0.112306 0.000759 -0.267591
v -0.112572 0.000421 -0.268227
v 0.089062 -0.074685 -0.219589
v 0.089258 -0.075143 -0.220069
v -0.001648 0.000759 -0.289565
v -0.001648 0.000421 -0.290253
v 0.109022 0.000759 -0.267591
v 0.109288 0.000421 -0.268227
v -0.001648 -0.074685 -0.237610
v -0.001648 -0.075143 -0.238128
v 0.166174 -0.074685 -0.168206
v 0.166540 -0.075143 -0.168572
v 0.109022 0.000759 -0.267591
v 0.109288 0.000421 -0.268227
v 0.202905 0.000759 -0.204945
v 0.203393 0.000421 -0.205433
v 0.089062 -0.074685 -0.219589
v 0.089258 -0.075143 -0.220069
v -0.112306 0.000759 -0.267592
v -0.112572 0.000421 -0.268226
v -0.169067 -0.074685 -0.168206
v -0.169433 -0.075143 -0.168572
v -0.205799 0.000758 -0.204946
v -0.206285 0.000422 -0.205432
v -0.092346 -0.074685 -0.219590
v -0.092542 -0.075143 -0.220068
v -0.002850 -0.258701 0.004777
v -0.002838 -0.258727 0.004765
v 0.001157 -0.257772 0.005539
v 0.001163 -0.257800 0.005523
v -0.002447 -0.255349 0.002381
v -0.002435 -0.255359 0.002361
v -0.000050 -0.254624 0.002743
v -0.000048 -0.254636 0.002719
v -0.004437 -0.255841 0.002537
v -0.004449 -0.255850 0.002525
v -0.005637 -0.254767 0.002579
v -0.005643 -0.254781 0.002563
v -0.003241 -0.252739 0.001020
v -0.003253 -0.252737 0.001002
v -0.004040 -0.251765 0.001260
v -0.004042 -0.251767 0.001242
v -0.002842 -0.247482 -0.028595
v -0.002846 -0.247474 -0.028663
v -0.014832 -0.253569 -0.024442
v -0.014856 -0.253603 -0.024496
v -0.016425 -0.250310 -0.024520
v -0.016461 -0.250310 -0.024578
v -0.001650 -0.250814 -0.028119
v -0.001646 -0.250838 -0.028179
v -0.003646 -0.244234 -0.027283
v -0.003654 -0.244194 -0.027335
v -0.002842 -0.247482 -0.028595
v -0.002846 -0.247474 -0.028663
v -0.016828 -0.247023 -0.023086
v -0.016864 -0.246989 -0.023132
v -0.001650 -0.250813 -0.028118
v -0.001646 -0.250839 -0.028180
v -0.012045 -0.256419 -0.022653
v -0.012051 -0.256473 -0.022685
v -0.000443 -0.253853 -0.025691
v -0.000435 -0.253903 -0.025727
v 0.011145 -0.245336 -0.025166
v 0.011169 -0.245324 -0.025212
v -0.001649 -0.250816 -0.028124
v -0.001647 -0.250836 -0.028174
v -0.002843 -0.247481 -0.028602
v -0.002845 -0.247475 -0.028656
v 0.009952 -0.242097 -0.024127
v 0.009970 -0.242051 -0.024171
v -0.003646 -0.244234 -0.027283
v -0.003654 -0.244194 -0.027335
v 0.011547 -0.248750 -0.024727
v 0.011573 -0.248766 -0.024771
v 0.011145 -0.251959 -0.022613
v 0.011169 -0.252005 -0.022645
v -0.000443 -0.253854 -0.025691
v -0.000435 -0.253902 -0.025727
v -0.011201 -0.263832 -0.008183
v -0.011285 -0.263804 -0.008275
v -0.021196 -0.288274 -0.013895
v -0.021284 -0.288194 -0.014003
v -0.012027 -0.289515 -0.019770
v -0.012069 -0.289449 -0.019888
v -0.033602 -0.309793 -0.023254
v -0.033684 -0.309699 -0.023364
v -0.018828 -0.311816 -0.032807
v -0.018868 -0.311732 -0.032931
v -0.016422 -0.250310 -0.024515
v -0.016464 -0.250310 -0.024583
v -0.024425 -0.256286 -0.014530
v -0.024477 -0.256334 -0.014567
v -0.026021 -0.253074 -0.014093
v -0.026079 -0.253082 -0.014125
v -0.014832 -0.253570 -0.024443
v -0.014856 -0.253602 -0.024495
v 0.007529 -0.244643 -0.009560
v 0.007583 -0.244689 -0.009618
v 0.007917 -0.263832 -0.008183
v 0.008001 -0.263804 -0.008275
v 0.017913 -0.288274 -0.013895
v 0.018001 -0.288194 -0.014003
v 0.030318 -0.309793 -0.023254
v 0.030400 -0.309699 -0.023364
v 0.015532 -0.311816 -0.032807
v 0.015572 -0.311732 -0.032931
v 0.009134 -0.289515 -0.019770
v 0.009176 -0.289449 -0.019888
v -0.001648 -0.312527 -0.036124
v -0.001648 -0.312445 -0.036254
v 0.003137 -0.244659 -0.012279
v 0.003161 -0.244697 -0.012339
v 0.003533 -0.264444 -0.011100
v 0.003571 -0.264424 -0.011198
v -0.001648 -0.289955 -0.021846
v -0.001648 -0.289889 -0.021972
v -0.001648 -0.264659 -0.012096
v -0.001648 -0.264641 -0.012202
v -0.001648 -0.244663 -0.013237
v -0.001648 -0.244701 -0.013301
v -0.006829 -0.264444 -0.011100
v -0.006867 -0.264424 -0.011198
v -0.006433 -0.244659 -0.012279
v -0.006457 -0.244697 -0.012339
v -0.010423 -0.244643 -0.009561
v -0.010475 -0.244689 -0.009617
v 0.015940 -0.264175 -0.013697
v 0.015970 -0.264229 -0.013721
v 0.005951 -0.261882 -0.023247
v 0.005963 -0.261930 -0.023291
v 0.007545 -0.258987 -0.024286
v 0.007567 -0.259001 -0.024332
v 0.017534 -0.261288 -0.014616
v 0.017574 -0.261308 -0.014642
v 0.017930 -0.258006 -0.014613
v 0.017984 -0.257998 -0.014645
v 0.008334 -0.255817 -0.023843
v 0.008366 -0.255803 -0.023895
v -0.000043 -0.250246 0.001860
v -0.000055 -0.250246 0.001842
v 0.002768 -0.252561 0.000258
v 0.002750 -0.252579 0.000244
v 0.000766 -0.249253 0.000776
v 0.000748 -0.249255 0.000766
v -0.007256 -0.253815 0.001254
v -0.007246 -0.253829 0.001248
v -0.005258 -0.250839 0.000296
v -0.005240 -0.250845 0.000286
v -0.006447 -0.254050 0.002018
v -0.006443 -0.254066 0.002004
v -0.004850 -0.251072 0.000978
v -0.004842 -0.251076 0.000964
v 0.005951 -0.261882 -0.023247
v 0.005963 -0.261930 -0.023291
v -0.007244 -0.257943 -0.026283
v -0.007258 -0.257981 -0.026335
v -0.005638 -0.255022 -0.027556
v -0.005642 -0.255030 -0.027622
v 0.007542 -0.258985 -0.024280
v 0.007570 -0.259003 -0.024338
v 0.007543 -0.258985 -0.024281
v 0.007569 -0.259003 -0.024337
v -0.004043 -0.252024 -0.027125
v -0.004039 -0.252004 -0.027173
v 0.008337 -0.255816 -0.023848
v 0.008363 -0.255804 -0.023890
v 0.008336 -0.252690 -0.021773
v 0.008364 -0.252650 -0.021805
v -0.002448 -0.249301 -0.024772
v -0.002434 -0.249255 -0.024806
v 0.001555 -0.253597 0.001903
v 0.001545 -0.253614 0.001879
v 0.001157 -0.257770 0.005540
v 0.001163 -0.257802 0.005523
v -0.000050 -0.254625 0.002741
v -0.000048 -0.254635 0.002721
v 0.005151 -0.256530 0.003899
v 0.005151 -0.256562 0.003883
v 0.001554 -0.253600 0.001900
v 0.001546 -0.253612 0.001882
v -0.001244 -0.251191 0.002222
v -0.001246 -0.251189 0.002200
v -0.000044 -0.250246 0.001859
v -0.000054 -0.250246 0.001843
v -0.004050 -0.255558 0.000816
v -0.004032 -0.255566 0.000806
v -0.003659 -0.252000 0.000817
v -0.003641 -0.251996 0.000805
v -0.002447 -0.255349 0.002381
v -0.002435 -0.255359 0.002361
v -0.002848 -0.251836 0.001859
v -0.002840 -0.251832 0.001843
v -0.001245 -0.251191 0.002221
v -0.001245 -0.251189 0.002201
v -0.000050 -0.254625 0.002741
v -0.000048 -0.254635 0.002721
v -0.002849 -0.251836 0.001860
v -0.002839 -0.251832 0.001842
v -0.002447 -0.255350 0.002380
v -0.002435 -0.255358 0.002362
v -0.004850 -0.251072 0.000980
v -0.004842 -0.251076 0.000962
v -0.002442 -0.248687 0.001741
v -0.002440 -0.248677 0.001721
v -0.004040 -0.251765 0.001260
v -0.004042 -0.251767 0.001242
v -0.004046 -0.247805 0.001499
v -0.004036 -0.247799 0.001483
v -0.027219 -0.246542 -0.013613
v -0.027274 -0.246526 -0.013645
v -0.018425 -0.250473 -0.023636
v -0.018465 -0.250467 -0.023702
v -0.025223 -0.243733 -0.014052
v -0.025265 -0.243679 -0.014086
v -0.016433 -0.247615 -0.023604
v -0.016453 -0.247581 -0.023654
v -0.005638 -0.254768 0.002578
v -0.005642 -0.254780 0.002564
v -0.006447 -0.254051 0.002018
v -0.006443 -0.254065 0.002004
v -0.004040 -0.251765 0.001261
v -0.004042 -0.251767 0.001241
v -0.004850 -0.251072 0.000979
v -0.004842 -0.251076 0.000963
v -0.004048 -0.244534 0.003857
v -0.004034 -0.244510 0.003845
v -0.000444 -0.245891 0.004458
v -0.000434 -0.245865 0.004444
v -0.004047 -0.247805 0.001500
v -0.004035 -0.247799 0.001482
v -0.002443 -0.248687 0.001741
v -0.002439 -0.248677 0.001721
v -0.005257 -0.250840 0.000296
v -0.005241 -0.250845 0.000286
v -0.004047 -0.247805 0.001499
v -0.004035 -0.247799 0.001483
v -0.004849 -0.251072 0.000978
v -0.004843 -0.251076 0.000964
v -0.005257 -0.247445 0.000296
v -0.005241 -0.247439 0.000286
v -0.007243 -0.257940 -0.026279
v -0.007259 -0.257984 -0.026339
v -0.019231 -0.253493 -0.022207
v -0.019269 -0.253519 -0.022250
v -0.018428 -0.250472 -0.023641
v -0.018462 -0.250468 -0.023697
v -0.005638 -0.255023 -0.027563
v -0.005642 -0.255029 -0.027615
v -0.016435 -0.247612 -0.023608
v -0.016451 -0.247584 -0.023650
v -0.004043 -0.252024 -0.027125
v -0.004039 -0.252004 -0.027173
v -0.013246 -0.245292 -0.021854
v -0.013244 -0.245240 -0.021884
v -0.002448 -0.249301 -0.024772
v -0.002434 -0.249255 -0.024806
v 0.021933 -0.247909 -0.015172
v 0.021987 -0.247927 -0.015206
v 0.011145 -0.245336 -0.025165
v 0.011169 -0.245324 -0.025213
v 0.021938 -0.244457 -0.015135
v 0.021982 -0.244443 -0.015163
v 0.020732 -0.241223 -0.014177
v 0.020772 -0.241173 -0.014201
v 0.011544 -0.248748 -0.024722
v 0.011576 -0.248768 -0.024776
v 0.009951 -0.242098 -0.024126
v 0.009971 -0.242050 -0.024172
v -0.004044 -0.248502 0.002939
v -0.004038 -0.248486 0.002923
v -0.003660 -0.252000 0.000817
v -0.003640 -0.251996 0.000805
v -0.005255 -0.248669 0.001815
v -0.005243 -0.248655 0.001807
v -0.002848 -0.251836 0.001859
v -0.002840 -0.251832 0.001843
v -0.004040 -0.251765 0.001261
v -0.004042 -0.251767 0.001241
v -0.001242 -0.249804 0.001060
v -0.001248 -0.249792 0.001043
v -0.003242 -0.252739 0.001019
v -0.003252 -0.252737 0.001003
v -0.002442 -0.248687 0.001741
v -0.002440 -0.248677 0.001721
v -0.000444 -0.245892 0.004459
v -0.000434 -0.245864 0.004443
v -0.001241 -0.249807 0.001063
v -0.001249 -0.249789 0.001039
v 0.002757 -0.247477 0.002979
v 0.002761 -0.247447 0.002964
v -0.002439 -0.247853 0.003579
v -0.002443 -0.247839 0.003563
v -0.001244 -0.251191 0.002223
v -0.001246 -0.251189 0.002199
v -0.004044 -0.248502 0.002939
v -0.004038 -0.248486 0.002923
v -0.002849 -0.251836 0.001860
v -0.002839 -0.251832 0.001842
v -0.000836 -0.246860 0.003418
v -0.000848 -0.246848 0.003404
v -0.000043 -0.250246 0.001861
v -0.000055 -0.250246 0.001841
v -0.002439 -0.247854 0.003580
v -0.002443 -0.247838 0.003562
v -0.001245 -0.251191 0.002221
v -0.001245 -0.251189 0.002201
v -0.003242 -0.252739 0.001019
v -0.003252 -0.252737 0.001003
v -0.000432 -0.250832 -0.000222
v -0.000446 -0.250812 -0.000236
v -0.002836 -0.253720 0.000296
v -0.002852 -0.253716 0.000286
v -0.038033 -0.308487 -0.006911
v -0.038065 -0.308573 -0.006907
v -0.033629 -0.309697 -0.023305
v -0.033657 -0.309795 -0.023313
v -0.029639 -0.311138 -0.019385
v -0.029663 -0.311226 -0.019393
v -0.018840 -0.311724 -0.032861
v -0.018856 -0.311824 -0.032877
v -0.043232 -0.306670 -0.008992
v -0.043268 -0.306766 -0.008986
v -0.016840 -0.312909 -0.027741
v -0.016852 -0.312999 -0.027757
v -0.041231 -0.305356 0.007843
v -0.041265 -0.305440 0.007859
v -0.001648 -0.312436 -0.036179
v -0.001648 -0.312536 -0.036199
v -0.046832 -0.303095 0.007840
v -0.046870 -0.303189 0.007862
v -0.001648 -0.313529 -0.030700
v -0.001648 -0.313619 -0.030718
v -0.043233 -0.299520 0.024713
v -0.043267 -0.299612 0.024749
v 0.013544 -0.312909 -0.027741
v 0.013556 -0.312999 -0.027757
v -0.038034 -0.302229 0.022596
v -0.038064 -0.302311 0.022626
v 0.015544 -0.311724 -0.032861
v 0.015560 -0.311824 -0.032877
v -0.033631 -0.296489 0.038988
v -0.033655 -0.296579 0.039034
v 0.026343 -0.311138 -0.019385
v 0.026367 -0.311226 -0.019393
v -0.029639 -0.299578 0.035111
v -0.029663 -0.299658 0.035151
v 0.030345 -0.309697 -0.023305
v 0.030373 -0.309795 -0.023313
v -0.018841 -0.294462 0.048545
v -0.018855 -0.294550 0.048597
v 0.034737 -0.308487 -0.006911
v 0.034769 -0.308573 -0.006907
v -0.016840 -0.297806 0.043467
v -0.016852 -0.297886 0.043515
v 0.039936 -0.306670 -0.008992
v 0.039972 -0.306766 -0.008986
v 0.037937 -0.305361 0.007844
v 0.037967 -0.305435 0.007858
v 0.043539 -0.303102 0.007842
v 0.043571 -0.303182 0.007860
v -0.001648 -0.293754 0.051904
v -0.001648 -0.293842 0.051958
v -0.001648 -0.297182 0.046386
v -0.001648 -0.297262 0.046436
v 0.013544 -0.297806 0.043467
v 0.013556 -0.297886 0.043515
v 0.015545 -0.294462 0.048545
v 0.015559 -0.294550 0.048597
v 0.026343 -0.299578 0.035111
v 0.026367 -0.299658 0.035151
v 0.030347 -0.296489 0.038988
v 0.030371 -0.296579 0.039034
v 0.034738 -0.302229 0.022596
v 0.034768 -0.302311 0.022626
v 0.039937 -0.299520 0.024714
v 0.039971 -0.299612 0.024749
v 0.037937 -0.305361 0.007844
v 0.037967 -0.305435 0.007858
v 0.043539 -0.303102 0.007842
v 0.043571 -0.303182 0.007860
v -0.041321 -0.305303 0.007828
v -0.041175 -0.305493 0.007874
v -0.038114 -0.308439 -0.006959
v -0.037984 -0.308621 -0.006859
v -0.001648 -0.275980 0.004119
v -0.001648 -0.276352 0.004143
v -0.038117 -0.302172 0.022616
v -0.037981 -0.302368 0.022606
v -0.001648 -0.275983 0.004119
v -0.001648 -0.276349 0.004143
v -0.029704 -0.299516 0.035161
v -0.029598 -0.299720 0.035101
v -0.001648 -0.275986 0.004120
v -0.001648 -0.276346 0.004142
v -0.016875 -0.297741 0.043537
v -0.016817 -0.297951 0.043445
v -0.001648 -0.275988 0.004120
v -0.001648 -0.276344 0.004142
v -0.001648 -0.297117 0.046464
v -0.001648 -0.297327 0.046358
v -0.001648 -0.275989 0.004120
v -0.001648 -0.276343 0.004142
v 0.013579 -0.297741 0.043537
v 0.013521 -0.297951 0.043445
v -0.001648 -0.275989 0.004120
v -0.001648 -0.276343 0.004142
v 0.026408 -0.299516 0.035161
v 0.026302 -0.299720 0.035101
v -0.001648 -0.275988 0.004120
v -0.001648 -0.276344 0.004142
v 0.034821 -0.302172 0.022616
v 0.034685 -0.302368 0.022606
v -0.001648 -0.275986 0.004120
v -0.001648 -0.276346 0.004142
v 0.038025 -0.305303 0.007828
v 0.037879 -0.305493 0.007874
v -0.001648 -0.275983 0.004119
v -0.001648 -0.276349 0.004143
v 0.016741 -0.261838 0.012795
v 0.016779 -0.261886 0.012827
v 0.015547 -0.266162 0.000768
v 0.015557 -0.266226 0.000774
v 0.019937 -0.264142 -0.000390
v 0.019979 -0.264198 -0.000388
v 0.012752 -0.263901 0.012400
v 0.012760 -0.263967 0.012422
v 0.006367 -0.265422 0.001847
v 0.006353 -0.265486 0.001855
v 0.015545 -0.266154 0.000768
v 0.015559 -0.266234 0.000775
v 0.004366 -0.263728 0.009646
v 0.004350 -0.263788 0.009657
v -0.001631 -0.260397 0.004532
v -0.001665 -0.260439 0.004530
v 0.006367 -0.265422 0.001847
v 0.006353 -0.265486 0.001855
v -0.000828 -0.261469 0.001088
v -0.000856 -0.261503 0.001094
v 0.000752 -0.255880 0.026022
v 0.000762 -0.255924 0.026080
v -0.013235 -0.258016 0.022866
v -0.013255 -0.258068 0.022916
v -0.010447 -0.260818 0.019320
v -0.010451 -0.260890 0.019342
v 0.001947 -0.258759 0.022119
v 0.001959 -0.258821 0.022143
v 0.001946 -0.258753 0.022116
v 0.001960 -0.258827 0.022146
v -0.005645 -0.261477 0.011572
v -0.005635 -0.261543 0.011570
v 0.002752 -0.259946 0.013412
v 0.002766 -0.260010 0.013410
v -0.005645 -0.261479 0.011572
v -0.005635 -0.261541 0.011570
v 0.001156 -0.257766 0.005542
v 0.001164 -0.257806 0.005520
v -0.002852 -0.258695 0.004780
v -0.002836 -0.258733 0.004762
v 0.021536 -0.253564 0.009166
v 0.021580 -0.253624 0.009176
v 0.013534 -0.256097 0.018279
v 0.013566 -0.256163 0.018303
v 0.010747 -0.257948 0.010693
v 0.010761 -0.258008 0.010689
v 0.015948 -0.256039 0.004454
v 0.015962 -0.256101 0.004448
v 0.010746 -0.257947 0.010693
v 0.010762 -0.258009 0.010689
v 0.007157 -0.255354 0.000659
v 0.007149 -0.255402 0.000643
v 0.005151 -0.256524 0.003902
v 0.005151 -0.256568 0.003880
v 0.001947 -0.258760 0.022119
v 0.001959 -0.258820 0.022143
v 0.013537 -0.256103 0.018281
v 0.013563 -0.256157 0.018301
v 0.013934 -0.253097 0.021827
v 0.013972 -0.253132 0.021875
v 0.000752 -0.255880 0.026023
v 0.000762 -0.255924 0.026079
v 0.002752 -0.259946 0.013412
v 0.002766 -0.260010 0.013410
v 0.010746 -0.257947 0.010693
v 0.010762 -0.258009 0.010689
v 0.002752 -0.259947 0.013412
v 0.002766 -0.260009 0.013410
v 0.005151 -0.256523 0.003902
v 0.005151 -0.256569 0.003880
v 0.001156 -0.257765 0.005542
v 0.001164 -0.257807 0.005520
v 0.004358 -0.254538 -0.008195
v 0.004358 -0.254586 -0.008183
v 0.015142 -0.254220 -0.011385
v 0.015156 -0.254288 -0.011393
v 0.006363 -0.254325 -0.006031
v 0.006357 -0.254367 -0.006027
v 0.009148 -0.254741 -0.016984
v 0.009162 -0.254807 -0.016994
v 0.004358 -0.254546 -0.008193
v 0.004358 -0.254578 -0.008185
v 0.001961 -0.251448 -0.003074
v 0.001945 -0.251468 -0.003064
v 0.001164 -0.251612 -0.004198
v 0.001156 -0.251632 -0.004180
v -0.008840 -0.260545 -0.022457
v -0.008860 -0.260603 -0.022481
v -0.019229 -0.253492 -0.022206
v -0.019271 -0.253520 -0.022252
v -0.007244 -0.257942 -0.026282
v -0.007258 -0.257982 -0.026336
v -0.019624 -0.256429 -0.018699
v -0.019658 -0.256479 -0.018719
v -0.009633 -0.261596 -0.013670
v -0.009655 -0.261656 -0.013668
v -0.016834 -0.258664 -0.011071
v -0.016858 -0.258724 -0.011066
v -0.009633 -0.261595 -0.013670
v -0.009655 -0.261657 -0.013668
v -0.010836 -0.258081 -0.004242
v -0.010844 -0.258131 -0.004216
v -0.008037 -0.259672 -0.005720
v -0.008051 -0.259708 -0.005698
v 0.026404 -0.311094 -0.019461
v 0.026306 -0.311270 -0.019317
v 0.034818 -0.308439 -0.006959
v 0.034688 -0.308621 -0.006859
v -0.001647 -0.275978 0.004120
v -0.001649 -0.276354 0.004142
v 0.038025 -0.305303 0.007828
v 0.037879 -0.305493 0.007874
v -0.001648 -0.275980 0.004119
v -0.001648 -0.276352 0.004143
v 0.013577 -0.312869 -0.027835
v 0.013523 -0.313040 -0.027662
v -0.001648 -0.275976 0.004119
v -0.001648 -0.276356 0.004143
v -0.016873 -0.312869 -0.027835
v -0.016819 -0.313040 -0.027662
v -0.029700 -0.311094 -0.019461
v -0.029602 -0.311270 -0.019317
v -0.001648 -0.275976 0.004119
v -0.001648 -0.276356 0.004143
v -0.001648 -0.275978 0.004119
v -0.001648 -0.276354 0.004143
v -0.016834 -0.258664 -0.011072
v -0.016858 -0.258724 -0.011066
v -0.010837 -0.258085 -0.004240
v -0.010843 -0.258127 -0.004218
v -0.021631 -0.256179 -0.005152
v -0.021655 -0.256241 -0.005146
v -0.012842 -0.256778 -0.001356
v -0.012842 -0.256818 -0.001342
v -0.010838 -0.258091 -0.004237
v -0.010842 -0.258121 -0.004221
v -0.008052 -0.254735 -0.001036
v -0.008036 -0.254757 -0.001022
v -0.007254 -0.255763 -0.002318
v -0.007248 -0.255777 -0.002299
v -0.026415 -0.252961 -0.009944
v -0.026465 -0.253011 -0.009954
v -0.028416 -0.250984 0.001407
v -0.028468 -0.251028 0.001415
v -0.021632 -0.256182 -0.005152
v -0.021654 -0.256238 -0.005146
v -0.022830 -0.254737 0.002368
v -0.022848 -0.254787 0.002374
v -0.022827 -0.254731 0.002367
v -0.022851 -0.254793 0.002375
v -0.012843 -0.256775 -0.001357
v -0.012841 -0.256821 -0.001341
v -0.012844 -0.256081 0.001769
v -0.012840 -0.256123 0.001773
v -0.012842 -0.256781 -0.001355
v -0.012842 -0.256815 -0.001343
v -0.007652 -0.254048 0.000290
v -0.007632 -0.254075 0.000292
v -0.008050 -0.254737 -0.001035
v -0.008038 -0.254755 -0.001023
v 0.021536 -0.253564 0.009166
v 0.021580 -0.253624 0.009176
v 0.015948 -0.256039 0.004454
v 0.015962 -0.256101 0.004448
v 0.023926 -0.251791 -0.002665
v 0.023974 -0.251845 -0.002673
v 0.017548 -0.254694 -0.003585
v 0.017560 -0.254750 -0.003593
v 0.007157 -0.255354 0.000659
v 0.007149 -0.255402 0.000643
v 0.017547 -0.254689 -0.003585
v 0.017561 -0.254755 -0.003593
v 0.007560 -0.254585 -0.003027
v 0.007552 -0.254627 -0.003031
v 0.007156 -0.255360 0.000657
v 0.007150 -0.255396 0.000645
v 0.002771 -0.251786 -0.001548
v 0.002747 -0.251810 -0.001550
v 0.002767 -0.252561 0.000257
v 0.002751 -0.252579 0.000245
v -0.004430 -0.258874 0.006696
v -0.004456 -0.258914 0.006686
v -0.007631 -0.258255 0.016886
v -0.007653 -0.258317 0.016896
v -0.007635 -0.257419 0.007057
v -0.007649 -0.257457 0.007045
v -0.000832 -0.261096 0.015045
v -0.000852 -0.261156 0.015057
v -0.005636 -0.254764 0.002583
v -0.005644 -0.254784 0.002559
v -0.004433 -0.258879 0.006695
v -0.004453 -0.258909 0.006687
v -0.004435 -0.255840 0.002539
v -0.004451 -0.255852 0.002523
v -0.012045 -0.256413 -0.022650
v -0.012051 -0.256479 -0.022688
v -0.000444 -0.253849 -0.025688
v -0.000434 -0.253907 -0.025730
v -0.006450 -0.258044 -0.017104
v -0.006440 -0.258104 -0.017114
v 0.001154 -0.256130 -0.019105
v 0.001166 -0.256186 -0.019113
v 0.001153 -0.256126 -0.019104
v 0.001167 -0.256190 -0.019114
v -0.002854 -0.256368 -0.008834
v -0.002834 -0.256412 -0.008824
v 0.001155 -0.255245 -0.009395
v 0.001165 -0.255287 -0.009383
v -0.000442 -0.252263 -0.004842
v -0.000436 -0.252285 -0.004816
v -0.002852 -0.256373 -0.008833
v -0.002836 -0.256407 -0.008825
v -0.002449 -0.253259 -0.004678
v -0.002433 -0.253273 -0.004660
v -0.007651 -0.254049 0.000290
v -0.007633 -0.254075 0.000292
v -0.011646 -0.256012 0.004213
v -0.011646 -0.256048 0.004209
v -0.012843 -0.256086 0.001769
v -0.012841 -0.256118 0.001773
v -0.007257 -0.253812 0.001256
v -0.007245 -0.253832 0.001246
v 0.011143 -0.251955 -0.022610
v 0.011171 -0.252009 -0.022648
v -0.000444 -0.253849 -0.025688
v -0.000434 -0.253907 -0.025730
v 0.001154 -0.256127 -0.019104
v 0.001166 -0.256189 -0.019114
v 0.009149 -0.254747 -0.016985
v 0.009161 -0.254801 -0.016993
v 0.009148 -0.254741 -0.016984
v 0.009162 -0.254807 -0.016994
v 0.001155 -0.255243 -0.009396
v 0.001165 -0.255289 -0.009382
v 0.004358 -0.254541 -0.008194
v 0.004358 -0.254583 -0.008184
v 0.001156 -0.255248 -0.009394
v 0.001164 -0.255284 -0.009384
v 0.001165 -0.251610 -0.004201
v 0.001155 -0.251634 -0.004177
v -0.000441 -0.252265 -0.004840
v -0.000437 -0.252283 -0.004818
v -0.012798 -0.236351 0.025874
v -0.012886 -0.236701 0.026068
v -0.067550 -0.132590 0.158835
v -0.067728 -0.133174 0.159267
v -0.010428 -0.244548 0.008272
v -0.010470 -0.244592 0.008310
v -0.006434 -0.244532 0.011026
v -0.006456 -0.244576 0.011076
v -0.001648 -0.244528 0.011984
v -0.001648 -0.244572 0.012038
v 0.007535 -0.244548 0.008272
v 0.007577 -0.244592 0.008310
v 0.003138 -0.244532 0.011026
v 0.003160 -0.244576 0.011076
v 0.010317 -0.244563 0.004199
v 0.010387 -0.244617 0.004223
v 0.010845 -0.244410 -0.000611
v 0.011469 -0.244826 -0.000647
v -0.001648 -0.236602 0.028066
v -0.001648 -0.236954 0.028276
v 0.009514 -0.236351 0.025874
v 0.009602 -0.236701 0.026068
v 0.018678 -0.235652 0.019668
v 0.018822 -0.235952 0.019794
v 0.025023 -0.234511 0.010326
v 0.025295 -0.234941 0.010416
v 0.120587 -0.132590 0.121406
v 0.120917 -0.133174 0.121736
v 0.064669 -0.132589 0.158835
v 0.064847 -0.133175 0.159267
v 0.157744 -0.132591 0.065443
v 0.158174 -0.133173 0.065619
v 0.170883 -0.132541 -0.000629
v 0.171427 -0.133223 -0.000629
v 0.166177 -0.074689 0.166951
v 0.166537 -0.075139 0.167311
v 0.217318 -0.074689 0.090075
v 0.217790 -0.075139 0.090267
v 0.235307 -0.074691 -0.000629
v 0.235811 -0.075137 -0.000629
v 0.089064 -0.074689 0.218335
v 0.089256 -0.075139 0.218807
v -0.001648 -0.132589 0.171978
v -0.001648 -0.133175 0.172444
v -0.001648 -0.074689 0.236356
v -0.001648 -0.075139 0.236865
v -0.092348 -0.074689 0.218335
v -0.092540 -0.075139 0.218807
v -0.024428 -0.256288 -0.014532
v -0.024474 -0.256332 -0.014565
v -0.014831 -0.253569 -0.024442
v -0.014857 -0.253603 -0.024496
v -0.020439 -0.259013 -0.014099
v -0.020455 -0.259071 -0.014119
v -0.012045 -0.256419 -0.022653
v -0.012051 -0.256473 -0.022685
v -0.012443 -0.260011 -0.011304
v -0.012435 -0.260073 -0.011314
v -0.006451 -0.258043 -0.017103
v -0.006439 -0.258105 -0.017115
v -0.002856 -0.256363 -0.008835
v -0.002832 -0.256417 -0.008823
v -0.012443 -0.260008 -0.011303
v -0.012435 -0.260076 -0.011315
v -0.005652 -0.257621 -0.006270
v -0.005628 -0.257663 -0.006268
v -0.023624 -0.258895 0.012918
v -0.023666 -0.258949 0.012944
v -0.013235 -0.258016 0.022866
v -0.013255 -0.258068 0.022916
v -0.020037 -0.261636 0.010406
v -0.020051 -0.261704 0.010416
v -0.010447 -0.260821 0.019321
v -0.010451 -0.260887 0.019341
v -0.012051 -0.262064 0.005453
v -0.012045 -0.262132 0.005449
v -0.005645 -0.261478 0.011572
v -0.005635 -0.261542 0.011570
v -0.012051 -0.262067 0.005453
v -0.012045 -0.262129 0.005449
v -0.002852 -0.258695 0.004780
v -0.002836 -0.258733 0.004762
v -0.006052 -0.259007 0.001858
v -0.006032 -0.259045 0.001844
v -0.001648 -0.132592 -0.173238
v -0.001648 -0.133172 -0.173700
v -0.092348 -0.074689 -0.219593
v -0.092540 -0.075139 -0.220065
v -0.001648 -0.074689 -0.237614
v -0.001648 -0.075139 -0.238123
v 0.089064 -0.074689 -0.219593
v 0.089256 -0.075139 -0.220065
v -0.067551 -0.132592 -0.160095
v -0.067727 -0.133172 -0.160523
v -0.169070 -0.074689 -0.168209
v -0.169430 -0.075139 -0.168569
v 0.064670 -0.132592 -0.160095
v 0.064846 -0.133172 -0.160523
v 0.166177 -0.074689 -0.168209
v 0.166537 -0.075140 -0.168569
v -0.123516 -0.132653 -0.122700
v -0.123774 -0.133111 -0.122958
v 0.120623 -0.132653 -0.122700
v 0.120881 -0.133111 -0.122958
v 0.157790 -0.132653 -0.066720
v 0.158128 -0.133111 -0.066858
v 0.217318 -0.074689 -0.091333
v 0.217790 -0.075139 -0.091525
v 0.235307 -0.074691 -0.000629
v 0.235811 -0.075137 -0.000629
v 0.170898 -0.132560 -0.000629
v 0.171412 -0.133204 -0.000629
v 0.067829 -0.184808 -0.069938
v 0.068085 -0.185348 -0.070200
v 0.088989 -0.184809 -0.038154
v 0.089331 -0.185347 -0.038304
v 0.027350 -0.233164 -0.000615
v 0.027752 -0.233744 -0.000643
v 0.025071 -0.232046 -0.011585
v 0.025247 -0.232318 -0.011672
v 0.011109 -0.244586 -0.000626
v 0.011205 -0.244650 -0.000632
v 0.018702 -0.231007 -0.020937
v 0.018798 -0.231197 -0.021041
v 0.010323 -0.244622 -0.005455
v 0.010381 -0.244662 -0.005483
v 0.009515 -0.230218 -0.027115
v 0.009601 -0.230546 -0.027343
v 0.007533 -0.244646 -0.009564
v 0.007579 -0.244686 -0.009614
v 0.003137 -0.244658 -0.012277
v 0.003161 -0.244698 -0.012341
v -0.001648 -0.244662 -0.013235
v -0.001648 -0.244702 -0.013303
v -0.001648 -0.229966 -0.029307
v -0.001648 -0.230294 -0.029551
v -0.006433 -0.244658 -0.012277
v -0.006457 -0.244698 -0.012340
v -0.012799 -0.230218 -0.027115
v -0.012885 -0.230546 -0.027343
v 0.015938 -0.264173 -0.013696
v 0.015972 -0.264231 -0.013722
v 0.019937 -0.264142 -0.000390
v 0.019979 -0.264198 -0.000388
v 0.011948 -0.266309 -0.011184
v 0.011954 -0.266375 -0.011194
v 0.015546 -0.266161 0.000768
v 0.015558 -0.266227 0.000774
v 0.003962 -0.265617 -0.006191
v 0.003948 -0.265683 -0.006187
v 0.006367 -0.265423 0.001847
v 0.006353 -0.265485 0.001855
v -0.000828 -0.261469 0.001088
v -0.000856 -0.261503 0.001094
v 0.003962 -0.265620 -0.006190
v 0.003948 -0.265680 -0.006188
v -0.001636 -0.261705 -0.002555
v -0.001660 -0.261739 -0.002543
v -0.006033 -0.256258 0.023510
v -0.006051 -0.256314 0.023552
v -0.000833 -0.261099 0.015046
v -0.000851 -0.261153 0.015056
v -0.007633 -0.258260 0.016887
v -0.007651 -0.258312 0.016895
v 0.004762 -0.260270 0.020592
v 0.004760 -0.260334 0.020630
v -0.010426 -0.244646 -0.009565
v -0.010472 -0.244686 -0.009613
v -0.021998 -0.231007 -0.020937
v -0.022094 -0.231197 -0.021041
v -0.070722 -0.184809 -0.069938
v -0.070978 -0.185347 -0.070200
v -0.092273 -0.184809 -0.038154
v -0.092615 -0.185347 -0.038304
v -0.028354 -0.232046 -0.011585
v -0.028530 -0.232318 -0.011673
v -0.013216 -0.244622 -0.005455
v -0.013274 -0.244662 -0.005483
v -0.161074 -0.132653 -0.066720
v -0.161412 -0.133111 -0.066858
v -0.220614 -0.074689 -0.091333
v -0.221086 -0.075139 -0.091525
v -0.174219 -0.132591 -0.000629
v -0.174683 -0.133173 -0.000629
v -0.238589 -0.074689 -0.000629
v -0.239097 -0.075139 -0.000629
v -0.220614 -0.074689 0.090075
v -0.221086 -0.075139 0.090267
v -0.161074 -0.132653 0.065462
v -0.161412 -0.133111 0.065600
v -0.169070 -0.074689 0.166951
v -0.169430 -0.075139 0.167311
v -0.030247 -0.233169 -0.000615
v -0.030641 -0.233739 -0.000643
v -0.092268 -0.184809 0.036901
v -0.092620 -0.185347 0.037041
v -0.123480 -0.132590 0.121406
v -0.123810 -0.133174 0.121736
v -0.014005 -0.244588 -0.000626
v -0.014095 -0.244648 -0.000632
v -0.028375 -0.234620 0.010349
v -0.028509 -0.234832 0.010393
v -0.013210 -0.244563 0.004199
v -0.013280 -0.244617 0.004223
v -0.021974 -0.235651 0.019668
v -0.022118 -0.235953 0.019794
v 0.015938 -0.264173 -0.013696
v 0.015972 -0.264231 -0.013722
v 0.005950 -0.261880 -0.023245
v 0.005964 -0.261932 -0.023293
v 0.011948 -0.266308 -0.011184
v 0.011954 -0.266376 -0.011194
v 0.002761 -0.264214 -0.019779
v 0.002757 -0.264278 -0.019799
v 0.003962 -0.265617 -0.006191
v 0.003948 -0.265683 -0.006187
v -0.002042 -0.264184 -0.011949
v -0.002060 -0.264244 -0.011948
v 0.003962 -0.265620 -0.006190
v 0.003948 -0.265680 -0.006188
v -0.004433 -0.261029 -0.005118
v -0.004453 -0.261063 -0.005100
v -0.001635 -0.261705 -0.002555
v -0.001661 -0.261739 -0.002543
v 0.005151 -0.256529 0.003899
v 0.005151 -0.256563 0.003883
v 0.002769 -0.252559 0.000259
v 0.002749 -0.252581 0.000243
v 0.007155 -0.255362 0.000656
v 0.007151 -0.255394 0.000646
v 0.001554 -0.253599 0.001902
v 0.001546 -0.253613 0.001880
v -0.027623 -0.258249 -0.000868
v -0.027675 -0.258299 -0.000870
v -0.020037 -0.261637 0.010406
v -0.020051 -0.261703 0.010416
v -0.023624 -0.258895 0.012918
v -0.023666 -0.258949 0.012944
v -0.023635 -0.260950 -0.001986
v -0.023655 -0.261014 -0.001992
v -0.012051 -0.262064 0.005453
v -0.012045 -0.262132 0.005449
v -0.014847 -0.261506 -0.003065
v -0.014841 -0.261570 -0.003073
v -0.007263 -0.258606 -0.002306
v -0.007239 -0.258646 -0.002312
v -0.012051 -0.262067 0.005453
v -0.012045 -0.262129 0.005449
v -0.006052 -0.259007 0.001858
v -0.006032 -0.259045 0.001844
v 0.016741 -0.261838 0.012796
v 0.016779 -0.261886 0.012826
v 0.007949 -0.257952 0.022345
v 0.007969 -0.257988 0.022397
v 0.012752 -0.263904 0.012401
v 0.012760 -0.263964 0.012421
v 0.004762 -0.260276 0.020596
v 0.004760 -0.260328 0.020626
v 0.004366 -0.263728 0.009646
v 0.004350 -0.263788 0.009656
v -0.000832 -0.261097 0.015045
v -0.000852 -0.261155 0.015057
v 0.004366 -0.263729 0.009646
v 0.004350 -0.263787 0.009656
v -0.004430 -0.258874 0.006696
v -0.004456 -0.258914 0.006686
v -0.001633 -0.260400 0.004532
v -0.001663 -0.260436 0.004530
v 0.005950 -0.261879 -0.023245
v 0.005964 -0.261933 -0.023293
v -0.007244 -0.257941 -0.026281
v -0.007258 -0.257983 -0.026337
v 0.002762 -0.264211 -0.019778
v 0.002756 -0.264281 -0.019800
v -0.008840 -0.260545 -0.022457
v -0.008860 -0.260603 -0.022481
v -0.002042 -0.264183 -0.011949
v -0.002060 -0.264245 -0.011948
v -0.008838 -0.260539 -0.022454
v -0.008862 -0.260609 -0.022484
v -0.009633 -0.261596 -0.013670
v -0.009655 -0.261656 -0.013668
v -0.002042 -0.264185 -0.011949
v -0.002060 -0.264243 -0.011948
v -0.008037 -0.259671 -0.005720
v -0.008051 -0.259709 -0.005698
v -0.004433 -0.261029 -0.005118
v -0.004453 -0.261063 -0.005100
v -0.005649 -0.257627 -0.006270
v -0.005631 -0.257657 -0.006268
v -0.002452 -0.253255 -0.004682
v -0.002430 -0.253277 -0.004656
v -0.002851 -0.256375 -0.008833
v -0.002837 -0.256405 -0.008825
v -0.027623 -0.258249 -0.000868
v -0.027675 -0.258299 -0.000870
v -0.024428 -0.256288 -0.014532
v -0.024474 -0.256332 -0.014566
v -0.023636 -0.260950 -0.001986
v -0.023654 -0.261014 -0.001992
v -0.020439 -0.259012 -0.014098
v -0.020455 -0.259072 -0.014120
v -0.014847 -0.261505 -0.003065
v -0.014841 -0.261571 -0.003073
v -0.012443 -0.260010 -0.011304
v -0.012435 -0.260074 -0.011314
v -0.014847 -0.261507 -0.003065
v -0.014841 -0.261569 -0.003073
v -0.005653 -0.257621 -0.006270
v -0.005627 -0.257663 -0.006268
v -0.007263 -0.258606 -0.002306
v -0.007239 -0.258646 -0.002312
v -0.024818 -0.250953 0.012479
v -0.024864 -0.250995 0.012503
v -0.019621 -0.256424 -0.018697
v -0.019661 -0.256484 -0.018721
v -0.026415 -0.252961 -0.009944
v -0.026465 -0.253011 -0.009954
v -0.016835 -0.258665 -0.011071
v -0.016857 -0.258723 -0.011067
v -0.021633 -0.256183 -0.005152
v -0.021653 -0.256237 -0.005146
v -0.016829 -0.252874 0.020512
v -0.016863 -0.252922 0.020550
v -0.006033 -0.256259 0.023510
v -0.006051 -0.256313 0.023552
v -0.007632 -0.258257 0.016886
v -0.007652 -0.258315 0.016896
v -0.014835 -0.255925 0.014887
v -0.014853 -0.255975 0.014895
v -0.014833 -0.255919 0.014887
v -0.014855 -0.255981 0.014896
v -0.007634 -0.257417 0.007058
v -0.007650 -0.257459 0.007044
v -0.010043 -0.256439 0.006016
v -0.010049 -0.256477 0.006006
v -0.006448 -0.254046 0.002022
v -0.006442 -0.254070 0.002000
v -0.007636 -0.257422 0.007056
v -0.007648 -0.257454 0.007046
v -0.005637 -0.254766 0.002581
v -0.005643 -0.254782 0.002561
v 0.019938 -0.251208 -0.014217
v 0.019978 -0.251260 -0.014241
v 0.023926 -0.251791 -0.002665
v 0.023974 -0.251845 -0.002673
v 0.017547 -0.254692 -0.003585
v 0.017561 -0.254752 -0.003593
v 0.015143 -0.254228 -0.011386
v 0.015155 -0.254280 -0.011392
v 0.007561 -0.254582 -0.003026
v 0.007551 -0.254630 -0.003032
v 0.015142 -0.254220 -0.011385
v 0.015156 -0.254288 -0.011393
v 0.006363 -0.254325 -0.006031
v 0.006357 -0.254367 -0.006027
v 0.007559 -0.254590 -0.003027
v 0.007553 -0.254622 -0.003031
v 0.001962 -0.251448 -0.003074
v 0.001944 -0.251468 -0.003064
v 0.002769 -0.251788 -0.001548
v 0.002749 -0.251808 -0.001550
v -0.024818 -0.250952 0.012479
v -0.024864 -0.250996 0.012503
v -0.028416 -0.250984 0.001407
v -0.028468 -0.251028 0.001415
v -0.022829 -0.254734 0.002367
v -0.022849 -0.254790 0.002375
v -0.020438 -0.254645 0.009648
v -0.020456 -0.254695 0.009654
v -0.012844 -0.256078 0.001768
v -0.012840 -0.256126 0.001774
v -0.020435 -0.254638 0.009647
v -0.020459 -0.254702 0.009655
v -0.011646 -0.256005 0.004214
v -0.011646 -0.256055 0.004208
v 0.011143 -0.251955 -0.022610
v 0.011171 -0.252009 -0.022648
v 0.019938 -0.251208 -0.014217
v 0.019978 -0.251260 -0.014241
v 0.009149 -0.254747 -0.016985
v 0.009161 -0.254801 -0.016993
v 0.015143 -0.254227 -0.011386
v 0.015155 -0.254281 -0.011392
v -0.014834 -0.255922 0.014887
v -0.014854 -0.255978 0.014895
v -0.020438 -0.254645 0.009648
v -0.020456 -0.254695 0.009654
v -0.016830 -0.252874 0.020513
v -0.016862 -0.252922 0.020549
v -0.020435 -0.254638 0.009647
v -0.020459 -0.254702 0.009655
v -0.010042 -0.256436 0.006017
v -0.010050 -0.256481 0.006005
v -0.011646 -0.256010 0.004213
v -0.011646 -0.256050 0.004209
v -0.007257 -0.253812 0.001256
v -0.007245 -0.253832 0.001246
v -0.010044 -0.256443 0.006015
v -0.010048 -0.256473 0.006007
v -0.006447 -0.254048 0.002020
v -0.006443 -0.254068 0.002002
v -0.291681 0.081939 -0.120759
v -0.292401 0.081769 -0.121059
v -0.205806 0.000753 -0.204953
v -0.206278 0.000427 -0.205425
v -0.268526 0.000761 -0.111214
v -0.269170 0.000419 -0.111484
v -0.227383 0.269187 0.225065
v -0.227915 0.269377 0.225597
v -0.296486 0.269183 0.121500
v -0.297216 0.269381 0.121802
v -0.302461 0.176624 0.124011
v -0.303227 0.176604 0.124331
v -0.327234 0.176624 -0.000629
v -0.328064 0.176604 -0.000629
v -0.201020 0.353691 0.198706
v -0.201470 0.354105 0.199156
v -0.320845 0.269182 -0.000629
v -0.321635 0.269382 -0.000629
v -0.262161 0.353704 0.107256
v -0.262717 0.354092 0.107486
v -0.283343 0.353704 -0.000629
v -0.283943 0.354092 -0.000629
v -0.220256 0.405313 0.090012
v -0.220638 0.405755 0.090169
v -0.238626 0.405303 -0.000629
v -0.239059 0.405765 -0.000629
v -0.220256 0.405313 -0.091270
v -0.220638 0.405755 -0.091428
v -0.262161 0.353704 -0.108514
v -0.262717 0.354092 -0.108744
v -0.201020 0.353691 -0.199964
v -0.201470 0.354105 -0.200414
v -0.296486 0.269183 -0.122758
v -0.297216 0.269381 -0.123060
v -0.302461 0.176624 -0.125269
v -0.303227 0.176604 -0.125589
v -0.227383 0.269187 -0.226323
v -0.227915 0.269377 -0.226855
v -0.231764 0.176623 -0.230950
v -0.232322 0.176605 -0.231508
v -0.223383 0.081934 -0.222647
v -0.223907 0.081774 -0.223171
v -0.169067 -0.074685 -0.168206
v -0.169433 -0.075143 -0.168572
v -0.268531 0.000759 -0.111216
v -0.269165 0.000421 -0.111482
v -0.205798 0.000759 -0.204945
v -0.206286 0.000421 -0.205433
v -0.220610 -0.074685 -0.091331
v -0.221090 -0.075143 -0.091527
v -0.205798 0.000759 0.203687
v -0.206286 0.000421 0.204175
v -0.268531 0.000759 0.109958
v -0.269165 0.000421 0.110224
v -0.169067 -0.074685 0.166948
v -0.169433 -0.075143 0.167314
v -0.220610 -0.074685 0.090073
v -0.221090 -0.075143 0.090269
v -0.290501 0.000759 -0.000629
v -0.291189 0.000421 -0.000629
v -0.220610 -0.074685 0.090073
v -0.221090 -0.075143 0.090269
v -0.268531 0.000759 0.109958
v -0.269165 0.000421 0.110224
v -0.238584 -0.074685 -0.000629
v -0.239102 -0.075143 -0.000629
v -0.290501 0.000759 -0.000629
v -0.291189 0.000421 -0.000629
v -0.220610 -0.074685 -0.091331
v -0.221090 -0.075143 -0.091527
v -0.238584 -0.074685 -0.000629
v -0.239102 -0.075143 -0.000629
v -0.268531 0.000759 -0.111216
v -0.269165 0.000421 -0.111482
v -0.205806 0.000753 0.203695
v -0.206278 0.000427 0.204167
v -0.223383 0.081934 0.221389
v -0.223907 0.081774 0.221913
v -0.291681 0.081939 0.119501
v -0.292401 0.081769 0.119801
v -0.268526 0.000761 0.109956
v -0.269170 0.000419 0.110226
v -0.231764 0.176623 0.229692
v -0.232322 0.176605 0.230250
v -0.315650 0.081939 -0.000629
v -0.316430 0.081769 -0.000629
v -0.290496 0.000761 -0.000629
v -0.291194 0.000419 -0.000629
v -0.026415 -0.252961 -0.009944
v -0.026465 -0.253011 -0.009954
v -0.030407 -0.247544 0.000608
v -0.030481 -0.247556 0.000614
v -0.027619 -0.249706 -0.012377
v -0.027679 -0.249722 -0.012401
v -0.028420 -0.250987 0.001408
v -0.028464 -0.251025 0.001414
v 0.002766 -0.252563 0.000256
v 0.002752 -0.252577 0.000246
v 0.000767 -0.249253 0.000777
v 0.000747 -0.249255 0.000765
v 0.002768 -0.251789 -0.001548
v 0.002750 -0.251807 -0.001550
v 0.001170 -0.248472 -0.000669
v 0.001150 -0.248476 -0.000669
v -0.029193 -0.284208 0.005260
v -0.029303 -0.284124 0.005242
v -0.014005 -0.262912 -0.003887
v -0.014095 -0.262884 -0.003931
v -0.027195 -0.286408 -0.005119
v -0.027297 -0.286332 -0.005179
v -0.011201 -0.263832 -0.008183
v -0.011285 -0.263804 -0.008275
v -0.046794 -0.303192 0.007864
v -0.046908 -0.303092 0.007838
v -0.021196 -0.288274 -0.013895
v -0.021284 -0.288194 -0.014003
v -0.043200 -0.306764 -0.008955
v -0.043300 -0.306672 -0.009023
v -0.033603 -0.309793 -0.023254
v -0.033683 -0.309699 -0.023364
v -0.027195 -0.282007 0.015598
v -0.027297 -0.281917 0.015624
v -0.014006 -0.260749 0.006316
v -0.014094 -0.260711 0.006346
v -0.043193 -0.299623 0.024721
v -0.043307 -0.299509 0.024741
v -0.011203 -0.259831 0.010655
v -0.011283 -0.259781 0.010727
v -0.010427 -0.244546 0.008271
v -0.010471 -0.244594 0.008311
v -0.021200 -0.280143 0.024380
v -0.021280 -0.280045 0.024442
v -0.016425 -0.250310 -0.024520
v -0.016461 -0.250310 -0.024578
v -0.026021 -0.253074 -0.014093
v -0.026079 -0.253082 -0.014125
v -0.016828 -0.247022 -0.023087
v -0.016864 -0.246990 -0.023131
v -0.026019 -0.249712 -0.012856
v -0.026081 -0.249684 -0.012882
v -0.016831 -0.244022 -0.019538
v -0.016861 -0.243958 -0.019560
v -0.024433 -0.246547 -0.010425
v -0.024469 -0.246497 -0.010433
v -0.016827 -0.247023 -0.023085
v -0.016865 -0.246989 -0.023133
v -0.024814 -0.252211 0.013914
v -0.024868 -0.252193 0.013948
v -0.014828 -0.251372 0.023464
v -0.014860 -0.251352 0.023518
v -0.014429 -0.248157 0.021355
v -0.014453 -0.248111 0.021387
v -0.023225 -0.248908 0.012960
v -0.023259 -0.248864 0.012982
v -0.001640 -0.261711 -0.002553
v -0.001656 -0.261733 -0.002545
v -0.000832 -0.261475 0.001089
v -0.000852 -0.261497 0.001093
v -0.003238 -0.258123 -0.001554
v -0.003256 -0.258129 -0.001544
v -0.002833 -0.257835 0.000130
v -0.002855 -0.257841 0.000132
v -0.010423 -0.244643 -0.009560
v -0.010475 -0.244689 -0.009618
v -0.013218 -0.244623 -0.005456
v -0.013272 -0.244661 -0.005482
v -0.014022 -0.244599 -0.000627
v -0.014078 -0.244637 -0.000631
v -0.015198 -0.261830 0.001214
v -0.015296 -0.261798 0.001208
v -0.013220 -0.244571 0.004202
v -0.013270 -0.244609 0.004220
v 0.001554 -0.253600 0.001900
v 0.001546 -0.253612 0.001882
v -0.000041 -0.250246 0.001863
v -0.000057 -0.250246 0.001839
v 0.002766 -0.252562 0.000257
v 0.002752 -0.252578 0.000245
v -0.029215 -0.255034 -0.000070
v -0.029281 -0.255050 -0.000068
v -0.023621 -0.258892 0.012916
v -0.023669 -0.258952 0.012946
v -0.024819 -0.255663 0.013877
v -0.024863 -0.255677 0.013905
v -0.027625 -0.258250 -0.000868
v -0.027673 -0.258298 -0.000870
v -0.028820 -0.251602 0.000649
v -0.028870 -0.251586 0.000653
v -0.024819 -0.252209 0.013917
v -0.024863 -0.252195 0.013945
v -0.023225 -0.248908 0.012960
v -0.023259 -0.248864 0.012982
v -0.026823 -0.248321 0.001408
v -0.026863 -0.248275 0.001414
v -0.004434 -0.258880 0.006694
v -0.004452 -0.258908 0.006688
v -0.004433 -0.255839 0.002541
v -0.004453 -0.255853 0.002521
v -0.001637 -0.260404 0.004532
v -0.001659 -0.260432 0.004530
v -0.003237 -0.256986 0.001655
v -0.003257 -0.256994 0.001647
v -0.004436 -0.255841 0.002538
v -0.004450 -0.255851 0.002524
v -0.002835 -0.253720 0.000296
v -0.002853 -0.253716 0.000286
v -0.003242 -0.252739 0.001019
v -0.003252 -0.252737 0.001003
v 0.000767 -0.248120 -0.002075
v 0.000747 -0.248124 -0.002063
v 0.002768 -0.251789 -0.001548
v 0.002750 -0.251807 -0.001550
v 0.001170 -0.248472 -0.000669
v 0.001150 -0.248476 -0.000669
v 0.001959 -0.251451 -0.003073
v 0.001947 -0.251465 -0.003065
v -0.026020 -0.253074 -0.014093
v -0.026080 -0.253082 -0.014125
v -0.027625 -0.258251 -0.000868
v -0.027673 -0.258297 -0.000870
v -0.029215 -0.255034 -0.000070
v -0.029281 -0.255050 -0.000068
v -0.024429 -0.256290 -0.014533
v -0.024473 -0.256330 -0.014564
v -0.029215 -0.255035 -0.000070
v -0.029281 -0.255049 -0.000068
v -0.026022 -0.249710 -0.012857
v -0.026078 -0.249686 -0.012881
v -0.028813 -0.251604 0.000649
v -0.028877 -0.251584 0.000653
v -0.024433 -0.246547 -0.010425
v -0.024469 -0.246497 -0.010433
v -0.026823 -0.248321 0.001408
v -0.026863 -0.248275 0.001414
v -0.026021 -0.249711 -0.012857
v -0.026079 -0.249685 -0.012881
v -0.002834 -0.257835 0.000130
v -0.002854 -0.257841 0.000132
v -0.000832 -0.261474 0.001089
v -0.000852 -0.261498 0.001093
v -0.003234 -0.256985 0.001656
v -0.003260 -0.256995 0.001646
v -0.001638 -0.260406 0.004532
v -0.001658 -0.260430 0.004530
v -0.003237 -0.256986 0.001655
v -0.003257 -0.256994 0.001647
v -0.002431 -0.254445 -0.000629
v -0.002451 -0.254439 -0.000629
v -0.002836 -0.253720 0.000295
v -0.002852 -0.253716 0.000287
v -0.004437 -0.257763 -0.002757
v -0.004449 -0.257769 -0.002740
v -0.001639 -0.261711 -0.002553
v -0.001657 -0.261733 -0.002545
v -0.003238 -0.258123 -0.001554
v -0.003256 -0.258129 -0.001544
v -0.004436 -0.261034 -0.005115
v -0.004450 -0.261058 -0.005103
v -0.026412 -0.247561 0.013354
v -0.026468 -0.247571 0.013388
v -0.016829 -0.249751 0.022584
v -0.016863 -0.249765 0.022638
v -0.016832 -0.252878 0.020516
v -0.016860 -0.252918 0.020546
v -0.024821 -0.250956 0.012481
v -0.024861 -0.250992 0.012501
v 0.001560 -0.244934 0.000090
v 0.001540 -0.244926 0.000092
v 0.000766 -0.244562 -0.002074
v 0.000748 -0.244554 -0.002064
v 0.000765 -0.248120 -0.002074
v 0.000749 -0.248124 -0.002064
v 0.001169 -0.248472 -0.000669
v 0.001151 -0.248476 -0.000669
v -0.002836 -0.254729 -0.001554
v -0.002852 -0.254723 -0.001544
v -0.002833 -0.257835 0.000130
v -0.002855 -0.257841 0.000132
v -0.002433 -0.254445 -0.000629
v -0.002449 -0.254439 -0.000629
v -0.003239 -0.258123 -0.001554
v -0.003255 -0.258129 -0.001544
v -0.027621 -0.249706 -0.012377
v -0.027677 -0.249722 -0.012401
v -0.030018 -0.244267 -0.000069
v -0.030066 -0.244249 -0.000069
v -0.027219 -0.246542 -0.013613
v -0.027273 -0.246526 -0.013645
v -0.030413 -0.247545 0.000609
v -0.030475 -0.247555 0.000613
v -0.028419 -0.241429 -0.000867
v -0.028465 -0.241367 -0.000871
v -0.025226 -0.243729 -0.014054
v -0.025262 -0.243683 -0.014084
v -0.019231 -0.253493 -0.022207
v -0.019269 -0.253519 -0.022251
v -0.027219 -0.246542 -0.013613
v -0.027273 -0.246526 -0.013645
v -0.018428 -0.250472 -0.023641
v -0.018462 -0.250468 -0.023697
v -0.027618 -0.249705 -0.012376
v -0.027680 -0.249723 -0.012402
v -0.019622 -0.256426 -0.018698
v -0.019660 -0.256482 -0.018720
v -0.026419 -0.252965 -0.009945
v -0.026461 -0.253007 -0.009953
v -0.019229 -0.253492 -0.022206
v -0.019271 -0.253520 -0.022252
v 0.002766 -0.241103 -0.003114
v 0.002752 -0.241077 -0.003104
v 0.003964 -0.241505 0.001049
v 0.003946 -0.241475 0.001053
v 0.000769 -0.244563 -0.002076
v 0.000745 -0.244553 -0.002062
v 0.001561 -0.244935 0.000090
v 0.001539 -0.244925 0.000092
v 0.000767 -0.244562 -0.002075
v 0.000747 -0.244554 -0.002063
v -0.000836 -0.244771 -0.003638
v -0.000848 -0.244761 -0.003620
v 0.002766 -0.241103 -0.003114
v 0.002752 -0.241077 -0.003104
v -0.000433 -0.241419 -0.006035
v -0.000445 -0.241393 -0.006022
v -0.026030 -0.244280 0.013358
v -0.026070 -0.244260 0.013384
v -0.030018 -0.244267 -0.000069
v -0.030066 -0.244249 -0.000069
v -0.030418 -0.247546 0.000609
v -0.030470 -0.247554 0.000613
v -0.024436 -0.241392 0.012439
v -0.024466 -0.241340 0.012463
v -0.026418 -0.247562 0.013358
v -0.026462 -0.247570 0.013384
v -0.028423 -0.241424 -0.000868
v -0.028461 -0.241372 -0.000870
v -0.024821 -0.250955 0.012480
v -0.024861 -0.250993 0.012502
v -0.028420 -0.250987 0.001408
v -0.028464 -0.251025 0.001414
v 0.000767 -0.245783 0.002135
v 0.000747 -0.245772 0.002127
v 0.001171 -0.248472 -0.000669
v 0.001149 -0.248476 -0.000669
v 0.000767 -0.249253 0.000776
v 0.000747 -0.249255 0.000766
v 0.001561 -0.244934 0.000090
v 0.001539 -0.244926 0.000092
v -0.000835 -0.246861 0.003419
v -0.000849 -0.246847 0.003403
v -0.000044 -0.250246 0.001860
v -0.000054 -0.250246 0.001842
v 0.000767 -0.245783 0.002135
v 0.000747 -0.245773 0.002127
v 0.000768 -0.245784 0.002135
v 0.000746 -0.245772 0.002127
v 0.003964 -0.241503 0.001049
v 0.003946 -0.241477 0.001053
v 0.002768 -0.242493 0.005012
v 0.002750 -0.242463 0.005010
v -0.000833 -0.246862 0.003421
v -0.000851 -0.246846 0.003401
v 0.002769 -0.242495 0.005012
v 0.002749 -0.242461 0.005010
v -0.000836 -0.251515 -0.001548
v -0.000848 -0.251497 -0.001550
v -0.002835 -0.253720 0.000296
v -0.002853 -0.253716 0.000286
v -0.000434 -0.250829 -0.000224
v -0.000444 -0.250815 -0.000234
v -0.002433 -0.254445 -0.000629
v -0.002449 -0.254439 -0.000629
v -0.001241 -0.251753 -0.002512
v -0.001249 -0.251739 -0.002506
v -0.002837 -0.254728 -0.001553
v -0.002851 -0.254724 -0.001545
v -0.000837 -0.251513 -0.001548
v -0.000847 -0.251499 -0.001550
v -0.002433 -0.254445 -0.000629
v -0.002449 -0.254439 -0.000629
v -0.003240 -0.252739 0.001022
v -0.003254 -0.252737 0.001000
v -0.000434 -0.250829 -0.000224
v -0.000444 -0.250815 -0.000234
v -0.001243 -0.249804 0.001059
v -0.001247 -0.249792 0.001043
v -0.227383 0.269187 0.225065
v -0.227915 0.269377 0.225597
v -0.201020 0.353691 0.198706
v -0.201470 0.354105 0.199156
v -0.123494 0.269183 0.294246
v -0.123796 0.269381 0.294976
v -0.109529 0.353705 0.259813
v -0.109759 0.354092 0.260369
v -0.001648 0.269182 0.318536
v -0.001648 0.269382 0.319326
v -0.001648 0.353704 0.281271
v -0.001648 0.354092 0.281871
v -0.092366 0.405313 0.218221
v -0.092522 0.405755 0.218601
v 0.106245 0.353704 0.259813
v 0.106475 0.354092 0.260369
v 0.120601 0.269183 0.294245
v 0.120903 0.269381 0.294976
v 0.197724 0.353691 0.198706
v 0.198174 0.354105 0.199156
v 0.089082 0.405313 0.218221
v 0.089238 0.405755 0.218601
v -0.001648 0.405302 0.236274
v -0.001648 0.405766 0.236708
v 0.202905 0.000759 0.203687
v 0.203393 0.000421 0.204175
v 0.109022 0.000759 0.266333
v 0.109288 0.000421 0.266969
v 0.166174 -0.074685 0.166948
v 0.166540 -0.075143 0.167314
v 0.089062 -0.074685 0.218331
v 0.089258 -0.075143 0.218811
v 0.109022 0.000759 0.266333
v 0.109288 0.000421 0.266969
v -0.001648 0.000759 0.288307
v -0.001648 0.000421 0.288995
v 0.089062 -0.074685 0.218331
v 0.089258 -0.075143 0.218811
v -0.001648 -0.074685 0.236352
v -0.001648 -0.075143 0.236870
v -0.001648 0.000759 0.288307
v -0.001648 0.000421 0.288995
v -0.092346 -0.074685 0.218331
v -0.092542 -0.075143 0.218811
v -0.001648 -0.074685 0.236352
v -0.001648 -0.075143 0.236870
v -0.112306 0.000759 0.266333
v -0.112572 0.000421 0.266969
v -0.112306 0.000759 0.266334
v -0.112572 0.000421 0.266968
v -0.169067 -0.074685 0.166948
v -0.169433 -0.075143 0.167314
v -0.092346 -0.074685 0.218332
v -0.092542 -0.075143 0.218811
v -0.205799 0.000758 0.203688
v -0.206285 0.000422 0.204174
v 0.202913 0.000753 0.203695
v 0.203385 0.000427 0.204167
v 0.220490 0.081938 0.221389
v 0.221014 0.081778 0.221913
v 0.228871 0.176623 0.229692
v 0.229429 0.176605 0.230250
v 0.224087 0.269187 0.225065
v 0.224619 0.269377 0.225597
v 0.122997 0.176624 0.300268
v 0.123317 0.176604 0.301034
v 0.118600 0.081943 0.289451
v 0.118900 0.081774 0.290171
v 0.109020 0.000762 0.266329
v 0.109290 0.000418 0.266973
v -0.001648 0.176624 0.325076
v -0.001648 0.176604 0.325906
v -0.001648 0.081939 0.313341
v -0.001648 0.081769 0.314121
v -0.001648 0.000761 0.288302
v -0.001648 0.000419 0.289000
v -0.112304 0.000761 0.266330
v -0.112574 0.000419 0.266972
v -0.121896 0.081939 0.289451
v -0.122196 0.081770 0.290171
v -0.205807 0.000753 0.203695
v -0.206277 0.000427 0.204167
v -0.223383 0.081934 0.221389
v -0.223907 0.081774 0.221913
v -0.126280 0.176624 0.300268
v -0.126600 0.176604 0.301034
v -0.231764 0.176623 0.229692
v -0.232322 0.176605 0.230250
v 0.013577 -0.312868 -0.027836
v 0.013523 -0.313040 -0.027662
v -0.001648 -0.313489 -0.030800
v -0.001648 -0.313659 -0.030618
v -0.001648 -0.275975 0.004119
v -0.001648 -0.276357 0.004143
v -0.016873 -0.312868 -0.027836
v -0.016819 -0.313040 -0.027662
v -0.001648 -0.275975 0.004119
v -0.001648 -0.276357 0.004143
v -0.005254 -0.252829 -0.002277
v -0.005244 -0.252831 -0.002261
v -0.008051 -0.254736 -0.001036
v -0.008037 -0.254756 -0.001022
v -0.005648 -0.251848 -0.001554
v -0.005632 -0.251852 -0.001544
v -0.002447 -0.253260 -0.004676
v -0.002435 -0.253272 -0.004662
v -0.000441 -0.252266 -0.004839
v -0.000437 -0.252282 -0.004819
v -0.003253 -0.249870 -0.003119
v -0.003241 -0.249870 -0.003099
v -0.001649 -0.248925 -0.003480
v -0.001647 -0.248927 -0.003458
v -0.000441 -0.252267 -0.004837
v -0.000437 -0.252281 -0.004821
v 0.001163 -0.251614 -0.004197
v 0.001157 -0.251630 -0.004181
v -0.001649 -0.248925 -0.003480
v -0.001647 -0.248927 -0.003458
v -0.000434 -0.248284 -0.003118
v -0.000444 -0.248288 -0.003100
v -0.011217 -0.259822 0.010667
v -0.011269 -0.259790 0.010715
v -0.010427 -0.244547 0.008271
v -0.010471 -0.244593 0.008311
v -0.006830 -0.259216 0.013531
v -0.006866 -0.259172 0.013611
v -0.012027 -0.278896 0.030248
v -0.012069 -0.278796 0.030334
v -0.001648 -0.278454 0.032330
v -0.001648 -0.278366 0.032412
v -0.006435 -0.244535 0.011029
v -0.006455 -0.244573 0.011073
v -0.001648 -0.259000 0.014568
v -0.001648 -0.258956 0.014654
v 0.009133 -0.278897 0.030248
v 0.009177 -0.278795 0.030334
v 0.003534 -0.259216 0.013531
v 0.003570 -0.259172 0.013611
v -0.001648 -0.244530 0.011988
v -0.001648 -0.244570 0.012034
v 0.007933 -0.259822 0.010667
v 0.007985 -0.259790 0.010715
v 0.007533 -0.244546 0.008271
v 0.007579 -0.244594 0.008311
v 0.003139 -0.244534 0.011029
v 0.003159 -0.244574 0.011073
v -0.023625 -0.258897 0.012919
v -0.023665 -0.258947 0.012943
v -0.013236 -0.258018 0.022869
v -0.013254 -0.258066 0.022913
v -0.014429 -0.254784 0.023948
v -0.014453 -0.254796 0.023994
v -0.024819 -0.255663 0.013877
v -0.024863 -0.255677 0.013905
v -0.024814 -0.252210 0.013914
v -0.024868 -0.252194 0.013948
v -0.014828 -0.251371 0.023464
v -0.014860 -0.251353 0.023518
v 0.007951 -0.257955 0.022350
v 0.007967 -0.257985 0.022392
v -0.002846 -0.250545 0.026305
v -0.002842 -0.250539 0.026357
v -0.004441 -0.253544 0.025867
v -0.004445 -0.253564 0.025915
v 0.004762 -0.260276 0.020596
v 0.004760 -0.260328 0.020626
v -0.006035 -0.256263 0.023514
v -0.006049 -0.256309 0.023548
v 0.009944 -0.255096 0.022383
v 0.009978 -0.255100 0.022439
v -0.001253 -0.247628 0.025061
v -0.001237 -0.247584 0.025121
v 0.010735 -0.252075 0.020949
v 0.010773 -0.252049 0.020993
v -0.008039 -0.259676 -0.005717
v -0.008049 -0.259704 -0.005701
v -0.007255 -0.255761 -0.002320
v -0.007247 -0.255779 -0.002298
v -0.010838 -0.258092 -0.004236
v -0.010842 -0.258120 -0.004222
v -0.006041 -0.256881 -0.002999
v -0.006043 -0.256891 -0.002979
v -0.004444 -0.253803 -0.002519
v -0.004442 -0.253801 -0.002499
v -0.007254 -0.255764 -0.002318
v -0.007248 -0.255776 -0.002300
v -0.005254 -0.252829 -0.002277
v -0.005244 -0.252831 -0.002261
v 0.016739 -0.261835 0.012794
v 0.016781 -0.261889 0.012828
v 0.009941 -0.255095 0.022378
v 0.009981 -0.255101 0.022444
v 0.007949 -0.257953 0.022346
v 0.007969 -0.257987 0.022396
v 0.018723 -0.259022 0.012355
v 0.018777 -0.259038 0.012387
v -0.004436 -0.261034 -0.005115
v -0.004450 -0.261058 -0.005103
v -0.004437 -0.257763 -0.002758
v -0.004449 -0.257769 -0.002740
v -0.008039 -0.259677 -0.005716
v -0.008049 -0.259703 -0.005702
v -0.006040 -0.256881 -0.002999
v -0.006044 -0.256891 -0.002979
v -0.002846 -0.250800 -0.003836
v -0.002842 -0.250788 -0.003822
v -0.004444 -0.253803 -0.002519
v -0.004442 -0.253801 -0.002499
v -0.002049 -0.251517 -0.003276
v -0.002053 -0.251503 -0.003262
v -0.003646 -0.254496 -0.002237
v -0.003654 -0.254492 -0.002221
v 0.000767 -0.248120 -0.002075
v 0.000747 -0.248124 -0.002063
v 0.001163 -0.251614 -0.004197
v 0.001157 -0.251630 -0.004181
v 0.001959 -0.251451 -0.003072
v 0.001947 -0.251465 -0.003065
v -0.000434 -0.248284 -0.003118
v -0.000444 -0.248288 -0.003100
v -0.003239 -0.258123 -0.001554
v -0.003255 -0.258129 -0.001544
v -0.002836 -0.254729 -0.001554
v -0.002852 -0.254723 -0.001544
v -0.004437 -0.257763 -0.002758
v -0.004449 -0.257769 -0.002740
v -0.003646 -0.254496 -0.002236
v -0.003654 -0.254492 -0.002222
v -0.026413 -0.247562 0.013355
v -0.026467 -0.247570 0.013387
v -0.016830 -0.249751 0.022585
v -0.016862 -0.249765 0.022637
v -0.016029 -0.246581 0.023028
v -0.016051 -0.246567 0.023074
v -0.026030 -0.244280 0.013358
v -0.026070 -0.244260 0.013384
v -0.024436 -0.241393 0.012439
v -0.024466 -0.241339 0.012463
v -0.004438 -0.257763 -0.002757
v -0.004448 -0.257769 -0.002741
v -0.003646 -0.254496 -0.002238
v -0.003654 -0.254492 -0.002220
v -0.006041 -0.256881 -0.002999
v -0.006043 -0.256891 -0.002979
v -0.004444 -0.253803 -0.002518
v -0.004442 -0.253801 -0.002500
v -0.002843 -0.245495 -0.004000
v -0.002845 -0.245485 -0.003978
v -0.000434 -0.248284 -0.003119
v -0.000444 -0.248288 -0.003099
v -0.000837 -0.244770 -0.003637
v -0.000847 -0.244762 -0.003621
v -0.001648 -0.248925 -0.003478
v -0.001648 -0.248927 -0.003459
v -0.004441 -0.253544 0.025867
v -0.004445 -0.253564 0.025915
v -0.016027 -0.246583 0.023023
v -0.016053 -0.246565 0.023079
v -0.016833 -0.249752 0.022590
v -0.016859 -0.249764 0.022632
v -0.002846 -0.250546 0.026298
v -0.002842 -0.250538 0.026364
v -0.016832 -0.252878 0.020515
v -0.016860 -0.252918 0.020547
v -0.006035 -0.256263 0.023514
v -0.006049 -0.256309 0.023548
v -0.014435 -0.243686 0.021989
v -0.014447 -0.243638 0.022033
v -0.001252 -0.247625 0.025065
v -0.001238 -0.247587 0.025117
v -0.016026 -0.246583 0.023022
v -0.016054 -0.246565 0.023080
v 0.000765 -0.248120 -0.002074
v 0.000749 -0.248124 -0.002064
v -0.000837 -0.244770 -0.003638
v -0.000847 -0.244762 -0.003620
v -0.000435 -0.248284 -0.003117
v -0.000443 -0.248288 -0.003101
v 0.000766 -0.244562 -0.002074
v 0.000748 -0.244554 -0.002064
v 0.023127 -0.247046 0.012834
v 0.023187 -0.247038 0.012868
v 0.013141 -0.249806 0.023262
v 0.013177 -0.249806 0.023320
v 0.021133 -0.243830 0.013275
v 0.021177 -0.243790 0.013307
v 0.011548 -0.246550 0.023185
v 0.011572 -0.246518 0.023237
v -0.004850 -0.246521 -0.003159
v -0.004842 -0.246507 -0.003139
v -0.001649 -0.248925 -0.003481
v -0.001647 -0.248927 -0.003457
v -0.002843 -0.245495 -0.004000
v -0.002845 -0.245485 -0.003978
v -0.003253 -0.249870 -0.003118
v -0.003241 -0.249870 -0.003100
v -0.004440 -0.242349 -0.006797
v -0.004446 -0.242319 -0.006781
v -0.004851 -0.246523 -0.003161
v -0.004841 -0.246505 -0.003137
v -0.008044 -0.243589 -0.005156
v -0.008044 -0.243559 -0.005142
v -0.002837 -0.254728 -0.001553
v -0.002851 -0.254724 -0.001544
v -0.002050 -0.251516 -0.003275
v -0.002052 -0.251504 -0.003263
v -0.003646 -0.254496 -0.002237
v -0.003654 -0.254492 -0.002221
v -0.001241 -0.251753 -0.002512
v -0.001249 -0.251739 -0.002506
v -0.013236 -0.258018 0.022868
v -0.013254 -0.258066 0.022914
v 0.000752 -0.255881 0.026024
v 0.000762 -0.255923 0.026078
v -0.000440 -0.252639 0.027344
v -0.000438 -0.252645 0.027398
v -0.014429 -0.254784 0.023948
v -0.014453 -0.254796 0.023994
v -0.001244 -0.249304 0.026866
v -0.001246 -0.249284 0.026916
v -0.014831 -0.251370 0.023469
v -0.014857 -0.251354 0.023513
v -0.014429 -0.248157 0.021355
v -0.014453 -0.248111 0.021387
v -0.002840 -0.246267 0.024473
v -0.002848 -0.246217 0.024509
v -0.005648 -0.247555 -0.001516
v -0.005632 -0.247537 -0.001502
v -0.003252 -0.249870 -0.003118
v -0.003242 -0.249870 -0.003100
v -0.004050 -0.250867 -0.002034
v -0.004032 -0.250865 -0.002024
v 0.000753 -0.255882 0.026025
v 0.000761 -0.255922 0.026077
v 0.013935 -0.253097 0.021828
v 0.013971 -0.253131 0.021874
v 0.013141 -0.249806 0.023262
v 0.013177 -0.249806 0.023320
v -0.000441 -0.252638 0.027337
v -0.000437 -0.252646 0.027405
v -0.000441 -0.252638 0.027338
v -0.000437 -0.252646 0.027404
v 0.011548 -0.246550 0.023185
v 0.011572 -0.246518 0.023237
v -0.001243 -0.249306 0.026861
v -0.001247 -0.249282 0.026921
v -0.001243 -0.249307 0.026860
v -0.001247 -0.249281 0.026922
v 0.008749 -0.243701 0.021395
v 0.008755 -0.243647 0.021427
v -0.002840 -0.246267 0.024473
v -0.002848 -0.246217 0.024509
v -0.014435 -0.243686 0.021989
v -0.014447 -0.243638 0.022033
v -0.004444 -0.253803 -0.002518
v -0.004442 -0.253801 -0.002500
v -0.002847 -0.250801 -0.003837
v -0.002841 -0.250787 -0.003821
v -0.005255 -0.252829 -0.002278
v -0.005243 -0.252831 -0.002260
v -0.004047 -0.249727 -0.003795
v -0.004035 -0.249717 -0.003783
v -0.004440 -0.242348 -0.006797
v -0.004446 -0.242320 -0.006781
v -0.000836 -0.244770 -0.003638
v -0.000848 -0.244762 -0.003620
v -0.000433 -0.241419 -0.006035
v -0.000445 -0.241393 -0.006023
v -0.002843 -0.245495 -0.004000
v -0.002845 -0.245485 -0.003978
v -0.201031 0.353701 0.198717
v -0.201459 0.354095 0.199145
v -0.109536 0.353717 0.259831
v -0.109752 0.354079 0.260351
v -0.262178 0.353716 0.107263
v -0.262700 0.354080 0.107479
v -0.169105 0.405313 0.166866
v -0.169395 0.405755 0.167156
v -0.092366 0.405313 0.218221
v -0.092522 0.405755 0.218601
v -0.220257 0.405313 0.090013
v -0.220637 0.405755 0.090169
v 0.106252 0.353717 0.259831
v 0.106468 0.354079 0.260351
v 0.197735 0.353701 0.198717
v 0.198163 0.354095 0.199145
v 0.165810 0.405313 0.166866
v 0.166100 0.405755 0.167156
v 0.089082 0.405313 0.218221
v 0.089238 0.405755 0.218601
v -0.001648 0.405303 0.236275
v -0.001648 0.405765 0.236707
v 0.068698 0.446763 0.168564
v 0.068802 0.447193 0.168817
v 0.127858 0.446763 0.128875
v 0.128050 0.447193 0.129067
v 0.217364 0.405313 0.090013
v 0.217744 0.405755 0.090169
v -0.001648 0.446763 0.182514
v -0.001648 0.447193 0.182788
v 0.167830 0.446763 0.069439
v 0.168084 0.447193 0.069543
v 0.181421 0.446767 -0.000629
v 0.181689 0.447189 -0.000629
v 0.047918 0.474784 0.118899
v 0.047980 0.475188 0.119043
v 0.089899 0.474784 0.090836
v 0.090009 0.475188 0.090946
v 0.117885 0.474784 0.048860
v 0.118029 0.475188 0.048922
v 0.127872 0.474776 -0.000629
v 0.128036 0.475196 -0.000629
v 0.061120 0.492853 -0.000629
v 0.061194 0.493239 -0.000629
v 0.056328 0.492866 0.023358
v 0.056392 0.493226 0.023384
v -0.001648 0.499909 -0.000629
v -0.001648 0.500383 -0.000629
v 0.042725 0.492866 0.043666
v 0.042773 0.493226 0.043715
v -0.001648 0.499909 -0.000629
v -0.001648 0.500383 -0.000629
v 0.022338 0.492866 0.057259
v 0.022364 0.493226 0.057323
v -0.001648 0.499909 -0.000629
v -0.001648 0.500383 -0.000629
v -0.001648 0.492866 0.062016
v -0.001648 0.493226 0.062085
v -0.001648 0.499909 -0.000629
v -0.001648 0.500383 -0.000629
v -0.001648 0.474784 0.128732
v -0.001648 0.475188 0.128890
v -0.051214 0.474784 0.118899
v -0.051276 0.475188 0.119043
v -0.025634 0.492866 0.057259
v -0.025660 0.493226 0.057323
v -0.001648 0.499909 -0.000629
v -0.001648 0.500383 -0.000629
v -0.071591 0.446763 0.168565
v -0.071695 0.447193 0.168817
v -0.131154 0.446763 0.128875
v -0.131346 0.447193 0.129067
v -0.093195 0.474784 0.090836
v -0.093305 0.475188 0.090946
v -0.046021 0.492866 0.043666
v -0.046069 0.493226 0.043715
v -0.001648 0.499909 -0.000629
v -0.001648 0.500383 -0.000629
v -0.121168 0.474784 0.048860
v -0.121312 0.475188 0.048922
v -0.170724 0.446763 0.069439
v -0.170976 0.447193 0.069543
v -0.059612 0.492866 0.023358
v -0.059676 0.493226 0.023384
v -0.001648 0.499909 -0.000629
v -0.001648 0.500383 -0.000629
v -0.238627 0.405303 -0.000629
v -0.239059 0.405765 -0.000629
v -0.184714 0.446763 -0.000629
v -0.184988 0.447193 -0.000629
v -0.130769 0.474785 -0.000629
v -0.130926 0.475187 -0.000629
v -0.064406 0.492866 -0.000629
v -0.064476 0.493226 -0.000629
v -0.001648 0.499909 -0.000629
v -0.001648 0.500383 -0.000629
v -0.121168 0.474784 -0.050118
v -0.121312 0.475188 -0.050180
v -0.170724 0.446763 -0.070697
v -0.170976 0.447193 -0.070801
v -0.059612 0.492866 -0.024616
v -0.059676 0.493226 -0.024642
v -0.001648 0.499909 -0.000629
v -0.001648 0.500383 -0.000629
v -0.046021 0.492866 -0.044925
v -0.046069 0.493226 -0.044974
v -0.001648 0.499909 -0.000629
v -0.001648 0.500383 -0.000629
v -0.220257 0.405313 -0.091271
v -0.220637 0.405755 -0.091427
v -0.131154 0.446763 -0.130133
v -0.131346 0.447193 -0.130325
v -0.262179 0.353716 -0.108521
v -0.262700 0.354080 -0.108737
v -0.169105 0.405313 -0.168124
v -0.169395 0.405755 -0.168414
v -0.201031 0.353701 -0.199975
v -0.201459 0.354095 -0.200403
v -0.109536 0.353717 -0.261089
v -0.109752 0.354079 -0.261609
v -0.092366 0.405313 -0.219479
v -0.092522 0.405755 -0.219859
v -0.071591 0.446763 -0.169823
v -0.071695 0.447193 -0.170075
v -0.001648 0.405303 -0.237533
v -0.001648 0.405765 -0.237965
v -0.051214 0.474784 -0.120157
v -0.051276 0.475188 -0.120301
v -0.001648 0.446763 -0.183772
v -0.001648 0.447193 -0.184046
v 0.089082 0.405313 -0.219479
v 0.089238 0.405755 -0.219859
v 0.068698 0.446763 -0.169823
v 0.068802 0.447193 -0.170076
v 0.047918 0.474784 -0.120157
v 0.047980 0.475188 -0.120301
v 0.127858 0.446763 -0.130133
v 0.128050 0.447193 -0.130325
v 0.106252 0.353717 -0.261089
v 0.106468 0.354079 -0.261609
v -0.001648 0.474784 -0.129990
v -0.001648 0.475188 -0.130148
v -0.001648 0.492866 -0.063275
v -0.001648 0.493226 -0.063344
v 0.165810 0.405313 -0.168124
v 0.166100 0.405755 -0.168414
v 0.197735 0.353701 -0.199975
v 0.198163 0.354095 -0.200403
v 0.217364 0.405313 -0.091271
v 0.217744 0.405755 -0.091427
v 0.258895 0.353717 -0.108521
v 0.259415 0.354079 -0.108737
v 0.235353 0.405314 -0.000629
v 0.235765 0.405754 -0.000629
v 0.181421 0.446767 -0.000629
v 0.181689 0.447189 -0.000629
v 0.167830 0.446763 -0.070697
v 0.168084 0.447193 -0.070801
v 0.117885 0.474784 -0.050118
v 0.118029 0.475188 -0.050180
v 0.127872 0.474776 -0.000629
v 0.128036 0.475196 -0.000629
v 0.061120 0.492853 -0.000629
v 0.061194 0.493239 -0.000629
v 0.089899 0.474784 -0.092094
v 0.090009 0.475188 -0.092204
v 0.056328 0.492866 -0.024616
v 0.056392 0.493226 -0.024642
v -0.001648 0.499909 -0.000629
v -0.001648 0.500383 -0.000629
v 0.042725 0.492866 -0.044925
v 0.042773 0.493226 -0.044974
v -0.001648 0.499909 -0.000629
v -0.001648 0.500383 -0.000629
v 0.022338 0.492866 -0.058517
v 0.022364 0.493226 -0.058581
v -0.001648 0.499909 -0.000629
v -0.001648 0.500383 -0.000629
v -0.001648 0.499909 -0.000629
v -0.001648 0.500383 -0.000629
v -0.025634 0.492866 -0.058517
v -0.025660 0.493226 -0.058581
v -0.001648 0.499909 -0.000629
v -0.001648 0.500383 -0.000629
v -0.093195 0.474784 -0.092094
v -0.093305 0.475188 -0.092204
v -0.001648 0.499909 -0.000629
v -0.001648 0.500383 -0.000629
v 0.258895 0.353717 0.107263
v 0.259415 0.354079 0.107479
v 0.235353 0.405314 -0.000629
v 0.235765 0.405754 -0.000629
v -0.027196 -0.282006 0.015599
v -0.027296 -0.281918 0.015623
v -0.043193 -0.299623 0.024721
v -0.043307 -0.299509 0.024741
v -0.011203 -0.259831 0.010655
v -0.011283 -0.259781 0.010727
v -0.021201 -0.280142 0.024381
v -0.021279 -0.280046 0.024441
v -0.033601 -0.296590 0.038982
v -0.033685 -0.296478 0.039040
v -0.006826 -0.259221 0.013523
v -0.006870 -0.259167 0.013619
v -0.012027 -0.278896 0.030249
v -0.012069 -0.278796 0.030333
v -0.018825 -0.294564 0.048529
v -0.018871 -0.294448 0.048613
v -0.001648 -0.278453 0.032332
v -0.001648 -0.278367 0.032410
v -0.001648 -0.293857 0.051885
v -0.001648 -0.293739 0.051977
v 0.015529 -0.294564 0.048529
v 0.015575 -0.294448 0.048613
v 0.009134 -0.278896 0.030249
v 0.009176 -0.278796 0.030333
v 0.030317 -0.296590 0.038982
v 0.030401 -0.296478 0.039040
v 0.003530 -0.259221 0.013523
v 0.003574 -0.259167 0.013619
v 0.017918 -0.280142 0.024381
v 0.017996 -0.280046 0.024441
v 0.039897 -0.299623 0.024721
v 0.040011 -0.299509 0.024741
v 0.023900 -0.282006 0.015599
v 0.024000 -0.281918 0.015623
v 0.007919 -0.259831 0.010655
v 0.007999 -0.259781 0.010727
v -0.014427 -0.248161 0.021352
v -0.014455 -0.248107 0.021390
v -0.023222 -0.248912 0.012958
v -0.023262 -0.248860 0.012984
v -0.012042 -0.245369 0.015727
v -0.012054 -0.245315 0.015735
v -0.018036 -0.245893 0.010127
v -0.018048 -0.245839 0.010135
v 0.016334 -0.254616 -0.013737
v 0.016380 -0.254572 -0.013761
v 0.019932 -0.254584 -0.002665
v 0.019984 -0.254540 -0.002673
v 0.014345 -0.250834 -0.003625
v 0.014365 -0.250778 -0.003633
v 0.011942 -0.250919 -0.010906
v 0.011960 -0.250869 -0.010912
v 0.011939 -0.250926 -0.010905
v 0.011963 -0.250862 -0.010913
v 0.004360 -0.249490 -0.003026
v 0.004356 -0.249442 -0.003032
v 0.003149 -0.249563 -0.005472
v 0.003149 -0.249513 -0.005466
v 0.016334 -0.254615 -0.013737
v 0.016380 -0.254573 -0.013761
v 0.006350 -0.249646 -0.016145
v 0.006370 -0.249590 -0.016153
v 0.011942 -0.250919 -0.010906
v 0.011960 -0.250869 -0.010912
v 0.008334 -0.252694 -0.021771
v 0.008366 -0.252646 -0.021807
v 0.001546 -0.249132 -0.007275
v 0.001554 -0.249087 -0.007263
v 0.011939 -0.250926 -0.010905
v 0.011963 -0.250862 -0.010913
v 0.003149 -0.249558 -0.005471
v 0.003149 -0.249518 -0.005467
v 0.001548 -0.249125 -0.007273
v 0.001552 -0.249095 -0.007265
v -0.001239 -0.251756 -0.002514
v -0.001251 -0.251736 -0.002504
v -0.002049 -0.251520 -0.003278
v -0.002053 -0.251500 -0.003260
v -0.023222 -0.248912 0.012959
v -0.023262 -0.248860 0.012984
v -0.026820 -0.248325 0.001407
v -0.026866 -0.248271 0.001415
v -0.020440 -0.245428 0.002327
v -0.020454 -0.245368 0.002335
v -0.018036 -0.245893 0.010128
v -0.018048 -0.245839 0.010135
v -0.018035 -0.245899 0.010127
v -0.018049 -0.245833 0.010135
v -0.010845 -0.245537 0.001768
v -0.010835 -0.245491 0.001774
v -0.009647 -0.245795 0.004773
v -0.009641 -0.245753 0.004769
v -0.005258 -0.248672 0.001816
v -0.005240 -0.248652 0.001806
v -0.010843 -0.245530 0.001769
v -0.010837 -0.245498 0.001773
v -0.006052 -0.248332 0.000290
v -0.006032 -0.248312 0.000292
v 0.011137 -0.249144 0.017439
v 0.011177 -0.249084 0.017463
v 0.018333 -0.252608 0.008686
v 0.018385 -0.252556 0.008696
v 0.008339 -0.246903 0.009813
v 0.008361 -0.246845 0.009809
v 0.013148 -0.249386 0.003894
v 0.013170 -0.249330 0.003888
v 0.008333 -0.252694 -0.021770
v 0.008367 -0.252646 -0.021807
v -0.002450 -0.249305 -0.024768
v -0.002432 -0.249251 -0.024810
v -0.000449 -0.247310 -0.018144
v -0.000429 -0.247254 -0.018153
v 0.006351 -0.249643 -0.016145
v 0.006369 -0.249593 -0.016153
v -0.000850 -0.248151 -0.008316
v -0.000834 -0.248109 -0.008302
v 0.006349 -0.249649 -0.016145
v 0.006371 -0.249587 -0.016153
v 0.001547 -0.249129 -0.007274
v 0.001553 -0.249091 -0.007264
v -0.000848 -0.248146 -0.008314
v -0.000836 -0.248114 -0.008304
v -0.002048 -0.251522 -0.003280
v -0.002054 -0.251498 -0.003258
v -0.002847 -0.250802 -0.003839
v -0.002841 -0.250786 -0.003819
v -0.024429 -0.246551 -0.010424
v -0.024473 -0.246493 -0.010434
v -0.026819 -0.248325 0.001407
v -0.026867 -0.248271 0.001415
v -0.019243 -0.244080 -0.005672
v -0.019257 -0.244020 -0.005666
v -0.020441 -0.245426 0.002327
v -0.020453 -0.245370 0.002335
v -0.020440 -0.245430 0.002327
v -0.020454 -0.245366 0.002335
v -0.010453 -0.244766 -0.001917
v -0.010445 -0.244718 -0.001901
v -0.010844 -0.245535 0.001769
v -0.010836 -0.245493 0.001773
v -0.006054 -0.248334 0.000290
v -0.006030 -0.248310 0.000292
v -0.010452 -0.244760 -0.001915
v -0.010446 -0.244724 -0.001903
v -0.005649 -0.247555 -0.001516
v -0.005631 -0.247537 -0.001502
v -0.024434 -0.241395 0.012438
v -0.024468 -0.241337 0.012464
v -0.025225 -0.243730 -0.014054
v -0.025263 -0.243682 -0.014084
v -0.016433 -0.247616 -0.023603
v -0.016453 -0.247580 -0.023655
v -0.021236 -0.241664 -0.013659
v -0.021244 -0.241604 -0.013679
v -0.013246 -0.245292 -0.021854
v -0.013244 -0.245240 -0.021884
v -0.012850 -0.241840 -0.010904
v -0.012834 -0.241780 -0.010914
v -0.007652 -0.244471 -0.016303
v -0.007632 -0.244413 -0.016315
v -0.012851 -0.241842 -0.010903
v -0.012833 -0.241778 -0.010915
v -0.004056 -0.246698 -0.007955
v -0.004026 -0.246650 -0.007943
v -0.006460 -0.245168 -0.005790
v -0.006430 -0.245132 -0.005788
v -0.014434 -0.243689 0.021987
v -0.014448 -0.243635 0.022035
v -0.001252 -0.247627 0.025063
v -0.001238 -0.247585 0.025119
v -0.011246 -0.241357 0.018520
v -0.011240 -0.241287 0.018542
v 0.000344 -0.245023 0.021199
v 0.000364 -0.244965 0.021223
v 0.000342 -0.245029 0.021196
v 0.000366 -0.244959 0.021226
v -0.006454 -0.241385 0.010692
v -0.006436 -0.241323 0.010691
v 0.001149 -0.243972 0.012412
v 0.001171 -0.243912 0.012410
v -0.000446 -0.245897 0.004462
v -0.000432 -0.245859 0.004440
v -0.006454 -0.241383 0.010691
v -0.006436 -0.241325 0.010691
v -0.004051 -0.244539 0.003860
v -0.004031 -0.244505 0.003842
v 0.024730 -0.241868 -0.000390
v 0.024782 -0.241816 -0.000388
v 0.020730 -0.241225 -0.014175
v 0.020774 -0.241171 -0.014202
v 0.016753 -0.238479 -0.011664
v 0.016767 -0.238413 -0.011674
v 0.020339 -0.239170 0.000728
v 0.020359 -0.239106 0.000734
v 0.009158 -0.238055 -0.006711
v 0.009152 -0.237989 -0.006707
v 0.011563 -0.238614 0.001807
v 0.011557 -0.238550 0.001815
v 0.009158 -0.238053 -0.006711
v 0.009152 -0.237991 -0.006707
v 0.003967 -0.241510 0.001048
v 0.003943 -0.241470 0.001054
v 0.002770 -0.241109 -0.003116
v 0.002748 -0.241071 -0.003102
v -0.002450 -0.249306 -0.024768
v -0.002432 -0.249250 -0.024810
v -0.013246 -0.245298 -0.021850
v -0.013244 -0.245234 -0.021888
v -0.007651 -0.244470 -0.016304
v -0.007633 -0.244414 -0.016314
v -0.000448 -0.247309 -0.018145
v -0.000430 -0.247255 -0.018153
v -0.024434 -0.241395 0.012438
v -0.024468 -0.241337 0.012464
v -0.028420 -0.241427 -0.000868
v -0.028464 -0.241369 -0.000870
v -0.020444 -0.239259 0.009926
v -0.020450 -0.239193 0.009936
v -0.023640 -0.239407 -0.002026
v -0.023650 -0.239341 -0.002032
v -0.012446 -0.239951 0.004933
v -0.012432 -0.239885 0.004929
v -0.014851 -0.240145 -0.003105
v -0.014837 -0.240083 -0.003113
v -0.012446 -0.239947 0.004932
v -0.012432 -0.239889 0.004930
v -0.007656 -0.244099 -0.002346
v -0.007628 -0.244065 -0.002352
v -0.006860 -0.243862 0.001297
v -0.006836 -0.243830 0.001285
v 0.020730 -0.241225 -0.014175
v 0.020774 -0.241171 -0.014203
v 0.009951 -0.242100 -0.024124
v 0.009971 -0.242048 -0.024174
v 0.016753 -0.238479 -0.011664
v 0.016767 -0.238412 -0.011674
v 0.007151 -0.239299 -0.020579
v 0.007155 -0.239233 -0.020599
v 0.009158 -0.238055 -0.006711
v 0.009152 -0.237989 -0.006707
v 0.002764 -0.238638 -0.012830
v 0.002754 -0.238574 -0.012828
v -0.000431 -0.241425 -0.006038
v -0.000447 -0.241386 -0.006020
v 0.009158 -0.238053 -0.006711
v 0.009152 -0.237991 -0.006707
v 0.002770 -0.241109 -0.003116
v 0.002748 -0.241071 -0.003102
v 0.021132 -0.243831 0.013275
v 0.021178 -0.243789 0.013307
v 0.011546 -0.246553 0.023180
v 0.011574 -0.246515 0.023242
v 0.017545 -0.241107 0.012839
v 0.017563 -0.241041 0.012863
v 0.008749 -0.243701 0.021395
v 0.008755 -0.243647 0.021427
v 0.009562 -0.240105 0.010046
v 0.009554 -0.240043 0.010056
v 0.003558 -0.242077 0.015845
v 0.003546 -0.242015 0.015857
v 0.009562 -0.240106 0.010046
v 0.009554 -0.240042 0.010056
v -0.000429 -0.243753 0.007616
v -0.000449 -0.243707 0.007606
v 0.002772 -0.242499 0.005012
v 0.002746 -0.242457 0.005010
v -0.000830 -0.246865 0.003424
v -0.000854 -0.246843 0.003398
v 0.002769 -0.242494 0.005012
v 0.002749 -0.242462 0.005010
v -0.000432 -0.243746 0.007615
v -0.000446 -0.243714 0.007607
v -0.014427 -0.248161 0.021352
v -0.014455 -0.248107 0.021390
v -0.002839 -0.246271 0.024470
v -0.002849 -0.246213 0.024512
v -0.004437 -0.243988 0.017846
v -0.004449 -0.243928 0.017856
v -0.012042 -0.245369 0.015727
v -0.012054 -0.245315 0.015735
v -0.004036 -0.244877 0.008138
v -0.004046 -0.244831 0.008124
v -0.012041 -0.245375 0.015726
v -0.012055 -0.245309 0.015736
v -0.007251 -0.245579 0.006936
v -0.007251 -0.245537 0.006926
v -0.004037 -0.244872 0.008136
v -0.004045 -0.244836 0.008126
v -0.004046 -0.248506 0.002943
v -0.004036 -0.248482 0.002919
v -0.002439 -0.247855 0.003582
v -0.002443 -0.247837 0.003560
v -0.004850 -0.246521 -0.003159
v -0.004842 -0.246507 -0.003139
v -0.008044 -0.243591 -0.005157
v -0.008044 -0.243557 -0.005141
v -0.005650 -0.247557 -0.001517
v -0.005630 -0.247535 -0.001501
v -0.010452 -0.244759 -0.001915
v -0.010446 -0.244725 -0.001903
v 0.008749 -0.243706 0.021392
v 0.008755 -0.243642 0.021430
v -0.002839 -0.246271 0.024470
v -0.002849 -0.246213 0.024512
v 0.003558 -0.242077 0.015845
v 0.003546 -0.242015 0.015857
v -0.004437 -0.243986 0.017847
v -0.004449 -0.243930 0.017855
v -0.000429 -0.243752 0.007616
v -0.000449 -0.243708 0.007606
v -0.004436 -0.243991 0.017846
v -0.004450 -0.243925 0.017856
v -0.004036 -0.244874 0.008137
v -0.004046 -0.244834 0.008125
v -0.000431 -0.243747 0.007615
v -0.000447 -0.243713 0.007607
v -0.002438 -0.247857 0.003584
v -0.002444 -0.247835 0.003558
v -0.000835 -0.246861 0.003420
v -0.000849 -0.246847 0.003403
v -0.014434 -0.243688 0.021987
v -0.014448 -0.243636 0.022035
v -0.020444 -0.239260 0.009926
v -0.020450 -0.239192 0.009936
v -0.011245 -0.241354 0.018521
v -0.011241 -0.241290 0.018541
v -0.012446 -0.239951 0.004933
v -0.012432 -0.239885 0.004929
v -0.006454 -0.241384 0.010692
v -0.006436 -0.241324 0.010691
v -0.012446 -0.239948 0.004932
v -0.012432 -0.239888 0.004930
v -0.004051 -0.244539 0.003860
v -0.004031 -0.244505 0.003842
v -0.006861 -0.243863 0.001297
v -0.006835 -0.243829 0.001285
v 0.011563 -0.238613 0.001807
v 0.011557 -0.238551 0.001815
v 0.002772 -0.242499 0.005012
v 0.002746 -0.242457 0.005010
v 0.009562 -0.240106 0.010046
v 0.009554 -0.240042 0.010056
v 0.003967 -0.241510 0.001048
v 0.003943 -0.241470 0.001054
v 0.017546 -0.241103 0.012841
v 0.017562 -0.241045 0.012861
v 0.011563 -0.238614 0.001807
v 0.011557 -0.238550 0.001815
v 0.020339 -0.239170 0.000728
v 0.020359 -0.239106 0.000734
v 0.021132 -0.243831 0.013275
v 0.021178 -0.243789 0.013307
v 0.024730 -0.241867 -0.000390
v 0.024782 -0.241817 -0.000388
v -0.000433 -0.250831 -0.000223
v -0.000445 -0.250813 -0.000235
v 0.004358 -0.248787 0.000097
v 0.004358 -0.248753 0.000085
v -0.000832 -0.251520 -0.001548
v -0.000852 -0.251493 -0.001550
v 0.004360 -0.249487 -0.003027
v 0.004356 -0.249445 -0.003031
v 0.004359 -0.248793 0.000099
v 0.004357 -0.248747 0.000083
v 0.014343 -0.250837 -0.003625
v 0.014367 -0.250775 -0.003633
v 0.013148 -0.249387 0.003894
v 0.013170 -0.249329 0.003888
v 0.019932 -0.254584 -0.002665
v 0.019984 -0.254540 -0.002673
v 0.014346 -0.250831 -0.003626
v 0.014364 -0.250781 -0.003632
v 0.018334 -0.252608 0.008686
v 0.018384 -0.252556 0.008696
v -0.000446 -0.245897 0.004462
v -0.000432 -0.245859 0.004440
v 0.001149 -0.243971 0.012412
v 0.001171 -0.243913 0.012410
v 0.002756 -0.247483 0.002982
v 0.002762 -0.247441 0.002960
v 0.008339 -0.246903 0.009814
v 0.008361 -0.246845 0.009809
v 0.001149 -0.243972 0.012412
v 0.001171 -0.243912 0.012410
v 0.011140 -0.249139 0.017441
v 0.011174 -0.249089 0.017461
v 0.000344 -0.245023 0.021199
v 0.000364 -0.244965 0.021223
v 0.010734 -0.252076 0.020948
v 0.010774 -0.252048 0.020994
v -0.001252 -0.247626 0.025064
v -0.001238 -0.247586 0.025118
v -0.006036 -0.240173 -0.014670
v -0.006048 -0.240111 -0.014668
v -0.013639 -0.242169 -0.011951
v -0.013655 -0.242107 -0.011947
v -0.008044 -0.243596 -0.005160
v -0.008044 -0.243552 -0.005138
v -0.004439 -0.242354 -0.006800
v -0.004447 -0.242314 -0.006778
v -0.006035 -0.240173 -0.014670
v -0.006049 -0.240111 -0.014668
v -0.016833 -0.244017 -0.019539
v -0.016859 -0.243963 -0.019559
v -0.005243 -0.241360 -0.023377
v -0.005255 -0.241300 -0.023401
v -0.016827 -0.247023 -0.023085
v -0.016865 -0.246989 -0.023133
v -0.003645 -0.244236 -0.027281
v -0.003655 -0.244192 -0.027337
v -0.004049 -0.249728 -0.003797
v -0.004033 -0.249716 -0.003781
v -0.002848 -0.250804 -0.003841
v -0.002840 -0.250784 -0.003817
v -0.004051 -0.246689 -0.007953
v -0.004031 -0.246659 -0.007945
v -0.000849 -0.248149 -0.008315
v -0.000835 -0.248111 -0.008303
v -0.000450 -0.247313 -0.018144
v -0.000428 -0.247251 -0.018154
v -0.004054 -0.246694 -0.007954
v -0.004028 -0.246654 -0.007944
v -0.007652 -0.244472 -0.016303
v -0.007632 -0.244412 -0.016315
v -0.001239 -0.251756 -0.002514
v -0.001251 -0.251736 -0.002504
v -0.000833 -0.251519 -0.001548
v -0.000851 -0.251493 -0.001550
v 0.003149 -0.249556 -0.005471
v 0.003149 -0.249520 -0.005467
v 0.004359 -0.249482 -0.003027
v 0.004357 -0.249450 -0.003031
v -0.000431 -0.241425 -0.006038
v -0.000447 -0.241387 -0.006020
v 0.002764 -0.238638 -0.012830
v 0.002754 -0.238574 -0.012828
v -0.004439 -0.242354 -0.006800
v -0.004447 -0.242314 -0.006778
v -0.006035 -0.240174 -0.014670
v -0.006049 -0.240110 -0.014668
v 0.002764 -0.238639 -0.012830
v 0.002754 -0.238573 -0.012828
v -0.005242 -0.241367 -0.023374
v -0.005256 -0.241293 -0.023404
v 0.007151 -0.239302 -0.020578
v 0.007155 -0.239230 -0.020600
v -0.003645 -0.244236 -0.027281
v -0.003655 -0.244192 -0.027337
v 0.009951 -0.242099 -0.024125
v 0.009971 -0.242049 -0.024173
v -0.005243 -0.241361 -0.023377
v -0.005255 -0.241299 -0.023401
v -0.019243 -0.244081 -0.005672
v -0.019257 -0.244019 -0.005666
v -0.010453 -0.244766 -0.001917
v -0.010445 -0.244718 -0.001901
v -0.013639 -0.242170 -0.011951
v -0.013655 -0.242106 -0.011947
v -0.008044 -0.243596 -0.005160
v -0.008044 -0.243552 -0.005138
v -0.013639 -0.242169 -0.011951
v -0.013655 -0.242107 -0.011947
v -0.024429 -0.246551 -0.010424
v -0.024473 -0.246493 -0.010434
v -0.016830 -0.244023 -0.019537
v -0.016862 -0.243957 -0.019561
v -0.006460 -0.245168 -0.005790
v -0.006430 -0.245132 -0.005788
v -0.014851 -0.240144 -0.003105
v -0.014837 -0.240084 -0.003113
v -0.007656 -0.244099 -0.002346
v -0.007628 -0.244065 -0.002352
v -0.012850 -0.241840 -0.010903
v -0.012834 -0.241780 -0.010915
v -0.014851 -0.240145 -0.003105
v -0.014837 -0.240083 -0.003113
v -0.021236 -0.241667 -0.013658
v -0.021244 -0.241601 -0.013680
v -0.023639 -0.239413 -0.002026
v -0.023651 -0.239335 -0.002032
v -0.023640 -0.239406 -0.002026
v -0.023650 -0.239342 -0.002032
v -0.025225 -0.243730 -0.014053
v -0.025263 -0.243682 -0.014085
v -0.028420 -0.241427 -0.000868
v -0.028464 -0.241369 -0.000870
v -0.001242 -0.249805 0.001061
v -0.001248 -0.249791 0.001041
v 0.002757 -0.247478 0.002979
v 0.002761 -0.247446 0.002963
v -0.000431 -0.250833 -0.000221
v -0.000447 -0.250811 -0.000236
v 0.004358 -0.248789 0.000098
v 0.004358 -0.248751 0.000085
v 0.002756 -0.247483 0.002981
v 0.002762 -0.247441 0.002961
v 0.013147 -0.249389 0.003894
v 0.013171 -0.249327 0.003888
v 0.008339 -0.246903 0.009814
v 0.008361 -0.246845 0.009809
v -0.007251 -0.245575 0.006935
v -0.007251 -0.245541 0.006927
v -0.005258 -0.248672 0.001816
v -0.005240 -0.248652 0.001806
v -0.009647 -0.245795 0.004773
v -0.009641 -0.245753 0.004769
v -0.004045 -0.248504 0.002940
v -0.004037 -0.248484 0.002922
v -0.018035 -0.245899 0.010127
v -0.018049 -0.245833 0.010135
v -0.007251 -0.245582 0.006937
v -0.007251 -0.245534 0.006925
v -0.012041 -0.245375 0.015726
v -0.012055 -0.245309 0.015736
v 0.197724 0.353691 0.198706
v 0.198174 0.354105 0.199156
v 0.217364 0.405313 0.090013
v 0.217744 0.405755 0.090169
v 0.202913 0.000753 -0.204954
v 0.203385 0.000427 -0.205424
v 0.197724 0.353691 -0.199964
v 0.198174 0.354105 -0.200414
v 0.217364 0.405313 -0.091271
v 0.217744 0.405755 -0.091427
v 0.258877 0.353704 -0.108514
v 0.259433 0.354091 -0.108744
v 0.224087 0.269187 -0.226323
v 0.224619 0.269377 -0.226855
v 0.228871 0.176623 -0.230950
v 0.229429 0.176605 -0.231508
v 0.220490 0.081938 -0.222647
v 0.221014 0.081778 -0.223171
v 0.299178 0.176624 -0.125269
v 0.299944 0.176604 -0.125589
v 0.293190 0.269183 -0.122758
v 0.293920 0.269381 -0.123060
v 0.324361 0.176623 -0.000629
v 0.325151 0.176605 -0.000629
v 0.317581 0.269187 -0.000629
v 0.318333 0.269377 -0.000629
v 0.280465 0.353714 -0.000629
v 0.281035 0.354082 -0.000629
v 0.235353 0.405313 -0.000629
v 0.235765 0.405755 -0.000629
v 0.288397 0.081943 -0.120759
v 0.289117 0.081773 -0.121059
v 0.312386 0.081939 -0.000629
v 0.313126 0.081777 -0.000629
v 0.265231 0.000761 -0.111214
v 0.265873 0.000419 -0.111484
v 0.287228 0.000754 -0.000629
v 0.287894 0.000426 -0.000629
v 0.217315 -0.074685 -0.091331
v 0.217793 -0.075143 -0.091527
v 0.166174 -0.074685 -0.168206
v 0.166540 -0.075143 -0.168572
v 0.265235 0.000759 -0.111216
v 0.265869 0.000421 -0.111482
v 0.202906 0.000758 -0.204946
v 0.203392 0.000422 -0.205432
v 0.235300 -0.074685 -0.000629
v 0.235818 -0.075143 -0.000629
v 0.217314 -0.074685 -0.091331
v 0.217794 -0.075143 -0.091527
v 0.287217 0.000759 -0.000629
v 0.287905 0.000421 -0.000629
v 0.265235 0.000759 -0.111216
v 0.265869 0.000421 -0.111482
v 0.287217 0.000759 -0.000629
v 0.287905 0.000421 -0.000629
v 0.217314 -0.074685 0.090073
v 0.217794 -0.075143 0.090269
v 0.235300 -0.074685 -0.000629
v 0.235818 -0.075143 -0.000629
v 0.265235 0.000759 0.109958
v 0.265869 0.000421 0.110224
v 0.265235 0.000759 0.109958
v 0.265869 0.000421 0.110224
v 0.166174 -0.074685 0.166948
v 0.166540 -0.075143 0.167314
v 0.217315 -0.074685 0.090073
v 0.217793 -0.075143 0.090269
v 0.202906 0.000758 0.203688
v 0.203392 0.000422 0.204174
v 0.265231 0.000761 0.109956
v 0.265873 0.000419 0.110226
v 0.288397 0.081943 0.119501
v 0.289117 0.081773 0.119801
v 0.202913 0.000753 0.203696
v 0.203385 0.000427 0.204166
v 0.287228 0.000754 -0.000629
v 0.287894 0.000426 -0.000629
v 0.312386 0.081939 -0.000629
v 0.313126 0.081777 -0.000629
v 0.324361 0.176623 -0.000629
v 0.325151 0.176605 -0.000629
v 0.220490 0.081938 0.221389
v 0.221014 0.081778 0.221913
v 0.299178 0.176624 0.124011
v 0.299944 0.176604 0.124331
v 0.293190 0.269183 0.121500
v 0.293920 0.269381 0.121802
v 0.317581 0.269187 -0.000629
v 0.318333 0.269377 -0.000629
v 0.228871 0.176623 0.229692
v 0.229429 0.176605 0.230250
v 0.224087 0.269187 0.225065
v 0.224619 0.269377 0.225597
v 0.258877 0.353704 0.107256
v 0.259433 0.354091 0.107486
v 0.280465 0.353714 -0.000629
v 0.281035 0.354082 -0.000629
v 0.235353 0.405313 -0.000629
v 0.235765 0.405755 -0.000629
v -0.007253 -0.255764 -0.002317
v -0.007249 -0.255776 -0.002301
v -0.005256 -0.252829 -0.002280
v -0.005242 -0.252831 -0.002258
v -0.008049 -0.254739 -0.001034
v -0.008039 -0.254753 -0.001024
v -0.008049 -0.254739 -0.001034
v -0.008039 -0.254753 -0.001024
v -0.005649 -0.251848 -0.001554
v -0.005631 -0.251852 -0.001544
v -0.007648 -0.254053 0.000290
v -0.007636 -0.254071 0.000292
v -0.005649 -0.251123 -0.000589
v -0.005631 -0.251129 -0.000589
v 0.023129 -0.250410 0.011599
v 0.023185 -0.250434 0.011623
v 0.025920 -0.248516 -0.001907
v 0.025984 -0.248536 -0.001911
v 0.026322 -0.245085 -0.001188
v 0.026388 -0.245071 -0.001190
v 0.023124 -0.247047 0.012833
v 0.023190 -0.247037 0.012869
v 0.023128 -0.250409 0.011599
v 0.023186 -0.250435 0.011623
v 0.021540 -0.253569 0.009167
v 0.021576 -0.253619 0.009175
v 0.023930 -0.251795 -0.002666
v 0.023970 -0.251841 -0.002672
v -0.007255 -0.253815 0.001254
v -0.007247 -0.253829 0.001248
v -0.007647 -0.254055 0.000290
v -0.007637 -0.254069 0.000292
v -0.005256 -0.250840 0.000296
v -0.005242 -0.250844 0.000286
v -0.005648 -0.251123 -0.000589
v -0.005632 -0.251129 -0.000589
v 0.017917 -0.280143 0.024380
v 0.017997 -0.280045 0.024442
v 0.039897 -0.299623 0.024721
v 0.040011 -0.299509 0.024741
v 0.023899 -0.282007 0.015599
v 0.024001 -0.281917 0.015624
v 0.043495 -0.303195 0.007865
v 0.043615 -0.303089 0.007837
v 0.026292 -0.284213 0.005261
v 0.026418 -0.284119 0.005241
v 0.007919 -0.259831 0.010655
v 0.007999 -0.259781 0.010727
v 0.011113 -0.260745 0.006316
v 0.011201 -0.260707 0.006346
v 0.012296 -0.261833 0.001215
v 0.012412 -0.261795 0.001207
v 0.007534 -0.244546 0.008271
v 0.007578 -0.244594 0.008311
v 0.010327 -0.244571 0.004202
v 0.010377 -0.244609 0.004220
v 0.011122 -0.244595 -0.000627
v 0.011192 -0.244641 -0.000631
v 0.011122 -0.244595 -0.000627
v 0.011192 -0.244641 -0.000631
v 0.010325 -0.244623 -0.005456
v 0.010379 -0.244661 -0.005482
v 0.012296 -0.261833 0.001215
v 0.012412 -0.261795 0.001207
v 0.007530 -0.244643 -0.009560
v 0.007582 -0.244689 -0.009618
v 0.011112 -0.262912 -0.003887
v 0.011202 -0.262884 -0.003931
v 0.026292 -0.284213 0.005261
v 0.026418 -0.284119 0.005241
v 0.007917 -0.263832 -0.008182
v 0.008001 -0.263804 -0.008275
v 0.023899 -0.286408 -0.005119
v 0.024001 -0.286332 -0.005179
v 0.043495 -0.303195 0.007865
v 0.043615 -0.303089 0.007837
v 0.039904 -0.306764 -0.008955
v 0.040004 -0.306672 -0.009023
v 0.017913 -0.288274 -0.013895
v 0.018001 -0.288194 -0.014003
v 0.030319 -0.309793 -0.023254
v 0.030399 -0.309699 -0.023364
v 0.015940 -0.264176 -0.013697
v 0.015970 -0.264228 -0.013721
v 0.021534 -0.261297 -0.001189
v 0.021582 -0.261315 -0.001189
v 0.019939 -0.264144 -0.000390
v 0.019977 -0.264196 -0.000388
v 0.017534 -0.261288 -0.014616
v 0.017574 -0.261308 -0.014642
v 0.021934 -0.258022 -0.001867
v 0.021986 -0.258014 -0.001871
v 0.017935 -0.258006 -0.014616
v 0.017979 -0.257998 -0.014642
v 0.016337 -0.254613 -0.013738
v 0.016377 -0.254575 -0.013760
v 0.019936 -0.254581 -0.002666
v 0.019980 -0.254543 -0.002672
v 0.017929 -0.258007 -0.014612
v 0.017985 -0.257997 -0.014646
v 0.008333 -0.255817 -0.023842
v 0.008367 -0.255803 -0.023896
v 0.008336 -0.252690 -0.021774
v 0.008364 -0.252650 -0.021804
v 0.016337 -0.254612 -0.013739
v 0.016377 -0.254576 -0.013759
v -0.006049 -0.259013 0.001856
v -0.006035 -0.259039 0.001846
v -0.007260 -0.258612 -0.002307
v -0.007242 -0.258640 -0.002311
v -0.004050 -0.255558 0.000817
v -0.004032 -0.255566 0.000805
v -0.004455 -0.255181 -0.001348
v -0.004431 -0.255191 -0.001350
v 0.009944 -0.255096 0.022383
v 0.009978 -0.255100 0.022439
v 0.018722 -0.259022 0.012355
v 0.018778 -0.259038 0.012387
v 0.010735 -0.252075 0.020949
v 0.010773 -0.252049 0.020993
v 0.019524 -0.255863 0.011118
v 0.019588 -0.255845 0.011144
v 0.011138 -0.249143 0.017440
v 0.011176 -0.249085 0.017462
v 0.010733 -0.252076 0.020948
v 0.010775 -0.252048 0.020995
v 0.018338 -0.252603 0.008687
v 0.018380 -0.252561 0.008695
v -0.004054 -0.254331 -0.003394
v -0.004028 -0.254345 -0.003384
v -0.007261 -0.258611 -0.002307
v -0.007241 -0.258641 -0.002311
v -0.005649 -0.257627 -0.006270
v -0.005631 -0.257657 -0.006268
v -0.004454 -0.255181 -0.001348
v -0.004432 -0.255190 -0.001350
v -0.004050 -0.254333 -0.003393
v -0.004032 -0.254343 -0.003385
v -0.004453 -0.251644 -0.000589
v -0.004433 -0.251640 -0.000589
v -0.004051 -0.250867 -0.002034
v -0.004031 -0.250865 -0.002024
v -0.002448 -0.253259 -0.004677
v -0.002434 -0.253273 -0.004661
v -0.003252 -0.249870 -0.003118
v -0.003242 -0.249870 -0.003100
v -0.004051 -0.254333 -0.003393
v -0.004031 -0.254343 -0.003385
v -0.005650 -0.257625 -0.006270
v -0.005630 -0.257659 -0.006268
v -0.002449 -0.253258 -0.004678
v -0.002433 -0.253274 -0.004659
v 0.019935 -0.264139 -0.000391
v 0.019981 -0.264201 -0.000387
v 0.018722 -0.259022 0.012355
v 0.018778 -0.259038 0.012387
v 0.016742 -0.261839 0.012796
v 0.016778 -0.261885 0.012826
v 0.021534 -0.261297 -0.001189
v 0.021582 -0.261315 -0.001189
v 0.019528 -0.255862 0.011119
v 0.019584 -0.255846 0.011143
v 0.021929 -0.258023 -0.001867
v 0.021991 -0.258013 -0.001871
v -0.006049 -0.259013 0.001856
v -0.006035 -0.259039 0.001846
v -0.002447 -0.255349 0.002380
v -0.002435 -0.255359 0.002362
v -0.002850 -0.258701 0.004778
v -0.002838 -0.258727 0.004765
v -0.004050 -0.255558 0.000817
v -0.004032 -0.255566 0.000805
v -0.005647 -0.247553 -0.001514
v -0.005633 -0.247539 -0.001504
v -0.006050 -0.248330 0.000290
v -0.006034 -0.248314 0.000292
v -0.004050 -0.250867 -0.002034
v -0.004032 -0.250865 -0.002024
v -0.004453 -0.251644 -0.000589
v -0.004433 -0.251640 -0.000589
v -0.005648 -0.251123 -0.000589
v -0.005632 -0.251129 -0.000589
v -0.005651 -0.247733 -0.001388
v -0.005629 -0.247727 -0.001390
v -0.005257 -0.250839 0.000296
v -0.005241 -0.250845 0.000286
v -0.005257 -0.247445 0.000296
v -0.005241 -0.247439 0.000286
v -0.004454 -0.255181 -0.001348
v -0.004432 -0.255191 -0.001350
v -0.003660 -0.252000 0.000817
v -0.003640 -0.251996 0.000805
v -0.004050 -0.255558 0.000816
v -0.004032 -0.255566 0.000806
v -0.004453 -0.251644 -0.000589
v -0.004433 -0.251640 -0.000589
v 0.025920 -0.248516 -0.001907
v 0.025984 -0.248536 -0.001911
v 0.021938 -0.247911 -0.015175
v 0.021982 -0.247925 -0.015203
v 0.021938 -0.244457 -0.015135
v 0.021982 -0.244443 -0.015163
v 0.019936 -0.251206 -0.014216
v 0.019980 -0.251262 -0.014242
v 0.026328 -0.245084 -0.001189
v 0.026382 -0.245072 -0.001189
v 0.020732 -0.241222 -0.014177
v 0.020772 -0.241174 -0.014201
v 0.023930 -0.251795 -0.002666
v 0.023970 -0.251841 -0.002672
v 0.024732 -0.241866 -0.000390
v 0.024780 -0.241818 -0.000388
v -0.005258 -0.247445 0.000296
v -0.005240 -0.247439 0.000286
v -0.006857 -0.243857 0.001295
v -0.006839 -0.243835 0.001287
v -0.004047 -0.247805 0.001500
v -0.004035 -0.247799 0.001483
v -0.004048 -0.244534 0.003857
v -0.004034 -0.244510 0.003845
v -0.005648 -0.251848 -0.001553
v -0.005632 -0.251852 -0.001545
v -0.005259 -0.248582 -0.002913
v -0.005239 -0.248574 -0.002905
v -0.005650 -0.251123 -0.000589
v -0.005630 -0.251129 -0.000589
v -0.005650 -0.247733 -0.001388
v -0.005630 -0.247727 -0.001390
v -0.005262 -0.248583 -0.002914
v -0.005236 -0.248573 -0.002904
v -0.007652 -0.244095 -0.002347
v -0.007632 -0.244069 -0.002351
v -0.006455 -0.245162 -0.005790
v -0.006435 -0.245138 -0.005788
v -0.006856 -0.243857 0.001295
v -0.006840 -0.243835 0.001287
v -0.005258 -0.247445 0.000296
v -0.005240 -0.247439 0.000286
v -0.007652 -0.244093 -0.002347
v -0.007632 -0.244071 -0.002351
v -0.005651 -0.247733 -0.001388
v -0.005629 -0.247727 -0.001390
v 0.021932 -0.247909 -0.015172
v 0.021988 -0.247927 -0.015206
v 0.011544 -0.248748 -0.024721
v 0.011576 -0.248768 -0.024777
v 0.011145 -0.251959 -0.022613
v 0.011169 -0.252005 -0.022645
v 0.019940 -0.251212 -0.014218
v 0.019976 -0.251256 -0.014240
v 0.013931 -0.253094 0.021824
v 0.013975 -0.253134 0.021878
v 0.023128 -0.250409 0.011599
v 0.023186 -0.250435 0.011623
v 0.023122 -0.247047 0.012831
v 0.023192 -0.247037 0.012871
v 0.013141 -0.249806 0.023262
v 0.013177 -0.249806 0.023320
v 0.013934 -0.253097 0.021827
v 0.013972 -0.253131 0.021875
v 0.013537 -0.256103 0.018281
v 0.013563 -0.256157 0.018301
v 0.021539 -0.253569 0.009167
v 0.021577 -0.253619 0.009175
v -0.005254 -0.252829 -0.002277
v -0.005244 -0.252831 -0.002261
v -0.004048 -0.249727 -0.003796
v -0.004034 -0.249717 -0.003782
v -0.005649 -0.251848 -0.001554
v -0.005631 -0.251852 -0.001544
v -0.005259 -0.248582 -0.002913
v -0.005239 -0.248574 -0.002905
v -0.004049 -0.249728 -0.003797
v -0.004033 -0.249716 -0.003781
v -0.006455 -0.245162 -0.005790
v -0.006435 -0.245138 -0.005788
v -0.004050 -0.246688 -0.007952
v -0.004032 -0.246661 -0.007946
v -0.006049 -0.248329 0.000290
v -0.006035 -0.248315 0.000292
v -0.003659 -0.252000 0.000816
v -0.003641 -0.251996 0.000806
v -0.004453 -0.251644 -0.000589
v -0.004433 -0.251640 -0.000589
v -0.005255 -0.248669 0.001815
v -0.005243 -0.248655 0.001807
v -0.005647 -0.247553 -0.001514
v -0.005633 -0.247539 -0.001504
v -0.003254 -0.249870 -0.003121
v -0.003240 -0.249870 -0.003097
v -0.004850 -0.246520 -0.003157
v -0.004842 -0.246508 -0.003140
v 0.021133 -0.243831 0.013275
v 0.021177 -0.243789 0.013307
v 0.024727 -0.241870 -0.000391
v 0.024785 -0.241814 -0.000387
v 0.026322 -0.245086 -0.001188
v 0.026388 -0.245070 -0.001190
v 0.018334 -0.252607 0.008686
v 0.018384 -0.252557 0.008696
v 0.021923 -0.258024 -0.001866
v 0.021997 -0.258012 -0.001872
v 0.019936 -0.254581 -0.002666
v 0.019980 -0.254543 -0.002672
v 0.019526 -0.255862 0.011119
v 0.019586 -0.255846 0.011143
v 0.324649 0.177008 -0.000242
v 0.317910 0.268895 -0.000249
v 0.293661 0.268875 0.121262
v 0.299616 0.177028 0.123753
v 0.299284 0.176202 -0.125755
v 0.288581 0.082254 -0.121260
v 0.220996 0.082234 -0.222627
v 0.229334 0.176223 -0.230866
v 0.217804 -0.074628 -0.091164
v 0.265425 0.000272 -0.110887
v 0.287267 0.000272 -0.001008
v 0.235689 -0.074628 -0.000970
v -0.008869 -0.260544 -0.022485
v -0.019610 -0.256444 -0.018743
v -0.019223 -0.253539 -0.022213
v -0.007296 -0.257969 -0.026269
v -0.025871 0.492997 0.057354
v -0.046017 0.492997 0.043922
v -0.092916 0.475044 0.090863
v -0.051347 0.475044 0.118652
v -0.002049 0.269656 0.318686
v -0.002000 0.353570 0.281646
v -0.109347 0.353570 0.260295
v -0.123182 0.269656 0.294538
v -0.051103 0.474884 -0.120452
v -0.001864 0.474885 -0.130221
v -0.001902 0.447097 -0.183629
v -0.071303 0.447097 -0.169788
v -0.170896 0.446821 0.069783
v -0.220055 0.405720 0.090252
v -0.169248 0.405720 0.166586
v -0.131537 0.446821 0.128901
v -0.002048 0.268876 -0.320138
v -0.002055 0.177028 -0.326639
v -0.126020 0.177028 -0.301963
v -0.123258 0.268875 -0.295975
v -0.290551 0.000272 -0.001008
v -0.268721 0.000272 -0.110887
v -0.221100 -0.074628 -0.091164
v -0.238973 -0.074628 -0.000970
v -0.161282 -0.132684 0.065861
v -0.124054 -0.132630 0.121456
v -0.169261 -0.075144 0.166665
v -0.220422 -0.075144 0.090359
v 0.088726 -0.075144 0.218402
v -0.001311 -0.075144 0.236289
v -0.001277 -0.132629 0.172419
v 0.064494 -0.132629 0.159384
v -0.112675 0.000273 0.266234
v -0.205567 0.000273 0.203991
v -0.169101 -0.074628 0.167464
v -0.092808 -0.074628 0.218560
v -0.290551 0.000272 -0.000250
v -0.238973 -0.074628 -0.000288
v -0.221100 -0.074628 0.089906
v -0.268721 0.000272 0.109629
v -0.130873 0.447097 -0.130210
v -0.093205 0.474885 -0.092409
v -0.051502 0.474884 -0.120287
v -0.071771 0.447098 -0.169593
v 0.224051 0.268895 0.225566
v 0.121101 0.268875 0.294411
v 0.123492 0.177028 0.300394
v 0.228801 0.177008 0.230170
v 0.127884 0.446821 -0.130517
v 0.165531 0.405720 -0.168268
v 0.089322 0.405720 -0.219276
v 0.069042 0.446820 -0.169994
v -0.001394 0.447097 -0.183629
v -0.001432 0.474885 -0.130221
v 0.047809 0.474885 -0.120452
v 0.068408 0.447097 -0.169788
v -0.001707 -0.278368 0.032319
v -0.001696 -0.259016 0.014634
v -0.006810 -0.259228 0.013612
v -0.011966 -0.278791 0.030260
v 0.109392 0.000272 0.266234
v 0.089525 -0.074628 0.218560
v 0.166207 -0.074627 0.167464
v 0.202673 0.000272 0.203990
v 0.047809 0.474885 0.119194
v -0.001432 0.474885 0.128963
v -0.001394 0.447097 0.182371
v 0.068408 0.447097 0.168529
v 0.011168 -0.245304 -0.025163
v 0.009998 -0.242103 -0.024136
v 0.020738 -0.241231 -0.014221
v 0.021931 -0.244427 -0.015160
v -0.005624 -0.254775 0.002566
v -0.003271 -0.252773 0.001032
v -0.004447 -0.255830 0.002527
v -0.003261 -0.252736 0.001018
v -0.005605 -0.254730 0.002546
v -0.004039 -0.251781 0.001253
v -0.004421 -0.242342 -0.006775
v -0.002837 -0.245477 -0.003995
v -0.000852 -0.244760 -0.003638
v -0.000456 -0.241422 -0.006023
v 0.120220 -0.133102 0.121564
v 0.064955 -0.133103 0.158556
v 0.009792 -0.236392 0.026010
v 0.018705 -0.235708 0.019937
v -0.026803 -0.248278 0.001380
v -0.020469 -0.245405 0.002299
v -0.019280 -0.244068 -0.005657
v -0.024431 -0.246514 -0.010363
v 0.007180 -0.255375 0.000636
v 0.007576 -0.254611 -0.003009
v 0.017512 -0.254727 -0.003553
v 0.015931 -0.256062 0.004407
v 0.021968 -0.244478 -0.015123
v 0.026343 -0.245104 -0.001221
v 0.025946 -0.248492 -0.001934
v 0.021968 -0.247892 -0.015163
v -0.012856 -0.256098 0.001796
v -0.011678 -0.256027 0.004202
v -0.020428 -0.254675 0.009600
v -0.022798 -0.254766 0.002399
v -0.022856 -0.254744 0.002398
v -0.020474 -0.254655 0.009637
v -0.024828 -0.250994 0.012443
v -0.028400 -0.251027 0.001452
v 0.007161 -0.239261 -0.020534
v 0.002800 -0.238606 -0.012835
v 0.009159 -0.238026 -0.006752
v 0.016704 -0.238447 -0.011674
v -0.016641 -0.250409 -0.024320
v -0.024446 -0.256258 -0.014572
v -0.026012 -0.253102 -0.014138
v -0.024257 -0.256214 -0.014768
v -0.016448 -0.250364 -0.024519
v -0.014881 -0.253562 -0.024446
v 0.017575 -0.254706 -0.003617
v 0.015178 -0.254242 -0.011375
v 0.019943 -0.251253 -0.014179
v 0.023901 -0.251832 -0.002711
v 0.002761 -0.241082 -0.003136
v 0.009105 -0.238037 -0.006717
v 0.002770 -0.238616 -0.012777
v -0.000412 -0.241396 -0.006033
v 0.088938 0.405305 -0.219914
v 0.105916 0.354169 -0.261200
v -0.001294 0.354169 -0.282522
v -0.001334 0.405293 -0.237897
v -0.021670 -0.256189 -0.005138
v -0.022857 -0.254752 0.002341
v -0.028407 -0.251031 0.001382
v -0.026421 -0.252996 -0.009884
v -0.002055 0.176202 -0.326617
v -0.002040 0.082250 -0.314961
v -0.121673 0.082250 -0.291152
v -0.126014 0.176202 -0.301943
v 0.015577 -0.311779 -0.032794
v 0.030278 -0.309765 -0.023302
v 0.026348 -0.311176 -0.019446
v 0.013605 -0.312939 -0.027766
v -0.006794 -0.264382 -0.011162
v -0.006410 -0.244715 -0.012314
v -0.001685 -0.244719 -0.013260
v -0.001701 -0.264594 -0.012142
v 0.013187 -0.249378 0.003879
v 0.018337 -0.252572 0.008626
v 0.019925 -0.254537 -0.002640
v 0.014373 -0.250816 -0.003599
v 0.039858 -0.299495 0.024769
v 0.023955 -0.281998 0.015692
v 0.018029 -0.280151 0.024395
v 0.030363 -0.296498 0.038905
v 0.009071 -0.278791 0.030260
v 0.003514 -0.259228 0.013612
v -0.001600 -0.259016 0.014634
v -0.001589 -0.278368 0.032319
v -0.016047 -0.246548 0.023025
v -0.014480 -0.243684 0.021998
v -0.024443 -0.241399 0.012482
v -0.026019 -0.244252 0.013382
v 0.011112 -0.252003 -0.022608
v 0.009137 -0.254767 -0.017020
v 0.001185 -0.256141 -0.019132
v -0.000393 -0.253884 -0.025663
v 0.000757 -0.249269 0.000776
v 0.002716 -0.252519 0.000270
v -0.000036 -0.250246 0.001840
v -0.007240 -0.253817 0.001255
v -0.005279 -0.250900 0.000316
v -0.006449 -0.254046 0.001999
v -0.006406 -0.253972 0.001973
v -0.005247 -0.250855 0.000306
v -0.004854 -0.251079 0.000967
v 0.008742 -0.243703 0.021433
v -0.002803 -0.246258 0.024501
v -0.001226 -0.249263 0.026863
v 0.011504 -0.246518 0.023206
v -0.014796 -0.255962 0.014869
v -0.010038 -0.256464 0.006036
v -0.007664 -0.257431 0.007067
v -0.007671 -0.258274 0.016851
v -0.006071 -0.240155 -0.014692
v -0.005285 -0.241333 -0.023343
v -0.016804 -0.243976 -0.019530
v -0.013630 -0.242137 -0.011988
v 0.001532 -0.253633 0.001914
v 0.001149 -0.257708 0.005463
v -0.000036 -0.254633 0.002734
v 0.001180 -0.257764 0.005510
v 0.001563 -0.253634 0.001913
v 0.005121 -0.256540 0.003890
v 0.001531 -0.253604 0.001897
v -0.000044 -0.254613 0.002725
v -0.001223 -0.251223 0.002212
v -0.000052 -0.250261 0.001853
v 0.001516 -0.253561 0.001893
v -0.001228 -0.251191 0.002207
v -0.004032 -0.255550 0.000819
v -0.003646 -0.252034 0.000819
v -0.002455 -0.255344 0.002356
v -0.002849 -0.251844 0.001845
v -0.002456 -0.255288 0.002352
v -0.003639 -0.252007 0.000825
v 0.020773 -0.241230 -0.014165
v 0.024761 -0.241870 -0.000429
v 0.026335 -0.245053 -0.001209
v 0.021959 -0.244426 -0.015116
v -0.004832 -0.251073 0.000976
v -0.002482 -0.248738 0.001718
v -0.004043 -0.251753 0.001250
v -0.002459 -0.248684 0.001727
v -0.004828 -0.251042 0.000978
v -0.004035 -0.247817 0.001491
v -0.018620 -0.250349 -0.023448
v -0.027206 -0.246516 -0.013657
v -0.025247 -0.243756 -0.014091
v -0.018442 -0.250418 -0.023641
v -0.025072 -0.243823 -0.014280
v -0.016482 -0.247615 -0.023607
v -0.006431 -0.254057 0.002013
v -0.004076 -0.251812 0.001269
v -0.005642 -0.254760 0.002563
v -0.004056 -0.251766 0.001251
v -0.006407 -0.254008 0.001994
v -0.004843 -0.251087 0.000976
v -0.004453 -0.257770 -0.002757
v -0.006037 -0.256899 -0.002995
v -0.008022 -0.259685 -0.005696
v -0.004457 -0.261028 -0.005102
v -0.005241 -0.250836 0.000303
v -0.004068 -0.247886 0.001468
v -0.004848 -0.251064 0.000966
v -0.004053 -0.247810 0.001479
v -0.005242 -0.250805 0.000298
v -0.005242 -0.247454 0.000298
v -0.007512 -0.257828 -0.026233
v -0.019214 -0.253489 -0.022252
v -0.018426 -0.250518 -0.023661
v -0.007265 -0.257910 -0.026315
v -0.018223 -0.250582 -0.023729
v -0.005677 -0.255040 -0.027572
v 0.007950 -0.257938 0.022378
v 0.009911 -0.255115 0.022420
v -0.002832 -0.250574 0.026320
v -0.004407 -0.253539 0.025888
v -0.005266 -0.248652 0.001805
v -0.006048 -0.248318 0.000307
v -0.010820 -0.245524 0.001782
v -0.009636 -0.245782 0.004741
v -0.007265 -0.258629 -0.002334
v -0.014805 -0.261521 -0.003097
v -0.012422 -0.260039 -0.011257
v -0.005669 -0.257654 -0.006261
v 0.015599 -0.311699 -0.032788
v 0.009231 -0.289534 -0.019825
v 0.017928 -0.288309 -0.014022
v 0.030250 -0.309688 -0.023325
v -0.004049 -0.248506 0.002916
v -0.003665 -0.251948 0.000833
v -0.005237 -0.248670 0.001815
v -0.003643 -0.251985 0.000828
v -0.004025 -0.248559 0.002901
v -0.002853 -0.251827 0.001846
v -0.004026 -0.251768 0.001248
v -0.001287 -0.249841 0.001052
v -0.003248 -0.252723 0.001013
v -0.001262 -0.249797 0.001056
v -0.004015 -0.251736 0.001253
v -0.002439 -0.248699 0.001725
v -0.000471 -0.245951 0.004384
v -0.001255 -0.249772 0.001071
v -0.002428 -0.248682 0.001734
v -0.001224 -0.249772 0.001073
v -0.000426 -0.245900 0.004432
v 0.002730 -0.247463 0.002971
v -0.002447 -0.247859 0.003563
v -0.001271 -0.251150 0.002225
v -0.004021 -0.248498 0.002933
v -0.001266 -0.251186 0.002211
v -0.002838 -0.251821 0.001856
v -0.004013 -0.248536 0.002918
v -0.000849 -0.246870 0.003407
v -0.000069 -0.250210 0.001872
v -0.002423 -0.247847 0.003564
v -0.000065 -0.250246 0.001859
v -0.001240 -0.251175 0.002212
v -0.002413 -0.247890 0.003547
v -0.003237 -0.252740 0.001003
v -0.000497 -0.250875 -0.000209
v -0.002841 -0.253703 0.000295
v -0.201566 0.353549 0.198723
v -0.262373 0.353570 0.107725
v -0.296472 0.269656 0.121928
v -0.227754 0.269638 0.224897
v -0.012080 -0.245356 0.015736
v -0.018044 -0.245877 0.010164
v -0.023186 -0.248867 0.012981
v -0.014455 -0.248121 0.021314
v -0.121462 0.474884 0.048750
v -0.131000 0.474885 -0.000414
v -0.184571 0.447097 -0.000375
v -0.170689 0.447097 0.069150
v -0.038065 -0.308524 -0.006964
v -0.043174 -0.306743 -0.009014
v -0.033636 -0.309750 -0.023232
v -0.029708 -0.311163 -0.019383
v 0.324628 0.176222 -0.000242
v 0.299596 0.176202 0.123744
v 0.288880 0.082254 0.119278
v 0.312729 0.082234 -0.000257
v 0.166367 -0.075144 -0.167922
v 0.217128 -0.075143 -0.091617
v 0.157999 -0.132684 -0.067120
v 0.121072 -0.132684 -0.122738
v 0.009969 -0.242052 -0.024098
v 0.007196 -0.239282 -0.020589
v 0.016760 -0.238466 -0.011709
v 0.020696 -0.241181 -0.014197
v 0.030366 -0.309664 -0.023211
v 0.018040 -0.288286 -0.013911
v 0.023954 -0.286437 -0.005216
v 0.039865 -0.306672 -0.009041
v 0.118181 0.474885 -0.050008
v 0.128112 0.474880 -0.000853
v 0.181282 0.447095 -0.000878
v 0.167794 0.447097 -0.070407
v -0.010432 -0.260827 0.019366
v 0.001913 -0.258776 0.022150
v 0.000730 -0.255928 0.026014
v -0.013187 -0.258057 0.022874
v -0.262642 0.353570 0.107074
v -0.283719 0.353570 -0.000277
v -0.320994 0.269656 -0.000228
v -0.296779 0.269656 0.121187
v -0.016815 -0.297820 0.043537
v -0.001695 -0.297199 0.046443
v -0.001700 -0.293828 0.051876
v -0.018780 -0.294531 0.048539
v 0.003498 -0.264382 -0.011162
v -0.001595 -0.264594 -0.012142
v -0.001611 -0.244719 -0.013260
v 0.003113 -0.244715 -0.012314
v 0.165890 -0.075144 0.167141
v 0.089349 -0.075144 0.218144
v 0.065179 -0.132629 0.159101
v 0.120637 -0.132630 0.121979
v -0.041281 -0.305371 0.007895
v -0.038099 -0.302259 0.022582
v -0.043216 -0.299600 0.024662
v -0.046792 -0.303151 0.007901
v -0.041124 -0.305350 0.007725
v -0.037984 -0.308424 -0.006762
v -0.002578 -0.276919 0.004043
v -0.037984 -0.302230 0.022450
v -0.041122 -0.305299 0.007961
v -0.002564 -0.276833 0.004400
v -0.029647 -0.299580 0.034956
v -0.037890 -0.302183 0.022664
v -0.002418 -0.276759 0.004724
v -0.016907 -0.297805 0.043328
v -0.029480 -0.299545 0.035118
v -0.002156 -0.276697 0.004960
v -0.001765 -0.297174 0.046282
v -0.016690 -0.297786 0.043414
v -0.001824 -0.276662 0.005080
v 0.013394 -0.297786 0.043414
v -0.001531 -0.297174 0.046282
v -0.001472 -0.276662 0.005080
v 0.026184 -0.299545 0.035118
v 0.013611 -0.297805 0.043328
v -0.001140 -0.276697 0.004960
v 0.034594 -0.302183 0.022664
v 0.026351 -0.299580 0.034956
v -0.000878 -0.276759 0.004724
v 0.037826 -0.305299 0.007961
v 0.034688 -0.302230 0.022450
v -0.000732 -0.276833 0.004400
v -0.012852 -0.241821 -0.010943
v -0.007684 -0.244435 -0.016310
v -0.013244 -0.245254 -0.021827
v -0.021183 -0.241645 -0.013682
v 0.002788 -0.259965 0.013435
v 0.010735 -0.257978 0.010731
v 0.013510 -0.256144 0.018272
v 0.001989 -0.258787 0.022085
v -0.001595 -0.260449 0.004542
v 0.006318 -0.265425 0.001900
v 0.004343 -0.263752 0.009599
v 0.006208 -0.265364 0.001867
v -0.001613 -0.260445 0.004490
v -0.000827 -0.261490 0.001115
v -0.003626 -0.244188 -0.027273
v -0.005206 -0.241344 -0.023407
v 0.007136 -0.239293 -0.020624
v 0.009904 -0.242060 -0.024132
v -0.000418 -0.247301 -0.018170
v 0.006343 -0.249622 -0.016179
v 0.008307 -0.252644 -0.021768
v -0.002394 -0.249279 -0.024743
v -0.012850 -0.256804 -0.001374
v -0.021591 -0.256223 -0.005161
v -0.016844 -0.258682 -0.011020
v -0.010870 -0.258099 -0.004228
v -0.004021 -0.244846 0.008150
v -0.004408 -0.243953 0.017808
v 0.003507 -0.242059 0.015830
v -0.000453 -0.243733 0.007638
v 0.007536 -0.254596 -0.003040
v 0.002764 -0.251802 -0.001565
v 0.001970 -0.251468 -0.003063
v 0.006352 -0.254337 -0.005998
v 0.000767 -0.245764 0.002127
v 0.002757 -0.242486 0.004984
v 0.003941 -0.241507 0.001062
v 0.001553 -0.244925 0.000105
v -0.006470 -0.245134 -0.005781
v -0.012826 -0.241816 -0.010858
v -0.014809 -0.240136 -0.003136
v -0.007655 -0.244077 -0.002373
v -0.023602 -0.260986 -0.001961
v -0.014867 -0.261538 -0.003033
v -0.012089 -0.262094 0.005436
v -0.020024 -0.261670 0.010358
v 0.015987 -0.256053 0.004439
v 0.017575 -0.254715 -0.003557
v 0.023910 -0.251838 -0.002638
v 0.021536 -0.253601 0.009106
v 0.012730 -0.263940 0.012366
v 0.004396 -0.263765 0.009631
v 0.006386 -0.265450 0.001880
v 0.015500 -0.266183 0.000817
v 0.000320 -0.244977 0.021162
v 0.001127 -0.243936 0.012436
v -0.006431 -0.241365 0.010727
v -0.011187 -0.241334 0.018506
v -0.009683 -0.261598 -0.013620
v -0.010860 -0.258121 -0.004291
v -0.016794 -0.258704 -0.011054
v -0.010806 -0.258135 -0.004279
v -0.009636 -0.261567 -0.013476
v -0.008067 -0.259685 -0.005722
v 0.026355 -0.311073 -0.019227
v 0.034596 -0.308472 -0.006982
v -0.000842 -0.277008 0.003700
v 0.034688 -0.308424 -0.006762
v 0.037828 -0.305350 0.007725
v -0.000718 -0.276919 0.004043
v 0.013617 -0.312848 -0.027601
v 0.026182 -0.311110 -0.019399
v -0.001106 -0.277065 0.003437
v -0.029478 -0.311110 -0.019399
v -0.016913 -0.312848 -0.027601
v -0.002190 -0.277065 0.003437
v -0.037892 -0.308472 -0.006982
v -0.029651 -0.311073 -0.019227
v -0.002454 -0.277008 0.003700
v -0.014425 -0.243699 0.022028
v -0.015994 -0.246555 0.023049
v -0.002860 -0.250505 0.026312
v -0.001291 -0.247624 0.025095
v -0.010840 -0.258088 -0.004203
v -0.008078 -0.254770 -0.001044
v -0.012810 -0.256797 -0.001365
v -0.008045 -0.254768 -0.001053
v -0.010772 -0.258047 -0.004176
v -0.007266 -0.255769 -0.002305
v -0.030422 -0.247573 0.000643
v -0.028448 -0.250979 0.001435
v -0.024862 -0.250948 0.012470
v -0.026437 -0.247589 0.013341
v 0.013917 -0.253144 0.021835
v 0.000802 -0.255916 0.026010
v 0.001977 -0.258762 0.022148
v 0.013523 -0.256116 0.018325
v -0.012825 -0.256785 -0.001325
v -0.007699 -0.254088 0.000291
v -0.012823 -0.256099 0.001745
v -0.007667 -0.254082 0.000266
v -0.012698 -0.256730 -0.001322
v -0.008053 -0.254745 -0.001018
v -0.001265 -0.249324 0.026888
v -0.014815 -0.251385 0.023501
v -0.014418 -0.254759 0.023974
v -0.000472 -0.252620 0.027361
v -0.000819 -0.248137 -0.008325
v 0.001542 -0.249104 -0.007294
v 0.006313 -0.249606 -0.016128
v -0.000412 -0.247294 -0.018110
v 0.007140 -0.255362 0.000624
v 0.002803 -0.251829 -0.001546
v 0.007535 -0.254600 -0.003001
v 0.002774 -0.251819 -0.001522
v 0.007058 -0.255309 0.000624
v 0.002771 -0.252572 0.000239
v 0.000374 -0.245024 0.021228
v -0.001200 -0.247599 0.025051
v 0.010727 -0.252029 0.020955
v 0.011126 -0.249124 0.017485
v -0.007615 -0.257437 0.007031
v -0.005644 -0.254807 0.002613
v -0.004465 -0.258872 0.006679
v -0.004453 -0.255845 0.002542
v -0.004458 -0.258800 0.006582
v -0.005621 -0.254802 0.002585
v 0.016738 -0.261883 0.012775
v 0.012795 -0.263924 0.012380
v 0.015574 -0.266174 0.000796
v 0.019916 -0.264179 -0.000344
v -0.011302 -0.263865 -0.008189
v -0.021255 -0.288147 -0.013866
v -0.027173 -0.286321 -0.005203
v -0.014048 -0.262953 -0.003955
v -0.000442 -0.252306 -0.004868
v -0.002814 -0.256370 -0.008818
v 0.001132 -0.255260 -0.009367
v -0.002818 -0.256319 -0.008748
v -0.000467 -0.252298 -0.004842
v -0.002429 -0.253268 -0.004682
v -0.007698 -0.254086 0.000324
v -0.011642 -0.256024 0.004182
v -0.012820 -0.256096 0.001781
v -0.011501 -0.255958 0.004092
v -0.007647 -0.254064 0.000317
v -0.007266 -0.253830 0.001246
v 0.157571 -0.133052 -0.066943
v 0.088992 -0.184809 -0.038150
v 0.025642 -0.231757 -0.012010
v 0.068166 -0.185009 -0.069828
v 0.120744 -0.133052 -0.122410
v -0.023264 -0.248911 0.012950
v -0.026850 -0.248326 0.001435
v -0.028823 -0.251572 0.000683
v -0.024837 -0.252177 0.013899
v 0.001179 -0.255250 -0.009364
v 0.004326 -0.254556 -0.008182
v 0.001178 -0.251657 -0.004238
v -0.000422 -0.252277 -0.004836
v 0.001141 -0.255191 -0.009278
v 0.001142 -0.251641 -0.004213
v -0.027303 -0.286411 -0.005091
v -0.043218 -0.306642 -0.008903
v -0.046783 -0.303102 0.007770
v -0.029282 -0.284231 0.005191
v -0.001269 0.000272 0.288357
v -0.001307 -0.074628 0.236741
v 0.088895 -0.074628 0.218821
v 0.108692 0.000272 0.266524
v 0.013134 -0.249843 0.023287
v -0.000395 -0.252666 0.027349
v 0.000778 -0.255865 0.026053
v 0.013914 -0.253090 0.021874
v 0.021556 -0.261276 -0.001169
v 0.021951 -0.258044 -0.001832
v 0.019554 -0.255889 0.011111
v 0.018764 -0.259005 0.012327
v 0.015509 -0.266192 0.000742
v 0.006383 -0.265457 0.001816
v 0.003994 -0.265652 -0.006174
v 0.011931 -0.266339 -0.011137
v 0.010345 -0.244568 0.004291
v 0.018001 -0.236470 0.018711
v 0.007598 -0.244553 0.008284
v -0.000461 -0.245883 0.004438
v -0.002446 -0.248669 0.001737
v -0.004031 -0.247798 0.001499
v -0.004027 -0.244540 0.003844
v 0.018776 -0.235869 0.019423
v 0.010450 -0.244512 0.004301
v 0.024802 -0.234890 0.010502
v 0.013575 -0.256101 0.018292
v 0.021549 -0.253577 0.009212
v 0.023122 -0.250453 0.011617
v 0.013975 -0.253131 0.021795
v 0.010754 -0.257965 0.010641
v 0.005180 -0.256543 0.003890
v 0.007164 -0.255387 0.000682
v 0.015904 -0.256075 0.004463
v 0.011166 -0.262835 -0.003863
v 0.010359 -0.244677 -0.005431
v 0.011153 -0.244660 -0.000666
v 0.012336 -0.261765 0.001145
v 0.016795 -0.238466 -0.011651
v 0.020368 -0.239154 0.000691
v 0.024715 -0.241821 -0.000417
v 0.020735 -0.241181 -0.014135
v 0.004388 -0.254561 -0.008193
v 0.009164 -0.254771 -0.016934
v 0.015092 -0.254257 -0.011395
v 0.006364 -0.254347 -0.006056
v -0.059707 0.492997 0.023595
v -0.120922 0.475044 0.048993
v -0.093222 0.475044 0.090557
v -0.046276 0.492997 0.043663
v 0.123483 0.176202 0.300373
v 0.119101 0.082254 0.289634
v 0.220470 0.082234 0.221895
v 0.228787 0.176222 0.230156
v -0.169583 -0.074628 -0.168240
v -0.220838 -0.074628 -0.091793
v -0.268431 0.000272 -0.111586
v -0.206102 0.000272 -0.204713
v 0.158010 -0.132630 0.065952
v 0.217128 -0.075143 0.090359
v 0.166367 -0.075144 0.166664
v 0.121160 -0.132629 0.121455
v 0.170732 -0.133121 -0.001038
v 0.028788 -0.232539 -0.000979
v 0.089280 -0.185035 -0.037927
v 0.157793 -0.133052 -0.066405
v 0.217798 0.405305 -0.091127
v 0.235700 0.405305 -0.000928
v 0.280458 0.354155 -0.000964
v 0.259007 0.354170 -0.108185
v 0.042980 0.492997 0.043663
v 0.089926 0.475044 0.090557
v 0.117638 0.475044 0.048993
v 0.056423 0.492997 0.023595
v -0.296957 0.268875 -0.122520
v -0.302898 0.177028 -0.125010
v -0.327539 0.177028 -0.001036
v -0.321188 0.268875 -0.001029
v 0.265137 0.000272 0.110328
v 0.203208 0.000272 0.203455
v 0.166689 -0.074628 0.166981
v 0.217544 -0.074628 0.090536
v -0.029198 -0.284122 0.005173
v -0.015263 -0.261868 0.001170
v -0.014088 -0.262933 -0.003861
v -0.027224 -0.286294 -0.005078
v -0.008038 -0.243563 -0.005178
v -0.004469 -0.242335 -0.006802
v -0.006065 -0.240158 -0.014628
v -0.013596 -0.242135 -0.011935
v 0.011131 -0.251962 -0.022653
v -0.000418 -0.253849 -0.025720
v -0.001613 -0.250843 -0.028125
v 0.011532 -0.248784 -0.024741
v -0.006455 -0.258076 -0.017056
v -0.002894 -0.256410 -0.008872
v -0.012371 -0.260018 -0.011328
v -0.012278 -0.259983 -0.011232
v -0.002903 -0.256414 -0.008814
v -0.005642 -0.257641 -0.006299
v -0.007254 -0.245568 0.006908
v -0.004059 -0.248488 0.002931
v -0.005249 -0.248654 0.001828
v -0.009613 -0.245783 0.004775
v -0.029641 -0.299590 0.035185
v -0.016901 -0.297826 0.043503
v -0.018876 -0.294540 0.048500
v -0.033566 -0.296553 0.039007
v -0.012053 -0.262094 0.005494
v -0.005682 -0.261510 0.011576
v -0.010456 -0.260859 0.019277
v -0.019987 -0.261669 0.010417
v -0.121298 0.474885 0.049148
v -0.170495 0.447097 0.069618
v -0.131231 0.447097 0.128593
v -0.093510 0.474885 0.090846
v -0.002040 0.081472 0.313535
v -0.121609 0.081472 0.289780
v -0.112101 0.000962 0.266833
v -0.002030 0.000962 0.288690
v 0.117804 0.475044 -0.049852
v 0.056563 0.492997 -0.024515
v 0.061311 0.492994 -0.000825
v 0.127687 0.475046 -0.000854
v -0.131180 0.446821 -0.130516
v -0.071936 0.446821 -0.169995
v -0.092604 0.405720 -0.219276
v -0.168826 0.405720 -0.168268
v -0.001256 0.081472 0.313535
v -0.001266 0.000962 0.288690
v 0.108817 0.000962 0.266833
v 0.118313 0.081476 0.289780
v 0.220358 0.081495 -0.223041
v 0.202917 0.000945 -0.205473
v 0.109523 0.000962 -0.267799
v 0.119037 0.081476 -0.290698
v -0.001241 0.176202 0.325359
v -0.001256 0.082251 0.313702
v 0.118377 0.082254 0.289934
v 0.122730 0.176202 0.300685
v -0.268431 0.000272 0.110328
v -0.220838 -0.074628 0.090535
v -0.169583 -0.074628 0.166982
v -0.206102 0.000272 0.203455
v 0.034766 -0.302242 0.022665
v 0.039882 -0.299580 0.024756
v 0.030355 -0.296569 0.038935
v 0.026411 -0.299603 0.035121
v 0.198270 0.353549 -0.199981
v 0.259089 0.353570 -0.108982
v 0.293176 0.269656 -0.123186
v 0.224458 0.269638 -0.226155
v 0.002746 -0.264217 -0.019823
v -0.008809 -0.260566 -0.022487
v -0.007229 -0.257991 -0.026273
v 0.005898 -0.261912 -0.023252
v 0.030257 -0.296475 0.039008
v 0.017934 -0.280131 0.024490
v 0.009230 -0.278897 0.030304
v 0.015596 -0.294467 0.048475
v -0.020043 -0.261649 0.010452
v -0.010493 -0.260838 0.019331
v -0.013252 -0.258064 0.022840
v -0.023592 -0.258939 0.012939
v 0.018890 -0.231046 -0.020961
v 0.065215 -0.187849 -0.066874
v 0.025147 -0.232068 -0.011895
v 0.024123 -0.233077 -0.011018
v 0.011187 -0.244582 -0.000723
v 0.010386 -0.244618 -0.005443
v 0.007956 -0.257998 0.022334
v 0.004804 -0.260295 0.020603
v 0.012764 -0.263908 0.012438
v 0.016704 -0.261868 0.012834
v -0.004029 -0.252045 -0.027146
v 0.008320 -0.255827 -0.023879
v 0.007533 -0.258953 -0.024312
v -0.005593 -0.255006 -0.027577
v -0.001445 -0.230273 -0.029235
v 0.009294 -0.230514 -0.027126
v 0.003122 -0.244652 -0.012345
v -0.001609 -0.244655 -0.013291
v 0.021936 -0.247887 -0.015211
v 0.011581 -0.248723 -0.024731
v 0.011180 -0.245355 -0.025167
v 0.021940 -0.244479 -0.015168
v -0.012564 -0.236623 0.025839
v -0.006423 -0.244538 0.011087
v -0.001683 -0.244535 0.012036
v -0.001852 -0.236863 0.027944
v 0.003127 -0.244538 0.011088
v 0.009279 -0.236623 0.025839
v -0.001444 -0.236863 0.027944
v -0.001613 -0.244535 0.012036
v 0.003195 -0.244652 -0.012316
v 0.009668 -0.230533 -0.026969
v 0.018588 -0.231172 -0.020991
v 0.007543 -0.244641 -0.009631
v 0.013519 -0.297820 0.043537
v 0.015484 -0.294531 0.048539
v -0.001596 -0.293828 0.051876
v -0.001601 -0.297199 0.046443
v -0.010458 -0.244733 -0.001940
v -0.008075 -0.243577 -0.005149
v -0.013648 -0.242151 -0.011899
v -0.019197 -0.244045 -0.005680
v -0.014205 -0.244512 -0.000575
v -0.028470 -0.234673 0.010257
v -0.088695 -0.187995 0.035065
v -0.030352 -0.233460 -0.000285
v -0.013076 -0.236392 0.026010
v -0.067837 -0.133103 0.158556
v -0.123113 -0.133102 0.121564
v -0.022000 -0.235708 0.019937
v -0.004415 -0.258910 0.006699
v -0.001649 -0.260418 0.004560
v 0.004315 -0.263735 0.009654
v -0.000833 -0.261129 0.015000
v 0.039919 -0.306723 -0.008922
v 0.043503 -0.303169 0.007807
v 0.037982 -0.305391 0.007811
v 0.034803 -0.308507 -0.006881
v -0.028430 -0.232068 -0.011896
v -0.068131 -0.187850 -0.066874
v -0.022186 -0.231046 -0.020961
v 0.011125 -0.260668 0.006365
v 0.010335 -0.244622 0.004242
v 0.007579 -0.244608 0.008265
v 0.007992 -0.259757 0.010635
v 0.007599 -0.244640 -0.009578
v 0.018753 -0.231192 -0.020823
v 0.024941 -0.232269 -0.011716
v 0.010358 -0.244619 -0.005512
v 0.259359 0.353570 -0.108333
v 0.280820 0.353587 -0.000962
v 0.317724 0.269638 -0.001010
v 0.293483 0.269656 -0.122445
v -0.291709 0.081472 -0.121196
v -0.223778 0.081491 -0.222514
v -0.206326 0.000945 -0.204958
v -0.268738 0.000962 -0.111716
v -0.315843 0.081472 -0.000237
v -0.290884 0.000962 -0.000247
v -0.269030 0.000962 0.109753
v -0.292010 0.081472 0.119214
v -0.012000 -0.262083 0.005458
v -0.006043 -0.259034 0.001878
v -0.002870 -0.258724 0.004776
v -0.005653 -0.261500 0.011518
v 0.015458 -0.294455 0.048530
v 0.009105 -0.278887 0.030355
v -0.001591 -0.278449 0.032406
v -0.001574 -0.293754 0.051857
v -0.092560 -0.185029 -0.037926
v -0.031667 -0.232553 -0.000974
v -0.174068 -0.133098 -0.000999
v -0.161077 -0.133052 -0.066405
v -0.001578 -0.289853 -0.021870
v -0.001595 -0.264699 -0.012158
v 0.003510 -0.264486 -0.011177
v 0.009071 -0.289419 -0.019820
v -0.014464 -0.254765 0.023948
v -0.014864 -0.251396 0.023473
v -0.024818 -0.252233 0.013953
v -0.024822 -0.255641 0.013910
v -0.041282 -0.305390 0.007805
v -0.046790 -0.303173 0.007800
v -0.043215 -0.306723 -0.008922
v -0.038099 -0.308507 -0.006881
v -0.001247 0.269656 0.318686
v 0.120287 0.269656 0.294538
v 0.106064 0.353570 0.260295
v -0.001296 0.353570 0.281646
v -0.014079 -0.244585 -0.000716
v -0.027379 -0.233076 -0.011018
v -0.013280 -0.244618 -0.005442
v -0.000848 -0.261111 0.015081
v 0.004694 -0.260292 0.020592
v -0.006017 -0.256308 0.023489
v -0.007611 -0.258289 0.016910
v -0.000058 -0.254643 0.002738
v 0.001140 -0.257778 0.005518
v -0.002827 -0.258698 0.004765
v -0.002430 -0.255361 0.002380
v -0.027625 -0.235271 0.009903
v -0.014082 -0.244589 -0.000539
v -0.013290 -0.244566 0.004180
v -0.016434 -0.247630 -0.023636
v -0.004077 -0.252029 -0.027146
v -0.005652 -0.254994 -0.027578
v -0.018395 -0.250453 -0.023678
v -0.013347 -0.244511 0.004302
v -0.022069 -0.235868 0.019426
v -0.028264 -0.234806 0.010437
v -0.020391 -0.254680 0.009656
v -0.011650 -0.256031 0.004236
v -0.010074 -0.256452 0.006015
v -0.014852 -0.255946 0.014842
v -0.021269 -0.236467 0.018715
v -0.013239 -0.244568 0.004291
v -0.010492 -0.244553 0.008284
v -0.001670 -0.250858 -0.028120
v -0.000477 -0.253862 -0.025720
v -0.012038 -0.256417 -0.022691
v -0.014787 -0.253602 -0.024464
v -0.014445 -0.243640 0.021962
v -0.011288 -0.241332 0.018531
v -0.020449 -0.239246 0.009971
v -0.024397 -0.241357 0.012458
v -0.011250 -0.241316 0.018478
v -0.006485 -0.241348 0.010697
v -0.012444 -0.239921 0.004973
v -0.020391 -0.239234 0.009936
v -0.016065 -0.246595 0.023029
v -0.026035 -0.244300 0.013389
v -0.026414 -0.247540 0.013393
v -0.016861 -0.249722 0.022594
v 0.005153 -0.256525 0.003860
v 0.002791 -0.252601 0.000269
v 0.007129 -0.255374 0.000664
v 0.002757 -0.252592 0.000277
v 0.005096 -0.256485 0.003842
v 0.001567 -0.253608 0.001887
v 0.001128 -0.256163 -0.019066
v 0.001139 -0.255274 -0.009408
v -0.002829 -0.256388 -0.008856
v -0.006402 -0.258061 -0.017088
v -0.023225 -0.248868 0.012921
v -0.018073 -0.245877 0.010116
v -0.020467 -0.245414 0.002358
v -0.026796 -0.248284 0.001453
v -0.027610 -0.258295 -0.000842
v -0.023663 -0.260965 -0.001949
v -0.020079 -0.261649 0.010394
v -0.023629 -0.258940 0.012876
v -0.021248 -0.241660 -0.013696
v -0.013288 -0.245273 -0.021861
v -0.016440 -0.247570 -0.023592
v -0.025188 -0.243700 -0.014092
v 0.018737 -0.258991 0.012383
v 0.019524 -0.255877 0.011170
v 0.010768 -0.252100 0.020961
v 0.009990 -0.255078 0.022373
v -0.014086 -0.260780 0.006301
v -0.015263 -0.261847 0.001268
v -0.029198 -0.284093 0.005308
v -0.027225 -0.281921 0.015520
v -0.027652 -0.249679 -0.012369
v -0.030434 -0.247524 0.000574
v -0.030040 -0.244288 -0.000089
v -0.027257 -0.246560 -0.013585
v 0.016344 -0.254574 -0.013701
v 0.011978 -0.250909 -0.010895
v 0.014372 -0.250824 -0.003655
v 0.019916 -0.254541 -0.002710
v -0.002855 -0.256385 -0.008803
v -0.002460 -0.253307 -0.004701
v -0.005614 -0.257620 -0.006276
v -0.002065 -0.264203 -0.011985
v -0.009612 -0.261632 -0.013694
v -0.008816 -0.260591 -0.022420
v 0.002703 -0.264234 -0.019764
v -0.027173 -0.281894 0.015643
v -0.021252 -0.280052 0.024318
v -0.011297 -0.259862 0.010673
v -0.014048 -0.260761 0.006390
v -0.171089 0.446821 -0.070575
v -0.220285 0.405720 -0.090957
v -0.238525 0.405729 -0.000943
v -0.185005 0.446821 -0.000882
v -0.002837 -0.254716 -0.001544
v -0.002440 -0.254437 -0.000639
v -0.000849 -0.251515 -0.001554
v -0.001246 -0.251751 -0.002499
v 0.021916 -0.247949 -0.015204
v 0.019951 -0.251210 -0.014258
v 0.011183 -0.251954 -0.022625
v 0.011582 -0.248785 -0.024706
v -0.010016 -0.256457 0.006005
v -0.006475 -0.254093 0.002066
v -0.007655 -0.257421 0.007028
v -0.007586 -0.257334 0.006886
v -0.006436 -0.254081 0.002037
v -0.005654 -0.254772 0.002576
v -0.007634 -0.254053 0.000297
v -0.005641 -0.251131 -0.000579
v -0.005257 -0.250852 0.000285
v -0.007249 -0.253817 0.001241
v -0.018023 -0.245864 0.010078
v -0.009670 -0.245772 0.004763
v -0.010856 -0.245516 0.001796
v -0.020406 -0.245400 0.002360
v -0.020483 -0.239241 0.009914
v -0.023666 -0.239386 -0.001990
v -0.028399 -0.241384 -0.000842
v -0.024433 -0.241351 0.012398
v 0.009566 -0.240086 0.010086
v 0.003596 -0.242045 0.015852
v 0.008753 -0.243661 0.021368
v 0.017489 -0.241078 0.012865
v -0.012425 -0.239935 0.004886
v -0.006869 -0.243836 0.001279
v -0.007657 -0.244069 -0.002329
v -0.014805 -0.240129 -0.003074
v 0.002783 -0.259962 0.013370
v 0.001187 -0.257786 0.005545
v 0.005144 -0.256557 0.003920
v 0.010701 -0.257980 0.010676
v -0.006033 -0.248333 0.000298
v -0.005249 -0.248669 0.001799
v -0.003659 -0.251987 0.000805
v -0.004442 -0.251635 -0.000578
v 0.001551 -0.249119 -0.007247
v -0.002033 -0.251507 -0.003269
v -0.001244 -0.251738 -0.002524
v 0.003121 -0.249542 -0.005473
v -0.291709 0.081472 0.119938
v -0.268738 0.000962 0.110458
v -0.206326 0.000945 0.203700
v -0.223778 0.081491 0.221256
v 0.288426 0.081476 0.119939
v 0.220884 0.081495 0.221256
v 0.203432 0.000945 0.203699
v 0.265443 0.000962 0.110459
v 0.165531 0.405720 0.167010
v 0.127884 0.446821 0.129259
v 0.069042 0.446820 0.168736
v 0.089322 0.405720 0.218018
v -0.122333 0.081472 0.289479
v -0.223252 0.081492 0.221783
v -0.205810 0.000945 0.204215
v -0.112806 0.000962 0.266540
v -0.262642 0.353570 -0.108332
v -0.296779 0.269656 -0.122445
v -0.320994 0.269656 -0.001030
v -0.283719 0.353570 -0.000981
v -0.220694 0.405305 -0.091127
v -0.262288 0.354169 -0.108185
v -0.283338 0.354170 -0.000982
v -0.238989 0.405293 -0.000942
v 0.017874 -0.280033 0.024413
v 0.007932 -0.259845 0.010755
v 0.003614 -0.259245 0.013576
v 0.009197 -0.278803 0.030210
v -0.031667 -0.232553 -0.000284
v -0.092561 -0.185029 0.036666
v -0.161077 -0.133052 0.065147
v -0.174068 -0.133098 -0.000259
v 0.127578 0.447097 0.128953
v 0.089909 0.474885 0.091151
v 0.048207 0.474885 0.119029
v 0.068876 0.447097 0.168335
v 0.228787 0.176222 -0.231414
v 0.220470 0.082234 -0.223153
v 0.119101 0.082254 -0.290853
v 0.123483 0.176202 -0.301631
v 0.288426 0.081476 -0.121197
v 0.265443 0.000962 -0.111717
v 0.203432 0.000945 -0.204957
v 0.220884 0.081495 -0.222514
v -0.169139 0.405305 -0.168579
v -0.092773 0.405305 -0.219685
v -0.109840 0.354152 -0.260956
v -0.200772 0.354172 -0.200222
v 0.121028 0.269656 0.294231
v 0.223919 0.269638 0.225436
v 0.197741 0.353549 0.199251
v 0.106714 0.353570 0.260026
v -0.051502 0.474884 0.119029
v -0.093205 0.474885 0.091151
v -0.130873 0.447097 0.128952
v -0.071771 0.447098 0.168335
v -0.002027 0.000272 0.288357
v -0.111976 0.000272 0.266524
v -0.092179 -0.074628 0.218821
v -0.001989 -0.074628 0.236741
v -0.002055 0.177028 0.325381
v -0.002048 0.268876 0.318880
v -0.123258 0.268875 0.294717
v -0.126020 0.177028 0.300705
v -0.109840 0.354153 0.259698
v -0.092773 0.405305 0.218427
v -0.169139 0.405305 0.167321
v -0.200772 0.354172 0.198964
v -0.024476 -0.241394 0.012428
v -0.028448 -0.241426 -0.000830
v -0.030022 -0.244236 -0.000050
v -0.026045 -0.244248 0.013339
v -0.126766 0.176202 -0.301631
v -0.122396 0.082250 -0.290852
v -0.223364 0.082230 -0.223153
v -0.231681 0.176223 -0.231414
v -0.174657 -0.132630 -0.000998
v -0.238521 -0.075144 -0.000966
v -0.220681 -0.075144 -0.090994
v -0.161505 -0.132684 -0.066583
v 0.312569 0.081495 -0.001001
v 0.287599 0.000945 -0.000994
v 0.265734 0.000962 -0.111011
v 0.288726 0.081476 -0.120472
v -0.026462 -0.252943 -0.009939
v -0.030381 -0.247621 0.000396
v -0.027646 -0.249736 -0.012334
v -0.030411 -0.247602 0.000585
v -0.026494 -0.252920 -0.009750
v -0.028451 -0.250986 0.001376
v 0.000782 -0.249291 0.000753
v 0.002753 -0.251795 -0.001530
v 0.002753 -0.252556 0.000242
v 0.002732 -0.251754 -0.001525
v 0.000766 -0.249256 0.000753
v 0.001162 -0.248488 -0.000663
v -0.012704 -0.230261 -0.027427
v -0.067153 -0.133093 -0.160095
v -0.002016 -0.133092 -0.173084
v -0.001852 -0.230018 -0.029561
v -0.012478 -0.239916 0.004916
v -0.014867 -0.240111 -0.003074
v -0.023603 -0.239376 -0.002001
v -0.020426 -0.239229 0.009878
v -0.002089 -0.264192 -0.011929
v -0.004457 -0.261047 -0.005133
v -0.008027 -0.259704 -0.005728
v -0.009607 -0.261629 -0.013630
v -0.001718 -0.289853 -0.021869
v -0.011965 -0.289419 -0.019820
v -0.006805 -0.264486 -0.011177
v -0.001701 -0.264699 -0.012158
v -0.000456 -0.245864 0.004470
v -0.004027 -0.244521 0.003875
v -0.006407 -0.241376 0.010671
v 0.001123 -0.243939 0.012372
v 0.017972 -0.288147 -0.013866
v 0.008021 -0.263866 -0.008191
v 0.011151 -0.262953 -0.003953
v 0.023878 -0.286321 -0.005203
v -0.005625 -0.261501 0.011608
v 0.002724 -0.259979 0.013436
v 0.001917 -0.258802 0.022081
v -0.010390 -0.260850 0.019306
v -0.014846 -0.253615 -0.024430
v -0.012089 -0.256432 -0.022660
v -0.020452 -0.259015 -0.014136
v -0.024393 -0.256324 -0.014573
v -0.020408 -0.245393 0.002296
v -0.010859 -0.245509 0.001751
v -0.010476 -0.244745 -0.001894
v -0.019225 -0.244058 -0.005625
v -0.016993 -0.244062 -0.019410
v -0.026008 -0.249653 -0.012867
v -0.024443 -0.246538 -0.010470
v -0.025898 -0.249627 -0.013008
v -0.016873 -0.244031 -0.019558
v -0.016872 -0.246988 -0.023051
v 0.119037 0.081476 0.289480
v 0.109523 0.000962 0.266541
v 0.202917 0.000945 0.204215
v 0.220358 0.081495 0.221783
v 0.157466 -0.133100 0.065727
v 0.120743 -0.133102 0.121038
v 0.018954 -0.235681 0.019687
v 0.025210 -0.234598 0.010671
v -0.004456 -0.258889 0.006717
v -0.000884 -0.261106 0.015030
v -0.007612 -0.258296 0.016850
v -0.007623 -0.257449 0.007070
v -0.001285 -0.249277 0.026867
v -0.002863 -0.246271 0.024502
v -0.014415 -0.248154 0.021395
v -0.014815 -0.251336 0.023483
v -0.000020 -0.250284 0.001841
v 0.002743 -0.252568 0.000265
v 0.001551 -0.253590 0.001883
v -0.029152 -0.255085 0.000190
v -0.023674 -0.258874 0.012906
v -0.024840 -0.255694 0.013858
v -0.023752 -0.258872 0.012631
v -0.029219 -0.255082 -0.000046
v -0.027654 -0.258246 -0.000829
v -0.002824 -0.247449 -0.028613
v -0.003611 -0.244239 -0.027314
v 0.009940 -0.242109 -0.024166
v 0.011122 -0.245310 -0.025188
v 0.003176 -0.244585 0.011040
v 0.003591 -0.259152 0.013536
v 0.007926 -0.259763 0.010706
v 0.007524 -0.244608 0.008318
v -0.004430 -0.258891 0.006667
v -0.004431 -0.255880 0.002559
v -0.001673 -0.260394 0.004535
v -0.001697 -0.260329 0.004475
v -0.004420 -0.255875 0.002529
v -0.003251 -0.256991 0.001664
v -0.004430 -0.255846 0.002518
v -0.002856 -0.253749 0.000312
v -0.003253 -0.256972 0.001652
v -0.002852 -0.253716 0.000304
v -0.004418 -0.255799 0.002497
v -0.003247 -0.252754 0.001010
v 0.000767 -0.248137 -0.002055
v 0.002728 -0.251738 -0.001545
v 0.001162 -0.248480 -0.000681
v 0.002746 -0.251783 -0.001563
v 0.000780 -0.248172 -0.002073
v 0.001954 -0.251451 -0.003057
v 0.006387 -0.254348 -0.006020
v 0.015129 -0.254256 -0.011336
v 0.017512 -0.254720 -0.003618
v 0.007572 -0.254604 -0.003055
v -0.024430 -0.256335 -0.014511
v -0.020482 -0.259029 -0.014081
v -0.023665 -0.260957 -0.002015
v -0.027610 -0.258289 -0.000914
v 0.021577 -0.253565 0.009158
v 0.023960 -0.251797 -0.002634
v 0.025928 -0.248558 -0.001883
v 0.023151 -0.250444 0.011554
v -0.002841 -0.257842 0.000143
v -0.000888 -0.261400 0.001085
v -0.003234 -0.257015 0.001633
v -0.000855 -0.261465 0.001110
v -0.001650 -0.260411 0.004506
v -0.003230 -0.257024 0.001662
v -0.003242 -0.256987 0.001634
v -0.002448 -0.254478 -0.000611
v -0.002845 -0.257822 0.000138
v -0.002447 -0.254443 -0.000614
v -0.003236 -0.256937 0.001618
v -0.002842 -0.253732 0.000288
v -0.004043 -0.254332 -0.003375
v -0.004044 -0.250881 -0.002024
v -0.004441 -0.251647 -0.000600
v -0.004441 -0.255170 -0.001357
v -0.002865 -0.247516 -0.028615
v -0.001690 -0.250802 -0.028145
v -0.014826 -0.253548 -0.024479
v -0.016395 -0.250335 -0.024558
v 0.008371 -0.252700 -0.021785
v 0.016349 -0.254615 -0.013777
v 0.017919 -0.257967 -0.014644
v 0.008374 -0.255788 -0.023828
v -0.002840 -0.254732 -0.001535
v -0.002840 -0.257769 0.000105
v -0.002445 -0.254453 -0.000635
v -0.002847 -0.257830 0.000114
v -0.002846 -0.254765 -0.001539
v -0.003244 -0.258115 -0.001539
v 0.001187 -0.243958 0.012434
v 0.000388 -0.245002 0.021166
v 0.011118 -0.249095 0.017432
v 0.008333 -0.246871 0.009850
v -0.028457 -0.241445 -0.000896
v -0.027285 -0.246461 -0.013372
v -0.030024 -0.244240 -0.000101
v -0.027230 -0.246495 -0.013603
v -0.028393 -0.241481 -0.001159
v -0.025270 -0.243727 -0.014034
v -0.000428 -0.241418 -0.006008
v -0.000832 -0.244755 -0.003628
v 0.000754 -0.244549 -0.002081
v 0.002739 -0.241105 -0.003116
v -0.027614 -0.249763 -0.012387
v -0.019768 -0.256367 -0.018579
v -0.026431 -0.252972 -0.009989
v -0.019661 -0.256411 -0.018718
v -0.027517 -0.249800 -0.012518
v -0.019277 -0.253519 -0.022173
v 0.003935 -0.241501 0.001015
v 0.002756 -0.241105 -0.003089
v 0.000777 -0.244532 -0.002063
v 0.003906 -0.241548 0.001017
v 0.000775 -0.244550 -0.002040
v 0.001553 -0.244918 0.000082
v -0.006022 -0.259011 0.001858
v -0.004038 -0.255571 0.000823
v -0.002451 -0.255365 0.002370
v -0.002855 -0.258702 0.004750
v 0.000750 -0.248113 -0.002075
v 0.000749 -0.244570 -0.002077
v -0.000833 -0.244776 -0.003620
v -0.000433 -0.248275 -0.003104
v -0.109997 0.353570 -0.261284
v -0.123923 0.269656 -0.295490
v -0.227214 0.269638 -0.226694
v -0.201037 0.353549 -0.200509
v 0.016309 -0.254568 -0.013758
v 0.008364 -0.252660 -0.021734
v 0.006392 -0.249638 -0.016154
v 0.011950 -0.250905 -0.010940
v 0.000760 -0.245825 0.002100
v 0.001156 -0.248471 -0.000650
v 0.000760 -0.249238 0.000766
v 0.001160 -0.248441 -0.000651
v 0.000763 -0.245782 0.002109
v 0.001545 -0.244946 0.000099
v -0.000824 -0.246899 0.003379
v 0.000747 -0.249254 0.000786
v -0.000046 -0.250231 0.001849
v 0.000749 -0.249224 0.000791
v -0.000827 -0.246856 0.003394
v 0.000748 -0.245796 0.002133
v 0.017531 -0.241065 0.012809
v 0.020306 -0.239141 0.000769
v 0.011586 -0.238590 0.001840
v 0.009596 -0.240072 0.010031
v -0.000817 -0.246830 0.003406
v 0.002704 -0.242554 0.004965
v 0.000753 -0.245775 0.002146
v -0.000845 -0.251508 -0.001534
v -0.002812 -0.253681 0.000274
v -0.000449 -0.250835 -0.000237
v -0.002834 -0.253717 0.000277
v -0.000873 -0.251551 -0.001525
v -0.002440 -0.254429 -0.000625
v 0.043483 -0.303064 0.007922
v 0.026391 -0.284209 0.005336
v 0.024009 -0.282024 0.015570
v 0.039920 -0.299526 0.024624
v -0.000452 -0.250822 -0.000218
v -0.003210 -0.252701 0.001002
v -0.001246 -0.249812 0.001044
v -0.064584 0.492997 -0.000812
v -0.059847 0.492997 -0.024515
v -0.121086 0.475044 -0.049851
v -0.130593 0.475044 -0.000845
v 0.068575 0.446821 0.168930
v -0.001395 0.446821 0.182805
v -0.001334 0.405729 0.236175
v 0.088769 0.405720 0.218247
v -0.071469 0.446821 -0.170188
v -0.001901 0.446821 -0.184063
v -0.001962 0.405729 -0.237433
v -0.092051 0.405720 -0.219505
v 0.022237 0.492997 -0.058752
v 0.047651 0.475044 -0.120075
v -0.001432 0.475044 -0.129813
v -0.001465 0.492997 -0.063453
v 0.235241 -0.075141 -0.000962
v 0.171383 -0.132604 -0.001037
v 0.158220 -0.132684 -0.066583
v 0.217385 -0.075143 -0.090995
v -0.170896 0.446821 -0.071041
v -0.131537 0.446821 -0.130159
v -0.169248 0.405720 -0.167844
v -0.220055 0.405720 -0.091510
v 0.118313 0.081476 -0.290998
v 0.108817 0.000962 -0.268091
v -0.001266 0.000962 -0.289948
v -0.001256 0.081472 -0.314794
v 0.027456 -0.233459 -0.000978
v 0.011322 -0.244491 -0.000686
v 0.025249 -0.232190 -0.011486
v 0.085381 -0.187949 -0.036304
v 0.061311 0.492994 -0.000433
v 0.056563 0.492997 0.023257
v 0.117804 0.475044 0.048594
v 0.127687 0.475046 -0.000404
v -0.068061 -0.132629 0.159100
v -0.092631 -0.075143 0.218144
v -0.168784 -0.075144 0.167142
v -0.123530 -0.132630 0.121979
v 0.015980 -0.264174 -0.013686
v 0.017549 -0.261320 -0.014597
v 0.021538 -0.261328 -0.001208
v 0.019964 -0.264142 -0.000428
v 0.026295 -0.284083 0.005315
v 0.012373 -0.261854 0.001280
v 0.011193 -0.260777 0.006301
v 0.023932 -0.281921 0.015521
v 0.048207 0.474885 -0.120287
v 0.089909 0.474885 -0.092409
v 0.127578 0.447097 -0.130211
v 0.068876 0.447097 -0.169593
v -0.051103 0.474884 0.119194
v -0.071303 0.447097 0.168530
v -0.001902 0.447097 0.182371
v -0.001864 0.474885 0.128963
v 0.120363 0.268875 -0.295975
v 0.122739 0.177028 -0.301963
v -0.001241 0.177028 -0.326639
v -0.001248 0.268876 -0.320138
v -0.050947 0.475044 -0.120075
v -0.025533 0.492997 -0.058752
v -0.001831 0.492997 -0.063453
v -0.001864 0.475044 -0.129813
v -0.001572 -0.312417 -0.036133
v -0.001578 -0.289979 -0.021934
v 0.009102 -0.289544 -0.019877
v 0.015457 -0.311712 -0.032846
v -0.046276 0.492997 -0.044921
v -0.093222 0.475044 -0.091815
v -0.120922 0.475044 -0.050251
v -0.059707 0.492997 -0.024853
v 0.157748 -0.133100 0.065042
v 0.025028 -0.234511 0.010315
v 0.010396 -0.244566 0.004181
v 0.011405 -0.244399 -0.000256
v 0.170706 -0.133135 -0.000195
v -0.092009 -0.075144 0.218402
v -0.067377 -0.132629 0.159384
v -0.002019 -0.132629 0.172418
v -0.001985 -0.075144 0.236289
v 0.324628 0.176222 -0.001016
v 0.312729 0.082234 -0.001001
v 0.288880 0.082254 -0.120536
v 0.299596 0.176202 -0.125002
v -0.001524 -0.313476 -0.030599
v 0.013389 -0.312868 -0.027694
v -0.001458 -0.277094 0.003297
v -0.016685 -0.312868 -0.027694
v -0.001772 -0.313476 -0.030599
v -0.001838 -0.277094 0.003297
v -0.005643 -0.251865 -0.001553
v -0.007986 -0.254693 -0.001049
v -0.005259 -0.252828 -0.002261
v -0.000461 -0.252272 -0.004822
v -0.003227 -0.249903 -0.003128
v -0.002433 -0.253251 -0.004665
v -0.003227 -0.249871 -0.003117
v -0.000467 -0.252234 -0.004808
v -0.001654 -0.248941 -0.003471
v 0.001140 -0.251618 -0.004191
v -0.001622 -0.248965 -0.003482
v -0.000433 -0.252261 -0.004821
v -0.001629 -0.248929 -0.003468
v 0.001122 -0.251569 -0.004173
v -0.000443 -0.248299 -0.003114
v -0.043154 -0.299495 0.024769
v -0.033647 -0.296498 0.038905
v -0.021312 -0.280151 0.024395
v -0.027251 -0.281998 0.015692
v 0.317724 0.269638 -0.000248
v 0.280820 0.353587 -0.000296
v 0.259359 0.353570 0.107075
v 0.293483 0.269656 0.121187
v 0.003910 -0.265629 -0.006196
v -0.001648 -0.261730 -0.002575
v -0.004419 -0.261059 -0.005114
v -0.002037 -0.264206 -0.011897
v 0.019905 -0.251253 -0.014238
v 0.015150 -0.254242 -0.011421
v 0.009185 -0.254760 -0.016994
v 0.011173 -0.251996 -0.022571
v 0.007904 -0.263761 -0.008269
v 0.003596 -0.264374 -0.011123
v 0.003182 -0.244715 -0.012287
v 0.007518 -0.244712 -0.009610
v -0.001695 -0.258932 0.014593
v -0.001678 -0.244580 0.012010
v -0.006416 -0.244584 0.011062
v -0.006799 -0.259144 0.013572
v 0.019916 -0.264184 -0.000415
v 0.015572 -0.266181 0.000731
v 0.011988 -0.266327 -0.011172
v 0.015937 -0.264217 -0.013656
v -0.001851 -0.236652 0.028299
v -0.002020 -0.133104 0.171829
v -0.067151 -0.133103 0.158841
v -0.012703 -0.236409 0.026167
v -0.006035 -0.248327 0.000279
v -0.004445 -0.251628 -0.000595
v -0.004048 -0.250862 -0.002019
v -0.005638 -0.247560 -0.001501
v -0.000456 -0.252670 0.027355
v -0.014406 -0.254810 0.023969
v -0.013223 -0.258006 0.022909
v 0.000713 -0.255877 0.026056
v 0.009738 -0.254986 0.022472
v -0.001231 -0.247659 0.025097
v -0.002807 -0.250528 0.026314
v -0.000983 -0.247740 0.025014
v 0.009941 -0.255050 0.022404
v 0.010718 -0.252079 0.020994
v -0.008056 -0.259667 -0.005689
v -0.007271 -0.255798 -0.002332
v -0.010815 -0.258105 -0.004229
v -0.007241 -0.255795 -0.002328
v -0.008013 -0.259619 -0.005644
v -0.006055 -0.256886 -0.002992
v -0.006045 -0.256869 -0.002983
v -0.004469 -0.253832 -0.002511
v -0.007234 -0.255771 -0.002314
v -0.005248 -0.252845 -0.002271
v -0.007209 -0.255727 -0.002310
v -0.004458 -0.253800 -0.002506
v 0.016588 -0.261745 0.013022
v 0.009958 -0.255149 0.022383
v 0.007998 -0.257953 0.022349
v 0.010136 -0.255219 0.022190
v 0.016763 -0.261812 0.012833
v 0.018710 -0.259048 0.012399
v 0.007548 -0.244553 0.008333
v 0.018489 -0.235901 0.019719
v 0.009655 -0.236604 0.025685
v 0.003192 -0.244538 0.011061
v -0.004408 -0.253756 -0.002527
v -0.002065 -0.251511 -0.003271
v -0.002842 -0.250808 -0.003821
v -0.003653 -0.254481 -0.002234
v -0.002089 -0.251560 -0.003252
v -0.004428 -0.253802 -0.002509
v 0.000772 -0.248184 -0.002097
v 0.001166 -0.251609 -0.004172
v 0.001944 -0.251450 -0.003074
v -0.000427 -0.248294 -0.003105
v 0.001145 -0.251570 -0.004165
v 0.000749 -0.248134 -0.002084
v -0.002856 -0.254765 -0.001556
v -0.004430 -0.257759 -0.002737
v -0.003253 -0.258114 -0.001556
v -0.004418 -0.257699 -0.002731
v -0.002857 -0.254733 -0.001559
v -0.003646 -0.254504 -0.002225
v -0.220694 0.405305 0.089869
v -0.238989 0.405293 -0.000316
v -0.283338 0.354170 -0.000276
v -0.262288 0.354169 0.106927
v -0.014451 -0.254816 0.023944
v -0.024813 -0.255693 0.013903
v -0.023632 -0.258889 0.012963
v -0.013281 -0.258014 0.022878
v -0.004449 -0.257751 -0.002749
v -0.003668 -0.254526 -0.002236
v -0.006024 -0.256884 -0.002985
v -0.006001 -0.256830 -0.002976
v -0.003664 -0.254495 -0.002234
v -0.004441 -0.253815 -0.002508
v -0.002824 -0.245495 -0.003984
v -0.000454 -0.248252 -0.003116
v -0.000851 -0.244780 -0.003629
v -0.000456 -0.248283 -0.003115
v -0.002813 -0.245544 -0.003977
v -0.001643 -0.248913 -0.003468
v 0.017565 -0.261272 -0.014604
v 0.017962 -0.258028 -0.014604
v 0.021949 -0.258044 -0.001889
v 0.021554 -0.261280 -0.001219
v -0.007235 -0.258614 -0.002289
v -0.004449 -0.255198 -0.001339
v -0.004049 -0.255570 0.000802
v -0.006039 -0.259011 0.001831
v -0.019263 -0.253468 -0.022219
v -0.027623 -0.249691 -0.012427
v -0.027229 -0.246573 -0.013641
v -0.018474 -0.250490 -0.023631
v -0.006831 -0.243862 0.001297
v -0.004052 -0.244532 0.003832
v -0.004049 -0.247791 0.001490
v -0.005246 -0.247434 0.000302
v -0.026042 -0.253113 -0.014080
v -0.024473 -0.256285 -0.014513
v -0.027656 -0.258239 -0.000894
v -0.029225 -0.255068 -0.000110
v -0.004823 -0.246516 -0.003155
v -0.001671 -0.248895 -0.003470
v -0.002850 -0.245507 -0.003983
v -0.001669 -0.248925 -0.003465
v -0.004813 -0.246555 -0.003151
v -0.003243 -0.249855 -0.003111
v -0.004431 -0.242395 -0.006735
v -0.004828 -0.246490 -0.003169
v -0.002859 -0.245487 -0.003992
v -0.004463 -0.242356 -0.006767
v -0.008018 -0.243579 -0.005149
v -0.004859 -0.246484 -0.003173
v 0.009509 -0.240091 0.010054
v 0.002760 -0.242478 0.005041
v -0.000409 -0.243718 0.007618
v 0.003561 -0.242044 0.015799
v -0.005624 -0.255063 -0.027569
v 0.007510 -0.259013 -0.024307
v 0.005941 -0.261869 -0.023286
v -0.007205 -0.257944 -0.026314
v 0.018312 -0.252556 0.008696
v 0.013161 -0.249361 0.003931
v 0.008381 -0.246893 0.009817
v 0.011168 -0.249115 0.017383
v 0.002786 -0.247470 0.002970
v 0.008349 -0.246886 0.009762
v 0.013107 -0.249345 0.003903
v 0.004368 -0.248764 0.000116
v -0.003259 -0.249870 -0.003098
v -0.005606 -0.247594 -0.001527
v -0.004041 -0.250850 -0.002034
v -0.070747 -0.184811 -0.069915
v -0.123226 -0.133052 -0.122822
v -0.067833 -0.133093 -0.159813
v -0.013080 -0.230278 -0.027272
v -0.022017 -0.231028 -0.021127
v 0.012336 -0.261740 0.001264
v 0.011153 -0.244659 -0.000583
v 0.010359 -0.244623 0.004183
v 0.011166 -0.260686 0.006276
v 0.002713 -0.238623 -0.012807
v -0.006001 -0.240145 -0.014629
v -0.004424 -0.242322 -0.006808
v -0.000452 -0.241403 -0.006054
v -0.004445 -0.253787 -0.002511
v -0.002879 -0.250838 -0.003804
v -0.005235 -0.252832 -0.002276
v -0.005224 -0.252795 -0.002290
v -0.002860 -0.250793 -0.003824
v -0.004037 -0.249738 -0.003785
v -0.022250 -0.235681 0.019687
v -0.123638 -0.133102 0.121039
v -0.160853 -0.133052 0.065684
v -0.092264 -0.184809 0.036908
v -0.028467 -0.234662 0.010520
v 0.165844 0.405305 0.167321
v 0.089489 0.405305 0.218427
v 0.106556 0.354153 0.259698
v 0.197476 0.354172 0.198964
v 0.299284 0.176202 0.124497
v 0.229334 0.176223 0.229608
v 0.220996 0.082234 0.221369
v 0.288581 0.082254 0.120002
v -0.014467 -0.248162 0.021367
v -0.023233 -0.248911 0.013000
v -0.024803 -0.252171 0.013946
v -0.014865 -0.251336 0.023449
v 0.068575 0.446821 -0.170188
v 0.088769 0.405720 -0.219505
v -0.001334 0.405729 -0.237433
v -0.001395 0.446821 -0.184063
v 0.128242 0.446821 -0.130160
v 0.168002 0.446820 -0.071041
v 0.217161 0.405720 -0.091510
v 0.165954 0.405720 -0.167845
v 0.217390 0.405720 -0.090957
v 0.168195 0.446820 -0.070574
v 0.181707 0.446824 -0.000877
v 0.235258 0.405720 -0.000928
v 0.217161 0.405720 0.090252
v 0.168002 0.446820 0.069783
v 0.128242 0.446821 0.128902
v 0.165954 0.405720 0.166587
v 0.166689 -0.074628 -0.168239
v 0.203208 0.000272 -0.204713
v 0.265137 0.000272 -0.111586
v 0.217544 -0.074628 -0.091794
v -0.171089 0.446821 0.069317
v -0.185005 0.446821 -0.000376
v -0.238525 0.405729 -0.000315
v -0.220285 0.405720 0.089699
v 0.026345 -0.299590 0.035185
v 0.030282 -0.296553 0.039007
v 0.015580 -0.294540 0.048500
v 0.013605 -0.297826 0.043503
v -0.122333 0.081472 -0.290698
v -0.112806 0.000962 -0.267798
v -0.205810 0.000945 -0.205473
v -0.223252 0.081492 -0.223041
v -0.001597 -0.312494 -0.036129
v 0.015482 -0.311787 -0.032831
v 0.013521 -0.312946 -0.027800
v -0.001602 -0.313563 -0.030746
v 0.056225 0.493067 0.023117
v 0.060919 0.493068 -0.000433
v -0.000456 0.500006 -0.000392
v 0.042722 0.493067 0.043405
v 0.056084 0.493067 0.023455
v -0.000637 0.500006 0.000045
v 0.088726 -0.075144 -0.219660
v 0.064496 -0.132631 -0.160639
v -0.001281 -0.132631 -0.173675
v -0.001311 -0.075144 -0.237547
v 0.022435 0.493067 0.057016
v 0.042462 0.493067 0.043663
v -0.000975 0.500006 0.000377
v 0.088938 0.405305 0.218656
v -0.001334 0.405293 0.236639
v -0.001294 0.354170 0.281264
v 0.105916 0.354170 0.259942
v -0.001465 0.493067 0.061829
v 0.022097 0.493067 0.057156
v -0.001411 0.500006 0.000560
v -0.112675 0.000273 -0.267492
v -0.092808 -0.074628 -0.219818
v -0.169101 -0.074628 -0.168722
v -0.205567 0.000273 -0.205249
v 0.166207 -0.074627 -0.168722
v 0.089525 -0.074628 -0.219818
v 0.109392 0.000272 -0.267492
v 0.202673 0.000272 -0.205248
v -0.025393 0.493067 0.057156
v -0.001831 0.493067 0.061829
v -0.001885 0.500006 0.000560
v 0.089926 0.475044 -0.091815
v 0.042980 0.492997 -0.044921
v 0.056423 0.492997 -0.024853
v 0.117638 0.475044 -0.050251
v 0.165890 -0.075144 -0.168399
v 0.120662 -0.132684 -0.123149
v 0.065175 -0.132631 -0.160358
v 0.089349 -0.075144 -0.219402
v -0.296957 0.268875 0.121262
v -0.321188 0.268875 -0.000229
v -0.327539 0.177028 -0.000222
v -0.302898 0.177028 0.123752
v 0.106064 0.353570 -0.261553
v 0.120287 0.269656 -0.295796
v -0.001247 0.269656 -0.319944
v -0.001296 0.353570 -0.282904
v -0.045758 0.493067 0.043663
v -0.025731 0.493067 0.057016
v -0.002321 0.500006 0.000377
v -0.002040 0.081472 -0.314794
v -0.002030 0.000962 -0.289948
v -0.112101 0.000962 -0.268091
v -0.121609 0.081472 -0.290998
v 0.022575 0.492997 -0.058612
v 0.042721 0.492997 -0.045180
v 0.089620 0.475044 -0.092121
v 0.048051 0.475044 -0.119910
v -0.059369 0.493067 0.023455
v -0.046018 0.493067 0.043405
v -0.002659 0.500006 0.000045
v -0.016877 -0.258675 -0.011075
v -0.021644 -0.256207 -0.005189
v -0.026396 -0.253012 -0.009953
v -0.019651 -0.256453 -0.018641
v -0.121462 0.474884 -0.050008
v -0.170689 0.447097 -0.070408
v -0.184571 0.447097 -0.000883
v -0.131000 0.474885 -0.000844
v -0.126766 0.176202 0.300373
v -0.231681 0.176223 0.230156
v -0.223364 0.082230 0.221895
v -0.122396 0.082250 0.289634
v -0.064219 0.493067 -0.000446
v -0.059509 0.493067 0.023117
v -0.002840 0.500006 -0.000392
v 0.037981 -0.305375 0.007890
v 0.043504 -0.303150 0.007894
v 0.039920 -0.299600 0.024662
v 0.034803 -0.302259 0.022582
v -0.064584 0.492997 -0.000446
v -0.130593 0.475044 -0.000413
v -0.121086 0.475044 0.048593
v -0.059847 0.492997 0.023257
v 0.009199 -0.289408 -0.019767
v 0.003608 -0.264478 -0.011137
v 0.007929 -0.263884 -0.008278
v 0.017861 -0.288171 -0.013976
v -0.059509 0.493067 -0.024375
v -0.064219 0.493067 -0.000812
v -0.002840 0.500006 -0.000866
v -0.161282 -0.132684 -0.067119
v -0.220422 -0.075144 -0.091617
v -0.169261 -0.075144 -0.167923
v -0.123966 -0.132684 -0.122739
v -0.046018 0.493067 -0.044663
v -0.059369 0.493067 -0.024713
v -0.002659 0.500006 -0.001304
v 0.022575 0.492997 0.057354
v 0.048051 0.475044 0.118652
v 0.089620 0.475044 0.090863
v 0.042721 0.492997 0.043922
v -0.002002 0.354170 0.281264
v -0.001962 0.405293 0.236639
v -0.092222 0.405305 0.218656
v -0.109200 0.354169 0.259942
v 0.090214 0.474885 -0.092104
v 0.118016 0.474885 -0.050406
v 0.167600 0.447097 -0.070876
v 0.127936 0.447097 -0.129852
v 0.165844 0.405305 -0.168580
v 0.197476 0.354172 -0.200222
v 0.106556 0.354152 -0.260956
v 0.089489 0.405305 -0.219685
v -0.302586 0.177028 0.124505
v -0.232244 0.177008 0.229623
v -0.227883 0.268895 0.225028
v -0.296651 0.268875 0.122001
v -0.071469 0.446821 0.168930
v -0.092051 0.405720 0.218247
v -0.001962 0.405729 0.236175
v -0.001901 0.446821 0.182805
v -0.201566 0.353549 -0.199981
v -0.227754 0.269638 -0.226155
v -0.296472 0.269656 -0.123186
v -0.262373 0.353570 -0.108983
v -0.001699 -0.312494 -0.036129
v -0.001694 -0.313563 -0.030746
v -0.016817 -0.312946 -0.027800
v -0.018778 -0.311787 -0.032831
v -0.002000 0.353570 -0.282904
v -0.002049 0.269656 -0.319944
v -0.123182 0.269656 -0.295796
v -0.109347 0.353570 -0.261553
v 0.122730 0.176202 -0.301943
v 0.118377 0.082254 -0.291152
v -0.001256 0.082250 -0.314961
v -0.001241 0.176202 -0.326617
v -0.292164 0.082250 0.119278
v -0.302878 0.176202 0.123744
v -0.327518 0.176202 -0.000222
v -0.316010 0.082250 -0.000237
v 0.171397 -0.132587 -0.000196
v 0.235241 -0.075141 -0.000296
v 0.217385 -0.075143 0.089737
v 0.158292 -0.132630 0.065269
v -0.001465 0.492997 0.062195
v -0.001432 0.475044 0.128555
v 0.047651 0.475044 0.118817
v 0.022237 0.492997 0.057494
v -0.001962 0.405293 -0.237897
v -0.002002 0.354169 -0.282522
v -0.109200 0.354169 -0.261200
v -0.092222 0.405305 -0.219914
v -0.302566 0.176202 0.124497
v -0.291864 0.082250 0.120002
v -0.223890 0.082230 0.221369
v -0.232228 0.176222 0.229609
v 0.312569 0.081495 -0.000257
v 0.288726 0.081476 0.119214
v 0.265734 0.000962 0.109753
v 0.287599 0.000945 -0.000264
v 0.258762 0.354153 0.107567
v 0.217569 0.405305 0.090420
v 0.166266 0.405305 0.166900
v 0.197982 0.354172 0.198459
v -0.000827 -0.261499 0.001071
v -0.001627 -0.261732 -0.002537
v 0.003941 -0.265633 -0.006144
v 0.006321 -0.265438 0.001815
v 0.181282 0.447095 -0.000380
v 0.128112 0.474880 -0.000405
v 0.118181 0.474885 0.048750
v 0.167794 0.447097 0.069149
v 0.088895 -0.074628 -0.220079
v -0.001307 -0.074628 -0.237999
v -0.001269 0.000272 -0.289615
v 0.108692 0.000272 -0.267782
v -0.013682 -0.242153 -0.011955
v -0.016856 -0.243990 -0.019480
v -0.024402 -0.246502 -0.010433
v -0.019252 -0.244054 -0.005713
v -0.092916 0.475044 -0.092121
v -0.046017 0.492997 -0.045180
v -0.025871 0.492997 -0.058612
v -0.051347 0.475044 -0.119910
v 0.060919 0.493068 -0.000825
v 0.056225 0.493067 -0.024375
v -0.000456 0.500006 -0.000866
v 0.056084 0.493067 -0.024713
v 0.042722 0.493067 -0.044663
v -0.000637 0.500006 -0.001303
v -0.121298 0.474885 -0.050406
v -0.093510 0.474885 -0.092104
v -0.131231 0.447097 -0.129851
v -0.170495 0.447097 -0.070876
v 0.042462 0.493067 -0.044922
v 0.022435 0.493067 -0.058274
v -0.000975 0.500006 -0.001635
v 0.022097 0.493067 -0.058414
v -0.001465 0.493067 -0.063087
v -0.001411 0.500006 -0.001818
v -0.001831 0.493067 -0.063087
v -0.025393 0.493067 -0.058414
v -0.001885 0.500006 -0.001818
v 0.120363 0.268875 0.294717
v -0.001248 0.268876 0.318880
v -0.001241 0.177028 0.325381
v 0.122739 0.177028 0.300705
v -0.025731 0.493067 -0.058274
v -0.045758 0.493067 -0.044922
v -0.002321 0.500006 -0.001635
v 0.224588 0.268895 0.225028
v 0.229348 0.177007 0.229623
v 0.299304 0.177028 0.124505
v 0.293355 0.268875 0.122001
v -0.001724 -0.312417 -0.036133
v -0.018752 -0.311712 -0.032846
v -0.011996 -0.289544 -0.019878
v -0.001718 -0.289979 -0.021933
v -0.004065 -0.244509 0.003856
v -0.006848 -0.243838 0.001317
v -0.012394 -0.239939 0.004938
v -0.006459 -0.241362 0.010639
v 0.217390 0.405720 0.089699
v 0.235258 0.405720 -0.000330
v 0.181707 0.446824 -0.000381
v 0.168195 0.446820 0.069316
v -0.018893 -0.311700 -0.032789
v -0.033534 -0.309688 -0.023325
v -0.021210 -0.288309 -0.014021
v -0.012126 -0.289533 -0.019826
v -0.220464 0.405306 -0.091679
v -0.169560 0.405305 -0.168157
v -0.201278 0.354172 -0.199717
v -0.262044 0.354152 -0.108825
v 0.011953 -0.266322 -0.011229
v 0.002804 -0.264236 -0.019788
v 0.005961 -0.261928 -0.023220
v 0.015901 -0.264211 -0.013716
v 0.003960 -0.265647 -0.006231
v -0.002011 -0.264220 -0.011955
v 0.002766 -0.264252 -0.019736
v 0.011895 -0.266334 -0.011194
v -0.018873 -0.311779 -0.032794
v -0.016901 -0.312939 -0.027766
v -0.029644 -0.311176 -0.019446
v -0.033562 -0.309765 -0.023302
v -0.006887 -0.259152 0.013536
v -0.006471 -0.244584 0.011039
v -0.010420 -0.244607 0.008319
v -0.011209 -0.259763 0.010706
v -0.046782 -0.303069 0.007918
v -0.043216 -0.299526 0.024624
v -0.027302 -0.282024 0.015569
v -0.029283 -0.284203 0.005326
v 0.009138 -0.238037 -0.006663
v 0.002785 -0.241083 -0.003097
v 0.003971 -0.241479 0.001030
v 0.011519 -0.238592 0.001775
v 0.016378 -0.254620 -0.013728
v 0.019964 -0.254589 -0.002693
v 0.021938 -0.257995 -0.001901
v 0.017954 -0.257979 -0.014598
v -0.010476 -0.244711 -0.009548
v -0.011275 -0.263742 -0.008180
v -0.014019 -0.262855 -0.003957
v -0.013227 -0.244677 -0.005495
v -0.000853 -0.261474 0.001072
v -0.002841 -0.257850 0.000123
v -0.003240 -0.258134 -0.001541
v -0.001651 -0.261708 -0.002531
v -0.021213 -0.241628 -0.013624
v -0.023595 -0.239385 -0.002074
v -0.014870 -0.240118 -0.003138
v -0.012880 -0.241803 -0.010889
v -0.004430 -0.253581 0.025869
v -0.006003 -0.256275 0.023541
v 0.004755 -0.260273 0.020633
v 0.007911 -0.257976 0.022367
v -0.004066 -0.244857 0.008148
v -0.007241 -0.245553 0.006958
v -0.011999 -0.245337 0.015710
v -0.004472 -0.243966 0.017811
v -0.016819 -0.252882 0.020555
v -0.006058 -0.256256 0.023542
v -0.004480 -0.253565 0.025868
v -0.016822 -0.249787 0.022603
v -0.005598 -0.261493 0.011550
v -0.002830 -0.258717 0.004796
v 0.001141 -0.257798 0.005550
v 0.002719 -0.259975 0.013371
v -0.000829 -0.248147 -0.008286
v -0.002021 -0.251475 -0.003325
v 0.001520 -0.249111 -0.007263
v -0.002060 -0.251487 -0.003295
v -0.000899 -0.248235 -0.008143
v -0.002830 -0.250796 -0.003834
v -0.030433 -0.247524 0.000631
v -0.026445 -0.247540 0.013346
v -0.026060 -0.244296 0.013346
v -0.030038 -0.244284 -0.000038
v 0.011134 -0.245361 -0.025192
v 0.011532 -0.248736 -0.024759
v -0.001631 -0.250796 -0.028146
v -0.002808 -0.247500 -0.028619
v -0.006087 -0.248291 0.000288
v -0.010436 -0.244759 -0.001881
v -0.010819 -0.245520 0.001744
v -0.005655 -0.247544 -0.001497
v -0.010355 -0.244806 -0.001883
v -0.006052 -0.248304 0.000267
v 0.004760 -0.260314 0.020569
v -0.000800 -0.261133 0.015052
v 0.004368 -0.263747 0.009685
v 0.012699 -0.263923 0.012424
v -0.012783 -0.241842 -0.010925
v -0.004090 -0.246646 -0.007996
v -0.007651 -0.244439 -0.016258
v -0.004096 -0.246642 -0.007937
v -0.012678 -0.241898 -0.010819
v -0.006446 -0.245151 -0.005818
v 0.007996 -0.263742 -0.008182
v 0.007582 -0.244711 -0.009548
v 0.010334 -0.244677 -0.005495
v 0.011124 -0.262855 -0.003955
v 0.023878 -0.281894 0.015643
v 0.011152 -0.260758 0.006389
v 0.008016 -0.259861 0.010675
v 0.017969 -0.280052 0.024318
v -0.007267 -0.258637 -0.002288
v -0.006067 -0.259033 0.001840
v -0.012033 -0.262083 0.005406
v -0.014800 -0.261528 -0.003032
v 0.021136 -0.243784 0.013254
v 0.024714 -0.241827 -0.000343
v 0.020370 -0.239161 0.000757
v 0.017587 -0.241088 0.012823
v 0.009104 -0.254779 -0.016967
v 0.004349 -0.254567 -0.008215
v 0.001184 -0.255263 -0.009406
v 0.001191 -0.256150 -0.019068
v 0.011933 -0.250889 -0.010858
v 0.003181 -0.249541 -0.005460
v 0.004372 -0.249470 -0.003054
v 0.014314 -0.250802 -0.003657
v -0.010438 -0.244641 -0.009632
v -0.021882 -0.231171 -0.020992
v -0.012952 -0.230533 -0.026969
v -0.006489 -0.244652 -0.012314
v -0.006418 -0.244652 -0.012344
v -0.012578 -0.230514 -0.027126
v -0.001851 -0.230273 -0.029235
v -0.001687 -0.244655 -0.013291
v -0.021323 -0.288286 -0.013911
v -0.033650 -0.309664 -0.023211
v -0.043161 -0.306672 -0.009041
v -0.027250 -0.286437 -0.005217
v -0.169560 0.405305 0.166899
v -0.220464 0.405306 0.090420
v -0.262044 0.354152 0.107567
v -0.201278 0.354172 0.198459
v -0.025222 -0.243685 -0.014033
v -0.028399 -0.241390 -0.000914
v -0.023669 -0.239394 -0.002055
v -0.021278 -0.241644 -0.013638
v 0.011699 -0.246459 0.023028
v 0.021100 -0.243795 0.013314
v 0.017566 -0.241111 0.012883
v 0.011552 -0.246490 0.023161
v 0.017428 -0.241142 0.013011
v 0.008793 -0.243688 0.021403
v -0.007635 -0.244457 -0.016340
v -0.000473 -0.247280 -0.018169
v -0.002464 -0.249256 -0.024747
v -0.013178 -0.245276 -0.021850
v 0.001182 -0.243961 0.012371
v 0.008300 -0.246864 0.009796
v 0.002754 -0.247450 0.002999
v -0.000415 -0.245882 0.004465
v 0.002729 -0.242501 0.005018
v -0.000822 -0.246815 0.003443
v -0.000427 -0.243736 0.007585
v 0.003542 -0.242061 0.015884
v -0.004409 -0.243961 0.017871
v -0.002817 -0.246223 0.024448
v 0.008686 -0.243674 0.021392
v -0.028528 -0.232185 -0.011484
v -0.014207 -0.244498 -0.000682
v -0.030352 -0.233460 -0.000973
v -0.088592 -0.187995 -0.036274
v -0.004060 -0.244870 0.008106
v -0.004059 -0.248459 0.002980
v -0.007219 -0.245564 0.006924
v -0.004023 -0.248475 0.002955
v -0.004022 -0.244929 0.008020
v -0.002458 -0.247843 0.003578
v -0.004861 -0.246512 -0.003144
v -0.007983 -0.243647 -0.005090
v -0.005641 -0.247520 -0.001541
v -0.010421 -0.244746 -0.001922
v -0.005672 -0.247517 -0.001526
v -0.008047 -0.243594 -0.005120
v 0.009421 -0.230261 -0.027427
v -0.001444 -0.230018 -0.029561
v -0.001280 -0.133092 -0.173085
v 0.064270 -0.133093 -0.160094
v -0.005643 -0.247718 -0.001381
v -0.007631 -0.244094 -0.002330
v -0.006845 -0.243860 0.001273
v -0.005256 -0.247434 0.000283
v -0.000466 -0.243750 0.007600
v -0.002440 -0.247812 0.003612
v -0.004014 -0.244859 0.008110
v -0.002416 -0.247821 0.003583
v -0.000465 -0.243812 0.007517
v -0.000853 -0.246853 0.003423
v -0.016803 -0.252924 0.020510
v -0.014827 -0.255946 0.014921
v -0.007665 -0.258267 0.016913
v -0.006086 -0.256286 0.023486
v -0.012092 -0.278803 0.030211
v -0.006909 -0.259245 0.013576
v -0.011216 -0.259845 0.010755
v -0.021156 -0.280033 0.024412
v 0.010787 -0.257962 0.010697
v 0.015958 -0.256067 0.004494
v 0.021506 -0.253614 0.009176
v 0.013563 -0.256131 0.018221
v -0.009671 -0.261610 -0.013692
v -0.016828 -0.258697 -0.011108
v -0.019602 -0.256473 -0.018690
v -0.008884 -0.260566 -0.022424
v 0.002742 -0.238615 -0.012867
v 0.007096 -0.239269 -0.020564
v -0.005213 -0.241318 -0.023339
v -0.006007 -0.240141 -0.014695
v 0.004214 -0.248838 0.000064
v -0.000817 -0.251486 -0.001524
v -0.000430 -0.250823 -0.000240
v 0.004339 -0.249469 -0.003003
v -0.000785 -0.251480 -0.001549
v 0.004341 -0.248783 0.000067
v -0.012863 -0.256104 0.001752
v -0.022800 -0.254773 0.002336
v -0.021619 -0.256206 -0.005106
v -0.012866 -0.256791 -0.001334
v -0.001618 -0.244580 0.012010
v -0.001601 -0.258932 0.014593
v 0.003503 -0.259144 0.013572
v 0.003119 -0.244585 0.011062
v -0.024849 -0.255642 0.013865
v -0.024849 -0.252227 0.013905
v -0.028840 -0.251622 0.000671
v -0.029234 -0.255010 -0.000029
v -0.004468 -0.243975 0.017873
v -0.012031 -0.245349 0.015762
v -0.014394 -0.248113 0.021350
v -0.002891 -0.246236 0.024444
v 0.007563 -0.259020 -0.024283
v 0.017523 -0.261316 -0.014640
v 0.015947 -0.264169 -0.013740
v 0.005995 -0.261884 -0.023256
v -0.005271 -0.241358 -0.023406
v -0.003699 -0.244200 -0.027267
v -0.016813 -0.246976 -0.023092
v -0.016816 -0.244004 -0.019583
v 0.011523 -0.238599 0.001839
v 0.003971 -0.241487 0.001076
v 0.002786 -0.242465 0.005002
v 0.009540 -0.240077 0.009999
v -0.002847 -0.254717 -0.001557
v -0.001255 -0.251752 -0.002512
v -0.002049 -0.251519 -0.003261
v -0.003640 -0.254489 -0.002226
v -0.002863 -0.250766 -0.003843
v -0.004026 -0.246768 -0.007840
v -0.004031 -0.249723 -0.003800
v -0.004019 -0.246696 -0.007937
v -0.002840 -0.250761 -0.003871
v -0.000869 -0.248131 -0.008289
v -0.026027 -0.253040 -0.014122
v -0.026026 -0.249725 -0.012908
v -0.016864 -0.247043 -0.023098
v -0.016470 -0.250285 -0.024510
v -0.000837 -0.251504 -0.001575
v 0.003005 -0.249610 -0.005351
v -0.001230 -0.251738 -0.002504
v 0.003145 -0.249544 -0.005440
v -0.000786 -0.251482 -0.001581
v 0.004336 -0.249472 -0.003039
v -0.004455 -0.253523 0.025888
v -0.002891 -0.250562 0.026319
v -0.016017 -0.246615 0.023054
v -0.016816 -0.249741 0.022621
v -0.011213 -0.263884 -0.008278
v -0.006903 -0.264478 -0.011137
v -0.012094 -0.289408 -0.019768
v -0.021142 -0.288170 -0.013975
v -0.024470 -0.246551 -0.010416
v -0.026044 -0.249676 -0.012812
v -0.028821 -0.251562 0.000625
v -0.026852 -0.248319 0.001376
v -0.013239 -0.245295 -0.021891
v -0.002480 -0.249289 -0.024799
v -0.004054 -0.251987 -0.027127
v -0.016395 -0.247592 -0.023625
v 0.167600 0.447097 0.069618
v 0.118016 0.474885 0.049148
v 0.090214 0.474885 0.090846
v 0.127936 0.447097 0.128594
v -0.000465 -0.253897 -0.025666
v 0.001127 -0.256156 -0.019128
v -0.006436 -0.258059 -0.017142
v -0.011978 -0.256446 -0.022650
v 0.001176 -0.251627 -0.004187
v 0.004360 -0.254552 -0.008165
v 0.006331 -0.254338 -0.006034
v 0.001955 -0.251466 -0.003087
v -0.033541 -0.296475 0.039008
v -0.018891 -0.294467 0.048475
v -0.012124 -0.278897 0.030304
v -0.021216 -0.280132 0.024489
v 0.002683 -0.247521 0.002918
v -0.000437 -0.250801 -0.000206
v -0.001229 -0.249799 0.001047
v 0.002757 -0.247481 0.002944
v 0.004329 -0.248770 0.000107
v -0.000401 -0.250796 -0.000213
v 0.000760 -0.248115 -0.002060
v 0.001158 -0.248462 -0.000676
v 0.001545 -0.244939 0.000078
v 0.000761 -0.244571 -0.002059
v 0.021149 -0.243846 0.013312
v 0.011597 -0.246558 0.023188
v 0.013167 -0.249768 0.023266
v 0.023113 -0.247018 0.012881
v -0.001722 -0.293754 0.051857
v -0.001705 -0.278449 0.032406
v -0.011999 -0.278886 0.030355
v -0.018753 -0.294455 0.048530
v -0.038062 -0.302242 0.022665
v -0.029707 -0.299603 0.035121
v -0.033639 -0.296569 0.038935
v -0.043178 -0.299580 0.024756
v -0.315843 0.081472 -0.001021
v -0.292010 0.081472 -0.120472
v -0.269030 0.000962 -0.111011
v -0.290884 0.000962 -0.001011
v 0.293176 0.269656 0.121928
v 0.259089 0.353570 0.107724
v 0.198270 0.353549 0.198723
v 0.224458 0.269638 0.224897
v -0.017987 -0.245863 0.010136
v -0.012057 -0.245345 0.015676
v -0.007282 -0.245559 0.006936
v -0.009646 -0.245773 0.004797
v -0.002015 -0.132631 -0.173674
v -0.067379 -0.132632 -0.160639
v -0.092009 -0.075144 -0.219660
v -0.001985 -0.075144 -0.237547
v 0.280458 0.354155 -0.000294
v 0.235700 0.405305 -0.000330
v 0.217798 0.405305 0.089869
v 0.259007 0.354170 0.106927
v -0.123996 0.268875 -0.295670
v -0.126772 0.177028 -0.301651
v -0.231697 0.177007 -0.231429
v -0.227344 0.268895 -0.226823
v 0.023932 -0.286294 -0.005078
v 0.011194 -0.262934 -0.003861
v 0.012373 -0.261878 0.001161
v 0.026296 -0.284115 0.005163
v -0.174657 -0.132630 -0.000260
v -0.161505 -0.132684 0.065325
v -0.220681 -0.075144 0.089736
v -0.238521 -0.075144 -0.000292
v -0.092179 -0.074628 -0.220079
v -0.111976 0.000272 -0.267782
v -0.002027 0.000272 -0.289615
v -0.001989 -0.074628 -0.237999
v 0.287267 0.000272 -0.000250
v 0.265425 0.000272 0.109629
v 0.217804 -0.074628 0.089906
v 0.235689 -0.074628 -0.000288
v -0.068057 -0.132632 -0.160358
v -0.123555 -0.132684 -0.123149
v -0.168784 -0.075144 -0.168400
v -0.092631 -0.075143 -0.219402
v 0.030352 -0.309750 -0.023232
v 0.039878 -0.306743 -0.009014
v 0.034769 -0.308524 -0.006964
v 0.026412 -0.311163 -0.019383
v -0.227883 0.268895 -0.226286
v -0.232244 0.177008 -0.230881
v -0.302586 0.177028 -0.125763
v -0.296651 0.268875 -0.123259
v -0.292164 0.082250 -0.120536
v -0.316010 0.082250 -0.001021
v -0.327518 0.176202 -0.001036
v -0.302878 0.176202 -0.125002
v -0.227344 0.268895 0.225565
v -0.231697 0.177007 0.230171
v -0.126772 0.177028 0.300393
v -0.123996 0.268876 0.294412
v -0.302566 0.176202 -0.125755
v -0.232228 0.176222 -0.230867
v -0.223890 0.082230 -0.222627
v -0.291864 0.082250 -0.121260
v 0.293661 0.268875 -0.122520
v 0.317910 0.268895 -0.001009
v 0.324649 0.177008 -0.001016
v 0.299616 0.177028 -0.125011
v 0.224588 0.268895 -0.226286
v 0.293355 0.268875 -0.123259
v 0.299304 0.177028 -0.125763
v 0.229348 0.177007 -0.230881
v -0.002055 0.176202 0.325359
v -0.126014 0.176202 0.300685
v -0.121673 0.082250 0.289934
v -0.002040 0.082251 0.313702
v 0.197741 0.353549 -0.200509
v 0.223919 0.269638 -0.226694
v 0.121028 0.269656 -0.295489
v 0.106714 0.353570 -0.261284
v -0.131180 0.446821 0.129258
v -0.168826 0.405720 0.167010
v -0.092604 0.405720 0.218018
v -0.071936 0.446821 0.168737
v -0.007250 -0.255756 -0.002302
v -0.005286 -0.252867 -0.002260
v -0.008031 -0.254746 -0.001040
v -0.008034 -0.254733 -0.001021
v -0.005672 -0.251887 -0.001532
v -0.007639 -0.254060 0.000276
v -0.005645 -0.251139 -0.000594
v -0.007605 -0.254014 0.000266
v -0.005646 -0.251850 -0.001535
v -0.029237 -0.255004 -0.000095
v -0.028842 -0.251622 0.000612
v -0.026057 -0.249734 -0.012848
v -0.026058 -0.253050 -0.014063
v 0.009419 -0.236409 0.026167
v 0.064268 -0.133103 0.158840
v -0.001276 -0.133104 0.171830
v -0.001445 -0.236652 0.028299
v 0.043484 -0.303098 0.007765
v 0.039922 -0.306642 -0.008903
v 0.024009 -0.286411 -0.005092
v 0.026391 -0.284241 0.005183
v 0.009194 -0.238026 -0.006694
v 0.011584 -0.238582 0.001775
v 0.020305 -0.239134 0.000702
v 0.016740 -0.238446 -0.011615
v -0.020425 -0.259051 -0.014067
v -0.012479 -0.260044 -0.011289
v -0.014869 -0.261530 -0.003098
v -0.023601 -0.260979 -0.002027
v -0.123923 0.269656 0.294232
v -0.109997 0.353570 0.260026
v -0.201037 0.353549 0.199251
v -0.227214 0.269638 0.225436
v 0.007581 -0.258973 -0.024287
v 0.008365 -0.255846 -0.023852
v 0.017931 -0.258028 -0.014651
v 0.017539 -0.261268 -0.014647
v -0.015232 -0.261752 0.001255
v -0.014059 -0.260690 0.006276
v -0.013252 -0.244623 0.004183
v -0.014047 -0.244652 -0.000592
v -0.013252 -0.244677 -0.005431
v -0.014059 -0.262835 -0.003863
v -0.015232 -0.261773 0.001156
v -0.014047 -0.244652 -0.000659
v -0.014876 -0.255930 0.014896
v -0.016860 -0.252908 0.020476
v -0.024793 -0.251000 0.012500
v -0.020446 -0.254659 0.009682
v 0.224051 0.268895 -0.226824
v 0.228801 0.177008 -0.231428
v 0.123492 0.177028 -0.301652
v 0.121101 0.268875 -0.295669
v -0.012048 -0.256459 -0.022626
v -0.006490 -0.258075 -0.017109
v -0.012447 -0.260030 -0.011344
v -0.020391 -0.259039 -0.014122
v -0.092275 -0.184809 -0.038150
v -0.160853 -0.133052 -0.066942
v -0.123638 -0.133052 -0.122411
v -0.071063 -0.185013 -0.069830
v -0.028921 -0.231759 -0.012009
v -0.011187 -0.263761 -0.008269
v -0.010413 -0.244711 -0.009611
v -0.006476 -0.244715 -0.012286
v -0.006892 -0.264374 -0.011122
v 0.166266 0.405305 -0.168158
v 0.217569 0.405305 -0.091678
v 0.258762 0.354153 -0.108825
v 0.197982 0.354172 -0.199717
v 0.120333 -0.133052 -0.122822
v 0.067820 -0.184809 -0.069947
v 0.018722 -0.231028 -0.021127
v 0.009797 -0.230278 -0.027272
v 0.064951 -0.133093 -0.159812
v -0.001267 -0.247577 0.025055
v 0.000313 -0.245002 0.021230
v -0.011230 -0.241351 0.018565
v -0.014382 -0.243656 0.021994
v -0.026402 -0.247601 0.013387
v -0.024833 -0.250953 0.012519
v -0.016867 -0.252868 0.020527
v -0.016870 -0.249780 0.022570
v -0.004004 -0.252003 -0.027126
v -0.002425 -0.249308 -0.024800
v 0.008323 -0.252686 -0.021813
v 0.008326 -0.255781 -0.023861
v -0.000472 -0.247273 -0.018107
v -0.007599 -0.244462 -0.016287
v -0.004028 -0.246679 -0.007975
v -0.000860 -0.248119 -0.008328
v 0.019415 -0.255767 0.011262
v 0.011178 -0.249157 0.017460
v 0.010782 -0.252048 0.020915
v 0.011293 -0.249202 0.017319
v 0.019520 -0.255805 0.011128
v 0.018349 -0.252596 0.008731
v -0.004060 -0.254368 -0.003397
v -0.007230 -0.258604 -0.002333
v -0.005640 -0.257633 -0.006242
v -0.007197 -0.258557 -0.002308
v -0.004056 -0.254360 -0.003368
v -0.004448 -0.255191 -0.001363
v -0.007252 -0.253830 0.001266
v -0.006463 -0.254061 0.002011
v -0.010047 -0.256449 0.005989
v -0.011618 -0.256026 0.004215
v -0.004031 -0.250866 -0.002044
v -0.002459 -0.253221 -0.004637
v -0.003250 -0.249886 -0.003106
v -0.002456 -0.253264 -0.004652
v -0.004033 -0.250896 -0.002049
v -0.004032 -0.254321 -0.003391
v -0.005596 -0.257570 -0.006225
v -0.002464 -0.253289 -0.004664
v -0.004037 -0.254341 -0.003404
v 0.019909 -0.264087 -0.000099
v 0.018734 -0.259069 0.012345
v 0.016786 -0.261841 0.012776
v 0.018789 -0.259103 0.012114
v 0.019973 -0.264123 -0.000362
v 0.021540 -0.261324 -0.001157
v -0.000064 -0.254622 0.002728
v -0.002431 -0.255339 0.002371
v -0.002834 -0.251840 0.001855
v -0.001251 -0.251203 0.002210
v 0.011543 -0.246571 0.023221
v -0.001207 -0.249318 0.026887
v -0.000415 -0.252603 0.027357
v 0.013111 -0.249781 0.023300
v 0.026344 -0.245116 -0.001163
v 0.023166 -0.247073 0.012800
v 0.023164 -0.250386 0.011590
v 0.025949 -0.248498 -0.001870
v -0.005637 -0.251115 -0.000584
v -0.005636 -0.247802 -0.001362
v -0.005254 -0.250836 0.000277
v -0.005251 -0.250804 0.000281
v -0.005636 -0.247738 -0.001372
v -0.005251 -0.247453 0.000282
v -0.004438 -0.255177 -0.001328
v -0.003656 -0.252035 0.000800
v -0.004042 -0.255549 0.000800
v -0.003658 -0.252005 0.000794
v -0.004437 -0.255134 -0.001327
v -0.004438 -0.251654 -0.000583
v 0.004382 -0.248777 0.000076
v 0.013135 -0.249362 0.003848
v 0.014316 -0.250795 -0.003594
v 0.004379 -0.249464 -0.003010
v 0.025868 -0.248544 -0.002124
v 0.019994 -0.251195 -0.014204
v 0.021954 -0.247942 -0.015157
v -0.004049 -0.249706 -0.003793
v -0.004052 -0.246677 -0.007925
v -0.006431 -0.245168 -0.005789
v -0.005244 -0.248576 -0.002922
v 0.020065 -0.251213 -0.013971
v 0.025915 -0.248567 -0.001952
v 0.023956 -0.251790 -0.002693
v -0.016415 -0.250272 -0.024545
v -0.016811 -0.247030 -0.023132
v -0.003674 -0.244251 -0.027311
v -0.002884 -0.247454 -0.028607
v -0.005639 -0.251836 -0.001545
v -0.005256 -0.248632 -0.002875
v -0.005639 -0.251125 -0.000604
v -0.005638 -0.247746 -0.001396
v -0.005638 -0.251091 -0.000607
v -0.005253 -0.248581 -0.002892
v -0.005262 -0.248553 -0.002891
v -0.007595 -0.244168 -0.002343
v -0.005643 -0.247726 -0.001401
v -0.007627 -0.244104 -0.002368
v -0.005264 -0.248545 -0.002919
v -0.006446 -0.245158 -0.005764
v -0.004435 -0.257777 -0.002748
v -0.004432 -0.261036 -0.005090
v -0.001665 -0.261706 -0.002555
v -0.003250 -0.258134 -0.001560
v -0.012940 -0.236604 0.025685
v -0.021781 -0.235900 0.019720
v -0.010442 -0.244553 0.008334
v -0.006487 -0.244538 0.011060
v 0.014159 -0.253016 0.021635
v 0.023135 -0.250397 0.011647
v 0.023130 -0.247099 0.012863
v 0.022942 -0.247142 0.013069
v 0.013191 -0.249831 0.023252
v 0.013970 -0.253061 0.021841
v -0.013228 -0.244622 0.004242
v -0.014021 -0.260671 0.006366
v -0.011271 -0.259758 0.010633
v -0.010473 -0.244608 0.008265
v -0.005249 -0.252814 -0.002268
v -0.004067 -0.249769 -0.003755
v -0.005632 -0.251852 -0.001562
v -0.005243 -0.248596 -0.002910
v -0.005628 -0.251819 -0.001570
v -0.004054 -0.249722 -0.003776
v -0.013252 -0.244619 -0.005513
v -0.028222 -0.232268 -0.011717
v -0.022048 -0.231191 -0.020824
v -0.010492 -0.244641 -0.009578
v 0.003153 -0.249537 -0.005494
v 0.011895 -0.250884 -0.010914
v 0.006368 -0.249622 -0.016100
v 0.001578 -0.249116 -0.007273
v -0.005628 -0.247548 -0.001523
v -0.003275 -0.249831 -0.003098
v -0.004845 -0.246530 -0.003140
v 0.023141 -0.246996 0.012820
v 0.024701 -0.241918 -0.000102
v 0.021182 -0.243834 0.013254
v 0.023207 -0.246967 0.012567
v 0.026332 -0.245052 -0.001148
v 0.024769 -0.241892 -0.000360
v 0.018405 -0.252648 0.008494
v 0.021929 -0.257967 -0.001843
v 0.019968 -0.254582 -0.002634
v 0.021905 -0.257947 -0.001654
v 0.018379 -0.252625 0.008681
v 0.019552 -0.255832 0.011076
v -0.001831 0.492997 0.062195
v -0.025533 0.492997 0.057494
v -0.050947 0.475044 0.118817
v -0.001864 0.475044 0.128555
vn -0.0717 0.8289 0.5548
vn -0.1214 -0.7085 0.6952
vn -0.9574 -0.2552 0.1349
vn -0.9940 0.0248 0.1067
vn 0.9108 -0.0201 0.4124
vn 0.8841 0.2184 0.4130
vn 0.3459 -0.6863 -0.6397
vn -0.8968 -0.2523 -0.3635
vn 0.8956 0.2363 0.3770
vn 0.2151 0.7035 -0.6774
vn -0.9227 0.0235 -0.3849
vn 0.9214 -0.0258 0.3878
vn -0.3663 -0.6986 -0.6146
vn -0.2197 0.6855 -0.6942
vn -0.8990 0.2232 0.3768
vn -0.9219 0.0263 0.3866
vn 0.9217 -0.0220 -0.3872
vn 0.9027 -0.2009 -0.3804
vn 0.4039 0.7021 0.5865
vn -0.6046 0.2222 0.7649
vn 0.9222 -0.1876 -0.3382
vn 0.2749 -0.6674 0.6921
vn -0.6270 0.0248 0.7786
vn 0.9356 -0.0199 -0.3526
vn 0.6484 0.6632 0.3738
vn -0.2957 -0.4879 0.8213
vn -0.8154 0.2550 0.5197
vn -0.4155 0.7937 0.4442
vn 0.9607 -0.2701 0.0636
vn 0.6860 -0.7207 0.1003
vn -0.5856 -0.4905 -0.6454
vn -0.9527 0.2525 -0.1690
vn 0.5940 -0.7206 -0.3576
vn 0.1988 0.6646 -0.7203
vn -0.5556 0.7929 -0.2504
vn 0.8639 -0.2715 -0.4241
vn -0.6987 0.5997 -0.3900
vn 0.5929 0.1674 -0.7877
vn 0.7609 0.6214 0.1865
vn 0.1301 0.9533 0.2724
vn -0.6658 -0.6275 -0.4037
vn -0.1265 -0.8996 -0.4181
vn 0.6584 -0.6182 0.4293
vn 0.6728 0.2494 0.6965
vn -0.2589 -0.8365 -0.4829
vn -0.6727 -0.0389 0.7389
vn 0.1787 0.5663 0.8046
vn -0.5576 -0.6584 -0.5057
vn -0.9518 -0.1521 0.2664
vn 0.1099 -0.1614 0.9808
vn 0.1089 -0.9880 -0.1091
vn 0.0596 -0.9876 -0.1451
vn -0.0860 0.9740 0.2096
vn -0.1618 0.9734 0.1620
vn 0.9680 0.2360 -0.0858
vn 0.2481 -0.9433 -0.2203
vn -0.2879 0.9193 0.2684
vn -0.3093 0.2194 -0.9253
vn 0.1135 -0.9422 -0.3153
vn -0.1680 0.9164 0.3633
vn -0.6815 0.6792 -0.2725
vn -0.7510 -0.6013 0.2731
vn 0.0157 -0.5571 -0.8303
vn -0.0056 -0.2449 -0.9695
vn -0.0000 0.2385 0.9711
vn -0.0140 0.5234 0.8520
vn 0.5974 -0.6446 0.4771
vn 0.3350 -0.6060 -0.7215
vn -0.2267 0.3892 0.8928
vn 0.7335 0.6797 0.0078
vn 0.3783 -0.2493 -0.8915
vn -0.3762 0.2364 0.8959
vn 0.4878 -0.2670 -0.8312
vn -0.7678 -0.2713 -0.5804
vn 0.0135 -0.9456 0.3250
vn 0.1091 -0.9486 0.2972
vn -0.1554 0.9196 -0.3607
vn 0.0113 0.9165 -0.3998
vn -0.6368 0.3701 0.6764
vn -0.0114 -0.8615 0.5075
vn 0.0080 0.8250 -0.5651
vn 0.8534 0.3600 0.3769
vn 0.2046 -0.8613 0.4651
vn -0.2083 0.8243 -0.5265
vn -0.1734 -0.3903 0.9042
vn 0.8299 0.4251 0.3613
vn 0.7076 -0.6891 -0.1564
vn 0.4712 -0.8582 -0.2037
vn -0.5210 0.8261 0.2149
vn -0.4500 0.8031 0.3905
vn -0.0363 0.4595 -0.8874
vn 0.4574 -0.7497 -0.4782
vn -0.5042 0.7128 0.4874
vn -0.9001 -0.3924 -0.1896
vn 0.3660 -0.8633 -0.3475
vn -0.4082 0.8242 0.3925
vn -0.7274 -0.6830 -0.0661
vn -0.7076 0.7036 0.0648
vn -0.0024 0.0272 0.9996
vn 0.0062 -0.2450 0.9695
vn -0.0000 0.2385 -0.9711
vn 0.0021 -0.0227 -0.9997
vn 0.6795 0.7031 -0.2097
vn 0.3849 0.0233 0.9227
vn -0.3843 -0.0194 -0.9230
vn 0.6462 -0.6847 -0.3370
vn 0.3633 -0.2520 0.8969
vn -0.3637 0.2342 -0.9016
vn 0.3558 -0.4496 -0.8193
vn 0.2958 -0.4878 0.8213
vn 0.8154 0.2550 0.5197
vn 0.9527 0.2525 -0.1690
vn -0.5942 -0.7205 -0.3576
vn -0.6860 -0.7206 0.1003
vn -0.4613 0.6637 0.5888
vn 0.4156 0.7938 0.4441
vn -0.9607 -0.2702 0.0637
vn -0.1989 0.6646 -0.7202
vn 0.5556 0.7928 -0.2505
vn -0.8640 -0.2715 -0.4240
vn -0.1477 0.4414 0.8851
vn -0.8742 0.4447 -0.1951
vn 0.4317 0.8003 -0.4160
vn 0.5417 0.8091 -0.2280
vn -0.5859 -0.7580 0.2866
vn -0.4575 -0.7570 0.4666
vn -0.0210 -0.4333 -0.9010
vn 0.6345 0.4410 -0.6348
vn -0.2804 -0.9181 0.2801
vn 0.8251 -0.4332 0.3627
vn 0.8298 0.4419 -0.3409
vn -0.3686 -0.9177 0.1484
vn -0.8756 -0.4457 -0.1864
vn 0.6515 -0.4334 -0.6226
vn -0.0001 0.4409 -0.8976
vn -0.3411 0.4411 -0.8301
vn 0.1489 -0.9175 0.3690
vn 0.0001 -0.9176 0.3975
vn 0.7651 0.4444 0.4659
vn -0.0105 0.8029 -0.5960
vn 0.0092 -0.7596 0.6504
vn -0.5228 0.4383 0.7311
vn -0.2190 0.8055 -0.5506
vn 0.2550 -0.7623 0.5949
vn -0.6189 -0.4511 -0.6430
vn 0.8705 -0.4904 0.0413
vn 0.7928 0.2525 -0.5548
vn 0.2095 0.2510 -0.9450
vn -0.5591 -0.7205 0.4102
vn -0.1683 -0.7196 0.6737
vn 0.3679 0.6642 0.6507
vn 0.5694 0.7934 -0.2152
vn -0.3108 -0.2726 0.9106
vn -0.7409 0.6649 -0.0953
vn -0.0171 0.7918 -0.6106
vn -0.7210 -0.2730 0.6369
vn 0.4811 -0.7267 0.4903
vn -0.1988 0.6646 0.7202
vn 0.5556 0.7929 0.2504
vn 0.9528 0.2523 0.1690
vn -0.5940 -0.7205 0.3577
vn -0.8640 -0.2716 0.4240
vn -0.4613 0.6637 -0.5888
vn 0.4156 0.7937 -0.4441
vn -0.9607 -0.2702 -0.0637
vn 0.2958 -0.4878 -0.8213
vn 0.8154 0.2550 -0.5197
vn -0.6860 -0.7207 -0.1003
vn 0.9282 0.3709 0.0298
vn 0.1545 -0.2805 -0.9473
vn 0.2153 -0.9458 0.2429
vn 0.3699 -0.8573 0.3581
vn -0.3972 0.8271 -0.3977
vn -0.2687 0.9176 -0.2928
vn -0.9238 -0.2866 -0.2540
vn -0.3389 0.3582 0.8700
vn -0.5882 -0.5521 0.5910
vn 0.6945 -0.6889 -0.2077
vn -0.3779 -0.2496 -0.8915
vn -0.7737 -0.2552 -0.5798
vn 0.3330 0.2176 0.9175
vn 0.3652 0.2337 0.9011
vn 0.6272 0.7032 -0.3350
vn -0.3799 0.0314 -0.9245
vn 0.3837 -0.0193 0.9233
vn -0.6703 0.6784 0.3010
vn -0.7798 0.0246 -0.6256
vn 0.3524 -0.0203 0.9356
vn -0.1874 -0.3902 -0.9015
vn -0.8790 0.4758 -0.0301
vn -0.4794 -0.7494 0.4567
vn -0.3567 -0.8577 0.3704
vn 0.3970 0.8275 -0.3971
vn 0.5037 0.7134 -0.4872
vn 0.3618 0.4244 0.8300
vn -0.1559 -0.6888 0.7080
vn 0.3907 0.8030 -0.4500
vn 0.9035 -0.3924 -0.1723
vn -0.2033 -0.8629 0.4627
vn 0.2258 0.8240 -0.5196
vn 0.6444 0.3586 0.6754
vn 0.7679 -0.2711 -0.5803
vn -0.4820 -0.2700 -0.8335
vn -0.1106 -0.9443 0.3100
vn 0.1686 0.9156 -0.3650
vn -0.8579 0.3639 0.3628
vn -0.7205 0.4416 -0.5346
vn -0.7355 -0.5906 0.3320
vn 0.0164 -0.4608 -0.8874
vn 0.0018 -0.2139 -0.9769
vn 0.0012 0.9604 0.2787
vn -0.0105 0.4469 0.8945
vn 0.4949 -0.6381 0.5898
vn 0.5950 -0.2249 -0.7716
vn -0.1786 0.5942 0.7842
vn 0.8312 0.3955 -0.3907
vn 0.6312 -0.3535 -0.6903
vn 0.1683 0.9034 0.3945
vn 0.2710 -0.7257 -0.6323
vn 0.7415 0.6644 -0.0933
vn 0.0184 0.7921 -0.6101
vn -0.2078 0.2498 -0.9458
vn 0.5592 -0.7207 0.4097
vn 0.7208 -0.2727 0.6373
vn -0.3695 0.6647 0.6494
vn -0.5694 0.7930 -0.2167
vn 0.3104 -0.2728 0.9106
vn -0.8712 -0.4893 0.0398
vn -0.7915 0.2537 -0.5561
vn 0.1688 -0.7194 0.6738
vn -0.4850 -0.2685 0.8323
vn 0.7679 -0.2711 0.5803
vn -0.0134 -0.9457 -0.3248
vn -0.1099 -0.9486 -0.2969
vn 0.1547 0.9196 0.3611
vn -0.0112 0.9166 0.3996
vn 0.6372 0.3696 -0.6763
vn 0.0117 -0.8614 -0.5078
vn -0.0083 0.8251 0.5649
vn -0.8551 0.3588 -0.3743
vn -0.2041 -0.8611 -0.4657
vn 0.2099 0.8237 0.5267
vn 0.1774 0.8492 0.4973
vn 0.5976 -0.7200 0.3529
vn -0.2513 -0.6746 0.6941
vn -0.4136 -0.1921 0.8899
vn 0.7519 0.2782 -0.5978
vn 0.6981 0.4122 -0.5855
vn -0.3305 -0.8027 -0.4964
vn -0.6219 -0.6921 0.3664
vn 0.5111 0.4014 -0.7600
vn -0.8012 0.5448 -0.2473
vn -0.8188 -0.2422 0.5204
vn 0.5389 0.2544 -0.8031
vn 0.8327 0.2867 -0.4737
vn -0.2500 -0.4865 0.8371
vn -0.1054 0.0117 0.9944
vn 0.6890 0.4481 0.5696
vn 0.0976 -0.5081 -0.8558
vn -0.8164 0.0282 -0.5768
vn 0.0687 0.9963 0.0508
vn 0.4753 0.6474 0.5958
vn -0.6425 -0.0041 -0.7662
vn -0.8939 -0.1828 0.4093
vn 0.6817 0.6935 0.2329
vn 0.1519 -0.8196 0.5524
vn 0.1604 -0.2835 0.9455
vn -0.0922 -0.5646 -0.8202
vn 0.4914 -0.5824 0.6475
vn 0.4616 0.6065 -0.6474
vn 0.3180 0.0136 -0.9480
vn 0.4264 -0.8127 -0.3971
vn 0.1303 0.6738 0.7273
vn 0.1489 0.8384 0.5242
vn -0.5390 0.3144 -0.7814
vn -0.0513 -0.0480 -0.9975
vn -0.7926 0.5383 0.2862
vn -0.3844 -0.9131 0.1359
vn 0.2137 -0.8689 -0.4465
vn -0.6251 0.5062 0.5941
vn -0.8979 -0.4392 0.0292
vn 0.3674 -0.4363 -0.8214
vn -0.4308 0.8030 -0.4118
vn 0.4577 -0.7614 0.4591
vn 0.9010 0.3896 0.1910
vn -0.2182 0.8747 -0.4327
vn 0.2408 -0.8371 0.4912
vn -0.1762 0.3729 0.9110
vn -0.3915 0.8753 -0.2839
vn 0.4472 -0.8034 0.3932
vn 0.8001 0.5098 -0.3163
vn -0.5102 -0.3641 -0.7792
vn 0.0321 -0.9137 -0.4051
vn 0.7414 -0.6223 -0.2511
vn -0.2232 0.9583 -0.1785
vn -0.5268 0.7954 -0.2996
vn -0.7777 -0.5635 0.2787
vn -0.1250 -0.9902 0.0617
vn -0.7363 0.6122 0.2882
vn 0.3973 0.0020 0.9177
vn 0.5885 -0.7708 0.2441
vn -0.4436 0.8520 0.2779
vn 0.7486 0.0838 -0.6577
vn 0.7128 0.0420 0.7002
vn 0.4775 0.7503 0.4572
vn 0.5847 0.8104 -0.0368
vn 0.4037 -0.7340 -0.5462
vn 0.2445 -0.9282 0.2805
vn -0.7851 0.0363 0.6183
vn -0.4048 0.8443 0.3512
vn -0.2011 -0.9626 0.1815
vn -0.5108 0.3191 -0.7983
vn -0.2996 0.9420 -0.1512
vn -0.0488 -0.8516 -0.5220
vn 0.3873 -0.5203 0.7612
vn -0.2545 -0.6163 -0.7453
vn -0.9839 -0.1782 -0.0121
vn -0.8165 -0.2568 0.5171
vn 0.9660 0.2174 -0.1401
vn 0.8603 0.3118 -0.4032
vn -0.2088 0.7953 -0.5691
vn -0.8958 0.4332 0.0998
vn 0.9005 -0.1584 -0.4050
vn 0.2150 0.6926 0.6886
vn -0.7707 0.2816 0.5716
vn 0.9659 -0.2286 -0.1211
vn -0.3000 0.0675 0.9516
vn -0.9300 0.2795 -0.2388
vn -0.4471 0.8907 -0.0823
vn -0.3222 0.8642 0.3865
vn -0.2405 -0.7551 0.6099
vn -0.5310 -0.8224 -0.2040
vn 0.4087 0.0395 -0.9118
vn 0.3760 0.8246 -0.4226
vn -0.1172 -0.9325 -0.3418
vn 0.8654 0.0801 0.4947
vn 0.5315 0.8432 0.0801
vn 0.0992 -0.9266 0.3627
vn -0.3109 0.3150 0.8967
vn -0.7099 0.5983 -0.3716
vn 0.0396 0.9589 -0.2810
vn 0.1540 0.9725 0.1744
vn -0.6234 -0.5675 0.5379
vn -0.7843 -0.6152 -0.0801
vn 0.3445 -0.2941 -0.8915
vn 0.6595 0.5526 -0.5096
vn -0.5308 -0.8425 -0.0920
vn 0.7653 -0.2580 0.5897
vn 0.8037 0.5950 0.0043
vn -0.4296 -0.8126 0.3938
vn 0.0226 0.1910 0.9813
vn 0.9804 -0.1151 -0.1596
vn 0.5421 -0.8378 -0.0644
vn 0.2142 -0.8910 0.4004
vn 0.4061 0.9118 -0.0615
vn 0.4501 0.8893 -0.0813
vn 0.1133 -0.1738 -0.9783
vn 0.1058 -0.8735 -0.4752
vn -0.0175 0.8461 -0.5327
vn -0.9973 -0.0297 -0.0674
vn -0.2968 -0.9494 -0.1027
vn -0.0239 0.8729 -0.4873
vn -0.6576 -0.4387 0.6125
vn 0.2655 0.9431 -0.2004
vn 0.6440 0.4801 0.5957
vn 0.5969 0.1089 0.7949
vn -0.6051 -0.4411 -0.6627
vn -0.6719 -0.1826 -0.7178
vn 0.7875 -0.4058 -0.4639
vn 0.9084 0.0673 0.4127
vn -0.5377 -0.3517 -0.7663
vn 0.5268 0.3930 -0.7537
vn 0.0541 -0.7540 0.6546
vn -0.6621 0.5285 0.5313
vn 0.2604 0.5088 0.8206
vn -0.7644 -0.2554 -0.5920
vn 0.3683 0.2687 -0.8900
vn 0.7962 0.4745 0.3754
vn 0.1132 0.9507 0.2886
vn 0.0025 0.9836 -0.1803
vn 0.5360 -0.6497 -0.5391
vn 0.6968 -0.7118 0.0886
vn -0.3765 -0.2302 0.8973
vn -0.5725 0.6369 0.5163
vn 0.4058 -0.9084 0.1008
vn -0.8033 -0.1456 -0.5776
vn -0.6961 0.7179 0.0041
vn 0.2968 -0.8721 -0.3890
vn 0.2409 0.3572 -0.9024
vn -0.8877 -0.4506 -0.0948
vn -0.1005 -0.9852 -0.1389
vn 0.3962 -0.5585 -0.7288
vn -0.3455 0.8818 -0.3209
vn -0.5571 0.8299 0.0296
vn 0.1702 -0.3456 0.9228
vn 0.2350 -0.9515 0.1986
vn -0.0865 0.8632 0.4973
vn 0.9530 0.2080 -0.2203
vn 0.7465 -0.5405 -0.3881
vn 0.2349 0.9398 0.2480
vn -0.3719 -0.5958 -0.7119
vn -0.8131 0.5321 0.2360
vn -0.3357 -0.6066 0.7206
vn -0.4288 -0.8477 0.3123
vn -0.0816 0.3498 -0.9333
vn 0.2261 0.3892 -0.8930
vn 0.6663 0.5691 0.4818
vn 0.0156 -0.5544 0.8321
vn 0.0126 0.5246 -0.8513
vn 0.7461 -0.5644 -0.3532
vn -0.0000 -0.8934 0.4493
vn -0.0000 0.3741 -0.9274
vn -0.7103 0.4261 0.5603
vn -0.4363 0.4400 -0.7849
vn 0.1750 0.8982 -0.4033
vn 0.0333 0.9983 0.0488
vn -0.8082 -0.5213 0.2739
vn -0.6255 -0.7142 -0.3142
vn 0.7490 -0.4011 -0.5275
vn 0.8300 0.5018 -0.2436
vn -0.3658 -0.9131 -0.1801
vn 0.3770 -0.0791 0.9228
vn 0.6892 0.6773 0.2573
vn -0.5579 -0.7839 0.2723
vn -0.7070 -0.7000 0.1011
vn -0.7267 0.6838 -0.0663
vn 0.0055 0.2203 0.9754
vn -0.0047 -0.2044 -0.9789
vn 0.6395 0.6876 -0.3439
vn 0.3700 0.2182 0.9030
vn -0.3811 -0.2020 -0.9022
vn 0.6931 -0.6981 -0.1795
vn 0.3194 -0.0887 0.9434
vn -0.9625 -0.2585 0.0824
vn -0.5274 0.7531 0.3932
vn -0.2863 0.7812 0.5548
vn -0.0183 -0.9673 0.2530
vn -0.0346 -0.9655 0.2582
vn -0.1074 0.0928 -0.9899
vn 0.0495 0.9672 -0.2491
vn 0.5104 -0.7609 -0.4006
vn 0.9318 0.2197 -0.2890
vn 0.0273 0.9669 -0.2537
vn 0.2795 -0.7872 -0.5497
vn 0.6977 0.7021 -0.1422
vn 0.4533 -0.8241 -0.3398
vn 0.2793 -0.6660 0.6917
vn 0.3680 -0.1809 0.9121
vn -0.3530 0.1741 -0.9193
vn -0.1738 -0.8513 -0.4950
vn -0.5874 -0.7979 -0.1352
vn -0.0000 -0.6509 0.7591
vn -0.0000 -0.8470 -0.5316
vn -0.6628 0.7395 0.1178
vn -0.0097 -0.1841 0.9829
vn 0.0073 0.1547 -0.9879
vn 0.8684 -0.4909 -0.0708
vn -0.4110 0.0796 -0.9082
vn -0.6847 -0.6928 -0.2263
vn -0.0207 -0.9984 -0.0527
vn 0.8017 0.5284 -0.2793
vn 0.5471 0.7919 -0.2712
vn -0.7513 0.3857 0.5355
vn -0.8306 -0.4972 0.2509
vn 0.3697 0.9107 0.1843
vn 0.4515 -0.4178 0.7884
vn -0.1599 -0.8932 0.4202
vn 0.6276 0.7089 0.3220
vn -0.7358 0.6607 0.1485
vn -0.0495 -0.4764 0.8778
vn -0.5638 -0.7549 0.3351
vn -0.9193 -0.3932 -0.0179
vn 0.2399 0.9261 0.2910
vn 0.6477 0.3208 0.6910
vn 0.7653 -0.6271 -0.1448
vn -0.5720 -0.7858 -0.2354
vn 0.5347 0.5612 0.6318
vn 0.0713 0.3545 -0.9324
vn -0.6887 -0.3808 -0.6170
vn 0.2992 0.9517 0.0689
vn -0.6650 0.6330 -0.3964
vn -0.4893 -0.6508 0.5805
vn -0.5940 -0.2417 -0.7673
vn -0.6238 -0.3645 -0.6914
vn -0.1669 0.9012 0.4000
vn 0.1866 0.5929 0.7834
vn 0.7166 -0.6073 0.3430
vn 0.6606 0.5513 -0.5096
vn -0.0409 0.8652 -0.4998
vn -0.7011 -0.6215 -0.3495
vn 0.1433 -0.7132 -0.6861
vn 0.3944 -0.2549 -0.8829
vn -0.7031 0.3787 0.6018
vn -0.6361 0.5116 0.5776
vn 0.1981 -0.8442 0.4982
vn 0.5138 -0.7779 -0.3619
vn -0.4471 0.4794 0.7552
vn 0.8679 0.4275 0.2529
vn 0.7875 -0.3519 -0.5059
vn -0.4979 0.3296 0.8022
vn -0.6425 -0.5069 0.5747
vn -0.4799 0.3485 -0.8051
vn -0.3880 0.9062 -0.1683
vn -0.5463 0.6306 0.5513
vn -0.0531 -0.9562 -0.2878
vn -0.0581 -0.7865 -0.6149
vn 0.5939 0.5544 -0.5831
vn 0.1065 0.9897 -0.0958
vn 0.5730 -0.6325 -0.5212
vn 0.6386 -0.0123 0.7694
vn -0.0278 0.7746 0.6318
vn 0.4510 -0.8588 -0.2431
vn 0.3223 -0.9432 0.0804
vn -0.0850 0.7832 0.6159
vn 0.7642 0.4019 0.5045
vn 0.7722 -0.1988 0.6035
vn -0.7365 -0.5927 -0.3261
vn -0.7255 -0.4269 -0.5398
vn 0.8753 -0.0679 -0.4788
vn 0.9859 0.0669 0.1533
vn -0.1443 -0.0510 -0.9882
vn 0.7414 0.6708 -0.0199
vn -0.6322 -0.2727 0.7252
vn -0.6698 0.2727 0.6907
vn -0.0045 0.8653 0.5013
vn 0.8568 -0.4621 -0.2289
vn 0.7624 -0.5520 -0.3377
vn -0.1466 0.8538 -0.4996
vn -0.3680 0.8517 0.3732
vn 0.1696 -0.4166 -0.8931
vn 0.2158 0.9203 -0.3263
vn -0.1251 -0.6746 0.7275
vn -0.9627 -0.2626 0.0652
vn -0.9014 -0.1491 0.4065
vn -0.0537 -0.4149 -0.9083
vn -0.6001 -0.5049 0.6204
vn 0.8414 -0.5253 0.1270
vn 0.2823 -0.7833 -0.5539
vn -0.1591 -0.9116 -0.3791
vn -0.0486 0.4320 0.9006
vn 0.3004 0.6179 0.7266
vn 0.3851 0.5871 -0.7120
vn 0.1083 -0.2558 -0.9606
vn 0.1849 0.7864 0.5893
vn -0.9585 0.1932 -0.2097
vn -0.3974 -0.4706 -0.7878
vn -0.0630 0.6285 0.7752
vn 0.7536 -0.2366 -0.6133
vn 0.3012 0.0040 0.9535
vn 0.3005 0.7293 0.6147
vn 0.6133 0.7609 -0.2118
vn 0.1175 -0.9872 -0.1083
vn -0.0201 -0.9491 0.3144
vn -0.7073 0.3479 0.6153
vn -0.1628 0.8298 0.5338
vn -0.7844 -0.6101 0.1115
vn -0.4639 0.3953 -0.7928
vn 0.1337 0.9385 -0.3183
vn -0.5693 -0.7792 -0.2622
vn -0.6275 -0.2081 -0.7503
vn -0.5819 -0.1024 0.8068
vn 0.0071 -0.9662 0.2577
vn -0.1630 -0.9476 -0.2746
vn -0.6350 0.6918 -0.3437
vn -0.5789 0.7020 -0.4147
vn 0.8545 0.3187 0.4101
vn 0.6601 -0.7299 0.1775
vn -0.0024 0.9142 -0.4053
vn 0.4051 -0.1406 -0.9034
vn 0.3808 -0.8371 -0.3929
vn -0.0189 0.8891 -0.4574
vn -0.1488 -0.7621 0.6301
vn -0.0969 0.9935 -0.0603
vn -0.0510 0.8159 0.5759
vn 0.2512 0.4400 0.8621
vn -0.2360 -0.7930 -0.5617
vn 0.2367 -0.6618 -0.7114
vn 0.8951 -0.1177 0.4300
vn 0.4974 0.2408 0.8334
vn 0.5993 -0.4985 -0.6263
vn 0.1341 0.7223 -0.6784
vn 0.3923 -0.4000 0.8283
vn -0.8720 0.4893 0.0161
vn -0.2295 0.8338 0.5021
vn -0.4052 -0.7629 -0.5037
vn -0.9205 -0.2467 0.3030
vn 0.1925 0.9759 0.1028
vn 0.0891 0.6759 0.7316
vn -0.0709 0.4514 0.8895
vn -0.6204 -0.3764 -0.6881
vn 0.1133 0.0224 -0.9933
vn 0.5923 -0.6197 0.5149
vn 0.6327 -0.1468 0.7603
vn 0.2978 -0.0267 -0.9543
vn 0.1625 -0.9817 0.0994
vn -0.3532 0.7531 0.5550
vn 0.3440 -0.3833 0.8572
vn -0.5055 -0.4957 -0.7062
vn 0.9939 -0.1064 0.0302
vn 0.3283 0.9231 0.2004
vn -0.2190 -0.8508 0.4777
vn -0.5820 -0.2836 0.7621
vn -0.4770 0.5697 0.6692
vn 0.9609 0.0466 -0.2729
vn 0.9395 -0.0994 -0.3279
vn -0.6580 0.6410 -0.3951
vn -0.7507 0.4426 0.4904
vn 0.3376 -0.1212 -0.9335
vn -0.1171 -0.9889 -0.0919
vn -0.6315 0.7329 0.2530
vn -0.6308 -0.6354 0.4453
vn 0.2149 -0.3027 -0.9285
vn 0.4564 -0.5193 0.7225
vn 0.5345 -0.3431 0.7724
vn -0.0583 -0.7040 -0.7078
vn -0.7213 -0.6895 -0.0654
vn -0.5700 -0.7066 0.4192
vn 0.9250 0.3582 -0.1266
vn 0.8212 0.4370 -0.3669
vn -0.5487 0.6428 -0.5345
vn -0.1026 0.5259 0.8443
vn 0.9092 0.3429 0.2362
vn -0.6165 -0.6246 0.4794
vn -0.5371 -0.3438 0.7703
vn 0.1767 0.2455 0.9531
vn 0.7333 -0.0907 -0.6739
vn -0.1799 0.2613 -0.9484
vn -0.1526 0.9148 0.3740
vn -0.0740 0.4925 0.8672
vn -0.0647 0.4091 -0.9102
vn -0.8273 -0.4788 -0.2936
vn 0.2719 0.7103 0.6493
vn 0.1086 -0.9426 0.3159
vn -0.2946 -0.5786 0.7605
vn 0.6117 -0.1569 -0.7754
vn -0.6985 0.3801 0.6063
vn 0.8396 0.2872 -0.4610
vn 0.8841 -0.2032 0.4207
vn 0.5759 -0.1959 0.7937
vn -0.5338 0.5237 -0.6640
vn -0.4904 0.4201 -0.7636
vn 0.1303 -0.9717 -0.1969
vn 0.5676 -0.5663 0.5977
vn -0.6409 0.2837 -0.7133
vn -0.3043 0.7422 0.5971
vn -0.1844 -0.0375 -0.9821
vn -0.7397 -0.4194 0.5262
vn 0.1810 -0.5406 0.8216
vn -0.7230 0.3633 -0.5877
vn 0.9363 0.3384 -0.0937
vn -0.5442 -0.3456 0.7645
vn -0.5518 0.0972 0.8283
vn 0.3366 0.6047 0.7218
vn 0.5397 -0.5915 -0.5991
vn -0.4529 -0.1715 -0.8749
vn 0.0262 0.9971 -0.0716
vn 0.1251 0.7564 0.6421
vn -0.1971 -0.2124 -0.9571
vn -0.9383 -0.3447 0.0272
vn 0.3966 0.8216 0.4094
vn -0.0327 -0.7012 0.7122
vn -0.2637 -0.1358 0.9550
vn 0.3825 -0.6552 -0.6514
vn -0.8779 -0.0612 -0.4749
vn 0.3533 -0.6661 -0.6568
vn 0.3017 -0.0236 -0.9531
vn -0.0678 0.0491 -0.9965
vn -0.8669 -0.4154 0.2756
vn 0.0164 -0.8520 0.5233
vn 0.7958 0.4644 0.3886
vn 0.5359 0.7390 -0.4083
vn 0.0438 -0.6802 0.7317
vn -0.2636 0.9551 0.1354
vn 0.3163 0.8452 -0.4307
vn -0.6868 -0.4123 0.5986
vn 0.6143 0.5278 0.5865
vn -0.7628 -0.5619 0.3201
vn -0.8282 -0.3767 0.4149
vn -0.5184 0.3325 0.7878
vn 0.9623 -0.0164 -0.2714
vn 0.3160 0.0593 -0.9469
vn -0.5005 0.8586 0.1108
vn -0.5105 0.7268 0.4596
vn 0.3244 0.2534 -0.9114
vn -0.4418 -0.7439 -0.5014
vn -0.1245 0.8871 0.4445
vn 0.1013 -0.8233 0.5585
vn -0.5550 -0.5086 0.6582
vn 0.9477 -0.1513 -0.2809
vn -0.9160 0.3333 0.2231
vn 0.8180 0.4201 -0.3928
vn 0.7071 0.4459 0.5488
vn 0.3054 0.4619 0.8327
vn -0.3592 -0.1289 -0.9243
vn -0.2069 -0.2114 -0.9552
vn 0.4245 -0.8748 0.2336
vn 0.5014 -0.0083 0.8652
vn -0.2440 -0.1221 -0.9621
vn -0.6402 0.7680 -0.0176
vn 0.3616 -0.5368 -0.7623
vn -0.8498 -0.3014 0.4324
vn 0.0507 0.1635 0.9852
vn -0.3985 0.1069 -0.9109
vn 0.0183 0.9362 0.3510
vn -0.9427 -0.3102 0.1224
vn -0.5037 0.0095 -0.8638
vn -0.2812 0.6075 -0.7429
vn 0.0244 -0.2622 0.9647
vn 0.2434 0.1217 0.9623
vn 0.3256 -0.8881 -0.3244
vn -0.0526 -0.1606 -0.9856
vn 0.3988 -0.1050 0.9110
vn 0.9178 0.3870 -0.0889
vn 0.2085 0.3202 -0.9241
vn 0.2617 -0.5486 0.7941
vn -0.7234 0.3789 -0.5772
vn -0.5123 0.0495 0.8574
vn -0.7418 -0.4163 0.5258
vn -0.8621 -0.4788 0.1658
vn 0.0910 0.9121 -0.3997
vn 0.4082 0.7239 0.5562
vn 0.6777 -0.6621 0.3198
vn -0.0221 -0.9975 0.0672
vn 0.6261 0.7320 0.2687
vn 0.2447 -0.5215 -0.8174
vn -0.1229 -0.9618 -0.2445
vn 0.3101 0.7883 -0.5315
vn -0.6277 -0.2316 -0.7432
vn 0.7296 0.5180 -0.4465
vn 0.0451 0.9983 -0.0378
vn -0.6888 0.6044 -0.4003
vn 0.1424 -0.7773 -0.6128
vn 0.4942 -0.7948 -0.3523
vn 0.3280 0.2179 0.9192
vn -0.0871 0.9071 0.4118
vn 0.3116 -0.9062 0.2858
vn -0.9481 -0.2262 0.2236
vn -0.8137 0.5743 0.0899
vn -0.0710 -0.9832 0.1683
vn 0.4030 0.6593 0.6348
vn 0.8451 -0.5342 0.0216
vn -0.2913 -0.4962 0.8179
vn -0.3583 -0.1080 0.9274
vn 0.1123 0.8549 -0.5066
vn 0.3103 0.4448 -0.8402
vn -0.3499 -0.7485 -0.5633
vn -0.6520 -0.5312 0.5411
vn 0.1990 0.3819 -0.9025
vn -0.9014 0.4241 -0.0877
vn -0.8129 -0.2652 0.5185
vn -0.0450 0.7487 -0.6614
vn -0.0256 -0.7708 -0.6366
vn -0.5498 0.4511 0.7030
vn -0.6668 -0.1362 0.7327
vn -0.4880 -0.7659 0.4186
vn 0.2381 0.4182 -0.8766
vn 0.8349 0.4456 -0.3231
vn 0.4940 -0.7758 0.3926
vn -0.1415 -0.8536 0.5014
vn 0.9111 0.3425 -0.2293
vn 0.0910 0.8058 0.5852
vn -0.2875 -0.9480 0.1363
vn -0.8927 0.4435 0.0803
vn -0.8451 0.2324 0.4815
vn 0.0237 0.4558 -0.8898
vn 0.9634 0.1844 -0.1944
vn -0.4267 -0.6735 0.6036
vn -0.2001 -0.4327 0.8790
vn 0.6517 0.0302 0.7579
vn 0.3232 -0.0466 -0.9452
vn -0.5750 0.4657 -0.6727
vn 0.1887 0.8395 0.5096
vn 0.4168 0.3129 0.8534
vn -0.4062 0.5406 -0.7368
vn -0.9444 -0.3131 0.1006
vn 0.6733 0.5394 0.5057
vn 0.0430 -0.9948 0.0922
vn -0.0104 -0.6528 0.7575
vn 0.1020 -0.0366 -0.9941
vn -0.0289 -0.6545 -0.7555
vn -0.1410 0.6239 0.7687
vn 0.1828 -0.4602 0.8688
vn -0.1594 -0.8100 0.5644
vn 0.3270 0.5918 -0.7368
vn -0.1311 0.8167 -0.5620
vn 0.9217 -0.0458 0.3853
vn 0.4395 -0.3555 0.8249
vn 0.6528 0.3879 -0.6507
vn 0.2007 0.7309 0.6523
vn 0.1003 -0.8448 -0.5257
vn -0.9401 -0.3386 0.0385
vn -0.3518 -0.7844 0.5108
vn -0.2990 0.8121 -0.5011
vn 0.0712 -0.9000 -0.4301
vn -0.5140 0.4819 0.7096
vn -0.4269 -0.0422 0.9033
vn -0.0327 -0.8073 0.5892
vn -0.2467 0.1839 -0.9515
vn -0.3346 0.2658 -0.9041
vn 0.8657 -0.4662 0.1823
vn 0.1446 -0.6704 0.7278
vn 0.5457 0.5012 -0.6716
vn -0.9827 -0.0583 -0.1758
vn 0.1579 0.6830 0.7132
vn -0.1655 0.2587 0.9517
vn 0.5293 0.5945 -0.6053
vn 0.3169 -0.8854 0.3402
vn -0.0024 -0.9312 -0.3645
vn -0.2024 0.5339 0.8209
vn -0.0376 0.0073 0.9993
vn 0.3679 -0.7092 0.6015
vn -0.6552 0.0690 -0.7523
vn -0.7868 0.1074 -0.6077
vn 0.9271 -0.3257 -0.1854
vn 0.6037 -0.5520 0.5752
vn 0.1406 0.4792 -0.8664
vn -0.9238 -0.2250 0.3098
vn 0.3014 0.7888 0.5357
vn 0.2176 0.3025 0.9280
vn 0.0195 0.5737 -0.8188
vn 0.5805 -0.7863 0.2115
vn 0.7726 0.1478 -0.6175
vn -0.1234 -0.7536 0.6457
vn 0.7305 -0.4750 0.4906
vn 0.9624 -0.2251 0.1523
vn -0.0990 0.0292 -0.9947
vn -0.6134 0.5634 -0.5536
vn 0.5480 0.7072 0.4468
vn 0.8116 0.0416 0.5828
vn -0.6347 0.6624 -0.3978
vn -0.7231 -0.4492 -0.5248
vn 0.0832 -0.6449 0.7597
vn 0.7208 -0.6067 -0.3351
vn 0.3561 -0.6777 -0.6434
vn -0.9262 0.1474 0.3470
vn -0.8930 0.3892 0.2259
vn 0.5105 0.6799 0.5264
vn 0.8974 -0.2510 -0.3628
vn -0.9012 0.2343 0.3647
vn -0.1569 0.6033 -0.7819
vn 0.5799 -0.2549 -0.7738
vn -0.9176 0.2174 0.3327
vn -0.9631 -0.2575 -0.0779
vn -0.0422 -0.4678 0.8828
vn 0.1842 -0.9499 0.2525
vn -0.1764 -0.9803 -0.0891
vn -0.7176 0.6596 0.2236
vn -0.2416 0.6990 0.6731
vn 0.9740 0.2169 0.0661
vn 0.6824 -0.6737 -0.2837
vn -0.1192 0.9053 0.4078
vn -0.1336 0.1306 -0.9824
vn 0.3052 -0.7052 -0.6399
vn -0.4748 0.8782 0.0575
vn -0.8313 -0.2672 -0.4874
vn -0.5818 -0.2715 0.7667
vn 0.3259 -0.9453 -0.0136
vn 0.2977 -0.9485 -0.1085
vn -0.3614 0.9195 0.1548
vn -0.3987 0.9170 -0.0113
vn 0.6762 0.3703 0.6369
vn 0.5068 -0.8620 0.0114
vn -0.5646 0.8253 -0.0080
vn 0.3670 0.3764 -0.8507
vn -0.2912 0.0826 -0.9531
vn 0.8954 -0.3261 -0.3031
vn 0.6914 0.7057 0.1550
vn -0.0646 0.9684 -0.2407
vn -0.6733 -0.7200 -0.1683
vn 0.0631 -0.9643 0.2571
vn 0.0870 -0.0779 0.9932
vn 0.5277 0.7527 0.3936
vn 0.0347 -0.9656 0.2578
vn -0.9492 0.2946 0.1103
vn -0.0492 0.9674 -0.2484
vn -0.5106 -0.7610 -0.4003
vn -0.1334 -0.5447 0.8279
vn 0.1848 -0.6990 -0.6908
vn 0.3440 0.6840 -0.6433
vn -0.9033 0.2174 -0.3699
vn 0.9044 -0.2059 0.3738
vn -0.1284 0.7023 0.7002
vn -0.9680 0.2235 0.1141
vn 0.8910 -0.1889 0.4129
vn 0.1619 -0.4464 0.8801
vn -0.8245 -0.4333 -0.3640
vn -0.8300 0.4418 0.3403
vn -0.6349 0.4400 0.6351
vn 0.2797 -0.9183 -0.2803
vn 0.3680 -0.9177 -0.1493
vn 0.1452 0.4450 -0.8837
vn -0.5474 0.8050 0.2290
vn 0.5871 -0.7557 -0.2901
vn 0.8703 0.4465 0.2080
vn -0.4157 0.8082 0.4171
vn 0.4410 -0.7552 -0.4849
vn -0.1156 0.5676 0.8152
vn 0.9501 -0.3094 -0.0402
vn -0.2413 -0.6029 0.7604
vn 0.3531 0.9181 -0.1802
vn 0.0371 -0.4205 -0.9065
vn -0.9818 0.1734 -0.0774
vn -0.6651 -0.6664 0.3370
vn 0.1071 0.8902 -0.4429
vn -0.0570 0.7516 0.6571
vn 0.7042 -0.5483 0.4511
vn -0.4123 -0.5010 0.7610
vn -0.4398 -0.2449 0.8641
vn 0.4992 0.8442 -0.1954
vn 0.8164 0.4796 -0.3218
vn 0.0651 -0.6849 -0.7257
vn -0.7061 -0.5548 0.4401
vn 0.7436 0.5184 -0.4223
vn -0.7807 0.4158 -0.4665
vn -0.8802 -0.1946 0.4328
vn 0.3094 0.8790 -0.3628
vn 0.8318 -0.2684 0.4858
vn 0.5424 -0.3524 -0.7627
vn -0.2982 -0.8929 -0.3375
vn -0.2971 -0.9485 0.1098
vn 0.3602 0.9199 -0.1552
vn 0.3550 0.8260 -0.4378
vn -0.7191 0.2714 -0.6397
vn -0.4797 -0.8324 -0.2775
vn 0.5059 0.7475 -0.4305
vn -0.3778 0.3608 0.8527
vn -0.4645 -0.8618 0.2038
vn 0.5271 0.8238 -0.2087
vn 0.6656 0.3391 0.6648
vn -0.8139 0.4626 0.3515
vn -0.3534 0.8887 -0.2920
vn 0.1413 0.9792 -0.1459
vn 0.1452 -0.6403 0.7543
vn -0.2615 -0.7511 0.6062
vn -0.4928 -0.3904 -0.7776
vn -0.2049 0.5015 -0.8405
vn -0.1448 -0.9055 0.3989
vn 0.9224 -0.1343 -0.3622
vn 0.3519 0.6493 -0.6743
vn 0.1702 -0.8229 0.5421
vn -0.5232 -0.5658 -0.6373
vn -0.2940 -0.6031 0.7415
vn 0.8304 -0.5569 -0.0150
vn -0.8518 0.5237 -0.0129
vn 0.2717 0.6797 0.6813
vn 0.9681 -0.2505 0.0086
vn -0.9717 0.2362 -0.0072
vn -0.0170 0.6684 -0.7436
vn 0.5074 0.3975 0.7646
vn -0.7692 0.3569 0.5300
vn -0.0000 0.9951 -0.0985
vn -0.0497 0.9925 -0.1118
vn -0.2869 -0.5402 0.7911
vn -0.0000 -0.5338 0.8456
vn -0.6390 -0.3942 -0.6605
vn -0.0000 0.5248 -0.8513
vn -0.0000 -0.9950 0.1001
vn 0.8556 -0.3398 -0.3905
vn 0.2839 0.5317 -0.7979
vn 0.0517 -0.9919 0.1159
vn -0.7090 0.6933 -0.1290
vn 0.6757 0.7279 0.1163
vn -0.3638 -0.2098 0.9075
vn 0.3543 0.1752 -0.9185
vn 0.5875 -0.7979 -0.1349
vn -0.4634 -0.8142 -0.3497
vn -0.2735 -0.6667 0.6933
vn 0.1786 -0.8520 -0.4922
vn -0.8798 -0.4463 0.1634
vn 0.3656 -0.4326 -0.8241
vn -0.6347 0.4405 -0.6349
vn 0.2800 -0.9181 0.2806
vn 0.8833 0.4419 0.1567
vn -0.2100 0.4497 0.8682
vn -0.5430 0.3939 0.7416
vn -0.8513 0.1693 -0.4966
vn -0.0890 0.9805 -0.1754
vn -0.0833 0.9748 -0.2069
vn -0.7347 -0.6703 0.1050
vn -0.6813 -0.6186 0.3914
vn 0.3919 -0.4207 -0.8181
vn 0.6801 0.6070 -0.4112
vn 0.0960 -0.9764 0.1935
vn 0.7519 -0.1297 0.6464
vn 0.7421 0.6575 -0.1305
vn 0.0823 -0.9695 0.2310
vn 0.6105 0.2611 -0.7478
vn 0.2948 0.6834 0.6679
vn -0.2319 0.9639 0.1311
vn -0.0829 0.8306 -0.5507
vn 0.8498 -0.4816 -0.2142
vn 0.6419 -0.3279 0.6931
vn -0.8947 0.3268 -0.3043
vn -0.9768 0.1336 -0.1675
vn -0.1048 -0.9922 0.0680
vn 0.2948 0.2334 -0.9266
vn 0.5643 0.6615 0.4939
vn -0.0854 0.9756 0.2023
vn -0.2396 0.8395 -0.4876
vn 0.6637 -0.5362 -0.5216
vn 0.8323 -0.3821 0.4016
vn -0.9365 0.3417 0.0790
vn -0.9496 0.2395 0.2021
vn -0.1013 -0.9888 0.1100
vn -0.0753 0.2102 -0.9748
vn 0.7529 0.6076 0.2529
vn 0.0596 0.9753 0.2128
vn -0.3387 0.8576 -0.3870
vn 0.3781 -0.5706 -0.7290
vn 0.8960 -0.4378 0.0750
vn -0.8252 0.3607 0.4347
vn -0.7832 0.3340 0.5244
vn -0.0824 -0.9859 0.1456
vn -0.4354 0.2232 -0.8721
vn 0.8342 0.5489 -0.0527
vn 0.2138 0.9629 0.1644
vn -0.3977 0.8863 -0.2372
vn 0.0238 -0.5886 -0.8081
vn 0.8263 -0.4961 -0.2666
vn -0.2355 0.2608 0.9362
vn -0.5127 0.4037 0.7577
vn -0.0549 -0.9836 0.1719
vn -0.7246 0.2595 -0.6384
vn 0.7926 0.4840 -0.3707
vn 0.3269 0.9431 0.0617
vn -0.3961 0.9146 -0.0809
vn -0.3295 -0.5779 -0.7467
vn 0.6247 -0.5499 -0.5544
vn 0.2248 -0.4799 0.8481
vn -0.1783 0.4386 0.8808
vn -0.0194 -0.9822 0.1869
vn -0.8968 0.3117 -0.3139
vn 0.6282 0.4264 -0.6507
vn 0.3961 0.9146 -0.0809
vn -0.3269 0.9431 0.0616
vn -0.6247 -0.5499 -0.5544
vn 0.3294 -0.5779 -0.7467
vn -0.2258 -0.4787 0.8485
vn 0.1782 0.4386 0.8808
vn 0.0195 -0.9822 0.1869
vn -0.9256 0.3752 0.0501
vn 0.3595 0.3869 -0.8491
vn 0.3977 0.8863 -0.2372
vn -0.2139 0.9629 0.1644
vn -0.8263 -0.4961 -0.2665
vn -0.0238 -0.5886 -0.8081
vn 0.2361 0.2616 0.9358
vn 0.5127 0.4037 0.7578
vn 0.0550 -0.9836 0.1719
vn -0.8092 0.4398 0.3895
vn 0.0297 0.3714 -0.9280
vn 0.3387 0.8576 -0.3869
vn -0.0597 0.9753 0.2129
vn -0.8960 -0.4376 0.0750
vn -0.3781 -0.5705 -0.7291
vn 0.8248 0.3609 0.4352
vn 0.7831 0.3340 0.5246
vn 0.0824 -0.9859 0.1455
vn -0.5783 0.4854 0.6557
vn -0.3065 0.3632 -0.8799
vn 0.2396 0.8395 -0.4876
vn 0.0853 0.9756 0.2023
vn -0.8323 -0.3821 0.4015
vn -0.6637 -0.5362 -0.5215
vn 0.9367 0.3410 0.0791
vn 0.9496 0.2395 0.2021
vn 0.1013 -0.9888 0.1100
vn -0.0788 -0.2204 -0.9722
vn -0.9999 0.0147 -0.0081
vn -0.6272 -0.7573 0.1820
vn -0.3208 -0.9044 -0.2811
vn 0.0502 0.6860 -0.7258
vn -0.2612 0.9435 -0.2041
vn 0.0530 0.3196 0.9461
vn -0.2395 -0.7042 0.6684
vn -0.2356 0.9571 -0.1688
vn 0.9554 -0.2342 -0.1800
vn 0.0977 -0.9883 0.1168
vn -0.0426 0.7086 -0.7044
vn 0.8681 0.2312 0.4393
vn -0.4278 0.1394 0.8930
vn -0.3897 0.8413 0.3746
vn 0.1586 0.9486 0.2738
vn 0.6276 -0.6978 0.3453
vn 0.0075 -0.8939 0.4481
vn -0.8474 -0.3158 -0.4268
vn -0.6475 0.7426 -0.1712
vn 0.0035 -0.9087 0.4174
vn 0.5898 0.0838 -0.8032
vn 0.0154 0.9633 -0.2681
vn 0.5806 -0.7089 0.4005
vn 0.8584 -0.5116 -0.0382
vn -0.6215 0.5545 0.5535
vn 0.3428 0.9361 -0.0789
vn 0.7424 0.6684 -0.0450
vn -0.3059 -0.9463 -0.1049
vn -0.4704 -0.8384 0.2754
vn -0.2813 0.3030 -0.9105
vn 0.2420 0.8962 -0.3718
vn -0.4242 -0.8678 -0.2588
vn -0.7794 0.4786 0.4043
vn 0.6945 -0.3449 -0.6314
vn 0.6042 -0.0850 0.7923
vn 0.7656 0.5680 0.3022
vn -0.2442 -0.7776 0.5793
vn 0.1732 0.6660 0.7256
vn 0.8322 -0.4408 -0.3363
vn 0.3514 -0.8836 0.3094
vn 0.1989 -0.4864 0.8508
vn 0.1362 0.9150 -0.3798
vn 0.2560 0.7649 -0.5911
vn -0.3093 -0.7028 -0.6406
vn -0.1412 -0.9794 0.1445
vn -0.1448 0.6395 -0.7550
vn -0.9240 0.1310 0.3593
vn -0.3534 -0.6497 0.6731
vn -0.1716 0.8218 -0.5432
vn 0.7743 -0.4348 -0.4599
vn -0.5017 -0.2832 -0.8174
vn -0.5006 -0.8430 -0.1969
vn -0.0313 -0.9943 -0.1021
vn 0.6620 0.5349 -0.5251
vn 0.0626 0.7770 -0.6263
vn -0.7949 0.3898 0.4650
vn -0.6295 -0.5614 0.5372
vn 0.0805 0.9500 -0.3016
vn 0.6226 -0.1023 0.7758
vn -0.1609 -0.7700 0.6174
vn 0.5576 0.7882 -0.2603
vn -0.5214 -0.1729 -0.8356
vn 0.9777 -0.1031 -0.1829
vn 0.6148 0.7615 -0.2051
vn -0.1219 0.7100 -0.6936
vn -0.1910 -0.9496 -0.2486
vn 0.1410 -0.9896 0.0271
vn 0.1354 0.4017 0.9057
vn 0.3113 0.9323 0.1841
vn -0.2903 -0.7658 0.5738
vn -0.9365 0.3435 -0.0707
vn -0.4302 0.8391 -0.3329
vn -0.6796 -0.6268 0.3811
vn 0.5321 0.2567 0.8068
vn 0.5945 -0.0513 -0.8024
vn 0.4097 -0.8432 -0.3480
vn 0.5306 -0.6715 0.5173
vn 0.1815 0.9690 0.1676
vn 0.0947 0.9582 -0.2700
vn -0.7707 -0.4447 -0.4563
vn -0.0544 -0.9742 -0.2192
vn -0.5835 0.8086 -0.0752
vn -0.3762 -0.1920 0.9064
vn 0.0538 -0.7559 0.6525
vn -0.6088 0.7014 0.3707
vn -0.8951 0.4416 -0.0613
vn 0.5108 -0.0483 -0.8584
vn 0.7403 0.4148 -0.5290
vn 0.0210 0.9974 -0.0683
vn -0.6262 -0.7320 -0.2684
vn -0.4098 -0.7241 -0.5547
vn 0.9752 -0.1919 0.1107
vn 0.8600 0.4821 -0.1670
vn -0.0918 -0.9118 0.4003
vn -0.2439 0.5217 0.8175
vn 0.1223 0.9618 0.2448
vn -0.3105 -0.7882 0.5314
vn 0.5649 0.8193 0.0980
vn -0.0087 -0.5662 -0.8242
vn 0.5322 -0.8170 -0.2222
vn 0.9849 -0.0497 0.1655
vn -0.4037 0.8415 -0.3589
vn -0.5901 0.6660 -0.4563
vn -0.3251 -0.9048 0.2749
vn 0.4721 -0.8812 0.0252
vn -0.8299 0.4806 0.2833
vn 0.4536 0.2567 0.8535
vn 0.8425 -0.0563 0.5358
vn -0.6312 0.5147 0.5802
vn -0.8417 0.5385 0.0389
vn 0.3020 -0.2639 0.9161
vn -0.2146 -0.8880 0.4066
vn -0.8873 -0.4505 0.0987
vn 0.0677 0.9850 0.1588
vn 0.4289 0.8608 0.2739
vn 0.6446 -0.6228 -0.4434
vn -0.0984 -0.9947 -0.0303
vn 0.5897 0.7265 -0.3529
vn -0.5666 0.0845 -0.8196
vn -0.7662 -0.5070 -0.3949
vn 0.2413 0.7506 -0.6150
vn 0.8868 -0.1823 0.4247
vn -0.5469 0.1053 0.8305
vn -0.2840 0.8384 0.4653
vn 0.2931 0.8851 0.3616
vn -0.1898 -0.9238 0.3326
vn -0.2502 -0.8922 0.3760
vn -0.9335 0.1663 -0.3178
vn -0.4801 0.8699 -0.1129
vn -0.4743 -0.8470 -0.2402
vn 0.3771 0.0374 -0.9254
vn 0.0279 0.9520 -0.3049
vn -0.4409 -0.8679 -0.2289
vn 0.7818 0.3152 -0.5380
vn 0.5036 0.3392 0.7945
vn -0.0252 0.9059 0.4226
vn 0.1426 0.9878 -0.0627
vn 0.7297 -0.6240 -0.2796
vn 0.5213 -0.7907 0.3210
vn -0.8086 -0.2661 0.5248
vn -0.7341 0.6361 0.2379
vn 0.2329 -0.9565 0.1754
vn -0.4150 -0.0096 -0.9098
vn -0.5820 0.7734 -0.2513
vn 0.4267 -0.8576 -0.2872
vn -0.6972 -0.1677 -0.6970
vn 0.8874 -0.0434 -0.4590
vn 0.5414 0.7656 -0.3474
vn -0.2156 0.8229 -0.5257
vn -0.1679 -0.9734 -0.1559
vn 0.2679 -0.9601 -0.0808
vn 0.6789 0.1722 0.7138
vn 0.4754 0.8431 0.2514
vn 0.2237 -0.8008 0.5556
vn -0.7500 0.2820 0.5984
vn -0.2531 0.9670 0.0283
vn -0.1993 -0.9015 0.3843
vn -0.3148 0.3205 -0.8934
vn -0.7980 0.0089 0.6026
vn -0.6132 -0.7497 0.2490
vn -0.4370 -0.7367 -0.5161
vn 0.0209 0.9972 -0.0724
vn -0.1269 0.9357 0.3290
vn 0.3053 -0.3184 0.8974
vn -0.0726 -0.9068 0.4152
vn 0.4592 0.7100 0.5339
vn 0.8457 -0.3040 -0.4385
vn 0.0718 -0.9380 -0.3390
vn 0.5082 0.8554 0.1003
vn -0.3497 0.3166 0.8817
vn -0.2414 0.0089 -0.9704
vn 0.1803 0.8249 -0.5358
vn 0.2474 0.9653 -0.0839
vn -0.4733 -0.8143 0.3360
vn -0.1332 -0.9850 0.1102
vn 0.9572 -0.0290 0.2881
vn 0.6055 0.7945 -0.0466
vn 0.0898 -0.9668 0.2393
vn 0.2782 -0.4280 -0.8599
vn 0.1578 0.5962 0.7872
vn -0.7873 0.2847 -0.5470
vn -0.1786 0.7764 -0.6044
vn -0.7661 -0.6286 0.1339
vn 0.0877 0.5322 0.8420
vn -0.7844 0.4541 -0.4225
vn -0.0575 0.8321 -0.5517
vn 0.3212 0.9467 0.0228
vn -0.3670 -0.2977 0.8813
vn -0.8976 -0.4222 0.1266
vn 0.7302 0.3113 -0.6082
vn 0.8519 0.0337 -0.5226
vn 0.0873 -0.9959 0.0236
vn -0.2605 0.5279 0.8084
vn -0.5901 0.4138 -0.6932
vn 0.0829 0.8306 -0.5507
vn 0.2319 0.9639 0.1311
vn -0.6419 -0.3278 0.6931
vn -0.8498 -0.4816 -0.2143
vn 0.8948 0.3266 -0.3045
vn 0.9768 0.1336 -0.1676
vn 0.1048 -0.9922 0.0681
vn 0.4180 0.5270 0.7400
vn -0.8495 0.5188 -0.0962
vn -0.1964 0.8444 -0.4985
vn 0.3751 0.9196 -0.1164
vn -0.0357 -0.2790 0.9596
vn -0.8048 -0.3673 0.4662
vn 0.9462 -0.0179 -0.3231
vn 0.5793 -0.0485 -0.8137
vn 0.0636 -0.9980 -0.0067
vn 0.9157 0.3848 -0.1159
vn -0.3249 0.6800 0.6573
vn -0.3751 0.9196 -0.1164
vn 0.1965 0.8444 -0.4985
vn 0.8048 -0.3673 0.4662
vn 0.0356 -0.2790 0.9596
vn -0.9470 -0.0210 -0.3206
vn -0.5792 -0.0486 -0.8138
vn -0.0638 -0.9979 -0.0066
vn 0.8275 0.3228 -0.4593
vn -0.0115 0.7018 0.7123
vn -0.3207 0.9469 0.0217
vn 0.0583 0.8316 -0.5523
vn 0.8974 -0.4224 0.1277
vn 0.3661 -0.2971 0.8819
vn -0.8193 0.3173 -0.4776
vn -0.8488 0.0318 -0.5278
vn -0.0916 -0.9954 0.0276
vn -0.0868 -0.8619 0.4996
vn 0.9364 0.2888 -0.1993
vn 0.4575 -0.2278 -0.8595
vn 0.2225 -0.7299 -0.6463
vn -0.0110 0.2925 0.9562
vn 0.0505 0.4659 0.8834
vn -0.3561 0.7432 -0.5664
vn -0.0948 -0.0088 -0.9955
vn -0.1506 0.6052 0.7817
vn -0.8789 -0.4743 -0.0494
vn -0.2688 -0.5711 -0.7757
vn -0.2459 0.4161 0.8754
vn 0.4186 0.5921 0.6886
vn -0.8270 -0.1010 -0.5531
vn -0.5224 0.5513 -0.6505
vn -0.0392 0.8936 -0.4471
vn -0.0067 -0.6923 0.7216
vn 0.3013 -0.9121 0.2782
vn 0.8452 0.3398 -0.4126
vn 0.1680 0.8571 -0.4869
vn 0.4382 -0.8815 0.1761
vn -0.4044 -0.6574 -0.6358
vn 0.3917 0.9196 0.0306
vn -0.9889 0.1162 0.0926
vn -0.6857 0.5281 -0.5010
vn -0.3179 -0.5060 0.8018
vn 0.3711 -0.7205 0.5858
vn -0.0599 0.7994 0.5979
vn 0.6253 0.7747 0.0943
vn 0.9716 0.2350 0.0297
vn -0.8872 -0.0017 0.4614
vn -0.8477 -0.1817 0.4983
vn -0.4137 0.7285 -0.5460
vn 0.4826 0.7394 -0.4694
vn -0.9620 -0.2634 0.0719
vn 0.0800 -0.6223 -0.7787
vn 0.7972 0.1846 -0.5749
vn -0.9857 -0.1208 0.1172
vn -0.8270 -0.5621 -0.0155
vn 0.6525 -0.1357 -0.7455
vn -0.0952 0.5798 -0.8092
vn -0.6285 0.3777 -0.6800
vn 0.1411 -0.8585 0.4930
vn 0.4708 -0.7288 0.4972
vn 0.5906 0.6664 0.4551
vn -0.5461 0.2779 0.7903
vn 0.7985 0.4024 0.4478
vn -0.9953 0.0365 -0.0902
vn -0.6045 0.7763 -0.1785
vn -0.0805 0.9873 -0.1369
vn 0.3030 -0.7944 0.5265
vn 0.3203 -0.9473 0.0037
vn 0.5770 0.3568 -0.7347
vn 0.0589 0.9118 -0.4063
vn 0.3977 -0.8855 -0.2405
vn -0.8095 -0.4788 -0.3398
vn 0.3845 0.9186 -0.0912
vn -0.7456 0.1924 0.6380
vn -0.7970 0.5886 0.1352
vn 0.0500 -0.5659 0.8230
vn -0.7550 -0.6553 0.0245
vn 0.7631 -0.5970 0.2475
vn 0.5585 -0.3033 -0.7721
vn 0.0005 -0.4459 -0.8951
vn -0.4136 0.1831 0.8918
vn -0.0921 0.3483 0.9329
vn 0.6002 0.7989 0.0388
vn 0.4579 0.2211 -0.8611
vn -0.0733 -0.1249 0.9895
vn -0.7899 0.5474 -0.2765
vn -0.0677 0.0986 -0.9928
vn -0.3369 -0.2619 0.9044
vn 0.9041 -0.2245 -0.3637
vn -0.2981 0.0028 -0.9545
vn -0.2982 -0.7206 -0.6260
vn 0.1715 -0.8342 -0.5241
vn 0.7830 0.6139 -0.1001
vn 0.0152 0.9485 -0.3164
vn -0.8970 0.0825 0.4344
vn -0.6229 -0.7529 0.2125
vn -0.1183 0.9872 0.1073
vn 0.4374 -0.3998 0.8055
vn -0.1506 -0.9396 0.3072
vn 0.5645 0.7786 0.2740
vn -0.6816 0.5354 -0.4988
vn 0.9819 -0.1369 0.1305
vn 0.7699 0.5954 0.2298
vn 0.2751 0.9399 0.2023
vn -0.3717 -0.7698 -0.5189
vn -0.4513 -0.8911 0.0482
vn -0.5425 0.4812 0.6886
vn 0.0887 0.9229 0.3747
vn -0.5139 -0.8337 0.2021
vn 0.6436 -0.6087 0.4640
vn -0.3023 0.9530 0.0194
vn 0.8199 -0.0023 -0.5726
vn 0.8895 0.4550 -0.0422
vn -0.1199 -0.6187 -0.7765
vn 0.4174 -0.6427 0.6424
vn 0.6720 0.0394 -0.7395
vn -0.1806 -0.5682 -0.8028
vn -0.1280 -0.9537 -0.2722
vn 0.6669 0.6248 0.4060
vn 0.5571 0.6589 0.5055
vn -0.6577 0.6166 -0.4327
vn -0.6701 -0.2496 -0.6991
vn 0.2572 0.8345 0.4873
vn -0.5928 -0.1659 0.7881
vn -0.7615 -0.6205 -0.1873
vn 0.1264 0.8992 0.4189
vn 0.5660 0.2595 -0.7825
vn 0.1030 -0.2045 0.9734
vn 0.3619 0.5147 0.7772
vn 0.5914 0.7902 0.1608
vn 0.0030 -0.8107 -0.5854
vn -0.2124 -0.8320 -0.5125
vn -0.3925 0.8234 -0.4098
vn 0.3936 0.8691 0.2996
vn -0.6930 -0.5831 -0.4239
vn -0.5605 -0.1908 0.8059
vn 0.2740 0.9384 -0.2105
vn 0.1433 0.4247 0.8939
vn -0.9145 -0.3813 -0.1353
vn 0.5355 -0.5619 0.6305
vn -0.6206 -0.5828 -0.5246
vn 0.7260 0.3697 -0.5799
vn -0.0016 0.8980 -0.4400
vn -0.5987 0.5582 -0.5745
vn 0.2694 -0.9629 0.0182
vn 0.5449 -0.8379 0.0318
vn 0.5232 0.6559 0.5441
vn -0.0633 0.9961 0.0607
vn 0.5371 -0.7066 0.4608
vn -0.7235 -0.0342 0.6895
vn -0.6540 0.7564 0.0102
vn 0.3052 -0.8730 0.3803
vn -0.6499 -0.6990 0.2984
vn -0.0382 0.6261 0.7788
vn 0.4223 -0.5001 0.7560
vn 0.6239 -0.2412 0.7433
vn -0.9050 0.2177 -0.3656
vn -0.8156 0.4779 -0.3262
vn 0.6925 0.4808 -0.5378
vn 0.7102 -0.5633 0.4222
vn -0.7436 0.5161 -0.4251
vn 0.0635 -0.7742 -0.6297
vn 0.8596 -0.2658 0.4364
vn -0.8616 0.2370 -0.4489
vn -0.3535 -0.6520 -0.6708
vn 0.5478 0.7408 0.3888
vn -0.2977 0.8975 -0.3253
vn -0.2961 0.5483 -0.7821
vn 0.0609 -0.8539 0.5169
vn 0.5882 -0.6998 0.4053
vn -0.7235 0.4407 0.5313
vn -0.4581 0.8745 -0.1595
vn -0.1120 -0.8051 0.5825
vn 0.5022 0.5702 0.6501
vn -0.6818 -0.4966 -0.5371
vn 0.4993 -0.0106 -0.8664
vn -0.0431 0.3739 -0.9265
vn 0.8301 -0.5405 0.1369
vn -0.7289 -0.2956 0.6175
vn 0.2505 0.3705 -0.8944
vn -0.0914 0.9648 -0.2465
vn -0.5865 0.7137 0.3828
vn 0.4050 -0.8272 0.3894
vn 0.1659 -0.8753 -0.4542
vn 0.7880 0.5342 0.3060
vn 0.1548 0.9851 0.0751
vn 0.5322 -0.8072 0.2554
vn 0.6224 0.4683 -0.6272
vn -0.2677 -0.0314 0.9630
vn -0.9947 -0.0220 -0.1000
vn -0.8874 0.4411 0.1337
vn -0.0416 -0.9117 -0.4087
vn -0.8877 -0.2419 -0.3918
vn -0.5316 0.2427 -0.8115
vn -0.5182 0.8377 0.1723
vn 0.4573 -0.7586 -0.4641
vn 0.1327 0.8551 -0.5012
vn -0.4410 0.7907 0.4247
vn 0.5691 -0.8150 -0.1089
vn 0.6991 0.1100 0.7065
vn -0.3855 0.8419 0.3777
vn 0.2399 -0.7768 -0.5823
vn 0.0087 -0.4199 0.9075
vn -0.5706 -0.2853 -0.7701
vn -0.0616 -0.8540 0.5166
vn 0.6118 -0.7908 0.0165
vn 0.4876 -0.7572 -0.4346
vn -0.9114 0.4007 0.0939
vn -0.8137 0.3360 0.4743
vn 0.5442 0.4759 0.6909
vn 0.9279 -0.3724 -0.0177
vn -0.8758 0.1587 0.4558
vn 0.1145 0.5902 -0.7991
vn 0.7770 -0.2832 -0.5621
vn -0.9643 0.2326 0.1265
vn 0.8124 0.2537 0.5249
vn -0.8566 0.4759 0.1993
vn -0.3113 0.9232 -0.2256
vn -0.0377 0.9550 -0.2943
vn 0.3041 -0.7595 0.5751
vn -0.4285 -0.8163 0.3872
vn 0.2878 -0.0977 -0.9527
vn 0.1021 0.5855 -0.8042
vn -0.2781 -0.8805 0.3839
vn 0.7815 -0.3311 -0.5288
vn -0.1335 0.9545 0.2665
vn 0.3803 0.4676 -0.7979
vn 0.6245 -0.6449 0.4406
vn -0.3500 -0.3379 -0.8737
vn -0.6532 -0.4229 0.6281
vn 0.2400 0.6544 0.7171
vn 0.8780 -0.1984 0.4355
vn -0.3096 0.8776 -0.3659
vn 0.5746 0.3726 -0.7287
vn 0.9616 -0.2654 0.0703
vn -0.3653 0.9011 -0.2336
vn -0.3713 -0.6733 -0.6393
vn 0.7739 -0.6186 0.1357
vn -0.8090 0.5756 -0.1191
vn 0.4898 -0.7268 -0.4815
vn 0.7205 0.6643 0.1992
vn 0.2508 0.7930 -0.5552
vn 0.1686 0.2531 -0.9526
vn 0.3575 -0.7205 0.5942
vn 0.4243 -0.2714 0.8639
vn -0.5885 0.6635 0.4620
vn -0.4443 0.7941 -0.4148
vn -0.0635 -0.2701 0.9607
vn -0.8214 -0.4875 -0.2959
vn -0.5194 0.2557 -0.8154
vn -0.1002 -0.7206 0.6860
vn -0.7348 -0.6485 0.1990
vn 0.7421 -0.3806 -0.5517
vn -0.0199 0.0906 -0.9957
vn -0.5642 -0.1107 -0.8182
vn 0.2217 -0.4929 0.8413
vn 0.4422 -0.3319 0.8333
vn 0.3979 0.9112 -0.1067
vn -0.0819 0.6335 -0.7694
vn 0.4333 -0.1295 0.8919
vn -0.7839 0.5510 0.2864
vn -0.5812 0.4896 -0.6500
vn 0.2004 -0.2823 0.9382
vn 0.1569 0.9179 0.3645
vn -0.4109 -0.5529 0.7249
vn -0.9813 -0.1642 0.1008
vn -0.9285 0.3711 0.0145
vn 0.9040 -0.2247 0.3637
vn 0.9333 -0.1260 0.3362
vn -0.2148 -0.8363 -0.5045
vn -0.8688 -0.2804 -0.4081
vn 0.9575 -0.2649 0.1141
vn 0.2055 0.4724 -0.8571
vn -0.8489 0.2991 -0.4359
vn 0.8984 -0.4080 0.1625
vn -0.9002 -0.0658 -0.4305
vn 0.5682 0.0184 -0.8227
vn 0.3992 0.7918 -0.4622
vn -0.1752 0.9180 -0.3559
vn 0.0819 -0.9391 -0.3336
vn 0.1395 -0.9194 -0.3676
vn 0.9414 0.0270 0.3362
vn 0.6014 0.7884 0.1292
vn 0.3684 -0.8963 0.2468
vn -0.3680 0.0589 0.9280
vn 0.1027 0.9395 0.3268
vn 0.3407 -0.9126 0.2261
vn -0.4972 0.3468 0.7953
vn -0.4438 -0.6150 -0.6518
vn 0.1149 0.9932 0.0192
vn 0.9740 -0.1923 0.1202
vn 0.9768 0.1960 0.0861
vn 0.1560 0.9621 0.2235
vn 0.7148 -0.1690 0.6786
vn -0.5962 -0.4777 -0.6452
vn -0.3541 0.6660 0.6566
vn -0.3021 0.0234 0.9530
vn -0.5361 -0.7390 0.4079
vn -0.0438 0.6801 -0.7318
vn -0.0166 0.8521 -0.5232
vn 0.5730 0.2186 0.7899
vn 0.0678 -0.0489 0.9965
vn 0.8670 0.4151 -0.2755
vn 0.2638 -0.9550 -0.1354
vn -0.3159 -0.8454 0.4307
vn 0.6869 0.4121 -0.5986
vn 0.0916 -0.2607 -0.9611
vn 0.8235 0.1085 0.5568
vn -0.8403 -0.4480 0.3053
vn -0.4491 0.8502 -0.2748
vn 0.6612 -0.7207 -0.2081
vn 0.8241 0.5072 -0.2523
vn -0.2499 0.5278 0.8118
vn -0.6194 0.7849 0.0176
vn -0.2585 0.9156 -0.3079
vn 0.8310 -0.4260 0.3577
vn 0.5253 -0.6012 0.6022
vn -0.8180 -0.5730 0.0499
vn -0.9067 0.2719 -0.3223
vn 0.4517 -0.7791 0.4347
vn 0.2375 -0.1952 -0.9516
vn -0.5290 0.4800 -0.6998
vn 0.7163 -0.6350 0.2894
vn -0.2845 0.1764 -0.9423
vn 0.9767 0.2124 0.0312
vn 0.5610 0.7680 0.3088
vn -0.1836 0.9698 -0.1605
vn 0.1885 -0.8093 -0.5564
vn 0.6020 -0.6945 -0.3940
vn 0.3366 -0.0659 0.9393
vn 0.2277 0.6915 0.6856
vn 0.0907 -0.9683 0.2326
vn -0.9819 0.0339 0.1863
vn -0.5077 0.8352 0.2112
vn -0.2739 -0.9615 -0.0239
vn 0.0497 0.8225 0.5665
vn 0.4600 -0.7624 0.4551
vn -0.6221 -0.7350 0.2697
vn -0.8636 -0.2345 0.4462
vn 0.8633 0.2442 -0.4417
vn 0.4342 -0.8659 -0.2484
vn -0.8382 -0.3598 -0.4099
vn -0.7409 -0.2205 -0.6343
vn 0.5297 -0.7825 -0.3272
vn -0.4563 0.5179 -0.7236
vn -0.9412 -0.3318 0.0633
vn 0.8481 0.2294 -0.4776
vn 0.8288 -0.2494 0.5008
vn 0.4509 -0.2980 -0.8413
vn -0.2837 -0.8874 -0.3633
vn -0.0244 -0.9497 0.3122
vn 0.4441 0.8671 0.2257
vn 0.1983 0.9215 -0.3340
vn -0.8335 0.2642 -0.4852
vn -0.7876 -0.6052 -0.1156
vn 0.3030 0.9221 -0.2408
vn -0.3662 0.1756 0.9138
vn -0.5963 -0.6690 0.4436
vn 0.4493 0.8887 0.0912
vn 0.9447 -0.0071 -0.3278
vn 0.0833 0.2088 0.9744
vn -0.1012 0.9115 0.3986
vn 0.5309 0.8117 -0.2433
vn 0.5982 -0.7939 0.1093
vn 0.2355 -0.8993 0.3686
vn -0.9937 0.1046 -0.0412
vn -0.4781 0.8772 0.0431
vn -0.2995 -0.9449 -0.1319
vn 0.1748 0.1274 -0.9763
vn 0.1680 0.7980 -0.5788
vn -0.0190 -0.8725 -0.4882
vn -0.2848 -0.1569 0.9457
vn 0.9172 0.2325 0.3237
vn 0.1454 -0.9876 -0.0599
vn -0.2094 0.9740 0.0864
vn 0.0520 0.2280 -0.9723
vn -0.9808 -0.1615 -0.1091
vn 0.6113 -0.7026 -0.3642
vn 0.6940 0.6856 -0.2198
vn -0.3771 0.2229 -0.8990
vn 0.3810 -0.2011 0.9025
vn -0.5853 0.7026 0.4046
vn -0.7661 0.2220 -0.6032
vn 0.3380 -0.1879 0.9222
vn -0.6916 -0.6674 0.2763
vn -0.7857 0.4292 0.4455
vn 0.0955 0.6651 -0.7406
vn 0.6108 0.7916 -0.0167
vn 0.2156 0.7932 0.5695
vn -0.9104 -0.2726 -0.3111
vn -0.6368 -0.2726 -0.7212
vn 0.7871 -0.4922 -0.3718
vn 0.9453 0.2505 0.2091
vn -0.4104 -0.7203 -0.5593
vn -0.0417 -0.4907 0.8703
vn 0.5548 0.2523 0.7928
vn -0.6737 -0.7196 -0.1681
vn 0.1407 0.4475 0.8831
vn -0.8243 -0.4329 0.3648
vn -0.8299 0.4422 -0.3403
vn -0.5492 0.8034 -0.2301
vn 0.6136 -0.7586 0.2191
vn 0.3684 -0.9176 0.1495
vn 0.0198 -0.4335 -0.9009
vn 0.8676 0.4548 -0.2009
vn -0.6866 -0.4732 -0.5520
vn 0.7604 0.5958 -0.2586
vn -0.6352 0.6799 -0.3664
vn -0.5734 0.7831 -0.2406
vn 0.5830 -0.6879 -0.4323
vn 0.3850 -0.7136 -0.5853
vn 0.3782 0.0945 0.9209
vn -0.3208 -0.4349 0.8414
vn 0.6076 -0.4054 0.6830
vn 0.2836 -0.6202 -0.7314
vn -0.4521 -0.8475 -0.2781
vn -0.3116 -0.8478 0.4291
vn 0.9335 0.3490 0.0818
vn 0.8319 0.3485 -0.4318
vn -0.5960 0.4723 -0.6494
vn -0.8112 -0.5575 -0.1764
vn 0.7700 0.4820 -0.4181
vn -0.2357 0.5311 0.8138
vn -0.7211 -0.6062 0.3355
vn 0.8930 0.3890 -0.2264
vn 0.9827 -0.1555 -0.1002
vn -0.0859 0.2364 -0.9678
vn -0.2204 -0.9435 -0.2475
vn -0.1089 -0.9880 -0.1092
vn 0.1617 0.9734 0.1620
vn 0.2693 0.9191 0.2875
vn -0.9249 0.2197 0.3102
vn -0.3144 -0.9424 -0.1141
vn 0.3627 0.9168 0.1673
vn 0.2723 -0.1639 0.9482
vn -0.1454 -0.9876 -0.0593
vn 0.2096 0.9740 0.0862
vn -0.3380 -0.6834 0.6471
vn -0.2153 0.7037 0.6771
vn 0.9225 0.0239 0.3852
vn 0.8982 -0.2454 0.3647
vn -0.8979 0.2380 -0.3703
vn -0.9213 -0.0254 -0.3880
vn 0.0668 0.7018 -0.7092
vn 0.9996 0.0273 -0.0024
vn -0.9997 -0.0227 -0.0020
vn -0.0670 -0.6950 -0.7159
vn -0.6417 -0.4533 0.6186
vn 0.0393 -0.4891 -0.8714
vn -0.5568 0.2542 -0.7908
vn -0.9464 0.2485 -0.2065
vn 0.4096 -0.7205 0.5595
vn 0.6738 -0.7194 0.1689
vn 0.6481 0.6654 -0.3704
vn -0.2179 0.7927 -0.5693
vn 0.9105 -0.2731 0.3104
vn -0.0925 0.6643 0.7417
vn -0.6101 0.7921 0.0188
vn 0.6374 -0.2723 0.7208
vn 0.4760 0.4396 -0.7617
vn -0.2319 -0.7615 -0.6053
vn 0.9452 -0.3170 0.0783
vn -0.9503 0.3001 -0.0829
vn -0.4993 -0.5281 0.6869
vn 0.1792 0.7331 0.6561
vn 0.3944 0.3850 -0.8344
vn -0.8433 -0.1156 -0.5248
vn -0.3528 -0.7051 -0.6151
vn 0.1166 -0.6086 -0.7849
vn 0.0747 0.9854 -0.1528
vn -0.6765 0.7267 0.1191
vn -0.3629 -0.5030 0.7844
vn 0.0597 -0.9907 0.1226
vn -0.4038 0.7862 0.4679
vn 0.9496 -0.0932 0.2991
vn 0.5108 -0.8590 -0.0353
vn 0.2314 0.9431 0.2387
vn -0.8079 0.1603 -0.5671
vn 0.4518 0.8742 -0.1778
vn -0.0203 0.8564 0.5160
vn -0.4910 0.7662 0.4146
vn 0.0758 -0.4860 -0.8707
vn 0.4673 -0.3706 -0.8027
vn 0.7503 -0.3545 0.5581
vn -0.0136 0.4497 0.8931
vn 0.4194 -0.1786 -0.8901
vn -0.7166 -0.6599 0.2258
vn -0.5660 0.2997 0.7680
vn 0.0913 -0.3449 -0.9342
vn 0.1052 0.0042 0.9944
vn -0.7727 -0.0568 -0.6322
vn -0.5574 0.8082 -0.1901
vn -0.2621 0.8814 0.3930
vn 0.1187 -0.9441 0.3075
vn 0.0770 -0.9941 0.0768
vn 0.8877 0.4437 -0.1231
vn -0.1697 0.9834 0.0635
vn 0.4455 -0.8808 -0.1605
vn 0.9351 0.3260 0.1388
vn -0.9606 -0.2330 0.1518
vn -0.1439 0.1283 -0.9813
vn -0.4299 0.7371 -0.5214
vn 0.3976 -0.7524 -0.5251
vn 0.2475 -0.4359 -0.8653
vn -0.9734 0.1093 0.2015
vn -0.7140 -0.4567 0.5308
vn -0.0967 -0.9948 -0.0323
vn -0.0142 0.7244 -0.6893
vn -0.2768 0.7857 -0.5532
vn -0.2231 0.1539 0.9626
vn -0.4713 -0.4074 0.7823
vn 0.4678 0.8714 0.1478
vn 0.8337 -0.5475 0.0729
vn 0.1507 -0.9700 0.1906
vn 0.6075 0.7889 -0.0928
vn 0.1587 0.4260 0.8907
vn -0.9292 0.2984 0.2182
vn -0.0747 0.9875 -0.1388
vn -0.5271 -0.5744 0.6263
vn -0.3404 -0.4249 -0.8388
vn 0.9643 -0.2615 -0.0422
vn 0.5190 0.5610 -0.6449
vn 0.0861 -0.9851 0.1488
vn 0.0760 0.0101 0.9971
vn -0.9836 0.1115 0.1420
vn -0.5398 0.8401 0.0540
vn -0.1115 0.8719 0.4768
vn 0.0113 -0.8439 0.5364
vn -0.4448 -0.8928 0.0710
vn -0.1159 -0.0806 -0.9900
vn -0.2071 0.8911 -0.4039
vn -0.3972 -0.9164 0.0495
vn 0.9965 0.0302 0.0784
vn 0.3110 0.9449 0.1019
vn 0.0267 -0.8739 0.4854
vn -0.2431 -0.2680 0.9323
vn 0.8610 0.3757 0.3427
vn 0.0293 0.3703 -0.9285
vn -0.9494 -0.2908 -0.1190
vn -0.6926 -0.6833 -0.2311
vn 0.7272 -0.6844 0.0530
vn 0.3782 0.2217 -0.8988
vn -0.0041 0.2236 -0.9747
vn -0.0000 -0.2063 0.9785
vn -0.3740 -0.2051 0.9044
vn 0.6376 0.6943 0.3338
vn 0.3072 0.6065 -0.7334
vn -0.3863 -0.0283 0.9219
vn -0.7163 0.6949 0.0640
vn -0.0000 0.6070 -0.7947
vn -0.0000 -0.0282 0.9996
vn -0.4273 0.2512 0.8685
vn 0.8649 -0.1631 0.4746
vn -0.1454 -0.9876 0.0593
vn 0.2096 0.9740 -0.0862
vn 0.6080 -0.1945 -0.7697
vn -0.1274 -0.9107 -0.3930
vn 0.2042 0.8727 -0.4435
vn -0.7568 0.1652 -0.6324
vn 0.1896 -0.3915 -0.9004
vn -0.8983 -0.4031 -0.1749
vn -0.3595 0.4254 0.8305
vn 0.1555 -0.6893 0.7076
vn -0.3913 0.8030 -0.4495
vn 0.8877 0.4588 -0.0371
vn 0.4794 -0.7493 0.4568
vn -0.4879 0.7125 -0.5043
vn 0.6932 -0.6827 -0.2310
vn 0.7163 0.6949 0.0640
vn -0.6376 0.6944 0.3336
vn -0.3074 0.6061 -0.7335
vn 0.3864 -0.0284 0.9219
vn -0.7302 -0.6809 0.0568
vn -0.5644 -0.8012 -0.1988
vn -0.5161 0.7191 -0.4653
vn -0.6928 0.5876 0.4181
vn -0.7660 0.2221 0.6033
vn 0.3378 -0.1879 -0.9222
vn 0.3592 -0.0378 -0.9325
vn 0.6843 0.6962 0.2169
vn -0.3076 0.6058 0.7338
vn 0.3864 -0.0284 -0.9219
vn 0.5494 -0.6861 0.4769
vn -0.3696 0.2170 0.9035
vn 0.3740 -0.2059 -0.9043
vn 0.7086 -0.6987 -0.0985
vn 0.7194 0.6913 0.0676
vn -0.0017 0.0289 -0.9996
vn 0.0001 -0.0219 0.9998
vn -0.6404 0.6903 0.3367
vn -0.6902 -0.7019 0.1761
vn 0.6323 -0.7262 0.2699
vn 0.0955 0.6651 0.7406
vn 0.6108 0.7916 0.0167
vn 0.9453 0.2505 -0.2091
vn -0.4104 -0.7203 0.5593
vn -0.6368 -0.2726 0.7212
vn -0.6503 0.6646 -0.3680
vn 0.2155 0.7932 -0.5695
vn -0.9104 -0.2726 0.3111
vn -0.0417 -0.4907 -0.8703
vn 0.5547 0.2523 -0.7929
vn -0.6737 -0.7196 0.1681
vn 0.2315 0.4270 0.8741
vn -0.9264 -0.1871 0.3267
vn -0.6798 0.6072 -0.4112
vn 0.0893 0.9804 -0.1755
vn 0.6814 -0.6185 0.3914
vn -0.0959 -0.9764 0.1936
vn -0.0400 -0.4341 -0.9000
vn -0.5186 0.5613 -0.6450
vn -0.0859 -0.9851 0.1487
vn 0.9601 0.2290 -0.1607
vn 0.0749 0.9876 -0.1381
vn 0.5270 -0.5743 0.6264
vn 0.7231 -0.4493 0.5247
vn -0.0835 -0.6450 -0.7596
vn -0.3560 -0.6777 0.6434
vn 0.9262 0.1474 -0.3471
vn -0.5102 0.6797 -0.5270
vn -0.8970 -0.2515 0.3634
vn 0.9013 0.2336 -0.3649
vn 0.1564 0.6030 0.7823
vn -0.5808 -0.2549 0.7731
vn 0.9172 0.2185 -0.3330
vn -0.6025 0.4330 -0.6704
vn 0.8745 0.3366 -0.3493
vn 0.4765 0.8299 0.2902
vn -0.0109 0.9894 0.1451
vn -0.2188 -0.6075 -0.7636
vn 0.1641 -0.7769 -0.6078
vn 0.4246 -0.4566 0.7818
vn 0.2681 0.4642 0.8442
vn 0.0264 -0.9179 -0.3959
vn -0.9352 0.0007 0.3541
vn -0.2532 0.6967 0.6712
vn -0.2737 -0.7918 -0.5461
vn -0.8304 0.5572 -0.0007
vn -0.3019 -0.3840 0.8726
vn 0.8382 -0.5375 0.0924
vn -0.1691 -0.8284 -0.5339
vn 0.4635 0.5722 0.6765
vn 0.4064 0.3699 -0.8355
vn -0.3796 -0.4103 -0.8292
vn 0.1717 0.9702 0.1712
vn 0.1032 0.2476 0.9634
vn -0.9471 0.3186 0.0378
vn -0.0854 -0.2868 -0.9542
vn 0.2432 0.6014 -0.7611
vn -0.3492 -0.9196 0.1800
vn 0.9801 -0.1849 0.0725
vn 0.6903 0.6403 -0.3369
vn -0.0949 -0.8913 0.4434
vn 0.9009 0.3893 0.1918
vn -0.4297 -0.7528 0.4987
vn -0.3516 0.8376 0.4181
vn 0.3860 -0.7739 -0.5021
vn 0.0016 0.4019 -0.9157
vn -0.5942 -0.7350 0.3267
vn -0.1271 0.6594 -0.7409
vn -0.4592 0.7882 -0.4098
vn 0.8404 -0.3695 -0.3966
vn 0.8678 0.2694 0.4176
vn 0.0556 0.9984 0.0092
vn 0.9051 -0.0689 -0.4195
vn -0.3127 -0.7161 -0.6240
vn 0.9817 0.1360 -0.1336
vn 0.2393 0.7044 -0.6683
vn -0.2733 0.4083 -0.8710
vn 0.2506 -0.9095 0.3316
vn 0.2358 -0.9571 0.1684
vn 0.2393 0.6586 0.7135
vn -0.0977 0.9883 -0.1171
vn 0.0426 -0.7086 0.7044
vn -0.9611 0.0123 0.2758
vn -0.5896 0.6712 -0.4492
vn 0.1566 -0.7516 0.6408
vn 0.6186 -0.7853 -0.0248
vn -0.8368 -0.4891 -0.2460
vn -0.6052 -0.2253 0.7635
vn -0.0780 -0.4417 0.8938
vn 0.4349 0.1172 -0.8928
vn 0.1334 0.3280 -0.9352
vn -0.5084 0.8581 0.0727
vn -0.4431 0.3182 0.8381
vn 0.1748 0.2059 -0.9628
vn 0.8341 0.3822 0.3977
vn 0.0778 0.1282 0.9887
vn 0.3722 0.0612 -0.9261
vn 0.6382 -0.4456 0.6278
vn -0.8411 -0.4263 0.3329
vn -0.2044 0.8192 0.5359
vn 0.0153 0.8224 0.5687
vn 0.0002 -0.7810 -0.6246
vn 0.2097 -0.7791 -0.5908
vn -0.4283 0.3471 -0.8343
vn -0.0209 0.9997 0.0158
vn 0.3669 -0.0401 -0.9294
vn 0.6959 0.3527 -0.6256
vn -0.0000 0.9995 0.0308
vn -0.0000 -0.0334 -0.9994
vn -0.5914 0.3628 -0.7201
vn 0.3221 0.7800 0.5365
vn -0.4122 0.3673 0.8338
vn -0.8412 0.3067 0.4453
vn 0.5695 0.1190 -0.8133
vn 0.7667 0.1368 -0.6273
vn 0.5562 -0.6252 0.5475
vn -0.5408 -0.7200 -0.4349
vn 0.8445 -0.3672 -0.3899
vn 0.2975 0.1129 0.9480
vn -0.1258 0.9497 0.2866
vn 0.2177 0.8720 -0.4384
vn -0.2349 -0.8384 0.4919
vn -0.3838 -0.1844 0.9048
vn -0.6658 0.1112 0.7378
vn -0.0000 0.9471 0.3209
vn -0.0000 -0.1968 0.9804
vn -0.6336 -0.3504 -0.6898
vn -0.0090 0.8753 -0.4835
vn 0.0065 -0.8435 0.5370
vn -0.8190 0.3159 0.4791
vn -0.8490 -0.3637 -0.3833
vn 0.1037 0.9498 0.2950
vn 0.3743 -0.1847 0.9087
vn 0.6465 -0.3446 -0.6806
vn 0.6657 0.1112 0.7379
vn 0.9133 0.3674 0.1755
vn 0.3389 -0.4624 0.8193
vn -0.9114 -0.4094 -0.0416
vn -0.0966 0.3256 -0.9406
vn -0.0033 0.9999 -0.0161
vn 0.6915 -0.0469 -0.7208
vn -0.5070 0.3990 0.7640
vn -0.8556 -0.3396 -0.3906
vn -0.2836 0.5317 -0.7980
vn 0.0500 0.9925 -0.1117
vn 0.2867 -0.5401 0.7913
vn -0.0518 -0.9919 0.1160
vn 0.6390 -0.3942 -0.6605
vn 0.7692 0.3570 0.5300
vn -0.0623 0.3066 -0.9498
vn -0.9779 -0.1973 -0.0692
vn -0.5450 -0.7703 -0.3311
vn -0.2204 -0.6732 -0.7059
vn -0.0692 0.9640 -0.2568
vn -0.5928 0.7153 0.3700
vn 0.0679 -0.4288 0.9008
vn 0.1769 -0.9681 0.1774
vn -0.1950 0.8034 0.5626
vn 0.9843 -0.0368 -0.1725
vn 0.4920 -0.8464 -0.2040
vn 0.2655 0.9635 0.0328
vn -0.5649 0.8245 -0.0347
vn -0.3906 0.2345 -0.8902
vn 0.4547 0.8678 -0.2006
vn 0.0076 0.9991 0.0418
vn -0.9230 -0.3793 -0.0653
vn -0.6544 -0.7510 0.0884
vn 0.7811 -0.5479 -0.2995
vn 0.5289 0.8307 -0.1739
vn -0.4555 -0.7707 0.4456
vn 0.1842 -0.0649 0.9807
vn 0.6830 0.7277 0.0640
vn -0.4694 -0.8830 -0.0032
vn -0.8975 0.3932 0.1998
vn -0.3539 -0.4359 -0.8275
vn 0.2195 0.8038 -0.5529
vn -0.2403 -0.7589 0.6052
vn 0.8905 -0.4542 0.0259
vn 0.1820 0.3702 0.9110
vn 0.3877 0.8778 -0.2814
vn -0.4442 -0.8074 0.3884
vn 0.8558 -0.5151 0.0476
vn 0.0832 0.1066 0.9908
vn 0.4714 0.6183 0.6289
vn 0.8256 0.5032 0.2554
vn 0.0126 -0.9999 -0.0042
vn -0.5232 -0.6475 0.5541
vn -0.7687 0.6385 -0.0369
vn 0.0740 0.9921 -0.1016
vn -0.7029 -0.6948 0.1521
vn 0.1603 0.1061 -0.9813
vn 0.3774 0.8280 -0.4148
vn -0.2530 -0.9170 -0.3085
vn -0.4497 -0.0841 0.8892
vn -0.7303 -0.3003 -0.6136
vn -0.6419 0.6340 -0.4313
vn -0.6914 0.7057 0.1548
vn -0.0630 -0.9643 0.2571
vn -0.0333 -0.9898 -0.1384
vn 0.5830 0.1652 -0.7955
vn 0.0502 0.8082 -0.5868
vn 0.6618 -0.6675 -0.3413
vn 0.8172 0.3568 0.4527
vn 0.0648 0.9684 -0.2406
vn 0.6734 -0.7199 -0.1682
vn 0.0240 0.3546 -0.9347
vn 0.4315 -0.7581 0.4891
vn 0.4492 0.8334 0.3219
vn 0.4484 0.7723 0.4500
vn -0.5760 -0.8092 -0.1159
vn -0.2289 -0.7708 -0.5945
vn -0.9020 0.3900 0.1851
vn 0.3481 0.8406 0.4151
vn -0.3868 -0.7584 -0.5246
vn -0.4225 0.8110 0.4046
vn 0.1308 -0.7295 0.6714
vn -0.5120 -0.8410 -0.1748
vn -0.8825 -0.3642 -0.2977
vn 0.8866 0.3564 0.2948
vn 0.4375 -0.8938 0.0983
vn -0.3981 -0.2666 -0.8777
vn 0.0215 -0.2251 -0.9741
vn 0.5797 -0.7996 0.1568
vn 0.1543 0.5264 -0.8361
vn -0.6250 -0.4378 -0.6463
vn 0.9050 0.3360 0.2611
vn 0.7964 0.3338 0.5043
vn -0.0180 -0.4815 0.8763
vn -0.8287 -0.3815 -0.4095
vn 0.3410 0.3677 -0.8652
vn 0.5233 -0.5661 0.6369
vn 0.1297 -0.6830 -0.7188
vn -0.4431 0.6030 -0.6633
vn -0.9574 -0.2552 -0.1350
vn 0.8841 0.2183 -0.4131
vn 0.0184 0.6692 0.7429
vn 0.4795 -0.6817 -0.5526
vn -0.1889 -0.6177 0.7634
vn 0.6008 0.2220 0.7680
vn 0.9023 0.2214 0.3700
vn -0.9028 -0.2052 -0.3779
vn -0.9223 -0.1877 -0.3377
vn -0.4664 0.7197 0.5143
vn 0.4165 0.5885 0.6930
vn -0.9325 -0.0367 -0.3593
vn 0.2168 0.6961 -0.6844
vn 0.7333 0.6068 0.3069
vn -0.9220 -0.0282 -0.3863
vn 0.2273 -0.6876 0.6896
vn -0.0648 0.6946 0.7165
vn 0.7937 0.6083 -0.0000
vn 0.9764 0.2161 0.0038
vn -0.9785 -0.2063 -0.0000
vn -0.9996 -0.0282 -0.0000
vn -0.3344 0.6940 -0.6376
vn 0.7333 0.6067 -0.3069
vn -0.9220 -0.0283 0.3862
vn -0.0571 -0.6879 -0.7236
vn 0.8986 0.2218 -0.3785
vn -0.9023 -0.2021 0.3808
vn 0.9341 0.3010 -0.1921
vn -0.1220 -0.1539 0.9805
vn -0.3884 0.5457 0.7425
vn 0.0875 0.9863 0.1396
vn 0.5608 -0.8271 -0.0369
vn 0.3520 -0.8794 0.3206
vn -0.9452 -0.2285 0.2331
vn -0.7541 0.5192 0.4020
vn -0.2445 -0.9408 -0.2348
vn -0.1863 0.3577 -0.9150
vn -0.2429 0.9546 -0.1724
vn 0.0830 -0.8714 -0.4836
vn -0.8031 0.4965 -0.3294
vn -0.5264 -0.4727 0.7067
vn 0.7446 -0.4099 0.5268
vn -0.0011 -0.9907 -0.1363
vn -0.0020 0.3528 0.9357
vn 0.6635 0.4292 -0.6128
vn -0.0005 -0.4254 -0.9050
vn 0.0007 0.9772 0.2124
vn -0.3930 0.0917 0.9150
vn -0.8409 0.4681 -0.2716
vn 0.5080 0.8424 0.1795
vn -0.4392 -0.7680 -0.4661
vn 0.6272 -0.4301 -0.6493
vn 0.5928 0.8053 -0.0017
vn -0.6491 -0.7607 0.0005
vn 0.3261 -0.4291 0.8423
vn 0.5489 0.8038 0.2294
vn -0.5916 -0.7542 -0.2849
vn 0.6566 0.6643 0.3572
vn 0.7277 -0.6746 -0.1241
vn 0.0061 -0.4796 0.8775
vn -0.0004 0.4385 -0.8987
vn -0.5906 -0.7107 -0.3822
vn -0.7970 0.5999 0.0699
vn -0.5356 0.7852 -0.3107
vn -0.3107 -0.7759 -0.5490
vn 0.4269 -0.3630 -0.8283
vn 0.4397 0.1984 -0.8760
vn -0.7501 -0.2778 0.6001
vn -0.7676 -0.1336 0.6268
vn 0.6173 -0.6934 0.3716
vn 0.8481 -0.3163 -0.4251
vn -0.5685 -0.1242 0.8133
vn 0.5221 0.7244 0.4502
vn 0.8372 0.2390 -0.4920
vn -0.5362 -0.2548 0.8047
vn -0.6192 0.1130 -0.7771
vn 0.7043 -0.3791 -0.6002
vn 0.4580 -0.0933 0.8840
vn -0.8174 0.3568 0.4523
vn 0.6932 0.6682 -0.2700
vn -0.7357 0.6771 0.0195
vn -0.5959 -0.6457 0.4774
vn -0.3357 -0.6066 -0.7206
vn 0.2261 0.3893 0.8929
vn 0.7307 -0.6202 0.2855
vn 0.1441 0.3178 -0.9372
vn 0.5641 -0.7279 0.3899
vn -0.8736 0.2575 0.4129
vn -0.0721 0.9974 0.0009
vn -0.9046 -0.0678 -0.4209
vn -0.0063 0.2971 0.9548
vn -0.8986 0.2503 -0.3603
vn -0.0631 0.8656 -0.4968
vn 0.1602 0.9579 0.2381
vn -0.3819 -0.5828 0.7173
vn -0.4449 -0.8149 0.3714
vn 0.4336 -0.3129 -0.8450
vn 0.3645 0.6228 -0.6923
vn -0.0228 -0.9912 0.1303
vn 0.8633 0.1064 0.4933
vn 0.6230 0.7812 0.0397
vn 0.1551 -0.8772 0.4544
vn -0.2475 -0.8202 0.5157
vn -0.6936 0.6119 -0.3802
vn -0.4132 0.8280 0.3790
vn -0.3408 0.0205 0.9399
vn -0.1871 -0.8218 -0.5382
vn -0.1341 -0.6586 -0.7404
vn 0.4034 0.9016 -0.1565
vn -0.1863 0.8784 0.4402
vn 0.6315 -0.4959 -0.5960
vn 0.5148 -0.3060 0.8008
vn 0.0457 0.0446 0.9980
vn 0.7724 -0.5558 -0.3074
vn 0.5663 -0.7134 -0.4127
vn -0.4897 0.1548 0.8580
vn -0.9209 0.2102 -0.3282
vn -0.1782 0.9838 0.0200
vn -0.9291 -0.2778 0.2440
vn 0.4607 -0.7764 -0.4300
vn -0.9175 -0.3875 0.0900
vn -0.2082 -0.3195 0.9244
vn 0.2860 -0.6065 0.7419
vn -0.0255 0.2555 -0.9665
vn -0.2622 0.5482 -0.7942
vn -0.3254 0.8888 0.3228
vn 0.9432 0.3093 -0.1209
vn -0.9047 0.3272 0.2728
vn -0.0882 -0.2572 -0.9623
vn 0.8427 -0.4505 0.2949
vn 0.9594 -0.2335 -0.1584
vn -0.1603 0.1608 0.9739
vn -0.0534 0.8203 0.5694
vn 0.5962 0.8015 -0.0454
vn 0.1620 -0.9782 0.1299
vn -0.1063 -0.8737 0.4747
vn -0.9199 0.3486 0.1795
vn -0.4077 0.8770 0.2541
vn -0.7079 -0.6950 -0.1262
vn -0.0596 0.2210 -0.9734
vn 0.2282 0.8864 -0.4027
vn -0.3631 -0.8547 -0.3709
vn 0.4592 -0.6188 -0.6373
vn -0.1197 0.1000 0.9878
vn -0.9823 0.1742 0.0692
vn -0.1785 0.9594 0.2186
vn -0.7187 -0.1681 0.6747
vn -0.1584 -0.8232 0.5452
vn -0.8213 0.5531 -0.1398
vn -0.2875 0.7936 0.5362
vn -0.1187 0.2751 0.9540
vn -0.1961 -0.7703 -0.6068
vn -0.3078 -0.5984 -0.7397
vn 0.2231 0.8669 -0.4458
vn 0.1588 0.9104 0.3822
vn 0.0501 -0.4325 -0.9002
vn 0.9570 -0.1953 0.2145
vn 0.3915 0.4708 0.7906
vn 0.0607 -0.6288 -0.7752
vn 0.1949 0.5440 -0.8161
vn -0.9859 -0.1630 0.0367
vn -0.3324 -0.8424 -0.4241
vn 0.1556 -0.6260 -0.7642
vn -0.2175 0.9618 0.1664
vn -0.2819 0.9578 0.0567
vn -0.0711 -0.4149 0.9071
vn 0.1744 -0.9808 0.0869
vn 0.1243 0.8628 0.4901
vn 0.9962 0.0416 0.0763
vn 0.5851 -0.7407 -0.3302
vn 0.0401 0.9006 0.4328
vn 0.0008 0.1999 -0.9798
vn -0.9886 0.0260 0.1483
vn -0.6495 -0.7585 0.0530
vn -0.3135 0.9460 0.0824
vn -0.1363 -0.1450 0.9800
vn -0.2232 -0.8454 0.4853
vn 0.1220 0.8293 0.5454
vn 0.9838 -0.1635 0.0731
vn -0.8076 -0.2984 -0.5087
vn 0.4266 -0.7913 0.4380
vn 0.7088 0.5964 0.3767
vn 0.8813 0.2075 -0.4246
vn -0.5456 0.1982 0.8143
vn -0.2216 0.8156 -0.5345
vn 0.4572 0.3116 -0.8330
vn -0.7395 0.2433 0.6276
vn -0.3511 0.6425 -0.6811
vn 0.7951 -0.2438 0.5553
vn 0.5866 0.4960 0.6403
vn 0.1591 0.8573 0.4896
vn -0.1104 -0.7161 -0.6893
vn -0.4403 -0.8561 -0.2706
vn -0.7789 0.4577 0.4287
vn -0.0429 0.8706 0.4901
vn -0.5562 -0.8179 -0.1470
vn 0.2688 -0.6963 0.6656
vn -0.2872 0.9560 -0.0591
vn 0.9970 -0.0225 -0.0736
vn 0.7595 0.4225 0.4946
vn 0.2284 -0.5515 -0.8023
vn -0.3685 -0.0872 0.9255
vn -0.7220 -0.0875 -0.6863
vn -0.5314 0.6775 -0.5085
vn -0.4022 0.8417 0.3603
vn -0.0859 -0.9568 0.2779
vn -0.1978 -0.9683 -0.1527
vn 0.3928 0.1982 -0.8980
vn -0.0370 0.7587 -0.6504
vn 0.6044 -0.7129 -0.3557
vn 0.7664 0.4387 0.4693
vn 0.0621 0.9731 0.2220
vn 0.5945 -0.7994 0.0874
vn 0.5047 0.4871 -0.7127
vn -0.8001 -0.4549 -0.3911
vn -0.1232 -0.9488 -0.2910
vn 0.5707 -0.6556 -0.4945
vn -0.3926 0.9146 -0.0970
vn -0.6896 0.7181 -0.0937
vn -0.5114 -0.5403 0.6683
vn -0.0151 -0.9807 0.1949
vn -0.5388 0.6428 0.5444
vn 0.8040 0.1276 0.5808
vn 0.6993 -0.7148 0.0052
vn -0.2974 0.8698 0.3937
vn 0.7713 -0.5816 0.2587
vn -0.4407 0.3168 0.8399
vn 0.8131 0.5683 0.1261
vn -0.2964 -0.9227 0.2466
vn -0.8241 0.4471 -0.3478
vn 0.3286 -0.2022 -0.9226
vn 0.6024 0.6497 -0.4636
vn -0.4608 -0.8828 -0.0905
vn -0.0732 -0.4922 -0.8674
vn -0.9819 -0.1355 0.1325
vn 0.1103 0.5030 0.8572
vn 0.2740 -0.4120 0.8690
vn -0.2525 0.9066 -0.3381
vn 0.9606 -0.0118 -0.2776
vn 0.5901 -0.6707 0.4495
vn -0.1576 0.7511 -0.6411
vn 0.0199 0.9986 0.0489
vn -0.6452 -0.4508 0.6168
vn -0.9206 -0.2444 -0.3045
vn -0.8280 0.3207 -0.4600
vn 0.6930 0.2528 0.6751
vn 0.6563 0.0272 0.7540
vn 0.1512 -0.9173 -0.3685
vn -0.5452 -0.4986 -0.6739
vn 0.8168 -0.0963 0.5688
vn 0.4544 0.3842 -0.8036
vn -0.4913 0.0629 -0.8687
vn 0.8376 0.1387 0.5284
vn -0.4989 -0.7489 -0.4363
vn -0.2368 -0.4897 0.8391
vn 0.8874 -0.3671 -0.2789
vn -0.8869 0.3563 0.2941
vn 0.4650 0.7014 0.5402
vn 0.2097 0.3695 -0.9052
vn 0.7264 -0.5859 -0.3593
vn -0.7083 0.7035 -0.0590
vn -0.2537 0.6249 0.7384
vn 0.3506 0.5557 -0.7538
vn 0.9736 0.1799 -0.1406
vn 0.8396 0.3600 0.4068
vn -0.9663 0.2395 -0.0945
vn -0.9239 0.1531 -0.3505
vn 0.1427 -0.8259 -0.5454
vn 0.9243 -0.3816 0.0063
vn -0.8976 0.2479 -0.3645
vn -0.2104 -0.4997 0.8403
vn 0.8448 -0.2709 0.4614
vn -0.9077 0.3904 -0.1541
vn -0.3966 0.5603 0.7272
vn 0.7105 -0.5978 0.3713
vn -0.0394 -0.9589 0.2811
vn -0.6595 -0.5527 0.5096
vn 0.5305 0.8427 0.0922
vn 0.7841 0.6155 0.0797
vn 0.4075 -0.6371 -0.6543
vn -0.1538 -0.9725 -0.1750
vn 0.6231 0.5672 -0.5386
vn -0.7655 0.2574 -0.5897
vn -0.8036 -0.5952 -0.0042
vn 0.4299 0.8126 -0.3936
vn -0.0498 0.4593 0.8869
vn -0.5382 -0.4588 -0.7070
vn -0.6055 0.5404 -0.5842
vn -0.5624 0.8262 0.0324
vn 0.2784 -0.7464 0.6045
vn 0.4855 -0.7924 0.3694
vn 0.5783 0.8148 0.0408
vn -0.3682 0.8921 -0.2619
vn 0.7921 -0.6036 0.0909
vn -0.5198 0.1991 -0.8308
vn 0.7981 -0.0081 -0.6025
vn 0.6130 0.7498 -0.2491
vn 0.0732 0.9068 -0.4152
vn -0.4591 -0.7098 -0.5342
vn 0.1274 -0.9356 -0.3294
vn 0.5448 -0.1707 0.8210
vn 0.4380 0.7352 0.5174
vn -0.0184 -0.9970 0.0749
vn -0.8459 0.3044 0.4380
vn -0.0714 0.9382 0.3386
vn -0.5081 -0.8554 -0.1005
vn 0.6944 0.6203 0.3649
vn -0.0164 0.2635 -0.9645
vn 0.4564 -0.3951 -0.7972
vn -0.5797 0.8088 -0.0995
vn -0.4983 -0.7849 -0.3683
vn 0.6782 -0.4282 -0.5972
vn -0.9078 0.3356 0.2515
vn 0.0492 -0.4989 0.8652
vn -0.7612 -0.3918 0.5168
vn 0.3307 0.4242 0.8430
vn 0.7076 -0.6891 0.1564
vn 0.4768 -0.8587 0.1881
vn -0.5210 0.8261 -0.2149
vn -0.4500 0.8032 -0.3905
vn 0.6512 0.3967 -0.6469
vn 0.8666 -0.4990 -0.0000
vn -0.3053 0.9523 -0.0000
vn -0.5170 -0.4020 -0.7557
vn 0.4880 0.4888 0.7231
vn 0.3602 0.3477 -0.8657
vn 0.8021 0.0420 -0.5957
vn 0.9618 -0.0078 -0.2738
vn -0.4857 0.6396 0.5959
vn -0.7477 0.4888 -0.4495
vn -0.2452 -0.9343 -0.2587
vn 0.5410 -0.8355 -0.0959
vn -0.8883 0.4221 -0.1808
vn 0.1359 -0.7748 0.6174
vn 0.4404 -0.8868 0.1399
vn -0.5029 0.4463 0.7402
vn -0.5927 -0.8018 -0.0767
vn -0.2692 0.7484 -0.6061
vn -0.5770 0.7955 0.1853
vn -0.8385 0.2684 0.4742
vn 0.4704 -0.5840 -0.6616
vn 0.4874 -0.3826 -0.7849
vn 0.5517 0.8199 0.1530
vn -0.2169 0.8120 0.5418
vn 0.7938 -0.3367 -0.5065
vn 0.2674 -0.4164 0.8690
vn -0.4589 0.2666 0.8475
vn 0.6956 -0.5415 -0.4723
vn 0.8353 0.2025 -0.5111
vn -0.3143 0.0159 0.9492
vn -0.0379 0.6356 0.7711
vn 0.4714 0.8523 0.2265
vn 0.3200 -0.8640 -0.3887
vn 0.0939 -0.9089 -0.4063
vn -0.1716 0.7112 -0.6817
vn 0.1586 0.9584 0.2375
vn -0.4122 -0.6747 -0.6123
vn 0.2208 0.6081 -0.7626
vn 0.1349 -0.3685 0.9198
vn -0.8751 0.1781 0.4499
vn -0.3340 0.5556 0.7614
vn -0.7442 -0.4817 -0.4627
vn 0.6268 0.7775 0.0511
vn -0.4432 -0.3205 0.8372
vn -0.8481 0.0419 0.5282
vn -0.4471 0.8871 0.1147
vn 0.8869 -0.4135 0.2059
vn 0.7532 -0.4937 0.4347
vn -0.8774 -0.4750 -0.0667
vn -0.9469 0.1191 0.2985
vn 0.5161 -0.6254 -0.5853
vn -0.0863 0.7429 -0.6638
vn -0.3530 0.9083 -0.2245
vn 0.5018 -0.4197 -0.7564
vn 0.5674 0.0953 -0.8179
vn -0.9543 -0.1361 -0.2662
vn -0.5869 -0.8035 -0.1000
vn 0.2513 -0.8755 -0.4127
vn 0.0111 0.9430 -0.3326
vn -0.4294 0.8749 -0.2240
vn -0.5695 -0.1991 0.7975
vn -0.4432 -0.8143 0.3747
vn -0.1613 0.7895 0.5922
vn 0.8424 -0.2069 0.4975
vn 0.4116 -0.9075 0.0836
vn 0.2294 0.8995 0.3719
vn -0.8600 -0.1466 -0.4888
vn -0.4896 -0.2370 0.8391
vn 0.1723 -0.9174 0.3588
vn -0.1033 -0.9402 -0.3246
vn -0.3515 0.9090 -0.2240
vn -0.0787 0.9398 0.3325
vn 0.8574 0.1600 0.4891
vn 0.6979 -0.7043 0.1301
vn -0.1433 0.9598 0.2413
vn 0.3651 0.1215 -0.9230
vn 0.4961 -0.7436 -0.4482
vn -0.3244 0.9408 -0.0985
vn 0.0207 -0.2269 0.9737
vn 0.9909 -0.1328 0.0241
vn 0.5143 -0.8404 -0.1711
vn 0.1880 -0.9426 0.2759
vn 0.0310 0.6944 0.7189
vn 0.3910 0.8973 0.2048
vn 0.0050 0.3242 -0.9460
vn 0.1448 -0.7296 -0.6683
vn 0.3761 0.9077 0.1862
vn -0.9803 -0.1099 0.1639
vn -0.2450 -0.9353 -0.2555
vn 0.1576 0.7517 0.6404
vn 0.5673 -0.3852 -0.7278
vn -0.8876 0.2674 -0.3750
vn -0.9115 -0.4105 -0.0245
vn -0.2179 -0.9664 -0.1362
vn 0.3988 0.7866 -0.4714
vn -0.0095 0.8754 -0.4833
vn -0.6256 0.3268 0.7084
vn -0.7772 -0.4270 0.4623
vn 0.2148 0.9272 0.3070
vn 0.6682 -0.4640 0.5816
vn -0.1001 -0.9537 0.2836
vn 0.5697 0.8086 0.1474
vn 0.2014 0.2600 -0.9444
vn 0.8327 0.1102 0.5427
vn 0.3451 0.7036 0.6211
vn -0.0482 0.9898 -0.1343
vn 0.4081 -0.7826 -0.4701
vn 0.6640 -0.7394 -0.1115
vn -0.1924 -0.1638 0.9676
vn -0.1237 0.6051 0.7865
vn -0.0932 -0.9829 0.1588
vn -0.9474 0.0975 -0.3048
vn -0.4970 0.8670 0.0369
vn -0.2254 -0.9442 -0.2403
vn 0.5285 -0.3886 0.7547
vn -0.1707 -0.7029 -0.6906
vn -0.5561 -0.8262 -0.0900
vn -0.4674 -0.8688 0.1636
vn 0.9416 0.2887 0.1732
vn 0.5441 0.3498 -0.7626
vn -0.7736 0.6131 -0.1602
vn -0.9445 -0.0442 0.3256
vn 0.5271 0.5608 -0.6385
vn -0.4639 0.3610 0.8090
vn -0.7870 0.1855 0.5884
vn 0.8199 0.4164 0.3928
vn -0.3523 -0.3970 0.8475
vn 0.9780 -0.0344 -0.2056
vn 0.6510 -0.5421 -0.5312
vn -0.0642 -0.9977 0.0195
vn 0.0855 0.7223 0.6862
vn 0.4031 0.7257 0.5575
vn 0.2270 0.1146 -0.9671
vn 0.3993 -0.4864 -0.7772
vn -0.3447 0.9304 -0.1246
vn -0.9071 -0.4071 -0.1064
vn -0.3131 -0.9277 -0.2035
vn -0.5256 0.8482 0.0658
vn 0.4793 -0.6813 0.5532
vn 0.2168 0.6962 0.6844
vn -0.4664 0.7197 -0.5143
vn 0.4165 0.5885 -0.6930
vn -0.9325 -0.0367 0.3593
vn -0.1889 -0.6177 -0.7634
vn 0.6008 0.2220 -0.7679
vn -0.9223 -0.1877 0.3377
vn -0.4706 -0.6863 0.5546
vn 0.1862 -0.6164 -0.7651
vn -0.6046 0.2222 -0.7649
vn 0.9222 -0.1876 0.3382
vn 0.4642 0.7197 -0.5163
vn -0.4187 0.5876 -0.6924
vn 0.9326 -0.0371 0.3590
vn -0.2159 0.6965 0.6843
vn -0.7334 0.6065 -0.3072
vn 0.9219 -0.0284 0.3863
vn -0.8785 0.4767 0.0305
vn -0.1883 -0.3925 0.9003
vn -0.3480 -0.8630 -0.3663
vn -0.4811 -0.7427 -0.4657
vn 0.4931 0.7166 0.4932
vn 0.3920 0.8245 0.4079
vn 0.8979 -0.4040 0.1750
vn 0.3618 0.4243 -0.8301
vn -0.1560 -0.6888 -0.7079
vn 0.3907 0.8030 0.4501
vn -0.5570 -0.6812 -0.4752
vn 0.7629 -0.6185 0.1885
vn 0.7682 0.2219 -0.6005
vn -0.3376 -0.1880 0.9223
vn 0.5146 0.7190 0.4672
vn 0.6932 0.5883 -0.4163
vn -0.3592 -0.0373 0.9325
vn -0.6845 0.6959 -0.2172
vn -0.5418 -0.6602 0.5202
vn -0.0194 0.6771 0.7356
vn 0.7208 -0.6067 0.3351
vn -0.8930 0.3892 -0.2259
vn 0.2687 0.6685 -0.6935
vn -0.2940 -0.6031 -0.7415
vn -0.7126 -0.5956 0.3708
vn 0.2363 0.5330 0.8124
vn 0.3113 -0.8482 0.4285
vn -0.9328 0.3512 0.0804
vn 0.4585 0.5858 -0.6683
vn -0.3529 -0.5634 -0.7471
vn 0.4500 -0.8930 -0.0000
vn -0.9279 0.3727 -0.0000
vn -0.7609 0.6482 0.0298
vn -0.5487 -0.6195 0.5614
vn -0.7533 -0.6576 -0.0078
vn 0.3369 0.0765 0.9384
vn 0.5945 -0.7729 -0.2217
vn 0.1456 -0.7658 -0.6263
vn 0.7287 0.0370 0.6838
vn 0.3795 0.4364 -0.8158
vn -0.8314 0.5093 0.2221
vn -0.3760 0.1155 -0.9194
vn 0.3251 -0.4250 -0.8448
vn 0.6149 -0.4390 0.6551
vn -0.9257 0.3780 -0.0153
vn -0.1194 -0.2897 0.9496
vn 0.9250 -0.2853 0.2509
vn 0.3341 0.3595 -0.8713
vn -0.4702 -0.8257 -0.3118
vn -0.5854 0.7026 -0.4046
vn -0.7797 0.0245 0.6257
vn 0.3525 -0.0202 -0.9356
vn 0.6940 0.6856 0.2197
vn 0.6149 -0.6979 0.3672
vn -0.3846 0.0232 0.9228
vn 0.3874 -0.0262 -0.9216
vn -0.4712 -0.6869 -0.5533
vn -0.2158 0.6964 -0.6844
vn -0.7333 0.6065 0.3071
vn 0.9220 -0.0283 -0.3862
vn 0.4643 0.7197 0.5163
vn -0.4186 0.5876 0.6924
vn 0.9326 -0.0370 -0.3590
vn 0.1862 -0.6164 0.7651
vn 0.2435 -0.4902 -0.8369
vn -0.8406 -0.5372 -0.0685
vn -0.3494 0.4352 0.8298
vn 0.1905 -0.3546 0.9154
vn -0.5185 0.7875 -0.3331
vn 0.8711 0.4881 -0.0536
vn 0.6625 -0.3483 0.6632
vn -0.3760 0.8468 -0.3761
vn 0.5276 0.6801 -0.5091
vn -0.7821 0.6031 0.1567
vn -0.4573 -0.7135 0.5308
vn -0.6435 -0.6781 -0.3552
vn 0.3466 0.1470 0.9264
vn 0.7599 -0.6447 -0.0831
vn -0.9324 -0.2842 0.2234
vn 0.1545 -0.2805 0.9473
vn 0.9320 0.3624 -0.0080
vn -0.3389 0.3582 -0.8700
vn 0.1848 -0.8618 -0.4723
vn -0.2225 0.8247 0.5200
vn -0.8196 -0.4490 -0.3558
vn 0.8214 -0.4876 -0.2959
vn 0.5194 0.2557 -0.8154
vn -0.1686 0.2531 -0.9526
vn -0.3574 -0.7204 0.5943
vn 0.1001 -0.7206 0.6860
vn 0.5885 0.6636 0.4620
vn 0.4442 0.7941 -0.4148
vn 0.0635 -0.2701 0.9607
vn -0.7205 0.6642 0.1993
vn -0.2508 0.7930 -0.5552
vn -0.4243 -0.2714 0.8639
vn -0.7109 0.7003 -0.0649
vn -0.7213 -0.6902 0.0581
vn 0.6462 -0.6848 0.3370
vn 0.6783 0.7024 0.2155
vn 0.3847 0.0232 -0.9228
vn -0.3878 -0.0252 0.9214
vn -0.2393 0.6686 -0.7041
vn -0.8407 -0.5372 0.0685
vn 0.1555 -0.6893 -0.7076
vn 0.1905 -0.3546 -0.9154
vn -0.5185 0.7875 0.3331
vn -0.3913 0.8030 0.4495
vn 0.2367 -0.5067 0.8290
vn 0.8711 0.4882 0.0536
vn 0.6625 -0.3482 -0.6632
vn -0.3759 0.8469 0.3761
vn -0.5427 -0.2320 -0.8072
vn -0.0411 -0.7400 0.6714
vn 0.6648 -0.7460 0.0396
vn 0.5040 -0.7737 -0.3840
vn -0.8420 0.5241 0.1281
vn -0.7532 0.5535 0.3553
vn 0.6353 0.5647 0.5268
vn 0.9461 -0.3237 -0.0103
vn -0.8073 0.4362 0.3975
vn 0.1666 0.5145 -0.8411
vn 0.7754 -0.3667 -0.5141
vn -0.9267 0.3499 0.1369
vn -0.6146 -0.7020 0.3599
vn -0.6956 0.6861 0.2130
vn 0.5839 0.7028 -0.4064
vn 0.7680 0.2219 0.6008
vn -0.3376 -0.1880 -0.9223
vn 0.6909 -0.6677 -0.2771
vn 0.7806 0.0259 0.6245
vn -0.3526 -0.0200 -0.9356
vn -0.4700 0.4503 -0.7591
vn 0.6231 -0.4328 -0.6515
vn 0.8974 0.4413 -0.0000
vn -0.3977 -0.9175 -0.0000
vn 0.3288 -0.4326 0.8395
vn 0.8298 0.4419 0.3409
vn -0.3686 -0.9177 -0.1484
vn -0.7254 0.4521 0.5190
vn -0.2595 -0.8009 -0.5396
vn -0.0349 0.7195 -0.6936
vn -0.7844 0.5890 -0.1942
vn -0.9680 0.2235 -0.1141
vn 0.8910 -0.1889 -0.4129
vn 0.9134 -0.0394 -0.4052
vn 0.3343 0.6939 0.6378
vn 0.0563 -0.6812 0.7300
vn -0.4856 0.7118 0.5075
vn -0.4267 -0.6110 -0.6668
vn 0.9318 0.3577 0.0623
vn 0.7100 0.6950 0.1139
vn -0.9608 -0.2727 -0.0503
vn -0.8501 -0.5191 -0.0882
vn 0.1566 -0.3474 0.9245
vn 0.8719 0.2500 0.4211
vn -0.8941 -0.4457 0.0436
vn 0.3516 -0.6009 -0.7178
vn -0.8101 0.0435 0.5846
vn -0.1603 0.5558 -0.8157
vn 0.6196 0.7061 -0.3428
vn -0.8721 -0.3521 -0.3397
vn 0.5328 -0.6432 -0.5499
vn -0.2077 0.3892 0.8975
vn 0.5372 0.6633 0.5210
vn 0.9951 0.0971 0.0164
vn -0.6544 -0.2497 -0.7137
vn -0.8225 -0.5230 0.2234
vn -0.0532 0.9678 -0.2461
vn 0.4904 0.8431 0.2208
vn -0.7635 -0.1847 -0.6189
vn -0.5175 0.6242 0.5853
vn 0.5647 -0.1747 -0.8066
vn 0.6279 -0.6752 0.3871
vn 0.9340 -0.2742 0.2292
vn -0.7740 -0.6150 0.1504
vn 0.5185 0.4065 -0.7523
vn 0.8407 -0.4298 0.3294
vn 0.2213 0.8110 0.5416
vn 0.1804 0.8150 0.5506
vn -0.2169 -0.7812 -0.5853
vn -0.2483 -0.7601 -0.6006
vn -0.6506 -0.4366 0.6214
vn 0.0033 0.8098 0.5866
vn 0.0021 -0.7611 -0.6486
vn -0.7546 0.4118 -0.5109
vn -0.8592 0.1128 -0.4990
vn -0.5658 -0.0171 0.8243
vn -0.3988 -0.7917 0.4627
vn -0.6032 -0.7870 -0.1295
vn -0.3693 0.8958 -0.2472
vn -0.1374 0.9199 0.3674
vn 0.8387 -0.0258 0.5440
vn 0.3823 -0.0580 -0.9222
vn -0.6155 0.3996 0.6794
vn -0.4265 0.0585 -0.9026
vn 0.0875 0.6148 -0.7838
vn 0.0894 0.9956 0.0267
vn -0.6585 -0.7041 0.2658
vn -0.6955 -0.7007 -0.1590
vn 0.6185 -0.2982 -0.7270
vn 0.5462 0.4921 -0.6779
vn 0.0594 -0.9981 0.0186
vn 0.6848 0.1023 0.7215
vn 0.5377 0.8329 0.1310
vn -0.0229 -0.9126 0.4081
vn -0.6652 0.6562 0.3562
vn 0.7919 0.6056 0.0779
vn 0.2915 -0.4966 0.8176
vn -0.3000 0.4477 -0.8424
vn 0.5906 -0.7204 -0.3636
vn -0.7394 -0.6624 -0.1203
vn -0.7271 0.5064 0.4636
vn 0.4255 -0.0588 0.9030
vn -0.0881 -0.6147 0.7838
vn -0.5460 -0.4929 0.6775
vn -0.0593 0.9981 -0.0186
vn 0.6955 0.7007 0.1593
vn 0.6588 -0.6162 -0.4316
vn -0.0892 -0.9957 -0.0264
vn 0.6584 0.7042 -0.2657
vn -0.6853 -0.1023 -0.7211
vn -0.5375 -0.8331 -0.1306
vn 0.0226 0.9126 -0.4083
vn 0.0213 0.8093 0.5870
vn 0.5451 -0.5950 0.5907
vn -0.5724 -0.2333 0.7861
vn 0.9009 0.2167 -0.3761
vn -0.0906 -0.7675 -0.6347
vn -0.6923 0.4853 -0.5341
vn 0.5505 0.1250 0.8254
vn -0.7978 0.1000 0.5946
vn -0.5037 0.8304 0.2380
vn 0.0508 0.9119 0.4074
vn 0.3493 -0.7729 0.5298
vn -0.2580 -0.9086 0.3284
vn -0.5604 -0.0969 -0.8225
vn -0.3337 0.7854 -0.5214
vn -0.1158 -0.9895 -0.0868
vn 0.8884 0.1635 -0.4289
vn 0.2206 0.9136 -0.3415
vn 0.3986 -0.9125 0.0922
vn 0.2115 -0.7569 0.6184
vn -0.9498 0.2813 0.1371
vn -0.1323 0.7408 0.6585
vn 0.3317 0.3746 0.8658
vn -0.3824 -0.8548 -0.3508
vn -0.3635 -0.9148 -0.1759
vn -0.1644 0.6776 -0.7169
vn 0.2292 0.9679 0.1031
vn -0.1193 -0.7001 -0.7041
vn 0.9513 -0.1334 -0.2781
vn 0.6760 0.5859 0.4469
vn -0.2566 -0.7215 -0.6431
vn 0.8793 0.1313 -0.4579
vn -0.7148 -0.0420 -0.6981
vn -0.4787 -0.7508 -0.4551
vn 0.4104 -0.8347 -0.3672
vn 0.2019 0.9593 -0.1974
vn -0.2453 0.9282 -0.2796
vn -0.8755 -0.2263 0.4269
vn -0.5848 -0.8102 0.0390
vn -0.4026 0.7333 0.5479
vn 0.5317 -0.3159 0.7858
vn 0.2981 -0.9456 0.1301
vn 0.0536 0.8591 0.5090
vn -0.7142 -0.4609 0.5269
vn 0.8140 0.5715 0.1035
vn 0.7968 -0.4536 0.3992
vn 0.5431 -0.7806 0.3092
vn -0.7477 0.5006 -0.4363
vn -0.5750 0.7311 -0.3672
vn 0.2102 -0.4938 -0.8438
vn 0.6227 -0.7796 -0.0662
vn -0.5315 0.5876 -0.6101
vn 0.6453 0.4826 -0.5922
vn -0.3178 -0.9455 -0.0713
vn -0.3334 0.2235 0.9159
vn 0.4979 -0.4535 0.7392
vn -0.7202 0.6270 -0.2969
vn 0.5531 -0.6871 -0.4711
vn 0.6844 0.6962 -0.2167
vn -0.5159 0.7190 0.4656
vn -0.6929 0.5877 -0.4178
vn 0.3591 -0.0375 0.9325
vn -0.7640 -0.6176 0.1867
vn -0.8152 -0.4511 0.3632
vn 0.0174 -0.4197 -0.9075
vn 0.9044 0.3996 -0.1495
vn 0.1524 0.3464 0.9256
vn -0.3011 0.0177 0.9534
vn -0.7010 0.5413 -0.4643
vn 0.0854 0.9714 -0.2217
vn 0.1488 0.7468 0.6482
vn -0.7077 -0.6099 0.3566
vn -0.6977 -0.7124 -0.0748
vn 0.5769 -0.0341 -0.8161
vn 0.5231 0.7638 -0.3782
vn -0.0484 -0.9586 -0.2807
vn 0.6960 -0.1742 0.6966
vn 0.6127 0.6172 0.4936
vn 0.0302 -0.9890 0.1450
vn -0.6830 0.5778 -0.4469
vn -0.4060 -0.8976 0.1715
vn 0.0311 -0.8511 -0.5241
vn -0.4543 0.3509 0.8188
vn 0.6174 -0.6616 0.4256
vn 0.4772 -0.7651 -0.4324
vn -0.0807 0.4948 0.8652
vn 0.7166 0.6605 -0.2240
vn 0.6974 -0.5541 -0.4546
vn -0.6309 0.3474 0.6937
vn 0.1027 0.4931 0.8639
vn 0.5776 0.1018 0.8100
vn -0.4423 -0.3129 -0.8405
vn -0.8424 -0.4854 -0.2340
vn 0.1505 0.9829 -0.1057
vn 0.3920 0.7172 0.5761
vn -0.3431 -0.0646 -0.9371
vn 0.0822 -0.3510 0.9328
vn -0.2166 0.8775 -0.4278
vn 0.7462 0.6052 -0.2774
vn 0.9647 0.2571 -0.0570
vn -0.8873 -0.2943 0.3551
vn -0.8897 -0.4000 0.2202
vn 0.0799 -0.5342 -0.8416
vn 0.8103 0.2674 -0.5215
vn -0.9627 -0.2324 0.1383
vn -0.4145 0.2400 -0.8778
vn 0.6354 -0.6494 0.4178
vn 0.0028 0.6735 0.7392
vn 0.7077 0.6970 0.1161
vn -0.8272 -0.4159 0.3778
vn 0.3176 0.9035 0.2877
vn 0.7678 -0.6369 0.0701
vn 0.1794 -0.6119 0.7703
vn 0.0689 -0.1001 0.9926
vn 0.3293 0.2607 -0.9075
vn 0.2965 0.3577 -0.8855
vn -0.4399 -0.8724 -0.2131
vn -0.3224 -0.6862 0.6521
vn 0.0535 0.2868 -0.9565
vn -0.8795 0.4660 0.0964
vn -0.4621 -0.2204 0.8590
vn 0.0739 0.1225 -0.9897
vn 0.5675 -0.0330 -0.8227
vn 0.4042 0.7206 -0.5634
vn -0.1680 -0.9141 -0.3691
vn 0.1917 -0.9088 0.3707
vn -0.8038 0.5884 -0.0884
vn -0.9108 0.0947 -0.4019
vn 0.3048 0.7098 0.6350
vn -0.9064 -0.1763 -0.3839
vn -0.9969 -0.0213 -0.0755
vn 0.2682 -0.7112 0.6498
vn 0.1734 0.3636 -0.9153
vn 0.5109 -0.4180 0.7512
vn 0.6978 0.4301 0.5728
vn 0.6702 0.7420 -0.0192
vn -0.3402 -0.7072 -0.6198
vn -0.5071 -0.7210 -0.4722
vn -0.4926 0.8691 -0.0444
vn 0.5780 0.7922 0.1957
vn -0.8412 -0.5260 -0.1253
vn -0.5930 0.7360 -0.3265
vn 0.7026 -0.6904 0.1725
vn -0.0189 -0.0476 0.9987
vn 0.5535 0.2246 0.8020
vn -0.9036 -0.3506 0.2463
vn 0.5504 0.3113 -0.7747
vn 0.0845 -0.6515 0.7539
vn 0.3908 -0.1413 0.9096
vn 0.9110 0.3246 0.2543
vn -0.3670 -0.3378 -0.8667
vn -0.9823 0.1527 -0.1082
vn 0.1216 0.9731 0.1956
vn 0.6837 0.6246 0.3774
vn -0.9262 0.1427 -0.3491
vn -0.6155 -0.1663 0.7704
vn 0.7789 0.6212 -0.0867
vn 0.2955 -0.8954 0.3331
vn 0.5262 -0.4664 0.7110
vn -0.5485 -0.3998 -0.7344
vn 0.4627 -0.8592 0.2185
vn 0.3137 0.9428 -0.1127
vn 0.6932 0.7082 -0.1343
vn 0.9580 0.0542 -0.2817
vn -0.6793 -0.4552 0.5756
vn -0.8875 -0.4518 -0.0905
vn 0.3925 -0.4321 -0.8119
vn 0.8829 -0.0490 -0.4670
vn -0.8087 -0.4265 -0.4051
vn -0.4862 0.8624 -0.1412
vn 0.8761 -0.4095 -0.2545
vn 0.2268 0.7417 0.6312
vn 0.6187 0.7855 0.0101
vn -0.5467 -0.3786 0.7469
vn 0.9935 -0.0600 0.0966
vn -0.4067 0.1002 0.9081
vn -0.2564 0.8731 0.4148
vn 0.5836 0.8051 0.1056
vn 0.4241 -0.8765 0.2277
vn -0.0173 -0.9415 0.3364
vn -0.8418 0.2065 -0.4987
vn -0.4116 0.9075 -0.0838
vn -0.2290 -0.8994 -0.3723
vn 0.5703 0.2005 -0.7966
vn 0.4434 0.8149 -0.3732
vn 0.1618 -0.7893 -0.5923
vn 0.5533 -0.6648 0.5019
vn -0.7840 0.2602 0.5636
vn 0.1258 0.8109 0.5715
vn 0.6686 0.4842 0.5643
vn -0.4012 -0.9152 -0.0380
vn -0.3290 -0.9393 0.0975
vn -0.5370 0.5710 -0.6210
vn 0.1855 0.9757 -0.1167
vn -0.3557 -0.7886 -0.5016
vn 0.7161 -0.1299 -0.6858
vn 0.7668 0.6418 -0.0133
vn -0.4408 -0.8104 -0.3860
vn 0.5375 0.5014 -0.6780
vn 0.1097 0.6465 0.7550
vn -0.6175 0.7491 0.2397
vn -0.4825 0.8507 -0.2084
vn 0.9333 -0.3549 -0.0550
vn 0.8124 -0.4916 0.3136
vn -0.6102 -0.6012 0.5160
vn -0.9726 0.1841 0.1420
vn 0.6957 -0.6815 0.2271
vn -0.2153 -0.3080 -0.9267
vn -0.8438 0.3582 -0.3998
vn 0.8268 -0.5603 -0.0500
vn 0.2674 -0.5511 0.7904
vn 0.1455 0.9884 -0.0445
vn 0.7510 0.6602 -0.0147
vn 0.8866 0.0384 0.4609
vn -0.7000 -0.4187 0.5785
vn -0.8332 -0.5048 0.2255
vn 0.6245 -0.6946 -0.3572
vn 0.9590 0.1944 0.2062
vn -0.7308 -0.6148 -0.2965
vn -0.3383 0.3858 0.8583
vn 0.0658 0.5447 -0.8361
vn 0.6231 0.7377 -0.2600
vn -0.6826 -0.5808 -0.4435
vn 0.7674 -0.5614 0.3096
vn 0.1937 0.5214 -0.8310
vn 0.5575 -0.6984 0.4488
vn 0.5827 -0.4521 0.6753
vn 0.9660 0.2579 -0.0182
vn -0.7764 -0.1543 -0.6110
vn -0.9283 0.1502 0.3403
vn 0.3722 0.8938 0.2501
vn 0.9123 0.3981 0.0960
vn -0.9646 0.2008 0.1711
vn -0.2740 -0.5719 0.7732
vn 0.7221 0.6456 -0.2485
vn 0.3306 -0.9394 -0.0908
vn 0.8696 -0.3263 0.3706
vn -0.7847 -0.2891 -0.5484
vn -0.0565 0.7640 0.6428
vn -0.4238 -0.8961 0.1316
vn -0.8602 -0.4429 -0.2526
vn -0.8206 0.5415 0.1825
vn 0.7002 -0.1590 0.6960
vn 0.7192 -0.4110 0.5602
vn -0.2125 -0.4648 -0.8595
vn -0.6580 -0.4469 -0.6060
vn 0.8647 -0.1018 -0.4919
vn -0.2000 0.9329 -0.2996
vn -0.8588 0.5008 -0.1082
vn 0.9663 0.0971 -0.2383
vn -0.1310 -0.9849 0.1134
vn -0.8002 0.5430 0.2544
vn -0.1224 0.4092 0.9042
vn 0.0009 -0.1877 0.9822
vn -0.3104 -0.3664 -0.8772
vn -0.3872 -0.1399 -0.9113
vn 0.4296 0.9000 -0.0740
vn 0.4031 0.5578 0.7255
vn -0.1526 0.0189 -0.9881
vn 0.9094 -0.4157 0.0119
vn 0.5355 -0.0162 0.8444
vn -0.1251 -0.2080 -0.9701
vn 0.7807 -0.5541 0.2889
vn -0.3441 -0.6956 -0.6306
vn -0.6743 -0.7232 0.1491
vn -0.3215 -0.7763 0.5422
vn 0.8321 0.2187 -0.5096
vn 0.5360 0.2907 -0.7926
vn -0.7547 0.6334 -0.1709
vn -0.8674 -0.1695 0.4678
vn 0.5530 0.5083 -0.6602
vn 0.2949 0.3626 0.8840
vn -0.5120 -0.2168 0.8312
vn 0.7601 0.4374 -0.4805
vn 0.1176 -0.6190 0.7765
vn 0.6719 0.5860 -0.4529
vn 0.8816 0.2375 -0.4079
vn 0.8474 -0.5213 0.1005
vn -0.6509 -0.0014 0.7592
vn -0.9879 -0.0088 -0.1548
vn 0.0981 -0.8881 -0.4491
vn 0.6480 -0.7040 -0.2907
vn -0.9646 -0.2090 -0.1607
vn -0.1085 0.7798 -0.6166
vn 0.4393 -0.8953 0.0739
vn 0.5556 0.7850 0.2739
vn 0.8887 0.4092 -0.2070
vn -0.7284 0.1366 0.6714
vn 0.5957 -0.2857 0.7507
vn 0.5620 -0.1638 -0.8108
vn 0.0328 -0.9593 0.2806
vn 0.7227 0.6053 0.3335
vn -0.7950 0.4441 -0.4133
vn -0.4267 -0.0799 0.9008
vn -0.4914 -0.7778 0.3918
vn 0.1318 0.8836 0.4493
vn -0.0996 -0.5277 -0.8436
vn -0.6538 0.5882 0.4761
vn 0.7484 -0.6266 0.2174
vn -0.8444 0.4614 -0.2722
vn 0.5108 0.3862 -0.7680
vn 0.1395 0.7161 0.6839
vn -0.6651 0.1531 -0.7308
vn -0.4373 -0.5378 0.7208
vn 0.4962 -0.6878 0.5298
vn -0.8587 0.4976 -0.1225
vn 0.0131 -0.7211 0.6927
vn 0.7980 0.5805 -0.1619
vn 0.7968 0.0965 -0.5966
vn 0.5072 -0.8153 -0.2793
vn -0.2463 0.5872 0.7711
vn -0.0301 0.7414 0.6703
vn 0.0324 0.5053 -0.8623
vn 0.5241 0.0626 -0.8493
vn -0.7515 0.6583 -0.0436
vn -0.4787 -0.8466 -0.2326
vn 0.3493 -0.8403 -0.4145
vn -0.8009 0.5432 0.2518
vn 0.6136 -0.7387 -0.2788
vn -0.9944 0.0656 0.0824
vn 0.6417 0.7007 0.3119
vn 0.8427 0.3554 0.4043
vn -0.6768 -0.6359 -0.3710
vn -0.8072 -0.3913 -0.4419
vn 0.2561 0.4323 -0.8646
vn 0.7154 0.6912 -0.1023
vn -0.6020 -0.5011 -0.6217
vn -0.6589 0.7366 0.1527
vn 0.0353 -0.7140 -0.6993
vn -0.3574 -0.1776 0.9169
vn 0.5587 0.3793 0.7376
vn -0.8012 -0.5183 -0.2991
vn -0.3012 0.0777 -0.9504
vn -0.0447 -0.8457 0.5318
vn 0.5091 -0.8538 -0.1088
vn 0.6098 -0.7495 -0.2577
vn -0.7183 0.6957 0.0026
vn -0.5913 0.5130 0.6222
vn 0.8163 0.5757 0.0469
vn 0.9615 -0.1934 -0.1952
vn -0.5489 0.5931 0.5890
vn -0.6459 -0.3825 -0.6607
vn 0.5758 0.2802 0.7681
vn 0.5373 0.5899 -0.6028
vn 0.8722 0.2055 -0.4439
vn -0.5961 0.7583 -0.2639
vn 0.5971 0.7884 -0.1479
vn -0.0328 -0.5054 0.8623
vn -0.5244 -0.0628 0.8491
vn -0.3485 0.8406 0.4146
vn 0.8009 -0.5432 -0.2519
vn 0.7514 -0.6583 0.0441
vn -0.7980 -0.5806 0.1614
vn -0.7970 -0.0962 0.5962
vn 0.0310 -0.7418 -0.6699
vn -0.3406 0.7448 -0.5738
vn -0.5070 0.8153 0.2798
vn 0.2461 -0.5872 -0.7711
vn -0.3245 0.8831 -0.3389
vn -0.1147 -0.8274 -0.5498
vn 0.5277 -0.5244 -0.6683
vn 0.3473 0.5557 -0.7554
vn -0.9555 0.2345 0.1787
vn -0.9579 -0.0630 0.2800
vn 0.6808 -0.7088 0.1844
vn 0.7025 -0.5218 -0.4840
vn -0.2325 0.0172 0.9724
vn 0.5794 0.8116 0.0745
vn 0.6533 0.5489 -0.5214
vn -0.1466 0.3157 0.9374
vn -0.7500 -0.6612 -0.0177
vn -0.5386 0.6675 0.5141
vn 0.3350 -0.6060 0.7215
vn -0.2267 0.3892 -0.8928
vn 0.7821 0.6031 -0.1565
vn 0.7734 -0.2541 0.5807
vn -0.3325 0.2182 -0.9175
vn 0.4584 -0.7143 -0.5289
vn 0.6432 -0.6775 0.3568
vn -0.3470 0.1476 -0.9262
vn -0.7962 0.4173 -0.4381
vn 0.1530 0.1182 0.9811
vn -0.4015 -0.6626 0.6323
vn -0.7815 -0.5511 0.2925
vn 0.2470 0.8761 -0.4141
vn 0.5884 0.8060 -0.0645
vn 0.7472 -0.6508 -0.1347
vn 0.0283 -0.9957 0.0878
vn 0.7965 0.5605 -0.2268
vn -0.0358 -0.4681 -0.8830
vn -0.3300 -0.9113 -0.2462
vn 0.3299 0.6600 -0.6749
vn 0.0886 -0.6766 -0.7310
vn 0.1125 0.2521 0.9611
vn 0.7930 0.2901 0.5358
vn 0.9164 -0.4000 -0.0161
vn -0.7639 0.2536 -0.5933
vn -0.9517 0.0101 0.3070
vn 0.4442 0.8867 -0.1280
vn 0.8740 0.4053 0.2681
vn -0.7330 0.4046 -0.5467
vn -0.1312 0.6723 0.7286
vn 0.3281 -0.3744 -0.8673
vn 0.1706 -0.9270 0.3341
vn 0.7351 -0.6615 0.1482
vn -0.9750 -0.0883 0.2037
vn 0.3888 -0.5786 -0.7170
vn -0.4430 0.0931 0.8917
vn 0.4805 0.1162 0.8692
vn 0.8379 -0.4634 0.2886
vn -0.3605 0.3737 -0.8546
vn -0.9855 0.0291 -0.1674
vn 0.4541 0.8508 0.2643
vn 0.5930 0.4605 0.6606
vn -0.4227 0.4949 -0.7592
vn -0.3358 0.6506 0.6812
vn 0.7298 -0.3100 -0.6093
vn -0.0489 -0.9723 0.2287
vn 0.5957 -0.6934 0.4054
vn -0.9482 -0.0369 -0.3155
vn -0.3584 0.2989 -0.8845
vn -0.7607 -0.1018 0.6411
vn -0.1744 -0.9777 0.1169
vn -0.1304 -0.8109 -0.5705
vn 0.3505 0.9316 -0.0959
vn 0.3395 0.7992 0.4960
vn 0.6654 -0.2709 0.6956
vn 0.3565 -0.9048 0.2330
vn 0.3306 0.7722 0.5425
vn 0.8804 -0.0920 -0.4653
vn 0.4365 -0.8298 -0.3477
vn 0.3939 0.9144 -0.0935
vn 0.6214 0.7503 0.2256
vn -0.1243 -0.9652 -0.2303
vn 0.7712 -0.5483 0.3233
vn 0.8826 -0.2326 0.4085
vn -0.3228 0.7632 -0.5598
vn -0.6335 0.7451 -0.2086
vn -0.0109 0.1046 0.9944
vn 0.5398 -0.2845 0.7922
vn -0.8323 0.5038 0.2311
vn -0.4902 -0.3121 0.8138
vn 0.8665 0.4318 -0.2505
vn 0.9721 -0.2341 0.0124
vn 0.4553 -0.6795 0.5754
vn -0.7038 0.6450 0.2976
vn -0.5919 0.3140 -0.7424
vn -0.1852 -0.9751 -0.1223
vn 0.3658 -0.8919 0.2661
vn -0.7602 0.3653 -0.5373
vn 0.4469 0.2097 -0.8697
vn 0.0558 -0.8608 0.5059
vn 0.7515 0.5341 0.3873
vn 0.9052 0.3736 0.2023
vn -0.7208 0.6879 0.0852
vn -0.5902 0.7117 0.3809
vn 0.2276 -0.4876 0.8429
vn -0.7590 -0.6016 0.2491
vn -0.8788 -0.3493 0.3252
vn 0.3997 0.9034 0.1551
vn 0.7486 0.5872 0.3079
vn 0.6048 -0.6805 -0.4137
vn -0.7266 -0.5650 -0.3909
vn 0.7061 0.7055 -0.0603
vn -0.3266 0.2820 -0.9021
vn -0.7384 -0.4356 -0.5147
vn 0.4635 0.7936 -0.3942
vn -0.8378 -0.3305 0.4345
vn 0.8786 0.4042 0.2543
vn 0.5064 -0.2349 0.8297
vn -0.0252 -0.5033 0.8637
vn -0.7740 0.5952 -0.2161
vn -0.4270 0.3413 -0.8374
vn -0.0132 -0.9939 -0.1095
vn 0.2855 -0.7487 0.5983
vn -0.3382 0.1205 -0.9333
vn -0.6108 -0.1526 -0.7769
vn -0.8644 -0.1637 0.4754
vn 0.1454 -0.9876 0.0599
vn 0.1556 -0.9878 -0.0000
vn -0.2285 0.9735 -0.0000
vn -0.2094 0.9740 -0.0864
vn 0.4473 0.2434 0.8606
vn 0.2943 -0.9454 0.1398
vn -0.3639 0.9164 -0.1665
vn 0.7276 0.2478 -0.6397
vn -0.5188 -0.3932 0.7591
vn 0.7693 -0.3932 0.5036
vn 0.6479 0.3966 -0.6504
vn -0.0001 -0.4983 -0.8670
vn 0.0001 0.9522 0.3056
vn -0.8416 0.4254 -0.3328
vn 0.5160 -0.3939 -0.7606
vn -0.7696 -0.3927 -0.5035
vn -0.6479 0.3965 0.6505
vn -0.0001 -0.4982 0.8670
vn 0.0001 0.9522 -0.3055
vn 0.8430 0.4242 0.3308
vn -0.4669 -0.1544 -0.8707
vn -0.8702 0.2498 0.4247
vn -0.0596 -0.9876 0.1451
vn 0.0860 0.9740 -0.2096
vn 0.6381 0.2480 0.7289
vn 0.7706 -0.1618 -0.6164
vn -0.0000 -0.9879 0.1549
vn -0.0000 0.9736 -0.2282
vn -0.6287 -0.5841 -0.5134
vn 0.3838 0.5408 -0.7485
vn -0.8693 0.4514 -0.2012
vn 0.3777 -0.8570 -0.3505
vn 0.7282 0.4503 0.5167
vn -0.3286 -0.4326 0.8395
vn -0.1903 -0.3996 -0.8967
vn -0.8954 -0.4059 0.1829
vn -0.0363 0.4595 0.8874
vn 0.8299 0.4250 -0.3613
vn -0.7266 -0.6851 -0.0527
vn -0.6376 0.6945 -0.3334
vn 0.7162 0.6950 -0.0637
vn -0.0000 0.6068 0.7949
vn -0.0000 -0.0283 -0.9996
vn 0.6972 -0.6805 0.2254
vn -0.4022 -0.1406 -0.9047
vn 0.7843 0.1422 -0.6038
vn 0.4411 0.0082 0.8974
vn -0.2826 -0.9493 0.1375
vn 0.5849 -0.1484 0.7974
vn 0.8649 -0.1631 -0.4746
vn -0.1274 -0.9107 0.3930
vn 0.2042 0.8727 0.4435
vn -0.4400 0.2243 -0.8695
vn -0.7568 0.1652 0.6325
vn -0.2982 -0.8929 0.3375
vn 0.3550 0.8260 0.4378
vn -0.8808 0.4531 0.1375
vn -0.3628 -0.4333 -0.8250
vn 0.3405 0.4422 -0.8297
vn -0.1492 -0.9175 0.3688
vn 0.9011 -0.4331 0.0211
vn 0.2032 0.4403 0.8745
vn 0.6475 0.7615 0.0279
vn -0.1658 -0.5145 0.8413
vn -0.7750 0.3671 0.5144
vn -0.5038 0.7738 0.3840
vn 0.8420 -0.5240 -0.1281
vn 0.9264 -0.3509 -0.1368
vn -0.6358 -0.5645 -0.5265
vn -0.9461 0.3237 0.0116
vn 0.8077 -0.4356 -0.3973
vn 0.0411 0.7406 -0.6707
vn -0.6652 0.7456 -0.0393
vn 0.7533 -0.5535 -0.3553
vn -0.5088 0.7794 0.3656
vn -0.0052 -0.5481 0.8364
vn -0.9369 -0.3380 0.0899
vn 0.8773 0.3202 0.3576
vn 0.4799 -0.7607 -0.4371
vn -0.1775 0.3691 -0.9123
vn 0.9259 -0.2820 -0.2513
vn -0.1315 -0.2650 -0.9552
vn -0.2156 -0.9458 0.2427
vn 0.2915 0.9181 -0.2686
vn -0.9260 0.3773 0.0126
vn 0.3281 0.3707 0.8689
vn 0.4780 -0.2910 0.8287
vn 0.8534 0.3600 -0.3770
vn -0.6530 0.3625 -0.6649
vn -0.7678 -0.2713 0.5804
vn -0.6472 -0.6832 -0.3381
vn -0.6826 0.7002 -0.2090
vn -0.3648 -0.2466 0.8978
vn 0.3705 0.2378 -0.8979
vn 0.7110 0.7002 0.0646
vn 0.7224 -0.6875 -0.0743
vn 0.8679 0.2519 0.4282
vn 0.4756 -0.1630 -0.8644
vn 0.0596 -0.9876 0.1451
vn -0.0860 0.9740 -0.2096
vn -0.7706 -0.1618 -0.6164
vn -0.6383 0.2481 0.7288
vn 0.6593 0.6159 0.4312
vn 0.7504 -0.5984 -0.2808
vn -0.0005 -0.0967 0.9953
vn 0.0005 0.8519 -0.5237
vn -0.5506 -0.6420 -0.5336
vn -0.8150 0.5553 0.1655
vn -0.9827 -0.1555 0.1005
vn 0.0520 0.2280 0.9723
vn 0.1089 -0.9880 0.1091
vn -0.1618 0.9734 -0.1620
vn 0.9172 0.2325 -0.3237
vn -0.2728 -0.1641 -0.9480
vn -0.3521 -0.2666 -0.8972
vn 0.2027 0.2987 -0.9326
vn 0.7863 0.4494 -0.4241
vn 0.0437 0.6673 0.7435
vn -0.3297 0.7431 0.5824
vn 0.8858 -0.2150 0.4113
vn -0.6872 -0.3495 0.6368
vn -0.5707 0.7827 0.2482
vn 0.5825 -0.6911 0.4279
vn 0.7574 -0.5597 -0.3362
vn 0.5101 0.4520 0.7317
vn -0.7524 0.4539 0.4775
vn -0.6515 -0.4332 -0.6228
vn -0.1129 -0.8262 -0.5520
vn -0.1284 0.7023 -0.7002
vn -0.9940 0.0248 -0.1067
vn 0.9108 -0.0201 -0.4124
vn 0.3375 0.6903 0.6400
vn 0.1818 -0.7029 0.6877
vn 0.6928 0.4932 0.5261
vn -0.7794 0.5873 0.2184
vn -0.3071 0.8654 -0.3958
vn 0.3663 0.8922 -0.2641
vn 0.3014 -0.2902 0.9083
vn -0.5984 -0.3170 0.7358
vn 0.5254 -0.7995 -0.2911
vn 0.2060 -0.0944 -0.9740
vn 0.0228 -0.9994 -0.0269
vn 0.8673 0.4438 0.2253
vn -0.5945 0.6427 0.4833
vn -0.3663 0.8922 -0.2642
vn 0.3071 0.8654 -0.3959
vn 0.5984 -0.3170 0.7358
vn -0.3015 -0.2902 0.9083
vn -0.5237 -0.8007 -0.2908
vn -0.2059 -0.0944 -0.9740
vn -0.0229 -0.9994 -0.0269
vn -0.5270 -0.8499 0.0056
vn 0.1252 0.7512 -0.6480
vn -0.7321 0.4735 -0.4897
vn -0.8123 -0.0340 -0.5822
vn 0.6349 -0.6621 0.3982
vn 0.6140 -0.5640 0.5522
vn -0.8638 0.1109 0.4914
vn -0.9637 0.2252 -0.1432
vn 0.0978 -0.0267 0.9948
vn -0.7957 0.4021 0.4529
vn 0.2006 -0.4935 -0.8463
vn 0.0451 -0.0574 -0.9973
vn -0.5001 0.5522 -0.6671
vn -0.1044 -0.4767 0.8728
vn 0.7532 -0.1373 0.6433
vn 0.1213 0.9888 -0.0871
vn -0.3189 0.7594 -0.5671
vn 0.6629 -0.0646 0.7460
vn 0.8259 -0.4112 -0.3857
vn -0.5805 0.8000 -0.1515
vn -0.3466 -0.8079 -0.4766
vn -0.2379 -0.2850 -0.9286
vn -0.0829 -0.5896 0.8034
vn -0.8514 0.5075 0.1323
vn 0.5115 -0.4637 -0.7234
vn 0.4842 0.0394 -0.8741
vn -0.1812 0.6649 -0.7246
vn -0.5541 -0.5066 0.6606
vn 0.3626 -0.2435 0.8996
vn 0.2235 0.9691 0.1043
vn 0.0315 0.8064 -0.5905
vn 0.2460 -0.1831 0.9518
vn 0.8858 -0.4637 -0.0183
vn -0.3421 0.8512 -0.3980
vn -0.0647 -0.7032 -0.7081
vn 0.2408 -0.1837 -0.9530
vn -0.4837 -0.6200 0.6178
vn 0.7135 0.5165 0.4735
vn -0.0698 0.3520 -0.9334
vn 0.6892 -0.3831 -0.6151
vn 0.9190 -0.3937 -0.0185
vn -0.2401 0.9261 0.2910
vn -0.3012 0.9511 0.0681
vn -0.7615 -0.6317 -0.1448
vn 0.5700 -0.7852 -0.2419
vn -0.5338 0.5590 0.6345
vn 0.0503 -0.4767 0.8776
vn 0.5641 -0.7549 0.3345
vn -0.6474 0.3209 0.6912
vn -0.3217 0.7785 0.5389
vn 0.1297 -0.6830 0.7188
vn -0.8112 -0.5575 0.1764
vn 0.7700 0.4820 0.4181
vn 0.4769 -0.6459 -0.5961
vn -0.7211 -0.6062 -0.3355
vn 0.8930 0.3890 0.2264
vn 0.0200 0.6775 -0.7352
vn -0.8778 0.4311 0.2090
vn 0.0949 -0.1678 -0.9812
vn 0.4568 0.4812 -0.7482
vn 0.0629 0.9891 -0.1333
vn -0.6588 -0.7515 0.0349
vn -0.4703 -0.8191 -0.3286
vn 0.9025 -0.3580 -0.2393
vn 0.8145 0.4168 -0.4036
vn 0.1022 -0.9669 0.2337
vn 0.2373 0.3237 0.9159
vn 0.3763 0.9104 0.1720
vn -0.2051 -0.8550 0.4764
vn -0.8669 -0.4918 0.0814
vn 0.0255 0.4889 -0.8720
vn -0.2026 0.9526 -0.2269
vn -0.7038 0.6502 0.2862
vn 0.1076 -0.9076 -0.4059
vn 0.2365 -0.7078 -0.6657
vn 0.8118 0.5643 -0.1500
vn 0.1515 0.9846 0.0871
vn 0.7168 -0.6557 -0.2371
vn 0.1725 -0.1455 0.9742
vn -0.3010 0.7010 0.6466
vn 0.4842 -0.8721 -0.0701
vn -0.7425 0.4760 -0.4714
vn 0.5480 0.7642 0.3401
vn -0.6967 -0.2380 0.6767
vn 0.2988 0.1573 -0.9413
vn 0.6188 -0.7809 0.0856
vn -0.8923 -0.4185 0.1695
vn -0.9556 -0.1549 0.2506
vn 0.1348 -0.7519 -0.6454
vn -0.6509 0.6903 -0.3160
vn -0.4192 -0.7478 0.5148
vn 0.0001 -0.9214 -0.3886
vn -0.0001 -0.9122 0.4097
vn 0.2279 -0.7400 0.6328
vn 0.1684 -0.9111 -0.3761
vn -0.1844 -0.9094 0.3729
vn 0.7627 0.6467 -0.0052
vn -0.8562 -0.4522 -0.2498
vn 0.4709 0.2430 -0.8481
vn -0.7117 0.6912 -0.1254
vn 0.1459 -0.9589 -0.2434
vn 0.8860 0.3008 0.3528
vn -0.3552 -0.1450 0.9235
vn -0.4944 0.7341 0.4655
vn 0.3173 -0.9426 0.1037
vn -0.7589 0.3893 0.5220
vn -0.6584 -0.4307 -0.6172
vn 0.8424 -0.4392 -0.3122
vn 0.5123 0.3778 0.7712
vn 0.4756 -0.7499 -0.4599
vn -0.6319 0.6643 -0.3991
vn -0.9455 0.2380 -0.2221
vn -0.3828 -0.7606 -0.5243
vn 0.8511 0.4202 -0.3148
vn 0.7804 0.6108 -0.1337
vn -0.6641 0.3400 0.6658
vn -0.9930 0.0942 0.0718
vn 0.4572 0.2853 0.8424
vn -0.0563 -0.9716 0.2300
vn -0.6338 -0.6985 -0.3324
vn 0.7263 0.1985 0.6580
vn -0.6916 -0.6753 -0.2561
vn 0.8792 -0.4645 -0.1059
vn 0.4470 0.8656 0.2258
vn 0.3247 0.6939 -0.6427
vn -0.0489 -0.2844 0.9575
vn -0.7976 0.6002 -0.0591
vn -0.1778 0.6046 -0.7764
vn -0.2902 -0.3835 0.8768
vn -0.7002 0.5515 0.4534
vn 0.1603 -0.9771 -0.1399
vn -0.3081 -0.4537 -0.8362
vn 0.3590 0.1306 0.9242
vn 0.8498 0.3026 -0.4316
vn 0.8347 -0.5273 -0.1588
vn -0.4257 0.8747 -0.2318
vn -0.8148 -0.4192 0.4005
vn -0.7114 -0.4477 -0.5418
vn 0.2018 0.2074 0.9572
vn 0.0720 0.7291 0.6806
vn -0.4665 -0.2986 -0.8326
vn -0.1724 0.4490 -0.8767
vn 0.1722 0.7875 -0.5918
vn -0.3127 -0.6052 0.7321
vn 0.1425 -0.8129 0.5646
vn 0.9386 0.3414 -0.0498
vn 0.3821 0.7756 -0.5024
vn 0.3245 -0.8067 0.4939
vn -0.0519 -0.7766 -0.6279
vn 0.3086 0.9508 0.0284
vn -0.9208 0.0443 -0.3874
vn -0.4386 0.3539 -0.8261
vn -0.6529 -0.3897 0.6495
vn 0.2886 0.9352 0.2055
vn -0.6740 -0.5399 -0.5042
vn -0.6481 -0.0305 -0.7609
vn 0.0093 0.6539 -0.7566
vn -0.1037 0.0377 0.9939
vn -0.3212 0.0450 0.9459
vn 0.8938 0.1982 -0.4024
vn 0.1988 0.4339 -0.8787
vn 0.5737 -0.4644 0.6747
vn -0.3735 -0.9246 -0.0754
vn 0.4255 0.6773 -0.6002
vn -0.4152 -0.3177 -0.8525
vn 0.4074 -0.5416 0.7353
vn -0.9984 0.0522 -0.0211
vn -0.4685 0.4653 0.7510
vn -0.1686 -0.7338 -0.6581
vn -0.5762 0.1959 -0.7935
vn -0.5683 0.5643 -0.5988
vn 0.6409 -0.2845 0.7130
vn 0.5339 -0.5239 0.6637
vn 0.7381 0.4237 -0.5251
vn -0.1824 0.5425 -0.8200
vn 0.7221 -0.3677 0.5860
vn 0.5914 -0.5283 -0.6092
vn -0.1319 0.9719 0.1950
vn -0.8383 -0.2886 0.4627
vn -0.8857 0.2009 -0.4185
vn 0.4898 -0.4202 0.7639
vn -0.5846 0.3318 0.7404
vn -0.9169 -0.3979 -0.0315
vn 0.3281 -0.3430 -0.8802
vn 0.8968 0.1429 0.4187
vn 0.6912 0.6561 -0.3031
vn -0.9254 -0.2882 -0.2460
vn -0.3386 -0.6041 -0.7214
vn 0.5563 -0.0973 -0.8252
vn 0.4549 0.1690 0.8744
vn -0.5420 0.5922 0.5963
vn -0.0310 -0.9970 0.0705
vn -0.1258 -0.7542 -0.6445
vn 0.1936 0.2147 0.9573
vn 0.2718 0.9020 -0.3356
vn -0.3913 -0.8251 -0.4075
vn 0.2660 0.1319 -0.9549
vn -0.3803 0.6540 0.6540
vn 0.9792 0.0593 -0.1941
vn 0.0107 -0.8764 -0.4814
vn 0.2204 0.8587 0.4627
vn 0.4266 0.7627 -0.4861
vn 0.6187 0.0406 -0.7846
vn -0.8435 -0.4414 0.3061
vn -0.3030 -0.4415 0.8446
vn -0.4559 0.7813 -0.4262
vn 0.3130 0.7950 -0.5197
vn -0.9229 -0.3423 0.1761
vn 0.6360 -0.7717 -0.0011
vn 0.2268 0.9517 -0.2071
vn 0.7785 -0.0318 -0.6268
vn -0.0441 -0.4486 0.8927
vn -0.0400 -0.5813 -0.8127
vn -0.4462 -0.8325 -0.3283
vn 0.7361 0.5758 0.3557
vn 0.7740 0.3038 -0.5555
vn 0.3782 -0.4630 -0.8016
vn -0.9459 0.0133 0.3240
vn -0.3411 -0.0786 0.9367
vn 0.0218 0.8342 -0.5510
vn 0.6274 0.4282 -0.6504
vn -0.9402 0.1612 0.3001
vn 0.4108 0.8240 0.3901
vn -0.4595 -0.4955 -0.7372
vn 0.4757 -0.8777 0.0582
vn 0.5819 -0.5656 -0.5844
vn -0.2108 -0.2862 0.9347
vn -0.6081 -0.4052 -0.6827
vn -0.3529 -0.5633 0.7471
vn 0.3114 -0.8483 -0.4284
vn -0.9328 0.3514 -0.0804
vn 0.4585 0.5858 0.6683
vn 0.2363 0.5330 -0.8125
vn -0.5327 -0.5542 -0.6396
vn 0.7891 -0.5559 0.2615
vn 0.3154 0.7992 0.5117
vn 0.6267 0.6960 -0.3505
vn -0.5150 -0.3971 0.7597
vn -0.5891 0.7207 -0.3655
vn 0.2608 0.6769 -0.6883
vn -0.6995 -0.4152 0.5816
vn 0.0316 0.9926 0.1173
vn -0.2720 -0.7113 -0.6481
vn -0.1770 -0.2435 -0.9536
vn 0.2935 0.5784 -0.7611
vn -0.6121 0.1557 0.7753
vn -0.7339 0.0920 0.6730
vn 0.9436 0.3270 0.0520
vn 0.5382 0.3441 -0.7694
vn 0.1806 -0.2613 0.9482
vn 0.6901 0.6897 0.2192
vn -0.8616 -0.1330 -0.4898
vn 0.1493 -0.9148 -0.3754
vn 0.0729 -0.4923 -0.8673
vn 0.0619 -0.4070 0.9113
vn 0.7521 -0.5895 0.2946
vn -0.1939 0.7409 -0.6430
vn -0.0839 0.2682 -0.9597
vn 0.4615 -0.4165 -0.7833
vn 0.1826 0.2389 0.9537
vn -0.7096 0.0270 0.7041
vn -0.2500 -0.9158 -0.3145
vn 0.2155 -0.6015 -0.7692
vn -0.6410 -0.0838 0.7629
vn -0.8470 0.4787 -0.2311
vn 0.5302 -0.7260 -0.4381
vn 0.3168 0.8781 -0.3586
vn 0.1668 0.4974 -0.8513
vn 0.1565 0.4080 0.8995
vn 0.3996 0.8183 0.4133
vn 0.1018 -0.7160 0.6907
vn -0.7969 -0.1843 0.5754
vn 0.9858 0.1201 -0.1171
vn -0.3025 -0.7586 -0.5771
vn -0.9715 -0.2351 -0.0290
vn 0.8872 0.0025 -0.4614
vn -0.1687 0.6451 -0.7452
vn 0.6507 0.6600 0.3754
vn -0.5691 -0.5987 0.5636
vn -0.9293 0.0036 0.3692
vn -0.4206 0.8394 0.3443
vn 0.7889 -0.5996 0.1347
vn 0.5947 -0.7657 0.2450
vn -0.8084 -0.4151 -0.4173
vn -0.9989 -0.0402 0.0226
vn 0.3258 -0.6207 -0.7131
vn 0.0644 0.8359 -0.5451
vn -0.5048 0.8587 0.0879
vn 0.5917 -0.5056 -0.6279
vn -0.5868 0.7020 0.4036
vn 0.6155 0.4567 -0.6424
vn 0.9180 0.3109 0.2461
vn 0.5227 0.5229 0.6733
vn -0.8167 0.1207 -0.5642
vn -0.6500 -0.0351 -0.7592
vn 0.5013 -0.8542 -0.1382
vn 0.8532 -0.2596 0.4524
vn -0.6987 -0.2574 -0.6674
vn -0.3966 -0.3755 0.8377
vn 0.5367 -0.0568 0.8419
vn -0.8316 -0.1152 -0.5433
vn 0.7713 -0.3177 0.5514
vn -0.4467 -0.6656 -0.5978
vn -0.6181 -0.7427 0.2575
vn -0.4431 -0.7991 0.4063
vn 0.8669 0.4333 -0.2463
vn 0.3180 0.5409 -0.7787
vn -0.7173 0.6742 0.1761
vn -0.7782 0.1750 0.6031
vn 0.1419 0.7381 -0.6596
vn 0.0266 0.4927 0.8698
vn -0.5081 0.1270 0.8519
vn 0.8245 0.5610 0.0734
vn 0.2015 -0.9352 0.2911
vn -0.2991 0.6070 0.7363
vn 0.6228 0.5968 0.5060
vn 0.8527 0.0268 0.5217
vn -0.8128 -0.5669 -0.1342
vn -0.9203 -0.3703 -0.1259
vn 0.0038 0.8722 -0.4892
vn 0.7101 0.7041 -0.0058
vn -0.8842 -0.2790 -0.3745
vn 0.5517 -0.4132 -0.7245
vn 0.9826 0.1768 -0.0570
vn -0.8028 -0.4665 -0.3714
vn 0.8834 -0.4601 -0.0893
vn -0.6081 0.6373 -0.4733
vn -0.5327 0.1383 -0.8349
vn 0.0568 -0.4739 -0.8787
vn 0.5861 0.3658 0.7230
vn -0.2514 0.0598 0.9660
vn -0.2425 -0.9675 -0.0713
vn -0.1074 -0.6838 -0.7217
vn -0.1600 -0.0433 0.9862
vn -0.9129 0.3610 0.1905
vn 0.3639 -0.7500 -0.5523
vn 0.0349 0.8497 -0.5261
vn -0.2899 0.4670 -0.8354
vn 0.5360 0.5020 0.6787
vn -0.2382 -0.6496 0.7220
vn 0.3489 0.5784 -0.7374
vn -0.2214 -0.3983 -0.8901
vn 0.0812 -0.7832 -0.6164
vn -0.2159 0.6695 0.7108
vn 0.2758 0.7875 0.5512
vn -0.8931 0.1345 -0.4292
vn -0.4776 -0.2588 -0.8396
vn -0.5723 0.5175 0.6362
vn -0.8184 -0.3341 0.4676
vn 0.8630 -0.5046 -0.0239
vn 0.2368 -0.8329 -0.5001
vn 0.4254 0.7533 0.5016
vn -0.3670 0.4070 -0.8365
vn -0.9342 -0.2679 -0.2357
vn 0.1124 -0.1130 0.9872
vn 0.4058 -0.6916 0.5976
vn -0.0851 -0.9915 -0.0984
vn -0.5995 0.7856 0.1531
vn -0.4092 0.7283 0.5496
vn 0.9498 0.1717 0.2616
vn 0.7550 -0.6101 0.2405
vn 0.1599 0.9870 -0.0173
vn 0.1416 -0.1084 -0.9840
vn 0.2563 -0.8640 -0.4333
vn -0.1194 0.9368 -0.3290
vn 0.6737 -0.6919 0.2596
vn -0.9360 -0.2852 0.2061
vn -0.4521 0.2294 0.8620
vn 0.0968 0.0140 0.9952
vn 0.1486 -0.6074 -0.7804
vn -0.0486 -0.4639 -0.8846
vn -0.3249 0.9194 -0.2219
vn -0.2247 0.7324 0.6427
vn 0.0105 -0.2894 -0.9572
vn 0.8815 0.4700 0.0451
vn 0.2730 0.5760 0.7705
vn 0.2455 -0.4186 -0.8744
vn -0.7966 0.5729 -0.1932
vn 0.0225 -0.2247 0.9742
vn -0.3247 -0.8279 0.4574
vn -0.8296 -0.5522 -0.0822
vn 0.2057 0.9654 0.1602
vn 0.3882 0.8045 0.4495
vn 0.7795 -0.6004 0.1783
vn 0.0601 -0.9918 0.1129
vn 0.8439 0.5353 0.0355
vn 0.0576 -0.1062 -0.9927
vn -0.4720 -0.7793 -0.4122
vn 0.5897 0.7948 -0.1432
vn 0.9798 -0.1255 0.1555
vn -0.1177 -0.4065 -0.9060
vn -0.3105 -0.9338 -0.1780
vn 0.4417 -0.8385 0.3192
vn 0.6956 0.5954 -0.4021
vn 0.3005 0.7684 -0.5650
vn -0.9771 0.1122 0.1806
vn -0.6214 -0.7559 0.2062
vn -0.1449 0.9891 -0.0257
vn 0.3451 -0.0104 0.9385
vn 0.1242 -0.7326 0.6692
vn 0.2225 0.9507 0.2160
vn -0.6944 0.3462 0.6308
vn 0.0063 -0.7967 -0.6043
vn -0.8383 -0.2765 -0.4698
vn -0.9970 -0.0243 -0.0739
vn 0.1249 0.0524 0.9908
vn 0.7321 0.4142 0.5407
vn -0.2814 0.8339 -0.4749
vn -0.7511 0.2736 -0.6009
vn 0.7477 0.5848 0.3144
vn 0.7895 0.2341 -0.5673
vn 0.9689 -0.2443 -0.0390
vn 0.4219 0.8087 0.4098
vn -0.4411 -0.7506 -0.4919
vn -0.3670 -0.4441 0.8173
vn -0.9102 0.3785 -0.1682
vn 0.3228 0.5200 -0.7908
vn -0.1647 0.9244 0.3439
vn -0.8406 -0.2431 0.4839
vn -0.7833 -0.0176 0.6214
vn 0.6614 -0.6876 0.2995
vn 0.4873 -0.8445 -0.2223
vn 0.0240 0.5846 -0.8110
vn -0.9637 -0.2177 0.1544
vn 0.6708 -0.2004 0.7140
vn 0.4085 -0.9066 0.1060
vn -0.0537 -0.9983 0.0211
vn -0.5410 0.8012 0.2559
vn 0.1071 0.9113 0.3975
vn 0.6552 0.2126 -0.7250
vn 0.4788 -0.5439 -0.6891
vn 0.2049 0.9788 0.0005
vn -0.4054 0.0202 -0.9139
vn 0.0164 -0.6160 -0.7876
vn -0.5809 0.7939 -0.1797
vn 0.2482 0.9188 -0.3070
vn -0.6822 -0.6928 -0.2335
vn -0.6873 -0.4480 -0.5717
vn -0.1618 0.2835 -0.9452
vn 0.0884 0.5660 0.8197
vn -0.0965 0.5086 0.8556
vn 0.8001 -0.0576 -0.5971
vn 0.1067 -0.0093 -0.9942
vn 0.8153 -0.0270 0.5784
vn 0.6472 0.5896 -0.4832
vn -0.9664 -0.1801 0.1833
vn -0.0706 -0.9962 -0.0507
vn -0.4754 -0.6468 -0.5963
vn 0.6421 0.0037 0.7666
vn -0.9022 0.4024 -0.1554
vn -0.0245 -0.4284 -0.9032
vn 0.8926 -0.2469 0.3771
vn 0.5228 0.2412 0.8176
vn 0.0168 0.4711 0.8819
vn -0.2439 -0.4893 0.8373
vn 0.8407 -0.5371 0.0686
vn 0.3493 0.4352 -0.8298
vn -0.1905 -0.3546 -0.9154
vn 0.5185 0.7876 0.3330
vn -0.8707 0.4888 0.0542
vn -0.6630 -0.3471 -0.6633
vn 0.3759 0.8472 0.3754
vn -0.3630 -0.7032 0.6113
vn 0.2750 -0.6675 -0.6920
vn -0.6269 0.0248 -0.7787
vn 0.9356 -0.0199 0.3525
vn 0.4039 0.7021 -0.5865
vn -0.2115 0.6901 0.6921
vn -0.8474 -0.4158 -0.3303
vn 0.2890 -0.7539 0.5900
vn 0.6103 -0.7627 -0.2139
vn 0.2581 -0.7987 -0.5435
vn -0.7858 0.3564 0.5055
vn -0.4893 0.3883 0.7810
vn 0.8192 0.5433 0.1836
vn 0.8626 -0.1988 -0.4651
vn -0.4591 0.5856 0.6680
vn -0.2902 0.4329 -0.8535
vn 0.4482 -0.2602 -0.8552
vn -0.6928 0.5525 0.4634
vn -0.5072 -0.3877 -0.7697
vn -0.8416 0.4254 0.3329
vn 0.6479 0.3966 0.6503
vn 0.7553 -0.4019 -0.5177
vn 0.9016 -0.4001 0.1645
vn 0.1736 -0.4033 -0.8984
vn -0.8307 0.4248 -0.3599
vn -0.7081 -0.6887 0.1560
vn 0.4499 0.8028 -0.3913
vn 0.0572 0.4623 0.8849
vn -0.3421 0.4923 0.8004
vn 0.7582 -0.4044 0.5115
vn 0.4472 -0.4848 -0.7517
vn -0.6862 0.3447 -0.6405
vn -0.8332 -0.5086 -0.2170
vn 0.2906 0.8912 -0.3482
vn -0.8078 0.4931 0.3230
vn 0.1704 -0.3921 0.9040
vn -0.4615 -0.8636 -0.2028
vn -0.7081 -0.6887 -0.1560
vn 0.4499 0.8028 0.3913
vn 0.5209 0.8235 0.2246
vn 0.9003 -0.4026 -0.1656
vn 0.0379 0.4585 -0.8879
vn 0.7408 0.6651 0.0937
vn 0.0392 -0.4891 0.8714
vn -0.5568 0.2543 0.7908
vn -0.2179 0.7927 0.5693
vn 0.9106 -0.2730 -0.3104
vn 0.6738 -0.7194 -0.1689
vn -0.7852 -0.4938 -0.3737
vn -0.9464 0.2485 0.2065
vn 0.4096 -0.7206 -0.5595
vn -0.0925 0.6644 -0.7417
vn -0.6101 0.7921 -0.0188
vn 0.6374 -0.2723 -0.7208
vn -0.7691 -0.3991 -0.4992
vn -0.5032 -0.3932 0.7695
vn 0.6512 0.3968 0.6469
vn 0.3306 0.4243 -0.8430
vn -0.1413 0.4302 0.8916
vn -0.9644 -0.2610 -0.0413
vn 0.3406 -0.4248 -0.8388
vn 0.9293 0.2978 0.2185
vn -0.5571 -0.6817 0.4742
vn -0.6844 0.6959 0.2174
vn 0.3074 0.6061 0.7336
vn -0.3863 -0.0282 -0.9219
vn 0.5148 0.7191 -0.4668
vn 0.6932 0.5881 0.4165
vn -0.3594 -0.0374 -0.9325
vn 0.7629 -0.6184 -0.1884
vn 0.6420 -0.1303 0.7555
vn -0.8660 -0.1897 0.4627
vn -0.0000 0.7923 0.6102
vn -0.0000 -0.9670 0.2549
vn -0.4879 0.1058 -0.8664
vn 0.7687 0.1468 -0.6225
vn -0.0000 0.9648 -0.2629
vn -0.0000 -0.7964 -0.6048
vn -0.4548 0.1163 -0.8830
vn -0.7705 0.0770 0.6327
vn 0.9666 -0.1675 0.1940
vn -0.0248 -0.9997 -0.0044
vn 0.1907 0.9809 0.0382
vn -0.0844 0.1161 -0.9896
vn -0.9506 0.1076 0.2913
vn 0.8202 -0.1661 0.5475
vn -0.0210 -0.9997 -0.0140
vn 0.1617 0.9809 0.1079
vn -0.7564 -0.5604 0.3373
vn -0.5206 0.4454 -0.7284
vn -0.2238 0.8067 0.5470
vn -0.3411 0.4411 0.8301
vn 0.1489 -0.9175 -0.3689
vn 0.2488 -0.7635 -0.5959
vn 0.7587 0.4458 -0.4750
vn 0.6515 -0.4334 0.6227
vn -0.0001 0.4409 0.8976
vn 0.0001 -0.9176 -0.3975
vn 0.3030 0.1149 -0.9460
vn -0.9896 0.1095 -0.0931
vn -0.0596 -0.9876 -0.1451
vn 0.0860 0.9740 0.2096
vn 0.5483 -0.1672 0.8194
vn -0.0137 -0.9997 -0.0208
vn 0.1083 0.9808 0.1622
vn -0.6835 -0.4050 0.6073
vn 0.7461 -0.5644 0.3533
vn -0.0000 -0.8934 -0.4493
vn -0.4288 -0.8478 -0.3121
vn -0.0818 0.3499 0.9332
vn -0.0000 0.3741 0.9274
vn 0.6781 0.5688 -0.4655
vn -0.8131 0.5321 -0.2361
vn 0.6406 0.1159 -0.7591
vn -0.8790 0.1070 -0.4646
vn -0.0000 -0.9879 -0.1549
vn -0.0000 0.9736 0.2282
vn 0.1923 -0.1679 0.9669
vn -0.0049 -0.9997 -0.0249
vn 0.0379 0.9808 0.1911
vn -0.2692 -0.7263 0.6325
vn -0.7408 0.6649 0.0953
vn -0.0170 0.7918 0.6106
vn 0.2095 0.2510 0.9451
vn -0.5591 -0.7205 -0.4103
vn -0.7211 -0.2729 -0.6369
vn 0.3679 0.6642 -0.6508
vn 0.5695 0.7933 0.2151
vn -0.3108 -0.2724 -0.9106
vn 0.8705 -0.4904 -0.0413
vn 0.7928 0.2525 0.5548
vn -0.1683 -0.7196 -0.6737
vn -0.4475 0.4284 -0.7850
vn 0.7415 0.6644 0.0933
vn 0.0185 0.7921 0.6101
vn -0.5694 0.7930 0.2167
vn 0.3104 -0.2728 -0.9106
vn 0.7208 -0.2727 -0.6373
vn 0.3726 -0.4932 0.7861
vn -0.2078 0.2498 0.9458
vn 0.5593 -0.7207 -0.4097
vn -0.8712 -0.4893 -0.0398
vn -0.7915 0.2538 0.5561
vn 0.1688 -0.7194 -0.6738
vn 0.8829 0.1160 -0.4550
vn -0.6341 0.1090 -0.7655
vn -0.1923 -0.1679 0.9669
vn 0.0049 -0.9997 -0.0249
vn -0.0379 0.9808 0.1911
vn -0.0508 0.2331 0.9711
vn 0.9808 -0.1616 0.1089
vn -0.1091 -0.9880 0.1093
vn 0.1616 0.9735 -0.1619
vn 0.2723 -0.1639 -0.9482
vn -0.9175 0.2322 -0.3228
vn -0.8282 -0.5600 0.0200
vn -0.1993 0.4511 -0.8700
vn 0.8834 0.4445 -0.1487
vn 0.3656 -0.4326 0.8241
vn -0.3296 -0.6922 -0.6420
vn -0.0641 -0.6831 0.7275
vn 0.0668 0.7018 0.7092
vn -0.2094 0.7039 -0.6787
vn 0.9225 0.0240 -0.3852
vn -0.9232 -0.0197 0.3837
vn -0.5193 -0.6608 -0.5419
vn -0.7357 0.6770 -0.0194
vn 0.6879 0.6767 0.2624
vn 0.7399 -0.6173 -0.2674
vn 0.9896 0.1160 -0.0847
vn -0.2923 0.1074 -0.9503
vn -0.5485 -0.1672 0.8193
vn 0.0137 -0.9997 -0.0208
vn -0.1083 0.9808 0.1621
vn -0.6934 -0.6858 0.2211
vn -0.7162 0.6950 -0.0637
vn 0.6375 0.6945 -0.3336
vn 0.7266 -0.6842 -0.0624
vn 0.9518 -0.1521 -0.2664
vn -0.1099 -0.1615 -0.9807
vn -0.9657 0.2518 0.0632
vn 0.3059 0.2493 0.9189
vn 0.9461 0.1151 0.3027
vn 0.0931 0.1096 -0.9896
vn -0.8199 -0.1667 0.5477
vn 0.0211 -0.9997 -0.0140
vn -0.1618 0.9809 0.1080
vn -0.8991 0.4306 0.0785
vn -0.0104 0.2317 -0.9727
vn 0.3418 0.8275 -0.4453
vn -0.0371 0.9933 -0.1098
vn -0.8385 -0.5439 -0.0347
vn -0.3845 -0.8083 -0.4459
vn 0.9203 -0.3899 -0.0309
vn 0.8518 0.5168 0.0858
vn -0.1960 -0.9673 -0.1611
vn -0.0595 0.0926 0.9939
vn 0.4789 0.7796 0.4037
vn -0.5880 -0.7961 0.1429
vn -0.8170 -0.2954 0.4953
vn 0.3670 0.3763 0.8507
vn 0.6648 0.3630 -0.6529
vn -0.5818 -0.2715 -0.7667
vn -0.6116 -0.7025 -0.3638
vn 0.6909 -0.6677 0.2772
vn 0.7807 0.0260 -0.6244
vn -0.3526 -0.0201 0.9356
vn 0.5838 0.7028 0.4065
vn -0.6898 0.6900 -0.2193
vn 0.7593 0.1158 0.6404
vn 0.4643 0.1065 -0.8792
vn -0.9670 -0.1679 0.1917
vn 0.0247 -0.9997 -0.0049
vn -0.1909 0.9809 0.0378
vn 0.6282 0.4092 0.6618
vn -0.7701 -0.0782 0.6331
vn -0.6902 0.7091 0.1441
vn -0.0188 0.9771 0.2118
vn 0.6211 -0.5271 0.5800
vn -0.0990 -0.8425 0.5295
vn -0.3917 -0.4206 -0.8184
vn 0.8513 0.1691 -0.4966
vn -0.6242 -0.1556 0.7656
vn 0.7276 0.2478 0.6397
vn 0.4473 0.2435 -0.8606
vn -0.8644 -0.1637 -0.4754
vn 0.4264 0.7078 0.5632
vn 0.7669 -0.6196 0.1671
vn -0.4790 -0.7869 -0.3890
vn -0.8831 0.4508 -0.1304
vn 0.4544 0.1157 0.8833
vn 0.7661 0.1085 -0.6336
vn -0.9669 -0.1680 -0.1919
vn 0.0247 -0.9997 0.0048
vn -0.1909 0.9809 -0.0378
vn -0.1472 0.4500 -0.8808
vn 0.8251 -0.4331 -0.3627
vn -0.0202 -0.4337 0.9008
vn 0.6347 0.4406 0.6349
vn -0.2801 -0.9183 -0.2798
vn -0.8736 0.4436 0.2004
vn 0.0846 0.1160 0.9896
vn 0.9504 0.1073 -0.2918
vn -0.8199 -0.1667 -0.5477
vn 0.0211 -0.9997 0.0140
vn -0.1618 0.9809 -0.1080
vn 0.9456 -0.1570 0.2849
vn 0.3221 0.2325 -0.9177
vn -0.9723 0.2280 -0.0517
vn -0.1099 -0.1614 0.9808
vn -0.6654 0.5886 -0.4592
vn -0.7461 -0.5644 0.3532
vn 0.5671 -0.6206 0.5416
vn 0.4288 -0.8477 -0.3123
vn 0.0816 0.3499 0.9332
vn 0.8132 0.5319 -0.2363
vn 0.9509 -0.2861 0.1177
vn 0.2534 -0.2862 -0.9240
vn -0.8706 0.3590 -0.3365
vn -0.0118 0.3768 0.9262
vn -0.2367 -0.5074 -0.8286
vn -0.8707 0.4888 -0.0542
vn -0.6630 -0.3471 0.6633
vn 0.3759 0.8472 -0.3754
vn 0.3493 0.4352 0.8298
vn -0.1905 -0.3546 0.9154
vn 0.5185 0.7876 -0.3330
vn 0.8407 -0.5371 -0.0687
vn 0.3299 0.6999 0.6335
vn -0.3020 0.6785 -0.6696
vn 0.6242 0.0248 -0.7809
vn -0.9356 -0.0211 0.3525
vn -0.4065 -0.7092 -0.5760
vn 0.2185 -0.6829 0.6971
vn 0.4989 -0.4011 0.7682
vn 0.8429 0.4242 -0.3309
vn -0.6478 0.3964 -0.6506
vn -0.7556 -0.4019 0.5173
vn -0.6304 -0.7633 0.1415
vn -0.1569 0.6033 0.7819
vn 0.5799 -0.2549 0.7738
vn 0.3561 -0.6777 0.6434
vn -0.9262 0.1474 -0.3471
vn -0.9176 0.2174 -0.3327
vn 0.5054 0.6758 -0.5365
vn 0.0832 -0.6449 -0.7597
vn -0.6406 -0.1305 0.7567
vn -0.7687 0.1470 -0.6225
vn 0.4880 0.1060 -0.8664
vn -0.0273 0.9669 -0.2536
vn -0.2795 -0.7873 -0.5496
vn 0.8659 -0.1899 0.4628
vn 0.2867 0.7810 0.5549
vn 0.0182 -0.9672 0.2532
vn -0.7307 -0.6204 -0.2849
vn -0.6881 0.6766 0.2623
vn 0.7335 0.6797 -0.0078
vn 0.5974 -0.6446 -0.4771
vn -0.6868 -0.7038 -0.1815
vn -0.6404 0.6903 -0.3368
vn 0.7194 0.6913 -0.0677
vn 0.7053 -0.7020 0.0988
vn -0.3359 0.6868 -0.6446
vn -0.1797 -0.6976 -0.6936
vn 0.1009 -0.7001 0.7069
vn -0.0617 0.6883 0.7228
vn 0.5388 0.5048 0.6744
vn -0.6658 -0.3791 0.6427
vn -0.8693 0.4516 0.2012
vn 0.3779 -0.8569 0.3506
vn -0.3279 -0.4323 -0.8400
vn 0.7322 0.4461 -0.5147
vn 0.7655 -0.1553 0.6244
vn 0.6381 0.2481 -0.7289
vn -0.8621 0.2422 -0.4451
vn -0.4756 -0.1630 0.8644
vn -0.6849 -0.5515 -0.4762
vn -0.6663 0.5691 0.4819
vn 0.8132 0.5319 0.2363
vn 0.5671 -0.6205 -0.5416
vn 0.4288 -0.8478 0.3122
vn 0.0817 0.3499 -0.9332
vn 0.3598 -0.7028 0.6137
vn 0.2131 0.6904 0.6913
vn -0.4065 0.7024 -0.5843
vn -0.2769 -0.6681 -0.6906
vn -0.2311 -0.5310 0.8153
vn 0.0581 -0.6879 -0.7235
vn 0.3342 0.6939 -0.6378
vn -0.0349 0.7195 0.6936
vn -0.7845 0.5889 0.1943
vn 0.9134 -0.0393 0.4051
vn -0.7040 0.6691 0.2379
vn 0.0676 -0.5368 0.8410
vn -0.9153 -0.3544 -0.1911
vn 0.3330 0.7877 0.5183
vn 0.8287 -0.5069 -0.2373
vn 0.0538 0.4893 -0.8705
vn 0.3797 -0.4186 -0.8250
vn 0.8880 -0.2676 0.3741
vn 0.9110 0.4117 0.0232
vn 0.7769 0.4266 -0.4631
vn -0.2150 -0.9270 -0.3075
vn 0.0099 -0.8755 0.4832
vn -0.2711 0.5240 0.8074
vn 0.2172 0.9666 0.1361
vn -0.3987 -0.7865 0.4717
vn -0.6685 0.4635 -0.5816
vn 0.0997 0.9537 -0.2839
vn -0.5698 -0.8084 -0.1477
vn -0.7276 0.3950 0.5609
vn 0.5424 -0.3524 0.7627
vn -0.4797 -0.8324 0.2775
vn 0.5059 0.7475 0.4305
vn 0.8181 -0.2948 -0.4937
vn -0.3664 0.3652 -0.8558
vn -0.7104 0.4315 -0.5560
vn 0.7205 0.6642 -0.1992
vn 0.2508 0.7930 0.5552
vn -0.4442 0.7941 0.4148
vn -0.0635 -0.2701 -0.9607
vn 0.4243 -0.2714 -0.8639
vn 0.6452 -0.4901 0.5861
vn 0.1686 0.2530 0.9527
vn 0.3575 -0.7204 -0.5943
vn -0.8214 -0.4876 0.2959
vn -0.5194 0.2557 0.8154
vn -0.1002 -0.7207 -0.6860
vn -0.8783 -0.2979 -0.3740
vn -0.0693 -0.0786 0.9945
vn 0.3600 -0.8342 0.4177
vn -0.1882 -0.9762 -0.1078
vn -0.7591 0.6496 -0.0418
vn -0.4692 0.8687 0.1589
vn 0.9680 0.2488 -0.0327
vn 0.7625 -0.6418 0.0819
vn -0.0603 0.9860 -0.1556
vn -0.0345 -0.2166 -0.9757
vn 0.2262 -0.8629 -0.4519
vn -0.2678 0.8504 -0.4528
vn 0.9651 0.2528 0.0685
vn 0.1099 -0.1614 -0.9808
vn -0.9479 -0.1639 -0.2733
vn -0.3225 0.2322 0.9177
vn -0.7386 0.1112 -0.6649
vn -0.4643 0.1068 0.8792
vn 0.9666 -0.1674 -0.1938
vn -0.0249 -0.9997 0.0044
vn 0.1907 0.9809 -0.0382
vn -0.9463 0.1148 -0.3024
vn -0.0930 0.1095 0.9896
vn 0.8202 -0.1661 -0.5475
vn -0.0210 -0.9997 0.0140
vn 0.1617 0.9809 -0.1079
vn -0.2348 -0.2987 -0.9250
vn -0.9494 -0.2908 0.1190
vn 0.0226 0.3574 0.9337
vn 0.8611 0.3756 -0.3427
vn -0.9897 0.1159 0.0844
vn 0.2923 0.1074 0.9503
vn 0.5483 -0.1672 -0.8194
vn -0.0137 -0.9997 0.0207
vn 0.1083 0.9808 -0.1621
vn -0.8829 0.1161 0.4550
vn 0.6341 0.1091 0.7655
vn 0.1923 -0.1679 -0.9669
vn -0.0049 -0.9997 0.0249
vn 0.0379 0.9808 -0.1911
vn -0.6406 0.1158 0.7591
vn 0.8790 0.1069 0.4646
vn -0.1923 -0.1679 -0.9669
vn 0.0048 -0.9997 0.0248
vn -0.0379 0.9809 -0.1910
vn -0.6357 -0.6933 0.3395
vn 0.7210 -0.6905 0.0581
vn 0.7094 0.7021 -0.0624
vn -0.6825 0.7004 0.2090
vn -0.3030 0.1149 0.9460
vn 0.9896 0.1095 0.0932
vn -0.5484 -0.1671 -0.8193
vn 0.0137 -0.9997 0.0208
vn -0.1083 0.9808 -0.1621
vn 0.4599 -0.8123 -0.3587
vn 0.2994 0.6789 -0.6704
vn -0.5808 -0.2550 -0.7731
vn 0.9173 0.2185 0.3330
vn -0.3291 0.7008 0.6329
vn -0.2073 -0.6886 0.6949
vn -0.6591 0.6152 0.4326
vn 0.8188 0.5511 0.1606
vn 0.3558 -0.1115 0.9279
vn -0.1152 0.8555 -0.5048
vn 0.5483 -0.6455 -0.5316
vn -0.7541 -0.5949 -0.2784
vn -0.8751 0.4830 -0.0302
vn -0.0942 0.1674 0.9814
vn -0.4561 -0.4811 0.7486
vn -0.8141 -0.4174 0.4039
vn -0.1026 0.9667 -0.2344
vn 0.4708 0.8192 0.3275
vn 0.7980 -0.5990 0.0671
vn -0.0627 -0.9891 0.1334
vn 0.6594 0.7509 -0.0352
vn -0.2371 -0.3246 -0.9156
vn -0.3759 -0.9106 -0.1717
vn 0.2055 0.8548 -0.4764
vn -0.2583 0.4369 -0.8616
vn -0.6862 0.3447 0.6405
vn -0.8332 -0.5086 0.2170
vn 0.2906 0.8912 0.3482
vn 0.4472 -0.4848 0.7517
vn 0.7664 -0.4008 -0.5020
vn -0.4169 0.6517 0.6336
vn 0.9047 0.4182 -0.0812
vn 0.8092 -0.2709 0.5213
vn 0.0423 0.7485 -0.6617
vn 0.3608 -0.7478 -0.5573
vn 0.6390 -0.5322 0.5554
vn -0.1979 0.3786 -0.9042
vn -0.8420 -0.5392 0.0198
vn -0.0588 -0.4694 -0.8810
vn -0.8294 -0.5051 0.2385
vn -0.0524 0.4879 0.8714
vn 0.8300 0.4350 -0.3492
vn 0.9147 -0.3564 0.1905
vn -0.3327 0.7879 -0.5182
vn -0.0751 0.2615 -0.9623
vn 0.9860 0.1628 -0.0366
vn 0.3322 0.8424 0.4242
vn -0.1746 0.9808 -0.0872
vn -0.1246 -0.8629 -0.4898
vn 0.2817 -0.9578 -0.0568
vn 0.0370 -0.2898 0.9564
vn -0.1559 0.6262 0.7639
vn 0.2174 -0.9617 -0.1672
vn -0.9961 -0.0418 -0.0776
vn -0.5856 0.7406 0.3295
vn -0.0401 -0.9005 -0.4330
vn -0.0644 0.0205 -0.9977
vn 0.9886 -0.0263 -0.1485
vn 0.6491 0.7588 -0.0529
vn 0.2227 0.8455 -0.4853
vn -0.1225 -0.8294 -0.5451
vn 0.3131 -0.9461 -0.0824
vn 0.1061 -0.1239 0.9866
vn -0.9839 0.1634 -0.0730
vn -0.3185 -0.0891 0.9437
vn -0.9318 0.2197 -0.2888
vn 0.1085 0.0926 -0.9898
vn 0.9623 -0.2589 0.0829
vn -0.5858 0.6686 -0.4581
vn -0.5623 -0.7703 0.3009
vn 0.9017 -0.1841 -0.3912
vn 0.9990 -0.0434 -0.0113
vn -0.2686 -0.7168 0.6434
vn 0.7982 0.5992 -0.0618
vn 0.9084 0.0983 -0.4064
vn -0.2948 0.7094 0.6402
vn 0.5029 0.6403 0.5806
vn 0.3384 0.2689 -0.9018
vn 0.7394 -0.4458 -0.5046
vn -0.4667 0.7941 -0.3894
vn -0.5839 -0.6818 -0.4406
vn -0.4007 -0.3899 0.8291
vn -0.6150 -0.2947 0.7314
vn 0.9262 0.1422 0.3491
vn 0.8297 -0.5582 -0.0070
vn 0.0672 -0.9874 0.1433
vn -0.2976 0.8254 0.4797
vn 0.1243 0.8686 0.4796
vn 0.6502 0.2101 -0.7301
vn 0.7040 -0.5217 -0.4820
vn -0.1002 0.9446 -0.3127
vn -0.7310 -0.3419 -0.5906
vn -0.0473 -0.9516 -0.3036
vn -0.4672 0.8700 -0.1572
vn 0.5809 -0.4074 0.7047
vn 0.0599 -0.7993 -0.5980
vn -0.6252 -0.7747 -0.0942
vn -0.4826 -0.7394 0.4694
vn 0.9620 0.2635 -0.0718
vn 0.8477 0.1817 -0.4985
vn -0.4815 0.5540 -0.6792
vn -0.0801 0.6225 0.7785
vn -0.0907 -0.9761 0.1976
vn -0.1634 0.7404 0.6520
vn 0.2258 -0.0348 0.9735
vn -0.6862 -0.6930 -0.2210
vn 0.4806 0.6264 -0.6137
vn -0.0216 -0.8563 -0.5161
vn 0.6141 -0.7394 0.2759
vn -0.4300 -0.8662 -0.2545
vn -0.5306 0.7434 -0.4072
vn 0.4677 -0.6736 -0.5722
vn 0.9176 -0.1343 -0.3741
vn 0.5631 0.7503 -0.3464
vn -0.8599 -0.4827 -0.1662
vn -0.6897 -0.6921 -0.2128
vn 0.7318 -0.5240 0.4357
vn 0.9832 -0.1819 0.0122
vn -0.3629 -0.5728 0.7350
vn 0.0632 0.8524 0.5191
vn 0.6011 0.7930 -0.0991
vn -0.6768 -0.4357 0.5934
vn 0.2867 0.2421 0.9269
vn 0.7388 -0.2875 -0.6095
vn 0.2549 -0.9663 -0.0372
vn 0.2157 -0.8288 0.5163
vn 0.1704 0.9746 0.1454
vn 0.1998 0.8973 -0.3935
vn -0.6807 -0.1709 -0.7124
vn -0.4775 -0.8420 -0.2511
vn -0.2251 0.8010 -0.5547
vn -0.8873 0.0463 0.4589
vn -0.5431 -0.7641 0.3481
vn -0.2684 0.9599 0.0814
vn 0.1600 -0.8410 -0.5169
vn 0.8944 0.4226 0.1462
vn 0.4014 0.7465 -0.5306
vn 0.2303 -0.6328 0.7393
vn -0.1000 0.8875 0.4498
vn -0.0307 0.9273 -0.3730
vn -0.0974 -0.4209 0.9018
vn -0.9848 -0.0996 -0.1423
vn -0.9208 -0.0787 0.3821
vn 0.3147 -0.0256 0.9489
vn 0.1989 -0.7430 0.6390
vn -0.2947 -0.8019 0.5197
vn -0.6671 0.7362 0.1139
vn 0.1488 0.9301 0.3357
vn 0.8990 -0.0561 -0.4344
vn 0.4948 -0.8440 -0.2068
vn 0.2543 0.9613 -0.1063
vn -0.4866 -0.3281 -0.8097
vn 0.0044 -0.9483 -0.3173
vn -0.4475 0.8495 -0.2794
vn 0.8149 0.0599 0.5764
vn -0.3296 0.9265 0.1817
vn 0.1337 0.8473 -0.5141
vn 0.5952 0.6974 -0.3992
vn -0.1325 -0.4648 0.8754
vn -0.5085 -0.2968 0.8083
vn -0.7947 -0.2376 -0.5586
vn 0.0778 0.4420 -0.8936
vn -0.4348 -0.1175 0.8928
vn 0.6183 -0.7532 -0.2247
vn 0.6048 0.2244 -0.7641
vn -0.1337 -0.3286 0.9350
vn 0.6620 0.3125 -0.6813
vn 0.4300 -0.0226 0.9026
vn -0.0038 0.6199 0.7847
vn 0.0485 0.9986 -0.0206
vn 0.5472 -0.7929 -0.2680
vn 0.5859 -0.7929 0.1671
vn -0.6543 -0.2200 0.7235
vn -0.4824 0.5346 0.6939
vn -0.2092 -0.9779 0.0015
vn -0.6678 0.2081 -0.7146
vn -0.4075 0.9070 -0.1059
vn -0.1019 -0.9126 -0.3959
vn 0.0125 -0.5209 0.8535
vn 0.3121 -0.0185 -0.9499
vn 0.0388 -0.6376 -0.7694
vn -0.1591 -0.9582 -0.2376
vn 0.4117 0.6746 0.6127
vn -0.0922 0.9084 0.4078
vn -0.9327 -0.3140 0.1776
vn -0.4730 -0.8517 -0.2256
vn -0.3207 0.8642 0.3878
vn 0.1362 0.5734 -0.8079
vn -0.3179 -0.9446 0.0817
vn 0.8757 -0.1804 -0.4479
vn 0.3330 -0.5573 -0.7606
vn 0.7444 0.4798 0.4644
vn 0.1549 0.6128 0.7749
vn -0.1023 0.7153 -0.6913
vn -0.2573 -0.6940 -0.6724
vn 0.1683 -0.6459 0.7447
vn -0.3384 -0.9254 -0.1707
vn -0.7613 0.6001 -0.2457
vn 0.4908 0.8642 0.1109
vn 0.8182 -0.5061 0.2728
vn -0.6680 0.6112 -0.4244
vn 0.4702 -0.6688 0.5759
vn -0.2775 -0.9333 -0.2280
vn -0.8072 -0.5174 -0.2842
vn 0.4547 0.8861 -0.0901
vn 0.3711 0.7690 0.5205
vn 0.5415 -0.4802 -0.6901
vn -0.0887 -0.9227 -0.3751
vn 0.5137 0.8335 -0.2035
vn -0.8346 0.3039 0.4595
vn 0.3450 -0.9385 -0.0147
vn -0.8275 -0.5472 -0.1259
vn 0.1385 0.6599 0.7385
vn -0.6044 0.2883 -0.7427
vn -0.1516 -0.3850 -0.9104
vn 0.9999 -0.0144 0.0078
vn 0.6271 0.7572 -0.1825
vn 0.2612 -0.9434 0.2045
vn 0.3023 0.3434 0.8892
vn 0.3209 0.9047 0.2803
vn -0.0502 -0.6859 0.7260
vn -0.9556 0.2342 0.1789
vn 0.9066 -0.4135 0.0846
vn -0.7533 0.1530 -0.6396
vn -0.6566 -0.7324 -0.1803
vn -0.2916 -0.9544 0.0641
vn 0.5689 0.8047 -0.1697
vn 0.2304 0.9698 0.0801
vn -0.1644 -0.1144 0.9797
vn -0.3769 -0.8319 0.4072
vn 0.2541 0.9180 0.3044
vn -0.8492 0.5240 -0.0645
vn 0.5468 -0.7231 0.4221
vn -0.1371 -0.1193 -0.9833
vn -0.5174 -0.6692 -0.5334
vn 0.5100 0.6734 -0.5352
vn 0.2449 0.9005 0.3592
vn -0.1077 -0.3518 0.9299
vn -0.2250 -0.0638 0.9723
vn 0.6816 -0.7024 -0.2053
vn 0.0004 -0.8445 -0.5355
vn -0.4939 0.6294 -0.5999
vn -0.6537 0.7001 0.2872
vn -0.0962 -0.4814 0.8712
vn 0.5170 -0.7857 -0.3398
vn 0.0320 0.2809 -0.9592
vn -0.4513 -0.3785 -0.8082
vn 0.5799 0.8077 -0.1067
vn -0.3870 -0.3606 0.8486
vn -0.9257 -0.1573 -0.3440
vn -0.8358 0.5489 0.0121
vn -0.7092 0.5064 0.4905
vn 0.0980 -0.9422 0.3203
vn -0.1295 -0.8720 -0.4721
vn 0.3158 0.4848 -0.8156
vn -0.0843 0.9867 -0.1387
vn 0.2864 -0.8244 -0.4882
vn 0.7382 0.3571 0.5723
vn 0.0374 0.9560 0.2910
vn 0.4634 -0.8751 0.1395
vn -0.0961 0.4804 -0.8718
vn -0.7151 0.1520 0.6823
vn -0.7523 -0.6586 0.0172
vn -0.6784 -0.4759 -0.5597
vn 0.4306 0.9018 0.0380
vn 0.4184 0.8251 0.3796
vn 0.5427 -0.5663 0.6203
vn 0.7848 -0.2638 -0.5608
vn -0.7766 -0.1184 0.6187
vn -0.3145 0.0301 -0.9488
vn -0.1986 0.7481 -0.6332
vn -0.4882 0.8480 0.2062
vn -0.2526 -0.9615 0.1084
vn -0.1452 -0.9311 -0.3345
vn 0.7536 0.2241 -0.6180
vn 0.2862 0.7990 -0.5289
vn 0.6681 -0.7334 -0.1257
vn 0.5095 0.3259 0.7964
vn 0.0054 0.9479 0.3185
vn 0.4525 -0.8507 0.2676
vn -0.5470 0.1766 0.8183
vn 0.9305 -0.2792 0.2369
vn 0.4464 -0.8911 0.0817
vn -0.3759 -0.8243 0.4234
vn 0.1175 0.9323 0.3421
vn 0.5309 0.8230 0.2021
vn 0.5093 -0.2900 -0.8103
vn 0.3221 -0.8636 -0.3878
vn 0.2395 0.7543 -0.6113
vn -0.8659 -0.0802 -0.4937
vn -0.5312 -0.8435 -0.0791
vn -0.0990 0.9269 -0.3620
vn 0.5584 0.4310 -0.7088
vn 0.9154 -0.4023 -0.0101
vn -0.0143 0.9998 -0.0172
vn -0.6967 -0.0461 -0.7158
vn -0.3463 -0.4807 0.8056
vn -0.8831 0.3360 -0.3274
vn 0.0067 0.9998 0.0193
vn -0.3759 -0.0407 -0.9258
vn 0.7796 0.4190 -0.4655
vn 0.8346 -0.4487 0.3196
vn -0.6494 -0.4500 0.6129
vn -0.6960 0.3527 -0.6255
vn -0.7861 -0.5834 0.2042
vn -0.0096 0.5582 0.8297
vn 0.4393 -0.2445 0.8644
vn -0.4992 0.8442 -0.1953
vn 0.7832 0.4133 -0.4646
vn -0.0600 -0.6895 -0.7218
vn -0.8377 -0.4884 -0.2445
vn -0.0701 -0.5373 0.8405
vn 0.8300 0.4350 0.3492
vn 0.9147 -0.3564 -0.1906
vn -0.3328 0.7879 0.5181
vn -0.0525 0.4879 -0.8713
vn 0.1746 0.4560 0.8727
vn 0.7299 0.0367 -0.6825
vn 0.6415 -0.7670 -0.0135
vn 0.5970 -0.5765 0.5578
vn -0.2798 0.9597 -0.0241
vn -0.2912 0.8787 -0.3783
vn -0.5411 -0.6322 -0.5546
vn 0.0374 -0.9970 -0.0675
vn -0.5345 0.7111 -0.4568
vn -0.7304 -0.3438 0.5902
vn -0.0125 -0.8902 0.4554
vn -0.5539 0.8324 -0.0186
vn 0.6916 0.3164 -0.6493
vn -0.9307 0.1845 0.3160
vn -0.7278 -0.5477 -0.4127
vn -0.3923 -0.5586 -0.7308
vn 0.3262 0.8131 0.4822
vn 0.2349 0.7295 0.6424
vn 0.2390 -0.7658 0.5970
vn 0.1879 0.6018 -0.7762
vn -0.2157 0.0802 0.9732
vn 0.9599 -0.2576 -0.1108
vn 0.4040 -0.3615 -0.8403
vn -0.8703 -0.1028 -0.4817
vn -0.6142 -0.7890 -0.0155
vn -0.1550 -0.9586 -0.2391
vn 0.3848 0.5847 -0.7142
vn -0.1492 0.8836 -0.4439
vn -0.4172 0.3092 0.8546
vn -0.3546 -0.6121 0.7069
vn 0.0252 0.9926 -0.1186
vn 0.9046 -0.2373 0.3542
vn 0.0738 -0.8654 0.4956
vn 0.4483 0.8145 -0.3682
vn 0.6612 -0.3440 -0.6667
vn -0.9498 0.0583 -0.3074
vn -0.6333 -0.7735 0.0256
vn -0.1816 -0.9735 -0.1388
vn 0.5178 0.7157 -0.4687
vn -0.1080 0.9626 -0.2486
vn -0.1633 0.1683 0.9721
vn -0.2102 -0.6032 0.7694
vn 0.0588 0.9886 0.1383
vn 0.7902 -0.2466 0.5610
vn 0.2289 -0.7423 0.6298
vn 0.7711 0.6258 -0.1169
vn -0.6684 -0.7109 -0.2188
vn 0.5367 0.4689 0.7014
vn 0.5972 -0.5587 0.5755
vn 0.3040 -0.9168 0.2590
vn -0.7831 0.6142 -0.0977
vn -0.4638 0.8091 -0.3608
vn 0.4132 -0.4679 -0.7813
vn 0.5582 -0.8297 -0.0103
vn -0.2575 0.7480 -0.6117
vn -0.4658 -0.2992 0.8328
vn 0.8448 -0.2253 0.4854
vn 0.4988 -0.8665 0.0202
vn 0.0181 -0.9729 0.2304
vn -0.3035 0.6408 0.7052
vn 0.2741 0.8523 0.4455
vn 0.4626 0.2509 -0.8503
vn 0.2681 -0.6595 -0.7022
vn 0.1086 0.9866 0.1217
vn -0.9279 -0.1018 -0.3588
vn -0.2099 -0.8397 -0.5008
vn -0.3472 0.8657 0.3606
vn -0.4860 0.0154 0.8738
vn -0.8533 0.5210 0.0215
vn 0.2904 -0.0572 -0.9552
vn 0.3097 -0.9388 0.1510
vn -0.1653 -0.5130 -0.8423
vn -0.2900 0.0995 0.9518
vn -0.1023 -0.5861 0.8038
vn 0.0367 -0.9555 0.2927
vn -0.3043 0.7593 -0.5752
vn 0.2785 0.8803 -0.3841
vn 0.8570 -0.4746 -0.2007
vn 0.3114 -0.9231 0.2256
vn 0.4280 0.8166 -0.3874
vn 0.1480 0.5961 0.7892
vn 0.1352 -0.9541 -0.2673
vn -0.8458 0.0182 0.5332
vn -0.3810 -0.4670 0.7980
vn -0.6237 0.6450 -0.4414
vn -0.9385 0.3233 0.1212
vn 0.2487 -0.9674 0.0471
vn -0.1690 -0.8893 -0.4249
vn -0.8412 -0.3595 -0.4039
vn -0.2604 0.5112 0.8191
vn 0.0899 0.7005 0.7079
vn -0.2298 0.5238 -0.8203
vn -0.5808 -0.5580 -0.5928
vn 0.4164 0.8552 0.3085
vn 0.9287 -0.3617 -0.0816
vn -0.7954 0.2650 -0.5451
vn 0.0700 -0.8726 -0.4834
vn 0.5469 0.8196 0.1708
vn 0.1062 -0.7491 0.6539
vn -0.5182 0.4059 -0.7529
vn 0.7747 0.3972 -0.4919
vn 0.6512 -0.4363 0.6209
vn -0.8408 -0.4298 0.3290
vn -0.3271 0.8785 0.3483
vn 0.2744 -0.7306 0.6253
vn -0.5647 -0.7500 0.3444
vn -0.9188 0.1309 0.3724
vn 0.6893 0.6923 0.2136
vn 0.8596 0.4830 0.1671
vn -0.0627 -0.8526 -0.5189
vn -0.6005 -0.7937 0.0972
vn 0.6775 0.4353 -0.5929
vn -0.7337 0.5224 -0.4344
vn -0.9827 0.1846 -0.0156
vn 0.3637 0.5722 -0.7351
vn -0.4641 -0.6311 -0.6215
vn 0.1507 0.1948 0.9692
vn 0.3012 -0.5187 0.8001
vn 0.3118 -0.8883 0.3371
vn -0.5988 0.6873 -0.4111
vn -0.0759 0.8499 -0.5214
vn 0.7260 -0.4446 -0.5247
vn 0.4746 -0.8684 0.1440
vn 0.1107 0.8050 -0.5829
vn 0.3937 0.6946 0.6021
vn 0.1032 -0.9660 -0.2371
vn -0.5217 -0.0054 0.8531
vn 0.1000 -0.4270 0.8987
vn -0.8400 0.5237 -0.1416
vn 0.5763 -0.5767 -0.5790
vn 0.5008 0.2658 0.8237
vn 0.5027 0.8403 0.2031
vn 0.6167 0.5758 -0.5368
vn -0.0858 -0.9473 0.3086
vn -0.0526 -0.7740 0.6310
vn -0.5432 0.6051 0.5821
vn 0.0106 0.9939 0.1098
vn -0.6635 -0.5448 0.5128
vn -0.6036 0.0915 -0.7920
vn 0.1494 0.7701 -0.6202
vn -0.5602 -0.7938 0.2368
vn -0.4283 0.4964 -0.7551
vn -0.6013 -0.7716 -0.2075
vn -0.1496 -0.7733 -0.6161
vn 0.1628 -0.8327 -0.5292
vn -0.4612 0.5720 0.6783
vn -0.7316 0.0282 0.6812
vn 0.5526 -0.6235 0.5531
vn 0.7572 -0.6529 -0.0181
vn -0.3430 0.0783 0.9361
vn 0.8033 0.5948 -0.0299
vn 0.9505 0.3061 -0.0524
vn 0.0583 0.2328 0.9708
vn -0.2087 0.8684 0.4498
vn 0.1907 0.9755 0.1098
vn 0.7722 -0.6338 0.0449
vn 0.2850 -0.8492 0.4446
vn -0.9656 -0.2576 0.0367
vn -0.7511 0.6561 -0.0736
vn 0.0648 -0.9859 0.1540
vn 0.0940 0.0973 -0.9908
vn -0.3601 0.8337 -0.4187
vn 0.4823 -0.8643 -0.1427
vn -0.8324 0.3435 -0.4348
vn 0.4271 0.0793 -0.9007
vn 0.4917 0.7778 -0.3915
vn -0.0337 0.9592 -0.2807
vn -0.7223 -0.6062 -0.3329
vn -0.1314 -0.8839 -0.4489
vn 0.7954 -0.4428 0.4139
vn -0.5609 0.1667 0.8109
vn -0.2251 -0.0994 -0.9693
vn -0.8804 -0.1622 0.4455
vn -0.2281 -0.9094 0.3477
vn -0.0641 -0.9113 -0.4066
vn -0.3589 0.7750 -0.5201
vn -0.4052 0.9108 -0.0790
vn 0.5612 0.0906 0.8227
vn 0.3308 -0.7886 0.5183
vn 0.1153 0.9898 0.0841
vn 0.7946 -0.0964 -0.5994
vn 0.5009 -0.8317 -0.2396
vn 0.2575 0.9080 -0.3304
vn -0.8563 -0.4356 -0.2775
vn 0.7848 0.2864 0.5497
vn 0.6043 -0.7766 0.1781
vn 0.0804 -0.9873 0.1367
vn -0.3032 0.7943 -0.5265
vn -0.3202 0.9473 -0.0037
vn 0.7455 -0.1925 -0.6381
vn 0.7970 -0.5884 -0.1359
vn -0.0499 0.5658 -0.8230
vn -0.8242 -0.1965 0.5311
vn 0.9953 -0.0363 0.0902
vn -0.0589 -0.9118 0.4063
vn -0.3978 0.8854 0.2404
vn -0.5913 -0.5977 -0.5414
vn -0.8739 -0.0128 -0.4860
vn 0.7781 -0.0744 -0.6237
vn 0.5271 0.7715 -0.3563
vn -0.3572 0.8322 -0.4241
vn -0.3711 -0.8958 -0.2444
vn 0.0654 -0.9790 -0.1931
vn 0.5514 0.2361 0.8001
vn 0.4288 0.8910 0.1496
vn -0.0647 -0.8517 0.5200
vn -0.8171 0.3679 0.4439
vn -0.4677 0.8825 0.0492
vn -0.4808 -0.6587 0.5787
vn 0.7987 -0.0157 -0.6015
vn 0.6571 0.6800 -0.3254
vn -0.7690 0.6391 -0.0138
vn -0.2381 -0.7264 0.6447
vn -0.2777 0.8686 -0.4103
vn -0.2099 -0.6925 -0.6902
vn 0.2018 -0.7945 0.5728
vn 0.2595 0.6204 0.7401
vn -0.8337 -0.3173 0.4520
vn 0.4564 -0.3525 0.8170
vn 0.3773 -0.9063 0.1906
vn -0.1110 -0.9889 0.0988
vn -0.5793 0.6270 0.5208
vn 0.0485 0.7782 0.6261
vn 0.8454 0.2739 -0.4586
vn 0.5449 -0.6454 -0.5353
vn 0.0486 0.9531 0.2988
vn -0.6303 -0.0014 -0.7763
vn 0.0398 -0.7785 -0.6264
vn -0.4489 0.8587 0.2471
vn 0.4463 -0.6313 0.6342
vn -0.8678 -0.4277 -0.2532
vn -0.7869 0.3530 0.5061
vn -0.3947 0.2548 0.8828
vn 0.7036 -0.3775 -0.6020
vn 0.4978 -0.3298 -0.8021
vn -0.1976 0.8439 -0.4987
vn -0.5140 0.7781 0.3611
vn 0.4474 -0.4793 -0.7551
vn 0.7009 0.6218 0.3495
vn -0.1437 0.7132 0.6861
vn 0.6361 -0.5116 -0.5776
vn -0.4615 -0.5935 -0.6594
vn -0.6893 0.1360 0.7116
vn 0.0938 -0.5795 0.8096
vn -0.4669 0.7165 -0.5183
vn 0.7345 0.5324 0.4208
vn 0.6375 -0.3293 0.6965
vn -0.1334 0.8709 -0.4731
vn 0.5694 -0.2614 -0.7794
vn -0.9087 -0.3142 0.2748
vn 0.5978 0.0216 0.8014
vn 0.6967 -0.6229 0.3558
vn -0.0388 -0.9986 0.0358
vn -0.4909 0.7907 0.3659
vn -0.1318 0.7903 0.5984
vn 0.9404 0.2180 -0.2609
vn 0.8337 -0.5395 -0.1179
vn 0.0742 0.9796 -0.1867
vn -0.3536 -0.2120 -0.9111
vn 0.0831 -0.9063 -0.4144
vn -0.3206 0.9067 -0.2740
vn 0.2223 0.8630 -0.4537
vn -0.5439 -0.7516 -0.3731
vn 0.0584 -0.8643 -0.4996
vn 0.5826 0.1013 -0.8064
vn -0.7561 0.6258 0.1914
vn -0.8632 0.4487 0.2315
vn 0.1779 -0.9266 0.3312
vn 0.2830 -0.8677 -0.4087
vn -0.1390 0.3159 0.9386
vn 0.9212 0.3884 -0.0242
vn 0.7909 -0.0105 -0.6119
vn 0.0539 0.4582 0.8872
vn -0.2613 0.7256 -0.6365
vn -0.2744 -0.9383 0.2104
vn -0.3937 -0.8691 -0.2995
vn -0.3619 -0.5148 -0.7772
vn 0.2124 0.8319 0.5127
vn 0.6930 0.5832 0.4239
vn 0.5214 -0.1140 -0.8457
vn -0.1435 -0.4247 -0.8939
vn 0.9145 0.3814 0.1353
vn 0.3504 -0.6737 0.6506
vn -0.1033 0.2049 -0.9733
vn -0.7969 -0.3045 0.5217
vn -0.5914 -0.7901 -0.1610
vn -0.0029 0.8106 0.5856
vn 0.1704 0.9839 -0.0530
vn 0.5587 -0.5480 -0.6225
vn 0.8658 -0.4243 0.2653
vn 0.8804 0.1585 0.4470
vn -0.6538 0.3493 -0.6712
vn -0.6450 0.1281 -0.7533
vn -0.2954 -0.8860 0.3574
vn 0.4619 -0.5716 0.6782
vn -0.8246 0.0069 -0.5657
vn -0.3550 0.4350 0.8275
vn 0.5267 -0.0003 0.8500
vn -0.8110 0.2317 -0.5372
vn 0.3213 0.2449 -0.9148
vn -0.2224 -0.9056 0.3610
vn 0.0926 -0.9648 0.2462
vn 0.5861 -0.7108 -0.3888
vn -0.4060 0.8259 -0.3913
vn -0.1646 0.8755 0.4542
vn 0.9950 0.0257 0.0968
vn 0.8835 -0.4478 -0.1374
vn 0.0408 0.9130 0.4059
vn -0.4837 -0.2058 0.8507
vn 0.8855 -0.0006 -0.4647
vn -0.7878 -0.5356 -0.3041
vn -0.1539 -0.9853 -0.0735
vn -0.5319 0.8078 -0.2542
vn -0.1783 0.9736 0.1429
vn -0.8345 -0.3819 -0.3971
vn -0.0781 -0.1285 -0.9886
vn -0.3723 -0.0613 0.9261
vn 0.5078 -0.8584 -0.0730
vn 0.4427 -0.3196 -0.8378
vn -0.1748 -0.2066 0.9627
vn 0.8377 0.4877 0.2459
vn 0.5068 -0.6280 -0.5905
vn -0.7676 -0.6137 0.1847
vn 0.7026 -0.2425 0.6690
vn -0.2958 0.1545 -0.9427
vn -0.4365 0.6975 0.5683
vn 0.8852 0.4492 -0.1212
vn -0.6179 -0.7836 -0.0639
vn 0.2151 0.3083 0.9266
vn 0.8437 -0.3579 0.4002
vn 0.4831 -0.8504 0.2084
vn -0.9332 0.3551 0.0551
vn -0.8268 0.5603 0.0501
vn 0.6095 0.6016 -0.5163
vn 0.9727 -0.1836 -0.1423
vn -0.6958 0.6815 -0.2270
vn -0.1100 -0.6472 -0.7544
vn 0.6178 -0.7489 -0.2397
vn -0.8124 0.4917 -0.3133
vn 0.5175 -0.5860 -0.6235
vn -0.8940 -0.4232 -0.1469
vn -0.4015 -0.7466 0.5304
vn 0.0302 -0.9272 0.3734
vn 0.0976 0.4209 -0.9018
vn -0.2304 0.6328 -0.7393
vn -0.3439 0.7142 0.6097
vn 0.9843 0.1058 0.1413
vn -0.8620 0.3761 0.3397
vn 0.2377 -0.2983 0.9244
vn 0.9477 -0.2799 -0.1535
vn -0.0059 0.3611 -0.9325
vn -0.2369 -0.4596 0.8559
vn -0.8480 0.2296 -0.4776
vn -0.5024 0.8644 -0.0189
vn -0.2724 0.6533 0.7064
vn -0.1102 -0.9869 -0.1178
vn -0.2756 -0.8530 -0.4433
vn 0.1863 0.4942 -0.8491
vn -0.0329 0.9738 -0.2250
vn 0.2917 -0.6389 -0.7118
vn 0.9329 0.1048 0.3444
vn 0.1993 0.8436 0.4986
vn 0.3373 -0.8652 -0.3710
vn 0.8695 -0.4332 -0.2373
vn 0.0153 0.6405 0.7678
vn 0.0892 0.9952 0.0413
vn 0.7984 0.3869 -0.4613
vn 0.2921 -0.7566 0.5850
vn -0.0130 -0.7332 0.6799
vn -0.8329 0.5403 -0.1201
vn -0.1425 0.9693 -0.2002
vn -0.6173 -0.7839 0.0660
vn 0.2886 -0.2070 -0.9348
vn 0.5197 0.4927 -0.6980
vn -0.4413 -0.8886 -0.1252
vn 0.8409 0.5406 0.0249
vn -0.4009 0.3753 -0.8357
vn 0.3766 -0.4143 -0.8285
vn -0.1747 0.9701 0.1687
vn -0.8406 -0.5326 0.0985
vn 0.3128 -0.3828 0.8693
vn -0.5084 -0.5007 -0.7006
vn 0.2775 0.4264 0.8609
vn 0.5132 -0.5614 0.6492
vn 0.0325 -0.8920 0.4509
vn -0.0175 0.7005 -0.7134
vn -0.3055 0.9142 -0.2665
vn 0.9858 -0.1349 -0.1005
vn 0.6716 -0.5477 0.4989
vn 0.3037 0.5034 -0.8089
vn 0.2956 -0.3995 -0.8678
vn -0.8354 -0.3088 0.4547
vn -0.1877 -0.8441 0.5022
vn -0.4478 0.8830 -0.1406
vn 0.8412 0.0757 0.5355
vn 0.3012 0.3339 0.8932
vn 0.2341 0.8509 -0.4702
vn 0.7932 0.5314 -0.2975
vn 0.8383 0.5410 0.0677
vn -0.5471 0.2121 0.8098
vn -0.9169 0.3304 -0.2237
vn 0.1378 -0.6694 -0.7300
vn 0.6931 -0.5472 -0.4692
vn -0.9713 0.0364 -0.2350
vn 0.4166 -0.8410 0.3453
vn 0.8445 -0.4876 -0.2215
vn -0.6886 -0.0669 0.7221
vn -0.3295 -0.5847 0.7413
vn 0.6454 -0.5365 -0.5437
vn -0.2759 -0.5087 -0.8156
vn -0.6277 -0.6743 -0.3890
vn 0.6042 0.1236 0.7871
vn 0.7620 0.2609 0.5927
vn 0.0625 0.7440 -0.6653
vn -0.4932 0.0673 -0.8673
vn 0.6620 0.4750 0.5797
vn -0.8417 0.3713 0.3921
vn -0.8596 -0.1429 -0.4906
vn 0.5599 0.3371 0.7569
vn -0.6616 0.4310 -0.6136
vn -0.7496 -0.4063 0.5226
vn 0.5174 -0.4720 0.7138
vn 0.8192 0.4758 -0.3202
vn -0.2120 0.4233 0.8808
vn -0.9601 0.2295 -0.1599
vn 0.0388 -0.4339 -0.9001
vn 0.9265 -0.1872 0.3265
vn 0.2266 -0.6803 -0.6970
vn -0.0573 -0.6811 0.7299
vn -0.3344 0.6939 0.6377
vn -0.0648 0.6946 -0.7165
vn -0.5137 0.6687 0.5376
vn -0.0835 -0.6450 0.7596
vn 0.5298 -0.7140 -0.4577
vn -0.3560 -0.6777 -0.6434
vn 0.9262 0.1473 0.3471
vn 0.1564 0.6030 -0.7823
vn 0.9397 0.1162 0.3217
vn -0.0837 -0.2065 -0.9749
vn 0.1002 -0.9111 -0.3999
vn 0.4812 -0.8753 -0.0474
vn 0.3043 0.9439 0.1281
vn -0.2356 0.8990 -0.3692
vn -0.9569 -0.1929 0.2171
vn -0.5059 -0.8222 0.2609
vn -0.5810 0.8097 -0.0821
vn -0.1222 -0.1271 0.9843
vn -0.1450 -0.7850 0.6022
vn 0.0534 0.8626 0.5031
vn -0.7572 0.4486 -0.4748
vn 0.5182 0.4469 -0.7292
vn 0.8406 -0.4317 0.3271
vn 0.3405 0.4422 0.8298
vn -0.1490 -0.9175 -0.3688
vn -0.6515 -0.4332 0.6229
vn -0.5398 0.6500 0.5349
vn 0.2836 -0.6202 0.7314
vn -0.4520 -0.8475 0.2781
vn 0.8319 0.3486 0.4318
vn 0.5422 -0.6204 -0.5667
vn -0.3115 -0.8479 -0.4290
vn 0.9335 0.3491 -0.0819
vn -0.2357 0.5311 -0.8139
vn -0.6949 -0.6883 0.2082
vn -0.6305 0.7005 0.3344
vn 0.6693 0.6797 -0.3002
vn 0.5772 -0.7078 -0.4073
vn -0.1562 0.7270 0.6686
vn 0.4934 -0.5330 0.6874
vn -0.0038 -0.8237 -0.5670
vn -0.6182 0.3211 -0.7175
vn -0.7748 -0.6319 0.0173
vn 0.7173 0.4514 -0.5307
vn -0.4697 0.4500 0.7595
vn -0.7272 0.4531 -0.5156
vn 0.3288 -0.4326 -0.8395
vn 0.6231 -0.4328 0.6515
vn 0.3737 0.6630 -0.6487
vn 0.8214 -0.4876 0.2959
vn 0.5194 0.2557 0.8154
vn 0.4443 0.7941 0.4148
vn 0.0635 -0.2701 -0.9607
vn 0.1002 -0.7206 -0.6860
vn -0.6452 -0.4900 0.5861
vn -0.1686 0.2531 0.9526
vn -0.3575 -0.7205 -0.5942
vn -0.7205 0.6642 -0.1992
vn -0.2508 0.7930 0.5552
vn -0.4243 -0.2714 -0.8639
vn -0.3558 -0.4495 0.8194
vn -0.2957 -0.4879 -0.8213
vn -0.8154 0.2550 -0.5198
vn -0.9527 0.2526 0.1689
vn 0.5942 -0.7205 0.3575
vn 0.6860 -0.7206 -0.1003
vn 0.4614 0.6637 -0.5888
vn -0.4156 0.7938 -0.4441
vn 0.9607 -0.2703 -0.0636
vn 0.1988 0.6646 0.7203
vn -0.5556 0.7928 0.2504
vn 0.8640 -0.2716 0.4240
vn -0.8822 0.4469 -0.1485
vn 0.1991 0.4443 -0.8735
vn 0.9009 -0.4335 -0.0202
vn -0.3628 -0.4333 0.8250
vn -0.0847 -0.0770 0.9934
vn -0.8955 -0.3259 -0.3033
vn 0.2779 0.0890 -0.9565
vn 0.9492 0.2944 0.1116
vn -0.4588 -0.8129 0.3587
vn -0.3020 0.6785 0.6696
vn 0.6242 0.0248 0.7809
vn -0.9356 -0.0211 -0.3525
vn 0.3291 0.7004 -0.6334
vn 0.2081 -0.6884 -0.6948
vn -0.3356 0.6873 0.6442
vn -0.0617 0.6883 -0.7228
vn 0.1009 -0.7001 -0.7069
vn -0.1852 -0.6986 0.6911
vn 0.3595 -0.8120 0.4599
vn 0.6692 0.6797 0.3003
vn 0.7733 -0.2541 -0.5809
vn -0.3327 0.2182 0.9175
vn -0.6321 0.7017 -0.3288
vn -0.6878 -0.6937 -0.2138
vn 0.3642 -0.7030 -0.6108
vn -0.2770 -0.6681 0.6906
vn -0.4066 0.7024 0.5843
vn 0.2199 0.6848 -0.6947
vn 0.3312 -0.6921 0.6414
vn -0.1214 -0.7085 -0.6952
vn -0.2629 0.6782 -0.6863
vn 0.2154 0.6994 0.6815
vn 0.5912 -0.5505 0.5894
vn -0.2170 -0.6829 -0.6975
vn -0.3288 0.7048 -0.6286
vn 0.2993 0.6789 0.6705
vn -0.7054 -0.7020 -0.0983
vn 0.6904 -0.6995 0.1844
vn 0.6450 0.6862 0.3363
vn -0.7266 0.6839 0.0662
vn -0.1420 -0.7627 -0.6310
vn -0.7821 0.6032 -0.1568
vn -0.7738 -0.2551 0.5798
vn -0.6435 -0.6781 0.3552
vn 0.3467 0.1469 -0.9264
vn 0.3330 0.2176 -0.9175
vn 0.5359 0.6758 0.5061
vn 0.7599 -0.6447 0.0832
vn 0.1713 -0.3865 0.9063
vn 0.8877 0.4588 0.0371
vn -0.3595 0.4254 -0.8305
vn -0.8983 -0.4031 0.1749
vn 0.4105 0.8889 0.2033
vn -0.8783 -0.4027 -0.2577
vn -0.5062 0.2343 -0.8300
vn -0.2847 0.7484 -0.5990
vn 0.3412 -0.1220 0.9321
vn 0.4277 -0.3405 0.8374
vn 0.6616 0.2661 -0.7011
vn 0.0224 0.5032 -0.8639
vn 0.7743 -0.5957 0.2136
vn 0.6281 0.7755 -0.0631
vn -0.9493 -0.2704 0.1602
vn -0.9661 0.1937 0.1709
vn -0.3658 0.8917 -0.2666
vn 0.7604 -0.3649 0.5373
vn 0.5742 -0.2818 0.7687
vn 0.2145 0.2892 -0.9329
vn -0.4715 0.6999 -0.5364
vn 0.7021 -0.6476 -0.2962
vn -0.5158 -0.8545 0.0617
vn -0.0116 0.8756 -0.4828
vn -0.9871 0.0218 -0.1586
vn 0.6967 -0.7119 -0.0878
vn -0.6071 -0.0226 0.7943
vn 0.0524 0.9768 -0.2075
vn 0.2333 -0.5941 -0.7698
vn 0.9131 -0.3723 -0.1663
vn 0.9740 0.2202 -0.0531
vn -0.9273 0.2392 -0.2880
vn -0.9355 0.0094 -0.3533
vn -0.0268 -0.8546 0.5186
vn 0.7666 -0.4847 0.4212
vn -0.9885 -0.1238 -0.0870
vn 0.0642 0.5053 0.8605
vn 0.8771 0.1160 0.4662
vn -0.9888 0.1141 -0.0962
vn -0.5089 0.3716 0.7765
vn -0.8340 -0.4504 -0.3186
vn 0.6438 -0.4385 -0.6271
vn 0.7541 0.3860 0.5314
vn -0.5129 0.2928 -0.8070
vn -0.2322 0.6616 0.7130
vn -0.9053 -0.3896 -0.1691
vn 0.3343 0.7658 -0.5494
vn 0.6658 -0.4187 0.6175
vn 0.1992 -0.7660 -0.6112
vn 0.8588 -0.0074 0.5123
vn 0.5636 -0.1068 -0.8191
vn 0.2859 -0.8445 -0.4528
vn 0.4853 -0.8662 0.1192
vn 0.4813 0.8403 0.2494
vn 0.2563 0.8959 -0.3629
vn -0.8402 0.0818 -0.5361
vn -0.3654 -0.0253 0.9305
vn 0.5577 -0.2926 0.7768
vn -0.8902 0.0933 0.4458
vn -0.4324 0.8365 0.3367
vn -0.3924 -0.9165 0.0782
vn -0.6485 0.2768 -0.7091
vn -0.3524 0.9034 -0.2442
vn -0.3239 -0.7661 -0.5552
vn 0.7701 0.1009 -0.6300
vn -0.5300 0.6708 -0.5188
vn -0.7587 -0.6462 -0.0823
vn 0.4584 -0.7142 0.5289
vn 0.6433 -0.6774 -0.3568
vn -0.3471 0.1476 0.9262
vn 0.7822 0.6031 0.1565
vn 0.6397 0.7032 0.3103
vn 0.2224 -0.8146 0.5357
vn -0.4579 -0.3116 0.8326
vn 0.7403 -0.2411 -0.6275
vn -0.7087 -0.5959 -0.3776
vn -0.8817 -0.2056 0.4247
vn 0.5456 -0.1990 -0.8141
vn -0.4268 0.7914 -0.4376
vn 0.1907 0.8191 0.5410
vn -0.0369 0.6078 -0.7932
vn -0.4997 -0.8334 -0.2363
vn 0.5067 -0.8430 -0.1805
vn -0.4357 -0.8941 0.1039
vn -0.3351 -0.7311 0.5943
vn 0.5866 -0.8094 0.0278
vn -0.4691 -0.8798 -0.0769
vn 0.0914 -0.2067 0.9741
vn -0.0666 0.8058 0.5885
vn 0.2381 0.6078 -0.7575
vn -0.3055 -0.8454 -0.4381
vn -0.7783 0.4808 0.4038
vn -0.1517 -0.1188 -0.9813
vn 0.4015 0.6629 -0.6320
vn -0.0279 0.9957 -0.0879
vn -0.7961 -0.5610 0.2270
vn -0.5880 -0.8063 0.0644
vn 0.9346 -0.3511 0.0578
vn 0.7818 0.5507 -0.2925
vn -0.2470 -0.8760 0.4144
vn 0.0364 0.4672 0.8834
vn 0.3305 0.9109 0.2469
vn -0.3294 -0.6599 0.6753
vn -0.3582 -0.8127 -0.4596
vn -0.6703 0.6783 -0.3009
vn 0.6271 0.7033 0.3350
vn 0.6945 -0.6889 0.2077
vn 0.1289 -0.3984 0.9081
vn -0.9920 0.1257 -0.0075
vn -0.5102 0.8408 0.1810
vn -0.3845 -0.9019 -0.1969
vn -0.2437 0.3919 -0.8872
vn -0.1885 0.9425 -0.2761
vn -0.0318 -0.6945 -0.7188
vn 0.9784 0.0944 -0.1837
vn 0.5199 0.2406 -0.8196
vn 0.8917 -0.2371 -0.3855
vn -0.0175 -0.4261 0.9045
vn -0.7054 0.1213 0.6983
vn -0.1321 0.8498 -0.5102
vn 0.5104 0.7920 -0.3350
vn 0.8891 -0.4234 0.1736
vn 0.9636 -0.1785 0.1989
vn -0.1350 -0.7590 -0.6369
vn -0.6257 -0.7751 0.0877
vn -0.5236 0.7717 0.3610
vn 0.8288 -0.5067 0.2376
vn 0.0675 -0.5368 -0.8410
vn -0.8303 0.4351 -0.3482
vn -0.9153 -0.3544 0.1911
vn 0.3330 0.7877 -0.5183
vn 0.0538 0.4893 0.8705
vn -0.9716 -0.2365 -0.0052
vn -0.7941 0.2703 -0.5444
vn -0.2608 0.5798 -0.7719
vn 0.9050 0.3982 -0.1499
vn 0.3663 -0.4446 0.8174
vn -0.1179 0.6816 -0.7222
vn -0.8764 -0.3326 0.3483
vn -0.4783 -0.8294 -0.2887
vn -0.2681 -0.4680 -0.8421
vn -0.0250 0.9181 0.3956
vn -0.1633 0.7760 0.6092
vn 0.2141 -0.7360 0.6422
vn 0.0122 -0.9897 -0.1429
vn 0.2187 0.6060 0.7648
vn 0.9349 -0.0029 -0.3548
vn 0.2531 -0.6967 -0.6712
vn 0.2738 0.7913 0.5467
vn 0.4905 -0.8678 0.0795
vn 0.3436 0.6958 0.6307
vn 0.6744 0.7232 -0.1490
vn 0.8681 0.1687 -0.4668
vn -0.5532 -0.5085 0.6598
vn -0.5360 -0.2908 0.7925
vn -0.4487 0.8794 -0.1588
vn 0.3223 0.7758 -0.5424
vn -0.8321 -0.2188 0.5096
vn -0.2940 -0.3627 -0.8843
vn 0.5128 0.2170 -0.8306
vn -0.7603 -0.4373 0.4803
vn 0.7261 0.5019 0.4700
vn 0.3291 -0.9266 -0.1820
vn -0.1337 -0.8472 0.5141
vn 0.5083 0.2968 -0.8084
vn -0.6988 -0.5468 -0.4612
vn -0.5954 -0.6977 0.3984
vn 0.1323 0.4650 -0.8753
vn -0.6176 0.7536 0.2249
vn -0.7196 0.3249 0.6137
vn 0.6939 -0.5461 0.4694
vn -0.0830 -0.9713 0.2231
vn -0.5221 -0.7774 0.3508
vn 0.0426 0.9621 0.2693
vn 0.6912 0.7186 0.0771
vn 0.3582 -0.2594 -0.8969
vn -0.1402 -0.7376 -0.6605
vn 0.7119 0.6027 -0.3604
vn -0.6843 0.1795 -0.7068
vn -0.6078 -0.6139 -0.5037
vn -0.0263 0.9871 -0.1579
vn -0.6087 0.5602 0.5619
vn 0.2121 -0.9734 0.0862
vn -0.6199 -0.7191 -0.3139
vn -0.8270 -0.3795 -0.4148
vn 0.6766 0.6348 0.3732
vn 0.8060 0.3873 0.4476
vn 0.3707 0.1871 -0.9097
vn -0.5417 -0.3784 -0.7506
vn 0.7996 0.5190 0.3021
vn 0.6700 -0.5426 -0.5066
vn -0.7487 0.6509 -0.1255
vn -0.2750 -0.4375 0.8561
vn -0.7173 -0.6921 0.0802
vn 0.5977 0.5052 0.6226
vn -0.6026 -0.7910 0.1061
vn 0.4934 0.8099 -0.3171
vn -0.6673 0.7422 0.0617
vn -0.9277 0.2904 -0.2346
vn 0.6202 -0.7199 0.3118
vn 0.7468 -0.6378 -0.1885
vn -0.0463 0.5990 0.7994
vn -0.5914 0.7980 0.1159
vn 0.5701 -0.6854 0.4530
vn 0.6611 0.6512 -0.3726
vn -0.6785 -0.5686 0.4651
vn -0.5188 -0.2551 -0.8159
vn -0.9163 0.2298 -0.3281
vn 0.6474 -0.5372 -0.5407
vn 0.3202 -0.3660 0.8738
vn -0.9782 0.0344 0.2047
vn -0.6508 0.5423 0.5314
vn -0.3988 0.4868 0.7771
vn 0.3445 -0.9305 0.1246
vn -0.4027 -0.7252 -0.5585
vn 0.0679 0.6515 -0.7556
vn 0.0640 0.9977 -0.0201
vn -0.0852 -0.7223 -0.6863
vn 0.9069 0.4075 0.1073
vn 0.3130 0.9279 0.2026
vn 0.5256 -0.8482 -0.0650
vn 0.5885 -0.2935 -0.7534
vn -0.6785 0.7281 0.0976
vn -0.8384 0.4624 -0.2886
vn -0.4797 -0.1146 -0.8699
vn 0.9857 -0.0287 0.1661
vn 0.3608 -0.3739 0.8544
vn -0.4531 -0.8506 -0.2669
vn -0.5898 -0.4656 -0.6598
vn 0.4253 -0.4940 0.7584
vn -0.4805 0.4307 0.7639
vn -0.1518 -0.6419 -0.7516
vn 0.0492 0.9722 -0.2288
vn -0.5944 0.6946 -0.4053
vn 0.9482 0.0371 0.3154
vn 0.6953 0.6983 0.1702
vn -0.8071 -0.5830 -0.0933
vn -0.8943 0.1743 -0.4120
vn -0.7980 0.4681 -0.3795
vn 0.6359 -0.7396 0.2207
vn 0.3070 -0.7713 0.5575
vn 0.0865 -0.1196 -0.9890
vn -0.4882 0.2468 -0.8371
vn 0.8380 -0.4925 -0.2350
vn -0.0912 0.3759 0.9222
vn -0.4280 -0.6883 -0.5857
vn -0.7493 0.6251 -0.2187
vn 0.8444 -0.4616 0.2720
vn 0.4340 0.5407 -0.7206
vn -0.4991 0.6866 -0.5287
vn 0.8589 -0.4972 0.1230
vn 0.3621 -0.4735 -0.8029
vn 0.0096 0.9474 0.3198
vn -0.4978 -0.3954 0.7719
vn -0.9699 0.0735 -0.2322
vn 0.2487 0.8989 0.3607
vn -0.2114 0.6081 0.7652
vn -0.4756 0.5157 0.7127
vn -0.3389 -0.1434 -0.9298
vn 0.6376 0.0720 -0.7670
vn 0.6056 -0.5401 0.5844
vn 0.1808 -0.4554 0.8717
vn 0.8253 -0.1396 -0.5472
vn -0.3685 -0.8658 0.3384
vn -0.1760 -0.4420 0.8796
vn -0.1876 -0.4060 -0.8944
vn -0.6772 -0.6096 0.4120
vn 0.7699 -0.5798 -0.2667
vn 0.1263 -0.4157 -0.9007
vn -0.3980 -0.5513 -0.7332
vn 0.1551 -0.0104 0.9878
vn 0.3959 0.1060 0.9122
vn 0.4533 0.7790 -0.4333
vn -0.0029 0.1744 -0.9847
vn 0.3237 0.3327 0.8857
vn -0.9079 0.4190 0.0078
vn -0.5480 0.0193 -0.8362
vn 0.1210 0.2146 0.9692
vn -0.1105 -0.5169 0.8488
vn -0.0644 -0.5068 -0.8597
vn -0.8770 -0.1170 -0.4660
vn -0.9738 -0.2209 0.0532
vn 0.9275 -0.2387 0.2878
vn 0.9888 -0.1143 0.0963
vn 0.0266 0.8541 -0.5195
vn -0.7672 0.4839 -0.4211
vn 0.9886 0.1234 0.0864
vn -0.2334 0.5940 0.7699
vn -0.9132 0.3721 0.1664
vn 0.9355 -0.0093 0.3532
vn 0.1002 0.9933 0.0584
vn -0.5603 -0.6731 0.4827
vn -0.8038 -0.3333 0.4929
vn -0.7412 0.6164 0.2657
vn 0.9688 0.2088 0.1332
vn 0.9847 0.0098 0.1742
vn -0.4510 0.4786 -0.7534
vn -0.9045 0.4264 -0.0006
vn 0.6593 -0.0112 -0.7518
vn -0.1308 0.8879 -0.4410
vn 0.0358 -0.5602 0.8276
vn -0.4735 -0.8023 -0.3633
vn -0.8385 -0.5279 0.1348
vn 0.7073 -0.1631 -0.6879
vn 0.2763 0.6875 0.6715
vn -0.5274 -0.8370 -0.1463
vn -0.9451 -0.3205 0.0639
vn -0.8181 0.3734 0.4374
vn 0.9806 -0.1420 0.1348
vn 0.6874 -0.0714 -0.7228
vn -0.3986 0.8456 -0.3550
vn -0.7615 0.6380 0.1144
vn 0.7170 0.0814 -0.6923
vn -0.2513 -0.5386 -0.8042
vn -0.4501 0.7579 0.4722
vn -0.2795 -0.8235 0.4937
vn -0.6053 -0.7227 0.3337
vn 0.9356 -0.3071 0.1740
vn 0.9301 -0.1521 -0.3342
vn -0.5514 -0.2359 -0.8002
vn -0.4288 -0.8908 -0.1501
vn 0.4677 -0.8825 -0.0497
vn 0.4808 0.6588 -0.5786
vn 0.0648 0.8517 -0.5200
vn -0.7779 0.0742 0.6241
vn -0.5271 -0.7714 0.3566
vn -0.0655 0.9790 0.1932
vn 0.7259 -0.1644 0.6678
vn 0.3574 -0.8320 0.4243
vn 0.3712 0.8957 0.2447
vn -0.1740 -0.2811 -0.9438
vn 0.4230 0.7817 0.4583
vn -0.6036 0.7216 0.3390
vn 0.8905 -0.4152 -0.1863
vn -0.1601 -0.5921 0.7898
vn -0.3159 0.7977 -0.5137
vn -0.4659 -0.3770 0.8005
vn -0.6828 -0.7254 0.0869
vn -0.7791 -0.0791 -0.6220
vn 0.3431 0.8651 0.3659
vn 0.3507 0.6992 0.6230
vn 0.2939 -0.9538 0.0621
vn -0.5153 -0.8481 -0.1233
vn 0.9179 0.3758 0.1274
vn 0.0927 0.0578 -0.9940
vn -0.4424 -0.1546 -0.8834
vn 0.9057 0.3165 -0.2819
vn 0.5322 0.1050 0.8401
vn -0.6572 -0.4939 -0.5693
vn 0.0050 0.8694 -0.4940
vn -0.6366 0.7708 0.0258
vn 0.8062 -0.3533 -0.4745
vn 0.2358 0.9630 0.1305
vn 0.7632 -0.5631 -0.3169
vn 0.5990 -0.5287 0.6014
vn 0.5627 0.0478 0.8252
vn -0.2253 0.4679 -0.8546
vn -0.1870 0.2581 -0.9478
vn -0.4578 -0.8859 0.0749
vn 0.0619 -0.6466 0.7603
vn -0.4484 0.1477 -0.8816
vn -0.6977 0.4025 0.5926
vn 0.0267 -0.0926 0.9953
vn -0.4459 0.3579 -0.8204
vn 0.0882 0.9727 -0.2148
vn -0.6979 -0.6381 0.3251
vn -0.9235 -0.3150 0.2191
vn -0.7951 0.5346 -0.2862
vn 0.8447 0.2652 0.4650
vn 0.7650 0.1498 0.6263
vn -0.0604 0.1931 -0.9793
vn -0.7996 0.2999 -0.5203
vn 0.9150 -0.1460 -0.3761
vn 0.0581 -0.9982 -0.0178
vn -0.4079 0.7791 -0.4761
vn -0.8476 -0.5192 -0.1094
vn 0.9555 -0.2201 -0.1965
vn -0.3851 -0.3131 0.8681
vn -0.4328 0.8712 0.2317
vn -0.1910 -0.9807 0.0407
vn -0.7517 -0.6592 0.0201
vn -0.9549 -0.1905 -0.2277
vn 0.7252 0.6233 0.2927
vn 0.8332 0.5166 -0.1970
vn -0.3943 0.2941 -0.8707
vn -0.8890 -0.0420 -0.4559
vn 0.7004 0.4192 -0.5776
vn 0.4892 -0.8587 -0.1527
vn -0.7229 0.6054 -0.3331
vn -0.1160 -0.5688 0.8143
vn -0.6867 -0.7118 0.1474
vn 0.6643 0.5986 0.4476
vn 0.4250 -0.8873 -0.1791
vn 0.4456 0.6661 0.5982
vn 0.6187 0.7427 -0.2560
vn 0.7783 -0.1775 -0.6022
vn -0.1431 -0.7368 0.6608
vn -0.3189 -0.5406 0.7785
vn -0.3741 0.8945 -0.2447
vn 0.4454 0.7981 -0.4058
vn -0.8670 -0.4334 0.2458
vn -0.0292 -0.4944 -0.8687
vn 0.5100 -0.1247 -0.8511
vn -0.8249 -0.5607 -0.0722
vn -0.3357 -0.3382 -0.8792
vn 0.9168 -0.3982 -0.0295
vn -0.0490 0.0915 0.9946
vn -0.9117 0.1240 0.3917
vn 0.7287 0.2016 -0.6544
vn -0.5357 0.5395 0.6496
vn -0.8720 0.4271 -0.2390
vn -0.6504 0.3794 -0.6580
vn 0.7556 -0.0381 0.6539
vn 0.6426 -0.1181 0.7571
vn -0.6053 -0.7950 0.0395
vn -0.8191 0.0128 -0.5735
vn 0.7299 -0.3091 0.6097
vn -0.5726 -0.2467 0.7818
vn 0.4867 -0.4255 -0.7629
vn -0.4526 -0.0472 -0.8904
vn 0.8157 -0.2199 0.5351
vn 0.0983 0.9329 -0.3464
vn 0.8275 -0.0973 0.5529
vn 0.4282 0.7977 0.4246
vn -0.1222 0.5152 -0.8483
vn 0.4291 -0.2478 -0.8686
vn -0.0247 -0.1965 -0.9802
vn -0.5946 -0.7855 0.1713
vn 0.2351 0.9226 -0.3059
vn -0.7799 -0.6197 0.0881
vn -0.9112 -0.3236 -0.2549
vn -0.5227 0.4716 -0.7102
vn 0.5513 0.3977 0.7334
vn 0.3674 0.3376 0.8666
vn 0.4276 -0.0300 -0.9034
vn -0.3922 0.1397 -0.9092
vn 0.9824 -0.1531 0.1070
vn 0.0063 -0.9637 0.2670
vn -0.0800 0.6537 -0.7525
vn -0.6794 -0.6302 -0.3759
vn 0.9264 -0.1425 0.3486
vn -0.7648 -0.1721 0.6208
vn 0.2330 0.3817 -0.8944
vn 0.8342 -0.3751 -0.4043
vn 0.0060 -0.4527 0.8916
vn -0.9509 0.3094 -0.0087
vn 0.3703 0.0127 -0.9288
vn -0.9984 0.0420 -0.0371
vn -0.5964 -0.8014 0.0450
vn 0.0534 -0.8201 -0.5697
vn 0.1066 0.8738 -0.4745
vn -0.1625 0.9781 -0.1304
vn 0.0585 -0.2209 0.9735
vn -0.2287 -0.8863 0.4028
vn 0.3627 0.8551 0.3705
vn 0.9201 -0.3485 -0.1787
vn 0.4082 -0.8770 -0.2534
vn 0.7080 0.6948 0.1266
vn 0.7554 -0.3585 -0.5485
vn -0.8460 0.4470 -0.2905
vn -0.5945 -0.0783 -0.8003
vn -0.2219 -0.4836 -0.8467
vn 0.8463 0.4980 0.1891
vn 0.4832 0.2960 0.8240
vn -0.1256 -0.9919 0.0199
vn -0.3717 -0.7389 -0.5620
vn 0.4062 0.1047 0.9078
vn -0.0023 0.6168 -0.7871
vn 0.5915 0.0657 0.8036
vn -0.7875 -0.5939 -0.1644
vn -0.8853 -0.2692 -0.3791
vn 0.7973 0.5488 0.2511
vn 0.9038 0.3176 0.2870
vn 0.4310 -0.5287 -0.7312
vn -0.5234 -0.6403 -0.5622
vn 0.9228 0.3684 0.1133
vn 0.3259 0.2310 -0.9168
vn -0.5349 0.4207 0.7327
vn -0.9825 -0.1721 0.0714
vn 0.7993 0.4714 0.3727
vn -0.0205 -0.9162 0.4003
vn 0.3335 -0.3964 -0.8553
vn -0.6843 0.6397 0.3499
vn -0.9442 -0.3277 -0.0349
vn -0.7323 -0.6739 -0.0975
vn 0.9602 0.2759 0.0442
vn 0.8474 0.5236 0.0882
vn 0.1882 -0.5505 0.8133
vn -0.6051 -0.7089 0.3624
vn 0.8759 0.3474 0.3349
vn -0.2356 0.4473 0.8628
vn 0.1898 -0.9590 -0.2106
vn -0.1703 0.3387 -0.9254
vn -0.8825 -0.2531 -0.3963
vn 0.8960 0.4421 -0.0408
vn -0.7762 -0.1525 0.6118
vn 0.4756 -0.1630 0.8644
vn 0.8690 0.2240 -0.4412
vn -0.6383 0.2481 -0.7288
vt 48.000000 -13.026000
vt 48.000000 -13.055000
vt 48.038200 -13.055000
vt 48.039001 -13.026000
vt 47.960999 -13.026000
vt 47.962399 -12.996400
vt 47.930500 -12.996400
vt 47.927898 -13.026000
vt 47.971600 -12.947400
vt 47.965401 -12.971000
vt 48.000000 -12.971000
vt 48.000000 -12.947400
vt 47.993198 -12.997800
vt 47.994301 -12.994400
vt 47.993198 -12.994400
vt 47.992001 -12.998300
vt 47.981899 -12.992500
vt 47.986099 -12.986100
vt 47.971401 -12.971400
vt 47.962601 -12.984500
vt 48.000000 -13.081400
vt 48.033699 -13.081400
vt 48.037399 -12.984500
vt 48.040501 -13.000000
vt 48.057301 -13.000000
vt 48.052898 -12.978100
vt 47.978100 -12.947100
vt 47.971600 -12.931500
vt 47.947601 -12.947600
vt 47.959499 -12.959500
vt 47.961800 -13.055000
vt 48.034599 -12.971000
vt 48.028400 -12.947400
vt 48.020699 -12.950100
vt 48.038200 -12.961800
vt 48.052399 -12.947600
vt 48.028400 -12.931500
vt 48.068501 -13.028400
vt 48.074100 -13.000000
vt 48.054001 -13.000000
vt 48.049900 -13.020700
vt 48.063900 -12.971000
vt 48.052399 -12.947400
vt 48.040501 -12.959500
vt 48.028599 -12.971400
vt 47.929401 -13.055000
vt 48.040501 -13.040500
vt 48.052399 -13.052400
vt 48.052898 -13.021900
vt 48.037399 -13.015500
vt 48.000000 -12.883800
vt 48.000000 -12.889900
vt 48.001598 -12.889900
vt 48.003300 -12.883700
vt 47.947601 -12.947400
vt 47.936100 -12.971000
vt 47.962601 -13.015500
vt 47.959499 -13.000000
vt 47.942699 -13.000000
vt 47.947102 -13.021900
vt 48.004002 -12.894200
vt 48.003601 -12.895200
vt 48.006901 -12.895500
vt 48.007301 -12.894500
vt 47.998798 -12.891200
vt 47.999500 -12.891900
vt 47.999100 -12.890900
vt 47.999199 -12.892200
vt 48.000900 -12.895100
vt 48.000401 -12.894100
vt 47.999802 -12.894400
vt 47.999599 -12.895400
vt 48.038200 -13.038200
vt 48.008301 -13.003500
vt 48.006401 -13.006400
vt 47.999401 -12.992100
vt 47.999100 -12.994000
vt 48.001598 -12.994500
vt 48.003101 -12.992800
vt 48.000401 -13.002800
vt 47.999199 -13.002900
vt 47.999100 -13.006000
vt 48.001598 -13.005500
vt 47.995499 -12.894500
vt 47.999802 -12.894300
vt 47.999599 -12.893200
vt 47.995499 -12.893400
vt 48.000801 -12.996500
vt 48.001499 -12.996800
vt 48.003201 -12.994100
vt 48.000900 -12.993400
vt 48.004101 -12.992700
vt 48.000599 -12.991500
vt 48.006199 -13.002800
vt 48.003799 -13.001300
vt 48.001900 -13.003300
vt 48.003399 -13.005700
vt 47.995399 -12.892600
vt 47.992901 -12.890800
vt 47.992298 -12.891800
vt 47.995800 -12.891600
vt 47.996601 -13.005200
vt 47.995701 -13.006700
vt 47.999401 -13.007900
vt 48.000801 -13.001400
vt 48.001701 -13.000400
vt 48.028400 -13.097600
vt 48.000000 -13.097600
vt 47.998600 -12.993800
vt 47.997101 -12.992200
vt 48.000000 -12.996400
vt 47.989899 -13.005400
vt 47.992901 -13.010000
vt 47.994099 -13.008700
vt 47.991501 -13.004700
vt 47.998402 -12.888200
vt 47.998501 -12.894400
vt 48.000000 -12.894400
vt 48.000000 -12.888100
vt 47.998600 -13.004600
vt 47.997101 -13.006200
vt 48.000599 -13.006800
vt 48.000900 -13.004900
vt 47.992100 -13.013000
vt 47.994900 -13.008000
vt 47.992199 -13.006100
vt 47.987598 -13.010000
vt 47.996700 -12.883700
vt 47.998402 -12.889900
vt 48.004501 -12.893800
vt 48.004002 -12.894700
vt 48.007099 -12.895400
vt 48.007599 -12.894500
vt 47.993099 -13.004000
vt 47.994900 -13.003300
vt 47.994202 -13.000900
vt 47.992199 -13.000400
vt 48.000801 -12.893000
vt 48.001301 -12.891900
vt 48.000500 -12.892600
vt 47.998299 -12.891500
vt 47.998798 -12.892500
vt 47.998501 -12.891500
vt 47.999001 -12.892400
vt 47.996700 -12.894700
vt 48.000401 -12.893900
vt 48.000000 -12.892900
vt 47.995800 -12.893800
vt 48.004902 -12.995800
vt 48.002102 -12.997400
vt 48.002399 -12.998100
vt 48.005501 -12.998000
vt 48.004398 -12.998600
vt 48.007099 -12.998900
vt 48.005901 -12.995300
vt 48.003502 -12.996200
vt 48.000999 -12.891600
vt 48.000900 -12.890300
vt 48.000401 -12.891300
vt 48.002102 -12.890700
vt 48.000099 -12.892400
vt 47.999199 -12.891000
vt 47.999298 -12.892100
vt 47.999802 -12.891100
vt 47.999599 -12.892200
vt 47.995800 -12.895500
vt 48.000099 -12.895300
vt 47.999699 -12.893100
vt 47.999199 -12.893400
vt 47.994701 -12.892600
vt 47.992001 -12.893800
vt 47.992599 -12.894700
vt 47.995300 -12.893500
vt 48.001400 -12.890600
vt 48.001999 -12.889700
vt 48.000900 -12.889300
vt 47.998901 -12.893500
vt 47.998299 -12.890200
vt 47.994400 -12.891600
vt 47.998699 -12.891200
vt 47.997002 -12.890200
vt 47.996399 -12.891100
vt 48.000401 -12.892600
vt 48.000801 -12.891600
vt 47.999199 -12.998900
vt 47.999699 -12.998600
vt 47.999199 -12.997100
vt 47.998299 -12.997500
vt 47.999500 -12.998300
vt 47.999199 -12.995900
vt 47.996700 -12.996600
vt 47.998199 -12.998700
vt 48.005402 -12.873400
vt 48.003300 -12.880400
vt 48.006100 -12.880800
vt 48.009998 -12.874100
vt 47.999199 -12.893200
vt 47.998901 -12.893100
vt 48.000099 -12.892800
vt 48.000301 -12.894000
vt 48.001301 -12.893500
vt 47.999699 -12.893400
vt 48.000301 -12.893700
vt 48.000301 -12.892500
vt 47.999599 -12.891600
vt 47.937599 -13.081400
vt 47.966301 -13.081400
vt 47.994900 -12.996700
vt 47.996601 -12.994800
vt 47.995701 -12.993300
vt 47.993099 -12.996000
vt 47.984501 -12.962600
vt 48.000000 -12.959500
vt 48.000000 -12.942700
vt 47.998001 -12.988600
vt 47.997398 -12.987000
vt 47.992901 -12.990000
vt 47.994099 -12.991300
vt 48.037601 -12.996400
vt 47.947601 -13.052400
vt 47.971600 -13.068500
vt 47.979301 -13.049900
vt 47.961800 -13.038200
vt 48.007301 -13.003600
vt 48.004200 -13.006900
vt 47.992901 -12.874100
vt 47.995800 -12.880800
vt 47.998600 -12.881400
vt 47.997398 -12.875000
vt 48.015499 -13.037400
vt 48.000000 -13.040500
vt 48.000000 -13.057300
vt 48.021900 -13.052900
vt 48.006199 -12.997200
vt 48.007099 -13.001100
vt 48.008301 -13.000700
vt 48.007301 -12.996400
vt 48.013802 -12.995300
vt 48.014702 -13.000000
vt 48.016399 -13.000000
vt 48.015400 -12.994600
vt 48.001598 -12.888200
vt 48.001499 -12.894400
vt 48.002701 -12.987700
vt 48.007301 -12.988600
vt 48.007900 -12.987000
vt 48.002701 -12.985900
vt 48.001499 -13.000000
vt 48.011200 -12.991300
vt 48.013802 -13.004700
vt 48.011200 -13.008700
vt 48.007301 -13.011400
vt 48.002701 -13.012300
vt 48.003201 -12.996400
vt 48.004902 -12.998100
vt 48.006599 -12.996300
vt 48.004101 -12.993900
vt 48.004398 -13.001400
vt 48.003502 -13.003800
vt 48.005901 -13.004700
vt 48.001598 -12.999900
vt 48.000801 -13.002500
vt 48.003201 -13.001900
vt 48.000500 -13.000200
vt 48.008301 -12.999300
vt 48.005501 -13.000300
vt 48.004902 -13.002500
vt 48.006599 -13.003100
vt 48.007500 -12.999700
vt 47.999802 -12.996500
vt 47.996700 -12.995200
vt 47.998901 -12.997000
vt 47.997299 -12.999200
vt 47.994202 -12.999100
vt 47.994900 -13.001600
vt 47.997398 -13.000400
vt 47.999699 -13.001400
vt 47.999199 -13.001100
vt 47.998299 -13.002500
vt 47.999100 -12.894000
vt 47.998199 -12.895100
vt 47.999500 -12.895400
vt 48.001598 -12.998400
vt 48.000801 -12.995800
vt 48.000500 -12.998100
vt 47.999599 -12.993100
vt 48.001900 -12.996700
vt 48.003399 -12.994300
vt 48.003101 -13.007200
vt 48.004101 -13.004400
vt 48.000401 -13.005300
vt 47.993198 -13.000600
vt 47.995899 -13.000900
vt 47.996498 -12.998500
vt 47.993999 -12.996900
vt 47.995899 -12.997400
vt 47.998402 -12.998000
vt 47.998001 -13.011400
vt 47.991501 -12.995300
vt 47.999901 -12.893500
vt 47.999901 -12.998000
vt 47.999500 -12.998200
vt 47.999599 -12.893500
vt 47.999401 -12.892400
vt 47.995899 -12.892400
vt 47.995602 -12.893500
vt 48.007000 -13.004800
vt 48.000301 -12.998100
vt 48.004101 -12.892300
vt 48.004002 -12.891200
vt 47.999599 -12.891900
vt 48.002399 -13.000200
vt 48.002102 -13.001000
vt 48.000301 -13.001300
vt 47.992001 -13.000100
vt 47.993198 -13.003900
vt 47.994301 -13.003900
vt 48.000999 -12.998800
vt 48.002300 -12.999100
vt 48.000999 -12.999100
vt 48.004200 -13.005800
vt 48.000099 -13.006700
vt 48.002399 -12.888400
vt 48.004200 -12.880800
vt 48.001400 -12.881400
vt 48.000999 -12.888700
vt 47.998699 -13.000300
vt 47.997398 -12.999600
vt 47.997299 -13.000800
vt 47.998699 -12.999700
vt 48.000599 -12.998300
vt 47.988300 -13.028400
vt 47.996601 -13.008400
vt 47.978298 -13.021700
vt 47.995701 -12.893100
vt 47.999401 -12.893300
vt 47.995499 -12.892000
vt 47.997601 -13.001800
vt 47.998901 -13.000800
vt 48.002602 -12.875000
vt 47.997299 -12.876100
vt 47.998199 -12.882000
vt 47.995399 -12.892800
vt 47.999298 -12.890900
vt 47.995201 -12.891800
vt 47.999802 -12.889200
vt 47.999599 -12.890200
vt 48.003700 -12.890900
vt 48.004101 -12.889900
vt 47.998299 -13.001800
vt 47.996700 -13.004200
vt 48.001499 -13.003700
vt 48.002800 -13.002800
vt 47.999199 -12.894400
vt 48.003399 -13.008400
vt 48.005901 -12.890800
vt 48.003101 -12.891600
vt 48.003799 -12.892600
vt 48.007000 -12.891800
vt 48.001400 -13.002100
vt 47.999001 -12.888700
vt 48.000599 -12.889000
vt 47.999599 -13.006900
vt 47.999901 -13.008200
vt 47.992500 -12.981900
vt 48.020699 -13.049900
vt 48.028400 -13.068500
vt 48.000000 -13.054000
vt 48.000000 -13.009100
vt 47.971600 -13.097600
vt 47.986099 -13.013900
vt 47.971401 -13.028600
vt 47.984501 -13.037400
vt 47.992500 -13.018100
vt 47.999401 -12.889000
vt 48.001400 -12.997900
vt 48.001900 -12.999100
vt 48.004002 -12.892100
vt 48.000401 -12.891500
vt 48.000000 -12.892500
vt 48.004101 -12.893100
vt 47.994900 -12.998400
vt 47.997601 -12.998200
vt 47.998901 -12.999200
vt 48.012402 -12.990000
vt 48.003799 -12.998700
vt 48.007500 -13.018100
vt 48.000000 -13.019600
vt 48.068501 -12.971600
vt 48.069500 -12.996400
vt 48.007900 -13.013000
vt 48.012402 -13.010000
vt 47.993999 -13.001400
vt 47.992901 -13.002300
vt 47.990299 -13.003300
vt 47.984600 -13.005400
vt 48.004200 -12.993100
vt 47.993599 -13.006400
vt 48.000000 -13.004000
vt 47.998501 -13.003700
vt 48.007198 -13.003000
vt 48.006599 -13.002000
vt 47.999199 -12.892100
vt 48.003101 -12.890900
vt 48.002800 -12.889900
vt 47.991001 -13.000000
vt 47.991699 -13.003500
vt 47.996300 -13.001500
vt 47.995998 -13.000000
vt 48.007301 -12.893400
vt 48.008301 -12.996500
vt 48.003601 -12.998500
vt 48.003899 -13.000000
vt 48.008999 -13.000000
vt 48.003601 -13.001500
vt 47.997200 -13.002800
vt 48.015400 -13.005400
vt 48.000401 -12.997200
vt 48.000000 -12.996000
vt 48.003399 -12.991600
vt 48.011700 -12.971600
vt 48.000000 -12.990900
vt 48.049900 -12.979300
vt 48.006401 -12.993600
vt 48.004902 -13.000300
vt 47.997398 -13.013000
vt 48.002701 -13.014100
vt 47.996601 -12.991600
vt 47.978298 -12.978300
vt 47.993599 -12.993600
vt 48.002201 -12.889400
vt 48.002800 -12.894400
vt 48.003502 -12.889700
vt 48.000801 -12.998600
vt 48.001701 -12.999600
vt 47.989700 -13.000000
vt 47.983601 -13.000000
vt 47.988300 -12.971600
vt 48.000000 -12.946000
vt 47.979301 -12.950100
vt 48.000000 -12.880200
vt 48.007301 -12.892000
vt 48.007301 -12.891000
vt 47.998501 -12.996300
vt 48.007500 -12.998600
vt 47.999599 -12.890000
vt 48.001499 -12.996300
vt 48.002800 -12.997200
vt 47.996700 -12.890700
vt 47.992901 -12.996000
vt 47.996700 -12.994100
vt 47.995899 -12.992900
vt 47.998299 -12.996600
vt 48.007702 -12.893500
vt 48.004700 -12.892800
vt 48.000801 -13.001000
vt 47.999901 -12.991800
vt 48.007198 -12.995300
vt 48.004200 -12.992600
vt 48.006802 -12.892100
vt 48.007198 -12.891100
vt 47.997799 -12.889400
vt 47.994900 -12.882700
vt 48.003700 -12.892800
vt 47.999802 -12.894500
vt 48.004101 -12.893800
vt 48.004101 -13.005600
vt 48.003201 -13.004200
vt 47.996498 -12.999900
vt 47.992199 -12.883300
vt 47.996498 -12.889700
vt 48.021900 -12.947100
vt 48.000000 -12.925900
vt 48.000301 -12.891200
vt 48.000000 -12.891300
vt 48.000301 -12.892300
vt 48.000599 -12.892200
vt 47.995701 -12.892300
vt 47.993099 -12.892100
vt 47.992500 -12.893100
vt 48.000801 -12.998500
vt 48.000301 -12.891500
vt 48.000000 -12.892400
vt 48.000599 -12.891500
vt 48.000401 -12.993000
vt 48.000099 -12.991600
vt 47.996700 -13.003400
vt 47.993099 -13.003300
vt 47.995800 -13.005900
vt 47.999401 -12.998400
vt 48.001900 -13.000900
vt 48.000301 -12.893200
vt 48.000801 -12.893100
vt 48.000500 -12.892100
vt 48.000000 -12.892200
vt 48.000801 -12.999900
vt 48.000599 -13.000100
vt 48.001499 -13.001500
vt 47.959499 -13.040500
vt 47.931499 -13.028400
vt 47.996498 -13.003000
vt 47.995602 -13.001600
vt 48.072102 -13.026000
vt 48.081501 -12.966300
vt 48.062401 -12.937600
vt 47.947102 -12.978100
vt 47.918499 -12.966300
vt 47.931499 -12.971600
vt 47.937599 -12.937600
vt 47.995899 -12.895400
vt 48.000099 -12.895400
vt 47.995602 -12.894500
vt 48.002899 -12.891800
vt 47.999599 -12.893000
vt 48.000301 -12.892200
vt 47.999699 -12.891900
vt 48.000000 -12.893200
vt 47.991699 -12.996500
vt 47.950100 -12.979300
vt 47.945999 -13.000000
vt 47.998600 -12.999100
vt 47.996700 -12.880400
vt 47.998402 -13.000300
vt 47.998600 -12.999200
vt 47.997601 -12.888400
vt 47.992500 -12.995800
vt 47.993099 -12.996700
vt 47.995800 -12.994100
vt 47.995602 -12.992900
vt 48.005901 -12.894600
vt 48.003799 -12.892800
vt 48.003101 -12.893800
vt 48.007000 -12.893700
vt 48.004002 -12.893300
vt 47.999199 -12.892600
vt 47.999199 -12.891600
vt 47.995800 -12.889900
vt 47.995499 -12.891000
vt 48.000099 -12.890100
vt 47.999298 -12.894500
vt 47.997002 -12.889700
vt 47.997200 -12.894400
vt 47.997700 -12.889900
vt 47.999001 -12.890900
vt 47.998402 -12.889500
vt 47.999298 -12.890500
vt 47.999699 -12.891600
vt 48.000500 -12.893300
vt 48.000801 -12.892300
vt 47.999401 -12.892200
vt 47.999802 -12.890300
vt 47.999500 -12.889100
vt 47.999100 -12.891400
vt 47.999599 -12.892500
vt 47.993401 -12.891900
vt 47.995899 -12.891300
vt 47.995602 -12.890200
vt 47.992699 -12.890900
vt 48.000301 -12.890200
vt 47.996700 -13.003100
vt 48.004200 -12.894700
vt 48.001701 -12.895400
vt 48.000900 -12.894400
vt 48.000500 -12.894400
vt 48.000801 -12.895500
vt 48.005699 -12.890700
vt 48.006802 -12.891600
vt 48.000801 -12.889900
vt 48.000500 -12.891000
vt 48.000900 -12.891100
vt 48.001701 -12.890000
vt 47.999298 -12.893300
vt 47.999599 -12.893300
vt 47.998699 -12.893700
vt 47.999199 -13.004100
vt 47.999901 -12.892500
vt 48.002701 -12.876100
vt 48.001801 -12.882000
vt 48.005100 -12.882700
vt 48.007900 -12.877200
vt 47.999500 -12.892800
vt 48.000000 -12.980400
vt 48.007500 -12.981900
vt 48.015499 -12.962600
vt 47.925900 -13.000000
vt 48.018101 -13.007500
vt 48.019600 -13.000000
vt 48.000000 -13.074100
vt 47.995899 -12.888300
vt 47.995602 -12.889200
vt 48.000099 -12.888300
vt 48.028599 -13.028600
vt 48.018101 -12.992500
vt 48.000000 -12.873200
vt 48.013901 -12.986100
vt 48.000000 -12.872900
vt 47.995300 -12.873100
vt 48.000000 -12.884500
vt 48.004700 -12.873100
vt 48.001301 -12.892100
vt 48.001999 -12.891200
vt 48.001202 -12.891800
vt 47.999699 -12.892000
vt 48.000500 -12.892800
vt 48.000301 -12.891700
vt 48.000099 -12.893100
vt 47.992100 -12.987000
vt 47.987598 -12.990000
vt 47.992199 -12.993900
vt 47.994900 -12.992000
vt 47.999401 -12.999900
vt 48.002998 -12.888400
vt 47.995899 -13.005400
vt 47.999699 -12.893500
vt 48.003601 -12.890200
vt 47.996101 -12.892100
vt 48.001801 -12.890900
vt 48.002998 -12.890200
vt 48.000900 -12.891500
vt 47.994202 -12.889000
vt 47.993599 -12.889900
vt 48.000099 -12.892300
vt 48.000401 -12.892500
vt 48.000702 -12.891300
vt 47.998901 -12.892300
vt 48.000500 -12.891200
vt 48.000500 -12.890200
vt 48.006901 -12.889900
vt 47.999500 -12.890000
vt 48.007198 -12.892600
vt 48.000599 -12.894600
vt 48.001400 -12.894400
vt 48.000702 -12.893400
vt 48.000301 -12.893500
vt 48.004200 -12.891800
vt 48.004398 -12.890800
vt 48.000999 -12.893800
vt 48.002102 -12.894700
vt 47.998199 -13.001300
vt 48.002300 -12.889000
vt 47.998901 -13.001300
vt 47.999802 -13.001800
vt 48.000801 -12.892500
vt 47.961800 -12.961800
vt 48.000801 -12.892800
vt 47.918499 -13.033700
vt 47.937599 -13.062400
vt 47.993099 -12.893300
vt 47.992500 -12.892300
vt 47.978100 -13.052900
vt 47.988899 -13.000000
vt 47.990601 -13.000000
vt 48.000000 -13.000000
vt 47.950100 -13.020700
vt 47.981899 -13.007500
vt 47.980400 -13.000000
vt 48.013901 -13.013900
vt 48.062401 -13.062400
vt 48.081501 -13.033700
vt 48.062401 -13.081400
vt 48.070599 -13.055000
vt 47.989899 -12.994600
vt 47.966301 -13.081500
vt 47.994598 -12.873400
vt 47.990002 -12.874100
vt 47.993900 -12.880800
vt 48.033699 -12.918500
vt 48.002998 -12.889700
vt 47.992100 -12.877200
vt 47.999500 -13.001700
vt 47.999401 -12.891300
vt 48.000599 -12.889100
vt 48.001400 -12.890800
vt 47.998001 -12.889500
vt 48.004700 -12.891800
vt 48.000999 -12.999600
vt 48.000301 -12.998700
vt 48.002300 -12.999200
vt 48.007801 -12.883300
vt 47.995602 -13.007100
vt 48.000801 -13.001800
vt 47.997200 -12.997200
vt 47.996300 -12.998500
vt 48.007099 -12.874100
vt 47.966301 -12.918500
vt 47.992500 -13.004200
vt 47.992199 -12.999600
vt 48.000801 -12.999000
vt 47.999802 -12.893400
vt 47.999500 -12.894600
vt 48.006599 -12.995300
vt 47.990299 -12.996700
vt 47.995602 -12.998400
vt 47.996498 -12.997000
vt 48.000301 -13.000300
vt 47.999901 -13.000300
vt 48.006001 -12.889200
vt 48.005402 -12.888300
vt 48.007000 -12.995200
vt 47.999901 -12.892200
vt 48.000999 -12.999200
vt 48.007500 -12.892600
vt 47.997002 -12.888400
vt 47.996300 -12.894200
vt 47.999699 -12.892900
vt 47.984600 -12.994600
vt 47.999500 -13.000100
vt 47.992901 -12.894700
vt 47.992298 -12.893600
vt 47.999500 -12.890900
vt 47.999500 -12.891800
vt 47.999901 -12.891200
vt 47.999699 -12.892100
vt 48.006001 -12.890200
vt 48.033699 -13.081500
vt 47.993401 -12.891800
vt 47.992699 -12.892800
vt 48.003101 -12.891900
vt 48.005699 -12.893000
vt 48.002899 -12.891900
vt 47.998199 -12.890300
vt 47.998699 -12.891700
vt 47.999199 -12.892800
vt 48.004200 -12.889000
vt 48.004200 -12.893600
vt 47.999001 -12.892800
vt 47.997700 -12.893800
vt 47.998402 -12.894200
vt 47.999298 -12.893200
vt 47.995201 -12.893700
vt 48.000702 -12.890300
vt 48.001400 -12.889300
vt 48.007500 -12.892800
vt 47.999199 -12.893800
vt 48.004398 -12.894700
s 1
usemtl Meshpart1Mtl.001
f 2993/1/1 2994/2/2 2675/2/3 2667/1/4
f 2994/2/2 2993/1/1 2668/1/5 2676/2/6
f 2994/2/2 2995/3/7 2673/3/8 2675/2/3
f 2995/3/7 2994/2/2 2676/2/6 2674/3/9
f 2995/3/7 2996/4/10 2671/4/11 2673/3/8
f 2996/4/10 2995/3/7 2674/3/9 2672/4/12
f 2996/4/10 2993/1/1 2667/1/4 2671/4/11
f 2993/1/1 2996/4/10 2672/4/12 2668/1/5
f 2997/5/13 2998/6/14 2617/6/15 2605/5/16
f 2998/6/14 2997/5/13 2606/5/17 2618/6/18
f 2998/6/14 2999/7/19 2603/7/20 2617/6/15
f 2999/7/19 2998/6/14 2618/6/18 2604/7/21
f 2999/7/19 3000/8/22 2601/8/23 2603/7/20
f 3000/8/22 2999/7/19 2604/7/21 2602/8/24
f 3000/8/22 2997/5/13 2605/5/16 2601/8/23
f 2997/5/13 3000/8/22 2602/8/24 2606/5/17
f 3001/9/25 3002/10/26 2639/10/27 2635/9/28
f 3002/10/26 3001/9/25 2636/9/29 2640/10/30
f 3002/10/26 3003/11/31 2637/11/32 2639/10/27
f 3003/11/31 3002/10/26 2640/10/30 2638/11/33
f 3003/11/31 3004/12/34 2633/12/35 2637/11/32
f 3004/12/34 3003/11/31 2638/11/33 2634/12/36
f 3004/12/34 3001/9/25 2635/9/28 2633/12/35
f 3001/9/25 3004/12/34 2634/12/36 2636/9/29
f 3005/13/37 3006/14/38 573/14/39 567/13/40
f 3006/14/38 3005/13/37 568/13/41 574/14/42
f 3006/14/38 3007/15/43 569/15/44 573/14/39
f 3007/15/43 3006/14/38 574/14/42 570/15/45
f 3007/15/43 3008/16/46 571/16/47 569/15/44
f 3008/16/46 3007/15/43 570/15/45 572/16/48
f 3008/16/46 3005/13/37 567/13/40 571/16/47
f 3005/13/37 3008/16/46 572/16/48 568/13/41
f 3009/17/49 3010/18/50 1955/18/51 1945/17/52
f 3010/18/50 3009/17/49 1946/17/53 1956/18/54
f 3010/18/50 3011/19/55 1953/19/56 1955/18/51
f 3011/19/55 3010/18/50 1956/18/54 1954/19/57
f 3011/19/55 3012/20/58 1943/20/59 1953/19/56
f 3012/20/58 3011/19/55 1954/19/57 1944/20/60
f 3012/20/58 3009/17/49 1945/17/52 1943/20/59
f 3009/17/49 3012/20/58 1944/20/60 1946/17/53
f 3013/2/61 3014/21/62 1521/21/63 1519/2/64
f 3014/21/62 3013/2/61 1520/2/65 1522/21/66
f 3014/21/62 3015/22/67 1517/22/68 1521/21/63
f 3015/22/67 3014/21/62 1522/21/66 1518/22/69
f 3015/22/67 3016/3/70 1515/3/71 1517/22/68
f 3016/3/70 3015/22/67 1518/22/69 1516/3/72
f 3016/3/70 3013/2/61 1519/2/64 1515/3/71
f 3013/2/61 3016/3/70 1516/3/72 1520/2/65
f 3017/23/73 3018/24/74 2021/24/75 2007/23/76
f 3018/24/74 3017/23/73 2008/23/77 2022/24/78
f 3018/24/74 3019/25/79 2009/25/80 2021/24/75
f 3019/25/79 3018/24/74 2022/24/78 2010/25/81
f 3019/25/79 3020/26/82 2003/26/83 2009/25/80
f 3020/26/82 3019/25/79 2010/25/81 2004/26/84
f 3020/26/82 3017/23/73 2007/23/76 2003/26/83
f 3017/23/73 3020/26/82 2004/26/84 2008/23/77
f 3021/27/85 3022/28/86 1891/28/87 1961/27/88
f 3022/28/86 3021/27/85 1962/27/89 1892/28/90
f 3022/28/86 3023/29/91 1887/29/92 1891/28/87
f 3023/29/91 3022/28/86 1892/28/90 1888/29/93
f 3023/29/91 3024/30/94 1951/30/95 1887/29/92
f 3024/30/94 3023/29/91 1888/29/93 1952/30/96
f 3024/30/94 3021/27/85 1961/27/88 1951/30/95
f 3021/27/85 3024/30/94 1952/30/96 1962/27/89
f 3025/2/97 3026/1/98 19/1/99 35/2/100
f 3026/1/98 3025/2/97 36/2/101 20/1/102
f 3026/1/98 3027/5/103 11/5/104 19/1/99
f 3027/5/103 3026/1/98 20/1/102 12/5/105
f 3027/5/103 3028/31/106 13/31/107 11/5/104
f 3028/31/106 3027/5/103 12/5/105 14/31/108
f 3028/31/106 3025/2/97 35/2/100 13/31/107
f 3025/2/97 3028/31/106 14/31/108 36/2/101
f 3029/11/109 3030/32/110 1197/32/111 1191/11/112
f 3030/32/110 3029/11/109 1192/11/113 1198/32/114
f 3030/32/110 3031/33/115 1193/33/116 1197/32/111
f 3031/33/115 3030/32/110 1198/32/114 1194/33/117
f 3031/33/115 3032/12/118 1195/12/119 1193/33/116
f 3032/12/118 3031/33/115 1194/33/117 1196/12/120
f 3032/12/118 3029/11/109 1191/11/112 1195/12/119
f 3029/11/109 3032/12/118 1196/12/120 1192/11/113
f 3033/34/121 3034/35/122 919/35/123 911/34/124
f 3034/35/122 3033/34/121 912/34/125 920/35/126
f 3034/35/122 3035/36/127 913/36/128 919/35/123
f 3035/36/127 3034/35/122 920/35/126 914/36/129
f 3035/36/127 3036/37/130 909/37/131 913/36/128
f 3036/37/130 3035/36/127 914/36/129 910/37/132
f 3036/37/130 3033/34/121 911/34/124 909/37/131
f 3033/34/121 3036/37/130 910/37/132 912/34/125
f 3037/38/133 3038/39/134 767/39/135 763/38/136
f 3038/39/134 3037/38/133 764/38/137 768/39/138
f 3038/39/134 3039/40/139 765/40/140 767/39/135
f 3039/40/139 3038/39/134 768/39/138 766/40/141
f 3039/40/139 3040/41/142 751/41/143 765/40/140
f 3040/41/142 3039/40/139 766/40/141 752/41/144
f 3040/41/142 3037/38/133 763/38/136 751/41/143
f 3037/38/133 3040/41/142 752/41/144 764/38/137
f 3041/32/145 3042/42/146 1565/42/147 1559/32/148
f 3042/42/146 3041/32/145 1560/32/149 1566/42/150
f 3042/42/146 3043/43/151 1561/43/152 1565/42/147
f 3043/43/151 3042/42/146 1566/42/150 1562/43/153
f 3043/43/151 3044/33/154 1563/33/155 1561/43/152
f 3044/33/154 3043/43/151 1562/43/153 1564/33/156
f 3044/33/154 3041/32/145 1559/32/148 1563/33/155
f 3041/32/145 3044/33/154 1564/33/156 1560/32/149
f 3045/11/157 3046/12/158 1189/12/159 1183/11/160
f 3046/12/158 3045/11/157 1184/11/161 1190/12/162
f 3046/12/158 3047/9/163 1185/9/164 1189/12/159
f 3047/9/163 3046/12/158 1190/12/162 1186/9/165
f 3047/9/163 3048/10/166 1187/10/167 1185/9/164
f 3048/10/166 3047/9/163 1186/9/165 1188/10/168
f 3048/10/166 3045/11/157 1183/11/160 1187/10/167
f 3045/11/157 3048/10/166 1188/10/168 1184/11/161
f 3049/44/169 3050/45/170 2065/45/171 1991/44/172
f 3050/45/170 3049/44/169 1992/44/173 2066/45/174
f 3050/45/170 3051/23/175 2007/23/76 2065/45/171
f 3051/23/175 3050/45/170 2066/45/174 2008/23/77
f 3051/23/175 3052/26/176 2003/26/83 2007/23/76
f 3052/26/176 3051/23/175 2008/23/77 2004/26/84
f 3052/26/176 3049/44/169 1991/44/172 2003/26/83
f 3049/44/169 3052/26/176 2004/26/84 1992/44/173
f 3053/46/177 3054/31/178 1527/31/179 1573/46/180
f 3054/31/178 3053/46/177 1574/46/181 1528/31/182
f 3054/31/178 3055/5/183 1575/5/184 1527/31/179
f 3055/5/183 3054/31/178 1528/31/182 1576/5/185
f 3055/5/183 3056/8/186 1571/8/187 1575/5/184
f 3056/8/186 3055/5/183 1576/5/185 1572/8/188
f 3056/8/186 3053/46/177 1573/46/180 1571/8/187
f 3053/46/177 3056/8/186 1572/8/188 1574/46/181
f 3057/47/189 3058/48/190 2025/48/191 2017/47/192
f 3058/48/190 3057/47/189 2018/47/193 2026/48/194
f 3058/48/190 3059/38/195 2011/38/196 2025/48/191
f 3059/38/195 3058/48/190 2026/48/194 2012/38/197
f 3059/38/195 3060/49/198 2013/49/199 2011/38/196
f 3060/49/198 3059/38/195 2012/38/197 2014/49/200
f 3060/49/198 3057/47/189 2017/47/192 2013/49/199
f 3057/47/189 3060/49/198 2014/49/200 2018/47/193
f 3061/25/201 3062/24/202 2021/24/75 2009/25/80
f 3062/24/202 3061/25/201 2010/25/81 2022/24/78
f 3062/24/202 3063/50/203 2015/50/204 2021/24/75
f 3063/50/203 3062/24/202 2022/24/78 2016/50/205
f 3063/50/203 3064/49/206 2013/49/199 2015/50/204
f 3064/49/206 3063/50/203 2016/50/205 2014/49/200
f 3064/49/206 3061/25/201 2009/25/80 2013/49/199
f 3061/25/201 3064/49/206 2014/49/200 2010/25/81
f 3065/51/207 3066/52/208 1643/52/209 1639/51/210
f 3066/52/208 3065/51/207 1640/51/211 1644/52/212
f 3066/52/208 3067/53/213 1635/53/214 1643/52/209
f 3067/53/213 3066/52/208 1644/52/212 1636/53/215
f 3067/53/213 3068/54/216 1637/54/217 1635/53/214
f 3068/54/216 3067/53/213 1636/53/215 1638/54/218
f 3068/54/216 3065/51/207 1639/51/210 1637/54/217
f 3065/51/207 3068/54/216 1638/54/218 1640/51/211
f 3069/10/219 3070/9/220 1541/9/221 1537/10/222
f 3070/9/220 3069/10/219 1538/10/223 1542/9/224
f 3070/9/220 3071/55/225 1539/55/226 1541/9/221
f 3071/55/225 3070/9/220 1542/9/224 1540/55/227
f 3071/55/225 3072/56/228 1535/56/229 1539/55/226
f 3072/56/228 3071/55/225 1540/55/227 1536/56/230
f 3072/56/228 3069/10/219 1537/10/222 1535/56/229
f 3069/10/219 3072/56/228 1536/56/230 1538/10/223
f 3073/57/231 3074/58/232 1941/58/233 1915/57/234
f 3074/58/232 3073/57/231 1916/57/235 1942/58/236
f 3074/58/232 3075/59/237 1909/59/238 1941/58/233
f 3075/59/237 3074/58/232 1942/58/236 1910/59/239
f 3075/59/237 3076/60/240 1903/60/241 1909/59/238
f 3076/60/240 3075/59/237 1910/59/239 1904/60/242
f 3076/60/240 3073/57/231 1915/57/234 1903/60/241
f 3073/57/231 3076/60/240 1904/60/242 1916/57/235
f 3077/61/243 3078/62/244 329/62/245 321/61/246
f 3078/62/244 3077/61/243 322/61/247 330/62/248
f 3078/62/244 3079/63/249 325/63/250 329/62/245
f 3079/63/249 3078/62/244 330/62/248 326/63/251
f 3079/63/249 3080/64/252 323/64/253 325/63/250
f 3080/64/252 3079/63/249 326/63/251 324/64/254
f 3080/64/252 3077/61/243 321/61/246 323/64/253
f 3077/61/243 3080/64/252 324/64/254 322/61/247
f 3081/65/255 3082/66/256 101/66/257 99/65/258
f 3082/66/256 3081/65/255 100/65/259 102/66/260
f 3082/66/256 3083/67/261 97/67/262 101/66/257
f 3083/67/261 3082/66/256 102/66/260 98/67/263
f 3083/67/261 3081/65/255 99/65/258 97/67/262
f 3081/65/255 3083/67/261 98/67/263 100/65/259
f 3084/66/264 3085/65/265 99/65/258 101/66/257
f 3085/65/265 3084/66/264 102/66/260 100/65/259
f 3085/65/265 3086/68/266 103/68/267 99/65/258
f 3086/68/266 3085/65/265 100/65/259 104/68/268
f 3086/68/266 3084/66/264 101/66/257 103/68/267
f 3084/66/264 3086/68/266 104/68/268 102/66/260
f 3087/69/269 3088/70/270 1879/70/271 1873/69/272
f 3088/70/270 3087/69/269 1874/69/273 1880/70/274
f 3088/70/270 3089/71/275 1875/71/276 1879/70/271
f 3089/71/275 3088/70/270 1880/70/274 1876/71/277
f 3089/71/275 3090/72/278 1877/72/279 1875/71/276
f 3090/72/278 3089/71/275 1876/71/277 1878/72/280
f 3090/72/278 3087/69/269 1873/69/272 1877/72/279
f 3087/69/269 3090/72/278 1878/72/280 1874/69/273
f 3091/73/281 3092/41/282 751/41/143 749/73/283
f 3092/41/282 3091/73/281 750/73/284 752/41/144
f 3092/41/282 3093/74/285 743/74/286 751/41/143
f 3093/74/285 3092/41/282 752/41/144 744/74/287
f 3093/74/285 3094/75/288 745/75/289 743/74/286
f 3094/75/288 3093/74/285 744/74/287 746/75/290
f 3094/75/288 3091/73/281 749/73/283 745/75/289
f 3091/73/281 3094/75/288 746/75/290 750/73/284
f 3095/76/291 3096/77/292 2205/77/293 2201/76/294
f 3096/77/292 3095/76/291 2202/76/295 2206/77/296
f 3096/77/292 3097/78/297 2203/78/298 2205/77/293
f 3097/78/297 3096/77/292 2206/77/296 2204/78/299
f 3097/78/297 3098/79/300 2199/79/301 2203/78/298
f 3098/79/300 3097/78/297 2204/78/299 2200/79/302
f 3098/79/300 3095/76/291 2201/76/294 2199/79/301
f 3095/76/291 3098/79/300 2200/79/302 2202/76/295
f 3099/80/303 3100/81/304 653/81/305 649/80/306
f 3100/81/304 3099/80/303 650/80/307 654/81/308
f 3100/81/304 3101/82/309 651/82/310 653/81/305
f 3101/82/309 3100/81/304 654/81/308 652/82/311
f 3101/82/309 3102/83/312 643/83/313 651/82/310
f 3102/83/312 3101/82/309 652/82/311 644/83/314
f 3102/83/312 3099/80/303 649/80/306 643/83/313
f 3099/80/303 3102/83/312 644/83/314 650/80/307
f 3103/84/315 3104/85/316 2891/85/317 2887/84/318
f 3104/85/316 3103/84/315 2888/84/319 2892/85/320
f 3104/85/316 3105/86/321 2883/86/322 2891/85/317
f 3105/86/321 3104/85/316 2892/85/320 2884/86/323
f 3105/86/321 3106/87/324 2885/87/325 2883/86/322
f 3106/87/324 3105/86/321 2884/86/323 2886/87/326
f 3106/87/324 3103/84/315 2887/84/318 2885/87/325
f 3103/84/315 3106/87/324 2886/87/326 2888/84/319
f 3107/88/327 3108/89/328 1097/89/329 1093/88/330
f 3108/89/328 3107/88/327 1094/88/331 1098/89/332
f 3108/89/328 3109/90/333 1095/90/334 1097/89/329
f 3109/90/333 3108/89/328 1098/89/332 1096/90/335
f 3109/90/333 3110/91/336 1089/91/337 1095/90/334
f 3110/91/336 3109/90/333 1096/90/335 1090/91/338
f 3110/91/336 3107/88/327 1093/88/330 1089/91/337
f 3107/88/327 3110/91/336 1090/91/338 1094/88/331
f 3111/91/339 3112/90/340 1091/90/341 1089/91/342
f 3112/90/340 3111/91/339 1090/91/343 1092/90/344
f 3112/90/340 3113/92/345 1085/92/346 1091/90/341
f 3113/92/345 3112/90/340 1092/90/344 1086/92/347
f 3113/92/345 3114/93/348 1087/93/349 1085/92/346
f 3114/93/348 3113/92/345 1086/92/347 1088/93/350
f 3114/93/348 3111/91/339 1089/91/342 1087/93/349
f 3111/91/339 3114/93/348 1088/93/350 1090/91/343
f 3115/94/351 3116/95/352 2313/95/353 2309/94/354
f 3116/95/352 3115/94/351 2310/94/355 2314/95/356
f 3116/95/352 3117/96/357 2311/96/358 2313/95/353
f 3117/96/357 3116/95/352 2314/95/356 2312/96/359
f 3117/96/357 3118/97/360 2307/97/361 2311/96/358
f 3118/97/360 3117/96/357 2312/96/359 2308/97/362
f 3118/97/360 3115/94/351 2309/94/354 2307/97/361
f 3115/94/351 3118/97/360 2308/97/362 2310/94/355
f 3119/98/363 3120/99/364 153/99/365 151/98/366
f 3120/99/364 3119/98/363 152/98/367 154/99/368
f 3120/99/364 3121/100/369 155/100/370 153/99/365
f 3121/100/369 3120/99/364 154/99/368 156/100/371
f 3121/100/369 3119/98/363 151/98/366 155/100/370
f 3119/98/363 3121/100/369 156/100/371 152/98/367
f 3122/99/372 3123/98/373 151/98/366 153/99/365
f 3123/98/373 3122/99/372 154/99/368 152/98/367
f 3123/98/373 3124/101/374 157/101/375 151/98/366
f 3124/101/374 3123/98/373 152/98/367 158/101/376
f 3124/101/374 3122/99/372 153/99/365 157/101/375
f 3122/99/372 3124/101/374 158/101/376 154/99/368
f 3125/82/377 3126/102/378 1071/102/379 1069/82/380
f 3126/102/378 3125/82/377 1070/82/381 1072/102/382
f 3126/102/378 3127/103/383 1065/103/384 1071/102/379
f 3127/103/383 3126/102/378 1072/102/382 1066/103/385
f 3127/103/383 3128/104/386 1067/104/387 1065/103/384
f 3128/104/386 3127/103/383 1066/103/385 1068/104/388
f 3128/104/386 3125/82/377 1069/82/380 1067/104/387
f 3125/82/377 3128/104/386 1068/104/388 1070/82/381
f 3129/105/389 3130/96/390 2317/96/391 2319/105/392
f 3130/96/390 3129/105/389 2320/105/393 2318/96/394
f 3130/96/390 3131/95/395 2313/95/396 2317/96/391
f 3131/95/395 3130/96/390 2318/96/394 2314/95/397
f 3131/95/395 3132/106/398 2315/106/399 2313/95/396
f 3132/106/398 3131/95/395 2314/95/397 2316/106/400
f 3132/106/398 3129/105/389 2319/105/392 2315/106/399
f 3129/105/389 3132/106/398 2316/106/400 2320/105/393
f 3133/107/401 3134/22/402 43/22/403 41/107/404
f 3134/22/402 3133/107/401 42/107/405 44/22/406
f 3134/22/402 3135/21/407 37/21/408 43/22/403
f 3135/21/407 3134/22/402 44/22/406 38/21/409
f 3135/21/407 3136/108/410 39/108/411 37/21/408
f 3136/108/410 3135/21/407 38/21/409 40/108/412
f 3136/108/410 3133/107/401 41/107/404 39/108/411
f 3133/107/401 3136/108/410 40/108/412 42/107/405
f 3137/109/413 3138/91/414 627/91/415 625/109/416
f 3138/91/414 3137/109/413 626/109/417 628/91/418
f 3138/91/414 3139/93/419 623/93/420 627/91/415
f 3139/93/419 3138/91/414 628/91/418 624/93/421
f 3139/93/419 3140/110/422 621/110/423 623/93/420
f 3140/110/422 3139/93/419 624/93/421 622/110/424
f 3140/110/422 3137/109/413 625/109/416 621/110/423
f 3137/109/413 3140/110/422 622/110/424 626/109/417
f 3141/1/425 3142/111/426 23/111/427 19/1/99
f 3142/111/426 3141/1/425 20/1/102 24/111/428
f 3142/111/426 3143/6/429 15/6/430 23/111/427
f 3143/6/429 3142/111/426 24/111/428 16/6/431
f 3143/6/429 3144/5/432 11/5/104 15/6/430
f 3144/5/432 3143/6/429 16/6/431 12/5/105
f 3144/5/432 3141/1/425 19/1/99 11/5/104
f 3141/1/425 3144/5/432 12/5/105 20/1/102
f 3145/112/433 3146/113/434 409/113/435 401/112/436
f 3146/113/434 3145/112/433 402/112/437 410/113/438
f 3146/113/434 3147/114/439 405/114/440 409/113/435
f 3147/114/439 3146/113/434 410/113/438 406/114/441
f 3147/114/439 3148/115/442 397/115/443 405/114/440
f 3148/115/442 3147/114/439 406/114/441 398/115/444
f 3148/115/442 3145/112/433 401/112/436 397/115/443
f 3145/112/433 3148/115/442 398/115/444 402/112/437
f 3149/116/445 3150/117/446 185/117/447 183/116/448
f 3150/117/446 3149/116/445 184/116/449 186/117/450
f 3150/117/446 3151/118/451 181/118/452 185/117/447
f 3151/118/451 3150/117/446 186/117/450 182/118/453
f 3151/118/451 3152/119/454 179/119/455 181/118/452
f 3152/119/454 3151/118/451 182/118/453 180/119/456
f 3152/119/454 3149/116/445 183/116/448 179/119/455
f 3149/116/445 3152/119/454 180/119/456 184/116/449
f 3153/120/457 3154/121/458 2445/121/459 2439/120/460
f 3154/121/458 3153/120/457 2440/120/461 2446/121/462
f 3154/121/458 3155/122/463 2441/122/464 2445/121/459
f 3155/122/463 3154/121/458 2446/121/462 2442/122/465
f 3155/122/463 3156/123/466 2443/123/467 2441/122/464
f 3156/123/466 3155/122/463 2442/122/465 2444/123/468
f 3156/123/466 3153/120/457 2439/120/460 2443/123/467
f 3153/120/457 3156/123/466 2444/123/468 2440/120/461
f 3157/124/469 3158/125/470 2105/125/471 2103/124/472
f 3158/125/470 3157/124/469 2104/124/473 2106/125/474
f 3158/125/470 3159/126/475 2101/126/476 2105/125/471
f 3159/126/475 3158/125/470 2106/125/474 2102/126/477
f 3159/126/475 3160/127/478 2097/127/479 2101/126/476
f 3160/127/478 3159/126/475 2102/126/477 2098/127/480
f 3160/127/478 3157/124/469 2103/124/472 2097/127/479
f 3157/124/469 3160/127/478 2098/127/480 2104/124/473
f 3161/128/481 3162/129/482 1647/129/483 1645/128/484
f 3162/129/482 3161/128/481 1646/128/485 1648/129/486
f 3162/129/482 3163/52/487 1643/52/209 1647/129/483
f 3163/52/487 3162/129/482 1648/129/486 1644/52/212
f 3163/52/487 3164/51/488 1639/51/210 1643/52/209
f 3164/51/488 3163/52/487 1644/52/212 1640/51/211
f 3164/51/488 3161/128/481 1645/128/484 1639/51/210
f 3161/128/481 3164/51/488 1640/51/211 1646/128/485
f 3165/130/489 3166/131/490 1863/131/491 1743/130/492
f 3166/131/490 3165/130/489 1744/130/493 1864/131/494
f 3166/131/490 3167/132/495 1747/132/496 1863/131/491
f 3167/132/495 3166/131/490 1864/131/494 1748/132/497
f 3167/132/495 3168/133/498 1745/133/499 1747/132/496
f 3168/133/498 3167/132/495 1748/132/497 1746/133/500
f 3168/133/498 3165/130/489 1743/130/492 1745/133/499
f 3165/130/489 3168/133/498 1746/133/500 1744/130/493
f 3169/134/501 3170/135/502 709/135/503 703/134/504
f 3170/135/502 3169/134/501 704/134/505 710/135/506
f 3170/135/502 3171/136/507 707/136/508 709/135/503
f 3171/136/507 3170/135/502 710/135/506 708/136/509
f 3171/136/507 3172/137/510 705/137/511 707/136/508
f 3172/137/510 3171/136/507 708/136/509 706/137/512
f 3172/137/510 3169/134/501 703/134/504 705/137/511
f 3169/134/501 3172/137/510 706/137/512 704/134/505
f 3173/138/513 3174/139/514 203/139/515 205/138/516
f 3174/139/514 3173/138/513 206/138/517 204/139/518
f 3174/139/514 3175/140/519 201/140/520 203/139/515
f 3175/140/519 3174/139/514 204/139/518 202/140/521
f 3175/140/519 3173/138/513 205/138/516 201/140/520
f 3173/138/513 3175/140/519 202/140/521 206/138/517
f 3176/141/522 3177/142/523 209/142/524 207/141/525
f 3177/142/523 3176/141/522 208/141/526 210/142/527
f 3177/142/523 3178/143/528 211/143/529 209/142/524
f 3178/143/528 3177/142/523 210/142/527 212/143/530
f 3178/143/528 3176/141/522 207/141/525 211/143/529
f 3176/141/522 3178/143/528 212/143/530 208/141/526
f 3179/143/531 3180/142/532 209/142/524 211/143/529
f 3180/142/532 3179/143/531 212/143/530 210/142/527
f 3180/142/532 3181/144/533 213/144/534 209/142/524
f 3181/144/533 3180/142/532 210/142/527 214/144/535
f 3181/144/533 3179/143/531 211/143/529 213/144/534
f 3179/143/531 3181/144/533 214/144/535 212/143/530
f 3182/145/536 3183/146/537 1861/146/538 1859/145/539
f 3183/146/537 3182/145/536 1860/145/540 1862/146/541
f 3183/146/537 3184/147/542 1857/147/543 1861/146/538
f 3184/147/542 3183/146/537 1862/146/541 1858/147/544
f 3184/147/542 3185/148/545 1853/148/546 1857/147/543
f 3185/148/545 3184/147/542 1858/147/544 1854/148/547
f 3185/148/545 3182/145/536 1859/145/539 1853/148/546
f 3182/145/536 3185/148/545 1854/148/547 1860/145/540
f 3186/149/548 3187/150/549 1057/150/550 1053/149/551
f 3187/150/549 3186/149/548 1054/149/552 1058/150/553
f 3187/150/549 3188/151/554 1055/151/555 1057/150/550
f 3188/151/554 3187/150/549 1058/150/553 1056/151/556
f 3188/151/554 3189/152/557 1049/152/558 1055/151/555
f 3189/152/557 3188/151/554 1056/151/556 1050/152/559
f 3189/152/557 3186/149/548 1053/149/551 1049/152/558
f 3186/149/548 3189/152/557 1050/152/559 1054/149/552
f 3190/153/560 3191/154/561 2477/154/562 2473/153/563
f 3191/154/561 3190/153/560 2474/153/564 2478/154/565
f 3191/154/561 3192/155/566 2475/155/567 2477/154/562
f 3192/155/566 3191/154/561 2478/154/565 2476/155/568
f 3192/155/566 3193/156/569 2467/156/570 2475/155/567
f 3193/156/569 3192/155/566 2476/155/568 2468/156/571
f 3193/156/569 3190/153/560 2473/153/563 2467/156/570
f 3190/153/560 3193/156/569 2468/156/571 2474/153/564
f 3194/157/572 3195/158/573 235/158/574 233/157/575
f 3195/158/573 3194/157/572 234/157/576 236/158/577
f 3195/158/573 3196/159/578 237/159/579 235/158/574
f 3196/159/578 3195/158/573 236/158/577 238/159/580
f 3196/159/578 3194/157/572 233/157/575 237/159/579
f 3194/157/572 3196/159/578 238/159/580 234/157/576
f 3197/158/581 3198/157/582 233/157/575 235/158/574
f 3198/157/582 3197/158/581 236/158/577 234/157/576
f 3198/157/582 3199/160/583 239/160/584 233/157/575
f 3199/160/583 3198/157/582 234/157/576 240/160/585
f 3199/160/583 3197/158/581 235/158/574 239/160/584
f 3197/158/581 3199/160/583 240/160/585 236/158/577
f 3200/157/586 3201/159/587 237/159/588 241/157/589
f 3201/159/587 3200/157/586 242/157/590 238/159/591
f 3201/159/587 3202/161/592 243/161/593 237/159/588
f 3202/161/592 3201/159/587 238/159/591 244/161/594
f 3202/161/592 3200/157/586 241/157/589 243/161/593
f 3200/157/586 3202/161/592 244/161/594 242/157/590
f 3203/140/595 3204/157/596 241/157/589 245/140/597
f 3204/157/596 3203/140/595 246/140/598 242/157/590
f 3204/157/596 3205/161/599 243/161/593 241/157/589
f 3205/161/599 3204/157/596 242/157/590 244/161/594
f 3205/161/599 3203/140/595 245/140/597 243/161/593
f 3203/140/595 3205/161/599 244/161/594 246/140/598
f 3206/162/600 3207/163/601 249/163/602 247/162/603
f 3207/163/601 3206/162/600 248/162/604 250/163/605
f 3207/163/601 3208/164/606 251/164/607 249/163/602
f 3208/164/606 3207/163/601 250/163/605 252/164/608
f 3208/164/606 3206/162/600 247/162/603 251/164/607
f 3206/162/600 3208/164/606 252/164/608 248/162/604
f 3209/165/609 3210/164/610 251/164/607 253/165/611
f 3210/164/610 3209/165/609 254/165/612 252/164/608
f 3210/164/610 3211/163/613 249/163/602 251/164/607
f 3211/163/613 3210/164/610 252/164/608 250/163/605
f 3211/163/613 3209/165/609 253/165/611 249/163/602
f 3209/165/609 3211/163/613 250/163/605 254/165/612
f 3212/166/614 3213/167/615 2897/167/616 2893/166/617
f 3213/167/615 3212/166/614 2894/166/618 2898/167/619
f 3213/167/615 3214/85/620 2891/85/317 2897/167/616
f 3214/85/620 3213/167/615 2898/167/619 2892/85/320
f 3214/85/620 3215/84/621 2887/84/318 2891/85/317
f 3215/84/621 3214/85/620 2892/85/320 2888/84/319
f 3215/84/621 3212/166/614 2893/166/617 2887/84/318
f 3212/166/614 3215/84/621 2888/84/319 2894/166/618
f 3216/144/622 3217/168/623 265/168/624 263/144/625
f 3217/168/623 3216/144/622 264/144/626 266/168/627
f 3217/168/623 3218/68/628 267/68/629 265/168/624
f 3218/68/628 3217/168/623 266/168/627 268/68/630
f 3218/68/628 3216/144/622 263/144/625 267/68/629
f 3216/144/622 3218/68/628 268/68/630 264/144/626
f 3219/168/631 3220/144/632 263/144/625 265/168/624
f 3220/144/632 3219/168/631 266/168/627 264/144/626
f 3220/144/632 3221/169/633 269/169/634 263/144/625
f 3221/169/633 3220/144/632 264/144/626 270/169/635
f 3221/169/633 3219/168/631 265/168/624 269/169/634
f 3219/168/631 3221/169/633 270/169/635 266/168/627
f 3222/170/636 3223/171/637 271/171/638 273/170/639
f 3223/171/637 3222/170/636 274/170/640 272/171/641
f 3223/171/637 3224/172/642 275/172/643 271/171/638
f 3224/172/642 3223/171/637 272/171/641 276/172/644
f 3224/172/642 3222/170/636 273/170/639 275/172/643
f 3222/170/636 3224/172/642 276/172/644 274/170/640
f 3225/170/645 3226/172/646 275/172/643 273/170/639
f 3226/172/646 3225/170/645 274/170/640 276/172/644
f 3226/172/646 3227/173/647 277/173/648 275/172/643
f 3227/173/647 3226/172/646 276/172/644 278/173/649
f 3227/173/647 3225/170/645 273/170/639 277/173/648
f 3225/170/645 3227/173/647 278/173/649 274/170/640
f 3228/143/650 3229/68/651 283/68/652 281/143/653
f 3229/68/651 3228/143/650 282/143/654 284/68/655
f 3229/68/651 3230/65/656 279/65/657 283/68/652
f 3230/65/656 3229/68/651 284/68/655 280/65/658
f 3230/65/656 3228/143/650 281/143/653 279/65/657
f 3228/143/650 3230/65/656 280/65/658 282/143/654
f 3231/68/659 3232/143/660 281/143/653 283/68/652
f 3232/143/660 3231/68/659 284/68/655 282/143/654
f 3232/143/660 3233/144/661 285/144/662 281/143/653
f 3233/144/661 3232/143/660 282/143/654 286/144/663
f 3233/144/661 3231/68/659 283/68/652 285/144/662
f 3231/68/659 3233/144/661 286/144/663 284/68/655
f 3234/158/664 3235/174/665 1713/174/666 1709/158/667
f 3235/174/665 3234/158/664 1710/158/668 1714/174/669
f 3235/174/665 3236/175/670 1711/175/671 1713/174/666
f 3236/175/670 3235/174/665 1714/174/669 1712/175/672
f 3236/175/670 3237/176/673 1707/176/674 1711/175/671
f 3237/176/673 3236/175/670 1712/175/672 1708/176/675
f 3237/176/673 3234/158/664 1709/158/667 1707/176/674
f 3234/158/664 3237/176/673 1708/176/675 1710/158/668
f 3238/142/676 3239/169/677 297/169/678 295/142/679
f 3239/169/677 3238/142/676 296/142/680 298/169/681
f 3239/169/677 3240/144/682 299/144/683 297/169/678
f 3240/144/682 3239/169/677 298/169/681 300/144/684
f 3240/144/682 3238/142/676 295/142/679 299/144/683
f 3238/142/676 3240/144/682 300/144/684 296/142/680
f 3241/169/685 3242/142/686 295/142/679 297/169/678
f 3242/142/686 3241/169/685 298/169/681 296/142/680
f 3242/142/686 3243/177/687 301/177/688 295/142/679
f 3243/177/687 3242/142/686 296/142/680 302/177/689
f 3243/177/687 3241/169/685 297/169/678 301/177/688
f 3241/169/685 3243/177/687 302/177/689 298/169/681
f 3244/178/690 3245/179/691 305/179/692 303/178/693
f 3245/179/691 3244/178/690 304/178/694 306/179/695
f 3245/179/691 3246/170/696 307/170/697 305/179/692
f 3246/170/696 3245/179/691 306/179/695 308/170/698
f 3246/170/696 3244/178/690 303/178/693 307/170/697
f 3244/178/690 3246/170/696 308/170/698 304/178/694
f 3247/178/699 3248/170/700 307/170/697 303/178/693
f 3248/170/700 3247/178/699 304/178/694 308/170/698
f 3248/170/700 3249/180/701 309/180/702 307/170/697
f 3249/180/701 3248/170/700 308/170/698 310/180/703
f 3249/180/701 3247/178/699 303/178/693 309/180/702
f 3247/178/699 3249/180/701 310/180/703 304/178/694
f 3250/181/704 3251/182/705 1679/182/706 1669/181/707
f 3251/182/705 3250/181/704 1670/181/708 1680/182/709
f 3251/182/705 3252/183/710 1671/183/711 1679/182/706
f 3252/183/710 3251/182/705 1680/182/709 1672/183/712
f 3252/183/710 3253/184/713 1673/184/714 1671/183/711
f 3253/184/713 3252/183/710 1672/183/712 1674/184/715
f 3253/184/713 3250/181/704 1669/181/707 1673/184/714
f 3250/181/704 3253/184/713 1674/184/715 1670/181/708
f 3254/185/716 3255/186/717 2169/186/718 2165/185/719
f 3255/186/717 3254/185/716 2166/185/720 2170/186/721
f 3255/186/717 3256/187/722 2167/187/723 2169/186/718
f 3256/187/722 3255/186/717 2170/186/721 2168/187/724
f 3256/187/722 3257/188/725 2163/188/726 2167/187/723
f 3257/188/725 3256/187/722 2168/187/724 2164/188/727
f 3257/188/725 3254/185/716 2165/185/719 2163/188/726
f 3254/185/716 3257/188/725 2164/188/727 2166/185/720
f 3258/189/728 3259/190/729 1029/190/730 1033/189/731
f 3259/190/729 3258/189/728 1034/189/732 1030/190/733
f 3259/190/729 3260/191/734 1027/191/735 1029/190/730
f 3260/191/734 3259/190/729 1030/190/733 1028/191/736
f 3260/191/734 3261/192/737 1031/192/738 1027/191/735
f 3261/192/737 3260/191/734 1028/191/736 1032/192/739
f 3261/192/737 3258/189/728 1033/189/731 1031/192/738
f 3258/189/728 3261/192/737 1032/192/739 1034/189/732
f 3262/193/740 3263/194/741 169/194/742 167/193/743
f 3263/194/741 3262/193/740 168/193/744 170/194/745
f 3263/194/741 3264/195/746 163/195/747 169/194/742
f 3264/195/746 3263/194/741 170/194/745 164/195/748
f 3264/195/746 3265/196/749 165/196/750 163/195/747
f 3265/196/749 3264/195/746 164/195/748 166/196/751
f 3265/196/749 3262/193/740 167/193/743 165/196/750
f 3262/193/740 3265/196/749 166/196/751 168/193/744
f 3266/197/752 3267/163/753 333/163/754 331/197/755
f 3267/163/753 3266/197/752 332/197/756 334/163/757
f 3267/163/753 3268/198/758 335/198/759 333/163/754
f 3268/198/758 3267/163/753 334/163/757 336/198/760
f 3268/198/758 3266/197/752 331/197/755 335/198/759
f 3266/197/752 3268/198/758 336/198/760 332/197/756
f 3269/163/761 3270/197/762 331/197/755 333/163/754
f 3270/197/762 3269/163/761 334/163/757 332/197/756
f 3270/197/762 3271/165/763 337/165/764 331/197/755
f 3271/165/763 3270/197/762 332/197/756 338/165/765
f 3271/165/763 3269/163/761 333/163/754 337/165/764
f 3269/163/761 3271/165/763 338/165/765 334/163/757
f 3272/68/766 3273/199/767 341/199/768 339/68/769
f 3273/199/767 3272/68/766 340/68/770 342/199/771
f 3273/199/767 3274/66/772 343/66/773 341/199/768
f 3274/66/772 3273/199/767 342/199/771 344/66/774
f 3274/66/772 3272/68/766 339/68/769 343/66/773
f 3272/68/766 3274/66/772 344/66/774 340/68/770
f 3275/199/775 3276/68/776 339/68/769 341/199/768
f 3276/68/776 3275/199/775 342/199/771 340/68/770
f 3276/68/776 3277/168/777 345/168/778 339/68/769
f 3277/168/777 3276/68/776 340/68/770 346/168/779
f 3277/168/777 3275/199/775 341/199/768 345/168/778
f 3275/199/775 3277/168/777 346/168/779 342/199/771
f 3278/200/780 3279/199/781 349/199/782 347/200/783
f 3279/199/781 3278/200/780 348/200/784 350/199/785
f 3279/199/781 3280/168/786 345/168/787 349/199/782
f 3280/168/786 3279/199/781 350/199/785 346/168/788
f 3280/168/786 3278/200/780 347/200/783 345/168/787
f 3278/200/780 3280/168/786 346/168/788 348/200/784
f 3281/199/789 3282/200/790 347/200/783 349/199/782
f 3282/200/790 3281/199/789 350/199/785 348/200/784
f 3282/200/790 3283/201/791 351/201/792 347/200/783
f 3283/201/791 3282/200/790 348/200/784 352/201/793
f 3283/201/791 3281/199/789 349/199/782 351/201/792
f 3281/199/789 3283/201/791 352/201/793 350/199/785
f 3284/202/794 3285/161/795 355/161/796 353/202/797
f 3285/161/795 3284/202/794 354/202/798 356/161/799
f 3285/161/795 3286/197/800 357/197/801 355/161/796
f 3286/197/800 3285/161/795 356/161/799 358/197/802
f 3286/197/800 3284/202/794 353/202/797 357/197/801
f 3284/202/794 3286/197/800 358/197/802 354/202/798
f 3287/161/803 3288/165/804 359/165/805 355/161/796
f 3288/165/804 3287/161/803 356/161/799 360/165/806
f 3288/165/804 3289/197/807 357/197/801 359/165/805
f 3289/197/807 3288/165/804 360/165/806 358/197/802
f 3289/197/807 3287/161/803 355/161/796 357/197/801
f 3287/161/803 3289/197/807 358/197/802 356/161/799
f 3290/203/808 3291/140/809 363/140/810 361/203/811
f 3291/140/809 3290/203/808 362/203/812 364/140/813
f 3291/140/809 3292/202/814 365/202/815 363/140/810
f 3292/202/814 3291/140/809 364/140/813 366/202/816
f 3292/202/814 3290/203/808 361/203/811 365/202/815
f 3290/203/808 3292/202/814 366/202/816 362/203/812
f 3293/140/817 3294/161/818 367/161/819 363/140/810
f 3294/161/818 3293/140/817 364/140/813 368/161/820
f 3294/161/818 3295/202/821 365/202/815 367/161/819
f 3295/202/821 3294/161/818 368/161/820 366/202/816
f 3295/202/821 3293/140/817 363/140/810 365/202/815
f 3293/140/817 3295/202/821 366/202/816 364/140/813
f 3296/66/822 3297/204/823 371/204/824 369/66/825
f 3297/204/823 3296/66/822 370/66/826 372/204/827
f 3297/204/823 3298/205/828 373/205/829 371/204/824
f 3298/205/828 3297/204/823 372/204/827 374/205/830
f 3298/205/828 3296/66/822 369/66/825 373/205/829
f 3296/66/822 3298/205/828 374/205/830 370/66/826
f 3299/206/831 3300/207/832 1143/207/833 1139/206/834
f 3300/207/832 3299/206/831 1140/206/835 1144/207/836
f 3300/207/832 3301/31/837 1133/31/838 1143/207/833
f 3301/31/837 3300/207/832 1144/207/836 1134/31/839
f 3301/31/837 3302/46/840 1131/46/841 1133/31/838
f 3302/46/840 3301/31/837 1134/31/839 1132/46/842
f 3302/46/840 3299/206/831 1139/206/834 1131/46/841
f 3299/206/831 3302/46/840 1132/46/842 1140/206/835
f 3303/208/843 3304/209/844 2115/209/845 2113/208/846
f 3304/209/844 3303/208/843 2114/208/847 2116/209/848
f 3304/209/844 3305/210/849 2111/210/850 2115/209/845
f 3305/210/849 3304/209/844 2116/209/848 2112/210/851
f 3305/210/849 3306/211/852 2109/211/853 2111/210/850
f 3306/211/852 3305/210/849 2112/210/851 2110/211/854
f 3306/211/852 3303/208/843 2113/208/846 2109/211/853
f 3303/208/843 3306/211/852 2110/211/854 2114/208/847
f 3307/212/855 3308/213/856 1971/213/857 1959/212/858
f 3308/213/856 3307/212/855 1960/212/859 1972/213/860
f 3308/213/856 3309/214/861 1969/214/862 1971/213/857
f 3309/214/861 3308/213/856 1972/213/860 1970/214/863
f 3309/214/861 3310/27/864 1961/27/88 1969/214/862
f 3310/27/864 3309/214/861 1970/214/863 1962/27/89
f 3310/27/864 3307/212/855 1959/212/858 1961/27/88
f 3307/212/855 3310/27/864 1962/27/89 1960/212/859
f 3311/215/865 3312/216/866 383/216/867 375/215/868
f 3312/216/866 3311/215/865 376/215/869 384/216/870
f 3312/216/866 3313/217/871 377/217/872 383/216/867
f 3313/217/871 3312/216/866 384/216/870 378/217/873
f 3313/217/871 3314/218/874 379/218/875 377/217/872
f 3314/218/874 3313/217/871 378/217/873 380/218/876
f 3314/218/874 3311/215/865 375/215/868 379/218/875
f 3311/215/865 3314/218/874 380/218/876 376/215/869
f 3315/1/877 3316/4/878 2671/4/11 2667/1/4
f 3316/4/878 3315/1/877 2668/1/5 2672/4/12
f 3316/4/878 3317/219/879 2659/219/880 2671/4/11
f 3317/219/879 3316/4/878 2672/4/12 2660/219/881
f 3317/219/879 3318/111/882 2665/111/883 2659/219/880
f 3318/111/882 3317/219/879 2660/219/881 2666/111/884
f 3318/111/882 3315/1/877 2667/1/4 2665/111/883
f 3315/1/877 3318/111/882 2666/111/884 2668/1/5
f 3319/220/885 3320/221/886 829/221/887 821/220/888
f 3320/221/886 3319/220/885 822/220/889 830/221/890
f 3320/221/886 3321/222/891 827/222/892 829/221/887
f 3321/222/891 3320/221/886 830/221/890 828/222/893
f 3321/222/891 3322/223/894 825/223/895 827/222/892
f 3322/223/894 3321/222/891 828/222/893 826/223/896
f 3322/223/894 3319/220/885 821/220/888 825/223/895
f 3319/220/885 3322/223/894 826/223/896 822/220/889
f 3323/224/897 3324/94/898 2309/94/354 2305/224/899
f 3324/94/898 3323/224/897 2306/224/900 2310/94/355
f 3324/94/898 3325/97/901 2307/97/361 2309/94/354
f 3325/97/901 3324/94/898 2310/94/355 2308/97/362
f 3325/97/901 3326/225/902 2303/225/903 2307/97/361
f 3326/225/902 3325/97/901 2308/97/362 2304/225/904
f 3326/225/902 3323/224/897 2305/224/899 2303/225/903
f 3323/224/897 3326/225/902 2304/225/904 2306/224/900
f 3327/226/905 3328/227/906 2765/227/907 2767/226/908
f 3328/227/906 3327/226/905 2768/226/909 2766/227/910
f 3328/227/906 3329/228/911 2759/228/912 2765/227/907
f 3329/228/911 3328/227/906 2766/227/910 2760/228/913
f 3329/228/911 3330/229/914 2763/229/915 2759/228/912
f 3330/229/914 3329/228/911 2760/228/913 2764/229/916
f 3330/229/914 3327/226/905 2767/226/908 2763/229/915
f 3327/226/905 3330/229/914 2764/229/916 2768/226/909
f 3331/230/917 3332/231/918 2041/231/919 2039/230/920
f 3332/231/918 3331/230/917 2040/230/921 2042/231/922
f 3332/231/918 3333/232/923 2035/232/924 2041/231/919
f 3333/232/923 3332/231/918 2042/231/922 2036/232/925
f 3333/232/923 3334/233/926 2037/233/927 2035/232/924
f 3334/233/926 3333/232/923 2036/232/925 2038/233/928
f 3334/233/926 3331/230/917 2039/230/920 2037/233/927
f 3331/230/917 3334/233/926 2038/233/928 2040/230/921
f 3335/234/929 3336/235/930 507/235/931 505/234/932
f 3336/235/930 3335/234/929 506/234/933 508/235/934
f 3336/235/930 3337/236/935 501/236/936 507/235/931
f 3337/236/935 3336/235/930 508/235/934 502/236/937
f 3337/236/935 3338/237/938 503/237/939 501/236/936
f 3338/237/938 3337/236/935 502/236/937 504/237/940
f 3338/237/938 3335/234/929 505/234/932 503/237/939
f 3335/234/929 3338/237/938 504/237/940 506/234/933
f 3339/207/941 3340/21/942 1145/21/943 1143/207/833
f 3340/21/942 3339/207/941 1144/207/836 1146/21/944
f 3340/21/942 3341/2/945 1141/2/946 1145/21/943
f 3341/2/945 3340/21/942 1146/21/944 1142/2/947
f 3341/2/945 3342/31/948 1133/31/838 1141/2/946
f 3342/31/948 3341/2/945 1142/2/947 1134/31/839
f 3342/31/948 3339/207/941 1143/207/833 1133/31/838
f 3339/207/941 3342/31/948 1134/31/839 1144/207/836
f 3343/238/949 3344/239/950 425/239/951 415/238/952
f 3344/239/950 3343/238/949 416/238/953 426/239/954
f 3344/239/950 3345/240/955 423/240/956 425/239/951
f 3345/240/955 3344/239/950 426/239/954 424/240/957
f 3345/240/955 3346/241/958 411/241/959 423/240/956
f 3346/241/958 3345/240/955 424/240/957 412/241/960
f 3346/241/958 3343/238/949 415/238/952 411/241/959
f 3343/238/949 3346/241/958 412/241/960 416/238/953
f 3347/242/961 3348/119/962 179/119/455 175/242/963
f 3348/119/962 3347/242/961 176/242/964 180/119/456
f 3348/119/962 3349/118/965 181/118/452 179/119/455
f 3349/118/965 3348/119/962 180/119/456 182/118/453
f 3349/118/965 3350/243/966 173/243/967 181/118/452
f 3350/243/966 3349/118/965 182/118/453 174/243/968
f 3350/243/966 3347/242/961 175/242/963 173/243/967
f 3347/242/961 3350/243/966 174/243/968 176/242/964
f 3351/48/969 3352/38/970 763/38/136 757/48/971
f 3352/38/970 3351/48/969 758/48/972 764/38/137
f 3352/38/970 3353/41/973 751/41/143 763/38/136
f 3353/41/973 3352/38/970 764/38/137 752/41/144
f 3353/41/973 3354/73/974 749/73/283 751/41/143
f 3354/73/974 3353/41/973 752/41/144 750/73/284
f 3354/73/974 3351/48/969 757/48/971 749/73/283
f 3351/48/969 3354/73/974 750/73/284 758/48/972
f 3355/244/975 3356/245/976 399/245/977 387/244/978
f 3356/245/976 3355/244/975 388/244/979 400/245/980
f 3356/245/976 3357/246/981 395/246/982 399/245/977
f 3357/246/981 3356/245/976 400/245/980 396/246/983
f 3357/246/981 3358/247/984 391/247/985 395/246/982
f 3358/247/984 3357/246/981 396/246/983 392/247/986
f 3358/247/984 3355/244/975 387/244/978 391/247/985
f 3355/244/975 3358/247/984 392/247/986 388/244/979
f 3359/244/987 3360/215/988 445/215/989 443/244/990
f 3360/215/988 3359/244/987 444/244/991 446/215/992
f 3360/215/988 3361/248/993 447/248/994 445/215/989
f 3361/248/993 3360/215/988 446/215/992 448/248/995
f 3361/248/993 3359/244/987 443/244/990 447/248/994
f 3359/244/987 3361/248/993 448/248/995 444/244/991
f 3362/245/996 3363/244/997 443/244/998 449/245/999
f 3363/244/997 3362/245/996 450/245/1000 444/244/1001
f 3363/244/997 3364/248/1002 451/248/1003 443/244/998
f 3364/248/1002 3363/244/997 444/244/1001 452/248/1004
f 3364/248/1002 3362/245/996 449/245/999 451/248/1003
f 3362/245/996 3364/248/1002 452/248/1004 450/245/1000
f 3365/249/1005 3366/245/1006 449/245/1007 453/249/1008
f 3366/245/1006 3365/249/1005 454/249/1009 450/245/1010
f 3366/245/1006 3367/248/1011 455/248/1012 449/245/1007
f 3367/248/1011 3366/245/1006 450/245/1010 456/248/1013
f 3367/248/1011 3365/249/1005 453/249/1008 455/248/1012
f 3365/249/1005 3367/248/1011 456/248/1013 454/249/1009
f 3368/238/1014 3369/249/1015 453/249/1016 457/238/1017
f 3369/249/1015 3368/238/1014 458/238/1018 454/249/1019
f 3369/249/1015 3370/248/1020 459/248/1021 453/249/1016
f 3370/248/1020 3369/249/1015 454/249/1019 460/248/1022
f 3370/248/1020 3368/238/1014 457/238/1017 459/248/1021
f 3368/238/1014 3370/248/1020 460/248/1022 458/238/1018
f 3371/239/1023 3372/238/1024 457/238/1025 461/239/1026
f 3372/238/1024 3371/239/1023 462/239/1027 458/238/1028
f 3372/238/1024 3373/248/1029 463/248/1030 457/238/1025
f 3373/248/1029 3372/238/1024 458/238/1028 464/248/1031
f 3373/248/1029 3371/239/1023 461/239/1026 463/248/1030
f 3371/239/1023 3373/248/1029 464/248/1031 462/239/1027
f 3374/250/1032 3375/239/1033 461/239/1034 465/250/1035
f 3375/239/1033 3374/250/1032 466/250/1036 462/239/1037
f 3375/239/1033 3376/248/1038 467/248/1039 461/239/1034
f 3376/248/1038 3375/239/1033 462/239/1037 468/248/1040
f 3376/248/1038 3374/250/1032 465/250/1035 467/248/1039
f 3374/250/1032 3376/248/1038 468/248/1040 466/250/1036
f 3377/251/1041 3378/250/1042 465/250/1043 469/251/1044
f 3378/250/1042 3377/251/1041 470/251/1045 466/250/1046
f 3378/250/1042 3379/248/1047 471/248/1048 465/250/1043
f 3379/248/1047 3378/250/1042 466/250/1046 472/248/1049
f 3379/248/1047 3377/251/1041 469/251/1044 471/248/1048
f 3377/251/1041 3379/248/1047 472/248/1049 470/251/1045
f 3380/252/1050 3381/251/1051 469/251/1052 473/252/1053
f 3381/251/1051 3380/252/1050 474/252/1054 470/251/1055
f 3381/251/1051 3382/248/1056 475/248/1057 469/251/1052
f 3382/248/1056 3381/251/1051 470/251/1055 476/248/1058
f 3382/248/1056 3380/252/1050 473/252/1053 475/248/1057
f 3380/252/1050 3382/248/1056 476/248/1058 474/252/1054
f 3383/253/1059 3384/252/1060 473/252/1061 477/253/1062
f 3384/252/1060 3383/253/1059 478/253/1063 474/252/1064
f 3384/252/1060 3385/248/1065 479/248/1066 473/252/1061
f 3385/248/1065 3384/252/1060 474/252/1064 480/248/1067
f 3385/248/1065 3383/253/1059 477/253/1062 479/248/1066
f 3383/253/1059 3385/248/1065 480/248/1067 478/253/1063
f 3386/254/1068 3387/255/1069 2231/255/1070 2229/254/1071
f 3387/255/1069 3386/254/1068 2230/254/1072 2232/255/1073
f 3387/255/1069 3388/256/1074 2227/256/1075 2231/255/1070
f 3388/256/1074 3387/255/1069 2232/255/1073 2228/256/1076
f 3388/256/1074 3389/257/1077 2225/257/1078 2227/256/1075
f 3389/257/1077 3388/256/1074 2228/256/1076 2226/257/1079
f 3389/257/1077 3386/254/1068 2229/254/1071 2225/257/1078
f 3386/254/1068 3389/257/1077 2226/257/1079 2230/254/1072
f 3390/258/1080 3391/259/1081 545/259/1082 543/258/1083
f 3391/259/1081 3390/258/1080 544/258/1084 546/259/1085
f 3391/259/1081 3392/260/1086 537/260/1087 545/259/1082
f 3392/260/1086 3391/259/1081 546/259/1085 538/260/1088
f 3392/260/1086 3393/235/1089 535/235/1090 537/260/1087
f 3393/235/1089 3392/260/1086 538/260/1088 536/235/1091
f 3393/235/1089 3390/258/1080 543/258/1083 535/235/1090
f 3390/258/1080 3393/235/1089 536/235/1091 544/258/1084
f 3394/261/1092 3395/262/1093 497/262/1094 495/261/1095
f 3395/262/1093 3394/261/1092 496/261/1096 498/262/1097
f 3395/262/1093 3396/263/1098 493/263/1099 497/262/1094
f 3396/263/1098 3395/262/1093 498/262/1097 494/263/1100
f 3396/263/1098 3394/261/1092 495/261/1095 493/263/1099
f 3394/261/1092 3396/263/1098 494/263/1100 496/261/1096
f 3397/262/1101 3398/261/1102 495/261/1095 497/262/1094
f 3398/261/1102 3397/262/1101 498/262/1097 496/261/1096
f 3398/261/1102 3399/264/1103 499/264/1104 495/261/1095
f 3399/264/1103 3398/261/1102 496/261/1096 500/264/1105
f 3399/264/1103 3397/262/1101 497/262/1094 499/264/1104
f 3397/262/1101 3399/264/1103 500/264/1105 498/262/1097
f 3400/265/1106 3401/154/1107 2523/154/1108 2519/265/1109
f 3401/154/1107 3400/265/1106 2520/265/1110 2524/154/1111
f 3401/154/1107 3402/94/1112 2517/94/1113 2523/154/1108
f 3402/94/1112 3401/154/1107 2524/154/1111 2518/94/1114
f 3402/94/1112 3403/224/1115 2521/224/1116 2517/94/1113
f 3403/224/1115 3402/94/1112 2518/94/1114 2522/224/1117
f 3403/224/1115 3400/265/1106 2519/265/1109 2521/224/1116
f 3400/265/1106 3403/224/1115 2522/224/1117 2520/265/1110
f 3404/266/1118 3405/267/1119 2185/267/1120 2183/266/1121
f 3405/267/1119 3404/266/1118 2184/266/1122 2186/267/1123
f 3405/267/1119 3406/268/1124 2179/268/1125 2185/267/1120
f 3406/268/1124 3405/267/1119 2186/267/1123 2180/268/1126
f 3406/268/1124 3407/269/1127 2181/269/1128 2179/268/1125
f 3407/269/1127 3406/268/1124 2180/268/1126 2182/269/1129
f 3407/269/1127 3404/266/1118 2183/266/1121 2181/269/1128
f 3404/266/1118 3407/269/1127 2182/269/1129 2184/266/1122
f 3408/270/1130 3409/109/1131 611/109/1132 613/270/1133
f 3409/109/1131 3408/270/1130 614/270/1134 612/109/1135
f 3409/109/1131 3410/271/1136 607/271/1137 611/109/1132
f 3410/271/1136 3409/109/1131 612/109/1135 608/271/1138
f 3410/271/1136 3411/272/1139 609/272/1140 607/271/1137
f 3411/272/1139 3410/271/1136 608/271/1138 610/272/1141
f 3411/272/1139 3408/270/1130 613/270/1133 609/272/1140
f 3408/270/1130 3411/272/1139 610/272/1141 614/270/1134
f 3412/273/1142 3413/274/1143 2383/274/1144 2385/273/1145
f 3413/274/1143 3412/273/1142 2386/273/1146 2384/274/1147
f 3413/274/1143 3414/275/1148 2377/275/1149 2383/274/1144
f 3414/275/1148 3413/274/1143 2384/274/1147 2378/275/1150
f 3414/275/1148 3415/276/1151 2381/276/1152 2377/275/1149
f 3415/276/1151 3414/275/1148 2378/275/1150 2382/276/1153
f 3415/276/1151 3412/273/1142 2385/273/1145 2381/276/1152
f 3412/273/1142 3415/276/1151 2382/276/1153 2386/273/1146
f 3416/81/1154 3417/277/1155 1083/277/1156 1079/81/1157
f 3417/277/1155 3416/81/1154 1080/81/1158 1084/277/1159
f 3417/277/1155 3418/278/1160 1081/278/1161 1083/277/1156
f 3418/278/1160 3417/277/1155 1084/277/1159 1082/278/1162
f 3418/278/1160 3419/279/1163 1077/279/1164 1081/278/1161
f 3419/279/1163 3418/278/1160 1082/278/1162 1078/279/1165
f 3419/279/1163 3416/81/1154 1079/81/1157 1077/279/1164
f 3416/81/1154 3419/279/1163 1078/279/1165 1080/81/1158
f 3420/280/1166 3421/281/1167 1483/281/1168 1479/280/1169
f 3421/281/1167 3420/280/1166 1480/280/1170 1484/281/1171
f 3421/281/1167 3422/282/1172 1481/282/1173 1483/281/1168
f 3422/282/1172 3421/281/1167 1484/281/1171 1482/282/1174
f 3422/282/1172 3423/85/1175 1471/85/1176 1481/282/1173
f 3423/85/1175 3422/282/1172 1482/282/1174 1472/85/1177
f 3423/85/1175 3420/280/1166 1479/280/1169 1471/85/1176
f 3420/280/1166 3423/85/1175 1472/85/1177 1480/280/1170
f 3424/283/1178 3425/254/1179 2545/254/1180 2539/283/1181
f 3425/254/1179 3424/283/1178 2540/283/1182 2546/254/1183
f 3425/254/1179 3426/284/1184 2541/284/1185 2545/254/1180
f 3426/284/1184 3425/254/1179 2546/254/1183 2542/284/1186
f 3426/284/1184 3427/285/1187 2543/285/1188 2541/284/1185
f 3427/285/1187 3426/284/1184 2542/284/1186 2544/285/1189
f 3427/285/1187 3424/283/1178 2539/283/1181 2543/285/1188
f 3424/283/1178 3427/285/1187 2544/285/1189 2540/283/1182
f 3428/286/1190 3429/190/1191 965/190/1192 961/286/1193
f 3429/190/1191 3428/286/1190 962/286/1194 966/190/1195
f 3429/190/1191 3430/287/1196 963/287/1197 965/190/1192
f 3430/287/1196 3429/190/1191 966/190/1195 964/287/1198
f 3430/287/1196 3431/288/1199 957/288/1200 963/287/1197
f 3431/288/1199 3430/287/1196 964/287/1198 958/288/1201
f 3431/288/1199 3428/286/1190 961/286/1193 957/288/1200
f 3428/286/1190 3431/288/1199 958/288/1201 962/286/1194
f 3432/83/1202 3433/82/1203 647/82/1204 643/83/1205
f 3433/82/1203 3432/83/1202 644/83/1206 648/82/1207
f 3433/82/1203 3434/104/1208 645/104/1209 647/82/1204
f 3434/104/1208 3433/82/1203 648/82/1207 646/104/1210
f 3434/104/1208 3435/289/1211 641/289/1212 645/104/1209
f 3435/289/1211 3434/104/1208 646/104/1210 642/289/1213
f 3435/289/1211 3432/83/1202 643/83/1205 641/289/1212
f 3432/83/1202 3435/289/1211 642/289/1213 644/83/1206
f 3436/290/1214 3437/263/1215 493/263/1216 487/290/1217
f 3437/263/1215 3436/290/1214 488/290/1218 494/263/1219
f 3437/263/1215 3438/262/1220 489/262/1221 493/263/1216
f 3438/262/1220 3437/263/1215 494/263/1219 490/262/1222
f 3438/262/1220 3439/291/1223 491/291/1224 489/262/1221
f 3439/291/1223 3438/262/1220 490/262/1222 492/291/1225
f 3439/291/1223 3436/290/1214 487/290/1217 491/291/1224
f 3436/290/1214 3439/291/1223 492/291/1225 488/290/1218
f 3440/292/1226 3441/293/1227 2251/293/1228 2247/292/1229
f 3441/293/1227 3440/292/1226 2248/292/1230 2252/293/1231
f 3441/293/1227 3442/294/1232 2249/294/1233 2251/293/1228
f 3442/294/1232 3441/293/1227 2252/293/1231 2250/294/1234
f 3442/294/1232 3443/295/1235 2243/295/1236 2249/294/1233
f 3443/295/1235 3442/294/1232 2250/294/1234 2244/295/1237
f 3443/295/1235 3440/292/1226 2247/292/1229 2243/295/1236
f 3440/292/1226 3443/295/1235 2244/295/1237 2248/292/1230
f 3444/296/1238 3445/272/1239 581/272/1240 579/296/1241
f 3445/272/1239 3444/296/1238 580/296/1242 582/272/1243
f 3445/272/1239 3446/271/1244 577/271/1245 581/272/1240
f 3446/271/1244 3445/272/1239 582/272/1243 578/271/1246
f 3446/271/1244 3444/296/1238 579/296/1241 577/271/1245
f 3444/296/1238 3446/271/1244 578/271/1246 580/296/1242
f 3447/272/1247 3448/296/1248 579/296/1241 581/272/1240
f 3448/296/1248 3447/272/1247 582/272/1243 580/296/1242
f 3448/296/1248 3449/297/1249 583/297/1250 579/296/1241
f 3449/297/1249 3448/296/1248 580/296/1242 584/297/1251
f 3449/297/1249 3447/272/1247 581/272/1240 583/297/1250
f 3447/272/1247 3449/297/1249 584/297/1251 582/272/1243
f 3450/114/1252 3451/298/1253 587/298/1254 585/114/1255
f 3451/298/1253 3450/114/1252 586/114/1256 588/298/1257
f 3451/298/1253 3452/248/1258 589/248/1259 587/298/1254
f 3452/248/1258 3451/298/1253 588/298/1257 590/248/1260
f 3452/248/1258 3450/114/1252 585/114/1255 589/248/1259
f 3450/114/1252 3452/248/1258 590/248/1260 586/114/1256
f 3453/298/1261 3454/253/1262 591/253/1263 587/298/1264
f 3454/253/1262 3453/298/1261 588/298/1265 592/253/1266
f 3454/253/1262 3455/248/1267 593/248/1268 591/253/1263
f 3455/248/1267 3454/253/1262 592/253/1266 594/248/1269
f 3455/248/1267 3453/298/1261 587/298/1264 593/248/1268
f 3453/298/1261 3455/248/1267 594/248/1269 588/298/1265
f 3456/115/1270 3457/114/1271 585/114/1272 595/115/1273
f 3457/114/1271 3456/115/1270 596/115/1274 586/114/1275
f 3457/114/1271 3458/248/1276 597/248/1277 585/114/1272
f 3458/248/1276 3457/114/1271 586/114/1275 598/248/1278
f 3458/248/1276 3456/115/1270 595/115/1273 597/248/1277
f 3456/115/1270 3458/248/1276 598/248/1278 596/115/1274
f 3459/218/1279 3460/299/1280 599/299/1281 601/218/1282
f 3460/299/1280 3459/218/1279 602/218/1283 600/299/1284
f 3460/299/1280 3461/248/1285 603/248/1286 599/299/1281
f 3461/248/1285 3460/299/1280 600/299/1284 604/248/1287
f 3461/248/1285 3459/218/1279 601/218/1282 603/248/1286
f 3459/218/1279 3461/248/1285 604/248/1287 602/218/1283
f 3462/215/1288 3463/218/1289 601/218/1290 445/215/1291
f 3463/218/1289 3462/215/1288 446/215/1292 602/218/1293
f 3463/218/1289 3464/248/1294 605/248/1295 601/218/1290
f 3464/248/1294 3463/218/1289 602/218/1293 606/248/1296
f 3464/248/1294 3462/215/1288 445/215/1291 605/248/1295
f 3462/215/1288 3464/248/1294 606/248/1296 446/215/1292
f 3465/131/1297 3466/130/1298 1781/130/1299 1777/131/1300
f 3466/130/1298 3465/131/1297 1778/131/1301 1782/130/1302
f 3466/130/1298 3467/183/1303 1771/183/1304 1781/130/1299
f 3467/183/1303 3466/130/1298 1782/130/1302 1772/183/1305
f 3467/183/1303 3468/300/1306 1779/300/1307 1771/183/1304
f 3468/300/1306 3467/183/1303 1772/183/1305 1780/300/1308
f 3468/300/1306 3465/131/1297 1777/131/1300 1779/300/1307
f 3465/131/1297 3468/300/1306 1780/300/1308 1778/131/1301
f 3469/272/1309 3470/301/1310 617/301/1311 615/272/1312
f 3470/301/1310 3469/272/1309 616/272/1313 618/301/1314
f 3470/301/1310 3471/270/1315 613/270/1316 617/301/1311
f 3471/270/1315 3470/301/1310 618/301/1314 614/270/1317
f 3471/270/1315 3469/272/1309 615/272/1312 613/270/1316
f 3469/272/1309 3471/270/1315 614/270/1317 616/272/1313
f 3472/301/1318 3473/272/1319 615/272/1312 617/301/1311
f 3473/272/1319 3472/301/1318 618/301/1314 616/272/1313
f 3473/272/1319 3474/302/1320 619/302/1321 615/272/1312
f 3474/302/1320 3473/272/1319 616/272/1313 620/302/1322
f 3474/302/1320 3472/301/1318 617/301/1311 619/302/1321
f 3472/301/1318 3474/302/1320 620/302/1322 618/301/1314
f 3475/303/1323 3476/304/1324 1463/304/1325 1453/303/1326
f 3476/304/1324 3475/303/1323 1454/303/1327 1464/304/1328
f 3476/304/1324 3477/305/1329 1461/305/1330 1463/304/1325
f 3477/305/1329 3476/304/1324 1464/304/1328 1462/305/1331
f 3477/305/1329 3478/306/1332 1457/306/1333 1461/305/1330
f 3478/306/1332 3477/305/1329 1462/305/1331 1458/306/1334
f 3478/306/1332 3475/303/1323 1453/303/1326 1457/306/1333
f 3475/303/1323 3478/306/1332 1458/306/1334 1454/303/1327
f 3479/307/1335 3480/236/1336 541/236/1337 539/307/1338
f 3480/236/1336 3479/307/1335 540/307/1339 542/236/1340
f 3480/236/1336 3481/235/1341 535/235/1090 541/236/1337
f 3481/235/1341 3480/236/1336 542/236/1340 536/235/1091
f 3481/235/1341 3482/260/1342 537/260/1087 535/235/1090
f 3482/260/1342 3481/235/1341 536/235/1091 538/260/1088
f 3482/260/1342 3479/307/1335 539/307/1338 537/260/1087
f 3479/307/1335 3482/260/1342 538/260/1088 540/307/1339
f 3483/270/1343 3484/308/1344 637/308/1345 635/270/1346
f 3484/308/1344 3483/270/1343 636/270/1347 638/308/1348
f 3484/308/1344 3485/88/1349 633/88/1350 637/308/1345
f 3485/88/1349 3484/308/1344 638/308/1348 634/88/1351
f 3485/88/1349 3483/270/1343 635/270/1346 633/88/1350
f 3483/270/1343 3485/88/1349 634/88/1351 636/270/1347
f 3486/308/1352 3487/270/1353 635/270/1346 637/308/1345
f 3487/270/1353 3486/308/1352 638/308/1348 636/270/1347
f 3487/270/1353 3488/301/1354 639/301/1355 635/270/1346
f 3488/301/1354 3487/270/1353 636/270/1347 640/301/1356
f 3488/301/1354 3486/308/1352 637/308/1345 639/301/1355
f 3486/308/1352 3488/301/1354 640/301/1356 638/308/1348
f 3489/147/1357 3490/309/1358 1831/309/1359 1829/147/1360
f 3490/309/1358 3489/147/1357 1830/147/1361 1832/309/1362
f 3490/309/1358 3491/310/1363 1827/310/1364 1831/309/1359
f 3491/310/1363 3490/309/1358 1832/309/1362 1828/310/1365
f 3491/310/1363 3492/311/1366 1825/311/1367 1827/310/1364
f 3492/311/1366 3491/310/1363 1828/310/1365 1826/311/1368
f 3492/311/1366 3489/147/1357 1829/147/1360 1825/311/1367
f 3489/147/1357 3492/311/1366 1826/311/1368 1830/147/1361
f 3493/312/1369 3494/313/1370 2191/313/1371 2187/312/1372
f 3494/313/1370 3493/312/1369 2188/312/1373 2192/313/1374
f 3494/313/1370 3495/267/1375 2189/267/1376 2191/313/1371
f 3495/267/1375 3494/313/1370 2192/313/1374 2190/267/1377
f 3495/267/1375 3496/266/1378 2183/266/1379 2189/267/1376
f 3496/266/1378 3495/267/1375 2190/267/1377 2184/266/1380
f 3496/266/1378 3493/312/1369 2187/312/1372 2183/266/1379
f 3493/312/1369 3496/266/1378 2184/266/1380 2188/312/1373
f 3497/80/1381 3498/277/1382 657/277/1383 655/80/1384
f 3498/277/1382 3497/80/1381 656/80/1385 658/277/1386
f 3498/277/1382 3499/81/1387 653/81/1388 657/277/1383
f 3499/81/1387 3498/277/1382 658/277/1386 654/81/1389
f 3499/81/1387 3497/80/1381 655/80/1384 653/81/1388
f 3497/80/1381 3499/81/1387 654/81/1389 656/80/1385
f 3500/277/1390 3501/80/1391 655/80/1384 657/277/1383
f 3501/80/1391 3500/277/1390 658/277/1386 656/80/1385
f 3501/80/1391 3502/314/1392 659/314/1393 655/80/1384
f 3502/314/1392 3501/80/1391 656/80/1385 660/314/1394
f 3502/314/1392 3500/277/1390 657/277/1383 659/314/1393
f 3500/277/1390 3502/314/1392 660/314/1394 658/277/1386
f 3503/292/1395 3504/315/1396 2463/315/1397 2459/292/1398
f 3504/315/1396 3503/292/1395 2460/292/1399 2464/315/1400
f 3504/315/1396 3505/316/1401 2461/316/1402 2463/315/1397
f 3505/316/1401 3504/315/1396 2464/315/1400 2462/316/1403
f 3505/316/1401 3506/317/1404 2457/317/1405 2461/316/1402
f 3506/317/1404 3505/316/1401 2462/316/1403 2458/317/1406
f 3506/317/1404 3503/292/1395 2459/292/1398 2457/317/1405
f 3503/292/1395 3506/317/1404 2458/317/1406 2460/292/1399
f 3507/151/1407 3508/318/1408 669/318/1409 665/151/1410
f 3508/318/1408 3507/151/1407 666/151/1411 670/318/1412
f 3508/318/1408 3509/319/1413 671/319/1414 669/318/1409
f 3509/319/1413 3508/318/1408 670/318/1412 672/319/1415
f 3509/319/1413 3507/151/1407 665/151/1410 671/319/1414
f 3507/151/1407 3509/319/1413 672/319/1415 666/151/1411
f 3510/320/1416 3511/319/1417 671/319/1414 673/320/1418
f 3511/319/1417 3510/320/1416 674/320/1419 672/319/1415
f 3511/319/1417 3512/318/1420 669/318/1409 671/319/1414
f 3512/318/1420 3511/319/1417 672/319/1415 670/318/1412
f 3512/318/1420 3510/320/1416 673/320/1418 669/318/1409
f 3510/320/1416 3512/318/1420 670/318/1412 674/320/1419
f 3513/321/1421 3514/290/1422 487/290/1423 481/321/1424
f 3514/290/1422 3513/321/1421 482/321/1425 488/290/1426
f 3514/290/1422 3515/291/1427 483/291/1428 487/290/1423
f 3515/291/1427 3514/290/1422 488/290/1426 484/291/1429
f 3515/291/1427 3516/322/1430 485/322/1431 483/291/1428
f 3516/322/1430 3515/291/1427 484/291/1429 486/322/1432
f 3516/322/1430 3513/321/1421 481/321/1424 485/322/1431
f 3513/321/1421 3516/322/1430 486/322/1432 482/321/1425
f 3517/323/1433 3518/324/1434 1239/324/1435 1235/323/1436
f 3518/324/1434 3517/323/1433 1236/323/1437 1240/324/1438
f 3518/324/1434 3519/325/1439 1233/325/1440 1239/324/1435
f 3519/325/1439 3518/324/1434 1240/324/1438 1234/325/1441
f 3519/325/1439 3520/326/1442 1231/326/1443 1233/325/1440
f 3520/326/1442 3519/325/1439 1234/325/1441 1232/326/1444
f 3520/326/1442 3517/323/1433 1235/323/1436 1231/326/1443
f 3517/323/1433 3520/326/1442 1232/326/1444 1236/323/1437
f 3521/327/1445 3522/328/1446 691/328/1447 689/327/1448
f 3522/328/1446 3521/327/1445 690/327/1449 692/328/1450
f 3522/328/1446 3523/329/1451 687/329/1452 691/328/1447
f 3523/329/1451 3522/328/1446 692/328/1450 688/329/1453
f 3523/329/1451 3521/327/1445 689/327/1448 687/329/1452
f 3521/327/1445 3523/329/1451 688/329/1453 690/327/1449
f 3524/328/1454 3525/327/1455 689/327/1448 691/328/1447
f 3525/327/1455 3524/328/1454 692/328/1450 690/327/1449
f 3525/327/1455 3526/330/1456 693/330/1457 689/327/1448
f 3526/330/1456 3525/327/1455 690/327/1449 694/330/1458
f 3526/330/1456 3524/328/1454 691/328/1447 693/330/1457
f 3524/328/1454 3526/330/1456 694/330/1458 692/328/1450
f 3527/308/1459 3528/89/1460 697/89/1461 695/308/1462
f 3528/89/1460 3527/308/1459 696/308/1463 698/89/1464
f 3528/89/1460 3529/88/1465 699/88/1466 697/89/1461
f 3529/88/1465 3528/89/1460 698/89/1464 700/88/1467
f 3529/88/1465 3527/308/1459 695/308/1462 699/88/1466
f 3527/308/1459 3529/88/1465 700/88/1467 696/308/1463
f 3530/89/1468 3531/308/1469 695/308/1462 697/89/1461
f 3531/308/1469 3530/89/1468 698/89/1464 696/308/1463
f 3531/308/1469 3532/331/1470 701/331/1471 695/308/1462
f 3532/331/1470 3531/308/1469 696/308/1463 702/331/1472
f 3532/331/1470 3530/89/1468 697/89/1461 701/331/1471
f 3530/89/1468 3532/331/1470 702/331/1472 698/89/1464
f 3533/222/1473 3534/332/1474 837/332/1475 827/222/892
f 3534/332/1474 3533/222/1473 828/222/893 838/332/1476
f 3534/332/1474 3535/333/1477 841/333/1478 837/332/1475
f 3535/333/1477 3534/332/1474 838/332/1476 842/333/1479
f 3535/333/1477 3536/334/1480 835/334/1481 841/333/1478
f 3536/334/1480 3535/333/1477 842/333/1479 836/334/1482
f 3536/334/1480 3537/223/1483 825/223/895 835/334/1481
f 3537/223/1483 3536/334/1480 836/334/1482 826/223/896
f 3537/223/1483 3533/222/1473 827/222/892 825/223/895
f 3533/222/1473 3537/223/1483 826/223/896 828/222/893
f 3538/335/1484 3539/336/1485 1317/336/1486 1315/335/1487
f 3539/336/1485 3538/335/1484 1316/335/1488 1318/336/1489
f 3539/336/1485 3540/165/1490 1311/165/1491 1317/336/1486
f 3540/165/1490 3539/336/1485 1318/336/1489 1312/165/1492
f 3540/165/1490 3541/337/1493 1313/337/1494 1311/165/1491
f 3541/337/1493 3540/165/1490 1312/165/1492 1314/337/1495
f 3541/337/1493 3538/335/1484 1315/335/1487 1313/337/1494
f 3538/335/1484 3541/337/1493 1314/337/1495 1316/335/1488
f 3542/329/1496 3543/338/1497 715/338/1498 717/329/1499
f 3543/338/1497 3542/329/1496 718/329/1500 716/338/1501
f 3543/338/1497 3544/339/1502 719/339/1503 715/338/1498
f 3544/339/1502 3543/338/1497 716/338/1501 720/339/1504
f 3544/339/1502 3542/329/1496 717/329/1499 719/339/1503
f 3542/329/1496 3544/339/1502 720/339/1504 718/329/1500
f 3545/327/1505 3546/329/1506 717/329/1499 721/327/1507
f 3546/329/1506 3545/327/1505 722/327/1508 718/329/1500
f 3546/329/1506 3547/339/1509 719/339/1503 717/329/1499
f 3547/339/1509 3546/329/1506 718/329/1500 720/339/1504
f 3547/339/1509 3545/327/1505 721/327/1507 719/339/1503
f 3545/327/1505 3547/339/1509 720/339/1504 722/327/1508
f 3548/325/1510 3549/340/1511 1241/340/1512 1233/325/1440
f 3549/340/1511 3548/325/1510 1234/325/1441 1242/340/1513
f 3549/340/1511 3550/341/1514 1237/341/1515 1241/340/1512
f 3550/341/1514 3549/340/1511 1242/340/1513 1238/341/1516
f 3550/341/1514 3551/342/1517 1229/342/1518 1237/341/1515
f 3551/342/1517 3550/341/1514 1238/341/1516 1230/342/1519
f 3551/342/1517 3548/325/1510 1233/325/1440 1229/342/1518
f 3548/325/1510 3551/342/1517 1230/342/1519 1234/325/1441
f 3552/11/1520 3553/12/1521 1549/12/1522 1545/11/1523
f 3553/12/1521 3552/11/1520 1546/11/1524 1550/12/1525
f 3553/12/1521 3554/9/1526 1547/9/1527 1549/12/1522
f 3554/9/1526 3553/12/1521 1550/12/1525 1548/9/1528
f 3554/9/1526 3555/10/1529 1543/10/1530 1547/9/1527
f 3555/10/1529 3554/9/1526 1548/9/1528 1544/10/1531
f 3555/10/1529 3552/11/1520 1545/11/1523 1543/10/1530
f 3552/11/1520 3555/10/1529 1544/10/1531 1546/11/1524
f 3556/343/1532 3557/311/1533 1849/311/1534 1847/343/1535
f 3557/311/1533 3556/343/1532 1848/343/1536 1850/311/1537
f 3557/311/1533 3558/344/1538 1843/344/1539 1849/311/1534
f 3558/344/1538 3557/311/1533 1850/311/1537 1844/344/1540
f 3558/344/1538 3559/345/1541 1845/345/1542 1843/344/1539
f 3559/345/1541 3558/344/1538 1844/344/1540 1846/345/1543
f 3559/345/1541 3556/343/1532 1847/343/1535 1845/345/1542
f 3556/343/1532 3559/345/1541 1846/345/1543 1848/343/1536
f 3560/346/1544 3561/347/1545 2849/347/1546 2845/346/1547
f 3561/347/1545 3560/346/1544 2846/346/1548 2850/347/1549
f 3561/347/1545 3562/348/1550 2847/348/1551 2849/347/1546
f 3562/348/1550 3561/347/1545 2850/347/1549 2848/348/1552
f 3562/348/1550 3563/349/1553 2841/349/1554 2847/348/1551
f 3563/349/1553 3562/348/1550 2848/348/1552 2842/349/1555
f 3563/349/1553 3560/346/1544 2845/346/1547 2841/349/1554
f 3560/346/1544 3563/349/1553 2842/349/1555 2846/346/1548
f 3564/291/1556 3565/262/1557 873/262/1558 869/291/1559
f 3565/262/1557 3564/291/1556 870/291/1560 874/262/1561
f 3565/262/1557 3566/350/1562 871/350/1563 873/262/1558
f 3566/350/1562 3565/262/1557 874/262/1561 872/350/1564
f 3566/350/1562 3567/351/1565 867/351/1566 871/350/1563
f 3567/351/1565 3566/350/1562 872/350/1564 868/351/1567
f 3567/351/1565 3564/291/1556 869/291/1559 867/351/1566
f 3564/291/1556 3567/351/1565 868/351/1567 870/291/1560
f 3568/352/1568 3569/75/1569 745/75/289 737/352/1570
f 3569/75/1569 3568/352/1568 738/352/1571 746/75/290
f 3569/75/1569 3570/353/1572 733/353/1573 745/75/289
f 3570/353/1572 3569/75/1569 746/75/290 734/353/1574
f 3570/353/1572 3568/352/1568 737/352/1570 733/353/1573
f 3568/352/1568 3570/353/1572 734/353/1574 738/352/1571
f 3571/200/1575 3572/168/1576 293/168/1577 289/200/1578
f 3572/168/1576 3571/200/1575 290/200/1579 294/168/1580
f 3572/168/1576 3573/169/1581 291/169/1582 293/168/1577
f 3573/169/1581 3572/168/1576 294/168/1580 292/169/1583
f 3573/169/1581 3574/354/1584 287/354/1585 291/169/1582
f 3574/354/1584 3573/169/1581 292/169/1583 288/354/1586
f 3574/354/1584 3571/200/1575 289/200/1578 287/354/1585
f 3571/200/1575 3574/354/1584 288/354/1586 290/200/1579
f 3575/75/1587 3576/352/1588 737/352/1570 745/75/289
f 3576/352/1588 3575/75/1587 746/75/290 738/352/1571
f 3576/352/1588 3577/355/1589 747/355/1590 737/352/1570
f 3577/355/1589 3576/352/1588 738/352/1571 748/355/1591
f 3577/355/1589 3575/75/1587 745/75/289 747/355/1590
f 3575/75/1587 3577/355/1589 748/355/1591 746/75/290
f 3578/356/1592 3579/357/1593 2949/357/1594 2947/356/1595
f 3579/357/1593 3578/356/1592 2948/356/1596 2950/357/1597
f 3579/357/1593 3580/358/1598 2939/358/1599 2949/357/1594
f 3580/358/1598 3579/357/1593 2950/357/1597 2940/358/1600
f 3580/358/1598 3581/359/1601 2945/359/1602 2939/358/1599
f 3581/359/1601 3580/358/1598 2940/358/1600 2946/359/1603
f 3581/359/1601 3578/356/1592 2947/356/1595 2945/359/1602
f 3578/356/1592 3581/359/1601 2946/359/1603 2948/356/1596
f 3582/259/1604 3583/360/1605 533/360/1606 529/259/1607
f 3583/360/1605 3582/259/1604 530/259/1608 534/360/1609
f 3583/360/1605 3584/80/1610 531/80/1611 533/360/1606
f 3584/80/1610 3583/360/1605 534/360/1609 532/80/1612
f 3584/80/1610 3585/83/1613 527/83/1614 531/80/1611
f 3585/83/1613 3584/80/1610 532/80/1612 528/83/1615
f 3585/83/1613 3582/259/1604 529/259/1607 527/83/1614
f 3582/259/1604 3585/83/1613 528/83/1615 530/259/1608
f 3586/361/1616 3587/117/1617 2747/117/1618 2753/361/1619
f 3587/117/1617 3586/361/1616 2754/361/1620 2748/117/1621
f 3587/117/1617 3588/118/1622 2745/118/1623 2747/117/1618
f 3588/118/1622 3587/117/1617 2748/117/1621 2746/118/1624
f 3588/118/1622 3589/362/1625 2749/362/1626 2745/118/1623
f 3589/362/1625 3588/118/1622 2746/118/1624 2750/362/1627
f 3589/362/1625 3586/361/1616 2753/361/1619 2749/362/1626
f 3586/361/1616 3589/362/1625 2750/362/1627 2754/361/1620
f 3590/97/1628 3591/363/1629 2265/363/1630 2263/97/1631
f 3591/363/1629 3590/97/1628 2264/97/1632 2266/363/1633
f 3591/363/1629 3592/364/1634 2259/364/1635 2265/363/1630
f 3592/364/1634 3591/363/1629 2266/363/1633 2260/364/1636
f 3592/364/1634 3593/225/1637 2261/225/1638 2259/364/1635
f 3593/225/1637 3592/364/1634 2260/364/1636 2262/225/1639
f 3593/225/1637 3590/97/1628 2263/97/1631 2261/225/1638
f 3590/97/1628 3593/225/1637 2262/225/1639 2264/97/1632
f 3594/338/1640 3595/135/1641 559/135/1642 553/338/1643
f 3595/135/1641 3594/338/1640 554/338/1644 560/135/1645
f 3595/135/1641 3596/102/1646 555/102/1647 559/135/1642
f 3596/102/1646 3595/135/1641 560/135/1645 556/102/1648
f 3596/102/1646 3597/279/1649 557/279/1650 555/102/1647
f 3597/279/1649 3596/102/1646 556/102/1648 558/279/1651
f 3597/279/1649 3594/338/1640 553/338/1643 557/279/1650
f 3594/338/1640 3597/279/1649 558/279/1651 554/338/1644
f 3598/365/1652 3599/212/1653 1959/212/858 1963/365/1654
f 3599/212/1653 3598/365/1652 1964/365/1655 1960/212/859
f 3599/212/1653 3600/19/1656 1953/19/56 1959/212/858
f 3600/19/1656 3599/212/1653 1960/212/859 1954/19/57
f 3600/19/1656 3601/18/1657 1955/18/51 1953/19/56
f 3601/18/1657 3600/19/1656 1954/19/57 1956/18/54
f 3601/18/1657 3598/365/1652 1963/365/1654 1955/18/51
f 3598/365/1652 3601/18/1657 1956/18/54 1964/365/1655
f 3602/5/1658 3603/6/1659 1577/6/1660 1575/5/184
f 3603/6/1659 3602/5/1658 1576/5/185 1578/6/1661
f 3603/6/1659 3604/7/1662 1569/7/1663 1577/6/1660
f 3604/7/1662 3603/6/1659 1578/6/1661 1570/7/1664
f 3604/7/1662 3605/8/1665 1571/8/187 1569/7/1663
f 3605/8/1665 3604/7/1662 1570/7/1664 1572/8/188
f 3605/8/1665 3602/5/1658 1575/5/184 1571/8/187
f 3602/5/1658 3605/8/1665 1572/8/188 1576/5/185
f 3606/43/1666 3607/33/1667 1173/33/1668 1167/43/1669
f 3607/33/1667 3606/43/1666 1168/43/1670 1174/33/1671
f 3607/33/1667 3608/32/1672 1169/32/1673 1173/33/1668
f 3608/32/1672 3607/33/1667 1174/33/1671 1170/32/1674
f 3608/32/1672 3609/42/1675 1171/42/1676 1169/32/1673
f 3609/42/1675 3608/32/1672 1170/32/1674 1172/42/1677
f 3609/42/1675 3606/43/1666 1167/43/1669 1171/42/1676
f 3606/43/1666 3609/42/1675 1172/42/1677 1168/43/1670
f 3610/366/1678 3611/367/1679 759/367/1680 753/366/1681
f 3611/367/1679 3610/366/1678 754/366/1682 760/367/1683
f 3611/367/1679 3612/48/1684 757/48/971 759/367/1680
f 3612/48/1684 3611/367/1679 760/367/1683 758/48/972
f 3612/48/1684 3613/73/1685 749/73/283 757/48/971
f 3613/73/1685 3612/48/1684 758/48/972 750/73/284
f 3613/73/1685 3610/366/1678 753/366/1681 749/73/283
f 3610/366/1678 3613/73/1685 750/73/284 754/366/1682
f 3614/368/1686 3615/369/1687 839/369/1688 833/368/1689
f 3615/369/1687 3614/368/1686 834/368/1690 840/369/1691
f 3615/369/1687 3616/332/1692 837/332/1475 839/369/1688
f 3616/332/1692 3615/369/1687 840/369/1691 838/332/1476
f 3616/332/1692 3617/222/1693 827/222/892 837/332/1475
f 3617/222/1693 3616/332/1692 838/332/1476 828/222/893
f 3617/222/1693 3614/368/1686 833/368/1689 827/222/892
f 3614/368/1686 3617/222/1693 828/222/893 834/368/1690
f 3618/370/1694 3619/108/1695 2615/108/1696 2595/370/1697
f 3619/108/1695 3618/370/1694 2596/370/1698 2616/108/1699
f 3619/108/1695 3620/21/1700 2613/21/1701 2615/108/1696
f 3620/21/1700 3619/108/1695 2616/108/1699 2614/21/1702
f 3620/21/1700 3621/207/1703 2597/207/1704 2613/21/1701
f 3621/207/1703 3620/21/1700 2614/21/1702 2598/207/1705
f 3621/207/1703 3618/370/1694 2595/370/1697 2597/207/1704
f 3618/370/1694 3621/207/1703 2598/207/1705 2596/370/1698
f 3622/371/1706 3623/372/1707 1917/372/1708 1929/371/1709
f 3623/372/1707 3622/371/1706 1930/371/1710 1918/372/1711
f 3623/372/1707 3624/373/1712 1919/373/1713 1917/372/1708
f 3624/373/1712 3623/372/1707 1918/372/1711 1920/373/1714
f 3624/373/1712 3625/374/1715 1925/374/1716 1919/373/1713
f 3625/374/1715 3624/373/1712 1920/373/1714 1926/374/1717
f 3625/374/1715 3622/371/1706 1929/371/1709 1925/374/1716
f 3622/371/1706 3625/374/1715 1926/374/1717 1930/371/1710
f 3626/3/1718 3627/4/1719 1159/4/1720 1157/3/1721
f 3627/4/1719 3626/3/1718 1158/3/1722 1160/4/1723
f 3627/4/1719 3628/1/1724 1137/1/1725 1159/4/1720
f 3628/1/1724 3627/4/1719 1160/4/1723 1138/1/1726
f 3628/1/1724 3629/2/1727 1141/2/946 1137/1/1725
f 3629/2/1727 3628/1/1724 1138/1/1726 1142/2/947
f 3629/2/1727 3626/3/1718 1157/3/1721 1141/2/946
f 3626/3/1718 3629/2/1727 1142/2/947 1158/3/1722
f 3630/32/1728 3631/42/1729 2655/42/1730 2649/32/1731
f 3631/42/1729 3630/32/1728 2650/32/1732 2656/42/1733
f 3631/42/1729 3632/43/1734 2651/43/1735 2655/42/1730
f 3632/43/1734 3631/42/1729 2656/42/1733 2652/43/1736
f 3632/43/1734 3633/33/1737 2653/33/1738 2651/43/1735
f 3633/33/1737 3632/43/1734 2652/43/1736 2654/33/1739
f 3633/33/1737 3630/32/1728 2649/32/1731 2653/33/1738
f 3630/32/1728 3633/33/1737 2654/33/1739 2650/32/1732
f 3634/342/1740 3635/375/1741 1293/375/1742 1229/342/1518
f 3635/375/1741 3634/342/1740 1230/342/1519 1294/375/1743
f 3635/375/1741 3636/326/1744 1231/326/1443 1293/375/1742
f 3636/326/1744 3635/375/1741 1294/375/1743 1232/326/1444
f 3636/326/1744 3637/325/1745 1233/325/1440 1231/326/1443
f 3637/325/1745 3636/326/1744 1232/326/1444 1234/325/1441
f 3637/325/1745 3634/342/1740 1229/342/1518 1233/325/1440
f 3634/342/1740 3637/325/1745 1234/325/1441 1230/342/1519
f 3638/376/1746 3639/377/1747 2471/377/1748 2469/376/1749
f 3639/377/1747 3638/376/1746 2470/376/1750 2472/377/1751
f 3639/377/1747 3640/153/1752 2465/153/1753 2471/377/1748
f 3640/153/1752 3639/377/1747 2472/377/1751 2466/153/1754
f 3640/153/1752 3641/156/1755 2467/156/1756 2465/153/1753
f 3641/156/1755 3640/153/1752 2466/153/1754 2468/156/1757
f 3641/156/1755 3638/376/1746 2469/376/1749 2467/156/1756
f 3638/376/1746 3641/156/1755 2468/156/1757 2470/376/1750
f 3642/378/1758 3643/379/1759 139/379/1760 137/378/1761
f 3643/379/1759 3642/378/1758 138/378/1762 140/379/1763
f 3643/379/1759 3644/380/1764 127/380/1765 139/379/1760
f 3644/380/1764 3643/379/1759 140/379/1763 128/380/1766
f 3644/380/1764 3645/381/1767 135/381/1768 127/380/1765
f 3645/381/1767 3644/380/1764 128/380/1766 136/381/1769
f 3645/381/1767 3642/378/1758 137/378/1761 135/381/1768
f 3642/378/1758 3645/381/1767 136/381/1769 138/378/1762
f 3646/382/1770 3647/328/1771 783/328/1772 781/382/1773
f 3647/328/1771 3646/382/1770 782/382/1774 784/328/1775
f 3647/328/1771 3648/191/1776 785/191/1777 783/328/1772
f 3648/191/1776 3647/328/1771 784/328/1775 786/191/1778
f 3648/191/1776 3646/382/1770 781/382/1773 785/191/1777
f 3646/382/1770 3648/191/1776 786/191/1778 782/382/1774
f 3649/191/1779 3650/328/1780 783/328/1772 785/191/1777
f 3650/328/1780 3649/191/1779 786/191/1778 784/328/1775
f 3650/328/1780 3651/192/1781 787/192/1782 783/328/1772
f 3651/192/1781 3650/328/1780 784/328/1775 788/192/1783
f 3651/192/1781 3649/191/1779 785/191/1777 787/192/1782
f 3649/191/1779 3651/192/1781 788/192/1783 786/191/1778
f 3652/383/1784 3653/384/1785 2579/384/1786 2573/383/1787
f 3653/384/1785 3652/383/1784 2574/383/1788 2580/384/1789
f 3653/384/1785 3654/185/1790 2575/185/1791 2579/384/1786
f 3654/185/1790 3653/384/1785 2580/384/1789 2576/185/1792
f 3654/185/1790 3655/188/1793 2577/188/1794 2575/185/1791
f 3655/188/1793 3654/185/1790 2576/185/1792 2578/188/1795
f 3655/188/1793 3652/383/1784 2573/383/1787 2577/188/1794
f 3652/383/1784 3655/188/1793 2578/188/1795 2574/383/1788
f 3656/249/1796 3657/238/1797 415/238/952 407/249/1798
f 3657/238/1797 3656/249/1796 408/249/1799 416/238/953
f 3657/238/1797 3658/241/1800 411/241/959 415/238/952
f 3658/241/1800 3657/238/1797 416/238/953 412/241/960
f 3658/241/1800 3659/385/1801 403/385/1802 411/241/959
f 3659/385/1801 3658/241/1800 412/241/960 404/385/1803
f 3659/385/1801 3656/249/1796 407/249/1798 403/385/1802
f 3656/249/1796 3659/385/1801 404/385/1803 408/249/1799
f 3660/287/1804 3661/386/1805 799/386/1806 797/287/1807
f 3661/386/1805 3660/287/1804 798/287/1808 800/386/1809
f 3661/386/1805 3662/234/1810 795/234/1811 799/386/1806
f 3662/234/1810 3661/386/1805 800/386/1809 796/234/1812
f 3662/234/1810 3663/288/1813 793/288/1814 795/234/1811
f 3663/288/1813 3662/234/1810 796/234/1812 794/288/1815
f 3663/288/1813 3660/287/1804 797/287/1807 793/288/1814
f 3660/287/1804 3663/288/1813 794/288/1815 798/287/1808
f 3664/212/1816 3665/27/1817 1961/27/88 1959/212/858
f 3665/27/1817 3664/212/1816 1960/212/859 1962/27/89
f 3665/27/1817 3666/30/1818 1951/30/95 1961/27/88
f 3666/30/1818 3665/27/1817 1962/27/89 1952/30/96
f 3666/30/1818 3667/19/1819 1953/19/56 1951/30/95
f 3667/19/1819 3666/30/1818 1952/30/96 1954/19/57
f 3667/19/1819 3664/212/1816 1959/212/858 1953/19/56
f 3664/212/1816 3667/19/1819 1954/19/57 1960/212/859
f 3668/111/1820 3669/219/1821 1589/219/1822 1583/111/1823
f 3669/219/1821 3668/111/1820 1584/111/1824 1590/219/1825
f 3669/219/1821 3670/32/1826 1587/32/1827 1589/219/1822
f 3670/32/1826 3669/219/1821 1590/219/1825 1588/32/1828
f 3670/32/1826 3671/11/1829 1585/11/1830 1587/32/1827
f 3671/11/1829 3670/32/1826 1588/32/1828 1586/11/1831
f 3671/11/1829 3668/111/1820 1583/111/1823 1585/11/1830
f 3668/111/1820 3671/11/1829 1586/11/1831 1584/111/1824
f 3672/230/1832 3673/387/1833 2047/387/1834 2039/230/920
f 3673/387/1833 3672/230/1832 2040/230/921 2048/387/1835
f 3673/387/1833 3674/388/1836 2043/388/1837 2047/387/1834
f 3674/388/1836 3673/387/1833 2048/387/1835 2044/388/1838
f 3674/388/1836 3675/231/1839 2041/231/919 2043/388/1837
f 3675/231/1839 3674/388/1836 2044/388/1838 2042/231/922
f 3675/231/1839 3672/230/1832 2039/230/920 2041/231/919
f 3672/230/1832 3675/231/1839 2042/231/922 2040/230/921
f 3676/44/1840 3677/26/1841 2003/26/83 1991/44/172
f 3677/26/1841 3676/44/1840 1992/44/173 2004/26/84
f 3677/26/1841 3678/389/1842 2001/389/1843 2003/26/83
f 3678/389/1842 3677/26/1841 2004/26/84 2002/389/1844
f 3678/389/1842 3679/36/1845 1995/36/1846 2001/389/1843
f 3679/36/1845 3678/389/1842 2002/389/1844 1996/36/1847
f 3679/36/1845 3676/44/1840 1991/44/172 1995/36/1846
f 3676/44/1840 3679/36/1845 1996/36/1847 1992/44/173
f 3680/111/1848 3681/11/1849 1585/11/1830 1583/111/1823
f 3681/11/1849 3680/111/1848 1584/111/1824 1586/11/1831
f 3681/11/1849 3682/10/1850 1579/10/1851 1585/11/1830
f 3682/10/1850 3681/11/1849 1586/11/1831 1580/10/1852
f 3682/10/1850 3683/6/1853 1577/6/1660 1579/10/1851
f 3683/6/1853 3682/10/1850 1580/10/1852 1578/6/1661
f 3683/6/1853 3680/111/1848 1583/111/1823 1577/6/1660
f 3680/111/1848 3683/6/1853 1578/6/1661 1584/111/1824
f 3684/390/1854 3685/42/1855 31/42/1856 55/390/1857
f 3685/42/1855 3684/390/1854 56/390/1858 32/42/1859
f 3685/42/1855 3686/32/1860 27/32/1861 31/42/1856
f 3686/32/1860 3685/42/1855 32/42/1859 28/32/1862
f 3686/32/1860 3687/219/1863 29/219/1864 27/32/1861
f 3687/219/1863 3686/32/1860 28/32/1862 30/219/1865
f 3687/219/1863 3684/390/1854 55/390/1857 29/219/1864
f 3684/390/1854 3687/219/1863 30/219/1865 56/390/1858
f 3688/1/1866 3689/111/1867 1583/111/1823 1581/1/1868
f 3689/111/1867 3688/1/1866 1582/1/1869 1584/111/1824
f 3689/111/1867 3690/6/1870 1577/6/1660 1583/111/1823
f 3690/6/1870 3689/111/1867 1584/111/1824 1578/6/1661
f 3690/6/1870 3691/5/1871 1575/5/184 1577/6/1660
f 3691/5/1871 3690/6/1870 1578/6/1661 1576/5/185
f 3691/5/1871 3688/1/1866 1581/1/1868 1575/5/184
f 3688/1/1866 3691/5/1871 1576/5/185 1582/1/1869
f 3692/10/1872 3693/9/1873 1181/9/1874 1177/10/1875
f 3693/9/1873 3692/10/1872 1178/10/1876 1182/9/1877
f 3693/9/1873 3694/55/1878 1179/55/1879 1181/9/1874
f 3694/55/1878 3693/9/1873 1182/9/1877 1180/55/1880
f 3694/55/1878 3695/56/1881 1175/56/1882 1179/55/1879
f 3695/56/1881 3694/55/1878 1180/55/1880 1176/56/1883
f 3695/56/1881 3692/10/1872 1177/10/1875 1175/56/1882
f 3692/10/1872 3695/56/1881 1176/56/1883 1178/10/1876
f 3696/252/1884 3697/391/1885 437/391/1886 435/252/1887
f 3697/391/1885 3696/252/1884 436/252/1888 438/391/1889
f 3697/391/1885 3698/392/1890 433/392/1891 437/391/1886
f 3698/392/1890 3697/391/1885 438/391/1889 434/392/1892
f 3698/392/1890 3699/251/1893 431/251/1894 433/392/1891
f 3699/251/1893 3698/392/1890 434/392/1892 432/251/1895
f 3699/251/1893 3696/252/1884 435/252/1887 431/251/1894
f 3696/252/1884 3699/251/1893 432/251/1895 436/252/1888
f 3700/206/1896 3701/207/1897 2597/207/1704 2593/206/1898
f 3701/207/1897 3700/206/1896 2594/206/1899 2598/207/1705
f 3701/207/1897 3702/31/1900 2607/31/1901 2597/207/1704
f 3702/31/1900 3701/207/1897 2598/207/1705 2608/31/1902
f 3702/31/1900 3703/46/1903 2599/46/1904 2607/31/1901
f 3703/46/1903 3702/31/1900 2608/31/1902 2600/46/1905
f 3703/46/1903 3700/206/1896 2593/206/1898 2599/46/1904
f 3700/206/1896 3703/46/1903 2600/46/1905 2594/206/1899
f 3704/393/1906 3705/13/1907 997/13/1908 995/393/1909
f 3705/13/1907 3704/393/1906 996/393/1910 998/13/1911
f 3705/13/1907 3706/16/1912 993/16/1913 997/13/1908
f 3706/16/1912 3705/13/1907 998/13/1911 994/16/1914
f 3706/16/1912 3707/394/1915 991/394/1916 993/16/1913
f 3707/394/1915 3706/16/1912 994/16/1914 992/394/1917
f 3707/394/1915 3704/393/1906 995/393/1909 991/394/1916
f 3704/393/1906 3707/394/1915 992/394/1917 996/393/1910
f 3708/127/1918 3709/126/1919 2101/126/476 2097/127/479
f 3709/126/1919 3708/127/1918 2098/127/480 2102/126/477
f 3709/126/1919 3710/395/1920 2095/395/1921 2101/126/476
f 3710/395/1920 3709/126/1919 2102/126/477 2096/395/1922
f 3710/395/1920 3711/396/1923 2093/396/1924 2095/395/1921
f 3711/396/1923 3710/395/1920 2096/395/1922 2094/396/1925
f 3711/396/1923 3708/127/1918 2097/127/479 2093/396/1924
f 3708/127/1918 3711/396/1923 2094/396/1925 2098/127/480
f 3712/288/1926 3713/234/1927 795/234/1811 793/288/1814
f 3713/234/1927 3712/288/1926 794/288/1815 796/234/1812
f 3713/234/1927 3714/237/1928 791/237/1929 795/234/1811
f 3714/237/1928 3713/234/1927 796/234/1812 792/237/1930
f 3714/237/1928 3715/397/1931 789/397/1932 791/237/1929
f 3715/397/1931 3714/237/1928 792/237/1930 790/397/1933
f 3715/397/1931 3712/288/1926 793/288/1814 789/397/1932
f 3712/288/1926 3715/397/1931 790/397/1933 794/288/1815
f 3716/398/1934 3717/334/1935 835/334/1481 845/398/1936
f 3717/334/1935 3716/398/1934 846/398/1937 836/334/1482
f 3717/334/1935 3718/333/1938 841/333/1478 835/334/1481
f 3718/333/1938 3717/334/1935 836/334/1482 842/333/1479
f 3718/333/1938 3716/398/1934 845/398/1936 841/333/1478
f 3716/398/1934 3718/333/1938 842/333/1479 846/398/1937
f 3719/333/1939 3720/399/1940 843/399/1941 841/333/1478
f 3720/399/1940 3719/333/1939 842/333/1479 844/399/1942
f 3720/399/1940 3721/400/1943 847/400/1944 843/399/1941
f 3721/400/1943 3720/399/1940 844/399/1942 848/400/1945
f 3721/400/1943 3719/333/1939 841/333/1478 847/400/1944
f 3719/333/1939 3721/400/1943 848/400/1945 842/333/1479
f 3722/401/1946 3723/402/1947 979/402/1948 975/401/1949
f 3723/402/1947 3722/401/1946 976/401/1950 980/402/1951
f 3723/402/1947 3724/290/1952 977/290/1953 979/402/1948
f 3724/290/1952 3723/402/1947 980/402/1951 978/290/1954
f 3724/290/1952 3725/321/1955 973/321/1956 977/290/1953
f 3725/321/1955 3724/290/1952 978/290/1954 974/321/1957
f 3725/321/1955 3722/401/1946 975/401/1949 973/321/1956
f 3722/401/1946 3725/321/1955 974/321/1957 976/401/1950
f 3726/403/1958 3727/404/1959 227/404/1960 225/403/1961
f 3727/404/1959 3726/403/1958 226/403/1962 228/404/1963
f 3727/404/1959 3728/405/1964 223/405/1965 227/404/1960
f 3728/405/1964 3727/404/1959 228/404/1963 224/405/1966
f 3728/405/1964 3729/180/1967 219/180/1968 223/405/1965
f 3729/180/1967 3728/405/1964 224/405/1966 220/180/1969
f 3729/180/1967 3726/403/1958 225/403/1961 219/180/1968
f 3726/403/1958 3729/180/1967 220/180/1969 226/403/1962
f 3730/406/1970 3731/407/1971 849/407/1972 857/406/1973
f 3731/407/1971 3730/406/1970 858/406/1974 850/407/1975
f 3731/407/1971 3732/408/1976 853/408/1977 849/407/1972
f 3732/408/1976 3731/407/1971 850/407/1975 854/408/1978
f 3732/408/1976 3733/409/1979 855/409/1980 853/408/1977
f 3733/409/1979 3732/408/1976 854/408/1978 856/409/1981
f 3733/409/1979 3730/406/1970 857/406/1973 855/409/1980
f 3730/406/1970 3733/409/1979 856/409/1981 858/406/1974
f 3734/410/1982 3735/381/1983 327/381/1984 319/410/1985
f 3735/381/1983 3734/410/1982 320/410/1986 328/381/1987
f 3735/381/1983 3736/61/1988 321/61/246 327/381/1984
f 3736/61/1988 3735/381/1983 328/381/1987 322/61/247
f 3736/61/1988 3737/64/1989 323/64/253 321/61/246
f 3737/64/1989 3736/61/1988 322/61/247 324/64/254
f 3737/64/1989 3734/410/1982 319/410/1985 323/64/253
f 3734/410/1982 3737/64/1989 324/64/254 320/410/1986
f 3738/411/1990 3739/412/1991 729/412/1992 723/411/1993
f 3739/412/1991 3738/411/1990 724/411/1994 730/412/1995
f 3739/412/1991 3740/413/1996 731/413/1997 729/412/1992
f 3740/413/1996 3739/412/1991 730/412/1995 732/413/1998
f 3740/413/1996 3741/414/1999 741/414/2000 731/413/1997
f 3741/414/1999 3740/413/1996 732/413/1998 742/414/2001
f 3741/414/1999 3738/411/1990 723/411/1993 741/414/2000
f 3738/411/1990 3741/414/1999 742/414/2001 724/411/1994
f 3742/415/2002 3743/74/2003 743/74/286 735/415/2004
f 3743/74/2003 3742/415/2002 736/415/2005 744/74/287
f 3743/74/2003 3744/414/2006 741/414/2000 743/74/286
f 3744/414/2006 3743/74/2003 744/74/287 742/414/2001
f 3744/414/2006 3745/413/2007 731/413/1997 741/414/2000
f 3745/413/2007 3744/414/2006 742/414/2001 732/413/1998
f 3745/413/2007 3742/415/2002 735/415/2004 731/413/1997
f 3742/415/2002 3745/413/2007 732/413/1998 736/415/2005
f 3746/408/2008 3747/407/2009 849/407/1972 853/408/1977
f 3747/407/2009 3746/408/2008 854/408/1978 850/407/1975
f 3747/407/2009 3748/398/2010 845/398/1936 849/407/1972
f 3748/398/2010 3747/407/2009 850/407/1975 846/398/1937
f 3748/398/2010 3749/416/2011 851/416/2012 845/398/1936
f 3749/416/2011 3748/398/2010 846/398/1937 852/416/2013
f 3749/416/2011 3746/408/2008 853/408/1977 851/416/2012
f 3746/408/2008 3749/416/2011 852/416/2013 854/408/1978
f 3750/250/2014 3751/417/2015 429/417/2016 427/250/2017
f 3751/417/2015 3750/250/2014 428/250/2018 430/417/2019
f 3751/417/2015 3752/240/2020 423/240/956 429/417/2016
f 3752/240/2020 3751/417/2015 430/417/2019 424/240/957
f 3752/240/2020 3753/239/2021 425/239/951 423/240/956
f 3753/239/2021 3752/240/2020 424/240/957 426/239/954
f 3753/239/2021 3750/250/2014 427/250/2017 425/239/951
f 3750/250/2014 3753/239/2021 426/239/954 428/250/2018
f 3754/418/2022 3755/376/2023 2531/376/2024 2527/418/2025
f 3755/376/2023 3754/418/2022 2528/418/2026 2532/376/2027
f 3755/376/2023 3756/156/2028 2529/156/2029 2531/376/2024
f 3756/156/2028 3755/376/2023 2532/376/2027 2530/156/2030
f 3756/156/2028 3757/78/2031 2525/78/2032 2529/156/2029
f 3757/78/2031 3756/156/2028 2530/156/2030 2526/78/2033
f 3757/78/2031 3754/418/2022 2527/418/2025 2525/78/2032
f 3754/418/2022 3757/78/2031 2526/78/2033 2528/418/2026
f 3758/419/2034 3759/420/2035 923/420/2036 921/419/2037
f 3759/420/2035 3758/419/2034 922/419/2038 924/420/2039
f 3759/420/2035 3760/421/2040 917/421/2041 923/420/2036
f 3760/421/2040 3759/420/2035 924/420/2039 918/421/2042
f 3760/421/2040 3761/422/2043 915/422/2044 917/421/2041
f 3761/422/2043 3760/421/2040 918/421/2042 916/422/2045
f 3761/422/2043 3758/419/2034 921/419/2037 915/422/2044
f 3758/419/2034 3761/422/2043 916/422/2045 922/419/2038
f 3762/411/2046 3763/423/2047 725/423/2048 723/411/1993
f 3763/423/2047 3762/411/2046 724/411/1994 726/423/2049
f 3763/423/2047 3764/35/2050 919/35/123 725/423/2048
f 3764/35/2050 3763/423/2047 726/423/2049 920/35/126
f 3764/35/2050 3765/424/2051 927/424/2052 919/35/123
f 3765/424/2051 3764/35/2050 920/35/126 928/424/2053
f 3765/424/2051 3762/411/2046 723/411/1993 927/424/2052
f 3762/411/2046 3765/424/2051 928/424/2053 724/411/1994
f 3766/319/2054 3767/261/2055 989/261/2056 987/319/2057
f 3767/261/2055 3766/319/2054 988/319/2058 990/261/2059
f 3767/261/2055 3768/263/2060 985/263/2061 989/261/2056
f 3768/263/2060 3767/261/2055 990/261/2059 986/263/2062
f 3768/263/2060 3769/425/2063 983/425/2064 985/263/2061
f 3769/425/2063 3768/263/2060 986/263/2062 984/425/2065
f 3769/425/2063 3766/319/2054 987/319/2057 983/425/2064
f 3766/319/2054 3769/425/2063 984/425/2065 988/319/2058
f 3770/426/2066 3771/427/2067 421/427/2068 417/426/2069
f 3771/427/2067 3770/426/2066 418/426/2070 422/427/2071
f 3771/427/2067 3772/253/2072 419/253/2073 421/427/2068
f 3772/253/2072 3771/427/2067 422/427/2071 420/253/2074
f 3772/253/2072 3773/298/2075 413/298/2076 419/253/2073
f 3773/298/2075 3772/253/2072 420/253/2074 414/298/2077
f 3773/298/2075 3770/426/2066 417/426/2069 413/298/2076
f 3770/426/2066 3773/298/2075 414/298/2077 418/426/2070
f 3774/428/2078 3775/429/2079 893/429/2080 897/428/2081
f 3775/429/2079 3774/428/2078 898/428/2082 894/429/2083
f 3775/429/2079 3776/430/2084 891/430/2085 893/429/2080
f 3776/430/2084 3775/429/2079 894/429/2083 892/430/2086
f 3776/430/2084 3774/428/2078 897/428/2081 891/430/2085
f 3774/428/2078 3776/430/2084 892/430/2086 898/428/2082
f 3777/431/2087 3778/243/2088 2741/243/2089 2735/431/2090
f 3778/243/2088 3777/431/2087 2736/431/2091 2742/243/2092
f 3778/243/2088 3779/432/2093 2739/432/2094 2741/243/2089
f 3779/432/2093 3778/243/2088 2742/243/2092 2740/432/2095
f 3779/432/2093 3780/433/2096 2733/433/2097 2739/432/2094
f 3780/433/2096 3779/432/2093 2740/432/2095 2734/433/2098
f 3780/433/2096 3777/431/2087 2735/431/2090 2733/433/2097
f 3777/431/2087 3780/433/2096 2734/433/2098 2736/431/2091
f 3781/416/2099 3782/398/2100 845/398/1936 851/416/2012
f 3782/398/2100 3781/416/2099 852/416/2013 846/398/1937
f 3782/398/2100 3783/333/2101 841/333/1478 845/398/1936
f 3783/333/2101 3782/398/2100 846/398/1937 842/333/1479
f 3783/333/2101 3784/400/2102 847/400/1944 841/333/1478
f 3784/400/2102 3783/333/2101 842/333/1479 848/400/1945
f 3784/400/2102 3781/416/2099 851/416/2012 847/400/1944
f 3781/416/2099 3784/400/2102 848/400/1945 852/416/2013
f 3785/207/2103 3786/21/2104 2613/21/1701 2597/207/1704
f 3786/21/2104 3785/207/2103 2598/207/1705 2614/21/1702
f 3786/21/2104 3787/2/2105 2611/2/2106 2613/21/1701
f 3787/2/2105 3786/21/2104 2614/21/1702 2612/2/2107
f 3787/2/2105 3788/31/2108 2607/31/1901 2611/2/2106
f 3788/31/2108 3787/2/2105 2612/2/2107 2608/31/1902
f 3788/31/2108 3785/207/2103 2597/207/1704 2607/31/1901
f 3785/207/2103 3788/31/2108 2608/31/1902 2598/207/1705
f 3789/219/2109 3790/390/2110 1165/390/2111 1125/219/2112
f 3790/390/2110 3789/219/2109 1126/219/2113 1166/390/2114
f 3790/390/2110 3791/42/2115 1127/42/2116 1165/390/2111
f 3791/42/2115 3790/390/2110 1166/390/2114 1128/42/2117
f 3791/42/2115 3792/32/2118 1129/32/2119 1127/42/2116
f 3792/32/2118 3791/42/2115 1128/42/2117 1130/32/2120
f 3792/32/2118 3789/219/2109 1125/219/2112 1129/32/2119
f 3789/219/2109 3792/32/2118 1130/32/2120 1126/219/2113
f 3793/111/2121 3794/11/2122 1211/11/2123 1209/111/2124
f 3794/11/2122 3793/111/2121 1210/111/2125 1212/11/2126
f 3794/11/2122 3795/10/2127 1205/10/2128 1211/11/2123
f 3795/10/2127 3794/11/2122 1212/11/2126 1206/10/2129
f 3795/10/2127 3796/6/2130 1203/6/2131 1205/10/2128
f 3796/6/2130 3795/10/2127 1206/10/2129 1204/6/2132
f 3796/6/2130 3793/111/2121 1209/111/2124 1203/6/2131
f 3793/111/2121 3796/6/2130 1204/6/2132 1210/111/2125
f 3797/287/2133 3798/434/2134 805/434/2135 801/287/2136
f 3798/434/2134 3797/287/2133 802/287/2137 806/434/2138
f 3798/434/2134 3799/435/2139 803/435/2140 805/434/2135
f 3799/435/2139 3798/434/2134 806/434/2138 804/435/2141
f 3799/435/2139 3800/386/2142 799/386/2143 803/435/2140
f 3800/386/2142 3799/435/2139 804/435/2141 800/386/2144
f 3800/386/2142 3797/287/2133 801/287/2136 799/386/2143
f 3797/287/2133 3800/386/2142 800/386/2144 802/287/2137
f 3801/396/2145 3802/395/2146 2095/395/1921 2093/396/1924
f 3802/395/2146 3801/396/2145 2094/396/1925 2096/395/1922
f 3802/395/2146 3803/436/2147 2089/436/2148 2095/395/1921
f 3803/436/2147 3802/395/2146 2096/395/1922 2090/436/2149
f 3803/436/2147 3804/437/2150 2091/437/2151 2089/436/2148
f 3804/437/2150 3803/436/2147 2090/436/2149 2092/437/2152
f 3804/437/2150 3801/396/2145 2093/396/1924 2091/437/2151
f 3801/396/2145 3804/437/2150 2092/437/2152 2094/396/1925
f 3805/438/2153 3806/422/2154 915/422/2044 895/438/2155
f 3806/422/2154 3805/438/2153 896/438/2156 916/422/2045
f 3806/422/2154 3807/439/2157 905/439/2158 915/422/2044
f 3807/439/2157 3806/422/2154 916/422/2045 906/439/2159
f 3807/439/2157 3808/440/2160 901/440/2161 905/439/2158
f 3808/440/2160 3807/439/2157 906/439/2159 902/440/2162
f 3808/440/2160 3805/438/2153 895/438/2155 901/440/2161
f 3805/438/2153 3808/440/2160 902/440/2162 896/438/2156
f 3809/441/2163 3810/119/2164 179/119/455 177/441/2165
f 3810/119/2164 3809/441/2163 178/441/2166 180/119/456
f 3810/119/2164 3811/242/2167 175/242/963 179/119/455
f 3811/242/2167 3810/119/2164 180/119/456 176/242/964
f 3811/242/2167 3812/194/2168 169/194/742 175/242/963
f 3812/194/2168 3811/242/2167 176/242/964 170/194/745
f 3812/194/2168 3809/441/2163 177/441/2165 169/194/742
f 3809/441/2163 3812/194/2168 170/194/745 178/441/2166
f 3813/310/2169 3814/309/2170 1667/309/2171 1661/310/2172
f 3814/309/2170 3813/310/2169 1662/310/2173 1668/309/2174
f 3814/309/2170 3815/442/2175 1665/442/2176 1667/309/2171
f 3815/442/2175 3814/309/2170 1668/309/2174 1666/442/2177
f 3815/442/2175 3816/443/2178 1663/443/2179 1665/442/2176
f 3816/443/2178 3815/442/2175 1666/442/2177 1664/443/2180
f 3816/443/2178 3813/310/2169 1661/310/2172 1663/443/2179
f 3813/310/2169 3816/443/2178 1664/443/2180 1662/310/2173
f 3817/244/2181 3818/247/2182 391/247/985 387/244/978
f 3818/247/2182 3817/244/2181 388/244/979 392/247/986
f 3818/247/2182 3819/216/2183 383/216/867 391/247/985
f 3819/216/2183 3818/247/2182 392/247/986 384/216/870
f 3819/216/2183 3820/215/2184 375/215/868 383/216/867
f 3820/215/2184 3819/216/2183 384/216/870 376/215/869
f 3820/215/2184 3817/244/2181 387/244/978 375/215/868
f 3817/244/2181 3820/215/2184 376/215/869 388/244/979
f 3821/2/2185 3822/31/2186 1527/31/179 1519/2/64
f 3822/31/2186 3821/2/2185 1520/2/65 1528/31/182
f 3822/31/2186 3823/207/2187 1525/207/2188 1527/31/179
f 3823/207/2187 3822/31/2186 1528/31/182 1526/207/2189
f 3823/207/2187 3824/21/2190 1521/21/63 1525/207/2188
f 3824/21/2190 3823/207/2187 1526/207/2189 1522/21/66
f 3824/21/2190 3821/2/2185 1519/2/64 1521/21/63
f 3821/2/2185 3824/21/2190 1522/21/66 1520/2/65
f 3825/419/2191 3826/428/2192 897/428/2081 921/419/2037
f 3826/428/2192 3825/419/2191 922/419/2038 898/428/2082
f 3826/428/2192 3827/444/2193 899/444/2194 897/428/2081
f 3827/444/2193 3826/428/2192 898/428/2082 900/444/2195
f 3827/444/2193 3825/419/2191 921/419/2037 899/444/2194
f 3825/419/2191 3827/444/2193 900/444/2195 922/419/2038
f 3828/425/2196 3829/402/2197 887/402/2198 883/425/2199
f 3829/402/2197 3828/425/2196 884/425/2200 888/402/2201
f 3829/402/2197 3830/445/2202 881/445/2203 887/402/2198
f 3830/445/2202 3829/402/2197 888/402/2201 882/445/2204
f 3830/445/2202 3831/152/2205 885/152/2206 881/445/2203
f 3831/152/2205 3830/445/2202 882/445/2204 886/152/2207
f 3831/152/2205 3828/425/2196 883/425/2199 885/152/2206
f 3828/425/2196 3831/152/2205 886/152/2207 884/425/2200
f 3832/159/2208 3833/158/2209 91/158/2210 95/159/2211
f 3833/158/2209 3832/159/2208 96/159/2212 92/158/2213
f 3833/158/2209 3834/446/2214 89/446/2215 91/158/2210
f 3834/446/2214 3833/158/2209 92/158/2213 90/446/2216
f 3834/446/2214 3835/164/2217 93/164/2218 89/446/2215
f 3835/164/2217 3834/446/2214 90/446/2216 94/164/2219
f 3835/164/2217 3832/159/2208 95/159/2211 93/164/2218
f 3832/159/2208 3835/164/2217 94/164/2219 96/159/2212
f 3836/420/2220 3837/419/2221 921/419/2037 923/420/2036
f 3837/419/2221 3836/420/2220 924/420/2039 922/419/2038
f 3837/419/2221 3838/447/2222 925/447/2223 921/419/2037
f 3838/447/2222 3837/419/2221 922/419/2038 926/447/2224
f 3838/447/2222 3836/420/2220 923/420/2036 925/447/2223
f 3836/420/2220 3838/447/2222 926/447/2224 924/420/2039
f 3839/173/2225 3840/403/2226 313/403/2227 311/173/2228
f 3840/403/2226 3839/173/2225 312/173/2229 314/403/2230
f 3840/403/2226 3841/180/2231 309/180/702 313/403/2227
f 3841/180/2231 3840/403/2226 314/403/2230 310/180/703
f 3841/180/2231 3842/170/2232 307/170/697 309/180/702
f 3842/170/2232 3841/180/2231 310/180/703 308/170/698
f 3842/170/2232 3839/173/2225 311/173/2228 307/170/697
f 3839/173/2225 3842/170/2232 308/170/698 312/173/2229
f 3843/447/2233 3844/424/2234 927/424/2052 925/447/2223
f 3844/424/2234 3843/447/2233 926/447/2224 928/424/2053
f 3844/424/2234 3845/420/2235 923/420/2036 927/424/2052
f 3845/420/2235 3844/424/2234 928/424/2053 924/420/2039
f 3845/420/2235 3843/447/2233 925/447/2223 923/420/2036
f 3843/447/2233 3845/420/2235 924/420/2039 926/447/2224
f 3846/90/2236 3847/89/2237 1117/89/2238 1113/90/2239
f 3847/89/2237 3846/90/2236 1114/90/2240 1118/89/2241
f 3847/89/2237 3848/150/2242 1115/150/2243 1117/89/2238
f 3848/150/2242 3847/89/2237 1118/89/2241 1116/150/2244
f 3848/150/2242 3849/149/2245 1107/149/2246 1115/150/2243
f 3849/149/2245 3848/150/2242 1116/150/2244 1108/149/2247
f 3849/149/2245 3846/90/2236 1113/90/2239 1107/149/2246
f 3846/90/2236 3849/149/2245 1108/149/2247 1114/90/2240
f 3850/424/2248 3851/447/2249 925/447/2223 927/424/2052
f 3851/447/2249 3850/424/2248 928/424/2053 926/447/2224
f 3851/447/2249 3852/448/2250 727/448/2251 925/447/2223
f 3852/448/2250 3851/447/2249 926/447/2224 728/448/2252
f 3852/448/2250 3850/424/2248 927/424/2052 727/448/2251
f 3850/424/2248 3852/448/2250 728/448/2252 928/424/2053
f 3853/380/2253 3854/379/2254 123/379/2255 119/380/2256
f 3854/379/2254 3853/380/2253 120/380/2257 124/379/2258
f 3854/379/2254 3855/449/2259 121/449/2260 123/379/2255
f 3855/449/2259 3854/379/2254 124/379/2258 122/449/2261
f 3855/449/2259 3856/101/2262 107/101/2263 121/449/2260
f 3856/101/2262 3855/449/2259 122/449/2261 108/101/2264
f 3856/101/2262 3853/380/2253 119/380/2256 107/101/2263
f 3853/380/2253 3856/101/2262 108/101/2264 120/380/2257
f 3857/450/2265 3858/295/2266 2397/295/2267 2393/450/2268
f 3858/295/2266 3857/450/2265 2394/450/2269 2398/295/2270
f 3858/295/2266 3859/451/2271 2395/451/2272 2397/295/2267
f 3859/451/2271 3858/295/2266 2398/295/2270 2396/451/2273
f 3859/451/2271 3860/452/2274 2219/452/2275 2395/451/2272
f 3860/452/2274 3859/451/2271 2396/451/2273 2220/452/2276
f 3860/452/2274 3857/450/2265 2393/450/2268 2219/452/2275
f 3857/450/2265 3860/452/2274 2220/452/2276 2394/450/2269
f 3861/295/2277 3862/294/2278 2401/294/2279 2397/295/2267
f 3862/294/2278 3861/295/2277 2398/295/2270 2402/294/2280
f 3862/294/2278 3863/453/2281 2399/453/2282 2401/294/2279
f 3863/453/2281 3862/294/2278 2402/294/2280 2400/453/2283
f 3863/453/2281 3864/451/2284 2395/451/2272 2399/453/2282
f 3864/451/2284 3863/453/2281 2400/453/2283 2396/451/2273
f 3864/451/2284 3861/295/2277 2397/295/2267 2395/451/2272
f 3861/295/2277 3864/451/2284 2396/451/2273 2398/295/2270
f 3865/130/2285 3866/133/2286 1745/133/499 1743/130/492
f 3866/133/2286 3865/130/2285 1744/130/493 1746/133/500
f 3866/133/2286 3867/454/2287 1739/454/2288 1745/133/499
f 3867/454/2287 3866/133/2286 1746/133/500 1740/454/2289
f 3867/454/2287 3868/455/2290 1741/455/2291 1739/454/2288
f 3868/455/2290 3867/454/2287 1740/454/2289 1742/455/2292
f 3868/455/2290 3865/130/2285 1743/130/492 1741/455/2291
f 3865/130/2285 3868/455/2290 1742/455/2292 1744/130/493
f 3869/360/2293 3870/314/2294 949/314/2295 947/360/2296
f 3870/314/2294 3869/360/2293 948/360/2297 950/314/2298
f 3870/314/2294 3871/80/2299 951/80/2300 949/314/2295
f 3871/80/2299 3870/314/2294 950/314/2298 952/80/2301
f 3871/80/2299 3869/360/2293 947/360/2296 951/80/2300
f 3869/360/2293 3871/80/2299 952/80/2301 948/360/2297
f 3872/314/2302 3873/360/2303 947/360/2296 949/314/2295
f 3873/360/2303 3872/314/2302 950/314/2298 948/360/2297
f 3873/360/2303 3874/456/2304 953/456/2305 947/360/2296
f 3874/456/2304 3873/360/2303 948/360/2297 954/456/2306
f 3874/456/2304 3872/314/2302 949/314/2295 953/456/2305
f 3872/314/2302 3874/456/2304 954/456/2306 950/314/2298
f 3875/136/2307 3876/329/2308 687/329/2309 683/136/2310
f 3876/329/2308 3875/136/2307 684/136/2311 688/329/2312
f 3876/329/2308 3877/328/2313 685/328/2314 687/329/2309
f 3877/328/2313 3876/329/2308 688/329/2312 686/328/2315
f 3877/328/2313 3878/382/2316 679/382/2317 685/328/2314
f 3878/382/2316 3877/328/2313 686/328/2315 680/382/2318
f 3878/382/2316 3875/136/2307 683/136/2310 679/382/2317
f 3875/136/2307 3878/382/2316 680/382/2318 684/136/2311
f 3879/210/2319 3880/209/2320 2157/209/2321 2151/210/2322
f 3880/209/2320 3879/210/2319 2152/210/2323 2158/209/2324
f 3880/209/2320 3881/77/2325 2155/77/2326 2157/209/2321
f 3881/77/2325 3880/209/2320 2158/209/2324 2156/77/2327
f 3881/77/2325 3882/76/2328 2153/76/2329 2155/77/2326
f 3882/76/2328 3881/77/2325 2156/77/2327 2154/76/2330
f 3882/76/2328 3879/210/2319 2151/210/2322 2153/76/2329
f 3879/210/2319 3882/76/2328 2154/76/2330 2152/210/2323
f 3883/457/2331 3884/286/2332 961/286/1193 955/457/2333
f 3884/286/2332 3883/457/2331 956/457/2334 962/286/1194
f 3884/286/2332 3885/288/2335 957/288/1200 961/286/1193
f 3885/288/2335 3884/286/2332 962/286/1194 958/288/1201
f 3885/288/2335 3886/397/2336 959/397/2337 957/288/1200
f 3886/397/2336 3885/288/2335 958/288/1201 960/397/2338
f 3886/397/2336 3883/457/2331 955/457/2333 959/397/2337
f 3883/457/2331 3886/397/2336 960/397/2338 956/457/2334
f 3887/257/2339 3888/256/2340 2227/256/1075 2225/257/1078
f 3888/256/2340 3887/257/2339 2226/257/1079 2228/256/1076
f 3888/256/2340 3889/458/2341 2223/458/2342 2227/256/1075
f 3889/458/2341 3888/256/2340 2228/256/1076 2224/458/2343
f 3889/458/2341 3890/459/2344 2221/459/2345 2223/458/2342
f 3890/459/2344 3889/458/2341 2224/458/2343 2222/459/2346
f 3890/459/2344 3887/257/2339 2225/257/1078 2221/459/2345
f 3887/257/2339 3890/459/2344 2222/459/2346 2226/257/1079
f 3891/349/2347 3892/348/2348 2807/348/2349 2803/349/2350
f 3892/348/2348 3891/349/2347 2804/349/2351 2808/348/2352
f 3892/348/2348 3893/460/2353 2805/460/2354 2807/348/2349
f 3893/460/2353 3892/348/2348 2808/348/2352 2806/460/2355
f 3893/460/2353 3894/461/2356 2801/461/2357 2805/460/2354
f 3894/461/2356 3893/460/2353 2806/460/2355 2802/461/2358
f 3894/461/2356 3891/349/2347 2803/349/2350 2801/461/2357
f 3891/349/2347 3894/461/2356 2802/461/2358 2804/349/2351
f 3895/462/2359 3896/375/2360 1293/375/1742 1247/462/2361
f 3896/375/2360 3895/462/2359 1248/462/2362 1294/375/1743
f 3896/375/2360 3897/342/2363 1229/342/1518 1293/375/1742
f 3897/342/2363 3896/375/2360 1294/375/1743 1230/342/1519
f 3897/342/2363 3898/463/2364 1245/463/2365 1229/342/1518
f 3898/463/2364 3897/342/2363 1230/342/1519 1246/463/2366
f 3898/463/2364 3895/462/2359 1247/462/2361 1245/463/2365
f 3895/462/2359 3898/463/2364 1246/463/2366 1248/462/2362
f 3899/464/2367 3900/303/2368 1413/303/2369 1407/464/2370
f 3900/303/2368 3899/464/2367 1408/464/2371 1414/303/2372
f 3900/303/2368 3901/465/2373 1409/465/2374 1413/303/2369
f 3901/465/2373 3900/303/2368 1414/303/2372 1410/465/2375
f 3901/465/2373 3902/466/2376 1411/466/2377 1409/465/2374
f 3902/466/2376 3901/465/2373 1410/465/2375 1412/466/2378
f 3902/466/2376 3899/464/2367 1407/464/2370 1411/466/2377
f 3899/464/2367 3902/466/2376 1412/466/2378 1408/464/2371
f 3903/467/2379 3904/468/2380 2123/468/2381 2117/467/2382
f 3904/468/2380 3903/467/2379 2118/467/2383 2124/468/2384
f 3904/468/2380 3905/123/2385 2121/123/2386 2123/468/2381
f 3905/123/2385 3904/468/2380 2124/468/2384 2122/123/2387
f 3905/123/2385 3906/122/2388 2119/122/2389 2121/123/2386
f 3906/122/2388 3905/123/2385 2122/123/2387 2120/122/2390
f 3906/122/2388 3903/467/2379 2117/467/2382 2119/122/2389
f 3903/467/2379 3906/122/2388 2120/122/2390 2118/467/2383
f 3907/328/2391 3908/330/2392 1013/330/2393 1015/328/2394
f 3908/330/2392 3907/328/2391 1016/328/2395 1014/330/2396
f 3908/330/2392 3909/192/2397 1011/192/2398 1013/330/2393
f 3909/192/2397 3908/330/2392 1014/330/2396 1012/192/2399
f 3909/192/2397 3907/328/2391 1015/328/2394 1011/192/2398
f 3907/328/2391 3909/192/2397 1012/192/2399 1016/328/2395
f 3910/469/2400 3911/296/2401 1003/296/2402 999/469/2403
f 3911/296/2401 3910/469/2400 1000/469/2404 1004/296/2405
f 3911/296/2401 3912/13/2406 1001/13/2407 1003/296/2402
f 3912/13/2406 3911/296/2401 1004/296/2405 1002/13/2408
f 3912/13/2406 3913/393/2409 995/393/2410 1001/13/2407
f 3913/393/2409 3912/13/2406 1002/13/2408 996/393/2411
f 3913/393/2409 3910/469/2400 999/469/2403 995/393/2410
f 3910/469/2400 3913/393/2409 996/393/2411 1000/469/2404
f 3914/463/2412 3915/470/2413 1255/470/2414 1245/463/2365
f 3915/470/2413 3914/463/2412 1246/463/2366 1256/470/2415
f 3915/470/2413 3916/471/2416 1251/471/2417 1255/470/2414
f 3916/471/2416 3915/470/2413 1256/470/2415 1252/471/2418
f 3916/471/2416 3917/462/2419 1247/462/2361 1251/471/2417
f 3917/462/2419 3916/471/2416 1252/471/2418 1248/462/2362
f 3917/462/2419 3914/463/2412 1245/463/2365 1247/462/2361
f 3914/463/2412 3917/462/2419 1248/462/2362 1246/463/2366
f 3918/472/2420 3919/37/2421 1989/37/2422 1979/472/2423
f 3919/37/2421 3918/472/2420 1980/472/2424 1990/37/2425
f 3919/37/2421 3920/473/2426 1967/473/2427 1989/37/2422
f 3920/473/2426 3919/37/2421 1990/37/2425 1968/473/2428
f 3920/473/2426 3921/214/2429 1969/214/862 1967/473/2427
f 3921/214/2429 3920/473/2426 1968/473/2428 1970/214/863
f 3921/214/2429 3918/472/2420 1979/472/2423 1969/214/862
f 3918/472/2420 3921/214/2429 1970/214/863 1980/472/2424
f 3922/474/2430 3923/475/2431 1503/475/2432 1499/474/2433
f 3923/475/2431 3922/474/2430 1500/474/2434 1504/475/2435
f 3923/475/2431 3924/476/2436 1501/476/2437 1503/475/2432
f 3924/476/2436 3923/475/2431 1504/475/2435 1502/476/2438
f 3924/476/2436 3925/477/2439 1497/477/2440 1501/476/2437
f 3925/477/2439 3924/476/2436 1502/476/2438 1498/477/2441
f 3925/477/2439 3922/474/2430 1499/474/2433 1497/477/2440
f 3922/474/2430 3925/477/2439 1498/477/2441 1500/474/2434
f 3926/87/2442 3927/478/2443 2935/478/2444 2929/87/2445
f 3927/478/2443 3926/87/2442 2930/87/2446 2936/478/2447
f 3927/478/2443 3928/479/2448 2933/479/2449 2935/478/2444
f 3928/479/2448 3927/478/2443 2936/478/2447 2934/479/2450
f 3928/479/2448 3929/480/2451 2931/480/2452 2933/479/2449
f 3929/480/2451 3928/479/2448 2934/479/2450 2932/480/2453
f 3929/480/2451 3926/87/2442 2929/87/2445 2931/480/2452
f 3926/87/2442 3929/480/2451 2932/480/2453 2930/87/2446
f 3930/150/2454 3931/481/2455 1059/481/2456 1057/150/2457
f 3931/481/2455 3930/150/2454 1058/150/2458 1060/481/2459
f 3931/481/2455 3932/151/2460 1061/151/2461 1059/481/2456
f 3932/151/2460 3931/481/2455 1060/481/2459 1062/151/2462
f 3932/151/2460 3930/150/2454 1057/150/2457 1061/151/2461
f 3930/150/2454 3932/151/2460 1062/151/2462 1058/150/2458
f 3933/151/2463 3934/481/2464 1059/481/2456 1061/151/2461
f 3934/481/2464 3933/151/2463 1062/151/2462 1060/481/2459
f 3934/481/2464 3935/318/2465 1063/318/2466 1059/481/2456
f 3935/318/2465 3934/481/2464 1060/481/2459 1064/318/2467
f 3935/318/2465 3933/151/2463 1061/151/2461 1063/318/2466
f 3933/151/2463 3935/318/2465 1064/318/2467 1062/151/2462
f 3936/482/2468 3937/483/2469 2721/483/2470 2717/482/2471
f 3937/483/2469 3936/482/2468 2718/482/2472 2722/483/2473
f 3937/483/2469 3938/204/2474 2719/204/2475 2721/483/2470
f 3938/204/2474 3937/483/2469 2722/483/2473 2720/204/2476
f 3938/204/2474 3939/484/2477 2715/484/2478 2719/204/2475
f 3939/484/2477 3938/204/2474 2720/204/2476 2716/484/2479
f 3939/484/2477 3936/482/2468 2717/482/2471 2715/484/2478
f 3936/482/2468 3939/484/2477 2716/484/2479 2718/482/2472
f 3940/209/2480 3941/188/2481 2163/188/2482 2159/209/2483
f 3941/188/2481 3940/209/2480 2160/209/2484 2164/188/2485
f 3941/188/2481 3942/187/2486 2161/187/2487 2163/188/2482
f 3942/187/2486 3941/188/2481 2164/188/2485 2162/187/2488
f 3942/187/2486 3943/77/2489 2155/77/2490 2161/187/2487
f 3943/77/2489 3942/187/2486 2162/187/2488 2156/77/2491
f 3943/77/2489 3940/209/2480 2159/209/2483 2155/77/2490
f 3940/209/2480 3943/77/2489 2156/77/2491 2160/209/2484
f 3944/451/2492 3945/485/2493 2291/485/2494 2289/451/2495
f 3945/485/2493 3944/451/2492 2290/451/2496 2292/485/2497
f 3945/485/2493 3946/486/2498 2287/486/2499 2291/485/2494
f 3946/486/2498 3945/485/2493 2292/485/2497 2288/486/2500
f 3946/486/2498 3947/452/2501 2285/452/2502 2287/486/2499
f 3947/452/2501 3946/486/2498 2288/486/2500 2286/452/2503
f 3947/452/2501 3944/451/2492 2289/451/2495 2285/452/2502
f 3944/451/2492 3947/452/2501 2286/452/2503 2290/451/2496
f 3948/487/2504 3949/275/2505 2331/275/2506 2329/487/2507
f 3949/275/2505 3948/487/2504 2330/487/2508 2332/275/2509
f 3949/275/2505 3950/488/2510 2327/488/2511 2331/275/2506
f 3950/488/2510 3949/275/2505 2332/275/2509 2328/488/2512
f 3950/488/2510 3951/489/2513 2325/489/2514 2327/488/2511
f 3951/489/2513 3950/488/2510 2328/488/2512 2326/489/2515
f 3951/489/2513 3948/487/2504 2329/487/2507 2325/489/2514
f 3948/487/2504 3951/489/2513 2326/489/2515 2330/487/2508
f 3952/453/2516 3953/490/2517 2301/490/2518 2297/453/2519
f 3953/490/2517 3952/453/2516 2298/453/2520 2302/490/2521
f 3953/490/2517 3954/285/2522 2299/285/2523 2301/490/2518
f 3954/285/2522 3953/490/2517 2302/490/2521 2300/285/2524
f 3954/285/2522 3955/284/2525 2295/284/2526 2299/285/2523
f 3955/284/2525 3954/285/2522 2300/285/2524 2296/284/2527
f 3955/284/2525 3952/453/2516 2297/453/2519 2295/284/2526
f 3952/453/2516 3955/284/2525 2296/284/2527 2298/453/2520
f 3956/258/2528 3957/491/2529 551/491/2530 547/258/2531
f 3957/491/2529 3956/258/2528 548/258/2532 552/491/2533
f 3957/491/2529 3958/360/2534 549/360/2535 551/491/2530
f 3958/360/2534 3957/491/2529 552/491/2533 550/360/2536
f 3958/360/2534 3959/259/2537 545/259/2538 549/360/2535
f 3959/259/2537 3958/360/2534 550/360/2536 546/259/2539
f 3959/259/2537 3956/258/2528 547/258/2531 545/259/2538
f 3956/258/2528 3959/259/2537 546/259/2539 548/258/2532
f 3960/492/2540 3961/493/2541 2971/493/2542 2965/492/2543
f 3961/493/2541 3960/492/2540 2966/492/2544 2972/493/2545
f 3961/493/2541 3962/494/2546 2967/494/2547 2971/493/2542
f 3962/494/2546 3961/493/2541 2972/493/2545 2968/494/2548
f 3962/494/2546 3963/495/2549 2969/495/2550 2967/494/2547
f 3963/495/2549 3962/494/2546 2968/494/2548 2970/495/2551
f 3963/495/2549 3960/492/2540 2965/492/2543 2969/495/2550
f 3960/492/2540 3963/495/2549 2970/495/2551 2966/492/2544
f 3964/313/2552 3965/496/2553 2149/496/2554 2145/313/2555
f 3965/496/2553 3964/313/2552 2146/313/2556 2150/496/2557
f 3965/496/2553 3966/497/2558 2147/497/2559 2149/496/2554
f 3966/497/2558 3965/496/2553 2150/496/2557 2148/497/2560
f 3966/497/2558 3967/498/2561 2143/498/2562 2147/497/2559
f 3967/498/2561 3966/497/2558 2148/497/2560 2144/498/2563
f 3967/498/2561 3964/313/2552 2145/313/2555 2143/498/2562
f 3964/313/2552 3967/498/2561 2144/498/2563 2146/313/2556
f 3968/6/2564 3969/10/2565 1205/10/2128 1203/6/2131
f 3969/10/2565 3968/6/2564 1204/6/2132 1206/10/2129
f 3969/10/2565 3970/56/2566 1199/56/2567 1205/10/2128
f 3970/56/2566 3969/10/2565 1206/10/2129 1200/56/2568
f 3970/56/2566 3971/7/2569 1201/7/2570 1199/56/2567
f 3971/7/2569 3970/56/2566 1200/56/2568 1202/7/2571
f 3971/7/2569 3968/6/2564 1203/6/2131 1201/7/2570
f 3968/6/2564 3971/7/2569 1202/7/2571 1204/6/2132
f 3972/219/2572 3973/390/2573 2669/390/2574 2659/219/880
f 3973/390/2573 3972/219/2572 2660/219/881 2670/390/2575
f 3973/390/2573 3974/42/2576 2661/42/2577 2669/390/2574
f 3974/42/2576 3973/390/2573 2670/390/2575 2662/42/2578
f 3974/42/2576 3975/32/2579 2657/32/2580 2661/42/2577
f 3975/32/2579 3974/42/2576 2662/42/2578 2658/32/2581
f 3975/32/2579 3972/219/2572 2659/219/880 2657/32/2580
f 3972/219/2572 3975/32/2579 2658/32/2581 2660/219/881
f 3976/220/2582 3977/499/2583 1905/499/2584 1897/220/2585
f 3977/499/2583 3976/220/2582 1898/220/2586 1906/499/2587
f 3977/499/2583 3978/60/2588 1903/60/241 1905/499/2584
f 3978/60/2588 3977/499/2583 1906/499/2587 1904/60/242
f 3978/60/2588 3979/500/2589 1899/500/2590 1903/60/241
f 3979/500/2589 3978/60/2588 1904/60/242 1900/500/2591
f 3979/500/2589 3976/220/2582 1897/220/2585 1899/500/2590
f 3976/220/2582 3979/500/2589 1900/500/2591 1898/220/2586
f 3980/219/2592 3981/390/2593 1593/390/2594 1589/219/1822
f 3981/390/2593 3980/219/2592 1590/219/1825 1594/390/2595
f 3981/390/2593 3982/42/2596 1591/42/2597 1593/390/2594
f 3982/42/2596 3981/390/2593 1594/390/2595 1592/42/2598
f 3982/42/2596 3983/32/2599 1587/32/1827 1591/42/2597
f 3983/32/2599 3982/42/2596 1592/42/2598 1588/32/1828
f 3983/32/2599 3980/219/2592 1589/219/1822 1587/32/1827
f 3980/219/2592 3983/32/2599 1588/32/1828 1590/219/1825
f 3984/22/2600 3985/3/2601 1157/3/1721 1153/22/2602
f 3985/3/2601 3984/22/2600 1154/22/2603 1158/3/1722
f 3985/3/2601 3986/2/2604 1141/2/946 1157/3/1721
f 3986/2/2604 3985/3/2601 1158/3/1722 1142/2/947
f 3986/2/2604 3987/21/2605 1145/21/943 1141/2/946
f 3987/21/2605 3986/2/2604 1142/2/947 1146/21/944
f 3987/21/2605 3984/22/2600 1153/22/2602 1145/21/943
f 3984/22/2600 3987/21/2605 1146/21/944 1154/22/2603
f 3988/107/2606 3989/22/2607 1153/22/2602 1151/107/2608
f 3989/22/2607 3988/107/2606 1152/107/2609 1154/22/2603
f 3989/22/2607 3990/21/2610 1145/21/943 1153/22/2602
f 3990/21/2610 3989/22/2607 1154/22/2603 1146/21/944
f 3990/21/2610 3991/108/2611 1149/108/2612 1145/21/943
f 3991/108/2611 3990/21/2610 1146/21/944 1150/108/2613
f 3991/108/2611 3988/107/2606 1151/107/2608 1149/108/2612
f 3988/107/2606 3991/108/2611 1150/108/2613 1152/107/2609
f 3992/126/2614 3993/501/2615 2107/501/2616 2101/126/476
f 3993/501/2615 3992/126/2614 2102/126/477 2108/501/2617
f 3993/501/2615 3994/502/2618 2099/502/2619 2107/501/2616
f 3994/502/2618 3993/501/2615 2108/501/2617 2100/502/2620
f 3994/502/2618 3995/395/2621 2095/395/1921 2099/502/2619
f 3995/395/2621 3994/502/2618 2100/502/2620 2096/395/1922
f 3995/395/2621 3992/126/2614 2101/126/476 2095/395/1921
f 3992/126/2614 3995/395/2621 2096/395/1922 2102/126/477
f 3996/422/2622 3997/421/2623 917/421/2041 915/422/2044
f 3997/421/2623 3996/422/2622 916/422/2045 918/421/2042
f 3997/421/2623 3998/34/2624 911/34/124 917/421/2041
f 3998/34/2624 3997/421/2623 918/421/2042 912/34/125
f 3998/34/2624 3999/439/2625 905/439/2158 911/34/124
f 3999/439/2625 3998/34/2624 912/34/125 906/439/2159
f 3999/439/2625 3996/422/2622 915/422/2044 905/439/2158
f 3996/422/2622 3999/439/2625 906/439/2159 916/422/2045
f 4000/499/2626 4001/372/2627 1917/372/1708 1905/499/2584
f 4001/372/2627 4000/499/2626 1906/499/2587 1918/372/1711
f 4001/372/2627 4002/57/2628 1915/57/234 1917/372/1708
f 4002/57/2628 4001/372/2627 1918/372/1711 1916/57/235
f 4002/57/2628 4003/60/2629 1903/60/241 1915/57/234
f 4003/60/2629 4002/57/2628 1916/57/235 1904/60/242
f 4003/60/2629 4000/499/2626 1905/499/2584 1903/60/241
f 4000/499/2626 4003/60/2629 1904/60/242 1906/499/2587
f 4004/503/2630 4005/390/2631 55/390/1857 53/503/2632
f 4005/390/2631 4004/503/2630 54/503/2633 56/390/1858
f 4005/390/2631 4006/219/2634 29/219/1864 55/390/1857
f 4006/219/2634 4005/390/2631 56/390/1858 30/219/1865
f 4006/219/2634 4007/4/2635 49/4/2636 29/219/1864
f 4007/4/2635 4006/219/2634 30/219/1865 50/4/2637
f 4007/4/2635 4004/503/2630 53/503/2632 49/4/2636
f 4004/503/2630 4007/4/2635 50/4/2637 54/503/2633
f 4008/6/2638 4009/10/2639 2621/10/2640 2617/6/15
f 4009/10/2639 4008/6/2638 2618/6/18 2622/10/2641
f 4009/10/2639 4010/56/2642 2591/56/2643 2621/10/2640
f 4010/56/2642 4009/10/2639 2622/10/2641 2592/56/2644
f 4010/56/2642 4011/7/2645 2603/7/20 2591/56/2643
f 4011/7/2645 4010/56/2642 2592/56/2644 2604/7/21
f 4011/7/2645 4008/6/2638 2617/6/15 2603/7/20
f 4008/6/2638 4011/7/2645 2604/7/21 2618/6/18
f 4012/36/2646 4013/389/2647 2001/389/1843 1995/36/1846
f 4013/389/2647 4012/36/2646 1996/36/1847 2002/389/1844
f 4013/389/2647 4014/504/2648 1999/504/2649 2001/389/1843
f 4014/504/2648 4013/389/2647 2002/389/1844 2000/504/2650
f 4014/504/2648 4015/505/2651 1997/505/2652 1999/504/2649
f 4015/505/2651 4014/504/2648 2000/504/2650 1998/505/2653
f 4015/505/2651 4012/36/2646 1995/36/1846 1997/505/2652
f 4012/36/2646 4015/505/2651 1998/505/2653 1996/36/1847
f 4016/31/2654 4017/46/2655 1573/46/180 1527/31/179
f 4017/46/2655 4016/31/2654 1528/31/182 1574/46/181
f 4017/46/2655 4018/206/2656 1529/206/2657 1573/46/180
f 4018/206/2656 4017/46/2655 1574/46/181 1530/206/2658
f 4018/206/2656 4019/207/2659 1525/207/2188 1529/206/2657
f 4019/207/2659 4018/206/2656 1530/206/2658 1526/207/2189
f 4019/207/2659 4016/31/2654 1527/31/179 1525/207/2188
f 4016/31/2654 4019/207/2659 1526/207/2189 1528/31/182
f 4020/20/2660 4021/19/2661 1953/19/56 1943/20/59
f 4021/19/2661 4020/20/2660 1944/20/60 1954/19/57
f 4021/19/2661 4022/30/2662 1951/30/95 1953/19/56
f 4022/30/2662 4021/19/2661 1954/19/57 1952/30/96
f 4022/30/2662 4023/506/2663 1949/506/2664 1951/30/95
f 4023/506/2663 4022/30/2662 1952/30/96 1950/506/2665
f 4023/506/2663 4020/20/2660 1943/20/59 1949/506/2664
f 4020/20/2660 4023/506/2663 1950/506/2665 1944/20/60
f 4024/11/2666 4025/32/2667 1557/32/2668 1551/11/2669
f 4025/32/2667 4024/11/2666 1552/11/2670 1558/32/2671
f 4025/32/2667 4026/33/2672 1553/33/2673 1557/32/2668
f 4026/33/2672 4025/32/2667 1558/32/2671 1554/33/2674
f 4026/33/2672 4027/12/2675 1555/12/2676 1553/33/2673
f 4027/12/2675 4026/33/2672 1554/33/2674 1556/12/2677
f 4027/12/2675 4024/11/2666 1551/11/2669 1555/12/2676
f 4024/11/2666 4027/12/2675 1556/12/2677 1552/11/2670
f 4028/1/2678 4029/2/2679 1519/2/64 1581/1/1868
f 4029/2/2679 4028/1/2678 1582/1/1869 1520/2/65
f 4029/2/2679 4030/3/2680 1515/3/71 1519/2/64
f 4030/3/2680 4029/2/2679 1520/2/65 1516/3/72
f 4030/3/2680 4031/4/2681 1595/4/2682 1515/3/71
f 4031/4/2681 4030/3/2680 1516/3/72 1596/4/2683
f 4031/4/2681 4028/1/2678 1581/1/1868 1595/4/2682
f 4028/1/2678 4031/4/2681 1596/4/2683 1582/1/1869
f 4032/507/2684 4033/508/2685 1889/508/2686 1883/507/2687
f 4033/508/2685 4032/507/2684 1884/507/2688 1890/508/2689
f 4033/508/2685 4034/29/2690 1887/29/92 1889/508/2686
f 4034/29/2690 4033/508/2685 1890/508/2689 1888/29/93
f 4034/29/2690 4035/509/2691 1881/509/2692 1887/29/92
f 4035/509/2691 4034/29/2690 1888/29/93 1882/509/2693
f 4035/509/2691 4032/507/2684 1883/507/2687 1881/509/2692
f 4032/507/2684 4035/509/2691 1882/509/2693 1884/507/2688
f 4036/510/2694 4037/511/2695 1459/511/2696 1455/510/2697
f 4037/511/2695 4036/510/2694 1456/510/2698 1460/511/2699
f 4037/511/2695 4038/465/2700 1451/465/2701 1459/511/2696
f 4038/465/2700 4037/511/2695 1460/511/2699 1452/465/2702
f 4038/465/2700 4039/512/2703 1449/512/2704 1451/465/2701
f 4039/512/2703 4038/465/2700 1452/465/2702 1450/512/2705
f 4039/512/2703 4036/510/2694 1455/510/2697 1449/512/2704
f 4036/510/2694 4039/512/2703 1450/512/2705 1456/510/2698
f 4040/5/2706 4041/6/2707 15/6/430 11/5/104
f 4041/6/2707 4040/5/2706 12/5/105 16/6/431
f 4041/6/2707 4042/7/2708 9/7/2709 15/6/430
f 4042/7/2708 4041/6/2707 16/6/431 10/7/2710
f 4042/7/2708 4043/8/2711 7/8/2712 9/7/2709
f 4043/8/2711 4042/7/2708 10/7/2710 8/8/2713
f 4043/8/2711 4040/5/2706 11/5/104 7/8/2712
f 4040/5/2706 4043/8/2711 8/8/2713 12/5/105
f 4044/439/2714 4045/473/2715 907/473/2716 905/439/2158
f 4045/473/2715 4044/439/2714 906/439/2159 908/473/2717
f 4045/473/2715 4046/28/2718 903/28/2719 907/473/2716
f 4046/28/2718 4045/473/2715 908/473/2717 904/28/2720
f 4046/28/2718 4047/440/2721 901/440/2161 903/28/2719
f 4047/440/2721 4046/28/2718 904/28/2720 902/440/2162
f 4047/440/2721 4044/439/2714 905/439/2158 901/440/2161
f 4044/439/2714 4047/440/2721 902/440/2162 906/439/2159
f 4048/111/2722 4049/11/2723 2623/11/2724 2619/111/2725
f 4049/11/2723 4048/111/2722 2620/111/2726 2624/11/2727
f 4049/11/2723 4050/10/2728 2621/10/2640 2623/11/2724
f 4050/10/2728 4049/11/2723 2624/11/2727 2622/10/2641
f 4050/10/2728 4051/6/2729 2617/6/15 2621/10/2640
f 4051/6/2729 4050/10/2728 2622/10/2641 2618/6/18
f 4051/6/2729 4048/111/2722 2619/111/2725 2617/6/15
f 4048/111/2722 4051/6/2729 2618/6/18 2620/111/2726
f 4052/513/2730 4053/303/2731 1215/303/2732 1213/513/2733
f 4053/303/2731 4052/513/2730 1214/513/2734 1216/303/2735
f 4053/303/2731 4054/464/2736 1217/464/2737 1215/303/2732
f 4054/464/2736 4053/303/2731 1216/303/2735 1218/464/2738
f 4054/464/2736 4052/513/2730 1213/513/2733 1217/464/2737
f 4052/513/2730 4054/464/2736 1218/464/2738 1214/513/2734
f 4055/303/2739 4056/513/2740 1213/513/2733 1215/303/2732
f 4056/513/2740 4055/303/2739 1216/303/2735 1214/513/2734
f 4056/513/2740 4057/304/2741 1219/304/2742 1213/513/2733
f 4057/304/2741 4056/513/2740 1214/513/2734 1220/304/2743
f 4057/304/2741 4055/303/2739 1215/303/2732 1219/304/2742
f 4055/303/2739 4057/304/2741 1220/304/2743 1216/303/2735
f 4058/514/2744 4059/515/2745 1225/515/2746 1223/514/2747
f 4059/515/2745 4058/514/2744 1224/514/2748 1226/515/2749
f 4059/515/2745 4060/516/2750 1221/516/2751 1225/515/2746
f 4060/516/2750 4059/515/2745 1226/515/2749 1222/516/2752
f 4060/516/2750 4058/514/2744 1223/514/2747 1221/516/2751
f 4058/514/2744 4060/516/2750 1222/516/2752 1224/514/2748
f 4061/515/2753 4062/514/2754 1223/514/2747 1225/515/2746
f 4062/514/2754 4061/515/2753 1226/515/2749 1224/514/2748
f 4062/514/2754 4063/517/2755 1227/517/2756 1223/514/2747
f 4063/517/2755 4062/514/2754 1224/514/2748 1228/517/2757
f 4063/517/2755 4061/515/2753 1225/515/2746 1227/517/2756
f 4061/515/2753 4063/517/2755 1228/517/2757 1226/515/2749
f 4064/518/2758 4065/519/2759 815/519/2760 861/518/2761
f 4065/519/2759 4064/518/2758 862/518/2762 816/519/2763
f 4065/519/2759 4066/520/2764 807/520/2765 815/519/2760
f 4066/520/2764 4065/519/2759 816/519/2763 808/520/2766
f 4066/520/2764 4067/406/2767 857/406/1973 807/520/2765
f 4067/406/2767 4066/520/2764 808/520/2766 858/406/1974
f 4067/406/2767 4064/518/2758 861/518/2761 857/406/1973
f 4064/518/2758 4067/406/2767 858/406/1974 862/518/2762
f 4068/453/2768 4069/284/2769 2295/284/2770 2293/453/2771
f 4069/284/2769 4068/453/2768 2294/453/2772 2296/284/2773
f 4069/284/2769 4070/485/2774 2291/485/2494 2295/284/2770
f 4070/485/2774 4069/284/2769 2296/284/2773 2292/485/2497
f 4070/485/2774 4071/451/2775 2289/451/2495 2291/485/2494
f 4071/451/2775 4070/485/2774 2292/485/2497 2290/451/2496
f 4071/451/2775 4068/453/2768 2293/453/2771 2289/451/2495
f 4068/453/2768 4071/451/2775 2290/451/2496 2294/453/2772
f 4072/469/2776 4073/521/2777 1009/521/2778 1005/469/2779
f 4073/521/2777 4072/469/2776 1006/469/2780 1010/521/2781
f 4073/521/2777 4074/297/2782 1007/297/2783 1009/521/2778
f 4074/297/2782 4073/521/2777 1010/521/2781 1008/297/2784
f 4074/297/2782 4075/296/2785 1003/296/2786 1007/297/2783
f 4075/296/2785 4074/297/2782 1008/297/2784 1004/296/2787
f 4075/296/2785 4072/469/2776 1005/469/2779 1003/296/2786
f 4072/469/2776 4075/296/2785 1004/296/2787 1006/469/2780
f 4076/441/2788 4077/522/2789 145/522/2790 177/441/2165
f 4077/522/2789 4076/441/2788 178/441/2166 146/522/2791
f 4077/522/2789 4078/116/2792 183/116/448 145/522/2790
f 4078/116/2792 4077/522/2789 146/522/2791 184/116/449
f 4078/116/2792 4079/119/2793 179/119/455 183/116/448
f 4079/119/2793 4078/116/2792 184/116/449 180/119/456
f 4079/119/2793 4076/441/2788 177/441/2165 179/119/455
f 4076/441/2788 4079/119/2793 180/119/456 178/441/2166
f 4080/523/2794 4081/524/2795 2257/524/2796 2253/523/2797
f 4081/524/2795 4080/523/2794 2254/523/2798 2258/524/2799
f 4081/524/2795 4082/294/2800 2255/294/2801 2257/524/2796
f 4082/294/2800 4081/524/2795 2258/524/2799 2256/294/2802
f 4082/294/2800 4083/293/2803 2251/293/2804 2255/294/2801
f 4083/293/2803 4082/294/2800 2256/294/2802 2252/293/2805
f 4083/293/2803 4080/523/2794 2253/523/2797 2251/293/2804
f 4080/523/2794 4083/293/2803 2252/293/2805 2254/523/2798
f 4084/227/2806 4085/525/2807 2757/525/2808 2765/227/907
f 4085/525/2807 4084/227/2806 2766/227/910 2758/525/2809
f 4085/525/2807 4086/361/2810 2753/361/1619 2757/525/2808
f 4086/361/2810 4085/525/2807 2758/525/2809 2754/361/1620
f 4086/361/2810 4087/228/2811 2759/228/912 2753/361/1619
f 4087/228/2811 4086/361/2810 2754/361/1620 2760/228/913
f 4087/228/2811 4084/227/2806 2765/227/907 2759/228/912
f 4084/227/2806 4087/228/2811 2760/228/913 2766/227/910
f 4088/386/2812 4089/258/2813 513/258/2814 511/386/2815
f 4089/258/2813 4088/386/2812 512/386/2816 514/258/2817
f 4089/258/2813 4090/235/2818 509/235/2819 513/258/2814
f 4090/235/2818 4089/258/2813 514/258/2817 510/235/2820
f 4090/235/2818 4091/234/2821 505/234/2822 509/235/2819
f 4091/234/2821 4090/235/2818 510/235/2820 506/234/2823
f 4091/234/2821 4088/386/2812 511/386/2815 505/234/2822
f 4088/386/2812 4091/234/2821 506/234/2823 512/386/2816
f 4092/526/2824 4093/527/2825 777/527/2826 773/526/2827
f 4093/527/2825 4092/526/2824 774/526/2828 778/527/2829
f 4093/527/2825 4094/528/2830 775/528/2831 777/527/2826
f 4094/528/2830 4093/527/2825 778/527/2829 776/528/2832
f 4094/528/2830 4095/529/2833 771/529/2834 775/528/2831
f 4095/529/2833 4094/528/2830 776/528/2832 772/529/2835
f 4095/529/2833 4092/526/2824 773/526/2827 771/529/2834
f 4092/526/2824 4095/529/2833 772/529/2835 774/526/2828
f 4096/77/2836 4097/187/2837 2211/187/2838 2207/77/2839
f 4097/187/2837 4096/77/2836 2208/77/2840 2212/187/2841
f 4097/187/2837 4098/418/2842 2209/418/2843 2211/187/2838
f 4098/418/2842 4097/187/2837 2212/187/2841 2210/418/2844
f 4098/418/2842 4099/78/2845 2203/78/2846 2209/418/2843
f 4099/78/2845 4098/418/2842 2210/418/2844 2204/78/2847
f 4099/78/2845 4096/77/2836 2207/77/2839 2203/78/2846
f 4096/77/2836 4099/78/2845 2204/78/2847 2208/77/2840
f 4100/530/2848 4101/531/2849 1263/531/2850 1265/530/2851
f 4101/531/2849 4100/530/2848 1266/530/2852 1264/531/2853
f 4101/531/2849 4102/532/2854 1267/532/2855 1263/531/2850
f 4102/532/2854 4101/531/2849 1264/531/2853 1268/532/2856
f 4102/532/2854 4100/530/2848 1265/530/2851 1267/532/2855
f 4100/530/2848 4102/532/2854 1268/532/2856 1266/530/2852
f 4103/531/2857 4104/530/2858 1265/530/2851 1263/531/2850
f 4104/530/2858 4103/531/2857 1264/531/2853 1266/530/2852
f 4104/530/2858 4105/533/2859 1269/533/2860 1265/530/2851
f 4105/533/2859 4104/530/2858 1266/530/2852 1270/533/2861
f 4105/533/2859 4103/531/2857 1263/531/2850 1269/533/2860
f 4103/531/2857 4105/533/2859 1270/533/2861 1264/531/2853
f 4106/6/2862 4107/10/2863 1579/10/1851 1577/6/1660
f 4107/10/2863 4106/6/2862 1578/6/1661 1580/10/1852
f 4107/10/2863 4108/56/2864 1567/56/2865 1579/10/1851
f 4108/56/2864 4107/10/2863 1580/10/1852 1568/56/2866
f 4108/56/2864 4109/7/2867 1569/7/1663 1567/56/2865
f 4109/7/2867 4108/56/2864 1568/56/2866 1570/7/1664
f 4109/7/2867 4106/6/2862 1577/6/1660 1569/7/1663
f 4106/6/2862 4109/7/2867 1570/7/1664 1578/6/1661
f 4110/366/2868 4111/73/2869 749/73/283 753/366/1681
f 4111/73/2869 4110/366/2868 754/366/1682 750/73/284
f 4111/73/2869 4112/75/2870 745/75/289 749/73/283
f 4112/75/2870 4111/73/2869 750/73/284 746/75/290
f 4112/75/2870 4113/355/2871 747/355/1590 745/75/289
f 4113/355/2871 4112/75/2870 746/75/290 748/355/1591
f 4113/355/2871 4110/366/2868 753/366/1681 747/355/1590
f 4110/366/2868 4113/355/2871 748/355/1591 754/366/1682
f 4114/319/2872 4115/425/2873 667/425/2874 661/319/2875
f 4115/425/2873 4114/319/2872 662/319/2876 668/425/2877
f 4115/425/2873 4116/152/2878 663/152/2879 667/425/2874
f 4116/152/2878 4115/425/2873 668/425/2877 664/152/2880
f 4116/152/2878 4117/151/2881 665/151/2882 663/152/2879
f 4117/151/2881 4116/152/2878 664/152/2880 666/151/2883
f 4117/151/2881 4114/319/2872 661/319/2875 665/151/2882
f 4114/319/2872 4117/151/2881 666/151/2883 662/319/2876
f 4118/147/2884 4119/146/2885 1835/146/2886 1829/147/1360
f 4119/146/2885 4118/147/2884 1830/147/1361 1836/146/2887
f 4119/146/2885 4120/534/2888 1833/534/2889 1835/146/2886
f 4120/534/2888 4119/146/2885 1836/146/2887 1834/534/2890
f 4120/534/2888 4121/309/2891 1831/309/1359 1833/534/2889
f 4121/309/2891 4120/534/2888 1834/534/2890 1832/309/1362
f 4121/309/2891 4118/147/2884 1829/147/1360 1831/309/1359
f 4118/147/2884 4121/309/2891 1832/309/1362 1830/147/1361
f 4122/535/2892 4123/516/2893 1301/516/2894 1299/535/2895
f 4123/516/2893 4122/535/2892 1300/535/2896 1302/516/2897
f 4123/516/2893 4124/536/2898 1297/536/2899 1301/516/2894
f 4124/536/2898 4123/516/2893 1302/516/2897 1298/536/2900
f 4124/536/2898 4122/535/2892 1299/535/2895 1297/536/2899
f 4122/535/2892 4124/536/2898 1298/536/2900 1300/535/2896
f 4125/164/2901 4126/537/2902 1305/537/2903 1303/164/2904
f 4126/537/2902 4125/164/2901 1304/164/2905 1306/537/2906
f 4126/537/2902 4127/538/2907 1307/538/2908 1305/537/2903
f 4127/538/2907 4126/537/2902 1306/537/2906 1308/538/2909
f 4127/538/2907 4125/164/2901 1303/164/2904 1307/538/2908
f 4125/164/2901 4127/538/2907 1308/538/2909 1304/164/2905
f 4128/537/2910 4129/164/2911 1303/164/2904 1305/537/2903
f 4129/164/2911 4128/537/2910 1306/537/2906 1304/164/2905
f 4129/164/2911 4130/539/2912 1309/539/2913 1303/164/2904
f 4130/539/2912 4129/164/2911 1304/164/2905 1310/539/2914
f 4130/539/2912 4128/537/2910 1305/537/2903 1309/539/2913
f 4128/537/2910 4130/539/2912 1310/539/2914 1306/537/2906
f 4131/303/2915 4132/540/2916 133/540/2917 129/303/2918
f 4132/540/2916 4131/303/2915 130/303/2919 134/540/2920
f 4132/540/2916 4133/62/2921 131/62/2922 133/540/2917
f 4133/62/2921 4132/540/2916 134/540/2920 132/62/2923
f 4133/62/2921 4134/61/2924 125/61/2925 131/62/2922
f 4134/61/2924 4133/62/2921 132/62/2923 126/61/2926
f 4134/61/2924 4131/303/2915 129/303/2918 125/61/2925
f 4131/303/2915 4134/61/2924 126/61/2926 130/303/2919
f 4135/117/2927 4136/129/2928 1647/129/483 1655/117/2929
f 4136/129/2928 4135/117/2927 1656/117/2930 1648/129/486
f 4136/129/2928 4137/541/2931 1651/541/2932 1647/129/483
f 4137/541/2931 4136/129/2928 1648/129/486 1652/541/2933
f 4137/541/2931 4138/542/2934 1653/542/2935 1651/541/2932
f 4138/542/2934 4137/541/2931 1652/541/2933 1654/542/2936
f 4138/542/2934 4135/117/2927 1655/117/2929 1653/542/2935
f 4135/117/2927 4138/542/2934 1654/542/2936 1656/117/2930
f 4139/543/2937 4140/544/2938 1321/544/2939 1319/543/2940
f 4140/544/2938 4139/543/2937 1320/543/2941 1322/544/2942
f 4140/544/2938 4141/545/2943 1323/545/2944 1321/544/2939
f 4141/545/2943 4140/544/2938 1322/544/2942 1324/545/2945
f 4141/545/2943 4139/543/2937 1319/543/2940 1323/545/2944
f 4139/543/2937 4141/545/2943 1324/545/2945 1320/543/2941
f 4142/545/2946 4143/544/2947 1321/544/2939 1323/545/2944
f 4143/544/2947 4142/545/2946 1324/545/2945 1322/544/2942
f 4143/544/2947 4144/546/2948 1325/546/2949 1321/544/2939
f 4144/546/2948 4143/544/2947 1322/544/2942 1326/546/2950
f 4144/546/2948 4142/545/2946 1323/545/2944 1325/546/2949
f 4142/545/2946 4144/546/2948 1326/546/2950 1324/545/2945
f 4145/544/2951 4146/547/2952 1329/547/2953 1327/544/2954
f 4146/547/2952 4145/544/2951 1328/544/2955 1330/547/2956
f 4146/547/2952 4147/546/2957 1325/546/2958 1329/547/2953
f 4147/546/2957 4146/547/2952 1330/547/2956 1326/546/2959
f 4147/546/2957 4145/544/2951 1327/544/2954 1325/546/2958
f 4145/544/2951 4147/546/2957 1326/546/2959 1328/544/2955
f 4148/547/2960 4149/544/2961 1327/544/2954 1329/547/2953
f 4149/544/2961 4148/547/2960 1330/547/2956 1328/544/2955
f 4149/544/2961 4150/66/2962 1331/66/2963 1327/544/2954
f 4150/66/2962 4149/544/2961 1328/544/2955 1332/66/2964
f 4150/66/2962 4148/547/2960 1329/547/2953 1331/66/2963
f 4148/547/2960 4150/66/2962 1332/66/2964 1330/547/2956
f 4151/548/2965 4152/515/2966 1335/515/2967 1333/548/2968
f 4152/515/2966 4151/548/2965 1334/548/2969 1336/515/2970
f 4152/515/2966 4153/517/2971 1337/517/2972 1335/515/2967
f 4153/517/2971 4152/515/2966 1336/515/2970 1338/517/2973
f 4153/517/2971 4151/548/2965 1333/548/2968 1337/517/2972
f 4151/548/2965 4153/517/2971 1338/517/2973 1334/548/2969
f 4154/515/2974 4155/548/2975 1333/548/2968 1335/515/2967
f 4155/548/2975 4154/515/2974 1336/515/2970 1334/548/2969
f 4155/548/2975 4156/549/2976 1339/549/2977 1333/548/2968
f 4156/549/2976 4155/548/2975 1334/548/2969 1340/549/2978
f 4156/549/2976 4154/515/2974 1335/515/2967 1339/549/2977
f 4154/515/2974 4156/549/2976 1340/549/2978 1336/515/2970
f 4157/279/2979 4158/102/2980 1075/102/2981 1077/279/2982
f 4158/102/2980 4157/279/2979 1078/279/2983 1076/102/2984
f 4158/102/2980 4159/82/2985 1069/82/2986 1075/102/2981
f 4159/82/2985 4158/102/2980 1076/102/2984 1070/82/2987
f 4159/82/2985 4160/81/2988 1073/81/2989 1069/82/2986
f 4160/81/2988 4159/82/2985 1070/82/2987 1074/81/2990
f 4160/81/2988 4157/279/2979 1077/279/2982 1073/81/2989
f 4157/279/2979 4160/81/2988 1074/81/2990 1078/279/2983
f 4161/529/2991 4162/528/2992 1023/528/2993 1019/529/2994
f 4162/528/2992 4161/529/2991 1020/529/2995 1024/528/2996
f 4162/528/2992 4163/286/2997 1021/286/2998 1023/528/2993
f 4163/286/2997 4162/528/2992 1024/528/2996 1022/286/2999
f 4163/286/2997 4164/457/3000 1017/457/3001 1021/286/2998
f 4164/457/3000 4163/286/2997 1022/286/2999 1018/457/3002
f 4164/457/3000 4161/529/2991 1019/529/2994 1017/457/3001
f 4161/529/2991 4164/457/3000 1018/457/3002 1020/529/2995
f 4165/357/3003 4166/550/3004 2713/550/3005 2711/357/3006
f 4166/550/3004 4165/357/3003 2712/357/3007 2714/550/3008
f 4166/550/3004 4167/86/3009 2703/86/3010 2713/550/3005
f 4167/86/3009 4166/550/3004 2714/550/3008 2704/86/3011
f 4167/86/3009 4168/358/3012 2709/358/3013 2703/86/3010
f 4168/358/3012 4167/86/3009 2704/86/3011 2710/358/3014
f 4168/358/3012 4165/357/3003 2711/357/3006 2709/358/3013
f 4165/357/3003 4168/358/3012 2710/358/3014 2712/357/3007
f 4169/551/3015 4170/552/3016 1363/552/3017 1361/551/3018
f 4170/552/3016 4169/551/3015 1362/551/3019 1364/552/3020
f 4170/552/3016 4171/546/3021 1365/546/3022 1363/552/3017
f 4171/546/3021 4170/552/3016 1364/552/3020 1366/546/3023
f 4171/546/3021 4169/551/3015 1361/551/3018 1365/546/3022
f 4169/551/3015 4171/546/3021 1366/546/3023 1362/551/3019
f 4172/552/3024 4173/545/3025 1367/545/3026 1363/552/3017
f 4173/545/3025 4172/552/3024 1364/552/3020 1368/545/3027
f 4173/545/3025 4174/546/3028 1365/546/3022 1367/545/3026
f 4174/546/3028 4173/545/3025 1368/545/3027 1366/546/3023
f 4174/546/3028 4172/552/3024 1363/552/3017 1365/546/3022
f 4172/552/3024 4174/546/3028 1366/546/3023 1364/552/3020
f 4175/546/3029 4176/475/3030 1371/475/3031 1369/546/3032
f 4176/475/3030 4175/546/3029 1370/546/3033 1372/475/3034
f 4176/475/3030 4177/551/3035 1361/551/3036 1371/475/3031
f 4177/551/3035 4176/475/3030 1372/475/3034 1362/551/3037
f 4177/551/3035 4175/546/3029 1369/546/3032 1361/551/3036
f 4175/546/3029 4177/551/3035 1362/551/3037 1370/546/3033
f 4178/475/3038 4179/546/3039 1369/546/3032 1371/475/3031
f 4179/546/3039 4178/475/3038 1372/475/3034 1370/546/3033
f 4179/546/3039 4180/547/3040 1373/547/3041 1369/546/3032
f 4180/547/3040 4179/546/3039 1370/546/3033 1374/547/3042
f 4180/547/3040 4178/475/3038 1371/475/3031 1373/547/3041
f 4178/475/3038 4180/547/3040 1374/547/3042 1372/475/3034
f 4181/553/3043 4182/554/3044 2827/554/3045 2823/553/3046
f 4182/554/3044 4181/553/3043 2824/553/3047 2828/554/3048
f 4182/554/3044 4183/495/3049 2825/495/3050 2827/554/3045
f 4183/495/3049 4182/554/3044 2828/554/3048 2826/495/3051
f 4183/495/3049 4184/164/3052 2821/164/3053 2825/495/3050
f 4184/164/3052 4183/495/3049 2826/495/3051 2822/164/3054
f 4184/164/3052 4181/553/3043 2823/553/3046 2821/164/3053
f 4181/553/3043 4184/164/3052 2822/164/3054 2824/553/3047
f 4185/303/3055 4186/380/3056 111/380/3057 105/303/3058
f 4186/380/3056 4185/303/3055 106/303/3059 112/380/3060
f 4186/380/3056 4187/101/3061 107/101/3062 111/380/3057
f 4187/101/3061 4186/380/3056 112/380/3060 108/101/3063
f 4187/101/3061 4188/98/3064 109/98/3065 107/101/3062
f 4188/98/3064 4187/101/3061 108/101/3063 110/98/3066
f 4188/98/3064 4185/303/3055 105/303/3058 109/98/3065
f 4185/303/3055 4188/98/3064 110/98/3066 106/303/3059
f 4189/555/3067 4190/556/3068 2791/556/3069 2789/555/3070
f 4190/556/3068 4189/555/3067 2790/555/3071 2792/556/3072
f 4190/556/3068 4191/557/3073 2785/557/3074 2791/556/3069
f 4191/557/3073 4190/556/3068 2792/556/3072 2786/557/3075
f 4191/557/3073 4192/558/3076 2787/558/3077 2785/557/3074
f 4192/558/3076 4191/557/3073 2786/557/3075 2788/558/3078
f 4192/558/3076 4189/555/3067 2789/555/3070 2787/558/3077
f 4189/555/3067 4192/558/3076 2788/558/3078 2790/555/3071
f 4193/474/3079 4194/551/3080 1401/551/3081 1399/474/3082
f 4194/551/3080 4193/474/3079 1400/474/3083 1402/551/3084
f 4194/551/3080 4195/475/3085 1403/475/3086 1401/551/3081
f 4195/475/3085 4194/551/3080 1402/551/3084 1404/475/3087
f 4195/475/3085 4193/474/3079 1399/474/3082 1403/475/3086
f 4193/474/3079 4195/475/3085 1404/475/3087 1400/474/3083
f 4196/551/3088 4197/474/3089 1399/474/3082 1401/551/3081
f 4197/474/3089 4196/551/3088 1402/551/3084 1400/474/3083
f 4197/474/3089 4198/559/3090 1405/559/3091 1399/474/3082
f 4198/559/3090 4197/474/3089 1400/474/3083 1406/559/3092
f 4198/559/3090 4196/551/3088 1401/551/3081 1405/559/3091
f 4196/551/3088 4198/559/3090 1406/559/3092 1402/551/3084
f 4199/293/3093 4200/292/3094 2459/292/1398 2455/293/3095
f 4200/292/3094 4199/293/3093 2456/293/3096 2460/292/1399
f 4200/292/3094 4201/317/3097 2457/317/1405 2459/292/1398
f 4201/317/3097 4200/292/3094 2460/292/1399 2458/317/1406
f 4201/317/3097 4202/560/3098 2453/560/3099 2457/317/1405
f 4202/560/3098 4201/317/3097 2458/317/1406 2454/560/3100
f 4202/560/3098 4199/293/3093 2455/293/3095 2453/560/3099
f 4199/293/3093 4202/560/3098 2454/560/3100 2456/293/3096
f 4203/511/3101 4204/466/3102 1411/466/2377 1415/511/3103
f 4204/466/3102 4203/511/3101 1416/511/3104 1412/466/2378
f 4204/466/3102 4205/465/3105 1409/465/2374 1411/466/2377
f 4205/465/3105 4204/466/3102 1412/466/2378 1410/465/2375
f 4205/465/3105 4203/511/3101 1415/511/3103 1409/465/2374
f 4203/511/3101 4205/465/3105 1410/465/2375 1416/511/3104
f 4206/466/3106 4207/511/3107 1415/511/3103 1411/466/2377
f 4207/511/3107 4206/466/3106 1412/466/2378 1416/511/3104
f 4207/511/3107 4208/561/3108 1417/561/3109 1415/511/3103
f 4208/561/3108 4207/511/3107 1416/511/3104 1418/561/3110
f 4208/561/3108 4206/466/3106 1411/466/2377 1417/561/3109
f 4206/466/3106 4208/561/3108 1418/561/3110 1412/466/2378
f 4209/562/3111 4210/563/3112 1443/563/3113 1447/562/3114
f 4210/563/3112 4209/562/3111 1448/562/3115 1444/563/3116
f 4210/563/3112 4211/564/3117 1441/564/3118 1443/563/3113
f 4211/564/3117 4210/563/3112 1444/563/3116 1442/564/3119
f 4211/564/3117 4212/565/3120 1445/565/3121 1441/564/3118
f 4212/565/3120 4211/564/3117 1442/564/3119 1446/565/3122
f 4212/565/3120 4209/562/3111 1447/562/3114 1445/565/3121
f 4209/562/3111 4212/565/3120 1446/565/3122 1448/562/3115
f 4213/464/3123 4214/566/3124 1427/566/3125 1425/464/3126
f 4214/566/3124 4213/464/3123 1426/464/3127 1428/566/3128
f 4214/566/3124 4215/513/3129 1429/513/3130 1427/566/3125
f 4215/513/3129 4214/566/3124 1428/566/3128 1430/513/3131
f 4215/513/3129 4213/464/3123 1425/464/3126 1429/513/3130
f 4213/464/3123 4215/513/3129 1430/513/3131 1426/464/3127
f 4216/566/3132 4217/464/3133 1425/464/3126 1427/566/3125
f 4217/464/3133 4216/566/3132 1428/566/3128 1426/464/3127
f 4217/464/3133 4218/567/3134 1431/567/3135 1425/464/3126
f 4218/567/3134 4217/464/3133 1426/464/3127 1432/567/3136
f 4218/567/3134 4216/566/3132 1427/566/3125 1431/567/3135
f 4216/566/3132 4218/567/3134 1432/567/3136 1428/566/3128
f 4219/282/3137 4220/565/3138 1433/565/3139 1435/282/3140
f 4220/565/3138 4219/282/3137 1436/282/3141 1434/565/3142
f 4220/565/3138 4221/564/3143 1437/564/3144 1433/565/3139
f 4221/564/3143 4220/565/3138 1434/565/3142 1438/564/3145
f 4221/564/3143 4219/282/3137 1435/282/3140 1437/564/3144
f 4219/282/3137 4221/564/3143 1438/564/3145 1436/282/3141
f 4222/282/3146 4223/564/3147 1437/564/3144 1435/282/3140
f 4223/564/3147 4222/282/3146 1436/282/3141 1438/564/3145
f 4223/564/3147 4224/85/3148 1439/85/3149 1437/564/3144
f 4224/85/3148 4223/564/3147 1438/564/3145 1440/85/3150
f 4224/85/3148 4222/282/3146 1435/282/3140 1439/85/3149
f 4222/282/3146 4224/85/3148 1440/85/3150 1436/282/3141
f 4225/568/3151 4226/569/3152 2857/569/3153 2851/568/3154
f 4226/569/3152 4225/568/3151 2852/568/3155 2858/569/3156
f 4226/569/3152 4227/570/3157 2853/570/3158 2857/569/3153
f 4227/570/3157 4226/569/3152 2858/569/3156 2854/570/3159
f 4227/570/3157 4228/571/3160 2855/571/3161 2853/570/3158
f 4228/571/3160 4227/570/3157 2854/570/3159 2856/571/3162
f 4228/571/3160 4225/568/3151 2851/568/3154 2855/571/3161
f 4225/568/3151 4228/571/3160 2856/571/3162 2852/568/3155
f 4229/572/3163 4230/354/3164 1789/354/3165 1783/572/3166
f 4230/354/3164 4229/572/3163 1784/572/3167 1790/354/3168
f 4230/354/3164 4231/71/3169 1785/71/3170 1789/354/3165
f 4231/71/3169 4230/354/3164 1790/354/3168 1786/71/3171
f 4231/71/3169 4232/573/3172 1787/573/3173 1785/71/3170
f 4232/573/3172 4231/71/3169 1786/71/3171 1788/573/3174
f 4232/573/3172 4229/572/3163 1783/572/3166 1787/573/3173
f 4229/572/3163 4232/573/3172 1788/573/3174 1784/572/3167
f 4233/207/3175 4234/31/3176 13/31/107 21/207/3177
f 4234/31/3176 4233/207/3175 22/207/3178 14/31/108
f 4234/31/3176 4235/46/3179 5/46/3180 13/31/107
f 4235/46/3179 4234/31/3176 14/31/108 6/46/3181
f 4235/46/3179 4236/206/3182 3/206/3183 5/46/3180
f 4236/206/3182 4235/46/3179 6/46/3181 4/206/3184
f 4236/206/3182 4233/207/3175 21/207/3177 3/206/3183
f 4233/207/3175 4236/206/3182 4/206/3184 22/207/3178
f 4237/467/3185 4238/268/3186 2137/268/3187 2131/467/3188
f 4238/268/3186 4237/467/3185 2132/467/3189 2138/268/3190
f 4238/268/3186 4239/267/3191 2133/267/3192 2137/268/3187
f 4239/267/3191 4238/268/3186 2138/268/3190 2134/267/3193
f 4239/267/3191 4240/468/3194 2135/468/3195 2133/267/3192
f 4240/468/3194 4239/267/3191 2134/267/3193 2136/468/3196
f 4240/468/3194 4237/467/3185 2131/467/3188 2135/468/3195
f 4237/467/3185 4240/468/3194 2136/468/3196 2132/467/3189
f 4241/280/3197 4242/517/3198 1467/517/3199 1465/280/3200
f 4242/517/3198 4241/280/3197 1466/280/3201 1468/517/3202
f 4242/517/3198 4243/514/3203 1469/514/3204 1467/517/3199
f 4243/514/3203 4242/517/3198 1468/517/3202 1470/514/3205
f 4243/514/3203 4241/280/3197 1465/280/3200 1469/514/3204
f 4241/280/3197 4243/514/3203 1470/514/3205 1466/280/3201
f 4244/517/3206 4245/280/3207 1465/280/3200 1467/517/3199
f 4245/280/3207 4244/517/3206 1468/517/3202 1466/280/3201
f 4245/280/3207 4246/85/3208 1471/85/3209 1465/280/3200
f 4246/85/3208 4245/280/3207 1466/280/3201 1472/85/3210
f 4246/85/3208 4244/517/3206 1467/517/3199 1471/85/3209
f 4244/517/3206 4246/85/3208 1472/85/3210 1468/517/3202
f 4247/574/3211 4248/514/3212 1469/514/3213 1473/574/3214
f 4248/514/3212 4247/574/3211 1474/574/3215 1470/514/3216
f 4248/514/3212 4249/535/3217 1475/535/3218 1469/514/3213
f 4249/535/3217 4248/514/3212 1470/514/3216 1476/535/3219
f 4249/535/3217 4247/574/3211 1473/574/3214 1475/535/3218
f 4247/574/3211 4249/535/3217 1476/535/3219 1474/574/3215
f 4250/514/3220 4251/574/3221 1473/574/3214 1469/514/3213
f 4251/574/3221 4250/514/3220 1470/514/3216 1474/574/3215
f 4251/574/3221 4252/280/3222 1477/280/3223 1473/574/3214
f 4252/280/3222 4251/574/3221 1474/574/3215 1478/280/3224
f 4252/280/3222 4250/514/3220 1469/514/3213 1477/280/3223
f 4250/514/3220 4252/280/3222 1478/280/3224 1470/514/3216
f 4253/489/3225 4254/363/3226 2421/363/3227 2417/489/3228
f 4254/363/3226 4253/489/3225 2418/489/3229 2422/363/3230
f 4254/363/3226 4255/575/3231 2419/575/3232 2421/363/3227
f 4255/575/3231 4254/363/3226 2422/363/3230 2420/575/3233
f 4255/575/3231 4256/487/3234 2413/487/3235 2419/575/3232
f 4256/487/3234 4255/575/3231 2420/575/3233 2414/487/3236
f 4256/487/3234 4253/489/3225 2417/489/3228 2413/487/3235
f 4253/489/3225 4256/487/3234 2414/487/3236 2418/489/3229
f 4257/574/3237 4258/281/3238 1487/281/3239 1485/574/3240
f 4258/281/3238 4257/574/3237 1486/574/3241 1488/281/3242
f 4258/281/3238 4259/280/3243 1477/280/3244 1487/281/3239
f 4259/280/3243 4258/281/3238 1488/281/3242 1478/280/3245
f 4259/280/3243 4257/574/3237 1485/574/3240 1477/280/3244
f 4257/574/3237 4259/280/3243 1478/280/3245 1486/574/3241
f 4260/476/3246 4261/547/3247 1491/547/3248 1489/476/3249
f 4261/547/3247 4260/476/3246 1490/476/3250 1492/547/3251
f 4261/547/3247 4262/576/3252 1493/576/3253 1491/547/3248
f 4262/576/3252 4261/547/3247 1492/547/3251 1494/576/3254
f 4262/576/3252 4260/476/3246 1489/476/3249 1493/576/3253
f 4260/476/3246 4262/576/3252 1494/576/3254 1490/476/3250
f 4263/547/3255 4264/476/3256 1489/476/3249 1491/547/3248
f 4264/476/3256 4263/547/3255 1492/547/3251 1490/476/3250
f 4264/476/3256 4265/475/3257 1495/475/3258 1489/476/3249
f 4265/475/3257 4264/476/3256 1490/476/3250 1496/475/3259
f 4265/475/3257 4263/547/3255 1491/547/3248 1495/475/3258
f 4263/547/3255 4265/475/3257 1496/475/3259 1492/547/3251
f 4266/577/3260 4267/578/3261 2731/578/3262 2729/577/3263
f 4267/578/3261 4266/577/3260 2730/577/3264 2732/578/3265
f 4267/578/3261 4268/579/3266 2727/579/3267 2731/578/3262
f 4268/579/3266 4267/578/3261 2732/578/3265 2728/579/3268
f 4268/579/3266 4269/580/3269 2725/580/3270 2727/579/3267
f 4269/580/3269 4268/579/3266 2728/579/3268 2726/580/3271
f 4269/580/3269 4266/577/3260 2729/577/3263 2725/580/3270
f 4266/577/3260 4269/580/3269 2726/580/3271 2730/577/3264
f 4270/576/3272 4271/66/3273 1505/66/3274 1507/576/3275
f 4271/66/3273 4270/576/3272 1508/576/3276 1506/66/3277
f 4271/66/3273 4272/581/3278 1509/581/3279 1505/66/3274
f 4272/581/3278 4271/66/3273 1506/66/3277 1510/581/3280
f 4272/581/3278 4270/576/3272 1507/576/3275 1509/581/3279
f 4270/576/3272 4272/581/3278 1510/581/3280 1508/576/3276
f 4273/582/3281 4274/583/3282 1981/583/3283 1973/582/3284
f 4274/583/3282 4273/582/3281 1974/582/3285 1982/583/3286
f 4274/583/3282 4275/584/3287 1977/584/3288 1981/583/3283
f 4275/584/3287 4274/583/3282 1982/583/3286 1978/584/3289
f 4275/584/3287 4276/213/3290 1971/213/857 1977/584/3288
f 4276/213/3290 4275/584/3287 1978/584/3289 1972/213/860
f 4276/213/3290 4273/582/3281 1973/582/3284 1971/213/857
f 4273/582/3281 4276/213/3290 1972/213/860 1974/582/3285
f 4277/60/3291 4278/59/3292 1909/59/238 1903/60/241
f 4278/59/3292 4277/60/3291 1904/60/242 1910/59/239
f 4278/59/3292 4279/585/3293 1901/585/3294 1909/59/238
f 4279/585/3293 4278/59/3292 1910/59/239 1902/585/3295
f 4279/585/3293 4280/500/3296 1899/500/2590 1901/585/3294
f 4280/500/3296 4279/585/3293 1902/585/3295 1900/500/2591
f 4280/500/3296 4277/60/3291 1903/60/241 1899/500/2590
f 4277/60/3291 4280/500/3296 1900/500/2591 1904/60/242
f 4281/26/3297 4282/25/3298 2009/25/80 2003/26/83
f 4282/25/3298 4281/26/3297 2004/26/84 2010/25/81
f 4282/25/3298 4283/39/3299 2005/39/3300 2009/25/80
f 4283/39/3299 4282/25/3298 2010/25/81 2006/39/3301
f 4283/39/3299 4284/389/3302 2001/389/1843 2005/39/3300
f 4284/389/3302 4283/39/3299 2006/39/3301 2002/389/1844
f 4284/389/3302 4281/26/3297 2003/26/83 2001/389/1843
f 4281/26/3297 4284/389/3302 2002/389/1844 2004/26/84
f 4285/586/3303 4286/50/3304 2015/50/204 2055/586/3305
f 4286/50/3304 4285/586/3303 2056/586/3306 2016/50/205
f 4286/50/3304 4287/24/3307 2021/24/75 2015/50/204
f 4287/24/3307 4286/50/3304 2016/50/205 2022/24/78
f 4287/24/3307 4288/587/3308 2023/587/3309 2021/24/75
f 4288/587/3308 4287/24/3307 2022/24/78 2024/587/3310
f 4288/587/3308 4285/586/3303 2055/586/3305 2023/587/3309
f 4285/586/3303 4288/587/3308 2024/587/3310 2056/586/3306
f 4289/588/3311 4290/368/3312 833/368/1689 831/588/3313
f 4290/368/3312 4289/588/3311 832/588/3314 834/368/1690
f 4290/368/3312 4291/222/3315 827/222/892 833/368/1689
f 4291/222/3315 4290/368/3312 834/368/1690 828/222/893
f 4291/222/3315 4292/221/3316 829/221/887 827/222/892
f 4292/221/3316 4291/222/3315 828/222/893 830/221/890
f 4292/221/3316 4289/588/3311 831/588/3313 829/221/887
f 4289/588/3311 4292/221/3316 830/221/890 832/588/3314
f 4293/472/3317 4294/44/3318 1991/44/172 1979/472/2423
f 4294/44/3318 4293/472/3317 1980/472/2424 1992/44/173
f 4294/44/3318 4295/36/3319 1995/36/1846 1991/44/172
f 4295/36/3319 4294/44/3318 1992/44/173 1996/36/1847
f 4295/36/3319 4296/37/3320 1989/37/2422 1995/36/1846
f 4296/37/3320 4295/36/3319 1996/36/1847 1990/37/2425
f 4296/37/3320 4293/472/3317 1979/472/2423 1989/37/2422
f 4293/472/3317 4296/37/3320 1990/37/2425 1980/472/2424
f 4297/219/3321 4298/32/3322 27/32/1861 29/219/1864
f 4298/32/3322 4297/219/3321 30/219/1865 28/32/1862
f 4298/32/3322 4299/11/3323 25/11/3324 27/32/1861
f 4299/11/3323 4298/32/3322 28/32/1862 26/11/3325
f 4299/11/3323 4300/111/3326 23/111/427 25/11/3324
f 4300/111/3326 4299/11/3323 26/11/3325 24/111/428
f 4300/111/3326 4297/219/3321 29/219/1864 23/111/427
f 4297/219/3321 4300/111/3326 24/111/428 30/219/1865
f 4301/369/3327 4302/399/3328 843/399/1941 839/369/1688
f 4302/399/3328 4301/369/3327 840/369/1691 844/399/1942
f 4302/399/3328 4303/333/3329 841/333/1478 843/399/1941
f 4303/333/3329 4302/399/3328 844/399/1942 842/333/1479
f 4303/333/3329 4304/332/3330 837/332/1475 841/333/1478
f 4304/332/3330 4303/333/3329 842/333/1479 838/332/1476
f 4304/332/3330 4301/369/3327 839/369/1688 837/332/1475
f 4301/369/3327 4304/332/3330 838/332/1476 840/369/1691
f 4305/388/3331 4306/374/3332 1925/374/1716 1923/388/3333
f 4306/374/3332 4305/388/3331 1924/388/3334 1926/374/1717
f 4306/374/3332 4307/373/3335 1919/373/1713 1925/374/1716
f 4307/373/3335 4306/374/3332 1926/374/1717 1920/373/1714
f 4307/373/3335 4308/231/3336 1921/231/3337 1919/373/1713
f 4308/231/3336 4307/373/3335 1920/373/1714 1922/231/3338
f 4308/231/3336 4305/388/3331 1923/388/3333 1921/231/3337
f 4305/388/3331 4308/231/3336 1922/231/3338 1924/388/3334
f 4309/423/3339 4310/389/3340 769/389/3341 725/423/2048
f 4310/389/3340 4309/423/3339 726/423/2049 770/389/3342
f 4310/389/3340 4311/36/3343 913/36/128 769/389/3341
f 4311/36/3343 4310/389/3340 770/389/3342 914/36/129
f 4311/36/3343 4312/35/3344 919/35/123 913/36/128
f 4312/35/3344 4311/36/3343 914/36/129 920/35/126
f 4312/35/3344 4309/423/3339 725/423/2048 919/35/123
f 4309/423/3339 4312/35/3344 920/35/126 726/423/2049
f 4313/589/3345 4314/590/3346 2775/590/3347 2769/589/3348
f 4314/590/3346 4313/589/3345 2770/589/3349 2776/590/3350
f 4314/590/3346 4315/346/3351 2771/346/3352 2775/590/3347
f 4315/346/3351 4314/590/3346 2776/590/3350 2772/346/3353
f 4315/346/3351 4316/591/3354 2773/591/3355 2771/346/3352
f 4316/591/3354 4315/346/3351 2772/346/3353 2774/591/3356
f 4316/591/3354 4313/589/3345 2769/589/3348 2773/591/3355
f 4313/589/3345 4316/591/3354 2774/591/3356 2770/589/3349
f 4317/578/3357 4318/362/3358 2737/362/3359 2731/578/3262
f 4318/362/3358 4317/578/3357 2732/578/3265 2738/362/3360
f 4318/362/3358 4319/431/3361 2735/431/2090 2737/362/3359
f 4319/431/3361 4318/362/3358 2738/362/3360 2736/431/2091
f 4319/431/3361 4320/579/3362 2727/579/3267 2735/431/2090
f 4320/579/3362 4319/431/3361 2736/431/2091 2728/579/3268
f 4320/579/3362 4317/578/3357 2731/578/3262 2727/579/3267
f 4317/578/3357 4320/579/3362 2728/579/3268 2732/578/3265
f 4321/50/3363 4322/592/3364 2045/592/3365 2015/50/204
f 4322/592/3364 4321/50/3363 2016/50/205 2046/592/3366
f 4322/592/3364 4323/47/3367 2017/47/192 2045/592/3365
f 4323/47/3367 4322/592/3364 2046/592/3366 2018/47/193
f 4323/47/3367 4324/49/3368 2013/49/199 2017/47/192
f 4324/49/3368 4323/47/3367 2018/47/193 2014/49/200
f 4324/49/3368 4321/50/3363 2015/50/204 2013/49/199
f 4321/50/3363 4324/49/3368 2014/49/200 2016/50/205
f 4325/20/3369 4326/506/3370 1949/506/2664 1943/20/59
f 4326/506/3370 4325/20/3369 1944/20/60 1950/506/2665
f 4326/506/3370 4327/59/3371 1909/59/238 1949/506/2664
f 4327/59/3371 4326/506/3370 1950/506/2665 1910/59/239
f 4327/59/3371 4328/58/3372 1941/58/233 1909/59/238
f 4328/58/3372 4327/59/3371 1910/59/239 1942/58/236
f 4328/58/3372 4325/20/3369 1943/20/59 1941/58/233
f 4325/20/3369 4328/58/3372 1942/58/236 1944/20/60
f 4329/3/3373 4330/4/3374 49/4/2636 45/3/3375
f 4330/4/3374 4329/3/3373 46/3/3376 50/4/2637
f 4330/4/3374 4331/1/3377 19/1/99 49/4/2636
f 4331/1/3377 4330/4/3374 50/4/2637 20/1/102
f 4331/1/3377 4332/2/3378 35/2/100 19/1/99
f 4332/2/3378 4331/1/3377 20/1/102 36/2/101
f 4332/2/3378 4329/3/3373 45/3/3375 35/2/100
f 4329/3/3373 4332/2/3378 36/2/101 46/3/3376
f 4333/23/3379 4334/593/3380 2061/593/3381 2007/23/76
f 4334/593/3380 4333/23/3379 2008/23/77 2062/593/3382
f 4334/593/3380 4335/587/3383 2023/587/3309 2061/593/3381
f 4335/587/3383 4334/593/3380 2062/593/3382 2024/587/3310
f 4335/587/3383 4336/24/3384 2021/24/75 2023/587/3309
f 4336/24/3384 4335/587/3383 2024/587/3310 2022/24/78
f 4336/24/3384 4333/23/3379 2007/23/76 2021/24/75
f 4333/23/3379 4336/24/3384 2022/24/78 2008/23/77
f 4337/594/3385 4338/441/3386 177/441/2165 171/594/3387
f 4338/441/3386 4337/594/3385 172/594/3388 178/441/2166
f 4338/441/3386 4339/194/3389 169/194/742 177/441/2165
f 4339/194/3389 4338/441/3386 178/441/2166 170/194/745
f 4339/194/3389 4340/193/3390 167/193/743 169/194/742
f 4340/193/3390 4339/194/3389 170/194/745 168/193/744
f 4340/193/3390 4337/594/3385 171/594/3387 167/193/743
f 4337/594/3385 4340/193/3390 168/193/744 172/594/3388
f 4341/595/3391 4342/45/3392 2065/45/171 1985/595/3393
f 4342/45/3392 4341/595/3391 1986/595/3394 2066/45/174
f 4342/45/3392 4343/584/3395 1977/584/3288 2065/45/171
f 4343/584/3395 4342/45/3392 2066/45/174 1978/584/3289
f 4343/584/3395 4344/583/3396 1981/583/3283 1977/584/3288
f 4344/583/3396 4343/584/3395 1978/584/3289 1982/583/3286
f 4344/583/3396 4341/595/3391 1985/595/3393 1981/583/3283
f 4341/595/3391 4344/583/3396 1982/583/3286 1986/595/3394
f 4345/366/3397 4346/355/3398 747/355/1590 753/366/1681
f 4346/355/3398 4345/366/3397 754/366/1682 748/355/1591
f 4346/355/3398 4347/352/3399 737/352/1570 747/355/1590
f 4347/352/3399 4346/355/3398 748/355/1591 738/352/1571
f 4347/352/3399 4348/399/3400 739/399/3401 737/352/1570
f 4348/399/3400 4347/352/3399 738/352/1571 740/399/3402
f 4348/399/3400 4349/368/3403 755/368/3404 739/399/3401
f 4349/368/3403 4348/399/3400 740/399/3402 756/368/3405
f 4349/368/3403 4345/366/3397 753/366/1681 755/368/3404
f 4345/366/3397 4349/368/3403 756/368/3405 754/366/1682
f 4350/389/3406 4351/423/3407 725/423/2048 769/389/3341
f 4351/423/3407 4350/389/3406 770/389/3342 726/423/2049
f 4351/423/3407 4352/40/3408 765/40/140 725/423/2048
f 4352/40/3408 4351/423/3407 726/423/2049 766/40/141
f 4352/40/3408 4353/39/3409 767/39/135 765/40/140
f 4353/39/3409 4352/40/3408 766/40/141 768/39/138
f 4353/39/3409 4350/389/3406 769/389/3341 767/39/135
f 4350/389/3406 4353/39/3409 768/39/138 770/389/3342
f 4354/1/3410 4355/111/3411 2619/111/2725 2609/1/3412
f 4355/111/3411 4354/1/3410 2610/1/3413 2620/111/2726
f 4355/111/3411 4356/6/3414 2617/6/15 2619/111/2725
f 4356/6/3414 4355/111/3411 2620/111/2726 2618/6/18
f 4356/6/3414 4357/5/3415 2605/5/16 2617/6/15
f 4357/5/3415 4356/6/3414 2618/6/18 2606/5/17
f 4357/5/3415 4354/1/3410 2609/1/3412 2605/5/16
f 4354/1/3410 4357/5/3415 2606/5/17 2610/1/3413
f 4358/596/3416 4359/597/3417 1599/597/3418 1601/596/3419
f 4359/597/3417 4358/596/3416 1602/596/3420 1600/597/3421
f 4359/597/3417 4360/598/3422 1603/598/3423 1599/597/3418
f 4360/598/3422 4359/597/3417 1600/597/3421 1604/598/3424
f 4360/598/3422 4358/596/3416 1601/596/3419 1603/598/3423
f 4358/596/3416 4360/598/3422 1604/598/3424 1602/596/3420
f 4361/599/3425 4362/596/3426 1601/596/3427 1605/599/3428
f 4362/596/3426 4361/599/3425 1606/599/3429 1602/596/3430
f 4362/596/3426 4363/598/3431 1607/598/3432 1601/596/3427
f 4363/598/3431 4362/596/3426 1602/596/3430 1608/598/3433
f 4363/598/3431 4361/599/3425 1605/599/3428 1607/598/3432
f 4361/599/3425 4363/598/3431 1608/598/3433 1606/599/3429
f 4364/600/3434 4365/601/3435 1611/601/3436 1613/600/3437
f 4365/601/3435 4364/600/3434 1614/600/3438 1612/601/3439
f 4365/601/3435 4366/602/3440 1609/602/3441 1611/601/3436
f 4366/602/3440 4365/601/3435 1612/601/3439 1610/602/3442
f 4366/602/3440 4364/600/3434 1613/600/3437 1609/602/3441
f 4364/600/3434 4366/602/3440 1610/602/3442 1614/600/3438
f 4367/603/3443 4368/604/3444 1619/604/3445 1617/603/3446
f 4368/604/3444 4367/603/3443 1618/603/3447 1620/604/3448
f 4368/604/3444 4369/605/3449 1615/605/3450 1619/604/3445
f 4369/605/3449 4368/604/3444 1620/604/3448 1616/605/3451
f 4369/605/3449 4367/603/3443 1617/603/3446 1615/605/3450
f 4367/603/3443 4369/605/3449 1616/605/3451 1618/603/3447
f 4370/604/3452 4371/603/3453 1617/603/3446 1619/604/3445
f 4371/603/3453 4370/604/3452 1620/604/3448 1618/603/3447
f 4371/603/3453 4372/606/3454 1621/606/3455 1617/603/3446
f 4372/606/3454 4371/603/3453 1618/603/3447 1622/606/3456
f 4372/606/3454 4370/604/3452 1619/604/3445 1621/606/3455
f 4370/604/3452 4372/606/3454 1622/606/3456 1620/604/3448
f 4373/68/3457 4374/606/3458 1627/606/3459 1625/68/3460
f 4374/606/3458 4373/68/3457 1626/68/3461 1628/606/3462
f 4374/606/3458 4375/603/3463 1623/603/3464 1627/606/3459
f 4375/603/3463 4374/606/3458 1628/606/3462 1624/603/3465
f 4375/603/3463 4373/68/3457 1625/68/3460 1623/603/3464
f 4373/68/3457 4375/603/3463 1624/603/3465 1626/68/3461
f 4376/606/3466 4377/68/3467 1625/68/3460 1627/606/3459
f 4377/68/3467 4376/606/3466 1628/606/3462 1626/68/3461
f 4377/68/3467 4378/573/3468 1629/573/3469 1625/68/3460
f 4378/573/3468 4377/68/3467 1626/68/3461 1630/573/3470
f 4378/573/3468 4376/606/3466 1627/606/3459 1629/573/3469
f 4376/606/3466 4378/573/3468 1630/573/3470 1628/606/3462
f 4379/607/3471 4380/608/3472 2081/608/3473 2075/607/3474
f 4380/608/3472 4379/607/3471 2076/607/3475 2082/608/3476
f 4380/608/3472 4381/609/3477 2079/609/3478 2081/608/3473
f 4381/609/3477 4380/608/3472 2082/608/3476 2080/609/3479
f 4381/609/3477 4382/610/3480 2073/610/3481 2079/609/3478
f 4382/610/3480 4381/609/3477 2080/609/3479 2074/610/3482
f 4382/610/3480 4379/607/3471 2075/607/3474 2073/610/3481
f 4379/607/3471 4382/610/3480 2074/610/3482 2076/607/3475
f 4383/2/3483 4384/21/3484 2683/21/3485 2675/2/3
f 4384/21/3484 4383/2/3483 2676/2/6 2684/21/3486
f 4384/21/3484 4385/22/3487 2681/22/3488 2683/21/3485
f 4385/22/3487 4384/21/3484 2684/21/3486 2682/22/3489
f 4385/22/3487 4386/3/3490 2673/3/8 2681/22/3488
f 4386/3/3490 4385/22/3487 2682/22/3489 2674/3/9
f 4386/3/3490 4383/2/3483 2675/2/3 2673/3/8
f 4383/2/3483 4386/3/3490 2674/3/9 2676/2/6
f 4387/350/3491 4388/611/3492 945/611/3493 941/350/3494
f 4388/611/3492 4387/350/3491 942/350/3495 946/611/3496
f 4388/611/3492 4389/521/3497 943/521/3498 945/611/3493
f 4389/521/3497 4388/611/3492 946/611/3496 944/521/3499
f 4389/521/3497 4390/469/3500 939/469/3501 943/521/3498
f 4390/469/3500 4389/521/3497 944/521/3499 940/469/3502
f 4390/469/3500 4387/350/3491 941/350/3494 939/469/3501
f 4387/350/3491 4390/469/3500 940/469/3502 942/350/3495
f 4391/103/3503 4392/102/3504 1105/102/3505 1101/103/3506
f 4392/102/3504 4391/103/3503 1102/103/3507 1106/102/3508
f 4392/102/3504 4393/135/3509 1103/135/3510 1105/102/3505
f 4393/135/3509 4392/102/3504 1106/102/3508 1104/135/3511
f 4393/135/3509 4394/134/3512 1099/134/3513 1103/135/3510
f 4394/134/3512 4393/135/3509 1104/135/3511 1100/134/3514
f 4394/134/3512 4391/103/3503 1101/103/3506 1099/134/3513
f 4391/103/3503 4394/134/3512 1100/134/3514 1102/103/3507
f 4395/612/3515 4396/242/3516 175/242/963 161/612/3517
f 4396/242/3516 4395/612/3515 162/612/3518 176/242/964
f 4396/242/3516 4397/243/3519 173/243/967 175/242/963
f 4397/243/3519 4396/242/3516 176/242/964 174/243/968
f 4397/243/3519 4398/432/3520 159/432/3521 173/243/967
f 4398/432/3520 4397/243/3519 174/243/968 160/432/3522
f 4398/432/3520 4395/612/3515 161/612/3517 159/432/3521
f 4395/612/3515 4398/432/3520 160/432/3522 162/612/3518
f 4399/52/3523 4400/118/3524 1649/118/3525 1643/52/209
f 4400/118/3524 4399/52/3523 1644/52/212 1650/118/3526
f 4400/118/3524 4401/243/3527 1641/243/3528 1649/118/3525
f 4401/243/3527 4400/118/3524 1650/118/3526 1642/243/3529
f 4401/243/3527 4402/53/3530 1635/53/214 1641/243/3528
f 4402/53/3530 4401/243/3527 1642/243/3529 1636/53/215
f 4402/53/3530 4399/52/3523 1643/52/209 1635/53/214
f 4399/52/3523 4402/53/3530 1636/53/215 1644/52/212
f 4403/322/3531 4404/291/3532 869/291/1559 865/322/3533
f 4404/291/3532 4403/322/3531 866/322/3534 870/291/1560
f 4404/291/3532 4405/351/3535 867/351/1566 869/291/1559
f 4405/351/3535 4404/291/3532 870/291/1560 868/351/1567
f 4405/351/3535 4406/613/3536 863/613/3537 867/351/1566
f 4406/613/3536 4405/351/3535 868/351/1567 864/613/3538
f 4406/613/3536 4403/322/3531 865/322/3533 863/613/3537
f 4403/322/3531 4406/613/3536 864/613/3538 866/322/3534
f 4407/414/3539 4408/40/3540 765/40/140 741/414/2000
f 4408/40/3540 4407/414/3539 742/414/2001 766/40/141
f 4408/40/3540 4409/423/3541 725/423/2048 765/40/140
f 4409/423/3541 4408/40/3540 766/40/141 726/423/2049
f 4409/423/3541 4410/411/3542 723/411/1993 725/423/2048
f 4410/411/3542 4409/423/3541 726/423/2049 724/411/1994
f 4410/411/3542 4407/414/3539 741/414/2000 723/411/1993
f 4407/414/3539 4410/411/3542 724/411/1994 742/414/2001
f 4411/492/3543 4412/495/3544 2865/495/3545 2861/492/3546
f 4412/495/3544 4411/492/3543 2862/492/3547 2866/495/3548
f 4412/495/3544 4413/554/3549 2863/554/3550 2865/495/3545
f 4413/554/3549 4412/495/3544 2866/495/3548 2864/554/3551
f 4413/554/3549 4414/614/3552 2859/614/3553 2863/554/3550
f 4414/614/3552 4413/554/3549 2864/554/3551 2860/614/3554
f 4414/614/3552 4411/492/3543 2861/492/3546 2859/614/3553
f 4411/492/3543 4414/614/3552 2860/614/3554 2862/492/3547
f 4415/311/3555 4416/310/3556 1827/310/1364 1825/311/1367
f 4416/310/3556 4415/311/3555 1826/311/1368 1828/310/1365
f 4416/310/3556 4417/615/3557 1821/615/3558 1827/310/1364
f 4417/615/3557 4416/310/3556 1828/310/1365 1822/615/3559
f 4417/615/3557 4418/344/3560 1823/344/3561 1821/615/3558
f 4418/344/3560 4417/615/3557 1822/615/3559 1824/344/3562
f 4418/344/3560 4415/311/3555 1825/311/1367 1823/344/3561
f 4415/311/3555 4418/344/3560 1824/344/3562 1826/311/1368
f 4419/182/3563 4420/300/3564 1681/300/3565 1679/182/706
f 4420/300/3564 4419/182/3563 1680/182/709 1682/300/3566
f 4420/300/3564 4421/183/3567 1671/183/711 1681/300/3565
f 4421/183/3567 4420/300/3564 1682/300/3566 1672/183/712
f 4421/183/3567 4419/182/3563 1679/182/706 1671/183/711
f 4419/182/3563 4421/183/3567 1672/183/712 1680/182/709
f 4422/300/3568 4423/182/3569 1679/182/706 1681/300/3565
f 4423/182/3569 4422/300/3568 1682/300/3566 1680/182/709
f 4423/182/3569 4424/616/3570 1683/616/3571 1679/182/706
f 4424/616/3570 4423/182/3569 1680/182/709 1684/616/3572
f 4424/616/3570 4422/300/3568 1681/300/3565 1683/616/3571
f 4422/300/3568 4424/616/3570 1684/616/3572 1682/300/3566
f 4425/175/3573 4426/617/3574 1687/617/3575 1685/175/3576
f 4426/617/3574 4425/175/3573 1686/175/3577 1688/617/3578
f 4426/617/3574 4427/618/3579 1689/618/3580 1687/617/3575
f 4427/618/3579 4426/617/3574 1688/617/3578 1690/618/3581
f 4427/618/3579 4425/175/3573 1685/175/3576 1689/618/3580
f 4425/175/3573 4427/618/3579 1690/618/3581 1686/175/3577
f 4428/617/3582 4429/175/3583 1685/175/3576 1687/617/3575
f 4429/175/3583 4428/617/3582 1688/617/3578 1686/175/3577
f 4429/175/3583 4430/174/3584 1691/174/3585 1685/175/3576
f 4430/174/3584 4429/175/3583 1686/175/3577 1692/174/3586
f 4430/174/3584 4428/617/3582 1687/617/3575 1691/174/3585
f 4428/617/3582 4430/174/3584 1692/174/3586 1688/617/3578
f 4431/174/3587 4432/619/3588 1693/619/3589 1691/174/3590
f 4432/619/3588 4431/174/3587 1692/174/3591 1694/619/3592
f 4432/619/3588 4433/617/3593 1695/617/3594 1693/619/3589
f 4433/617/3593 4432/619/3588 1694/619/3592 1696/617/3595
f 4433/617/3593 4431/174/3587 1691/174/3590 1695/617/3594
f 4431/174/3587 4433/617/3593 1696/617/3595 1692/174/3591
f 4434/602/3596 4435/617/3597 1695/617/3594 1697/602/3598
f 4435/617/3597 4434/602/3596 1698/602/3599 1696/617/3595
f 4435/617/3597 4436/619/3600 1693/619/3589 1695/617/3594
f 4436/619/3600 4435/617/3597 1696/617/3595 1694/619/3592
f 4436/619/3600 4434/602/3596 1697/602/3598 1693/619/3589
f 4434/602/3596 4436/619/3600 1694/619/3592 1698/602/3599
f 4437/620/3601 4438/182/3602 1701/182/3603 1699/620/3604
f 4438/182/3602 4437/620/3601 1700/620/3605 1702/182/3606
f 4438/182/3602 4439/181/3607 1703/181/3608 1701/182/3603
f 4439/181/3607 4438/182/3602 1702/182/3606 1704/181/3609
f 4439/181/3607 4437/620/3601 1699/620/3604 1703/181/3608
f 4437/620/3601 4439/181/3607 1704/181/3609 1700/620/3605
f 4440/182/3610 4441/620/3611 1699/620/3604 1701/182/3603
f 4441/620/3611 4440/182/3610 1702/182/3606 1700/620/3605
f 4441/620/3611 4442/621/3612 1705/621/3613 1699/620/3604
f 4442/621/3612 4441/620/3611 1700/620/3605 1706/621/3614
f 4442/621/3612 4440/182/3610 1701/182/3603 1705/621/3613
f 4440/182/3610 4442/621/3612 1706/621/3614 1702/182/3606
f 4443/353/3615 4444/75/3616 745/75/289 733/353/1573
f 4444/75/3616 4443/353/3615 734/353/1574 746/75/290
f 4444/75/3616 4445/74/3617 743/74/286 745/75/289
f 4445/74/3617 4444/75/3616 746/75/290 744/74/287
f 4445/74/3617 4446/415/3618 735/415/2004 743/74/286
f 4446/415/3618 4445/74/3617 744/74/287 736/415/2005
f 4446/415/3618 4443/353/3615 733/353/1573 735/415/2004
f 4443/353/3615 4446/415/3618 736/415/2005 734/353/1574
f 4447/619/3619 4448/622/3620 1719/622/3621 1717/619/3622
f 4448/622/3620 4447/619/3619 1718/619/3623 1720/622/3624
f 4448/622/3620 4449/623/3625 1715/623/3626 1719/622/3621
f 4449/623/3625 4448/622/3620 1720/622/3624 1716/623/3627
f 4449/623/3625 4447/619/3619 1717/619/3622 1715/623/3626
f 4447/619/3619 4449/623/3625 1716/623/3627 1718/619/3623
f 4450/624/3628 4451/622/3629 1719/622/3621 1721/624/3630
f 4451/622/3629 4450/624/3628 1722/624/3631 1720/622/3624
f 4451/622/3629 4452/619/3632 1717/619/3622 1719/622/3621
f 4452/619/3632 4451/622/3629 1720/622/3624 1718/619/3623
f 4452/619/3632 4450/624/3628 1721/624/3630 1717/619/3622
f 4450/624/3628 4452/619/3632 1718/619/3623 1722/624/3631
f 4453/572/3633 4454/68/3634 1725/68/3635 1723/572/3636
f 4454/68/3634 4453/572/3633 1724/572/3637 1726/68/3638
f 4454/68/3634 4455/625/3639 1727/625/3640 1725/68/3635
f 4455/625/3639 4454/68/3634 1726/68/3638 1728/625/3641
f 4455/625/3639 4453/572/3633 1723/572/3636 1727/625/3640
f 4453/572/3633 4455/625/3639 1728/625/3641 1724/572/3637
f 4456/573/3642 4457/68/3643 1725/68/3635 1729/573/3644
f 4457/68/3643 4456/573/3642 1730/573/3645 1726/68/3638
f 4457/68/3643 4458/572/3646 1723/572/3636 1725/68/3635
f 4458/572/3646 4457/68/3643 1726/68/3638 1724/572/3637
f 4458/572/3646 4456/573/3642 1729/573/3644 1723/572/3636
f 4456/573/3642 4458/572/3646 1724/572/3637 1730/573/3645
f 4459/626/3647 4460/158/3648 1735/158/3649 1733/626/3650
f 4460/158/3648 4459/626/3647 1734/626/3651 1736/158/3652
f 4460/158/3648 4461/627/3653 1731/627/3654 1735/158/3649
f 4461/627/3653 4460/158/3648 1736/158/3652 1732/627/3655
f 4461/627/3653 4459/626/3647 1733/626/3650 1731/627/3654
f 4459/626/3647 4461/627/3653 1732/627/3655 1734/626/3651
f 4462/158/3656 4463/626/3657 1733/626/3650 1735/158/3649
f 4463/626/3657 4462/158/3656 1736/158/3652 1734/626/3651
f 4463/626/3657 4464/624/3658 1737/624/3659 1733/626/3650
f 4464/624/3658 4463/626/3657 1734/626/3651 1738/624/3660
f 4464/624/3658 4462/158/3656 1735/158/3649 1737/624/3659
f 4462/158/3656 4464/624/3658 1738/624/3660 1736/158/3652
f 4465/370/3661 4466/108/3662 1149/108/2612 1147/370/3663
f 4466/108/3662 4465/370/3661 1148/370/3664 1150/108/2613
f 4466/108/3662 4467/21/3665 1145/21/943 1149/108/2612
f 4467/21/3665 4466/108/3662 1150/108/2613 1146/21/944
f 4467/21/3665 4468/207/3666 1143/207/833 1145/21/943
f 4468/207/3666 4467/21/3665 1146/21/944 1144/207/836
f 4468/207/3666 4465/370/3661 1147/370/3663 1143/207/833
f 4465/370/3661 4468/207/3666 1144/207/836 1148/370/3664
f 4469/310/3667 4470/443/3668 1663/443/2179 1661/310/2172
f 4470/443/3668 4469/310/3667 1662/310/2173 1664/443/2180
f 4470/443/3668 4471/628/3669 1657/628/3670 1663/443/2179
f 4471/628/3669 4470/443/3668 1664/443/2180 1658/628/3671
f 4471/628/3669 4472/615/3672 1659/615/3673 1657/628/3670
f 4472/615/3672 4471/628/3669 1658/628/3671 1660/615/3674
f 4472/615/3672 4469/310/3667 1661/310/2172 1659/615/3673
f 4469/310/3667 4472/615/3672 1660/615/3674 1662/310/2173
f 4473/158/3675 4474/624/3676 1751/624/3677 1749/158/3678
f 4474/624/3676 4473/158/3675 1750/158/3679 1752/624/3680
f 4474/624/3676 4475/174/3681 1753/174/3682 1751/624/3677
f 4475/174/3681 4474/624/3676 1752/624/3680 1754/174/3683
f 4475/174/3681 4473/158/3675 1749/158/3678 1753/174/3682
f 4473/158/3675 4475/174/3681 1754/174/3683 1750/158/3679
f 4476/174/3684 4477/624/3685 1751/624/3677 1753/174/3682
f 4477/624/3685 4476/174/3684 1754/174/3683 1752/624/3680
f 4477/624/3685 4478/619/3686 1755/619/3687 1751/624/3677
f 4478/619/3686 4477/624/3685 1752/624/3680 1756/619/3688
f 4478/619/3686 4476/174/3684 1753/174/3682 1755/619/3687
f 4476/174/3684 4478/619/3686 1756/619/3688 1754/174/3683
f 4479/70/3689 4480/573/3690 1759/573/3691 1757/70/3692
f 4480/573/3690 4479/70/3689 1758/70/3693 1760/573/3694
f 4480/573/3690 4481/71/3695 1761/71/3696 1759/573/3691
f 4481/71/3695 4480/573/3690 1760/573/3694 1762/71/3697
f 4481/71/3695 4479/70/3689 1757/70/3692 1761/71/3696
f 4479/70/3689 4481/71/3695 1762/71/3697 1758/70/3693
f 4482/573/3698 4483/70/3699 1757/70/3692 1759/573/3691
f 4483/70/3699 4482/573/3698 1760/573/3694 1758/70/3693
f 4483/70/3699 4484/606/3700 1763/606/3701 1757/70/3692
f 4484/606/3700 4483/70/3699 1758/70/3693 1764/606/3702
f 4484/606/3700 4482/573/3698 1759/573/3691 1763/606/3701
f 4482/573/3698 4484/606/3700 1764/606/3702 1760/573/3694
f 4485/590/3703 4486/557/3704 2779/557/3705 2775/590/3347
f 4486/557/3704 4485/590/3703 2776/590/3350 2780/557/3706
f 4486/557/3704 4487/347/3707 2777/347/3708 2779/557/3705
f 4487/347/3707 4486/557/3704 2780/557/3706 2778/347/3709
f 4487/347/3707 4488/346/3710 2771/346/3352 2777/347/3708
f 4488/346/3710 4487/347/3707 2778/347/3709 2772/346/3353
f 4488/346/3710 4485/590/3703 2775/590/3347 2771/346/3352
f 4485/590/3703 4488/346/3710 2772/346/3353 2776/590/3350
f 4489/629/3711 4490/164/3712 2799/164/3713 2795/629/3714
f 4490/164/3712 4489/629/3711 2796/629/3715 2800/164/3716
f 4490/164/3712 4491/569/3717 2797/569/3718 2799/164/3713
f 4491/569/3717 4490/164/3712 2800/164/3716 2798/569/3719
f 4491/569/3717 4492/568/3720 2793/568/3721 2797/569/3718
f 4492/568/3720 4491/569/3717 2798/569/3719 2794/568/3722
f 4492/568/3720 4489/629/3711 2795/629/3714 2793/568/3721
f 4489/629/3711 4492/568/3720 2794/568/3722 2796/629/3715
f 4493/567/3723 4494/464/3724 1425/464/3725 1419/567/3726
f 4494/464/3724 4493/567/3723 1420/567/3727 1426/464/3728
f 4494/464/3724 4495/466/3729 1421/466/3730 1425/464/3725
f 4495/466/3729 4494/464/3724 1426/464/3728 1422/466/3731
f 4495/466/3729 4496/630/3732 1423/630/3733 1421/466/3730
f 4496/630/3732 4495/466/3729 1422/466/3731 1424/630/3734
f 4496/630/3732 4493/567/3723 1419/567/3726 1423/630/3733
f 4493/567/3723 4496/630/3732 1424/630/3734 1420/567/3727
f 4497/631/3735 4498/632/3736 2905/632/3737 2901/631/3738
f 4498/632/3736 4497/631/3735 2902/631/3739 2906/632/3740
f 4498/632/3736 4499/633/3741 2903/633/3742 2905/632/3737
f 4499/633/3741 4498/632/3736 2906/632/3740 2904/633/3743
f 4499/633/3741 4500/634/3744 2899/634/3745 2903/633/3742
f 4500/634/3744 4499/633/3741 2904/633/3743 2900/634/3746
f 4500/634/3744 4497/631/3735 2901/631/3738 2899/634/3745
f 4497/631/3735 4500/634/3744 2900/634/3746 2902/631/3739
f 4501/635/3747 4502/636/3748 1347/636/3749 1341/635/3750
f 4502/636/3748 4501/635/3747 1342/635/3751 1348/636/3752
f 4502/636/3748 4503/539/3753 1343/539/3754 1347/636/3749
f 4503/539/3753 4502/636/3748 1348/636/3752 1344/539/3755
f 4503/539/3753 4504/164/3756 1345/164/3757 1343/539/3754
f 4504/164/3756 4503/539/3753 1344/539/3755 1346/164/3758
f 4504/164/3756 4501/635/3747 1341/635/3750 1345/164/3757
f 4501/635/3747 4504/164/3756 1346/164/3758 1342/635/3751
f 4505/637/3759 4506/606/3760 1801/606/3761 1799/637/3762
f 4506/606/3760 4505/637/3759 1800/637/3763 1802/606/3764
f 4506/606/3760 4507/70/3765 1803/70/3766 1801/606/3761
f 4507/70/3765 4506/606/3760 1802/606/3764 1804/70/3767
f 4507/70/3765 4505/637/3759 1799/637/3762 1803/70/3766
f 4505/637/3759 4507/70/3765 1804/70/3767 1800/637/3763
f 4508/606/3768 4509/637/3769 1799/637/3762 1801/606/3761
f 4509/637/3769 4508/606/3768 1802/606/3764 1800/637/3763
f 4509/637/3769 4510/604/3770 1805/604/3771 1799/637/3762
f 4510/604/3770 4509/637/3769 1800/637/3763 1806/604/3772
f 4510/604/3770 4508/606/3768 1801/606/3761 1805/604/3771
f 4508/606/3768 4510/604/3770 1806/604/3772 1802/606/3764
f 4511/69/3773 4512/637/3774 1809/637/3775 1807/69/3776
f 4512/637/3774 4511/69/3773 1808/69/3777 1810/637/3778
f 4512/637/3774 4513/70/3779 1803/70/3780 1809/637/3775
f 4513/70/3779 4512/637/3774 1810/637/3778 1804/70/3781
f 4513/70/3779 4511/69/3773 1807/69/3776 1803/70/3780
f 4511/69/3773 4513/70/3779 1804/70/3781 1808/69/3777
f 4514/69/3782 4515/638/3783 1811/638/3784 1807/69/3776
f 4515/638/3783 4514/69/3782 1808/69/3777 1812/638/3785
f 4515/638/3783 4516/637/3786 1809/637/3775 1811/638/3784
f 4516/637/3786 4515/638/3783 1812/638/3785 1810/637/3778
f 4516/637/3786 4514/69/3782 1807/69/3776 1809/637/3775
f 4514/69/3782 4516/637/3786 1810/637/3778 1808/69/3777
f 4517/487/3787 4518/639/3788 2337/639/3789 2333/487/3790
f 4518/639/3788 4517/487/3787 2334/487/3791 2338/639/3792
f 4518/639/3788 4519/276/3793 2335/276/3794 2337/639/3789
f 4519/276/3793 4518/639/3788 2338/639/3792 2336/276/3795
f 4519/276/3793 4520/275/3796 2331/275/3797 2335/276/3794
f 4520/275/3796 4519/276/3793 2336/276/3795 2332/275/3798
f 4520/275/3796 4517/487/3787 2333/487/3790 2331/275/3797
f 4517/487/3787 4520/275/3796 2332/275/3798 2334/487/3791
f 4521/180/3799 4522/405/3800 221/405/3801 219/180/3802
f 4522/405/3800 4521/180/3799 220/180/3803 222/405/3804
f 4522/405/3800 4523/640/3805 215/640/3806 221/405/3801
f 4523/640/3805 4522/405/3800 222/405/3804 216/640/3807
f 4523/640/3805 4524/178/3808 217/178/3809 215/640/3806
f 4524/178/3808 4523/640/3805 216/640/3807 218/178/3810
f 4524/178/3808 4521/180/3799 219/180/3802 217/178/3809
f 4521/180/3799 4524/178/3808 218/178/3810 220/180/3803
f 4525/121/3811 4526/120/3812 2177/120/3813 2173/121/3814
f 4526/120/3812 4525/121/3811 2174/121/3815 2178/120/3816
f 4526/120/3812 4527/560/3817 2175/560/3818 2177/120/3813
f 4527/560/3817 4526/120/3812 2178/120/3816 2176/560/3819
f 4527/560/3817 4528/317/3820 2171/317/3821 2175/560/3818
f 4528/317/3820 4527/560/3817 2176/560/3819 2172/317/3822
f 4528/317/3820 4525/121/3811 2173/121/3814 2171/317/3821
f 4525/121/3811 4528/317/3820 2172/317/3822 2174/121/3815
f 4529/641/3823 4530/560/3824 2571/560/3825 2567/641/3826
f 4530/560/3824 4529/641/3823 2568/641/3827 2572/560/3828
f 4530/560/3824 4531/120/3829 2569/120/3830 2571/560/3825
f 4531/120/3829 4530/560/3824 2572/560/3828 2570/120/3831
f 4531/120/3829 4532/642/3832 2565/642/3833 2569/120/3830
f 4532/642/3832 4531/120/3829 2570/120/3831 2566/642/3834
f 4532/642/3832 4529/641/3823 2567/641/3826 2565/642/3833
f 4529/641/3823 4532/642/3832 2566/642/3834 2568/641/3827
f 4533/604/3835 4534/201/3836 1837/201/3837 1839/604/3838
f 4534/201/3836 4533/604/3835 1840/604/3839 1838/201/3840
f 4534/201/3836 4535/643/3841 1841/643/3842 1837/201/3837
f 4535/643/3841 4534/201/3836 1838/201/3840 1842/643/3843
f 4535/643/3841 4533/604/3835 1839/604/3838 1841/643/3842
f 4533/604/3835 4535/643/3841 1842/643/3843 1840/604/3839
f 4536/429/3844 4537/644/3845 823/644/3846 893/429/2080
f 4537/644/3845 4536/429/3844 894/429/2083 824/644/3847
f 4537/644/3845 4538/519/3848 815/519/2760 823/644/3846
f 4538/519/3848 4537/644/3845 824/644/3847 816/519/2763
f 4538/519/3848 4539/518/3849 861/518/2761 815/519/2760
f 4539/518/3849 4538/519/3848 816/519/2763 862/518/2762
f 4539/518/3849 4540/430/3850 891/430/2085 861/518/2761
f 4540/430/3850 4539/518/3849 862/518/2762 892/430/2086
f 4540/430/3850 4536/429/3844 893/429/2080 891/430/2085
f 4536/429/3844 4540/430/3850 892/430/2086 894/429/2083
f 4541/362/3851 4542/118/3852 2743/118/3853 2737/362/3359
f 4542/118/3852 4541/362/3851 2738/362/3360 2744/118/3854
f 4542/118/3852 4543/243/3855 2741/243/2089 2743/118/3853
f 4543/243/3855 4542/118/3852 2744/118/3854 2742/243/2092
f 4543/243/3855 4544/431/3856 2735/431/2090 2741/243/2089
f 4544/431/3856 4543/243/3855 2742/243/2092 2736/431/2091
f 4544/431/3856 4541/362/3851 2737/362/3359 2735/431/2090
f 4541/362/3851 4544/431/3856 2736/431/2091 2738/362/3360
f 4545/95/3857 4546/153/3858 2511/153/3859 2507/95/3860
f 4546/153/3858 4545/95/3857 2508/95/3861 2512/153/3862
f 4546/153/3858 4547/377/3863 2509/377/3864 2511/153/3859
f 4547/377/3863 4546/153/3858 2512/153/3862 2510/377/3865
f 4547/377/3863 4548/106/3866 2505/106/3867 2509/377/3864
f 4548/106/3866 4547/377/3863 2510/377/3865 2506/106/3868
f 4548/106/3866 4545/95/3857 2507/95/3860 2505/106/3867
f 4545/95/3857 4548/106/3866 2506/106/3868 2508/95/3861
f 4549/619/3869 4550/623/3870 1867/623/3871 1865/619/3872
f 4550/623/3870 4549/619/3869 1866/619/3873 1868/623/3874
f 4550/623/3870 4551/602/3875 1869/602/3876 1867/623/3871
f 4551/602/3875 4550/623/3870 1868/623/3874 1870/602/3877
f 4551/602/3875 4549/619/3869 1865/619/3872 1869/602/3876
f 4549/619/3869 4551/602/3875 1870/602/3877 1866/619/3873
f 4552/602/3878 4553/623/3879 1867/623/3871 1869/602/3876
f 4553/623/3879 4552/602/3878 1870/602/3877 1868/623/3874
f 4553/623/3879 4554/645/3880 1871/645/3881 1867/623/3871
f 4554/645/3880 4553/623/3879 1868/623/3874 1872/645/3882
f 4554/645/3880 4552/602/3878 1869/602/3876 1871/645/3881
f 4552/602/3878 4554/645/3880 1872/645/3882 1870/602/3877
f 4555/424/3883 4556/35/3884 919/35/123 927/424/2052
f 4556/35/3884 4555/424/3883 928/424/2053 920/35/126
f 4556/35/3884 4557/34/3885 911/34/124 919/35/123
f 4557/34/3885 4556/35/3884 920/35/126 912/34/125
f 4557/34/3885 4558/421/3886 917/421/2041 911/34/124
f 4558/421/3886 4557/34/3885 912/34/125 918/421/2042
f 4558/421/3886 4559/420/3887 923/420/2036 917/421/2041
f 4559/420/3887 4558/421/3886 918/421/2042 924/420/2039
f 4559/420/3887 4555/424/3883 927/424/2052 923/420/2036
f 4555/424/3883 4559/420/3887 924/420/2039 928/424/2053
f 4560/220/3888 4561/500/3889 1899/500/2590 1897/220/2585
f 4561/500/3889 4560/220/3888 1898/220/2586 1900/500/2591
f 4561/500/3889 4562/646/3890 1893/646/3891 1899/500/2590
f 4562/646/3890 4561/500/3889 1900/500/2591 1894/646/3892
f 4562/646/3890 4563/647/3893 1895/647/3894 1893/646/3891
f 4563/647/3893 4562/646/3890 1894/646/3892 1896/647/3895
f 4563/647/3893 4560/220/3888 1897/220/2585 1895/647/3894
f 4560/220/3888 4563/647/3893 1896/647/3895 1898/220/2586
f 4564/4/3896 4565/503/3897 2677/503/3898 2671/4/11
f 4565/503/3897 4564/4/3896 2672/4/12 2678/503/3899
f 4565/503/3897 4566/390/3900 2669/390/2574 2677/503/3898
f 4566/390/3900 4565/503/3897 2678/503/3899 2670/390/2575
f 4566/390/3900 4567/219/3901 2659/219/880 2669/390/2574
f 4567/219/3901 4566/390/3900 2670/390/2575 2660/219/881
f 4567/219/3901 4564/4/3896 2671/4/11 2659/219/880
f 4564/4/3896 4567/219/3901 2660/219/881 2672/4/12
f 4568/648/3902 4569/335/3903 1277/335/3904 1275/648/3905
f 4569/335/3903 4568/648/3902 1276/648/3906 1278/335/3907
f 4569/335/3903 4570/337/3908 1271/337/3909 1277/335/3904
f 4570/337/3908 4569/335/3903 1278/335/3907 1272/337/3910
f 4570/337/3908 4571/649/3911 1273/649/3912 1271/337/3909
f 4571/649/3911 4570/337/3908 1272/337/3910 1274/649/3913
f 4571/649/3911 4568/648/3902 1275/648/3905 1273/649/3912
f 4568/648/3902 4571/649/3911 1274/649/3913 1276/648/3906
f 4572/49/3914 4573/38/3915 2011/38/196 2013/49/199
f 4573/38/3915 4572/49/3914 2014/49/200 2012/38/197
f 4573/38/3915 4574/39/3916 2005/39/3300 2011/38/196
f 4574/39/3916 4573/38/3915 2012/38/197 2006/39/3301
f 4574/39/3916 4575/25/3917 2009/25/80 2005/39/3300
f 4575/25/3917 4574/39/3916 2006/39/3301 2010/25/81
f 4575/25/3917 4572/49/3914 2013/49/199 2009/25/80
f 4572/49/3914 4575/25/3917 2010/25/81 2014/49/200
f 4576/47/3918 4577/233/3919 2037/233/927 2017/47/192
f 4577/233/3919 4576/47/3918 2018/47/193 2038/233/928
f 4577/233/3919 4578/367/3920 2029/367/3921 2037/233/927
f 4578/367/3920 4577/233/3919 2038/233/928 2030/367/3922
f 4578/367/3920 4579/48/3923 2025/48/191 2029/367/3921
f 4579/48/3923 4578/367/3920 2030/367/3922 2026/48/194
f 4579/48/3923 4576/47/3918 2017/47/192 2025/48/191
f 4576/47/3918 4579/48/3923 2026/48/194 2018/47/193
f 4580/367/3924 4581/233/3925 2037/233/927 2029/367/3921
f 4581/233/3925 4580/367/3924 2030/367/3922 2038/233/928
f 4581/233/3925 4582/232/3926 2035/232/924 2037/233/927
f 4582/232/3926 4581/233/3925 2038/233/928 2036/232/925
f 4582/232/3926 4583/588/3927 2033/588/3928 2035/232/924
f 4583/588/3927 4582/232/3926 2036/232/925 2034/588/3929
f 4583/588/3927 4580/367/3924 2029/367/3921 2033/588/3928
f 4580/367/3924 4583/588/3927 2034/588/3929 2030/367/3922
f 4584/221/3930 4585/650/3931 1911/650/3932 1907/221/3933
f 4585/650/3931 4584/221/3930 1908/221/3934 1912/650/3935
f 4585/650/3931 4586/499/3936 1905/499/2584 1911/650/3932
f 4586/499/3936 4585/650/3931 1912/650/3935 1906/499/2587
f 4586/499/3936 4587/220/3937 1897/220/2585 1905/499/2584
f 4587/220/3937 4586/499/3936 1906/499/2587 1898/220/2586
f 4587/220/3937 4584/221/3930 1907/221/3933 1897/220/2585
f 4584/221/3930 4587/220/3937 1898/220/2586 1908/221/3934
f 4588/55/3938 4589/56/3939 2631/56/3940 2627/55/3941
f 4589/56/3939 4588/55/3938 2628/55/3942 2632/56/3943
f 4589/56/3939 4590/10/3944 2629/10/3945 2631/56/3940
f 4590/10/3944 4589/56/3939 2632/56/3943 2630/10/3946
f 4590/10/3944 4591/9/3947 2625/9/3948 2629/10/3945
f 4591/9/3947 4590/10/3944 2630/10/3946 2626/9/3949
f 4591/9/3947 4588/55/3938 2627/55/3941 2625/9/3948
f 4588/55/3938 4591/9/3947 2626/9/3949 2628/55/3942
f 4592/27/3950 4593/214/3951 1969/214/862 1961/27/88
f 4593/214/3951 4592/27/3950 1962/27/89 1970/214/863
f 4593/214/3951 4594/473/3952 1967/473/2427 1969/214/862
f 4594/473/3952 4593/214/3951 1970/214/863 1968/473/2428
f 4594/473/3952 4595/28/3953 1891/28/87 1967/473/2427
f 4595/28/3953 4594/473/3952 1968/473/2428 1892/28/90
f 4595/28/3953 4592/27/3950 1961/27/88 1891/28/87
f 4592/27/3950 4595/28/3953 1892/28/90 1962/27/89
f 4596/251/3954 4597/392/3955 433/392/1891 431/251/1894
f 4597/392/3955 4596/251/3954 432/251/1895 434/392/1892
f 4597/392/3955 4598/417/3956 429/417/2016 433/392/1891
f 4598/417/3956 4597/392/3955 434/392/1892 430/417/2019
f 4598/417/3956 4599/250/3957 427/250/2017 429/417/2016
f 4599/250/3957 4598/417/3956 430/417/2019 428/250/2018
f 4599/250/3957 4596/251/3954 431/251/1894 427/250/2017
f 4596/251/3954 4599/250/3957 428/250/2018 432/251/1895
f 4600/6/3958 4601/10/3959 17/10/3960 15/6/430
f 4601/10/3959 4600/6/3958 16/6/431 18/10/3961
f 4601/10/3959 4602/56/3962 1/56/3963 17/10/3960
f 4602/56/3962 4601/10/3959 18/10/3961 2/56/3964
f 4602/56/3962 4603/7/3965 9/7/2709 1/56/3963
f 4603/7/3965 4602/56/3962 2/56/3964 10/7/2710
f 4603/7/3965 4600/6/3958 15/6/430 9/7/2709
f 4600/6/3958 4603/7/3965 10/7/2710 16/6/431
f 4604/651/3966 4605/112/3967 401/112/436 389/651/3968
f 4605/112/3967 4604/651/3966 390/651/3969 402/112/437
f 4605/112/3967 4606/115/3970 397/115/443 401/112/436
f 4606/115/3970 4605/112/3967 402/112/437 398/115/444
f 4606/115/3970 4607/652/3971 393/652/3972 397/115/443
f 4607/652/3971 4606/115/3970 398/115/444 394/652/3973
f 4607/652/3971 4604/651/3966 389/651/3968 393/652/3972
f 4604/651/3966 4607/652/3971 394/652/3973 390/651/3969
f 4608/374/3974 4609/388/3975 1923/388/3333 1925/374/1716
f 4609/388/3975 4608/374/3974 1926/374/1717 1924/388/3334
f 4609/388/3975 4610/653/3976 1927/653/3977 1923/388/3333
f 4610/653/3976 4609/388/3975 1924/388/3334 1928/653/3978
f 4610/653/3976 4608/374/3974 1925/374/1716 1927/653/3977
f 4608/374/3974 4610/653/3976 1928/653/3978 1926/374/1717
f 4611/371/3979 4612/374/3980 1925/374/1716 1929/371/1709
f 4612/374/3980 4611/371/3979 1930/371/1710 1926/374/1717
f 4612/374/3980 4613/653/3981 1931/653/3982 1925/374/1716
f 4613/653/3981 4612/374/3980 1926/374/1717 1932/653/3983
f 4613/653/3981 4611/371/3979 1929/371/1709 1931/653/3982
f 4611/371/3979 4613/653/3981 1932/653/3983 1930/371/1710
f 4614/500/3984 4615/654/3985 819/654/3986 813/500/3987
f 4615/654/3985 4614/500/3984 814/500/3988 820/654/3989
f 4615/654/3985 4616/520/3990 807/520/2765 819/654/3986
f 4616/520/3990 4615/654/3985 820/654/3989 808/520/2766
f 4616/520/3990 4617/585/3991 811/585/3992 807/520/2765
f 4617/585/3991 4616/520/3990 808/520/2766 812/585/3993
f 4617/585/3991 4614/500/3984 813/500/3987 811/585/3992
f 4614/500/3984 4617/585/3991 812/585/3993 814/500/3988
f 4618/655/3994 4619/371/3995 1929/371/1709 1933/655/3996
f 4619/371/3995 4618/655/3994 1934/655/3997 1930/371/1710
f 4619/371/3995 4620/653/3998 1935/653/3999 1929/371/1709
f 4620/653/3998 4619/371/3995 1930/371/1710 1936/653/4000
f 4620/653/3998 4618/655/3994 1933/655/3996 1935/653/3999
f 4618/655/3994 4620/653/3998 1936/653/4000 1934/655/3997
f 4621/370/4001 4622/108/4002 1533/108/4003 1531/370/4004
f 4622/108/4002 4621/370/4001 1532/370/4005 1534/108/4006
f 4622/108/4002 4623/21/4007 1521/21/63 1533/108/4003
f 4623/21/4007 4622/108/4002 1534/108/4006 1522/21/66
f 4623/21/4007 4624/207/4008 1525/207/2188 1521/21/63
f 4624/207/4008 4623/21/4007 1522/21/66 1526/207/2189
f 4624/207/4008 4621/370/4001 1531/370/4004 1525/207/2188
f 4621/370/4001 4624/207/4008 1526/207/2189 1532/370/4005
f 4625/656/4009 4626/655/4010 1933/655/3996 1937/656/4011
f 4626/655/4010 4625/656/4009 1938/656/4012 1934/655/3997
f 4626/655/4010 4627/653/4013 1939/653/4014 1933/655/3996
f 4627/653/4013 4626/655/4010 1934/655/3997 1940/653/4015
f 4627/653/4013 4625/656/4009 1937/656/4011 1939/653/4014
f 4625/656/4009 4627/653/4013 1940/653/4015 1938/656/4012
f 4628/10/4016 4629/9/4017 87/9/4018 81/10/4019
f 4629/9/4017 4628/10/4016 82/10/4020 88/9/4021
f 4629/9/4017 4630/55/4022 83/55/4023 87/9/4018
f 4630/55/4022 4629/9/4017 88/9/4021 84/55/4024
f 4630/55/4022 4631/56/4025 85/56/4026 83/55/4023
f 4631/56/4025 4630/55/4022 84/55/4024 86/56/4027
f 4631/56/4025 4628/10/4016 81/10/4019 85/56/4026
f 4628/10/4016 4631/56/4025 86/56/4027 82/10/4020
f 4632/43/4028 4633/33/4029 79/33/4030 73/43/4031
f 4633/33/4029 4632/43/4028 74/43/4032 80/33/4033
f 4633/33/4029 4634/32/4034 75/32/4035 79/33/4030
f 4634/32/4034 4633/33/4029 80/33/4033 76/32/4036
f 4634/32/4034 4635/42/4037 77/42/4038 75/32/4035
f 4635/42/4037 4634/32/4034 76/32/4036 78/42/4039
f 4635/42/4037 4632/43/4028 73/43/4031 77/42/4038
f 4632/43/4028 4635/42/4037 78/42/4039 74/43/4032
f 4636/17/4040 4637/656/4041 1937/656/4011 1945/17/52
f 4637/656/4041 4636/17/4040 1946/17/53 1938/656/4012
f 4637/656/4041 4638/653/4042 1947/653/4043 1937/656/4011
f 4638/653/4042 4637/656/4041 1938/656/4012 1948/653/4044
f 4638/653/4042 4636/17/4040 1945/17/52 1947/653/4043
f 4636/17/4040 4638/653/4042 1948/653/4044 1946/17/53
f 4639/592/4045 4640/657/4046 2051/657/4047 2045/592/3365
f 4640/657/4046 4639/592/4045 2046/592/3366 2052/657/4048
f 4640/657/4046 4641/387/4049 2047/387/1834 2051/657/4047
f 4641/387/4049 4640/657/4046 2052/657/4048 2048/387/1835
f 4641/387/4049 4642/230/4050 2039/230/920 2047/387/1834
f 4642/230/4050 4641/387/4049 2048/387/1835 2040/230/921
f 4642/230/4050 4639/592/4045 2045/592/3365 2039/230/920
f 4639/592/4045 4642/230/4050 2040/230/921 2046/592/3366
f 4643/220/4051 4644/223/4052 825/223/895 821/220/888
f 4644/223/4052 4643/220/4051 822/220/889 826/223/896
f 4644/223/4052 4645/654/4053 819/654/3986 825/223/895
f 4645/654/4053 4644/223/4052 826/223/896 820/654/3989
f 4645/654/4053 4646/500/4054 813/500/3987 819/654/3986
f 4646/500/4054 4645/654/4053 820/654/3989 814/500/3988
f 4646/500/4054 4643/220/4051 821/220/888 813/500/3987
f 4643/220/4051 4646/500/4054 814/500/3988 822/220/889
f 4647/31/4055 4648/2/4056 1141/2/946 1133/31/838
f 4648/2/4056 4647/31/4055 1134/31/839 1142/2/947
f 4648/2/4056 4649/1/4057 1137/1/1725 1141/2/946
f 4649/1/4057 4648/2/4056 1142/2/947 1138/1/1726
f 4649/1/4057 4650/5/4058 1135/5/4059 1137/1/1725
f 4650/5/4058 4649/1/4057 1138/1/1726 1136/5/4060
f 4650/5/4058 4647/31/4055 1133/31/838 1135/5/4059
f 4647/31/4055 4650/5/4058 1136/5/4060 1134/31/839
f 4651/22/4061 4652/3/4062 45/3/3375 43/22/403
f 4652/3/4062 4651/22/4061 44/22/406 46/3/3376
f 4652/3/4062 4653/2/4063 35/2/100 45/3/3375
f 4653/2/4063 4652/3/4062 46/3/3376 36/2/101
f 4653/2/4063 4654/21/4064 37/21/408 35/2/100
f 4654/21/4064 4653/2/4063 36/2/101 38/21/409
f 4654/21/4064 4651/22/4061 43/22/403 37/21/408
f 4651/22/4061 4654/21/4064 38/21/409 44/22/406
f 4655/18/4065 4656/17/4066 1945/17/52 1955/18/51
f 4656/17/4066 4655/18/4065 1956/18/54 1946/17/53
f 4656/17/4066 4657/653/4067 1957/653/4068 1945/17/52
f 4657/653/4067 4656/17/4066 1946/17/53 1958/653/4069
f 4657/653/4067 4655/18/4065 1955/18/51 1957/653/4068
f 4655/18/4065 4657/653/4067 1958/653/4069 1956/18/54
f 4658/111/4070 4659/11/4071 25/11/3324 23/111/427
f 4659/11/4071 4658/111/4070 24/111/428 26/11/3325
f 4659/11/4071 4660/10/4072 17/10/3960 25/11/3324
f 4660/10/4072 4659/11/4071 26/11/3325 18/10/3961
f 4660/10/4072 4661/6/4073 15/6/430 17/10/3960
f 4661/6/4073 4660/10/4072 18/10/3961 16/6/431
f 4661/6/4073 4658/111/4070 23/111/427 15/6/430
f 4658/111/4070 4661/6/4073 16/6/431 24/111/428
f 4662/586/4074 4663/657/4075 2051/657/4047 2055/586/3305
f 4663/657/4075 4662/586/4074 2056/586/3306 2052/657/4048
f 4663/657/4075 4664/592/4076 2045/592/3365 2051/657/4047
f 4664/592/4076 4663/657/4075 2052/657/4048 2046/592/3366
f 4664/592/4076 4665/50/4077 2015/50/204 2045/592/3365
f 4665/50/4077 4664/592/4076 2046/592/3366 2016/50/205
f 4665/50/4077 4662/586/4074 2055/586/3305 2015/50/204
f 4662/586/4074 4665/50/4077 2016/50/205 2056/586/3306
f 4666/365/4078 4667/18/4079 1955/18/51 1963/365/1654
f 4667/18/4079 4666/365/4078 1964/365/1655 1956/18/54
f 4667/18/4079 4668/653/4080 1965/653/4081 1955/18/51
f 4668/653/4080 4667/18/4079 1956/18/54 1966/653/4082
f 4668/653/4080 4666/365/4078 1963/365/1654 1965/653/4081
f 4666/365/4078 4668/653/4080 1966/653/4082 1964/365/1655
f 4669/271/4083 4670/109/4084 1043/109/4085 1041/271/4086
f 4670/109/4084 4669/271/4083 1042/271/4087 1044/109/4088
f 4670/109/4084 4671/110/4089 1039/110/4090 1043/109/4085
f 4671/110/4089 4670/109/4084 1044/109/4088 1040/110/4091
f 4671/110/4089 4672/14/4092 1037/14/4093 1039/110/4090
f 4672/14/4092 4671/110/4089 1040/110/4091 1038/14/4094
f 4672/14/4092 4669/271/4083 1041/271/4086 1037/14/4093
f 4669/271/4083 4672/14/4092 1038/14/4094 1042/271/4087
f 4673/584/4095 4674/472/4096 1979/472/2423 1977/584/3288
f 4674/472/4096 4673/584/4095 1978/584/3289 1980/472/2424
f 4674/472/4096 4675/214/4097 1969/214/862 1979/472/2423
f 4675/214/4097 4674/472/4096 1980/472/2424 1970/214/863
f 4675/214/4097 4676/213/4098 1971/213/857 1969/214/862
f 4676/213/4098 4675/214/4097 1970/214/863 1972/213/860
f 4676/213/4098 4673/584/4095 1977/584/3288 1971/213/857
f 4673/584/4095 4676/213/4098 1972/213/860 1978/584/3289
f 4677/4/4099 4678/503/4100 1597/503/4101 1595/4/2682
f 4678/503/4100 4677/4/4099 1596/4/2683 1598/503/4102
f 4678/503/4100 4679/390/4103 1593/390/2594 1597/503/4101
f 4679/390/4103 4678/503/4100 1598/503/4102 1594/390/2595
f 4679/390/4103 4680/219/4104 1589/219/1822 1593/390/2594
f 4680/219/4104 4679/390/4103 1594/390/2595 1590/219/1825
f 4680/219/4104 4677/4/4099 1595/4/2682 1589/219/1822
f 4677/4/4099 4680/219/4104 1590/219/1825 1596/4/2683
f 4681/582/4105 4682/365/4106 1963/365/1654 1973/582/3284
f 4682/365/4106 4681/582/4105 1974/582/3285 1964/365/1655
f 4682/365/4106 4683/653/4107 1975/653/4108 1963/365/1654
f 4683/653/4107 4682/365/4106 1964/365/1655 1976/653/4109
f 4683/653/4107 4681/582/4105 1973/582/3284 1975/653/4108
f 4681/582/4105 4683/653/4107 1976/653/4109 1974/582/3285
f 4684/253/4110 4685/427/4111 441/427/4112 439/253/4113
f 4685/427/4111 4684/253/4110 440/253/4114 442/427/4115
f 4685/427/4111 4686/391/4116 437/391/1886 441/427/4112
f 4686/391/4116 4685/427/4111 442/427/4115 438/391/1889
f 4686/391/4116 4687/252/4117 435/252/1887 437/391/1886
f 4687/252/4117 4686/391/4116 438/391/1889 436/252/1888
f 4687/252/4117 4684/253/4110 439/253/4113 435/252/1887
f 4684/253/4110 4687/252/4117 436/252/1888 440/253/4114
f 4688/582/4118 4689/213/4119 1971/213/857 1973/582/3284
f 4689/213/4119 4688/582/4118 1974/582/3285 1972/213/860
f 4689/213/4119 4690/212/4120 1959/212/858 1971/213/857
f 4690/212/4120 4689/213/4119 1972/213/860 1960/212/859
f 4690/212/4120 4691/365/4121 1963/365/1654 1959/212/858
f 4691/365/4121 4690/212/4120 1960/212/859 1964/365/1655
f 4691/365/4121 4688/582/4118 1973/582/3284 1963/365/1654
f 4688/582/4118 4691/365/4121 1964/365/1655 1974/582/3285
f 4692/194/4122 4693/242/4123 175/242/963 169/194/742
f 4693/242/4123 4692/194/4122 170/194/745 176/242/964
f 4693/242/4123 4694/612/4124 161/612/3517 175/242/963
f 4694/612/4124 4693/242/4123 176/242/964 162/612/3518
f 4694/612/4124 4695/195/4125 163/195/747 161/612/3517
f 4695/195/4125 4694/612/4124 162/612/3518 164/195/748
f 4695/195/4125 4692/194/4122 169/194/742 163/195/747
f 4692/194/4122 4695/195/4125 164/195/748 170/194/745
f 4696/583/4126 4697/582/4127 1973/582/3284 1981/583/3283
f 4697/582/4127 4696/583/4126 1982/583/3286 1974/582/3285
f 4697/582/4127 4698/653/4128 1983/653/4129 1973/582/3284
f 4698/653/4128 4697/582/4127 1974/582/3285 1984/653/4130
f 4698/653/4128 4696/583/4126 1981/583/3283 1983/653/4129
f 4696/583/4126 4698/653/4128 1984/653/4130 1982/583/3286
f 4699/440/4131 4700/28/4132 903/28/2719 901/440/2161
f 4700/28/4132 4699/440/4131 902/440/2162 904/28/2720
f 4700/28/4132 4701/29/4133 817/29/4134 903/28/2719
f 4701/29/4133 4700/28/4132 904/28/2720 818/29/4135
f 4701/29/4133 4702/644/4136 823/644/3846 817/29/4134
f 4702/644/4136 4701/29/4133 818/29/4135 824/644/3847
f 4702/644/4136 4699/440/4131 901/440/2161 823/644/3846
f 4699/440/4131 4702/644/4136 824/644/3847 902/440/2162
f 4703/595/4137 4704/583/4138 1981/583/3283 1985/595/3393
f 4704/583/4138 4703/595/4137 1986/595/3394 1982/583/3286
f 4704/583/4138 4705/653/4139 1987/653/4140 1981/583/3283
f 4705/653/4139 4704/583/4138 1982/583/3286 1988/653/4141
f 4705/653/4139 4703/595/4137 1985/595/3393 1987/653/4140
f 4703/595/4137 4705/653/4139 1988/653/4141 1986/595/3394
f 4706/655/4142 4707/57/4143 1915/57/234 1933/655/3996
f 4707/57/4143 4706/655/4142 1934/655/3997 1916/57/235
f 4707/57/4143 4708/372/4144 1917/372/1708 1915/57/234
f 4708/372/4144 4707/57/4143 1916/57/235 1918/372/1711
f 4708/372/4144 4709/371/4145 1929/371/1709 1917/372/1708
f 4709/371/4145 4708/372/4144 1918/372/1711 1930/371/1710
f 4709/371/4145 4706/655/4142 1933/655/3996 1929/371/1709
f 4706/655/4142 4709/371/4145 1930/371/1710 1934/655/3997
f 4710/21/4146 4711/108/4147 1533/108/4003 1521/21/63
f 4711/108/4147 4710/21/4146 1522/21/66 1534/108/4006
f 4711/108/4147 4712/107/4148 1523/107/4149 1533/108/4003
f 4712/107/4148 4711/108/4147 1534/108/4006 1524/107/4150
f 4712/107/4148 4713/22/4151 1517/22/68 1523/107/4149
f 4713/22/4151 4712/107/4148 1524/107/4150 1518/22/69
f 4713/22/4151 4710/21/4146 1521/21/63 1517/22/68
f 4710/21/4146 4713/22/4151 1518/22/69 1522/21/66
f 4714/592/4152 4715/230/4153 2039/230/920 2045/592/3365
f 4715/230/4153 4714/592/4152 2046/592/3366 2040/230/921
f 4715/230/4153 4716/233/4154 2037/233/927 2039/230/920
f 4716/233/4154 4715/230/4153 2040/230/921 2038/233/928
f 4716/233/4154 4717/47/4155 2017/47/192 2037/233/927
f 4717/47/4155 4716/233/4154 2038/233/928 2018/47/193
f 4717/47/4155 4714/592/4152 2045/592/3365 2017/47/192
f 4714/592/4152 4717/47/4155 2018/47/193 2046/592/3366
f 4718/48/4156 4719/658/4157 2027/658/4158 2025/48/191
f 4719/658/4157 4718/48/4156 2026/48/194 2028/658/4159
f 4719/658/4157 4720/659/4160 2019/659/4161 2027/658/4158
f 4720/659/4160 4719/658/4157 2028/658/4159 2020/659/4162
f 4720/659/4160 4721/38/4163 2011/38/196 2019/659/4161
f 4721/38/4163 4720/659/4160 2020/659/4162 2012/38/197
f 4721/38/4163 4718/48/4156 2025/48/191 2011/38/196
f 4718/48/4156 4721/38/4163 2012/38/197 2026/48/194
f 4722/5/4164 4723/8/4165 1207/8/4166 1135/5/4059
f 4723/8/4165 4722/5/4164 1136/5/4060 1208/8/4167
f 4723/8/4165 4724/46/4168 1131/46/841 1207/8/4166
f 4724/46/4168 4723/8/4165 1208/8/4167 1132/46/842
f 4724/46/4168 4725/31/4169 1133/31/838 1131/46/841
f 4725/31/4169 4724/46/4168 1132/46/842 1134/31/839
f 4725/31/4169 4722/5/4164 1135/5/4059 1133/31/838
f 4722/5/4164 4725/31/4169 1134/31/839 1136/5/4060
f 4726/506/4170 4727/508/4171 1889/508/2686 1949/506/2664
f 4727/508/4171 4726/506/4170 1950/506/2665 1890/508/2689
f 4727/508/4171 4728/585/4172 1901/585/3294 1889/508/2686
f 4728/585/4172 4727/508/4171 1890/508/2689 1902/585/3295
f 4728/585/4172 4729/59/4173 1909/59/238 1901/585/3294
f 4729/59/4173 4728/585/4172 1902/585/3295 1910/59/239
f 4729/59/4173 4726/506/4170 1949/506/2664 1909/59/238
f 4726/506/4170 4729/59/4173 1910/59/239 1950/506/2665
f 4730/660/4174 4731/661/4175 1161/661/4176 1155/660/4177
f 4731/661/4175 4730/660/4174 1156/660/4178 1162/661/4179
f 4731/661/4175 4732/3/4180 1157/3/1721 1161/661/4176
f 4732/3/4180 4731/661/4175 1162/661/4179 1158/3/1722
f 4732/3/4180 4733/22/4181 1153/22/2602 1157/3/1721
f 4733/22/4181 4732/3/4180 1158/3/1722 1154/22/2603
f 4733/22/4181 4730/660/4174 1155/660/4177 1153/22/2602
f 4730/660/4174 4733/22/4181 1154/22/2603 1156/660/4178
f 4734/651/4182 4735/652/4183 393/652/3972 389/651/3968
f 4735/652/4183 4734/651/4182 390/651/3969 394/652/3973
f 4735/652/4183 4736/299/4184 385/299/4185 393/652/3972
f 4736/299/4184 4735/652/4183 394/652/3973 386/299/4186
f 4736/299/4184 4737/662/4187 381/662/4188 385/299/4185
f 4737/662/4187 4736/299/4184 386/299/4186 382/662/4189
f 4737/662/4187 4734/651/4182 389/651/3968 381/662/4188
f 4734/651/4182 4737/662/4187 382/662/4189 390/651/3969
f 4738/21/4190 4739/2/4191 35/2/100 37/21/408
f 4739/2/4191 4738/21/4190 38/21/409 36/2/101
f 4739/2/4191 4740/31/4192 13/31/107 35/2/100
f 4740/31/4192 4739/2/4191 36/2/101 14/31/108
f 4740/31/4192 4741/207/4193 21/207/3177 13/31/107
f 4741/207/4193 4740/31/4192 14/31/108 22/207/3178
f 4741/207/4193 4738/21/4190 37/21/408 21/207/3177
f 4738/21/4190 4741/207/4193 22/207/3178 38/21/409
f 4742/4/4194 4743/219/4195 29/219/1864 49/4/2636
f 4743/219/4195 4742/4/4194 50/4/2637 30/219/1865
f 4743/219/4195 4744/111/4196 23/111/427 29/219/1864
f 4744/111/4196 4743/219/4195 30/219/1865 24/111/428
f 4744/111/4196 4745/1/4197 19/1/99 23/111/427
f 4745/1/4197 4744/111/4196 24/111/428 20/1/102
f 4745/1/4197 4742/4/4194 49/4/2636 19/1/99
f 4742/4/4194 4745/1/4197 20/1/102 50/4/2637
f 4746/6/4198 4747/5/4199 1135/5/4059 1203/6/2131
f 4747/5/4199 4746/6/4198 1204/6/2132 1136/5/4060
f 4747/5/4199 4748/1/4200 1137/1/1725 1135/5/4059
f 4748/1/4200 4747/5/4199 1136/5/4060 1138/1/1726
f 4748/1/4200 4749/111/4201 1209/111/2124 1137/1/1725
f 4749/111/4201 4748/1/4200 1138/1/1726 1210/111/2125
f 4749/111/4201 4746/6/4198 1203/6/2131 1209/111/2124
f 4746/6/4198 4749/111/4201 1210/111/2125 1204/6/2132
f 4750/368/4202 4751/588/4203 761/588/4204 755/368/3404
f 4751/588/4203 4750/368/4202 756/368/3405 762/588/4205
f 4751/588/4203 4752/367/4206 759/367/1680 761/588/4204
f 4752/367/4206 4751/588/4203 762/588/4205 760/367/1683
f 4752/367/4206 4753/366/4207 753/366/1681 759/367/1680
f 4753/366/4207 4752/367/4206 760/367/1683 754/366/1682
f 4753/366/4207 4750/368/4202 755/368/3404 753/366/1681
f 4750/368/4202 4753/366/4207 754/366/1682 756/368/3405
f 4754/656/4208 4755/58/4209 1941/58/233 1937/656/4011
f 4755/58/4209 4754/656/4208 1938/656/4012 1942/58/236
f 4755/58/4209 4756/57/4210 1915/57/234 1941/58/233
f 4756/57/4210 4755/58/4209 1942/58/236 1916/57/235
f 4756/57/4210 4757/655/4211 1933/655/3996 1915/57/234
f 4757/655/4211 4756/57/4210 1916/57/235 1934/655/3997
f 4757/655/4211 4754/656/4208 1937/656/4011 1933/655/3996
f 4754/656/4208 4757/655/4211 1934/655/3997 1938/656/4012
f 4758/108/4212 4759/21/4213 37/21/408 39/108/411
f 4759/21/4213 4758/108/4212 40/108/412 38/21/409
f 4759/21/4213 4760/207/4214 21/207/3177 37/21/408
f 4760/207/4214 4759/21/4213 38/21/409 22/207/3178
f 4760/207/4214 4761/370/4215 33/370/4216 21/207/3177
f 4761/370/4215 4760/207/4214 22/207/3178 34/370/4217
f 4761/370/4215 4758/108/4212 39/108/411 33/370/4216
f 4758/108/4212 4761/370/4215 34/370/4217 40/108/412
f 4762/5/4218 4763/6/4219 1203/6/2131 1135/5/4059
f 4763/6/4219 4762/5/4218 1136/5/4060 1204/6/2132
f 4763/6/4219 4764/7/4220 1201/7/2570 1203/6/2131
f 4764/7/4220 4763/6/4219 1204/6/2132 1202/7/2571
f 4764/7/4220 4765/8/4221 1207/8/4166 1201/7/2570
f 4765/8/4221 4764/7/4220 1202/7/2571 1208/8/4167
f 4765/8/4221 4762/5/4218 1135/5/4059 1207/8/4166
f 4762/5/4218 4765/8/4221 1208/8/4167 1136/5/4060
f 4766/111/4222 4767/219/4223 2659/219/880 2665/111/883
f 4767/219/4223 4766/111/4222 2666/111/884 2660/219/881
f 4767/219/4223 4768/32/4224 2657/32/2580 2659/219/880
f 4768/32/4224 4767/219/4223 2660/219/881 2658/32/2581
f 4768/32/4224 4769/11/4225 2663/11/4226 2657/32/2580
f 4769/11/4225 4768/32/4224 2658/32/2581 2664/11/4227
f 4769/11/4225 4766/111/4222 2665/111/883 2663/11/4226
f 4766/111/4222 4769/11/4225 2664/11/4227 2666/111/884
f 4770/663/4228 4771/221/4229 1907/221/3933 2069/663/4230
f 4771/221/4229 4770/663/4228 2070/663/4231 1908/221/3934
f 4771/221/4229 4772/220/4232 1897/220/2585 1907/221/3933
f 4772/220/4232 4771/221/4229 1908/221/3934 1898/220/2586
f 4772/220/4232 4773/647/4233 1895/647/3894 1897/220/2585
f 4773/647/4233 4772/220/4232 1898/220/2586 1896/647/3895
f 4773/647/4233 4770/663/4228 2069/663/4230 1895/647/3894
f 4770/663/4228 4773/647/4233 1896/647/3895 2070/663/4231
f 4774/264/4234 4775/611/4235 879/611/4236 875/264/4237
f 4775/611/4235 4774/264/4234 876/264/4238 880/611/4239
f 4775/611/4235 4776/350/4240 877/350/4241 879/611/4236
f 4776/350/4240 4775/611/4235 880/611/4239 878/350/4242
f 4776/350/4240 4777/262/4243 873/262/4244 877/350/4241
f 4777/262/4243 4776/350/4240 878/350/4242 874/262/4245
f 4777/262/4243 4774/264/4234 875/264/4237 873/262/4244
f 4774/264/4234 4777/262/4243 874/262/4245 876/264/4238
f 4778/232/4246 4779/231/4247 1921/231/3337 1913/232/4248
f 4779/231/4247 4778/232/4246 1914/232/4249 1922/231/3338
f 4779/231/4247 4780/373/4250 1919/373/1713 1921/231/3337
f 4780/373/4250 4779/231/4247 1922/231/3338 1920/373/1714
f 4780/373/4250 4781/650/4251 1911/650/3932 1919/373/1713
f 4781/650/4251 4780/373/4250 1920/373/1714 1912/650/3935
f 4781/650/4251 4778/232/4246 1913/232/4248 1911/650/3932
f 4778/232/4246 4781/650/4251 1912/650/3935 1914/232/4249
f 4782/33/4252 4783/12/4253 71/12/4254 65/33/4255
f 4783/12/4253 4782/33/4252 66/33/4256 72/12/4257
f 4783/12/4253 4784/11/4258 67/11/4259 71/12/4254
f 4784/11/4258 4783/12/4253 72/12/4257 68/11/4260
f 4784/11/4258 4785/32/4261 69/32/4262 67/11/4259
f 4785/32/4261 4784/11/4258 68/11/4260 70/32/4263
f 4785/32/4261 4782/33/4252 65/33/4255 69/32/4262
f 4782/33/4252 4785/32/4261 70/32/4263 66/33/4256
f 4786/156/4264 4787/155/4265 2537/155/4266 2533/156/4267
f 4787/155/4265 4786/156/4264 2534/156/4268 2538/155/4269
f 4787/155/4265 4788/79/4270 2535/79/4271 2537/155/4266
f 4788/79/4270 4787/155/4265 2538/155/4269 2536/79/4272
f 4788/79/4270 4789/78/4273 2525/78/4274 2535/79/4271
f 4789/78/4273 4788/79/4270 2536/79/4272 2526/78/4275
f 4789/78/4273 4786/156/4264 2533/156/4267 2525/78/4274
f 4786/156/4264 4789/78/4273 2526/78/4275 2534/156/4268
f 4790/45/4276 4791/595/4277 1985/595/3393 2065/45/171
f 4791/595/4277 4790/45/4276 2066/45/174 1986/595/3394
f 4791/595/4277 4792/593/4278 2061/593/3381 1985/595/3393
f 4792/593/4278 4791/595/4277 1986/595/3394 2062/593/3382
f 4792/593/4278 4793/23/4279 2007/23/76 2061/593/3381
f 4793/23/4279 4792/593/4278 2062/593/3382 2008/23/77
f 4793/23/4279 4790/45/4276 2065/45/171 2007/23/76
f 4790/45/4276 4793/23/4279 2008/23/77 2066/45/174
f 4794/388/4280 4795/387/4281 2047/387/1834 2043/388/1837
f 4795/387/4281 4794/388/4280 2044/388/1838 2048/387/1835
f 4795/387/4281 4796/653/4282 2049/653/4283 2047/387/1834
f 4796/653/4282 4795/387/4281 2048/387/1835 2050/653/4284
f 4796/653/4282 4794/388/4280 2043/388/1837 2049/653/4283
f 4794/388/4280 4796/653/4282 2050/653/4284 2044/388/1838
f 4797/387/4285 4798/657/4286 2051/657/4047 2047/387/1834
f 4798/657/4286 4797/387/4285 2048/387/1835 2052/657/4048
f 4798/657/4286 4799/653/4287 2053/653/4288 2051/657/4047
f 4799/653/4287 4798/657/4286 2052/657/4048 2054/653/4289
f 4799/653/4287 4797/387/4285 2047/387/1834 2053/653/4288
f 4797/387/4285 4799/653/4287 2054/653/4289 2048/387/1835
f 4800/584/4290 4801/45/4291 2065/45/171 1977/584/3288
f 4801/45/4291 4800/584/4290 1978/584/3289 2066/45/174
f 4801/45/4291 4802/44/4292 1991/44/172 2065/45/171
f 4802/44/4292 4801/45/4291 2066/45/174 1992/44/173
f 4802/44/4292 4803/472/4293 1979/472/2423 1991/44/172
f 4803/472/4293 4802/44/4292 1992/44/173 1980/472/2424
f 4803/472/4293 4800/584/4290 1977/584/3288 1979/472/2423
f 4800/584/4290 4803/472/4293 1980/472/2424 1978/584/3289
f 4804/657/4294 4805/586/4295 2055/586/3305 2051/657/4047
f 4805/586/4295 4804/657/4294 2052/657/4048 2056/586/3306
f 4805/586/4295 4806/653/4296 2057/653/4297 2055/586/3305
f 4806/653/4296 4805/586/4295 2056/586/3306 2058/653/4298
f 4806/653/4296 4804/657/4294 2051/657/4047 2057/653/4297
f 4804/657/4294 4806/653/4296 2058/653/4298 2052/657/4048
f 4807/586/4299 4808/587/4300 2023/587/3309 2055/586/3305
f 4808/587/4300 4807/586/4299 2056/586/3306 2024/587/3310
f 4808/587/4300 4809/653/4301 2059/653/4302 2023/587/3309
f 4809/653/4301 4808/587/4300 2024/587/3310 2060/653/4303
f 4809/653/4301 4807/586/4299 2055/586/3305 2059/653/4302
f 4807/586/4299 4809/653/4301 2060/653/4303 2056/586/3306
f 4810/587/4304 4811/593/4305 2061/593/3381 2023/587/3309
f 4811/593/4305 4810/587/4304 2024/587/3310 2062/593/3382
f 4811/593/4305 4812/653/4306 2063/653/4307 2061/593/3381
f 4812/653/4306 4811/593/4305 2062/593/3382 2064/653/4308
f 4812/653/4306 4810/587/4304 2023/587/3309 2063/653/4307
f 4810/587/4304 4812/653/4306 2064/653/4308 2024/587/3310
f 4813/31/4309 4814/2/4310 1519/2/64 1527/31/179
f 4814/2/4310 4813/31/4309 1528/31/182 1520/2/65
f 4814/2/4310 4815/1/4311 1581/1/1868 1519/2/64
f 4815/1/4311 4814/2/4310 1520/2/65 1582/1/1869
f 4815/1/4311 4816/5/4312 1575/5/184 1581/1/1868
f 4816/5/4312 4815/1/4311 1582/1/1869 1576/5/185
f 4816/5/4312 4813/31/4309 1527/31/179 1575/5/184
f 4813/31/4309 4816/5/4312 1576/5/185 1528/31/182
f 4817/593/4313 4818/595/4314 1985/595/3393 2061/593/3381
f 4818/595/4314 4817/593/4313 2062/593/3382 1986/595/3394
f 4818/595/4314 4819/653/4315 2067/653/4316 1985/595/3393
f 4819/653/4315 4818/595/4314 1986/595/3394 2068/653/4317
f 4819/653/4315 4817/593/4313 2061/593/3381 2067/653/4316
f 4817/593/4313 4819/653/4315 2068/653/4317 2062/593/3382
f 4820/661/4318 4821/503/4319 2677/503/3898 2679/661/4320
f 4821/503/4319 4820/661/4318 2680/661/4321 2678/503/3899
f 4821/503/4319 4822/4/4322 2671/4/11 2677/503/3898
f 4822/4/4322 4821/503/4319 2678/503/3899 2672/4/12
f 4822/4/4322 4823/3/4323 2673/3/8 2671/4/11
f 4823/3/4323 4822/4/4322 2672/4/12 2674/3/9
f 4823/3/4323 4820/661/4318 2679/661/4320 2673/3/8
f 4820/661/4318 4823/3/4323 2674/3/9 2680/661/4321
f 4824/594/4324 4825/664/4325 149/664/4326 171/594/3387
f 4825/664/4325 4824/594/4324 172/594/3388 150/664/4327
f 4825/664/4325 4826/522/4328 145/522/2790 149/664/4326
f 4826/522/4328 4825/664/4325 150/664/4327 146/522/2791
f 4826/522/4328 4827/441/4329 177/441/2165 145/522/2790
f 4827/441/4329 4826/522/4328 146/522/2791 178/441/2166
f 4827/441/4329 4824/594/4324 171/594/3387 177/441/2165
f 4824/594/4324 4827/441/4329 178/441/2166 172/594/3388
f 4828/524/4330 4829/490/4331 2407/490/4332 2405/524/4333
f 4829/490/4331 4828/524/4330 2406/524/4334 2408/490/4335
f 4829/490/4331 4830/453/4336 2403/453/4337 2407/490/4332
f 4830/453/4336 4829/490/4331 2408/490/4335 2404/453/4338
f 4830/453/4336 4831/294/4339 2401/294/4340 2403/453/4337
f 4831/294/4339 4830/453/4336 2404/453/4338 2402/294/4341
f 4831/294/4339 4828/524/4330 2405/524/4333 2401/294/4340
f 4828/524/4330 4831/294/4339 2402/294/4341 2406/524/4334
f 4832/221/4342 4833/588/4343 2071/588/4344 1907/221/3933
f 4833/588/4343 4832/221/4342 1908/221/3934 2072/588/4345
f 4833/588/4343 4834/232/4346 1913/232/4248 2071/588/4344
f 4834/232/4346 4833/588/4343 2072/588/4345 1914/232/4249
f 4834/232/4346 4835/650/4347 1911/650/3932 1913/232/4248
f 4835/650/4347 4834/232/4346 1914/232/4249 1912/650/3935
f 4835/650/4347 4832/221/4342 1907/221/3933 1911/650/3932
f 4832/221/4342 4835/650/4347 1912/650/3935 1908/221/3934
f 4836/664/4348 4837/665/4349 147/665/4350 149/664/4326
f 4837/665/4349 4836/664/4348 150/664/4327 148/665/4351
f 4837/665/4349 4838/666/4352 143/666/4353 147/665/4350
f 4838/666/4352 4837/665/4349 148/665/4351 144/666/4354
f 4838/666/4352 4839/522/4355 145/522/2790 143/666/4353
f 4839/522/4355 4838/666/4352 144/666/4354 146/522/2791
f 4839/522/4355 4836/664/4348 149/664/4326 145/522/2790
f 4836/664/4348 4839/522/4355 146/522/2791 150/664/4327
f 4840/37/4356 4841/36/4357 1995/36/1846 1989/37/2422
f 4841/36/4357 4840/37/4356 1990/37/2425 1996/36/1847
f 4841/36/4357 4842/505/4358 1997/505/2652 1995/36/1846
f 4842/505/4358 4841/36/4357 1996/36/1847 1998/505/2653
f 4842/505/4358 4843/667/4359 1993/667/4360 1997/505/2652
f 4843/667/4359 4842/505/4358 1998/505/2653 1994/667/4361
f 4843/667/4359 4840/37/4356 1989/37/2422 1993/667/4360
f 4840/37/4356 4843/667/4359 1994/667/4361 1990/37/2425
f 4844/351/4362 4845/393/4363 935/393/4364 933/351/4365
f 4845/393/4363 4844/351/4362 934/351/4366 936/393/4367
f 4845/393/4363 4846/394/4368 931/394/4369 935/393/4364
f 4846/394/4368 4845/393/4363 936/393/4367 932/394/4370
f 4846/394/4368 4847/613/4371 929/613/4372 931/394/4369
f 4847/613/4371 4846/394/4368 932/394/4370 930/613/4373
f 4847/613/4371 4844/351/4362 933/351/4365 929/613/4372
f 4844/351/4362 4847/613/4371 930/613/4373 934/351/4366
f 4848/350/4374 4849/469/4375 939/469/4376 937/350/4377
f 4849/469/4375 4848/350/4374 938/350/4378 940/469/4379
f 4849/469/4375 4850/393/4380 935/393/4364 939/469/4376
f 4850/393/4380 4849/469/4375 940/469/4379 936/393/4367
f 4850/393/4380 4851/351/4381 933/351/4365 935/393/4364
f 4851/351/4381 4850/393/4380 936/393/4367 934/351/4366
f 4851/351/4381 4848/350/4374 937/350/4377 933/351/4365
f 4848/350/4374 4851/351/4381 934/351/4366 938/350/4378
f 4852/662/4382 4853/299/4383 385/299/4185 381/662/4188
f 4853/299/4383 4852/662/4382 382/662/4189 386/299/4186
f 4853/299/4383 4854/218/4384 379/218/875 385/299/4185
f 4854/218/4384 4853/299/4383 386/299/4186 380/218/876
f 4854/218/4384 4855/217/4385 377/217/872 379/218/875
f 4855/217/4385 4854/218/4384 380/218/876 378/217/873
f 4855/217/4385 4852/662/4382 381/662/4188 377/217/872
f 4852/662/4382 4855/217/4385 378/217/873 382/662/4189
f 4856/53/4386 4857/243/4387 1641/243/3528 1635/53/214
f 4857/243/4387 4856/53/4386 1636/53/215 1642/243/3529
f 4857/243/4387 4858/432/4388 1633/432/4389 1641/243/3528
f 4858/432/4388 4857/243/4387 1642/243/3529 1634/432/4390
f 4858/432/4388 4859/668/4391 1631/668/4392 1633/432/4389
f 4859/668/4391 4858/432/4388 1634/432/4390 1632/668/4393
f 4859/668/4391 4856/53/4386 1635/53/214 1631/668/4392
f 4856/53/4386 4859/668/4391 1632/668/4393 1636/53/215
f 4860/341/4394 4861/669/4395 1249/669/4396 1237/341/1515
f 4861/669/4395 4860/341/4394 1238/341/1516 1250/669/4397
f 4861/669/4395 4862/463/4398 1245/463/2365 1249/669/4396
f 4862/463/4398 4861/669/4395 1250/669/4397 1246/463/2366
f 4862/463/4398 4863/342/4399 1229/342/1518 1245/463/2365
f 4863/342/4399 4862/463/4398 1246/463/2366 1230/342/1519
f 4863/342/4399 4860/341/4394 1237/341/1515 1229/342/1518
f 4860/341/4394 4863/342/4399 1230/342/1519 1238/341/1516
f 4864/96/4400 4865/105/4401 2275/105/4402 2271/96/4403
f 4865/105/4401 4864/96/4400 2272/96/4404 2276/105/4405
f 4865/105/4401 4866/670/4406 2273/670/4407 2275/105/4402
f 4866/670/4406 4865/105/4401 2276/105/4405 2274/670/4408
f 4866/670/4406 4867/575/4409 2269/575/4410 2273/670/4407
f 4867/575/4409 4866/670/4406 2274/670/4408 2270/575/4411
f 4867/575/4409 4864/96/4400 2271/96/4403 2269/575/4410
f 4864/96/4400 4867/575/4409 2270/575/4411 2272/96/4404
f 4868/556/4412 4869/671/4413 2783/671/4414 2781/556/4415
f 4869/671/4413 4868/556/4412 2782/556/4416 2784/671/4417
f 4869/671/4413 4870/347/4418 2777/347/3708 2783/671/4414
f 4870/347/4418 4869/671/4413 2784/671/4417 2778/347/3709
f 4870/347/4418 4871/557/4419 2779/557/3705 2777/347/3708
f 4871/557/4419 4870/347/4418 2778/347/3709 2780/557/3706
f 4871/557/4419 4868/556/4412 2781/556/4415 2779/557/3705
f 4868/556/4412 4871/557/4419 2780/557/3706 2782/556/4416
f 4872/432/4420 4873/323/4421 1235/323/1436 1287/432/4422
f 4873/323/4421 4872/432/4420 1288/432/4423 1236/323/1437
f 4873/323/4421 4874/326/4424 1231/326/1443 1235/323/1436
f 4874/326/4424 4873/323/4421 1236/323/1437 1232/326/1444
f 4874/326/4424 4875/243/4425 1289/243/4426 1231/326/1443
f 4875/243/4425 4874/326/4424 1232/326/1444 1290/243/4427
f 4875/243/4425 4872/432/4420 1287/432/4422 1289/243/4426
f 4872/432/4420 4875/243/4425 1290/243/4427 1288/432/4423
f 4876/552/4428 4877/551/4429 1285/551/4430 1281/552/4431
f 4877/551/4429 4876/552/4428 1282/552/4432 1286/551/4433
f 4877/551/4429 4878/559/4434 1283/559/4435 1285/551/4430
f 4878/559/4434 4877/551/4429 1286/551/4433 1284/559/4436
f 4878/559/4434 4879/672/4437 1279/672/4438 1283/559/4435
f 4879/672/4437 4878/559/4434 1284/559/4436 1280/672/4439
f 4879/672/4437 4876/552/4428 1281/552/4431 1279/672/4438
f 4876/552/4428 4879/672/4437 1280/672/4439 1282/552/4432
f 4880/257/4440 4881/485/4441 2551/485/4442 2549/257/4443
f 4881/485/4441 4880/257/4440 2550/257/4444 2552/485/4445
f 4881/485/4441 4882/284/4446 2547/284/4447 2551/485/4442
f 4882/284/4446 4881/485/4441 2552/485/4445 2548/284/4448
f 4882/284/4446 4883/254/4449 2545/254/4450 2547/284/4447
f 4883/254/4449 4882/284/4446 2548/284/4448 2546/254/4451
f 4883/254/4449 4880/257/4440 2549/257/4443 2545/254/4450
f 4880/257/4440 4883/254/4449 2546/254/4451 2550/257/4444
f 4884/184/4452 4885/673/4453 1677/673/4454 1673/184/714
f 4885/673/4453 4884/184/4452 1674/184/715 1678/673/4455
f 4885/673/4453 4886/674/4456 1675/674/4457 1677/673/4454
f 4886/674/4456 4885/673/4453 1678/673/4455 1676/674/4458
f 4886/674/4456 4887/181/4459 1669/181/707 1675/674/4457
f 4887/181/4459 4886/674/4456 1676/674/4458 1670/181/708
f 4887/181/4459 4884/184/4452 1673/184/714 1669/181/707
f 4884/184/4452 4887/181/4459 1670/181/708 1674/184/715
f 4888/273/4460 4889/383/4461 2357/383/4462 2353/273/4463
f 4889/383/4461 4888/273/4460 2354/273/4464 2358/383/4465
f 4889/383/4461 4890/208/4466 2355/208/4467 2357/383/4462
f 4890/208/4466 4889/383/4461 2358/383/4465 2356/208/4468
f 4890/208/4466 4891/274/4469 2349/274/4470 2355/208/4467
f 4891/274/4469 4890/208/4466 2356/208/4468 2350/274/4471
f 4891/274/4469 4888/273/4460 2353/273/4463 2349/274/4470
f 4888/273/4460 4891/274/4469 2350/274/4471 2354/273/4464
f 4892/675/4472 4893/673/4473 1775/673/4474 1773/675/4475
f 4893/673/4473 4892/675/4472 1774/675/4476 1776/673/4477
f 4893/673/4473 4894/184/4478 1765/184/4479 1775/673/4474
f 4894/184/4478 4893/673/4473 1776/673/4477 1766/184/4480
f 4894/184/4478 4895/455/4481 1769/455/4482 1765/184/4479
f 4895/455/4481 4894/184/4478 1766/184/4480 1770/455/4483
f 4895/455/4481 4892/675/4472 1773/675/4475 1769/455/4482
f 4892/675/4472 4895/455/4481 1770/455/4483 1774/675/4476
f 4896/386/4484 4897/435/4485 519/435/4486 515/386/4487
f 4897/435/4485 4896/386/4484 516/386/4488 520/435/4489
f 4897/435/4485 4898/491/4490 517/491/4491 519/435/4486
f 4898/491/4490 4897/435/4485 520/435/4489 518/491/4492
f 4898/491/4490 4899/258/4493 513/258/4494 517/491/4491
f 4899/258/4493 4898/491/4490 518/491/4492 514/258/4495
f 4899/258/4493 4896/386/4484 515/386/4487 513/258/4494
f 4896/386/4484 4899/258/4493 514/258/4495 516/386/4488
f 4900/312/4496 4901/496/4497 2195/496/4498 2193/312/4499
f 4901/496/4497 4900/312/4496 2194/312/4500 2196/496/4501
f 4901/496/4497 4902/313/4502 2191/313/4503 2195/496/4498
f 4902/313/4502 4901/496/4497 2196/496/4501 2192/313/4504
f 4902/313/4502 4900/312/4496 2193/312/4499 2191/313/4503
f 4900/312/4496 4902/313/4502 2192/313/4504 2194/312/4500
f 4903/496/4505 4904/312/4506 2193/312/4499 2195/496/4498
f 4904/312/4506 4903/496/4505 2196/496/4501 2194/312/4500
f 4904/312/4506 4905/676/4507 2197/676/4508 2193/312/4499
f 4905/676/4507 4904/312/4506 2194/312/4500 2198/676/4509
f 4905/676/4507 4903/496/4505 2195/496/4498 2197/676/4508
f 4903/496/4505 4905/676/4507 2198/676/4509 2196/496/4501
f 4906/303/4510 4907/306/4511 1457/306/1333 1453/303/1326
f 4907/306/4511 4906/303/4510 1454/303/1327 1458/306/1334
f 4907/306/4511 4908/512/4512 1449/512/2704 1457/306/1333
f 4908/512/4512 4907/306/4511 1458/306/1334 1450/512/2705
f 4908/512/4512 4909/465/4513 1451/465/2701 1449/512/2704
f 4909/465/4513 4908/512/4512 1450/512/2705 1452/465/2702
f 4909/465/4513 4906/303/4510 1453/303/1326 1451/465/2701
f 4906/303/4510 4909/465/4513 1452/465/2702 1454/303/1327
f 4910/61/4514 4911/381/4515 135/381/1768 125/61/2925
f 4911/381/4515 4910/61/4514 126/61/2926 136/381/1769
f 4911/381/4515 4912/380/4516 127/380/1765 135/381/1768
f 4912/380/4516 4911/381/4515 136/381/1769 128/380/1766
f 4912/380/4516 4913/303/4517 129/303/2918 127/380/1765
f 4913/303/4517 4912/380/4516 128/380/1766 130/303/2919
f 4913/303/4517 4910/61/4514 125/61/2925 129/303/2918
f 4910/61/4514 4913/303/4517 130/303/2919 126/61/2926
f 4914/186/4518 4915/418/4519 2215/418/4520 2213/186/4521
f 4915/418/4519 4914/186/4518 2214/186/4522 2216/418/4523
f 4915/418/4519 4916/187/4524 2211/187/4525 2215/418/4520
f 4916/187/4524 4915/418/4519 2216/418/4523 2212/187/4526
f 4916/187/4524 4914/186/4518 2213/186/4521 2211/187/4525
f 4914/186/4518 4916/187/4524 2212/187/4526 2214/186/4522
f 4917/677/4527 4918/418/4528 2215/418/4520 2217/677/4529
f 4918/418/4528 4917/677/4527 2218/677/4530 2216/418/4523
f 4918/418/4528 4919/186/4531 2213/186/4521 2215/418/4520
f 4919/186/4531 4918/418/4528 2216/418/4523 2214/186/4522
f 4919/186/4531 4917/677/4527 2217/677/4529 2213/186/4521
f 4917/677/4527 4919/186/4531 2214/186/4522 2218/677/4530
f 4920/402/4532 4921/425/4533 983/425/4534 979/402/1948
f 4921/425/4533 4920/402/4532 980/402/1951 984/425/4535
f 4921/425/4533 4922/263/4536 981/263/4537 983/425/4534
f 4922/263/4536 4921/425/4533 984/425/4535 982/263/4538
f 4922/263/4536 4923/290/4539 977/290/1953 981/263/4537
f 4923/290/4539 4922/263/4536 982/263/4538 978/290/1954
f 4923/290/4539 4920/402/4532 979/402/1948 977/290/1953
f 4920/402/4532 4923/290/4539 978/290/1954 980/402/1951
f 4924/254/4540 4925/678/4541 2235/678/4542 2233/254/4543
f 4925/678/4541 4924/254/4540 2234/254/4544 2236/678/4545
f 4925/678/4541 4926/255/4546 2231/255/4547 2235/678/4542
f 4926/255/4546 4925/678/4541 2236/678/4545 2232/255/4548
f 4926/255/4546 4924/254/4540 2233/254/4543 2231/255/4547
f 4924/254/4540 4926/255/4546 2232/255/4548 2234/254/4544
f 4927/678/4549 4928/254/4550 2233/254/4543 2235/678/4542
f 4928/254/4550 4927/678/4549 2236/678/4545 2234/254/4544
f 4928/254/4550 4929/283/4551 2237/283/4552 2233/254/4543
f 4929/283/4551 4928/254/4550 2234/254/4544 2238/283/4553
f 4929/283/4551 4927/678/4549 2235/678/4542 2237/283/4552
f 4927/678/4549 4929/283/4551 2238/283/4553 2236/678/4545
f 4930/525/4554 4931/542/4555 2751/542/4556 2757/525/2808
f 4931/542/4555 4930/525/4554 2758/525/2809 2752/542/4557
f 4931/542/4555 4932/117/4558 2747/117/1618 2751/542/4556
f 4932/117/4558 4931/542/4555 2752/542/4557 2748/117/1621
f 4932/117/4558 4933/361/4559 2753/361/1619 2747/117/1618
f 4933/361/4559 4932/117/4558 2748/117/1621 2754/361/1620
f 4933/361/4559 4930/525/4554 2757/525/2808 2753/361/1619
f 4930/525/4554 4933/361/4559 2754/361/1620 2758/525/2809
f 4934/579/4560 4935/431/4561 2735/431/2090 2727/579/3267
f 4935/431/4561 4934/579/4560 2728/579/3268 2736/431/2091
f 4935/431/4561 4936/433/4562 2733/433/2097 2735/431/2090
f 4936/433/4562 4935/431/4561 2736/431/2091 2734/433/2098
f 4936/433/4562 4937/679/4563 2723/679/4564 2733/433/2097
f 4937/679/4563 4936/433/4562 2734/433/2098 2724/679/4565
f 4937/679/4563 4934/579/4560 2727/579/3267 2723/679/4564
f 4934/579/4560 4937/679/4563 2724/679/4565 2728/579/3268
f 4938/189/4566 4939/434/4567 971/434/4568 967/189/4569
f 4939/434/4567 4938/189/4566 968/189/4570 972/434/4571
f 4939/434/4567 4940/287/4572 969/287/4573 971/434/4568
f 4940/287/4572 4939/434/4567 972/434/4571 970/287/4574
f 4940/287/4572 4941/190/4575 965/190/4576 969/287/4573
f 4941/190/4575 4940/287/4572 970/287/4574 966/190/4577
f 4941/190/4575 4938/189/4566 967/189/4569 965/190/4576
f 4938/189/4566 4941/190/4575 966/190/4577 968/189/4570
f 4942/680/4578 4943/364/4579 2425/364/4580 2423/680/4581
f 4943/364/4579 4942/680/4578 2424/680/4582 2426/364/4583
f 4943/364/4579 4944/363/4584 2421/363/3227 2425/364/4580
f 4944/363/4584 4943/364/4579 2426/364/4583 2422/363/3230
f 4944/363/4584 4945/489/4585 2417/489/3228 2421/363/3227
f 4945/489/4585 4944/363/4584 2422/363/3230 2418/489/3229
f 4945/489/4585 4942/680/4578 2423/680/4581 2417/489/3228
f 4942/680/4578 4945/489/4585 2418/489/3229 2424/680/4582
f 4946/135/4586 4947/338/4587 715/338/4588 711/135/4589
f 4947/338/4587 4946/135/4586 712/135/4590 716/338/4591
f 4947/338/4587 4948/329/4592 713/329/4593 715/338/4588
f 4948/329/4592 4947/338/4587 716/338/4591 714/329/4594
f 4948/329/4592 4949/136/4595 707/136/4596 713/329/4593
f 4949/136/4595 4948/329/4592 714/329/4594 708/136/4597
f 4949/136/4595 4946/135/4586 711/135/4589 707/136/4596
f 4946/135/4586 4949/136/4595 708/136/4597 712/135/4590
f 4950/468/4598 4951/498/4599 2129/498/4600 2125/468/4601
f 4951/498/4599 4950/468/4598 2126/468/4602 2130/498/4603
f 4951/498/4599 4952/681/4604 2127/681/4605 2129/498/4600
f 4952/681/4604 4951/498/4599 2130/498/4603 2128/681/4606
f 4952/681/4604 4953/123/4607 2121/123/4608 2127/681/4605
f 4953/123/4607 4952/681/4604 2128/681/4606 2122/123/4609
f 4953/123/4607 4950/468/4598 2125/468/4601 2121/123/4608
f 4950/468/4598 4953/123/4607 2122/123/4609 2126/468/4602
f 4954/682/4610 4955/430/4611 891/430/2085 889/682/4612
f 4955/430/4611 4954/682/4610 890/682/4613 892/430/2086
f 4955/430/4611 4956/518/4614 861/518/2761 891/430/2085
f 4956/518/4614 4955/430/4611 892/430/2086 862/518/2762
f 4956/518/4614 4957/683/4615 859/683/4616 861/518/2761
f 4957/683/4615 4956/518/4614 862/518/2762 860/683/4617
f 4957/683/4615 4954/682/4610 889/682/4612 859/683/4616
f 4954/682/4610 4957/683/4615 860/683/4617 890/682/4613
f 4958/683/4618 4959/518/4619 861/518/2761 859/683/4616
f 4959/518/4619 4958/683/4618 860/683/4617 862/518/2762
f 4959/518/4619 4960/406/4620 857/406/1973 861/518/2761
f 4960/406/4620 4959/518/4619 862/518/2762 858/406/1974
f 4960/406/4620 4961/409/4621 855/409/1980 857/406/1973
f 4961/409/4621 4960/406/4620 858/406/1974 856/409/1981
f 4961/409/4621 4958/683/4618 859/683/4616 855/409/1980
f 4958/683/4618 4961/409/4621 856/409/1981 860/683/4617
f 4962/324/4622 4963/684/4623 1243/684/4624 1239/324/1435
f 4963/684/4623 4962/324/4622 1240/324/1438 1244/684/4625
f 4963/684/4623 4964/340/4626 1241/340/1512 1243/684/4624
f 4964/340/4626 4963/684/4623 1244/684/4625 1242/340/1513
f 4964/340/4626 4965/325/4627 1233/325/1440 1241/340/1512
f 4965/325/4627 4964/340/4626 1242/340/1513 1234/325/1441
f 4965/325/4627 4962/324/4622 1239/324/1435 1233/325/1440
f 4962/324/4622 4965/325/4627 1234/325/1441 1240/324/1438
f 4966/29/4628 4967/28/4629 1891/28/87 1887/29/92
f 4967/28/4629 4966/29/4628 1888/29/93 1892/28/90
f 4967/28/4629 4968/685/4630 1885/685/4631 1891/28/87
f 4968/685/4630 4967/28/4629 1892/28/90 1886/685/4632
f 4968/685/4630 4969/509/4633 1881/509/2692 1885/685/4631
f 4969/509/4633 4968/685/4630 1886/685/4632 1882/509/2693
f 4969/509/4633 4966/29/4628 1887/29/92 1881/509/2692
f 4966/29/4628 4969/509/4633 1882/509/2693 1888/29/93
f 4970/459/4634 4971/486/4635 2557/486/4636 2555/459/4637
f 4971/486/4635 4970/459/4634 2556/459/4638 2558/486/4639
f 4971/486/4635 4972/485/4640 2553/485/4641 2557/486/4636
f 4972/485/4640 4971/486/4635 2558/486/4639 2554/485/4642
f 4972/485/4640 4973/257/4643 2549/257/4644 2553/485/4641
f 4973/257/4643 4972/485/4640 2554/485/4642 2550/257/4645
f 4973/257/4643 4970/459/4634 2555/459/4637 2549/257/4644
f 4970/459/4634 4973/257/4643 2550/257/4645 2556/459/4638
f 4974/686/4646 4975/680/4647 2321/680/4648 2323/686/4649
f 4975/680/4647 4974/686/4646 2324/686/4650 2322/680/4651
f 4975/680/4647 4976/489/4652 2325/489/2514 2321/680/4648
f 4976/489/4652 4975/680/4647 2322/680/4651 2326/489/2515
f 4976/489/4652 4974/686/4646 2323/686/4649 2325/489/2514
f 4974/686/4646 4976/489/4652 2326/489/2515 2324/686/4650
f 4977/686/4653 4978/489/4654 2325/489/2514 2323/686/4649
f 4978/489/4654 4977/686/4653 2324/686/4650 2326/489/2515
f 4978/489/4654 4979/488/4655 2327/488/2511 2325/489/2514
f 4979/488/4655 4978/489/4654 2326/489/2515 2328/488/2512
f 4979/488/4655 4977/686/4653 2323/686/4649 2327/488/2511
f 4977/686/4653 4979/488/4655 2328/488/2512 2324/686/4650
f 4980/255/4656 4981/266/4657 2283/266/4658 2281/255/4659
f 4981/266/4657 4980/255/4656 2282/255/4660 2284/266/4661
f 4981/266/4657 4982/269/4662 2277/269/4663 2283/266/4658
f 4982/269/4662 4981/266/4657 2284/266/4661 2278/269/4664
f 4982/269/4662 4983/256/4665 2279/256/4666 2277/269/4663
f 4983/256/4665 4982/269/4662 2278/269/4664 2280/256/4667
f 4983/256/4665 4980/255/4656 2281/255/4659 2279/256/4666
f 4980/255/4656 4983/256/4665 2280/256/4667 2282/255/4660
f 4984/293/4668 4985/560/4669 2453/560/4670 2449/293/4671
f 4985/560/4669 4984/293/4668 2450/293/4672 2454/560/4673
f 4985/560/4669 4986/641/4674 2451/641/4675 2453/560/4670
f 4986/641/4674 4985/560/4669 2454/560/4673 2452/641/4676
f 4986/641/4674 4987/523/4677 2447/523/4678 2451/641/4675
f 4987/523/4677 4986/641/4674 2452/641/4676 2448/523/4679
f 4987/523/4677 4984/293/4668 2449/293/4671 2447/523/4678
f 4984/293/4668 4987/523/4677 2448/523/4679 2450/293/4672
f 4988/639/4680 4989/327/4681 2339/327/4682 2341/639/4683
f 4989/327/4681 4988/639/4680 2342/639/4684 2340/327/4685
f 4989/327/4681 4990/276/4686 2343/276/4687 2339/327/4682
f 4990/276/4686 4989/327/4681 2340/327/4685 2344/276/4688
f 4990/276/4686 4988/639/4680 2341/639/4683 2343/276/4687
f 4988/639/4680 4990/276/4686 2344/276/4688 2342/639/4684
f 4991/275/4689 4992/274/4690 2379/274/4691 2377/275/4692
f 4992/274/4690 4991/275/4689 2378/275/4693 2380/274/4694
f 4992/274/4690 4993/687/4695 2375/687/4696 2379/274/4691
f 4993/687/4695 4992/274/4690 2380/274/4694 2376/687/4697
f 4993/687/4695 4994/488/4698 2373/488/4699 2375/687/4696
f 4994/488/4698 4993/687/4695 2376/687/4697 2374/488/4700
f 4994/488/4698 4991/275/4689 2377/275/4692 2373/488/4699
f 4991/275/4689 4994/488/4698 2374/488/4700 2378/275/4693
f 4995/428/4701 4996/419/4702 921/419/2037 897/428/2081
f 4996/419/4702 4995/428/4701 898/428/2082 922/419/2038
f 4996/419/4702 4997/422/4703 915/422/2044 921/419/2037
f 4997/422/4703 4996/419/4702 922/419/2038 916/422/2045
f 4997/422/4703 4998/438/4704 895/438/2155 915/422/2044
f 4998/438/4704 4997/422/4703 916/422/2045 896/438/2156
f 4998/438/4704 4995/428/4701 897/428/2081 895/438/2155
f 4995/428/4701 4998/438/4704 896/438/2156 898/428/2082
f 4999/273/4705 5000/384/4706 2361/384/4707 2359/273/4708
f 5000/384/4706 4999/273/4705 2360/273/4709 2362/384/4710
f 5000/384/4706 5001/383/4711 2357/383/4712 2361/384/4707
f 5001/383/4711 5000/384/4706 2362/384/4710 2358/383/4713
f 5001/383/4711 4999/273/4705 2359/273/4708 2357/383/4712
f 4999/273/4705 5001/383/4711 2358/383/4713 2360/273/4709
f 5002/384/4714 5003/273/4715 2359/273/4708 2361/384/4707
f 5003/273/4715 5002/384/4714 2362/384/4710 2360/273/4709
f 5003/273/4715 5004/330/4716 2363/330/4717 2359/273/4708
f 5004/330/4716 5003/273/4715 2360/273/4709 2364/330/4718
f 5004/330/4716 5002/384/4714 2361/384/4707 2363/330/4717
f 5002/384/4714 5004/330/4716 2364/330/4718 2362/384/4710
f 5005/688/4719 5006/376/4720 2367/376/4721 2365/688/4722
f 5006/376/4720 5005/688/4719 2366/688/4723 2368/376/4724
f 5006/376/4720 5007/677/4725 2369/677/4726 2367/376/4721
f 5007/677/4725 5006/376/4720 2368/376/4724 2370/677/4727
f 5007/677/4725 5005/688/4719 2365/688/4722 2369/677/4726
f 5005/688/4719 5007/677/4725 2370/677/4727 2366/688/4723
f 5008/418/4728 5009/677/4729 2369/677/4726 2371/418/4730
f 5009/677/4729 5008/418/4728 2372/418/4731 2370/677/4727
f 5009/677/4729 5010/376/4732 2367/376/4721 2369/677/4726
f 5010/376/4732 5009/677/4729 2370/677/4727 2368/376/4724
f 5010/376/4732 5008/418/4728 2371/418/4730 2367/376/4721
f 5008/418/4728 5010/376/4732 2368/376/4724 2372/418/4731
f 5011/407/4733 5012/406/4734 857/406/1973 849/407/1972
f 5012/406/4734 5011/407/4733 850/407/1975 858/406/1974
f 5012/406/4734 5013/520/4735 807/520/2765 857/406/1973
f 5013/520/4735 5012/406/4734 858/406/1974 808/520/2766
f 5013/520/4735 5014/654/4736 819/654/3986 807/520/2765
f 5014/654/4736 5013/520/4735 808/520/2766 820/654/3989
f 5014/654/4736 5011/407/4733 849/407/1972 819/654/3986
f 5011/407/4733 5014/654/4736 820/654/3989 850/407/1975
f 5015/689/4737 5016/690/4738 2925/690/4739 2927/689/4740
f 5016/690/4738 5015/689/4737 2928/689/4741 2926/690/4742
f 5016/690/4738 5017/631/4743 2921/631/4744 2925/690/4739
f 5017/631/4743 5016/690/4738 2926/690/4742 2922/631/4745
f 5017/631/4743 5018/634/4746 2923/634/4747 2921/631/4744
f 5018/634/4746 5017/631/4743 2922/631/4745 2924/634/4748
f 5018/634/4746 5015/689/4737 2927/689/4740 2923/634/4747
f 5015/689/4737 5018/634/4746 2924/634/4748 2928/689/4741
f 5019/276/4749 5020/330/4750 2389/330/4751 2387/276/4752
f 5020/330/4750 5019/276/4749 2388/276/4753 2390/330/4754
f 5020/330/4750 5021/273/4755 2385/273/4756 2389/330/4751
f 5021/273/4755 5020/330/4750 2390/330/4754 2386/273/4757
f 5021/273/4755 5019/276/4749 2387/276/4752 2385/273/4756
f 5019/276/4749 5021/273/4755 2386/273/4757 2388/276/4753
f 5022/330/4758 5023/276/4759 2387/276/4752 2389/330/4751
f 5023/276/4759 5022/330/4758 2390/330/4754 2388/276/4753
f 5023/276/4759 5024/327/4760 2391/327/4761 2387/276/4752
f 5024/327/4760 5023/276/4759 2388/276/4753 2392/327/4762
f 5024/327/4760 5022/330/4758 2389/330/4751 2391/327/4761
f 5022/330/4758 5024/327/4760 2392/327/4762 2390/330/4754
f 5025/691/4763 5026/149/4764 1051/149/4765 1045/691/4766
f 5026/149/4764 5025/691/4763 1046/691/4767 1052/149/4768
f 5026/149/4764 5027/152/4769 1049/152/4770 1051/149/4765
f 5027/152/4769 5026/149/4764 1052/149/4768 1050/152/4771
f 5027/152/4769 5028/445/4772 1047/445/4773 1049/152/4770
f 5028/445/4772 5027/152/4769 1050/152/4771 1048/445/4774
f 5028/445/4772 5025/691/4763 1045/691/4766 1047/445/4773
f 5025/691/4763 5028/445/4772 1048/445/4774 1046/691/4767
f 5029/692/4775 5030/693/4776 2083/693/4777 2085/692/4778
f 5030/693/4776 5029/692/4775 2086/692/4779 2084/693/4780
f 5030/693/4776 5031/694/4781 2077/694/4782 2083/693/4777
f 5031/694/4781 5030/693/4776 2084/693/4780 2078/694/4783
f 5031/694/4781 5032/609/4784 2079/609/3478 2077/694/4782
f 5032/609/4784 5031/694/4781 2078/694/4783 2080/609/3479
f 5032/609/4784 5029/692/4775 2085/692/4778 2079/609/3478
f 5029/692/4775 5032/609/4784 2080/609/3479 2086/692/4779
f 5033/259/4785 5034/83/4786 527/83/4787 525/259/4788
f 5034/83/4786 5033/259/4785 526/259/4789 528/83/4790
f 5034/83/4786 5035/289/4791 521/289/4792 527/83/4787
f 5035/289/4791 5034/83/4786 528/83/4790 522/289/4793
f 5035/289/4791 5036/260/4794 523/260/4795 521/289/4792
f 5036/260/4794 5035/289/4791 522/289/4793 524/260/4796
f 5036/260/4794 5033/259/4785 525/259/4788 523/260/4795
f 5033/259/4785 5036/260/4794 524/260/4796 526/259/4789
f 5037/296/4797 5038/271/4798 577/271/4799 575/296/4800
f 5038/271/4798 5037/296/4797 576/296/4801 578/271/4802
f 5038/271/4798 5039/14/4803 573/14/39 577/271/4799
f 5039/14/4803 5038/271/4798 578/271/4802 574/14/42
f 5039/14/4803 5040/13/4804 567/13/40 573/14/39
f 5040/13/4804 5039/14/4803 574/14/42 568/13/41
f 5040/13/4804 5037/296/4797 575/296/4800 567/13/40
f 5037/296/4797 5040/13/4804 568/13/41 576/296/4801
f 5041/95/4805 5042/94/4806 2517/94/4807 2513/95/4808
f 5042/94/4806 5041/95/4805 2514/95/4809 2518/94/4810
f 5042/94/4806 5043/154/4811 2515/154/4812 2517/94/4807
f 5043/154/4811 5042/94/4806 2518/94/4810 2516/154/4813
f 5043/154/4811 5044/153/4814 2511/153/4815 2515/154/4812
f 5044/153/4814 5043/154/4811 2516/154/4813 2512/153/4816
f 5044/153/4814 5041/95/4805 2513/95/4808 2511/153/4815
f 5041/95/4805 5044/153/4814 2512/153/4816 2514/95/4809
f 5045/642/4817 5046/695/4818 2431/695/4819 2429/642/4820
f 5046/695/4818 5045/642/4817 2430/642/4821 2432/695/4822
f 5046/695/4818 5047/696/4823 2427/696/4824 2431/695/4819
f 5047/696/4823 5046/695/4818 2432/695/4822 2428/696/4825
f 5047/696/4823 5045/642/4817 2429/642/4820 2427/696/4824
f 5045/642/4817 5047/696/4823 2428/696/4825 2430/642/4821
f 5048/681/4826 5049/695/4827 2431/695/4819 2433/681/4828
f 5049/695/4827 5048/681/4826 2434/681/4829 2432/695/4822
f 5049/695/4827 5050/642/4830 2429/642/4820 2431/695/4819
f 5050/642/4830 5049/695/4827 2432/695/4822 2430/642/4821
f 5050/642/4830 5048/681/4826 2433/681/4828 2429/642/4820
f 5048/681/4826 5050/642/4830 2430/642/4821 2434/681/4829
f 5051/88/4831 5052/91/4832 629/91/4833 633/88/4834
f 5052/91/4832 5051/88/4831 634/88/4835 630/91/4836
f 5052/91/4832 5053/109/4837 625/109/4838 629/91/4833
f 5053/109/4837 5052/91/4832 630/91/4836 626/109/4839
f 5053/109/4837 5054/270/4840 631/270/4841 625/109/4838
f 5054/270/4840 5053/109/4837 626/109/4839 632/270/4842
f 5054/270/4840 5051/88/4831 633/88/4834 631/270/4841
f 5051/88/4831 5054/270/4840 632/270/4842 634/88/4835
f 5055/118/4843 5056/52/4844 1643/52/209 1649/118/3525
f 5056/52/4844 5055/118/4843 1650/118/3526 1644/52/212
f 5056/52/4844 5057/129/4845 1647/129/483 1643/52/209
f 5057/129/4845 5056/52/4844 1644/52/212 1648/129/486
f 5057/129/4845 5058/117/4846 1655/117/2929 1647/129/483
f 5058/117/4846 5057/129/4845 1648/129/486 1656/117/2930
f 5058/117/4846 5055/118/4843 1649/118/3525 1655/117/2929
f 5055/118/4843 5058/117/4846 1656/117/2930 1650/118/3526
f 5059/538/4847 5060/337/4848 1313/337/1494 1307/538/2908
f 5060/337/4848 5059/538/4847 1308/538/2909 1314/337/1495
f 5060/337/4848 5061/165/4849 1311/165/1491 1313/337/1494
f 5061/165/4849 5060/337/4848 1314/337/1495 1312/165/1492
f 5061/165/4849 5062/164/4850 1303/164/2904 1311/165/1491
f 5062/164/4850 5061/165/4849 1312/165/1492 1304/164/2905
f 5062/164/4850 5059/538/4847 1307/538/2908 1303/164/2904
f 5059/538/4847 5062/164/4850 1304/164/2905 1308/538/2909
f 5063/274/4851 5064/208/4852 2351/208/4853 2349/274/4854
f 5064/208/4852 5063/274/4851 2350/274/4855 2352/208/4856
f 5064/208/4852 5065/211/4857 2345/211/4858 2351/208/4853
f 5065/211/4857 5064/208/4852 2352/208/4856 2346/211/4859
f 5065/211/4857 5066/687/4860 2347/687/4861 2345/211/4858
f 5066/687/4860 5065/211/4857 2346/211/4859 2348/687/4862
f 5066/687/4860 5063/274/4851 2349/274/4854 2347/687/4861
f 5063/274/4851 5066/687/4860 2348/687/4862 2350/274/4855
f 5067/405/4863 5068/697/4864 195/697/4865 193/405/4866
f 5068/697/4864 5067/405/4863 194/405/4867 196/697/4868
f 5068/697/4864 5069/698/4869 189/698/4870 195/697/4865
f 5069/698/4869 5068/697/4864 196/697/4868 190/698/4871
f 5069/698/4869 5070/640/4872 191/640/4873 189/698/4870
f 5070/640/4872 5069/698/4869 190/698/4871 192/640/4874
f 5070/640/4872 5067/405/4863 193/405/4866 191/640/4873
f 5067/405/4863 5070/640/4872 192/640/4874 194/405/4867
f 5071/154/4875 5072/265/4876 2481/265/4877 2477/154/562
f 5072/265/4876 5071/154/4875 2478/154/565 2482/265/4878
f 5072/265/4876 5073/699/4879 2479/699/4880 2481/265/4877
f 5073/699/4879 5072/265/4876 2482/265/4878 2480/699/4881
f 5073/699/4879 5074/155/4882 2475/155/567 2479/699/4880
f 5074/155/4882 5073/699/4879 2480/699/4881 2476/155/568
f 5074/155/4882 5071/154/4875 2477/154/562 2475/155/567
f 5071/154/4875 5074/155/4882 2476/155/568 2478/154/565
f 5075/575/4883 5076/670/4884 2415/670/4885 2409/575/4886
f 5076/670/4884 5075/575/4883 2410/575/4887 2416/670/4888
f 5076/670/4884 5077/639/4889 2411/639/4890 2415/670/4885
f 5077/639/4889 5076/670/4884 2416/670/4888 2412/639/4891
f 5077/639/4889 5078/487/4892 2413/487/4893 2411/639/4890
f 5078/487/4892 5077/639/4889 2412/639/4891 2414/487/4894
f 5078/487/4892 5075/575/4883 2409/575/4886 2413/487/4893
f 5075/575/4883 5078/487/4892 2414/487/4894 2410/575/4887
f 5079/626/4895 5080/700/4896 1819/700/4897 1813/626/4898
f 5080/700/4896 5079/626/4895 1814/626/4899 1820/700/4900
f 5080/700/4896 5081/622/4901 1815/622/4902 1819/700/4897
f 5081/622/4901 5080/700/4896 1820/700/4900 1816/622/4903
f 5081/622/4901 5082/624/4904 1817/624/4905 1815/622/4902
f 5082/624/4904 5081/622/4901 1816/622/4903 1818/624/4906
f 5082/624/4904 5079/626/4895 1813/626/4898 1817/624/4905
f 5079/626/4895 5082/624/4904 1818/624/4906 1814/626/4899
f 5083/676/4907 5084/678/4908 2487/678/4909 2485/676/4910
f 5084/678/4908 5083/676/4907 2486/676/4911 2488/678/4912
f 5084/678/4908 5085/701/4913 2483/701/4914 2487/678/4909
f 5085/701/4913 5084/678/4908 2488/678/4912 2484/701/4915
f 5085/701/4913 5083/676/4907 2485/676/4910 2483/701/4914
f 5083/676/4907 5085/701/4913 2484/701/4915 2486/676/4911
f 5086/678/4916 5087/676/4917 2485/676/4910 2487/678/4909
f 5087/676/4917 5086/678/4916 2488/678/4912 2486/676/4911
f 5087/676/4917 5088/312/4918 2489/312/4919 2485/676/4910
f 5088/312/4918 5087/676/4917 2486/676/4911 2490/312/4920
f 5088/312/4918 5086/678/4916 2487/678/4909 2489/312/4919
f 5086/678/4916 5088/312/4918 2490/312/4920 2488/678/4912
f 5089/635/4921 5090/531/4922 1263/531/4923 1259/635/4924
f 5090/531/4922 5089/635/4921 1260/635/4925 1264/531/4926
f 5090/531/4922 5091/533/4927 1261/533/4928 1263/531/4923
f 5091/533/4927 5090/531/4922 1264/531/4926 1262/533/4929
f 5091/533/4927 5092/702/4930 1257/702/4931 1261/533/4928
f 5092/702/4930 5091/533/4927 1262/533/4929 1258/702/4932
f 5092/702/4930 5089/635/4921 1259/635/4924 1257/702/4931
f 5089/635/4921 5092/702/4930 1258/702/4932 1260/635/4925
f 5093/695/4933 5094/498/4934 2501/498/4935 2499/695/4936
f 5094/498/4934 5093/695/4933 2500/695/4937 2502/498/4938
f 5094/498/4934 5095/497/4939 2497/497/4940 2501/498/4935
f 5095/497/4939 5094/498/4934 2502/498/4938 2498/497/4941
f 5095/497/4939 5093/695/4933 2499/695/4936 2497/497/4940
f 5093/695/4933 5095/497/4939 2498/497/4941 2500/695/4937
f 5096/498/4942 5097/695/4943 2499/695/4936 2501/498/4935
f 5097/695/4943 5096/498/4942 2502/498/4938 2500/695/4937
f 5097/695/4943 5098/681/4944 2503/681/4945 2499/695/4936
f 5098/681/4944 5097/695/4943 2500/695/4937 2504/681/4946
f 5098/681/4944 5096/498/4942 2501/498/4935 2503/681/4945
f 5096/498/4942 5098/681/4944 2504/681/4946 2502/498/4938
f 5099/184/4947 5100/183/4948 1771/183/4949 1765/184/4479
f 5100/183/4948 5099/184/4947 1766/184/4480 1772/183/4950
f 5100/183/4948 5101/130/4951 1767/130/4952 1771/183/4949
f 5101/130/4951 5100/183/4948 1772/183/4950 1768/130/4953
f 5101/130/4951 5102/455/4954 1769/455/4482 1767/130/4952
f 5102/455/4954 5101/130/4951 1768/130/4953 1770/455/4483
f 5102/455/4954 5099/184/4947 1765/184/4479 1769/455/4482
f 5099/184/4947 5102/455/4954 1770/455/4483 1766/184/4480
f 5103/703/4955 5104/116/4956 183/116/448 141/703/4957
f 5104/116/4956 5103/703/4955 142/703/4958 184/116/449
f 5104/116/4956 5105/522/4959 145/522/2790 183/116/448
f 5105/522/4959 5104/116/4956 184/116/449 146/522/2791
f 5105/522/4959 5106/666/4960 143/666/4353 145/522/2790
f 5106/666/4960 5105/522/4959 146/522/2791 144/666/4354
f 5106/666/4960 5103/703/4955 141/703/4957 143/666/4353
f 5103/703/4955 5106/666/4960 144/666/4354 142/703/4958
f 5107/532/4961 5108/531/4962 1359/531/4963 1355/532/4964
f 5108/531/4962 5107/532/4961 1356/532/4965 1360/531/4966
f 5108/531/4962 5109/165/4967 1353/165/4968 1359/531/4963
f 5109/165/4967 5108/531/4962 1360/531/4966 1354/165/4969
f 5109/165/4967 5110/336/4970 1357/336/4971 1353/165/4968
f 5110/336/4970 5109/165/4967 1354/165/4969 1358/336/4972
f 5110/336/4970 5107/532/4961 1355/532/4964 1357/336/4971
f 5107/532/4961 5110/336/4970 1358/336/4972 1356/532/4965
f 5111/704/4973 5112/705/4974 317/705/4975 315/704/4976
f 5112/705/4974 5111/704/4973 316/704/4977 318/705/4978
f 5112/705/4974 5113/403/4979 313/403/2227 317/705/4975
f 5113/403/4979 5112/705/4974 318/705/4978 314/403/2230
f 5113/403/4979 5114/173/4980 311/173/2228 313/403/2227
f 5114/173/4980 5113/403/4979 314/403/2230 312/173/2229
f 5114/173/4980 5111/704/4973 315/704/4976 311/173/2228
f 5111/704/4973 5114/173/4980 312/173/2229 316/704/4977
f 5115/650/4981 5116/373/4982 1919/373/1713 1911/650/3932
f 5116/373/4982 5115/650/4981 1912/650/3935 1920/373/1714
f 5116/373/4982 5117/372/4983 1917/372/1708 1919/373/1713
f 5117/372/4983 5116/373/4982 1920/373/1714 1918/372/1711
f 5117/372/4983 5118/499/4984 1905/499/2584 1917/372/1708
f 5118/499/4984 5117/372/4983 1918/372/1711 1906/499/2587
f 5118/499/4984 5115/650/4981 1911/650/3932 1905/499/2584
f 5115/650/4981 5118/499/4984 1906/499/2587 1912/650/3935
f 5119/137/4985 5120/136/4986 681/136/4987 677/137/4988
f 5120/136/4986 5119/137/4985 678/137/4989 682/136/4990
f 5120/136/4986 5121/382/4991 679/382/4992 681/136/4987
f 5121/382/4991 5120/136/4986 682/136/4990 680/382/4993
f 5121/382/4991 5122/527/4994 675/527/4995 679/382/4992
f 5122/527/4994 5121/382/4991 680/382/4993 676/527/4996
f 5122/527/4994 5119/137/4985 677/137/4988 675/527/4995
f 5119/137/4985 5122/527/4994 676/527/4996 678/137/4989
f 5123/339/4997 5124/338/4998 561/338/4999 565/339/5000
f 5124/338/4998 5123/339/4997 566/339/5001 562/338/5002
f 5124/338/4998 5125/279/5003 557/279/5004 561/338/4999
f 5125/279/5003 5124/338/4998 562/338/5002 558/279/5005
f 5125/279/5003 5126/278/5006 563/278/5007 557/279/5004
f 5126/278/5006 5125/279/5003 558/279/5005 564/278/5008
f 5126/278/5006 5123/339/4997 565/339/5000 563/278/5007
f 5123/339/4997 5126/278/5006 564/278/5008 566/339/5001
f 5127/608/5009 5128/706/5010 2087/706/5011 2081/608/3473
f 5128/706/5010 5127/608/5009 2082/608/3476 2088/706/5012
f 5128/706/5010 5129/692/5013 2085/692/4778 2087/706/5011
f 5129/692/5013 5128/706/5010 2088/706/5012 2086/692/4779
f 5129/692/5013 5130/609/5014 2079/609/3478 2085/692/4778
f 5130/609/5014 5129/692/5013 2086/692/4779 2080/609/3479
f 5130/609/5014 5127/608/5009 2081/608/3473 2079/609/3478
f 5127/608/5009 5130/609/5014 2080/609/3479 2082/608/3476
f 5131/641/5015 5132/696/5016 2563/696/5017 2561/641/5018
f 5132/696/5016 5131/641/5015 2562/641/5019 2564/696/5020
f 5132/696/5016 5133/707/5021 2559/707/5022 2563/696/5017
f 5133/707/5021 5132/696/5016 2564/696/5020 2560/707/5023
f 5133/707/5021 5131/641/5015 2561/641/5018 2559/707/5022
f 5131/641/5015 5133/707/5021 2560/707/5023 2562/641/5019
f 5134/641/5024 5135/642/5025 2565/642/5026 2561/641/5018
f 5135/642/5025 5134/641/5024 2562/641/5019 2566/642/5027
f 5135/642/5025 5136/696/5028 2563/696/5017 2565/642/5026
f 5136/696/5028 5135/642/5025 2566/642/5027 2564/696/5020
f 5136/696/5028 5134/641/5024 2561/641/5018 2563/696/5017
f 5134/641/5024 5136/696/5028 2564/696/5020 2562/641/5019
f 5137/548/5029 5138/517/5030 1397/517/5031 1395/548/5032
f 5138/517/5030 5137/548/5029 1396/548/5033 1398/517/5034
f 5138/517/5030 5139/85/5035 1391/85/5036 1397/517/5031
f 5139/85/5035 5138/517/5030 1398/517/5034 1392/85/5037
f 5139/85/5035 5140/564/5038 1393/564/5039 1391/85/5036
f 5140/564/5038 5139/85/5035 1392/85/5037 1394/564/5040
f 5140/564/5038 5137/548/5029 1395/548/5032 1393/564/5039
f 5137/548/5029 5140/564/5038 1394/564/5040 1396/548/5033
f 5141/708/5041 5142/148/5042 1797/148/5043 1795/708/5044
f 5142/148/5042 5141/708/5041 1796/708/5045 1798/148/5046
f 5142/148/5042 5143/343/5047 1793/343/5048 1797/148/5043
f 5143/343/5047 5142/148/5042 1798/148/5046 1794/343/5049
f 5143/343/5047 5144/709/5050 1791/709/5051 1793/343/5048
f 5144/709/5050 5143/343/5047 1794/343/5049 1792/709/5052
f 5144/709/5050 5141/708/5041 1795/708/5044 1791/709/5051
f 5141/708/5041 5144/709/5050 1792/709/5052 1796/708/5045
f 5145/437/5053 5146/436/5054 2089/436/2148 2091/437/2151
f 5146/436/5054 5145/437/5053 2092/437/2152 2090/436/2149
f 5146/436/5054 5147/692/5055 2085/692/4778 2089/436/2148
f 5147/692/5055 5146/436/5054 2090/436/2149 2086/692/4779
f 5147/692/5055 5148/706/5056 2087/706/5011 2085/692/4778
f 5148/706/5056 5147/692/5055 2086/692/4779 2088/706/5012
f 5148/706/5056 5145/437/5053 2091/437/2151 2087/706/5011
f 5145/437/5053 5148/706/5056 2088/706/5012 2092/437/2152
f 5149/245/5057 5150/249/5058 407/249/1798 399/245/977
f 5150/249/5058 5149/245/5057 400/245/980 408/249/1799
f 5150/249/5058 5151/385/5059 403/385/1802 407/249/1798
f 5151/385/5059 5150/249/5058 408/249/1799 404/385/1803
f 5151/385/5059 5152/246/5060 395/246/982 403/385/1802
f 5152/246/5060 5151/385/5059 404/385/1803 396/246/983
f 5152/246/5060 5149/245/5057 399/245/977 395/246/982
f 5149/245/5057 5152/246/5060 396/246/983 400/245/980
f 5153/111/5061 5154/219/5062 1125/219/2112 1209/111/2124
f 5154/219/5062 5153/111/5061 1210/111/2125 1126/219/2113
f 5154/219/5062 5155/32/5063 1129/32/2119 1125/219/2112
f 5155/32/5063 5154/219/5062 1126/219/2113 1130/32/2120
f 5155/32/5063 5156/11/5064 1211/11/2123 1129/32/2119
f 5156/11/5064 5155/32/5063 1130/32/2120 1212/11/2126
f 5156/11/5064 5153/111/5061 1209/111/2124 1211/11/2123
f 5153/111/5061 5156/11/5064 1212/11/2126 1210/111/2125
f 5157/3/5065 5158/22/5066 2681/22/3488 2673/3/8
f 5158/22/5066 5157/3/5065 2674/3/9 2682/22/3489
f 5158/22/5066 5159/660/5067 2587/660/5068 2681/22/3488
f 5159/660/5067 5158/22/5066 2682/22/3489 2588/660/5069
f 5159/660/5067 5160/661/5070 2679/661/4320 2587/660/5068
f 5160/661/5070 5159/660/5067 2588/660/5069 2680/661/4321
f 5160/661/5070 5157/3/5065 2673/3/8 2679/661/4320
f 5157/3/5065 5160/661/5070 2680/661/4321 2674/3/9
f 5161/209/5071 5162/208/5072 2585/208/5073 2581/209/5074
f 5162/208/5072 5161/209/5071 2582/209/5075 2586/208/5076
f 5162/208/5072 5163/383/5077 2583/383/5078 2585/208/5073
f 5163/383/5077 5162/208/5072 2586/208/5076 2584/383/5079
f 5163/383/5077 5164/188/5080 2577/188/5081 2583/383/5078
f 5164/188/5080 5163/383/5077 2584/383/5079 2578/188/5082
f 5164/188/5080 5161/209/5071 2581/209/5074 2577/188/5081
f 5161/209/5071 5164/188/5080 2578/188/5082 2582/209/5075
f 5165/520/5083 5166/519/5084 815/519/2760 807/520/2765
f 5166/519/5084 5165/520/5083 808/520/2766 816/519/2763
f 5166/519/5084 5167/508/5085 809/508/5086 815/519/2760
f 5167/508/5085 5166/519/5084 816/519/2763 810/508/5087
f 5167/508/5085 5168/585/5088 811/585/3992 809/508/5086
f 5168/585/5088 5167/508/5085 810/508/5087 812/585/3993
f 5168/585/5088 5165/520/5083 807/520/2765 811/585/3992
f 5165/520/5083 5168/585/5088 812/585/3993 808/520/2766
f 5169/21/5089 5170/108/5090 2685/108/5091 2683/21/3485
f 5170/108/5090 5169/21/5089 2684/21/3486 2686/108/5092
f 5170/108/5090 5171/107/5093 2589/107/5094 2685/108/5091
f 5171/107/5093 5170/108/5090 2686/108/5092 2590/107/5095
f 5171/107/5093 5172/22/5096 2681/22/3488 2589/107/5094
f 5172/22/5096 5171/107/5093 2590/107/5095 2682/22/3489
f 5172/22/5096 5169/21/5089 2683/21/3485 2681/22/3488
f 5169/21/5089 5172/22/5096 2682/22/3489 2684/21/3486
f 5173/31/5097 5174/5/5098 11/5/104 13/31/107
f 5174/5/5098 5173/31/5097 14/31/108 12/5/105
f 5174/5/5098 5175/8/5099 7/8/2712 11/5/104
f 5175/8/5099 5174/5/5098 12/5/105 8/8/2713
f 5175/8/5099 5176/46/5100 5/46/3180 7/8/2712
f 5176/46/5100 5175/8/5099 8/8/2713 6/46/3181
f 5176/46/5100 5173/31/5097 13/31/107 5/46/3180
f 5173/31/5097 5176/46/5100 6/46/3181 14/31/108
f 5177/228/5101 5178/361/5102 2753/361/1619 2759/228/912
f 5178/361/5102 5177/228/5101 2760/228/913 2754/361/1620
f 5178/361/5102 5179/362/5103 2749/362/1626 2753/361/1619
f 5179/362/5103 5178/361/5102 2754/361/1620 2750/362/1627
f 5179/362/5103 5180/578/5104 2755/578/5105 2749/362/1626
f 5180/578/5104 5179/362/5103 2750/362/1627 2756/578/5106
f 5180/578/5104 5177/228/5101 2759/228/912 2755/578/5105
f 5177/228/5101 5180/578/5104 2756/578/5106 2760/228/913
f 5181/439/5107 5182/34/5108 911/34/124 905/439/2158
f 5182/34/5108 5181/439/5107 906/439/2159 912/34/125
f 5182/34/5108 5183/37/5109 909/37/131 911/34/124
f 5183/37/5109 5182/34/5108 912/34/125 910/37/132
f 5183/37/5109 5184/473/5110 907/473/2716 909/37/131
f 5184/473/5110 5183/37/5109 910/37/132 908/473/2717
f 5184/473/5110 5181/439/5107 905/439/2158 907/473/2716
f 5181/439/5107 5184/473/5110 908/473/2717 906/439/2159
f 5185/9/5111 5186/10/5112 63/10/5113 61/9/5114
f 5186/10/5112 5185/9/5111 62/9/5115 64/10/5116
f 5186/10/5112 5187/11/5117 57/11/5118 63/10/5113
f 5187/11/5117 5186/10/5112 64/10/5116 58/11/5119
f 5187/11/5117 5188/12/5120 59/12/5121 57/11/5118
f 5188/12/5120 5187/11/5117 58/11/5119 60/12/5122
f 5188/12/5120 5185/9/5111 61/9/5114 59/12/5121
f 5185/9/5111 5188/12/5120 60/12/5122 62/9/5115
f 5189/11/5123 5190/32/5124 2647/32/5125 2641/11/5126
f 5190/32/5124 5189/11/5123 2642/11/5127 2648/32/5128
f 5190/32/5124 5191/33/5129 2643/33/5130 2647/32/5125
f 5191/33/5129 5190/32/5124 2648/32/5128 2644/33/5131
f 5191/33/5129 5192/12/5132 2645/12/5133 2643/33/5130
f 5192/12/5132 5191/33/5129 2644/33/5131 2646/12/5134
f 5192/12/5132 5189/11/5123 2641/11/5126 2645/12/5133
f 5189/11/5123 5192/12/5132 2646/12/5134 2642/11/5127
f 5193/519/5135 5194/644/5136 823/644/3846 815/519/2760
f 5194/644/5136 5193/519/5135 816/519/2763 824/644/3847
f 5194/644/5136 5195/29/5137 817/29/4134 823/644/3846
f 5195/29/5137 5194/644/5136 824/644/3847 818/29/4135
f 5195/29/5137 5196/508/5138 809/508/5086 817/29/4134
f 5196/508/5138 5195/29/5137 818/29/4135 810/508/5087
f 5196/508/5138 5193/519/5135 815/519/2760 809/508/5086
f 5193/519/5135 5196/508/5138 810/508/5087 816/519/2763
f 5197/113/5139 5198/426/5140 417/426/2069 409/113/435
f 5198/426/5140 5197/113/5139 410/113/438 418/426/2070
f 5198/426/5140 5199/298/5141 413/298/2076 417/426/2069
f 5199/298/5141 5198/426/5140 418/426/2070 414/298/2077
f 5199/298/5141 5200/114/5142 405/114/440 413/298/2076
f 5200/114/5142 5199/298/5141 414/298/2077 406/114/441
f 5200/114/5142 5197/113/5139 409/113/435 405/114/440
f 5197/113/5139 5200/114/5142 406/114/441 410/113/438
f 5201/661/5143 5202/503/5144 1163/503/5145 1161/661/4176
f 5202/503/5144 5201/661/5143 1162/661/4179 1164/503/5146
f 5202/503/5144 5203/4/5147 1159/4/1720 1163/503/5145
f 5203/4/5147 5202/503/5144 1164/503/5146 1160/4/1723
f 5203/4/5147 5204/3/5148 1157/3/1721 1159/4/1720
f 5204/3/5148 5203/4/5147 1160/4/1723 1158/3/1722
f 5204/3/5148 5201/661/5143 1161/661/4176 1157/3/1721
f 5201/661/5143 5204/3/5148 1158/3/1722 1162/661/4179
f 5205/219/5149 5206/111/5150 1209/111/2124 1125/219/2112
f 5206/111/5150 5205/219/5149 1126/219/2113 1210/111/2125
f 5206/111/5150 5207/1/5151 1137/1/1725 1209/111/2124
f 5207/1/5151 5206/111/5150 1210/111/2125 1138/1/1726
f 5207/1/5151 5208/4/5152 1159/4/1720 1137/1/1725
f 5208/4/5152 5207/1/5151 1138/1/1726 1160/4/1723
f 5208/4/5152 5205/219/5149 1125/219/2112 1159/4/1720
f 5205/219/5149 5208/4/5152 1160/4/1723 1126/219/2113
f 5209/661/5153 5210/503/5154 1597/503/4101 1511/661/5155
f 5210/503/5154 5209/661/5153 1512/661/5156 1598/503/4102
f 5210/503/5154 5211/4/5157 1595/4/2682 1597/503/4101
f 5211/4/5157 5210/503/5154 1598/503/4102 1596/4/2683
f 5211/4/5157 5212/3/5158 1515/3/71 1595/4/2682
f 5212/3/5158 5211/4/5157 1596/4/2683 1516/3/72
f 5212/3/5158 5209/661/5153 1511/661/5155 1515/3/71
f 5209/661/5153 5212/3/5158 1516/3/72 1512/661/5156
f 5213/4/5159 5214/503/5160 1163/503/5145 1159/4/1720
f 5214/503/5160 5213/4/5159 1160/4/1723 1164/503/5146
f 5214/503/5160 5215/390/5161 1165/390/2111 1163/503/5145
f 5215/390/5161 5214/503/5160 1164/503/5146 1166/390/2114
f 5215/390/5161 5216/219/5162 1125/219/2112 1165/390/2111
f 5216/219/5162 5215/390/5161 1166/390/2114 1126/219/2113
f 5216/219/5162 5213/4/5159 1159/4/1720 1125/219/2112
f 5213/4/5159 5216/219/5162 1126/219/2113 1160/4/1723
f 5217/31/5163 5218/2/5164 2611/2/2106 2607/31/1901
f 5218/2/5164 5217/31/5163 2608/31/1902 2612/2/2107
f 5218/2/5164 5219/1/5165 2609/1/3412 2611/2/2106
f 5219/1/5165 5218/2/5164 2612/2/2107 2610/1/3413
f 5219/1/5165 5220/5/5166 2605/5/16 2609/1/3412
f 5220/5/5166 5219/1/5165 2610/1/3413 2606/5/17
f 5220/5/5166 5217/31/5163 2607/31/1901 2605/5/16
f 5217/31/5163 5220/5/5166 2606/5/17 2608/31/1902
f 5221/46/5167 5222/31/5168 2607/31/1901 2599/46/1904
f 5222/31/5168 5221/46/5167 2600/46/1905 2608/31/1902
f 5222/31/5168 5223/5/5169 2605/5/16 2607/31/1901
f 5223/5/5169 5222/31/5168 2608/31/1902 2606/5/17
f 5223/5/5169 5224/8/5170 2601/8/23 2605/5/16
f 5224/8/5170 5223/5/5169 2606/5/17 2602/8/24
f 5224/8/5170 5221/46/5167 2599/46/1904 2601/8/23
f 5221/46/5167 5224/8/5170 2602/8/24 2600/46/1905
f 5225/1/5171 5226/4/5172 1595/4/2682 1581/1/1868
f 5226/4/5172 5225/1/5171 1582/1/1869 1596/4/2683
f 5226/4/5172 5227/219/5173 1589/219/1822 1595/4/2682
f 5227/219/5173 5226/4/5172 1596/4/2683 1590/219/1825
f 5227/219/5173 5228/111/5174 1583/111/1823 1589/219/1822
f 5228/111/5174 5227/219/5173 1590/219/1825 1584/111/1824
f 5228/111/5174 5225/1/5171 1581/1/1868 1583/111/1823
f 5225/1/5171 5228/111/5174 1584/111/1824 1582/1/1869
f 5229/660/5175 5230/661/5176 51/661/5177 47/660/5178
f 5230/661/5176 5229/660/5175 48/660/5179 52/661/5180
f 5230/661/5176 5231/3/5181 45/3/3375 51/661/5177
f 5231/3/5181 5230/661/5176 52/661/5180 46/3/3376
f 5231/3/5181 5232/22/5182 43/22/403 45/3/3375
f 5232/22/5182 5231/3/5181 46/3/3376 44/22/406
f 5232/22/5182 5229/660/5175 47/660/5178 43/22/403
f 5229/660/5175 5232/22/5182 44/22/406 48/660/5179
f 5233/30/5183 5234/29/5184 1887/29/92 1951/30/95
f 5234/29/5184 5233/30/5183 1952/30/96 1888/29/93
f 5234/29/5184 5235/508/5185 1889/508/2686 1887/29/92
f 5235/508/5185 5234/29/5184 1888/29/93 1890/508/2689
f 5235/508/5185 5236/506/5186 1949/506/2664 1889/508/2686
f 5236/506/5186 5235/508/5185 1890/508/2689 1950/506/2665
f 5236/506/5186 5233/30/5183 1951/30/95 1949/506/2664
f 5233/30/5183 5236/506/5186 1950/506/2665 1952/30/96
f 5237/710/5187 5238/711/5188 2689/711/5189 2687/710/5190
f 5238/711/5188 5237/710/5187 2688/710/5191 2690/711/5192
f 5238/711/5188 5239/712/5193 2691/712/5194 2689/711/5189
f 5239/712/5193 5238/711/5188 2690/711/5192 2692/712/5195
f 5239/712/5193 5237/710/5187 2687/710/5190 2691/712/5194
f 5237/710/5187 5239/712/5193 2692/712/5195 2688/710/5191
f 5240/712/5196 5241/713/5197 2695/713/5198 2693/712/5199
f 5241/713/5197 5240/712/5196 2694/712/5200 2696/713/5201
f 5241/713/5197 5242/482/5202 2697/482/5203 2695/713/5198
f 5242/482/5202 5241/713/5197 2696/713/5201 2698/482/5204
f 5242/482/5202 5240/712/5196 2693/712/5199 2697/482/5203
f 5240/712/5196 5242/482/5202 2698/482/5204 2694/712/5200
f 5243/483/5205 5244/482/5206 2697/482/5203 2699/483/5207
f 5244/482/5206 5243/483/5205 2700/483/5208 2698/482/5204
f 5244/482/5206 5245/713/5209 2695/713/5198 2697/482/5203
f 5245/713/5209 5244/482/5206 2698/482/5204 2696/713/5201
f 5245/713/5209 5243/483/5205 2699/483/5207 2695/713/5198
f 5243/483/5205 5245/713/5209 2696/713/5201 2700/483/5208
f 5246/164/5210 5247/165/5211 1353/165/5212 1349/164/5213
f 5247/165/5211 5246/164/5210 1350/164/5214 1354/165/5215
f 5247/165/5211 5248/531/5216 1351/531/5217 1353/165/5212
f 5248/531/5216 5247/165/5211 1354/165/5215 1352/531/5218
f 5248/531/5216 5249/635/5219 1341/635/5220 1351/531/5217
f 5249/635/5219 5248/531/5216 1352/531/5218 1342/635/5221
f 5249/635/5219 5246/164/5210 1349/164/5213 1341/635/5220
f 5246/164/5210 5249/635/5219 1342/635/5221 1350/164/5214
f 5250/74/5222 5251/41/5223 751/41/143 743/74/286
f 5251/41/5223 5250/74/5222 744/74/287 752/41/144
f 5251/41/5223 5252/40/5224 765/40/140 751/41/143
f 5252/40/5224 5251/41/5223 752/41/144 766/40/141
f 5252/40/5224 5253/414/5225 741/414/2000 765/40/140
f 5253/414/5225 5252/40/5224 766/40/141 742/414/2001
f 5253/414/5225 5250/74/5222 743/74/286 741/414/2000
f 5250/74/5222 5253/414/5225 742/414/2001 744/74/287
f 5254/577/5226 5255/229/5227 2763/229/915 2761/577/5228
f 5255/229/5227 5254/577/5226 2762/577/5229 2764/229/916
f 5255/229/5227 5256/228/5230 2759/228/912 2763/229/915
f 5256/228/5230 5255/229/5227 2764/229/916 2760/228/913
f 5256/228/5230 5257/578/5231 2755/578/5105 2759/228/912
f 5257/578/5231 5256/228/5230 2760/228/913 2756/578/5106
f 5257/578/5231 5254/577/5226 2761/577/5228 2755/578/5105
f 5254/577/5226 5257/578/5231 2756/578/5106 2762/577/5229
f 5258/96/5232 5259/575/5233 2269/575/5234 2267/96/5235
f 5259/575/5233 5258/96/5232 2268/96/5236 2270/575/5237
f 5259/575/5233 5260/363/5238 2265/363/1630 2269/575/5234
f 5260/363/5238 5259/575/5233 2270/575/5237 2266/363/1633
f 5260/363/5238 5261/97/5239 2263/97/1631 2265/363/1630
f 5261/97/5239 5260/363/5238 2266/363/1633 2264/97/1632
f 5261/97/5239 5258/96/5232 2267/96/5235 2263/97/1631
f 5258/96/5232 5261/97/5239 2264/97/1632 2268/96/5236
f 5262/528/5240 5263/191/5241 1027/191/5242 1023/528/2993
f 5263/191/5241 5262/528/5240 1024/528/2996 1028/191/5243
f 5263/191/5241 5264/190/5244 1025/190/5245 1027/191/5242
f 5264/190/5244 5263/191/5241 1028/191/5243 1026/190/5246
f 5264/190/5244 5265/286/5247 1021/286/2998 1025/190/5245
f 5265/286/5247 5264/190/5244 1026/190/5246 1022/286/2999
f 5265/286/5247 5262/528/5240 1023/528/2993 1021/286/2998
f 5262/528/5240 5265/286/5247 1022/286/2999 1024/528/2996
f 5266/3/5248 5267/22/5249 1517/22/68 1515/3/71
f 5267/22/5249 5266/3/5248 1516/3/72 1518/22/69
f 5267/22/5249 5268/660/5250 1513/660/5251 1517/22/68
f 5268/660/5250 5267/22/5249 1518/22/69 1514/660/5252
f 5268/660/5250 5269/661/5253 1511/661/5155 1513/660/5251
f 5269/661/5253 5268/660/5250 1514/660/5252 1512/661/5156
f 5269/661/5253 5266/3/5248 1515/3/71 1511/661/5155
f 5266/3/5248 5269/661/5253 1512/661/5156 1516/3/72
f 5270/405/5254 5271/404/5255 199/404/5256 193/405/4866
f 5271/404/5255 5270/405/5254 194/405/4867 200/404/5257
f 5271/404/5255 5272/714/5258 197/714/5259 199/404/5256
f 5272/714/5258 5271/404/5255 200/404/5257 198/714/5260
f 5272/714/5258 5273/697/5261 195/697/4865 197/714/5259
f 5273/697/5261 5272/714/5258 198/714/5260 196/697/4868
f 5273/697/5261 5270/405/5254 193/405/4866 195/697/4865
f 5270/405/5254 5273/697/5261 196/697/4868 194/405/4867
f 5274/375/5262 5275/462/5263 1247/462/2361 1293/375/1742
f 5275/462/5263 5274/375/5262 1294/375/1743 1248/462/2362
f 5275/462/5263 5276/117/5264 1295/117/5265 1247/462/2361
f 5276/117/5264 5275/462/5263 1248/462/2362 1296/117/5266
f 5276/117/5264 5277/118/5267 1291/118/5268 1295/117/5265
f 5277/118/5267 5276/117/5264 1296/117/5266 1292/118/5269
f 5277/118/5267 5274/375/5262 1293/375/1742 1291/118/5268
f 5274/375/5262 5277/118/5267 1292/118/5269 1294/375/1743
f 5278/243/5270 5279/326/5271 1231/326/1443 1289/243/4426
f 5279/326/5271 5278/243/5270 1290/243/4427 1232/326/1444
f 5279/326/5271 5280/375/5272 1293/375/1742 1231/326/1443
f 5280/375/5272 5279/326/5271 1232/326/1444 1294/375/1743
f 5280/375/5272 5281/118/5273 1291/118/5268 1293/375/1742
f 5281/118/5273 5280/375/5272 1294/375/1743 1292/118/5269
f 5281/118/5273 5278/243/5270 1289/243/4426 1291/118/5268
f 5278/243/5270 5281/118/5273 1292/118/5269 1290/243/4427
f 5282/149/5274 5283/691/5275 1111/691/5276 1107/149/5277
f 5283/691/5275 5282/149/5274 1108/149/5278 1112/691/5279
f 5283/691/5275 5284/92/5280 1035/92/5281 1111/691/5276
f 5284/92/5280 5283/691/5275 1112/691/5279 1036/92/5282
f 5284/92/5280 5285/90/5283 1109/90/5284 1035/92/5281
f 5285/90/5283 5284/92/5280 1036/92/5282 1110/90/5285
f 5285/90/5283 5282/149/5274 1107/149/5277 1109/90/5284
f 5282/149/5274 5285/90/5283 1110/90/5285 1108/149/5278
f 5286/661/5286 5287/503/5287 53/503/2632 51/661/5177
f 5287/503/5287 5286/661/5286 52/661/5180 54/503/2633
f 5287/503/5287 5288/4/5288 49/4/2636 53/503/2632
f 5288/4/5288 5287/503/5287 54/503/2633 50/4/2637
f 5288/4/5288 5289/3/5289 45/3/3375 49/4/2636
f 5289/3/5289 5288/4/5288 50/4/2637 46/3/3376
f 5289/3/5289 5286/661/5286 51/661/5177 45/3/3375
f 5286/661/5286 5289/3/5289 46/3/3376 52/661/5180
f 5290/527/5290 5291/382/5291 781/382/5292 777/527/2826
f 5291/382/5291 5290/527/5290 778/527/2829 782/382/5293
f 5291/382/5291 5292/191/5294 779/191/5295 781/382/5292
f 5292/191/5294 5291/382/5291 782/382/5293 780/191/5296
f 5292/191/5294 5293/528/5297 775/528/2831 779/191/5295
f 5293/528/5297 5292/191/5294 780/191/5296 776/528/2832
f 5293/528/5297 5290/527/5290 777/527/2826 775/528/2831
f 5290/527/5290 5293/528/5297 776/528/2832 778/527/2829
f 5294/438/5298 5295/440/5299 901/440/2161 895/438/2155
f 5295/440/5299 5294/438/5298 896/438/2156 902/440/2162
f 5295/440/5299 5296/644/5300 823/644/3846 901/440/2161
f 5296/644/5300 5295/440/5299 902/440/2162 824/644/3847
f 5296/644/5300 5297/429/5301 893/429/2080 823/644/3846
f 5297/429/5301 5296/644/5300 824/644/3847 894/429/2083
f 5297/429/5301 5298/428/5302 897/428/2081 893/429/2080
f 5298/428/5302 5297/429/5301 894/429/2083 898/428/2082
f 5298/428/5302 5294/438/5298 895/438/2155 897/428/2081
f 5294/438/5298 5298/428/5302 898/428/2082 896/438/2156
f 5299/703/5303 5300/542/5304 187/542/5305 141/703/4957
f 5300/542/5304 5299/703/5303 142/703/4958 188/542/5306
f 5300/542/5304 5301/117/5307 185/117/447 187/542/5305
f 5301/117/5307 5300/542/5304 188/542/5306 186/117/450
f 5301/117/5307 5302/116/5308 183/116/448 185/117/447
f 5302/116/5308 5301/117/5307 186/117/450 184/116/449
f 5302/116/5308 5299/703/5303 141/703/4957 183/116/448
f 5299/703/5303 5302/116/5308 184/116/449 142/703/4958
f 5303/48/5309 5304/367/5310 2029/367/3921 2025/48/191
f 5304/367/5310 5303/48/5309 2026/48/194 2030/367/3922
f 5304/367/5310 5305/715/5311 2031/715/5312 2029/367/3921
f 5305/715/5311 5304/367/5310 2030/367/3922 2032/715/5313
f 5305/715/5311 5306/658/5314 2027/658/4158 2031/715/5312
f 5306/658/5314 5305/715/5311 2032/715/5313 2028/658/4159
f 5306/658/5314 5303/48/5309 2025/48/191 2027/658/4158
f 5303/48/5309 5306/658/5314 2028/658/4159 2026/48/194
f 5307/223/5315 5308/334/5316 835/334/1481 825/223/895
f 5308/334/5316 5307/223/5315 826/223/896 836/334/1482
f 5308/334/5316 5309/398/5317 845/398/1936 835/334/1481
f 5309/398/5317 5308/334/5316 836/334/1482 846/398/1937
f 5309/398/5317 5310/407/5318 849/407/1972 845/398/1936
f 5310/407/5318 5309/398/5317 846/398/1937 850/407/1975
f 5310/407/5318 5311/654/5319 819/654/3986 849/407/1972
f 5311/654/5319 5310/407/5318 850/407/1975 820/654/3989
f 5311/654/5319 5307/223/5315 825/223/895 819/654/3986
f 5307/223/5315 5311/654/5319 820/654/3989 826/223/896
f 5312/315/5320 5313/292/5321 2245/292/5322 2241/315/5323
f 5313/292/5321 5312/315/5320 2242/315/5324 2246/292/5325
f 5313/292/5321 5314/295/5326 2243/295/5327 2245/292/5322
f 5314/295/5326 5313/292/5321 2246/292/5325 2244/295/5328
f 5314/295/5326 5315/450/5329 2239/450/5330 2243/295/5327
f 5315/450/5329 5314/295/5326 2244/295/5328 2240/450/5331
f 5315/450/5329 5312/315/5320 2241/315/5323 2239/450/5330
f 5312/315/5320 5315/450/5329 2240/450/5331 2242/315/5324
f 5316/306/5332 5317/305/5333 1389/305/5334 1383/306/5335
f 5317/305/5333 5316/306/5332 1384/306/5336 1390/305/5337
f 5317/305/5333 5318/716/5338 1387/716/5339 1389/305/5334
f 5318/716/5338 5317/305/5333 1390/305/5337 1388/716/5340
f 5318/716/5338 5319/717/5341 1385/717/5342 1387/716/5339
f 5319/717/5341 5318/716/5338 1388/716/5340 1386/717/5343
f 5319/717/5341 5316/306/5332 1383/306/5335 1385/717/5342
f 5316/306/5332 5319/717/5341 1386/717/5343 1384/306/5336
f 5320/403/5344 5321/705/5345 231/705/5346 225/403/1961
f 5321/705/5345 5320/403/5344 226/403/1962 232/705/5347
f 5321/705/5345 5322/718/5348 229/718/5349 231/705/5346
f 5322/718/5348 5321/705/5345 232/705/5347 230/718/5350
f 5322/718/5348 5323/404/5351 227/404/1960 229/718/5349
f 5323/404/5351 5322/718/5348 230/718/5350 228/404/1963
f 5323/404/5351 5320/403/5344 225/403/1961 227/404/1960
f 5320/403/5344 5323/404/5351 228/404/1963 226/403/1962
f 5324/266/5352 5325/255/5353 2495/255/5354 2491/266/5355
f 5325/255/5353 5324/266/5352 2492/266/5356 2496/255/5357
f 5325/255/5353 5326/678/5358 2493/678/5359 2495/255/5354
f 5326/678/5358 5325/255/5353 2496/255/5357 2494/678/5360
f 5326/678/5358 5327/312/5361 2489/312/5362 2493/678/5359
f 5327/312/5361 5326/678/5358 2494/678/5360 2490/312/5363
f 5327/312/5361 5324/266/5352 2491/266/5355 2489/312/5362
f 5324/266/5352 5327/312/5361 2490/312/5363 2492/266/5356
f 5328/348/5364 5329/719/5365 2809/719/5366 2807/348/5367
f 5329/719/5365 5328/348/5364 2808/348/5368 2810/719/5369
f 5329/719/5365 5330/460/5370 2811/460/5371 2809/719/5366
f 5330/460/5370 5329/719/5365 2810/719/5369 2812/460/5372
f 5330/460/5370 5328/348/5364 2807/348/5367 2811/460/5371
f 5328/348/5364 5330/460/5370 2812/460/5372 2808/348/5368
f 5331/719/5373 5332/348/5374 2807/348/5367 2809/719/5366
f 5332/348/5374 5331/719/5373 2810/719/5369 2808/348/5368
f 5332/348/5374 5333/720/5375 2813/720/5376 2807/348/5367
f 5333/720/5375 5332/348/5374 2808/348/5368 2814/720/5377
f 5333/720/5375 5331/719/5373 2809/719/5366 2813/720/5376
f 5331/719/5373 5333/720/5375 2814/720/5377 2810/719/5369
f 5334/553/5378 5335/629/5379 2817/629/5380 2815/553/5381
f 5335/629/5379 5334/553/5378 2816/553/5382 2818/629/5383
f 5335/629/5379 5336/721/5384 2819/721/5385 2817/629/5380
f 5336/721/5384 5335/629/5379 2818/629/5383 2820/721/5386
f 5336/721/5384 5334/553/5378 2815/553/5381 2819/721/5385
f 5334/553/5378 5336/721/5384 2820/721/5386 2816/553/5382
f 5337/629/5387 5338/553/5388 2815/553/5381 2817/629/5380
f 5338/553/5388 5337/629/5387 2818/629/5383 2816/553/5382
f 5338/553/5388 5339/164/5389 2821/164/5390 2815/553/5381
f 5339/164/5389 5338/553/5388 2816/553/5382 2822/164/5391
f 5339/164/5389 5337/629/5387 2817/629/5380 2821/164/5390
f 5337/629/5387 5339/164/5389 2822/164/5391 2818/629/5383
f 5340/331/5392 5341/481/5393 1123/481/5394 1119/331/5395
f 5341/481/5393 5340/331/5392 1120/331/5396 1124/481/5397
f 5341/481/5393 5342/150/5398 1121/150/5399 1123/481/5394
f 5342/150/5398 5341/481/5393 1124/481/5397 1122/150/5400
f 5342/150/5398 5343/89/5401 1117/89/5402 1121/150/5399
f 5343/89/5401 5342/150/5398 1122/150/5400 1118/89/5403
f 5343/89/5401 5340/331/5392 1119/331/5395 1117/89/5402
f 5340/331/5392 5343/89/5401 1118/89/5403 1120/331/5396
f 5344/554/5404 5345/722/5405 2829/722/5406 2827/554/5407
f 5345/722/5405 5344/554/5404 2828/554/5408 2830/722/5409
f 5345/722/5405 5346/723/5410 2831/723/5411 2829/722/5406
f 5346/723/5410 5345/722/5405 2830/722/5409 2832/723/5412
f 5346/723/5410 5344/554/5404 2827/554/5407 2831/723/5411
f 5344/554/5404 5346/723/5410 2832/723/5412 2828/554/5408
f 5347/722/5413 5348/554/5414 2827/554/5407 2829/722/5406
f 5348/554/5414 5347/722/5413 2830/722/5409 2828/554/5408
f 5348/554/5414 5349/553/5415 2833/553/5416 2827/554/5407
f 5349/553/5415 5348/554/5414 2828/554/5408 2834/553/5417
f 5349/553/5415 5347/722/5413 2829/722/5406 2833/553/5416
f 5347/722/5413 5349/553/5415 2834/553/5417 2830/722/5409
f 5350/721/5418 5351/722/5419 2837/722/5420 2835/721/5421
f 5351/722/5419 5350/721/5418 2836/721/5422 2838/722/5423
f 5351/722/5419 5352/553/5424 2833/553/5425 2837/722/5420
f 5352/553/5424 5351/722/5419 2838/722/5423 2834/553/5426
f 5352/553/5424 5350/721/5418 2835/721/5421 2833/553/5425
f 5350/721/5418 5352/553/5424 2834/553/5426 2836/721/5422
f 5353/591/5427 5354/349/5428 2841/349/1554 2839/591/5429
f 5354/349/5428 5353/591/5427 2840/591/5430 2842/349/1555
f 5354/349/5428 5355/724/5431 2843/724/5432 2841/349/1554
f 5355/724/5431 5354/349/5428 2842/349/1555 2844/724/5433
f 5355/724/5431 5353/591/5427 2839/591/5429 2843/724/5432
f 5353/591/5427 5355/724/5431 2844/724/5433 2840/591/5430
f 5356/349/5434 5357/591/5435 2839/591/5429 2841/349/1554
f 5357/591/5435 5356/349/5434 2842/349/1555 2840/591/5430
f 5357/591/5435 5358/346/5436 2845/346/1547 2839/591/5429
f 5358/346/5436 5357/591/5435 2840/591/5430 2846/346/1548
f 5358/346/5436 5356/349/5434 2841/349/1554 2845/346/1547
f 5356/349/5434 5358/346/5436 2846/346/1548 2842/349/1555
f 5359/159/5437 5360/164/5438 261/164/5439 257/159/5440
f 5360/164/5438 5359/159/5437 258/159/5441 262/164/5442
f 5360/164/5438 5361/165/5443 259/165/5444 261/164/5439
f 5361/165/5443 5360/164/5438 262/164/5442 260/165/5445
f 5361/165/5443 5362/161/5446 255/161/5447 259/165/5444
f 5362/161/5446 5361/165/5443 260/165/5445 256/161/5448
f 5362/161/5446 5359/159/5437 257/159/5440 255/161/5447
f 5359/159/5437 5362/161/5446 256/161/5448 258/159/5441
f 5363/148/5449 5364/147/5450 1855/147/5451 1853/148/5452
f 5364/147/5450 5363/148/5449 1854/148/5453 1856/147/5454
f 5364/147/5450 5365/311/5455 1851/311/5456 1855/147/5451
f 5365/311/5455 5364/147/5450 1856/147/5454 1852/311/5457
f 5365/311/5455 5366/343/5458 1847/343/5459 1851/311/5456
f 5366/343/5458 5365/311/5455 1852/311/5457 1848/343/5460
f 5366/343/5458 5363/148/5449 1853/148/5452 1847/343/5459
f 5363/148/5449 5366/343/5458 1848/343/5460 1854/148/5453
f 5367/85/5461 5368/725/5462 2707/725/5463 2705/85/5464
f 5368/725/5462 5367/85/5461 2706/85/5465 2708/725/5466
f 5368/725/5462 5369/358/5467 2701/358/5468 2707/725/5463
f 5369/358/5467 5368/725/5462 2708/725/5466 2702/358/5469
f 5369/358/5467 5370/86/5470 2703/86/5471 2701/358/5468
f 5370/86/5470 5369/358/5467 2702/358/5469 2704/86/5472
f 5370/86/5470 5367/85/5461 2705/85/5464 2703/86/5471
f 5367/85/5461 5370/86/5470 2704/86/5472 2706/85/5465
f 5371/483/5473 5372/689/5474 2869/689/5475 2867/483/5476
f 5372/689/5474 5371/483/5473 2868/483/5477 2870/689/5478
f 5372/689/5474 5373/204/5479 2871/204/5480 2869/689/5475
f 5373/204/5479 5372/689/5474 2870/689/5478 2872/204/5481
f 5373/204/5479 5371/483/5473 2867/483/5476 2871/204/5480
f 5371/483/5473 5373/204/5479 2872/204/5481 2868/483/5477
f 5374/204/5482 5375/689/5483 2869/689/5475 2871/204/5480
f 5375/689/5483 5374/204/5482 2872/204/5481 2870/689/5478
f 5375/689/5483 5376/634/5484 2873/634/5485 2869/689/5475
f 5376/634/5484 5375/689/5483 2870/689/5478 2874/634/5486
f 5376/634/5484 5374/204/5482 2871/204/5480 2873/634/5485
f 5374/204/5482 5376/634/5484 2874/634/5486 2872/204/5481
f 5377/164/5487 5378/494/5488 2877/494/5489 2875/164/5490
f 5378/494/5488 5377/164/5487 2876/164/5491 2878/494/5492
f 5378/494/5488 5379/569/5493 2879/569/5494 2877/494/5489
f 5379/569/5493 5378/494/5488 2878/494/5492 2880/569/5495
f 5379/569/5493 5377/164/5487 2875/164/5490 2879/569/5494
f 5377/164/5487 5379/569/5493 2880/569/5495 2876/164/5491
f 5380/494/5496 5381/164/5497 2875/164/5490 2877/494/5489
f 5381/164/5497 5380/494/5496 2878/494/5492 2876/164/5491
f 5381/164/5497 5382/495/5498 2881/495/5499 2875/164/5490
f 5382/495/5498 5381/164/5497 2876/164/5491 2882/495/5500
f 5382/495/5498 5380/494/5496 2877/494/5489 2881/495/5499
f 5380/494/5496 5382/495/5498 2882/495/5500 2878/494/5492
f 5383/642/5501 5384/120/5502 2439/120/5503 2435/642/5504
f 5384/120/5502 5383/642/5501 2436/642/5505 2440/120/5506
f 5384/120/5502 5385/123/5507 2437/123/5508 2439/120/5503
f 5385/123/5507 5384/120/5502 2440/120/5506 2438/123/5509
f 5385/123/5507 5386/681/5510 2433/681/5511 2437/123/5508
f 5386/681/5510 5385/123/5507 2438/123/5509 2434/681/5512
f 5386/681/5510 5383/642/5501 2435/642/5504 2433/681/5511
f 5383/642/5501 5386/681/5510 2434/681/5512 2436/642/5505
f 5387/86/5513 5388/478/5514 2889/478/5515 2883/86/322
f 5388/478/5514 5387/86/5513 2884/86/323 2890/478/5516
f 5388/478/5514 5389/87/5517 2885/87/325 2889/478/5515
f 5389/87/5517 5388/478/5514 2890/478/5516 2886/87/326
f 5389/87/5517 5387/86/5513 2883/86/322 2885/87/325
f 5387/86/5513 5389/87/5517 2886/87/326 2884/86/323
f 5390/726/5518 5391/727/5519 2963/727/5520 2959/726/5521
f 5391/727/5519 5390/726/5518 2960/726/5522 2964/727/5523
f 5391/727/5519 5392/728/5524 2961/728/5525 2963/727/5520
f 5392/728/5524 5391/727/5519 2964/727/5523 2962/728/5526
f 5392/728/5524 5393/729/5527 2957/729/5528 2961/728/5525
f 5393/729/5527 5392/728/5524 2962/728/5526 2958/729/5529
f 5393/729/5527 5390/726/5518 2959/726/5521 2957/729/5528
f 5390/726/5518 5393/729/5527 2958/729/5529 2960/726/5522
f 5394/478/5530 5395/86/5531 2883/86/322 2889/478/5515
f 5395/86/5531 5394/478/5530 2890/478/5516 2884/86/323
f 5395/86/5531 5396/550/5532 2895/550/5533 2883/86/322
f 5396/550/5532 5395/86/5531 2884/86/323 2896/550/5534
f 5396/550/5532 5394/478/5530 2889/478/5515 2895/550/5533
f 5394/478/5530 5396/550/5532 2896/550/5534 2890/478/5516
f 5397/98/5535 5398/730/5536 117/730/5537 109/98/5538
f 5398/730/5536 5397/98/5535 110/98/5539 118/730/5540
f 5398/730/5536 5399/540/5541 113/540/5542 117/730/5537
f 5399/540/5541 5398/730/5536 118/730/5540 114/540/5543
f 5399/540/5541 5400/303/5544 115/303/5545 113/540/5542
f 5400/303/5544 5399/540/5541 114/540/5543 116/303/5546
f 5400/303/5544 5397/98/5535 109/98/5538 115/303/5545
f 5397/98/5535 5400/303/5544 116/303/5546 110/98/5539
f 5401/713/5547 5402/729/5548 2909/729/5549 2907/713/5550
f 5402/729/5548 5401/713/5547 2908/713/5551 2910/729/5552
f 5402/729/5548 5403/483/5553 2911/483/5554 2909/729/5549
f 5403/483/5553 5402/729/5548 2910/729/5552 2912/483/5555
f 5403/483/5553 5401/713/5547 2907/713/5550 2911/483/5554
f 5401/713/5547 5403/483/5553 2912/483/5555 2908/713/5551
f 5404/689/5556 5405/483/5557 2911/483/5554 2913/689/5558
f 5405/483/5557 5404/689/5556 2914/689/5559 2912/483/5555
f 5405/483/5557 5406/729/5560 2909/729/5549 2911/483/5554
f 5406/729/5560 5405/483/5557 2912/483/5555 2910/729/5552
f 5406/729/5560 5404/689/5556 2913/689/5558 2909/729/5549
f 5404/689/5556 5406/729/5560 2910/729/5552 2914/689/5559
f 5407/729/5561 5408/690/5562 2917/690/5563 2915/729/5564
f 5408/690/5562 5407/729/5561 2916/729/5565 2918/690/5566
f 5408/690/5562 5409/689/5567 2913/689/5568 2917/690/5563
f 5409/689/5567 5408/690/5562 2918/690/5566 2914/689/5569
f 5409/689/5567 5407/729/5561 2915/729/5564 2913/689/5568
f 5407/729/5561 5409/689/5567 2914/689/5569 2916/729/5565
f 5410/690/5570 5411/729/5571 2915/729/5564 2917/690/5563
f 5411/729/5571 5410/690/5570 2918/690/5566 2916/729/5565
f 5411/729/5571 5412/728/5572 2919/728/5573 2915/729/5564
f 5412/728/5572 5411/729/5571 2916/729/5565 2920/728/5574
f 5412/728/5572 5410/690/5570 2917/690/5563 2919/728/5573
f 5410/690/5570 5412/728/5572 2920/728/5574 2918/690/5566
f 5413/731/5575 5414/732/5576 1381/732/5577 1375/731/5578
f 5414/732/5576 5413/731/5575 1376/731/5579 1382/732/5580
f 5414/732/5576 5415/672/5581 1377/672/5582 1381/732/5577
f 5415/672/5581 5414/732/5576 1382/732/5580 1378/672/5583
f 5415/672/5581 5416/559/5584 1379/559/5585 1377/672/5582
f 5416/559/5584 5415/672/5581 1378/672/5583 1380/559/5586
f 5416/559/5584 5413/731/5575 1375/731/5578 1379/559/5585
f 5413/731/5575 5416/559/5584 1380/559/5586 1376/731/5579
f 5417/411/5587 5418/424/5588 927/424/2052 723/411/1993
f 5418/424/5588 5417/411/5587 724/411/1994 928/424/2053
f 5418/424/5588 5419/448/5589 727/448/2251 927/424/2052
f 5419/448/5589 5418/424/5588 928/424/2053 728/448/2252
f 5419/448/5589 5420/412/5590 729/412/1992 727/448/2251
f 5420/412/5590 5419/448/5589 728/448/2252 730/412/1995
f 5420/412/5590 5417/411/5587 723/411/1993 729/412/1992
f 5417/411/5587 5420/412/5590 730/412/1995 724/411/1994
f 5421/359/5591 5422/358/5592 2939/358/5593 2937/359/5594
f 5422/358/5592 5421/359/5591 2938/359/5595 2940/358/5596
f 5422/358/5592 5423/725/5597 2941/725/5598 2939/358/5593
f 5423/725/5597 5422/358/5592 2940/358/5596 2942/725/5599
f 5423/725/5597 5421/359/5591 2937/359/5594 2941/725/5598
f 5421/359/5591 5423/725/5597 2942/725/5599 2938/359/5595
f 5424/725/5600 5425/733/5601 2943/733/5602 2941/725/5598
f 5425/733/5601 5424/725/5600 2942/725/5599 2944/733/5603
f 5425/733/5601 5426/359/5604 2937/359/5594 2943/733/5602
f 5426/359/5604 5425/733/5601 2944/733/5603 2938/359/5595
f 5426/359/5604 5424/725/5600 2941/725/5598 2937/359/5594
f 5424/725/5600 5426/359/5604 2938/359/5595 2942/725/5599
f 5427/117/5605 5428/462/5606 1247/462/2361 1295/117/5265
f 5428/462/5606 5427/117/5605 1296/117/5266 1248/462/2362
f 5428/462/5606 5429/471/5607 1251/471/2417 1247/462/2361
f 5429/471/5607 5428/462/5606 1248/462/2362 1252/471/2418
f 5429/471/5607 5430/542/5608 1253/542/5609 1251/471/2417
f 5430/542/5608 5429/471/5607 1252/471/2418 1254/542/5610
f 5430/542/5608 5427/117/5605 1295/117/5265 1253/542/5609
f 5427/117/5605 5430/542/5608 1254/542/5610 1296/117/5266
f 5431/711/5611 5432/726/5612 2953/726/5613 2951/711/5614
f 5432/726/5612 5431/711/5611 2952/711/5615 2954/726/5616
f 5432/726/5612 5433/713/5617 2955/713/5618 2953/726/5613
f 5433/713/5617 5432/726/5612 2954/726/5616 2956/713/5619
f 5433/713/5617 5431/711/5611 2951/711/5614 2955/713/5618
f 5431/711/5611 5433/713/5617 2956/713/5619 2952/711/5615
f 5434/729/5620 5435/713/5621 2955/713/5618 2957/729/5622
f 5435/713/5621 5434/729/5620 2958/729/5623 2956/713/5619
f 5435/713/5621 5436/726/5624 2953/726/5613 2955/713/5618
f 5436/726/5624 5435/713/5621 2956/713/5619 2954/726/5616
f 5436/726/5624 5434/729/5620 2957/729/5622 2953/726/5613
f 5434/729/5620 5436/726/5624 2954/726/5616 2958/729/5623
f 5437/444/5625 5438/428/5626 897/428/2081 899/444/2194
f 5438/428/5626 5437/444/5625 900/444/2195 898/428/2082
f 5438/428/5626 5439/430/5627 891/430/2085 897/428/2081
f 5439/430/5627 5438/428/5626 898/428/2082 892/430/2086
f 5439/430/5627 5440/682/5628 889/682/4612 891/430/2085
f 5440/682/5628 5439/430/5627 892/430/2086 890/682/4613
f 5440/682/5628 5437/444/5625 899/444/2194 889/682/4612
f 5437/444/5625 5440/682/5628 890/682/4613 900/444/2195
f 5441/498/5629 5442/468/5630 2141/468/5631 2143/498/5632
f 5442/468/5630 5441/498/5629 2144/498/5633 2142/468/5634
f 5442/468/5630 5443/267/5635 2133/267/5636 2141/468/5631
f 5443/267/5635 5442/468/5630 2142/468/5634 2134/267/5637
f 5443/267/5635 5444/313/5638 2139/313/5639 2133/267/5636
f 5444/313/5638 5443/267/5635 2134/267/5637 2140/313/5640
f 5444/313/5638 5441/498/5629 2143/498/5632 2139/313/5639
f 5441/498/5629 5444/313/5638 2140/313/5640 2144/498/5633
f 5445/614/5641 5446/723/5642 2975/723/5643 2973/614/5644
f 5446/723/5642 5445/614/5641 2974/614/5645 2976/723/5646
f 5446/723/5642 5447/734/5647 2977/734/5648 2975/723/5643
f 5447/734/5647 5446/723/5642 2976/723/5646 2978/734/5649
f 5447/734/5647 5445/614/5641 2973/614/5644 2977/734/5648
f 5445/614/5641 5447/734/5647 2978/734/5649 2974/614/5645
f 5448/725/5650 5449/167/5651 2981/167/5652 2707/725/5653
f 5449/167/5651 5448/725/5650 2708/725/5654 2982/167/5655
f 5449/167/5651 5450/735/5656 2979/735/5657 2981/167/5652
f 5450/735/5656 5449/167/5651 2982/167/5655 2980/735/5658
f 5450/735/5656 5448/725/5650 2707/725/5653 2979/735/5657
f 5448/725/5650 5450/735/5656 2980/735/5658 2708/725/5654
f 5451/725/5659 5452/85/5660 2983/85/5661 2707/725/5653
f 5452/85/5660 5451/725/5659 2708/725/5654 2984/85/5662
f 5452/85/5660 5453/167/5663 2981/167/5652 2983/85/5661
f 5453/167/5663 5452/85/5660 2984/85/5662 2982/167/5655
f 5453/167/5663 5451/725/5659 2707/725/5653 2981/167/5652
f 5451/725/5659 5453/167/5663 2982/167/5655 2708/725/5654
f 5454/720/5664 5455/347/5665 2987/347/5666 2985/720/5667
f 5455/347/5665 5454/720/5664 2986/720/5668 2988/347/5669
f 5455/347/5665 5456/671/5670 2989/671/5671 2987/347/5666
f 5456/671/5670 5455/347/5665 2988/347/5669 2990/671/5672
f 5456/671/5670 5454/720/5664 2985/720/5667 2989/671/5671
f 5454/720/5664 5456/671/5670 2990/671/5672 2986/720/5668
f 5457/347/5673 5458/720/5674 2985/720/5667 2987/347/5666
f 5458/720/5674 5457/347/5673 2988/347/5669 2986/720/5668
f 5458/720/5674 5459/348/5675 2991/348/5676 2985/720/5667
f 5459/348/5675 5458/720/5674 2986/720/5668 2992/348/5677
f 5459/348/5675 5457/347/5673 2987/347/5666 2991/348/5676
f 5457/347/5673 5459/348/5675 2992/348/5677 2988/347/5669
f 5460/656/5678 5461/17/5679 1945/17/52 1937/656/4011
f 5461/17/5679 5460/656/5678 1938/656/4012 1946/17/53
f 5461/17/5679 5462/20/5680 1943/20/59 1945/17/52
f 5462/20/5680 5461/17/5679 1946/17/53 1944/20/60
f 5462/20/5680 5463/58/5681 1941/58/233 1943/20/59
f 5463/58/5681 5462/20/5680 1944/20/60 1942/58/236
f 5463/58/5681 5460/656/5678 1937/656/4011 1941/58/233
f 5460/656/5678 5463/58/5681 1942/58/236 1938/656/4012
