# Blender 5.2.0 LTS
# www.blender.org
mtllib pearlriflemag.mtl
o jack
v 0.111948 0.001621 -0.000183
v 0.113274 0.002321 -0.000183
v 0.071223 0.025811 -0.028744
v 0.071619 0.027089 -0.029422
v 0.087721 0.025828 -0.000183
v 0.088561 0.027072 -0.000183
v 0.083329 0.001620 -0.049709
v 0.083993 0.002322 -0.050857
v 0.120831 -0.031466 -0.000183
v 0.122331 -0.031466 -0.000183
v 0.087766 -0.031466 -0.057433
v 0.088516 -0.031466 -0.058733
v 0.083329 -0.064553 -0.049709
v 0.083993 -0.065255 -0.050857
v 0.111948 -0.064554 -0.000183
v 0.113274 -0.065254 -0.000183
v 0.071211 -0.088760 -0.028720
v 0.071631 -0.090004 -0.029446
v 0.087748 -0.088743 -0.000181
v 0.088534 -0.090021 -0.000185
v 0.083329 -0.064553 0.049442
v 0.083993 -0.065255 0.050590
v 0.087766 -0.031466 0.057168
v 0.088516 -0.031466 0.058466
v 0.083329 0.001620 0.049442
v 0.083993 0.002322 0.050590
v 0.071211 -0.088760 0.028453
v 0.071631 -0.090004 0.029179
v 0.071226 0.025811 0.028475
v 0.071616 0.027089 0.029157
v 0.090758 -0.115230 -0.000183
v 0.092084 -0.114530 -0.000183
v 0.050036 -0.091040 -0.028742
v 0.050425 -0.089762 -0.029424
v 0.062139 -0.115231 -0.049709
v 0.062803 -0.114529 -0.050857
v 0.099631 -0.148317 -0.000183
v 0.101131 -0.148317 -0.000183
v 0.066576 -0.148317 -0.057433
v 0.067326 -0.148317 -0.058733
v 0.062139 -0.181404 -0.049709
v 0.062803 -0.182106 -0.050857
v 0.090758 -0.181405 -0.000183
v 0.092084 -0.182105 -0.000183
v 0.050032 -0.205594 -0.028747
v 0.050430 -0.206874 -0.029419
v 0.062139 -0.181404 0.049442
v 0.062803 -0.182106 0.050590
v 0.066576 -0.148317 0.057168
v 0.067326 -0.148317 0.058466
v 0.062139 -0.115231 0.049442
v 0.062803 -0.114529 0.050590
v 0.050033 -0.205595 0.028477
v 0.050429 -0.206873 0.029155
v 0.050032 -0.091041 0.028480
v 0.050430 -0.089761 0.029152
v 0.053958 -0.235794 -0.000183
v 0.055284 -0.235094 -0.000183
v 0.013223 -0.211604 -0.028744
v 0.013619 -0.210326 -0.029422
v 0.025330 -0.235795 -0.049709
v 0.025992 -0.235093 -0.050857
v 0.062831 -0.268882 -0.000183
v 0.064331 -0.268882 -0.000183
v 0.029766 -0.268882 -0.057433
v 0.030516 -0.268882 -0.058733
v 0.025329 -0.301968 -0.049709
v 0.025993 -0.302670 -0.050857
v 0.053958 -0.301969 -0.000183
v 0.055284 -0.302669 -0.000183
v 0.025329 -0.301968 0.049442
v 0.025993 -0.302670 0.050590
v 0.029766 -0.268882 0.057168
v 0.030516 -0.268882 0.058467
v 0.025329 -0.235795 0.049442
v 0.025993 -0.235093 0.050590
v 0.013222 -0.211605 0.028480
v 0.013620 -0.210325 0.029152
v 0.003898 -0.351506 -0.000183
v 0.005224 -0.350806 -0.000183
v -0.036839 -0.327301 -0.028720
v -0.036419 -0.326057 -0.029446
v -0.020299 -0.327320 -0.000187
v -0.019519 -0.326038 -0.000179
v -0.024721 -0.351507 -0.049709
v -0.024057 -0.350805 -0.050857
v 0.012771 -0.384595 -0.000183
v 0.014271 -0.384595 -0.000183
v -0.020284 -0.384595 -0.057433
v -0.019534 -0.384595 -0.058733
v -0.024721 -0.417682 -0.049709
v -0.024057 -0.418384 -0.050857
v 0.003898 -0.417683 -0.000183
v 0.005224 -0.418383 -0.000183
v -0.036828 -0.441870 -0.028747
v -0.036430 -0.443150 -0.029419
v -0.020329 -0.441888 -0.000183
v -0.019489 -0.443132 -0.000183
v -0.024721 -0.417682 0.049442
v -0.024057 -0.418384 0.050590
v -0.020284 -0.384595 0.057168
v -0.019534 -0.384595 0.058467
v -0.024721 -0.351507 0.049442
v -0.024057 -0.350805 0.050590
v -0.036827 -0.441871 0.028477
v -0.036431 -0.443149 0.029155
v -0.036839 -0.327301 0.028453
v -0.036419 -0.326057 0.029179
v -0.081978 -0.351507 -0.049709
v -0.082640 -0.350805 -0.050857
v -0.110606 -0.351506 -0.000183
v -0.111932 -0.350806 -0.000183
v -0.069875 -0.327318 -0.028742
v -0.070263 -0.326040 -0.029424
v -0.086370 -0.327301 -0.000183
v -0.087208 -0.326057 -0.000183
v -0.053349 -0.318469 -0.000183
v -0.053349 -0.316969 -0.000183
v -0.081977 -0.351507 0.049442
v -0.082641 -0.350805 0.050590
v -0.069870 -0.327319 0.028480
v -0.070268 -0.326039 0.029152
v 0.054701 0.034659 -0.000183
v 0.054701 0.036159 -0.000183
v 0.066531 -0.091023 -0.000183
v 0.067371 -0.089779 -0.000183
v 0.033511 -0.082192 -0.000183
v 0.033511 -0.080692 -0.000183
v -0.019809 -0.211587 -0.028720
v -0.020229 -0.210343 -0.029446
v -0.036346 -0.211604 -0.000181
v -0.037132 -0.210326 -0.000185
v -0.003299 -0.202756 -0.000183
v -0.003299 -0.201256 -0.000183
v -0.019809 -0.211587 0.028453
v -0.020229 -0.210343 0.029179
v 0.017001 -0.091023 -0.028720
v 0.016581 -0.089779 -0.029446
v 0.017001 -0.091023 0.028453
v 0.016581 -0.089779 0.029179
v 0.038191 0.025828 -0.028720
v 0.037771 0.027072 -0.029446
v 0.038191 0.025828 0.028453
v 0.037771 0.027072 0.029179
v 0.029722 -0.211587 -0.000183
v 0.030560 -0.210343 -0.000183
v 0.004882 -0.115231 -0.049709
v 0.004220 -0.114529 -0.050857
v -0.023746 -0.115230 -0.000183
v -0.025072 -0.114530 -0.000183
v 0.000461 -0.091042 -0.000178
v -0.000319 -0.089760 -0.000188
v 0.004883 -0.115231 0.049442
v 0.004219 -0.114529 0.050590
v 0.026073 0.001620 -0.049709
v 0.025409 0.002322 -0.050857
v -0.002556 0.001621 -0.000183
v -0.003882 0.002321 -0.000183
v 0.021651 0.025809 -0.000178
v 0.020871 0.027091 -0.000188
v 0.026073 0.001620 0.049442
v 0.025409 0.002322 0.050590
v -0.081977 -0.417682 0.049442
v -0.082641 -0.418384 0.050590
v -0.069859 -0.441888 0.028453
v -0.070279 -0.443132 0.029179
v -0.086414 -0.384595 0.057168
v -0.087164 -0.384595 0.058467
v -0.031927 -0.301968 0.049442
v -0.032591 -0.302670 0.050590
v 0.013211 -0.326175 0.028453
v 0.013631 -0.327419 0.029179
v -0.019821 -0.326158 0.028477
v -0.020217 -0.327436 0.029155
v -0.036364 -0.268882 0.057168
v -0.037114 -0.268882 0.058466
v -0.031927 -0.235795 0.049442
v -0.032591 -0.235093 0.050590
v 0.017001 -0.205612 0.028453
v 0.016581 -0.206856 0.029179
v 0.004883 -0.181404 0.049442
v 0.004219 -0.182106 0.050590
v 0.000446 -0.148317 0.057168
v -0.000304 -0.148317 0.058467
v 0.026073 -0.064553 0.049442
v 0.025409 -0.065255 0.050590
v 0.038180 -0.088742 0.028480
v 0.037782 -0.090022 0.029152
v 0.021636 -0.031466 0.057168
v 0.020886 -0.031466 0.058467
v -0.110606 -0.417683 -0.000183
v -0.111932 -0.418383 -0.000183
v -0.081977 -0.417682 -0.049709
v -0.082641 -0.418384 -0.050857
v -0.119479 -0.384595 -0.000183
v -0.120979 -0.384595 -0.000183
v -0.086414 -0.384595 -0.057433
v -0.087164 -0.384595 -0.058733
v -0.060546 -0.301969 -0.000183
v -0.061872 -0.302669 -0.000183
v -0.031928 -0.301968 -0.049709
v -0.032590 -0.302670 -0.050857
v -0.069419 -0.268882 -0.000183
v -0.070919 -0.268882 -0.000183
v -0.036364 -0.268882 -0.057433
v -0.037114 -0.268882 -0.058733
v -0.031927 -0.235795 -0.049709
v -0.032591 -0.235093 -0.050857
v -0.060546 -0.235794 -0.000183
v -0.061872 -0.235094 -0.000183
v 0.000464 -0.205595 -0.000181
v -0.000322 -0.206873 -0.000185
v 0.017000 -0.205612 -0.028719
v 0.016582 -0.206856 -0.029446
v -0.023746 -0.181405 -0.000183
v -0.025072 -0.182105 -0.000183
v 0.004882 -0.181404 -0.049709
v 0.004220 -0.182106 -0.050857
v -0.032619 -0.148317 -0.000183
v -0.034119 -0.148317 -0.000183
v 0.000446 -0.148317 -0.057433
v -0.000304 -0.148317 -0.058733
v 0.021680 -0.088760 -0.000183
v 0.020842 -0.090004 -0.000183
v 0.038179 -0.088743 -0.028744
v 0.037783 -0.090021 -0.029422
v -0.002556 -0.064554 -0.000183
v -0.003882 -0.065254 -0.000183
v 0.026072 -0.064553 -0.049709
v 0.025410 -0.065255 -0.050857
v -0.011429 -0.031466 -0.000183
v -0.012929 -0.031466 -0.000183
v 0.021636 -0.031466 -0.057433
v 0.020886 -0.031466 -0.058733
v -0.053349 -0.450721 -0.000183
v -0.053349 -0.452221 -0.000183
v -0.086399 -0.441869 -0.000187
v -0.087179 -0.443151 -0.000179
v -0.069859 -0.441888 -0.028720
v -0.070279 -0.443132 -0.029446
v 0.054701 -0.097592 -0.000183
v 0.054701 -0.099092 -0.000183
v 0.066532 -0.205612 -0.000183
v 0.067370 -0.206856 -0.000183
v 0.033511 -0.214443 -0.000183
v 0.033511 -0.215943 -0.000183
v -0.003299 -0.335007 -0.000183
v -0.003299 -0.336507 -0.000183
v -0.036319 -0.326175 -0.000183
v -0.037159 -0.327419 -0.000183
v -0.019823 -0.326158 -0.028743
v -0.020215 -0.327436 -0.029423
v 0.013211 -0.326175 -0.028720
v 0.013631 -0.327419 -0.029446
v 0.029748 -0.326158 -0.000181
v 0.030534 -0.327436 -0.000185
v 0.222155 -0.112344 -0.088895
v 0.223087 -0.112386 -0.090071
v 0.217155 -0.000527 -0.088894
v 0.218067 -0.000357 -0.090072
v 0.192520 0.089331 -0.088940
v 0.193182 0.090125 -0.090026
v 0.205330 -0.220780 -0.088895
v 0.206232 -0.221010 -0.090071
v 0.166652 -0.325857 -0.088886
v 0.167490 -0.326211 -0.090080
v 0.115651 -0.429237 -0.088954
v 0.116711 -0.429321 -0.090012
v 0.222155 -0.112344 0.088529
v 0.223087 -0.112386 0.089705
v 0.205330 -0.220780 0.088529
v 0.206232 -0.221010 0.089705
v 0.217155 -0.000527 0.088528
v 0.218067 -0.000357 0.089706
v 0.192520 0.089331 0.088574
v 0.193182 0.090125 0.089660
v 0.166652 -0.325857 0.088520
v 0.167490 -0.326211 0.089714
v 0.115651 -0.429237 0.088588
v 0.116711 -0.429321 0.089646
v 0.125939 -0.546239 -0.106715
v 0.126783 -0.546737 -0.107851
v 0.131015 -0.604677 -0.000183
v 0.131907 -0.605883 -0.000183
v 0.125939 -0.546239 0.106450
v 0.126783 -0.546737 0.107586
v -0.116121 -0.381717 -0.050931
v -0.115037 -0.382227 -0.051833
v -0.142529 -0.427266 -0.063299
v -0.142049 -0.426458 -0.064467
v -0.116121 -0.381717 0.050666
v -0.115037 -0.382227 0.051568
v -0.142529 -0.427266 0.063034
v -0.142049 -0.426458 0.064202
v -0.064654 -0.277278 -0.051856
v -0.063524 -0.277774 -0.052708
v -0.064654 -0.277278 0.051591
v -0.063524 -0.277774 0.052443
v -0.008054 -0.059398 -0.051854
v -0.006824 -0.059464 -0.052710
v -0.012864 0.054306 -0.051611
v -0.012194 0.054328 -0.052953
v -0.025266 -0.170259 -0.051853
v -0.024072 -0.170561 -0.052711
v -0.025266 -0.170259 0.051588
v -0.024072 -0.170561 0.052446
v -0.008054 -0.059398 0.051589
v -0.006824 -0.059464 0.052445
v -0.012864 0.054306 0.051346
v -0.012194 0.054328 0.052688
v -0.135799 0.194383 -0.088911
v -0.136079 0.195313 -0.090055
v -0.028346 0.159890 -0.051764
v -0.027812 0.160836 -0.052800
v -0.191120 0.212114 -0.000183
v -0.192158 0.213198 -0.000183
v 0.079325 0.125515 -0.051712
v 0.079557 0.126463 -0.052852
v -0.135799 0.194383 0.088545
v -0.136079 0.195313 0.089689
v -0.028346 0.159890 0.051499
v -0.027812 0.160836 0.052535
v 0.079325 0.125512 0.051450
v 0.079557 0.126466 0.052584
v 0.007092 -0.452434 -0.063318
v 0.006910 -0.451466 -0.064448
v 0.007092 -0.452434 0.063053
v 0.006910 -0.451466 0.064183
v 0.102897 0.017579 0.051387
v 0.102085 0.017511 0.052647
v -0.122399 -0.058787 0.088410
v -0.122899 -0.058757 0.089824
v -0.177955 -0.272536 0.088411
v -0.178423 -0.272346 0.089823
v -0.228858 -0.375863 0.088422
v -0.229300 -0.375513 0.089812
v -0.139277 -0.167358 0.088400
v -0.139701 -0.167246 0.089834
v 0.091528 -0.198781 0.051561
v 0.090374 -0.198487 0.052473
v 0.053544 -0.302035 0.051584
v 0.052418 -0.301555 0.052450
v -0.287626 -0.482038 0.106361
v -0.288292 -0.482314 0.107676
v 0.001499 -0.407632 0.053028
v 0.000243 -0.407366 0.053806
v 0.108036 -0.092583 0.051589
v 0.106806 -0.092523 0.052445
v -0.183290 -0.058816 -0.000183
v -0.184788 -0.058728 -0.000183
v -0.200155 -0.167497 -0.000183
v -0.201603 -0.167107 -0.000183
v -0.238892 -0.272742 -0.000183
v -0.240266 -0.272140 -0.000183
v -0.289822 -0.376050 -0.000183
v -0.291136 -0.375326 -0.000183
v -0.372945 -0.526551 -0.000183
v -0.374293 -0.527211 -0.000183
v -0.122399 -0.058787 -0.088776
v -0.122899 -0.058757 -0.090190
v -0.139277 -0.167357 -0.088766
v -0.139701 -0.167247 -0.090200
v -0.177955 -0.272536 -0.088777
v -0.178423 -0.272346 -0.090189
v -0.228858 -0.375863 -0.088788
v -0.229300 -0.375513 -0.090178
v -0.287625 -0.482038 -0.106626
v -0.288293 -0.482314 -0.107940
v 0.053544 -0.302035 -0.051849
v 0.052418 -0.301555 -0.052715
v 0.001499 -0.407632 -0.053293
v 0.000243 -0.407366 -0.054071
v 0.091528 -0.198781 -0.051826
v 0.090374 -0.198487 -0.052738
v 0.108036 -0.092583 -0.051854
v 0.106806 -0.092523 -0.052710
v 0.102887 0.017578 -0.051646
v 0.102095 0.017512 -0.052918
v 0.083779 -0.065471 -0.049098
v 0.111643 -0.065471 -0.000877
v 0.088306 -0.088815 -0.000877
v 0.072106 -0.088815 -0.028880
v 0.012947 -0.383864 -0.000838
v -0.019629 -0.383865 -0.057257
v -0.023913 -0.351886 -0.049798
v 0.004378 -0.351887 -0.000838
v 0.121007 -0.030735 -0.000838
v 0.088421 -0.030736 -0.057258
v 0.084137 0.001241 -0.049798
v 0.112429 0.001240 -0.000838
v -0.024271 -0.418600 -0.049098
v 0.003593 -0.418600 -0.000877
v -0.019744 -0.441943 -0.000877
v -0.035944 -0.441943 -0.028880
v 0.084137 -0.064173 0.049531
v 0.112429 -0.064173 0.000472
v 0.121007 -0.032197 0.000472
v 0.088421 -0.032196 0.056991
v 0.003594 -0.418600 0.000511
v -0.024272 -0.418600 0.048830
v -0.035945 -0.441943 0.028612
v -0.019743 -0.441943 0.000512
v 0.090454 -0.114313 0.000511
v 0.067117 -0.090968 0.000511
v 0.050915 -0.090968 0.028612
v 0.062588 -0.114313 0.048830
v 0.090453 -0.182322 -0.000877
v 0.067116 -0.205667 -0.000877
v 0.050916 -0.205667 -0.028880
v 0.062589 -0.182322 -0.049098
v -0.119655 -0.385326 -0.000838
v -0.087069 -0.385325 -0.057258
v -0.082785 -0.417303 -0.049798
v -0.111086 -0.417302 -0.000838
v -0.032735 -0.236174 0.049531
v -0.061027 -0.236175 0.000472
v -0.069596 -0.268151 0.000472
v -0.037019 -0.268151 0.056991
v 0.111643 0.002538 -0.000877
v 0.083779 0.002538 -0.049098
v 0.072106 0.025883 -0.028880
v 0.088306 0.025883 -0.000877
v -0.110301 -0.418600 -0.000877
v -0.082427 -0.418600 -0.049098
v -0.070754 -0.441943 -0.028880
v -0.086955 -0.441943 -0.000877
v 0.025265 0.001241 0.049531
v -0.003037 0.001240 0.000472
v -0.011605 -0.030735 0.000472
v 0.020981 -0.030735 0.056991
v 0.111644 -0.065471 0.000511
v 0.083778 -0.065471 0.048830
v 0.072105 -0.088815 0.028612
v 0.088307 -0.088815 0.000511
v 0.050915 -0.205667 0.028612
v 0.067117 -0.205667 0.000511
v 0.090454 -0.182322 0.000511
v 0.062588 -0.182322 0.048830
v -0.002251 -0.065471 -0.000877
v 0.025623 -0.065471 -0.049098
v 0.037296 -0.088815 -0.028880
v 0.021096 -0.088815 -0.000877
v 0.099807 -0.147586 -0.000838
v 0.067231 -0.147587 -0.057257
v 0.062947 -0.115610 -0.049798
v 0.091238 -0.115611 -0.000838
v -0.119655 -0.383864 -0.000838
v -0.111086 -0.351887 -0.000838
v -0.082785 -0.351886 -0.049798
v -0.087069 -0.383865 -0.057258
v -0.037147 -0.441943 -0.029574
v -0.069551 -0.441943 -0.029574
v -0.081224 -0.418600 -0.049792
v -0.025474 -0.418600 -0.049792
v 0.082576 0.002538 0.049525
v 0.070903 0.025883 0.029307
v 0.038499 0.025883 0.029307
v 0.026826 0.002538 0.049525
v 0.016107 -0.090968 0.028612
v -0.000095 -0.090968 0.000512
v -0.023441 -0.114313 0.000511
v 0.004434 -0.114313 0.048830
v -0.288055 -0.481711 0.106274
v -0.229872 -0.376345 0.088602
v -0.290413 -0.376371 0.000459
v -0.372648 -0.525810 0.000488
v 0.053653 -0.302886 -0.000877
v 0.030306 -0.326230 -0.000877
v 0.014106 -0.326230 -0.028880
v 0.025779 -0.302886 -0.049098
v -0.011605 -0.032197 -0.000838
v 0.020981 -0.032196 -0.057258
v 0.025265 -0.064174 -0.049798
v -0.003036 -0.064173 -0.000838
v 0.003593 -0.350589 -0.000877
v -0.024271 -0.350589 -0.049098
v -0.035944 -0.327246 -0.028880
v -0.019744 -0.327246 -0.000877
v -0.007554 -0.060172 -0.051532
v -0.007554 -0.060172 0.051267
v -0.024554 -0.169669 0.051267
v -0.024554 -0.169669 -0.051532
v -0.142789 -0.426250 0.063662
v -0.116831 -0.382651 0.051593
v -0.228685 -0.376461 0.088973
v -0.286349 -0.480766 0.106535
v -0.024272 -0.350589 0.048830
v 0.003594 -0.350589 0.000511
v -0.019743 -0.327246 0.000512
v -0.035945 -0.327246 0.028612
v 0.037297 0.025883 0.028612
v 0.021095 0.025883 0.000511
v -0.002251 0.002538 0.000511
v 0.025624 0.002538 0.048830
v -0.004089 -0.335333 -0.000182
v -0.020034 -0.327019 0.027356
v -0.035873 -0.326797 -0.000182
v -0.020034 -0.327019 -0.027627
v -0.289698 -0.374993 0.000455
v -0.229175 -0.374993 0.088479
v -0.178970 -0.273136 0.088479
v -0.239483 -0.273136 0.000455
v 0.066085 -0.206234 -0.000182
v 0.050246 -0.206456 0.027356
v 0.034301 -0.214770 -0.000182
v 0.050246 -0.206456 -0.027627
v 0.055491 0.034986 -0.000182
v 0.071436 0.026672 0.027356
v 0.087275 0.026450 -0.000182
v 0.071436 0.026672 -0.027627
v 0.022518 0.026672 -0.000925
v 0.054306 0.034985 -0.000867
v 0.070150 0.026672 -0.028367
v 0.038414 0.026450 -0.028333
v 0.033116 -0.081865 0.000502
v 0.001326 -0.090179 0.000559
v 0.017224 -0.090401 0.028066
v 0.048962 -0.090180 0.028099
v 0.012988 -0.326797 -0.028333
v 0.028884 -0.327019 -0.000925
v -0.002904 -0.335333 -0.000867
v -0.018748 -0.327019 -0.028367
v -0.002904 -0.335334 0.000502
v 0.028886 -0.327019 0.000559
v 0.012988 -0.326797 0.028066
v -0.018750 -0.327018 0.028099
v 0.033116 -0.214769 -0.000867
v 0.001328 -0.206456 -0.000925
v 0.017224 -0.206234 -0.028333
v 0.048960 -0.206456 -0.028367
v 0.054306 0.034986 0.000502
v 0.022516 0.026672 0.000559
v 0.038414 0.026450 0.028066
v 0.070152 0.026671 0.028099
v 0.001328 -0.090179 -0.000925
v 0.033116 -0.081866 -0.000867
v 0.048960 -0.090179 -0.028367
v 0.017224 -0.090401 -0.028333
v 0.017224 -0.206234 0.028066
v 0.001326 -0.206456 0.000559
v 0.033116 -0.214770 0.000502
v 0.048962 -0.206455 0.028099
v 0.034301 -0.081865 -0.000182
v 0.050246 -0.090179 0.027356
v 0.066085 -0.090401 -0.000182
v 0.050246 -0.090179 -0.027627
v -0.002251 0.002538 -0.000877
v 0.021096 0.025883 -0.000877
v 0.037296 0.025883 -0.028880
v 0.025623 0.002538 -0.049098
v 0.016107 -0.205667 0.028612
v 0.004434 -0.182322 0.048830
v -0.023441 -0.182322 0.000511
v -0.000095 -0.205667 0.000512
v -0.023441 -0.182322 -0.000877
v 0.004433 -0.182322 -0.049098
v 0.016106 -0.205667 -0.028880
v -0.000094 -0.205667 -0.000877
v 0.053653 -0.234877 0.000511
v 0.030307 -0.211532 0.000512
v 0.014105 -0.211532 0.028612
v 0.025778 -0.234877 0.048830
v -0.028706 0.159785 0.052274
v -0.135176 0.193822 0.088869
v -0.121896 -0.058810 0.089117
v -0.138654 -0.166575 0.088885
v -0.025272 -0.169644 0.052249
v -0.008192 -0.059390 0.052017
v -0.013277 0.054246 0.052017
v -0.372211 -0.526742 0.000478
v 0.130683 -0.604801 0.000478
v 0.125646 -0.546735 0.106357
v -0.287608 -0.482588 0.106357
v 0.026137 -0.301589 0.049531
v 0.054439 -0.301588 0.000472
v 0.063007 -0.269613 0.000472
v 0.030421 -0.269612 0.056991
v -0.025048 -0.351886 0.050186
v -0.081650 -0.351886 0.050186
v -0.085935 -0.383865 0.057647
v -0.020763 -0.383865 0.057647
v -0.037147 -0.327246 0.029307
v -0.069551 -0.327246 0.029307
v -0.081224 -0.350589 0.049525
v -0.025474 -0.350589 0.049525
v 0.024576 -0.302886 -0.049792
v 0.012903 -0.326230 -0.029574
v -0.019501 -0.326230 -0.029574
v -0.031174 -0.302886 -0.049792
v -0.183635 -0.058022 -0.000801
v -0.191220 0.211766 -0.000821
v -0.136298 0.194212 -0.088843
v -0.123113 -0.058023 -0.088865
v 0.216926 -0.001093 -0.089251
v 0.221868 -0.112324 -0.089483
v 0.205194 -0.220017 -0.089256
v 0.091768 -0.198029 -0.052509
v 0.108174 -0.092594 -0.052282
v 0.103244 0.016670 -0.052514
v -0.020763 -0.385325 -0.057913
v -0.025048 -0.417303 -0.050453
v -0.081651 -0.417303 -0.050453
v -0.085935 -0.385325 -0.057913
v -0.085935 -0.383865 -0.057913
v -0.081650 -0.351886 -0.050453
v -0.025048 -0.351886 -0.050453
v -0.020763 -0.383865 -0.057913
v 0.022115 -0.032196 -0.057913
v 0.087287 -0.032196 -0.057913
v 0.083003 -0.064174 -0.050453
v 0.026400 -0.064174 -0.050453
v 0.066097 -0.149047 0.057647
v 0.000925 -0.149047 0.057647
v 0.005210 -0.181025 0.050186
v 0.061812 -0.181025 0.050186
v 0.061386 -0.182322 -0.049792
v 0.049713 -0.205667 -0.029574
v 0.017309 -0.205667 -0.029574
v 0.005636 -0.182322 -0.049792
v -0.081224 -0.350589 -0.049792
v -0.069551 -0.327246 -0.029574
v -0.037147 -0.327246 -0.029574
v -0.025474 -0.350589 -0.049792
v 0.026826 0.002538 -0.049792
v 0.038499 0.025883 -0.029574
v 0.070903 0.025883 -0.029574
v 0.082576 0.002538 -0.049792
v 0.079550 0.125954 0.051267
v 0.192137 0.089956 0.088098
v 0.192137 0.089956 -0.088463
v 0.079550 0.125954 -0.051532
v -0.028193 0.160400 -0.051532
v -0.135641 0.194753 -0.088591
v -0.190785 0.212383 -0.000183
v -0.135641 0.194753 0.088225
v -0.028193 0.160399 0.051267
v -0.011605 -0.030735 -0.000838
v -0.003036 0.001240 -0.000838
v 0.025265 0.001241 -0.049798
v 0.020981 -0.030736 -0.057258
v -0.069595 -0.269613 -0.000838
v -0.037019 -0.269612 -0.057257
v -0.032735 -0.301589 -0.049798
v -0.061026 -0.301588 -0.000838
v 0.167330 -0.325330 0.088367
v 0.167330 -0.325330 -0.088733
v 0.205522 -0.221599 -0.088733
v 0.205522 -0.221599 0.088367
v -0.060241 -0.234877 -0.000877
v -0.036904 -0.211532 -0.000877
v -0.020704 -0.211532 -0.028880
v -0.032377 -0.234877 -0.049098
v -0.032795 -0.149048 -0.000838
v -0.000209 -0.149047 -0.057258
v 0.004075 -0.181025 -0.049798
v -0.024226 -0.181024 -0.000838
v 0.099807 -0.149048 -0.000838
v 0.091238 -0.181024 -0.000838
v 0.062947 -0.181025 -0.049798
v 0.067231 -0.149047 -0.057257
v -0.069595 -0.268151 -0.000838
v -0.061026 -0.236175 -0.000838
v -0.032735 -0.236174 -0.049798
v -0.037019 -0.268152 -0.057257
v -0.023913 -0.417303 0.049531
v 0.004379 -0.417302 0.000472
v 0.012948 -0.385326 0.000472
v -0.019629 -0.385326 0.056991
v -0.032795 -0.147586 -0.000838
v -0.024226 -0.115611 -0.000838
v 0.004075 -0.115610 -0.049798
v -0.000209 -0.147587 -0.057258
v -0.064777 -0.277230 0.051962
v -0.025690 -0.171129 0.052259
v -0.139012 -0.168061 0.088875
v -0.177499 -0.272737 0.089117
v -0.227957 -0.375006 0.088861
v -0.115986 -0.381206 0.051379
v 0.014106 -0.211532 -0.028880
v 0.030306 -0.211532 -0.000877
v 0.053653 -0.234877 -0.000877
v 0.025779 -0.234877 -0.049098
v 0.012947 -0.385326 -0.000838
v 0.004378 -0.417302 -0.000838
v -0.023913 -0.417303 -0.049798
v -0.019629 -0.385325 -0.057257
v 0.062947 -0.181025 0.049531
v 0.091239 -0.181024 0.000472
v 0.099808 -0.149048 0.000472
v 0.067231 -0.149047 0.056991
v 0.037297 -0.088815 0.028612
v 0.025624 -0.065471 0.048830
v -0.002251 -0.065471 0.000511
v 0.021095 -0.088815 0.000512
v 0.050916 -0.090968 -0.028880
v 0.067116 -0.090968 -0.000877
v 0.090453 -0.114313 -0.000877
v 0.062589 -0.114313 -0.049098
v 0.063007 -0.268151 -0.000838
v 0.030421 -0.268152 -0.057258
v 0.026137 -0.236174 -0.049798
v 0.054438 -0.236175 -0.000838
v -0.177499 -0.272737 -0.089483
v -0.139012 -0.168061 -0.089240
v -0.025690 -0.171129 -0.052525
v -0.064777 -0.277230 -0.052227
v -0.115986 -0.381206 -0.051645
v -0.227957 -0.375006 -0.089226
v 0.121007 -0.032197 -0.000838
v 0.112429 -0.064173 -0.000838
v 0.084137 -0.064174 -0.049798
v 0.088421 -0.032196 -0.057258
v -0.023441 -0.114313 -0.000877
v -0.000094 -0.090968 -0.000877
v 0.016106 -0.090968 -0.028880
v 0.004433 -0.114313 -0.049098
v 0.217645 -0.001191 -0.088733
v 0.217645 -0.001191 0.088367
v 0.222587 -0.111616 0.088367
v 0.222587 -0.111616 -0.088733
v -0.060241 -0.302886 -0.000877
v -0.032377 -0.302886 -0.049098
v -0.020704 -0.326230 -0.028880
v -0.036904 -0.326230 -0.000877
v 0.121007 -0.030735 0.000472
v 0.112429 0.001240 0.000472
v 0.084137 0.001241 0.049531
v 0.088421 -0.030735 0.056991
v -0.002509 -0.202430 -0.000182
v 0.013436 -0.210743 0.027356
v 0.029275 -0.210965 -0.000182
v 0.013436 -0.210743 -0.027627
v -0.069636 -0.442510 -0.028333
v -0.037900 -0.442732 -0.028367
v -0.053744 -0.451047 -0.000867
v -0.085532 -0.442732 -0.000925
v -0.053744 -0.451048 0.000502
v -0.037898 -0.442731 0.028099
v -0.069636 -0.442510 0.028066
v -0.085534 -0.442732 0.000559
v -0.070084 -0.326457 0.027356
v -0.054139 -0.318143 -0.000182
v -0.070084 -0.326457 -0.027627
v -0.085923 -0.326679 -0.000182
v 0.053911 -0.097918 -0.000182
v 0.037966 -0.089604 0.027356
v 0.022127 -0.089382 -0.000182
v 0.037966 -0.089604 -0.027627
v 0.063007 -0.269613 -0.000838
v 0.054438 -0.301588 -0.000838
v 0.026137 -0.301589 -0.049798
v 0.030421 -0.269612 -0.057258
v 0.055096 -0.097918 -0.000867
v 0.039252 -0.089604 -0.028367
v 0.070988 -0.089382 -0.028333
v 0.086884 -0.089604 -0.000925
v 0.070988 -0.089382 0.028066
v 0.039250 -0.089603 0.028099
v 0.055096 -0.097919 0.000502
v 0.086886 -0.089604 0.000559
v -0.052954 -0.318143 -0.000867
v -0.021166 -0.326457 -0.000925
v -0.037062 -0.326679 -0.028333
v -0.068798 -0.326457 -0.028367
v -0.021164 -0.326457 0.000559
v -0.052954 -0.318142 0.000502
v -0.068800 -0.326458 0.028099
v -0.037062 -0.326679 0.028066
v -0.082785 -0.351886 0.049531
v -0.111087 -0.351887 0.000472
v -0.119655 -0.383864 0.000472
v -0.087069 -0.383864 0.056991
v 0.025002 -0.236174 0.050186
v -0.031600 -0.236174 0.050186
v -0.035885 -0.268152 0.057647
v 0.029287 -0.268152 0.057647
v -0.020775 -0.442510 -0.000182
v -0.036614 -0.442732 0.027356
v -0.052559 -0.451047 -0.000182
v -0.036614 -0.442732 -0.027627
v -0.003694 -0.202430 -0.000867
v 0.012150 -0.210743 -0.028367
v -0.019586 -0.210965 -0.028333
v -0.035482 -0.210743 -0.000925
v -0.031174 -0.234877 -0.049792
v -0.019501 -0.211532 -0.029574
v 0.012903 -0.211532 -0.029574
v 0.024576 -0.234877 -0.049792
v 0.061386 -0.182322 0.049525
v 0.005636 -0.182322 0.049525
v 0.017309 -0.205667 0.029307
v 0.049713 -0.205667 0.029307
v 0.029287 -0.269612 -0.057913
v 0.025003 -0.301589 -0.050453
v -0.031601 -0.301589 -0.050453
v -0.035885 -0.269612 -0.057913
v 0.061386 -0.114313 0.049525
v 0.049713 -0.090968 0.029307
v 0.017309 -0.090968 0.029307
v 0.005636 -0.114313 0.049525
v 0.054439 -0.236175 0.000472
v 0.026137 -0.236174 0.049531
v 0.030421 -0.268151 0.056991
v 0.063007 -0.268151 0.000472
v 0.082576 -0.065471 -0.049792
v 0.070903 -0.088815 -0.029574
v 0.038499 -0.088815 -0.029574
v 0.026826 -0.065471 -0.049792
v 0.026826 -0.065471 0.049525
v 0.038499 -0.088815 0.029307
v 0.070903 -0.088815 0.029307
v 0.082576 -0.065471 0.049525
v 0.061813 -0.115610 0.050186
v 0.005209 -0.115610 0.050186
v 0.000925 -0.147587 0.057647
v 0.066097 -0.147587 0.057647
v -0.031600 -0.236174 -0.050453
v 0.025003 -0.236174 -0.050453
v 0.029287 -0.268152 -0.057913
v -0.035885 -0.268152 -0.057913
v 0.017309 -0.090968 -0.029574
v 0.049713 -0.090968 -0.029574
v 0.061386 -0.114313 -0.049792
v 0.005636 -0.114313 -0.049792
v 0.083003 0.001241 0.050186
v 0.026399 0.001241 0.050186
v 0.022115 -0.030736 0.057647
v 0.087287 -0.030736 0.057647
v 0.000925 -0.147587 -0.057913
v 0.005209 -0.115610 -0.050453
v 0.061813 -0.115610 -0.050453
v 0.066097 -0.147587 -0.057913
v -0.119655 -0.385326 0.000472
v -0.111087 -0.417302 0.000472
v -0.082785 -0.417303 0.049531
v -0.087069 -0.385326 0.056991
v 0.026399 0.001241 -0.050453
v 0.083003 0.001241 -0.050453
v 0.087287 -0.030736 -0.057913
v 0.022115 -0.030736 -0.057913
v 0.000925 -0.149047 -0.057913
v 0.066097 -0.149047 -0.057913
v 0.061812 -0.181025 -0.050453
v 0.005209 -0.181025 -0.050453
v 0.193050 0.089005 -0.088733
v 0.193050 0.089005 0.088367
v 0.217412 0.000281 0.088367
v 0.217412 0.000281 -0.088733
v -0.110301 -0.418600 0.000511
v -0.086955 -0.441943 0.000512
v -0.070753 -0.441943 0.028612
v -0.082426 -0.418600 0.048830
v -0.012495 0.053568 -0.051532
v -0.012495 0.053568 0.051267
v -0.007473 -0.058682 0.051267
v -0.007473 -0.058682 -0.051532
v -0.069596 -0.269613 0.000472
v -0.061027 -0.301588 0.000472
v -0.032735 -0.301589 0.049531
v -0.037019 -0.269613 0.056991
v -0.032795 -0.149048 0.000472
v -0.024227 -0.181024 0.000472
v 0.004075 -0.181025 0.049531
v -0.000209 -0.149047 0.056991
v 0.083778 0.002538 0.048830
v 0.111644 0.002538 0.000511
v 0.088307 0.025883 0.000511
v 0.072105 0.025883 0.028612
v -0.011605 -0.032197 0.000472
v -0.003037 -0.064173 0.000472
v 0.025265 -0.064173 0.049531
v 0.020981 -0.032196 0.056991
v -0.228685 -0.376461 -0.089337
v -0.116830 -0.382651 -0.051859
v -0.142789 -0.426250 -0.063927
v -0.286349 -0.480766 -0.106801
v 0.116513 -0.428606 0.088367
v 0.116513 -0.428606 -0.088733
v 0.166739 -0.326707 -0.088733
v 0.166739 -0.326707 0.088367
v 0.131387 -0.604427 -0.000183
v 0.126326 -0.546085 -0.106463
v 0.116246 -0.430026 -0.088838
v 0.116246 -0.430026 0.088473
v 0.126326 -0.546085 0.106198
v -0.070753 -0.327246 0.028612
v -0.086955 -0.327246 0.000512
v -0.110301 -0.350589 0.000511
v -0.082426 -0.350589 0.048830
v -0.063830 -0.276822 0.051267
v -0.063830 -0.276822 -0.051532
v -0.024928 -0.171114 -0.051532
v -0.024928 -0.171114 0.051267
v 0.091239 -0.115611 0.000472
v 0.062947 -0.115610 0.049531
v 0.067231 -0.147586 0.056991
v 0.099808 -0.147586 0.000472
v 0.006261 -0.451826 0.062868
v 0.006261 -0.451826 -0.063133
v -0.141549 -0.426986 -0.063133
v -0.141549 -0.426986 0.062868
v 0.004075 -0.115610 0.049531
v -0.024227 -0.115611 0.000472
v -0.032795 -0.147586 0.000472
v -0.000209 -0.147586 0.056991
v 0.078798 0.125407 -0.052282
v 0.101489 0.018653 -0.052282
v -0.011855 0.054889 -0.052282
v -0.027163 0.159283 -0.052282
v -0.020703 -0.211532 0.028612
v -0.036905 -0.211532 0.000511
v -0.060242 -0.234877 0.000511
v -0.032376 -0.234877 0.048830
v 0.108174 -0.092594 0.052017
v 0.091768 -0.198029 0.052244
v 0.205194 -0.220017 0.088890
v 0.221868 -0.112324 0.089117
v 0.216926 -0.001093 0.088885
v 0.103244 0.016670 0.052249
v -0.200337 -0.166558 0.000437
v -0.139800 -0.166558 0.088497
v -0.123191 -0.059516 0.088497
v -0.183728 -0.059516 0.000437
v 0.087287 -0.032196 0.057647
v 0.022115 -0.032196 0.057647
v 0.026400 -0.064174 0.050186
v 0.083003 -0.064174 0.050186
v -0.028706 0.159785 -0.052540
v -0.013277 0.054246 -0.052282
v -0.008192 -0.059390 -0.052282
v -0.025272 -0.169644 -0.052515
v -0.138655 -0.166575 -0.089250
v -0.121896 -0.058810 -0.089483
v -0.135177 0.193822 -0.089234
v -0.115415 -0.382154 -0.050667
v -0.064421 -0.278199 -0.051526
v -0.064421 -0.278199 0.051261
v -0.115415 -0.382154 0.050402
v -0.141905 -0.426217 0.062667
v -0.141905 -0.426217 -0.062932
v -0.285367 -0.481917 0.106650
v 0.123976 -0.545461 0.106643
v 0.006678 -0.452550 0.064000
v -0.142173 -0.427547 0.063980
v 0.192285 0.089136 -0.089221
v 0.216628 0.000464 -0.089235
v 0.103076 0.018208 -0.052525
v 0.080392 0.124909 -0.052536
v 0.006678 -0.452550 -0.064264
v 0.123976 -0.545461 -0.106908
v -0.285367 -0.481917 -0.106915
v -0.142173 -0.427547 -0.064245
v 0.024576 -0.234877 0.049525
v 0.012903 -0.211532 0.029307
v -0.019501 -0.211532 0.029307
v -0.031174 -0.234877 0.049525
v 0.001607 -0.407587 -0.053950
v 0.053667 -0.302090 -0.052198
v 0.091399 -0.199484 -0.052512
v 0.204809 -0.221470 -0.089253
v 0.166381 -0.325738 -0.089483
v 0.115439 -0.429155 -0.089273
v 0.125487 -0.544841 -0.106842
v 0.007691 -0.451540 -0.063941
v -0.140186 -0.168020 -0.088853
v -0.178358 -0.271723 -0.088853
v -0.238882 -0.271723 -0.000813
v -0.200710 -0.168020 -0.000813
v -0.238882 -0.271723 0.000447
v -0.178358 -0.271723 0.088487
v -0.140186 -0.168020 0.088487
v -0.200710 -0.168020 0.000447
v -0.288055 -0.481710 -0.106540
v -0.372647 -0.525809 -0.000854
v -0.290413 -0.376371 -0.000825
v -0.229872 -0.376345 -0.088968
v 0.090692 -0.199338 0.051267
v 0.090692 -0.199338 -0.051532
v 0.053240 -0.301091 -0.051532
v 0.053240 -0.301091 0.051267
v -0.136298 0.194212 0.088477
v -0.191220 0.211766 0.000455
v -0.183635 -0.058022 0.000435
v -0.123113 -0.058023 0.088499
v -0.060242 -0.302886 0.000511
v -0.036905 -0.326230 0.000512
v -0.020703 -0.326230 0.028612
v -0.032376 -0.302886 0.048830
v 0.004379 -0.351887 0.000472
v -0.023913 -0.351886 0.049531
v -0.019629 -0.383864 0.056991
v 0.012948 -0.383864 0.000472
v 0.078798 0.125407 0.052017
v -0.027163 0.159283 0.052017
v -0.011855 0.054889 0.052017
v 0.101489 0.018653 0.052017
v -0.123191 -0.059516 -0.088863
v -0.139800 -0.166558 -0.088863
v -0.200337 -0.166558 -0.000803
v -0.183728 -0.059516 -0.000803
v 0.052649 -0.302468 -0.051541
v 0.001203 -0.406826 -0.052923
v 0.001203 -0.406826 0.052658
v 0.052649 -0.302468 0.051276
v -0.178970 -0.273136 -0.088845
v -0.229175 -0.374993 -0.088845
v -0.289698 -0.374993 -0.000821
v -0.239483 -0.273136 -0.000821
v 0.130683 -0.604801 -0.000844
v -0.372210 -0.526742 -0.000844
v -0.287608 -0.482589 -0.106622
v 0.125646 -0.546735 -0.106622
v -0.110301 -0.350589 -0.000877
v -0.086955 -0.327246 -0.000877
v -0.070754 -0.327246 -0.028880
v -0.082427 -0.350589 -0.049098
v 0.107306 -0.093294 0.051267
v 0.107306 -0.093294 -0.051532
v 0.091066 -0.197893 -0.051532
v 0.091066 -0.197893 0.051267
v 0.000973 -0.408242 -0.053083
v 0.006899 -0.451207 -0.062943
v 0.006899 -0.451207 0.062678
v 0.000973 -0.408242 0.052818
v 0.102525 0.016796 -0.051532
v 0.107387 -0.091804 -0.051532
v 0.107387 -0.091804 0.051267
v 0.102525 0.016796 0.051267
v -0.081224 -0.418600 0.049525
v -0.069551 -0.441943 0.029307
v -0.037147 -0.441943 0.029307
v -0.025474 -0.418600 0.049525
v 0.012152 -0.210744 0.028099
v -0.003694 -0.202429 0.000502
v -0.035484 -0.210743 0.000559
v -0.019586 -0.210965 0.028066
v -0.020763 -0.385325 0.057647
v -0.085935 -0.385325 0.057647
v -0.081651 -0.417303 0.050186
v -0.025048 -0.417303 0.050186
v 0.029287 -0.269612 0.057647
v -0.035885 -0.269612 0.057647
v -0.031601 -0.301589 0.050186
v 0.025003 -0.301589 0.050186
v 0.014105 -0.326230 0.028612
v 0.030307 -0.326230 0.000512
v 0.053653 -0.302886 0.000511
v 0.025778 -0.302886 0.048830
v 0.205896 -0.220154 0.088367
v 0.205896 -0.220154 -0.088733
v 0.222506 -0.113106 -0.088733
v 0.222506 -0.113106 0.088367
v -0.031174 -0.302886 0.049525
v -0.019501 -0.326230 0.029307
v 0.012903 -0.326230 0.029307
v 0.024576 -0.302886 0.049525
v 0.115440 -0.429155 0.088906
v 0.166381 -0.325738 0.089117
v 0.204809 -0.221470 0.088888
v 0.091399 -0.199484 0.052246
v 0.053667 -0.302090 0.051933
v 0.001607 -0.407587 0.053685
v 0.007691 -0.451540 0.063676
v 0.125487 -0.544840 0.106576
v 0.192285 0.089136 0.088856
v 0.080392 0.124909 0.052270
v 0.103076 0.018208 0.052259
v 0.216628 0.000464 0.088870
vn -0.8624 -0.0893 0.4983
vn -0.8626 -0.0895 0.4978
vn -0.8627 -0.0910 0.4974
vn -0.8617 -0.0908 0.4993
vn 0.1732 -0.9798 -0.1004
vn 0.1735 -0.9798 -0.0992
vn 0.1725 -0.9801 -0.0984
vn 0.1716 -0.9800 -0.1004
vn -0.5985 0.5981 -0.5331
vn -0.6051 0.6184 -0.5015
vn -0.5661 0.6176 -0.5459
vn -0.5984 0.5970 -0.5343
vn 0.4365 -0.3930 -0.8093
vn 0.4012 -0.4016 -0.8233
vn 0.4000 -0.4011 -0.8241
vn 0.4067 -0.3644 -0.8378
vn 0.0290 0.9981 -0.0536
vn 0.0637 0.9974 -0.0348
vn 0.0677 0.9970 -0.0367
vn 0.0758 0.9943 -0.0755
vn 0.8603 -0.1181 -0.4959
vn 0.8525 -0.1536 -0.4997
vn 0.8421 -0.1022 -0.5295
vn 0.8616 -0.1137 -0.4948
vn 0.1661 0.5983 0.7839
vn 0.1672 0.5958 0.7855
vn 0.1684 0.5952 0.7857
vn 0.1707 0.5975 0.7835
vn 0.9137 -0.4013 0.0637
vn 0.9141 -0.4008 0.0616
vn 0.9152 -0.3977 0.0646
vn 0.9136 -0.4013 0.0657
vn -0.7242 0.5486 0.4178
vn -0.7233 0.5479 0.4202
vn -0.7221 0.5505 0.4190
vn -0.7239 0.5492 0.4175
vn 0.5776 0.7447 -0.3342
vn 0.5766 0.7461 -0.3331
vn 0.5760 0.7465 -0.3331
vn 0.5773 0.7467 -0.3304
vn -0.0053 -0.2283 0.9736
vn -0.0042 -0.2279 0.9737
vn -0.0024 -0.2288 0.9735
vn -0.0027 -0.2252 0.9743
vn 0.9912 0.1322 -0.0023
vn 0.9908 0.1354 -0.0021
vn 0.9909 0.1346 0.0007
vn 0.9913 0.1319 -0.0007
vn -0.3938 -0.8902 0.2288
vn -0.3944 -0.8905 0.2267
vn -0.3933 -0.8910 0.2267
vn -0.3927 -0.8910 0.2279
vn 0.8115 -0.3497 -0.4682
vn 0.8113 -0.3493 -0.4688
vn 0.8114 -0.3508 -0.4674
vn 0.8104 -0.3505 -0.4695
vn -0.8458 -0.2262 -0.4832
vn -0.8455 -0.2264 -0.4836
vn -0.8453 -0.2261 -0.4842
vn -0.8449 -0.2276 -0.4840
vn 0.4966 0.1332 -0.8577
vn 0.4966 0.1319 -0.8579
vn 0.4957 0.1321 -0.8584
vn 0.4960 0.1333 -0.8580
vn -0.7240 0.5487 0.4180
vn -0.7233 0.5478 0.4203
vn -0.7221 0.5504 0.4191
vn -0.7239 0.5490 0.4178
vn 0.5776 0.7448 -0.3343
vn 0.5764 0.7462 -0.3330
vn 0.5761 0.7465 -0.3330
vn 0.5772 0.7467 -0.3305
vn -0.0040 -0.2278 0.9737
vn -0.0024 -0.2287 0.9735
vn -0.0026 -0.2252 0.9743
vn 0.9912 0.1323 -0.0022
vn 0.9908 0.1354 -0.0022
vn 0.9909 0.1346 0.0006
vn 0.9912 0.1320 -0.0008
vn -0.3937 -0.8903 0.2286
vn -0.3944 -0.8906 0.2266
vn -0.3932 -0.8911 0.2267
vn -0.3927 -0.8910 0.2278
vn 0.8115 -0.3496 -0.4682
vn 0.8114 -0.3507 -0.4676
vn -0.8458 -0.2264 -0.4831
vn -0.8453 -0.2267 -0.4837
vn -0.8452 -0.2266 -0.4841
vn -0.8449 -0.2279 -0.4840
vn 0.4964 0.1332 -0.8578
vn 0.4966 0.1320 -0.8579
vn 0.4956 0.1322 -0.8584
vn -0.8624 -0.0892 0.4983
vn 0.1736 -0.9798 -0.0992
vn -0.5968 0.5965 -0.5366
vn -0.5962 0.5967 -0.5371
vn -0.5957 0.5966 -0.5377
vn -0.5968 0.5955 -0.5378
vn 0.4010 -0.4001 -0.8241
vn 0.4007 -0.4011 -0.8238
vn 0.3995 -0.4006 -0.8246
vn 0.4006 -0.3997 -0.8245
vn 0.0653 0.9971 -0.0379
vn 0.0832 0.9965 -0.0069
vn 0.1010 0.9940 -0.0428
vn 0.0659 0.9971 -0.0382
vn 0.8472 -0.1461 -0.5108
vn 0.8595 -0.1160 -0.4978
vn 0.8594 -0.1153 -0.4981
vn 0.8769 -0.1152 -0.4667
vn 0.1283 0.6008 0.7890
vn 0.1623 0.5977 0.7851
vn 0.1636 0.5970 0.7853
vn 0.1761 0.6227 0.7624
vn 0.9137 -0.4015 0.0635
vn 0.9257 -0.3758 0.0425
vn 0.9257 -0.3701 0.0779
vn 0.9135 -0.4016 0.0655
vn -0.3940 0.8902 -0.2285
vn -0.3950 0.8902 -0.2270
vn -0.3939 0.8909 -0.2262
vn -0.3928 0.8910 -0.2276
vn 0.8115 0.3494 0.4684
vn 0.8118 0.3491 0.4681
vn 0.8119 0.3507 0.4667
vn 0.8107 0.3507 0.4687
vn -0.8452 0.2273 0.4838
vn -0.8450 0.2266 0.4844
vn -0.8448 0.2265 0.4848
vn -0.8443 0.2276 0.4851
vn 0.4970 -0.1334 0.8574
vn 0.4978 -0.1328 0.8571
vn 0.4966 -0.1322 0.8578
vn 0.4967 -0.1335 0.8576
vn -0.7244 -0.5486 -0.4175
vn -0.7236 -0.5477 -0.4200
vn -0.7222 -0.5505 -0.4187
vn -0.7242 -0.5490 -0.4173
vn 0.5780 -0.7446 0.3340
vn 0.5767 -0.7462 0.3326
vn 0.5763 -0.7465 0.3326
vn 0.5776 -0.7467 0.3298
vn -0.0062 0.2285 -0.9735
vn -0.0047 0.2280 -0.9736
vn -0.0029 0.2289 -0.9734
vn -0.0032 0.2250 -0.9744
vn 0.9912 -0.1321 0.0018
vn 0.9908 -0.1356 0.0017
vn 0.9909 -0.1347 -0.0014
vn 0.9913 -0.1317 0.0002
vn -0.8630 -0.0893 -0.4973
vn -0.8625 -0.0891 -0.4982
vn -0.8620 -0.0910 -0.4986
vn -0.8632 -0.0908 -0.4966
vn 0.1739 -0.9797 0.0999
vn 0.1731 -0.9798 0.1004
vn 0.1717 -0.9800 0.1002
vn 0.1728 -0.9801 0.0981
vn 0.1624 0.5981 -0.7848
vn 0.1351 0.6168 -0.7754
vn 0.1878 0.6158 -0.7652
vn 0.1638 0.5968 -0.7855
vn 0.9185 -0.3943 -0.0299
vn 0.9134 -0.4021 -0.0639
vn 0.9135 -0.4015 -0.0658
vn 0.9275 -0.3680 -0.0662
vn 0.0611 0.9981 0.0020
vn 0.0647 0.9972 0.0372
vn 0.0652 0.9972 0.0378
vn 0.0998 0.9946 0.0286
vn 0.8602 -0.1157 0.4967
vn 0.8592 -0.1502 0.4891
vn 0.8778 -0.1034 0.4678
vn 0.8602 -0.1150 0.4968
vn -0.5957 0.5965 0.5379
vn -0.5966 0.5960 0.5374
vn -0.5964 0.5952 0.5386
vn -0.5955 0.5962 0.5385
vn 0.4014 -0.4014 0.8233
vn 0.4014 -0.4008 0.8236
vn 0.4012 -0.4002 0.8240
vn 0.4000 -0.4011 0.8241
vn -0.5966 -0.5960 0.5375
vn -0.5961 -0.5963 0.5376
vn -0.5954 -0.5964 0.5384
vn -0.5964 -0.5952 0.5385
vn 0.4016 0.4004 0.8236
vn 0.4014 0.4014 0.8233
vn 0.4001 0.4011 0.8240
vn 0.4010 0.4000 0.8241
vn 0.0653 -0.9971 0.0380
vn 0.0832 -0.9965 0.0067
vn 0.1011 -0.9940 0.0426
vn 0.0661 -0.9971 0.0382
vn 0.8479 0.1463 0.5095
vn 0.8603 0.1162 0.4964
vn 0.8601 0.1153 0.4970
vn 0.8776 0.1152 0.4654
vn 0.1276 -0.6011 -0.7890
vn 0.1616 -0.5980 -0.7851
vn 0.1630 -0.5972 -0.7854
vn 0.1755 -0.6230 -0.7623
vn 0.9137 0.4012 -0.0640
vn 0.9259 0.3754 -0.0429
vn 0.9258 0.3697 -0.0784
vn 0.9136 0.4012 -0.0661
vn -0.8628 0.0891 -0.4977
vn -0.8630 0.0895 -0.4973
vn -0.8632 0.0908 -0.4967
vn -0.8620 0.0908 -0.4986
vn 0.1731 0.9798 0.1003
vn 0.1738 0.9798 0.0992
vn 0.1726 0.9801 0.0982
vn 0.1718 0.9800 0.1001
vn -0.5967 0.5965 -0.5367
vn -0.5963 0.5969 -0.5368
vn -0.5954 0.5968 -0.5379
vn -0.5967 0.5956 -0.5378
vn 0.4014 -0.4000 -0.8239
vn 0.4007 -0.4009 -0.8238
vn 0.3997 -0.4005 -0.8245
vn 0.4007 -0.3993 -0.8246
vn 0.0649 0.9972 -0.0380
vn 0.0831 0.9965 -0.0069
vn 0.1009 0.9940 -0.0428
vn 0.0660 0.9971 -0.0386
vn 0.8594 -0.1164 -0.4979
vn 0.8592 -0.1151 -0.4985
vn 0.8768 -0.1152 -0.4668
vn 0.1283 0.6007 0.7891
vn 0.1636 0.5970 0.7854
vn 0.1760 0.6227 0.7624
vn 0.9135 -0.4015 0.0655
vn -0.8626 -0.0897 0.4979
vn -0.8627 -0.0909 0.4975
vn 0.1731 -0.9798 -0.1003
vn 0.1736 -0.9798 -0.0993
vn 0.1717 -0.9800 -0.1003
vn 0.7240 -0.5487 0.4180
vn 0.7233 -0.5479 0.4203
vn 0.7221 -0.5504 0.4191
vn 0.7239 -0.5491 0.4178
vn -0.5776 -0.7448 -0.3343
vn -0.5764 -0.7462 -0.3330
vn -0.5761 -0.7464 -0.3330
vn -0.5772 -0.7467 -0.3306
vn 0.0052 0.2283 0.9736
vn 0.0041 0.2278 0.9737
vn 0.0023 0.2288 0.9735
vn 0.0026 0.2252 0.9743
vn -0.9912 -0.1322 -0.0023
vn -0.9908 -0.1354 -0.0022
vn -0.9909 -0.1346 0.0006
vn -0.9913 -0.1319 -0.0008
vn 0.3938 0.8903 0.2289
vn 0.3944 0.8905 0.2267
vn 0.3932 0.8910 0.2268
vn 0.3926 0.8910 0.2279
vn -0.8115 0.3496 -0.4683
vn -0.8112 0.3493 -0.4690
vn -0.8114 0.3508 -0.4676
vn -0.8103 0.3505 -0.4697
vn 0.8459 0.2262 -0.4830
vn 0.8454 0.2265 -0.4837
vn 0.8453 0.2263 -0.4840
vn 0.8450 0.2277 -0.4840
vn -0.4964 -0.1331 -0.8578
vn -0.4966 -0.1318 -0.8579
vn -0.4956 -0.1321 -0.8585
vn -0.4960 -0.1331 -0.8580
vn 0.3941 -0.8902 -0.2286
vn 0.3946 -0.8902 -0.2279
vn 0.3945 -0.8906 -0.2264
vn 0.3928 -0.8910 -0.2276
vn -0.8109 -0.3503 0.4687
vn -0.8118 -0.3491 0.4681
vn -0.8119 -0.3508 0.4667
vn -0.8108 -0.3510 0.4683
vn 0.8447 -0.2274 0.4846
vn 0.8449 -0.2267 0.4845
vn 0.8449 -0.2262 0.4847
vn 0.8444 -0.2269 0.4853
vn -0.4969 0.1334 0.8575
vn -0.4975 0.1337 0.8571
vn -0.4971 0.1322 0.8575
vn -0.4967 0.1332 0.8576
vn 0.7244 0.5489 -0.4172
vn 0.7236 0.5477 -0.4200
vn 0.7222 0.5506 -0.4186
vn 0.7242 0.5491 -0.4172
vn -0.5781 0.7445 0.3340
vn -0.5769 0.7462 0.3322
vn -0.5765 0.7463 0.3326
vn -0.5777 0.7467 0.3297
vn 0.0062 -0.2285 -0.9735
vn 0.0048 -0.2281 -0.9736
vn 0.0029 -0.2289 -0.9734
vn 0.0032 -0.2249 -0.9744
vn -0.9912 0.1321 0.0018
vn -0.9908 0.1356 0.0017
vn -0.9909 0.1347 -0.0015
vn -0.9913 0.1316 0.0001
vn -0.8621 0.0896 0.4988
vn -0.8624 0.0893 0.4983
vn -0.8617 0.0908 0.4992
vn -0.8628 0.0905 0.4973
vn 0.1735 0.9798 -0.0992
vn 0.1719 0.9800 -0.1006
vn 0.1714 0.9801 -0.1001
vn 0.1725 0.9801 -0.0985
vn 0.1634 -0.5973 0.7852
vn 0.1357 -0.6165 0.7756
vn 0.1883 -0.6155 0.7653
vn 0.1645 -0.5967 0.7854
vn 0.9184 0.3946 0.0295
vn 0.9136 0.4018 0.0631
vn 0.9134 0.4019 0.0649
vn 0.9273 0.3684 0.0658
vn 0.0611 -0.9981 -0.0021
vn 0.0647 -0.9972 -0.0378
vn 0.0654 -0.9971 -0.0378
vn 0.0996 -0.9946 -0.0288
vn 0.8597 0.1157 -0.4975
vn 0.8584 0.1501 -0.4905
vn 0.8771 0.1033 -0.4691
vn 0.8594 0.1152 -0.4982
vn -0.5965 -0.5964 -0.5370
vn -0.5970 -0.5956 -0.5374
vn -0.5965 -0.5955 -0.5381
vn -0.5958 -0.5967 -0.5375
vn 0.4015 0.4001 -0.8239
vn 0.4009 0.3997 -0.8243
vn 0.4004 0.3996 -0.8246
vn 0.3997 0.4009 -0.8244
vn 0.8620 -0.0894 0.4990
vn 0.8623 -0.0891 0.4984
vn 0.8616 -0.0907 0.4995
vn 0.8628 -0.0904 0.4974
vn -0.1735 -0.9798 -0.0992
vn -0.1719 -0.9800 -0.1007
vn -0.1713 -0.9801 -0.1001
vn -0.1724 -0.9801 -0.0983
vn -0.1671 0.5958 0.7856
vn -0.1680 0.5986 0.7832
vn -0.1712 0.5966 0.7840
vn -0.1685 0.5951 0.7858
vn -0.9133 -0.4025 0.0623
vn -0.9137 -0.4013 0.0636
vn -0.9135 -0.4014 0.0657
vn -0.9151 -0.3981 0.0635
vn -0.0632 0.9973 -0.0367
vn -0.0412 0.9991 -0.0080
vn -0.0459 0.9963 -0.0726
vn -0.0680 0.9970 -0.0363
vn -0.8394 -0.1172 -0.5308
vn -0.8610 -0.1188 -0.4945
vn -0.8611 -0.1151 -0.4952
vn -0.8526 -0.0837 -0.5158
vn 0.5688 0.6246 -0.5351
vn 0.5979 0.5966 -0.5354
vn 0.5973 0.5965 -0.5361
vn 0.5721 0.5938 -0.5658
vn -0.4032 -0.4022 -0.8220
vn -0.4081 -0.4355 -0.8024
vn -0.4297 -0.3740 -0.8218
vn -0.4014 -0.4030 -0.8225
vn 0.3941 -0.8902 -0.2285
vn 0.3946 -0.8901 -0.2280
vn 0.3928 -0.8910 -0.2277
vn -0.8108 -0.3503 0.4690
vn -0.8117 -0.3492 0.4682
vn -0.8118 -0.3507 0.4669
vn -0.8107 -0.3511 0.4685
vn 0.8447 -0.2275 0.4845
vn 0.8450 -0.2268 0.4843
vn 0.8450 -0.2260 0.4846
vn 0.8443 -0.2270 0.4854
vn -0.4967 0.1336 0.8576
vn -0.4975 0.1338 0.8571
vn -0.4971 0.1321 0.8576
vn -0.4965 0.1333 0.8577
vn 0.7244 0.5489 -0.4171
vn 0.7241 0.5492 -0.4172
vn -0.5780 0.7446 0.3340
vn -0.5770 0.7461 0.3322
vn -0.5763 0.7464 0.3329
vn -0.5776 0.7467 0.3299
vn 0.0060 -0.2285 -0.9735
vn 0.0046 -0.2280 -0.9736
vn 0.0028 -0.2289 -0.9735
vn 0.0031 -0.2250 -0.9743
vn -0.9912 0.1322 0.0018
vn -0.9908 0.1355 0.0017
vn -0.9909 0.1347 -0.0014
vn -0.9913 0.1318 0.0002
vn -0.8628 -0.0890 -0.4976
vn -0.8620 -0.0907 -0.4986
vn 0.1738 -0.9798 0.0991
vn 0.1716 -0.9801 0.1002
vn 0.1726 -0.9801 0.0981
vn 0.1663 0.5961 -0.7855
vn 0.1671 0.5990 -0.7831
vn 0.1706 0.5970 -0.7839
vn 0.1677 0.5954 -0.7858
vn 0.9135 -0.4021 -0.0627
vn 0.9138 -0.4010 -0.0643
vn 0.9137 -0.4010 -0.0664
vn 0.9154 -0.3975 -0.0641
vn 0.0624 0.9974 0.0358
vn 0.0273 0.9992 0.0277
vn 0.0596 0.9953 0.0767
vn 0.0674 0.9971 0.0356
vn 0.8422 -0.1406 0.5204
vn 0.8618 -0.1177 0.4933
vn 0.8620 -0.1138 0.4939
vn 0.8476 -0.0909 0.5228
vn -0.5831 0.6276 0.5158
vn -0.5977 0.5971 0.5350
vn -0.5975 0.5962 0.5362
vn -0.5664 0.6055 0.5591
vn 0.4027 -0.4028 0.8219
vn 0.4289 -0.4197 0.7999
vn 0.4204 -0.3679 0.8294
vn 0.4013 -0.4025 0.8228
vn 0.0642 0.9972 0.0371
vn 0.0651 0.9971 0.0382
vn 0.0997 0.9946 0.0286
vn 0.8600 -0.1160 0.4970
vn 0.8777 -0.1034 0.4679
vn 0.8601 -0.1147 0.4971
vn -0.5957 0.5968 0.5376
vn -0.5965 0.5960 0.5375
vn -0.5964 0.5953 0.5385
vn -0.5951 0.5963 0.5387
vn 0.4013 -0.4013 0.8233
vn 0.4017 -0.4009 0.8233
vn 0.4014 -0.3998 0.8241
vn 0.4002 -0.4011 0.8240
vn -0.8630 -0.0895 -0.4973
vn -0.8625 -0.0892 -0.4982
vn -0.8621 -0.0911 -0.4986
vn -0.8631 -0.0908 -0.4967
vn 0.1738 -0.9797 0.0999
vn 0.1731 -0.9798 0.1003
vn 0.1718 -0.9800 0.1001
vn 0.1729 -0.9800 0.0982
vn 0.1351 0.6168 -0.7755
vn 0.1877 0.6158 -0.7653
vn 0.1637 0.5968 -0.7855
vn 0.9134 -0.4020 -0.0640
vn 0.8623 -0.0894 0.4984
vn 0.8621 -0.0893 0.4989
vn 0.8616 -0.0909 0.4993
vn 0.8627 -0.0907 0.4975
vn -0.1735 -0.9798 -0.0998
vn -0.1727 -0.9798 -0.1006
vn -0.1715 -0.9801 -0.1002
vn -0.1726 -0.9801 -0.0985
vn -0.1632 0.5977 0.7849
vn -0.1357 0.6165 0.7756
vn -0.1883 0.6155 0.7653
vn -0.1644 0.5967 0.7855
vn -0.9184 -0.3946 0.0294
vn -0.9133 -0.4022 0.0634
vn -0.9134 -0.4018 0.0650
vn -0.9273 -0.3684 0.0657
vn -0.0612 0.9981 -0.0021
vn -0.0647 0.9972 -0.0380
vn -0.0656 0.9971 -0.0380
vn -0.0997 0.9946 -0.0288
vn -0.8597 -0.1160 -0.4974
vn -0.8584 -0.1502 -0.4905
vn -0.8770 -0.1034 -0.4691
vn -0.8593 -0.1153 -0.4984
vn 0.5965 0.5966 -0.5369
vn 0.5969 0.5962 -0.5369
vn 0.5965 0.5956 -0.5379
vn 0.5955 0.5970 -0.5375
vn -0.4010 -0.4008 -0.8237
vn -0.4010 -0.3997 -0.8243
vn -0.4003 -0.3996 -0.8247
vn -0.3995 -0.4008 -0.8245
vn -0.7241 0.5487 0.4179
vn -0.7239 0.5491 0.4177
vn 0.5777 0.7447 -0.3342
vn 0.5765 0.7462 -0.3330
vn 0.5762 0.7464 -0.3330
vn -0.0054 -0.2283 0.9736
vn -0.0027 -0.2251 0.9743
vn 0.9912 0.1323 -0.0021
vn 0.9908 0.1355 -0.0021
vn 0.9912 0.1320 -0.0007
vn -0.3939 -0.8903 0.2287
vn -0.3948 -0.8902 0.2276
vn -0.3939 -0.8908 0.2266
vn -0.3928 -0.8909 0.2279
vn 0.8109 -0.3497 -0.4692
vn 0.8112 -0.3494 -0.4688
vn 0.8114 -0.3508 -0.4676
vn 0.8103 -0.3509 -0.4693
vn -0.8455 -0.2272 -0.4833
vn -0.8454 -0.2265 -0.4838
vn -0.8452 -0.2263 -0.4841
vn -0.8448 -0.2274 -0.4845
vn 0.4965 0.1331 -0.8578
vn 0.4971 0.1328 -0.8575
vn 0.4961 0.1320 -0.8582
vn 0.4961 0.1332 -0.8580
vn 0.8454 -0.2265 -0.4837
vn 0.8457 -0.2269 -0.4830
vn 0.8448 -0.2275 -0.4842
vn 0.8453 -0.2263 -0.4840
vn -0.4970 0.1323 -0.8576
vn -0.4964 0.1331 -0.8578
vn -0.4960 0.1331 -0.8580
vn -0.4959 0.1319 -0.8583
vn 0.3948 -0.8903 0.2272
vn 0.3949 -0.8900 0.2278
vn 0.3932 -0.8906 0.2287
vn 0.3936 -0.8909 0.2266
vn -0.8115 -0.3504 -0.4676
vn -0.8112 -0.3494 -0.4690
vn -0.8102 -0.3507 -0.4696
vn -0.8110 -0.3513 -0.4678
vn 0.0026 -0.2288 0.9735
vn 0.0044 -0.2257 0.9742
vn 0.0016 -0.2255 0.9742
vn 0.0016 -0.2281 0.9736
vn -0.9911 0.1333 -0.0039
vn -0.9910 0.1339 -0.0023
vn -0.9913 0.1319 -0.0017
vn -0.9908 0.1353 -0.0003
vn 0.7250 0.5469 0.4187
vn 0.7240 0.5487 0.4180
vn 0.7239 0.5491 0.4178
vn 0.7223 0.5495 0.4199
vn -0.5764 0.7462 -0.3330
vn -0.5783 0.7454 -0.3316
vn -0.5765 0.7472 -0.3305
vn -0.5761 0.7464 -0.3330
vn 0.0121 0.9990 -0.0430
vn 0.0025 0.9972 -0.0748
vn 0.0015 0.9969 -0.0786
vn -0.0360 0.9964 -0.0763
vn 0.0002 -0.1202 -0.9927
vn -0.0352 -0.1175 -0.9924
vn -0.0178 -0.0869 -0.9961
vn 0.0034 -0.1164 -0.9932
vn 0.7621 0.5975 0.2494
vn 0.7630 0.5969 0.2480
vn 0.7644 0.5953 0.2477
vn 0.7631 0.5981 0.2447
vn 0.5130 -0.4017 -0.7586
vn 0.5113 -0.3993 -0.7610
vn 0.5144 -0.3976 -0.7598
vn 0.5142 -0.4009 -0.7582
vn 0.0010 -0.0895 0.9960
vn -0.0010 -0.0895 0.9960
vn -0.0010 -0.0910 0.9959
vn 0.0010 -0.0910 0.9958
vn 0.0002 -0.9797 -0.2003
vn -0.0003 -0.9797 -0.2003
vn 0.0013 -0.9800 -0.1988
vn -0.0012 -0.9800 -0.1988
vn -0.7617 0.5978 0.2498
vn -0.7493 0.6220 0.2274
vn -0.7748 0.5942 0.2157
vn -0.7630 0.5962 0.2495
vn -0.4923 -0.4323 -0.7555
vn -0.5106 -0.4035 -0.7592
vn -0.5118 -0.4028 -0.7588
vn -0.4982 -0.3769 -0.7809
vn -0.7613 -0.5977 -0.2514
vn -0.7395 -0.6161 -0.2711
vn -0.7565 -0.6159 -0.2199
vn -0.7623 -0.5967 -0.2505
vn -0.4852 0.3937 0.7808
vn -0.5117 0.4021 0.7593
vn -0.5132 0.4017 0.7584
vn -0.5211 0.3682 0.7700
vn -0.0293 -0.9981 0.0547
vn 0.0011 -0.9974 0.0724
vn 0.0024 -0.9970 0.0768
vn -0.0247 -0.9946 0.1012
vn 0.0023 0.1178 0.9930
vn -0.0045 0.1504 0.9886
vn -0.0333 0.1039 0.9940
vn 0.0029 0.1136 0.9935
vn 0.7619 -0.5986 -0.2475
vn 0.7632 -0.5967 -0.2480
vn 0.7645 -0.5952 -0.2475
vn 0.7640 -0.5973 -0.2440
vn 0.5128 0.4017 0.7587
vn 0.5105 0.4014 0.7604
vn 0.5133 0.3977 0.7605
vn 0.5141 0.4010 0.7582
vn 0.0010 0.0893 -0.9960
vn -0.0004 0.0890 -0.9960
vn -0.0011 0.0906 -0.9959
vn 0.0011 0.0908 -0.9959
vn -0.0005 0.9798 0.2001
vn -0.0001 0.9797 0.2003
vn 0.0013 0.9800 0.1988
vn -0.0012 0.9801 0.1986
vn -0.0634 -0.9973 0.0364
vn -0.0413 -0.9991 0.0079
vn -0.0461 -0.9963 0.0725
vn -0.0682 -0.9970 0.0362
vn -0.8402 0.1173 0.5295
vn -0.8617 0.1190 0.4933
vn -0.8619 0.1152 0.4939
vn -0.8534 0.0838 0.5146
vn 0.5685 -0.6243 0.5358
vn 0.5975 -0.5966 0.5358
vn 0.5971 -0.5962 0.5367
vn 0.5718 -0.5934 0.5665
vn -0.4034 0.4031 0.8214
vn -0.4086 0.4359 0.8019
vn -0.4302 0.3746 0.8213
vn -0.4020 0.4033 0.8221
vn 0.8627 0.0894 -0.4978
vn 0.8624 0.0892 -0.4983
vn 0.8620 0.0909 -0.4986
vn 0.8631 0.0905 -0.4968
vn -0.1737 0.9797 0.0998
vn -0.1725 0.9799 0.1004
vn -0.1716 0.9801 0.1000
vn -0.1727 0.9801 0.0982
vn -0.1663 -0.5966 -0.7851
vn -0.1672 -0.5989 -0.7832
vn -0.1705 -0.5970 -0.7839
vn -0.1676 -0.5954 -0.7858
vn -0.9135 0.4020 -0.0627
vn -0.9136 0.4014 -0.0647
vn -0.9137 0.4008 -0.0664
vn -0.9153 0.3976 -0.0641
vn -0.0475 -0.1434 -0.9885
vn -0.0410 -0.1398 -0.9893
vn -0.0546 -0.1461 -0.9878
vn -0.0458 -0.1368 -0.9895
vn -0.8716 0.4847 0.0731
vn -0.8667 0.4945 0.0658
vn -0.8690 0.4908 0.0638
vn -0.8721 0.4853 0.0630
vn 0.3360 -0.9109 -0.2396
vn 0.3407 -0.9105 -0.2343
vn 0.3406 -0.9123 -0.2273
vn 0.3300 -0.9151 -0.2318
vn -0.7995 -0.2308 0.5546
vn -0.8014 -0.2233 0.5549
vn -0.8067 -0.2318 0.5436
vn -0.7997 -0.2342 0.5528
vn 0.8245 -0.4595 0.3302
vn 0.8273 -0.4555 0.3288
vn 0.8272 -0.4543 0.3307
vn 0.8241 -0.4577 0.3338
vn -0.4987 0.2743 0.8222
vn -0.4999 0.2765 0.8207
vn -0.5001 0.2692 0.8231
vn -0.4968 0.2745 0.8233
vn 0.6046 0.4375 -0.6657
vn 0.6001 0.4390 -0.6687
vn 0.6013 0.4427 -0.6651
vn 0.6042 0.4394 -0.6648
vn -0.6636 0.7088 0.2394
vn -0.6649 0.7086 0.2363
vn -0.6633 0.7102 0.2358
vn -0.6678 0.7067 0.2335
vn -0.5984 0.5982 -0.5331
vn -0.6050 0.6186 -0.5013
vn -0.5659 0.6178 -0.5459
vn -0.5983 0.5971 -0.5343
vn 0.4366 -0.3931 -0.8092
vn 0.4011 -0.4017 -0.8233
vn 0.3999 -0.4012 -0.8241
vn 0.4066 -0.3644 -0.8378
vn 0.0290 0.9981 -0.0537
vn 0.0638 0.9974 -0.0348
vn 0.0678 0.9970 -0.0367
vn 0.0759 0.9943 -0.0756
vn 0.8525 -0.1538 -0.4997
vn 0.8421 -0.1022 -0.5296
vn 0.8616 -0.1138 -0.4947
vn 0.1661 0.5982 0.7839
vn 0.1672 0.5958 0.7856
vn 0.1685 0.5952 0.7857
vn 0.9141 -0.4008 0.0615
vn 0.9152 -0.3978 0.0645
vn 0.9136 -0.4014 0.0657
vn -0.8623 -0.0892 0.4984
vn -0.8626 -0.0895 0.4980
vn -0.8616 -0.0907 0.4994
vn 0.1731 -0.9798 -0.1004
vn 0.1724 -0.9801 -0.0984
vn 0.7240 -0.5490 0.4176
vn 0.7233 -0.5479 0.4202
vn 0.7221 -0.5504 0.4190
vn 0.7237 -0.5493 0.4177
vn -0.5767 -0.7462 -0.3327
vn -0.5761 -0.7464 -0.3333
vn 0.0038 0.2283 0.9736
vn 0.0021 0.2286 0.9735
vn -0.9912 -0.1327 -0.0025
vn -0.9909 -0.1346 0.0005
vn -0.9913 -0.1319 -0.0011
vn 0.3942 0.8901 0.2287
vn 0.3947 0.8903 0.2272
vn 0.3936 0.8909 0.2267
vn 0.3928 0.8909 0.2282
vn -0.8111 0.3495 -0.4689
vn -0.8114 0.3495 -0.4685
vn -0.8113 0.3509 -0.4677
vn -0.8103 0.3508 -0.4695
vn 0.8457 0.2269 -0.4830
vn 0.8453 0.2269 -0.4836
vn 0.8454 0.2261 -0.4839
vn 0.8448 0.2275 -0.4842
vn -0.4961 -0.1334 -0.8580
vn -0.4970 -0.1323 -0.8576
vn -0.4959 -0.1320 -0.8583
vn -0.4958 -0.1331 -0.8582
vn -0.8624 0.0892 0.4983
vn -0.8616 0.0908 0.4993
vn -0.8628 0.0905 0.4974
vn 0.1736 0.9798 -0.0992
vn 0.1720 0.9800 -0.1006
vn 0.1715 0.9801 -0.1000
vn 0.1725 0.9801 -0.0983
vn 0.1671 -0.5958 0.7856
vn 0.1679 -0.5987 0.7831
vn 0.1712 -0.5967 0.7840
vn 0.1684 -0.5951 0.7858
vn 0.9133 0.4026 0.0623
vn 0.9137 0.4013 0.0637
vn 0.9135 0.4014 0.0658
vn 0.9152 0.3980 0.0635
vn 0.0631 -0.9973 -0.0365
vn 0.0412 -0.9991 -0.0080
vn 0.0459 -0.9963 -0.0724
vn 0.0680 -0.9970 -0.0362
vn 0.8395 0.1172 -0.5306
vn 0.8611 0.1188 -0.4944
vn 0.8612 0.1150 -0.4951
vn 0.8526 0.0837 -0.5157
vn -0.5690 -0.6244 -0.5351
vn -0.5979 -0.5965 -0.5354
vn -0.5974 -0.5964 -0.5361
vn -0.5723 -0.5937 -0.5657
vn 0.4032 0.4021 -0.8220
vn 0.4082 0.4353 -0.8024
vn 0.4297 0.3741 -0.8218
vn 0.4015 0.4028 -0.8225
vn -0.8401 -0.5424 -0.0000
vn -0.8406 -0.5417 0.0003
vn -0.8401 -0.5424 -0.0009
vn 0.6960 -0.7180 -0.0009
vn 0.6960 -0.7180 -0.0000
vn 0.6956 -0.7184 -0.0007
vn -0.4595 0.0705 -0.8854
vn -0.4600 0.0707 -0.8851
vn -0.4592 0.0723 -0.8854
vn -0.4589 0.0706 -0.8857
vn 0.8768 -0.1352 -0.4614
vn 0.8771 -0.1357 -0.4607
vn 0.8766 -0.1370 -0.4614
vn 0.8764 -0.1356 -0.4621
vn -0.6381 0.7699 -0.0010
vn -0.6381 0.7699 0.0010
vn -0.6374 0.7705 0.0003
vn -0.6374 0.7705 -0.0003
vn 0.8804 0.4743 -0.0007
vn 0.8804 0.4743 0.0007
vn 0.8801 0.4748 -0.0010
vn 0.8801 0.4748 0.0010
vn -0.4601 0.0707 0.8851
vn -0.4594 0.0713 0.8854
vn -0.4592 0.0723 0.8854
vn 0.8767 -0.1361 0.4614
vn 0.8768 -0.1352 0.4614
vn 0.8764 -0.1356 0.4621
vn -0.7958 0.3291 -0.5084
vn -0.7906 0.3261 -0.5183
vn -0.7988 0.3200 -0.5095
vn -0.7970 0.3236 -0.5100
vn -0.2145 0.3751 0.9018
vn -0.2169 0.3789 0.8997
vn -0.2108 0.3806 0.9004
vn -0.2216 0.3790 0.8985
vn -0.2868 -0.6102 -0.7385
vn -0.2775 -0.5914 -0.7571
vn -0.2495 -0.6215 -0.7426
vn -0.2847 -0.6173 -0.7334
vn 0.2445 -0.6202 0.7453
vn 0.2191 -0.6229 0.7510
vn 0.2068 -0.6282 0.7501
vn 0.2306 -0.6444 0.7291
vn 0.5343 -0.4487 -0.7164
vn 0.5533 -0.4317 -0.7124
vn 0.5553 -0.4236 -0.7157
vn 0.5587 -0.4526 -0.6950
vn 0.6319 -0.2194 0.7433
vn 0.6095 -0.2092 0.7647
vn 0.6180 -0.2512 0.7449
vn 0.6322 -0.2225 0.7421
vn -0.4056 0.4615 -0.7890
vn -0.4050 0.4602 -0.7900
vn -0.4085 0.4549 -0.7913
vn -0.4083 0.4628 -0.7869
vn -0.0655 0.7146 0.6964
vn -0.0675 0.7109 0.7000
vn -0.0586 0.7118 0.6999
vn -0.0597 0.7149 0.6967
vn -0.8628 0.0891 -0.4976
vn -0.8633 0.0902 -0.4966
vn -0.8630 0.0911 -0.4969
vn -0.8621 0.0907 -0.4986
vn 0.1735 0.9798 0.0992
vn 0.1737 0.9798 0.0992
vn 0.1719 0.9800 0.1004
vn -0.5978 -0.5987 0.5331
vn -0.6217 -0.6006 0.5027
vn -0.5697 -0.6252 0.5334
vn -0.5987 -0.5972 0.5338
vn 0.4285 0.3728 0.8231
vn 0.4004 0.4016 0.8236
vn 0.4001 0.4009 0.8241
vn 0.3946 0.3669 0.8424
vn 0.0461 -0.9963 0.0720
vn 0.0648 -0.9973 0.0352
vn 0.0686 -0.9970 0.0371
vn 0.0901 -0.9936 0.0689
vn 0.8609 0.1185 0.4948
vn 0.8665 0.1492 0.4764
vn 0.8405 0.1154 0.5294
vn 0.8622 0.1142 0.4935
vn 0.1654 -0.5984 -0.7839
vn 0.1664 -0.5961 -0.7854
vn 0.1678 -0.5954 -0.7857
vn 0.1699 -0.5979 -0.7834
vn 0.9138 0.4010 -0.0643
vn 0.9143 0.4003 -0.0622
vn 0.9153 0.3974 -0.0652
vn 0.9137 0.4010 -0.0663
vn -0.0650 -0.9973 0.0353
vn -0.0413 -0.9991 0.0080
vn -0.0461 -0.9963 0.0724
vn -0.0688 -0.9969 0.0373
vn -0.8402 0.1174 0.5294
vn -0.8608 0.1204 0.4946
vn -0.8621 0.1161 0.4933
vn -0.8534 0.0839 0.5145
vn 0.5685 -0.6242 0.5358
vn 0.5965 -0.5978 0.5356
vn 0.5974 -0.5962 0.5363
vn -0.4021 0.4035 0.8219
vn -0.4018 0.4029 0.8223
vn 0.8632 0.0902 -0.4968
vn 0.8627 0.0890 -0.4978
vn 0.8620 0.0907 -0.4987
vn 0.8629 0.0911 -0.4970
vn -0.1737 0.9798 0.0992
vn -0.1734 0.9798 0.0992
vn -0.1719 0.9800 0.1004
vn -0.1726 0.9801 0.0982
vn -0.1664 -0.5961 -0.7855
vn -0.1654 -0.5984 -0.7839
vn -0.1700 -0.5978 -0.7834
vn -0.1678 -0.5954 -0.7857
vn -0.9143 0.4003 -0.0621
vn -0.9138 0.4010 -0.0642
vn -0.9137 0.4010 -0.0663
vn -0.9153 0.3974 -0.0651
vn -0.4014 0.7850 -0.4718
vn -0.3703 0.7921 -0.4853
vn -0.3997 0.7664 -0.5029
vn -0.4022 0.7848 -0.4714
vn -0.7511 -0.6144 -0.2416
vn -0.7653 -0.5881 -0.2617
vn -0.7654 -0.5877 -0.2622
vn -0.7511 -0.5910 -0.2943
vn 0.7586 0.4873 -0.4325
vn 0.7720 0.4567 -0.4420
vn 0.7723 0.4561 -0.4423
vn 0.7573 0.4486 -0.4746
vn 0.3713 -0.9026 -0.2176
vn 0.3384 -0.9131 -0.2275
vn 0.3673 -0.8953 -0.2521
vn 0.3721 -0.9023 -0.2177
vn 0.7711 0.4571 0.4433
vn 0.7515 0.4854 0.4468
vn 0.7589 0.4450 0.4754
vn 0.7715 0.4564 0.4432
vn 0.3386 -0.9166 0.2127
vn 0.3712 -0.9026 0.2180
vn 0.3718 -0.9023 0.2183
vn 0.3632 -0.8970 0.2521
vn -0.3703 0.7989 0.4741
vn -0.4021 0.7841 0.4727
vn -0.4024 0.7837 0.4732
vn -0.3954 0.7675 0.5046
vn -0.7640 -0.5895 0.2623
vn -0.7436 -0.6178 0.2558
vn -0.7525 -0.5886 0.2953
vn -0.7646 -0.5888 0.2620
vn 0.7945 0.2757 -0.5411
vn 0.7927 0.2678 -0.5477
vn 0.7865 0.2782 -0.5514
vn 0.7922 0.2796 -0.5425
vn -0.3797 0.8899 0.2527
vn -0.3763 0.8907 0.2550
vn -0.3697 0.8918 0.2607
vn -0.3727 0.8940 0.2487
vn -0.0776 0.0467 -0.9959
vn -0.0817 0.0424 -0.9958
vn -0.0861 0.0390 -0.9955
vn -0.0861 0.0501 -0.9950
vn -0.8940 0.4375 0.0973
vn -0.8918 0.4400 0.1051
vn -0.8892 0.4477 0.0945
vn -0.8938 0.4384 0.0944
vn 0.4107 -0.8660 -0.2851
vn 0.4165 -0.8626 -0.2873
vn 0.4166 -0.8663 -0.2755
vn 0.4093 -0.8676 -0.2824
vn -0.7776 -0.3154 0.5439
vn -0.7817 -0.3133 0.5393
vn -0.7839 -0.3156 0.5347
vn -0.7776 -0.3209 0.5406
vn 0.7799 -0.3934 0.4868
vn 0.7830 -0.3902 0.4844
vn 0.7855 -0.3821 0.4868
vn 0.7785 -0.3895 0.4921
vn -0.4356 0.2199 0.8729
vn -0.4420 0.2213 0.8693
vn -0.4411 0.2085 0.8729
vn -0.4335 0.2167 0.8747
vn -0.7720 0.4570 -0.4417
vn -0.7586 0.4873 -0.4325
vn -0.7573 0.4486 -0.4746
vn -0.7725 0.4558 -0.4421
vn -0.3385 -0.9131 -0.2275
vn -0.3711 -0.9028 -0.2174
vn -0.3724 -0.9022 -0.2174
vn -0.3673 -0.8953 -0.2520
vn 0.3704 0.7920 -0.4853
vn 0.4019 0.7847 -0.4718
vn 0.3997 0.7664 -0.5028
vn 0.7650 -0.5882 -0.2622
vn 0.7511 -0.6144 -0.2416
vn 0.7511 -0.5910 -0.2942
vn 0.4012 0.7845 0.4729
vn 0.3836 0.7753 0.5017
vn 0.4068 0.7635 0.5016
vn 0.7690 -0.5969 0.2286
vn 0.7650 -0.5878 0.2633
vn 0.7476 -0.5964 0.2923
vn -0.7746 0.4767 0.4155
vn -0.7712 0.4571 0.4431
vn -0.7719 0.4559 0.4431
vn -0.7529 0.4559 0.4746
vn -0.3716 -0.9025 0.2179
vn -0.3532 -0.9016 0.2497
vn -0.3743 -0.8923 0.2522
vn -0.3726 -0.9019 0.2184
vn 0.4025 -0.7843 -0.4722
vn 0.3767 -0.8040 -0.4601
vn 0.3922 -0.7698 -0.5036
vn 0.4031 -0.7841 -0.4719
vn 0.7408 0.6150 -0.2704
vn 0.7647 0.5891 -0.2612
vn 0.7648 0.5888 -0.2616
vn 0.7550 0.5855 -0.2952
vn -0.7488 -0.4788 -0.4582
vn -0.7718 -0.4573 -0.4418
vn -0.7719 -0.4568 -0.4422
vn -0.7619 -0.4419 -0.4735
vn -0.3714 0.9025 -0.2181
vn -0.3459 0.9171 -0.1979
vn -0.3602 0.8985 -0.2510
vn -0.3722 0.9022 -0.2177
vn -0.7710 -0.4568 0.4437
vn -0.7581 -0.4871 0.4336
vn -0.7567 -0.4485 0.4757
vn -0.7716 -0.4562 0.4432
vn -0.3381 0.9131 0.2280
vn -0.3715 0.9025 0.2180
vn -0.3718 0.9022 0.2185
vn -0.3669 0.8953 0.2525
vn 0.3699 -0.7915 0.4865
vn 0.4016 -0.7844 0.4727
vn 0.4019 -0.7841 0.4730
vn 0.3993 -0.7659 0.5040
vn 0.7643 0.5889 0.2627
vn 0.7507 0.6147 0.2420
vn 0.7506 0.5914 0.2947
vn 0.7648 0.5884 0.2624
vn 0.2456 -0.7746 -0.5828
vn 0.2079 -0.7852 -0.5833
vn 0.2081 -0.7849 -0.5836
vn 0.2326 -0.7618 -0.6046
vn -0.1547 0.5875 -0.7943
vn -0.1904 0.5968 -0.7795
vn -0.1173 0.5966 -0.7939
vn -0.1552 0.5870 -0.7946
vn -0.6102 -0.7842 -0.1121
vn -0.5873 -0.8037 -0.0950
vn -0.6325 -0.7696 -0.0877
vn -0.6103 -0.7841 -0.1128
vn -0.6036 0.6150 -0.5074
vn -0.6084 0.5888 -0.5322
vn -0.6087 0.5885 -0.5321
vn -0.6328 0.5854 -0.5067
vn -0.0222 -0.4791 0.8775
vn 0.0027 -0.4599 0.8880
vn 0.0052 -0.4562 0.8899
vn -0.0297 -0.4418 0.8966
vn -0.0004 0.9030 0.4297
vn 0.0003 0.9173 0.3983
vn -0.0375 0.8985 0.4374
vn -0.0011 0.9013 0.4332
vn 0.7671 -0.4574 0.4498
vn 0.7439 -0.4784 0.4667
vn 0.7885 -0.4559 0.4128
vn 0.7693 -0.4539 0.4496
vn 0.3947 0.9013 0.1786
vn 0.3725 0.9035 0.2118
vn 0.3741 0.9018 0.2163
vn 0.4085 0.8912 0.1973
vn 0.2075 -0.7832 0.5862
vn 0.1838 -0.8044 0.5649
vn 0.2462 -0.7721 0.5859
vn 0.2075 -0.7828 0.5866
vn -0.1169 0.5998 0.7916
vn -0.1558 0.5904 0.7919
vn -0.1561 0.5899 0.7923
vn -0.1209 0.5798 0.8057
vn 0.7875 -0.4584 -0.4119
vn 0.7667 -0.4598 -0.4480
vn 0.7688 -0.4563 -0.4480
vn 0.7936 -0.4348 -0.4256
vn 0.3736 0.9031 -0.2118
vn 0.3410 0.9117 -0.2293
vn 0.3951 0.9010 -0.1793
vn 0.3752 0.9014 -0.2161
vn 0.0028 -0.4614 -0.8872
vn -0.0328 -0.4589 -0.8879
vn -0.0249 -0.4372 -0.8990
vn 0.0052 -0.4576 -0.8891
vn 0.0250 0.9110 -0.4117
vn -0.0006 0.9024 -0.4308
vn -0.0011 0.9007 -0.4343
vn -0.0383 0.9011 -0.4320
vn -0.5838 -0.8027 0.1215
vn -0.6112 -0.7834 0.1127
vn -0.6114 -0.7832 0.1133
vn -0.6287 -0.7732 0.0827
vn -0.6084 0.5900 0.5307
vn -0.6255 0.5992 0.4998
vn -0.6351 0.5808 0.5093
vn -0.6088 0.5896 0.5308
vn -0.7672 0.4587 0.4483
vn -0.7520 0.4903 0.4407
vn -0.7917 0.4477 0.4157
vn -0.7685 0.4547 0.4502
vn -0.3656 -0.9140 0.1757
vn -0.3715 -0.9036 0.2134
vn -0.3746 -0.9017 0.2161
vn -0.4046 -0.8945 0.1900
vn -0.2388 0.7926 -0.5611
vn -0.2077 0.7850 -0.5836
vn -0.2079 0.7846 -0.5841
vn -0.2391 0.7645 -0.5987
vn 0.1550 -0.5884 -0.7936
vn 0.1676 -0.6167 -0.7692
vn 0.1167 -0.5911 -0.7981
vn 0.1556 -0.5877 -0.7939
vn 0.6097 0.7847 -0.1117
vn 0.5956 0.7989 -0.0837
vn 0.6341 0.7679 -0.0910
vn 0.6098 0.7845 -0.1126
vn 0.5923 -0.6171 -0.5180
vn 0.6087 -0.5883 -0.5323
vn 0.6092 -0.5879 -0.5322
vn 0.6315 -0.5882 -0.5051
vn 0.0095 0.4855 0.8742
vn -0.0044 0.4586 0.8886
vn -0.0046 0.4546 0.8907
vn 0.0315 0.4450 0.8950
vn 0.0019 -0.9037 0.4282
vn 0.0154 -0.9165 0.3998
vn 0.0363 -0.8969 0.4407
vn 0.0003 -0.9018 0.4321
vn -0.2082 0.7839 0.5849
vn -0.2116 0.8055 0.5536
vn -0.2438 0.7677 0.5926
vn -0.2074 0.7837 0.5854
vn 0.1347 -0.6183 0.7743
vn 0.1561 -0.5895 0.7925
vn 0.1558 -0.5891 0.7929
vn 0.1182 -0.5857 0.8019
vn -0.7715 0.4815 -0.4159
vn -0.7682 0.4602 -0.4451
vn -0.7679 0.4570 -0.4488
vn -0.7937 0.4405 -0.4195
vn -0.3731 -0.9025 -0.2149
vn -0.3417 -0.9187 -0.1982
vn -0.4001 -0.8979 -0.1833
vn -0.3763 -0.9011 -0.2153
vn -0.0054 0.4579 -0.8890
vn 0.0222 0.4795 -0.8773
vn 0.0297 0.4422 -0.8964
vn -0.0035 0.4549 -0.8905
vn -0.0002 -0.9172 -0.3985
vn 0.0040 -0.9035 -0.4286
vn 0.0001 -0.9021 -0.4316
vn 0.0375 -0.8983 -0.4377
vn 0.5877 0.8035 0.0948
vn 0.6105 0.7839 0.1128
vn 0.6110 0.7835 0.1128
vn 0.6328 0.7693 0.0876
vn 0.6089 -0.5900 0.5303
vn 0.6039 -0.6157 0.5061
vn 0.6333 -0.5861 0.5054
vn 0.6089 -0.5893 0.5310
vn 0.2082 0.7848 -0.5837
vn 0.2387 0.7926 -0.5611
vn 0.2390 0.7645 -0.5987
vn -0.1675 -0.6167 -0.7692
vn -0.1550 -0.5879 -0.7939
vn -0.1167 -0.5911 -0.7981
vn 0.7520 0.4903 0.4407
vn 0.7680 0.4591 0.4466
vn 0.7678 0.4558 0.4503
vn 0.7916 0.4477 0.4158
vn 0.3723 -0.9028 0.2151
vn 0.3656 -0.9140 0.1758
vn 0.4046 -0.8945 0.1900
vn 0.3756 -0.9013 0.2157
vn 0.0054 0.4587 0.8886
vn -0.0327 0.4583 0.8882
vn -0.0248 0.4367 0.8992
vn 0.0036 0.4555 0.8902
vn 0.0250 -0.9111 0.4115
vn -0.0039 -0.9032 0.4291
vn -0.0001 -0.9018 0.4323
vn -0.0382 -0.9012 0.4316
vn -0.5835 0.8029 -0.1217
vn -0.6112 0.7834 -0.1130
vn -0.6283 0.7735 -0.0829
vn -0.6083 -0.5893 -0.5318
vn -0.6250 -0.5984 -0.5012
vn -0.6345 -0.5801 -0.5107
vn 0.2080 -0.7832 0.5860
vn 0.2461 -0.7721 0.5859
vn 0.2074 -0.7830 0.5864
vn -0.1170 0.5997 0.7916
vn -0.1561 0.5900 0.7922
vn -0.1558 0.5897 0.7924
vn -0.1210 0.5798 0.8057
vn 0.7875 -0.4585 -0.4120
vn 0.7668 -0.4611 -0.4465
vn 0.7680 -0.4571 -0.4485
vn 0.7935 -0.4349 -0.4257
vn 0.3732 0.9028 -0.2137
vn 0.3411 0.9116 -0.2293
vn 0.3951 0.9010 -0.1794
vn 0.3763 0.9009 -0.2162
vn 0.0045 -0.4586 -0.8886
vn 0.0053 -0.4874 -0.8732
vn -0.0330 -0.4490 -0.8929
vn 0.0045 -0.4547 -0.8906
vn -0.0288 0.9127 -0.4077
vn -0.0020 0.9036 -0.4284
vn -0.0003 0.9017 -0.4323
vn -0.0348 0.8951 -0.4445
vn -0.6067 -0.7912 0.0774
vn -0.6098 -0.7846 0.1121
vn -0.6102 -0.7843 0.1121
vn -0.6359 -0.7659 0.0945
vn -0.6097 0.5889 0.5305
vn -0.5846 0.6144 0.5299
vn -0.6305 0.5916 0.5024
vn -0.6097 0.5884 0.5310
vn 0.2083 -0.7854 -0.5830
vn 0.2079 -0.7851 -0.5834
vn -0.1552 0.5872 -0.7944
vn -0.1905 0.5968 -0.7795
vn -0.1173 0.5967 -0.7939
vn -0.1550 0.5868 -0.7947
vn -0.6094 -0.7849 -0.1120
vn -0.6063 -0.7914 -0.0777
vn -0.6354 -0.7663 -0.0947
vn -0.6098 -0.7846 -0.1122
vn -0.5843 0.6136 -0.5311
vn -0.6092 0.5882 -0.5319
vn -0.6093 0.5877 -0.5323
vn -0.6300 0.5909 -0.5039
vn 0.0052 -0.4868 0.8735
vn 0.0027 -0.4590 0.8884
vn 0.0052 -0.4553 0.8903
vn -0.0328 -0.4486 0.8931
vn -0.0004 0.9031 0.4294
vn -0.0287 0.9128 0.4074
vn -0.0347 0.8953 0.4441
vn -0.0011 0.9014 0.4329
vn 0.7438 -0.4785 0.4667
vn 0.7886 -0.4559 0.4127
vn 0.3948 0.9013 0.1785
vn 0.7674 0.4586 -0.4482
vn 0.7715 0.4815 -0.4159
vn 0.7937 0.4404 -0.4196
vn 0.7694 0.4552 -0.4482
vn 0.3417 -0.9187 -0.1982
vn 0.3728 -0.9035 -0.2114
vn 0.3743 -0.9019 -0.2155
vn 0.4001 -0.8979 -0.1833
vn 0.2116 0.8054 0.5536
vn 0.2080 0.7836 0.5854
vn 0.2438 0.7677 0.5926
vn -0.1555 -0.5896 0.7926
vn -0.1347 -0.6183 0.7743
vn -0.1182 -0.5857 0.8019
vn -0.6108 0.7837 0.1123
vn -0.5878 0.8035 0.0948
vn -0.6328 0.7693 0.0876
vn -0.6039 -0.6157 0.5061
vn -0.6091 -0.5895 0.5305
vn -0.6333 -0.5861 0.5054
vn -0.0222 0.4795 -0.8772
vn 0.0028 0.4601 -0.8878
vn 0.0050 0.4566 -0.8897
vn -0.0297 0.4423 -0.8964
vn -0.0007 -0.9028 -0.4300
vn 0.0002 -0.9171 -0.3986
vn -0.0374 -0.8983 -0.4378
vn -0.0011 -0.9012 -0.4333
vn 0.4016 -0.7852 -0.4713
vn 0.3839 -0.7759 -0.5006
vn 0.4072 -0.7640 -0.5005
vn 0.4020 -0.7849 -0.4716
vn 0.7694 0.5967 -0.2280
vn 0.7652 0.5878 -0.2625
vn 0.7657 0.5873 -0.2624
vn 0.7480 0.5960 -0.2919
vn -0.7752 -0.4769 -0.4143
vn -0.7717 -0.4570 -0.4422
vn -0.7723 -0.4562 -0.4420
vn -0.7535 -0.4560 -0.4735
vn -0.3722 0.9023 -0.2177
vn -0.3535 0.9016 -0.2492
vn -0.3747 0.8923 -0.2518
vn -0.3728 0.9019 -0.2181
vn -0.7711 -0.4574 0.4428
vn -0.7483 -0.4786 0.4593
vn -0.7613 -0.4418 0.4745
vn -0.7714 -0.4567 0.4432
vn -0.3456 0.9171 0.1986
vn -0.3710 0.9026 0.2183
vn -0.3720 0.9022 0.2182
vn -0.3598 0.8985 0.2514
vn 0.3763 -0.8034 0.4615
vn 0.4021 -0.7838 0.4732
vn 0.4027 -0.7836 0.4731
vn 0.3917 -0.7693 0.5047
vn 0.7642 0.5895 0.2617
vn 0.7404 0.6152 0.2708
vn 0.7546 0.5859 0.2956
vn 0.7644 0.5891 0.2620
vn 0.5990 -0.5977 -0.5329
vn 0.6220 -0.6011 -0.5019
vn 0.5700 -0.6257 -0.5326
vn 0.5985 -0.5976 -0.5336
vn -0.4279 0.3723 -0.8236
vn -0.4015 0.4003 -0.8238
vn -0.3997 0.4010 -0.8242
vn -0.3940 0.3664 -0.8429
vn -0.0459 -0.9963 -0.0721
vn -0.0630 -0.9974 -0.0364
vn -0.0679 -0.9970 -0.0361
vn -0.0900 -0.9935 -0.0690
vn -0.8612 0.1169 -0.4946
vn -0.8658 0.1491 -0.4776
vn -0.8397 0.1153 -0.5307
vn -0.8613 0.1132 -0.4953
vn -0.1679 -0.5987 0.7832
vn -0.1671 -0.5958 0.7856
vn -0.1684 -0.5951 0.7858
vn -0.1712 -0.5966 0.7840
vn -0.9137 0.4013 0.0637
vn -0.9133 0.4026 0.0623
vn -0.9152 0.3980 0.0635
vn -0.9136 0.4014 0.0657
vn 0.8623 0.0892 0.4984
vn 0.8620 0.0895 0.4989
vn 0.8627 0.0905 0.4975
vn 0.8616 0.0907 0.4994
vn -0.1719 0.9800 -0.1006
vn -0.1735 0.9798 -0.0992
vn -0.1724 0.9801 -0.0984
vn -0.1714 0.9801 -0.1001
vn -0.1672 0.5988 -0.7832
vn -0.1664 0.5961 -0.7855
vn -0.1677 0.5954 -0.7857
vn -0.1704 0.5969 -0.7840
vn -0.9138 -0.4010 -0.0643
vn -0.9135 -0.4020 -0.0629
vn -0.9153 -0.3977 -0.0642
vn -0.9137 -0.4009 -0.0663
vn 0.8627 -0.0891 -0.4978
vn 0.8629 -0.0893 -0.4974
vn 0.8631 -0.0907 -0.4968
vn 0.8620 -0.0907 -0.4987
vn -0.1730 -0.9798 0.1003
vn -0.1736 -0.9798 0.0992
vn -0.1726 -0.9801 0.0982
vn -0.1716 -0.9801 0.1002
vn 0.5976 0.5972 0.5351
vn 0.5830 0.6278 0.5157
vn 0.5663 0.6056 0.5591
vn 0.5974 0.5963 0.5362
vn -0.4289 -0.4198 0.7999
vn -0.4026 -0.4029 0.8220
vn -0.4013 -0.4026 0.8227
vn -0.4204 -0.3679 0.8294
vn -0.0272 0.9992 0.0277
vn -0.0626 0.9974 0.0360
vn -0.0672 0.9971 0.0358
vn -0.0597 0.9953 0.0768
vn -0.8618 -0.1176 0.4935
vn -0.8422 -0.1407 0.5205
vn -0.8476 -0.0909 0.5229
vn -0.8619 -0.1140 0.4941
vn 0.8626 -0.0895 0.4980
vn 0.8620 -0.0893 0.4989
vn 0.8616 -0.0909 0.4994
vn 0.8626 -0.0909 0.4976
vn -0.1736 -0.9797 -0.0999
vn -0.1731 -0.9798 -0.1003
vn -0.1716 -0.9800 -0.1004
vn -0.1726 -0.9801 -0.0984
vn -0.1671 0.5962 0.7853
vn -0.1652 0.5969 0.7851
vn -0.1698 0.5981 0.7832
vn -0.1683 0.5951 0.7858
vn -0.9148 -0.3990 0.0622
vn -0.9135 -0.4017 0.0641
vn -0.9136 -0.4013 0.0658
vn -0.9151 -0.3979 0.0656
vn -0.0657 0.9972 -0.0348
vn -0.0290 0.9981 -0.0537
vn -0.0758 0.9943 -0.0756
vn -0.0679 0.9970 -0.0379
vn -0.8524 -0.1538 -0.4997
vn -0.8592 -0.1182 -0.4977
vn -0.8616 -0.1148 -0.4945
vn -0.8421 -0.1022 -0.5296
vn 0.6050 0.6186 -0.5014
vn 0.5983 0.5982 -0.5331
vn 0.5983 0.5971 -0.5343
vn 0.5659 0.6178 -0.5460
vn -0.4011 -0.4016 -0.8233
vn -0.4366 -0.3931 -0.8093
vn -0.4066 -0.3644 -0.8378
vn -0.4000 -0.4012 -0.8241
vn -0.5964 -0.5962 0.5375
vn -0.5960 -0.5966 0.5374
vn -0.5950 -0.5967 0.5385
vn -0.5963 -0.5954 0.5385
vn 0.4018 0.4004 0.8235
vn 0.4013 0.4014 0.8233
vn 0.4010 0.3998 0.8242
vn 0.0651 -0.9972 0.0381
vn 0.0833 -0.9965 0.0067
vn 0.1012 -0.9940 0.0427
vn 0.0663 -0.9971 0.0385
vn 0.8479 0.1464 0.5096
vn 0.8602 0.1165 0.4964
vn 0.8599 0.1153 0.4972
vn 0.8776 0.1153 0.4654
vn 0.1276 -0.6010 -0.7890
vn 0.1617 -0.5979 -0.7851
vn 0.1630 -0.5973 -0.7853
vn 0.1756 -0.6230 -0.7623
vn 0.9138 0.4012 -0.0640
vn 0.9259 0.3754 -0.0428
vn 0.9136 0.4012 -0.0660
vn -0.8627 0.0891 -0.4978
vn -0.8629 0.0894 -0.4974
vn -0.8631 0.0907 -0.4969
vn -0.8620 0.0907 -0.4987
vn 0.1730 0.9798 0.1003
vn 0.1736 0.9798 0.0992
vn 0.1717 0.9800 0.1001
vn -0.3762 -0.8387 -0.3938
vn -0.3838 -0.8419 -0.3795
vn -0.4204 -0.8262 -0.3750
vn -0.3916 -0.8119 -0.4330
vn 0.1542 -0.3867 0.9092
vn 0.1789 -0.4130 0.8930
vn 0.2182 -0.3917 0.8938
vn 0.1997 -0.3528 0.9141
vn 0.6907 0.0711 -0.7196
vn 0.6741 0.0341 -0.7378
vn 0.6822 0.0526 -0.7293
vn 0.6611 0.0346 -0.7495
vn 0.6424 0.0503 0.7647
vn 0.6649 0.0196 0.7467
vn 0.6604 0.0576 0.7487
vn 0.6531 0.0312 0.7566
vn 0.7573 -0.1326 -0.6394
vn 0.7564 -0.1196 -0.6431
vn 0.7589 -0.1137 -0.6412
vn 0.7689 -0.1154 -0.6289
vn 0.6439 -0.0972 0.7589
vn 0.6313 -0.0977 0.7694
vn 0.6394 -0.1155 0.7601
vn 0.6461 -0.0990 0.7568
vn -0.2076 0.6736 -0.7094
vn -0.2282 0.6794 -0.6973
vn -0.2033 0.6896 -0.6951
vn -0.2089 0.6761 -0.7065
vn 0.2851 0.5722 0.7690
vn 0.2628 0.5789 0.7719
vn 0.2685 0.5806 0.7687
vn 0.2480 0.5738 0.7805
vn -0.9659 0.1310 -0.2233
vn -0.9677 0.1334 -0.2137
vn -0.9688 0.1488 -0.1981
vn -0.9604 0.1688 -0.2217
vn -0.2082 0.0340 0.9775
vn -0.2268 0.0572 0.9723
vn -0.2429 0.0406 0.9692
vn -0.2263 0.0198 0.9738
vn -0.8859 -0.0387 -0.4623
vn -0.8824 -0.0670 -0.4658
vn -0.9032 -0.0582 -0.4252
vn -0.8936 -0.0228 -0.4482
vn -0.3837 -0.0355 0.9228
vn -0.4090 -0.0034 0.9125
vn -0.4229 -0.0182 0.9060
vn -0.4245 -0.0496 0.9041
vn -0.8573 -0.1060 -0.5037
vn -0.8840 -0.1219 -0.4513
vn -0.8698 -0.0934 -0.4845
vn -0.8804 -0.1005 -0.4634
vn -0.4208 -0.0350 0.9065
vn -0.3854 -0.0305 0.9223
vn -0.4262 -0.0427 0.9036
vn -0.3750 -0.0401 0.9262
vn 0.1519 0.9714 0.1822
vn 0.1526 0.9701 0.1885
vn 0.1536 0.9709 0.1836
vn 0.1540 0.9702 0.1870
vn -0.0941 -0.6124 0.7850
vn -0.0949 -0.6178 0.7806
vn -0.0919 -0.6147 0.7834
vn -0.0922 -0.6161 0.7822
vn -0.7998 0.5089 -0.3184
vn -0.7988 0.5104 -0.3185
vn -0.7985 0.5118 -0.3169
vn -0.7970 0.5110 -0.3220
vn -0.4609 -0.7863 0.4114
vn -0.4632 -0.7869 0.4078
vn -0.4588 -0.7895 0.4077
vn -0.4589 -0.7880 0.4105
vn 0.0157 0.0885 -0.9960
vn 0.0156 0.0887 -0.9959
vn 0.0141 0.0870 -0.9961
vn 0.0140 0.0906 -0.9958
vn -0.1527 -0.9793 0.1332
vn -0.1528 -0.9797 0.1300
vn -0.1508 -0.9799 0.1304
vn -0.1503 -0.9799 0.1315
vn 0.7353 0.1660 -0.6571
vn 0.7352 0.1680 -0.6567
vn 0.7381 0.1645 -0.6544
vn 0.7346 0.1636 -0.6585
vn 0.1327 -0.9477 0.2902
vn 0.1338 -0.9488 0.2861
vn 0.1357 -0.9487 0.2857
vn 0.1379 -0.9472 0.2893
vn -0.3950 0.8902 -0.2271
vn -0.3929 0.8910 -0.2276
vn 0.8114 0.3494 0.4685
vn 0.8117 0.3492 0.4682
vn 0.8118 0.3507 0.4669
vn 0.8106 0.3508 0.4688
vn -0.8453 0.2270 0.4837
vn -0.8450 0.2267 0.4844
vn -0.8450 0.2262 0.4846
vn -0.8444 0.2274 0.4850
vn 0.4968 -0.1334 0.8576
vn 0.4978 -0.1327 0.8571
vn 0.4966 -0.1320 0.8579
vn 0.4966 -0.1332 0.8577
vn -0.7243 -0.5489 -0.4173
vn -0.7222 -0.5506 -0.4187
vn -0.7241 -0.5491 -0.4173
vn 0.5780 -0.7445 0.3340
vn 0.5768 -0.7462 0.3323
vn 0.5764 -0.7464 0.3327
vn -0.0061 0.2285 -0.9735
vn -0.0046 0.2280 -0.9736
vn -0.0028 0.2288 -0.9735
vn -0.0031 0.2250 -0.9744
vn 0.9912 -0.1322 0.0018
vn 0.9913 -0.1318 0.0003
vn -0.0003 -0.8902 -0.4556
vn -0.0004 -0.8901 -0.4557
vn 0.0014 -0.8908 -0.4544
vn -0.0012 -0.8910 -0.4540
vn 0.0014 -0.3496 0.9369
vn -0.0010 -0.3489 0.9371
vn -0.0011 -0.3504 0.9366
vn 0.0010 -0.3507 0.9365
vn 0.8417 -0.2285 -0.4893
vn 0.8406 -0.2291 -0.4908
vn 0.8423 -0.2244 -0.4901
vn 0.8424 -0.2277 -0.4883
vn 0.4949 0.1367 0.8581
vn 0.4936 0.1350 0.8592
vn 0.4944 0.1326 0.8591
vn 0.4966 0.1353 0.8574
vn 0.0028 0.5485 -0.8362
vn -0.0000 0.5461 -0.8377
vn -0.0028 0.5491 -0.8358
vn 0.0013 0.5505 -0.8348
vn -0.0024 0.7456 0.6664
vn -0.0021 0.7455 0.6666
vn 0.0028 0.7467 0.6652
vn -0.0025 0.7477 0.6641
vn -0.8414 -0.2249 -0.4913
vn -0.8414 -0.2281 -0.4900
vn -0.8422 -0.2280 -0.4886
vn -0.8431 -0.2246 -0.4886
vn -0.4934 0.1342 0.8594
vn -0.4920 0.1343 0.8601
vn -0.4954 0.1366 0.8578
vn -0.4947 0.1328 0.8588
vn -0.0011 -0.9973 0.0734
vn -0.0120 -0.9990 0.0430
vn 0.0361 -0.9964 0.0764
vn -0.0024 -0.9970 0.0777
vn 0.0353 0.1177 0.9924
vn -0.0023 0.1198 0.9928
vn -0.0030 0.1156 0.9933
vn 0.0178 0.0870 0.9961
vn 0.7493 -0.6220 -0.2273
vn 0.7616 -0.5982 -0.2491
vn 0.7631 -0.5961 -0.2497
vn 0.7749 -0.5942 -0.2155
vn 0.5112 0.4035 0.7588
vn 0.4921 0.4325 0.7555
vn 0.4981 0.3769 0.7810
vn 0.5119 0.4027 0.7588
vn 0.0014 0.0899 -0.9959
vn -0.0010 0.0892 -0.9960
vn -0.0011 0.0908 -0.9959
vn 0.0009 0.0911 -0.9958
vn 0.0001 0.9797 0.2003
vn -0.0011 0.9798 0.1999
vn 0.0014 0.9800 0.1990
vn -0.0013 0.9801 0.1987
vn -0.7632 -0.5968 -0.2479
vn -0.7619 -0.5986 -0.2475
vn -0.7640 -0.5973 -0.2440
vn -0.7645 -0.5952 -0.2475
vn -0.5105 0.4015 0.7604
vn -0.5128 0.4018 0.7587
vn -0.5141 0.4010 0.7582
vn -0.5133 0.3978 0.7605
vn -0.7631 0.5969 0.2480
vn -0.7617 0.5987 0.2478
vn -0.7639 0.5974 0.2441
vn -0.7643 0.5954 0.2477
vn -0.5106 -0.4012 -0.7605
vn -0.5131 -0.4015 -0.7586
vn -0.5142 -0.4008 -0.7583
vn -0.5135 -0.3975 -0.7604
vn -0.0013 0.9974 -0.0722
vn 0.0206 0.9987 -0.0460
vn 0.0296 0.9950 -0.0952
vn -0.0024 0.9971 -0.0766
vn 0.0170 -0.1463 -0.9891
vn -0.0022 -0.1181 -0.9930
vn -0.0030 -0.1138 -0.9935
vn 0.0305 -0.0981 -0.9947
vn 0.7385 0.6221 0.2601
vn 0.7618 0.5972 0.2510
vn 0.7627 0.5966 0.2500
vn 0.7615 0.6108 0.2168
vn 0.5111 -0.4020 -0.7597
vn 0.4816 -0.4060 -0.7767
vn 0.5152 -0.3690 -0.7736
vn 0.5128 -0.4021 -0.7585
vn -0.0001 -0.0891 0.9960
vn -0.0009 -0.0896 0.9960
vn 0.0012 -0.0906 0.9959
vn 0.0002 -0.9798 -0.2002
vn 0.0010 -0.9798 -0.1998
vn 0.0011 -0.9801 -0.1985
vn 0.9463 0.0280 -0.3221
vn 0.9453 0.0272 -0.3250
vn 0.9455 0.0273 -0.3244
vn 0.9450 0.0298 -0.3256
vn -0.5183 -0.0142 -0.8551
vn -0.5208 -0.0129 -0.8536
vn -0.5174 -0.0117 -0.8557
vn -0.5188 -0.0139 -0.8548
vn 0.3589 -0.8466 0.3931
vn 0.3578 -0.8470 0.3933
vn 0.3590 -0.8472 0.3916
vn 0.3593 -0.8462 0.3935
vn -0.8266 -0.3370 -0.4507
vn -0.8275 -0.3370 -0.4490
vn -0.8278 -0.3364 -0.4490
vn -0.8281 -0.3350 -0.4495
vn -0.0172 0.0011 0.9999
vn -0.0289 -0.0030 0.9996
vn -0.0161 -0.0129 0.9998
vn -0.0158 -0.0011 0.9999
vn -0.9842 -0.0594 -0.1669
vn -0.9834 -0.0521 -0.1739
vn -0.9835 -0.0501 -0.1740
vn -0.9811 -0.0594 -0.1841
vn 0.6392 0.6387 0.4284
vn 0.6404 0.6309 0.4381
vn 0.6386 0.6341 0.4361
vn 0.6473 0.6254 0.4358
vn -0.6396 0.6297 -0.4410
vn -0.6316 0.6411 -0.4361
vn -0.6320 0.6316 -0.4491
vn -0.6366 0.6326 -0.4411
vn -0.8648 -0.0578 0.4988
vn -0.8672 -0.0317 0.4969
vn -0.8713 -0.0380 0.4893
vn -0.8719 -0.0543 0.4867
vn -0.5013 -0.0211 -0.8650
vn -0.4933 -0.0156 -0.8697
vn -0.5084 -0.0408 -0.8601
vn -0.5092 -0.0144 -0.8605
vn -0.8556 0.1324 0.5004
vn -0.8549 0.1498 0.4967
vn -0.8607 0.1485 0.4869
vn -0.8609 0.1261 0.4930
vn -0.4884 0.0689 -0.8699
vn -0.5008 0.0688 -0.8628
vn -0.5071 0.0761 -0.8585
vn -0.4991 0.0936 -0.8615
vn 0.3544 0.5000 0.7902
vn 0.3556 0.5226 0.7749
vn 0.3437 0.5196 0.7823
vn 0.3382 0.5189 0.7851
vn -0.1451 0.6059 -0.7822
vn -0.1546 0.6008 -0.7843
vn -0.1486 0.6093 -0.7789
vn -0.1426 0.5922 -0.7931
vn 0.9618 -0.1595 0.2227
vn 0.9612 -0.1587 0.2256
vn 0.9644 -0.1486 0.2188
vn 0.9596 -0.1506 0.2376
vn 0.2277 -0.0336 -0.9732
vn 0.2464 -0.0339 -0.9686
vn 0.2391 -0.0454 -0.9699
vn 0.2331 -0.0440 -0.9715
vn 0.9405 0.0421 0.3372
vn 0.9451 0.0339 0.3250
vn 0.9467 0.0414 0.3194
vn 0.9424 0.0521 0.3304
vn 0.3127 0.0209 -0.9496
vn 0.3187 0.0209 -0.9476
vn 0.3258 0.0102 -0.9454
vn 0.3128 0.0031 -0.9498
vn 0.1439 -0.6188 0.7723
vn 0.1549 -0.6092 0.7777
vn 0.1329 -0.6228 0.7710
vn 0.1606 -0.6211 0.7671
vn -0.3478 -0.5745 -0.7409
vn -0.3208 -0.5845 -0.7453
vn -0.3265 -0.5888 -0.7394
vn -0.3424 -0.5864 -0.7341
vn -0.8405 0.2278 0.4916
vn -0.8413 0.2282 0.4900
vn -0.8421 0.2279 0.4887
vn -0.8424 0.2246 0.4897
vn -0.4936 -0.1342 -0.8593
vn -0.4938 -0.1363 -0.8588
vn -0.4963 -0.1356 -0.8575
vn -0.4948 -0.1327 -0.8588
vn -0.0002 0.8902 0.4555
vn 0.0002 0.8902 0.4556
vn 0.0012 0.8910 0.4541
vn -0.0012 0.8910 0.4541
vn 0.0010 0.3492 -0.9371
vn -0.0010 0.3492 -0.9370
vn -0.0010 0.3506 -0.9365
vn 0.0011 0.3506 -0.9365
vn 0.8413 0.2282 0.4900
vn 0.8414 0.2252 0.4912
vn 0.8429 0.2250 0.4888
vn 0.8421 0.2279 0.4887
vn 0.4926 -0.1342 -0.8599
vn 0.4936 -0.1342 -0.8593
vn 0.4949 -0.1327 -0.8588
vn 0.4955 -0.1362 -0.8579
vn -0.0000 -0.5465 0.8375
vn -0.0022 -0.5475 0.8368
vn -0.0018 -0.5501 0.8351
vn 0.0024 -0.5491 0.8357
vn 0.0006 -0.7451 -0.6670
vn 0.0021 -0.7458 -0.6662
vn 0.0021 -0.7476 -0.6642
vn -0.0025 -0.7470 -0.6648
vn 0.8405 -0.2278 0.4917
vn 0.8413 -0.2266 0.4907
vn 0.8416 -0.2283 0.4894
vn 0.8424 -0.2247 0.4898
vn 0.4946 0.1327 -0.8589
vn 0.4939 0.1363 -0.8588
vn 0.4963 0.1355 -0.8575
vn 0.4956 0.1331 -0.8583
vn 0.0012 -0.8908 0.4544
vn -0.0003 -0.8902 0.4556
vn -0.0012 -0.8910 0.4540
vn 0.0005 -0.8913 0.4534
vn -0.0010 -0.3492 -0.9371
vn -0.0008 -0.3491 -0.9371
vn 0.0012 -0.3499 -0.9368
vn -0.0011 -0.3506 -0.9365
vn -0.8413 -0.2282 0.4900
vn -0.8414 -0.2252 0.4913
vn -0.8429 -0.2249 0.4888
vn -0.8421 -0.2279 0.4887
vn -0.4925 0.1342 -0.8599
vn -0.4936 0.1342 -0.8593
vn -0.4949 0.1327 -0.8588
vn -0.4955 0.1362 -0.8579
vn -0.0000 0.5465 0.8375
vn 0.0022 0.5476 0.8368
vn 0.0017 0.5501 0.8351
vn -0.0025 0.5492 0.8357
vn -0.0006 0.7451 -0.6669
vn -0.0021 0.7458 -0.6662
vn -0.0022 0.7476 -0.6641
vn 0.0025 0.7470 -0.6648
vn -0.0000 -0.5465 0.8374
vn 0.0024 -0.5492 0.8357
vn -0.8405 0.2278 0.4917
vn -0.8413 0.2281 0.4900
vn -0.8421 0.2279 0.4888
vn -0.4937 -0.1342 -0.8592
vn -0.4949 -0.1328 -0.8588
vn -0.0002 0.8903 0.4554
vn 0.0007 0.8903 0.4553
vn 0.0010 0.8911 0.4538
vn -0.0011 0.8910 0.4540
vn 0.0005 0.3489 -0.9371
vn -0.0009 0.3492 -0.9370
vn 0.0011 0.3504 -0.9366
vn 0.8412 0.2278 0.4904
vn 0.8414 0.2253 0.4913
vn 0.8429 0.2250 0.4889
vn 0.8420 0.2280 0.4889
vn 0.4938 -0.1337 -0.8593
vn 0.4951 -0.1328 -0.8586
vn -0.0029 -0.5485 -0.8362
vn -0.0000 -0.5461 -0.8377
vn 0.0027 -0.5491 -0.8358
vn -0.0014 -0.5506 -0.8348
vn 0.0023 -0.7456 0.6664
vn 0.0021 -0.7454 0.6666
vn -0.0029 -0.7467 0.6652
vn 0.0024 -0.7477 0.6641
vn 0.8414 0.2250 -0.4913
vn 0.8414 0.2281 -0.4900
vn 0.8422 0.2279 -0.4886
vn 0.8431 0.2247 -0.4886
vn 0.4935 -0.1341 0.8593
vn 0.4921 -0.1343 0.8601
vn 0.4955 -0.1366 0.8578
vn 0.4948 -0.1328 0.8588
vn 0.0003 0.8902 -0.4555
vn -0.0009 0.8903 -0.4554
vn -0.0011 0.8912 -0.4537
vn 0.0012 0.8910 -0.4540
vn -0.0005 0.3486 0.9373
vn 0.0009 0.3490 0.9371
vn 0.0010 0.3504 0.9366
vn -0.0013 0.3503 0.9366
vn -0.8412 0.2278 -0.4904
vn -0.8405 0.2292 -0.4909
vn -0.8423 0.2243 -0.4901
vn -0.8421 0.2282 -0.4887
vn -0.4949 -0.1368 0.8581
vn -0.4935 -0.1335 0.8595
vn -0.4950 -0.1327 0.8587
vn -0.4967 -0.1353 0.8573
vn -0.7618 0.5977 0.2499
vn -0.7493 0.6220 0.2275
vn -0.7748 0.5942 0.2158
vn -0.7631 0.5962 0.2496
vn -0.5106 -0.4035 -0.7593
vn -0.5118 -0.4028 -0.7589
vn -0.0006 0.9973 -0.0729
vn 0.0028 0.9971 -0.0765
vn -0.0359 0.9964 -0.0762
vn 0.0034 -0.1179 -0.9930
vn -0.0352 -0.1174 -0.9925
vn -0.0177 -0.0869 -0.9961
vn 0.0024 -0.1146 -0.9934
vn 0.7622 0.5988 0.2459
vn 0.7633 0.5964 0.2484
vn 0.7644 0.5953 0.2476
vn 0.7646 0.5965 0.2441
vn 0.5127 -0.4014 -0.7590
vn 0.5112 -0.4027 -0.7593
vn 0.5126 -0.3979 -0.7608
vn 0.0005 -0.0892 0.9960
vn -0.0010 -0.0910 0.9958
vn 0.0011 -0.0908 0.9959
vn 0.0004 -0.9797 -0.2002
vn 0.0012 -0.9801 -0.1987
vn 0.7620 -0.5969 0.2511
vn 0.7394 -0.6162 0.2711
vn 0.7564 -0.6160 0.2201
vn 0.7623 -0.5969 0.2502
vn 0.4853 0.3937 -0.7807
vn 0.5116 0.4009 -0.7599
vn 0.5131 0.4019 -0.7584
vn 0.5212 0.3682 -0.7699
vn 0.0292 -0.9981 -0.0546
vn -0.0026 -0.9973 -0.0737
vn -0.0016 -0.9970 -0.0777
vn 0.0247 -0.9946 -0.1011
vn -0.0001 0.1184 -0.9930
vn 0.0046 0.1503 -0.9886
vn 0.0332 0.1037 -0.9940
vn -0.0034 0.1145 -0.9934
vn -0.7620 -0.5976 0.2494
vn -0.7631 -0.5969 0.2480
vn -0.7644 -0.5953 0.2476
vn -0.7632 -0.5982 0.2445
vn -0.5130 0.4017 -0.7586
vn -0.5112 0.3993 -0.7611
vn -0.5144 0.3976 -0.7598
vn -0.5142 0.4009 -0.7582
vn -0.0010 0.0895 0.9960
vn -0.0008 0.0893 0.9960
vn 0.0012 0.0903 0.9959
vn -0.0011 0.0910 0.9958
vn 0.0012 0.9800 -0.1990
vn 0.0002 0.9797 -0.2003
vn -0.0013 0.9800 -0.1988
vn 0.0010 0.9801 -0.1983
vn 0.7631 -0.5969 0.2480
vn 0.7620 -0.5976 0.2495
vn 0.7631 -0.5982 0.2446
vn 0.7644 -0.5953 0.2477
vn 0.5112 0.3993 -0.7611
vn 0.5130 0.4016 -0.7586
vn 0.5142 0.4008 -0.7582
vn 0.5144 0.3975 -0.7598
vn 0.0026 -0.9973 -0.0738
vn -0.0097 -0.9991 -0.0410
vn -0.0332 -0.9955 -0.0888
vn 0.0016 -0.9970 -0.0777
vn -0.0272 0.1384 -0.9900
vn 0.0002 0.1192 -0.9929
vn 0.0035 0.1152 -0.9933
vn -0.0268 0.0933 -0.9953
vn -0.7402 -0.6251 0.2478
vn -0.7616 -0.5979 0.2501
vn -0.7628 -0.5964 0.2499
vn -0.7666 -0.6051 0.2148
vn -0.5114 0.4029 -0.7591
vn -0.4817 0.4177 -0.7704
vn -0.5089 0.3708 -0.7768
vn -0.5124 0.4022 -0.7587
vn -0.0009 0.0896 0.9960
vn 0.0010 0.0895 0.9960
vn 0.0010 0.0910 0.9958
vn -0.0009 0.0910 0.9959
vn -0.0002 0.9797 -0.2002
vn 0.0002 0.9798 -0.2002
vn -0.0011 0.9800 -0.1988
vn 0.0012 0.9800 -0.1988
vn 0.1185 -0.5099 -0.8520
vn 0.1190 -0.5087 -0.8527
vn 0.1161 -0.5110 -0.8517
vn 0.1179 -0.5072 -0.8537
vn 0.3856 0.8555 -0.3456
vn 0.3863 0.8570 -0.3412
vn 0.3881 0.8554 -0.3430
vn 0.3879 0.8551 -0.3441
vn -0.8540 -0.5203 -0.0006
vn -0.8540 -0.5203 0.0006
vn -0.8534 -0.5213 -0.0020
vn -0.8534 -0.5212 0.0021
vn -0.1607 0.9870 -0.0019
vn -0.1607 0.9870 0.0020
vn -0.1572 0.9876 0.0005
vn -0.1572 0.9876 -0.0005
vn 0.1196 -0.5087 0.8526
vn 0.1192 -0.5099 0.8519
vn 0.1186 -0.5073 0.8536
vn 0.1168 -0.5109 0.8516
vn 0.3863 0.8574 0.3401
vn 0.3857 0.8559 0.3444
vn 0.3879 0.8555 0.3429
vn 0.3882 0.8558 0.3419
vn -0.1157 -0.3595 0.9259
vn -0.1123 -0.3585 0.9268
vn -0.1139 -0.3557 0.9276
vn -0.1166 -0.3567 0.9269
vn 0.2842 0.8869 0.3641
vn 0.2815 0.8871 0.3659
vn 0.2833 0.8855 0.3683
vn 0.2858 0.8856 0.3662
vn -0.4086 -0.3805 0.8296
vn -0.4059 -0.3786 0.8318
vn -0.4080 -0.3765 0.8317
vn -0.4103 -0.3779 0.8300
vn 0.1790 0.9261 0.3320
vn 0.1782 0.9259 0.3331
vn 0.1796 0.9246 0.3359
vn 0.1825 0.9248 0.3337
vn 0.5588 -0.6753 0.4813
vn 0.5585 -0.6754 0.4815
vn 0.5608 -0.6732 0.4819
vn 0.5573 -0.6741 0.4847
vn 0.5150 0.8436 0.1519
vn 0.5151 0.8428 0.1561
vn 0.5171 0.8417 0.1555
vn 0.5176 0.8419 0.1528
vn 0.5585 -0.6754 -0.4815
vn 0.5589 -0.6752 -0.4814
vn 0.5574 -0.6741 -0.4847
vn 0.5609 -0.6732 -0.4819
vn 0.5151 0.8428 -0.1561
vn 0.5150 0.8436 -0.1519
vn 0.5176 0.8418 -0.1528
vn 0.5171 0.8417 -0.1555
vn -0.4054 -0.3785 -0.8321
vn -0.4079 -0.3804 -0.8300
vn -0.4096 -0.3778 -0.8304
vn -0.4074 -0.3766 -0.8320
vn 0.1785 0.9258 -0.3332
vn 0.1793 0.9260 -0.3322
vn 0.1827 0.9248 -0.3338
vn 0.1799 0.9245 -0.3360
vn -0.1126 -0.3594 -0.9264
vn -0.1160 -0.3604 -0.9255
vn -0.1169 -0.3577 -0.9265
vn -0.1142 -0.3567 -0.9272
vn 0.2813 0.8867 -0.3670
vn 0.2841 0.8865 -0.3652
vn 0.2856 0.8852 -0.3673
vn 0.2831 0.8851 -0.3694
vn 0.8454 -0.2261 -0.4839
vn 0.8458 -0.2262 -0.4831
vn 0.8450 -0.2276 -0.4840
vn 0.8452 -0.2262 -0.4842
vn -0.4965 0.1319 -0.8579
vn -0.4966 0.1327 -0.8578
vn -0.4961 0.1334 -0.8580
vn -0.4956 0.1321 -0.8584
vn 0.3944 -0.8905 0.2268
vn 0.3938 -0.8903 0.2288
vn 0.3926 -0.8910 0.2279
vn 0.3933 -0.8910 0.2268
vn -0.8112 -0.3493 -0.4690
vn -0.8114 -0.3497 -0.4683
vn -0.8103 -0.3505 -0.4696
vn -0.8114 -0.3508 -0.4676
vn 0.0040 -0.2278 0.9737
vn 0.0044 -0.2258 0.9742
vn 0.0023 -0.2287 0.9735
vn -0.9912 0.1322 -0.0023
vn -0.9913 0.1320 -0.0008
vn 0.7250 0.5469 0.4188
vn 0.7239 0.5486 0.4184
vn 0.7241 0.5489 0.4176
vn -0.5761 0.7464 -0.3333
vn -0.5782 0.7454 -0.3316
vn -0.5759 0.7466 -0.3330
vn 0.7240 -0.5490 0.4177
vn 0.7221 -0.5505 0.4190
vn 0.7238 -0.5492 0.4178
vn -0.5777 -0.7447 -0.3342
vn -0.5766 -0.7463 -0.3327
vn -0.5762 -0.7464 -0.3330
vn -0.5773 -0.7467 -0.3304
vn 0.0053 0.2283 0.9736
vn 0.0034 0.2287 0.9735
vn 0.0019 0.2284 0.9736
vn 0.0026 0.2251 0.9743
vn -0.9911 -0.1333 -0.0025
vn -0.9908 -0.1355 -0.0022
vn -0.9909 -0.1347 0.0007
vn -0.9913 -0.1318 -0.0012
vn 0.3947 0.8900 0.2283
vn 0.3945 0.8905 0.2267
vn 0.3933 0.8910 0.2267
vn 0.3929 0.8908 0.2284
vn -0.8115 0.3496 -0.4682
vn -0.8117 0.3498 -0.4678
vn -0.8112 0.3512 -0.4676
vn -0.8104 0.3505 -0.4695
vn 0.8458 0.2262 -0.4831
vn 0.8453 0.2268 -0.4838
vn 0.8449 0.2276 -0.4840
vn -0.4962 -0.1332 -0.8579
vn -0.4966 -0.1319 -0.8579
vn -0.4957 -0.1321 -0.8584
vn -0.4960 -0.1331 -0.8581
vn -0.6150 0.7885 0.0002
vn -0.6150 0.7885 -0.0002
vn -0.6140 0.7893 0.0013
vn -0.6140 0.7893 -0.0013
vn 0.9840 0.1784 0.0013
vn 0.9840 0.1784 -0.0013
vn 0.9838 0.1791 -0.0011
vn 0.9838 0.1791 0.0011
vn -0.3045 0.1136 0.9457
vn -0.3051 0.1120 0.9457
vn -0.3049 0.1120 0.9458
vn -0.3039 0.1131 0.9460
vn 0.8882 -0.3269 0.3228
vn 0.8882 -0.3278 0.3220
vn 0.8885 -0.3258 0.3231
vn 0.8880 -0.3273 0.3231
vn -0.9738 -0.2274 -0.0001
vn -0.9738 -0.2274 0.0001
vn -0.9737 -0.2277 -0.0003
vn -0.9737 -0.2277 0.0003
vn 0.6383 -0.7698 -0.0003
vn 0.6383 -0.7698 0.0003
vn 0.6381 -0.7700 0.0003
vn 0.6381 -0.7700 -0.0003
vn -0.3051 0.1120 -0.9457
vn -0.3045 0.1136 -0.9457
vn -0.3039 0.1131 -0.9459
vn -0.3049 0.1120 -0.9458
vn 0.8882 -0.3278 -0.3220
vn 0.8882 -0.3269 -0.3229
vn 0.8879 -0.3273 -0.3231
vn 0.8885 -0.3258 -0.3231
vn 0.5985 -0.5972 -0.5339
vn 0.6051 -0.6184 -0.5015
vn 0.5661 -0.6176 -0.5459
vn 0.5981 -0.5971 -0.5345
vn -0.4365 0.3930 -0.8093
vn -0.4018 0.4006 -0.8234
vn -0.4003 0.4013 -0.8239
vn -0.4066 0.3644 -0.8378
vn -0.0291 -0.9981 -0.0536
vn -0.0637 -0.9974 -0.0347
vn -0.0678 -0.9970 -0.0366
vn -0.0757 -0.9943 -0.0754
vn -0.8603 0.1181 -0.4959
vn -0.8525 0.1536 -0.4997
vn -0.8422 0.1022 -0.5295
vn -0.8616 0.1137 -0.4947
vn -0.1660 -0.5983 0.7839
vn -0.1672 -0.5958 0.7855
vn -0.1684 -0.5953 0.7857
vn -0.1707 -0.5975 0.7835
vn -0.9138 0.4012 0.0638
vn -0.9141 0.4008 0.0615
vn -0.9152 0.3977 0.0646
vn -0.9136 0.4013 0.0656
vn 0.8624 0.0894 0.4983
vn 0.8621 0.0897 0.4987
vn 0.8617 0.0908 0.4992
vn -0.1721 0.9799 -0.1005
vn -0.1735 0.9798 -0.0993
vn -0.1725 0.9801 -0.0985
vn -0.1716 0.9801 -0.1000
vn -0.9912 -0.1327 -0.0026
vn -0.9913 -0.1319 -0.0010
vn 0.3943 0.8901 0.2287
vn 0.3948 0.8901 0.2276
vn 0.3938 0.8908 0.2266
vn -0.8109 0.3496 -0.4693
vn -0.8115 0.3494 -0.4685
vn -0.8113 0.3510 -0.4676
vn -0.8102 0.3509 -0.4694
vn 0.8455 0.2273 -0.4832
vn 0.8448 0.2274 -0.4844
vn -0.4971 -0.1327 -0.8575
vn -0.4961 -0.1319 -0.8582
vn -0.8454 0.2265 -0.4838
vn -0.8455 0.2272 -0.4833
vn -0.8448 0.2273 -0.4844
vn -0.8452 0.2263 -0.4841
vn 0.4971 -0.1328 -0.8575
vn 0.4965 -0.1331 -0.8578
vn 0.4961 -0.1332 -0.8580
vn 0.4961 -0.1320 -0.8581
vn -0.3947 0.8902 0.2276
vn -0.3938 0.8902 0.2288
vn -0.3927 0.8910 0.2279
vn -0.3939 0.8908 0.2267
vn 0.8113 0.3493 -0.4688
vn 0.8109 0.3497 -0.4692
vn 0.8104 0.3509 -0.4692
vn 0.8114 0.3508 -0.4675
vn -0.0041 0.2279 0.9737
vn -0.0046 0.2257 0.9742
vn -0.0016 0.2254 0.9743
vn -0.0024 0.2287 0.9735
vn 0.9911 -0.1333 -0.0038
vn 0.9912 -0.1322 -0.0022
vn 0.9913 -0.1319 -0.0007
vn 0.9908 -0.1353 -0.0002
vn -0.7251 -0.5468 0.4187
vn -0.7240 -0.5488 0.4179
vn -0.7239 -0.5491 0.4177
vn -0.7223 -0.5495 0.4199
vn 0.5765 -0.7462 -0.3330
vn 0.5784 -0.7454 -0.3315
vn 0.5766 -0.7473 -0.3304
vn 0.5762 -0.7464 -0.3330
vn 0.8457 -0.2263 -0.4833
vn 0.8450 -0.2275 -0.4840
vn 0.8452 -0.2264 -0.4842
vn -0.4966 0.1321 -0.8579
vn -0.4965 0.1328 -0.8578
vn -0.4962 0.1332 -0.8579
vn -0.4958 0.1322 -0.8583
vn 0.3938 -0.8903 0.2286
vn 0.3928 -0.8909 0.2278
vn 0.3934 -0.8909 0.2269
vn -0.8112 -0.3495 -0.4688
vn -0.8114 -0.3498 -0.4683
vn -0.8105 -0.3505 -0.4694
vn 0.0046 -0.2257 0.9742
vn 0.0016 -0.2254 0.9743
vn 0.0024 -0.2286 0.9735
vn -0.9912 0.1323 -0.0021
vn -0.9912 0.1321 -0.0008
vn -0.9908 0.1353 -0.0002
vn 0.7251 0.5468 0.4187
vn 0.7239 0.5487 0.4181
vn 0.7240 0.5490 0.4177
vn -0.5762 0.7464 -0.3330
vn -0.5784 0.7454 -0.3315
vn -0.5766 0.7473 -0.3304
vn -0.5761 0.7465 -0.3329
vn -0.3947 0.8900 -0.2284
vn -0.3951 0.8902 -0.2270
vn -0.3940 0.8909 -0.2262
vn -0.3929 0.8909 -0.2280
vn 0.8121 0.3493 0.4675
vn 0.8118 0.3510 0.4667
vn 0.8107 0.3508 0.4687
vn -0.8452 0.2270 0.4838
vn -0.8451 0.2263 0.4843
vn -0.8449 0.2260 0.4849
vn -0.8444 0.2274 0.4851
vn 0.4972 -0.1334 0.8573
vn 0.4967 -0.1321 0.8578
vn 0.4966 -0.1335 0.8576
vn -0.7245 -0.5486 -0.4173
vn -0.7255 -0.5465 -0.4182
vn -0.7225 -0.5495 -0.4196
vn -0.7243 -0.5491 -0.4170
vn 0.5789 -0.7453 0.3309
vn 0.5768 -0.7461 0.3327
vn 0.5763 -0.7465 0.3327
vn 0.5769 -0.7473 0.3297
vn -0.0053 0.2256 -0.9742
vn -0.0045 0.2286 -0.9735
vn -0.0026 0.2288 -0.9735
vn -0.0021 0.2253 -0.9743
vn 0.9912 -0.1326 0.0021
vn 0.9911 -0.1332 0.0036
vn 0.9908 -0.1355 -0.0005
vn 0.9913 -0.1315 0.0004
vn 0.8453 -0.2275 -0.4835
vn 0.8448 -0.2272 -0.4845
vn -0.4970 0.1332 -0.8575
vn -0.4963 0.1320 -0.8581
vn 0.3946 -0.8901 0.2280
vn 0.3947 -0.8901 0.2277
vn 0.3933 -0.8906 0.2285
vn 0.3940 -0.8907 0.2267
vn -0.8114 -0.3504 -0.4678
vn -0.8106 -0.3500 -0.4695
vn -0.8103 -0.3510 -0.4693
vn -0.8110 -0.3512 -0.4680
vn 0.0026 -0.2286 0.9735
vn 0.0018 -0.2281 0.9736
vn -0.9910 0.1338 -0.0022
vn -0.9912 0.1320 -0.0016
vn -0.9150 0.3389 -0.2188
vn -0.9244 0.3190 -0.2090
vn -0.9237 0.3290 -0.1965
vn -0.9154 0.3412 -0.2136
vn -0.2092 0.0954 0.9732
vn -0.2239 0.0849 0.9709
vn -0.2293 0.0849 0.9696
vn -0.2252 0.0612 0.9724
vn -0.2564 -0.5370 -0.8037
vn -0.2708 -0.5458 -0.7929
vn -0.2664 -0.5489 -0.7923
vn -0.2896 -0.5411 -0.7895
vn 0.2048 -0.7017 0.6824
vn 0.1805 -0.7054 0.6854
vn 0.1858 -0.7143 0.6747
vn 0.2030 -0.7037 0.6809
vn 0.7178 -0.2686 -0.6424
vn 0.7169 -0.2682 -0.6435
vn 0.7175 -0.2628 -0.6451
vn 0.7200 -0.2680 -0.6402
vn 0.6168 -0.2244 0.7545
vn 0.6115 -0.2230 0.7591
vn 0.6123 -0.2285 0.7569
vn 0.6133 -0.2287 0.7560
vn 0.6983 -0.3453 -0.6270
vn 0.6744 -0.3524 -0.6488
vn 0.7113 -0.3164 -0.6276
vn 0.6996 -0.3399 -0.6286
vn 0.5797 -0.2558 0.7736
vn 0.5756 -0.2808 0.7680
vn 0.5720 -0.2850 0.7691
vn 0.5997 -0.2716 0.7527
vn -0.1629 0.7025 -0.6928
vn -0.1921 0.7072 -0.6804
vn -0.1947 0.7144 -0.6721
vn -0.1642 0.7264 -0.6674
vn 0.2919 0.5168 0.8048
vn 0.2828 0.5008 0.8181
vn 0.3266 0.5202 0.7891
vn 0.2914 0.5244 0.8001
vn -0.8721 0.4383 -0.2174
vn -0.8772 0.4294 -0.2151
vn -0.8771 0.4319 -0.2100
vn -0.8740 0.4388 -0.2085
vn -0.2193 0.0998 0.9705
vn -0.2146 0.1002 0.9715
vn -0.2208 0.1100 0.9691
vn -0.2250 0.0998 0.9692
vn 0.0612 -0.9981 -0.0022
vn 0.0642 -0.9972 -0.0370
vn 0.0650 -0.9972 -0.0383
vn 0.0997 -0.9946 -0.0288
vn 0.8592 0.1158 -0.4984
vn 0.8770 0.1034 -0.4692
vn 0.8594 0.1146 -0.4984
vn -0.5957 -0.5972 -0.5371
vn -0.5966 -0.5966 -0.5367
vn -0.5966 -0.5957 -0.5378
vn -0.5954 -0.5967 -0.5381
vn 0.4006 0.4010 -0.8238
vn 0.4010 0.4007 -0.8238
vn 0.4009 0.3994 -0.8245
vn 0.3996 0.4006 -0.8245
vn -0.8625 0.0896 0.4980
vn -0.8620 0.0893 0.4989
vn -0.8616 0.0909 0.4994
vn -0.8626 0.0908 0.4977
vn 0.1736 0.9797 -0.0999
vn 0.1731 0.9798 -0.1003
vn 0.1717 0.9800 -0.1003
vn 0.1726 0.9801 -0.0984
vn 0.1632 -0.5977 0.7849
vn 0.1358 -0.6164 0.7756
vn 0.1644 -0.5966 0.7855
vn 0.9133 0.4023 0.0633
vn 0.9134 0.4018 0.0651
vn 0.9273 0.3685 0.0657
vn -0.8455 0.2264 -0.4836
vn -0.8455 0.2273 -0.4832
vn -0.8447 0.2274 -0.4845
vn -0.8452 0.2261 -0.4842
vn 0.4972 -0.1327 -0.8574
vn 0.4966 -0.1332 -0.8577
vn 0.4960 -0.1333 -0.8580
vn 0.4961 -0.1319 -0.8582
vn -0.3949 0.8901 0.2275
vn -0.3938 0.8903 0.2288
vn -0.3927 0.8910 0.2278
vn -0.3939 0.8908 0.2265
vn 0.8109 0.3496 -0.4692
vn 0.8103 0.3510 -0.4693
vn -0.0041 0.2278 0.9737
vn -0.0045 0.2257 0.9742
vn -0.0017 0.2255 0.9743
vn -0.7250 -0.5468 0.4187
vn -0.7242 -0.5486 0.4178
vn -0.7239 -0.5492 0.4175
vn 0.5766 -0.7461 -0.3331
vn 0.5783 -0.7454 -0.3315
vn 0.5760 -0.7465 -0.3331
vn -0.3949 0.8902 -0.2271
vn -0.3940 0.8908 -0.2263
vn 0.8115 0.3496 0.4683
vn 0.8108 0.3508 0.4686
vn -0.8452 0.2269 0.4839
vn -0.8450 0.2264 0.4845
vn -0.8449 0.2262 0.4848
vn -0.8444 0.2273 0.4850
vn 0.4971 -0.1333 0.8574
vn 0.4977 -0.1328 0.8571
vn 0.4967 -0.1322 0.8578
vn 0.4967 -0.1333 0.8576
vn -0.7244 -0.5487 -0.4174
vn -0.7261 -0.5468 -0.4169
vn -0.7228 -0.5489 -0.4199
vn -0.7243 -0.5490 -0.4172
vn 0.5781 -0.7463 0.3299
vn 0.5768 -0.7462 0.3325
vn 0.5764 -0.7464 0.3326
vn 0.5765 -0.7476 0.3298
vn -0.0038 0.2249 -0.9744
vn -0.0016 0.2256 -0.9742
vn 0.9912 -0.1327 0.0021
vn 0.9913 -0.1316 0.0033
vn 0.9908 -0.1357 0.0001
vn 0.9913 -0.1316 0.0004
vn -0.1276 0.6010 -0.7890
vn -0.1617 0.5980 -0.7850
vn -0.1630 0.5973 -0.7853
vn -0.1756 0.6230 -0.7623
vn -0.9137 -0.4012 -0.0640
vn -0.9259 -0.3754 -0.0428
vn -0.9258 -0.3697 -0.0784
vn -0.9136 -0.4012 -0.0660
vn 0.8631 -0.0896 -0.4970
vn 0.8630 -0.0909 -0.4969
vn -0.1734 -0.9798 0.0999
vn -0.1725 -0.9801 0.0982
vn -0.1717 -0.9800 0.1003
vn 0.5962 0.5966 0.5373
vn 0.5953 0.5967 0.5381
vn 0.5952 0.5961 0.5388
vn 0.5964 0.5953 0.5384
vn -0.4011 -0.4013 0.8234
vn -0.4008 -0.4017 0.8234
vn -0.4000 -0.4011 0.8241
vn -0.4014 -0.4001 0.8239
vn -0.0654 0.9972 0.0371
vn -0.0833 0.9965 0.0067
vn -0.1012 0.9940 0.0427
vn -0.0656 0.9971 0.0383
vn -0.8479 -0.1464 0.5096
vn -0.8600 -0.1157 0.4971
vn -0.8602 -0.1150 0.4968
vn -0.8776 -0.1153 0.4654
vn 0.0399 -0.9991 -0.0127
vn 0.0645 -0.9972 -0.0371
vn 0.0650 -0.9972 -0.0380
vn 0.0931 -0.9955 -0.0154
vn 0.8593 0.1163 -0.4982
vn 0.8708 0.1378 -0.4719
vn 0.8748 0.0930 -0.4755
vn 0.8594 0.1155 -0.4981
vn -0.5959 -0.5969 -0.5372
vn -0.5968 -0.5965 -0.5367
vn -0.5968 -0.5955 -0.5378
vn -0.5957 -0.5965 -0.5379
vn 0.4007 0.4010 -0.8238
vn 0.4009 0.4005 -0.8239
vn 0.4008 0.3996 -0.8244
vn 0.3996 0.4005 -0.8245
vn -0.8626 0.0896 0.4978
vn -0.8627 0.0910 0.4975
vn 0.1735 0.9798 -0.0993
vn 0.1732 0.9798 -0.1003
vn 0.1645 -0.5969 0.7853
vn 0.1565 -0.6250 0.7648
vn 0.1976 -0.6046 0.7716
vn 0.1657 -0.5963 0.7855
vn 0.9077 0.4184 0.0322
vn 0.9133 0.4026 0.0621
vn 0.9131 0.4026 0.0640
vn 0.9271 0.3712 0.0518
vn -0.7240 0.5489 0.4178
vn -0.7221 0.5504 0.4190
vn -0.7238 0.5492 0.4178
vn 0.5765 0.7462 -0.3327
vn 0.5762 0.7464 -0.3331
vn 0.5772 0.7467 -0.3306
vn -0.0052 -0.2283 0.9736
vn -0.0038 -0.2283 0.9736
vn -0.0021 -0.2286 0.9735
vn 0.9912 0.1327 -0.0026
vn 0.9909 0.1346 0.0005
vn 0.9913 0.1319 -0.0010
vn -0.3942 -0.8901 0.2287
vn -0.3947 -0.8902 0.2276
vn -0.3938 -0.8908 0.2267
vn -0.3928 -0.8909 0.2282
vn 0.8109 -0.3497 -0.4693
vn 0.8115 -0.3494 -0.4685
vn 0.8113 -0.3509 -0.4676
vn 0.8103 -0.3509 -0.4694
vn -0.8453 -0.2268 -0.4838
vn -0.8453 -0.2263 -0.4839
vn -0.8448 -0.2273 -0.4844
vn 0.4970 0.1327 -0.8575
vn 0.4960 0.1330 -0.8581
vn 0.7168 -0.2690 0.6433
vn 0.7182 -0.2689 0.6418
vn 0.7205 -0.2674 0.6399
vn 0.7166 -0.2631 0.6459
vn 0.6122 -0.2224 -0.7588
vn 0.6174 -0.2253 -0.7537
vn 0.6128 -0.2294 -0.7562
vn 0.6117 -0.2283 -0.7574
vn -0.2723 -0.5457 0.7925
vn -0.2578 -0.5362 0.8037
vn -0.2905 -0.5420 0.7886
vn -0.2672 -0.5480 0.7927
vn 0.1810 -0.7050 -0.6858
vn 0.2052 -0.7026 -0.6814
vn 0.2027 -0.7043 -0.6803
vn 0.1855 -0.7139 -0.6752
vn -0.9244 0.3188 0.2095
vn -0.9148 0.3394 0.2189
vn -0.9154 0.3416 0.2128
vn -0.9240 0.3279 0.1968
vn -0.2231 0.0850 -0.9711
vn -0.2085 0.0946 -0.9734
vn -0.2263 0.0611 -0.9721
vn -0.2293 0.0855 -0.9696
vn -0.8773 0.4290 0.2153
vn -0.8719 0.4387 0.2178
vn -0.8739 0.4395 0.2078
vn -0.8775 0.4315 0.2093
vn -0.2137 0.1002 -0.9718
vn -0.2190 0.0991 -0.9707
vn -0.2254 0.0995 -0.9692
vn -0.2207 0.1106 -0.9691
vn -0.1932 0.7071 0.6802
vn -0.1638 0.7032 0.6919
vn -0.1653 0.7264 0.6671
vn -0.1956 0.7150 0.6712
vn 0.2835 0.5013 -0.8175
vn 0.2923 0.5159 -0.8052
vn 0.2914 0.5244 -0.8000
vn 0.3266 0.5199 -0.7894
vn 0.6749 -0.3526 0.6482
vn 0.6989 -0.3450 0.6265
vn 0.6995 -0.3389 0.6292
vn 0.7108 -0.3170 0.6279
vn 0.5766 -0.2803 -0.7675
vn 0.5802 -0.2567 -0.7730
vn 0.5993 -0.2722 -0.7528
vn 0.5719 -0.2843 -0.7695
vn -0.8453 0.2267 -0.4838
vn -0.8454 0.2275 -0.4832
vn -0.8447 0.2277 -0.4845
vn -0.8452 0.2265 -0.4841
vn 0.4972 -0.1329 -0.8574
vn 0.4964 -0.1332 -0.8578
vn 0.4961 -0.1333 -0.8580
vn 0.4961 -0.1320 -0.8582
vn -0.3948 0.8902 0.2275
vn -0.3938 0.8903 0.2287
vn -0.3938 0.8909 0.2265
vn 0.8110 0.3495 -0.4692
vn 0.8103 0.3509 -0.4694
vn 0.8114 0.3507 -0.4675
vn -0.0040 0.2278 0.9737
vn -0.0016 0.2255 0.9743
vn 0.9911 -0.1333 -0.0039
vn 0.9912 -0.1323 -0.0022
vn 0.9913 -0.1320 -0.0008
vn -0.7250 -0.5468 0.4188
vn -0.7240 -0.5487 0.4180
vn -0.7239 -0.5490 0.4178
vn -0.7223 -0.5495 0.4200
vn 0.5764 -0.7462 -0.3330
vn 0.5782 -0.7455 -0.3316
vn 0.5765 -0.7473 -0.3305
vn 0.5761 -0.7465 -0.3330
vn 0.5984 -0.5989 -0.5322
vn 0.5699 -0.6257 -0.5326
vn 0.5988 -0.5977 -0.5331
vn -0.4280 0.3723 -0.8236
vn -0.4003 0.4012 -0.8239
vn -0.3997 0.4006 -0.8245
vn -0.3940 0.3663 -0.8429
vn -0.0459 -0.9963 -0.0722
vn -0.0900 -0.9935 -0.0691
vn -0.8658 0.1492 -0.4776
vn -0.1678 -0.5969 0.7845
vn -0.1679 -0.5954 0.7857
vn -0.1713 -0.5966 0.7840
vn -0.9135 0.4014 0.0654
vn -0.9133 0.4026 0.0622
vn -0.9138 0.4008 0.0658
vn 0.8617 0.0903 0.4993
vn 0.8627 0.0899 0.4977
vn 0.8626 0.0910 0.4977
vn 0.8618 0.0912 0.4990
vn -0.1733 0.9798 -0.0998
vn -0.1725 0.9799 -0.1007
vn -0.1729 0.9800 -0.0987
vn -0.1718 0.9800 -0.1004
vn -0.8049 -0.5935 0.0022
vn -0.8049 -0.5935 -0.0021
vn -0.8037 -0.5951 -0.0004
vn -0.8036 -0.5952 0.0004
vn 0.8925 -0.4511 0.0017
vn 0.8925 -0.4510 -0.0018
vn 0.8919 -0.4521 0.0022
vn 0.8919 -0.4521 -0.0021
vn -0.3312 -0.0131 -0.9435
vn -0.3300 -0.0148 -0.9439
vn -0.3299 -0.0168 -0.9439
vn 0.9443 0.0423 -0.3263
vn 0.9444 0.0402 -0.3263
vn 0.9438 0.0412 -0.3280
vn -0.8600 0.5104 -0.0000
vn 0.8393 0.5437 -0.0000
vn -0.3299 -0.0148 0.9439
vn -0.3312 -0.0131 0.9435
vn -0.3298 -0.0169 0.9439
vn 0.9444 0.0401 0.3262
vn 0.9443 0.0423 0.3262
vn 0.9438 0.0412 0.3280
vn 0.8621 -0.0895 0.4988
vn 0.8618 -0.0897 0.4992
vn 0.8617 -0.0912 0.4991
vn 0.8628 -0.0905 0.4973
vn -0.1733 -0.9797 -0.1004
vn -0.1720 -0.9799 -0.1006
vn -0.1714 -0.9801 -0.1001
vn -0.1728 -0.9800 -0.0984
vn -0.1639 0.5980 0.7846
vn -0.1450 0.6222 0.7693
vn -0.1937 0.6103 0.7681
vn -0.1648 0.5964 0.7855
vn -0.9130 -0.4069 0.0285
vn -0.9131 -0.4028 0.0635
vn -0.9133 -0.4020 0.0647
vn -0.9275 -0.3693 0.0587
vn -0.0495 0.9988 -0.0055
vn -0.0645 0.9972 -0.0375
vn -0.0652 0.9972 -0.0379
vn -0.0970 0.9950 -0.0217
vn -0.8595 -0.1160 -0.4978
vn -0.8650 -0.1459 -0.4800
vn -0.8762 -0.0978 -0.4719
vn -0.8594 -0.1153 -0.4982
vn 0.5963 0.5967 -0.5371
vn 0.5970 0.5956 -0.5374
vn 0.5965 0.5955 -0.5381
vn 0.5957 0.5966 -0.5377
vn -0.4015 -0.4001 -0.8238
vn -0.4010 -0.4001 -0.8241
vn -0.4006 -0.3996 -0.8245
vn -0.3997 -0.4009 -0.8243
vn -0.8450 -0.2266 0.4844
vn -0.8446 -0.2278 0.4846
vn -0.8442 -0.2272 0.4855
vn -0.8448 -0.2265 0.4848
vn 0.4976 0.1340 0.8570
vn 0.4971 0.1334 0.8574
vn 0.4967 0.1335 0.8576
vn 0.4971 0.1322 0.8576
vn -0.3946 -0.8901 -0.2279
vn -0.3945 -0.8901 -0.2282
vn -0.3929 -0.8909 -0.2278
vn -0.3945 -0.8906 -0.2262
vn 0.8120 -0.3493 0.4676
vn 0.8109 -0.3502 0.4689
vn 0.8108 -0.3511 0.4684
vn 0.8118 -0.3508 0.4669
vn -0.0044 -0.2285 -0.9735
vn -0.0053 -0.2256 -0.9742
vn -0.0021 -0.2253 -0.9743
vn -0.0027 -0.2287 -0.9735
vn 0.9911 0.1332 0.0036
vn 0.9912 0.1327 0.0020
vn 0.9913 0.1317 0.0005
vn 0.9908 0.1354 -0.0005
vn -0.7255 0.5465 -0.4183
vn -0.7244 0.5486 -0.4175
vn -0.7242 0.5490 -0.4173
vn -0.7225 0.5495 -0.4197
vn 0.5767 0.7462 0.3326
vn 0.5787 0.7453 0.3310
vn 0.5768 0.7474 0.3298
vn 0.5763 0.7465 0.3326
vn 0.4016 -0.7850 -0.4717
vn 0.3839 -0.7758 -0.5007
vn 0.4072 -0.7640 -0.5006
vn 0.7654 0.5875 -0.2627
vn -0.7752 -0.4770 -0.4142
vn -0.7716 -0.4573 -0.4421
vn -0.7725 -0.4562 -0.4418
vn -0.7535 -0.4560 -0.4736
vn -0.3722 0.9023 -0.2174
vn -0.3535 0.9016 -0.2493
vn -0.3747 0.8923 -0.2519
vn -0.3731 0.9018 -0.2180
vn -0.7716 -0.4567 0.4428
vn -0.7719 -0.4556 0.4434
vn -0.3382 0.9130 0.2281
vn -0.3706 0.9028 0.2180
vn -0.3720 0.9023 0.2179
vn 0.3700 -0.7915 0.4865
vn 0.4015 -0.7842 0.4731
vn 0.7646 0.5885 0.2628
vn 0.7508 0.6146 0.2420
vn 0.0027 0.4609 0.8875
vn -0.0327 0.4584 0.8881
vn -0.0249 0.4368 0.8992
vn 0.0052 0.4573 0.8893
vn -0.0005 -0.9025 0.4306
vn -0.0012 -0.9009 0.4340
vn -0.0383 -0.9012 0.4317
vn -0.5835 0.8030 -0.1216
vn -0.6108 0.7837 -0.1132
vn -0.6113 0.7832 -0.1134
vn -0.6283 0.7735 -0.0828
vn -0.6079 -0.5896 -0.5317
vn -0.6346 -0.5801 -0.5107
vn -0.6081 -0.5890 -0.5323
vn 0.2080 0.7837 -0.5853
vn 0.1839 0.8049 -0.5643
vn 0.2464 0.7725 -0.5853
vn 0.2075 0.7834 -0.5859
vn -0.1167 -0.5991 -0.7921
vn -0.1560 -0.5895 -0.7926
vn -0.1558 -0.5890 -0.7930
vn -0.1207 -0.5791 -0.8062
vn 0.7870 0.4582 0.4131
vn 0.7662 0.4595 0.4493
vn 0.7683 0.4561 0.4491
vn 0.7931 0.4346 0.4268
vn 0.3732 -0.9032 0.2121
vn 0.3405 -0.9117 0.2298
vn 0.3947 -0.9011 0.1798
vn 0.3747 -0.9015 0.2166
vn -0.6105 0.7841 0.1121
vn -0.5877 0.8035 0.0948
vn -0.6328 0.7693 0.0875
vn -0.6107 0.7838 0.1128
vn -0.6039 -0.6157 0.5062
vn -0.6087 -0.5896 0.5309
vn -0.6092 -0.5891 0.5309
vn 0.0028 0.4602 -0.8878
vn 0.0052 0.4565 -0.8897
vn -0.0298 0.4422 -0.8964
vn -0.0005 -0.9029 -0.4299
vn 0.0002 -0.9172 -0.3985
vn -0.0375 -0.8983 -0.4377
vn -0.0010 -0.9012 -0.4334
vn 0.7677 0.4577 -0.4485
vn 0.7444 0.4787 -0.4655
vn 0.7891 0.4560 -0.4115
vn 0.7698 0.4541 -0.4485
vn 0.3951 -0.9012 -0.1780
vn 0.3729 -0.9034 -0.2115
vn 0.3746 -0.9017 -0.2158
vn 0.4090 -0.8911 -0.1967
vn 0.2456 0.7742 0.5834
vn 0.2078 0.7849 0.5837
vn 0.2079 0.7845 0.5843
vn 0.2325 0.7613 0.6053
vn -0.1551 -0.5881 0.7938
vn -0.1907 -0.5974 0.7790
vn -0.1174 -0.5973 0.7934
vn -0.1554 -0.5875 0.7942
vn -0.3839 -0.7758 -0.5007
vn -0.4013 -0.7853 -0.4714
vn -0.4021 -0.7849 -0.4714
vn -0.4072 -0.7639 -0.5006
vn -0.7654 0.5877 -0.2622
vn -0.7694 0.5967 -0.2280
vn -0.7480 0.5960 -0.2919
vn -0.7658 0.5871 -0.2625
vn -0.4023 -0.7839 0.4730
vn -0.3762 -0.8035 0.4614
vn -0.3917 -0.7692 0.5048
vn -0.4029 -0.7834 0.4732
vn -0.7403 0.6153 0.2708
vn -0.7640 0.5898 0.2617
vn -0.7645 0.5891 0.2618
vn -0.7546 0.5859 0.2956
vn 0.7483 -0.4787 0.4593
vn 0.7712 -0.4576 0.4426
vn 0.7715 -0.4565 0.4431
vn 0.7613 -0.4418 0.4746
vn 0.3709 0.9027 0.2182
vn 0.3455 0.9172 0.1985
vn 0.3598 0.8985 0.2515
vn 0.3722 0.9022 0.2180
vn 0.7716 -0.4573 -0.4421
vn 0.7752 -0.4770 -0.4142
vn 0.7535 -0.4560 -0.4736
vn 0.7725 -0.4562 -0.4418
vn 0.3535 0.9016 -0.2493
vn 0.3722 0.9023 -0.2174
vn 0.3731 0.9018 -0.2180
vn 0.3747 0.8923 -0.2519
vn -0.4012 0.7852 -0.4717
vn -0.3839 0.7759 -0.5007
vn -0.4072 0.7640 -0.5006
vn -0.4018 0.7851 -0.4714
vn -0.7694 -0.5967 -0.2280
vn -0.7656 -0.5874 -0.2623
vn -0.7657 -0.5871 -0.2627
vn -0.7480 -0.5960 -0.2919
vn 0.7752 0.4770 -0.4142
vn 0.7723 0.4565 -0.4418
vn 0.7723 0.4558 -0.4424
vn 0.7535 0.4560 -0.4736
vn 0.3715 -0.9024 -0.2182
vn 0.3535 -0.9016 -0.2493
vn 0.3747 -0.8923 -0.2519
vn 0.3726 -0.9021 -0.2176
vn 0.7709 0.4570 0.4436
vn 0.7581 0.4871 0.4336
vn 0.7566 0.4485 0.4757
vn 0.7717 0.4562 0.4431
vn 0.3381 -0.9131 0.2281
vn 0.3716 -0.9025 0.2178
vn 0.3720 -0.9021 0.2185
vn 0.3669 -0.8953 0.2525
vn -0.3699 0.7915 0.4865
vn -0.4016 0.7844 0.4727
vn -0.4019 0.7841 0.4730
vn -0.3992 0.7659 0.5040
vn -0.7644 -0.5889 0.2627
vn -0.7508 -0.6146 0.2420
vn -0.7506 -0.5914 0.2947
vn -0.7648 -0.5884 0.2624
vn -0.8453 0.2263 -0.4839
vn -0.8455 0.2273 -0.4831
vn -0.8447 0.2274 -0.4844
vn -0.8452 0.2264 -0.4841
vn 0.4964 -0.1328 -0.8579
vn -0.3948 0.8901 0.2276
vn -0.3938 0.8908 0.2265
vn 0.8112 0.3493 -0.4690
vn 0.8109 0.3496 -0.4694
vn 0.8102 0.3509 -0.4695
vn 0.8113 0.3507 -0.4677
vn -0.0044 0.2258 0.9742
vn -0.0016 0.2255 0.9742
vn -0.0023 0.2287 0.9735
vn 0.9912 -0.1323 -0.0023
vn 0.9912 -0.1320 -0.0008
vn 0.9908 -0.1353 -0.0003
vn -0.7250 -0.5469 0.4188
vn -0.7239 -0.5487 0.4182
vn -0.7239 -0.5489 0.4178
vn 0.5762 -0.7464 -0.3331
vn 0.5782 -0.7454 -0.3316
vn 0.5765 -0.7472 -0.3305
vn 0.6102 0.7842 -0.1121
vn 0.5873 0.8037 -0.0950
vn 0.6324 0.7696 -0.0877
vn 0.6103 0.7841 -0.1128
vn 0.6036 -0.6150 -0.5074
vn 0.6084 -0.5888 -0.5322
vn 0.6088 -0.5885 -0.5321
vn 0.6328 -0.5854 -0.5068
vn 0.0222 0.4790 0.8775
vn -0.0045 0.4591 0.8884
vn -0.0046 0.4551 0.8904
vn 0.0297 0.4418 0.8966
vn 0.0019 -0.9036 0.4284
vn -0.0003 -0.9173 0.3983
vn 0.0375 -0.8985 0.4374
vn 0.0004 -0.9017 0.4324
vn -0.7672 0.4587 0.4484
vn -0.7520 0.4901 0.4407
vn -0.7916 0.4477 0.4158
vn -0.3656 -0.9140 0.1759
vn -0.3715 -0.9036 0.2135
vn -0.4045 -0.8946 0.1901
vn -0.2387 0.7926 -0.5611
vn -0.2078 0.7850 -0.5836
vn -0.2080 0.7847 -0.5840
vn -0.2390 0.7645 -0.5987
vn 0.1550 -0.5883 -0.7937
vn 0.1675 -0.6166 -0.7693
vn 0.1168 -0.5911 -0.7981
vn 0.1555 -0.5878 -0.7939
vn -0.0029 0.4614 -0.8872
vn 0.0328 0.4589 -0.8879
vn 0.0250 0.4372 -0.8990
vn -0.0053 0.4576 -0.8891
vn -0.0250 -0.9110 -0.4117
vn 0.0005 -0.9025 -0.4308
vn 0.0010 -0.9007 -0.4344
vn 0.0383 -0.9011 -0.4320
vn 0.5838 0.8028 0.1215
vn 0.6113 0.7833 0.1132
vn 0.6117 0.7830 0.1132
vn 0.6287 0.7732 0.0827
vn 0.6086 -0.5903 0.5303
vn 0.6255 -0.5992 0.4998
vn 0.6351 -0.5808 0.5093
vn 0.6085 -0.5898 0.5308
vn -0.2081 0.7839 0.5850
vn -0.2116 0.8054 0.5537
vn -0.2437 0.7678 0.5926
vn -0.2076 0.7837 0.5854
vn 0.1347 -0.6182 0.7744
vn 0.1560 -0.5895 0.7926
vn 0.1557 -0.5892 0.7928
vn 0.1183 -0.5857 0.8018
vn -0.7715 0.4814 -0.4160
vn -0.7672 0.4586 -0.4484
vn -0.7694 0.4550 -0.4483
vn -0.7937 0.4404 -0.4196
vn -0.3726 -0.9036 -0.2113
vn -0.3418 -0.9186 -0.1982
vn -0.4000 -0.8980 -0.1834
vn -0.3743 -0.9019 -0.2158
vn -0.2076 -0.7837 -0.5854
vn -0.1840 -0.8048 -0.5643
vn -0.2462 -0.7725 -0.5853
vn -0.2075 -0.7833 -0.5860
vn 0.1169 0.5991 -0.7921
vn 0.1558 0.5898 -0.7924
vn 0.1560 0.5891 -0.7929
vn 0.1208 0.5792 -0.8062
vn -0.7869 -0.4582 0.4132
vn -0.7661 -0.4595 0.4493
vn -0.7683 -0.4560 0.4492
vn -0.7930 -0.4347 0.4269
vn -0.3731 0.9032 0.2121
vn -0.3406 0.9117 0.2297
vn -0.3946 0.9011 0.1799
vn -0.3747 0.9015 0.2166
vn -0.0027 -0.4590 0.8884
vn -0.0052 -0.4869 0.8734
vn 0.0329 -0.4486 0.8931
vn -0.0052 -0.4553 0.8903
vn 0.0287 0.9128 0.4073
vn 0.0004 0.9031 0.4294
vn 0.0011 0.9014 0.4329
vn 0.0348 0.8953 0.4441
vn 0.6063 -0.7914 -0.0776
vn 0.6092 -0.7851 -0.1117
vn 0.6096 -0.7847 -0.1124
vn 0.6355 -0.7663 -0.0947
vn 0.6090 0.5881 -0.5322
vn 0.5842 0.6137 -0.5311
vn 0.6301 0.5909 -0.5038
vn 0.6094 0.5875 -0.5324
vn -0.2454 -0.7742 0.5834
vn -0.2081 -0.7850 0.5835
vn -0.2077 -0.7846 0.5841
vn -0.2324 -0.7614 0.6052
vn 0.1554 0.5880 0.7938
vn 0.1905 0.5974 0.7790
vn 0.1176 0.5973 0.7934
vn 0.1554 0.5874 0.7943
vn 0.6111 -0.7835 0.1130
vn 0.5838 -0.8028 0.1215
vn 0.6287 -0.7732 0.0826
vn 0.6116 -0.7830 0.1134
vn 0.6255 0.5992 0.4998
vn 0.6083 0.5903 0.5306
vn 0.6086 0.5896 0.5310
vn 0.6351 0.5808 0.5093
vn 0.0328 -0.4589 -0.8879
vn -0.0046 -0.4605 -0.8876
vn -0.0046 -0.4567 -0.8896
vn 0.0250 -0.4372 -0.8990
vn 0.0021 0.9030 -0.4297
vn -0.0250 0.9110 -0.4117
vn 0.0383 0.9010 -0.4320
vn 0.0004 0.9011 -0.4336
vn -0.7678 -0.4589 -0.4470
vn -0.7445 -0.4786 -0.4654
vn -0.7891 -0.4561 -0.4116
vn -0.7690 -0.4550 -0.4490
vn -0.3951 0.9012 -0.1781
vn -0.3726 0.9031 -0.2134
vn -0.3756 0.9013 -0.2158
vn -0.4088 0.8911 -0.1968
vn 0.3933 -0.8905 -0.2286
vn 0.3950 -0.8901 -0.2275
vn 0.3942 -0.8908 -0.2262
vn 0.3927 -0.8912 -0.2272
vn -0.8111 -0.3497 0.4688
vn -0.8112 -0.3493 0.4690
vn -0.8120 -0.3504 0.4668
vn -0.8106 -0.3510 0.4687
vn 0.8450 -0.2274 0.4840
vn 0.8451 -0.2264 0.4844
vn 0.8444 -0.2272 0.4852
vn -0.4970 0.1333 0.8574
vn -0.4978 0.1332 0.8570
vn -0.4968 0.1320 0.8578
vn -0.4967 0.1333 0.8576
vn 0.7243 0.5487 -0.4175
vn 0.7260 0.5468 -0.4170
vn 0.7228 0.5489 -0.4199
vn 0.7242 0.5490 -0.4173
vn -0.5780 0.7463 0.3300
vn -0.5767 0.7462 0.3326
vn -0.5764 0.7464 0.3326
vn -0.5764 0.7476 0.3299
vn 0.0038 -0.2250 -0.9743
vn 0.0047 -0.2272 -0.9738
vn 0.0032 -0.2291 -0.9734
vn 0.0016 -0.2257 -0.9742
vn -0.9913 0.1316 0.0012
vn -0.9913 0.1317 0.0033
vn -0.9908 0.1356 0.0002
vn -0.9913 0.1319 -0.0002
vn -0.0003 -0.8902 -0.4555
vn 0.0004 -0.8902 -0.4556
vn 0.0013 -0.8910 -0.4539
vn 0.0010 -0.3489 0.9372
vn -0.0009 -0.3490 0.9371
vn -0.0010 -0.3504 0.9366
vn 0.0012 -0.3505 0.9366
vn 0.8413 -0.2282 -0.4900
vn 0.8414 -0.2249 -0.4913
vn 0.8431 -0.2246 -0.4885
vn 0.8422 -0.2280 -0.4885
vn 0.4920 0.1343 0.8601
vn 0.4933 0.1341 0.8594
vn 0.4948 0.1327 0.8588
vn 0.4954 0.1366 0.8578
vn -0.0000 0.5461 -0.8378
vn -0.0025 0.5473 -0.8369
vn -0.0020 0.5502 -0.8351
vn 0.0028 0.5491 -0.8358
vn 0.0007 0.7449 0.6672
vn 0.0024 0.7456 0.6664
vn 0.0025 0.7477 0.6641
vn -0.0028 0.7470 0.6648
vn -0.8404 -0.2279 -0.4918
vn -0.8414 -0.2281 -0.4899
vn -0.8422 -0.2279 -0.4886
vn -0.8426 -0.2243 -0.4896
vn -0.4935 0.1342 0.8593
vn -0.4936 0.1367 0.8589
vn -0.4963 0.1358 0.8574
vn -0.4948 0.1328 0.8588
vn -0.7720 0.4567 -0.4421
vn -0.7723 0.4561 -0.4423
vn -0.3384 -0.9131 -0.2275
vn -0.3713 -0.9026 -0.2177
vn -0.3721 -0.9023 -0.2177
vn -0.3673 -0.8953 -0.2521
vn 0.3703 0.7921 -0.4853
vn 0.4019 0.7850 -0.4714
vn 0.4024 0.7846 -0.4717
vn 0.3997 0.7664 -0.5029
vn 0.7648 -0.5886 -0.2620
vn 0.7511 -0.6144 -0.2415
vn 0.7511 -0.5910 -0.2943
vn 0.7654 -0.5879 -0.2619
vn 0.4007 0.7848 0.4727
vn 0.3835 0.7753 0.5018
vn 0.4067 0.7635 0.5017
vn 0.4015 0.7845 0.4726
vn 0.7691 -0.5969 0.2286
vn 0.7651 -0.5879 0.2628
vn 0.7653 -0.5874 0.2631
vn 0.7476 -0.5963 0.2924
vn -0.7746 0.4768 0.4155
vn -0.7712 0.4567 0.4434
vn -0.7716 0.4561 0.4434
vn -0.7529 0.4559 0.4747
vn -0.3716 -0.9023 0.2183
vn -0.3531 -0.9016 0.2497
vn -0.3743 -0.8923 0.2523
vn -0.3722 -0.9020 0.2186
vn -0.6105 -0.7840 -0.1124
vn -0.5874 -0.8037 -0.0950
vn -0.6324 -0.7696 -0.0877
vn -0.6036 0.6149 -0.5075
vn -0.6086 0.5888 -0.5318
vn -0.6328 0.5854 -0.5068
vn -0.0222 -0.4790 0.8775
vn 0.0045 -0.4592 0.8883
vn 0.0047 -0.4551 0.8904
vn -0.0296 -0.4418 0.8966
vn -0.0019 0.9036 0.4284
vn 0.0003 0.9172 0.3983
vn -0.0374 0.8985 0.4374
vn -0.0003 0.9017 0.4324
vn 0.7672 -0.4587 0.4484
vn 0.7520 -0.4901 0.4407
vn 0.7916 -0.4477 0.4159
vn 0.7685 -0.4547 0.4502
vn 0.3656 0.9140 0.1759
vn 0.3715 0.9036 0.2135
vn 0.3746 0.9017 0.2161
vn 0.4045 0.8946 0.1901
vn 0.2386 -0.7926 -0.5612
vn 0.2082 -0.7848 -0.5837
vn 0.2389 -0.7646 -0.5986
vn -0.1550 0.5879 -0.7939
vn -0.1675 0.6166 -0.7693
vn -0.1168 0.5911 -0.7981
vn 0.7631 -0.5968 0.2479
vn 0.7617 -0.5987 0.2478
vn 0.7639 -0.5974 0.2441
vn 0.7643 -0.5954 0.2476
vn 0.5106 0.4012 -0.7605
vn 0.5131 0.4014 -0.7587
vn 0.5141 0.4008 -0.7583
vn 0.5135 0.3975 -0.7605
vn 0.0013 -0.9974 -0.0723
vn -0.0097 -0.9991 -0.0411
vn -0.0332 -0.9955 -0.0887
vn 0.0025 -0.9970 -0.0768
vn -0.0271 0.1384 -0.9900
vn 0.0022 0.1186 -0.9929
vn 0.0031 0.1142 -0.9935
vn -0.7617 -0.5975 0.2505
vn -0.7629 -0.5964 0.2498
vn -0.7666 -0.6051 0.2149
vn -0.5109 0.4028 -0.7594
vn -0.4818 0.4176 -0.7703
vn -0.5090 0.3709 -0.7768
vn -0.5124 0.4023 -0.7587
vn -0.0006 0.0892 0.9960
vn 0.0009 0.0896 0.9960
vn 0.0009 0.0909 0.9959
vn -0.0011 0.0908 0.9959
vn -0.0002 0.9798 -0.2001
vn -0.0004 0.9798 -0.2002
vn -0.0012 0.9801 -0.1987
vn 0.0011 0.9800 -0.1988
vn -0.0005 -0.0888 -0.9960
vn 0.0009 -0.0893 -0.9960
vn 0.0010 -0.0908 -0.9959
vn -0.0013 -0.0907 -0.9959
vn -0.0001 -0.9797 0.2003
vn -0.0006 -0.9797 0.2003
vn -0.0013 -0.9801 0.1986
vn 0.0012 -0.9800 0.1988
vn 0.7632 0.5967 -0.2479
vn 0.7622 0.5975 -0.2491
vn 0.7633 0.5979 -0.2446
vn 0.7645 0.5952 -0.2475
vn 0.5111 -0.3996 0.7610
vn 0.5128 -0.4017 0.7587
vn 0.5140 -0.4010 0.7583
vn 0.5141 -0.3978 0.7599
vn 0.0024 0.9973 0.0738
vn -0.0098 0.9991 0.0411
vn -0.0332 0.9955 0.0889
vn 0.0015 0.9970 0.0776
vn -0.0271 -0.1387 0.9900
vn 0.0003 -0.1191 0.9929
vn 0.0033 -0.1154 0.9933
vn -0.0269 -0.0935 0.9953
vn -0.7402 0.6250 -0.2478
vn -0.7619 0.5973 -0.2506
vn -0.7631 0.5962 -0.2496
vn -0.7666 0.6051 -0.2148
vn -0.5106 -0.4029 0.7596
vn -0.4816 -0.4177 0.7704
vn -0.5089 -0.3709 0.7768
vn -0.5123 -0.4025 0.7586
vn -0.8424 0.2247 0.4897
vn -0.4963 -0.1355 -0.8575
vn 0.0011 0.8905 0.4549
vn 0.0008 0.8913 0.4535
vn -0.0001 0.3488 -0.9372
vn -0.0009 0.3493 -0.9370
vn 0.0012 0.3502 -0.9367
vn 0.8412 0.2273 0.4907
vn 0.8414 0.2252 0.4913
vn 0.8429 0.2249 0.4888
vn 0.8419 0.2282 0.4891
vn 0.4925 -0.1342 -0.8599
vn 0.4940 -0.1331 -0.8592
vn 0.4953 -0.1329 -0.8585
vn 0.4955 -0.1363 -0.8578
vn -0.0000 -0.5464 0.8375
vn -0.0022 -0.5476 0.8368
vn -0.0017 -0.5501 0.8351
vn 0.0025 -0.5492 0.8357
vn 0.0006 -0.7451 -0.6669
vn 0.0021 -0.7457 -0.6662
vn 0.0022 -0.7476 -0.6641
vn -0.7618 -0.5977 -0.2499
vn -0.7493 -0.6220 -0.2273
vn -0.7749 -0.5941 -0.2156
vn -0.7632 -0.5961 -0.2495
vn -0.4921 0.4324 0.7556
vn -0.5104 0.4037 0.7593
vn -0.5117 0.4029 0.7588
vn -0.4981 0.3769 0.7809
vn 0.0120 -0.9990 0.0430
vn 0.0025 -0.9972 0.0747
vn 0.0016 -0.9969 0.0786
vn -0.0360 -0.9964 0.0763
vn 0.0003 0.1205 0.9927
vn -0.0353 0.1177 0.9924
vn -0.0178 0.0870 0.9960
vn 0.0034 0.1165 0.9932
vn 0.7621 -0.5976 -0.2492
vn 0.7635 -0.5963 -0.2482
vn 0.7646 -0.5952 -0.2473
vn 0.7633 -0.5980 -0.2445
vn 0.5124 0.4016 0.7591
vn 0.5110 0.3995 0.7611
vn 0.5142 0.3977 0.7599
vn 0.5140 0.4012 0.7582
vn 0.0005 0.0889 -0.9960
vn -0.0011 0.0909 -0.9959
vn 0.0012 0.0906 -0.9959
vn 0.0005 0.9798 0.2002
vn 0.0012 0.9801 0.1986
vn -0.0013 0.9800 0.1988
vn -0.3949 -0.8902 -0.2271
vn -0.3941 -0.8902 -0.2285
vn -0.3929 -0.8910 -0.2276
vn -0.3939 -0.8908 -0.2264
vn 0.8117 -0.3492 0.4682
vn 0.8114 -0.3496 0.4684
vn 0.8107 -0.3508 0.4687
vn 0.8118 -0.3507 0.4669
vn -0.0046 -0.2280 -0.9736
vn -0.0052 -0.2256 -0.9742
vn -0.0020 -0.2253 -0.9743
vn -0.0028 -0.2288 -0.9735
vn 0.9912 0.1322 0.0018
vn 0.9913 0.1318 0.0003
vn 0.9908 0.1354 -0.0004
vn -0.7242 0.5487 -0.4177
vn -0.7243 0.5489 -0.4173
vn -0.7224 0.5495 -0.4197
vn 0.5764 0.7463 0.3327
vn 0.5788 0.7453 0.3310
vn 0.5768 0.7473 0.3298
vn 0.5764 0.7465 0.3326
vn -0.8450 -0.2262 0.4846
vn -0.8452 -0.2270 0.4838
vn -0.8445 -0.2273 0.4850
vn -0.8448 -0.2263 0.4848
vn 0.4976 0.1327 0.8572
vn 0.4971 0.1330 0.8575
vn 0.4968 0.1334 0.8576
vn 0.4967 0.1322 0.8578
vn -0.7631 0.5969 0.2479
vn -0.5135 -0.3976 -0.7604
vn -0.0013 0.9974 -0.0724
vn 0.0097 0.9991 -0.0410
vn 0.0332 0.9955 -0.0888
vn -0.0024 0.9970 -0.0768
vn 0.0272 -0.1384 -0.9900
vn -0.0022 -0.1186 -0.9929
vn -0.0031 -0.1143 -0.9934
vn 0.0268 -0.0933 -0.9953
vn 0.7401 0.6251 0.2478
vn 0.7618 0.5975 0.2505
vn 0.7629 0.5964 0.2497
vn 0.7666 0.6051 0.2149
vn 0.5109 -0.4028 -0.7594
vn 0.4818 -0.4177 -0.7704
vn 0.5090 -0.3708 -0.7768
vn 0.5124 -0.4023 -0.7587
vn 0.0004 -0.9798 -0.2002
vn 0.0011 -0.9801 -0.1987
vn 0.7619 0.5976 -0.2498
vn 0.7493 0.6220 -0.2273
vn 0.7749 0.5942 -0.2156
vn 0.7631 0.5962 -0.2494
vn 0.4921 -0.4324 0.7555
vn 0.5104 -0.4036 0.7593
vn 0.5117 -0.4029 0.7589
vn 0.4981 -0.3769 0.7810
vn -0.0120 0.9990 0.0430
vn -0.0026 0.9972 0.0746
vn -0.0017 0.9969 0.0787
vn 0.0361 0.9964 0.0764
vn -0.0004 -0.1206 0.9927
vn 0.0353 -0.1177 0.9924
vn 0.0178 -0.0870 0.9960
vn -0.0035 -0.1165 0.9932
vn -0.7621 0.5976 -0.2492
vn -0.7632 0.5968 -0.2479
vn -0.7645 0.5952 -0.2475
vn -0.7633 0.5981 -0.2443
vn -0.5128 -0.4018 0.7587
vn -0.5109 -0.3995 0.7612
vn -0.5142 -0.3976 0.7599
vn -0.5141 -0.4010 0.7582
vn -0.0010 -0.0892 -0.9960
vn -0.0011 -0.0908 -0.9959
vn -0.0001 -0.9797 0.2002
vn 0.0002 -0.9797 0.2003
vn -0.0013 -0.9801 0.1987
vn -0.0004 -0.8902 -0.4556
vn 0.0008 -0.8903 -0.4553
vn 0.0010 -0.8911 -0.4537
vn 0.0005 -0.3487 0.9373
vn -0.0011 -0.3505 0.9366
vn 0.0012 -0.3503 0.9366
vn 0.8412 -0.2278 -0.4904
vn 0.8404 -0.2279 -0.4918
vn 0.8426 -0.2244 -0.4896
vn 0.8421 -0.2281 -0.4888
vn 0.4936 0.1367 0.8589
vn 0.4936 0.1336 0.8594
vn 0.4950 0.1328 0.8587
vn 0.4964 0.1358 0.8574
vn 0.0025 0.5473 -0.8369
vn 0.0014 0.5464 -0.8376
vn -0.0029 0.5485 -0.8362
vn 0.0020 0.5502 -0.8351
vn -0.0029 0.7467 0.6652
vn -0.0007 0.7448 0.6672
vn 0.0028 0.7470 0.6648
vn -0.0021 0.7479 0.6638
vn -0.8423 -0.2243 -0.4901
vn -0.8413 -0.2282 -0.4900
vn -0.8422 -0.2280 -0.4885
vn -0.8433 -0.2250 -0.4881
vn -0.4924 0.1328 0.8602
vn -0.4949 0.1368 0.8581
vn -0.4948 0.1327 0.8588
vn 0.0002 -0.8903 0.4554
vn -0.0007 -0.8903 0.4553
vn -0.0010 -0.8911 0.4538
vn 0.0010 -0.8910 0.4541
vn -0.0005 -0.3489 -0.9372
vn 0.0009 -0.3493 -0.9370
vn 0.0009 -0.3505 -0.9366
vn -0.0011 -0.3504 -0.9366
vn -0.8412 -0.2278 0.4904
vn -0.8429 -0.2250 0.4889
vn -0.8420 -0.2281 0.4889
vn -0.4926 0.1342 -0.8599
vn -0.4937 0.1336 -0.8593
vn -0.4951 0.1328 -0.8586
vn 0.0022 0.5475 0.8368
vn 0.0018 0.5501 0.8351
vn -0.0024 0.5491 0.8357
vn -0.0006 0.7451 -0.6670
vn -0.0021 0.7476 -0.6642
vn 0.8404 -0.2278 0.4917
vn 0.8414 -0.2280 0.4900
vn 0.8421 -0.2278 0.4888
vn 0.8425 -0.2246 0.4897
vn 0.4938 0.1342 -0.8592
vn 0.4938 0.1364 -0.8588
vn 0.4963 0.1356 -0.8575
vn 0.4948 0.1329 -0.8588
vn 0.0026 -0.9973 -0.0737
vn -0.0291 -0.9981 -0.0547
vn -0.0246 -0.9946 -0.1010
vn -0.0046 0.1501 -0.9887
vn 0.0001 0.1184 -0.9930
vn 0.0034 0.1145 -0.9934
vn -0.0332 0.1037 -0.9941
vn -0.7395 -0.6161 0.2710
vn -0.7609 -0.5983 0.2511
vn -0.7621 -0.5969 0.2508
vn -0.7565 -0.6159 0.2201
vn -0.5123 0.4021 -0.7589
vn -0.4853 0.3937 -0.7807
vn -0.5212 0.3683 -0.7699
vn -0.5134 0.4014 -0.7585
vn -0.0007 0.0895 0.9960
vn 0.0011 0.0903 0.9959
vn 0.0011 0.9800 -0.1991
vn 0.0002 0.9798 -0.2001
vn 0.0008 0.9801 -0.1984
vn 0.7641 -0.5956 0.2478
vn 0.7644 -0.5955 0.2471
vn 0.5125 0.4003 -0.7596
vn 0.5137 0.4012 -0.7584
vn 0.5145 0.3975 -0.7598
vn -0.0008 -0.8903 -0.4553
vn 0.0003 -0.8902 -0.4555
vn 0.0012 -0.8910 -0.4540
vn -0.0010 -0.8911 -0.4537
vn 0.0010 -0.3490 0.9371
vn -0.0004 -0.3487 0.9372
vn -0.0011 -0.3502 0.9367
vn 0.0011 -0.3505 0.9366
vn 0.8414 -0.2282 -0.4900
vn 0.8414 -0.2250 -0.4913
vn 0.8431 -0.2247 -0.4886
vn 0.8422 -0.2280 -0.4886
vn 0.4921 0.1343 0.8601
vn 0.4934 0.1342 0.8594
vn 0.4948 0.1328 0.8588
vn 0.4954 0.1365 0.8579
vn 0.0027 0.5491 -0.8358
vn 0.0023 0.7456 0.6663
vn 0.0024 0.7476 0.6641
vn -0.8413 -0.2277 -0.4903
vn -0.8421 -0.2281 -0.4888
vn -0.8426 -0.2244 -0.4896
vn -0.4936 0.1336 0.8594
vn -0.4950 0.1329 0.8587
vn 0.8414 -0.2267 0.4905
vn 0.8417 -0.2281 0.4894
vn 0.4946 0.1329 -0.8589
vn 0.4954 0.1332 -0.8584
vn 0.0011 -0.8908 0.4544
vn -0.0002 -0.8903 0.4554
vn -0.0011 -0.8910 0.4540
vn 0.0004 -0.8913 0.4535
vn -0.0009 -0.3493 -0.9370
vn -0.0007 -0.3492 -0.9371
vn 0.0011 -0.3499 -0.9368
vn -0.0009 -0.3506 -0.9365
vn -0.8414 -0.2281 0.4900
vn -0.8421 -0.2279 0.4888
vn -0.4924 0.1342 -0.8599
vn -0.4937 0.1342 -0.8592
vn -0.4948 0.1328 -0.8588
vn -0.4955 0.1363 -0.8578
vn -0.0000 0.5464 0.8375
vn -0.0021 0.7457 -0.6662
vn 0.8450 0.2264 0.4844
vn 0.8446 0.2276 0.4845
vn 0.8443 0.2270 0.4855
vn 0.8449 0.2262 0.4847
vn -0.4976 -0.1338 0.8570
vn -0.4971 -0.1333 0.8574
vn -0.4967 -0.1333 0.8576
vn -0.4971 -0.1320 0.8576
vn 0.3947 0.8901 -0.2280
vn 0.3935 0.8905 -0.2283
vn 0.3929 0.8911 -0.2272
vn 0.3945 0.8906 -0.2263
vn -0.8112 0.3495 0.4688
vn -0.8107 0.3503 0.4690
vn -0.8106 0.3512 0.4686
vn -0.8118 0.3504 0.4670
vn 0.0045 0.2273 -0.9738
vn 0.0052 0.2298 -0.9732
vn 0.0038 0.2250 -0.9743
vn 0.0032 0.2288 -0.9735
vn -0.9908 -0.1356 0.0002
vn -0.9913 -0.1318 0.0011
vn -0.9912 -0.1321 -0.0000
vn -0.9910 -0.1341 -0.0017
vn 0.7228 -0.5489 -0.4199
vn 0.7243 -0.5487 -0.4175
vn 0.7242 -0.5490 -0.4173
vn 0.7223 -0.5509 -0.4180
vn -0.5767 -0.7462 0.3326
vn -0.5767 -0.7451 0.3349
vn -0.5780 -0.7463 0.3300
vn -0.5764 -0.7464 0.3326
vn 0.0002 -0.8902 0.4555
vn 0.0012 -0.8910 0.4540
vn 0.0010 -0.3492 -0.9370
vn 0.0010 -0.3506 -0.9365
vn -0.0009 -0.3505 -0.9365
vn -0.4949 0.1328 -0.8588
vn 0.8405 -0.2278 0.4916
vn 0.8413 -0.2282 0.4900
vn 0.8421 -0.2279 0.4887
vn 0.8424 -0.2247 0.4897
vn 0.4936 0.1342 -0.8592
vn 0.4938 0.1363 -0.8588
vn 0.4949 0.1327 -0.8588
vn -0.8404 0.2278 0.4917
vn -0.4938 -0.1364 -0.8588
vn -0.4949 -0.1327 -0.8588
vn -0.0003 0.8902 0.4555
vn -0.0012 0.8910 0.4540
vn 0.0005 0.3489 -0.9372
vn 0.8420 0.2281 0.4889
vn 0.4937 -0.1336 -0.8593
vn -0.5207 -0.8537 0.0004
vn -0.5207 -0.8537 -0.0004
vn -0.5232 -0.8522 0.0037
vn -0.5232 -0.8522 -0.0037
vn 0.9928 -0.1196 0.0032
vn 0.9928 -0.1196 -0.0032
vn 0.9935 -0.1139 -0.0011
vn 0.9935 -0.1139 0.0011
vn -0.3687 -0.0974 -0.9244
vn -0.3701 -0.0992 -0.9237
vn -0.3689 -0.0992 -0.9241
vn -0.3730 -0.1011 -0.9223
vn 0.9146 0.2502 -0.3177
vn 0.9128 0.2499 -0.3230
vn 0.9123 0.2542 -0.3210
vn 0.9132 0.2530 -0.3194
vn -0.9533 0.3020 0.0004
vn -0.9533 0.3019 -0.0004
vn -0.9527 0.3039 0.0022
vn -0.9527 0.3039 -0.0021
vn 0.6980 0.7161 0.0022
vn 0.6980 0.7161 -0.0021
vn 0.6972 0.7169 -0.0017
vn 0.6971 0.7169 0.0018
vn -0.3700 -0.0991 0.9237
vn -0.3686 -0.0974 0.9245
vn -0.3729 -0.1011 0.9223
vn -0.3688 -0.0991 0.9242
vn 0.9128 0.2499 0.3229
vn 0.9146 0.2502 0.3176
vn 0.9132 0.2531 0.3193
vn 0.9124 0.2542 0.3209
vn 0.5976 0.5989 0.5330
vn 0.6217 0.6007 0.5026
vn 0.5695 0.6255 0.5333
vn 0.5986 0.5973 0.5338
vn -0.4285 -0.3728 0.8231
vn -0.4003 -0.4017 0.8236
vn -0.4000 -0.4010 0.8241
vn -0.3945 -0.3668 0.8425
vn -0.0461 0.9963 0.0722
vn -0.0632 0.9973 0.0363
vn -0.0681 0.9970 0.0362
vn -0.0902 0.9935 0.0690
vn -0.8619 -0.1172 0.4934
vn -0.8665 -0.1493 0.4763
vn -0.8404 -0.1155 0.5295
vn -0.8620 -0.1134 0.4940
vn -0.1671 0.5990 -0.7831
vn -0.1671 0.5957 -0.7857
vn -0.1680 0.5955 -0.7856
vn -0.1705 0.5970 -0.7839
vn -0.9142 -0.4002 -0.0642
vn -0.9135 -0.4020 -0.0628
vn -0.9153 -0.3976 -0.0641
vn -0.9137 -0.4011 -0.0660
vn 0.8631 -0.0893 -0.4972
vn 0.8632 -0.0901 -0.4967
vn 0.8630 -0.0911 -0.4970
vn 0.8621 -0.0903 -0.4987
vn -0.1735 -0.9798 0.0991
vn -0.1731 -0.9800 0.0985
vn -0.1723 -0.9801 0.0983
vn -0.1718 -0.9800 0.1004
vn -0.8938 -0.4485 0.0001
vn -0.8937 -0.4486 -0.0001
vn -0.8947 -0.4466 0.0024
vn -0.8947 -0.4466 -0.0023
vn 0.9291 -0.3699 0.0018
vn 0.9291 -0.3698 -0.0018
vn 0.9304 -0.3665 -0.0008
vn 0.9305 -0.3664 0.0008
vn -0.3879 -0.0162 -0.9216
vn -0.3898 -0.0186 -0.9207
vn -0.3893 -0.0171 -0.9209
vn -0.3914 -0.0171 -0.9201
vn 0.9384 0.0444 -0.3426
vn 0.9377 0.0431 -0.3449
vn 0.9381 0.0457 -0.3433
vn 0.9382 0.0440 -0.3433
vn -0.7762 0.6305 -0.0009
vn -0.7762 0.6305 -0.0000
vn -0.7757 0.6311 -0.0003
vn 0.7699 0.6381 -0.0000
vn 0.7703 0.6377 0.0007
vn 0.7699 0.6381 -0.0009
vn -0.3893 -0.0179 0.9209
vn -0.3879 -0.0162 0.9215
vn -0.3913 -0.0171 0.9201
vn 0.9377 0.0431 0.3449
vn 0.9384 0.0435 0.3427
vn 0.9381 0.0456 0.3433
vn 0.8446 0.2276 0.4846
vn 0.8448 0.2263 0.4849
vn -0.4972 -0.1330 0.8574
vn -0.4969 -0.1334 0.8575
vn -0.4972 -0.1320 0.8575
vn 0.3934 0.8905 -0.2285
vn 0.3928 0.8911 -0.2272
vn 0.3945 0.8906 -0.2262
vn -0.8113 0.3493 0.4688
vn -0.8108 0.3503 0.4689
vn -0.8107 0.3511 0.4684
vn -0.8120 0.3504 0.4667
vn 0.0048 0.2273 -0.9738
vn 0.0054 0.2256 -0.9742
vn 0.0021 0.2253 -0.9743
vn 0.0033 0.2291 -0.9734
vn -0.9911 -0.1332 0.0036
vn -0.9913 -0.1316 0.0011
vn -0.9913 -0.1319 -0.0002
vn -0.9908 -0.1355 -0.0006
vn 0.7255 -0.5465 -0.4183
vn 0.7243 -0.5487 -0.4176
vn 0.7243 -0.5489 -0.4172
vn 0.7225 -0.5495 -0.4196
vn -0.5765 -0.7463 0.3326
vn -0.5789 -0.7453 0.3309
vn -0.5769 -0.7473 0.3297
vn -0.5764 -0.7465 0.3325
vn 0.8451 0.2264 0.4844
vn 0.8452 0.2270 0.4838
vn 0.8444 0.2273 0.4850
vn -0.4977 -0.1327 0.8571
vn -0.4970 -0.1333 0.8574
vn -0.4966 -0.1321 0.8579
vn 0.3950 0.8902 -0.2271
vn 0.3941 0.8902 -0.2285
vn 0.3929 0.8910 -0.2277
vn 0.3939 0.8908 -0.2263
vn -0.8117 0.3492 0.4682
vn -0.8114 0.3495 0.4685
vn -0.8107 0.3508 0.4688
vn -0.8118 0.3507 0.4669
vn 0.0046 0.2280 -0.9736
vn 0.0061 0.2285 -0.9735
vn 0.0031 0.2250 -0.9744
vn 0.0028 0.2288 -0.9735
vn -0.9908 -0.1356 0.0017
vn -0.9912 -0.1322 0.0018
vn -0.9913 -0.1318 0.0003
vn -0.9909 -0.1347 -0.0014
vn 0.7236 -0.5477 -0.4200
vn 0.7222 -0.5506 -0.4187
vn -0.5780 -0.7445 0.3340
vn -0.5776 -0.7467 0.3298
vn -0.8625 0.0893 -0.4981
vn -0.8630 0.0912 -0.4969
vn -0.8621 0.0909 -0.4985
vn 0.1737 0.9797 0.0998
vn 0.1728 0.9800 0.0983
vn -0.5957 -0.5968 0.5375
vn -0.5955 -0.5964 0.5382
vn -0.5955 -0.5960 0.5387
vn -0.5966 -0.5952 0.5383
vn 0.4012 0.4011 0.8235
vn 0.4003 0.4015 0.8238
vn 0.4000 0.4008 0.8243
vn 0.4014 0.4002 0.8239
vn 0.0648 -0.9972 0.0369
vn 0.0398 -0.9991 0.0126
vn 0.0932 -0.9955 0.0151
vn 0.0650 -0.9972 0.0378
vn 0.8716 0.1379 0.4705
vn 0.8600 0.1161 0.4969
vn 0.8602 0.1156 0.4967
vn 0.8755 0.0930 0.4741
vn 0.1559 -0.6253 -0.7646
vn 0.1637 -0.5976 -0.7849
vn 0.1649 -0.5965 -0.7855
vn 0.1972 -0.6049 -0.7715
vn 0.9132 0.4027 -0.0630
vn 0.9078 0.4182 -0.0326
vn 0.9273 0.3708 -0.0522
vn 0.9133 0.4022 -0.0647
vn 0.8450 0.2260 0.4846
vn 0.8450 0.2273 0.4840
vn 0.8444 0.2272 0.4852
vn 0.8448 0.2261 0.4849
vn -0.4978 -0.1332 0.8570
vn -0.4972 -0.1329 0.8574
vn -0.4967 -0.1336 0.8576
vn -0.4968 -0.1320 0.8577
vn 0.3949 0.8901 -0.2275
vn 0.3942 0.8907 -0.2263
vn -0.8111 0.3497 0.4688
vn -0.8107 0.3509 0.4687
vn 0.0052 0.2256 -0.9742
vn 0.0020 0.2253 -0.9743
vn -0.9908 -0.1354 -0.0004
vn 0.7255 -0.5466 -0.4183
vn 0.7242 -0.5485 -0.4178
vn 0.7244 -0.5489 -0.4171
vn -0.5763 -0.7463 0.3329
vn -0.5787 -0.7453 0.3310
vn -0.5768 -0.7473 0.3298
vn -0.5762 -0.7466 0.3326
vn -0.2785 -0.5914 0.7567
vn -0.2879 -0.6091 0.7390
vn -0.2859 -0.6171 0.7331
vn -0.2509 -0.6206 0.7429
vn 0.2197 -0.6228 -0.7509
vn 0.2443 -0.6213 -0.7445
vn 0.2305 -0.6446 -0.7289
vn 0.2065 -0.6288 -0.7496
vn -0.7905 0.3259 0.5186
vn -0.7953 0.3294 0.5090
vn -0.7968 0.3249 0.5094
vn -0.7993 0.3196 0.5089
vn -0.2156 0.3791 -0.8999
vn -0.2138 0.3743 -0.9023
vn -0.2219 0.3785 -0.8986
vn -0.2109 0.3815 -0.9000
vn -0.4057 0.4595 0.7901
vn -0.4061 0.4610 0.7890
vn -0.4078 0.4623 0.7874
vn -0.4094 0.4556 0.7904
vn -0.0664 0.7107 -0.7004
vn -0.0655 0.7138 -0.6973
vn -0.0609 0.7147 -0.6968
vn -0.0591 0.7123 -0.6994
vn 0.5533 -0.4302 0.7133
vn 0.5350 -0.4478 0.7164
vn 0.5587 -0.4512 0.6959
vn 0.5559 -0.4234 0.7153
vn 0.6103 -0.2101 -0.7638
vn 0.6313 -0.2204 -0.7436
vn 0.6319 -0.2225 -0.7424
vn 0.6183 -0.2513 -0.7447
vn -0.5911 0.8065 -0.0102
vn -0.5911 0.8065 0.0101
vn -0.5826 0.8128 0.0027
vn -0.5824 0.8129 -0.0027
vn 0.9651 0.2617 -0.0081
vn 0.9651 0.2617 0.0082
vn 0.9634 0.2679 -0.0103
vn 0.9634 0.2679 0.0101
vn -0.3383 0.1574 0.9278
vn -0.3298 0.1635 0.9298
vn -0.3302 0.1610 0.9301
vn -0.3250 0.1711 0.9301
vn 0.8432 -0.4168 0.3396
vn 0.8484 -0.4067 0.3387
vn 0.8428 -0.4103 0.3482
vn 0.8431 -0.4160 0.3407
vn -0.9948 -0.1021 0.0013
vn -0.9948 -0.1021 -0.0013
vn -0.9946 -0.1034 -0.0002
vn -0.9946 -0.1034 0.0002
vn 0.5523 -0.8337 0.0011
vn 0.5523 -0.8337 -0.0011
vn 0.5516 -0.8341 0.0013
vn 0.5516 -0.8341 -0.0013
vn -0.3298 0.1636 -0.9298
vn -0.3385 0.1574 -0.9277
vn -0.3250 0.1713 -0.9301
vn -0.3303 0.1611 -0.9300
vn 0.8485 -0.4066 -0.3387
vn 0.8432 -0.4168 -0.3396
vn 0.8431 -0.4160 -0.3407
vn 0.8428 -0.4102 -0.3484
vn -0.5316 0.7316 0.4268
vn 0.9305 0.3379 0.1413
vn -0.4414 -0.1723 0.8806
vn -0.4416 -0.1821 0.8785
vn -0.4356 -0.1806 0.8818
vn 0.9432 0.0337 0.3304
vn 0.9403 0.0297 0.3390
vn 0.9409 0.0195 0.3380
vn -0.8046 -0.5938 -0.0004
vn -0.8047 -0.5937 0.0004
vn -0.7981 -0.6025 -0.0102
vn -0.7981 -0.6025 0.0101
vn 0.8352 -0.5498 -0.0102
vn 0.8352 -0.5498 0.0100
vn 0.8314 -0.5556 0.0084
vn 0.8314 -0.5556 -0.0085
vn -0.4420 -0.1830 -0.8782
vn -0.4418 -0.1730 -0.8803
vn -0.4359 -0.1814 -0.8815
vn 0.9403 0.0294 -0.3390
vn 0.9433 0.0335 -0.3303
vn 0.9409 0.0190 -0.3380
vn -0.5316 0.7318 -0.4265
vn 0.9305 0.3379 -0.1411
vn -0.0833 -0.9965 0.0067
vn -0.0651 -0.9971 0.0381
vn -0.0663 -0.9971 0.0386
vn -0.1012 -0.9939 0.0427
vn -0.8602 0.1166 0.4964
vn -0.8479 0.1464 0.5095
vn -0.8776 0.1153 0.4653
vn -0.8599 0.1154 0.4972
vn 0.5960 -0.5966 0.5374
vn 0.5962 -0.5966 0.5373
vn 0.5964 -0.5953 0.5384
vn 0.5950 -0.5967 0.5384
vn -0.4008 0.4017 0.8234
vn -0.4018 0.4005 0.8235
vn -0.4010 0.3998 0.8242
vn -0.3999 0.4011 0.8241
vn 0.8631 0.0895 -0.4970
vn 0.8632 0.0891 -0.4970
vn 0.8619 0.0903 -0.4989
vn 0.8631 0.0909 -0.4968
vn -0.1732 0.9800 0.0983
vn -0.1734 0.9798 0.0999
vn -0.1717 0.9800 0.1003
vn -0.1723 0.9802 0.0980
vn -0.1622 -0.5973 -0.7854
vn -0.1276 -0.6011 -0.7889
vn -0.1756 -0.6230 -0.7623
vn -0.1633 -0.5972 -0.7853
vn -0.9259 0.3754 -0.0428
vn -0.9141 0.4005 -0.0636
vn -0.9135 0.4015 -0.0659
vn -0.9258 0.3697 -0.0784
vn -0.4957 0.8685 0.0046
vn -0.4956 0.8686 -0.0045
vn -0.4840 0.8749 0.0139
vn -0.4840 0.8749 -0.0140
vn 0.9519 0.3061 0.0139
vn 0.9519 0.3061 -0.0140
vn 0.9491 0.3147 -0.0107
vn 0.9491 0.3147 0.0106
vn -0.4316 0.1737 0.8852
vn -0.4367 0.1597 0.8853
vn -0.4361 0.1598 0.8856
vn -0.4248 0.1670 0.8897
vn 0.8327 -0.3059 0.4616
vn 0.8348 -0.3148 0.4517
vn 0.8369 -0.2931 0.4623
vn 0.8318 -0.3071 0.4624
vn -0.9305 -0.3663 -0.0003
vn -0.9305 -0.3663 0.0003
vn -0.9302 -0.3671 -0.0010
vn -0.9302 -0.3671 0.0010
vn 0.5425 -0.8400 -0.0010
vn 0.5425 -0.8400 0.0010
vn 0.5420 -0.8404 0.0007
vn 0.5420 -0.8404 -0.0007
vn -0.4367 0.1597 -0.8853
vn -0.4315 0.1738 -0.8852
vn -0.4247 0.1670 -0.8898
vn -0.4361 0.1598 -0.8856
vn 0.8348 -0.3148 -0.4516
vn 0.8327 -0.3059 -0.4617
vn 0.8318 -0.3071 -0.4624
vn 0.8369 -0.2930 -0.4623
vn -0.3950 -0.8902 -0.2270
vn -0.3928 -0.8910 -0.2276
vn -0.3940 -0.8908 -0.2263
vn 0.8118 -0.3492 0.4681
vn 0.8115 -0.3495 0.4683
vn 0.8108 -0.3508 0.4686
vn 0.8119 -0.3508 0.4667
vn -0.0048 -0.2281 -0.9736
vn -0.0054 -0.2298 -0.9732
vn -0.0039 -0.2250 -0.9744
vn -0.0029 -0.2289 -0.9734
vn 0.9908 0.1357 0.0001
vn 0.9912 0.1321 0.0018
vn 0.9913 0.1317 0.0001
vn 0.9910 0.1342 -0.0019
vn -0.7228 0.5489 -0.4199
vn -0.7244 0.5487 -0.4173
vn -0.7243 0.5490 -0.4172
vn -0.7223 0.5510 -0.4179
vn 0.5767 0.7462 0.3325
vn 0.5768 0.7451 0.3349
vn 0.5781 0.7464 0.3299
vn 0.5764 0.7464 0.3326
vn -0.8450 -0.2264 0.4844
vn -0.8452 -0.2270 0.4839
vn -0.8444 -0.2273 0.4851
vn -0.8449 -0.2262 0.4848
vn 0.4977 0.1327 0.8571
vn 0.4971 0.1333 0.8574
vn 0.4967 0.1333 0.8576
vn -0.7011 -0.3077 -0.6432
vn -0.7011 -0.3077 0.6432
vn -0.9475 -0.1272 -0.2934
vn -0.9475 -0.1272 0.2934
vn -0.2692 0.6085 -0.7465
vn -0.2692 0.6084 0.7465
vn 0.0924 0.8091 -0.5803
vn 0.0923 0.8091 0.5803
vn 0.6905 -0.4051 0.5992
vn -0.7580 -0.1119 0.6426
vn 0.3877 -0.8051 0.4489
vn -0.6839 -0.5769 0.4466
vn 0.6868 0.4073 0.6020
vn -0.5577 0.6121 0.5606
vn 0.2197 0.3578 0.9076
vn -0.1414 0.4546 0.8794
vn 0.5933 -0.5415 0.5956
vn 0.5934 -0.5414 -0.5956
vn 0.8041 -0.4812 0.3491
vn 0.8042 -0.4812 -0.3489
vn 0.4940 0.4726 0.7298
vn 0.4939 0.4726 -0.7298
vn 0.1435 0.8437 0.5173
vn 0.1434 0.8438 -0.5172
vn -0.7579 -0.1118 -0.6427
vn 0.6906 -0.4051 -0.5992
vn -0.6839 -0.5769 -0.4466
vn 0.3876 -0.8052 -0.4488
vn -0.5577 0.6121 -0.5606
vn 0.6868 0.4073 -0.6020
vn -0.1415 0.4546 -0.8794
vn 0.2198 0.3578 -0.9076
vn 0.3945 -0.8901 -0.2284
vn 0.3948 -0.8904 -0.2268
vn 0.3937 -0.8909 -0.2265
vn 0.3929 -0.8909 -0.2279
vn -0.8116 -0.3495 0.4681
vn -0.8119 -0.3493 0.4677
vn -0.8117 -0.3509 0.4669
vn -0.8107 -0.3506 0.4688
vn 0.8454 -0.2266 0.4838
vn 0.8445 -0.2274 0.4848
vn -0.4975 0.1324 0.8573
vn -0.4965 0.1323 0.8579
vn 0.7255 0.5465 -0.4183
vn 0.7224 0.5495 -0.4197
vn -0.5788 0.7453 0.3310
vn -0.5768 0.7473 0.3298
vn 0.0052 -0.2256 -0.9742
vn 0.0044 -0.2285 -0.9735
vn 0.0026 -0.2287 -0.9735
vn 0.0020 -0.2253 -0.9743
vn -0.9912 0.1327 0.0021
vn -0.9911 0.1332 0.0036
vn -0.9908 0.1355 -0.0004
vn -0.9913 0.1317 0.0005
vn -0.5895 -0.1561 0.7926
vn -0.5757 -0.1138 0.8097
vn -0.5786 -0.1222 0.8064
vn -0.6030 -0.0921 0.7924
vn -0.6575 -0.1476 -0.7389
vn -0.6634 -0.0901 -0.7428
vn -0.6287 -0.1571 -0.7616
vn -0.6576 -0.1286 -0.7423
vn 0.2119 0.6313 0.7460
vn 0.2006 0.6091 0.7673
vn 0.2343 0.6334 0.7375
vn 0.1929 0.6334 0.7494
vn 0.2182 0.5942 -0.7742
vn 0.1898 0.6225 -0.7592
vn 0.1991 0.6241 -0.7556
vn 0.2249 0.6290 -0.7442
vn 0.4538 0.0927 0.8863
vn 0.4880 0.0996 0.8671
vn 0.4491 0.0811 0.8898
vn 0.4932 0.0972 0.8644
vn 0.8285 0.1151 -0.5480
vn 0.7900 0.1234 -0.6005
vn 0.8117 0.1515 -0.5641
vn 0.8137 0.1486 -0.5620
vn -0.2759 -0.8846 0.3760
vn -0.2337 -0.8802 0.4132
vn -0.2985 -0.8474 0.4391
vn -0.3076 -0.8672 0.3916
vn -0.1606 -0.3959 -0.9041
vn -0.1511 -0.3870 -0.9096
vn -0.1280 -0.3480 -0.9287
vn -0.1063 -0.4186 -0.9020
vn -0.0624 -0.9974 0.0358
vn -0.0273 -0.9992 0.0277
vn -0.0596 -0.9953 0.0767
vn -0.0673 -0.9971 0.0356
vn -0.8423 0.1405 0.5204
vn -0.8618 0.1177 0.4933
vn -0.8620 0.1138 0.4939
vn -0.8476 0.0909 0.5228
vn 0.5832 -0.6276 0.5158
vn 0.5969 -0.5977 0.5353
vn 0.5976 -0.5964 0.5359
vn 0.5665 -0.6054 0.5591
vn -0.4017 0.4027 0.8225
vn -0.4289 0.4197 0.7999
vn -0.4204 0.3679 0.8294
vn -0.4014 0.4021 0.8229
vn 0.8632 0.0903 -0.4967
vn 0.8628 0.0890 -0.4977
vn 0.8620 0.0908 -0.4987
vn 0.8630 0.0911 -0.4970
vn -0.1739 0.9798 0.0992
vn -0.1720 0.9800 0.1003
vn -0.1727 0.9801 0.0981
vn -0.1663 -0.5961 -0.7855
vn -0.1671 -0.5990 -0.7831
vn -0.1677 -0.5953 -0.7858
vn -0.9135 0.4020 -0.0628
vn -0.9137 0.4010 -0.0664
vn -0.9153 0.3975 -0.0641
vn 0.9614 -0.1587 -0.2246
vn 0.9618 -0.1599 -0.2223
vn 0.9593 -0.1512 -0.2384
vn 0.9645 -0.1474 -0.2192
vn 0.2473 -0.0343 0.9683
vn 0.2281 -0.0324 0.9731
vn 0.2321 -0.0438 0.9717
vn 0.2389 -0.0462 0.9699
vn 0.3547 0.5234 -0.7747
vn 0.3534 0.5001 -0.7906
vn 0.3374 0.5193 -0.7852
vn 0.3423 0.5196 -0.7828
vn -0.1542 0.6002 0.7848
vn -0.1447 0.6064 0.7819
vn -0.1429 0.5918 0.7934
vn -0.1482 0.6092 0.7790
vn -0.8547 0.1498 -0.4971
vn -0.8557 0.1320 -0.5004
vn -0.8612 0.1259 -0.4924
vn -0.8607 0.1488 -0.4868
vn -0.5002 0.0685 0.8632
vn -0.4878 0.0693 0.8702
vn -0.4991 0.0938 0.8615
vn -0.5071 0.0757 0.8586
vn -0.8671 -0.0315 -0.4971
vn -0.8646 -0.0578 -0.4991
vn -0.8719 -0.0545 -0.4866
vn -0.8715 -0.0376 -0.4889
vn -0.4928 -0.0160 0.8700
vn -0.5008 -0.0206 0.8653
vn -0.5093 -0.0141 0.8605
vn -0.5084 -0.0409 0.8601
vn 0.1546 -0.6075 -0.7792
vn 0.1988 -0.5721 -0.7958
vn 0.2049 -0.6565 -0.7260
vn 0.1328 -0.6214 -0.7721
vn -0.3020 -0.5310 0.7918
vn -0.3473 -0.5738 0.7417
vn -0.3420 -0.5862 0.7345
vn -0.2575 -0.6131 0.7469
vn 0.9220 0.0070 -0.3871
vn 0.9422 0.0409 -0.3326
vn 0.9436 0.0520 -0.3270
vn 0.9554 -0.0251 -0.2942
vn 0.3169 0.0207 0.9482
vn 0.2485 -0.0186 0.9684
vn 0.3467 -0.0560 0.9363
vn 0.3227 0.0089 0.9465
vn 0.7199 0.4879 -0.4937
vn 0.7221 0.4835 -0.4947
vn 0.7089 0.4948 -0.5027
vn 0.7191 0.4961 -0.4865
vn -0.5604 0.7406 0.3709
vn -0.5522 0.7386 0.3868
vn -0.5468 0.7438 0.3845
vn -0.5533 0.7466 0.3693
vn -0.1336 0.0331 -0.9905
vn -0.1456 0.0288 -0.9889
vn -0.1286 0.0293 -0.9913
vn -0.1433 0.0318 -0.9892
vn -0.9795 0.1551 0.1284
vn -0.9775 0.1472 0.1509
vn -0.9767 0.1638 0.1387
vn -0.9764 0.1628 0.1420
vn 0.5818 -0.7111 -0.3948
vn 0.5882 -0.7017 -0.4020
vn 0.5861 -0.7047 -0.3999
vn 0.5941 -0.7007 -0.3950
vn -0.6860 -0.5531 0.4728
vn -0.6773 -0.5637 0.4727
vn -0.6831 -0.5497 0.4809
vn -0.6832 -0.5563 0.4730
vn 0.8767 -0.1371 0.4611
vn 0.8785 -0.1307 0.4595
vn 0.8750 -0.1293 0.4665
vn 0.8746 -0.1385 0.4645
vn -0.4698 0.0734 0.8797
vn -0.4661 0.0707 0.8819
vn -0.4626 0.0692 0.8838
vn -0.4608 0.0785 0.8841
vn 0.0024 -0.5473 -0.8369
vn 0.0019 -0.5501 -0.8351
vn -0.0027 -0.5491 -0.8358
vn -0.0007 -0.7449 0.6672
vn -0.0023 -0.7456 0.6664
vn -0.0024 -0.7477 0.6641
vn 0.0027 -0.7470 0.6648
vn 0.8404 0.2278 -0.4917
vn 0.8426 0.2244 -0.4896
vn 0.4935 -0.1341 0.8594
vn 0.4936 -0.1366 0.8589
vn 0.4963 -0.1358 0.8575
vn -0.0003 0.8902 -0.4556
vn -0.0012 0.8910 -0.4540
vn -0.0010 0.3489 0.9371
vn -0.0011 0.3505 0.9366
vn -0.8413 0.2282 -0.4900
vn -0.8414 0.2250 -0.4913
vn -0.8431 0.2247 -0.4886
vn -0.8422 0.2280 -0.4885
vn -0.4921 -0.1343 0.8601
vn -0.4934 -0.1342 0.8594
vn -0.4948 -0.1327 0.8588
vn -0.4954 -0.1366 0.8578
vn -0.8840 -0.1213 0.4514
vn -0.8574 -0.1058 0.5037
vn -0.8807 -0.1002 0.4629
vn -0.8696 -0.0938 0.4847
vn -0.3850 -0.0301 -0.9224
vn -0.4206 -0.0357 -0.9065
vn -0.3754 -0.0397 -0.9260
vn -0.4263 -0.0425 -0.9036
vn -0.8823 -0.0674 0.4659
vn -0.8858 -0.0386 0.4624
vn -0.8938 -0.0225 0.4480
vn -0.9034 -0.0585 0.4247
vn -0.4089 -0.0031 -0.9126
vn -0.3833 -0.0357 -0.9229
vn -0.4246 -0.0500 -0.9040
vn -0.4231 -0.0181 -0.9059
vn -0.9678 0.1331 0.2136
vn -0.9657 0.1315 0.2237
vn -0.9606 0.1694 0.2203
vn -0.9690 0.1487 0.1975
vn -0.2256 0.0574 -0.9725
vn -0.2077 0.0338 -0.9776
vn -0.2263 0.0194 -0.9739
vn -0.2424 0.0417 -0.9693
vn -0.2293 0.6788 0.6976
vn -0.2079 0.6743 0.7086
vn -0.2103 0.6765 0.7058
vn -0.2049 0.6898 0.6944
vn 0.2627 0.5794 -0.7716
vn 0.2854 0.5715 -0.7694
vn 0.2480 0.5747 -0.7799
vn 0.2693 0.5796 -0.7691
vn 0.7565 -0.1203 0.6428
vn 0.7579 -0.1325 0.6387
vn 0.7688 -0.1142 0.6292
vn 0.7581 -0.1136 0.6422
vn 0.6317 -0.0965 -0.7691
vn 0.6448 -0.0972 -0.7581
vn 0.6466 -0.1000 -0.7562
vn 0.6388 -0.1153 -0.7607
vn 0.6741 0.0329 0.7379
vn 0.6910 0.0706 0.7194
vn 0.6611 0.0353 0.7494
vn 0.6812 0.0524 0.7303
vn 0.6651 0.0202 -0.7465
vn 0.6436 0.0502 -0.7637
vn 0.6533 0.0300 -0.7565
vn 0.6601 0.0580 -0.7489
vn -0.3846 -0.8416 0.3792
vn -0.3771 -0.8385 0.3934
vn -0.3914 -0.8123 0.4325
vn -0.4211 -0.8257 0.3754
vn 0.1804 -0.4128 -0.8928
vn 0.1553 -0.3872 -0.9088
vn 0.1997 -0.3529 -0.9141
vn 0.2188 -0.3910 -0.8940
vn -0.3482 0.1829 0.9194
vn -0.3392 0.1862 0.9221
vn -0.3416 0.1607 0.9260
vn -0.3258 0.1883 0.9265
vn 0.8218 -0.4162 0.3892
vn 0.8364 -0.3879 0.3872
vn 0.8220 -0.4004 0.4050
vn 0.8203 -0.4083 0.4004
vn -0.9692 -0.2458 0.0139
vn -0.9692 -0.2458 -0.0140
vn -0.9660 -0.2586 -0.0046
vn -0.9660 -0.2585 0.0046
vn 0.4362 -0.8998 0.0108
vn 0.4362 -0.8998 -0.0107
vn 0.4281 -0.9036 0.0139
vn 0.4281 -0.9036 -0.0140
vn -0.3392 0.1862 -0.9221
vn -0.3482 0.1829 -0.9194
vn -0.3258 0.1883 -0.9265
vn -0.3416 0.1606 -0.9260
vn 0.8364 -0.3879 -0.3872
vn 0.8218 -0.4162 -0.3892
vn 0.8203 -0.4083 -0.4005
vn 0.8220 -0.4004 -0.4049
vn -0.4409 -0.0070 -0.8975
vn 0.2771 0.3959 -0.8755
vn 0.3459 0.0921 -0.9337
vn -0.4177 -0.0045 -0.9086
vn 0.3242 -0.8321 0.4499
vn 0.8320 -0.5420 -0.1184
vn 0.8200 -0.5567 -0.1328
vn 0.9692 0.1258 0.2116
vn -0.8223 -0.0451 0.5673
vn -0.8223 -0.0452 -0.5672
vn -0.8214 -0.0437 0.5687
vn -0.8215 -0.0437 -0.5686
vn 0.7497 -0.0774 0.6573
vn 0.7497 -0.0773 -0.6572
vn 0.9030 0.1798 -0.3903
vn 0.9029 0.1798 0.3904
vn 0.2770 0.3959 0.8755
vn -0.4410 -0.0070 0.8975
vn -0.4178 -0.0045 0.9085
vn 0.3459 0.0922 0.9337
vn 0.8320 -0.5420 0.1184
vn 0.3243 -0.8321 -0.4500
vn 0.9693 0.1258 -0.2114
vn 0.8200 -0.5567 0.1329
vn 0.0708 0.4525 -0.8889
vn 0.0711 0.4542 -0.8880
vn 0.0713 0.4524 -0.8889
vn 0.0714 0.4533 -0.8885
vn 0.1170 0.7542 0.6462
vn 0.1168 0.7528 0.6478
vn 0.1179 0.7533 0.6470
vn 0.1183 0.7534 0.6468
vn -0.4385 -0.7688 -0.4654
vn -0.4378 -0.7691 -0.4656
vn -0.4388 -0.7682 -0.4663
vn -0.4370 -0.7694 -0.4658
vn -0.3490 -0.0097 0.9371
vn -0.3486 -0.0118 0.9372
vn -0.3472 -0.0105 0.9377
vn -0.3475 -0.0100 0.9376
vn -0.1611 -0.9649 -0.2076
vn -0.1612 -0.9649 -0.2071
vn -0.1621 -0.9649 -0.2064
vn -0.1625 -0.9645 -0.2083
vn -0.0302 -0.1777 0.9836
vn -0.0307 -0.1794 0.9833
vn -0.0292 -0.1793 0.9834
vn -0.0290 -0.1785 0.9835
vn 0.1780 -0.8542 -0.4884
vn 0.1776 -0.8544 -0.4884
vn 0.1789 -0.8544 -0.4877
vn 0.1771 -0.8549 -0.4876
vn 0.3530 -0.2135 0.9110
vn 0.3520 -0.2149 0.9110
vn 0.3529 -0.2153 0.9105
vn 0.3536 -0.2142 0.9106
vn -0.7395 -0.2036 0.6416
vn -0.7274 -0.2157 0.6514
vn -0.7429 -0.1842 0.6435
vn -0.7393 -0.1998 0.6431
vn -0.5632 -0.1354 -0.8151
vn -0.5619 -0.1510 -0.8133
vn -0.5583 -0.1532 -0.8154
vn -0.5747 -0.1445 -0.8055
vn 0.3117 0.6113 0.7274
vn 0.3377 0.6128 0.7144
vn 0.3269 0.6193 0.7138
vn 0.3197 0.6237 0.7133
vn -0.1721 0.5888 -0.7897
vn -0.1503 0.5813 -0.7997
vn -0.1795 0.5947 -0.7836
vn -0.1555 0.5860 -0.7952
vn 0.7905 0.1622 0.5906
vn 0.7743 0.2155 0.5951
vn 0.7760 0.1415 0.6146
vn 0.7863 0.1793 0.5913
vn 0.4275 0.0523 -0.9025
vn 0.3988 0.0936 -0.9123
vn 0.4058 0.0838 -0.9101
vn 0.4391 0.0841 -0.8945
vn -0.0677 -0.8597 0.5063
vn -0.0877 -0.8382 0.5382
vn -0.0898 -0.8359 0.5415
vn -0.1023 -0.8599 0.5001
vn -0.3941 -0.3651 -0.8434
vn -0.4323 -0.3423 -0.8342
vn -0.3631 -0.3364 -0.8689
vn -0.3906 -0.3650 -0.8451
vn -0.4379 -0.7692 0.4654
vn -0.4385 -0.7688 0.4654
vn -0.4371 -0.7694 0.4658
vn -0.4390 -0.7681 0.4662
vn -0.3486 -0.0116 -0.9372
vn -0.3491 -0.0095 -0.9370
vn -0.3473 -0.0098 -0.9377
vn -0.3472 -0.0104 -0.9377
vn 0.0711 0.4540 0.8881
vn 0.0709 0.4522 0.8891
vn 0.0715 0.4531 0.8886
vn 0.0713 0.4523 0.8890
vn 0.1167 0.7527 -0.6480
vn 0.1170 0.7541 -0.6462
vn 0.1182 0.7534 -0.6468
vn 0.1181 0.7533 -0.6470
vn 0.1775 -0.8543 0.4886
vn 0.1780 -0.8541 0.4887
vn 0.1768 -0.8549 0.4877
vn 0.1791 -0.8544 0.4878
vn 0.3517 -0.2150 -0.9111
vn 0.3530 -0.2133 -0.9110
vn 0.3537 -0.2141 -0.9105
vn 0.3530 -0.2155 -0.9105
vn -0.1610 -0.9650 0.2070
vn -0.1609 -0.9649 0.2076
vn -0.1626 -0.9644 0.2084
vn -0.1621 -0.9650 0.2061
vn -0.0308 -0.1796 -0.9833
vn -0.0302 -0.1774 -0.9837
vn -0.0288 -0.1784 -0.9835
vn -0.0291 -0.1794 -0.9833
vn -0.7619 -0.5976 -0.2498
vn -0.7631 -0.5962 -0.2494
vn -0.4921 0.4324 0.7555
vn -0.5104 0.4036 0.7593
vn -0.5117 0.4029 0.7589
vn -0.4981 0.3768 0.7810
vn 0.0121 -0.9990 0.0430
vn 0.0016 -0.9969 0.0787
vn -0.0361 -0.9964 0.0763
vn -0.0178 0.0870 0.9961
vn 0.0035 0.1165 0.9932
vn 0.7631 -0.5967 -0.2480
vn 0.7646 -0.5951 -0.2475
vn 0.7633 -0.5980 -0.2444
vn 0.5127 0.4019 0.7587
vn 0.5109 0.3996 0.7611
vn 0.5141 0.4011 0.7582
vn 0.0010 0.0892 -0.9960
vn -0.0009 0.0893 -0.9960
vn -0.0010 0.0908 -0.9959
vn 0.0012 0.0909 -0.9959
vn -0.0001 0.9797 0.2004
vn 0.0014 0.9800 0.1988
vn -0.0012 0.9800 0.1988
vn 0.8830 -0.4222 0.2053
vn 0.8718 -0.4476 0.1988
vn 0.8813 -0.4309 0.1940
vn 0.8799 -0.4353 0.1903
vn 0.2032 -0.0798 -0.9759
vn 0.1961 -0.0881 -0.9766
vn 0.2174 -0.0768 -0.9731
vn 0.2000 -0.0989 -0.9748
vn 0.9062 -0.3396 0.2519
vn 0.9121 -0.3395 0.2297
vn 0.9158 -0.3276 0.2323
vn 0.9141 -0.3231 0.2451
vn 0.2567 -0.0844 -0.9628
vn 0.2613 -0.0848 -0.9615
vn 0.2604 -0.1049 -0.9598
vn 0.2420 -0.0909 -0.9660
vn 0.1163 -0.6302 0.7677
vn 0.1108 -0.6271 0.7710
vn 0.1155 -0.6422 0.7578
vn 0.1305 -0.6239 0.7705
vn -0.3406 -0.4728 -0.8127
vn -0.3488 -0.4890 -0.7995
vn -0.3602 -0.4847 -0.7971
vn -0.3681 -0.4774 -0.7979
vn -0.8046 0.3097 0.5067
vn -0.8089 0.3015 0.5048
vn -0.8131 0.3084 0.4938
vn -0.8201 0.2840 0.4968
vn -0.4728 0.1846 -0.8616
vn -0.4827 0.1616 -0.8607
vn -0.4938 0.1719 -0.8524
vn -0.4846 0.1841 -0.8552
vn -0.7808 0.3758 0.4990
vn -0.7766 0.4015 0.4855
vn -0.7905 0.3775 0.4824
vn -0.7847 0.3824 0.4879
vn -0.4228 0.1998 -0.8839
vn -0.4288 0.2057 -0.8797
vn -0.4410 0.2065 -0.8734
vn -0.4185 0.2235 -0.8803
vn -0.7619 -0.1534 0.6293
vn -0.7847 -0.1400 0.6039
vn -0.7881 -0.1600 0.5944
vn -0.7631 -0.1781 0.6212
vn -0.5159 0.0589 -0.8546
vn -0.5214 0.0682 -0.8506
vn -0.5252 0.0974 -0.8454
vn -0.4918 0.0982 -0.8651
vn 0.5168 0.2282 0.8251
vn 0.5009 0.2162 0.8381
vn 0.5171 0.2443 0.8203
vn 0.4770 0.2280 0.8488
vn 0.2639 0.6433 -0.7187
vn 0.2646 0.6803 -0.6835
vn 0.2848 0.6714 -0.6842
vn 0.2952 0.6508 -0.6995
vn 0.8601 0.0111 0.5099
vn 0.8671 0.0047 0.4982
vn 0.8754 -0.0112 0.4833
vn 0.8761 0.0292 0.4813
vn 0.3064 0.2408 -0.9209
vn 0.2864 0.2726 -0.9185
vn 0.3212 0.2756 -0.9060
vn 0.3173 0.2537 -0.9137
vn -0.1075 0.0494 0.9930
vn -0.1166 0.0459 0.9921
vn -0.1194 0.0463 0.9918
vn -0.1230 0.0320 0.9919
vn -0.9307 0.3421 -0.1296
vn -0.9349 0.3311 -0.1281
vn -0.9345 0.3364 -0.1169
vn -0.9298 0.3456 -0.1264
vn 0.7670 0.3647 0.5279
vn 0.7663 0.3606 0.5317
vn 0.7706 0.3674 0.5207
vn 0.7643 0.3678 0.5296
vn -0.4451 0.8377 -0.3165
vn -0.4518 0.8373 -0.3080
vn -0.4496 0.8387 -0.3072
vn -0.4426 0.8402 -0.3134
vn 0.8280 -0.2963 -0.4760
vn 0.8252 -0.3099 -0.4722
vn 0.8214 -0.3087 -0.4795
vn 0.8254 -0.2970 -0.4802
vn -0.4558 0.1666 -0.8743
vn -0.4566 0.1634 -0.8745
vn -0.4468 0.1730 -0.8777
vn -0.4500 0.1584 -0.8788
vn 0.4938 -0.8019 0.3363
vn 0.4819 -0.8051 0.3458
vn 0.4778 -0.8123 0.3344
vn 0.4902 -0.8075 0.3280
vn -0.7514 -0.3959 -0.5279
vn -0.7525 -0.3990 -0.5240
vn -0.7495 -0.4065 -0.5224
vn -0.7611 -0.4033 -0.5079
vn 0.7708 0.3672 -0.5206
vn 0.7671 0.3644 -0.5280
vn 0.7644 0.3676 -0.5297
vn 0.7660 0.3738 -0.5230
vn -0.4519 0.8372 0.3080
vn -0.4564 0.8352 0.3068
vn -0.4451 0.8376 0.3167
vn -0.4497 0.8387 0.3073
vn -0.1166 0.0460 -0.9921
vn -0.1075 0.0493 -0.9930
vn -0.1229 0.0320 -0.9919
vn -0.1194 0.0463 -0.9918
vn -0.9348 0.3312 0.1280
vn -0.9307 0.3421 0.1296
vn -0.9298 0.3456 0.1263
vn -0.9344 0.3364 0.1169
vn 0.4818 -0.8052 -0.3457
vn 0.4938 -0.8040 -0.3312
vn 0.4863 -0.8096 -0.3287
vn 0.4778 -0.8124 -0.3343
vn -0.7572 -0.3966 0.5191
vn -0.7514 -0.3960 0.5278
vn -0.7611 -0.4034 0.5080
vn -0.7498 -0.4045 0.5237
vn 0.8287 -0.3042 0.4699
vn 0.8251 -0.3105 0.4720
vn 0.8280 -0.2962 0.4762
vn 0.8221 -0.3100 0.4776
vn -0.4470 0.1731 0.8776
vn -0.4550 0.1609 0.8759
vn -0.4469 0.1595 0.8802
vn -0.4427 0.1677 0.8808
vn 0.5998 0.4388 0.6691
vn 0.6041 0.4375 0.6661
vn 0.6037 0.4395 0.6651
vn 0.6006 0.4427 0.6658
vn -0.6648 0.7086 -0.2366
vn -0.6637 0.7086 -0.2396
vn -0.6677 0.7069 -0.2334
vn -0.6633 0.7101 -0.2361
vn 0.8274 -0.4554 -0.3285
vn 0.8290 -0.4539 -0.3266
vn 0.8244 -0.4599 -0.3299
vn 0.8272 -0.4544 -0.3304
vn -0.4997 0.2692 -0.8233
vn -0.4985 0.2741 -0.8224
vn -0.4965 0.2743 -0.8235
vn -0.4953 0.2698 -0.8258
vn 0.3406 -0.9123 0.2275
vn 0.3362 -0.9108 0.2398
vn 0.3300 -0.9151 0.2319
vn 0.3352 -0.9141 0.2281
vn -0.8014 -0.2235 -0.5549
vn -0.8044 -0.2278 -0.5487
vn -0.7994 -0.2312 -0.5545
vn -0.8067 -0.2322 -0.5434
vn -0.0409 -0.1390 0.9895
vn -0.0472 -0.1423 0.9887
vn -0.0460 -0.1357 0.9897
vn -0.0547 -0.1453 0.9879
vn -0.8666 0.4945 -0.0663
vn -0.8717 0.4846 -0.0734
vn -0.8721 0.4852 -0.0631
vn -0.8688 0.4911 -0.0640
vn 0.5546 -0.8321 -0.0011
vn 0.5546 -0.8321 0.0011
vn 0.5537 -0.8327 0.0003
vn 0.5537 -0.8327 -0.0003
vn -0.9369 -0.3496 -0.0009
vn -0.9369 -0.3496 0.0009
vn -0.9367 -0.3502 -0.0011
vn -0.9367 -0.3502 0.0011
vn 0.4255 -0.1558 0.8914
vn 0.4251 -0.1579 0.8913
vn 0.4252 -0.1548 0.8918
vn 0.4243 -0.1574 0.8918
vn -0.8375 0.3102 0.4499
vn -0.8384 0.3076 0.4499
vn -0.8378 0.3080 0.4508
vn -0.8371 0.3091 0.4513
vn 0.9517 0.3069 0.0017
vn 0.9517 0.3069 -0.0017
vn 0.9512 0.3084 -0.0005
vn 0.9512 0.3084 0.0005
vn -0.4923 0.8704 0.0013
vn -0.4923 0.8704 -0.0013
vn -0.4914 0.8709 0.0017
vn -0.4914 0.8709 -0.0017
vn 0.4251 -0.1579 -0.8913
vn 0.4255 -0.1558 -0.8915
vn 0.4242 -0.1574 -0.8918
vn 0.4252 -0.1548 -0.8918
vn -0.8384 0.3076 -0.4499
vn -0.8375 0.3102 -0.4499
vn -0.8372 0.3091 -0.4512
vn -0.8378 0.3080 -0.4508
vn 0.3576 -0.8471 -0.3932
vn 0.3589 -0.8466 -0.3930
vn 0.3592 -0.8462 -0.3935
vn 0.3590 -0.8473 -0.3915
vn -0.8276 -0.3369 0.4490
vn -0.8266 -0.3371 0.4508
vn -0.8281 -0.3348 0.4496
vn -0.8278 -0.3363 0.4490
vn 0.9453 0.0272 0.3250
vn 0.9463 0.0280 0.3221
vn 0.9450 0.0298 0.3256
vn 0.9455 0.0273 0.3244
vn -0.5208 -0.0129 0.8536
vn -0.5183 -0.0142 0.8551
vn -0.5188 -0.0139 0.8548
vn -0.5174 -0.0117 0.8557
vn 0.6404 0.6309 -0.4381
vn 0.6392 0.6385 -0.4287
vn 0.6469 0.6256 -0.4360
vn 0.6386 0.6341 -0.4361
vn -0.6319 0.6408 0.4361
vn -0.6396 0.6297 0.4410
vn -0.6366 0.6326 0.4411
vn -0.6322 0.6317 0.4487
vn -0.0284 -0.0028 -0.9996
vn -0.0171 0.0012 -0.9999
vn -0.0156 -0.0010 -0.9999
vn -0.0162 -0.0125 -0.9998
vn -0.9834 -0.0521 0.1738
vn -0.9841 -0.0592 0.1672
vn -0.9812 -0.0590 0.1838
vn -0.9835 -0.0500 0.1740
vn 0.5957 0.5968 0.5375
vn 0.5957 0.5965 0.5379
vn 0.5954 0.5962 0.5386
vn 0.5966 0.5952 0.5383
vn -0.4014 -0.4008 0.8235
vn -0.4003 -0.4015 0.8238
vn -0.4000 -0.4008 0.8242
vn -0.4012 -0.4001 0.8240
vn -0.0646 0.9972 0.0372
vn -0.0611 0.9981 0.0020
vn -0.0998 0.9946 0.0286
vn -0.0651 0.9972 0.0378
vn -0.8592 -0.1502 0.4891
vn -0.8601 -0.1157 0.4968
vn -0.8778 -0.1034 0.4678
vn -0.1351 0.6168 -0.7754
vn -0.1631 0.5970 -0.7855
vn -0.1642 0.5968 -0.7854
vn -0.1877 0.6158 -0.7652
vn -0.9140 -0.4008 -0.0632
vn -0.9185 -0.3943 -0.0299
vn -0.9275 -0.3680 -0.0663
vn -0.9134 -0.4018 -0.0655
vn 0.8632 -0.0892 -0.4969
vn 0.8633 -0.0902 -0.4966
vn 0.8630 -0.0912 -0.4968
vn 0.8620 -0.0904 -0.4987
vn -0.1735 -0.9798 0.0992
vn -0.1733 -0.9799 0.0983
vn -0.1723 -0.9801 0.0981
vn -0.1719 -0.9800 0.1004
vn -0.3947 -0.8901 -0.2280
vn -0.3945 -0.8906 -0.2263
vn 0.8109 -0.3503 0.4688
vn 0.8119 -0.3507 0.4668
vn -0.0047 -0.2280 -0.9736
vn -0.0062 -0.2285 -0.9735
vn -0.0032 -0.2249 -0.9744
vn -0.0029 -0.2289 -0.9735
vn 0.9908 0.1356 0.0017
vn 0.9912 0.1321 0.0017
vn 0.9913 0.1317 0.0002
vn 0.9909 0.1347 -0.0015
vn -0.7236 0.5477 -0.4200
vn -0.7245 0.5486 -0.4173
vn -0.7243 0.5491 -0.4170
vn -0.7222 0.5506 -0.4186
vn 0.5768 0.7460 0.3327
vn 0.5781 0.7445 0.3340
vn 0.5777 0.7467 0.3297
vn 0.5763 0.7465 0.3327
vn -0.8451 -0.2263 0.4843
vn -0.8446 -0.2275 0.4846
vn -0.8443 -0.2270 0.4854
vn -0.8449 -0.2260 0.4849
vn 0.4976 0.1338 0.8570
vn 0.4972 0.1334 0.8573
vn 0.4966 0.1335 0.8576
vn 0.4972 0.1321 0.8575
vn -0.3316 -0.8354 -0.4383
vn -0.2756 -0.8853 -0.3746
vn -0.3078 -0.8680 -0.3897
vn -0.3363 -0.8698 -0.3609
vn -0.1513 -0.3856 0.9102
vn -0.1131 -0.3098 0.9441
vn -0.1926 -0.3748 0.9069
vn -0.1270 -0.3465 0.9294
vn 0.4877 0.1002 -0.8672
vn 0.4541 0.0924 -0.8861
vn 0.4930 0.0969 -0.8646
vn 0.4486 0.0806 -0.8901
vn 0.7903 0.1234 0.6002
vn 0.8287 0.1146 0.5478
vn 0.8141 0.1486 0.5614
vn 0.8117 0.1511 0.5643
vn 0.2005 0.6088 -0.7676
vn -0.0066 0.7410 -0.6714
vn 0.1144 0.8050 -0.5822
vn 0.2337 0.6328 -0.7382
vn 0.3711 0.4362 0.8197
vn 0.2170 0.5919 0.7763
vn 0.2238 0.6262 0.7468
vn -0.0385 0.5790 0.8144
vn -0.4164 -0.3265 -0.8485
vn -0.5090 -0.1368 -0.8498
vn -0.5728 -0.1957 -0.7960
vn -0.5029 0.1089 -0.8575
vn -0.6156 -0.1943 0.7637
vn -0.7422 0.0715 0.6664
vn -0.8255 -0.0345 0.5634
vn -0.6784 -0.1971 0.7078
vn -0.1461 0.0291 0.9888
vn -0.1336 0.0332 0.9905
vn -0.1434 0.0319 0.9892
vn -0.1285 0.0298 0.9913
vn -0.9775 0.1472 -0.1510
vn -0.9795 0.1554 -0.1281
vn -0.9763 0.1632 -0.1423
vn -0.9767 0.1639 -0.1388
vn 0.7221 0.4835 0.4947
vn 0.7213 0.4908 0.4887
vn 0.7167 0.4988 0.4874
vn 0.7089 0.4947 0.5027
vn -0.5577 0.7369 -0.3820
vn -0.5605 0.7405 -0.3709
vn -0.5534 0.7465 -0.3694
vn -0.5477 0.7424 -0.3859
vn 0.8785 -0.1379 -0.4574
vn 0.8766 -0.1371 -0.4612
vn 0.8746 -0.1385 -0.4646
vn 0.8760 -0.1288 -0.4648
vn -0.4662 0.0707 -0.8819
vn -0.4662 0.0784 -0.8812
vn -0.4586 0.0764 -0.8854
vn -0.4627 0.0693 -0.8838
vn 0.5882 -0.7017 0.4020
vn 0.5818 -0.7113 0.3944
vn 0.5945 -0.7005 0.3948
vn 0.5861 -0.7046 0.3999
vn -0.6771 -0.5641 -0.4726
vn -0.6860 -0.5531 -0.4728
vn -0.6832 -0.5563 -0.4730
vn -0.6829 -0.5496 -0.4813
vn 0.4280 -0.2246 0.8754
vn 0.4329 -0.2144 0.8756
vn 0.4255 -0.2150 0.8791
vn 0.4273 -0.2238 0.8759
vn -0.8001 0.3821 0.4625
vn -0.7947 0.3866 0.4680
vn -0.7951 0.3840 0.4693
vn -0.7902 0.3942 0.4693
vn 0.9417 0.3365 -0.0040
vn 0.9417 0.3365 0.0038
vn 0.9387 0.3447 -0.0096
vn 0.9387 0.3445 0.0096
vn -0.4904 0.8715 -0.0096
vn -0.4902 0.8715 0.0096
vn -0.4844 0.8748 0.0068
vn -0.4846 0.8747 -0.0069
vn 0.4330 -0.2145 -0.8755
vn 0.4281 -0.2247 -0.8754
vn 0.4274 -0.2239 -0.8759
vn 0.4257 -0.2149 -0.8790
vn -0.7947 0.3866 -0.4680
vn -0.8000 0.3823 -0.4624
vn -0.7901 0.3942 -0.4694
vn -0.7951 0.3840 -0.4693
vn 0.4369 -0.8995 0.0005
vn 0.4369 -0.8995 -0.0005
vn 0.4354 -0.9002 0.0017
vn 0.4354 -0.9002 -0.0017
vn -0.9692 -0.2462 0.0017
vn -0.9692 -0.2461 -0.0017
vn -0.9690 -0.2472 -0.0013
vn -0.9690 -0.2472 0.0013
vn -0.0818 0.0424 0.9957
vn -0.0775 0.0467 0.9959
vn -0.0862 0.0502 0.9950
vn -0.0862 0.0391 0.9955
vn -0.8918 0.4401 -0.1053
vn -0.8939 0.4375 -0.0974
vn -0.8938 0.4385 -0.0945
vn -0.8891 0.4478 -0.0945
vn 0.7926 0.2679 0.5478
vn 0.7915 0.2720 0.5474
vn 0.7944 0.2759 0.5411
vn 0.7864 0.2785 0.5514
vn -0.3698 0.8918 -0.2606
vn -0.3799 0.8899 -0.2526
vn -0.3727 0.8940 -0.2486
vn -0.3682 0.8930 -0.2588
vn 0.7857 -0.3822 -0.4863
vn 0.7886 -0.3830 -0.4810
vn 0.7801 -0.3935 -0.4863
vn 0.7842 -0.3824 -0.4887
vn -0.4407 0.2083 -0.8731
vn -0.4413 0.2146 -0.8713
vn -0.4351 0.2197 -0.8732
vn -0.4328 0.2099 -0.8767
vn 0.4163 -0.8664 0.2758
vn 0.4107 -0.8661 0.2850
vn 0.4093 -0.8676 0.2823
vn 0.4071 -0.8704 0.2769
vn -0.7816 -0.3136 -0.5392
vn -0.7868 -0.3100 -0.5337
vn -0.7777 -0.3156 -0.5437
vn -0.7838 -0.3158 -0.5347
vn 0.1523 0.9702 -0.1883
vn 0.1521 0.9715 -0.1819
vn 0.1539 0.9703 -0.1866
vn 0.1538 0.9709 -0.1836
vn -0.0951 -0.6175 -0.7808
vn -0.0937 -0.6122 -0.7851
vn -0.0923 -0.6162 -0.7822
vn -0.0918 -0.6145 -0.7836
vn 0.7348 0.1678 0.6573
vn 0.7349 0.1656 0.6576
vn 0.7345 0.1632 0.6587
vn 0.7378 0.1643 0.6547
vn 0.1336 -0.9487 -0.2867
vn 0.1329 -0.9476 -0.2905
vn 0.1379 -0.9472 -0.2895
vn 0.1355 -0.9486 -0.2860
vn 0.0155 0.0889 0.9959
vn 0.0157 0.0886 0.9959
vn 0.0136 0.0904 0.9958
vn 0.0143 0.0870 0.9961
vn -0.1530 -0.9796 -0.1305
vn -0.1523 -0.9793 -0.1336
vn -0.1504 -0.9798 -0.1317
vn -0.1511 -0.9799 -0.1305
vn -0.7987 0.5101 0.3190
vn -0.7997 0.5086 0.3189
vn -0.7968 0.5112 0.3222
vn -0.7987 0.5113 0.3173
vn -0.4633 -0.7865 -0.4083
vn -0.4606 -0.7863 -0.4119
vn -0.4588 -0.7881 -0.4104
vn -0.4591 -0.7893 -0.4077
vn 0.5969 -0.5963 -0.5368
vn 0.5957 -0.5973 -0.5371
vn 0.5953 -0.5967 -0.5381
vn 0.5966 -0.5956 -0.5379
vn -0.4010 0.4007 -0.8238
vn -0.4011 0.4009 -0.8237
vn -0.3995 0.4008 -0.8245
vn -0.4009 0.3994 -0.8245
vn -0.0644 -0.9972 -0.0371
vn -0.0399 -0.9991 -0.0127
vn -0.0933 -0.9955 -0.0154
vn -0.0651 -0.9971 -0.0384
vn -0.8708 0.1379 -0.4718
vn -0.8591 0.1166 -0.4983
vn -0.8593 0.1154 -0.4983
vn -0.8748 0.0931 -0.4754
vn -0.1565 -0.6250 0.7647
vn -0.1651 -0.5982 0.7842
vn -0.1651 -0.5963 0.7856
vn -0.1978 -0.6046 0.7716
vn -0.9130 0.4029 0.0638
vn -0.9076 0.4185 0.0321
vn -0.9271 0.3712 0.0517
vn -0.9133 0.4022 0.0643
vn 0.8616 0.0904 0.4995
vn 0.8624 0.0893 0.4984
vn 0.8627 0.0907 0.4975
vn 0.8618 0.0913 0.4990
vn -0.1727 0.9798 -0.1007
vn -0.1725 0.9798 -0.1008
vn -0.1730 0.9800 -0.0985
vn -0.1714 0.9801 -0.1003
vn 0.6978 -0.7163 -0.0004
vn 0.6978 -0.7163 0.0004
vn 0.6975 -0.7165 0.0001
vn 0.6975 -0.7165 -0.0001
vn -0.8391 -0.5440 -0.0003
vn -0.8391 -0.5440 0.0003
vn -0.8389 -0.5442 -0.0004
vn -0.8389 -0.5442 0.0004
vn 0.4500 -0.0695 0.8903
vn 0.4499 -0.0687 0.8905
vn 0.4492 -0.0688 0.8908
vn 0.4496 -0.0701 0.8905
vn -0.8824 0.1363 0.4502
vn -0.8820 0.1364 0.4511
vn -0.8818 0.1366 0.4514
vn -0.8817 0.1379 0.4511
vn 0.8876 0.4607 -0.0003
vn 0.8876 0.4607 0.0003
vn 0.8871 0.4616 -0.0011
vn 0.8871 0.4616 0.0011
vn -0.6516 0.7585 -0.0011
vn -0.6516 0.7585 0.0011
vn -0.6511 0.7590 0.0009
vn -0.6511 0.7590 -0.0009
vn 0.4498 -0.0687 -0.8905
vn 0.4499 -0.0695 -0.8904
vn 0.4496 -0.0701 -0.8905
vn 0.4492 -0.0688 -0.8908
vn -0.8820 0.1364 -0.4511
vn -0.8824 0.1363 -0.4502
vn -0.8818 0.1379 -0.4511
vn -0.8818 0.1366 -0.4514
vn 0.5739 -0.1030 0.8124
vn 0.0505 0.5420 0.8389
vn -0.1141 0.3056 0.9453
vn 0.5698 -0.1196 0.8130
vn -0.6306 -0.6313 -0.4516
vn -0.9534 -0.1997 0.2260
vn -0.9517 -0.1973 0.2353
vn -0.8594 0.5029 -0.0923
vn 0.7344 -0.4033 -0.5459
vn 0.7344 -0.4033 0.5459
vn 0.7198 -0.3106 -0.6208
vn 0.7198 -0.3106 0.6208
vn -0.6748 0.2569 -0.6919
vn -0.6747 0.2569 0.6919
vn -0.6880 0.5544 0.4683
vn -0.6880 0.5544 -0.4683
vn 0.0505 0.5420 -0.8389
vn 0.5739 -0.1032 -0.8124
vn 0.5696 -0.1196 -0.8132
vn -0.1143 0.3055 -0.9453
vn -0.9535 -0.1997 -0.2259
vn -0.6306 -0.6312 0.4515
vn -0.8594 0.5028 0.0922
vn -0.9517 -0.1975 -0.2353
vn 0.7578 -0.6524 -0.0096
vn 0.7577 -0.6525 0.0096
vn 0.7518 -0.6594 0.0022
vn 0.7518 -0.6594 -0.0024
vn -0.7728 -0.6347 -0.0064
vn -0.7728 -0.6346 0.0063
vn -0.7682 -0.6402 -0.0096
vn -0.7683 -0.6400 0.0096
vn 0.3959 0.0151 0.9182
vn 0.3958 0.0176 0.9182
vn 0.3955 0.0175 0.9183
vn 0.3949 0.0153 0.9186
vn -0.9296 -0.0405 0.3663
vn -0.9303 -0.0394 0.3648
vn -0.9294 -0.0424 0.3666
vn -0.9295 -0.0400 0.3666
vn 0.7687 0.6396 -0.0001
vn 0.7687 0.6396 0.0001
vn 0.7685 0.6399 -0.0004
vn 0.7685 0.6399 0.0004
vn -0.7777 0.6286 -0.0004
vn -0.7777 0.6286 0.0004
vn -0.7776 0.6288 0.0003
vn -0.7776 0.6288 -0.0003
vn 0.3972 0.0177 -0.9175
vn 0.3974 0.0152 -0.9175
vn 0.3964 0.0153 -0.9180
vn 0.3970 0.0176 -0.9176
vn -0.9288 -0.0394 -0.3685
vn -0.9281 -0.0405 -0.3701
vn -0.9280 -0.0399 -0.3704
vn -0.9279 -0.0424 -0.3704
vn 0.9062 -0.4229 0.0003
vn 0.9062 -0.4229 -0.0003
vn 0.9053 -0.4248 0.0021
vn 0.9053 -0.4248 -0.0022
vn -0.8549 -0.5188 0.0021
vn -0.8549 -0.5188 -0.0022
vn -0.8543 -0.5197 -0.0019
vn -0.8543 -0.5197 0.0018
vn 0.7632 0.5971 -0.2471
vn 0.7621 0.5976 -0.2491
vn 0.7633 0.5980 -0.2444
vn 0.7643 0.5954 -0.2476
vn 0.5110 -0.3996 0.7611
vn 0.5135 -0.4015 0.7584
vn 0.5141 -0.4008 0.7584
vn 0.5142 -0.3977 0.7599
vn 0.0025 0.9973 0.0738
vn -0.0333 0.9955 0.0890
vn 0.0016 0.9970 0.0778
vn -0.0272 -0.1387 0.9900
vn 0.0003 -0.1193 0.9929
vn 0.0034 -0.1154 0.9933
vn -0.0269 -0.0934 0.9953
vn -0.7402 0.6251 -0.2478
vn -0.7618 0.5973 -0.2506
vn -0.7666 0.6051 -0.2147
vn -0.5106 -0.4030 0.7596
vn -0.5124 -0.4026 0.7586
vn -0.0005 -0.0887 -0.9961
vn 0.0011 -0.0900 -0.9959
vn 0.0008 -0.0909 -0.9959
vn -0.0013 -0.0906 -0.9959
vn -0.0008 -0.9798 0.1998
vn -0.0013 -0.9801 0.1985
vn 0.0012 -0.9800 0.1990
vn -0.5838 -0.8028 0.1216
vn -0.6115 -0.7831 0.1129
vn -0.6087 0.5900 0.5304
vn -0.6255 0.5992 0.4997
vn -0.6351 0.5808 0.5092
vn 0.2080 -0.7836 0.5854
vn 0.2115 -0.8054 0.5537
vn 0.2437 -0.7678 0.5926
vn -0.1347 0.6182 0.7744
vn -0.1555 0.5896 0.7926
vn -0.1183 0.5857 0.8018
vn 0.7715 -0.4814 -0.4160
vn 0.7672 -0.4586 -0.4483
vn 0.7694 -0.4550 -0.4483
vn 0.7936 -0.4405 -0.4197
vn 0.3726 0.9036 -0.2113
vn 0.3418 0.9186 -0.1983
vn 0.4000 0.8980 -0.1834
vn 0.3743 0.9019 -0.2157
vn 0.0029 -0.4614 -0.8872
vn -0.0250 -0.4372 -0.8990
vn 0.0251 0.9110 -0.4117
vn -0.0005 0.9025 -0.4308
vn -0.0010 0.9007 -0.4344
vn -0.0025 -0.5473 -0.8369
vn -0.0013 -0.5464 -0.8375
vn 0.0028 -0.5485 -0.8362
vn -0.0020 -0.5502 -0.8350
vn 0.0028 -0.7467 0.6652
vn 0.0007 -0.7448 0.6673
vn -0.0028 -0.7470 0.6648
vn 0.0021 -0.7479 0.6638
vn 0.8423 0.2244 -0.4901
vn 0.8417 0.2282 -0.4893
vn 0.8423 0.2276 -0.4885
vn 0.8432 0.2251 -0.4881
vn 0.4938 -0.1348 0.8591
vn 0.4925 -0.1328 0.8601
vn 0.4949 -0.1367 0.8581
vn 0.4944 -0.1329 0.8590
vn -0.0003 0.8903 -0.4554
vn -0.0011 0.8912 -0.4536
vn 0.0011 0.8908 -0.4544
vn -0.0005 0.3485 0.9373
vn 0.0011 0.3497 0.9369
vn 0.0008 0.3506 0.9365
vn -0.8412 0.2278 -0.4905
vn -0.8404 0.2279 -0.4918
vn -0.8426 0.2243 -0.4896
vn -0.8421 0.2283 -0.4887
vn -0.4935 -0.1367 0.8589
vn -0.4934 -0.1335 0.8595
vn -0.4964 -0.1358 0.8574
vn 0.0025 -0.5473 -0.8370
vn 0.0020 -0.5502 -0.8350
vn -0.0007 -0.7448 0.6673
vn 0.0028 -0.7470 0.6648
vn 0.8404 0.2279 -0.4918
vn 0.8417 0.2284 -0.4892
vn 0.8424 0.2277 -0.4883
vn 0.8426 0.2243 -0.4896
vn 0.4935 -0.1349 0.8592
vn 0.4935 -0.1367 0.8589
vn 0.4963 -0.1358 0.8574
vn 0.4944 -0.1327 0.8591
vn -0.0004 0.8902 -0.4556
vn -0.0003 0.8902 -0.4555
vn 0.0014 0.8908 -0.4544
vn -0.0009 0.3490 0.9371
vn 0.0014 0.3496 0.9369
vn 0.0009 0.3507 0.9365
vn -0.0010 0.3504 0.9366
vn -0.8414 0.2281 -0.4899
vn -0.8422 0.2279 -0.4886
vn -0.4935 -0.1342 0.8593
vn -0.4947 -0.1328 0.8588
vn -0.4955 -0.1366 0.8578
vn 0.0660 0.9972 0.0349
vn 0.0272 0.9992 0.0277
vn 0.0597 0.9953 0.0769
vn 0.0681 0.9970 0.0380
vn 0.8422 -0.1407 0.5205
vn 0.8598 -0.1191 0.4965
vn 0.8622 -0.1158 0.4932
vn 0.8476 -0.0909 0.5229
vn -0.5830 0.6278 0.5157
vn -0.5976 0.5972 0.5350
vn -0.5974 0.5963 0.5362
vn -0.5662 0.6056 0.5591
vn 0.4026 -0.4029 0.8219
vn 0.4289 -0.4198 0.7999
vn 0.4012 -0.4026 0.8227
vn -0.8629 -0.0893 -0.4974
vn -0.8627 -0.0891 -0.4978
vn -0.8620 -0.0907 -0.4987
vn -0.8631 -0.0907 -0.4968
vn 0.1736 -0.9798 0.0992
vn 0.1730 -0.9798 0.1004
vn 0.1725 -0.9801 0.0982
vn 0.1665 0.5961 -0.7855
vn 0.1646 0.5971 -0.7851
vn 0.1691 0.5984 -0.7831
vn 0.1678 0.5954 -0.7857
vn 0.9150 -0.3986 -0.0629
vn 0.9138 -0.4010 -0.0642
vn 0.9137 -0.4010 -0.0662
vn 0.9152 -0.3976 -0.0662
vn -0.7419 0.6706 -0.0003
vn -0.7419 0.6706 0.0003
vn -0.7416 0.6708 0.0001
vn -0.7416 0.6708 -0.0001
vn 0.9311 0.3648 -0.0003
vn 0.9311 0.3648 0.0003
vn 0.9310 0.3649 -0.0003
vn 0.9310 0.3649 0.0003
vn -0.3265 0.0504 0.9438
vn -0.3263 0.0506 0.9439
vn -0.3262 0.0510 0.9439
vn 0.9338 -0.1449 0.3271
vn 0.9339 -0.1446 0.3271
vn 0.9337 -0.1447 0.3274
vn -0.9085 -0.4178 -0.0000
vn 0.7784 -0.6278 -0.0000
vn -0.3263 0.0506 -0.9439
vn -0.3266 0.0504 -0.9438
vn -0.3263 0.0510 -0.9439
vn 0.9338 -0.1446 -0.3272
vn 0.9338 -0.1449 -0.3272
vn 0.9337 -0.1447 -0.3275
vn 0.7614 0.5983 -0.2494
vn 0.7402 0.6251 -0.2478
vn 0.7667 0.6051 -0.2147
vn 0.7628 0.5963 -0.2500
vn 0.4816 -0.4177 0.7705
vn 0.5119 -0.4030 0.7587
vn 0.5126 -0.4021 0.7587
vn 0.5088 -0.3709 0.7769
vn 0.0098 0.9991 0.0411
vn 0.0008 0.9974 0.0722
vn -0.0028 0.9971 0.0756
vn 0.0333 0.9955 0.0889
vn -0.0034 -0.1168 0.9932
vn 0.0272 -0.1387 0.9900
vn 0.0269 -0.0934 0.9953
vn -0.0022 -0.1136 0.9935
vn -0.7624 0.5986 -0.2456
vn -0.7644 0.5953 -0.2475
vn -0.7647 0.5964 -0.2440
vn -0.5129 -0.4017 0.7587
vn -0.5112 -0.4029 0.7592
vn -0.5124 -0.3981 0.7609
vn -0.5141 -0.4010 0.7583
vn -0.0009 -0.0892 -0.9960
vn 0.0014 -0.0899 -0.9959
vn 0.0009 -0.0911 -0.9958
vn -0.0010 -0.0908 -0.9959
vn -0.0010 -0.9798 0.2000
vn 0.0001 -0.9797 0.2002
vn -0.0012 -0.9800 0.1988
vn 0.0014 -0.9800 0.1990
vn -0.7759 0.4014 -0.4866
vn -0.7808 0.3752 -0.4996
vn -0.7851 0.3820 -0.4875
vn -0.7900 0.3783 -0.4824
vn -0.4288 0.2052 0.8798
vn -0.4227 0.2009 0.8837
vn -0.4195 0.2241 0.8797
vn -0.4419 0.2062 0.8731
vn -0.8085 0.3018 -0.5052
vn -0.8045 0.3094 -0.5071
vn -0.8203 0.2839 -0.4966
vn -0.8131 0.3090 -0.4933
vn -0.4821 0.1613 0.8611
vn -0.4720 0.1849 0.8620
vn -0.4847 0.1846 0.8550
vn -0.4937 0.1716 0.8525
vn 0.1103 -0.6265 -0.7716
vn 0.1149 -0.6302 -0.7678
vn 0.1297 -0.6231 -0.7713
vn 0.1146 -0.6420 -0.7581
vn -0.3483 -0.4899 0.7992
vn -0.3402 -0.4725 0.8130
vn -0.3676 -0.4777 0.7979
vn -0.3605 -0.4847 0.7969
vn 0.9123 -0.3394 -0.2293
vn 0.9057 -0.3406 -0.2523
vn 0.9138 -0.3230 -0.2463
vn 0.9160 -0.3268 -0.2327
vn 0.2623 -0.0852 0.9612
vn 0.2576 -0.0841 0.9626
vn 0.2418 -0.0903 0.9661
vn 0.2602 -0.1059 0.9597
vn 0.8720 -0.4477 -0.1978
vn 0.8830 -0.4225 -0.2044
vn 0.8795 -0.4362 -0.1905
vn 0.8817 -0.4300 -0.1940
vn 0.1963 -0.0890 0.9765
vn 0.2036 -0.0789 0.9759
vn 0.1991 -0.0985 0.9750
vn 0.2165 -0.0767 0.9733
vn 0.8672 0.0055 -0.4979
vn 0.8607 0.0113 -0.5090
vn 0.8762 0.0284 -0.4812
vn 0.8749 -0.0111 -0.4841
vn 0.2868 0.2718 0.9186
vn 0.3072 0.2411 0.9206
vn 0.3171 0.2546 0.9136
vn 0.3203 0.2752 0.9065
vn 0.5003 0.2169 -0.8382
vn 0.5159 0.2282 -0.8257
vn 0.4772 0.2287 -0.8485
vn 0.5164 0.2437 -0.8209
vn 0.2646 0.6799 0.6839
vn 0.2647 0.6439 0.7179
vn 0.2945 0.6514 0.6992
vn 0.2842 0.6715 0.6844
vn -0.7838 -0.1410 -0.6048
vn -0.7613 -0.1549 -0.6296
vn -0.7633 -0.1787 -0.6208
vn -0.7873 -0.1601 -0.5955
vn -0.5205 0.0688 0.8511
vn -0.5156 0.0604 0.8547
vn -0.4927 0.0989 0.8646
vn -0.5255 0.0972 0.8452
vn -0.0894 -0.8386 -0.5374
vn 0.1003 -0.9222 -0.3735
vn -0.0320 -0.9532 -0.3006
vn -0.0914 -0.8369 -0.5397
vn -0.5729 -0.1706 0.8017
vn -0.3932 -0.3636 0.8445
vn -0.3905 -0.3638 0.8457
vn -0.1503 -0.2934 0.9441
vn 0.6245 0.3780 -0.6834
vn 0.7476 0.1899 -0.6365
vn 0.7946 0.2464 -0.5549
vn 0.7393 -0.0617 -0.6705
vn 0.3257 0.1176 0.9381
vn 0.5089 -0.1442 0.8487
vn 0.6040 -0.0385 0.7961
vn 0.4177 0.1485 0.8964
vn 0.3762 0.5595 -0.7385
vn 0.3112 0.6107 -0.7281
vn 0.3190 0.6235 -0.7138
vn 0.3830 0.6381 -0.6679
vn -0.1507 0.5792 0.8012
vn -0.1547 0.5295 0.8341
vn -0.0868 0.6047 0.7917
vn -0.1796 0.5931 0.7848
vn -0.7275 -0.2154 -0.6514
vn -0.7393 -0.2036 -0.6418
vn -0.7394 -0.2006 -0.6427
vn -0.7434 -0.1842 -0.6430
vn -0.5611 -0.1514 0.8138
vn -0.5624 -0.1352 0.8158
vn -0.5743 -0.1442 0.8058
vn -0.5584 -0.1536 0.8153
vt 44.010399 -5.006270
vt 44.000000 -4.982110
vt 44.000000 -4.985170
vt 44.008801 -5.003620
vt 44.000000 -5.022070
vt 44.007198 -5.022070
vt 44.006302 -5.017890
vt 44.000000 -5.017890
vt 44.000000 -4.977930
vt 44.007198 -4.977930
vt 44.006302 -4.973750
vt 44.000000 -4.973750
vt 43.996899 -5.006270
vt 44.000000 -5.026250
vt 44.000000 -5.029310
vt 43.995300 -5.003620
vt 43.993698 -4.982110
vt 43.992802 -4.977930
vt 44.000500 -5.000000
vt 43.996899 -4.993730
vt 43.996399 -5.029310
vt 43.988701 -5.000000
vt 43.991699 -5.000000
vt 43.996399 -4.985300
vt 43.993698 -4.988360
vt 44.011299 -5.000000
vt 44.008301 -5.000000
vt 44.003601 -4.999780
vt 44.006302 -4.996720
vt 43.992802 -5.022070
vt 43.993698 -5.026250
vt 44.006302 -5.003430
vt 44.000000 -5.003430
vt 44.000000 -5.007610
vt 44.007198 -5.007610
vt 43.986000 -5.000000
vt 43.989601 -5.006270
vt 44.003601 -4.970690
vt 44.000000 -4.970690
vt 43.991199 -5.003620
vt 43.989101 -5.000000
vt 44.014000 -5.000000
vt 44.010399 -4.993730
vt 43.996399 -4.985170
vt 44.006199 -4.996380
vt 44.000000 -4.996720
vt 43.993698 -4.996720
vt 43.999500 -5.000000
vt 44.003101 -5.006270
vt 44.000000 -4.992540
vt 44.007198 -4.992540
vt 44.006302 -4.988360
vt 44.000000 -4.988360
vt 43.993698 -5.017890
vt 44.004700 -5.029310
vt 44.008801 -5.029310
vt 44.010399 -5.026250
vt 44.003101 -5.026250
vt 44.010399 -4.973750
vt 44.008801 -4.970690
vt 44.004700 -4.970690
vt 44.003101 -4.973750
vt 44.003601 -4.985300
vt 44.000000 -4.985300
vt 44.003101 -5.000000
vt 43.999500 -4.993730
vt 28.013399 -27.035700
vt 28.011200 -27.022400
vt 28.000000 -27.022400
vt 28.000000 -27.041300
vt 44.006699 -5.000000
vt 44.003700 -5.000000
vt 44.001598 -5.003620
vt 44.003601 -5.014830
vt 44.000000 -5.014830
vt 28.006500 -26.982901
vt 27.993500 -26.982901
vt 27.993500 -26.996799
vt 28.006500 -26.996799
vt 27.991699 -27.028799
vt 27.995001 -27.023199
vt 27.980801 -27.022400
vt 27.973400 -27.035700
vt 44.003101 -4.993730
vt 44.004700 -4.996380
vt 43.997398 -4.996380
vt 43.995300 -5.000000
vt 43.997398 -5.003620
vt 28.011200 -27.009501
vt 28.000000 -27.009501
vt 44.004101 -5.000000
vt 44.006199 -5.003620
vt 43.993198 -5.000000
vt 43.991199 -4.996380
vt 43.997398 -5.000000
vt 43.995899 -5.000000
vt 44.000099 -5.000000
vt 43.998001 -4.996380
vt 43.993801 -4.996380
vt 44.001598 -4.996380
vt 43.999901 -5.000000
vt 44.001999 -5.003620
vt 43.995300 -4.996380
vt 43.993801 -5.003620
vt 43.998001 -5.003620
vt 44.001999 -4.996380
vt 44.000500 -4.993730
vt 44.000000 -4.999780
vt 43.996899 -5.000000
vt 44.000500 -5.006270
vt 43.996399 -4.999780
vt 43.993301 -5.000000
vt 43.996300 -5.000000
vt 43.996399 -5.000370
vt 43.993698 -5.003430
vt 28.005899 -26.955400
vt 27.992399 -26.951099
vt 27.994101 -26.982800
vt 27.992001 -26.996401
vt 28.006399 -26.996799
vt 28.008499 -26.982901
vt 28.007900 -26.968700
vt 27.962700 -27.000000
vt 28.025900 -27.000000
vt 28.025200 -26.986601
vt 27.973400 -26.986601
vt 43.993698 -5.011790
vt 44.000000 -5.011790
vt 43.992802 -5.007610
vt 43.996899 -5.017890
vt 43.989601 -5.017890
vt 43.989101 -5.022070
vt 43.997398 -5.022070
vt 43.995300 -5.014830
vt 43.991199 -5.014830
vt 43.996899 -5.011790
vt 43.998402 -5.014850
vt 44.002602 -5.014850
vt 44.004101 -5.011790
vt 28.000000 -26.982800
vt 28.000000 -26.948900
vt 27.988800 -26.951099
vt 27.988800 -26.982800
vt 27.963400 -26.975500
vt 27.962700 -26.989500
vt 27.964800 -27.003099
vt 27.979200 -27.000299
vt 27.977100 -26.987000
vt 27.977800 -26.973301
vt 44.002602 -5.022070
vt 44.010899 -5.022070
vt 44.010399 -5.017890
vt 44.003101 -5.017890
vt 43.997398 -4.977930
vt 43.989101 -4.977930
vt 43.989601 -4.982110
vt 43.996899 -4.982110
vt 44.008301 -4.992540
vt 43.999901 -4.992540
vt 44.000500 -4.996720
vt 44.007702 -4.996720
vt 43.992298 -4.996720
vt 43.993801 -4.999780
vt 43.998001 -4.999780
vt 43.999500 -4.996720
vt 44.008801 -5.014830
vt 44.004700 -5.014830
vt 43.996899 -4.973750
vt 43.995300 -4.970690
vt 43.991199 -4.970690
vt 43.989601 -4.973750
vt 27.980600 -26.993500
vt 27.966499 -26.988800
vt 27.966499 -27.011200
vt 27.980600 -27.006500
vt 27.994101 -27.006500
vt 28.007601 -27.011200
vt 28.014500 -27.000000
vt 28.007601 -26.988800
vt 27.994101 -26.993500
vt 43.993698 -4.973750
vt 27.988800 -27.016199
vt 28.011200 -27.016199
vt 28.011200 -27.003099
vt 27.988800 -27.003099
vt 44.000000 -5.000370
vt 43.992802 -4.992540
vt 28.001400 -27.010201
vt 27.987200 -27.009501
vt 43.998402 -5.003620
vt 44.006302 -5.026250
vt 28.012800 -27.009501
vt 28.007999 -26.996401
vt 27.993601 -26.996799
vt 27.998600 -27.010201
vt 28.004999 -27.023199
vt 28.019199 -27.022400
vt 44.006302 -4.982110
vt 43.999500 -5.006270
vt 28.011200 -26.975500
vt 27.988800 -26.975500
vt 27.988800 -26.989500
vt 28.011200 -26.989500
vt 43.992298 -5.000000
vt 43.995899 -5.006270
vt 43.998402 -4.996380
vt 44.008801 -4.996380
vt 44.006802 -5.000000
vt 44.010899 -5.000000
vt 44.002602 -5.000000
vt 44.004700 -5.003620
vt 44.006302 -5.011790
vt 44.003101 -5.003430
vt 43.995899 -5.003430
vt 43.995300 -5.007610
vt 44.003700 -5.007610
vt 44.002602 -5.003620
vt 44.004700 -5.000000
vt 44.004101 -5.003430
vt 44.002602 -5.000370
vt 43.998402 -5.000370
vt 43.996899 -5.003430
vt 44.001999 -4.999780
vt 44.006199 -4.999780
vt 43.996300 -5.007610
vt 44.004700 -5.007610
vt 44.007702 -4.988360
vt 44.006199 -4.985300
vt 44.001999 -4.985300
vt 44.000500 -4.988360
vt 43.991199 -4.985170
vt 43.995300 -4.985170
vt 44.003101 -4.982110
vt 44.004700 -4.985170
vt 44.008801 -4.985170
vt 44.010399 -4.982110
vt 43.998001 -4.985300
vt 43.993801 -4.985300
vt 43.992298 -4.988360
vt 43.999500 -4.988360
vt 44.002602 -4.977930
vt 44.010899 -4.977930
vt 44.000099 -4.992540
vt 43.991699 -4.992540
vt 28.011200 -26.964199
vt 27.988800 -26.964199
vt 43.989601 -4.993730
vt 28.006500 -26.968700
vt 27.993500 -26.968700
vt 28.008301 -27.028799
vt 28.026600 -27.035700
vt 27.988800 -27.029100
vt 28.011200 -27.029100
vt 28.000000 -27.051100
vt 28.013399 -27.043800
vt 27.986601 -27.043800
vt 27.993500 -27.010201
vt 28.006500 -27.010201
vt 27.989700 -26.992001
vt 27.989700 -27.007999
vt 28.008301 -27.007999
vt 28.008301 -26.992001
vt 27.980600 -26.959700
vt 27.992100 -26.968700
vt 27.994101 -26.955400
vt 44.003601 -5.000370
vt 28.022900 -26.987000
vt 28.020800 -27.000299
vt 28.035200 -27.003099
vt 28.037300 -26.989500
vt 28.036600 -26.975500
vt 28.022200 -26.973301
vt 28.000000 -26.996401
vt 28.011200 -26.996401
vt 28.011200 -26.982800
vt 27.991501 -26.982901
vt 28.005899 -26.982800
vt 28.007601 -26.951099
vt 28.006399 -27.023199
vt 27.993601 -27.023199
vt 27.992001 -27.028799
vt 28.007999 -27.028799
vt 28.025200 -27.043800
vt 28.010300 -27.032000
vt 27.966499 -26.964199
vt 27.989700 -27.032000
vt 27.974800 -27.043800
vt 44.001598 -5.000370
vt 43.997398 -5.000370
vt 27.990499 -27.026400
vt 27.983900 -27.013201
vt 27.969700 -27.016199
vt 27.976000 -27.029100
vt 27.988800 -26.996401
vt 27.988800 -27.009501
vt 27.986601 -27.035700
vt 27.988800 -27.022400
vt 28.006500 -27.000299
vt 27.993500 -27.000299
vt 27.993500 -27.013201
vt 28.006500 -27.013201
vt 28.011200 -26.951099
vt 43.995899 -4.993730
vt 28.019400 -26.959700
vt 27.993299 -27.026400
vt 28.006701 -27.026400
vt 27.973400 -27.013399
vt 28.025200 -27.013399
vt 28.006500 -26.987000
vt 27.993500 -26.987000
vt 27.992001 -27.032000
vt 28.007999 -27.032000
vt 27.993500 -26.973301
vt 28.006500 -26.973301
vt 43.989601 -5.026250
vt 43.991199 -5.029310
vt 43.995300 -5.029310
vt 43.996899 -5.026250
vt 44.002602 -4.996380
vt 43.995899 -5.011790
vt 44.003101 -5.011790
vt 43.997398 -5.014850
vt 44.001598 -5.014850
vt 28.024000 -27.029100
vt 28.030300 -27.016199
vt 28.016100 -27.013201
vt 28.009501 -27.026400
vt 28.033501 -26.964199
s 0
usemtl Meshpart1Mtl.001
f 379/1/1 380/2/2 15/2/3 13/1/4
f 380/2/5 379/1/6 14/1/7 16/2/8
f 380/2/9 381/3/10 19/3/11 15/2/12
f 381/3/13 380/2/14 16/2/15 20/3/16
f 381/3/17 382/4/18 17/4/19 19/3/20
f 382/4/21 381/3/22 20/3/23 18/4/24
f 382/4/25 379/1/26 13/1/27 17/4/28
f 379/1/29 382/4/30 18/4/31 14/1/32
f 383/5/33 384/6/34 89/6/35 87/5/36
f 384/6/37 383/5/38 88/5/39 90/6/40
f 384/6/41 385/7/42 85/7/43 89/6/44
f 385/7/45 384/6/46 90/6/47 86/7/48
f 385/7/49 386/8/50 79/8/51 85/7/52
f 386/8/53 385/7/54 86/7/55 80/8/56
f 386/8/57 383/5/58 87/5/59 79/8/60
f 383/5/61 386/8/62 80/8/63 88/5/64
f 387/9/65 388/10/66 11/10/67 9/9/68
f 388/10/69 387/9/70 10/9/71 12/10/72
f 388/10/41 389/11/73 7/11/74 11/10/75
f 389/11/76 388/10/77 12/10/78 8/11/79
f 389/11/80 390/12/81 1/12/82 7/11/83
f 390/12/84 389/11/54 8/11/85 2/12/56
f 390/12/86 387/9/87 9/9/88 1/12/89
f 387/9/90 390/12/91 2/12/92 10/9/64
f 391/13/93 392/14/2 93/14/3 91/13/4
f 392/14/5 391/13/94 92/13/7 94/14/8
f 392/14/95 393/15/96 97/15/97 93/14/98
f 393/15/99 392/14/100 94/14/101 98/15/102
f 393/15/103 394/16/104 95/16/105 97/15/106
f 394/16/107 393/15/108 98/15/109 96/16/110
f 394/16/111 391/13/112 91/13/113 95/16/114
f 391/13/115 394/16/116 96/16/117 92/13/118
f 395/17/119 396/2/120 15/2/121 21/17/122
f 396/2/123 395/17/124 22/17/125 16/2/126
f 396/2/127 397/9/128 9/9/129 15/2/130
f 397/9/131 396/2/132 16/2/133 10/9/134
f 397/9/135 398/18/136 23/18/137 9/9/138
f 398/18/139 397/9/140 10/9/141 24/18/142
f 398/18/143 395/17/144 21/17/145 23/18/146
f 395/17/147 398/18/148 24/18/149 22/17/150
f 399/19/151 400/20/152 99/20/153 93/19/154
f 400/20/155 399/19/156 94/19/157 100/20/158
f 400/20/159 401/21/160 105/21/161 99/20/162
f 401/21/163 400/20/164 100/20/165 106/21/166
f 401/21/167 402/15/168 97/15/169 105/21/170
f 402/15/171 401/21/172 106/21/173 98/15/174
f 402/15/175 399/19/176 93/19/177 97/15/178
f 399/19/179 402/15/180 98/15/181 94/19/182
f 403/22/183 404/23/184 125/23/185 31/22/186
f 404/23/187 403/22/188 32/22/189 126/23/190
f 404/23/191 405/24/192 55/24/193 125/23/194
f 405/24/195 404/23/196 126/23/197 56/24/198
f 405/24/199 406/25/200 51/25/201 55/24/202
f 406/25/203 405/24/204 56/24/205 52/25/206
f 406/25/207 403/22/208 31/22/209 51/25/210
f 403/22/211 406/25/212 52/25/213 32/22/214
f 407/26/215 408/27/216 243/27/217 43/26/218
f 408/27/219 407/26/220 44/26/221 244/27/222
f 408/27/223 409/28/224 45/28/225 243/27/226
f 409/28/107 408/27/227 244/27/228 46/28/229
f 409/28/230 410/29/112 41/29/231 45/28/232
f 410/29/115 409/28/116 46/28/117 42/29/233
f 410/29/1 407/26/234 43/26/235 41/29/4
f 407/26/236 410/29/237 42/29/7 44/26/238
f 411/5/239 412/30/240 197/30/241 195/5/242
f 412/30/243 411/5/244 196/5/245 198/30/246
f 412/30/247 413/31/248 193/31/249 197/30/250
f 413/31/251 412/30/252 198/30/253 194/31/254
f 413/31/255 414/14/256 191/14/257 193/31/258
f 414/14/259 413/31/260 194/31/261 192/14/262
f 414/14/263 411/5/264 195/5/265 191/14/266
f 411/5/267 414/14/268 192/14/269 196/5/270
f 415/32/271 416/33/272 209/33/273 177/32/274
f 416/33/275 415/32/276 178/32/277 210/33/278
f 416/33/279 417/34/280 203/34/281 209/33/282
f 417/34/283 416/33/284 210/33/285 204/34/286
f 417/34/287 418/35/288 175/35/289 203/34/290
f 418/35/291 417/34/292 204/34/293 176/35/294
f 418/35/295 415/32/296 177/32/297 175/35/298
f 415/32/299 418/35/300 176/35/301 178/32/302
f 419/36/303 420/37/304 7/37/305 1/36/306
f 420/37/307 419/36/308 2/36/309 8/37/310
f 420/37/311 421/38/312 3/38/313 7/37/314
f 421/38/315 420/37/316 8/37/317 4/38/318
f 421/38/319 422/39/320 5/39/321 3/38/322
f 422/39/323 421/38/324 4/38/325 6/39/326
f 422/39/327 419/36/328 1/36/329 5/39/330
f 419/36/331 422/39/332 6/39/333 2/36/334
f 423/36/335 424/37/336 193/37/337 191/36/338
f 424/37/339 423/36/340 192/36/341 194/37/342
f 424/37/343 425/40/344 239/40/345 193/37/346
f 425/40/347 424/37/348 194/37/349 240/40/350
f 425/40/351 426/41/352 237/41/353 239/40/354
f 426/41/355 425/40/356 240/40/357 238/41/358
f 426/41/359 423/36/360 191/36/361 237/41/362
f 423/36/363 426/41/364 238/41/365 192/36/366
f 427/11/367 428/12/368 157/12/273 161/11/369
f 428/12/370 427/11/371 162/11/372 158/12/373
f 428/12/374 429/9/375 231/9/376 157/12/377
f 429/9/378 428/12/379 158/12/380 232/9/381
f 429/9/382 430/10/288 189/10/289 231/9/383
f 430/10/384 429/9/385 232/9/386 190/10/387
f 430/10/388 427/11/389 161/11/390 189/10/391
f 427/11/392 430/10/393 190/10/394 162/11/395
f 431/42/151 432/43/396 21/43/397 15/42/154
f 432/43/398 431/42/156 16/42/399 22/43/400
f 432/43/401 433/44/402 27/44/403 21/43/404
f 433/44/405 432/43/406 22/43/407 28/44/408
f 433/44/409 434/3/410 19/3/411 27/44/412
f 434/3/413 433/44/414 28/44/415 20/3/416
f 434/3/417 431/42/418 15/42/419 19/3/420
f 431/42/421 434/3/422 20/3/423 16/42/424
f 435/45/167 436/27/425 243/27/426 53/45/427
f 436/27/428 435/45/172 54/45/429 244/27/430
f 436/27/431 437/46/432 43/46/433 243/27/434
f 437/46/435 436/27/436 244/27/437 44/46/438
f 437/46/439 438/47/440 47/47/441 43/46/442
f 438/47/443 437/46/444 44/46/445 48/47/446
f 438/47/159 435/45/447 53/45/448 47/47/449
f 435/45/163 438/47/450 48/47/165 54/45/166
f 439/48/451 440/49/452 229/49/453 227/48/454
f 440/49/455 439/48/456 228/48/457 230/49/458
f 440/49/459 441/44/460 225/44/461 229/49/462
f 441/44/463 440/49/464 230/49/465 226/44/466
f 441/44/467 442/3/468 223/3/469 225/44/470
f 442/3/471 441/44/472 226/44/473 224/3/474
f 442/3/475 439/48/476 227/48/477 223/3/478
f 439/48/479 442/3/480 224/3/481 228/48/482
f 443/50/483 444/51/34 39/51/35 37/50/484
f 444/51/485 443/50/486 38/50/487 40/51/40
f 444/51/488 445/52/73 35/52/74 39/51/489
f 445/52/490 444/51/491 40/51/47 36/52/492
f 445/52/493 446/53/494 31/53/495 35/52/496
f 446/53/497 445/52/498 36/52/499 32/53/500
f 446/53/501 443/50/502 37/50/503 31/53/504
f 443/50/505 446/53/506 32/53/507 38/50/508
f 447/5/509 448/8/510 111/8/511 195/5/512
f 448/8/513 447/5/514 196/5/515 112/8/516
f 448/8/517 449/54/518 109/54/519 111/8/520
f 449/54/521 448/8/522 112/8/523 110/54/524
f 449/54/525 450/30/526 197/30/527 109/54/528
f 450/30/529 449/54/530 110/54/531 198/30/532
f 450/30/533 447/5/534 195/5/535 197/30/536
f 447/5/537 450/30/538 198/30/539 196/5/540
f 451/55/541 452/56/542 239/56/543 95/55/544
f 452/56/545 451/55/546 96/55/547 240/56/548
f 452/56/549 453/57/550 193/57/551 239/56/552
f 453/57/553 452/56/554 240/56/555 194/57/556
f 453/57/557 454/58/558 91/58/559 193/57/560
f 454/58/561 453/57/562 194/57/563 92/58/564
f 454/58/565 451/55/566 95/55/567 91/58/568
f 451/55/569 454/58/570 92/58/571 96/55/572
f 455/59/573 456/60/574 29/60/575 25/59/576
f 456/60/577 455/59/578 26/59/579 30/60/580
f 456/60/581 457/61/582 143/61/583 29/60/584
f 457/61/585 456/60/586 30/60/587 144/61/588
f 457/61/589 458/62/590 161/62/591 143/61/592
f 458/62/593 457/61/594 144/61/595 162/62/596
f 458/62/597 455/59/598 25/59/599 161/62/600
f 455/59/601 458/62/602 162/62/603 26/59/604
f 459/63/605 460/64/606 151/64/607 139/63/608
f 460/64/609 459/63/610 140/63/611 152/64/612
f 460/64/613 461/65/614 149/65/615 151/64/616
f 461/65/617 460/64/618 152/64/619 150/65/620
f 461/65/621 462/66/622 153/66/623 149/65/624
f 462/66/625 461/65/626 150/65/627 154/66/628
f 462/66/629 459/63/630 139/63/631 153/66/632
f 459/63/633 462/66/634 154/66/635 140/63/636
f 467/71/669 468/72/670 255/72/671 69/71/672
f 468/72/673 467/71/674 70/71/675 256/72/676
f 468/72/677 469/73/678 253/73/679 255/72/680
f 469/73/21 468/72/681 256/72/682 254/73/683
f 469/73/684 470/49/685 67/49/686 253/73/28
f 470/49/29 469/73/687 254/73/688 68/49/689
f 470/49/690 467/71/691 69/71/235 67/49/692
f 467/71/693 470/49/6 68/49/694 70/71/8
f 471/9/695 472/18/696 233/18/697 231/9/698
f 472/18/243 471/9/699 232/9/700 234/18/246
f 472/18/247 473/17/701 229/17/702 233/18/250
f 473/17/703 472/18/252 234/18/704 230/17/705
f 473/17/706 474/2/707 227/2/708 229/17/709
f 474/2/710 473/17/711 230/17/712 228/2/713
f 474/2/714 471/9/715 231/9/716 227/2/717
f 471/9/718 474/2/719 228/2/720 232/9/721
f 475/48/303 476/49/722 85/49/723 79/48/724
f 476/49/725 475/48/726 80/48/727 86/49/728
f 476/49/729 477/74/730 81/74/731 85/49/732
f 477/74/733 476/49/734 86/49/735 82/74/736
f 477/74/737 478/75/738 83/75/739 81/74/740
f 478/75/741 477/74/742 82/74/743 84/75/744
f 478/75/745 475/48/746 79/48/747 83/75/748
f 475/48/749 478/75/750 84/75/751 80/48/752
f 487/84/813 488/8/814 79/8/815 103/84/816
f 488/8/817 487/84/818 104/84/213 80/8/819
f 488/8/820 489/75/821 83/75/822 79/8/823
f 489/75/824 488/8/825 80/8/826 84/75/827
f 489/75/828 490/85/829 107/85/830 83/75/831
f 490/85/832 489/75/833 84/75/834 108/85/835
f 490/85/836 487/84/837 103/84/838 107/85/839
f 487/84/840 490/85/841 108/85/842 104/84/843
f 491/38/844 492/39/845 159/39/846 143/38/847
f 492/39/848 491/38/849 144/38/850 160/39/851
f 492/39/852 493/19/853 157/19/854 159/39/616
f 493/19/855 492/39/618 160/39/619 158/19/856
f 493/19/857 494/20/858 161/20/859 157/19/860
f 494/20/861 493/19/862 158/19/863 162/20/864
f 494/20/865 491/38/866 143/38/867 161/20/868
f 491/38/869 494/20/870 162/20/871 144/38/872
f 495/48/873 496/86/874 173/86/875 247/48/876
f 496/86/877 495/48/878 248/48/879 174/86/880
f 496/86/881 497/87/882 249/87/883 173/86/884
f 497/87/885 496/86/886 174/86/887 250/87/888
f 497/87/889 498/88/890 251/88/891 249/87/892
f 498/88/893 497/87/894 250/87/895 252/88/896
f 498/88/897 495/48/898 247/48/899 251/88/900
f 495/48/901 498/88/902 252/88/903 248/48/904
f 503/27/937 504/45/938 53/45/939 243/27/940
f 504/45/941 503/27/942 244/27/943 54/45/944
f 504/45/945 505/91/946 245/91/946 53/45/947
f 505/91/948 504/45/949 54/45/950 246/91/948
f 505/91/951 506/92/952 45/92/953 245/91/951
f 506/92/954 505/91/955 246/91/955 46/92/956
f 506/92/957 503/27/958 243/27/959 45/92/960
f 503/27/961 506/92/962 46/92/963 244/27/964
f 507/93/965 508/94/966 29/94/967 123/93/968
f 508/94/969 507/93/970 124/93/971 30/94/972
f 508/94/973 509/41/974 5/41/975 29/94/976
f 509/41/977 508/94/978 30/94/979 6/41/980
f 509/41/981 510/40/982 3/40/983 5/41/984
f 510/40/985 509/41/986 6/41/987 4/40/988
f 510/40/989 507/93/990 123/93/991 3/40/992
f 507/93/993 510/40/994 4/40/995 124/93/996
f 511/95/997 512/93/998 123/93/999 159/95/1000
f 512/93/1001 511/95/1002 160/95/1003 124/93/1004
f 512/93/1005 513/40/1006 3/40/1007 123/93/1008
f 513/40/1009 512/93/1010 124/93/1011 4/40/1012
f 513/40/1013 514/16/1014 141/16/1015 3/40/1016
f 514/16/1017 513/40/1018 4/40/1019 142/16/1020
f 514/16/1021 511/95/1022 159/95/1023 141/16/1024
f 511/95/1025 514/16/1026 142/16/1027 160/95/1028
f 515/96/1029 516/97/1030 151/97/1031 127/96/1032
f 516/97/1033 515/96/1034 128/96/1035 152/97/1036
f 516/97/1037 517/98/1038 139/98/1039 151/97/1040
f 517/98/1041 516/97/1042 152/97/1043 140/98/1044
f 517/98/1045 518/99/1046 55/99/1047 139/98/1048
f 518/99/1049 517/98/1050 140/98/1051 56/99/1052
f 518/99/1053 515/96/1054 127/96/1055 55/99/1056
f 515/96/1057 518/99/1058 56/99/1059 128/96/1060
f 519/73/1061 520/72/1062 255/72/1063 253/73/1064
f 520/72/1065 519/73/1066 254/73/1067 256/72/1068
f 520/72/1069 521/48/1070 247/48/1071 255/72/1072
f 521/48/1073 520/72/1074 256/72/1075 248/48/1076
f 521/48/1077 522/88/1078 251/88/1079 247/48/1080
f 522/88/1081 521/48/1082 248/48/1083 252/88/1084
f 522/88/1085 519/73/1086 253/73/1087 251/88/1088
f 519/73/1089 522/88/1090 252/88/1091 254/73/1092
f 523/48/1093 524/72/1094 255/72/1095 247/48/1096
f 524/72/1097 523/48/1098 248/48/1099 256/72/1100
f 524/72/1101 525/100/1102 171/100/1103 255/72/1104
f 525/100/1105 524/72/1106 256/72/1107 172/100/1108
f 525/100/1109 526/86/1110 173/86/1111 171/100/1112
f 526/86/1113 525/100/1114 172/100/1115 174/86/1116
f 526/86/1117 523/48/1118 247/48/1119 173/86/1120
f 523/48/1121 526/86/1122 174/86/1123 248/48/1124
f 527/91/1125 528/101/1126 211/101/1127 245/91/1125
f 528/101/1128 527/91/1129 246/91/1129 212/101/1130
f 528/101/1131 529/102/1132 213/102/1133 211/101/1134
f 529/102/1135 528/101/1136 212/101/1137 214/102/1138
f 529/102/1139 530/92/1140 45/92/1141 213/102/1142
f 530/92/1143 529/102/1144 214/102/1145 46/92/1146
f 530/92/1147 527/91/1148 245/91/1148 45/92/1149
f 527/91/1150 530/92/1151 46/92/1152 246/91/1150
f 531/93/1153 532/95/1030 159/95/1154 123/93/1155
f 532/95/1156 531/93/1157 124/93/1158 160/95/1159
f 532/95/1160 533/103/1161 143/103/1162 159/95/1163
f 533/103/1164 532/95/1165 160/95/1166 144/103/1167
f 533/103/1168 534/94/1169 29/94/1170 143/103/1171
f 534/94/1172 533/103/1173 144/103/1174 30/94/1175
f 534/94/1176 531/93/1177 123/93/1178 29/94/1179
f 531/93/1180 534/94/1181 30/94/1182 124/93/1183
f 535/97/997 536/96/1184 127/96/1185 151/97/1000
f 536/96/1186 535/97/1187 152/97/1188 128/96/1189
f 536/96/1190 537/104/1191 33/104/1192 127/96/1193
f 537/104/1194 536/96/1195 128/96/1196 34/104/1197
f 537/104/1198 538/105/1199 137/105/1200 33/104/1201
f 538/105/1202 537/104/1203 34/104/1204 138/105/1205
f 538/105/1021 535/97/1206 151/97/1207 137/105/1024
f 535/97/1208 538/105/1026 138/105/1027 152/97/1028
f 539/106/1209 540/101/1210 211/101/1211 179/106/1212
f 540/101/1213 539/106/1214 180/106/1215 212/101/1216
f 540/101/1217 541/91/1218 245/91/1218 211/101/1219
f 541/91/1220 540/101/1221 212/101/1222 246/91/1220
f 541/91/1223 542/45/1224 53/45/1225 245/91/1223
f 542/45/1226 541/91/1227 246/91/1227 54/45/1228
f 542/45/1229 539/106/1230 179/106/1231 53/45/1232
f 539/106/1233 542/45/1234 54/45/1235 180/106/1236
f 543/96/1237 544/99/1238 55/99/1239 127/96/1240
f 544/99/1241 543/96/1242 128/96/1243 56/99/1244
f 544/99/1245 545/23/1246 125/23/1247 55/99/1248
f 545/23/1249 544/99/1250 56/99/1251 126/23/1252
f 545/23/1253 546/104/1254 33/104/1255 125/23/1256
f 546/104/1257 545/23/1258 126/23/1259 34/104/1260
f 546/104/1261 543/96/1262 127/96/1263 33/104/1264
f 543/96/1265 546/104/1266 34/104/1267 128/96/1268
f 547/12/1269 548/39/1270 159/39/1271 157/12/1272
f 548/39/1273 547/12/1274 158/12/1275 160/39/1276
f 548/39/1277 549/16/1278 141/16/1279 159/39/1280
f 549/16/1281 548/39/1282 160/39/1283 142/16/1284
f 549/16/1285 550/13/1286 155/13/1287 141/16/1288
f 550/13/1289 549/16/1290 142/16/1291 156/13/1292
f 550/13/1293 547/12/1294 157/12/1295 155/13/1296
f 547/12/1297 550/13/1298 156/13/1299 158/12/1300
f 551/106/1301 552/107/1302 181/107/1303 179/106/1304
f 552/107/1305 551/106/1306 180/106/1307 182/107/1308
f 552/107/1309 553/46/1310 215/46/1311 181/107/1312
f 553/46/1313 552/107/1314 182/107/1315 216/46/1316
f 553/46/1317 554/108/1318 211/108/1319 215/46/1320
f 554/108/1321 553/46/1322 216/46/1323 212/108/1324
f 554/108/1325 551/106/1326 179/106/1327 211/108/1328
f 551/106/1329 554/108/1330 212/108/1331 180/106/1332
f 555/109/1333 556/110/1334 217/110/1335 215/109/1336
f 556/110/1337 555/109/1338 216/109/1339 218/110/1340
f 556/110/1341 557/111/1342 213/111/1343 217/110/1344
f 557/111/1345 556/110/1346 218/110/1347 214/111/1348
f 557/111/1349 558/108/1350 211/108/1351 213/111/1352
f 558/108/1353 557/111/1354 214/111/1355 212/108/1356
f 558/108/1357 555/109/1358 215/109/1359 211/108/1360
f 555/109/1361 558/108/1362 212/108/1363 216/109/1364
f 559/112/1365 560/113/1366 145/113/1367 57/112/1368
f 560/113/1369 559/112/1370 58/112/189 146/113/1371
f 560/113/1372 561/114/1373 77/114/1374 145/113/1375
f 561/114/1376 560/113/1377 146/113/1378 78/114/1379
f 561/114/1380 562/115/1381 75/115/1382 77/114/1383
f 562/115/1384 561/114/1385 78/114/205 76/115/1386
f 562/115/1387 559/112/1388 57/112/1389 75/115/1390
f 559/112/1391 562/115/1392 76/115/213 58/112/1393
f 574/127/119 575/128/1482 69/128/121 71/127/1483
f 575/128/1484 574/127/1485 72/127/1486 70/128/1487
f 575/128/1488 576/34/1489 63/34/1490 69/128/1491
f 576/34/1492 575/128/1493 70/128/1494 64/34/1495
f 576/34/1496 577/129/136 73/129/1497 63/34/1498
f 577/129/1499 576/34/1500 64/34/1501 74/129/142
f 577/129/1502 574/127/1503 71/127/1504 73/129/1505
f 574/127/1506 577/129/148 74/129/149 72/127/1507
f 578/130/1508 579/131/1509 119/131/1510 103/130/1511
f 579/131/1512 578/130/1513 104/130/1514 120/131/1515
f 579/131/1516 580/132/1517 167/132/1518 119/131/1519
f 580/132/1520 579/131/1521 120/131/1522 168/132/1523
f 580/132/1524 581/133/1525 101/133/1526 167/132/1527
f 581/133/1528 580/132/1529 168/132/1530 102/133/1531
f 581/133/1532 578/130/1533 103/130/1534 101/133/1535
f 578/130/1536 581/133/1537 102/133/1538 104/130/1539
f 582/134/1540 583/135/1541 121/135/1542 107/134/1543
f 583/135/1544 582/134/1545 108/134/1546 122/135/1547
f 583/135/1548 584/131/1549 119/131/1550 121/135/1551
f 584/131/1552 583/135/1553 122/135/1554 120/131/1555
f 584/131/1556 585/130/1557 103/130/1558 119/131/1559
f 585/130/1560 584/131/1561 120/131/1562 104/130/1563
f 585/130/1564 582/134/1565 107/134/1566 103/130/1567
f 582/134/1568 585/130/1569 104/130/1570 108/134/1571
f 586/136/1572 587/137/1573 253/137/1574 67/136/1575
f 587/137/1576 586/136/1577 68/136/1578 254/137/1579
f 587/137/1580 588/138/1581 251/138/1582 253/137/1583
f 588/138/1584 587/137/1585 254/137/1586 252/138/1587
f 588/138/1588 589/139/1589 201/139/1590 251/138/1591
f 589/139/1592 588/138/1593 252/138/1594 202/139/1595
f 589/139/1596 586/136/1597 67/136/559 201/139/1598
f 586/136/1599 589/139/1600 202/139/1601 68/136/564
f 600/150/1682 601/58/1683 91/58/1684 89/150/1685
f 601/58/1686 600/150/1687 90/150/1688 92/58/1689
f 601/58/1690 602/57/1691 193/57/1692 91/58/1693
f 602/57/1694 601/58/1695 92/58/1696 194/57/1697
f 602/57/1698 603/151/1699 197/151/1700 193/57/1701
f 603/151/1702 602/57/1703 194/57/1704 198/151/1705
f 603/151/1706 600/150/1707 89/150/1708 197/151/1709
f 600/150/1710 603/151/1711 198/151/1712 90/150/1713
f 604/151/1714 605/152/1715 109/152/1716 197/151/1717
f 605/152/1718 604/151/1719 198/151/1720 110/152/1721
f 605/152/1722 606/153/1723 85/153/1724 109/152/1725
f 606/153/1726 605/152/1727 110/152/1728 86/153/1729
f 606/153/1730 607/150/1731 89/150/1732 85/153/1733
f 607/150/1734 606/153/1735 86/153/1736 90/150/1737
f 607/150/1738 604/151/1739 197/151/1740 89/150/1741
f 604/151/1742 607/150/1743 90/150/1744 198/151/1745
f 608/154/1746 609/155/1707 11/155/1708 233/154/1747
f 609/155/1710 608/154/1711 234/154/1712 12/155/1713
f 609/155/1748 610/156/1749 13/156/1750 11/155/1685
f 610/156/1751 609/155/1687 12/155/1688 14/156/1752
f 610/156/1753 611/157/1754 229/157/1755 13/156/1756
f 611/157/1757 610/156/1758 14/156/1696 230/157/1759
f 611/157/1760 608/154/1761 233/154/1762 229/157/1763
f 608/154/1702 611/157/1764 230/157/1765 234/154/1705
f 612/158/1766 613/159/1767 183/159/1768 49/158/1769
f 613/159/1770 612/158/1771 50/158/1772 184/159/1773
f 613/159/1774 614/160/1775 181/160/1776 183/159/1777
f 614/160/1778 613/159/1779 184/159/1780 182/160/1781
f 614/160/1782 615/161/1783 47/161/1784 181/160/1785
f 615/161/1786 614/160/1787 182/160/1788 48/161/1789
f 615/161/1790 612/158/1791 49/158/1792 47/161/1793
f 612/158/1794 615/161/1795 48/161/1796 50/158/1797
f 616/162/1798 617/163/1799 45/163/1800 41/162/1801
f 617/163/569 616/162/1802 42/162/1803 46/163/572
f 617/163/541 618/164/1804 213/164/1805 45/163/1806
f 618/164/1807 617/163/1808 46/163/1809 214/164/1810
f 618/164/1811 619/165/1812 217/165/1813 213/164/1814
f 619/165/1815 618/164/1816 214/164/1817 218/165/556
f 619/165/1818 616/162/558 41/162/1819 217/165/1820
f 616/162/561 619/165/1821 218/165/1822 42/162/564
f 620/152/1823 621/166/1824 113/166/1825 109/152/1826
f 621/166/1827 620/152/1828 110/152/1829 114/166/1830
f 621/166/1831 622/167/1832 81/167/1833 113/166/1834
f 622/167/1835 621/166/1836 114/166/1837 82/167/1838
f 622/167/1839 623/153/1840 85/153/1841 81/167/1842
f 623/153/1843 622/167/1844 82/167/1845 86/153/1846
f 623/153/1847 620/152/1848 109/152/1849 85/153/1850
f 620/152/1851 623/153/1852 86/153/1853 110/152/1854
f 624/168/1855 625/169/1856 141/169/1857 155/168/1858
f 625/169/1859 624/168/1860 156/168/1861 142/169/1862
f 625/169/1863 626/170/1864 3/170/1865 141/169/1866
f 626/170/1867 625/169/1868 142/169/1869 4/170/1870
f 626/170/1871 627/171/1872 7/171/1873 3/170/1874
f 627/171/1875 626/170/1876 4/170/1877 8/171/1878
f 627/171/1879 624/168/1880 155/168/1881 7/171/1882
f 624/168/1883 627/171/1884 8/171/1885 156/168/1886
f 637/9/1959 638/12/1960 157/12/1961 231/9/1962
f 638/12/1963 637/9/1964 232/9/1965 158/12/1966
f 638/12/1967 639/181/1968 155/181/1969 157/12/1970
f 639/181/1971 638/12/1972 158/12/1973 156/181/1974
f 639/181/1975 640/18/1976 233/18/527 155/181/1977
f 640/18/529 639/181/1978 156/181/1979 234/18/532
f 640/18/1980 637/9/1981 231/9/1982 233/18/536
f 637/9/1983 640/18/1984 234/18/539 232/9/1985
f 641/34/1986 642/129/696 205/129/1987 203/34/1988
f 642/129/1989 641/34/1990 204/34/1991 206/129/1992
f 642/129/1993 643/127/1994 201/127/1995 205/129/1996
f 643/127/1997 642/129/1998 206/129/1999 202/127/2000
f 643/127/2001 644/128/2002 199/128/2003 201/127/2004
f 644/128/2005 643/127/2006 202/127/2007 200/128/2008
f 644/128/2009 641/34/2010 203/34/265 199/128/2011
f 641/34/2012 644/128/2013 200/128/2014 204/34/2015
f 649/33/2048 650/186/2049 131/186/2050 209/33/2051
f 650/186/2052 649/33/2053 210/33/2054 132/186/2055
f 650/186/2056 651/114/2057 129/114/2058 131/186/2059
f 651/114/2060 650/186/2061 132/186/2062 130/114/2063
f 651/114/2064 652/115/2065 207/115/2066 129/114/2067
f 652/115/2068 651/114/2069 130/114/2070 208/115/2071
f 652/115/2072 649/33/2073 209/33/1295 207/115/2074
f 649/33/2075 652/115/2076 208/115/2077 210/33/2078
f 653/50/239 654/187/240 221/187/697 219/50/242
f 654/187/243 653/50/244 220/50/245 222/187/246
f 654/187/247 655/47/701 217/47/702 221/187/250
f 655/47/2079 654/187/252 222/187/253 218/47/2080
f 655/47/2081 656/46/2082 215/46/2083 217/47/709
f 656/46/2084 655/47/2085 218/47/2086 216/46/2087
f 656/46/2088 653/50/264 219/50/265 215/46/2089
f 653/50/267 656/46/2090 216/46/2091 220/50/270
f 657/50/2092 658/46/2093 43/46/2094 37/50/2095
f 658/46/2096 657/50/2097 38/50/2098 44/46/2099
f 658/46/2100 659/29/2101 41/29/2102 43/46/2103
f 659/29/2104 658/46/2105 44/46/2106 42/29/2107
f 659/29/2108 660/51/2109 39/51/2110 41/29/2111
f 660/51/2112 659/29/2113 42/29/2114 40/51/2115
f 660/51/2116 657/50/2117 37/50/2118 39/51/2119
f 657/50/2120 660/51/2121 40/51/2122 38/50/2123
f 661/34/512 662/33/2124 209/33/2125 203/34/2126
f 662/33/2127 661/34/2128 204/34/2129 210/33/2130
f 662/33/1967 663/115/2131 207/115/2132 209/33/2133
f 663/115/2134 662/33/2135 210/33/2136 208/115/1974
f 663/115/1975 664/129/2137 205/129/2138 207/115/2139
f 664/129/529 663/115/2140 208/115/2141 206/129/2142
f 664/129/2143 661/34/2144 203/34/2145 205/129/536
f 661/34/2146 664/129/2147 206/129/2148 204/34/2149
f 665/31/2150 666/14/2151 93/14/2152 99/31/2153
f 666/14/123 665/31/2154 100/31/2155 94/14/2156
f 666/14/2157 667/5/2158 87/5/2159 93/14/2160
f 667/5/2161 666/14/1493 94/14/2162 88/5/2163
f 667/5/2164 668/30/2165 101/30/2166 87/5/2167
f 668/30/2168 667/5/2169 88/5/2170 102/30/2171
f 668/30/2172 665/31/2173 99/31/2174 101/30/2175
f 665/31/2176 668/30/2177 102/30/2178 100/31/2179
f 669/50/509 670/53/2180 149/53/2181 219/50/512
f 670/53/2182 669/50/514 220/50/515 150/53/2183
f 670/53/2184 671/25/2185 147/25/2186 149/53/2187
f 671/25/2188 670/53/2189 150/53/2190 148/25/2191
f 671/25/2192 672/187/1976 221/187/527 147/25/2193
f 672/187/529 671/25/2194 148/25/2195 222/187/532
f 672/187/533 669/50/534 219/50/535 221/187/536
f 669/50/537 672/187/1984 222/187/539 220/50/540
f 679/190/2244 680/113/2245 145/113/2246 59/190/2247
f 680/113/2248 679/190/324 60/190/2249 146/113/2250
f 680/113/2251 681/33/2252 57/33/2253 145/113/2254
f 681/33/2255 680/113/2256 146/113/2257 58/33/2258
f 681/33/2259 682/32/2260 61/32/2261 57/33/2262
f 682/32/2263 681/33/2264 58/33/2265 62/32/2266
f 682/32/2267 679/190/2268 59/190/313 61/32/2269
f 679/190/315 682/32/2270 62/32/2271 60/190/2272
f 683/5/2273 684/14/2274 93/14/2275 87/5/2276
f 684/14/2277 683/5/2278 88/5/2279 94/14/2280
f 684/14/2281 685/191/2282 91/191/2283 93/14/2284
f 685/191/2104 684/14/2285 94/14/2286 92/191/2107
f 685/191/2287 686/6/2288 89/6/2289 91/191/2111
f 686/6/2112 685/191/2113 92/191/2114 90/6/2115
f 686/6/2290 683/5/2291 87/5/2292 89/6/2119
f 683/5/2293 686/6/2294 90/6/2122 88/5/2295
f 687/47/2150 688/46/2296 43/46/2297 47/47/2153
f 688/46/2298 687/47/2154 48/47/2155 44/46/2299
f 688/46/2300 689/50/2301 37/50/2302 43/46/2303
f 689/50/2304 688/46/2305 44/46/2306 38/50/2307
f 689/50/2308 690/187/2309 49/187/2310 37/50/2311
f 690/187/2312 689/50/2313 38/50/2314 50/187/2315
f 690/187/2316 687/47/2173 47/47/2174 49/187/2317
f 687/47/2318 690/187/2319 50/187/2320 48/47/2321
f 691/85/2322 692/84/2323 185/84/2324 187/85/2325
f 692/84/2326 691/85/2327 188/85/2328 186/84/2329
f 692/84/1309 693/2/2330 227/2/2331 185/84/1312
f 693/2/2332 692/84/1314 186/84/2333 228/2/2334
f 693/2/2335 694/3/2336 223/3/2337 227/2/2338
f 694/3/2339 693/2/2340 228/2/2341 224/3/2342
f 694/3/2343 691/85/2344 187/85/2345 223/3/2346
f 691/85/2347 694/3/2348 224/3/2349 188/85/2350
f 695/104/2351 696/23/2352 125/23/2353 33/104/2354
f 696/23/2355 695/104/2356 34/104/2357 126/23/2358
f 696/23/2359 697/53/2360 31/53/2361 125/23/2362
f 697/53/2363 696/23/2364 126/23/2365 32/53/2366
f 697/53/2367 698/52/304 35/52/305 31/53/2368
f 698/52/2369 697/53/2370 32/53/2265 36/52/310
f 698/52/2371 695/104/2372 33/104/2373 35/52/2374
f 695/104/2375 698/52/2376 36/52/2377 34/104/2378
f 699/34/2379 700/35/34 65/35/2380 63/34/2381
f 700/35/69 699/34/2382 64/34/2383 66/35/2384
f 700/35/2385 701/32/2386 61/32/2387 65/35/75
f 701/32/2388 700/35/77 66/35/2389 62/32/2390
f 701/32/2391 702/33/2392 57/33/2393 61/32/2394
f 702/33/2395 701/32/2396 62/32/2397 58/33/2398
f 702/33/501 699/34/2399 63/34/2400 57/33/2401
f 699/34/508 702/33/2402 58/33/507 64/34/2403
f 709/9/2452 710/2/2453 15/2/2454 9/9/2455
f 710/2/2456 709/9/2457 10/9/2458 16/2/2459
f 710/2/2460 711/198/2461 13/198/2283 15/2/2462
f 711/198/2104 710/2/2463 16/2/2464 14/198/2465
f 711/198/2466 712/10/2288 11/10/2467 13/198/2111
f 712/10/2468 711/198/2469 14/198/2470 12/10/2115
f 712/10/2471 709/9/2472 9/9/2473 11/10/2474
f 709/9/2475 712/10/2476 12/10/2477 10/9/2478
f 713/53/2479 714/64/1270 151/64/2480 149/53/2481
f 714/64/2482 713/53/2483 150/53/2484 152/64/2485
f 714/64/2486 715/105/1278 137/105/1279 151/64/2487
f 715/105/1281 714/64/2488 152/64/1283 138/105/1284
f 715/105/1285 716/199/2489 147/199/2490 137/105/2491
f 716/199/2492 715/105/2493 138/105/1291 148/199/2494
f 716/199/2495 713/53/2496 149/53/2497 147/199/2498
f 713/53/2499 716/199/2500 148/199/2501 150/53/2502
f 721/204/2525 722/205/2526 201/205/2527 199/204/2528
f 722/205/2529 721/204/2530 200/204/2531 202/205/2532
f 722/205/2533 723/88/2534 251/88/2535 201/205/2536
f 723/88/2537 722/205/2538 202/205/2539 252/88/2540
f 723/88/2541 724/87/2542 249/87/2543 251/88/2544
f 724/87/2545 723/88/2546 252/88/2547 250/87/2548
f 724/87/2549 721/204/2550 199/204/2551 249/87/2552
f 721/204/2553 724/87/2554 250/87/2555 200/204/2556
f 725/9/2557 726/12/2558 1/12/2559 9/9/2560
f 726/12/2561 725/9/2562 10/9/2563 2/12/2564
f 726/12/2565 727/181/2566 25/181/2567 1/12/2568
f 727/181/2569 726/12/2570 2/12/2571 26/181/2572
f 727/181/2573 728/18/2574 23/18/2575 25/181/2576
f 728/18/2577 727/181/2578 26/181/2579 24/18/2580
f 728/18/2581 725/9/2582 9/9/2583 23/18/2584
f 725/9/2585 728/18/2586 24/18/2587 10/9/2588
f 729/19/2589 730/206/2590 77/206/2591 133/19/2589
f 730/206/1241 729/19/2592 134/19/2592 78/206/1244
f 730/206/2593 731/113/2594 145/113/2595 77/206/2596
f 731/113/2597 730/206/2598 78/206/2599 146/113/2600
f 731/113/2601 732/190/982 59/190/983 145/113/2602
f 732/190/2603 731/113/2604 146/113/2605 60/190/988
f 732/190/2606 729/19/2607 133/19/2607 59/190/992
f 729/19/2608 732/190/2609 60/190/995 134/19/2608
f 733/40/2610 734/16/2611 95/16/2612 239/40/2613
f 734/16/1143 733/40/2614 240/40/2615 96/16/2616
f 734/16/2617 735/93/2618 235/93/2619 95/16/2620
f 735/93/2621 734/16/1151 96/16/2622 236/93/2623
f 735/93/2624 736/41/2625 237/41/2626 235/93/2627
f 736/41/2628 735/93/2629 236/93/2630 238/41/2631
f 736/41/2632 733/40/2633 239/40/2634 237/41/2635
f 733/40/2636 736/41/2637 238/41/2638 240/40/2639
f 737/93/2640 738/103/2641 105/103/2642 235/93/2643
f 738/103/2644 737/93/2645 236/93/2646 106/103/1228
f 738/103/1229 739/94/2647 165/94/2648 105/103/2649
f 739/94/2650 738/103/2651 106/103/2652 166/94/2653
f 739/94/2654 740/41/2655 237/41/2656 165/94/2657
f 740/41/2658 739/94/2659 166/94/2660 238/41/2661
f 740/41/2662 737/93/2663 235/93/2664 237/41/2665
f 737/93/2666 740/41/2667 238/41/2668 236/93/2669
f 741/207/2670 742/208/2671 117/208/2672 121/207/2673
f 742/208/2674 741/207/2675 122/207/2676 118/208/2677
f 742/208/2678 743/4/2679 113/4/2680 117/208/2681
f 743/4/2682 742/208/2683 118/208/2684 114/4/2685
f 743/4/2686 744/209/2687 115/209/2688 113/4/2689
f 744/209/2690 743/4/2691 114/4/2692 116/209/2693
f 744/209/2694 741/207/2695 121/207/2696 115/209/2697
f 741/207/2698 744/209/2699 116/209/2700 122/207/2701
f 745/208/2702 746/85/2703 187/85/2704 241/208/2705
f 746/85/2706 745/208/2707 242/208/2708 188/85/2709
f 746/85/2710 747/210/2711 223/210/2712 187/85/2713
f 747/210/2714 746/85/2715 188/85/2716 224/210/2717
f 747/210/2718 748/211/2719 225/211/2720 223/210/2721
f 748/211/2722 747/210/2723 224/210/2724 226/211/2725
f 748/211/2726 745/208/2727 241/208/2728 225/211/2729
f 745/208/2730 748/211/2731 226/211/2732 242/208/2733
f 749/34/2734 750/128/2735 69/128/2736 63/34/2737
f 750/128/2277 749/34/2738 64/34/2098 70/128/2280
f 750/128/2739 751/212/2282 67/212/2102 69/128/2740
f 751/212/2741 750/128/2742 70/128/2743 68/212/2744
f 751/212/2466 752/35/2745 65/35/2746 67/212/2747
f 752/35/2468 751/212/2748 68/212/2749 66/35/2750
f 752/35/2751 749/34/2752 63/34/2753 65/35/2119
f 749/34/2754 752/35/2755 66/35/2756 64/34/2478
f 753/208/2757 754/211/2758 225/211/2759 241/208/2760
f 754/211/2761 753/208/2762 242/208/2763 226/211/2764
f 754/211/2765 755/4/2766 17/4/2767 225/211/2768
f 755/4/2769 754/211/2770 226/211/2771 18/4/2772
f 755/4/2773 756/209/2774 19/209/2775 17/4/1064
f 756/209/2776 755/4/2777 18/4/1067 20/209/2778
f 756/209/2779 753/208/2780 241/208/2781 19/209/2782
f 753/208/2783 756/209/2784 20/209/2785 242/208/2786
f 757/207/2787 758/85/2788 187/85/2789 27/207/2790
f 758/85/2791 757/207/2792 28/207/2793 188/85/2794
f 758/85/2795 759/208/2796 241/208/2797 187/85/2798
f 759/208/2799 758/85/2800 188/85/2801 242/208/2802
f 759/208/2803 760/209/2804 19/209/2805 241/208/2806
f 760/209/2807 759/208/2808 242/208/2809 20/209/2810
f 760/209/2811 757/207/2812 27/207/2813 19/209/2814
f 757/207/2815 760/209/2816 20/209/2817 28/207/2818
f 761/208/2819 762/210/2820 83/210/2821 117/208/2822
f 762/210/2823 761/208/2824 118/208/2825 84/210/2826
f 762/210/2827 763/211/2828 81/211/2829 83/210/2830
f 763/211/2831 762/210/2832 84/210/2833 82/211/2834
f 763/211/2835 764/4/2836 113/4/2837 81/211/2838
f 764/4/2839 763/211/2840 82/211/2841 114/4/2842
f 764/4/2843 761/208/2844 117/208/2845 113/4/2846
f 761/208/2847 764/4/2848 114/4/2849 118/208/2850
f 765/210/2851 766/208/2852 117/208/2853 83/210/2854
f 766/208/2855 765/210/2856 84/210/2857 118/208/2858
f 766/208/2859 767/207/2860 121/207/2861 117/208/2862
f 767/207/2863 766/208/2864 118/208/2865 122/207/2866
f 767/207/2867 768/85/2868 107/85/2869 121/207/2870
f 768/85/2871 767/207/2872 122/207/2873 108/85/2874
f 768/85/2875 765/210/2876 83/210/2877 107/85/2878
f 765/210/2879 768/85/2880 108/85/2881 84/210/2882
f 769/7/2883 770/8/2884 111/8/2885 119/7/2886
f 770/8/2887 769/7/2888 120/7/2889 112/8/2890
f 770/8/2891 771/5/2892 195/5/281 111/8/2893
f 771/5/2894 770/8/2895 112/8/2896 196/5/2897
f 771/5/2898 772/6/2899 167/6/2900 195/5/2901
f 772/6/2902 771/5/2903 196/5/2904 168/6/2905
f 772/6/2906 769/7/2907 119/7/2908 167/6/2909
f 769/7/2910 772/6/2911 168/6/2912 120/7/2913
f 773/213/2914 774/214/2915 177/214/2916 75/213/1511
f 774/214/2917 773/213/2918 76/213/2919 178/214/2920
f 774/214/2921 775/215/2922 175/215/2923 177/214/2924
f 775/215/2925 774/214/2926 178/214/2927 176/215/2928
f 775/215/2929 776/216/2930 73/216/2931 175/215/2932
f 776/216/2933 775/215/2934 176/215/2935 74/216/2936
f 776/216/2937 773/213/2938 75/213/2939 73/216/2940
f 773/213/2941 776/216/2942 74/216/2943 76/213/2944
f 777/95/2945 778/103/938 105/103/939 97/95/2946
f 778/103/2947 777/95/2948 98/95/2949 106/103/2950
f 778/103/2951 779/93/2952 235/93/2953 105/103/2954
f 779/93/2955 778/103/2956 106/103/2957 236/93/2958
f 779/93/2959 780/16/2960 95/16/2961 235/93/2962
f 780/16/2963 779/93/2964 236/93/2965 96/16/2966
f 780/16/2967 777/95/2968 97/95/2969 95/16/2970
f 777/95/2971 780/16/2972 96/16/2973 98/95/2974
f 781/19/2975 782/190/2976 59/190/2977 133/19/2975
f 782/190/2978 781/19/2979 134/19/2979 60/190/2980
f 782/190/2981 783/217/2982 129/217/2983 59/190/2984
f 783/217/2985 782/190/2986 60/190/2987 130/217/2988
f 783/217/2989 784/218/2990 131/218/2991 129/217/2992
f 784/218/2993 783/217/2994 130/217/2995 132/218/2996
f 784/218/2997 781/19/2998 133/19/2998 131/218/2999
f 781/19/3000 784/218/3001 132/218/3002 134/19/3000
f 785/219/3003 786/220/3004 129/220/3005 207/219/3006
f 786/220/3007 785/219/3008 208/219/3009 130/220/3010
f 786/220/3011 787/221/3012 59/221/3013 129/220/3014
f 787/221/3015 786/220/3016 130/220/3017 60/221/1870
f 787/221/1871 788/222/3018 61/222/3019 59/221/3020
f 788/222/3021 787/221/3022 60/221/3023 62/222/3024
f 788/222/3025 785/219/3026 207/219/3027 61/222/3028
f 785/219/3029 788/222/3030 62/222/3031 208/219/3032
f 789/161/3033 790/160/3034 181/160/3035 47/161/3036
f 790/160/3037 789/161/3038 48/161/3039 182/160/3040
f 790/160/3041 791/223/3042 179/223/3043 181/160/3044
f 791/223/3045 790/160/3046 182/160/3047 180/223/3048
f 791/223/3049 792/224/3050 53/224/3051 179/223/3052
f 792/224/3053 791/223/3054 180/223/3055 54/224/3056
f 792/224/3057 789/161/3058 47/161/3059 53/224/3060
f 789/161/3061 792/224/3062 54/224/3063 48/161/3064
f 793/225/1682 794/136/1749 67/136/1750 65/225/3065
f 794/136/1751 793/225/1687 66/225/3066 68/136/1752
f 794/136/1753 795/139/3067 201/139/3068 67/136/1756
f 795/139/3069 794/136/3070 68/136/1696 202/139/3071
f 795/139/3072 796/226/3073 205/226/3074 201/139/3075
f 796/226/3076 795/139/3077 202/139/3078 206/226/3079
f 796/226/3080 793/225/3081 65/225/3082 205/226/3083
f 793/225/3084 796/226/3085 206/226/3086 66/225/1713
f 797/227/3087 798/228/3088 55/228/3089 51/227/3090
f 798/228/3091 797/227/3092 52/227/3093 56/228/3094
f 798/228/3095 799/229/3096 139/229/3097 55/228/3098
f 799/229/3099 798/228/3100 56/228/3101 140/229/3102
f 799/229/3103 800/230/3104 153/230/3105 139/229/3106
f 800/230/3107 799/229/3108 140/229/3109 154/230/3110
f 800/230/3111 797/227/1557 51/227/3112 153/230/3113
f 797/227/1560 800/230/3114 154/230/3115 52/227/3116
f 801/33/3117 802/115/3118 75/115/3119 57/33/3120
f 802/115/3121 801/33/3122 58/33/3123 76/115/3124
f 802/115/3125 803/129/3126 73/129/3127 75/115/3128
f 803/129/2577 802/115/3129 76/115/3130 74/129/3131
f 803/129/2581 804/34/3132 63/34/3133 73/129/3134
f 804/34/3135 803/129/3136 74/129/3137 64/34/3138
f 804/34/3139 801/33/3140 57/33/3141 63/34/3142
f 801/33/3143 804/34/3144 64/34/3145 58/33/3146
f 805/156/3147 806/231/1573 17/231/1574 13/156/1575
f 806/231/1576 805/156/1577 14/156/1578 18/231/3148
f 806/231/3149 807/232/3150 225/232/3151 17/231/3152
f 807/232/3153 806/231/3154 18/231/3155 226/232/3156
f 807/232/3157 808/157/3158 229/157/3159 225/232/3160
f 808/157/3161 807/232/3162 226/232/3163 230/157/3164
f 808/157/1818 805/156/1597 13/156/559 229/157/1820
f 805/156/1599 808/157/3165 230/157/3166 14/156/564
f 809/233/3167 810/234/3168 187/234/3169 185/233/3170
f 810/234/3171 809/233/3172 186/233/3173 188/234/3174
f 810/234/3175 811/235/3176 27/235/3177 187/234/3178
f 811/235/3179 810/234/3180 188/234/3181 28/235/3182
f 811/235/3183 812/236/3184 21/236/3185 27/235/3186
f 812/236/3187 811/235/3188 28/235/3189 22/236/3190
f 812/236/3191 809/233/3034 185/233/3035 21/236/3192
f 809/233/3193 812/236/3194 22/236/3195 186/233/3040
f 813/227/3196 814/230/3197 153/230/3198 51/227/1511
f 814/230/3199 813/227/1513 52/227/3200 154/230/3201
f 814/230/3202 815/159/3203 183/159/3204 153/230/3205
f 815/159/3206 814/230/3207 154/230/3208 184/159/3209
f 815/159/3210 816/158/3211 49/158/3212 183/159/3213
f 816/158/3214 815/159/3215 184/159/3216 50/158/3217
f 816/158/3218 813/227/3219 51/227/3220 49/158/3221
f 813/227/1536 816/158/3222 50/158/3223 52/227/3224
f 817/219/3225 818/222/3226 61/222/3227 207/219/3228
f 818/222/3229 817/219/3230 208/219/3231 62/222/3232
f 818/222/3233 819/225/1731 65/225/3234 61/222/3235
f 819/225/3236 818/222/3237 62/222/3238 66/225/1737
f 819/225/1738 820/226/3239 205/226/3240 65/225/3241
f 820/226/3242 819/225/1743 66/225/3243 206/226/1745
f 820/226/3244 817/219/3245 207/219/3246 205/226/3247
f 817/219/3248 820/226/3249 206/226/3250 208/219/3251
f 821/237/3252 822/238/3253 33/238/3254 137/237/1866
f 822/238/3255 821/237/3256 138/237/3257 34/238/3258
f 822/238/3259 823/239/3260 35/239/3261 33/238/3262
f 823/239/3263 822/238/3264 34/238/3265 36/239/3266
f 823/239/1879 824/240/3267 147/240/3268 35/239/1882
f 824/240/3269 823/239/3270 36/239/1885 148/240/3271
f 824/240/3272 821/237/1856 137/237/1857 147/240/3273
f 821/237/1859 824/240/3274 148/240/3275 138/237/3276
f 825/59/3277 826/62/3278 161/62/3279 25/59/3280
f 826/62/3281 825/59/3282 26/59/3283 162/62/3284
f 826/62/3285 827/241/3286 189/241/3287 161/62/3288
f 827/241/3289 826/62/3290 162/62/3291 190/241/3292
f 827/241/1525 828/242/2930 23/242/2931 189/241/3293
f 828/242/2933 827/241/3294 190/241/3295 24/242/2936
f 828/242/2937 825/59/3296 25/59/3297 23/242/3298
f 825/59/3299 828/242/2942 24/242/2943 26/59/3300
f 829/243/1714 830/240/3301 147/240/3302 221/243/1717
f 830/240/3303 829/243/1719 222/243/1720 148/240/3304
f 830/240/3305 831/239/3306 35/239/3307 147/240/3308
f 831/239/3309 830/240/3310 148/240/3311 36/239/3312
f 831/239/3313 832/244/1731 39/244/1732 35/239/3314
f 832/244/3315 831/239/3316 36/239/3317 40/244/3318
f 832/244/3319 829/243/1739 221/243/1740 39/244/1741
f 829/243/1742 832/244/3320 40/244/1744 222/243/1745
f 833/5/3321 834/14/3322 191/14/3323 195/5/3324
f 834/14/3325 833/5/3326 196/5/3327 192/14/3328
f 834/14/3329 835/191/3330 163/191/3331 191/14/3332
f 835/191/3333 834/14/3334 192/14/3335 164/191/3336
f 835/191/3337 836/6/3338 167/6/3339 163/191/3340
f 836/6/3341 835/191/3342 164/191/3343 168/6/3344
f 836/6/3345 833/5/3346 195/5/3347 167/6/3348
f 833/5/3349 836/6/3350 168/6/3351 196/5/3352
f 837/168/3353 838/171/3306 7/171/3307 155/168/3354
f 838/171/3309 837/168/3355 156/168/3356 8/171/3357
f 838/171/3313 839/155/1731 11/155/1732 7/171/3314
f 839/155/1734 838/171/3316 8/171/3358 12/155/1737
f 839/155/1738 840/154/1739 233/154/1740 11/155/1741
f 840/154/1742 839/155/1743 12/155/1744 234/154/1745
f 840/154/3359 837/168/3360 155/168/3361 233/154/3362
f 837/168/3363 840/154/3364 234/154/1720 156/168/3365
f 841/243/1706 842/244/1707 39/244/1708 221/243/1709
f 842/244/1710 841/243/1711 222/243/1712 40/244/1713
f 842/244/3366 843/162/1683 41/162/1684 39/244/1685
f 843/162/1686 842/244/3367 40/244/1688 42/162/3368
f 843/162/3369 844/165/1754 217/165/1755 41/162/3370
f 844/165/3371 843/162/1695 42/162/1696 218/165/1759
f 844/165/1760 841/243/3073 221/243/1762 217/165/3372
f 841/243/1702 844/165/3373 218/165/1765 222/243/1705
f 849/36/3406 850/41/3407 237/41/3408 191/36/3409
f 850/41/3410 849/36/3411 192/36/3412 238/41/3413
f 850/41/3414 851/94/3415 165/94/3416 237/41/3417
f 851/94/3418 850/41/3419 238/41/3420 166/94/3421
f 851/94/3422 852/247/3423 163/247/3424 165/94/3425
f 852/247/3426 851/94/3427 166/94/3428 164/247/3429
f 852/247/3430 849/36/3431 191/36/3432 163/247/3433
f 849/36/3434 852/247/3435 164/247/3436 192/36/3437
f 857/34/3324 858/128/3466 199/128/3323 203/34/3467
f 858/128/3325 857/34/3468 204/34/3469 200/128/3470
f 858/128/3329 859/212/3471 169/212/3472 199/128/3473
f 859/212/3474 858/128/3475 200/128/3476 170/212/3477
f 859/212/3478 860/35/3479 175/35/3480 169/212/3481
f 860/35/3482 859/212/3483 170/212/3484 176/35/3485
f 860/35/3486 857/34/3487 203/34/3488 175/35/3489
f 857/34/3490 860/35/3491 176/35/3492 204/34/3493
f 861/50/3494 862/46/3495 215/46/3496 219/50/3324
f 862/46/3497 861/50/3498 220/50/3327 216/46/3499
f 862/46/3500 863/29/3501 181/29/3502 215/46/3503
f 863/29/3504 862/46/3505 216/46/3506 182/29/3507
f 863/29/3508 864/51/3509 183/51/3510 181/29/3511
f 864/51/3512 863/29/3513 182/29/3514 184/51/3515
f 864/51/3516 861/50/3346 219/50/3347 183/51/3517
f 861/50/3349 864/51/3518 184/51/3519 220/50/3352
f 865/247/3520 866/12/814 1/12/3521 25/247/3522
f 866/12/817 865/247/3523 26/247/3524 2/12/819
f 866/12/3525 867/39/3526 5/39/3527 1/12/3528
f 867/39/3529 866/12/3530 2/12/3531 6/39/3532
f 867/39/3533 868/94/3534 29/94/3535 5/39/3536
f 868/94/3537 867/39/3538 6/39/3539 30/94/3540
f 868/94/3541 865/247/3542 25/247/3543 29/94/3544
f 865/247/3545 868/94/3546 30/94/3547 26/247/3548
f 869/9/3549 870/2/3550 227/2/3551 231/9/3552
f 870/2/3553 869/9/3554 232/9/3555 228/2/3556
f 870/2/3557 871/198/3501 185/198/3502 227/2/3558
f 871/198/3504 870/2/3559 228/2/3560 186/198/3507
f 871/198/3508 872/10/3561 189/10/3562 185/198/3511
f 872/10/3482 871/198/3513 186/198/3514 190/10/3563
f 872/10/3564 869/9/3565 231/9/3566 189/10/3489
f 869/9/3567 872/10/3568 190/10/3569 232/9/3570
f 886/207/3659 887/209/3660 115/209/3661 121/207/3662
f 887/209/3663 886/207/3664 122/207/3665 116/209/3666
f 887/209/3667 888/42/3668 111/42/3669 115/209/3670
f 888/42/3671 887/209/3672 116/209/3673 112/42/3674
f 888/42/3675 889/43/3676 119/43/3677 111/42/3678
f 889/43/3679 888/42/3680 112/42/3681 120/43/3682
f 889/43/3683 886/207/3684 121/207/3685 119/43/3686
f 886/207/3687 889/43/3688 120/43/3689 122/207/3690
f 894/53/3723 895/25/3118 51/25/3724 31/53/3725
f 895/25/3726 894/53/3727 32/53/3728 52/25/3729
f 895/25/3730 896/187/3731 49/187/3732 51/25/3733
f 896/187/3734 895/25/3735 52/25/3736 50/187/3737
f 896/187/3738 897/50/3739 37/50/3740 49/187/3741
f 897/50/3742 896/187/3743 50/187/3744 38/50/3745
f 897/50/3746 894/53/3747 31/53/3748 37/50/3749
f 894/53/3750 897/50/3751 38/50/3752 32/53/3146
f 902/52/3785 903/53/3786 149/53/3787 153/52/3788
f 903/53/3789 902/52/3790 154/52/3791 150/53/3792
f 903/53/3793 904/50/2892 219/50/281 149/53/3794
f 904/50/2894 903/53/3795 150/53/3796 220/50/2897
f 904/50/2898 905/51/3797 183/51/3798 219/50/2901
f 905/51/3799 904/50/2903 220/50/2904 184/51/3800
f 905/51/3801 902/52/3802 153/52/3803 183/51/3804
f 902/52/3805 905/51/3806 184/51/3807 154/52/3808
f 910/266/3841 911/186/3842 131/186/3843 135/266/3844
f 911/186/3845 910/266/3846 136/266/3847 132/186/3848
f 911/186/3849 912/33/3850 209/33/3851 131/186/3852
f 912/33/3853 911/186/3854 132/186/3855 210/33/3856
f 912/33/3857 913/32/3858 177/32/3859 209/33/3860
f 913/32/3861 912/33/862 210/33/3862 178/32/3863
f 913/32/3864 910/266/3865 135/266/631 177/32/3866
f 910/266/3867 913/32/870 178/32/3868 136/266/3869
f 924/242/1767 925/241/3950 189/241/3951 23/242/3952
f 925/241/3953 924/242/3954 24/242/3955 190/241/3956
f 925/241/3957 926/233/1775 185/233/1776 189/241/3958
f 926/233/3959 925/241/3960 190/241/3961 186/233/1781
f 926/233/1782 927/236/3962 21/236/3963 185/233/1785
f 927/236/3964 926/233/1787 186/233/1788 22/236/3965
f 927/236/3966 924/242/3967 23/242/3968 21/236/3969
f 924/242/3970 927/236/3971 22/236/3972 24/242/3973
f 953/213/4174 954/288/3088 77/288/3089 75/213/4175
f 954/288/4176 953/213/4177 76/213/4178 78/288/4179
f 954/288/4180 955/289/3096 135/289/4181 77/288/4182
f 955/289/3099 954/288/3100 78/288/4183 136/289/4184
f 955/289/3103 956/214/4185 177/214/4186 135/289/4187
f 956/214/4188 955/289/4189 136/289/3109 178/214/4190
f 956/214/4191 953/213/4192 75/213/4193 177/214/4194
f 953/213/1560 956/214/4195 178/214/4196 76/213/4197
f 985/204/4422 986/87/4423 249/87/4424 199/204/4425
f 986/87/4426 985/204/4427 200/204/4428 250/87/4429
f 986/87/4430 987/86/4431 173/86/4432 249/87/4433
f 987/86/4434 986/87/4435 250/87/2349 174/86/4436
f 987/86/4437 988/303/4438 169/303/4439 173/86/4440
f 988/303/4441 987/86/4442 174/86/4443 170/303/4444
f 988/303/4445 985/204/4446 199/204/4447 169/303/4448
f 985/204/4449 988/303/4450 170/303/4451 200/204/4452
f 989/8/4453 990/54/3118 103/54/3119 79/8/4454
f 990/54/3726 989/8/4455 80/8/2571 104/54/4456
f 990/54/4457 991/30/4458 101/30/4459 103/54/4460
f 991/30/4461 990/54/4462 104/54/4463 102/30/4464
f 991/30/4465 992/5/4466 87/5/4467 101/30/4468
f 992/5/4469 991/30/4470 102/30/4471 88/5/4472
f 992/5/4473 989/8/4474 79/8/4475 87/5/4476
f 989/8/4477 992/5/4478 88/5/4479 80/8/4480
f 1013/42/4641 1014/209/4642 115/209/4643 111/42/4644
f 1014/209/4645 1013/42/4646 112/42/4647 116/209/4648
f 1014/209/4649 1015/4/4650 113/4/4651 115/209/4652
f 1015/4/4653 1014/209/4654 116/209/4655 114/4/4656
f 1015/4/4657 1016/1/4658 109/1/4659 113/4/4660
f 1016/1/4661 1015/4/4662 114/4/4663 110/1/4664
f 1016/1/4665 1013/42/4666 111/42/4667 109/1/4668
f 1013/42/4669 1016/1/4670 110/1/4671 112/42/4672
f 1029/315/4769 1030/316/4770 165/316/4771 163/315/4772
f 1030/316/4773 1029/315/4774 164/315/4775 166/316/4776
f 1030/316/4777 1031/317/3050 105/317/4778 165/316/4779
f 1031/317/4780 1030/316/4781 166/316/4782 106/317/4783
f 1031/317/4784 1032/318/4785 99/318/3059 105/317/4786
f 1032/318/4787 1031/317/3062 106/317/3063 100/318/4788
f 1032/318/4789 1029/315/4790 163/315/4791 99/318/4792
f 1029/315/4793 1032/318/3038 100/318/4794 164/315/4795
f 1033/206/4796 1034/19/4797 133/19/4797 77/206/1056
f 1034/19/4798 1033/206/4799 78/206/4800 134/19/4798
f 1034/19/4801 1035/218/4802 131/218/4803 133/19/4801
f 1035/218/4804 1034/19/4805 134/19/4805 132/218/4806
f 1035/218/4807 1036/319/4808 135/319/4809 131/218/4810
f 1036/319/4811 1035/218/4812 132/218/4813 136/319/4814
f 1036/319/4815 1033/206/1046 77/206/4816 135/319/1048
f 1033/206/4817 1036/319/4818 136/319/4819 78/206/1052
f 1037/133/4820 1038/132/4821 167/132/4822 101/133/4823
f 1038/132/4824 1037/133/4825 102/133/4826 168/132/4827
f 1038/132/4828 1039/315/4829 163/315/4830 167/132/4831
f 1039/315/4832 1038/132/4833 168/132/4834 164/315/4835
f 1039/315/4836 1040/318/1783 99/318/4837 163/315/4838
f 1040/318/4839 1039/315/4840 164/315/4841 100/318/1789
f 1040/318/4842 1037/133/4843 101/133/4844 99/318/4845
f 1037/133/4846 1040/318/4847 100/318/1796 102/133/4848
f 1041/216/1767 1042/215/4849 175/215/4850 73/216/3952
f 1042/215/4851 1041/216/3954 74/216/3955 176/215/4852
f 1042/215/4853 1043/320/4854 169/320/4855 175/215/4856
f 1043/320/4857 1042/215/4858 176/215/4859 170/320/4860
f 1043/320/4861 1044/321/4862 71/321/3963 169/320/4863
f 1044/321/4864 1043/320/4865 170/320/4866 72/321/4867
f 1044/321/4868 1041/216/3967 73/216/3968 71/321/4869
f 1041/216/3970 1044/321/4870 72/321/4871 74/216/4872
f 1045/100/4873 1046/72/4874 255/72/4875 171/100/4876
f 1046/72/4877 1045/100/4878 172/100/4879 256/72/4880
f 1046/72/4881 1047/71/4882 69/71/4883 255/72/4884
f 1047/71/4885 1046/72/4886 256/72/423 70/71/4887
f 1047/71/4888 1048/84/4889 71/84/4890 69/71/4891
f 1048/84/4892 1047/71/4893 70/71/399 72/84/4894
f 1048/84/4895 1045/100/4896 171/100/4897 71/84/4898
f 1045/100/4899 1048/84/4900 72/84/4901 172/100/4902
f 1053/320/4925 1054/322/4926 173/322/4927 169/320/4928
f 1054/322/4929 1053/320/4930 170/320/4931 174/322/4932
f 1054/322/4933 1055/323/4934 171/323/4935 173/322/4936
f 1055/323/4937 1054/322/4938 174/322/4939 172/323/4940
f 1055/323/4941 1056/321/3184 71/321/4942 171/323/4943
f 1056/321/4944 1055/323/4945 172/323/4946 72/321/4947
f 1056/321/4948 1053/320/4949 169/320/4950 71/321/4951
f 1053/320/4952 1056/321/4953 72/321/4954 170/320/4955
usemtl Meshpart2Mtl.001
f 463/67/637 464/68/638 335/68/639 343/67/640
f 464/68/641 463/67/642 344/67/643 336/68/644
f 464/68/645 465/69/646 355/69/647 335/68/648
f 465/69/649 464/68/650 336/68/651 356/69/652
f 465/69/653 466/70/654 357/70/655 355/69/656
f 466/70/657 465/69/658 356/69/659 358/70/660
f 466/70/661 463/67/662 343/67/663 357/70/664
f 463/67/665 466/70/666 358/70/667 344/67/668
f 479/76/753 480/77/754 307/77/755 299/76/753
f 480/77/756 479/76/757 300/76/757 308/77/758
f 480/77/759 481/78/760 305/78/761 307/77/762
f 481/78/763 480/77/764 308/77/765 306/78/766
f 481/78/767 482/79/768 303/79/769 305/78/770
f 482/79/771 481/78/772 306/78/773 304/79/774
f 482/79/775 479/76/776 299/76/776 303/79/777
f 479/76/778 482/79/779 304/79/780 300/76/778
f 483/80/781 484/81/782 291/81/783 293/80/784
f 484/81/785 483/80/786 294/80/787 292/81/788
f 484/81/789 485/82/790 335/82/791 291/81/792
f 485/82/793 484/81/794 292/81/795 336/82/796
f 485/82/797 486/83/798 343/83/799 335/82/800
f 486/83/801 485/82/802 336/82/803 344/83/804
f 486/83/805 483/80/806 293/80/807 343/83/808
f 483/80/809 486/83/810 344/83/811 294/80/812
f 499/69/905 500/68/906 335/68/907 355/69/908
f 500/68/909 499/69/910 356/69/911 336/68/912
f 500/68/913 501/89/914 333/89/915 335/68/916
f 501/89/917 500/68/918 336/68/919 334/89/920
f 501/89/921 502/90/922 353/90/923 333/89/924
f 502/90/925 501/89/926 334/89/927 354/90/928
f 502/90/929 499/69/930 355/69/931 353/90/932
f 499/69/933 502/90/934 354/90/935 356/69/936
f 563/116/1394 564/117/1395 319/117/1396 321/116/1397
f 564/117/1398 563/116/1399 322/116/1400 320/117/1401
f 564/117/1402 565/118/1403 331/118/1404 319/117/1405
f 565/118/1406 564/117/1407 320/117/1408 332/118/1409
f 565/118/1410 566/119/1411 337/119/1412 331/118/1413
f 566/119/1414 565/118/1415 332/118/1416 338/119/1417
f 566/119/1418 567/120/1419 305/120/1420 337/119/1421
f 567/120/1422 566/119/1423 338/119/1424 306/120/1425
f 567/120/1426 568/121/1427 307/121/1428 305/120/1429
f 568/121/1430 567/120/1431 306/120/1432 308/121/1433
f 568/121/1434 569/122/1435 309/122/1436 307/121/1437
f 569/122/1438 568/121/1439 308/121/1440 310/122/1441
f 569/122/1442 563/116/1443 321/116/1444 309/122/1445
f 563/116/1446 569/122/1447 310/122/1448 322/116/1449
f 570/123/1450 571/124/1451 283/124/1452 357/123/1453
f 571/124/1454 570/123/1455 358/123/1456 284/124/1457
f 571/124/1458 572/125/1459 285/125/1460 283/124/1461
f 572/125/1462 571/124/1463 284/124/1464 286/125/1465
f 572/125/1466 573/126/1467 343/126/1468 285/125/1469
f 573/126/1470 572/125/1471 286/125/1472 344/126/1473
f 573/126/1474 570/123/1475 357/123/1476 343/126/1477
f 570/123/1478 573/126/1479 344/126/1480 358/123/1481
f 590/140/1602 591/141/1603 315/141/1604 349/140/1605
f 591/141/1606 590/140/1607 350/140/1608 316/141/1609
f 591/141/1610 592/142/1611 311/142/1612 315/141/1613
f 592/142/1614 591/141/1615 316/141/1616 312/142/1617
f 592/142/1618 593/143/1619 359/143/1620 311/142/1621
f 593/143/1622 592/142/1623 312/142/1624 360/143/1625
f 593/143/1626 590/140/1627 349/140/1628 359/143/1629
f 590/140/1630 593/143/1631 360/143/1632 350/140/1633
f 594/144/1634 595/145/1635 257/145/1636 259/144/1637
f 595/145/1638 594/144/1639 260/144/1640 258/145/1641
f 595/145/1642 596/146/1643 263/146/1644 257/145/1645
f 596/146/1646 595/145/1647 258/145/1648 264/146/1649
f 596/146/1650 597/147/1651 373/147/1652 263/146/1653
f 597/147/1654 596/146/1655 264/146/1656 374/147/1657
f 597/147/1658 598/148/1659 375/148/1660 373/147/1661
f 598/148/1662 597/147/1663 374/147/1664 376/148/1665
f 598/148/1666 599/149/1667 377/149/1668 375/148/1669
f 599/149/1670 598/148/1671 376/148/1672 378/149/1673
f 599/149/1674 594/144/1675 259/144/1676 377/149/1677
f 594/144/1678 599/149/1679 378/149/1680 260/144/1681
f 628/172/1887 629/173/1888 275/173/1889 323/172/1890
f 629/173/1891 628/172/1892 324/172/1893 276/173/1894
f 629/173/1895 630/174/1896 261/174/1897 275/173/1898
f 630/174/1899 629/173/1900 276/173/1901 262/174/1902
f 630/174/1903 631/175/1904 317/175/1905 261/174/1906
f 631/175/1907 630/174/1908 262/174/1909 318/175/1910
f 631/175/1911 632/176/1912 313/176/1913 317/175/1914
f 632/176/1915 631/175/1916 318/175/1917 314/176/1918
f 632/176/1919 633/177/1920 311/177/1921 313/176/1922
f 633/177/1923 632/176/1924 314/176/1925 312/177/1926
f 633/177/1927 634/178/1928 315/178/1929 311/177/1930
f 634/178/1931 633/177/1932 312/177/1933 316/178/1934
f 634/178/1935 635/179/1936 319/179/1937 315/178/1938
f 635/179/1939 634/178/1940 316/178/1941 320/179/1942
f 635/179/1943 636/180/1944 321/180/1945 319/179/1946
f 636/180/1947 635/179/1948 320/179/1949 322/180/1950
f 636/180/1951 628/172/1952 323/172/1953 321/180/1954
f 628/172/1955 636/180/1956 322/180/1957 324/172/1958
f 645/182/2016 646/183/2017 265/183/2018 277/182/2019
f 646/183/2020 645/182/2021 278/182/2022 266/183/2023
f 646/183/2024 647/184/2025 263/184/2026 265/183/2027
f 647/184/2028 646/183/2029 266/183/2030 264/184/2031
f 647/184/2032 648/185/2033 271/185/2034 263/184/2035
f 648/185/2036 647/184/2037 264/184/2038 272/185/2039
f 648/185/2040 645/182/2041 277/182/2042 271/185/2043
f 645/182/2044 648/185/2045 272/185/2046 278/182/2047
f 673/188/2196 674/120/2197 305/120/2198 297/188/2199
f 674/120/2200 673/188/2201 298/188/2202 306/120/2203
f 674/120/2204 675/119/2205 337/119/2206 305/120/2207
f 675/119/2208 674/120/2209 306/120/2210 338/119/2211
f 675/119/2212 676/189/2213 333/189/2214 337/119/2215
f 676/189/2216 675/119/2217 338/119/2218 334/189/2219
f 676/189/2220 677/82/2221 335/82/2222 333/189/2223
f 677/82/2224 676/189/2225 334/189/2226 336/82/2227
f 677/82/2228 678/81/2229 291/81/2230 335/82/2231
f 678/81/2232 677/82/2233 336/82/2234 292/81/2235
f 678/81/2236 673/188/2237 297/188/2238 291/81/2239
f 673/188/2240 678/81/2241 292/81/2242 298/188/2243
f 703/192/2404 704/193/2405 361/193/2406 363/192/2407
f 704/193/2408 703/192/2409 364/192/2410 362/193/2411
f 704/193/2412 705/194/2413 303/194/2414 361/193/2415
f 705/194/2416 704/193/2417 362/193/2418 304/194/2419
f 705/194/2420 706/195/2421 295/195/2422 303/194/2423
f 706/195/2424 705/194/2425 304/194/2426 296/195/2427
f 706/195/2428 707/196/2429 287/196/2430 295/195/2431
f 707/196/2432 706/195/2433 296/195/2434 288/196/2435
f 707/196/2436 708/197/2437 365/197/2438 287/196/2439
f 708/197/2440 707/196/2441 288/196/2442 366/197/2443
f 708/197/2444 703/192/2445 363/192/2446 365/197/2447
f 703/192/2448 708/197/2449 366/197/2450 364/192/2451
f 717/200/2503 718/201/2504 273/201/2505 259/200/2506
f 718/201/2507 717/200/2508 260/200/2509 274/201/2510
f 718/201/2511 719/202/2512 269/202/2512 273/201/2513
f 719/202/2514 718/201/2515 274/201/2516 270/202/2514
f 719/202/2517 720/203/2517 257/203/2517 269/202/2517
f 720/203/2518 719/202/2518 270/202/2518 258/203/2518
f 720/203/2519 717/200/2520 259/200/2521 257/203/2519
f 717/200/2522 720/203/2523 258/203/2523 260/200/2524
f 845/245/3374 846/246/3375 275/246/3376 261/245/3377
f 846/246/3378 845/245/3379 262/245/3380 276/246/3381
f 846/246/3382 847/201/3383 273/201/3384 275/246/3385
f 847/201/3386 846/246/3387 276/246/3388 274/201/3389
f 847/201/3390 848/200/3391 259/200/3392 273/201/3393
f 848/200/3394 847/201/3395 274/201/3396 260/200/3397
f 848/200/3398 845/245/3399 261/245/3400 259/200/3401
f 845/245/3402 848/200/3403 260/200/3404 262/245/3405
f 853/248/3438 854/249/3439 309/249/3440 301/248/3441
f 854/249/3442 853/248/3443 302/248/3444 310/249/3445
f 854/249/3446 855/77/3447 307/77/3448 309/249/3449
f 855/77/3450 854/249/3451 310/249/3452 308/77/3453
f 855/77/3454 856/76/3455 299/76/3455 307/77/3456
f 856/76/3457 855/77/3458 308/77/3459 300/76/3457
f 856/76/3460 853/248/3461 301/248/3462 299/76/3460
f 853/248/3463 856/76/3464 300/76/3464 302/248/3465
f 873/197/3571 874/196/3572 287/196/3573 365/197/3574
f 874/196/3575 873/197/3576 366/197/3577 288/196/3578
f 874/196/3579 875/250/3580 289/250/3581 287/196/3582
f 875/250/3583 874/196/3584 288/196/3585 290/250/3586
f 875/250/3587 876/251/3588 367/251/3589 289/250/3590
f 876/251/3591 875/250/3592 290/250/3593 368/251/3594
f 876/251/3595 873/197/3596 365/197/3597 367/251/3598
f 873/197/3599 876/251/3600 368/251/3601 366/197/3602
f 877/252/3603 878/253/3604 267/253/3605 279/252/3606
f 878/253/3607 877/252/3608 280/252/3609 268/253/3610
f 878/253/3611 879/183/3612 265/183/3613 267/253/3614
f 879/183/3615 878/253/3616 268/253/3617 266/183/3618
f 879/183/3619 880/182/3620 277/182/3621 265/183/3622
f 880/182/3623 879/183/3624 266/183/3625 278/182/3626
f 880/182/3627 877/252/3628 279/252/3629 277/182/3630
f 877/252/3631 880/182/3632 278/182/3633 280/252/3634
f 881/254/3635 882/255/3635 281/255/3635 283/254/3635
f 882/255/3636 881/254/3636 284/254/3636 282/255/3636
f 882/255/3637 883/253/3638 267/253/3639 281/255/3637
f 883/253/3640 882/255/3641 282/255/3641 268/253/3642
f 883/253/3643 884/252/3644 279/252/3645 267/253/3646
f 884/252/3647 883/253/3648 268/253/3649 280/252/3650
f 884/252/3651 885/256/3652 285/256/3652 279/252/3653
f 885/256/3654 884/252/3655 280/252/3656 286/256/3654
f 885/256/3657 881/254/3657 283/254/3657 285/256/3657
f 881/254/3658 885/256/3658 286/256/3658 284/254/3658
f 890/257/3691 891/258/3692 295/258/3693 297/257/3694
f 891/258/3695 890/257/3696 298/257/3697 296/258/3698
f 891/258/3699 892/79/3700 303/79/3701 295/258/3702
f 892/79/3703 891/258/3704 296/258/3705 304/79/3706
f 892/79/3707 893/78/3708 305/78/3709 303/79/3710
f 893/78/3711 892/79/3712 304/79/3713 306/78/3714
f 893/78/3715 890/257/3716 297/257/3717 305/78/3718
f 890/257/3719 893/78/3720 306/78/3721 298/257/3722
f 898/259/3753 899/260/3754 325/260/3755 327/259/3756
f 899/260/3757 898/259/3758 328/259/3759 326/260/3760
f 899/260/3761 900/261/3762 289/261/3763 325/260/3764
f 900/261/3765 899/260/3766 326/260/3767 290/261/3768
f 900/261/3769 901/262/3770 293/262/3771 289/261/3772
f 901/262/3773 900/261/3774 290/261/3775 294/262/3776
f 901/262/3777 898/259/3778 327/259/3779 293/262/3780
f 898/259/3781 901/262/3782 294/262/3783 328/259/3784
f 906/263/3809 907/149/3810 377/149/3811 317/263/3812
f 907/149/3813 906/263/3814 318/263/3815 378/149/3816
f 907/149/3817 908/264/3818 301/264/3819 377/149/3820
f 908/264/3821 907/149/3822 378/149/3823 302/264/3824
f 908/264/3825 909/265/3826 313/265/3827 301/264/3828
f 909/265/3829 908/264/3830 302/264/3831 314/265/3832
f 909/265/3833 906/263/3834 317/263/3835 313/265/3836
f 906/263/3837 909/265/3838 314/265/3839 318/263/3840
f 914/267/3870 915/268/3871 339/268/3872 347/267/3873
f 915/268/3874 914/267/3875 348/267/3876 340/268/3877
f 915/268/3878 916/269/3879 271/269/3880 339/268/3881
f 916/269/3882 915/268/3883 340/268/3884 272/269/3885
f 916/269/3886 917/270/3887 269/270/3888 271/269/3889
f 917/270/3890 916/269/3891 272/269/3892 270/270/3893
f 917/270/3894 918/271/3895 273/271/3896 269/270/3897
f 918/271/3898 917/270/3899 270/270/3900 274/271/3901
f 918/271/3902 919/272/3903 329/272/3904 273/271/3905
f 919/272/3906 918/271/3907 274/271/3908 330/272/3909
f 919/272/3910 914/267/3911 347/267/3912 329/272/3913
f 914/267/3914 919/272/3915 330/272/3916 348/267/3917
f 920/273/3918 921/274/3919 337/274/3920 351/273/3921
f 921/274/3922 920/273/3923 352/273/3924 338/274/3925
f 921/274/3926 922/275/3927 331/275/3928 337/274/3929
f 922/275/3930 921/274/3931 338/274/3932 332/275/3933
f 922/275/3934 923/140/3935 349/140/3936 331/275/3937
f 923/140/3938 922/275/3939 332/275/3940 350/140/3941
f 923/140/3942 920/273/3943 351/273/3944 349/140/3945
f 920/273/3946 923/140/3947 350/140/3948 352/273/3949
f 928/265/3974 929/264/3975 301/264/3976 313/265/3977
f 929/264/3978 928/265/3979 314/265/3980 302/264/3981
f 929/264/3982 930/276/3983 299/276/3984 301/264/3985
f 930/276/3986 929/264/3987 302/264/3988 300/276/3989
f 930/276/3990 931/194/3991 303/194/3992 299/276/3993
f 931/194/3994 930/276/3995 300/276/3996 304/194/3997
f 931/194/3998 932/193/3999 361/193/4000 303/194/4001
f 932/193/4002 931/194/4003 304/194/4004 362/193/4005
f 932/193/4006 933/277/4007 359/277/4008 361/193/4009
f 933/277/4010 932/193/4011 362/193/4012 360/277/4013
f 933/277/4014 934/278/4015 311/278/4016 359/277/4017
f 934/278/4018 933/277/4019 360/277/4020 312/278/4021
f 934/278/4022 928/265/4023 313/265/4024 311/278/4025
f 928/265/4026 934/278/4027 312/278/4028 314/265/4029
f 935/279/4030 936/258/4031 295/258/4032 287/279/4033
f 936/258/4034 935/279/4035 288/279/4036 296/258/4037
f 936/258/4038 937/257/4039 297/257/4040 295/258/4041
f 937/257/4042 936/258/4043 296/258/4044 298/257/4045
f 937/257/4046 938/280/4047 291/280/4048 297/257/4049
f 938/280/4050 937/257/4051 298/257/4052 292/280/4053
f 938/280/4054 939/281/4055 293/281/4056 291/280/4057
f 939/281/4058 938/280/4059 292/280/4060 294/281/4061
f 939/281/4062 940/282/4063 289/282/4064 293/281/4065
f 940/282/4066 939/281/4067 294/281/4068 290/282/4069
f 940/282/4070 935/279/4071 287/279/4072 289/282/4073
f 935/279/4074 940/282/4075 290/282/4076 288/279/4077
f 941/83/4078 942/283/4079 285/283/4080 343/83/4081
f 942/283/4082 941/83/4083 344/83/4084 286/283/4085
f 942/283/4086 943/284/4087 327/284/4088 285/283/4089
f 943/284/4090 942/283/4091 286/283/4092 328/284/4093
f 943/284/4094 944/80/4095 293/80/4096 327/284/4097
f 944/80/4098 943/284/4099 328/284/4100 294/80/4101
f 944/80/4102 941/83/4103 343/83/4104 293/80/4105
f 941/83/4106 944/80/4107 294/80/4108 344/83/4109
f 945/285/4110 946/144/4111 259/144/4112 261/285/4113
f 946/144/4114 945/285/4115 262/285/4116 260/144/4117
f 946/144/4118 947/149/4119 377/149/4120 259/144/4121
f 947/149/4122 946/144/4123 260/144/4124 378/149/4125
f 947/149/4126 948/263/4127 317/263/4128 377/149/4129
f 948/263/4130 947/149/4131 378/149/4132 318/263/4133
f 948/263/4134 945/285/4135 261/285/4136 317/263/4137
f 945/285/4138 948/263/4139 318/263/4140 262/285/4141
f 949/286/4142 950/287/4143 281/287/4144 325/286/4145
f 950/287/4146 949/286/4147 326/286/4148 282/287/4149
f 950/287/4150 951/251/4151 367/251/4152 281/287/4153
f 951/251/4154 950/287/4155 282/287/4156 368/251/4157
f 951/251/4158 952/250/4159 289/250/4160 367/251/4161
f 952/250/4162 951/251/4163 368/251/4164 290/250/4165
f 952/250/4166 949/286/4167 325/286/4168 289/250/4169
f 949/286/4170 952/250/4171 290/250/4172 326/286/4173
f 957/290/4198 958/291/4199 369/291/4200 371/290/4201
f 958/291/4202 957/290/4203 372/290/4204 370/291/4205
f 958/291/4206 959/147/4207 373/147/4208 369/291/4209
f 959/147/4210 958/291/4211 370/291/4212 374/147/4213
f 959/147/4214 960/146/4215 263/146/4216 373/147/4217
f 960/146/4218 959/147/4219 374/147/4220 264/146/4221
f 960/146/4222 961/292/4223 265/292/4224 263/146/4225
f 961/292/4226 960/146/4227 264/146/4228 266/292/4229
f 961/292/4230 962/293/4231 267/293/4232 265/292/4233
f 962/293/4234 961/292/4235 266/292/4236 268/293/4237
f 962/293/4238 963/287/4239 281/287/4240 267/293/4241
f 963/287/4242 962/293/4243 268/293/4244 282/287/4245
f 963/287/4246 964/286/4247 325/286/4248 281/287/4249
f 964/286/4250 963/287/4251 282/287/4252 326/286/4253
f 964/286/4254 957/290/4255 371/290/4256 325/286/4257
f 957/290/4258 964/286/4259 326/286/4260 372/290/4261
f 965/294/4262 966/295/4263 363/295/4264 361/294/4265
f 966/295/4266 965/294/4267 362/294/4268 364/295/4269
f 966/295/4270 967/90/4271 353/90/4272 363/295/4273
f 967/90/4274 966/295/4275 364/295/4276 354/90/4277
f 967/90/4278 968/273/4279 351/273/4280 353/90/4281
f 968/273/4282 967/90/4283 354/90/4284 352/273/4285
f 968/273/4286 965/294/4287 361/294/4288 351/273/4289
f 965/294/4290 968/273/4291 352/273/4292 362/294/4293
f 969/90/4294 970/89/4295 333/89/4296 353/90/4297
f 970/89/4298 969/90/4299 354/90/4300 334/89/4301
f 970/89/4302 971/274/4303 337/274/4304 333/89/4305
f 971/274/4306 970/89/4307 334/89/4308 338/274/4309
f 971/274/4310 972/273/4311 351/273/4312 337/274/4313
f 972/273/4314 971/274/4315 338/274/4316 352/273/4317
f 972/273/4318 969/90/4319 353/90/4320 351/273/4321
f 969/90/4322 972/273/4323 352/273/4324 354/90/4325
f 973/296/4326 974/70/4327 357/70/4328 367/296/4329
f 974/70/4330 973/296/4331 368/296/4332 358/70/4333
f 974/70/4334 975/69/4335 355/69/4336 357/70/4337
f 975/69/4338 974/70/4339 358/70/4340 356/69/4341
f 975/69/4342 976/297/4343 365/297/4344 355/69/4345
f 976/297/4346 975/69/4347 356/69/4348 366/297/4349
f 976/297/4350 973/296/4351 367/296/4352 365/297/4353
f 973/296/4354 976/297/4355 366/297/4356 368/296/4357
f 977/298/4358 978/299/4359 373/299/4360 339/298/4361
f 978/299/4362 977/298/4363 340/298/4364 374/299/4365
f 978/299/4366 979/300/4367 369/300/4368 373/299/4369
f 979/300/4370 978/299/4371 374/299/4372 370/300/4373
f 979/300/4374 980/301/4375 341/301/4376 369/300/4377
f 980/301/4378 979/300/4379 370/300/4380 342/301/4381
f 980/301/4382 977/298/4383 339/298/4384 341/301/4385
f 977/298/4386 980/301/4387 342/301/4388 340/298/4389
f 981/302/4390 982/141/4391 315/141/4392 319/302/4393
f 982/141/4394 981/302/4395 320/302/4396 316/141/4397
f 982/141/4398 983/140/4399 349/140/4400 315/141/4401
f 983/140/4402 982/141/4403 316/141/4404 350/140/4405
f 983/140/4406 984/275/4407 331/275/4408 349/140/4409
f 984/275/4410 983/140/4411 350/140/4412 332/275/4413
f 984/275/4414 981/302/4415 319/302/4416 331/275/4417
f 981/302/4418 984/275/4419 332/275/4420 320/302/4421
f 993/304/4481 994/116/4482 321/116/4483 323/304/4484
f 994/116/4485 993/304/4486 324/304/4487 322/116/4488
f 994/116/4489 995/122/4490 309/122/4491 321/116/4492
f 995/122/4493 994/116/4494 322/116/4495 310/122/4496
f 995/122/4497 996/272/4498 329/272/4499 309/122/4500
f 996/272/4501 995/122/4502 310/122/4503 330/272/4504
f 996/272/4505 993/304/4506 323/304/4507 329/272/4508
f 993/304/4509 996/272/4510 330/272/4511 324/304/4512
f 997/143/4513 998/294/4514 361/294/4515 359/143/4516
f 998/294/4517 997/143/4518 360/143/4519 362/294/4520
f 998/294/4521 999/273/4522 351/273/4523 361/294/4524
f 999/273/4525 998/294/4526 362/294/4527 352/273/4528
f 999/273/4529 1000/140/4530 349/140/4531 351/273/4532
f 1000/140/4533 999/273/4534 352/273/4535 350/140/4536
f 1000/140/4537 997/143/4538 359/143/4539 349/140/4540
f 997/143/4541 1000/140/4542 350/140/4543 360/143/4544
f 1001/300/4545 1002/305/4546 371/305/4547 369/300/4548
f 1002/305/4549 1001/300/4550 370/300/4551 372/305/4552
f 1002/305/4553 1003/306/4554 345/306/4555 371/305/4556
f 1003/306/4557 1002/305/4558 372/305/4559 346/306/4560
f 1003/306/4561 1004/301/4562 341/301/4563 345/306/4564
f 1004/301/4565 1003/306/4566 346/306/4567 342/301/4568
f 1004/301/4569 1001/300/4570 369/300/4571 341/301/4572
f 1001/300/4573 1004/301/4574 342/301/4575 370/300/4576
f 1005/295/4577 1006/297/4578 365/297/4579 363/295/4580
f 1006/297/4581 1005/295/4582 364/295/4583 366/297/4584
f 1006/297/4585 1007/69/4586 355/69/4587 365/297/4588
f 1007/69/4589 1006/297/4590 366/297/4591 356/69/4592
f 1007/69/4593 1008/90/4594 353/90/4595 355/69/4596
f 1008/90/4597 1007/69/4598 356/69/4599 354/90/4600
f 1008/90/4601 1005/295/4602 363/295/4603 353/90/4604
f 1005/295/4605 1008/90/4606 354/90/4607 364/295/4608
f 1009/124/4609 1010/123/4610 357/123/4611 283/124/4612
f 1010/123/4613 1009/124/4614 284/124/4615 358/123/4616
f 1010/123/4617 1011/307/4618 367/307/4619 357/123/4620
f 1011/307/4621 1010/123/4622 358/123/4623 368/307/4624
f 1011/307/4625 1012/308/4626 281/308/4627 367/307/4628
f 1012/308/4629 1011/307/4630 368/307/4631 282/308/4632
f 1012/308/4633 1009/124/4634 283/124/4635 281/308/4636
f 1009/124/4637 1012/308/4638 282/308/4639 284/124/4640
f 1017/309/4673 1018/310/4674 375/310/4675 347/309/4676
f 1018/310/4677 1017/309/4678 348/309/4679 376/310/4680
f 1018/310/4681 1019/299/4682 373/299/4683 375/310/4684
f 1019/299/4685 1018/310/4686 376/310/4687 374/299/4688
f 1019/299/4689 1020/298/4690 339/298/4691 373/299/4692
f 1020/298/4693 1019/299/4694 374/299/4695 340/298/4696
f 1020/298/4697 1017/309/4698 347/309/4699 339/298/4700
f 1017/309/4701 1020/298/4702 340/298/4703 348/309/4704
f 1021/305/4705 1022/311/4706 325/311/4707 371/305/4708
f 1022/311/4709 1021/305/4710 372/305/4711 326/311/4712
f 1022/311/4713 1023/312/4714 327/312/4715 325/311/4716
f 1023/312/4717 1022/311/4718 326/311/4719 328/312/4720
f 1023/312/4721 1024/306/4722 345/306/4723 327/312/4724
f 1024/306/4725 1023/312/4726 328/312/4727 346/306/4728
f 1024/306/4729 1021/305/4730 371/305/4731 345/306/4732
f 1021/305/4733 1024/306/4734 346/306/4735 372/305/4736
f 1025/313/4737 1026/310/4738 375/310/4739 377/313/4740
f 1026/310/4741 1025/313/4742 378/313/4743 376/310/4744
f 1026/310/4745 1027/309/4746 347/309/4747 375/310/4748
f 1027/309/4749 1026/310/4750 376/310/4751 348/309/4752
f 1027/309/4753 1028/314/4754 329/314/4755 347/309/4756
f 1028/314/4757 1027/309/4758 348/309/4759 330/314/4760
f 1028/314/4761 1025/313/4762 377/313/4763 329/314/4764
f 1025/313/4765 1028/314/4766 330/314/4767 378/313/4768
f 1049/185/4903 1050/184/4904 263/184/4905 271/185/4906
f 1050/184/4907 1049/185/4908 272/185/4909 264/184/4910
f 1050/184/4911 1051/203/4912 257/203/4912 263/184/4913
f 1051/203/4914 1050/184/4915 264/184/4916 258/203/4914
f 1051/203/4917 1052/202/4917 269/202/4917 257/203/4917
f 1052/202/4918 1051/203/4918 258/203/4918 270/202/4918
f 1052/202/4919 1049/185/4920 271/185/4921 269/202/4919
f 1049/185/4922 1052/202/4923 270/202/4923 272/185/4924
f 1057/324/4956 1058/325/4957 277/325/4958 279/324/4959
f 1058/325/4960 1057/324/4961 280/324/4962 278/325/4963
f 1058/325/4964 1059/269/4965 271/269/4966 277/325/4967
f 1059/269/4968 1058/325/4969 278/325/4970 272/269/4971
f 1059/269/4972 1060/268/4973 339/268/4974 271/269/4975
f 1060/268/4976 1059/269/4977 272/269/4978 340/268/4979
f 1060/268/4980 1061/326/4981 341/326/4982 339/268/4983
f 1061/326/4984 1060/268/4985 340/268/4986 342/326/4987
f 1061/326/4988 1062/327/4989 345/327/4990 341/326/4991
f 1062/327/4992 1061/326/4993 342/326/4994 346/327/4995
f 1062/327/4996 1063/284/4997 327/284/4998 345/327/4999
f 1063/284/5000 1062/327/5001 346/327/5002 328/284/5003
f 1063/284/5004 1064/283/5005 285/283/5006 327/284/5007
f 1064/283/5008 1063/284/5009 328/284/5010 286/283/5011
f 1064/283/5012 1057/324/5013 279/324/5014 285/283/5015
f 1057/324/5016 1064/283/5017 286/283/5018 280/324/5019
f 1065/328/5020 1066/304/5021 323/304/5022 275/328/5023
f 1066/304/5024 1065/328/5025 276/328/5026 324/304/5027
f 1066/304/5028 1067/272/5029 329/272/5030 323/304/5031
f 1067/272/5032 1066/304/5033 324/304/5034 330/272/5035
f 1067/272/5036 1068/271/5037 273/271/5038 329/272/5039
f 1068/271/5040 1067/272/5041 330/272/5042 274/271/5043
f 1068/271/5044 1065/328/5045 275/328/5046 273/271/5047
f 1065/328/5048 1068/271/5049 274/271/5050 276/328/5051
