# Blender 5.2.0 LTS
# www.blender.org
mtllib pixel handgun body.mtl
o pxl_gun_body
v 0.394541 0.132807 0.039378
v 0.394739 0.132807 0.039378
v 0.394541 0.159224 0.039378
v 0.394739 0.159224 0.039378
v 0.394541 0.159224 0.065794
v 0.394739 0.159224 0.065794
v 0.394541 0.132807 0.065794
v 0.394739 0.132807 0.065794
v 0.394541 0.132807 -0.066290
v 0.394739 0.132807 -0.066290
v 0.394541 0.159224 -0.066290
v 0.394739 0.159224 -0.066290
v 0.394541 0.159224 -0.039874
v 0.394739 0.159224 -0.039874
v 0.394541 0.132807 -0.039874
v 0.394739 0.132807 -0.039874
v 0.368074 0.185640 -0.013457
v 0.368372 0.185640 -0.013457
v 0.368074 0.238474 -0.013457
v 0.368372 0.238474 -0.013457
v 0.368074 0.238474 0.012961
v 0.368372 0.238474 0.012961
v 0.368074 0.185640 0.012961
v 0.368372 0.185640 0.012961
v 0.368124 0.159224 -0.066290
v 0.368322 0.159224 -0.066290
v 0.368124 0.185640 -0.066290
v 0.368322 0.185640 -0.066290
v 0.368124 0.185640 -0.039874
v 0.368322 0.185640 -0.039874
v 0.368124 0.159224 -0.039874
v 0.368322 0.159224 -0.039874
v 0.368124 0.159224 0.039378
v 0.368322 0.159224 0.039378
v 0.368124 0.185640 0.039378
v 0.368322 0.185640 0.039378
v 0.368124 0.185640 0.065794
v 0.368322 0.185640 0.065794
v 0.368124 0.159224 0.065794
v 0.368322 0.159224 0.065794
v 0.341706 0.212057 0.039378
v 0.341904 0.212057 0.039378
v 0.341706 0.212057 0.065794
v 0.341904 0.212057 0.065794
v 0.341656 0.185640 0.065794
v 0.341954 0.185640 0.065794
v 0.341607 0.185640 0.012961
v 0.342003 0.185640 0.012961
v 0.341694 0.238474 0.012961
v 0.341916 0.238474 0.012961
v 0.341706 0.238474 0.039378
v 0.341904 0.238474 0.039378
v 0.341694 0.238474 -0.013457
v 0.341916 0.238474 -0.013457
v 0.341731 0.251483 0.012961
v 0.341879 0.251483 0.012961
v 0.341731 0.251483 -0.013457
v 0.341879 0.251483 -0.013457
v 0.341706 0.212057 -0.039874
v 0.341904 0.212057 -0.039874
v 0.341706 0.238474 -0.039874
v 0.341904 0.238474 -0.039874
v 0.341607 0.185640 -0.013457
v 0.342003 0.185640 -0.013457
v 0.341706 0.212057 -0.066290
v 0.341904 0.212057 -0.066290
v 0.341656 0.185640 -0.066290
v 0.341954 0.185640 -0.066290
v 0.156591 0.238474 -0.066290
v 0.157185 0.238474 -0.066290
v 0.156591 0.238474 0.065794
v 0.157185 0.238474 0.065794
v 0.156591 0.212057 -0.066290
v 0.157185 0.212057 -0.066290
v 0.156591 0.212057 0.065794
v 0.157185 0.212057 0.065794
v 0.156690 0.185640 -0.039874
v 0.157086 0.185640 -0.039874
v 0.156690 0.185640 0.039378
v 0.157086 0.185640 0.039378
v 0.156690 0.159224 -0.039874
v 0.157086 0.159224 -0.039874
v 0.156690 0.159224 0.039378
v 0.157086 0.159224 0.039378
v -0.054844 0.238474 -0.066290
v -0.054052 0.238474 -0.066290
v -0.054547 0.159224 -0.039874
v -0.054349 0.159224 -0.039874
v -0.054646 0.159224 -0.066290
v -0.054250 0.159224 -0.066290
v -0.054547 0.159224 0.039378
v -0.054349 0.159224 0.039378
v -0.054844 0.238474 0.065794
v -0.054052 0.238474 0.065794
v -0.054646 0.159224 0.065794
v -0.054250 0.159224 0.065794
v -0.054646 0.132807 0.039378
v -0.054250 0.132807 0.039378
v -0.054646 0.132807 -0.039874
v -0.054250 0.132807 -0.039874
v -0.160364 0.212057 -0.039874
v -0.159868 0.212057 -0.039874
v -0.160215 0.238474 0.012961
v -0.160017 0.238474 0.012961
v -0.160364 0.212057 0.039378
v -0.159868 0.212057 0.039378
v -0.160265 0.264892 0.039378
v -0.159967 0.264892 0.039378
v -0.160215 0.264892 0.012961
v -0.160017 0.264892 0.012961
v -0.160215 0.238474 -0.013457
v -0.160017 0.238474 -0.013457
v -0.160265 0.264892 -0.039874
v -0.159967 0.264892 -0.039874
v -0.160215 0.264892 -0.013457
v -0.160017 0.264892 -0.013457
v -0.239367 0.264694 0.039378
v -0.239367 0.265090 0.039378
v -0.160116 0.264694 0.039378
v -0.160116 0.265090 0.039378
v -0.239367 0.264694 0.012961
v -0.239367 0.265090 0.012961
v -0.160116 0.264694 0.012961
v -0.160116 0.265090 0.012961
v -0.239367 0.264694 -0.013457
v -0.239367 0.265090 -0.013457
v -0.160116 0.264694 -0.013457
v -0.160116 0.265090 -0.013457
v -0.239367 0.264694 -0.039874
v -0.239367 0.265090 -0.039874
v -0.160116 0.264694 -0.039874
v -0.160116 0.265090 -0.039874
v 0.341805 0.251384 -0.013457
v 0.341805 0.251582 -0.013457
v 0.315388 0.251384 -0.013457
v 0.315388 0.251582 -0.013457
v 0.341805 0.251384 0.012961
v 0.341805 0.251582 0.012961
v 0.315388 0.251384 0.012961
v 0.315388 0.251582 0.012961
v 0.341805 0.238375 -0.039874
v 0.341805 0.238573 -0.039874
v 0.315388 0.238375 -0.039874
v 0.315388 0.238573 -0.039874
v 0.341805 0.238375 -0.013457
v 0.341805 0.238573 -0.013457
v 0.315388 0.238350 -0.013457
v 0.315388 0.238598 -0.013457
v 0.368223 0.238375 -0.013457
v 0.368223 0.238573 -0.013457
v 0.368223 0.238375 0.012961
v 0.368223 0.238573 0.012961
v 0.341805 0.238375 0.012961
v 0.341805 0.238573 0.012961
v 0.315388 0.238350 0.012961
v 0.315388 0.238598 0.012961
v 0.341805 0.238375 0.039378
v 0.341805 0.238573 0.039378
v 0.315388 0.238375 0.039378
v 0.315388 0.238573 0.039378
v 0.262556 0.238325 -0.013457
v 0.262556 0.238623 -0.013457
v 0.262556 0.238325 0.012961
v 0.262556 0.238623 0.012961
v -0.054448 0.238177 0.065794
v -0.054448 0.238771 0.065794
v -0.054448 0.238177 -0.066290
v -0.054448 0.238771 -0.066290
v -0.080866 0.238177 -0.066290
v -0.080866 0.238771 -0.066290
v -0.080866 0.238177 0.065794
v -0.080866 0.238771 0.065794
v 0.156888 0.238177 0.065794
v 0.156888 0.238771 0.065794
v 0.156888 0.238177 -0.066290
v 0.156888 0.238771 -0.066290
v 0.130471 0.238177 -0.066290
v 0.130471 0.238771 -0.066290
v 0.130471 0.238177 0.065794
v 0.130471 0.238771 0.065794
v -0.265784 0.238276 -0.039874
v -0.265784 0.238672 -0.039874
v -0.265784 0.238276 0.039378
v -0.265784 0.238672 0.039378
v -0.239367 0.238276 0.012961
v -0.239367 0.238672 0.012961
v -0.239367 0.238375 0.039378
v -0.239367 0.238573 0.039378
v -0.239367 0.238276 -0.013457
v -0.239367 0.238672 -0.013457
v -0.239367 0.238375 -0.039874
v -0.239367 0.238573 -0.039874
v -0.160116 0.238276 -0.013457
v -0.160116 0.238672 -0.013457
v -0.160116 0.238276 0.012961
v -0.160116 0.238672 0.012961
v 0.315388 0.211958 -0.039874
v 0.315388 0.212156 -0.039874
v 0.156888 0.211463 -0.066290
v 0.156888 0.212651 -0.066290
v 0.262556 0.211908 -0.013457
v 0.262556 0.212206 -0.013457
v 0.315388 0.211908 -0.013457
v 0.315388 0.212206 -0.013457
v 0.341805 0.211661 -0.066290
v 0.341805 0.212453 -0.066290
v 0.341805 0.211958 -0.039874
v 0.341805 0.212156 -0.039874
v 0.262556 0.211908 0.012961
v 0.262556 0.212206 0.012961
v 0.156888 0.211463 0.065794
v 0.156888 0.212651 0.065794
v 0.315388 0.211958 0.039378
v 0.315388 0.212156 0.039378
v 0.315388 0.211908 0.012961
v 0.315388 0.212206 0.012961
v 0.341805 0.211661 0.065794
v 0.341805 0.212453 0.065794
v 0.341805 0.211958 0.039378
v 0.341805 0.212156 0.039378
v -0.265784 0.211834 0.039378
v -0.265784 0.212280 0.039378
v -0.265784 0.211834 -0.039874
v -0.265784 0.212280 -0.039874
v -0.292201 0.211859 -0.039874
v -0.292201 0.212255 -0.039874
v -0.292201 0.211859 0.039378
v -0.292201 0.212255 0.039378
v -0.160116 0.211710 -0.039874
v -0.160116 0.212404 -0.039874
v -0.265784 0.211661 -0.066290
v -0.265784 0.212453 -0.066290
v -0.080866 0.211463 -0.066290
v -0.080866 0.212651 -0.066290
v -0.080866 0.211463 0.065794
v -0.080866 0.212651 0.065794
v -0.160116 0.211710 0.039378
v -0.160116 0.212404 0.039378
v -0.265784 0.211661 0.065794
v -0.265784 0.212453 0.065794
v 0.368223 0.185541 -0.066290
v 0.368223 0.185739 -0.066290
v 0.341805 0.185541 -0.066290
v 0.341805 0.185739 -0.066290
v 0.368223 0.185541 -0.039874
v 0.368223 0.185739 -0.039874
v 0.341805 0.185541 -0.039874
v 0.341805 0.185739 -0.039874
v -0.265784 0.185541 -0.066290
v -0.265784 0.185739 -0.066290
v -0.292201 0.185541 -0.066290
v -0.292201 0.185739 -0.066290
v -0.265784 0.185541 -0.039874
v -0.265784 0.185739 -0.039874
v -0.292201 0.185541 -0.039874
v -0.292201 0.185739 -0.039874
v -0.265784 0.185541 0.039378
v -0.265784 0.185739 0.039378
v -0.292201 0.185541 0.039378
v -0.292201 0.185739 0.039378
v -0.265784 0.185541 0.065794
v -0.265784 0.185739 0.065794
v -0.292201 0.185541 0.065794
v -0.292201 0.185739 0.065794
v 0.368223 0.185541 0.039378
v 0.368223 0.185739 0.039378
v 0.341805 0.185541 0.039378
v 0.341805 0.185739 0.039378
v 0.368223 0.185541 0.065794
v 0.368223 0.185739 0.065794
v 0.341805 0.185541 0.065794
v 0.341805 0.185739 0.065794
v -0.054448 0.158828 -0.039874
v -0.054448 0.159620 -0.039874
v 0.130471 0.158828 -0.039874
v 0.130471 0.159620 -0.039874
v -0.054448 0.158828 -0.066290
v -0.054448 0.159620 -0.066290
v 0.130471 0.158828 -0.066290
v 0.130471 0.159620 -0.066290
v 0.394640 0.159125 -0.066290
v 0.394640 0.159323 -0.066290
v 0.368223 0.159125 -0.066290
v 0.368223 0.159323 -0.066290
v 0.394640 0.159125 -0.039874
v 0.394640 0.159323 -0.039874
v 0.368223 0.159125 -0.039874
v 0.368223 0.159323 -0.039874
v 0.394640 0.159125 0.039378
v 0.394640 0.159323 0.039378
v 0.368223 0.159125 0.039378
v 0.368223 0.159323 0.039378
v 0.394640 0.159125 0.065794
v 0.394640 0.159323 0.065794
v 0.368223 0.159125 0.065794
v 0.368223 0.159323 0.065794
v -0.054448 0.158828 0.065794
v -0.054448 0.159620 0.065794
v 0.130471 0.158828 0.065794
v 0.130471 0.159620 0.065794
v -0.054448 0.158828 0.039378
v -0.054448 0.159620 0.039378
v 0.130471 0.158828 0.039378
v 0.130471 0.159620 0.039378
v 0.130471 0.159224 0.065299
v 0.130471 0.159224 0.066289
v -0.292201 0.132807 0.064407
v -0.292201 0.132807 0.067181
v 0.394640 0.132807 0.064457
v 0.394640 0.132807 0.067131
v 0.368223 0.159224 0.065695
v 0.368223 0.159224 0.065893
v 0.394640 0.159224 0.065695
v 0.394640 0.159224 0.065893
v 0.341805 0.185640 0.065695
v 0.341805 0.185640 0.065893
v 0.368223 0.185640 0.065695
v 0.368223 0.185640 0.065893
v 0.156888 0.212057 0.065398
v 0.156888 0.212057 0.066190
v 0.341805 0.212057 0.065398
v 0.341805 0.212057 0.066190
v 0.130471 0.238474 0.065596
v 0.130471 0.238474 0.065992
v 0.156888 0.238474 0.065695
v 0.156888 0.238474 0.065893
v -0.054448 0.159224 0.065299
v -0.054448 0.159224 0.066289
v -0.265784 0.185640 0.065695
v -0.265784 0.185640 0.065893
v -0.292201 0.185640 0.065645
v -0.292201 0.185640 0.065943
v -0.080866 0.212057 0.065398
v -0.080866 0.212057 0.066190
v -0.265784 0.212057 0.065398
v -0.265784 0.212057 0.066190
v -0.054448 0.238474 0.065596
v -0.054448 0.238474 0.065992
v -0.080866 0.238474 0.065695
v -0.080866 0.238474 0.065893
v -0.292201 0.185640 0.039279
v -0.292201 0.185640 0.039477
v -0.265784 0.185640 0.039279
v -0.265784 0.185640 0.039477
v -0.265784 0.212057 0.039205
v -0.265784 0.212057 0.039551
v -0.292201 0.212057 0.039279
v -0.292201 0.212057 0.039477
v -0.239367 0.238474 0.039279
v -0.239367 0.238474 0.039477
v -0.265784 0.238474 0.039279
v -0.265784 0.238474 0.039477
v -0.160116 0.212057 0.039081
v -0.160116 0.212057 0.039675
v -0.160116 0.264892 0.039130
v -0.160116 0.264892 0.039626
v -0.239367 0.264892 0.039180
v -0.239367 0.264892 0.039576
v 0.315388 0.212057 0.039279
v 0.315388 0.212057 0.039477
v 0.341805 0.212057 0.039279
v 0.341805 0.212057 0.039477
v 0.341805 0.238474 0.039279
v 0.341805 0.238474 0.039477
v 0.315388 0.238474 0.039279
v 0.315388 0.238474 0.039477
v 0.315388 0.238474 0.012850
v 0.315388 0.238474 0.013072
v 0.341805 0.238474 0.012850
v 0.341805 0.238474 0.013072
v 0.341805 0.251483 0.012887
v 0.341805 0.251483 0.013035
v 0.315388 0.251483 0.012887
v 0.315388 0.251483 0.013035
v 0.341805 0.185640 0.012812
v 0.341805 0.185640 0.013110
v 0.368223 0.238474 0.012812
v 0.368223 0.238474 0.013110
v 0.368223 0.185640 0.012812
v 0.368223 0.185640 0.013110
v 0.262556 0.212057 0.012812
v 0.262556 0.212057 0.013110
v 0.262556 0.238474 0.012812
v 0.262556 0.238474 0.013110
v 0.315388 0.212057 0.012812
v 0.315388 0.212057 0.013110
v -0.239367 0.238474 -0.013655
v -0.239367 0.238474 -0.013259
v -0.160116 0.238474 -0.013655
v -0.160116 0.238474 -0.013259
v -0.160116 0.264892 -0.013655
v -0.160116 0.264892 -0.013259
v -0.239367 0.264892 -0.013655
v -0.239367 0.264892 -0.013259
v 0.156888 0.159224 -0.040320
v 0.156888 0.159224 -0.039428
v -0.054448 0.132807 -0.040766
v -0.054448 0.132807 -0.038982
v 0.394640 0.132807 -0.040766
v 0.394640 0.132807 -0.038982
v -0.054448 0.159224 -0.040320
v -0.054448 0.159224 -0.039428
v 0.368223 0.159224 -0.039973
v 0.368223 0.159224 -0.039775
v 0.394640 0.159224 -0.039973
v 0.394640 0.159224 -0.039775
v 0.156888 0.185640 -0.040320
v 0.156888 0.185640 -0.039428
v 0.368223 0.185640 -0.040320
v 0.368223 0.185640 -0.039428
v -0.291854 0.132807 -0.066290
v -0.292548 0.132807 -0.066290
v -0.292102 0.185640 -0.039874
v -0.292300 0.185640 -0.039874
v -0.292052 0.185640 -0.066290
v -0.292350 0.185640 -0.066290
v -0.292102 0.185640 0.039378
v -0.292300 0.185640 0.039378
v -0.291854 0.132807 0.065794
v -0.292548 0.132807 0.065794
v -0.292052 0.185640 0.065794
v -0.292350 0.185640 0.065794
v -0.292003 0.212057 0.039378
v -0.292399 0.212057 0.039378
v -0.292003 0.212057 -0.039874
v -0.292399 0.212057 -0.039874
v -0.265635 0.212057 0.039378
v -0.265933 0.212057 0.039378
v -0.265685 0.185640 0.039378
v -0.265883 0.185640 0.039378
v -0.265685 0.185640 0.065794
v -0.265883 0.185640 0.065794
v -0.265685 0.212057 0.065794
v -0.265883 0.212057 0.065794
v -0.265586 0.238474 -0.039874
v -0.265982 0.238474 -0.039874
v -0.265586 0.238474 0.039378
v -0.265982 0.238474 0.039378
v -0.265635 0.212057 -0.039874
v -0.265933 0.212057 -0.039874
v -0.265685 0.212057 -0.066290
v -0.265883 0.212057 -0.066290
v -0.265685 0.185640 -0.039874
v -0.265883 0.185640 -0.039874
v -0.265685 0.185640 -0.066290
v -0.265883 0.185640 -0.066290
v -0.239268 0.264892 0.012961
v -0.239466 0.264892 0.012961
v -0.239268 0.238474 0.012961
v -0.239466 0.238474 0.012961
v -0.239268 0.238474 0.039378
v -0.239466 0.238474 0.039378
v -0.239268 0.264892 0.039378
v -0.239466 0.264892 0.039378
v -0.239268 0.264892 -0.039874
v -0.239466 0.264892 -0.039874
v -0.239268 0.238474 -0.039874
v -0.239466 0.238474 -0.039874
v -0.239268 0.238474 -0.013457
v -0.239466 0.238474 -0.013457
v -0.239268 0.264892 -0.013457
v -0.239466 0.264892 -0.013457
v -0.080569 0.212057 -0.066290
v -0.081163 0.212057 -0.066290
v -0.080569 0.212057 0.065794
v -0.081163 0.212057 0.065794
v -0.080569 0.238474 -0.066290
v -0.081163 0.238474 -0.066290
v -0.080569 0.238474 0.065794
v -0.081163 0.238474 0.065794
v 0.130867 0.238474 -0.066290
v 0.130075 0.238474 -0.066290
v 0.130867 0.238474 0.065794
v 0.130075 0.238474 0.065794
v 0.130867 0.159224 0.065794
v 0.130075 0.159224 0.065794
v 0.130867 0.159224 -0.066290
v 0.130075 0.159224 -0.066290
v 0.262655 0.238474 -0.013457
v 0.262457 0.238474 -0.013457
v 0.262655 0.212057 -0.013457
v 0.262457 0.212057 -0.013457
v 0.262655 0.212057 0.012961
v 0.262457 0.212057 0.012961
v 0.262655 0.238474 0.012961
v 0.262457 0.238474 0.012961
v 0.315487 0.238474 -0.039874
v 0.315289 0.238474 -0.039874
v 0.315487 0.212057 -0.039874
v 0.315289 0.212057 -0.039874
v 0.315487 0.212057 -0.013457
v 0.315289 0.212057 -0.013457
v 0.315474 0.238474 -0.013457
v 0.315302 0.238474 -0.013457
v 0.315474 0.238474 0.012961
v 0.315302 0.238474 0.012961
v 0.315462 0.251483 -0.013457
v 0.315314 0.251483 -0.013457
v 0.315462 0.251483 0.012961
v 0.315314 0.251483 0.012961
v 0.315487 0.212057 0.012961
v 0.315289 0.212057 0.012961
v 0.315487 0.212057 0.039378
v 0.315289 0.212057 0.039378
v 0.315487 0.238474 0.039378
v 0.315289 0.238474 0.039378
v 0.394640 0.134144 0.065794
v 0.394640 0.131470 0.065794
v -0.292201 0.134342 0.065794
v -0.292201 0.131272 0.065794
v -0.054448 0.133798 0.039378
v -0.054448 0.131816 0.039378
v 0.394640 0.133699 0.039378
v 0.394640 0.131915 0.039378
v -0.292201 0.134342 -0.066290
v -0.292201 0.131272 -0.066290
v -0.054448 0.133798 -0.039874
v -0.054448 0.131816 -0.039874
v 0.394640 0.134144 -0.066290
v 0.394640 0.131470 -0.066290
v 0.394640 0.133699 -0.039874
v 0.394640 0.131915 -0.039874
v 0.156888 0.159769 -0.039874
v 0.156888 0.158679 -0.039874
v 0.156888 0.159769 0.039378
v 0.156888 0.158679 0.039378
v -0.054448 0.159769 -0.039874
v -0.054448 0.158679 -0.039874
v -0.054448 0.159769 0.039378
v -0.054448 0.158679 0.039378
v 0.156888 0.186135 -0.039874
v 0.156888 0.185145 -0.039874
v 0.341805 0.186036 -0.039874
v 0.341805 0.185244 -0.039874
v 0.341805 0.185739 -0.013457
v 0.341805 0.185541 -0.013457
v 0.341805 0.185739 0.012961
v 0.341805 0.185541 0.012961
v 0.156888 0.186135 0.039378
v 0.156888 0.185145 0.039378
v 0.341805 0.186036 0.039378
v 0.341805 0.185244 0.039378
v 0.368223 0.185739 0.012961
v 0.368223 0.185541 0.012961
v 0.368223 0.185739 -0.013457
v 0.368223 0.185541 -0.013457
v -0.292201 0.132807 -0.064903
v -0.292201 0.132807 -0.067677
v 0.130471 0.159224 -0.065795
v 0.130471 0.159224 -0.066785
v 0.394640 0.132807 -0.064953
v 0.394640 0.132807 -0.067627
v 0.394640 0.159224 -0.066191
v 0.394640 0.159224 -0.066389
v 0.368223 0.159224 -0.066191
v 0.368223 0.159224 -0.066389
v 0.341805 0.185640 -0.066191
v 0.341805 0.185640 -0.066389
v 0.368223 0.185640 -0.066191
v 0.368223 0.185640 -0.066389
v 0.156888 0.212057 -0.065894
v 0.156888 0.212057 -0.066686
v 0.341805 0.212057 -0.065894
v 0.341805 0.212057 -0.066686
v 0.130471 0.238474 -0.066092
v 0.130471 0.238474 -0.066488
v 0.156888 0.238474 -0.066191
v 0.156888 0.238474 -0.066389
v -0.054448 0.159224 -0.065795
v -0.054448 0.159224 -0.066785
v -0.265784 0.185640 -0.066191
v -0.265784 0.185640 -0.066389
v -0.292201 0.185640 -0.066141
v -0.292201 0.185640 -0.066439
v -0.080866 0.212057 -0.065894
v -0.080866 0.212057 -0.066686
v -0.265784 0.212057 -0.065894
v -0.265784 0.212057 -0.066686
v -0.054448 0.238474 -0.066092
v -0.054448 0.238474 -0.066488
v -0.080866 0.238474 -0.066191
v -0.080866 0.238474 -0.066389
v 0.341805 0.238474 -0.039775
v 0.341805 0.238474 -0.039973
v 0.341805 0.212057 -0.039775
v 0.341805 0.212057 -0.039973
v 0.315388 0.238474 -0.039775
v 0.315388 0.238474 -0.039973
v 0.315388 0.212057 -0.039775
v 0.315388 0.212057 -0.039973
v -0.265784 0.185640 -0.039775
v -0.265784 0.185640 -0.039973
v -0.292201 0.212057 -0.039775
v -0.292201 0.212057 -0.039973
v -0.265784 0.212057 -0.039701
v -0.265784 0.212057 -0.040047
v -0.292201 0.185640 -0.039775
v -0.292201 0.185640 -0.039973
v -0.265784 0.238474 -0.039775
v -0.265784 0.238474 -0.039973
v -0.239367 0.238474 -0.039775
v -0.239367 0.238474 -0.039973
v -0.160116 0.212057 -0.039577
v -0.160116 0.212057 -0.040171
v -0.160116 0.264892 -0.039626
v -0.160116 0.264892 -0.040122
v -0.239367 0.264892 -0.039676
v -0.239367 0.264892 -0.040072
v 0.315388 0.251483 -0.013383
v 0.315388 0.251483 -0.013531
v 0.341805 0.251483 -0.013383
v 0.341805 0.251483 -0.013531
v 0.341805 0.238474 -0.013346
v 0.341805 0.238474 -0.013568
v 0.315388 0.238474 -0.013346
v 0.315388 0.238474 -0.013568
v 0.368223 0.185640 -0.013308
v 0.368223 0.185640 -0.013606
v 0.341805 0.185640 -0.013308
v 0.341805 0.185640 -0.013606
v 0.368223 0.238474 -0.013308
v 0.368223 0.238474 -0.013606
v 0.262556 0.238474 -0.013308
v 0.262556 0.238474 -0.013606
v 0.315388 0.212057 -0.013308
v 0.315388 0.212057 -0.013606
v 0.262556 0.212057 -0.013308
v 0.262556 0.212057 -0.013606
v -0.160116 0.238474 0.013159
v -0.160116 0.238474 0.012763
v -0.239367 0.264892 0.013159
v -0.239367 0.264892 0.012763
v -0.160116 0.264892 0.013159
v -0.160116 0.264892 0.012763
v -0.239367 0.238474 0.013159
v -0.239367 0.238474 0.012763
v 0.394640 0.132807 0.040270
v 0.394640 0.132807 0.038486
v -0.054448 0.132807 0.040270
v -0.054448 0.132807 0.038486
v 0.156888 0.159224 0.039824
v 0.156888 0.159224 0.038932
v -0.054448 0.159224 0.039824
v -0.054448 0.159224 0.038932
v 0.368223 0.159224 0.039477
v 0.368223 0.159224 0.039279
v 0.394640 0.159224 0.039477
v 0.394640 0.159224 0.039279
v 0.368223 0.185640 0.039824
v 0.368223 0.185640 0.038932
v 0.156888 0.185640 0.039824
v 0.156888 0.185640 0.038932
v 0.420821 0.210134 -0.039874
v 0.421303 0.210134 -0.039874
v 0.420768 0.210134 0.039378
v 0.421356 0.210134 0.039378
v 0.420963 0.185640 0.012961
v 0.421161 0.185640 0.012961
v 0.420768 0.132807 0.039378
v 0.421356 0.132807 0.039378
v 0.420951 0.185640 -0.013457
v 0.421173 0.185640 -0.013457
v 0.420963 0.159224 0.012961
v 0.421161 0.159224 0.012961
v 0.420949 0.159224 -0.013457
v 0.421175 0.159224 -0.013457
v 0.420820 0.132807 -0.039874
v 0.421304 0.132807 -0.039874
v 0.341712 0.159224 -0.013457
v 0.341910 0.159224 -0.013457
v 0.341712 0.185640 -0.013457
v 0.341910 0.185640 -0.013457
v 0.341712 0.185640 0.012961
v 0.341910 0.185640 0.012961
v 0.341712 0.159224 0.012961
v 0.341910 0.159224 0.012961
v 0.262462 0.079972 -0.066290
v 0.262660 0.079972 -0.066290
v 0.262462 0.106389 -0.066290
v 0.262660 0.106389 -0.066290
v 0.262462 0.106389 -0.039874
v 0.262660 0.106389 -0.039874
v 0.262462 0.079972 -0.039874
v 0.262660 0.079972 -0.039874
v 0.262462 0.079972 0.039378
v 0.262660 0.079972 0.039378
v 0.262462 0.106389 0.039378
v 0.262660 0.106389 0.039378
v 0.262462 0.106389 0.065794
v 0.262660 0.106389 0.065794
v 0.262462 0.079972 0.065794
v 0.262660 0.079972 0.065794
v 0.156795 0.079972 -0.066290
v 0.156993 0.079972 -0.066290
v 0.156795 0.106389 -0.066290
v 0.156993 0.106389 -0.066290
v 0.156795 0.106389 -0.039874
v 0.156993 0.106389 -0.039874
v 0.156795 0.079972 -0.039874
v 0.156993 0.079972 -0.039874
v 0.156795 0.079972 0.039378
v 0.156993 0.079972 0.039378
v 0.156795 0.106389 0.039378
v 0.156993 0.106389 0.039378
v 0.156795 0.106389 0.065794
v 0.156993 0.106389 0.065794
v 0.156795 0.079972 0.065794
v 0.156993 0.079972 0.065794
v -0.001708 0.079972 0.039378
v -0.001510 0.079972 0.039378
v -0.001708 0.106389 0.039378
v -0.001510 0.106389 0.039378
v -0.001708 0.106389 0.065794
v -0.001510 0.106389 0.065794
v -0.001708 0.079972 0.065794
v -0.001510 0.079972 0.065794
v -0.001708 0.079972 -0.066290
v -0.001510 0.079972 -0.066290
v -0.001708 0.106389 -0.066290
v -0.001510 0.106389 -0.066290
v -0.001708 0.106389 -0.039874
v -0.001510 0.106389 -0.039874
v -0.001708 0.079972 -0.039874
v -0.001510 0.079972 -0.039874
v -0.107375 0.079972 -0.066290
v -0.107177 0.079972 -0.066290
v -0.107375 0.106389 -0.066290
v -0.107177 0.106389 -0.066290
v -0.107375 0.106389 -0.039874
v -0.107177 0.106389 -0.039874
v -0.107375 0.079972 -0.039874
v -0.107177 0.079972 -0.039874
v -0.107375 0.079972 0.039378
v -0.107177 0.079972 0.039378
v -0.107375 0.106389 0.039378
v -0.107177 0.106389 0.039378
v -0.107375 0.106389 0.065794
v -0.107177 0.106389 0.065794
v -0.107375 0.079972 0.065794
v -0.107177 0.079972 0.065794
v 0.421062 0.209066 -0.039874
v 0.421062 0.211202 -0.039874
v -0.069521 0.209066 -0.039874
v -0.069521 0.211202 -0.039874
v -0.069521 0.209066 0.039378
v -0.069521 0.211202 0.039378
v 0.421062 0.209066 0.039378
v 0.421062 0.211202 0.039378
v 0.341811 0.159026 0.012961
v 0.341811 0.159422 0.012961
v 0.421062 0.159026 0.012961
v 0.421062 0.159422 0.012961
v 0.341811 0.159026 -0.013457
v 0.341811 0.159422 -0.013457
v 0.421062 0.159026 -0.013457
v 0.421062 0.159422 -0.013457
v 0.077643 0.106191 -0.039874
v 0.077643 0.106587 -0.039874
v 0.156894 0.106191 -0.039874
v 0.156894 0.106587 -0.039874
v 0.077643 0.106191 -0.066290
v 0.077643 0.106587 -0.066290
v 0.156894 0.106191 -0.066290
v 0.156894 0.106587 -0.066290
v 0.183308 0.106191 -0.039874
v 0.183308 0.106587 -0.039874
v 0.262561 0.106191 -0.039874
v 0.262561 0.106587 -0.039874
v 0.183308 0.106191 -0.066290
v 0.183308 0.106587 -0.066290
v 0.262561 0.106191 -0.066290
v 0.262561 0.106587 -0.066290
v 0.077643 0.106191 0.065794
v 0.077643 0.106587 0.065794
v 0.156894 0.106191 0.065794
v 0.156894 0.106587 0.065794
v 0.077643 0.106191 0.039378
v 0.077643 0.106587 0.039378
v 0.156894 0.106191 0.039378
v 0.156894 0.106587 0.039378
v -0.186528 0.106191 0.065794
v -0.186528 0.106587 0.065794
v -0.107276 0.106191 0.065794
v -0.107276 0.106587 0.065794
v -0.186528 0.106191 0.039378
v -0.186528 0.106587 0.039378
v -0.107276 0.106191 0.039378
v -0.107276 0.106587 0.039378
v -0.186528 0.106191 -0.039874
v -0.186528 0.106587 -0.039874
v -0.107276 0.106191 -0.039874
v -0.107276 0.106587 -0.039874
v -0.186528 0.106191 -0.066290
v -0.186528 0.106587 -0.066290
v -0.107276 0.106191 -0.066290
v -0.107276 0.106587 -0.066290
v -0.080860 0.106191 0.065794
v -0.080860 0.106587 0.065794
v -0.001609 0.106191 0.065794
v -0.001609 0.106587 0.065794
v -0.080860 0.106191 0.039378
v -0.080860 0.106587 0.039378
v -0.001609 0.106191 0.039378
v -0.001609 0.106587 0.039378
v -0.080860 0.106191 -0.039874
v -0.080860 0.106587 -0.039874
v -0.001609 0.106191 -0.039874
v -0.001609 0.106587 -0.039874
v -0.080860 0.106191 -0.066290
v -0.080860 0.106587 -0.066290
v -0.001609 0.106191 -0.066290
v -0.001609 0.106587 -0.066290
v 0.183308 0.106191 0.065794
v 0.183308 0.106587 0.065794
v 0.262561 0.106191 0.065794
v 0.262561 0.106587 0.065794
v 0.183308 0.106191 0.039378
v 0.183308 0.106587 0.039378
v 0.262561 0.106191 0.039378
v 0.262561 0.106587 0.039378
v -0.080860 0.079972 0.065596
v -0.080860 0.079972 0.065992
v -0.001609 0.079972 0.065596
v -0.001609 0.079972 0.065992
v -0.001609 0.106389 0.065596
v -0.001609 0.106389 0.065992
v -0.080860 0.106389 0.065596
v -0.080860 0.106389 0.065992
v 0.077643 0.079972 0.065596
v 0.077643 0.079972 0.065992
v 0.156894 0.079972 0.065596
v 0.156894 0.079972 0.065992
v 0.156894 0.106389 0.065596
v 0.156894 0.106389 0.065992
v 0.077643 0.106389 0.065596
v 0.077643 0.106389 0.065992
v -0.186528 0.079972 0.065596
v -0.186528 0.079972 0.065992
v -0.107276 0.079972 0.065596
v -0.107276 0.079972 0.065992
v -0.107276 0.106389 0.065596
v -0.107276 0.106389 0.065992
v -0.186528 0.106389 0.065596
v -0.186528 0.106389 0.065992
v 0.183308 0.079972 0.065596
v 0.183308 0.079972 0.065992
v 0.262561 0.079972 0.065596
v 0.262561 0.079972 0.065992
v 0.262561 0.106389 0.065596
v 0.262561 0.106389 0.065992
v 0.183308 0.106389 0.065596
v 0.183308 0.106389 0.065992
v -0.069521 0.210134 0.038313
v -0.069521 0.210134 0.040443
v -0.069521 0.132807 0.038313
v -0.069521 0.132807 0.040443
v 0.421062 0.210134 0.038313
v 0.421062 0.210134 0.040443
v 0.421062 0.132807 0.038313
v 0.421062 0.132807 0.040443
v 0.341811 0.159224 -0.013655
v 0.341811 0.159224 -0.013259
v 0.421062 0.159224 -0.013655
v 0.421062 0.159224 -0.013259
v 0.421062 0.185640 -0.013655
v 0.421062 0.185640 -0.013259
v 0.341811 0.185640 -0.013655
v 0.341811 0.185640 -0.013259
v -0.186528 0.079972 -0.040072
v -0.186528 0.079972 -0.039676
v -0.107276 0.079972 -0.040072
v -0.107276 0.079972 -0.039676
v -0.107276 0.106389 -0.040072
v -0.107276 0.106389 -0.039676
v -0.186528 0.106389 -0.040072
v -0.186528 0.106389 -0.039676
v -0.080860 0.079972 -0.040072
v -0.080860 0.079972 -0.039676
v -0.001609 0.079972 -0.040072
v -0.001609 0.079972 -0.039676
v -0.001609 0.106389 -0.040072
v -0.001609 0.106389 -0.039676
v -0.080860 0.106389 -0.040072
v -0.080860 0.106389 -0.039676
v 0.183308 0.079972 -0.040072
v 0.183308 0.079972 -0.039676
v 0.262561 0.079972 -0.040072
v 0.262561 0.079972 -0.039676
v 0.262561 0.106389 -0.040072
v 0.262561 0.106389 -0.039676
v 0.183308 0.106389 -0.040072
v 0.183308 0.106389 -0.039676
v 0.077643 0.079972 -0.040072
v 0.077643 0.079972 -0.039676
v 0.156894 0.079972 -0.040072
v 0.156894 0.079972 -0.039676
v 0.156894 0.106389 -0.040072
v 0.156894 0.106389 -0.039676
v 0.077643 0.106389 -0.040072
v 0.077643 0.106389 -0.039676
v -0.186429 0.106389 0.039378
v -0.186627 0.106389 0.039378
v -0.186429 0.079972 0.039378
v -0.186627 0.079972 0.039378
v -0.186429 0.079972 0.065794
v -0.186627 0.079972 0.065794
v -0.186429 0.106389 0.065794
v -0.186627 0.106389 0.065794
v -0.186429 0.106389 -0.066290
v -0.186627 0.106389 -0.066290
v -0.186429 0.079972 -0.066290
v -0.186627 0.079972 -0.066290
v -0.186429 0.079972 -0.039874
v -0.186627 0.079972 -0.039874
v -0.186429 0.106389 -0.039874
v -0.186627 0.106389 -0.039874
v -0.080761 0.106389 -0.066290
v -0.080959 0.106389 -0.066290
v -0.080761 0.079972 -0.066290
v -0.080959 0.079972 -0.066290
v -0.080761 0.079972 -0.039874
v -0.080959 0.079972 -0.039874
v -0.080761 0.106389 -0.039874
v -0.080959 0.106389 -0.039874
v -0.080761 0.106389 0.039378
v -0.080959 0.106389 0.039378
v -0.080761 0.079972 0.039378
v -0.080959 0.079972 0.039378
v -0.080761 0.079972 0.065794
v -0.080959 0.079972 0.065794
v -0.080761 0.106389 0.065794
v -0.080959 0.106389 0.065794
v -0.069227 0.210134 -0.039874
v -0.069815 0.210134 -0.039874
v -0.069227 0.132807 -0.039874
v -0.069815 0.132807 -0.039874
v -0.069227 0.132807 0.039378
v -0.069815 0.132807 0.039378
v -0.069227 0.210134 0.039378
v -0.069815 0.210134 0.039378
v 0.077742 0.106389 0.039378
v 0.077544 0.106389 0.039378
v 0.077742 0.079972 0.039378
v 0.077544 0.079972 0.039378
v 0.077742 0.079972 0.065794
v 0.077544 0.079972 0.065794
v 0.077742 0.106389 0.065794
v 0.077544 0.106389 0.065794
v 0.077742 0.106389 -0.066290
v 0.077544 0.106389 -0.066290
v 0.077742 0.079972 -0.066290
v 0.077544 0.079972 -0.066290
v 0.077742 0.079972 -0.039874
v 0.077544 0.079972 -0.039874
v 0.077742 0.106389 -0.039874
v 0.077544 0.106389 -0.039874
v 0.183407 0.106389 -0.066290
v 0.183209 0.106389 -0.066290
v 0.183407 0.079972 -0.066290
v 0.183209 0.079972 -0.066290
v 0.183407 0.079972 -0.039874
v 0.183209 0.079972 -0.039874
v 0.183407 0.106389 -0.039874
v 0.183209 0.106389 -0.039874
v 0.183407 0.106389 0.039378
v 0.183209 0.106389 0.039378
v 0.183407 0.079972 0.039378
v 0.183209 0.079972 0.039378
v 0.183407 0.079972 0.065794
v 0.183209 0.079972 0.065794
v 0.183407 0.106389 0.065794
v 0.183209 0.106389 0.065794
v -0.001609 0.080170 -0.066290
v -0.001609 0.079774 -0.066290
v -0.080860 0.080170 -0.039874
v -0.080860 0.079774 -0.039874
v -0.080860 0.080170 -0.066290
v -0.080860 0.079774 -0.066290
v -0.001609 0.080170 -0.039874
v -0.001609 0.079774 -0.039874
v -0.001609 0.080170 0.039378
v -0.001609 0.079774 0.039378
v -0.080860 0.080170 0.065794
v -0.080860 0.079774 0.065794
v -0.080860 0.080170 0.039378
v -0.080860 0.079774 0.039378
v -0.001609 0.080170 0.065794
v -0.001609 0.079774 0.065794
v 0.156894 0.080170 0.039378
v 0.156894 0.079774 0.039378
v 0.077643 0.080170 0.065794
v 0.077643 0.079774 0.065794
v 0.077643 0.080170 0.039378
v 0.077643 0.079774 0.039378
v 0.156894 0.080170 0.065794
v 0.156894 0.079774 0.065794
v 0.262561 0.080170 0.039378
v 0.262561 0.079774 0.039378
v 0.183308 0.080170 0.065794
v 0.183308 0.079774 0.065794
v 0.183308 0.080170 0.039378
v 0.183308 0.079774 0.039378
v 0.262561 0.080170 0.065794
v 0.262561 0.079774 0.065794
v 0.156894 0.080170 -0.066290
v 0.156894 0.079774 -0.066290
v 0.077643 0.080170 -0.039874
v 0.077643 0.079774 -0.039874
v 0.077643 0.080170 -0.066290
v 0.077643 0.079774 -0.066290
v 0.156894 0.080170 -0.039874
v 0.156894 0.079774 -0.039874
v -0.107276 0.080170 -0.066290
v -0.107276 0.079774 -0.066290
v -0.186528 0.080170 -0.039874
v -0.186528 0.079774 -0.039874
v -0.186528 0.080170 -0.066290
v -0.186528 0.079774 -0.066290
v -0.107276 0.080170 -0.039874
v -0.107276 0.079774 -0.039874
v -0.107276 0.080170 0.039378
v -0.107276 0.079774 0.039378
v -0.186528 0.080170 0.065794
v -0.186528 0.079774 0.065794
v -0.186528 0.080170 0.039378
v -0.186528 0.079774 0.039378
v -0.107276 0.080170 0.065794
v -0.107276 0.079774 0.065794
v 0.262561 0.080170 -0.066290
v 0.262561 0.079774 -0.066290
v 0.183308 0.080170 -0.039874
v 0.183308 0.079774 -0.039874
v 0.183308 0.080170 -0.066290
v 0.183308 0.079774 -0.066290
v 0.262561 0.080170 -0.039874
v 0.262561 0.079774 -0.039874
v 0.421062 0.133005 -0.039874
v 0.421062 0.132609 -0.039874
v 0.394646 0.133005 0.039378
v 0.394646 0.132609 0.039378
v 0.394646 0.133005 -0.039874
v 0.394646 0.132609 -0.039874
v 0.421062 0.133005 0.039378
v 0.421062 0.132609 0.039378
v 0.421062 0.185838 -0.013457
v 0.421062 0.185442 -0.013457
v 0.341811 0.185838 0.012961
v 0.341811 0.185442 0.012961
v 0.341811 0.185838 -0.013457
v 0.341811 0.185442 -0.013457
v 0.421062 0.185838 0.012961
v 0.421062 0.185442 0.012961
v 0.183308 0.106389 -0.066092
v 0.183308 0.106389 -0.066488
v 0.262561 0.106389 -0.066092
v 0.262561 0.106389 -0.066488
v 0.262561 0.079972 -0.066092
v 0.262561 0.079972 -0.066488
v 0.183308 0.079972 -0.066092
v 0.183308 0.079972 -0.066488
v -0.001609 0.079972 -0.066092
v -0.001609 0.079972 -0.066488
v -0.080860 0.106389 -0.066092
v -0.080860 0.106389 -0.066488
v -0.001609 0.106389 -0.066092
v -0.001609 0.106389 -0.066488
v -0.080860 0.079972 -0.066092
v -0.080860 0.079972 -0.066488
v 0.077643 0.106389 -0.066092
v 0.077643 0.106389 -0.066488
v 0.156894 0.106389 -0.066092
v 0.156894 0.106389 -0.066488
v 0.156894 0.079972 -0.066092
v 0.156894 0.079972 -0.066488
v 0.077643 0.079972 -0.066092
v 0.077643 0.079972 -0.066488
v -0.107276 0.079972 -0.066092
v -0.107276 0.079972 -0.066488
v -0.186528 0.106389 -0.066092
v -0.186528 0.106389 -0.066488
v -0.107276 0.106389 -0.066092
v -0.107276 0.106389 -0.066488
v -0.186528 0.079972 -0.066092
v -0.186528 0.079972 -0.066488
v -0.069521 0.210134 -0.038809
v -0.069521 0.210134 -0.040939
v 0.421062 0.210134 -0.038809
v 0.421062 0.210134 -0.040939
v -0.069521 0.132807 -0.038809
v -0.069521 0.132807 -0.040939
v 0.421062 0.132807 -0.038809
v 0.421062 0.132807 -0.040939
v 0.421062 0.159224 0.013159
v 0.421062 0.159224 0.012763
v 0.341811 0.185640 0.013159
v 0.341811 0.185640 0.012763
v 0.421062 0.185640 0.013159
v 0.421062 0.185640 0.012763
v 0.341811 0.159224 0.013159
v 0.341811 0.159224 0.012763
v -0.107276 0.079972 0.039576
v -0.107276 0.079972 0.039180
v -0.186528 0.106389 0.039576
v -0.186528 0.106389 0.039180
v -0.107276 0.106389 0.039576
v -0.107276 0.106389 0.039180
v -0.186528 0.079972 0.039576
v -0.186528 0.079972 0.039180
v 0.183308 0.106389 0.039576
v 0.183308 0.106389 0.039180
v 0.262561 0.106389 0.039576
v 0.262561 0.106389 0.039180
v 0.262561 0.079972 0.039576
v 0.262561 0.079972 0.039180
v 0.183308 0.079972 0.039576
v 0.183308 0.079972 0.039180
v 0.077643 0.106389 0.039576
v 0.077643 0.106389 0.039180
v 0.156894 0.106389 0.039576
v 0.156894 0.106389 0.039180
v 0.156894 0.079972 0.039576
v 0.156894 0.079972 0.039180
v 0.077643 0.079972 0.039576
v 0.077643 0.079972 0.039180
v -0.001609 0.079972 0.039576
v -0.001609 0.079972 0.039180
v -0.080860 0.106389 0.039576
v -0.080860 0.106389 0.039180
v -0.001609 0.106389 0.039576
v -0.001609 0.106389 0.039180
v -0.080860 0.079972 0.039576
v -0.080860 0.079972 0.039180
v 0.394294 0.132807 0.065794
v 0.394988 0.132807 0.065794
v 0.394542 0.079973 0.039378
v 0.394740 0.079973 0.039378
v 0.394492 0.079973 0.065794
v 0.394790 0.079973 0.065794
v 0.394542 0.079973 -0.039874
v 0.394740 0.079973 -0.039874
v 0.394294 0.132807 -0.066290
v 0.394988 0.132807 -0.066290
v 0.394492 0.079973 -0.066290
v 0.394790 0.079973 -0.066290
v 0.394443 0.053555 -0.039874
v 0.394839 0.053555 -0.039874
v 0.394443 0.053555 0.039378
v 0.394839 0.053555 0.039378
v 0.368125 0.053555 -0.066290
v 0.368323 0.053555 -0.066290
v 0.368100 0.079973 -0.066290
v 0.368348 0.079973 -0.066290
v 0.368125 0.079973 -0.039874
v 0.368323 0.079973 -0.039874
v 0.368075 0.053555 -0.039874
v 0.368373 0.053555 -0.039874
v 0.368075 0.079973 -0.092707
v 0.368373 0.079973 -0.092707
v 0.368075 0.132807 -0.066290
v 0.368373 0.132807 -0.066290
v 0.368075 0.132807 -0.092707
v 0.368373 0.132807 -0.092707
v 0.368075 0.053555 0.039378
v 0.368373 0.053555 0.039378
v 0.368026 0.027139 -0.039874
v 0.368422 0.027139 -0.039874
v 0.368026 0.027140 0.039378
v 0.368422 0.027140 0.039378
v 0.368125 0.079973 0.039378
v 0.368323 0.079973 0.039378
v 0.368100 0.079973 0.065794
v 0.368348 0.079973 0.065794
v 0.368125 0.053555 0.065794
v 0.368323 0.053555 0.065794
v 0.368075 0.132807 0.092211
v 0.368373 0.132807 0.092211
v 0.368075 0.079973 0.092211
v 0.368373 0.079973 0.092211
v 0.368075 0.132807 0.065794
v 0.368373 0.132807 0.065794
v 0.341658 0.027139 -0.039874
v 0.341956 0.027139 -0.039874
v 0.341658 0.027140 0.039378
v 0.341956 0.027140 0.039378
v 0.341609 0.000722 -0.039874
v 0.342005 0.000722 -0.039874
v 0.341609 0.000722 0.039378
v 0.342005 0.000722 0.039378
v 0.341708 0.027139 -0.066290
v 0.341906 0.027139 -0.066290
v 0.341708 0.053555 -0.039874
v 0.341906 0.053555 -0.039874
v 0.341708 0.053555 -0.066290
v 0.341906 0.053555 -0.066290
v 0.341708 0.053555 -0.092707
v 0.341906 0.053555 -0.092707
v 0.341708 0.079973 -0.066290
v 0.341906 0.079973 -0.066290
v 0.341708 0.079973 -0.092707
v 0.341906 0.079973 -0.092707
v 0.341708 0.053555 0.065794
v 0.341906 0.053555 0.065794
v 0.341708 0.027140 0.065795
v 0.341906 0.027140 0.065795
v 0.341708 0.053555 0.039378
v 0.341906 0.053555 0.039378
v 0.341708 0.079973 0.065794
v 0.341906 0.079973 0.065794
v 0.341708 0.079973 0.092211
v 0.341906 0.079973 0.092211
v 0.341708 0.053555 0.092211
v 0.341906 0.053555 0.092211
v 0.315292 0.000722 -0.066290
v 0.315490 0.000722 -0.066290
v 0.315292 0.027139 -0.066290
v 0.315490 0.027139 -0.066290
v 0.315292 0.027139 -0.039874
v 0.315490 0.027139 -0.039874
v 0.315292 0.000722 -0.039874
v 0.315490 0.000722 -0.039874
v 0.315292 0.027139 -0.092707
v 0.315490 0.027139 -0.092707
v 0.315292 0.053555 -0.066290
v 0.315490 0.053555 -0.066290
v 0.315292 0.053555 -0.092707
v 0.315490 0.053555 -0.092707
v 0.315292 0.027140 0.065795
v 0.315490 0.027140 0.065795
v 0.315292 0.053555 0.065794
v 0.315490 0.053555 0.065794
v 0.315292 0.053555 0.092211
v 0.315490 0.053555 0.092211
v 0.315292 0.027140 0.092211
v 0.315490 0.027140 0.092211
v 0.315292 0.000722 0.039378
v 0.315490 0.000722 0.039378
v 0.315292 0.000722 0.065795
v 0.315490 0.000722 0.065795
v 0.315292 0.027140 0.039378
v 0.315490 0.027140 0.039378
v 0.183156 0.106389 0.039378
v 0.183454 0.106389 0.039378
v 0.183156 0.106389 0.092211
v 0.183454 0.106389 0.092211
v 0.183156 0.079973 0.039378
v 0.183454 0.079973 0.039378
v 0.183156 0.079973 0.092211
v 0.183454 0.079973 0.092211
v 0.183156 0.106389 -0.092707
v 0.183454 0.106389 -0.092707
v 0.183156 0.106389 -0.039874
v 0.183454 0.106389 -0.039874
v 0.183156 0.079973 -0.092707
v 0.183454 0.079973 -0.092707
v 0.183156 0.079973 -0.039874
v 0.183454 0.079973 -0.039874
v 0.077490 0.106389 0.039378
v 0.077788 0.106389 0.039378
v 0.077490 0.106389 0.092211
v 0.077788 0.106389 0.092211
v 0.077490 0.079973 0.039378
v 0.077788 0.079973 0.039378
v 0.077490 0.079973 0.092211
v 0.077788 0.079973 0.092211
v 0.077490 0.106389 -0.092707
v 0.077788 0.106389 -0.092707
v 0.077490 0.106389 -0.039874
v 0.077788 0.106389 -0.039874
v 0.077490 0.079973 -0.092707
v 0.077788 0.079973 -0.092707
v 0.077490 0.079973 -0.039874
v 0.077788 0.079973 -0.039874
v -0.081012 0.106389 0.039378
v -0.080714 0.106389 0.039378
v -0.081012 0.106389 0.092211
v -0.080714 0.106389 0.092211
v -0.081012 0.079973 0.039378
v -0.080714 0.079973 0.039378
v -0.081012 0.079973 0.092211
v -0.080714 0.079973 0.092211
v -0.081160 0.000722 -0.066290
v -0.080566 0.000722 -0.066290
v -0.081160 0.000722 0.065795
v -0.080566 0.000722 0.065795
v -0.081160 -0.025695 -0.066290
v -0.080566 -0.025695 -0.066290
v -0.081160 -0.025695 0.065795
v -0.080566 -0.025695 0.065795
v -0.081012 0.106389 -0.092707
v -0.080714 0.106389 -0.092707
v -0.081012 0.106389 -0.039874
v -0.080714 0.106389 -0.039874
v -0.081012 0.079973 -0.092707
v -0.080714 0.079973 -0.092707
v -0.081012 0.079973 -0.039874
v -0.080714 0.079973 -0.039874
v -0.107430 -0.025695 -0.092707
v -0.107132 -0.025695 -0.092707
v -0.107430 0.027139 -0.092707
v -0.107132 0.027139 -0.092707
v -0.107430 0.027139 -0.066290
v -0.107132 0.027139 -0.066290
v -0.107529 -0.025695 -0.066290
v -0.107033 -0.025695 -0.066290
v -0.107529 -0.025695 0.065795
v -0.107033 -0.025695 0.065795
v -0.107628 -0.078529 -0.066290
v -0.106934 -0.078529 -0.066290
v -0.107628 -0.078529 0.065795
v -0.106934 -0.078529 0.065795
v -0.107430 0.027140 0.092211
v -0.107132 0.027140 0.092211
v -0.107430 -0.025695 0.092211
v -0.107132 -0.025695 0.092211
v -0.107430 0.027140 0.065795
v -0.107132 0.027140 0.065795
v -0.133847 -0.078529 -0.092707
v -0.133549 -0.078529 -0.092707
v -0.133847 -0.025695 -0.092707
v -0.133549 -0.025695 -0.092707
v -0.133847 -0.025695 -0.066290
v -0.133549 -0.025695 -0.066290
v -0.133995 -0.078529 -0.066290
v -0.133401 -0.078529 -0.066290
v -0.134144 -0.184197 -0.066290
v -0.133252 -0.184197 -0.066290
v -0.133995 -0.078529 0.065795
v -0.133401 -0.078529 0.065795
v -0.134144 -0.184197 0.065795
v -0.133252 -0.184197 0.065795
v -0.133847 -0.025695 0.092211
v -0.133549 -0.025695 0.092211
v -0.133847 -0.078529 0.092211
v -0.133549 -0.078529 0.092211
v -0.133847 -0.025695 0.065795
v -0.133549 -0.025695 0.065795
v -0.160363 -0.184197 -0.092707
v -0.159867 -0.184197 -0.092707
v -0.160363 -0.078529 -0.092707
v -0.159867 -0.078529 -0.092707
v -0.160363 -0.078529 -0.066290
v -0.159867 -0.078529 -0.066290
v -0.160363 -0.184197 -0.066290
v -0.159867 -0.184197 -0.066290
v -0.160363 -0.184197 0.065795
v -0.159867 -0.184197 0.065795
v -0.160363 -0.078529 0.065795
v -0.159867 -0.078529 0.065795
v -0.160363 -0.078529 0.092211
v -0.159867 -0.078529 0.092211
v -0.160363 -0.184197 0.092211
v -0.159867 -0.184197 0.092211
v -0.186680 0.106389 0.039378
v -0.186382 0.106389 0.039378
v -0.186680 0.079973 0.039378
v -0.186382 0.079973 0.039378
v -0.186680 0.106389 0.092211
v -0.186382 0.106389 0.092211
v -0.186680 0.079973 0.092211
v -0.186382 0.079973 0.092211
v -0.186680 0.106389 -0.092707
v -0.186382 0.106389 -0.092707
v -0.186680 0.079973 -0.092707
v -0.186382 0.079973 -0.092707
v -0.186680 0.106389 -0.039874
v -0.186382 0.106389 -0.039874
v -0.186680 0.079973 -0.039874
v -0.186382 0.079973 -0.039874
v -0.186630 -0.210614 -0.092707
v -0.186432 -0.210614 -0.092707
v -0.186630 -0.184197 -0.092707
v -0.186432 -0.184197 -0.092707
v -0.186630 -0.184197 -0.066290
v -0.186432 -0.184197 -0.066290
v -0.186630 -0.210614 -0.066290
v -0.186432 -0.210614 -0.066290
v -0.186630 -0.210614 0.065795
v -0.186432 -0.210614 0.065795
v -0.186630 -0.184197 0.065795
v -0.186432 -0.184197 0.065795
v -0.186630 -0.184197 0.092211
v -0.186432 -0.184197 0.092211
v -0.186630 -0.210614 0.092211
v -0.186432 -0.210614 0.092211
v -0.266277 -0.052113 -0.066290
v -0.265287 -0.052113 -0.066290
v -0.266277 0.079973 -0.066290
v -0.265287 0.079973 -0.066290
v -0.266277 0.079973 0.065794
v -0.265287 0.079973 0.065794
v -0.266277 -0.052113 0.065795
v -0.265287 -0.052113 0.065795
v -0.292744 -0.210614 -0.066290
v -0.291654 -0.210614 -0.066290
v -0.292744 -0.052113 -0.066290
v -0.291654 -0.052113 -0.066290
v -0.292744 -0.052113 0.065795
v -0.291654 -0.052113 0.065795
v -0.292744 -0.210614 0.065795
v -0.291654 -0.210614 0.065795
v -0.069524 0.131788 -0.039874
v -0.069524 0.133826 -0.039874
v 0.394641 0.131887 -0.039874
v 0.394641 0.133727 -0.039874
v 0.368224 0.132708 -0.066290
v 0.368224 0.132906 -0.066290
v 0.394641 0.132708 -0.066290
v 0.394641 0.132906 -0.066290
v 0.368224 0.131569 -0.092707
v 0.368224 0.134045 -0.092707
v -0.265782 0.131569 -0.092707
v -0.265782 0.134045 -0.092707
v -0.265782 0.132658 -0.066290
v -0.265782 0.132956 -0.066290
v -0.069524 0.131788 0.039378
v -0.069524 0.133826 0.039378
v -0.318616 0.132460 -0.066290
v -0.318616 0.133154 -0.066290
v -0.318616 0.132460 0.065794
v -0.318616 0.133154 0.065794
v -0.265782 0.132658 0.065794
v -0.265782 0.132956 0.065794
v -0.265782 0.131569 0.092211
v -0.265782 0.134045 0.092211
v 0.368224 0.131569 0.092211
v 0.368224 0.134045 0.092211
v 0.368224 0.132708 0.065794
v 0.368224 0.132906 0.065794
v 0.394641 0.131887 0.039378
v 0.394641 0.133727 0.039378
v 0.394641 0.132708 0.065794
v 0.394641 0.132906 0.065794
v -0.318616 0.106240 -0.066290
v -0.318616 0.106538 -0.066290
v -0.265782 0.106240 -0.066290
v -0.265782 0.106538 -0.066290
v -0.318616 0.106240 -0.092707
v -0.318616 0.106538 -0.092707
v -0.265782 0.106240 -0.092707
v -0.265782 0.106538 -0.092707
v -0.318616 0.106240 0.092211
v -0.318616 0.106538 0.092211
v -0.265782 0.106240 0.092211
v -0.265782 0.106538 0.092211
v -0.318616 0.106240 0.065794
v -0.318616 0.106538 0.065794
v -0.265782 0.106240 0.065794
v -0.265782 0.106538 0.065794
v -0.318616 0.106191 0.039378
v -0.318616 0.106587 0.039378
v -0.318616 0.106191 -0.039874
v -0.318616 0.106587 -0.039874
v -0.345033 0.106191 -0.039874
v -0.345033 0.106587 -0.039874
v -0.345033 0.106191 0.039378
v -0.345033 0.106587 0.039378
v -0.001613 0.079725 0.039378
v -0.001613 0.080221 0.039378
v -0.080863 0.079725 0.039378
v -0.080863 0.080221 0.039378
v -0.001613 0.079725 0.092211
v -0.001613 0.080221 0.092211
v -0.080863 0.079725 0.092211
v -0.080863 0.080221 0.092211
v -0.186531 0.079775 -0.092707
v -0.186531 0.080171 -0.092707
v -0.160115 0.079874 -0.066290
v -0.160115 0.080072 -0.066290
v -0.107281 0.079725 -0.092707
v -0.107281 0.080221 -0.092707
v -0.186531 0.079874 -0.066290
v -0.186531 0.080072 -0.066290
v -0.107281 0.079775 -0.039874
v -0.107281 0.080171 -0.039874
v -0.160115 0.079824 -0.039874
v -0.160115 0.080122 -0.039874
v 0.156890 0.079725 -0.092707
v 0.156890 0.080221 -0.092707
v 0.077639 0.079725 -0.092707
v 0.077639 0.080221 -0.092707
v 0.156890 0.079725 -0.039874
v 0.156890 0.080221 -0.039874
v 0.077639 0.079725 -0.039874
v 0.077639 0.080221 -0.039874
v 0.156890 0.079725 0.039378
v 0.156890 0.080221 0.039378
v 0.077639 0.079725 0.039378
v 0.077639 0.080221 0.039378
v 0.156890 0.079725 0.092211
v 0.156890 0.080221 0.092211
v 0.077639 0.079725 0.092211
v 0.077639 0.080221 0.092211
v 0.262556 0.079725 -0.092707
v 0.262556 0.080221 -0.092707
v 0.183305 0.079725 -0.092707
v 0.183305 0.080221 -0.092707
v 0.262556 0.079725 -0.039874
v 0.262556 0.080221 -0.039874
v 0.183305 0.079725 -0.039874
v 0.183305 0.080221 -0.039874
v -0.186531 0.079874 0.065794
v -0.186531 0.080072 0.065794
v -0.186531 0.079775 0.092211
v -0.186531 0.080171 0.092211
v -0.160115 0.079874 0.065794
v -0.160115 0.080072 0.065794
v -0.107281 0.079725 0.092211
v -0.107281 0.080221 0.092211
v -0.107281 0.079775 0.039378
v -0.107281 0.080171 0.039378
v -0.160115 0.079824 0.039378
v -0.160115 0.080122 0.039378
v 0.262556 0.079725 0.039378
v 0.262556 0.080221 0.039378
v 0.183305 0.079725 0.039378
v 0.183305 0.080221 0.039378
v 0.262556 0.079725 0.092211
v 0.262556 0.080221 0.092211
v 0.183305 0.079725 0.092211
v 0.183305 0.080221 0.092211
v -0.001613 0.079725 -0.092707
v -0.001613 0.080221 -0.092707
v -0.080863 0.079725 -0.092707
v -0.080863 0.080221 -0.092707
v -0.001613 0.079725 -0.039874
v -0.001613 0.080221 -0.039874
v -0.080863 0.079725 -0.039874
v -0.080863 0.080221 -0.039874
v -0.265782 -0.025794 0.065795
v -0.265782 -0.025596 0.065795
v -0.292199 -0.025794 0.065795
v -0.292199 -0.025596 0.065795
v -0.265782 -0.025794 0.092211
v -0.265782 -0.025596 0.092211
v -0.292199 -0.025794 0.092211
v -0.292199 -0.025596 0.092211
v -0.265782 -0.025794 -0.092707
v -0.265782 -0.025596 -0.092707
v -0.292199 -0.025794 -0.092707
v -0.292199 -0.025596 -0.092707
v -0.265782 -0.025794 -0.066290
v -0.265782 -0.025596 -0.066290
v -0.292199 -0.025794 -0.066290
v -0.292199 -0.025596 -0.066290
v -0.292199 -0.052410 0.065795
v -0.292199 -0.051816 0.065795
v -0.292199 -0.052410 -0.066290
v -0.292199 -0.051816 -0.066290
v -0.318616 -0.052410 -0.066290
v -0.318616 -0.051816 -0.066290
v -0.318616 -0.052410 0.065795
v -0.318616 -0.051816 0.065795
v -0.292199 -0.078628 0.065795
v -0.292199 -0.078430 0.065795
v -0.318616 -0.078628 0.065795
v -0.318616 -0.078430 0.065795
v -0.292199 -0.078628 0.092211
v -0.292199 -0.078430 0.092211
v -0.318616 -0.078628 0.092211
v -0.318616 -0.078430 0.092211
v -0.292199 -0.078628 -0.092707
v -0.292199 -0.078430 -0.092707
v -0.318616 -0.078628 -0.092707
v -0.318616 -0.078430 -0.092707
v -0.292199 -0.078628 -0.066290
v -0.292199 -0.078430 -0.066290
v -0.318616 -0.078628 -0.066290
v -0.318616 -0.078430 -0.066290
v -0.318616 -0.105243 0.065795
v -0.318616 -0.104649 0.065795
v -0.318616 -0.105243 -0.066290
v -0.318616 -0.104649 -0.066290
v -0.345033 -0.105243 -0.066290
v -0.345033 -0.104649 -0.066290
v -0.345033 -0.105243 0.065795
v -0.345033 -0.104649 0.065795
v -0.265782 0.132807 0.090973
v -0.265782 0.132807 0.093449
v 0.077639 0.106389 0.092013
v 0.077639 0.106389 0.092409
v 0.368224 0.132807 0.090923
v 0.368224 0.132807 0.093499
v 0.156890 0.106389 0.092013
v 0.156890 0.106389 0.092409
v 0.183305 0.106389 0.092013
v 0.183305 0.106389 0.092409
v 0.156890 0.079973 0.092046
v 0.156890 0.079973 0.092376
v 0.262556 0.106389 0.092013
v 0.262556 0.106389 0.092409
v 0.183305 0.079973 0.092046
v 0.183305 0.079973 0.092376
v 0.341807 0.079973 0.092046
v 0.341807 0.079973 0.092376
v 0.368224 0.079973 0.092062
v 0.368224 0.079973 0.092360
v 0.262556 0.079973 0.091980
v 0.262556 0.079973 0.092442
v 0.315391 0.053555 0.092112
v 0.315391 0.053555 0.092310
v 0.341807 0.053555 0.092112
v 0.341807 0.053555 0.092310
v 0.315391 0.027140 0.091260
v 0.315391 0.027140 0.093162
v 0.077639 0.079973 0.091774
v 0.077639 0.079973 0.092648
v -0.001613 0.079973 0.091677
v -0.001613 0.079973 0.092745
v -0.001613 0.106389 0.092013
v -0.001613 0.106389 0.092409
v -0.080863 0.079973 0.092046
v -0.080863 0.079973 0.092376
v -0.080863 0.106389 0.092013
v -0.080863 0.106389 0.092409
v -0.107281 0.027140 0.091319
v -0.107281 0.027140 0.093103
v -0.107281 0.106389 0.092013
v -0.107281 0.106389 0.092409
v -0.186531 0.106389 0.092013
v -0.186531 0.106389 0.092409
v -0.107281 0.079973 0.092046
v -0.107281 0.079973 0.092376
v -0.265782 0.106389 0.092062
v -0.265782 0.106389 0.092360
v -0.186531 0.079973 0.091974
v -0.186531 0.079973 0.092447
v -0.265782 0.053555 0.091974
v -0.265782 0.053555 0.092447
v -0.292199 0.079973 0.092112
v -0.292199 0.079973 0.092310
v -0.292199 0.053555 0.092112
v -0.292199 0.053555 0.092310
v -0.318616 0.106389 0.092062
v -0.318616 0.106389 0.092360
v -0.318616 0.079973 0.092112
v -0.318616 0.079973 0.092310
v -0.265782 -0.025695 0.092013
v -0.265782 -0.025695 0.092409
v -0.133698 -0.025695 0.092062
v -0.133698 -0.025695 0.092360
v -0.107281 -0.025695 0.092062
v -0.107281 -0.025695 0.092360
v -0.160115 -0.078529 0.091963
v -0.160115 -0.078529 0.092459
v -0.133698 -0.078529 0.092062
v -0.133698 -0.078529 0.092360
v -0.292199 -0.078529 0.092062
v -0.292199 -0.078529 0.092360
v -0.292199 -0.025695 0.092062
v -0.292199 -0.025695 0.092360
v -0.186531 -0.184197 0.092112
v -0.186531 -0.184197 0.092310
v -0.160115 -0.184197 0.091963
v -0.160115 -0.184197 0.092459
v -0.318616 -0.210614 0.091716
v -0.318616 -0.210614 0.092706
v -0.186531 -0.210614 0.091914
v -0.186531 -0.210614 0.092508
v -0.318616 -0.078529 0.091914
v -0.318616 -0.078529 0.092508
v -0.265782 -0.025695 0.065597
v -0.265782 -0.025695 0.065993
v -0.265782 0.053555 0.065596
v -0.265782 0.053555 0.065992
v -0.292199 -0.025695 0.065597
v -0.292199 -0.025695 0.065993
v -0.292199 0.053555 0.065645
v -0.292199 0.053555 0.065943
v -0.318616 0.053555 0.065695
v -0.318616 0.053555 0.065893
v -0.292199 0.079973 0.065695
v -0.292199 0.079973 0.065893
v -0.318616 0.079973 0.065695
v -0.318616 0.079973 0.065893
v 0.341807 0.053555 0.065695
v 0.341807 0.053555 0.065893
v 0.368224 0.053555 0.065695
v 0.368224 0.053555 0.065893
v 0.368224 0.079973 0.065670
v 0.368224 0.079973 0.065918
v 0.341807 0.079973 0.065695
v 0.341807 0.079973 0.065893
v 0.394641 0.132807 0.065645
v 0.394641 0.132807 0.065943
v 0.368224 0.132807 0.065645
v 0.368224 0.132807 0.065943
v 0.394641 0.079973 0.065645
v 0.394641 0.079973 0.065943
v 0.315391 0.027140 0.065324
v 0.315391 0.027140 0.066266
v 0.315391 0.053555 0.065695
v 0.315391 0.053555 0.065893
v 0.341807 0.027140 0.065696
v 0.341807 0.027140 0.065894
v -0.080863 0.000722 0.065002
v -0.080863 0.000722 0.066588
v 0.315391 0.000722 0.065002
v 0.315391 0.000722 0.066588
v -0.107281 0.027140 0.064903
v -0.107281 0.027140 0.066687
v -0.107281 -0.025695 0.065646
v -0.107281 -0.025695 0.065944
v -0.080863 -0.025695 0.065696
v -0.080863 -0.025695 0.065894
v -0.107281 -0.078529 0.065646
v -0.107281 -0.078529 0.065944
v -0.133698 -0.078529 0.065597
v -0.133698 -0.078529 0.065993
v -0.133698 -0.025695 0.065646
v -0.133698 -0.025695 0.065944
v -0.160115 -0.184197 0.065547
v -0.160115 -0.184197 0.066043
v -0.160115 -0.078529 0.065547
v -0.160115 -0.078529 0.066043
v -0.133698 -0.184197 0.065547
v -0.133698 -0.184197 0.066043
v -0.318616 0.106389 0.065645
v -0.318616 0.106389 0.065943
v -0.265782 0.106389 0.065645
v -0.265782 0.106389 0.065943
v -0.265782 0.132807 0.065645
v -0.265782 0.132807 0.065943
v -0.318616 0.132807 0.065645
v -0.318616 0.132807 0.065943
v -0.318616 -0.078529 0.065696
v -0.318616 -0.078529 0.065894
v -0.292199 -0.078529 0.065696
v -0.292199 -0.078529 0.065894
v -0.292199 -0.052113 0.065696
v -0.292199 -0.052113 0.065894
v -0.318616 -0.052113 0.065696
v -0.318616 -0.052113 0.065894
v -0.318616 -0.210614 0.065547
v -0.318616 -0.210614 0.066043
v -0.318616 -0.104946 0.065547
v -0.318616 -0.104946 0.066043
v -0.345033 -0.210614 0.065547
v -0.345033 -0.210614 0.066043
v -0.345033 -0.104946 0.065547
v -0.345033 -0.104946 0.066043
v 0.183305 0.079973 0.039180
v 0.183305 0.079973 0.039576
v 0.262556 0.079973 0.039180
v 0.262556 0.079973 0.039576
v 0.262556 0.106389 0.039180
v 0.262556 0.106389 0.039576
v 0.183305 0.106389 0.039180
v 0.183305 0.106389 0.039576
v 0.368224 0.053555 0.039279
v 0.368224 0.053555 0.039477
v 0.394641 0.053555 0.039279
v 0.394641 0.053555 0.039477
v 0.394641 0.079973 0.039279
v 0.394641 0.079973 0.039477
v 0.368224 0.079973 0.039279
v 0.368224 0.079973 0.039477
v 0.341807 0.027140 0.039279
v 0.341807 0.027140 0.039477
v 0.368224 0.027140 0.039279
v 0.368224 0.027140 0.039477
v 0.341807 0.053555 0.039279
v 0.341807 0.053555 0.039477
v 0.315391 0.000722 0.039279
v 0.315391 0.000722 0.039477
v 0.341807 0.000722 0.039279
v 0.341807 0.000722 0.039477
v 0.315391 0.027140 0.039279
v 0.315391 0.027140 0.039477
v -0.080863 0.079973 0.039180
v -0.080863 0.079973 0.039576
v -0.001613 0.079973 0.039180
v -0.001613 0.079973 0.039576
v -0.001613 0.106389 0.039180
v -0.001613 0.106389 0.039576
v -0.080863 0.106389 0.039180
v -0.080863 0.106389 0.039576
v 0.077639 0.079973 0.039180
v 0.077639 0.079973 0.039576
v 0.156890 0.079973 0.039180
v 0.156890 0.079973 0.039576
v 0.156890 0.106389 0.039180
v 0.156890 0.106389 0.039576
v 0.077639 0.106389 0.039180
v 0.077639 0.106389 0.039576
v -0.345033 0.079973 0.039279
v -0.345033 0.079973 0.039477
v -0.318616 0.079973 0.039279
v -0.318616 0.079973 0.039477
v -0.318616 0.106389 0.039279
v -0.318616 0.106389 0.039477
v -0.345033 0.106389 0.039279
v -0.345033 0.106389 0.039477
v -0.186531 0.106389 0.039180
v -0.186531 0.106389 0.039576
v -0.186531 0.079973 0.039180
v -0.186531 0.079973 0.039576
v -0.107281 0.106389 0.039180
v -0.107281 0.106389 0.039576
v -0.107281 0.079973 0.039180
v -0.107281 0.079973 0.039576
v -0.265782 -0.052113 -0.066587
v -0.265782 -0.052113 -0.065993
v -0.292199 -0.210614 -0.066785
v -0.292199 -0.210614 -0.065795
v -0.186531 -0.184197 -0.066389
v -0.186531 -0.184197 -0.066191
v -0.186531 -0.210614 -0.066538
v -0.186531 -0.210614 -0.066042
v -0.292199 -0.052113 -0.066637
v -0.292199 -0.052113 -0.065943
v -0.160115 -0.184197 -0.066835
v -0.160115 -0.184197 -0.065745
v -0.160115 0.079973 -0.066983
v -0.160115 0.079973 -0.065597
v -0.265782 0.079973 -0.066736
v -0.265782 0.079973 -0.065844
v -0.344835 0.079973 -0.039874
v -0.345231 0.079973 -0.039874
v -0.344835 0.079973 0.039378
v -0.345231 0.079973 0.039378
v -0.344835 0.106389 -0.039874
v -0.345231 0.106389 -0.039874
v -0.344835 0.106389 0.039378
v -0.345231 0.106389 0.039378
v -0.344587 -0.104946 -0.066290
v -0.345479 -0.104946 -0.066290
v -0.344587 -0.210614 -0.066290
v -0.345479 -0.210614 -0.066290
v -0.344587 -0.210614 0.065795
v -0.345479 -0.210614 0.065795
v -0.344587 -0.104946 0.065795
v -0.345479 -0.104946 0.065795
v -0.318319 -0.078529 -0.092707
v -0.318913 -0.078529 -0.092707
v -0.318170 -0.104946 -0.066290
v -0.319062 -0.104946 -0.066290
v -0.318517 -0.078529 -0.066290
v -0.318715 -0.078529 -0.066290
v -0.318319 -0.210614 -0.092707
v -0.318913 -0.210614 -0.092707
v -0.318368 -0.210614 -0.066290
v -0.318864 -0.210614 -0.066290
v -0.318170 -0.104946 0.065795
v -0.319062 -0.104946 0.065795
v -0.318319 -0.052113 0.065795
v -0.318913 -0.052113 0.065795
v -0.318319 -0.052113 -0.066290
v -0.318913 -0.052113 -0.066290
v -0.318517 -0.078529 0.065795
v -0.318715 -0.078529 0.065795
v -0.318319 -0.078529 0.092211
v -0.318913 -0.078529 0.092211
v -0.318319 -0.210614 0.092211
v -0.318913 -0.210614 0.092211
v -0.318368 -0.210614 0.065795
v -0.318864 -0.210614 0.065795
v -0.318437 0.079973 0.039378
v -0.318795 0.079973 0.039378
v -0.318319 0.053555 0.065794
v -0.318913 0.053555 0.065794
v -0.318517 0.079973 0.065794
v -0.318715 0.079973 0.065794
v -0.318418 0.079973 -0.039874
v -0.318814 0.079973 -0.039874
v -0.318319 0.053555 -0.066290
v -0.318913 0.053555 -0.066290
v -0.318517 0.079973 -0.066290
v -0.318715 0.079973 -0.066290
v -0.318437 0.106389 -0.039874
v -0.318795 0.106389 -0.039874
v -0.318503 0.106389 0.065794
v -0.318729 0.106389 0.065794
v -0.318517 0.106389 0.092211
v -0.318715 0.106389 0.092211
v -0.318517 0.079973 0.092211
v -0.318715 0.079973 0.092211
v -0.318418 0.106389 0.039378
v -0.318814 0.106389 0.039378
v -0.318319 0.132807 0.065794
v -0.318913 0.132807 0.065794
v -0.318371 0.132807 -0.066290
v -0.318861 0.132807 -0.066290
v -0.318517 0.106389 -0.066290
v -0.318715 0.106389 -0.066290
v -0.318517 0.079973 -0.092707
v -0.318715 0.079973 -0.092707
v -0.318517 0.106389 -0.092707
v -0.318715 0.106389 -0.092707
v -0.291951 0.053555 -0.066290
v -0.292447 0.053555 -0.066290
v -0.292001 -0.025695 0.065795
v -0.292397 -0.025695 0.065795
v -0.291951 0.053555 0.065794
v -0.292447 0.053555 0.065794
v -0.292100 0.079973 0.065794
v -0.292298 0.079973 0.065794
v -0.292100 0.053555 0.092211
v -0.292298 0.053555 0.092211
v -0.292100 0.079973 0.092211
v -0.292298 0.079973 0.092211
v -0.292100 0.079973 -0.092707
v -0.292298 0.079973 -0.092707
v -0.292100 0.079973 -0.066290
v -0.292298 0.079973 -0.066290
v -0.292100 0.053555 -0.092707
v -0.292298 0.053555 -0.092707
v -0.292001 -0.025695 -0.066290
v -0.292397 -0.025695 -0.066290
v -0.291902 -0.052113 -0.066290
v -0.292496 -0.052113 -0.066290
v -0.292050 -0.025695 -0.092707
v -0.292348 -0.025695 -0.092707
v -0.292050 -0.078529 -0.092707
v -0.292348 -0.078529 -0.092707
v -0.292100 -0.078529 -0.066290
v -0.292298 -0.078529 -0.066290
v -0.291902 -0.052113 0.065795
v -0.292496 -0.052113 0.065795
v -0.292050 -0.025695 0.092211
v -0.292348 -0.025695 0.092211
v -0.292050 -0.078529 0.092211
v -0.292348 -0.078529 0.092211
v -0.292100 -0.078529 0.065795
v -0.292298 -0.078529 0.065795
v -0.265683 0.132807 0.065794
v -0.265881 0.132807 0.065794
v -0.265683 0.106389 0.065794
v -0.265881 0.106389 0.065794
v -0.265683 0.106389 0.092211
v -0.265881 0.106389 0.092211
v -0.265683 0.132807 0.092211
v -0.265881 0.132807 0.092211
v -0.265584 0.053555 -0.092707
v -0.265980 0.053555 -0.092707
v -0.265584 -0.025695 -0.092707
v -0.265980 -0.025695 -0.092707
v -0.265584 -0.025695 -0.066290
v -0.265980 -0.025695 -0.066290
v -0.265584 0.053555 -0.066290
v -0.265980 0.053555 -0.066290
v -0.265584 0.053555 0.065794
v -0.265980 0.053555 0.065794
v -0.265584 -0.025695 0.065795
v -0.265980 -0.025695 0.065795
v -0.265584 -0.025695 0.092211
v -0.265980 -0.025695 0.092211
v -0.265584 0.053555 0.092211
v -0.265980 0.053555 0.092211
v -0.265683 0.132807 -0.092707
v -0.265881 0.132807 -0.092707
v -0.265683 0.106389 -0.092707
v -0.265881 0.106389 -0.092707
v -0.265683 0.106389 -0.066290
v -0.265881 0.106389 -0.066290
v -0.265683 0.132807 -0.066290
v -0.265881 0.132807 -0.066290
v -0.159372 -0.184197 -0.066290
v -0.160858 -0.184197 -0.066290
v -0.159372 0.079973 -0.066290
v -0.160858 0.079973 -0.066290
v -0.159372 -0.184197 0.065795
v -0.160858 -0.184197 0.065795
v -0.159372 0.079973 0.065794
v -0.160858 0.079973 0.065794
v -0.107132 0.079973 -0.092707
v -0.107430 0.079973 -0.092707
v -0.107132 0.079973 -0.039874
v -0.107430 0.079973 -0.039874
v -0.107132 0.106389 -0.092707
v -0.107430 0.106389 -0.092707
v -0.107132 0.106389 -0.039874
v -0.107430 0.106389 -0.039874
v -0.107132 0.079973 0.039378
v -0.107430 0.079973 0.039378
v -0.107132 0.079973 0.092211
v -0.107430 0.079973 0.092211
v -0.107132 0.106389 0.039378
v -0.107430 0.106389 0.039378
v -0.107132 0.106389 0.092211
v -0.107430 0.106389 0.092211
v -0.001464 0.079973 0.039378
v -0.001762 0.079973 0.039378
v -0.001464 0.079973 0.092211
v -0.001762 0.079973 0.092211
v -0.001464 0.106389 0.039378
v -0.001762 0.106389 0.039378
v -0.001464 0.106389 0.092211
v -0.001762 0.106389 0.092211
v -0.001464 0.079973 -0.092707
v -0.001762 0.079973 -0.092707
v -0.001464 0.079973 -0.039874
v -0.001762 0.079973 -0.039874
v -0.001464 0.106389 -0.092707
v -0.001762 0.106389 -0.092707
v -0.001464 0.106389 -0.039874
v -0.001762 0.106389 -0.039874
v 0.157039 0.079973 0.039378
v 0.156741 0.079973 0.039378
v 0.157039 0.079973 0.092211
v 0.156741 0.079973 0.092211
v 0.157039 0.106389 0.039378
v 0.156741 0.106389 0.039378
v 0.157039 0.106389 0.092211
v 0.156741 0.106389 0.092211
v 0.157039 0.079973 -0.092707
v 0.156741 0.079973 -0.092707
v 0.157039 0.079973 -0.039874
v 0.156741 0.079973 -0.039874
v 0.157039 0.106389 -0.092707
v 0.156741 0.106389 -0.092707
v 0.157039 0.106389 -0.039874
v 0.156741 0.106389 -0.039874
v 0.262705 0.079973 0.039378
v 0.262407 0.079973 0.039378
v 0.262705 0.079973 0.092211
v 0.262407 0.079973 0.092211
v 0.262705 0.106389 0.039378
v 0.262407 0.106389 0.039378
v 0.262705 0.106389 0.092211
v 0.262407 0.106389 0.092211
v 0.262705 0.079973 -0.092707
v 0.262407 0.079973 -0.092707
v 0.262705 0.079973 -0.039874
v 0.262407 0.079973 -0.039874
v 0.262705 0.106389 -0.092707
v 0.262407 0.106389 -0.092707
v 0.262705 0.106389 -0.039874
v 0.262407 0.106389 -0.039874
v -0.186531 -0.210317 -0.092707
v -0.186531 -0.210911 -0.092707
v -0.292199 -0.210168 -0.066290
v -0.292199 -0.211060 -0.066290
v -0.318616 -0.210317 -0.092707
v -0.318616 -0.210911 -0.092707
v -0.186531 -0.210366 -0.066290
v -0.186531 -0.210862 -0.066290
v -0.318616 -0.210515 -0.066290
v -0.318616 -0.210713 -0.066290
v -0.318616 -0.210515 0.065795
v -0.318616 -0.210713 0.065795
v -0.345033 -0.210317 -0.066290
v -0.345033 -0.210911 -0.066290
v -0.345033 -0.210317 0.065795
v -0.345033 -0.210911 0.065795
v -0.292199 -0.210168 0.065795
v -0.292199 -0.211060 0.065795
v -0.318616 -0.210317 0.092211
v -0.318616 -0.210911 0.092211
v -0.186531 -0.210317 0.092211
v -0.186531 -0.210911 0.092211
v -0.186531 -0.210366 0.065795
v -0.186531 -0.210862 0.065795
v -0.160115 -0.184098 -0.092707
v -0.160115 -0.184296 -0.092707
v -0.186531 -0.184098 -0.066290
v -0.186531 -0.184296 -0.066290
v -0.186531 -0.184098 -0.092707
v -0.186531 -0.184296 -0.092707
v -0.160115 -0.183999 -0.066290
v -0.160115 -0.184395 -0.066290
v -0.133698 -0.183900 -0.066290
v -0.133698 -0.184494 -0.066290
v -0.160115 -0.183999 0.065795
v -0.160115 -0.184395 0.065795
v -0.133698 -0.183900 0.065795
v -0.133698 -0.184494 0.065795
v -0.186531 -0.184098 0.092211
v -0.186531 -0.184296 0.092211
v -0.186531 -0.184098 0.065795
v -0.186531 -0.184296 0.065795
v -0.160115 -0.184098 0.092211
v -0.160115 -0.184296 0.092211
v -0.133698 -0.078331 0.065795
v -0.133698 -0.078727 0.065795
v -0.160115 -0.078430 0.092211
v -0.160115 -0.078628 0.092211
v -0.160115 -0.078430 0.065795
v -0.160115 -0.078628 0.065795
v -0.133698 -0.078430 0.092211
v -0.133698 -0.078628 0.092211
v -0.107281 -0.078232 -0.066290
v -0.107281 -0.078826 -0.066290
v -0.107281 -0.078232 0.065795
v -0.107281 -0.078826 0.065795
v -0.133698 -0.078331 -0.066290
v -0.133698 -0.078727 -0.066290
v -0.160115 -0.078430 -0.066290
v -0.160115 -0.078628 -0.066290
v -0.133698 -0.078430 -0.092707
v -0.133698 -0.078628 -0.092707
v -0.160115 -0.078430 -0.092707
v -0.160115 -0.078628 -0.092707
v -0.265782 -0.051816 -0.066290
v -0.265782 -0.052410 -0.066290
v -0.292199 -0.051816 0.065795
v -0.292199 -0.052410 0.065795
v -0.292199 -0.051816 -0.066290
v -0.292199 -0.052410 -0.066290
v -0.265782 -0.051816 0.065795
v -0.265782 -0.052410 0.065795
v -0.080863 -0.025398 -0.066290
v -0.080863 -0.025992 -0.066290
v -0.107281 -0.025497 0.065795
v -0.107281 -0.025893 0.065795
v -0.107281 -0.025497 -0.066290
v -0.107281 -0.025893 -0.066290
v -0.080863 -0.025398 0.065795
v -0.080863 -0.025992 0.065795
v -0.133698 -0.025596 -0.066290
v -0.133698 -0.025794 -0.066290
v -0.107281 -0.025596 -0.092707
v -0.107281 -0.025794 -0.092707
v -0.133698 -0.025596 -0.092707
v -0.133698 -0.025794 -0.092707
v -0.133698 -0.025596 0.092211
v -0.133698 -0.025794 0.092211
v -0.107281 -0.025596 0.092211
v -0.107281 -0.025794 0.092211
v -0.133698 -0.025596 0.065795
v -0.133698 -0.025794 0.065795
v 0.315391 0.000821 0.039378
v 0.315391 0.000623 0.039378
v -0.080863 0.001713 0.065795
v -0.080863 -0.000269 0.065795
v -0.080863 0.001713 -0.066290
v -0.080863 -0.000269 -0.066290
v 0.315391 0.001515 0.065795
v 0.315391 -0.000071 0.065795
v 0.315391 0.000821 -0.039874
v 0.315391 0.000623 -0.039874
v 0.315391 0.001515 -0.066290
v 0.315391 -0.000071 -0.066290
v 0.341807 0.000920 -0.039874
v 0.341807 0.000524 -0.039874
v 0.341807 0.000920 0.039378
v 0.341807 0.000524 0.039378
v 0.315391 0.027981 -0.092707
v 0.315391 0.026297 -0.092707
v -0.107281 0.027981 -0.066290
v -0.107281 0.026297 -0.066290
v -0.107281 0.027981 -0.092707
v -0.107281 0.026297 -0.092707
v 0.315391 0.027610 -0.066290
v 0.315391 0.026668 -0.066290
v 0.341807 0.027238 -0.066290
v 0.341807 0.027040 -0.066290
v 0.315391 0.027238 -0.039874
v 0.315391 0.027040 -0.039874
v 0.341807 0.027288 -0.039874
v 0.341807 0.026990 -0.039874
v 0.368224 0.027337 -0.039874
v 0.368224 0.026941 -0.039874
v 0.341807 0.027289 0.039378
v 0.341807 0.026991 0.039378
v 0.368224 0.027338 0.039378
v 0.368224 0.026942 0.039378
v 0.315391 0.027611 0.065795
v 0.315391 0.026669 0.065795
v 0.315391 0.027239 0.039378
v 0.315391 0.027041 0.039378
v 0.341807 0.027239 0.065795
v 0.341807 0.027041 0.065795
v -0.107281 0.027982 0.092211
v -0.107281 0.026298 0.092211
v 0.315391 0.027982 0.092211
v 0.315391 0.026298 0.092211
v -0.107281 0.027982 0.065795
v -0.107281 0.026298 0.065795
v 0.368224 0.053654 -0.066290
v 0.368224 0.053456 -0.066290
v 0.341807 0.053654 -0.039874
v 0.341807 0.053456 -0.039874
v 0.341807 0.053654 -0.066290
v 0.341807 0.053456 -0.066290
v 0.368224 0.053704 -0.039874
v 0.368224 0.053406 -0.039874
v 0.315391 0.053654 -0.066290
v 0.315391 0.053456 -0.066290
v 0.341807 0.053654 -0.092707
v 0.341807 0.053456 -0.092707
v 0.315391 0.053654 -0.092707
v 0.315391 0.053456 -0.092707
v 0.394641 0.053753 -0.039874
v 0.394641 0.053357 -0.039874
v 0.368224 0.053704 0.039378
v 0.368224 0.053406 0.039378
v 0.394641 0.053753 0.039378
v 0.394641 0.053357 0.039378
v 0.341807 0.053654 0.065794
v 0.341807 0.053456 0.065794
v 0.368224 0.053654 0.065794
v 0.368224 0.053456 0.065794
v 0.341807 0.053654 0.039378
v 0.341807 0.053456 0.039378
v 0.315391 0.053654 0.092211
v 0.315391 0.053456 0.092211
v 0.315391 0.053654 0.065794
v 0.315391 0.053456 0.065794
v 0.341807 0.053654 0.092211
v 0.341807 0.053456 0.092211
v -0.265782 0.053654 -0.092707
v -0.265782 0.053456 -0.092707
v -0.292199 0.053753 -0.066290
v -0.292199 0.053357 -0.066290
v -0.292199 0.053654 -0.092707
v -0.292199 0.053456 -0.092707
v -0.265782 0.053654 -0.066290
v -0.265782 0.053456 -0.066290
v -0.318616 0.053852 0.065794
v -0.318616 0.053258 0.065794
v -0.318616 0.053852 -0.066290
v -0.318616 0.053258 -0.066290
v -0.292199 0.053753 0.065794
v -0.292199 0.053357 0.065794
v -0.265782 0.053654 0.065794
v -0.265782 0.053456 0.065794
v -0.292199 0.053654 0.092211
v -0.292199 0.053456 0.092211
v -0.265782 0.053654 0.092211
v -0.265782 0.053456 0.092211
v -0.265782 0.080369 -0.066290
v -0.265782 0.079577 -0.066290
v -0.186531 0.080171 -0.066290
v -0.186531 0.079775 -0.066290
v -0.186531 0.080072 -0.039874
v -0.186531 0.079874 -0.039874
v -0.186531 0.080072 0.039378
v -0.186531 0.079874 0.039378
v -0.265782 0.080369 0.065794
v -0.265782 0.079577 0.065794
v -0.186531 0.080171 0.065794
v -0.186531 0.079775 0.065794
v -0.160115 0.080171 -0.039874
v -0.160115 0.079775 -0.039874
v -0.160115 0.080171 0.039378
v -0.160115 0.079775 0.039378
v -0.292199 0.080072 0.065794
v -0.292199 0.079874 0.065794
v -0.318616 0.080072 0.092211
v -0.318616 0.079874 0.092211
v -0.318616 0.080072 0.065794
v -0.318616 0.079874 0.065794
v -0.292199 0.080072 0.092211
v -0.292199 0.079874 0.092211
v 0.368224 0.080072 0.065794
v 0.368224 0.079874 0.065794
v 0.341807 0.080072 0.092211
v 0.341807 0.079874 0.092211
v 0.341807 0.080072 0.065794
v 0.341807 0.079874 0.065794
v 0.368224 0.080072 0.092211
v 0.368224 0.079874 0.092211
v 0.394641 0.080072 0.039378
v 0.394641 0.079874 0.039378
v 0.394641 0.080072 0.065794
v 0.394641 0.079874 0.065794
v 0.368224 0.080072 0.039378
v 0.368224 0.079874 0.039378
v -0.318616 0.080171 -0.039874
v -0.318616 0.079775 -0.039874
v -0.345033 0.080171 0.039378
v -0.345033 0.079775 0.039378
v -0.345033 0.080171 -0.039874
v -0.345033 0.079775 -0.039874
v -0.318616 0.080171 0.039378
v -0.318616 0.079775 0.039378
v -0.292199 0.080072 -0.092707
v -0.292199 0.079874 -0.092707
v -0.318616 0.080072 -0.066290
v -0.318616 0.079874 -0.066290
v -0.318616 0.080072 -0.092707
v -0.318616 0.079874 -0.092707
v -0.292199 0.080072 -0.066290
v -0.292199 0.079874 -0.066290
v 0.368224 0.080072 -0.092707
v 0.368224 0.079874 -0.092707
v 0.341807 0.080072 -0.066290
v 0.341807 0.079874 -0.066290
v 0.341807 0.080072 -0.092707
v 0.341807 0.079874 -0.092707
v 0.368224 0.080072 -0.066290
v 0.368224 0.079874 -0.066290
v 0.394641 0.080072 -0.066290
v 0.394641 0.079874 -0.066290
v 0.368224 0.080072 -0.039874
v 0.368224 0.079874 -0.039874
v 0.394641 0.080072 -0.039874
v 0.394641 0.079874 -0.039874
v -0.001613 0.106637 -0.092707
v -0.001613 0.106141 -0.092707
v -0.080863 0.106637 -0.039874
v -0.080863 0.106141 -0.039874
v -0.080863 0.106637 -0.092707
v -0.080863 0.106141 -0.092707
v -0.001613 0.106637 -0.039874
v -0.001613 0.106141 -0.039874
v -0.107281 0.106637 -0.092707
v -0.107281 0.106141 -0.092707
v -0.186531 0.106637 -0.039874
v -0.186531 0.106141 -0.039874
v -0.186531 0.106637 -0.092707
v -0.186531 0.106141 -0.092707
v -0.107281 0.106637 -0.039874
v -0.107281 0.106141 -0.039874
v 0.156890 0.106637 0.039378
v 0.156890 0.106141 0.039378
v 0.077639 0.106637 0.092211
v 0.077639 0.106141 0.092211
v 0.077639 0.106637 0.039378
v 0.077639 0.106141 0.039378
v 0.156890 0.106637 0.092211
v 0.156890 0.106141 0.092211
v 0.262556 0.106637 0.039378
v 0.262556 0.106141 0.039378
v 0.183305 0.106637 0.092211
v 0.183305 0.106141 0.092211
v 0.183305 0.106637 0.039378
v 0.183305 0.106141 0.039378
v 0.262556 0.106637 0.092211
v 0.262556 0.106141 0.092211
v -0.107281 0.106637 0.039378
v -0.107281 0.106141 0.039378
v -0.186531 0.106637 0.092211
v -0.186531 0.106141 0.092211
v -0.186531 0.106637 0.039378
v -0.186531 0.106141 0.039378
v -0.107281 0.106637 0.092211
v -0.107281 0.106141 0.092211
v -0.001613 0.106637 0.039378
v -0.001613 0.106141 0.039378
v -0.080863 0.106637 0.092211
v -0.080863 0.106141 0.092211
v -0.080863 0.106637 0.039378
v -0.080863 0.106141 0.039378
v -0.001613 0.106637 0.092211
v -0.001613 0.106141 0.092211
v 0.156890 0.106637 -0.092707
v 0.156890 0.106141 -0.092707
v 0.077639 0.106637 -0.039874
v 0.077639 0.106141 -0.039874
v 0.077639 0.106637 -0.092707
v 0.077639 0.106141 -0.092707
v 0.156890 0.106637 -0.039874
v 0.156890 0.106141 -0.039874
v 0.262556 0.106637 -0.092707
v 0.262556 0.106141 -0.092707
v 0.183305 0.106637 -0.039874
v 0.183305 0.106141 -0.039874
v 0.183305 0.106637 -0.092707
v 0.183305 0.106141 -0.092707
v 0.262556 0.106637 -0.039874
v 0.262556 0.106141 -0.039874
v 0.262556 0.106389 -0.092509
v 0.262556 0.106389 -0.092905
v 0.341807 0.079973 -0.092542
v 0.341807 0.079973 -0.092872
v 0.262556 0.079973 -0.092476
v 0.262556 0.079973 -0.092938
v 0.315391 0.053555 -0.092608
v 0.315391 0.053555 -0.092806
v 0.341807 0.053555 -0.092608
v 0.341807 0.053555 -0.092806
v 0.315391 0.027139 -0.091865
v 0.315391 0.027139 -0.093549
v 0.183305 0.079973 -0.092542
v 0.183305 0.079973 -0.092872
v 0.156890 0.079973 -0.092542
v 0.156890 0.079973 -0.092872
v 0.183305 0.106389 -0.092509
v 0.183305 0.106389 -0.092905
v 0.077639 0.079973 -0.092335
v 0.077639 0.079973 -0.093079
v 0.156890 0.106389 -0.092509
v 0.156890 0.106389 -0.092905
v -0.107281 0.027139 -0.092026
v -0.107281 0.027139 -0.093388
v 0.368224 0.132807 -0.091195
v 0.368224 0.132807 -0.094219
v 0.368224 0.079973 -0.092558
v 0.368224 0.079973 -0.092856
v 0.077639 0.106389 -0.092509
v 0.077639 0.106389 -0.092905
v -0.001613 0.079973 -0.092509
v -0.001613 0.079973 -0.092905
v -0.001613 0.106389 -0.092111
v -0.001613 0.106389 -0.093303
v -0.080863 0.106389 -0.092509
v -0.080863 0.106389 -0.092905
v -0.080863 0.079973 -0.092528
v -0.080863 0.079973 -0.092886
v -0.107281 0.106389 -0.092509
v -0.107281 0.106389 -0.092905
v -0.186531 0.106389 -0.091881
v -0.186531 0.106389 -0.093533
v -0.107281 0.079973 -0.092542
v -0.107281 0.079973 -0.092872
v -0.265782 0.132807 -0.091469
v -0.265782 0.132807 -0.093945
v -0.265782 0.106389 -0.092558
v -0.265782 0.106389 -0.092856
v -0.186531 0.079973 -0.092509
v -0.186531 0.079973 -0.092905
v -0.265782 0.053555 -0.092509
v -0.265782 0.053555 -0.092905
v -0.292199 0.079973 -0.092608
v -0.292199 0.079973 -0.092806
v -0.292199 0.053555 -0.092608
v -0.292199 0.053555 -0.092806
v -0.318616 0.106389 -0.092558
v -0.318616 0.106389 -0.092856
v -0.318616 0.079973 -0.092608
v -0.318616 0.079973 -0.092806
v -0.265782 -0.025695 -0.092509
v -0.265782 -0.025695 -0.092905
v -0.133698 -0.025695 -0.092558
v -0.133698 -0.025695 -0.092856
v -0.107281 -0.025695 -0.092558
v -0.107281 -0.025695 -0.092856
v -0.160115 -0.078529 -0.092459
v -0.160115 -0.078529 -0.092955
v -0.133698 -0.078529 -0.092558
v -0.133698 -0.078529 -0.092856
v -0.292199 -0.078529 -0.092558
v -0.292199 -0.078529 -0.092856
v -0.292199 -0.025695 -0.092558
v -0.292199 -0.025695 -0.092856
v -0.186531 -0.184197 -0.092608
v -0.186531 -0.184197 -0.092806
v -0.160115 -0.184197 -0.092459
v -0.160115 -0.184197 -0.092955
v -0.318616 -0.210614 -0.092212
v -0.318616 -0.210614 -0.093202
v -0.318616 -0.078529 -0.092410
v -0.318616 -0.078529 -0.093004
v -0.186531 -0.210614 -0.092410
v -0.186531 -0.210614 -0.093004
v -0.107281 -0.078529 -0.066141
v -0.107281 -0.078529 -0.066439
v -0.133698 -0.025695 -0.066141
v -0.133698 -0.025695 -0.066439
v -0.107281 -0.025695 -0.066141
v -0.107281 -0.025695 -0.066439
v -0.133698 -0.078529 -0.066092
v -0.133698 -0.078529 -0.066488
v -0.133698 -0.184197 -0.066042
v -0.133698 -0.184197 -0.066538
v -0.160115 -0.078529 -0.066042
v -0.160115 -0.078529 -0.066538
v -0.160115 -0.184197 -0.066042
v -0.160115 -0.184197 -0.066538
v -0.080863 0.000722 -0.065497
v -0.080863 0.000722 -0.067083
v -0.080863 -0.025695 -0.066191
v -0.080863 -0.025695 -0.066389
v -0.107281 0.027139 -0.065398
v -0.107281 0.027139 -0.067182
v 0.315391 0.027139 -0.065819
v 0.315391 0.027139 -0.066761
v 0.315391 0.000722 -0.065497
v 0.315391 0.000722 -0.067083
v 0.315391 0.053555 -0.066191
v 0.315391 0.053555 -0.066389
v 0.341807 0.027139 -0.066191
v 0.341807 0.027139 -0.066389
v 0.341807 0.053555 -0.066191
v 0.341807 0.053555 -0.066389
v 0.341807 0.079973 -0.066191
v 0.341807 0.079973 -0.066389
v 0.368224 0.053555 -0.066191
v 0.368224 0.053555 -0.066389
v 0.368224 0.079973 -0.066166
v 0.368224 0.079973 -0.066414
v 0.368224 0.132807 -0.066141
v 0.368224 0.132807 -0.066439
v 0.394641 0.079973 -0.066141
v 0.394641 0.079973 -0.066439
v 0.394641 0.132807 -0.066141
v 0.394641 0.132807 -0.066439
v -0.318616 -0.210614 -0.066042
v -0.318616 -0.210614 -0.066538
v -0.345033 -0.104946 -0.066042
v -0.345033 -0.104946 -0.066538
v -0.318616 -0.104946 -0.066042
v -0.318616 -0.104946 -0.066538
v -0.345033 -0.210614 -0.066042
v -0.345033 -0.210614 -0.066538
v -0.292199 -0.052113 -0.066191
v -0.292199 -0.052113 -0.066389
v -0.292199 -0.078529 -0.066191
v -0.292199 -0.078529 -0.066389
v -0.318616 -0.052113 -0.066191
v -0.318616 -0.052113 -0.066389
v -0.318616 -0.078529 -0.066191
v -0.318616 -0.078529 -0.066389
v -0.265782 0.053555 -0.066092
v -0.265782 0.053555 -0.066488
v -0.265782 -0.025695 -0.066092
v -0.265782 -0.025695 -0.066488
v -0.292199 0.053555 -0.066141
v -0.292199 0.053555 -0.066439
v -0.292199 -0.025695 -0.066092
v -0.292199 -0.025695 -0.066488
v -0.318616 0.079973 -0.066191
v -0.318616 0.079973 -0.066389
v -0.318616 0.053555 -0.066191
v -0.318616 0.053555 -0.066389
v -0.292199 0.079973 -0.066191
v -0.292199 0.079973 -0.066389
v -0.318616 0.132807 -0.066141
v -0.318616 0.132807 -0.066439
v -0.265782 0.132807 -0.066141
v -0.265782 0.132807 -0.066439
v -0.265782 0.106389 -0.066141
v -0.265782 0.106389 -0.066439
v -0.318616 0.106389 -0.066141
v -0.318616 0.106389 -0.066439
v 0.368224 0.053555 -0.039775
v 0.368224 0.053555 -0.039973
v 0.368224 0.027139 -0.039775
v 0.368224 0.027139 -0.039973
v 0.341807 0.053555 -0.039775
v 0.341807 0.053555 -0.039973
v 0.341807 0.027139 -0.039775
v 0.341807 0.027139 -0.039973
v 0.368224 0.079973 -0.039775
v 0.368224 0.079973 -0.039973
v 0.394641 0.053555 -0.039775
v 0.394641 0.053555 -0.039973
v 0.394641 0.079973 -0.039775
v 0.394641 0.079973 -0.039973
v 0.341807 0.000722 -0.039775
v 0.341807 0.000722 -0.039973
v 0.315391 0.027139 -0.039775
v 0.315391 0.027139 -0.039973
v 0.315391 0.000722 -0.039775
v 0.315391 0.000722 -0.039973
v -0.107281 0.106389 -0.039676
v -0.107281 0.106389 -0.040072
v -0.186531 0.106389 -0.039676
v -0.186531 0.106389 -0.040072
v -0.186531 0.079973 -0.039676
v -0.186531 0.079973 -0.040072
v -0.107281 0.079973 -0.039676
v -0.107281 0.079973 -0.040072
v -0.001613 0.079973 -0.039676
v -0.001613 0.079973 -0.040072
v -0.080863 0.106389 -0.039676
v -0.080863 0.106389 -0.040072
v -0.001613 0.106389 -0.039676
v -0.001613 0.106389 -0.040072
v -0.080863 0.079973 -0.039676
v -0.080863 0.079973 -0.040072
v -0.318616 0.106389 -0.039775
v -0.318616 0.106389 -0.039973
v -0.318616 0.079973 -0.039775
v -0.318616 0.079973 -0.039973
v -0.345033 0.106389 -0.039775
v -0.345033 0.106389 -0.039973
v -0.345033 0.079973 -0.039775
v -0.345033 0.079973 -0.039973
v 0.077639 0.106389 -0.039676
v 0.077639 0.106389 -0.040072
v 0.156890 0.106389 -0.039676
v 0.156890 0.106389 -0.040072
v 0.156890 0.079973 -0.039676
v 0.156890 0.079973 -0.040072
v 0.077639 0.079973 -0.039676
v 0.077639 0.079973 -0.040072
v 0.183305 0.106389 -0.039676
v 0.183305 0.106389 -0.040072
v 0.262556 0.106389 -0.039676
v 0.262556 0.106389 -0.040072
v 0.262556 0.079973 -0.039676
v 0.262556 0.079973 -0.040072
v 0.183305 0.079973 -0.039676
v 0.183305 0.079973 -0.040072
v -0.292199 -0.210614 0.066290
v -0.292199 -0.210614 0.065300
v -0.186531 -0.184197 0.065894
v -0.186531 -0.184197 0.065696
v -0.186531 -0.210614 0.066043
v -0.186531 -0.210614 0.065547
v -0.265782 -0.052113 0.066092
v -0.265782 -0.052113 0.065498
v -0.292199 -0.052113 0.066142
v -0.292199 -0.052113 0.065448
v -0.160115 -0.184197 0.066340
v -0.160115 -0.184197 0.065250
v -0.160115 0.079973 0.066487
v -0.160115 0.079973 0.065101
v -0.265782 0.079973 0.066240
v -0.265782 0.079973 0.065348
v 0.066026 0.071311 -0.094318
v 0.066080 0.071311 -0.094318
v 0.065999 0.078457 -0.094318
v 0.066107 0.078457 -0.094318
v 0.065999 0.071311 -0.087172
v 0.066107 0.071311 -0.087172
v 0.065999 0.085603 -0.094318
v 0.066107 0.085603 -0.094318
v 0.065999 0.092749 -0.087172
v 0.066107 0.092749 -0.087172
v 0.066026 0.092749 -0.094318
v 0.066080 0.092749 -0.094318
v 0.065999 0.078457 -0.115755
v 0.066107 0.078457 -0.115755
v 0.065999 0.085603 -0.115755
v 0.066107 0.085603 -0.115755
v 0.058854 0.071311 -0.122900
v 0.058962 0.071311 -0.122900
v 0.058854 0.085603 -0.115755
v 0.058962 0.085603 -0.115755
v 0.058854 0.078457 -0.115755
v 0.058962 0.078457 -0.115755
v 0.058854 0.092749 -0.122900
v 0.058962 0.092749 -0.122900
v 0.058881 0.071311 -0.115755
v 0.058935 0.071311 -0.115755
v 0.058881 0.092749 -0.115755
v 0.058935 0.092749 -0.115755
v 0.058854 0.078457 -0.094318
v 0.058962 0.078457 -0.094318
v 0.058854 0.085603 -0.094318
v 0.058962 0.085603 -0.094318
v 0.058881 0.071311 -0.094318
v 0.058935 0.071311 -0.094318
v 0.058881 0.092749 -0.094318
v 0.058935 0.092749 -0.094318
v 0.058841 0.064166 -0.115755
v 0.058975 0.064166 -0.115755
v 0.058841 0.064166 -0.087172
v 0.058975 0.064166 -0.087172
v 0.058881 0.071311 -0.087172
v 0.058935 0.071311 -0.087172
v 0.058841 0.099894 -0.115755
v 0.058975 0.099894 -0.115755
v 0.058841 0.099894 -0.087172
v 0.058975 0.099894 -0.087172
v 0.058881 0.092749 -0.087172
v 0.058935 0.092749 -0.087172
v 0.051736 0.064166 -0.094318
v 0.051790 0.064166 -0.094318
v 0.051736 0.057020 -0.087172
v 0.051790 0.057020 -0.087172
v 0.051736 0.057020 -0.094318
v 0.051790 0.057020 -0.094318
v 0.051736 0.064166 -0.087172
v 0.051790 0.064166 -0.087172
v 0.051736 0.071311 -0.122900
v 0.051790 0.071311 -0.122900
v 0.051736 0.064166 -0.115755
v 0.051790 0.064166 -0.115755
v 0.051736 0.064166 -0.122900
v 0.051790 0.064166 -0.122900
v 0.051736 0.071311 -0.115755
v 0.051790 0.071311 -0.115755
v 0.051736 0.107040 -0.094318
v 0.051790 0.107040 -0.094318
v 0.051736 0.099894 -0.087172
v 0.051790 0.099894 -0.087172
v 0.051736 0.099894 -0.094318
v 0.051790 0.099894 -0.094318
v 0.051736 0.107040 -0.087172
v 0.051790 0.107040 -0.087172
v 0.051736 0.099894 -0.122900
v 0.051790 0.099894 -0.122900
v 0.051736 0.092749 -0.115755
v 0.051790 0.092749 -0.115755
v 0.051736 0.092749 -0.122900
v 0.051790 0.092749 -0.122900
v 0.051736 0.099894 -0.115755
v 0.051790 0.099894 -0.115755
v 0.044563 0.064166 -0.115755
v 0.044671 0.064166 -0.115755
v 0.044563 0.057020 -0.094318
v 0.044671 0.057020 -0.094318
v 0.044563 0.057020 -0.115755
v 0.044671 0.057020 -0.115755
v 0.044563 0.064166 -0.094318
v 0.044671 0.064166 -0.094318
v 0.044563 0.107040 -0.115755
v 0.044671 0.107040 -0.115755
v 0.044563 0.099894 -0.094318
v 0.044671 0.099894 -0.094318
v 0.044563 0.099894 -0.115755
v 0.044671 0.099894 -0.115755
v 0.044563 0.107040 -0.094318
v 0.044671 0.107040 -0.094318
v 0.037472 0.106986 -0.094318
v 0.037472 0.107094 -0.094318
v 0.051763 0.106986 -0.087172
v 0.051763 0.107094 -0.087172
v 0.044617 0.106986 -0.094318
v 0.044617 0.107094 -0.094318
v 0.051763 0.107013 -0.094318
v 0.051763 0.107067 -0.094318
v 0.030326 0.106986 -0.087172
v 0.030326 0.107094 -0.087172
v 0.030326 0.107013 -0.094318
v 0.030326 0.107067 -0.094318
v 0.037472 0.106986 -0.115755
v 0.037472 0.107094 -0.115755
v 0.044617 0.106986 -0.115755
v 0.044617 0.107094 -0.115755
v 0.051763 0.099840 -0.122900
v 0.051763 0.099948 -0.122900
v 0.037472 0.099840 -0.115755
v 0.037472 0.099948 -0.115755
v 0.044617 0.099840 -0.115755
v 0.044617 0.099948 -0.115755
v 0.030326 0.099840 -0.122900
v 0.030326 0.099948 -0.122900
v 0.051763 0.099867 -0.115755
v 0.051763 0.099921 -0.115755
v 0.030326 0.099867 -0.115755
v 0.030326 0.099921 -0.115755
v 0.044617 0.099840 -0.094318
v 0.044617 0.099948 -0.094318
v 0.037472 0.099840 -0.094318
v 0.037472 0.099948 -0.094318
v 0.051763 0.099867 -0.094318
v 0.051763 0.099921 -0.094318
v 0.030326 0.099867 -0.094318
v 0.030326 0.099921 -0.094318
v 0.058908 0.099827 -0.115755
v 0.058908 0.099961 -0.115755
v 0.058908 0.099827 -0.087172
v 0.058908 0.099961 -0.087172
v 0.051763 0.099867 -0.087172
v 0.051763 0.099921 -0.087172
v 0.023180 0.099827 -0.115755
v 0.023180 0.099961 -0.115755
v 0.023180 0.099827 -0.087172
v 0.023180 0.099961 -0.087172
v 0.030326 0.099867 -0.087172
v 0.030326 0.099921 -0.087172
v 0.058908 0.092722 -0.094318
v 0.058908 0.092776 -0.094318
v 0.058908 0.092722 -0.087172
v 0.058908 0.092776 -0.087172
v 0.066053 0.092722 -0.094318
v 0.066053 0.092776 -0.094318
v 0.066053 0.092722 -0.087172
v 0.066053 0.092776 -0.087172
v 0.051763 0.092722 -0.122900
v 0.051763 0.092776 -0.122900
v 0.051763 0.092722 -0.115755
v 0.051763 0.092776 -0.115755
v 0.058908 0.092722 -0.122900
v 0.058908 0.092776 -0.122900
v 0.058908 0.092722 -0.115755
v 0.058908 0.092776 -0.115755
v 0.016034 0.092722 -0.094318
v 0.016034 0.092776 -0.094318
v 0.016034 0.092722 -0.087172
v 0.016034 0.092776 -0.087172
v 0.023180 0.092722 -0.094318
v 0.023180 0.092776 -0.094318
v 0.023180 0.092722 -0.087172
v 0.023180 0.092776 -0.087172
v 0.023180 0.092722 -0.115755
v 0.023180 0.092776 -0.115755
v 0.030326 0.092722 -0.122900
v 0.030326 0.092776 -0.122900
v 0.023180 0.092722 -0.122900
v 0.023180 0.092776 -0.122900
v 0.030326 0.092722 -0.115755
v 0.030326 0.092776 -0.115755
v 0.058908 0.085549 -0.115755
v 0.058908 0.085657 -0.115755
v 0.058908 0.085549 -0.094318
v 0.058908 0.085657 -0.094318
v 0.066053 0.085549 -0.115755
v 0.066053 0.085657 -0.115755
v 0.066053 0.085549 -0.094318
v 0.066053 0.085657 -0.094318
v 0.016034 0.085549 -0.115755
v 0.016034 0.085657 -0.115755
v 0.016034 0.085549 -0.094318
v 0.016034 0.085657 -0.094318
v 0.023180 0.085549 -0.115755
v 0.023180 0.085657 -0.115755
v 0.023180 0.085549 -0.094318
v 0.023180 0.085657 -0.094318
v 0.016088 0.078457 -0.115755
v 0.015980 0.078457 -0.115755
v 0.016088 0.085603 -0.094318
v 0.015980 0.085603 -0.094318
v 0.016088 0.085603 -0.115755
v 0.015980 0.085603 -0.115755
v 0.016088 0.078457 -0.094318
v 0.015980 0.078457 -0.094318
v 0.016088 0.071311 -0.087172
v 0.015980 0.071311 -0.087172
v 0.016061 0.071311 -0.094318
v 0.016007 0.071311 -0.094318
v 0.016088 0.092749 -0.087172
v 0.015980 0.092749 -0.087172
v 0.016061 0.092749 -0.094318
v 0.016007 0.092749 -0.094318
v 0.023247 0.064166 -0.115755
v 0.023113 0.064166 -0.115755
v 0.023207 0.071311 -0.094318
v 0.023153 0.071311 -0.094318
v 0.023207 0.071311 -0.115755
v 0.023153 0.071311 -0.115755
v 0.023247 0.064166 -0.087172
v 0.023113 0.064166 -0.087172
v 0.023207 0.071311 -0.087172
v 0.023153 0.071311 -0.087172
v 0.023234 0.078457 -0.094318
v 0.023126 0.078457 -0.094318
v 0.023234 0.078457 -0.115755
v 0.023126 0.078457 -0.115755
v 0.023234 0.071311 -0.122900
v 0.023126 0.071311 -0.122900
v 0.023234 0.085603 -0.115755
v 0.023126 0.085603 -0.115755
v 0.023234 0.092749 -0.122900
v 0.023126 0.092749 -0.122900
v 0.023207 0.092749 -0.115755
v 0.023153 0.092749 -0.115755
v 0.023234 0.085603 -0.094318
v 0.023126 0.085603 -0.094318
v 0.023207 0.092749 -0.094318
v 0.023153 0.092749 -0.094318
v 0.023247 0.099894 -0.115755
v 0.023113 0.099894 -0.115755
v 0.023247 0.099894 -0.087172
v 0.023113 0.099894 -0.087172
v 0.023207 0.092749 -0.087172
v 0.023153 0.092749 -0.087172
v 0.030353 0.057020 -0.094318
v 0.030299 0.057020 -0.094318
v 0.030353 0.064166 -0.087172
v 0.030299 0.064166 -0.087172
v 0.030353 0.064166 -0.094318
v 0.030299 0.064166 -0.094318
v 0.030353 0.057020 -0.087172
v 0.030299 0.057020 -0.087172
v 0.030353 0.064166 -0.122900
v 0.030299 0.064166 -0.122900
v 0.030353 0.071311 -0.115755
v 0.030299 0.071311 -0.115755
v 0.030353 0.071311 -0.122900
v 0.030299 0.071311 -0.122900
v 0.030353 0.064166 -0.115755
v 0.030299 0.064166 -0.115755
v 0.030353 0.099894 -0.094318
v 0.030299 0.099894 -0.094318
v 0.030353 0.107040 -0.087172
v 0.030299 0.107040 -0.087172
v 0.030353 0.107040 -0.094318
v 0.030299 0.107040 -0.094318
v 0.030353 0.099894 -0.087172
v 0.030299 0.099894 -0.087172
v 0.030353 0.092749 -0.122900
v 0.030299 0.092749 -0.122900
v 0.030353 0.099894 -0.115755
v 0.030299 0.099894 -0.115755
v 0.030353 0.099894 -0.122900
v 0.030299 0.099894 -0.122900
v 0.030353 0.092749 -0.115755
v 0.030299 0.092749 -0.115755
v 0.037526 0.099894 -0.115755
v 0.037418 0.099894 -0.115755
v 0.037526 0.107040 -0.094318
v 0.037418 0.107040 -0.094318
v 0.037526 0.107040 -0.115755
v 0.037418 0.107040 -0.115755
v 0.037526 0.099894 -0.094318
v 0.037418 0.099894 -0.094318
v 0.037526 0.057020 -0.115755
v 0.037418 0.057020 -0.115755
v 0.037526 0.064166 -0.094318
v 0.037418 0.064166 -0.094318
v 0.037526 0.064166 -0.115755
v 0.037418 0.064166 -0.115755
v 0.037526 0.057020 -0.094318
v 0.037418 0.057020 -0.094318
v 0.044617 0.057074 -0.115755
v 0.044617 0.056966 -0.115755
v 0.037472 0.057074 -0.094318
v 0.037472 0.056966 -0.094318
v 0.037472 0.057074 -0.115755
v 0.037472 0.056966 -0.115755
v 0.044617 0.057074 -0.094318
v 0.044617 0.056966 -0.094318
v 0.051763 0.057074 -0.087172
v 0.051763 0.056966 -0.087172
v 0.051763 0.057047 -0.094318
v 0.051763 0.056993 -0.094318
v 0.030326 0.057074 -0.087172
v 0.030326 0.056966 -0.087172
v 0.030326 0.057047 -0.094318
v 0.030326 0.056993 -0.094318
v 0.030326 0.064193 -0.094318
v 0.030326 0.064139 -0.094318
v 0.030326 0.064193 -0.115755
v 0.030326 0.064139 -0.115755
v 0.037472 0.064220 -0.094318
v 0.037472 0.064112 -0.094318
v 0.037472 0.064220 -0.115755
v 0.037472 0.064112 -0.115755
v 0.023180 0.064233 -0.115755
v 0.023180 0.064099 -0.115755
v 0.023180 0.064233 -0.087172
v 0.023180 0.064099 -0.087172
v 0.030326 0.064193 -0.087172
v 0.030326 0.064139 -0.087172
v 0.030326 0.064220 -0.122900
v 0.030326 0.064112 -0.122900
v 0.044617 0.064220 -0.115755
v 0.044617 0.064112 -0.115755
v 0.051763 0.064220 -0.122900
v 0.051763 0.064112 -0.122900
v 0.051763 0.064193 -0.115755
v 0.051763 0.064139 -0.115755
v 0.051763 0.064193 -0.094318
v 0.051763 0.064139 -0.094318
v 0.044617 0.064220 -0.094318
v 0.044617 0.064112 -0.094318
v 0.058908 0.064233 -0.115755
v 0.058908 0.064099 -0.115755
v 0.058908 0.064233 -0.087172
v 0.058908 0.064099 -0.087172
v 0.051763 0.064193 -0.087172
v 0.051763 0.064139 -0.087172
v 0.058908 0.071338 -0.094318
v 0.058908 0.071284 -0.094318
v 0.066053 0.071338 -0.094318
v 0.066053 0.071284 -0.094318
v 0.066053 0.071338 -0.087172
v 0.066053 0.071284 -0.087172
v 0.058908 0.071338 -0.087172
v 0.058908 0.071284 -0.087172
v 0.051763 0.071338 -0.122900
v 0.051763 0.071284 -0.122900
v 0.058908 0.071338 -0.122900
v 0.058908 0.071284 -0.122900
v 0.058908 0.071338 -0.115755
v 0.058908 0.071284 -0.115755
v 0.051763 0.071338 -0.115755
v 0.051763 0.071284 -0.115755
v 0.016034 0.071338 -0.094318
v 0.016034 0.071284 -0.094318
v 0.023180 0.071338 -0.094318
v 0.023180 0.071284 -0.094318
v 0.023180 0.071338 -0.087172
v 0.023180 0.071284 -0.087172
v 0.016034 0.071338 -0.087172
v 0.016034 0.071284 -0.087172
v 0.023180 0.071338 -0.122900
v 0.023180 0.071284 -0.122900
v 0.030326 0.071338 -0.122900
v 0.030326 0.071284 -0.122900
v 0.030326 0.071338 -0.115755
v 0.030326 0.071284 -0.115755
v 0.023180 0.071338 -0.115755
v 0.023180 0.071284 -0.115755
v 0.066053 0.078511 -0.115755
v 0.066053 0.078403 -0.115755
v 0.058908 0.078511 -0.094318
v 0.058908 0.078403 -0.094318
v 0.058908 0.078511 -0.115755
v 0.058908 0.078403 -0.115755
v 0.066053 0.078511 -0.094318
v 0.066053 0.078403 -0.094318
v 0.023180 0.078511 -0.115755
v 0.023180 0.078403 -0.115755
v 0.023180 0.078511 -0.094318
v 0.023180 0.078403 -0.094318
v 0.016034 0.078511 -0.115755
v 0.016034 0.078403 -0.115755
v 0.016034 0.078511 -0.094318
v 0.016034 0.078403 -0.094318
v 0.030326 0.071311 -0.122873
v 0.030326 0.071311 -0.122927
v 0.051763 0.071311 -0.122873
v 0.051763 0.071311 -0.122927
v 0.051763 0.064166 -0.122846
v 0.051763 0.064166 -0.122954
v 0.030326 0.064166 -0.122846
v 0.030326 0.064166 -0.122954
v 0.051763 0.092749 -0.122873
v 0.051763 0.092749 -0.122927
v 0.058908 0.071311 -0.122846
v 0.058908 0.071311 -0.122954
v 0.058908 0.092749 -0.122846
v 0.058908 0.092749 -0.122954
v 0.030326 0.092749 -0.122873
v 0.030326 0.092749 -0.122927
v 0.023180 0.071311 -0.122846
v 0.023180 0.071311 -0.122954
v 0.023180 0.092749 -0.122846
v 0.023180 0.092749 -0.122954
v 0.051763 0.099894 -0.122846
v 0.051763 0.099894 -0.122954
v 0.030326 0.099894 -0.122846
v 0.030326 0.099894 -0.122954
v 0.058908 0.071311 -0.115728
v 0.058908 0.071311 -0.115782
v 0.051763 0.064166 -0.115728
v 0.051763 0.064166 -0.115782
v 0.051763 0.071311 -0.115728
v 0.051763 0.071311 -0.115782
v 0.058908 0.064166 -0.115728
v 0.058908 0.064166 -0.115782
v 0.058908 0.099894 -0.115728
v 0.058908 0.099894 -0.115782
v 0.051763 0.092749 -0.115728
v 0.051763 0.092749 -0.115782
v 0.051763 0.099894 -0.115728
v 0.051763 0.099894 -0.115782
v 0.058908 0.092749 -0.115728
v 0.058908 0.092749 -0.115782
v 0.030326 0.071311 -0.115728
v 0.030326 0.071311 -0.115782
v 0.023180 0.064166 -0.115728
v 0.023180 0.064166 -0.115782
v 0.023180 0.071311 -0.115728
v 0.023180 0.071311 -0.115782
v 0.030326 0.064166 -0.115728
v 0.030326 0.064166 -0.115782
v 0.030326 0.099894 -0.115728
v 0.030326 0.099894 -0.115782
v 0.023180 0.092749 -0.115728
v 0.023180 0.092749 -0.115782
v 0.023180 0.099894 -0.115728
v 0.023180 0.099894 -0.115782
v 0.030326 0.092749 -0.115728
v 0.030326 0.092749 -0.115782
v 0.044617 0.064166 -0.115728
v 0.044617 0.064166 -0.115782
v 0.037472 0.057020 -0.115728
v 0.037472 0.057020 -0.115782
v 0.037472 0.064166 -0.115728
v 0.037472 0.064166 -0.115782
v 0.044617 0.057020 -0.115728
v 0.044617 0.057020 -0.115782
v 0.044617 0.107040 -0.115728
v 0.044617 0.107040 -0.115782
v 0.037472 0.099894 -0.115728
v 0.037472 0.099894 -0.115782
v 0.037472 0.107040 -0.115728
v 0.037472 0.107040 -0.115782
v 0.044617 0.099894 -0.115728
v 0.044617 0.099894 -0.115782
v 0.066053 0.085603 -0.115728
v 0.066053 0.085603 -0.115782
v 0.058908 0.078457 -0.115728
v 0.058908 0.078457 -0.115782
v 0.058908 0.085603 -0.115728
v 0.058908 0.085603 -0.115782
v 0.066053 0.078457 -0.115728
v 0.066053 0.078457 -0.115782
v 0.023180 0.085603 -0.115728
v 0.023180 0.085603 -0.115782
v 0.016034 0.078457 -0.115728
v 0.016034 0.078457 -0.115782
v 0.016034 0.085603 -0.115728
v 0.016034 0.085603 -0.115782
v 0.023180 0.078457 -0.115728
v 0.023180 0.078457 -0.115782
v 0.066053 0.078457 -0.094291
v 0.066053 0.078457 -0.094345
v 0.058908 0.071311 -0.094291
v 0.058908 0.071311 -0.094345
v 0.058908 0.078457 -0.094291
v 0.058908 0.078457 -0.094345
v 0.066053 0.071311 -0.094291
v 0.066053 0.071311 -0.094345
v 0.051763 0.064166 -0.094291
v 0.051763 0.064166 -0.094345
v 0.044617 0.057020 -0.094291
v 0.044617 0.057020 -0.094345
v 0.044617 0.064166 -0.094291
v 0.044617 0.064166 -0.094345
v 0.051763 0.057020 -0.094291
v 0.051763 0.057020 -0.094345
v 0.066053 0.092749 -0.094291
v 0.066053 0.092749 -0.094345
v 0.058908 0.085603 -0.094291
v 0.058908 0.085603 -0.094345
v 0.058908 0.092749 -0.094291
v 0.058908 0.092749 -0.094345
v 0.066053 0.085603 -0.094291
v 0.066053 0.085603 -0.094345
v 0.051763 0.107040 -0.094291
v 0.051763 0.107040 -0.094345
v 0.044617 0.099894 -0.094291
v 0.044617 0.099894 -0.094345
v 0.044617 0.107040 -0.094291
v 0.044617 0.107040 -0.094345
v 0.051763 0.099894 -0.094291
v 0.051763 0.099894 -0.094345
v 0.037472 0.064166 -0.094291
v 0.037472 0.064166 -0.094345
v 0.030326 0.057020 -0.094291
v 0.030326 0.057020 -0.094345
v 0.030326 0.064166 -0.094291
v 0.030326 0.064166 -0.094345
v 0.037472 0.057020 -0.094291
v 0.037472 0.057020 -0.094345
v 0.023180 0.078457 -0.094291
v 0.023180 0.078457 -0.094345
v 0.016034 0.071311 -0.094291
v 0.016034 0.071311 -0.094345
v 0.016034 0.078457 -0.094291
v 0.016034 0.078457 -0.094345
v 0.023180 0.071311 -0.094291
v 0.023180 0.071311 -0.094345
v 0.037472 0.107040 -0.094291
v 0.037472 0.107040 -0.094345
v 0.030326 0.099894 -0.094291
v 0.030326 0.099894 -0.094345
v 0.030326 0.107040 -0.094291
v 0.030326 0.107040 -0.094345
v 0.037472 0.099894 -0.094291
v 0.037472 0.099894 -0.094345
v 0.023180 0.092749 -0.094291
v 0.023180 0.092749 -0.094345
v 0.016034 0.085603 -0.094291
v 0.016034 0.085603 -0.094345
v 0.016034 0.092749 -0.094291
v 0.016034 0.092749 -0.094345
v 0.023180 0.085603 -0.094291
v 0.023180 0.085603 -0.094345
v 0.043412 0.074679 -0.130910
v 0.043452 0.074679 -0.130910
v 0.043414 0.069692 -0.133088
v 0.043450 0.069692 -0.133088
v 0.043419 0.074679 -0.133088
v 0.043445 0.074679 -0.133088
v 0.043419 0.069692 -0.128732
v 0.043445 0.069692 -0.128732
v 0.043421 0.074679 -0.135182
v 0.043443 0.074679 -0.135182
v 0.043420 0.078643 -0.135182
v 0.043444 0.078643 -0.135182
v 0.043419 0.072082 -0.126235
v 0.043445 0.072082 -0.126235
v 0.043418 0.074679 -0.126235
v 0.043446 0.074679 -0.126235
v 0.043410 0.067303 -0.122006
v 0.043454 0.067303 -0.122006
v 0.043415 0.067303 -0.128732
v 0.043449 0.067303 -0.128732
v 0.043415 0.072082 -0.122006
v 0.043449 0.072082 -0.122006
v 0.043424 0.080877 -0.133088
v 0.043440 0.080877 -0.133088
v 0.043416 0.080877 -0.130910
v 0.043448 0.080877 -0.130910
v 0.043415 0.078643 -0.137526
v 0.043449 0.078643 -0.137526
v 0.043424 0.083183 -0.133088
v 0.043440 0.083183 -0.133088
v 0.043420 0.085417 -0.135182
v 0.043444 0.085417 -0.135182
v 0.043415 0.085417 -0.137526
v 0.043449 0.085417 -0.137526
v 0.043419 0.089380 -0.133088
v 0.043445 0.089380 -0.133088
v 0.043421 0.089380 -0.135182
v 0.043443 0.089380 -0.135182
v 0.043412 0.089380 -0.130910
v 0.043452 0.089380 -0.130910
v 0.043416 0.083183 -0.130910
v 0.043448 0.083183 -0.130910
v 0.043414 0.094368 -0.133088
v 0.043450 0.094368 -0.133088
v 0.043419 0.094368 -0.128732
v 0.043445 0.094368 -0.128732
v 0.043419 0.091978 -0.126235
v 0.043445 0.091978 -0.126235
v 0.043418 0.089380 -0.126235
v 0.043446 0.089380 -0.126235
v 0.043410 0.096757 -0.122006
v 0.043454 0.096757 -0.122006
v 0.043415 0.091978 -0.122006
v 0.043449 0.091978 -0.122006
v 0.043415 0.096757 -0.128732
v 0.043449 0.096757 -0.128732
v 0.038655 0.096735 -0.122006
v 0.038655 0.096779 -0.122006
v 0.043432 0.096735 -0.128732
v 0.043432 0.096779 -0.128732
v 0.038655 0.096735 -0.128732
v 0.038655 0.096779 -0.128732
v 0.043432 0.096735 -0.122006
v 0.043432 0.096779 -0.122006
v 0.043432 0.094351 -0.133088
v 0.043432 0.094385 -0.133088
v 0.038655 0.094351 -0.133088
v 0.038655 0.094385 -0.133088
v 0.038655 0.094351 -0.128732
v 0.038655 0.094385 -0.128732
v 0.043432 0.094351 -0.128732
v 0.043432 0.094385 -0.128732
v 0.043432 0.089367 -0.135182
v 0.043432 0.089393 -0.135182
v 0.038655 0.089367 -0.135182
v 0.038655 0.089393 -0.135182
v 0.038655 0.089367 -0.133088
v 0.038655 0.089393 -0.133088
v 0.043432 0.089367 -0.133088
v 0.043432 0.089393 -0.133088
v 0.043432 0.085404 -0.137526
v 0.043432 0.085430 -0.137526
v 0.038655 0.085404 -0.137526
v 0.038655 0.085430 -0.137526
v 0.038655 0.085404 -0.135182
v 0.038655 0.085430 -0.135182
v 0.043432 0.085404 -0.135182
v 0.043432 0.085430 -0.135182
v 0.038655 0.080864 -0.133088
v 0.038655 0.080890 -0.133088
v 0.043432 0.080864 -0.130910
v 0.043432 0.080890 -0.130910
v 0.043432 0.080864 -0.133088
v 0.043432 0.080890 -0.133088
v 0.038655 0.080864 -0.130910
v 0.038655 0.080890 -0.130910
v 0.043432 0.074661 -0.130910
v 0.043432 0.074697 -0.130910
v 0.038655 0.074661 -0.130910
v 0.038655 0.074697 -0.130910
v 0.038655 0.074661 -0.126235
v 0.038655 0.074697 -0.126235
v 0.043432 0.074661 -0.126235
v 0.043432 0.074697 -0.126235
v 0.043432 0.072065 -0.126235
v 0.043432 0.072099 -0.126235
v 0.038655 0.072065 -0.126235
v 0.038655 0.072099 -0.126235
v 0.043432 0.072065 -0.122006
v 0.043432 0.072099 -0.122006
v 0.038655 0.072065 -0.122006
v 0.038655 0.072099 -0.122006
v 0.043432 0.074679 -0.126249
v 0.043432 0.074679 -0.126221
v 0.038655 0.074679 -0.126249
v 0.038655 0.074679 -0.126221
v 0.043432 0.072082 -0.126249
v 0.043432 0.072082 -0.126221
v 0.038655 0.072082 -0.126249
v 0.038655 0.072082 -0.126221
v 0.038655 0.089380 -0.126249
v 0.038655 0.089380 -0.126221
v 0.043432 0.089380 -0.126249
v 0.043432 0.089380 -0.126221
v 0.043432 0.091978 -0.126249
v 0.043432 0.091978 -0.126221
v 0.038655 0.091978 -0.126249
v 0.038655 0.091978 -0.126221
v 0.038655 0.074679 -0.130931
v 0.038655 0.074679 -0.130889
v 0.043432 0.074679 -0.130931
v 0.043432 0.074679 -0.130889
v 0.038655 0.080877 -0.130931
v 0.038655 0.080877 -0.130889
v 0.043432 0.080877 -0.130931
v 0.043432 0.080877 -0.130889
v 0.038655 0.083183 -0.130931
v 0.038655 0.083183 -0.130889
v 0.043432 0.083183 -0.130931
v 0.043432 0.083183 -0.130889
v 0.043432 0.089380 -0.130931
v 0.043432 0.089380 -0.130889
v 0.038655 0.089380 -0.130931
v 0.038655 0.089380 -0.130889
v 0.043432 0.080877 -0.133101
v 0.043432 0.080877 -0.133075
v 0.038655 0.080877 -0.133101
v 0.038655 0.080877 -0.133075
v 0.043432 0.083183 -0.133101
v 0.043432 0.083183 -0.133075
v 0.038655 0.083183 -0.133101
v 0.038655 0.083183 -0.133075
v 0.038668 0.069692 -0.128732
v 0.038642 0.069692 -0.128732
v 0.038675 0.074679 -0.130910
v 0.038635 0.074679 -0.130910
v 0.038673 0.069692 -0.133088
v 0.038637 0.069692 -0.133088
v 0.038668 0.074679 -0.133088
v 0.038642 0.074679 -0.133088
v 0.038668 0.072082 -0.126235
v 0.038642 0.072082 -0.126235
v 0.038669 0.074679 -0.126235
v 0.038641 0.074679 -0.126235
v 0.038677 0.067303 -0.122006
v 0.038633 0.067303 -0.122006
v 0.038672 0.072082 -0.122006
v 0.038638 0.072082 -0.122006
v 0.038672 0.067303 -0.128732
v 0.038638 0.067303 -0.128732
v 0.038663 0.080877 -0.133088
v 0.038647 0.080877 -0.133088
v 0.038671 0.080877 -0.130910
v 0.038639 0.080877 -0.130910
v 0.038667 0.078643 -0.135182
v 0.038643 0.078643 -0.135182
v 0.038666 0.074679 -0.135182
v 0.038644 0.074679 -0.135182
v 0.038672 0.078643 -0.137526
v 0.038638 0.078643 -0.137526
v 0.038663 0.083183 -0.133088
v 0.038647 0.083183 -0.133088
v 0.038667 0.085417 -0.135182
v 0.038643 0.085417 -0.135182
v 0.038672 0.085417 -0.137526
v 0.038638 0.085417 -0.137526
v 0.038668 0.089380 -0.133088
v 0.038642 0.089380 -0.133088
v 0.038666 0.089380 -0.135182
v 0.038644 0.089380 -0.135182
v 0.038675 0.089380 -0.130910
v 0.038635 0.089380 -0.130910
v 0.038671 0.083183 -0.130910
v 0.038639 0.083183 -0.130910
v 0.038673 0.094368 -0.133088
v 0.038637 0.094368 -0.133088
v 0.038668 0.094368 -0.128732
v 0.038642 0.094368 -0.128732
v 0.038668 0.091978 -0.126235
v 0.038642 0.091978 -0.126235
v 0.038669 0.089380 -0.126235
v 0.038641 0.089380 -0.126235
v 0.038677 0.096757 -0.122006
v 0.038633 0.096757 -0.122006
v 0.038672 0.096757 -0.128732
v 0.038638 0.096757 -0.128732
v 0.038672 0.091978 -0.122006
v 0.038638 0.091978 -0.122006
v 0.038655 0.067325 -0.128732
v 0.038655 0.067281 -0.128732
v 0.043432 0.067325 -0.128732
v 0.043432 0.067281 -0.128732
v 0.038655 0.067325 -0.122006
v 0.038655 0.067281 -0.122006
v 0.043432 0.067325 -0.122006
v 0.043432 0.067281 -0.122006
v 0.043432 0.069709 -0.133088
v 0.043432 0.069675 -0.133088
v 0.038655 0.069709 -0.128732
v 0.038655 0.069675 -0.128732
v 0.038655 0.069709 -0.133088
v 0.038655 0.069675 -0.133088
v 0.043432 0.069709 -0.128732
v 0.043432 0.069675 -0.128732
v 0.043432 0.074692 -0.135182
v 0.043432 0.074666 -0.135182
v 0.038655 0.074692 -0.133088
v 0.038655 0.074666 -0.133088
v 0.038655 0.074692 -0.135182
v 0.038655 0.074666 -0.135182
v 0.043432 0.074692 -0.133088
v 0.043432 0.074666 -0.133088
v 0.043432 0.078656 -0.137526
v 0.043432 0.078630 -0.137526
v 0.038655 0.078656 -0.135182
v 0.038655 0.078630 -0.135182
v 0.038655 0.078656 -0.137526
v 0.038655 0.078630 -0.137526
v 0.043432 0.078656 -0.135182
v 0.043432 0.078630 -0.135182
v 0.038655 0.083196 -0.133088
v 0.038655 0.083170 -0.133088
v 0.043432 0.083196 -0.133088
v 0.043432 0.083170 -0.133088
v 0.043432 0.083196 -0.130910
v 0.043432 0.083170 -0.130910
v 0.038655 0.083196 -0.130910
v 0.038655 0.083170 -0.130910
v 0.038655 0.089398 -0.130910
v 0.038655 0.089362 -0.130910
v 0.043432 0.089398 -0.130910
v 0.043432 0.089362 -0.130910
v 0.043432 0.089398 -0.126235
v 0.043432 0.089362 -0.126235
v 0.038655 0.089398 -0.126235
v 0.038655 0.089362 -0.126235
v 0.043432 0.091995 -0.126235
v 0.043432 0.091961 -0.126235
v 0.043432 0.091995 -0.122006
v 0.043432 0.091961 -0.122006
v 0.038655 0.091995 -0.126235
v 0.038655 0.091961 -0.126235
v 0.038655 0.091995 -0.122006
v 0.038655 0.091961 -0.122006
v 0.038655 0.078643 -0.137504
v 0.038655 0.078643 -0.137548
v 0.043432 0.078643 -0.137504
v 0.043432 0.078643 -0.137548
v 0.038655 0.085417 -0.137504
v 0.038655 0.085417 -0.137548
v 0.043432 0.085417 -0.137504
v 0.043432 0.085417 -0.137548
v 0.043432 0.078643 -0.135166
v 0.043432 0.078643 -0.135198
v 0.038655 0.074679 -0.135166
v 0.038655 0.074679 -0.135198
v 0.038655 0.078643 -0.135166
v 0.038655 0.078643 -0.135198
v 0.043432 0.074679 -0.135166
v 0.043432 0.074679 -0.135198
v 0.043432 0.089380 -0.135166
v 0.043432 0.089380 -0.135198
v 0.043432 0.085417 -0.135166
v 0.043432 0.085417 -0.135198
v 0.038655 0.089380 -0.135166
v 0.038655 0.089380 -0.135198
v 0.038655 0.085417 -0.135166
v 0.038655 0.085417 -0.135198
v 0.038655 0.094368 -0.133070
v 0.038655 0.094368 -0.133106
v 0.043432 0.094368 -0.133070
v 0.043432 0.094368 -0.133106
v 0.038655 0.089380 -0.133070
v 0.038655 0.089380 -0.133106
v 0.043432 0.089380 -0.133070
v 0.043432 0.089380 -0.133106
v 0.043432 0.074679 -0.133070
v 0.043432 0.074679 -0.133106
v 0.038655 0.069692 -0.133070
v 0.038655 0.069692 -0.133106
v 0.038655 0.074679 -0.133070
v 0.038655 0.074679 -0.133106
v 0.043432 0.069692 -0.133070
v 0.043432 0.069692 -0.133106
v 0.038655 0.069692 -0.128719
v 0.038655 0.069692 -0.128745
v 0.043432 0.069692 -0.128719
v 0.043432 0.069692 -0.128745
v 0.043432 0.067303 -0.128719
v 0.043432 0.067303 -0.128745
v 0.038655 0.067303 -0.128719
v 0.038655 0.067303 -0.128745
v 0.043432 0.096757 -0.128719
v 0.043432 0.096757 -0.128745
v 0.038655 0.094368 -0.128719
v 0.038655 0.094368 -0.128745
v 0.038655 0.096757 -0.128719
v 0.038655 0.096757 -0.128745
v 0.043432 0.094368 -0.128719
v 0.043432 0.094368 -0.128745
v 0.262561 0.106290 -0.039973
v 0.262561 0.080071 -0.039973
v 0.262561 0.080071 -0.066191
v 0.262561 0.106290 -0.066191
v 0.043411 0.089359 -0.130910
v 0.038676 0.089359 -0.130910
v 0.038676 0.083204 -0.130910
v 0.043411 0.083204 -0.130910
v -0.345033 -0.210168 0.065349
v -0.345033 -0.105392 0.065349
v -0.345033 -0.105392 -0.065844
v -0.345033 -0.210168 -0.065844
v 0.315391 0.053456 0.092112
v 0.315391 0.027239 0.092112
v 0.315391 0.027239 0.065894
v 0.315391 0.053456 0.065893
v -0.344736 -0.104946 -0.065993
v -0.344736 -0.104946 0.065498
v -0.318913 -0.104946 0.065498
v -0.318913 -0.104946 -0.065993
v 0.341731 0.251409 0.012961
v 0.315462 0.251409 0.012961
v 0.315499 0.238585 0.012961
v 0.341694 0.238585 0.012961
v -0.107116 0.080138 -0.092707
v -0.107083 0.106587 -0.092707
v -0.151808 0.107215 -0.092707
v 0.240971 0.125233 -0.092707
v -0.001634 0.106985 -0.092707
v -0.081061 0.106587 -0.092707
v -0.081042 0.080152 -0.092707
v 0.038668 0.080877 -0.133075
v 0.038668 0.080877 -0.130923
v 0.043419 0.080877 -0.130923
v 0.043419 0.080877 -0.133075
v 0.315388 0.212156 -0.013556
v 0.315388 0.238387 -0.013544
v 0.315388 0.238375 -0.039775
v 0.315388 0.212156 -0.039775
v 0.043414 0.094350 -0.133088
v 0.043414 0.089398 -0.133088
v 0.038673 0.089398 -0.133088
v 0.038673 0.094350 -0.133088
v 0.156888 0.238177 0.065497
v 0.156888 0.212354 0.065497
v 0.156888 0.212354 -0.065993
v 0.156888 0.238177 -0.065993
v 0.043414 0.089380 -0.126253
v 0.038673 0.089380 -0.126253
v 0.038673 0.089380 -0.130892
v 0.043414 0.089380 -0.130892
v 0.130768 0.238474 -0.065993
v 0.130768 0.238474 0.065497
v 0.156591 0.238474 0.065497
v 0.156591 0.238474 -0.065993
v -0.160116 0.264743 -0.039725
v -0.160116 0.264793 -0.013556
v -0.160116 0.238375 -0.013556
v -0.160116 0.238375 0.013060
v -0.160116 0.264793 0.013060
v -0.160116 0.264743 0.039229
v -0.160116 0.212305 0.039130
v -0.160116 0.212305 -0.039626
v -0.001861 0.106389 -0.092459
v -0.001861 0.106389 -0.040122
v -0.080615 0.106389 -0.040122
v -0.080615 0.106389 -0.092459
v -0.160016 0.079973 0.065893
v -0.186432 0.079973 0.065893
v -0.186333 0.079973 0.092013
v -0.107529 0.079973 0.091963
v -0.107479 0.079973 0.039576
v -0.159966 0.079973 0.039527
v -0.133698 -0.078826 0.065498
v -0.133698 -0.183751 0.065349
v -0.133698 -0.183751 -0.065844
v -0.133698 -0.078826 -0.065993
v -0.186531 0.080122 -0.092558
v -0.186531 0.106240 -0.092558
v -0.186531 0.106240 -0.040023
v -0.186531 0.080122 -0.040023
v 0.043411 0.074700 -0.130910
v 0.043411 0.080856 -0.130910
v 0.038676 0.080856 -0.130910
v 0.038676 0.074700 -0.130910
v -0.265388 0.212057 0.065398
v -0.081460 0.212057 0.065200
v -0.081460 0.212057 -0.065696
v -0.265388 0.212057 -0.065894
v -0.265561 0.212057 -0.040097
v -0.159769 0.212057 -0.040221
v -0.159769 0.212057 0.039725
v -0.265561 0.212057 0.039601
v 0.315289 0.212057 -0.039973
v 0.341706 0.212057 -0.039973
v 0.341409 0.212057 -0.065894
v 0.157482 0.212057 -0.065696
v 0.157482 0.212057 0.065200
v 0.341409 0.212057 0.065398
v 0.341706 0.212057 0.039477
v 0.315289 0.212057 0.039477
v 0.315239 0.212057 0.013110
v 0.262407 0.212057 0.013110
v 0.262407 0.212057 -0.013606
v 0.315239 0.212057 -0.013606
v -0.160016 -0.078529 -0.066389
v -0.160016 -0.078529 -0.092608
v -0.133797 -0.078529 -0.092608
v -0.133896 -0.078529 -0.066488
v -0.107474 0.106191 0.065794
v -0.186330 0.106191 0.065794
v -0.186330 0.080170 0.065794
v -0.107474 0.080170 0.065794
v -0.265784 0.211958 -0.066191
v -0.265784 0.185739 -0.066191
v -0.265784 0.185739 -0.039973
v -0.265784 0.211908 -0.040023
v 0.130075 0.159224 0.039774
v -0.054052 0.159224 0.039774
v -0.054052 0.159224 0.065398
v 0.130075 0.159224 0.065398
v 0.341805 0.251409 -0.013383
v 0.341805 0.251409 0.012887
v 0.341805 0.238585 0.012850
v 0.341805 0.238585 -0.013346
v 0.420864 0.132807 -0.039676
v 0.420864 0.132807 0.039180
v 0.394844 0.132807 0.039180
v 0.394844 0.132807 -0.039676
v 0.368322 0.159224 -0.066191
v 0.368322 0.159224 -0.039973
v 0.394541 0.159224 -0.039973
v 0.394541 0.159224 -0.066191
v 0.341904 0.185640 0.039477
v 0.341904 0.185640 0.065695
v 0.368124 0.185640 0.065695
v 0.368124 0.185640 0.039477
v 0.341904 0.185640 -0.066191
v 0.341904 0.185640 -0.039973
v 0.368124 0.185640 -0.039973
v 0.368124 0.185640 -0.066191
v 0.051763 0.107013 -0.094291
v 0.051763 0.107013 -0.087199
v 0.051763 0.099921 -0.087199
v 0.051763 0.099921 -0.094291
v 0.058908 0.092722 -0.115728
v 0.058908 0.099827 -0.115688
v 0.058908 0.099827 -0.087239
v 0.058908 0.092776 -0.087199
v 0.058908 0.092776 -0.094345
v 0.058908 0.085657 -0.094372
v 0.058908 0.085657 -0.115809
v 0.058908 0.078403 -0.115809
v 0.058908 0.078403 -0.094372
v 0.058908 0.071284 -0.094345
v 0.058908 0.071284 -0.087199
v 0.058908 0.064233 -0.087239
v 0.058908 0.064233 -0.115688
v 0.058908 0.071338 -0.115728
v 0.058908 0.071365 -0.122846
v 0.058908 0.092695 -0.122846
v 0.038668 0.085417 -0.135195
v 0.043419 0.085417 -0.135195
v 0.043419 0.085417 -0.137513
v 0.038668 0.085417 -0.137513
v -0.186531 -0.184296 -0.066389
v -0.186531 -0.210515 -0.066389
v -0.186531 -0.210515 -0.092608
v -0.186531 -0.184296 -0.092608
v 0.262556 0.212156 0.012862
v 0.262556 0.238375 0.012862
v 0.262556 0.238375 -0.013358
v 0.262556 0.212156 -0.013358
v 0.262705 0.238474 0.012812
v 0.315264 0.238474 0.012837
v 0.315264 0.238474 -0.013333
v 0.262705 0.238474 -0.013308
v -0.292199 -0.052658 0.065250
v -0.292199 -0.210069 0.065250
v -0.292199 -0.210069 -0.065745
v -0.292199 -0.052658 -0.065745
v -0.160364 0.264644 -0.039874
v -0.160413 0.212354 -0.039874
v -0.265611 0.212230 -0.039874
v -0.265685 0.238375 -0.039874
v -0.239268 0.238375 -0.039874
v -0.239169 0.264694 -0.039874
v 0.157334 0.185194 -0.039874
v 0.157334 0.158778 -0.039874
v -0.054002 0.158778 -0.039874
v -0.053556 0.133699 -0.039874
v 0.393748 0.133699 -0.039874
v 0.394541 0.159125 -0.039874
v 0.368124 0.159125 -0.039874
v 0.367777 0.185194 -0.039874
v 0.394542 0.079874 -0.039874
v 0.394542 0.053654 -0.039874
v 0.368323 0.053654 -0.039874
v 0.368323 0.079874 -0.039874
v -0.265957 0.211884 0.039378
v -0.292102 0.211958 0.039378
v -0.292102 0.185739 0.039378
v -0.265883 0.185739 0.039378
v -0.265784 0.185739 0.065695
v -0.265784 0.211958 0.065695
v -0.265784 0.211908 0.039527
v -0.265784 0.185739 0.039477
v -0.318616 0.080072 0.065695
v -0.318616 0.080072 0.092112
v -0.318616 0.106290 0.092112
v -0.318616 0.106276 0.065841
v -0.318616 0.079794 0.039452
v -0.318616 0.079775 -0.040072
v -0.318616 0.106315 -0.040053
v -0.318616 0.132216 -0.066045
v -0.318616 0.106290 -0.066191
v -0.318616 0.106290 -0.092608
v -0.318616 0.080072 -0.092608
v -0.318616 0.080072 -0.066191
v -0.318616 0.053852 -0.065993
v -0.318616 0.053852 0.065497
v -0.133500 -0.078529 0.065597
v -0.133500 -0.078529 -0.066092
v -0.107578 -0.078529 -0.065993
v -0.107578 -0.078529 0.065498
v 0.341694 0.238585 -0.013457
v 0.315499 0.238585 -0.013457
v 0.315462 0.251409 -0.013457
v 0.341731 0.251409 -0.013457
v 0.156343 0.159224 0.038833
v -0.053903 0.159224 0.038833
v -0.053903 0.159224 -0.039329
v 0.156343 0.159224 -0.039329
v 0.077639 0.106240 -0.040023
v 0.077639 0.080122 -0.040023
v 0.077639 0.080122 -0.092558
v 0.077639 0.106240 -0.092558
v -0.106439 0.027140 0.091369
v -0.106439 0.027140 0.066637
v 0.314920 0.027140 0.066266
v 0.314549 0.027140 0.091369
v -0.054448 0.133005 0.039180
v -0.054448 0.133005 -0.039676
v -0.054448 0.159323 -0.039775
v -0.054448 0.159422 -0.066092
v -0.054448 0.238078 -0.065894
v -0.054448 0.238078 0.065398
v -0.054448 0.159422 0.065596
v -0.054448 0.159323 0.039279
v -0.266079 -0.052113 -0.065993
v -0.266079 -0.052113 0.065498
v -0.291902 -0.052113 0.065498
v -0.291902 -0.052113 -0.065993
v -0.001807 0.079972 0.039576
v -0.001807 0.079972 0.065596
v -0.080662 0.079972 0.065596
v -0.080662 0.079972 0.039576
v 0.393748 0.132807 -0.040766
v -0.055439 0.132807 -0.040865
v -0.055439 0.132807 0.040369
v 0.393748 0.132807 0.040270
v 0.393303 0.132807 0.064457
v -0.290666 0.132807 0.064259
v -0.290666 0.132807 -0.064755
v 0.393303 0.132807 -0.064953
v 0.262358 0.106191 0.039378
v 0.183503 0.106191 0.039378
v 0.183503 0.080171 0.039378
v 0.262358 0.080171 0.039378
v 0.341409 0.211661 0.065794
v 0.156492 0.211661 0.065794
v 0.156789 0.238375 0.065794
v 0.130669 0.238276 0.065794
v 0.130966 0.158729 0.065794
v -0.054943 0.158729 0.065794
v -0.054646 0.238276 0.065794
v -0.080767 0.238375 0.065794
v -0.080470 0.211661 0.065794
v -0.265388 0.211661 0.065794
v -0.265685 0.185541 0.065794
v -0.292052 0.185491 0.065794
v -0.290814 0.134194 0.065794
v 0.393303 0.134144 0.065794
v 0.394541 0.159125 0.065794
v 0.368124 0.159125 0.065794
v 0.368124 0.185541 0.065794
v 0.341706 0.185541 0.065794
v 0.421062 0.159125 0.013060
v 0.421062 0.185739 0.013060
v 0.421062 0.185751 -0.013413
v 0.421062 0.209893 -0.039260
v 0.421062 0.209840 0.039084
v 0.421062 0.133101 0.039084
v 0.421062 0.133049 -0.039289
v 0.421062 0.159111 -0.013410
v 0.368323 0.079973 0.065695
v 0.368323 0.079973 0.039477
v 0.394542 0.079973 0.039477
v 0.394542 0.079973 0.065695
v 0.156696 0.106191 0.065794
v 0.077841 0.106191 0.065794
v 0.077841 0.080170 0.065794
v 0.156696 0.080170 0.065794
v 0.314549 0.027139 -0.091865
v 0.314920 0.027139 -0.066761
v -0.106439 0.027139 -0.067132
v -0.106439 0.027139 -0.091865
v 0.043418 0.091964 -0.126235
v 0.038669 0.091964 -0.126235
v 0.038669 0.089394 -0.126235
v 0.043418 0.089394 -0.126235
v -0.265782 -0.025497 -0.066488
v -0.265782 0.053357 -0.066488
v -0.265782 0.053357 -0.092509
v -0.265782 -0.025497 -0.092509
v -0.186333 0.080171 0.039378
v -0.107479 0.080171 0.039378
v -0.107479 0.106191 0.039378
v -0.186333 0.106191 0.039378
v 0.394640 0.159125 0.065695
v 0.394640 0.132906 0.065695
v 0.394640 0.132906 0.039477
v 0.394640 0.159125 0.039477
v 0.183305 0.106240 -0.040023
v 0.183305 0.080122 -0.040023
v 0.183305 0.080122 -0.092558
v 0.183305 0.106240 -0.092558
v 0.368074 0.238325 -0.013457
v 0.368074 0.185789 -0.013457
v 0.341954 0.185789 -0.013457
v 0.341916 0.238363 -0.013457
v -0.345033 0.080171 0.039180
v -0.345033 0.106191 0.039180
v -0.345033 0.106191 -0.039676
v -0.345033 0.080171 -0.039676
v -0.108173 0.028032 0.092211
v 0.303904 0.028091 0.092211
v -0.001657 0.079439 0.092211
v -0.080863 0.079808 0.092211
v -0.107281 0.079808 0.092211
v -0.186493 0.079737 0.092211
v -0.265545 0.053385 0.092211
v -0.265584 -0.025893 0.092211
v -0.292050 -0.025844 0.092211
v -0.292050 -0.078678 0.092211
v -0.318319 -0.078826 0.092211
v -0.318121 -0.210119 0.092211
v -0.186828 -0.210317 0.092211
v -0.186630 -0.184098 0.092211
v -0.160363 -0.183949 0.092211
v -0.160363 -0.078281 0.092211
v -0.133847 -0.078380 0.092211
v -0.133847 -0.025546 0.092211
v -0.107430 -0.025546 0.092211
v 0.367777 0.185194 0.039378
v 0.368124 0.159125 0.039378
v 0.394541 0.159125 0.039378
v 0.393748 0.133699 0.039378
v -0.053556 0.133699 0.039378
v -0.054002 0.158778 0.039378
v 0.157334 0.158778 0.039378
v 0.157334 0.185194 0.039378
v 0.043414 0.074661 -0.133088
v 0.043414 0.069710 -0.133088
v 0.038673 0.069710 -0.133088
v 0.038673 0.074661 -0.133088
v 0.156642 0.106389 -0.092459
v 0.156642 0.106389 -0.040122
v 0.077887 0.106389 -0.040122
v 0.077887 0.106389 -0.092459
v 0.315487 0.251483 -0.013358
v 0.315487 0.251483 0.012862
v 0.341706 0.251483 0.012862
v 0.341706 0.251483 -0.013358
v -0.160115 0.079230 -0.065547
v -0.160115 -0.183454 -0.065547
v -0.160115 -0.183454 0.065052
v -0.160115 0.079230 0.065051
v 0.262363 0.079972 -0.066092
v 0.262363 0.079972 -0.040072
v 0.183506 0.079972 -0.040072
v 0.183506 0.079972 -0.066092
v 0.156894 0.106290 -0.039973
v 0.156894 0.080071 -0.039973
v 0.156894 0.080071 -0.066191
v 0.156894 0.106290 -0.066191
v 0.368074 0.185789 0.012961
v 0.368074 0.238325 0.012961
v 0.341916 0.238363 0.012961
v 0.341954 0.185789 0.012961
v -0.001609 0.106290 0.065695
v -0.001609 0.080071 0.065695
v -0.001609 0.080071 0.039477
v -0.001609 0.106290 0.039477
v -0.160314 0.238672 0.012961
v -0.239169 0.238672 0.012961
v -0.239169 0.264694 0.012961
v -0.160314 0.264694 0.012961
v -0.107276 0.106290 -0.039973
v -0.107276 0.080071 -0.039973
v -0.107276 0.080071 -0.066191
v -0.107276 0.106290 -0.066191
v 0.341807 0.053654 -0.092608
v 0.341807 0.079874 -0.092608
v 0.341807 0.079874 -0.066389
v 0.341807 0.053654 -0.066389
v -0.107276 0.106290 0.065695
v -0.107276 0.080071 0.065695
v -0.107276 0.080071 0.039477
v -0.107276 0.106290 0.039477
v 0.315391 0.027040 -0.039973
v 0.315391 0.000821 -0.039973
v 0.315391 0.000821 -0.066191
v 0.315391 0.027040 -0.066191
v 0.043419 0.078643 -0.137513
v 0.043419 0.078643 -0.135195
v 0.038668 0.078643 -0.135195
v 0.038668 0.078643 -0.137513
v 0.044617 0.106986 -0.115701
v 0.044617 0.106986 -0.094372
v 0.044617 0.099948 -0.094372
v 0.044617 0.099948 -0.115701
v 0.315388 0.238560 0.012874
v 0.315388 0.251409 0.012887
v 0.315388 0.251409 -0.013383
v 0.315388 0.238560 -0.013371
v -0.292298 0.079973 0.065893
v -0.292298 0.079973 0.092112
v -0.318517 0.079973 0.092112
v -0.318517 0.079973 0.065893
v 0.341706 0.212156 -0.039874
v 0.315487 0.212156 -0.039874
v 0.315487 0.238375 -0.039874
v 0.341706 0.238375 -0.039874
v 0.315388 0.212156 0.039279
v 0.315388 0.238375 0.039279
v 0.315388 0.238387 0.013047
v 0.315388 0.212156 0.013060
v -0.265931 0.106389 -0.092558
v -0.318467 0.106389 -0.092558
v -0.318467 0.106389 -0.066439
v -0.265931 0.106389 -0.066439
v -0.001807 0.080170 -0.066290
v -0.080662 0.080170 -0.066290
v -0.080662 0.106191 -0.066290
v -0.001807 0.106191 -0.066290
v 0.341811 0.185541 0.012862
v 0.341811 0.159323 0.012862
v 0.341811 0.159323 -0.013358
v 0.341811 0.185541 -0.013358
v -0.001807 0.106389 -0.066092
v -0.080662 0.106389 -0.066092
v -0.080662 0.106389 -0.040072
v -0.001807 0.106389 -0.040072
v 0.051763 0.071284 -0.122873
v 0.051763 0.071284 -0.115782
v 0.051763 0.064193 -0.115782
v 0.051763 0.064193 -0.122873
v -0.265782 0.106488 -0.066389
v -0.265782 0.132708 -0.066389
v -0.265782 0.132708 -0.092608
v -0.265782 0.106488 -0.092608
v -0.265931 0.106538 -0.066290
v -0.318467 0.106538 -0.066290
v -0.318467 0.132658 -0.066290
v -0.265931 0.132658 -0.066290
v 0.183308 0.080071 0.065695
v 0.183308 0.106290 0.065695
v 0.183308 0.106290 0.039477
v 0.183308 0.080071 0.039477
v 0.077643 0.080071 -0.039973
v 0.077643 0.106290 -0.039973
v 0.077643 0.106290 -0.066191
v 0.077643 0.080071 -0.066191
v -0.107474 0.106389 -0.066092
v -0.186330 0.106389 -0.066092
v -0.186330 0.106389 -0.040072
v -0.107474 0.106389 -0.040072
v -0.133698 -0.078232 0.066092
v -0.133698 -0.025844 0.065944
v -0.133698 -0.025844 0.092062
v -0.133698 -0.078380 0.092062
v -0.080860 0.080071 -0.039973
v -0.080860 0.106290 -0.039973
v -0.080860 0.106290 -0.066191
v -0.080860 0.080071 -0.066191
v -0.318715 0.080072 -0.039874
v -0.344934 0.080072 -0.039874
v -0.344934 0.106290 -0.039874
v -0.318715 0.106290 -0.039874
v -0.186528 0.080071 -0.039973
v -0.186528 0.106290 -0.039973
v -0.186528 0.106290 -0.066191
v -0.186528 0.080071 -0.066191
v 0.262363 0.106191 0.065794
v 0.183506 0.106191 0.065794
v 0.183506 0.080170 0.065794
v 0.262363 0.080170 0.065794
v 0.156696 0.106389 0.039576
v 0.077841 0.106389 0.039576
v 0.077841 0.106389 0.065596
v 0.156696 0.106389 0.065596
v 0.030326 0.064193 -0.122873
v 0.030326 0.064193 -0.115782
v 0.030326 0.071284 -0.115782
v 0.030326 0.071284 -0.122873
v 0.156696 0.106389 -0.066092
v 0.077841 0.106389 -0.066092
v 0.077841 0.106389 -0.040072
v 0.156696 0.106389 -0.040072
v -0.133946 -0.183949 -0.066290
v -0.159867 -0.183949 -0.066290
v -0.159867 -0.078777 -0.066290
v -0.133896 -0.078727 -0.066290
v 0.037445 0.107013 -0.094318
v 0.037445 0.099921 -0.094318
v 0.030353 0.099921 -0.094318
v 0.030353 0.107013 -0.094318
v -0.001807 0.106191 -0.039874
v -0.080662 0.106191 -0.039874
v -0.080662 0.080170 -0.039874
v -0.001807 0.080170 -0.039874
v -0.107474 0.079972 -0.066092
v -0.107474 0.079972 -0.040072
v -0.186330 0.079972 -0.040072
v -0.186330 0.079972 -0.066092
v 0.037445 0.064139 -0.094318
v 0.037445 0.057047 -0.094318
v 0.030353 0.057047 -0.094318
v 0.030353 0.064139 -0.094318
v 0.420864 0.185442 -0.013457
v 0.342009 0.185442 -0.013457
v 0.342009 0.159422 -0.013457
v 0.420864 0.159422 -0.013457
v 0.368322 0.159224 0.039477
v 0.368322 0.159224 0.065695
v 0.394541 0.159224 0.065695
v 0.394541 0.159224 0.039477
v 0.130075 0.159224 -0.065894
v -0.054052 0.159224 -0.065894
v -0.054052 0.159224 -0.040270
v 0.130075 0.159224 -0.040270
v -0.239565 0.238474 -0.013259
v -0.239466 0.238474 -0.039775
v -0.265586 0.238474 -0.039676
v -0.265586 0.238474 0.039180
v -0.239466 0.238474 0.039279
v -0.239565 0.238474 0.012763
v -0.160314 0.238474 0.012763
v -0.160314 0.238474 -0.013259
v 0.038669 0.072096 -0.126235
v 0.043418 0.072096 -0.126235
v 0.043418 0.074665 -0.126235
v 0.038669 0.074665 -0.126235
v 0.262705 0.212206 0.012961
v 0.315239 0.212206 0.012961
v 0.315277 0.238363 0.012961
v 0.262705 0.238325 0.012961
v 0.394641 0.132460 0.065447
v 0.394641 0.080122 0.065645
v 0.394641 0.080072 0.039279
v 0.394641 0.053753 0.039180
v 0.394641 0.053753 -0.039676
v 0.394641 0.080072 -0.039775
v 0.394641 0.080122 -0.066141
v 0.394641 0.132460 -0.065943
v 0.044671 0.099894 -0.115809
v 0.044671 0.099894 -0.094372
v 0.051790 0.099894 -0.094345
v 0.051790 0.099894 -0.087199
v 0.058841 0.099894 -0.087239
v 0.058841 0.099894 -0.115688
v 0.051736 0.099894 -0.115728
v 0.051709 0.099894 -0.122846
v 0.030380 0.099894 -0.122846
v 0.030353 0.099894 -0.115728
v 0.023247 0.099894 -0.115688
v 0.023247 0.099894 -0.087239
v 0.030299 0.099894 -0.087199
v 0.030299 0.099894 -0.094345
v 0.037418 0.099894 -0.094372
v 0.037418 0.099894 -0.115809
v 0.043416 0.078627 -0.135182
v 0.043416 0.074695 -0.135182
v 0.038671 0.074695 -0.135182
v 0.038671 0.078627 -0.135182
v 0.030326 0.092776 -0.122873
v 0.030326 0.092776 -0.115782
v 0.030326 0.099867 -0.115782
v 0.030326 0.099867 -0.122873
v 0.341805 0.185838 -0.013655
v 0.341805 0.185789 -0.066141
v 0.341805 0.211958 -0.066191
v 0.341805 0.211958 -0.039775
v 0.341805 0.238375 -0.039775
v 0.341805 0.238363 -0.013568
v 0.419997 0.209069 -0.039874
v 0.419997 0.133872 -0.039874
v -0.068456 0.133872 -0.039874
v -0.068456 0.209069 -0.039874
v -0.080569 0.238474 -0.065993
v -0.080569 0.238474 0.065497
v -0.054745 0.238474 0.065497
v -0.054745 0.238474 -0.065993
v 0.341807 0.026991 0.039229
v 0.341807 0.000920 0.039180
v 0.341807 0.000920 -0.039676
v 0.341807 0.026990 -0.039725
v -0.160314 0.264694 -0.013457
v -0.239169 0.264694 -0.013457
v -0.239169 0.238672 -0.013457
v -0.160314 0.238672 -0.013457
v -0.001609 0.106290 -0.039973
v -0.001609 0.080071 -0.039973
v -0.001609 0.080071 -0.066191
v -0.001609 0.106290 -0.066191
v 0.341708 0.000821 -0.039874
v 0.315490 0.000821 -0.039874
v 0.315490 0.027040 -0.039874
v 0.341708 0.027040 -0.039874
v 0.394640 0.159125 -0.039973
v 0.394640 0.132906 -0.039973
v 0.394640 0.132906 -0.066191
v 0.394640 0.159125 -0.066191
v 0.368224 0.080097 0.065918
v 0.368224 0.132658 0.065943
v 0.368224 0.132658 0.092062
v 0.368224 0.080122 0.092062
v 0.183305 0.106240 0.092062
v 0.183305 0.080122 0.092062
v 0.183305 0.080122 0.039527
v 0.183305 0.106240 0.039527
v -0.265883 0.185739 -0.039874
v -0.292102 0.185739 -0.039874
v -0.292102 0.211958 -0.039874
v -0.265957 0.211884 -0.039874
v 0.341708 0.027139 -0.066191
v 0.341658 0.027139 -0.040023
v 0.315490 0.027139 -0.039973
v 0.315862 0.027139 -0.065819
v -0.318616 0.132562 -0.065699
v -0.318616 0.106568 -0.039800
v -0.318616 0.106587 0.039576
v -0.318616 0.080405 0.039557
v -0.318616 0.106436 0.065681
v -0.318616 0.132510 0.065497
v -0.265931 0.132658 0.065794
v -0.318467 0.132658 0.065794
v -0.318467 0.106538 0.065794
v -0.265931 0.106538 0.065794
v -0.265782 -0.025497 0.092013
v -0.265782 0.053357 0.092013
v -0.265782 0.053357 0.065992
v -0.265782 -0.025497 0.065993
v -0.081160 -0.025695 -0.065993
v -0.081160 -0.025695 0.065498
v -0.107083 -0.025695 0.065597
v -0.107083 -0.025695 -0.066092
v 0.262363 0.079972 0.039576
v 0.262363 0.079972 0.065596
v 0.183506 0.079972 0.065596
v 0.183506 0.079972 0.039576
v 0.368223 0.185541 0.065695
v 0.368223 0.159323 0.065695
v 0.368223 0.159323 0.039477
v 0.368223 0.185541 0.039477
v -0.107474 0.080170 0.039378
v -0.186330 0.080170 0.039378
v -0.186330 0.106191 0.039378
v -0.107474 0.106191 0.039378
v -0.160313 -0.184197 0.065993
v -0.160214 -0.184197 0.092112
v -0.186432 -0.184197 0.092112
v -0.186432 -0.184197 0.065894
v -0.107281 -0.025447 0.066043
v -0.107281 0.026991 0.065944
v -0.107281 0.026991 0.092062
v -0.107281 -0.025546 0.092062
v -0.079872 0.000722 0.064804
v -0.079872 0.000722 -0.065299
v 0.314599 0.000722 -0.065497
v 0.315292 0.000722 -0.039775
v 0.341609 0.000722 -0.039676
v 0.341609 0.000722 0.039180
v 0.315292 0.000722 0.039279
v 0.314599 0.000722 0.065002
v -0.107529 0.106389 -0.092459
v -0.107529 0.106389 -0.040122
v -0.186283 0.106389 -0.040122
v -0.186283 0.106389 -0.092459
v 0.315487 0.238474 -0.039775
v 0.315512 0.238474 -0.013581
v 0.341706 0.238474 -0.013556
v 0.341706 0.238474 -0.039775
v -0.001861 0.106389 0.039626
v -0.001861 0.106389 0.091963
v -0.080615 0.106389 0.091963
v -0.080615 0.106389 0.039626
v -0.160314 0.264892 -0.039676
v -0.239169 0.264892 -0.039676
v -0.239169 0.264892 -0.013655
v -0.160314 0.264892 -0.013655
v -0.107474 0.080170 -0.066290
v -0.186330 0.080170 -0.066290
v -0.186330 0.106191 -0.066290
v -0.107474 0.106191 -0.066290
v -0.133698 -0.025844 -0.066439
v -0.133698 -0.078232 -0.066587
v -0.133698 -0.078380 -0.092558
v -0.133698 -0.025844 -0.092558
v -0.292298 0.079973 -0.092608
v -0.292298 0.079973 -0.066389
v -0.318517 0.079973 -0.066389
v -0.318517 0.079973 -0.092608
v 0.315490 0.053456 -0.066290
v 0.341708 0.053456 -0.066290
v 0.341708 0.027238 -0.066290
v 0.315862 0.027610 -0.066290
v -0.292102 0.185640 0.039477
v -0.292102 0.185640 0.065695
v -0.265883 0.185640 0.065695
v -0.265883 0.185640 0.039477
v -0.186528 0.080071 0.065695
v -0.186528 0.106290 0.065695
v -0.186528 0.106290 0.039477
v -0.186528 0.080071 0.039477
v -0.080615 0.079973 0.039626
v -0.080615 0.079973 0.091963
v -0.001861 0.079973 0.091963
v -0.001861 0.079973 0.039626
v 0.262363 0.106389 0.039576
v 0.183506 0.106389 0.039576
v 0.183506 0.106389 0.065596
v 0.262363 0.106389 0.065596
v -0.318319 -0.052113 -0.065993
v -0.318319 -0.052113 0.065498
v -0.292496 -0.052113 0.065498
v -0.292496 -0.052113 -0.065993
v 0.315490 0.053555 -0.066389
v 0.315490 0.053555 -0.092608
v 0.341708 0.053555 -0.092608
v 0.341708 0.053555 -0.066389
v -0.239367 0.238573 0.039279
v -0.239367 0.264793 0.039279
v -0.239367 0.264793 0.013060
v -0.239367 0.238573 0.013060
v 0.314440 0.028325 0.092211
v 0.315292 0.053654 0.092211
v 0.341708 0.053654 0.092211
v 0.341642 0.079808 0.092211
v 0.262556 0.079742 0.092211
v 0.183305 0.079808 0.092211
v 0.156890 0.079808 0.092211
v 0.081616 0.079536 0.092211
v 0.066026 0.071311 -0.087199
v 0.058935 0.071311 -0.087199
v 0.058935 0.071311 -0.094291
v 0.066026 0.071311 -0.094291
v -0.107132 -0.025546 0.065795
v -0.080962 -0.025596 0.065795
v -0.081656 0.001515 0.065795
v 0.314599 0.001515 0.065795
v 0.314920 0.026669 0.065795
v -0.106389 0.026248 0.065795
v 0.156696 0.080170 0.039378
v 0.077841 0.080170 0.039378
v 0.077841 0.106191 0.039378
v 0.156696 0.106191 0.039378
v -0.318517 -0.078529 -0.092608
v -0.318517 -0.078529 -0.066389
v -0.292298 -0.078529 -0.066389
v -0.292298 -0.078529 -0.092608
v -0.344835 0.106389 -0.039676
v -0.344835 0.106389 0.039180
v -0.318814 0.106389 0.039180
v -0.318814 0.106389 -0.039676
v 0.130471 0.159620 0.065398
v 0.130471 0.238078 0.065398
v 0.130471 0.238078 -0.065894
v 0.130471 0.159620 -0.065894
v -0.292201 0.211859 -0.039676
v -0.292201 0.185541 -0.039775
v -0.292201 0.185491 -0.066141
v -0.292201 0.133154 -0.065943
v -0.292201 0.133154 0.065447
v -0.292201 0.185491 0.065645
v -0.292201 0.185541 0.039279
v -0.292201 0.211859 0.039180
v 0.051736 0.107013 -0.094318
v 0.051736 0.099921 -0.094318
v 0.044644 0.099921 -0.094318
v 0.044644 0.107013 -0.094318
v 0.341706 0.238375 0.039378
v 0.315487 0.238375 0.039378
v 0.315487 0.212156 0.039378
v 0.341706 0.212156 0.039378
v -0.107281 0.026990 -0.066439
v -0.107281 -0.025447 -0.066538
v -0.107281 -0.025546 -0.092558
v -0.107281 0.026990 -0.092558
v 0.368224 0.079874 -0.039973
v 0.368224 0.053704 -0.040023
v 0.368224 0.053654 -0.066191
v 0.368224 0.079849 -0.066166
v -0.265881 0.053555 -0.092608
v -0.265881 0.053555 -0.066389
v -0.292001 0.053555 -0.066488
v -0.292100 0.053555 -0.092608
v 0.421062 0.133392 -0.039632
v 0.421062 0.209582 -0.039633
v 0.421062 0.185592 -0.013568
v 0.421062 0.159271 -0.013570
v 0.368100 0.079849 0.065794
v 0.341906 0.079874 0.065794
v 0.341906 0.053654 0.065794
v 0.368125 0.053654 0.065794
v 0.051763 0.099867 -0.122873
v 0.051763 0.099867 -0.115782
v 0.051763 0.092776 -0.115782
v 0.051763 0.092776 -0.122873
v 0.077887 0.079973 -0.092459
v 0.077887 0.079973 -0.040122
v 0.156642 0.079973 -0.040122
v 0.156642 0.079973 -0.092459
v 0.030299 0.099867 -0.115755
v 0.030299 0.092776 -0.115755
v 0.023207 0.092776 -0.115755
v 0.023207 0.099867 -0.115755
v -0.265784 0.212206 -0.039725
v -0.265784 0.212206 0.039229
v -0.265784 0.238276 0.039180
v -0.265784 0.238276 -0.039676
v -0.292298 0.079874 0.065794
v -0.318517 0.079874 0.065794
v -0.318517 0.053654 0.065794
v -0.292348 0.053704 0.065794
v 0.368224 0.079849 0.065670
v 0.368224 0.053654 0.065695
v 0.368224 0.053704 0.039527
v 0.368224 0.079874 0.039477
v -0.001807 0.106191 0.065794
v -0.080662 0.106191 0.065794
v -0.080662 0.080170 0.065794
v -0.001807 0.080170 0.065794
v 0.262561 0.106290 0.065695
v 0.262561 0.080071 0.065695
v 0.262561 0.080071 0.039477
v 0.262561 0.106290 0.039477
v 0.043419 0.074679 -0.135169
v 0.043419 0.074679 -0.133101
v 0.038668 0.074679 -0.133101
v 0.038668 0.074679 -0.135169
v 0.043419 0.083183 -0.130923
v 0.038668 0.083183 -0.130923
v 0.038668 0.083183 -0.133075
v 0.043419 0.083183 -0.133075
v -0.160214 -0.184197 -0.092608
v -0.160313 -0.184197 -0.066488
v -0.186432 -0.184197 -0.066389
v -0.186432 -0.184197 -0.092608
v 0.156696 0.079972 0.039576
v 0.156696 0.079972 0.065596
v 0.077841 0.079972 0.065596
v 0.077841 0.079972 0.039576
v -0.160808 0.079280 -0.066290
v -0.265336 0.079527 -0.066290
v -0.265485 -0.052410 -0.066290
v -0.291852 -0.052460 -0.066290
v -0.291704 -0.210119 -0.066290
v -0.186779 -0.210366 -0.066290
v -0.186630 -0.184098 -0.066290
v -0.160660 -0.183652 -0.066290
v -0.107474 0.079972 0.039576
v -0.107474 0.079972 0.065596
v -0.186330 0.079972 0.065596
v -0.186330 0.079972 0.039576
v 0.077887 0.079973 0.039626
v 0.077887 0.079973 0.091963
v 0.156642 0.079973 0.091963
v 0.156642 0.079973 0.039626
v -0.292199 0.053654 0.092112
v -0.292199 0.079874 0.092112
v -0.292199 0.079874 0.065893
v -0.292199 0.053803 0.066042
v 0.368224 0.053406 0.039229
v 0.368224 0.027338 0.039180
v 0.368224 0.027337 -0.039676
v 0.368224 0.053406 -0.039725
v -0.080863 0.000425 0.065498
v -0.080863 -0.025398 0.065498
v -0.080863 -0.025398 -0.065993
v -0.080863 0.000425 -0.065993
v 0.023153 0.085576 -0.115755
v 0.023153 0.078484 -0.115755
v 0.016061 0.078484 -0.115755
v 0.016061 0.085576 -0.115755
v -0.318616 -0.104500 0.066241
v -0.318616 -0.210366 0.066043
v -0.318616 -0.210317 0.091914
v -0.318616 -0.078826 0.091914
v -0.318616 -0.078628 0.065696
v -0.318616 -0.052410 0.065498
v -0.318616 -0.052410 -0.065993
v -0.318616 -0.078628 -0.066191
v -0.318616 -0.078826 -0.092410
v -0.318616 -0.210317 -0.092410
v -0.318616 -0.210366 -0.066538
v -0.318616 -0.104500 -0.066736
v -0.133896 -0.078529 0.065993
v -0.133797 -0.078529 0.092112
v -0.160016 -0.078529 0.092112
v -0.160016 -0.078529 0.065894
v 0.051736 0.064139 -0.094318
v 0.051736 0.057047 -0.094318
v 0.044644 0.057047 -0.094318
v 0.044644 0.064139 -0.094318
v 0.156696 0.079972 -0.066092
v 0.156696 0.079972 -0.040072
v 0.077841 0.079972 -0.040072
v 0.077841 0.079972 -0.066092
v -0.107281 -0.025943 0.065547
v -0.107281 -0.078182 0.065448
v -0.107281 -0.078182 -0.065943
v -0.107281 -0.025943 -0.066042
v -0.292199 0.053307 -0.066042
v -0.292199 -0.025893 -0.066092
v -0.292199 -0.025844 -0.092558
v -0.292199 -0.078380 -0.092558
v -0.292199 -0.078430 -0.066389
v -0.292199 -0.051816 -0.066587
v -0.292199 -0.051816 0.066092
v -0.292199 -0.078430 0.065894
v -0.292199 -0.078380 0.092062
v -0.292199 -0.025844 0.092062
v -0.292199 -0.025893 0.065597
v -0.292199 0.053307 0.065546
v -0.292298 -0.052212 0.065795
v -0.318517 -0.052212 0.065795
v -0.318517 -0.078430 0.065795
v -0.292298 -0.078430 0.065795
v 0.262556 0.080122 -0.040023
v 0.262556 0.106240 -0.040023
v 0.262556 0.106240 -0.092558
v 0.262556 0.080122 -0.092558
v 0.341807 0.079874 0.092112
v 0.341807 0.053654 0.092112
v 0.341807 0.053654 0.065893
v 0.341807 0.079874 0.065893
v 0.341658 0.027140 0.039527
v 0.341708 0.027140 0.065696
v 0.315862 0.027140 0.065324
v 0.315490 0.027140 0.039477
v -0.318715 0.106290 0.039378
v -0.344934 0.106290 0.039378
v -0.344934 0.080072 0.039378
v -0.318715 0.080072 0.039378
v -0.001807 0.080170 0.039378
v -0.080662 0.080170 0.039378
v -0.080662 0.106191 0.039378
v -0.001807 0.106191 0.039378
v -0.318467 0.106240 0.092211
v -0.318517 0.080072 0.092211
v -0.292100 0.080072 0.092211
v -0.292100 0.053654 0.092211
v -0.265820 0.053792 0.092211
v -0.186768 0.080143 0.092211
v -0.186729 0.106587 0.092211
v -0.107083 0.106587 0.092211
v -0.107116 0.080138 0.092211
v -0.081028 0.080138 0.092211
v -0.081061 0.106587 0.092211
v -0.001415 0.106587 0.092211
v -0.001079 0.080425 0.092211
v 0.280514 0.033916 0.092211
v 0.077202 0.079623 0.092211
v 0.077441 0.106587 0.092211
v 0.157088 0.106587 0.092211
v 0.157055 0.080138 0.092211
v 0.183140 0.080138 0.092211
v 0.183107 0.106587 0.092211
v 0.262754 0.106587 0.092211
v 0.262787 0.080204 0.092211
v 0.341807 0.080138 0.092211
v 0.368075 0.080122 0.092211
v 0.366936 0.131519 0.092211
v -0.264544 0.131569 0.092211
v -0.265633 0.106240 0.092211
v -0.160115 -0.078777 -0.066538
v -0.160115 -0.183949 -0.066538
v -0.160115 -0.183949 -0.092459
v -0.160115 -0.078777 -0.092459
v 0.314549 0.027981 -0.092707
v -0.102415 0.027820 -0.092707
v 0.077691 0.079601 -0.092707
v 0.156890 0.079808 -0.092707
v 0.183305 0.079808 -0.092707
v 0.262556 0.079742 -0.092707
v 0.341642 0.079808 -0.092707
v 0.341708 0.053654 -0.092707
v 0.315292 0.053654 -0.092707
v 0.156890 0.080122 -0.040023
v 0.156890 0.106240 -0.040023
v 0.156890 0.106240 -0.092558
v 0.156890 0.080122 -0.092558
v 0.394542 0.079973 -0.066191
v 0.394542 0.079973 -0.039973
v 0.368323 0.079973 -0.039973
v 0.368323 0.079973 -0.066191
v -0.265782 0.106488 0.092112
v -0.265782 0.132708 0.092112
v -0.265782 0.132708 0.065893
v -0.265782 0.106488 0.065893
v -0.001613 0.080122 -0.040023
v -0.001613 0.106240 -0.040023
v -0.001613 0.106240 -0.092558
v -0.001613 0.080122 -0.092558
v -0.107281 0.080122 0.092062
v -0.107281 0.106240 0.092062
v -0.107281 0.106240 0.039527
v -0.107281 0.080122 0.039527
v -0.292003 0.212057 -0.039676
v -0.292003 0.212057 0.039180
v -0.266007 0.212057 0.039155
v -0.266007 0.212057 -0.039651
v 0.043415 0.069692 -0.133071
v 0.043415 0.069692 -0.128749
v 0.038672 0.069692 -0.128749
v 0.038672 0.069692 -0.133071
v 0.262358 0.080171 -0.039874
v 0.183503 0.080171 -0.039874
v 0.183503 0.106191 -0.039874
v 0.262358 0.106191 -0.039874
v 0.038668 0.089380 -0.133101
v 0.043419 0.089380 -0.133101
v 0.043419 0.089380 -0.135169
v 0.038668 0.089380 -0.135169
v -0.344736 -0.210614 -0.065993
v -0.318517 -0.210614 -0.066191
v -0.318319 -0.210614 -0.092410
v -0.186828 -0.210614 -0.092410
v -0.186779 -0.210614 -0.066538
v -0.292645 -0.210614 -0.066736
v -0.292645 -0.210614 0.066241
v -0.186779 -0.210614 0.066043
v -0.186828 -0.210614 0.091914
v -0.318319 -0.210614 0.091914
v -0.318517 -0.210614 0.065696
v -0.344736 -0.210614 0.065498
v 0.368125 0.053456 0.039378
v 0.341906 0.053456 0.039378
v 0.341906 0.027239 0.039378
v 0.368125 0.027239 0.039378
v -0.160314 0.264892 0.013159
v -0.239169 0.264892 0.013159
v -0.239169 0.264892 0.039180
v -0.160314 0.264892 0.039180
v 0.156696 0.106191 -0.039874
v 0.077841 0.106191 -0.039874
v 0.077841 0.080170 -0.039874
v 0.156696 0.080170 -0.039874
v 0.156894 0.106290 0.065695
v 0.156894 0.080071 0.065695
v 0.156894 0.080071 0.039477
v 0.156894 0.106290 0.039477
v -0.107474 0.106389 0.039576
v -0.186330 0.106389 0.039576
v -0.186330 0.106389 0.065596
v -0.107474 0.106389 0.065596
v -0.265980 -0.025497 -0.066290
v -0.292001 -0.025497 -0.066290
v -0.292050 0.053406 -0.066290
v -0.265980 0.053357 -0.066290
v 0.341807 0.027289 0.039527
v 0.341807 0.053456 0.039477
v 0.341807 0.053456 0.065695
v 0.341807 0.027239 0.065696
v -0.069521 0.133101 0.039084
v -0.069521 0.209840 0.039084
v -0.069521 0.209840 -0.039580
v -0.069521 0.133101 -0.039580
v -0.054943 0.158729 -0.066290
v 0.130966 0.158729 -0.066290
v 0.130669 0.238276 -0.066290
v 0.156789 0.238375 -0.066290
v 0.156492 0.211661 -0.066290
v 0.341409 0.211661 -0.066290
v 0.341706 0.185541 -0.066290
v 0.368124 0.185541 -0.066290
v 0.368124 0.159125 -0.066290
v 0.394541 0.159125 -0.066290
v 0.393303 0.134144 -0.066290
v -0.290814 0.134194 -0.066290
v -0.292052 0.185491 -0.066290
v -0.265685 0.185541 -0.066290
v -0.265388 0.211661 -0.066290
v -0.080470 0.211661 -0.066290
v -0.080767 0.238375 -0.066290
v -0.054646 0.238276 -0.066290
v -0.186531 0.106240 0.092062
v -0.186531 0.080122 0.092062
v -0.186531 0.080122 0.039527
v -0.186531 0.106240 0.039527
v 0.058881 0.071311 -0.115782
v 0.051790 0.071311 -0.115782
v 0.051790 0.071311 -0.122873
v 0.058881 0.071311 -0.122873
v -0.080860 0.080071 0.065695
v -0.080860 0.106290 0.065695
v -0.080860 0.106290 0.039477
v -0.080860 0.080071 0.039477
v -0.292199 0.079874 -0.092608
v -0.292199 0.053654 -0.092608
v -0.292199 0.053803 -0.066538
v -0.292199 0.079874 -0.066389
v 0.066026 0.085576 -0.115755
v 0.066026 0.078484 -0.115755
v 0.058935 0.078484 -0.115755
v 0.058935 0.085576 -0.115755
v -0.265881 0.053555 0.065893
v -0.265881 0.053555 0.092112
v -0.292100 0.053555 0.092112
v -0.292001 0.053555 0.065992
v 0.044563 0.057020 -0.094264
v 0.051736 0.057020 -0.094291
v 0.051709 0.057020 -0.087226
v 0.030380 0.057020 -0.087226
v 0.030353 0.057020 -0.094291
v 0.037526 0.057020 -0.094264
v 0.037526 0.057020 -0.115701
v 0.044563 0.057020 -0.115701
v 0.341708 0.053555 0.065893
v 0.341708 0.053555 0.092112
v 0.315490 0.053555 0.092112
v 0.315490 0.053555 0.065893
v -0.001811 0.106191 0.039378
v -0.080665 0.106191 0.039378
v -0.080665 0.080171 0.039378
v -0.001811 0.080171 0.039378
v -0.107474 0.106191 -0.039874
v -0.186330 0.106191 -0.039874
v -0.186330 0.080170 -0.039874
v -0.107474 0.080170 -0.039874
v -0.318814 0.079973 -0.039676
v -0.318814 0.079973 0.039180
v -0.344835 0.079973 0.039180
v -0.344835 0.079973 -0.039676
v 0.262363 0.106191 -0.039874
v 0.183506 0.106191 -0.039874
v 0.183506 0.080170 -0.039874
v 0.262363 0.080170 -0.039874
v -0.186630 0.079973 0.039279
v -0.186729 0.079973 0.065596
v -0.265386 0.079973 0.065398
v -0.265386 0.079973 -0.065894
v -0.186729 0.079973 -0.066092
v -0.186630 0.079973 -0.039775
v -0.160313 0.079973 -0.039676
v -0.160313 0.079973 0.039180
v -0.080863 0.106240 -0.040023
v -0.080863 0.080122 -0.040023
v -0.080863 0.080122 -0.092558
v -0.080863 0.106240 -0.092558
v -0.265782 0.079478 0.065299
v -0.265782 -0.051618 0.065300
v -0.265782 -0.051618 -0.065795
v -0.265782 0.079478 -0.065795
v -0.292100 -0.025695 -0.092608
v -0.292100 -0.025695 -0.066389
v -0.265881 -0.025695 -0.066389
v -0.265881 -0.025695 -0.092608
v 0.156888 0.185442 0.039180
v 0.156888 0.159422 0.039180
v 0.156888 0.159422 -0.039676
v 0.156888 0.185442 -0.039676
v -0.318517 -0.078529 0.065894
v -0.318517 -0.078529 0.092112
v -0.292298 -0.078529 0.092112
v -0.292298 -0.078529 0.065894
v 0.341706 0.185640 0.012862
v 0.341409 0.185640 0.038982
v 0.157383 0.185640 0.038883
v 0.157383 0.185640 -0.039379
v 0.341409 0.185640 -0.039478
v 0.341706 0.185640 -0.013358
v 0.368124 0.185640 -0.013358
v 0.368124 0.185640 0.012862
v 0.023153 0.078430 -0.094318
v 0.023153 0.071338 -0.094318
v 0.016061 0.071338 -0.094318
v 0.016061 0.078430 -0.094318
v 0.044671 0.064166 -0.094372
v 0.044671 0.064166 -0.115809
v 0.037418 0.064166 -0.115809
v 0.037418 0.064166 -0.094372
v 0.030299 0.064166 -0.094345
v 0.030299 0.064166 -0.087199
v 0.023247 0.064166 -0.087239
v 0.023247 0.064166 -0.115688
v 0.030353 0.064166 -0.115728
v 0.030380 0.064166 -0.122846
v 0.051709 0.064166 -0.122846
v 0.051736 0.064166 -0.115728
v 0.058841 0.064166 -0.115688
v 0.058841 0.064166 -0.087239
v 0.051790 0.064166 -0.087199
v 0.051790 0.064166 -0.094345
v 0.368125 0.079973 0.065893
v 0.368125 0.079973 0.092112
v 0.341906 0.079973 0.092112
v 0.341906 0.079973 0.065893
v 0.262363 0.106389 -0.066092
v 0.183506 0.106389 -0.066092
v 0.183506 0.106389 -0.040072
v 0.262363 0.106389 -0.040072
v 0.156696 0.080170 -0.066290
v 0.077841 0.080170 -0.066290
v 0.077841 0.106191 -0.066290
v 0.156696 0.106191 -0.066290
v -0.133599 -0.025695 -0.066389
v -0.133599 -0.025695 -0.092608
v -0.107380 -0.025695 -0.092608
v -0.107479 -0.025695 -0.066488
v 0.394443 0.053555 -0.039676
v 0.394443 0.053555 0.039180
v 0.368373 0.053555 0.039229
v 0.368373 0.053555 -0.039725
v 0.183553 0.079973 0.039626
v 0.183553 0.079973 0.091963
v 0.262308 0.079973 0.091963
v 0.262308 0.079973 0.039626
v 0.043419 0.067316 -0.128732
v 0.038668 0.067316 -0.128732
v 0.038668 0.069679 -0.128732
v 0.043419 0.069679 -0.128732
v 0.030299 0.071311 -0.115782
v 0.023207 0.071311 -0.115782
v 0.023207 0.071311 -0.122873
v 0.030299 0.071311 -0.122873
v 0.341708 0.027041 0.039378
v 0.315490 0.027041 0.039378
v 0.315490 0.000821 0.039378
v 0.341708 0.000821 0.039378
v 0.077441 0.106587 -0.092707
v 0.077267 0.080254 -0.092707
v -0.105979 0.028220 -0.092707
v -0.080752 0.079794 -0.092707
v -0.001415 0.079775 -0.092707
v -0.001017 0.105834 -0.092707
v 0.366712 0.131183 -0.092707
v 0.368075 0.080122 -0.092707
v 0.341807 0.080138 -0.092707
v 0.262787 0.080204 -0.092707
v 0.262754 0.106587 -0.092707
v 0.183107 0.106587 -0.092707
v 0.183140 0.080138 -0.092707
v 0.157055 0.080138 -0.092707
v 0.157088 0.106587 -0.092707
v -0.239268 0.238375 0.039378
v -0.265685 0.238375 0.039378
v -0.265611 0.212230 0.039378
v -0.160413 0.212354 0.039378
v -0.160364 0.264644 0.039378
v -0.239169 0.264694 0.039378
v 0.038672 0.094368 -0.128749
v 0.043415 0.094368 -0.128749
v 0.043415 0.094368 -0.133071
v 0.038672 0.094368 -0.133071
v 0.368223 0.185541 -0.039973
v 0.368223 0.159323 -0.039973
v 0.368223 0.159323 -0.066191
v 0.368223 0.185541 -0.066191
v 0.368026 0.027139 -0.039676
v 0.368026 0.027140 0.039180
v 0.341956 0.027140 0.039229
v 0.341956 0.027139 -0.039725
v -0.186630 -0.184098 -0.092707
v -0.186828 -0.210317 -0.092707
v -0.318121 -0.210119 -0.092707
v -0.318319 -0.078826 -0.092707
v -0.292050 -0.078678 -0.092707
v -0.292050 -0.025844 -0.092707
v -0.265584 -0.025893 -0.092707
v -0.265584 0.053753 -0.092707
v -0.292100 0.053654 -0.092707
v -0.292100 0.080072 -0.092707
v -0.318517 0.080072 -0.092707
v -0.318467 0.106240 -0.092707
v -0.265633 0.106240 -0.092707
v -0.264544 0.131569 -0.092707
v 0.304678 0.131295 -0.092707
v -0.187357 0.107177 -0.092707
v -0.186729 0.079775 -0.092707
v -0.107281 0.079808 -0.092707
v -0.081153 0.079794 -0.092707
v -0.107962 0.027300 -0.092707
v -0.107430 -0.025546 -0.092707
v -0.133847 -0.025546 -0.092707
v -0.133847 -0.078380 -0.092707
v -0.160363 -0.078281 -0.092707
v -0.160363 -0.183949 -0.092707
v 0.394542 0.079874 0.039378
v 0.368323 0.079874 0.039378
v 0.368323 0.053654 0.039378
v 0.394542 0.053654 0.039378
v -0.265980 0.053357 0.065794
v -0.292050 0.053406 0.065794
v -0.292001 -0.025497 0.065795
v -0.265980 -0.025497 0.065795
v 0.262556 0.080122 0.092062
v 0.262556 0.106240 0.092062
v 0.262556 0.106240 0.039527
v 0.262556 0.080122 0.039527
v -0.133599 -0.025695 0.092112
v -0.133599 -0.025695 0.065894
v -0.107479 -0.025695 0.065993
v -0.107380 -0.025695 0.092112
v 0.314599 0.001515 -0.066290
v -0.081656 0.001515 -0.066290
v -0.080962 -0.025596 -0.066290
v -0.107132 -0.025546 -0.066290
v -0.106389 0.026247 -0.066290
v 0.314920 0.026668 -0.066290
v -0.080863 0.106240 0.092062
v -0.080863 0.080122 0.092062
v -0.080863 0.080122 0.039527
v -0.080863 0.106240 0.039527
v 0.183308 0.080071 -0.039973
v 0.183308 0.106290 -0.039973
v 0.183308 0.106290 -0.066191
v 0.183308 0.080071 -0.066191
v 0.262363 0.080170 0.039378
v 0.183506 0.080170 0.039378
v 0.183506 0.106191 0.039378
v 0.262363 0.106191 0.039378
v 0.066026 0.092722 -0.094318
v 0.066026 0.085630 -0.094318
v 0.058935 0.085630 -0.094318
v 0.058935 0.092722 -0.094318
v 0.077643 0.080071 0.065695
v 0.077643 0.106290 0.065695
v 0.077643 0.106290 0.039477
v 0.077643 0.080071 0.039477
v 0.262363 0.080170 -0.066290
v 0.183506 0.080170 -0.066290
v 0.183506 0.106191 -0.066290
v 0.262363 0.106191 -0.066290
v -0.107479 0.106191 -0.039874
v -0.107479 0.080171 -0.039874
v -0.186333 0.080171 -0.039874
v -0.186333 0.106191 -0.039874
v -0.001811 0.080171 -0.039874
v -0.080665 0.080171 -0.039874
v -0.080665 0.106191 -0.039874
v -0.001811 0.106191 -0.039874
v 0.066026 0.078430 -0.094318
v 0.066026 0.071338 -0.094318
v 0.058935 0.071338 -0.094318
v 0.058935 0.078430 -0.094318
v -0.265485 -0.052410 0.065795
v -0.265336 0.079527 0.065794
v -0.160808 0.079280 0.065794
v -0.160660 -0.183652 0.065795
v -0.186630 -0.184098 0.065795
v -0.186779 -0.210366 0.065795
v -0.291704 -0.210119 0.065795
v -0.291852 -0.052460 0.065795
v 0.341904 0.238474 -0.013358
v 0.341904 0.238474 0.012862
v 0.368124 0.238474 0.012862
v 0.368124 0.238474 -0.013358
v 0.066053 0.092722 -0.094291
v 0.066053 0.092695 -0.087226
v 0.066053 0.071365 -0.087226
v 0.066053 0.071338 -0.094291
v 0.066053 0.078511 -0.094264
v 0.066053 0.078511 -0.115701
v 0.066053 0.085549 -0.115701
v 0.066053 0.085549 -0.094264
v -0.292102 0.185640 -0.066191
v -0.292102 0.185640 -0.039973
v -0.265883 0.185640 -0.039973
v -0.265883 0.185640 -0.066191
v 0.156890 0.080122 0.092062
v 0.156890 0.106240 0.092062
v 0.156890 0.106240 0.039527
v 0.156890 0.080122 0.039527
v -0.107430 -0.078380 -0.066290
v -0.133500 -0.078331 -0.066290
v -0.133549 -0.025844 -0.066290
v -0.107430 -0.025844 -0.066290
v 0.051763 0.064139 -0.094291
v 0.051763 0.064139 -0.087199
v 0.051763 0.057047 -0.087199
v 0.051763 0.057047 -0.094291
v 0.394492 0.080122 0.065794
v 0.394492 0.132658 0.065794
v 0.368373 0.132658 0.065794
v 0.368348 0.080097 0.065794
v 0.038677 0.096757 -0.122028
v 0.043410 0.096757 -0.122028
v 0.043410 0.096757 -0.128710
v 0.038677 0.096757 -0.128710
v 0.183553 0.079973 -0.092459
v 0.183553 0.079973 -0.040122
v 0.262308 0.079973 -0.040122
v 0.262308 0.079973 -0.092459
v 0.394492 0.132658 -0.066290
v 0.394492 0.080122 -0.066290
v 0.368348 0.080097 -0.066290
v 0.368373 0.132658 -0.066290
v 0.051790 0.092749 -0.115782
v 0.058881 0.092749 -0.115782
v 0.058881 0.092749 -0.122873
v 0.051790 0.092749 -0.122873
v 0.077639 0.106240 0.092062
v 0.077639 0.080122 0.092062
v 0.077639 0.080122 0.039527
v 0.077639 0.106240 0.039527
v 0.420864 0.185640 -0.013259
v 0.420864 0.185640 0.012763
v 0.342009 0.185640 0.012763
v 0.342009 0.185640 -0.013259
v -0.186333 0.079973 -0.092509
v -0.186432 0.079973 -0.066389
v -0.160016 0.079973 -0.066389
v -0.159966 0.079973 -0.040023
v -0.107479 0.079973 -0.040072
v -0.107529 0.079973 -0.092459
v -0.292100 -0.025695 0.065894
v -0.292100 -0.025695 0.092112
v -0.265881 -0.025695 0.092112
v -0.265881 -0.025695 0.065894
v -0.001807 0.106389 0.039576
v -0.080662 0.106389 0.039576
v -0.080662 0.106389 0.065596
v -0.001807 0.106389 0.065596
v -0.070543 0.132807 -0.040893
v 0.393721 0.132807 -0.040794
v 0.394542 0.132807 -0.066191
v 0.368125 0.132807 -0.066191
v 0.366986 0.132807 -0.091469
v -0.264544 0.132807 -0.091469
v -0.265633 0.132807 -0.066141
v -0.318269 0.132807 -0.065943
v -0.318269 0.132807 0.065447
v -0.265633 0.132807 0.065645
v -0.264544 0.132807 0.090973
v 0.366986 0.132807 0.090973
v 0.368125 0.132807 0.065695
v 0.394542 0.132807 0.065695
v 0.393721 0.132807 0.040298
v -0.070543 0.132807 0.040397
v 0.043432 0.083191 -0.133096
v 0.043432 0.080869 -0.133096
v 0.043432 0.080861 -0.130926
v 0.043432 0.074659 -0.130930
v 0.043432 0.074665 -0.126249
v 0.043432 0.072069 -0.126248
v 0.043432 0.072065 -0.122023
v 0.043432 0.067325 -0.122028
v 0.043432 0.067320 -0.128715
v 0.043432 0.069705 -0.128719
v 0.043432 0.069710 -0.133070
v 0.043432 0.074692 -0.133075
v 0.043432 0.074690 -0.135171
v 0.043432 0.078655 -0.135170
v 0.043432 0.078660 -0.137509
v 0.043432 0.085400 -0.137509
v 0.043432 0.085405 -0.135170
v 0.043432 0.089369 -0.135171
v 0.043432 0.089367 -0.133075
v 0.043432 0.094350 -0.133070
v 0.043432 0.094355 -0.128719
v 0.043432 0.096740 -0.128715
v 0.043432 0.096735 -0.122028
v 0.043432 0.091995 -0.122023
v 0.043432 0.091991 -0.126248
v 0.043432 0.089394 -0.126249
v 0.043432 0.089400 -0.130930
v 0.043432 0.083199 -0.130926
v -0.292397 0.053555 -0.066092
v -0.292397 0.053555 0.065596
v -0.318319 0.053555 0.065497
v -0.318319 0.053555 -0.065993
v -0.001807 0.079972 -0.066092
v -0.001807 0.079972 -0.040072
v -0.080662 0.079972 -0.040072
v -0.080662 0.079972 -0.066092
v 0.023180 0.092776 -0.094345
v 0.023180 0.092776 -0.087199
v 0.023180 0.099827 -0.087239
v 0.023180 0.099827 -0.115688
v 0.023180 0.092722 -0.115728
v 0.023180 0.092695 -0.122846
v 0.023180 0.071365 -0.122846
v 0.023180 0.071338 -0.115728
v 0.023180 0.064233 -0.115688
v 0.023180 0.064233 -0.087239
v 0.023180 0.071284 -0.087199
v 0.023180 0.071284 -0.094345
v 0.023180 0.078403 -0.094372
v 0.023180 0.078403 -0.115809
v 0.023180 0.085657 -0.115809
v 0.023180 0.085657 -0.094372
v -0.239367 0.238573 -0.013556
v -0.239367 0.264793 -0.013556
v -0.239367 0.264793 -0.039775
v -0.239367 0.238573 -0.039775
v -0.133995 -0.184197 -0.065993
v -0.133995 -0.184197 0.065498
v -0.159917 -0.184197 0.065597
v -0.159917 -0.184197 -0.066092
v 0.058935 0.092749 -0.087199
v 0.066026 0.092749 -0.087199
v 0.066026 0.092749 -0.094291
v 0.058935 0.092749 -0.094291
v 0.030380 0.107040 -0.087226
v 0.051709 0.107040 -0.087226
v 0.051736 0.107040 -0.094291
v 0.044563 0.107040 -0.094264
v 0.044563 0.107040 -0.115701
v 0.037526 0.107040 -0.115701
v 0.037526 0.107040 -0.094264
v 0.030353 0.107040 -0.094291
v 0.037472 0.099948 -0.115701
v 0.037472 0.099948 -0.094372
v 0.037472 0.106986 -0.094372
v 0.037472 0.106986 -0.115701
v 0.016034 0.078511 -0.094264
v 0.016034 0.071338 -0.094291
v 0.016034 0.071365 -0.087226
v 0.016034 0.092695 -0.087226
v 0.016034 0.092722 -0.094291
v 0.016034 0.085549 -0.094264
v 0.016034 0.085549 -0.115701
v 0.016034 0.078511 -0.115701
v 0.058962 0.085603 -0.094372
v 0.065999 0.085603 -0.094372
v 0.065999 0.085603 -0.115701
v 0.058962 0.085603 -0.115701
v -0.107430 -0.025844 0.065795
v -0.133549 -0.025844 0.065795
v -0.133500 -0.078331 0.065795
v -0.107430 -0.078380 0.065795
v 0.030326 0.099921 -0.094291
v 0.030326 0.099921 -0.087199
v 0.030326 0.107013 -0.087199
v 0.030326 0.107013 -0.094291
v 0.368125 0.079973 -0.092608
v 0.368125 0.079973 -0.066389
v 0.341906 0.079973 -0.066389
v 0.341906 0.079973 -0.092608
v 0.023207 0.092749 -0.115782
v 0.030299 0.092749 -0.115782
v 0.030299 0.092749 -0.122873
v 0.023207 0.092749 -0.122873
v 0.023153 0.092722 -0.094318
v 0.023153 0.085630 -0.094318
v 0.016061 0.085630 -0.094318
v 0.016061 0.092722 -0.094318
v 0.315391 0.027238 -0.092608
v 0.315391 0.053456 -0.092608
v 0.315391 0.053456 -0.066389
v 0.315391 0.027238 -0.066389
v 0.030326 0.057047 -0.094291
v 0.030326 0.057047 -0.087199
v 0.030326 0.064139 -0.087199
v 0.030326 0.064139 -0.094291
v 0.315862 0.027611 0.065795
v 0.341708 0.027239 0.065795
v 0.341708 0.053456 0.065794
v 0.315490 0.053456 0.065794
v -0.318864 -0.210366 -0.066290
v -0.344785 -0.210366 -0.066290
v -0.344785 -0.105194 -0.066290
v -0.318864 -0.105194 -0.066290
v 0.043419 0.096744 -0.128732
v 0.043419 0.094381 -0.128732
v 0.038668 0.094381 -0.128732
v 0.038668 0.096744 -0.128732
v 0.044617 0.064112 -0.115701
v 0.044617 0.064112 -0.094372
v 0.044617 0.057074 -0.094372
v 0.044617 0.057074 -0.115701
v -0.001613 0.080122 0.092062
v -0.001613 0.106240 0.092062
v -0.001613 0.106240 0.039527
v -0.001613 0.080122 0.039527
v 0.315239 0.212206 -0.013457
v 0.262705 0.212206 -0.013457
v 0.262705 0.238325 -0.013457
v 0.315277 0.238363 -0.013457
v 0.315512 0.238474 0.013085
v 0.315487 0.238474 0.039279
v 0.341706 0.238474 0.039279
v 0.341706 0.238474 0.013060
v 0.315391 0.000821 0.039477
v 0.315391 0.027041 0.039477
v 0.315391 0.027041 0.065696
v 0.315391 0.000821 0.065696
v 0.065999 0.078457 -0.115701
v 0.065999 0.078457 -0.094372
v 0.058962 0.078457 -0.094372
v 0.058962 0.078457 -0.115701
v 0.030353 0.092722 -0.122900
v 0.030380 0.099840 -0.122900
v 0.051709 0.099840 -0.122900
v 0.051736 0.092722 -0.122900
v 0.058854 0.092695 -0.122900
v 0.058854 0.071365 -0.122900
v 0.051736 0.071338 -0.122900
v 0.051709 0.064220 -0.122900
v 0.030380 0.064220 -0.122900
v 0.030353 0.071338 -0.122900
v 0.023234 0.071365 -0.122900
v 0.023234 0.092695 -0.122900
v 0.368100 0.079849 -0.066290
v 0.368125 0.053654 -0.066290
v 0.341906 0.053654 -0.066290
v 0.341906 0.079874 -0.066290
v 0.023153 0.071311 -0.087199
v 0.016061 0.071311 -0.087199
v 0.016061 0.071311 -0.094291
v 0.023153 0.071311 -0.094291
v 0.156692 0.080171 -0.039874
v 0.077837 0.080171 -0.039874
v 0.077837 0.106191 -0.039874
v 0.156692 0.106191 -0.039874
v -0.292298 -0.078430 -0.066290
v -0.318517 -0.078430 -0.066290
v -0.318517 -0.052212 -0.066290
v -0.292298 -0.052212 -0.066290
v 0.420864 0.159422 0.012961
v 0.342009 0.159422 0.012961
v 0.342009 0.185442 0.012961
v 0.420864 0.185442 0.012961
v -0.318864 -0.105194 0.065795
v -0.344785 -0.105194 0.065795
v -0.344785 -0.210366 0.065795
v -0.318864 -0.210366 0.065795
v 0.044590 0.064139 -0.115755
v 0.044590 0.057047 -0.115755
v 0.037499 0.057047 -0.115755
v 0.037499 0.064139 -0.115755
v 0.368125 0.027238 -0.039874
v 0.341906 0.027238 -0.039874
v 0.341906 0.053456 -0.039874
v 0.368125 0.053456 -0.039874
v 0.368125 0.053555 -0.066191
v 0.368075 0.053555 -0.040023
v 0.341906 0.053555 -0.039973
v 0.341906 0.053555 -0.066191
v 0.156692 0.106191 0.039378
v 0.077837 0.106191 0.039378
v 0.077837 0.080171 0.039378
v 0.156692 0.080171 0.039378
v 0.030299 0.071284 -0.115755
v 0.030299 0.064193 -0.115755
v 0.023207 0.064193 -0.115755
v 0.023207 0.071284 -0.115755
v 0.044590 0.107013 -0.115755
v 0.044590 0.099921 -0.115755
v 0.037499 0.099921 -0.115755
v 0.037499 0.107013 -0.115755
v 0.058881 0.071284 -0.115755
v 0.058881 0.064193 -0.115755
v 0.051790 0.064193 -0.115755
v 0.051790 0.071284 -0.115755
v -0.107281 0.080122 -0.040023
v -0.107281 0.106240 -0.040023
v -0.107281 0.106240 -0.092558
v -0.107281 0.080122 -0.092558
v 0.037472 0.057074 -0.115701
v 0.037472 0.057074 -0.094372
v 0.037472 0.064112 -0.094372
v 0.037472 0.064112 -0.115701
v 0.058881 0.099867 -0.115755
v 0.058881 0.092776 -0.115755
v 0.051790 0.092776 -0.115755
v 0.051790 0.099867 -0.115755
v 0.341906 0.053555 0.065695
v 0.341906 0.053555 0.039477
v 0.368075 0.053555 0.039527
v 0.368125 0.053555 0.065695
v 0.341807 0.027238 -0.066191
v 0.341807 0.053456 -0.066191
v 0.341807 0.053456 -0.039973
v 0.341807 0.027288 -0.040023
v -0.265931 0.106389 0.065943
v -0.318467 0.106389 0.065943
v -0.318467 0.106389 0.092062
v -0.265931 0.106389 0.092062
v 0.038672 0.072082 -0.126218
v 0.038672 0.072082 -0.122023
v 0.043415 0.072082 -0.122023
v 0.043415 0.072082 -0.126218
v 0.419997 0.209069 0.039378
v -0.068456 0.209069 0.039378
v -0.068456 0.133872 0.039378
v 0.419997 0.133872 0.039378
v -0.292298 0.079874 -0.066290
v -0.292348 0.053704 -0.066290
v -0.318517 0.053654 -0.066290
v -0.318517 0.079874 -0.066290
v -0.107529 0.106389 0.039626
v -0.107529 0.106389 0.091963
v -0.186283 0.106389 0.091963
v -0.186283 0.106389 0.039626
v 0.262308 0.106389 -0.092459
v 0.262308 0.106389 -0.040122
v 0.183553 0.106389 -0.040122
v 0.183553 0.106389 -0.092459
v -0.186531 -0.184296 0.092112
v -0.186531 -0.210515 0.092112
v -0.186531 -0.210515 0.065894
v -0.186531 -0.184296 0.065894
v -0.080866 0.212354 0.065497
v -0.080866 0.238177 0.065497
v -0.080866 0.238177 -0.065993
v -0.080866 0.212354 -0.065993
v 0.023126 0.078457 -0.094372
v 0.016088 0.078457 -0.094372
v 0.016088 0.078457 -0.115701
v 0.023126 0.078457 -0.115701
v -0.133946 -0.183949 0.065795
v -0.133896 -0.078727 0.065795
v -0.159867 -0.078777 0.065795
v -0.159867 -0.183949 0.065795
v 0.368223 0.238325 0.012812
v 0.368223 0.185789 0.012812
v 0.368223 0.185789 -0.013308
v 0.368223 0.238325 -0.013308
v -0.160115 -0.078777 0.091963
v -0.160115 -0.183949 0.091963
v -0.160115 -0.183949 0.066043
v -0.160115 -0.078777 0.066043
v 0.038668 0.080890 -0.133088
v 0.043419 0.080890 -0.133088
v 0.043419 0.083170 -0.133088
v 0.038668 0.083170 -0.133088
v 0.043410 0.067303 -0.128710
v 0.043410 0.067303 -0.122028
v 0.038677 0.067303 -0.122028
v 0.038677 0.067303 -0.128710
v 0.038655 0.074659 -0.130930
v 0.038655 0.080861 -0.130926
v 0.038655 0.080869 -0.133096
v 0.038655 0.083191 -0.133096
v 0.038655 0.083199 -0.130926
v 0.038655 0.089400 -0.130930
v 0.038655 0.089394 -0.126249
v 0.038655 0.091991 -0.126248
v 0.038655 0.091995 -0.122023
v 0.038655 0.096735 -0.122028
v 0.038655 0.096740 -0.128715
v 0.038655 0.094355 -0.128719
v 0.038655 0.094350 -0.133070
v 0.038655 0.089367 -0.133075
v 0.038655 0.089369 -0.135171
v 0.038655 0.085405 -0.135170
v 0.038655 0.085400 -0.137509
v 0.038655 0.078660 -0.137509
v 0.038655 0.078655 -0.135170
v 0.038655 0.074690 -0.135171
v 0.038655 0.074692 -0.133075
v 0.038655 0.069710 -0.133070
v 0.038655 0.069705 -0.128719
v 0.038655 0.067320 -0.128715
v 0.038655 0.067325 -0.122028
v 0.038655 0.072065 -0.122023
v 0.038655 0.072069 -0.126248
v 0.038655 0.074665 -0.126249
v 0.043415 0.091978 -0.122023
v 0.038672 0.091978 -0.122023
v 0.038672 0.091978 -0.126218
v 0.043415 0.091978 -0.126218
v 0.016088 0.085603 -0.094372
v 0.023126 0.085603 -0.094372
v 0.023126 0.085603 -0.115701
v 0.016088 0.085603 -0.115701
v -0.080615 0.079973 -0.092459
v -0.080615 0.079973 -0.040122
v -0.001861 0.079973 -0.040122
v -0.001861 0.079973 -0.092459
v 0.368224 0.080122 -0.092558
v 0.368224 0.132658 -0.092558
v 0.368224 0.132658 -0.066439
v 0.368224 0.080097 -0.066414
v 0.341805 0.238363 0.013072
v 0.341805 0.238375 0.039279
v 0.341805 0.211958 0.039279
v 0.341805 0.211958 0.065695
v 0.341805 0.185789 0.065645
v 0.341805 0.185838 0.013159
v 0.038673 0.074679 -0.126253
v 0.043414 0.074679 -0.126253
v 0.043414 0.074679 -0.130892
v 0.038673 0.074679 -0.130892
v 0.156642 0.106389 0.039626
v 0.156642 0.106389 0.091963
v 0.077887 0.106389 0.091963
v 0.077887 0.106389 0.039626
v -0.068453 0.210134 0.038310
v 0.419994 0.210134 0.038310
v 0.419994 0.210134 -0.038806
v -0.068453 0.210134 -0.038806
v 0.420864 0.159224 -0.013259
v 0.342009 0.159224 -0.013259
v 0.342009 0.159224 0.012763
v 0.420864 0.159224 0.012763
v 0.016061 0.092749 -0.087199
v 0.023153 0.092749 -0.087199
v 0.023153 0.092749 -0.094291
v 0.016061 0.092749 -0.094291
v 0.262308 0.106389 0.039626
v 0.262308 0.106389 0.091963
v 0.183553 0.106389 0.091963
v 0.183553 0.106389 0.039626
v 0.043410 0.078665 -0.137526
v 0.038677 0.078665 -0.137526
v 0.038677 0.085395 -0.137526
v 0.043410 0.085395 -0.137526
v 0.043416 0.085433 -0.135182
v 0.038671 0.085433 -0.135182
v 0.038671 0.089364 -0.135182
v 0.043416 0.089364 -0.135182
vn 0.0001 -0.7071 -0.7071
vn 0.0001 0.7071 -0.7071
vn -0.8165 0.4083 -0.4083
vn -0.8165 -0.4083 -0.4083
vn 0.8165 -0.4082 -0.4082
vn 0.8165 0.4082 -0.4082
vn 0.0001 0.7071 0.7071
vn -0.8165 0.4083 0.4083
vn 0.8165 0.4082 0.4082
vn 0.0001 -0.7071 0.7071
vn -0.8165 -0.4083 0.4083
vn 0.8165 -0.4082 0.4082
vn -0.7072 -0.7070 -0.0000
vn 0.7072 -0.7070 -0.0000
vn 0.4083 -0.4082 -0.8165
vn -0.4083 -0.4082 -0.8165
vn -0.4083 -0.4082 0.8165
vn 0.4083 -0.4082 0.8165
vn 0.7072 0.7070 -0.0000
vn 0.4083 0.4083 -0.8164
vn 0.4083 0.4083 0.8164
vn -0.7072 0.7070 -0.0000
vn -0.4083 0.4083 -0.8164
vn -0.4083 0.4083 0.8164
vn -0.0000 0.7071 -0.7071
vn -0.0000 -0.7071 -0.7071
vn -0.8165 -0.4083 -0.4082
vn -0.0000 -0.7071 0.7071
vn -0.8165 -0.4083 0.4082
vn -0.0000 0.7071 0.7071
vn -0.0001 -0.7071 -0.7072
vn -0.0001 0.7071 -0.7071
vn -0.8165 0.4082 -0.4083
vn -0.8166 -0.4081 -0.4083
vn 0.8165 -0.4082 -0.4083
vn 0.8164 0.4083 -0.4083
vn -0.0001 0.7071 0.7071
vn -0.8165 0.4082 0.4082
vn 0.8164 0.4083 0.4083
vn -0.0001 -0.7070 0.7072
vn -0.8166 -0.4081 0.4082
vn 0.8165 -0.4082 0.4083
vn 0.7071 -0.0000 0.7071
vn 0.7071 -0.0000 -0.7071
vn 0.4082 -0.8165 -0.4083
vn 0.4082 -0.8165 0.4083
vn 0.4082 0.8165 0.4082
vn 0.4082 0.8165 -0.4082
vn -0.7071 -0.0000 -0.7071
vn -0.4082 -0.8165 -0.4083
vn -0.4082 0.8165 -0.4082
vn -0.7071 -0.0000 0.7071
vn -0.4082 -0.8165 0.4083
vn -0.4082 0.8165 0.4082
vn -0.7083 -0.7059 -0.0000
vn 0.7083 -0.7059 -0.0000
vn 0.4088 -0.4069 -0.8169
vn -0.4088 -0.4069 -0.8169
vn -0.4088 -0.4069 0.8169
vn 0.4088 -0.4069 0.8169
vn 0.7057 0.7085 -0.0000
vn 0.4075 0.4096 -0.8162
vn 0.4075 0.4096 0.8162
vn -0.7057 0.7085 -0.0000
vn -0.4075 0.4096 -0.8162
vn -0.4075 0.4096 0.8162
vn 0.7077 0.7066 -0.0000
vn 0.7754 0.6315 -0.0000
vn 0.4012 0.3241 0.8568
vn 0.1711 -0.3914 0.9042
vn 0.1711 -0.3914 -0.9042
vn 0.4012 0.3241 -0.8568
vn 0.3275 -0.9449 -0.0000
vn -0.4219 0.3845 0.8211
vn -0.4219 0.3845 -0.8211
vn -0.3238 -0.9461 -0.0000
vn -0.3604 -0.4090 0.8383
vn -0.3604 -0.4090 -0.8383
vn -0.0382 0.9993 -0.0000
vn 0.1647 0.3444 0.9243
vn 0.1647 0.3444 -0.9243
vn -0.7080 0.7062 -0.0000
vn -0.4098 0.4077 0.8160
vn -0.4098 0.4077 -0.8160
vn -0.7078 0.7064 -0.0000
vn -0.0972 -0.1892 0.9771
vn -0.0972 -0.1892 -0.9771
vn 0.4083 -0.8165 -0.4082
vn 0.4083 -0.8165 0.4082
vn 0.4083 0.8165 0.4082
vn 0.4083 0.8165 -0.4082
vn -0.7070 -0.0000 -0.7072
vn -0.4082 -0.8166 -0.4082
vn -0.4082 0.8166 -0.4082
vn -0.7070 -0.0000 0.7072
vn -0.4082 -0.8166 0.4082
vn -0.4082 0.8166 0.4082
vn -0.0001 0.7074 -0.7069
vn 0.8167 -0.4081 -0.4081
vn 0.8164 0.4085 -0.4081
vn -0.8165 0.4084 -0.4081
vn -0.8166 -0.4082 -0.4081
vn 0.0001 -0.7069 0.7073
vn 0.8165 -0.4081 0.4085
vn -0.8164 -0.4082 0.4085
vn 0.8165 0.4083 0.4082
vn -0.7070 -0.7072 -0.0003
vn -0.7071 0.7071 -0.0003
vn -0.4085 0.4083 0.8163
vn -0.4086 -0.4084 0.8163
vn -0.4081 -0.4083 -0.8165
vn -0.4081 0.4082 -0.8166
vn 0.7071 0.7071 -0.0003
vn 0.4085 0.4083 0.8163
vn 0.4081 0.4082 -0.8166
vn 0.7070 -0.7072 -0.0003
vn 0.4086 -0.4084 0.8163
vn 0.4081 -0.4083 -0.8165
vn -0.8165 -0.4082 0.4082
vn -0.7070 0.0001 -0.7072
vn 0.7070 0.0001 -0.7072
vn 0.4083 0.8164 -0.4083
vn -0.4083 0.8164 -0.4083
vn -0.4083 -0.8164 -0.4084
vn 0.4083 -0.8164 -0.4084
vn 0.7070 0.0001 0.7072
vn 0.4083 0.8164 0.4083
vn 0.4083 -0.8164 0.4084
vn -0.7070 0.0001 0.7072
vn -0.4083 0.8164 0.4083
vn -0.4083 -0.8164 0.4084
vn 0.4082 -0.8165 -0.4082
vn 0.4082 -0.8165 0.4082
vn -0.4082 -0.8165 -0.4082
vn -0.4082 0.8165 -0.4083
vn -0.4082 -0.8165 0.4082
vn -0.0000 -0.7054 0.7089
vn -0.0000 -0.7079 -0.7063
vn -0.8168 -0.4085 -0.4073
vn -0.8166 -0.4068 0.4095
vn 0.8166 -0.4068 0.4095
vn 0.8168 -0.4085 -0.4073
vn -0.0000 -0.7079 0.7063
vn -0.8168 -0.4085 0.4073
vn 0.8168 -0.4085 0.4073
vn -0.0000 -0.7053 -0.7089
vn -0.8166 -0.4068 -0.4095
vn 0.8166 -0.4068 -0.4095
vn -0.0000 0.7081 -0.7061
vn -0.8163 0.4092 -0.4077
vn 0.8163 0.4091 -0.4077
vn -0.0000 0.7081 0.7061
vn -0.8163 0.4092 0.4077
vn 0.8163 0.4091 0.4077
vn 0.7066 -0.0000 0.7076
vn 0.7086 -0.0000 0.7056
vn 0.4088 -0.8172 0.4063
vn 0.4078 -0.8165 0.4087
vn 0.4078 0.8165 0.4087
vn 0.4088 0.8172 0.4063
vn 0.7048 -0.0000 -0.7094
vn 0.4068 -0.8163 -0.4102
vn 0.4068 0.8163 -0.4102
vn -0.7069 -0.0000 -0.7073
vn -0.4083 -0.8163 -0.4085
vn -0.4083 0.8163 -0.4086
vn -0.7080 -0.0000 0.7062
vn -0.4089 -0.8165 0.4075
vn -0.4089 0.8165 0.4076
vn 0.7055 -0.0000 0.7087
vn 0.4069 -0.8166 0.4093
vn 0.4069 0.8166 0.4093
vn -0.0000 -0.7065 -0.7077
vn -0.0000 0.7078 -0.7064
vn -0.8163 0.4089 -0.4079
vn -0.8167 -0.4076 -0.4085
vn 0.8167 -0.4075 -0.4085
vn 0.8163 0.4089 -0.4079
vn -0.0000 0.7078 0.7064
vn -0.8163 0.4089 0.4079
vn 0.8163 0.4089 0.4079
vn -0.0000 -0.7065 0.7077
vn -0.8167 -0.4076 0.4085
vn 0.8167 -0.4075 0.4085
vn -0.8165 0.4083 0.4082
vn 0.8165 -0.4083 0.4082
vn 0.8165 -0.4083 -0.4082
vn -0.8165 0.4083 -0.4082
vn 0.8165 0.4083 -0.4082
vn -0.7072 0.7071 -0.0000
vn -0.7071 -0.7072 -0.0000
vn -0.4083 -0.4083 -0.8164
vn -0.4082 0.4082 -0.8165
vn -0.4082 0.4082 0.8165
vn -0.4083 -0.4083 0.8164
vn 0.7071 -0.7072 -0.0000
vn 0.4083 -0.4083 -0.8164
vn 0.4083 -0.4083 0.8164
vn 0.7072 0.7071 -0.0000
vn 0.4082 0.4082 -0.8165
vn 0.4082 0.4082 0.8165
vn 0.7032 -0.0000 -0.7110
vn -0.7076 -0.0000 -0.7066
vn -0.4088 -0.8164 -0.4080
vn 0.4058 -0.8160 -0.4116
vn 0.4058 0.8160 -0.4116
vn -0.4088 0.8164 -0.4080
vn -0.7076 -0.0000 0.7066
vn -0.4088 -0.8164 0.4080
vn -0.4088 0.8164 0.4080
vn 0.7032 -0.0000 0.7110
vn 0.4058 -0.8160 0.4116
vn 0.4058 0.8160 0.4116
vn 0.7092 -0.0000 -0.7050
vn 0.4087 -0.8177 -0.4055
vn 0.4087 0.8176 -0.4055
vn 0.7068 -0.0000 -0.7074
vn 0.4080 -0.8165 -0.4085
vn 0.4080 0.8165 -0.4085
vn 0.7068 -0.0000 0.7074
vn 0.4080 -0.8165 0.4085
vn 0.4080 0.8165 0.4085
vn 0.7092 -0.0000 0.7050
vn 0.4087 -0.8177 0.4055
vn 0.4087 0.8176 0.4055
vn -0.7066 -0.0000 -0.7076
vn -0.7112 -0.0000 -0.7030
vn -0.4091 -0.8190 -0.4024
vn -0.4078 -0.8165 -0.4087
vn -0.4078 0.8165 -0.4087
vn -0.4091 0.8190 -0.4024
vn -0.7001 -0.0000 0.7140
vn -0.4036 -0.8160 0.4137
vn -0.4036 0.8160 0.4137
vn 0.7077 -0.0000 0.7066
vn 0.4088 -0.8164 0.4080
vn 0.4088 0.8164 0.4080
vn 0.7077 -0.0000 -0.7066
vn 0.4088 -0.8164 -0.4080
vn 0.4088 0.8164 -0.4080
vn -0.7001 -0.0000 -0.7140
vn -0.4036 -0.8160 -0.4137
vn -0.4036 0.8160 -0.4137
vn -0.7112 -0.0000 0.7030
vn -0.4091 -0.8190 0.4024
vn -0.4091 0.8190 0.4024
vn -0.7066 -0.0000 0.7076
vn -0.4078 -0.8165 0.4087
vn -0.4078 0.8165 0.4087
vn -0.7059 -0.0000 0.7083
vn -0.4074 -0.8165 0.4091
vn -0.4074 0.8165 0.4091
vn -0.4083 -0.8165 0.4083
vn -0.4083 0.8165 0.4082
vn -0.4083 -0.8165 -0.4083
vn -0.4083 0.8165 -0.4082
vn -0.7059 -0.0000 -0.7083
vn -0.4074 -0.8165 -0.4091
vn -0.4074 0.8165 -0.4091
vn 0.7056 -0.0000 -0.7086
vn 0.4083 0.8165 0.4083
vn 0.4064 0.8172 -0.4088
vn 0.4064 -0.8172 -0.4088
vn 0.4083 -0.8165 0.4083
vn -0.7086 -0.0000 0.7056
vn -0.4088 0.8172 0.4064
vn -0.4088 -0.8172 0.4064
vn -0.4089 0.8158 -0.4089
vn -0.4089 -0.8158 -0.4089
vn -0.7071 -0.7071 -0.0000
vn 0.7071 -0.7071 -0.0000
vn 0.4082 -0.4083 -0.8165
vn -0.4082 -0.4083 -0.8165
vn -0.4082 -0.4083 0.8165
vn 0.4082 -0.4083 0.8165
vn 0.7071 0.7071 -0.0000
vn -0.7071 0.7071 -0.0000
vn 0.8168 -0.4086 0.4073
vn -0.8168 -0.4086 0.4073
vn -0.0000 0.7063 -0.7079
vn 0.8168 0.4073 -0.4086
vn -0.8168 0.4073 -0.4086
vn 0.8161 -0.4086 -0.4086
vn -0.8161 -0.4087 -0.4087
vn -0.0001 -0.7059 0.7083
vn -0.0001 -0.7059 -0.7083
vn -0.8169 -0.4069 -0.4087
vn -0.8169 -0.4069 0.4087
vn 0.8169 -0.4070 0.4087
vn 0.8169 -0.4070 -0.4087
vn -0.0000 0.7086 -0.7057
vn -0.8162 0.4097 -0.4075
vn 0.8162 0.4097 -0.4075
vn -0.0000 0.7086 0.7057
vn -0.8162 0.4097 0.4075
vn 0.8162 0.4097 0.4075
vn 0.4083 -0.8165 -0.4083
vn 0.4083 0.8165 -0.4083
vn -0.4083 -0.8165 -0.4082
vn -0.4083 0.8165 -0.4083
vn -0.4083 -0.8165 0.4082
vn -0.4083 0.8165 0.4083
vn -0.8165 -0.4082 -0.4082
vn -0.8165 0.4082 -0.4082
vn -0.0000 -0.7076 0.7066
vn -0.0000 -0.7107 0.7035
vn -0.8164 -0.4108 0.4057
vn -0.8165 -0.4087 0.4079
vn 0.8164 -0.4087 0.4079
vn 0.8164 -0.4108 0.4057
vn -0.0000 -0.7102 -0.7040
vn -0.8160 -0.4109 -0.4064
vn 0.8160 -0.4110 -0.4064
vn -0.0000 0.7049 -0.7093
vn -0.8176 0.4054 -0.4089
vn 0.8176 0.4054 -0.4089
vn -0.8165 0.4092 -0.4073
vn 0.8165 0.4091 -0.4073
vn -0.0000 0.7095 -0.7047
vn -0.8165 0.4100 -0.4065
vn 0.8165 0.4099 -0.4065
vn 0.8165 0.4082 -0.4083
vn -0.0000 -0.7095 -0.7047
vn -0.8165 -0.4100 -0.4065
vn 0.8165 -0.4099 -0.4065
vn -0.0000 -0.7081 -0.7061
vn -0.8165 -0.4092 -0.4073
vn 0.8165 -0.4091 -0.4073
vn -0.0000 -0.7049 -0.7093
vn -0.8176 -0.4054 -0.4089
vn 0.8176 -0.4054 -0.4089
vn -0.0000 0.7102 -0.7040
vn -0.8160 0.4109 -0.4064
vn 0.8160 0.4110 -0.4064
vn -0.0000 0.7107 0.7035
vn -0.8164 0.4108 0.4057
vn 0.8164 0.4108 0.4057
vn -0.0000 0.7076 0.7066
vn -0.8165 0.4087 0.4079
vn 0.8164 0.4087 0.4079
vn -0.0000 0.7048 0.7095
vn -0.8165 0.4065 0.4099
vn 0.8165 0.4065 0.4099
vn -0.0000 -0.7048 0.7095
vn -0.8165 -0.4065 0.4099
vn 0.8165 -0.4065 0.4099
vn 0.7071 -0.0001 -0.7071
vn -0.7071 -0.0001 -0.7071
vn -0.7071 -0.0001 0.7071
vn 0.7071 -0.0001 0.7071
vn 0.7073 -0.0000 -0.7069
vn -0.7070 -0.0000 -0.7073
vn -0.4081 -0.8165 -0.4083
vn 0.4085 -0.8165 -0.4081
vn 0.4085 0.8164 -0.4081
vn -0.4081 0.8165 -0.4084
vn -0.7070 -0.0000 0.7073
vn -0.4081 -0.8165 0.4083
vn -0.4081 0.8165 0.4084
vn 0.7073 -0.0000 0.7069
vn 0.4085 -0.8165 0.4081
vn 0.4085 0.8164 0.4081
vn -0.7079 -0.7064 -0.0000
vn -0.7073 0.7070 -0.0000
vn -0.4086 0.4084 0.8163
vn -0.4087 -0.4076 0.8166
vn -0.4087 -0.4076 -0.8166
vn -0.4086 0.4084 -0.8163
vn 0.7052 0.7091 -0.0000
vn 0.4069 0.4098 0.8164
vn 0.4069 0.4098 -0.8164
vn 0.4087 -0.4068 0.8170
vn 0.4087 -0.4068 -0.8170
vn 0.7061 -0.7081 -0.0000
vn 0.4074 -0.4092 0.8165
vn 0.4074 -0.4092 -0.8165
vn 0.7044 -0.7098 -0.0000
vn 0.4062 -0.4101 0.8166
vn 0.4062 -0.4101 -0.8166
vn 0.4082 -0.4082 -0.8165
vn 0.4082 -0.4082 0.8165
vn 0.4083 -0.4083 0.8165
vn 0.7142 -0.6999 -0.0000
vn 0.4106 -0.3996 -0.8196
vn 0.4106 -0.3996 0.8196
vn 0.6979 0.7162 -0.0000
vn 0.4031 0.4164 -0.8149
vn 0.4031 0.4164 0.8149
vn -0.6883 0.7255 -0.0000
vn -0.3958 0.4221 -0.8155
vn -0.3958 0.4221 0.8155
vn -0.7171 -0.6969 -0.0000
vn -0.4089 -0.3924 -0.8239
vn -0.4089 -0.3924 0.8239
vn -0.7035 -0.7107 -0.0000
vn -0.4051 -0.4115 -0.8165
vn -0.4051 -0.4115 0.8165
vn -0.6985 -0.7156 -0.0000
vn -0.4022 -0.4142 -0.8165
vn -0.4022 -0.4142 0.8165
vn -0.4083 0.4083 0.8165
vn -0.4082 -0.4082 -0.8165
vn -0.4082 0.4083 -0.8165
vn 0.4082 0.4083 0.8165
vn 0.4082 0.4083 -0.8165
vn 0.7059 -0.7083 -0.0000
vn 0.4068 -0.4087 -0.8170
vn -0.4088 -0.4088 -0.8159
vn -0.4088 -0.4088 0.8159
vn 0.4068 -0.4087 0.8170
vn -0.7083 0.7059 -0.0000
vn -0.4087 0.4068 -0.8170
vn -0.4087 0.4068 0.8170
vn 0.8168 -0.4086 -0.4073
vn -0.8168 -0.4086 -0.4073
vn 0.8161 -0.4086 0.4086
vn -0.8161 -0.4087 0.4087
vn -0.0000 0.7063 0.7079
vn 0.8168 0.4073 0.4086
vn -0.8168 0.4073 0.4086
vn -0.0000 0.7091 -0.7051
vn 0.8165 0.4083 -0.4083
vn 0.8165 0.4101 -0.4064
vn -0.8165 0.4101 -0.4064
vn -0.0000 -0.7073 -0.7069
vn 0.8166 -0.4083 -0.4080
vn -0.8166 -0.4083 -0.4080
vn -0.0000 -0.9233 0.3840
vn 0.9429 -0.2364 -0.2346
vn -0.9429 -0.2365 -0.2347
vn 0.0001 -0.9236 0.3834
vn 0.8339 -0.4881 0.2575
vn -0.8339 -0.4882 0.2575
vn -0.0000 -0.7070 -0.7072
vn 0.8166 -0.4080 -0.4083
vn -0.8165 -0.4081 -0.4083
vn -0.0000 -0.3830 -0.9238
vn 0.9431 0.2351 -0.2351
vn -0.9431 0.2351 -0.2351
vn -0.0000 -0.9271 0.3747
vn 0.9428 -0.2380 0.2334
vn -0.9428 -0.2380 0.2334
vn -0.0000 -0.7096 0.7046
vn 0.8173 -0.4094 0.4056
vn -0.8173 -0.4094 0.4056
vn -0.0000 0.7091 0.7051
vn 0.8165 0.4101 0.4064
vn -0.8165 0.4101 0.4064
vn -0.0000 0.7119 0.7023
vn 0.8165 0.4117 0.4048
vn -0.8165 0.4117 0.4048
vn -0.0000 0.7119 -0.7023
vn 0.8165 0.4117 -0.4048
vn -0.8165 0.4117 -0.4048
vn 0.7055 -0.0000 -0.7087
vn 0.4064 0.8171 0.4089
vn 0.4064 0.8171 -0.4089
vn 0.4064 -0.8171 -0.4089
vn 0.4064 -0.8171 0.4089
vn -0.7090 -0.0000 0.7052
vn -0.4101 0.8161 0.4072
vn -0.4101 -0.8161 0.4072
vn -0.7090 -0.0000 -0.7052
vn -0.4101 0.8161 -0.4072
vn -0.4101 -0.8161 -0.4072
vn 0.7076 -0.0000 0.7067
vn 0.4087 0.8164 0.4080
vn 0.4087 -0.8164 0.4080
vn -0.7128 -0.0000 0.7013
vn -0.4099 0.8192 0.4012
vn -0.4099 -0.8192 0.4012
vn -0.6996 -0.0000 -0.7145
vn -0.4042 0.8151 -0.4151
vn -0.4042 -0.8151 -0.4151
vn -0.0000 0.7095 0.7047
vn -0.8165 0.4100 0.4065
vn 0.8165 0.4100 -0.4065
vn 0.8165 0.4100 0.4065
vn -0.0000 0.7037 0.7105
vn -0.8170 0.4053 0.4103
vn 0.8169 0.4053 0.4103
vn -0.0000 -0.7084 0.7058
vn -0.8163 -0.4094 0.4075
vn 0.8163 -0.4094 0.4075
vn -0.0000 -0.7084 -0.7058
vn -0.8163 -0.4094 -0.4075
vn 0.8163 -0.4094 -0.4075
vn -0.0000 0.7037 -0.7105
vn -0.8170 0.4053 -0.4103
vn 0.8169 0.4053 -0.4103
vn -0.7147 -0.0000 -0.6995
vn -0.4110 0.8194 -0.3996
vn -0.4110 -0.8194 -0.3996
vn -0.4082 0.8165 0.4083
vn -0.7147 -0.0000 0.6995
vn -0.4110 0.8194 0.3996
vn -0.4110 -0.8194 0.3996
vn -0.6980 -0.0000 -0.7161
vn -0.4035 0.8146 -0.4167
vn -0.4035 -0.8146 -0.4167
vn 0.7072 -0.0000 -0.7070
vn 0.4084 0.8165 -0.4082
vn 0.4084 -0.8165 -0.4082
vn 0.7072 -0.0000 0.7070
vn 0.4084 0.8165 0.4082
vn 0.4084 -0.8165 0.4082
vn -0.6980 -0.0000 0.7161
vn -0.4035 0.8146 0.4167
vn -0.4035 -0.8146 0.4167
vn -0.4082 0.4083 0.8165
vn -0.6998 -0.7144 -0.0000
vn -0.7101 -0.7041 -0.0000
vn -0.4109 -0.4056 -0.8165
vn -0.4031 -0.4134 -0.8165
vn -0.4031 -0.4134 0.8165
vn -0.4109 -0.4056 0.8165
vn -0.7128 -0.7014 -0.0000
vn -0.4115 -0.4036 -0.8172
vn -0.4115 -0.4036 0.8172
vn 0.7115 -0.7027 -0.0000
vn 0.4118 -0.4054 -0.8162
vn 0.4118 -0.4054 0.8162
vn 0.7081 -0.7061 -0.0000
vn 0.4091 -0.4074 -0.8165
vn 0.4091 -0.4074 0.8165
vn -0.7081 -0.7061 -0.0000
vn -0.4091 -0.4074 -0.8165
vn -0.4091 -0.4074 0.8165
vn -0.7115 -0.7027 -0.0000
vn -0.4118 -0.4054 -0.8162
vn -0.4118 -0.4054 0.8161
vn 0.7128 -0.7014 -0.0000
vn 0.4115 -0.4036 -0.8172
vn 0.4115 -0.4036 0.8172
vn 0.7101 -0.7041 -0.0000
vn 0.4109 -0.4056 -0.8165
vn 0.4109 -0.4056 0.8165
vn 0.6998 -0.7144 -0.0000
vn 0.4031 -0.4134 -0.8165
vn 0.4031 -0.4134 0.8165
vn 0.7045 -0.7097 -0.0000
vn 0.4060 -0.4106 -0.8165
vn 0.4060 -0.4106 0.8165
vn 0.7161 -0.6980 -0.0000
vn 0.4096 -0.3950 -0.8223
vn 0.4096 -0.3950 0.8223
vn 0.6925 0.7214 -0.0000
vn 0.3986 0.4191 -0.8158
vn 0.3986 0.4191 0.8158
vn -0.6767 0.7363 -0.0000
vn -0.3881 0.4298 -0.8153
vn -0.3881 0.4298 0.8153
vn -0.7225 -0.6914 -0.0000
vn -0.4082 -0.3830 -0.8286
vn -0.4082 -0.3830 0.8286
vn -0.4083 -0.4083 -0.8165
vn -0.4082 -0.4082 0.8165
vn -0.7040 -0.7102 -0.0000
vn -0.4055 -0.4110 -0.8165
vn -0.4055 -0.4110 0.8165
vn -0.0001 0.7070 0.7072
vn -0.8165 0.4081 0.4083
vn -0.8165 -0.4081 0.4084
vn 0.8165 -0.4082 0.4084
vn 0.8165 0.4082 0.4084
vn -0.0000 0.9303 0.3669
vn -0.9435 0.2405 -0.2278
vn 0.9435 0.2405 -0.2278
vn -0.0001 -0.3722 0.9282
vn -0.9419 -0.2419 0.2330
vn 0.9419 -0.2419 0.2330
vn -0.0001 -0.7069 -0.7074
vn -0.8164 -0.4081 -0.4086
vn 0.8163 -0.4082 -0.4086
vn -0.0000 0.7069 -0.7074
vn -0.8164 0.4082 -0.4086
vn 0.8164 0.4081 -0.4086
vn 0.0002 0.3890 0.9212
vn -0.9422 0.2371 0.2367
vn 0.9422 0.2372 0.2367
vn -0.0000 -0.9232 0.3844
vn -0.9436 -0.2341 -0.2341
vn 0.9436 -0.2341 -0.2341
vn 0.7071 -0.0000 -0.7072
vn 0.7071 -0.0000 0.7072
vn -0.6996 -0.0000 0.7145
vn -0.7128 -0.0000 -0.7013
vn -0.4099 0.8192 -0.4012
vn -0.4042 0.8151 0.4151
vn -0.4042 -0.8151 0.4151
vn -0.4099 -0.8192 -0.4012
vn 0.7076 -0.0000 -0.7066
vn 0.4087 0.8164 -0.4080
vn 0.4087 -0.8164 -0.4080
vn -0.7072 -0.7070 -0.0001
vn 0.7072 -0.7070 -0.0001
vn 0.4083 -0.4083 -0.8165
vn -0.4085 -0.4083 0.8164
vn 0.4085 -0.4083 0.8164
vn 0.7073 0.7069 -0.0001
vn 0.4083 0.4082 -0.8165
vn 0.4085 0.4082 0.8164
vn -0.7073 0.7069 -0.0001
vn -0.4083 0.4082 -0.8165
vn -0.4085 0.4082 0.8164
vn 0.8165 -0.4083 0.4083
vn 0.8165 0.4083 0.4083
vn -0.0000 -0.7072 -0.7071
vn -0.0000 0.7072 -0.7071
vn 0.8165 -0.4083 -0.4083
vn -0.0000 0.7072 0.7071
vn -0.0000 -0.7072 0.7071
vn -0.7078 -0.7064 -0.0000
vn -0.4083 0.4082 0.8165
vn -0.4089 -0.4079 0.8163
vn -0.4089 -0.4079 -0.8163
vn 0.7068 0.7074 -0.0000
vn 0.4081 0.4086 0.8164
vn 0.4081 0.4086 -0.8164
vn 0.7068 -0.7074 -0.0000
vn 0.4077 -0.4082 0.8168
vn 0.4077 -0.4082 -0.8168
vn -0.7110 0.7032 -0.0000
vn -0.9937 0.1123 -0.0000
vn -0.2856 0.3796 -0.8800
vn -0.4116 0.4047 -0.8166
vn -0.4116 0.4047 0.8166
vn -0.2856 0.3796 0.8800
vn -0.0854 -0.9963 -0.0000
vn 0.1666 -0.3563 -0.9194
vn 0.1666 -0.3563 0.9194
vn -0.0023 -1.0000 -0.0000
vn -0.1724 -0.3916 -0.9039
vn -0.1724 -0.3916 0.9039
vn 0.0005 -1.0000 -0.0000
vn 0.1714 -0.3915 -0.9041
vn 0.1714 -0.3915 0.9041
vn 0.1607 -0.9870 -0.0000
vn -0.1786 -0.3257 -0.9284
vn -0.1786 -0.3257 0.9284
vn 0.8110 -0.5850 -0.0000
vn 0.1779 0.3258 -0.9286
vn 0.1779 0.3258 0.9286
vn 0.7065 -0.7077 -0.0000
vn 0.4077 -0.4088 -0.8165
vn 0.4077 -0.4088 0.8165
vn 0.4074 -0.4091 -0.8165
vn 0.4074 -0.4091 0.8165
vn 0.7086 -0.7056 -0.0000
vn 0.4096 -0.4069 -0.8165
vn 0.4096 -0.4069 0.8165
vn 0.7114 -0.7028 -0.0000
vn 0.4111 -0.4049 -0.8167
vn 0.4111 -0.4049 0.8167
vn 0.4086 0.4086 -0.8162
vn 0.4086 0.4086 0.8162
vn -0.7016 0.7126 -0.0000
vn -0.4041 0.4119 -0.8167
vn -0.4041 0.4119 0.8167
vn -0.7066 0.7076 -0.0000
vn -0.4078 0.4087 -0.8165
vn -0.4078 0.4087 0.8165
vn -0.7107 0.7034 -0.0000
vn -0.4108 0.4057 -0.8165
vn -0.4108 0.4057 0.8165
vn -0.7061 0.7081 -0.0000
vn -0.4073 0.4091 -0.8165
vn -0.4074 0.4091 0.8165
vn -0.7047 0.7095 -0.0000
vn -0.4065 0.4100 -0.8165
vn -0.4065 0.4100 0.8165
vn -0.7161 0.6980 -0.0000
vn -0.4147 0.4018 -0.8165
vn -0.4147 0.4018 0.8165
vn -0.7070 -0.7072 -0.0002
vn -0.7071 0.7071 -0.0002
vn -0.4085 0.4084 0.8163
vn -0.4085 -0.4085 0.8163
vn -0.4082 -0.4084 -0.8164
vn 0.7071 0.7071 -0.0002
vn 0.4085 0.4084 0.8163
vn 0.7070 -0.7072 -0.0002
vn 0.4085 -0.4085 0.8163
vn 0.4082 -0.4084 -0.8164
vn 0.7072 -0.0000 0.7071
vn 0.7072 -0.0000 -0.7071
vn -0.7072 -0.0000 -0.7071
vn -0.7072 -0.0000 0.7071
vn 0.4083 0.4082 0.8165
vn 0.0001 0.7070 0.7072
vn 0.0001 -0.7071 0.7072
vn 0.8166 0.4081 0.4082
vn 0.8166 -0.4081 0.4082
vn 0.0001 -0.7071 -0.7072
vn 0.8166 -0.4081 -0.4082
vn 0.0001 0.7070 -0.7072
vn 0.8166 0.4081 -0.4082
vn -0.7071 0.0002 0.7071
vn -0.7071 0.0002 -0.7071
vn -0.4083 0.8166 -0.4081
vn -0.4083 0.8166 0.4081
vn 0.7071 0.0002 -0.7071
vn 0.4083 0.8166 -0.4081
vn 0.7071 0.0002 0.7071
vn 0.4083 0.8166 0.4081
vn -0.0000 0.7075 -0.7067
vn -0.0001 -0.7067 -0.7075
vn 0.8165 -0.4080 -0.4084
vn 0.8164 0.4087 -0.4080
vn -0.8164 0.4087 -0.4080
vn -0.8166 -0.4079 -0.4084
vn -0.0001 -0.7067 0.7075
vn 0.8165 -0.4080 0.4084
vn -0.8166 -0.4079 0.4084
vn -0.0000 0.7075 0.7067
vn 0.8164 0.4087 0.4080
vn -0.8164 0.4087 0.4080
vn 0.4082 0.8165 -0.4083
vn 0.4082 0.8165 0.4083
vn 0.0001 -0.7069 -0.7073
vn 0.8165 -0.4081 -0.4085
vn -0.8164 -0.4082 -0.4085
vn 0.8167 -0.4081 0.4081
vn -0.8166 -0.4082 0.4081
vn -0.0001 0.7074 0.7069
vn 0.8164 0.4085 0.4081
vn -0.8165 0.4084 0.4081
vn 0.4083 0.4083 0.8165
vn -0.4083 0.4083 -0.8165
vn 0.4083 0.4083 -0.8165
vn -0.4083 -0.4083 0.8165
vn -0.0000 0.7056 0.7086
vn -0.0000 -0.7059 0.7083
vn -0.8170 -0.4068 0.4086
vn -0.8157 0.4079 0.4101
vn 0.8157 0.4079 0.4101
vn 0.8170 -0.4068 0.4086
vn -0.0000 0.7094 -0.7048
vn -0.8175 0.4090 -0.4054
vn 0.8175 0.4090 -0.4054
vn -0.7069 0.7073 -0.0000
vn -0.4081 0.4085 0.8165
vn -0.4081 0.4085 -0.8165
vn 0.7080 -0.7062 -0.0000
vn 0.4092 -0.4078 0.8163
vn 0.4092 -0.4078 -0.8163
vn -0.7065 -0.7078 -0.0000
vn -0.4074 -0.4084 0.8169
vn -0.4074 -0.4084 -0.8169
vn -0.7081 -0.0000 0.7061
vn -0.4081 -0.8172 0.4071
vn -0.4091 -0.8165 0.4074
vn -0.4091 0.8165 0.4074
vn -0.4081 0.8172 0.4071
vn 0.7091 -0.0000 0.7051
vn 0.4100 -0.8162 0.4071
vn 0.4100 0.8162 0.4071
vn 0.7091 -0.0000 -0.7051
vn 0.4100 -0.8162 -0.4071
vn 0.4100 0.8162 -0.4071
vn -0.7080 -0.0000 -0.7062
vn -0.4081 -0.8172 -0.4071
vn -0.4081 0.8172 -0.4071
vn -0.7081 -0.0000 -0.7061
vn -0.4091 -0.8165 -0.4074
vn -0.4091 0.8165 -0.4074
vn 0.7073 0.7069 -0.0003
vn -0.7073 0.7069 -0.0003
vn -0.4082 0.4082 -0.8166
vn 0.4082 0.4082 -0.8166
vn 0.4086 0.4083 0.8163
vn -0.4086 0.4083 0.8163
vn -0.7073 -0.7069 -0.0003
vn 0.7073 -0.7069 -0.0003
vn -0.7064 0.7078 -0.0000
vn -0.4079 0.4090 -0.8163
vn -0.4079 0.4090 0.8163
vn -0.7074 -0.7068 -0.0000
vn -0.4082 -0.4077 -0.8168
vn -0.4082 -0.4077 0.8168
vn 0.7075 -0.7068 -0.0000
vn 0.4086 -0.4081 -0.8164
vn 0.4086 -0.4081 0.8164
vn -0.0000 -0.7091 -0.7051
vn 0.0001 0.7044 -0.7098
vn -0.8172 0.4055 -0.4096
vn -0.8162 -0.4101 -0.4071
vn 0.8162 -0.4100 -0.4071
vn 0.8172 0.4054 -0.4096
vn 0.0001 0.7076 -0.7066
vn -0.8165 0.4087 -0.4078
vn 0.8165 0.4087 -0.4078
vn -0.8165 0.4099 -0.4065
vn -0.8165 0.4099 0.4065
vn 0.0001 0.7076 0.7066
vn -0.8165 0.4087 0.4078
vn 0.8165 0.4087 0.4078
vn 0.0001 0.7044 0.7098
vn -0.8172 0.4055 0.4096
vn 0.8172 0.4054 0.4096
vn -0.0000 -0.7091 0.7051
vn -0.8162 -0.4101 0.4071
vn 0.8162 -0.4100 0.4071
vn 0.7095 -0.0000 -0.7047
vn 0.4100 -0.8165 -0.4066
vn 0.4100 0.8165 -0.4066
vn 0.7080 -0.0000 -0.7062
vn 0.4091 -0.8165 -0.4074
vn 0.4091 0.8165 -0.4074
vn 0.4054 -0.8176 -0.4089
vn 0.4054 0.8176 -0.4089
vn -0.7102 -0.0000 -0.7040
vn -0.4109 -0.8160 -0.4064
vn -0.4109 0.8160 -0.4064
vn -0.7107 -0.0000 0.7035
vn -0.4108 -0.8165 0.4057
vn -0.4108 0.8165 0.4057
vn -0.4087 -0.8165 0.4078
vn -0.4087 0.8165 0.4078
vn -0.7047 -0.0000 0.7095
vn -0.4065 -0.8165 0.4100
vn -0.4065 0.8165 0.4100
vn 0.7047 -0.0000 0.7095
vn 0.4065 -0.8165 0.4100
vn 0.4065 0.8165 0.4100
vn 0.7076 -0.0000 0.7066
vn 0.4087 -0.8165 0.4078
vn 0.4087 0.8165 0.4078
vn 0.7107 -0.0000 0.7035
vn 0.4108 -0.8165 0.4057
vn 0.4108 0.8165 0.4057
vn 0.7102 -0.0000 -0.7040
vn 0.4109 -0.8161 -0.4064
vn 0.4109 0.8161 -0.4064
vn -0.7049 -0.0000 -0.7093
vn -0.4054 -0.8176 -0.4089
vn -0.4054 0.8176 -0.4089
vn -0.4092 -0.8165 -0.4074
vn -0.4092 0.8165 -0.4073
vn -0.7095 -0.0000 -0.7047
vn -0.4100 -0.8165 -0.4066
vn -0.4100 0.8165 -0.4065
vn -0.7071 0.7072 -0.0000
vn -0.4081 0.4083 0.8165
vn -0.4081 -0.4083 0.8165
vn -0.4081 0.4083 -0.8165
vn 0.7071 0.7072 -0.0000
vn 0.4081 0.4083 0.8165
vn 0.4081 0.4083 -0.8165
vn 0.4081 -0.4083 0.8165
vn -0.0000 0.7085 0.7057
vn -0.8164 0.4093 0.4073
vn -0.8162 0.4088 -0.4082
vn 0.8162 0.4088 -0.4082
vn 0.8164 0.4093 0.4073
vn -0.0000 -0.7063 0.7079
vn -0.8168 -0.4073 0.4086
vn 0.8168 -0.4073 0.4086
vn -0.0000 -0.7074 0.7068
vn -0.8165 -0.4084 0.4080
vn 0.8165 -0.4084 0.4080
vn -0.0000 -0.7062 -0.7080
vn -0.8167 -0.4074 -0.4087
vn 0.8167 -0.4074 -0.4087
vn -0.0000 -0.7063 -0.7080
vn -0.0000 0.7080 -0.7062
vn -0.8163 0.4091 -0.4078
vn -0.8168 -0.4073 -0.4086
vn 0.8168 -0.4073 -0.4086
vn 0.8163 0.4091 -0.4078
vn -0.0000 0.7080 0.7062
vn -0.8163 0.4091 0.4078
vn 0.8163 0.4091 0.4078
vn -0.0000 -0.7063 0.7080
vn -0.0000 0.7073 0.7069
vn 0.0001 -0.7073 0.7069
vn -0.8164 -0.4085 0.4081
vn -0.8167 0.4082 0.4079
vn 0.8167 0.4082 0.4079
vn 0.8165 -0.4084 0.4081
vn -0.0000 0.7067 -0.7075
vn -0.8164 0.4080 -0.4087
vn 0.8164 0.4080 -0.4087
vn -0.7028 -0.0000 0.7114
vn -0.4086 0.8161 -0.4087
vn -0.4012 0.8200 0.4082
vn -0.4012 -0.8200 0.4082
vn -0.4086 -0.8161 -0.4087
vn 0.7113 -0.0000 -0.7029
vn 0.4081 0.8200 -0.4013
vn 0.4081 -0.8200 -0.4013
vn 0.4096 0.8152 0.4096
vn 0.4096 -0.8152 0.4096
vn -0.0000 -0.3856 0.9226
vn -0.0000 0.9236 0.3833
vn -0.0000 0.7069 0.7073
vn 0.8164 0.4081 0.4085
vn -0.8164 0.4081 0.4085
vn -0.0000 0.9223 0.3866
vn -0.0000 0.3801 -0.9250
vn -0.0000 -0.7110 -0.7032
vn 0.8160 -0.4115 -0.4059
vn -0.8161 -0.4115 -0.4059
vn 0.7055 -0.0000 -0.7088
vn 0.7055 -0.0000 0.7088
vn -0.0001 -0.7071 -0.7071
vn -0.0001 -0.7071 0.7071
vn -0.7086 -0.0000 -0.7056
vn -0.4088 0.8172 -0.4064
vn -0.4089 0.8158 0.4089
vn -0.4089 -0.8158 0.4089
vn -0.4087 -0.8172 -0.4063
vn 0.4063 0.8172 0.4088
vn 0.4063 -0.8172 0.4088
vn -0.0000 0.7061 0.7081
vn -0.8159 0.4081 0.4096
vn 0.8159 0.4081 0.4095
vn -0.0000 0.7087 -0.7055
vn -0.8171 0.4089 -0.4064
vn 0.8171 0.4088 -0.4064
vn 0.7074 -0.0000 -0.7069
vn 0.7074 -0.0000 0.7069
vn 0.4085 -0.8164 -0.4081
vn 0.4085 -0.8164 0.4081
vn -0.6895 -0.0000 0.7243
vn -0.3959 0.8164 0.4203
vn -0.3959 -0.8164 0.4203
vn -0.7008 -0.0000 0.7133
vn -0.4027 0.8165 0.4138
vn -0.4027 -0.8165 0.4138
vn -0.7095 -0.0000 0.7047
vn -0.4100 0.8165 0.4065
vn -0.4100 -0.8165 0.4065
vn -0.4100 -0.8165 -0.4065
vn -0.7008 -0.0000 -0.7133
vn -0.4027 0.8165 -0.4138
vn -0.4027 -0.8165 -0.4138
vn -0.6895 -0.0000 -0.7243
vn -0.3959 0.8165 -0.4203
vn -0.3959 -0.8165 -0.4203
vn 0.4086 -0.8162 -0.4085
vn 0.4085 -0.8166 0.4078
vn 0.4085 0.8166 0.4077
vn 0.4085 0.8162 -0.4085
vn -0.7067 -0.0000 -0.7075
vn -0.4078 -0.8166 -0.4085
vn -0.4078 0.8166 -0.4084
vn -0.7072 -0.0000 0.7070
vn -0.0000 -0.7059 -0.7083
vn -0.0000 0.7056 -0.7086
vn -0.8157 0.4079 -0.4101
vn -0.8170 -0.4068 -0.4086
vn 0.8170 -0.4068 -0.4086
vn 0.8157 0.4079 -0.4101
vn -0.0000 0.7094 0.7048
vn -0.8175 0.4090 0.4054
vn 0.8175 0.4090 0.4054
vn 0.7121 -0.7020 -0.0000
vn 0.4091 -0.4009 0.8197
vn 0.4091 -0.4009 -0.8197
vn -0.7020 0.7121 -0.0000
vn -0.4009 0.4091 0.8197
vn -0.4010 0.4091 -0.8197
vn 0.4096 0.4096 0.8152
vn 0.4096 0.4096 -0.8152
vn -0.5980 0.8015 -0.0000
vn -0.6967 0.7174 -0.0000
vn -0.3984 0.4160 -0.8174
vn -0.3984 0.4160 0.8174
vn -0.7082 0.7060 -0.0000
vn -0.4086 0.4070 -0.8169
vn -0.4087 0.4070 0.8169
vn -0.7054 -0.7088 -0.0000
vn -0.1701 0.3909 -0.9046
vn -0.1701 0.3909 0.9046
vn -0.0000 -1.0000 -0.0000
vn 0.1709 -0.3912 -0.9043
vn 0.1709 -0.3912 0.9043
vn -0.0004 -1.0000 -0.0000
vn -0.1714 -0.3915 -0.9041
vn -0.1714 -0.3915 0.9041
vn 0.0018 -1.0000 -0.0000
vn 0.1718 -0.3877 -0.9057
vn 0.1718 -0.3877 0.9057
vn 0.9993 -0.0376 -0.0000
vn -0.4506 -0.3535 -0.8198
vn -0.4506 -0.3535 0.8198
vn 0.4082 0.8166 -0.4082
vn 0.4082 -0.8166 -0.4082
vn 0.4082 0.8166 0.4082
vn 0.4082 -0.8166 0.4082
vn 0.7129 0.7012 -0.0000
vn -0.7228 0.6910 -0.0000
vn -0.4192 0.3965 -0.8167
vn 0.4098 0.4004 -0.8196
vn 0.4098 0.4004 0.8196
vn -0.4192 0.3965 0.8167
vn -0.7139 0.7002 -0.0000
vn -0.4144 0.4021 -0.8165
vn -0.4144 0.4021 0.8165
vn -0.7007 0.7135 -0.0000
vn -0.4048 0.4142 -0.8152
vn -0.4048 0.4142 0.8152
vn -0.7120 -0.7022 -0.0000
vn -0.4097 -0.4022 -0.8188
vn -0.4097 -0.4022 0.8188
vn 0.6992 -0.7150 -0.0000
vn 0.4032 -0.4145 -0.8158
vn 0.4032 -0.4145 0.8158
vn -0.0000 -0.7095 0.7047
vn 0.8165 -0.4087 0.4078
vn 0.8165 -0.4100 0.4065
vn -0.8165 -0.4099 0.4065
vn -0.8165 -0.4087 0.4078
vn -0.0000 -0.7044 0.7098
vn 0.8172 -0.4055 0.4096
vn -0.8172 -0.4055 0.4096
vn 0.8162 0.4101 0.4071
vn -0.8162 0.4100 0.4071
vn 0.8162 0.4101 -0.4071
vn -0.8162 0.4100 -0.4071
vn -0.0000 -0.7044 -0.7098
vn 0.8172 -0.4055 -0.4096
vn -0.8172 -0.4055 -0.4096
vn -0.0000 -0.7076 -0.7066
vn 0.8165 -0.4087 -0.4078
vn -0.8165 -0.4087 -0.4078
vn 0.8165 -0.4100 -0.4065
vn -0.8165 -0.4099 -0.4065
vn -0.4082 0.4082 0.8166
vn 0.4082 0.4082 0.8166
vn -0.0000 -0.7063 -0.7079
vn -0.0000 0.7061 -0.7081
vn -0.8159 0.4081 -0.4095
vn -0.8168 -0.4073 -0.4085
vn 0.8168 -0.4073 -0.4085
vn 0.8159 0.4081 -0.4095
vn -0.0000 0.7087 0.7055
vn -0.8171 0.4089 0.4064
vn 0.8171 0.4088 0.4064
vn -0.0000 -0.7067 -0.7075
vn -0.8161 0.4086 -0.4086
vn -0.8170 -0.4074 -0.4081
vn 0.8170 -0.4074 -0.4081
vn 0.8161 0.4086 -0.4086
vn 0.0001 0.7075 0.7067
vn -0.8170 0.4081 0.4075
vn 0.8170 0.4080 0.4075
vn -0.8163 -0.4084 0.4085
vn 0.8163 -0.4084 0.4085
vn -0.7056 -0.0000 -0.7087
vn -0.4063 0.8172 -0.4088
vn -0.4063 -0.8172 -0.4088
vn 0.4089 0.8158 -0.4089
vn 0.4089 -0.8158 -0.4089
vn 0.4088 0.8172 0.4064
vn -0.0000 0.9215 0.3883
vn -0.0000 -0.9141 0.4055
vn -0.0000 -0.4014 -0.9159
vn -0.0000 0.3841 -0.9233
vn 0.7067 -0.7075 -0.0000
vn 0.4078 -0.4084 -0.8166
vn -0.4085 -0.4085 -0.8163
vn 0.4078 -0.4084 0.8166
vn -0.7075 0.7067 -0.0000
vn -0.4084 0.4078 -0.8166
vn -0.4084 0.4078 0.8166
vn -0.7070 0.7072 -0.0000
vn -0.4082 -0.4081 0.8166
vn -0.4082 -0.4081 -0.8166
vn 0.7070 0.7072 -0.0000
vn 0.4082 -0.4081 0.8166
vn 0.4082 -0.4081 -0.8166
vn -0.0000 -0.7080 -0.7062
vn 0.8163 -0.4092 -0.4078
vn -0.8163 -0.4092 -0.4078
vn -0.0000 -0.7081 0.7062
vn 0.8163 -0.4092 0.4078
vn -0.8163 -0.4092 0.4078
vn -0.7079 -0.7063 -0.0000
vn -0.4086 -0.4073 -0.8168
vn -0.4086 -0.4073 0.8168
vn 0.7063 0.7079 -0.0000
vn 0.4073 0.4086 -0.8168
vn 0.4073 0.4086 0.8168
vn -0.4087 0.4087 -0.8161
vn -0.4087 0.4087 0.8161
vn 0.0001 0.7075 -0.7068
vn -0.8169 0.4081 -0.4075
vn -0.8163 -0.4084 -0.4085
vn 0.8163 -0.4084 -0.4085
vn 0.8170 0.4080 -0.4075
vn -0.8161 0.4086 0.4086
vn 0.8161 0.4086 0.4086
vn -0.0000 -0.7067 0.7075
vn -0.8170 -0.4074 0.4081
vn 0.8170 -0.4074 0.4081
vn -0.7073 0.0001 0.7069
vn -0.7073 0.0001 -0.7069
vn -0.4081 0.8166 -0.4081
vn -0.4081 0.8166 0.4081
vn -0.4081 -0.8166 0.4082
vn -0.4081 -0.8166 -0.4082
vn 0.7072 0.0001 -0.7070
vn 0.4080 0.8167 -0.4081
vn 0.4081 -0.8166 -0.4082
vn 0.7072 0.0001 0.7070
vn 0.4080 0.8167 0.4081
vn 0.4081 -0.8166 0.4082
vn -0.7070 0.0002 -0.7072
vn 0.4082 0.8166 -0.4081
vn -0.4082 0.8166 -0.4081
vn 0.4082 0.8166 0.4081
vn -0.7070 0.0002 0.7072
vn -0.4082 0.8166 0.4081
vn -0.4088 -0.8172 0.4063
vn 0.4063 0.8172 -0.4088
vn 0.4063 -0.8172 -0.4088
vn -0.7080 -0.7062 -0.0000
vn 0.7054 -0.7088 -0.0000
vn 0.4066 -0.4092 -0.8169
vn -0.4092 -0.4079 -0.8162
vn -0.4092 -0.4079 0.8162
vn 0.4066 -0.4092 0.8169
vn 0.7073 -0.7069 -0.0000
vn 0.4084 -0.4081 -0.8165
vn 0.4084 -0.4081 0.8165
vn 0.7087 -0.7055 -0.0000
vn 0.4093 -0.4069 -0.8166
vn 0.4093 -0.4069 0.8166
vn 0.7079 0.7064 -0.0000
vn 0.4091 0.4080 -0.8162
vn 0.4091 0.4080 0.8162
vn -0.7025 0.7117 -0.0000
vn -0.4045 0.4112 -0.8169
vn -0.4045 0.4112 0.8169
vn -0.7102 0.7040 -0.0000
vn -0.4110 0.4055 -0.8165
vn -0.4110 0.4055 0.8165
vn -0.7182 0.6958 -0.0000
vn -0.4161 0.4002 -0.8165
vn -0.4161 0.4002 0.8165
vn -0.0000 0.7093 -0.7049
vn 0.8176 0.4089 -0.4054
vn -0.8176 0.4089 -0.4054
vn -0.0000 -0.7049 0.7093
vn 0.8176 -0.4054 0.4089
vn -0.8176 -0.4054 0.4089
vn 0.8156 0.4091 0.4091
vn -0.8156 0.4091 0.4091
vn -0.8163 0.4092 -0.4078
vn -0.8168 -0.4074 -0.4086
vn -0.8163 0.4092 0.4078
vn -0.8168 -0.4074 0.4086
vn -0.0000 0.7066 0.7076
vn -0.0000 0.7068 0.7075
vn 0.8168 0.4077 0.4082
vn 0.8165 0.4078 0.4087
vn -0.8165 0.4078 0.4087
vn -0.8168 0.4078 0.4082
vn -0.0000 0.7062 -0.7080
vn 0.8163 0.4078 -0.4092
vn -0.8163 0.4078 -0.4092
vn -0.0000 -0.7023 -0.7119
vn 0.8165 -0.4048 -0.4117
vn -0.8165 -0.4048 -0.4117
vn -0.0000 -0.7119 -0.7022
vn 0.8165 -0.4117 -0.4048
vn -0.8165 -0.4117 -0.4048
vn -0.0000 -0.7119 0.7022
vn 0.8165 -0.4117 0.4048
vn -0.8165 -0.4117 0.4048
vn -0.0000 -0.7022 0.7119
vn 0.8165 -0.4048 0.4117
vn -0.8165 -0.4048 0.4117
vn -0.0000 0.7062 0.7080
vn 0.8163 0.4078 0.4092
vn -0.8163 0.4078 0.4092
vn -0.0000 0.7068 -0.7075
vn 0.8168 0.4078 -0.4082
vn -0.8168 0.4078 -0.4082
vn -0.0000 0.7066 -0.7076
vn 0.8165 0.4078 -0.4087
vn -0.8165 0.4078 -0.4087
vn -0.4088 -0.8172 -0.4064
vn 0.7056 -0.0000 0.7086
vn 0.4064 0.8172 0.4088
vn 0.4064 -0.8172 0.4088
vn 0.8163 0.4092 -0.4078
vn 0.8163 0.4092 0.4078
vn -0.0000 -0.7075 0.7067
vn -0.0000 -0.7078 0.7064
vn 0.8165 -0.4088 0.4077
vn 0.8165 -0.4085 0.4080
vn -0.8165 -0.4085 0.4080
vn -0.8165 -0.4089 0.4077
vn -0.0000 -0.7083 0.7059
vn 0.8165 -0.4091 0.4074
vn -0.8165 -0.4091 0.4074
vn -0.0000 0.7062 0.7081
vn -0.8163 0.4077 0.4092
vn -0.0000 0.7031 -0.7111
vn 0.8168 0.4052 -0.4107
vn -0.8168 0.4051 -0.4107
vn -0.0000 0.7051 -0.7091
vn 0.8165 0.4064 -0.4100
vn -0.8165 0.4064 -0.4100
vn -0.0000 0.7051 0.7091
vn 0.8165 0.4064 0.4100
vn -0.8165 0.4064 0.4100
vn -0.0000 0.7031 0.7111
vn 0.8168 0.4051 0.4107
vn -0.8168 0.4051 0.4107
vn 0.8163 0.4077 -0.4092
vn -0.8163 0.4077 -0.4092
vn -0.0000 -0.7083 -0.7059
vn 0.8165 -0.4091 -0.4074
vn -0.8165 -0.4091 -0.4074
vn -0.0000 -0.7078 -0.7064
vn 0.8165 -0.4088 -0.4076
vn -0.8165 -0.4089 -0.4076
vn -0.0000 -0.7075 -0.7067
vn 0.8165 -0.4086 -0.4080
vn -0.8165 -0.4085 -0.4080
vn -0.7028 -0.0000 -0.7113
vn -0.4012 0.8200 -0.4082
vn -0.4086 0.8161 0.4086
vn -0.4086 -0.8161 0.4087
vn -0.4012 -0.8200 -0.4082
vn 0.4096 0.8152 -0.4096
vn 0.4096 -0.8152 -0.4096
vn 0.7113 -0.0000 0.7029
vn 0.4081 0.8200 0.4013
vn 0.4081 -0.8200 0.4013
vn 0.7062 -0.7081 -0.0000
vn 0.7079 0.7063 -0.0000
vn 0.4086 0.4073 -0.8168
vn 0.4077 -0.4092 -0.8163
vn 0.4078 -0.4092 0.8163
vn 0.4086 0.4073 0.8168
vn 0.7045 0.7097 -0.0000
vn 0.4057 0.4096 -0.8171
vn 0.4057 0.4096 0.8171
vn -0.1629 0.9866 -0.0000
vn -0.8106 0.5856 -0.0000
vn -0.7067 0.7075 -0.0000
vn -0.4080 0.4086 -0.8165
vn -0.4079 0.4086 0.8165
vn 0.7074 0.7068 -0.0000
vn 0.4085 0.4080 -0.8165
vn 0.4086 0.4080 0.8165
vn -0.7079 0.7063 -0.0000
vn -0.7074 0.7068 -0.0000
vn -0.4085 0.4080 -0.8165
vn -0.4086 0.4080 0.8165
vn 0.7039 0.7103 -0.0000
vn 0.4055 0.4114 -0.8163
vn 0.4055 0.4114 0.8163
vn 0.7600 0.6499 -0.0000
vn -0.9082 0.4186 -0.0000
vn -0.7895 -0.6138 -0.0000
vn -0.4087 0.4108 -0.8150
vn -0.4087 0.4108 0.8150
vn 0.7068 0.7075 -0.0000
vn 0.4079 0.4086 -0.8165
vn 0.4079 0.4086 0.8165
vn 0.0007 1.0000 -0.0000
vn -0.7140 0.7002 -0.0000
vn -0.4085 0.3971 -0.8219
vn -0.4085 0.3971 0.8219
vn -0.6937 -0.7202 -0.0000
vn -0.3994 -0.4182 -0.8158
vn -0.3994 -0.4182 0.8158
vn 0.6795 -0.7337 -0.0000
vn 0.3892 -0.4270 -0.8162
vn 0.3892 -0.4270 0.8162
vn 0.6954 -0.7186 -0.0000
vn 0.3979 -0.4185 -0.8164
vn 0.3979 -0.4185 0.8164
vn -0.6885 0.7252 -0.0000
vn 0.9877 0.1563 -0.0000
vn -0.4945 0.1843 0.8494
vn -0.3955 0.4212 0.8162
vn -0.3955 0.4212 -0.8162
vn -0.4945 0.1843 -0.8494
vn 0.1407 -0.9901 -0.0000
vn -0.1739 -0.3326 0.9269
vn -0.1739 -0.3326 -0.9269
vn 0.0013 -1.0000 -0.0000
vn 0.1719 -0.3915 0.9040
vn 0.1719 -0.3915 -0.9040
vn -0.6993 0.7149 -0.0000
vn -0.4013 0.4152 0.8164
vn -0.4013 0.4152 -0.8164
vn 0.7067 -0.0000 0.7075
vn 0.7067 -0.0000 -0.7075
vn 0.4078 -0.8166 -0.4084
vn 0.4078 -0.8166 0.4084
vn 0.4078 0.8166 0.4084
vn 0.4078 0.8166 -0.4084
vn -0.7075 -0.0000 -0.7067
vn -0.4087 -0.8164 -0.4080
vn -0.4087 0.8164 -0.4080
vn -0.7075 -0.0000 0.7067
vn -0.4087 -0.8164 0.4080
vn -0.4087 0.8164 0.4080
vn 0.7119 -0.0000 0.7023
vn 0.4116 0.8165 0.4048
vn 0.4116 -0.8165 0.4048
vn 0.7022 -0.0000 0.7119
vn 0.4048 0.8165 0.4117
vn 0.4048 -0.8165 0.4117
vn -0.7062 -0.0000 0.7080
vn -0.4078 0.8163 0.4092
vn -0.4078 -0.8163 0.4092
vn -0.7068 -0.0000 -0.7075
vn -0.4078 0.8168 -0.4082
vn -0.4078 -0.8168 -0.4082
vn -0.7068 -0.0000 0.7075
vn -0.4078 0.8168 0.4082
vn -0.4078 -0.8168 0.4082
vn -0.7062 -0.0000 -0.7080
vn -0.4078 0.8163 -0.4092
vn -0.4078 -0.8163 -0.4092
vn 0.7023 -0.0000 -0.7119
vn 0.4048 0.8165 -0.4117
vn 0.4048 -0.8165 -0.4117
vn 0.7119 -0.0000 -0.7023
vn 0.4116 0.8165 -0.4048
vn 0.4116 -0.8165 -0.4048
vn 0.4074 -0.4083 0.8169
vn 0.4074 -0.4083 -0.8169
vn -0.4092 -0.4078 0.8163
vn -0.4092 -0.4078 -0.8163
vn 0.0001 0.7071 0.7072
vn -0.8161 0.4086 0.4087
vn 0.8161 0.4086 0.4087
vn 0.0001 0.7079 -0.7063
vn -0.8168 0.4085 -0.4073
vn 0.8169 0.4085 -0.4073
vn -0.4118 -0.4054 0.8162
vn -0.4118 -0.4054 -0.8161
vn -0.0000 0.7093 0.7049
vn 0.8176 0.4089 0.4054
vn -0.8176 0.4089 0.4054
vn 0.8156 0.4091 -0.4091
vn -0.8156 0.4091 -0.4091
vn -0.7071 -0.7071 0.0001
vn -0.7071 0.7072 0.0001
vn -0.4082 -0.4082 0.8166
vn 0.7070 0.7072 0.0001
vn 0.7071 -0.7071 0.0001
vn 0.4082 -0.4082 0.8166
vn -0.7056 -0.0000 0.7087
vn -0.4063 0.8172 0.4088
vn -0.4063 -0.8172 0.4088
vn 0.7086 -0.0000 -0.7056
vn 0.4088 0.8172 -0.4064
vn 0.4088 -0.8172 -0.4063
vn 0.4089 0.8158 0.4089
vn 0.4089 -0.8158 0.4089
vn -0.7061 -0.0000 0.7081
vn -0.7063 -0.0000 0.7079
vn -0.4070 0.8172 0.4081
vn -0.4073 0.8165 0.4091
vn -0.4071 -0.8172 0.4081
vn -0.7051 -0.0000 -0.7091
vn -0.4071 0.8162 -0.4100
vn -0.4071 -0.8161 -0.4101
vn 0.7051 -0.0000 -0.7091
vn 0.4071 0.8162 -0.4100
vn 0.4071 -0.8162 -0.4100
vn 0.7062 -0.0000 0.7080
vn 0.4070 0.8172 0.4081
vn 0.4070 -0.8172 0.4081
vn 0.7061 -0.0000 0.7081
vn 0.4073 0.8165 0.4091
vn 0.4073 -0.8165 0.4091
vn -0.7037 -0.0000 -0.7105
vn -0.4053 0.8169 -0.4103
vn -0.4053 -0.8169 -0.4103
vn 0.7084 -0.0000 -0.7058
vn 0.4095 0.8163 -0.4075
vn 0.4095 -0.8163 -0.4075
vn 0.7084 -0.0000 0.7058
vn 0.4095 0.8163 0.4075
vn 0.4095 -0.8163 0.4075
vn -0.7037 -0.0000 0.7105
vn -0.4053 0.8169 0.4103
vn -0.4053 -0.8169 0.4103
vn -0.7040 -0.0000 -0.7102
vn -0.6996 -0.0000 -0.7146
vn -0.4029 0.8165 -0.4135
vn -0.4055 0.8165 -0.4110
vn -0.4055 -0.8165 -0.4110
vn -0.4029 -0.8165 -0.4135
vn 0.7074 -0.0000 -0.7068
vn 0.7074 -0.0000 0.7068
vn -0.6996 -0.0000 0.7146
vn -0.4029 0.8165 0.4135
vn -0.4029 -0.8165 0.4135
vn -0.7040 -0.0000 0.7102
vn -0.4055 0.8165 0.4110
vn -0.4055 -0.8165 0.4110
vn -0.4082 -0.4082 -0.8166
vn 0.4082 -0.4082 -0.8166
vn 0.4100 0.8165 -0.4065
vn 0.4100 -0.8165 -0.4065
vn -0.4092 0.8165 -0.4074
vn -0.4092 -0.8165 -0.4073
vn 0.4108 0.8165 0.4056
vn 0.4108 -0.8165 0.4056
vn 0.7047 -0.0000 0.7096
vn -0.7107 -0.0000 0.7034
vn 0.7081 -0.0000 -0.7061
vn 0.4091 0.8165 -0.4073
vn 0.4091 -0.8165 -0.4073
vn 0.7070 -0.0000 -0.7072
vn 0.4081 0.8166 -0.4083
vn 0.7070 -0.0000 0.7072
vn 0.4081 0.8166 0.4083
vn -0.7087 -0.0000 0.7056
vn -0.4091 0.8163 -0.4078
vn -0.4091 0.8163 0.4078
vn -0.4091 -0.8163 0.4078
vn -0.4091 -0.8163 -0.4078
vn 0.7063 -0.0000 -0.7079
vn 0.4073 0.8168 -0.4086
vn 0.4073 -0.8168 -0.4086
vn 0.7063 -0.0000 0.7079
vn 0.4073 0.8168 0.4086
vn 0.4073 -0.8168 0.4086
vn -0.7070 0.7073 0.0002
vn 0.7070 0.7073 0.0002
vn -0.4084 0.4083 -0.8164
vn 0.4084 0.4083 -0.8164
vn 0.7070 -0.7073 0.0002
vn 0.4084 -0.4083 -0.8164
vn -0.7070 -0.7073 0.0002
vn -0.4084 -0.4083 -0.8164
vn -0.7070 -0.0001 -0.7072
vn 0.7070 -0.0001 -0.7072
vn 0.7070 -0.0001 0.7072
vn -0.7070 -0.0001 0.7072
vn -0.7055 0.7087 -0.0000
vn -0.7948 0.6069 -0.0000
vn -0.4069 0.4099 0.8163
vn -0.4069 0.4099 -0.8163
vn 0.7613 0.6484 -0.0000
vn 0.5282 -0.8491 -0.0000
vn 0.7031 -0.7111 -0.0000
vn 0.4047 -0.4120 0.8164
vn 0.4047 -0.4120 -0.8164
vn 0.7219 -0.6920 -0.0000
vn -0.6653 -0.7466 -0.0000
vn -0.7150 0.6991 -0.0000
vn -0.4079 0.3947 0.8233
vn -0.4079 0.3947 -0.8233
vn 0.4080 0.4086 0.8165
vn 0.4073 -0.4092 -0.8165
vn -0.7073 0.7069 -0.0000
vn -0.7071 0.0001 -0.7072
vn -0.7071 0.0001 0.7072
vn -0.7081 -0.0000 0.7062
vn -0.7081 -0.0000 -0.7062
vn -0.4092 0.8163 -0.4078
vn -0.4092 0.8163 0.4078
vn -0.4092 -0.8163 0.4078
vn -0.4092 -0.8163 -0.4078
vn 0.7063 -0.0000 -0.7080
vn 0.7063 -0.0000 0.7080
vn 0.7066 -0.7076 -0.0000
vn 0.4078 -0.4087 0.8165
vn 0.4078 -0.4087 -0.8165
vn 0.7061 0.7081 -0.0000
vn 0.4074 0.4091 0.8165
vn 0.4073 0.4091 -0.8165
vn 0.7047 0.7095 -0.0000
vn 0.4065 0.4100 0.8165
vn 0.4065 0.4100 -0.8165
vn 0.4077 -0.4092 0.8163
vn 0.4078 -0.4092 -0.8163
vn 0.6811 -0.7322 -0.0000
vn 0.3887 -0.4246 0.8177
vn 0.3887 -0.4246 -0.8177
vn -0.9585 -0.2851 -0.0000
vn -0.7346 0.6785 -0.0000
vn -0.7070 -0.7072 -0.0000
vn -0.4113 -0.4152 0.8115
vn -0.4113 -0.4152 -0.8115
vn -0.0001 -1.0000 -0.0000
vn -0.8552 -0.5183 -0.0000
vn -0.9734 0.2291 -0.0000
vn -0.7125 0.7017 -0.0000
vn -0.4114 0.4034 0.8173
vn -0.4113 0.4034 -0.8174
vn 0.4081 0.4085 -0.8164
vn -0.7087 -0.0000 -0.7056
vn 0.7070 -0.7072 -0.0000
vn -0.4160 0.4002 0.8165
vn -0.7072 -0.0000 -0.7070
vn -0.0000 -0.7062 0.7080
vn -0.0000 -0.7051 -0.7091
vn -0.8162 -0.4071 -0.4101
vn -0.8172 -0.4070 0.4081
vn 0.8172 -0.4071 0.4081
vn 0.8161 -0.4071 -0.4101
vn -0.8162 0.4071 -0.4101
vn 0.8161 0.4071 -0.4101
vn -0.8172 0.4070 0.4081
vn 0.8172 0.4071 0.4081
vn -0.8165 0.4074 0.4091
vn 0.8165 0.4073 0.4091
vn -0.0000 -0.7061 0.7081
vn -0.8165 -0.4074 0.4091
vn 0.8165 -0.4073 0.4091
vn -0.7063 0.7079 -0.0000
vn 0.7076 0.7066 -0.0000
vn 0.4089 0.4082 0.8162
vn -0.4073 0.4086 0.8168
vn -0.4073 0.4086 -0.8168
vn 0.4089 0.4082 -0.8162
vn 0.7075 -0.7067 -0.0000
vn 0.4084 -0.4078 0.8166
vn 0.4084 -0.4078 -0.8166
vn -0.0000 0.7072 -0.7070
vn -0.0000 0.7072 0.7070
vn -0.7076 0.7066 -0.0000
vn -0.4087 0.4080 -0.8164
vn -0.4087 0.4080 0.8164
vn 0.7069 -0.7073 -0.0000
vn 0.4081 -0.4085 -0.8164
vn 0.4081 -0.4085 0.8164
vn 0.7069 0.7073 -0.0000
vn 0.4079 0.4082 -0.8167
vn 0.4079 0.4082 0.8167
vn 0.7070 0.0002 0.7072
vn 0.4084 -0.8164 0.4084
vn 0.7048 -0.0000 0.7094
vn 0.4068 -0.8163 0.4102
vn 0.4068 0.8163 0.4102
vn 0.4088 0.8172 -0.4063
vn 0.7066 -0.0000 -0.7076
vn 0.4078 -0.8165 -0.4087
vn 0.4078 0.8165 -0.4087
vn 0.4069 -0.8166 -0.4093
vn 0.4069 0.8166 -0.4093
vn -0.4089 -0.8165 -0.4075
vn -0.4089 0.8165 -0.4076
vn -0.7069 -0.0000 0.7073
vn -0.4083 -0.8163 0.4085
vn -0.4083 0.8163 0.4086
vn -0.7071 -0.0000 -0.7072
vn -0.6874 -0.0000 -0.7263
vn -0.3953 -0.8155 -0.4227
vn -0.3953 0.8155 -0.4227
vn -0.7175 -0.0000 0.6965
vn -0.4088 -0.8243 0.3918
vn -0.4088 0.8243 0.3918
vn -0.6948 -0.0000 0.7192
vn -0.3974 -0.8164 0.4190
vn -0.3974 0.8164 0.4190
vn -0.6782 -0.0000 0.7349
vn -0.3883 -0.8162 0.4278
vn -0.3883 0.8162 0.4278
vn 0.6795 -0.0000 0.7337
vn 0.3892 -0.8162 0.4270
vn 0.3892 0.8162 0.4270
vn 0.6964 -0.0000 0.7176
vn 0.3988 -0.8164 0.4176
vn 0.3988 0.8164 0.4176
vn 0.7095 -0.0000 0.7047
vn 0.4100 -0.8165 0.4065
vn 0.4100 0.8165 0.4065
vn 0.6964 -0.0000 -0.7176
vn 0.3988 -0.8164 -0.4176
vn 0.3988 0.8164 -0.4176
vn 0.6795 -0.0000 -0.7337
vn 0.3892 -0.8162 -0.4270
vn 0.3892 0.8162 -0.4270
vn -0.6782 -0.0000 -0.7349
vn -0.3883 -0.8162 -0.4278
vn -0.3883 0.8162 -0.4278
vn -0.6948 -0.0000 -0.7192
vn -0.3974 -0.8164 -0.4190
vn -0.3974 0.8164 -0.4190
vn -0.7175 -0.0000 -0.6965
vn -0.4088 -0.8243 -0.3918
vn -0.4088 0.8243 -0.3918
vn -0.6874 -0.0000 0.7263
vn -0.3953 -0.8155 0.4227
vn -0.3953 0.8155 0.4227
vn -0.7071 -0.0000 0.7072
vn -0.0000 0.7060 -0.7082
vn -0.0000 -0.7061 -0.7081
vn -0.8163 -0.4076 -0.4093
vn -0.8164 0.4075 -0.4093
vn 0.8164 0.4074 -0.4093
vn 0.8163 -0.4075 -0.4093
vn -0.0000 -0.7045 -0.7097
vn -0.8165 -0.4065 -0.4101
vn 0.8165 -0.4064 -0.4101
vn -0.0000 -0.7074 -0.7069
vn -0.8165 -0.4085 -0.4081
vn 0.8165 -0.4084 -0.4080
vn -0.8165 -0.4091 -0.4073
vn 0.8166 -0.4091 -0.4073
vn 0.8165 -0.4081 -0.4083
vn -0.8167 -0.4073 -0.4088
vn 0.8166 -0.4074 -0.4088
vn -0.0000 0.7073 -0.7069
vn -0.8163 0.4085 -0.4083
vn 0.8163 0.4085 -0.4083
vn -0.0000 0.7087 0.7056
vn -0.8167 0.4092 0.4070
vn 0.8167 0.4092 0.4070
vn -0.8165 0.4085 0.4080
vn 0.8165 0.4086 0.4080
vn -0.8166 0.4081 0.4083
vn 0.8165 0.4081 0.4083
vn -0.0000 0.7077 0.7065
vn -0.8166 0.4087 0.4077
vn 0.8166 0.4086 0.4077
vn -0.8166 0.4087 0.4076
vn 0.8166 0.4086 0.4076
vn -0.0000 0.7064 0.7078
vn -0.8166 0.4077 0.4086
vn 0.8166 0.4077 0.4086
vn -0.8165 0.4073 0.4093
vn 0.8164 0.4073 0.4093
vn -0.0001 -0.7055 0.7087
vn -0.8165 -0.4072 0.4093
vn 0.8165 -0.4073 0.4093
vn -0.0001 -0.7062 0.7080
vn -0.8165 -0.4076 0.4088
vn 0.8165 -0.4077 0.4088
vn -0.8164 -0.4087 0.4079
vn 0.8165 -0.4086 0.4079
vn -0.0000 -0.7077 0.7065
vn 0.8165 -0.4087 0.4077
vn -0.0000 -0.7073 0.7069
vn 0.8165 -0.4086 0.4080
vn -0.0000 -0.7087 0.7056
vn -0.8167 -0.4092 0.4070
vn 0.8167 -0.4092 0.4070
vn -0.8163 -0.4085 -0.4083
vn 0.8163 -0.4085 -0.4083
vn -0.8167 0.4073 -0.4088
vn 0.8167 0.4073 -0.4088
vn -0.8166 0.4081 -0.4082
vn -0.0000 0.7084 -0.7058
vn -0.8166 0.4091 -0.4073
vn 0.8166 0.4090 -0.4072
vn -0.0000 0.7074 -0.7068
vn -0.8165 0.4085 -0.4080
vn 0.8166 0.4084 -0.4080
vn -0.0000 0.7045 -0.7097
vn 0.8166 0.4063 -0.4100
vn -0.7054 -0.0000 0.7088
vn -0.7054 -0.0000 -0.7088
vn -0.4063 0.8171 -0.4089
vn -0.4063 0.8171 0.4089
vn -0.4063 -0.8171 0.4089
vn -0.4063 -0.8171 -0.4089
vn 0.7090 -0.0000 -0.7052
vn 0.4101 0.8161 -0.4072
vn 0.4101 -0.8161 -0.4072
vn 0.7090 -0.0000 0.7052
vn 0.4101 0.8161 0.4072
vn 0.4101 -0.8161 0.4072
vn 0.8160 -0.4109 -0.4064
vn 0.8164 -0.4108 0.4058
vn -0.8164 -0.4108 0.4058
vn -0.8164 0.4087 0.4079
vn 0.8164 0.4108 0.4058
vn -0.8164 0.4108 0.4058
vn 0.8160 0.4109 -0.4064
vn -0.4101 0.8161 -0.4073
vn -0.4101 0.8161 0.4073
vn -0.4072 -0.8161 -0.4101
vn 0.4071 0.8161 -0.4100
vn -0.4072 0.8161 -0.4101
vn -0.4071 -0.8171 0.4081
vn -0.4071 0.8172 0.4081
vn -0.4074 -0.8165 0.4092
vn 0.4073 -0.8165 0.4092
vn 0.4071 -0.8172 0.4081
vn 0.8165 0.4074 0.4091
vn -0.8172 0.4071 0.4081
vn -0.8161 0.4071 -0.4101
vn -0.8161 -0.4071 -0.4101
vn -0.8172 -0.4071 0.4081
vn 0.8165 -0.4074 0.4091
vn 0.7071 -0.0001 -0.7072
vn -0.7071 -0.0001 -0.7072
vn -0.7071 -0.0001 0.7072
vn 0.7071 -0.0001 0.7072
vn -0.8166 0.4081 0.4082
vn -0.0001 -0.7070 -0.7072
vn -0.8166 -0.4081 -0.4082
vn -0.0001 0.7071 -0.7072
vn 0.4096 0.4096 0.8151
vn 0.4091 -0.4010 -0.8197
vn -0.7069 0.7073 0.0002
vn -0.4081 0.4084 0.8165
vn -0.4084 0.4084 -0.8164
vn 0.7069 0.7073 0.0002
vn 0.4081 0.4084 0.8165
vn 0.4084 0.4084 -0.8164
vn 0.4085 -0.8166 -0.4078
vn 0.4086 -0.8162 0.4085
vn 0.4085 0.8162 0.4085
vn 0.4085 0.8166 -0.4077
vn -0.7067 -0.0000 0.7075
vn -0.4078 -0.8166 0.4085
vn -0.4078 0.8166 0.4084
vn 0.7072 -0.7071 -0.0000
vn 0.7047 -0.7095 -0.0000
vn 0.4066 -0.4100 0.8165
vn 0.4066 -0.4100 -0.8165
vn -0.7047 -0.7095 -0.0000
vn -0.4066 -0.4100 0.8165
vn -0.4066 -0.4100 -0.8165
vn -0.7095 -0.7047 -0.0000
vn -0.4099 -0.4066 0.8165
vn -0.4100 -0.4066 -0.8165
vn -0.7095 0.7047 -0.0000
vn -0.4099 0.4066 0.8165
vn -0.4100 0.4066 -0.8165
vn -0.4066 0.4100 0.8165
vn -0.4066 0.4100 -0.8165
vn 0.4066 0.4100 0.8165
vn 0.4066 0.4100 -0.8165
vn 0.7095 0.7047 -0.0000
vn 0.4099 0.4065 0.8165
vn 0.4099 0.4065 -0.8165
vn 0.7095 -0.7047 -0.0000
vn 0.4099 -0.4065 0.8165
vn 0.4099 -0.4065 -0.8165
vn -0.7079 -0.0000 0.7063
vn -0.4087 0.8161 -0.4087
vn -0.4086 0.8168 0.4073
vn -0.4086 -0.8168 0.4073
vn -0.4087 -0.8161 -0.4087
vn 0.7062 -0.0000 -0.7080
vn 0.4072 -0.8168 -0.4086
vn -0.7070 -0.7072 0.0001
vn -0.7070 0.7072 0.0001
vn -0.4081 0.4082 0.8166
vn -0.4081 -0.4082 0.8166
vn 0.4081 0.4082 0.8166
vn 0.7070 -0.7072 0.0001
vn 0.4081 -0.4082 0.8166
vn -0.7071 0.7071 0.0001
vn 0.7071 0.7071 0.0001
vn 0.7071 0.7072 0.0001
vn 0.4072 -0.8168 0.4086
vn -0.4087 0.8161 0.4087
vn -0.4087 -0.8161 0.4087
vn -0.7079 -0.0000 -0.7063
vn -0.4086 0.8168 -0.4073
vn -0.4086 -0.8168 -0.4073
vn -0.0000 0.7079 0.7063
vn -0.8168 0.4086 0.4073
vn 0.8168 0.4086 0.4073
vn -0.8161 0.4087 -0.4087
vn 0.8161 0.4087 -0.4087
vn 0.7071 0.0001 0.7072
vn 0.7071 0.0001 -0.7072
vn -0.7071 0.0001 -0.7071
vn -0.7071 0.0001 0.7071
vn -0.7065 -0.7077 -0.0000
vn -0.4074 -0.4084 -0.8168
vn -0.4081 0.4085 -0.8164
vn -0.4081 0.4085 0.8164
vn -0.4074 -0.4084 0.8168
vn -0.4080 0.4081 -0.8167
vn 0.4080 0.4081 -0.8167
vn 0.4085 0.4081 0.8164
vn -0.4085 0.4081 0.8164
vn -0.4080 -0.4082 -0.8166
vn -0.4085 -0.4082 0.8164
vn 0.4080 -0.4082 -0.8166
vn 0.4085 -0.4082 0.8164
vn -0.4083 -0.8164 0.4083
vn 0.7071 0.0001 -0.7071
vn 0.4083 -0.8164 -0.4083
vn 0.4084 -0.8164 0.4083
vn 0.0001 -0.7073 -0.7069
vn 0.0001 0.7074 -0.7068
vn 0.0001 0.7084 -0.7058
vn -0.0000 0.7071 -0.7072
vn 0.8166 0.4080 -0.4082
vn -0.8163 -0.4086 -0.4083
vn -0.0000 -0.7087 0.7055
vn -0.8166 -0.4092 0.4070
vn -0.0000 -0.7073 0.7070
vn 0.8165 -0.4081 0.4084
vn -0.0001 -0.7077 0.7065
vn 0.8165 -0.4088 0.4078
vn -0.8165 -0.4087 0.4077
vn -0.0001 -0.7076 0.7066
vn 0.8164 -0.4088 0.4080
vn -0.8165 -0.4086 0.4079
vn -0.8165 -0.4077 0.4088
vn -0.0000 -0.7055 0.7087
vn 0.8165 -0.4072 0.4093
vn -0.8165 -0.4073 0.4093
vn 0.8165 0.4073 0.4093
vn -0.8164 0.4073 0.4093
vn -0.0001 0.7077 0.7065
vn 0.8165 0.4088 0.4076
vn -0.8166 0.4086 0.4076
vn 0.8165 0.4087 0.4077
vn -0.8166 0.4086 0.4077
vn 0.8166 0.4081 0.4083
vn -0.0000 0.7073 0.7070
vn 0.8165 0.4085 0.4080
vn -0.8166 0.4092 0.4070
vn -0.8163 0.4086 -0.4083
vn -0.0000 -0.7061 -0.7082
vn 0.8167 -0.4073 -0.4088
vn 0.0001 -0.7083 -0.7059
vn 0.8166 -0.4090 -0.4073
vn -0.0000 0.7067 0.7075
vn -0.8164 0.4080 0.4087
vn 0.8164 0.4080 0.4087
vn -0.8164 -0.4085 -0.4081
vn 0.8165 -0.4084 -0.4081
vn -0.8167 0.4082 -0.4079
vn 0.8167 0.4082 -0.4079
vn -0.0000 -0.7074 -0.7068
vn -0.8165 -0.4084 -0.4080
vn -0.8167 -0.4074 0.4087
vn 0.8167 -0.4074 0.4087
vn -0.0000 0.7085 -0.7057
vn -0.8164 0.4093 -0.4073
vn 0.8164 0.4093 -0.4073
vn -0.8162 0.4088 0.4082
vn 0.8162 0.4088 0.4082
vn -0.4083 -0.8164 -0.4083
vn 0.4083 -0.8164 0.4083
vn 0.4082 0.4081 0.8166
vn -0.4082 0.4081 0.8166
vn -0.4082 0.4081 -0.8166
vn 0.4082 0.4081 -0.8166
vn 0.4085 0.4083 0.8164
vn -0.4085 0.4083 0.8164
vn -0.4085 0.4083 -0.8164
vn 0.4085 0.4083 -0.8164
vn 0.4085 -0.4084 0.8163
vn 0.4085 -0.4084 -0.8163
vn -0.4085 -0.4084 0.8163
vn -0.4085 -0.4084 -0.8163
vt 48.025398 -55.024799
vt 48.025398 -55.041698
vt 48.042301 -55.041698
vt 48.042301 -55.024799
vt 4.001530 -52.995300
vt 3.998470 -52.995300
vt 3.998470 -52.999298
vt 4.001530 -52.999298
vt 20.042299 -39.110001
vt 20.042299 -39.042301
vt 19.957701 -39.042301
vt 19.957701 -39.110001
vt 19.940800 -38.940800
vt 19.940800 -38.957699
vt 19.957701 -38.957699
vt 19.957701 -38.940800
vt 20.237000 -39.042301
vt 20.237000 -38.957699
vt 20.220100 -38.957699
vt 20.220100 -39.042301
vt 42.186199 -26.966299
vt 42.169300 -26.966299
vt 42.169300 -26.974600
vt 42.186199 -26.974600
vt 20.084600 -38.923801
vt 20.084600 -38.906898
vt 20.135401 -38.906898
vt 19.779900 -38.889999
vt 20.016899 -38.906898
vt 20.067699 -38.906898
vt 20.067699 -38.923801
vt 4.001530 -53.002102
vt 4.001530 -53.000702
vt 3.998470 -53.000702
vt 3.998470 -53.002102
vt 41.991501 -26.991501
vt 41.991501 -26.974600
vt 41.974602 -26.974600
vt 41.974602 -26.991501
vt 3.998470 -52.992100
vt 4.001530 -52.992100
vt 41.957699 -26.974600
vt 41.957699 -26.991501
vt 42.042301 -26.991501
vt 42.042301 -26.974600
vt 4.001530 -52.997700
vt 3.998470 -52.997700
vt 41.949200 -27.042299
vt 41.949200 -26.957701
vt 41.932301 -26.957701
vt 41.932301 -27.042299
vt 42.025398 -26.957701
vt 42.008499 -26.957701
vt 42.008499 -26.974600
vt 41.991501 -26.957701
vt 41.974602 -26.957701
vt 42.025398 -26.991501
vt 19.983101 -39.059200
vt 19.983101 -39.025398
vt 19.932301 -39.025398
vt 19.932301 -39.059200
vt 20.118500 -38.957699
vt 20.135401 -38.957699
vt 20.135401 -38.940800
vt 20.084600 -38.940800
vt 20.084600 -38.974602
vt 20.118500 -38.974602
vt 19.957701 -39.025398
vt 19.957701 -39.093102
vt 20.042299 -39.093102
vt 20.042299 -39.025398
vt 20.059200 -38.923801
vt 20.059200 -38.906898
vt 20.025400 -38.906898
vt 20.025400 -38.923801
vt 4.001530 -53.004700
vt 3.998470 -53.004700
vt 42.203098 -26.957701
vt 42.084599 -26.957701
vt 42.084599 -27.042299
vt 42.203098 -27.042299
vt 42.203098 -27.025400
vt 42.135399 -27.025400
vt 42.135399 -26.974600
vt 42.203098 -26.974600
vt 41.830700 -27.025400
vt 41.813801 -27.025400
vt 41.813801 -27.042299
vt 41.813801 -26.957701
vt 41.813801 -26.974600
vt 41.830700 -26.974600
vt 41.830700 -26.991501
vt 41.864601 -26.991501
vt 41.864601 -27.008499
vt 41.830700 -27.008499
vt 19.881500 -39.042301
vt 19.881500 -39.059200
vt 19.898399 -39.059200
vt 19.898399 -39.042301
vt 47.856098 -55.024799
vt 47.805302 -55.024799
vt 47.805302 -55.041698
vt 47.856098 -55.041698
vt 41.957699 -27.008499
vt 41.974602 -27.008499
vt 41.949200 -26.974600
vt 42.067699 -26.974600
vt 42.067699 -26.957701
vt 42.008499 -26.966299
vt 41.991501 -26.966299
vt 48.194698 -55.025398
vt 48.194698 -54.974602
vt 48.177700 -54.974602
vt 48.177700 -55.025398
vt 41.796902 -27.042299
vt 41.796902 -27.025400
vt 41.779900 -27.025400
vt 41.779900 -27.042299
vt 41.796902 -26.957701
vt 41.796902 -26.974600
vt 27.993099 -48.984001
vt 27.988600 -48.984001
vt 27.988600 -48.988602
vt 27.993099 -48.988602
vt 28.006901 -48.993099
vt 28.006901 -48.988602
vt 27.988600 -48.993099
vt 27.993099 -48.993099
vt 27.993099 -48.997700
vt 28.006901 -48.997700
vt 28.006901 -49.002300
vt 27.993099 -49.002300
vt 27.993099 -49.006901
vt 27.988600 -49.006901
vt 27.988600 -49.011398
vt 28.006901 -49.011398
vt 28.006901 -49.006901
vt 28.011400 -49.006901
vt 28.011400 -48.993099
vt 4.001530 -53.003502
vt 3.998470 -53.003502
vt 3.998470 -53.005001
vt 4.001530 -53.005001
vt 20.059200 -39.110001
vt 20.059200 -39.093102
vt 42.008499 -26.991501
vt 19.957701 -39.008499
vt 20.042299 -39.008499
vt 42.135399 -26.957701
vt 42.135399 -26.991501
vt 42.203098 -26.991501
vt 42.186199 -26.957701
vt 42.067699 -27.008499
vt 42.067699 -27.025400
vt 41.932301 -27.025400
vt 42.220100 -27.042299
vt 42.220100 -27.025400
vt 42.203098 -27.008499
vt 19.763000 -38.923801
vt 19.763000 -38.940800
vt 19.779900 -38.940800
vt 19.779900 -38.923801
vt 41.796902 -26.991501
vt 41.779900 -26.991501
vt 41.779900 -27.008499
vt 41.796902 -27.008499
vt 42.042301 -27.008499
vt 42.025398 -27.008499
vt 20.042299 -38.923801
vt 20.042299 -38.906898
vt 19.974600 -38.923801
vt 19.974600 -38.906898
vt 19.957701 -38.889999
vt 19.957701 -38.906898
vt 19.940800 -38.906898
vt 19.940800 -38.923801
vt 19.957701 -38.923801
vt 20.042299 -38.940800
vt 19.898399 -38.957699
vt 19.915400 -39.042301
vt 19.915400 -38.957699
vt 41.830700 -26.966299
vt 41.813801 -26.966299
vt 41.932301 -26.974600
vt 19.915400 -38.940800
vt 20.186199 -38.957699
vt 20.186199 -38.940800
vt 41.974602 -27.042299
vt 42.025398 -27.042299
vt 42.025398 -27.025400
vt 42.042301 -27.025400
vt 41.957699 -27.025400
vt 41.974602 -27.025400
vt 19.813801 -39.042301
vt 19.813801 -38.957699
vt 19.796900 -38.957699
vt 19.796900 -39.042301
vt 47.923801 -54.974602
vt 47.923801 -54.957699
vt 47.873001 -54.957699
vt 47.873001 -54.974602
vt 42.220100 -26.974600
vt 42.220100 -26.957701
vt 41.779900 -26.957701
vt 20.152300 -38.906898
vt 20.101601 -38.906898
vt 20.101601 -38.923801
vt 20.152300 -38.923801
vt 42.186199 -26.991501
vt 42.067699 -26.991501
vt 42.050800 -26.974600
vt 42.050800 -27.025400
vt 41.915401 -26.974600
vt 41.915401 -26.991501
vt 42.186199 -27.008499
vt 47.991501 -54.990898
vt 47.991501 -54.973999
vt 48.008499 -54.973999
vt 48.025398 -54.958302
vt 47.974602 -54.958302
vt 47.974602 -55.007801
vt 48.025398 -55.007801
vt 48.008499 -54.990898
vt 20.220100 -38.974602
vt 20.237000 -38.974602
vt 47.974602 -55.024799
vt 47.974602 -55.041698
vt 20.186199 -39.059200
vt 20.186199 -39.042301
vt 19.915400 -39.059200
vt 4.001530 -52.993599
vt 3.998470 -52.993599
vt 19.957701 -38.991501
vt 19.940800 -38.991501
vt 19.864599 -38.923801
vt 19.915400 -38.923801
vt 19.915400 -38.906898
vt 19.864599 -38.906898
vt 41.957699 -27.042299
vt 41.813801 -27.008499
vt 19.983101 -38.923801
vt 19.932301 -38.923801
vt 19.813801 -38.940800
vt 19.813801 -38.991501
vt 19.796900 -38.991501
vt 19.796900 -39.025398
vt 19.779900 -39.025398
vt 19.779900 -39.110001
vt 19.864599 -39.110001
vt 19.864599 -39.093102
vt 19.881500 -39.093102
vt 19.881500 -39.025398
vt 19.898399 -39.025398
vt 19.898399 -38.991501
vt 19.915400 -38.991501
vt 42.067699 -27.042299
vt 41.932301 -27.008499
vt 3.998470 -53.007900
vt 4.001530 -53.007900
vt 20.084600 -39.059200
vt 20.084600 -39.025398
vt 20.033899 -39.025398
vt 20.033899 -39.059200
vt 41.813801 -26.991501
vt 48.093102 -55.042301
vt 48.093102 -55.025398
vt 48.042301 -55.025398
vt 48.042301 -55.042301
vt 47.957699 -55.024799
vt 47.957699 -55.041698
vt 20.059200 -38.940800
vt 20.025400 -38.957699
vt 20.025400 -38.974602
vt 20.042299 -38.974602
vt 20.042299 -38.957699
vt 28.006901 -48.984001
vt 19.796900 -38.940800
vt 19.779900 -38.957699
vt 42.025398 -26.974600
vt 20.220100 -39.059200
vt 48.076199 -55.041698
vt 48.126999 -55.041698
vt 48.126999 -55.024799
vt 48.076199 -55.024799
vt 48.076199 -55.042301
vt 48.126999 -55.042301
vt 48.126999 -55.025398
vt 48.076199 -55.025398
vt 28.011400 -49.011398
vt 19.940800 -38.889999
vt 20.186199 -38.906898
vt 20.220100 -38.906898
vt 20.220100 -38.889999
vt 20.186199 -38.889999
vt 48.143902 -55.042301
vt 48.194698 -55.042301
vt 48.143902 -55.025398
vt 19.940800 -39.025398
vt 20.220100 -38.923801
vt 20.237000 -38.923801
vt 20.237000 -38.906898
vt 48.093102 -55.024799
vt 48.093102 -55.041698
vt 47.974602 -54.974602
vt 48.025398 -54.974602
vt 48.025398 -54.957699
vt 47.974602 -54.957699
vt 27.993099 -49.011398
vt 47.974602 -55.042301
vt 48.025398 -55.042301
vt 48.025398 -55.025398
vt 47.974602 -55.025398
vt 20.101601 -39.093102
vt 20.118500 -39.093102
vt 20.118500 -39.025398
vt 20.101601 -39.025398
vt 28.002300 -48.984001
vt 28.002300 -48.988602
vt 47.923801 -55.024799
vt 47.873001 -55.024799
vt 47.873001 -55.041698
vt 47.923801 -55.041698
vt 47.856098 -55.042301
vt 47.856098 -55.025398
vt 47.805302 -55.025398
vt 47.805302 -55.042301
vt 28.002300 -49.011398
vt 28.002300 -49.015999
vt 28.006901 -49.015999
vt 48.194698 -54.973999
vt 48.143902 -54.973999
vt 48.143902 -54.990898
vt 48.194698 -54.990898
vt 41.779900 -26.974600
vt 41.949200 -27.025400
vt 42.186199 -27.025400
vt 42.135399 -27.008499
vt 3.998470 -53.006401
vt 4.001530 -53.006401
vt 42.169300 -26.991501
vt 19.974600 -38.940800
vt 20.025400 -38.940800
vt 20.042299 -38.889999
vt 27.997700 -49.006901
vt 27.997700 -48.993099
vt 28.011400 -48.988602
vt 28.002300 -48.993099
vt 28.002300 -49.006901
vt 3.998470 -53.002201
vt 4.001530 -53.002201
vt 42.008499 -27.008499
vt 47.805302 -54.958302
vt 47.805302 -55.007801
vt 48.119701 -55.007801
vt 48.119701 -54.958302
vt 19.974600 -38.957699
vt 19.974600 -38.974602
vt 41.864601 -26.957701
vt 41.864601 -26.974600
vt 19.796900 -38.974602
vt 19.813801 -38.974602
vt 42.042301 -27.042299
vt 42.220100 -27.008499
vt 42.220100 -26.991501
vt 20.203100 -39.042301
vt 20.203100 -39.025398
vt 20.186199 -39.025398
vt 19.813801 -38.889999
vt 19.779900 -38.906898
vt 19.813801 -38.906898
vt 20.059200 -38.991501
vt 20.042299 -38.991501
vt 19.932301 -39.042301
vt 19.932301 -38.957699
vt 48.093102 -54.974602
vt 48.093102 -54.957699
vt 48.042301 -54.957699
vt 48.042301 -54.974602
vt 48.143902 -55.041698
vt 48.194698 -55.041698
vt 48.194698 -55.024799
vt 48.143902 -55.024799
vt 19.881500 -38.957699
vt 19.881500 -38.940800
vt 19.864599 -38.940800
vt 19.864599 -38.957699
vt 20.203100 -38.974602
vt 20.186199 -38.974602
vt 19.915400 -39.025398
vt 19.864599 -39.025398
vt 19.864599 -39.059200
vt 19.983101 -38.974602
vt 19.983101 -38.940800
vt 19.932301 -38.940800
vt 19.932301 -38.974602
vt 20.059200 -39.025398
vt 19.796900 -39.059200
vt 19.779900 -39.042301
vt 19.779900 -39.059200
vt 20.067699 -38.974602
vt 20.067699 -38.940800
vt 20.016899 -38.940800
vt 20.016899 -38.974602
vt 47.906898 -54.974602
vt 47.957699 -54.974602
vt 47.957699 -54.957699
vt 47.906898 -54.957699
vt 20.203100 -38.957699
vt 20.203100 -39.059200
vt 20.203100 -38.940800
vt 20.203100 -38.923801
vt 20.033899 -38.923801
vt 28.016001 -48.988602
vt 28.016001 -48.993099
vt 19.932301 -38.991501
vt 20.237000 -39.025398
vt 20.220100 -39.025398
vt 27.997700 -48.988602
vt 27.997700 -48.984001
vt 20.059200 -38.957699
vt 19.813801 -39.059200
vt 20.220100 -38.940800
vt 19.966101 -39.059200
vt 19.966101 -39.025398
vt 19.796900 -38.923801
vt 19.864599 -39.042301
vt 19.881500 -38.923801
vt 19.813801 -38.923801
vt 19.813801 -39.008499
vt 19.796900 -39.008499
vt 19.796900 -39.110001
vt 47.856098 -54.974602
vt 47.856098 -54.957699
vt 47.805302 -54.957699
vt 47.805302 -54.974602
vt 19.966101 -38.974602
vt 19.966101 -38.940800
vt 19.915400 -38.974602
vt 19.957701 -38.974602
vt 28.011400 -48.997700
vt 28.011400 -49.002300
vt 28.016001 -49.002300
vt 28.016001 -48.997700
vt 19.940800 -39.110001
vt 19.898399 -38.940800
vt 27.993099 -49.015999
vt 27.997700 -49.015999
vt 27.997700 -49.011398
vt 19.779900 -39.008499
vt 19.763000 -38.906898
vt 19.932301 -38.906898
vt 19.983101 -38.906898
vt 20.033899 -38.906898
vt 20.084600 -38.957699
vt 19.966101 -38.923801
vt 19.898399 -38.923801
vt 19.847700 -38.923801
vt 20.059200 -38.889999
vt 19.898399 -38.906898
vt 19.847700 -38.906898
vt 19.763000 -39.042301
vt 19.763000 -38.957699
vt 48.143902 -54.974602
vt 48.194698 -54.957699
vt 48.143902 -54.957699
vt 20.186199 -38.991501
vt 20.203100 -38.991501
vt 41.932301 -26.991501
vt 42.084599 -26.991501
vt 42.084599 -26.974600
vt 27.983999 -48.997700
vt 27.983999 -49.002300
vt 27.988600 -49.002300
vt 27.988600 -48.997700
vt 19.779900 -38.974602
vt 19.763000 -38.974602
vt 19.763000 -39.025398
vt 19.864599 -38.974602
vt 19.881500 -38.974602
vt 28.016001 -49.006901
vt 47.906898 -55.042301
vt 47.957699 -55.042301
vt 47.957699 -55.025398
vt 47.906898 -55.025398
vt 19.898399 -38.974602
vt 19.847700 -38.940800
vt 19.847700 -38.974602
vt 3.998470 -53.009399
vt 4.001530 -53.009399
vt 19.966101 -38.906898
vt 20.016899 -38.923801
vt 20.135401 -39.093102
vt 20.135401 -39.110001
vt 20.220100 -39.110001
vt 20.135401 -38.923801
vt 20.084600 -38.991501
vt 20.101601 -38.991501
vt 20.237000 -38.940800
vt 20.067699 -38.991501
vt 47.906898 -55.041698
vt 47.906898 -55.024799
vt 27.983999 -48.993099
vt 27.983999 -49.006901
vt 20.186199 -39.008499
vt 20.186199 -38.923801
vt 20.118500 -38.923801
vt 20.203100 -39.110001
vt 20.203100 -39.008499
vt 27.988600 -49.015999
vt 20.237000 -38.889999
vt 4.001530 -52.994999
vt 3.998470 -52.994999
vt 19.847700 -39.025398
vt 19.847700 -39.059200
vt 19.763000 -38.889999
vt 48.194698 -55.008499
vt 48.194698 -54.991501
vt 48.143902 -54.991501
vt 48.143902 -55.008499
vt 20.135401 -39.059200
vt 20.135401 -39.042301
vt 20.118500 -39.042301
vt 48.076199 -54.974602
vt 48.126999 -54.974602
vt 48.126999 -54.957699
vt 48.076199 -54.957699
vt 20.060400 -39.025398
vt 20.060400 -38.974602
vt 4.002130 -52.999298
vt 4.002130 -53.000702
vt 4.000730 -53.000702
vt 4.000730 -53.004700
vt 3.997740 -53.004700
vt 3.997740 -53.006401
vt 3.995030 -53.006401
vt 3.995030 -53.009399
vt 3.999340 -53.009399
vt 3.999340 -53.007900
vt 4.002130 -53.007900
vt 4.002130 -53.004700
vt 4.003470 -53.004700
vt 4.003470 -53.002201
vt 4.004970 -53.002201
vt 4.004970 -52.997799
vt 4.003470 -52.997799
vt 4.003470 -52.995300
vt 4.002130 -52.995300
vt 4.002130 -52.992100
vt 3.999340 -52.992100
vt 3.999340 -52.990601
vt 3.995030 -52.990601
vt 3.995030 -52.993599
vt 3.997740 -52.993599
vt 3.997740 -52.995300
vt 4.000730 -52.995300
vt 4.000730 -52.999298
vt 47.923801 -55.042301
vt 47.923801 -55.025398
vt 47.873001 -55.025398
vt 47.873001 -55.042301
vt 27.983999 -48.988602
vt 28.011400 -48.984001
vt 28.011400 -49.015999
vt 20.237000 -39.110001
vt 3.998470 -52.990601
vt 4.001530 -52.990601
vt 20.220100 -39.008499
vt 47.805302 -54.990898
vt 47.856098 -54.990898
vt 47.856098 -54.973999
vt 47.805302 -54.973999
vt 19.763000 -39.110001
vt 48.194698 -54.958302
vt 47.880299 -54.958302
vt 47.880299 -55.007801
vt 48.194698 -55.007801
vt 20.152300 -39.059200
vt 20.152300 -39.025398
vt 20.101601 -39.059200
vt 19.940800 -39.093102
vt 19.898399 -39.093102
vt 41.991501 -27.008499
vt 3.999270 -53.004700
vt 3.999270 -53.000702
vt 3.997870 -53.000702
vt 3.997870 -52.999298
vt 3.999270 -52.999298
vt 3.999270 -52.995300
vt 4.002260 -52.995300
vt 4.002260 -52.993599
vt 4.004970 -52.993599
vt 4.004970 -52.990601
vt 4.000660 -52.990601
vt 4.000660 -52.992100
vt 3.997870 -52.992100
vt 3.997870 -52.995300
vt 3.996530 -52.995300
vt 3.996530 -52.997799
vt 3.995030 -52.997799
vt 3.995030 -53.002201
vt 3.996530 -53.002201
vt 3.996530 -53.004700
vt 3.997870 -53.004700
vt 3.997870 -53.007900
vt 4.000660 -53.007900
vt 4.000660 -53.009399
vt 4.004970 -53.009399
vt 4.004970 -53.006401
vt 4.002260 -53.006401
vt 4.002260 -53.004700
vt 20.067699 -39.059200
vt 20.067699 -39.025398
vt 20.016899 -39.025398
vt 20.016899 -39.059200
vt 20.033899 -38.940800
vt 20.033899 -38.974602
vt 48.119701 -54.974602
vt 48.119701 -55.025398
vt 47.805302 -55.008499
vt 47.856098 -55.008499
vt 47.856098 -54.991501
vt 47.805302 -54.991501
vt 20.152300 -38.974602
vt 20.152300 -38.940800
vt 20.101601 -38.940800
vt 20.101601 -38.974602
vt 4.001530 -52.997799
vt 3.998470 -52.997799
s 1
usemtl Meshpart1Mtl.001
f 3469/21/55 3470/22/56 373/22/57 371/21/58
f 3470/22/56 3469/21/55 372/21/59 374/22/60
f 3470/22/56 3471/23/61 367/23/62 373/22/57
f 3471/23/61 3470/22/56 374/22/60 368/23/63
f 3471/23/61 3472/24/64 369/24/65 367/23/62
f 3472/24/64 3471/23/61 368/23/63 370/24/66
f 3472/24/64 3469/21/55 371/21/58 369/24/65
f 3469/21/55 3472/24/64 370/24/66 372/21/59
f 3484/36/98 3485/37/1 493/37/99 491/36/100
f 3485/37/1 3484/36/98 492/36/101 494/37/102
f 3485/37/1 3486/38/103 487/38/104 493/37/99
f 3486/38/103 3485/37/1 494/37/102 488/38/105
f 3486/38/103 3487/39/37 489/39/106 487/38/104
f 3487/39/37 3486/38/103 488/38/105 490/39/38
f 3487/39/37 3484/36/98 491/36/100 489/39/106
f 3484/36/98 3487/39/37 490/39/38 492/36/101
f 3492/42/26 3493/43/25 75/43/3 71/42/4
f 3493/43/25 3492/42/26 72/42/5 76/43/6
f 3493/43/25 3494/44/30 73/44/38 75/43/3
f 3494/44/30 3493/43/25 76/43/6 74/44/9
f 3494/44/30 3495/45/28 69/45/119 73/44/38
f 3495/45/28 3494/44/30 74/44/9 70/45/12
f 3495/45/28 3492/42/26 71/42/4 69/45/119
f 3492/42/26 3495/45/28 70/45/12 72/42/5
f 3500/48/43 3501/49/44 179/49/132 177/48/133
f 3501/49/44 3500/48/43 178/48/47 180/49/48
f 3501/49/44 3502/50/49 173/50/134 179/49/132
f 3502/50/49 3501/49/44 180/49/48 174/50/135
f 3502/50/49 3503/51/52 175/51/136 173/50/134
f 3503/51/52 3502/50/49 174/50/135 176/51/54
f 3503/51/52 3500/48/43 177/48/133 175/51/136
f 3500/48/43 3503/51/52 176/51/54 178/48/47
f 3504/52/137 3505/53/138 115/53/139 113/52/140
f 3505/53/138 3504/52/137 114/52/141 116/53/142
f 3505/53/138 3506/54/26 111/54/27 115/53/139
f 3506/54/26 3505/53/138 116/53/142 112/54/5
f 3506/54/26 3507/37/28 103/37/29 111/54/27
f 3507/37/28 3506/54/26 112/54/5 104/37/12
f 3507/37/28 3508/55/143 109/55/144 103/37/29
f 3508/55/143 3507/37/28 104/37/12 110/55/145
f 3508/55/143 3509/56/146 107/56/147 109/55/144
f 3509/56/146 3508/55/143 110/55/145 108/56/148
f 3509/56/146 3510/39/149 105/39/150 107/56/147
f 3510/39/149 3509/56/146 108/56/148 106/39/151
f 3510/39/149 3511/57/152 101/57/153 105/39/150
f 3511/57/152 3510/39/149 106/39/151 102/57/154
f 3511/57/152 3504/52/137 113/52/140 101/57/153
f 3504/52/137 3511/57/152 102/57/154 114/52/141
f 3534/78/202 3535/79/203 235/79/204 239/78/205
f 3535/79/203 3534/78/202 240/78/206 236/79/207
f 3535/79/203 3536/80/208 233/80/209 235/79/204
f 3536/80/208 3535/79/203 236/79/207 234/80/210
f 3536/80/208 3537/81/211 231/81/212 233/80/209
f 3537/81/211 3536/80/208 234/80/210 232/81/213
f 3537/81/211 3538/82/214 223/82/215 231/81/212
f 3538/82/214 3537/81/211 232/81/213 224/82/216
f 3538/82/214 3539/83/217 229/83/218 223/82/215
f 3539/83/217 3538/82/214 224/82/216 230/83/219
f 3539/83/217 3540/84/220 237/84/221 229/83/218
f 3540/84/220 3539/83/217 230/83/219 238/84/222
f 3540/84/220 3541/85/223 221/85/224 237/84/221
f 3541/85/223 3540/84/220 238/84/222 222/85/225
f 3541/85/223 3534/78/202 239/78/205 221/85/224
f 3534/78/202 3541/85/223 222/85/225 240/78/206
f 3542/86/226 3543/87/227 207/87/228 197/86/229
f 3543/87/227 3542/86/226 198/86/230 208/87/231
f 3543/87/227 3544/88/232 205/88/233 207/87/228
f 3544/88/232 3543/87/227 208/87/231 206/88/234
f 3544/88/232 3545/51/235 199/51/236 205/88/233
f 3545/51/235 3544/88/232 206/88/234 200/51/237
f 3545/51/235 3546/50/238 211/50/239 199/51/236
f 3546/50/238 3545/51/235 200/51/237 212/50/240
f 3546/50/238 3547/89/241 217/89/242 211/50/239
f 3547/89/241 3546/50/238 212/50/240 218/89/243
f 3547/89/241 3548/90/244 219/90/245 217/89/242
f 3548/90/244 3547/89/241 218/89/243 220/90/246
f 3548/90/244 3549/91/247 213/91/248 219/90/245
f 3549/91/247 3548/90/244 220/90/246 214/91/249
f 3549/91/247 3550/92/250 215/92/251 213/91/248
f 3550/92/250 3549/91/247 214/91/249 216/92/252
f 3550/92/250 3551/93/52 209/93/253 215/92/251
f 3551/93/52 3550/92/250 216/92/252 210/93/254
f 3551/93/52 3552/94/49 201/94/255 209/93/253
f 3552/94/49 3551/93/52 210/93/254 202/94/256
f 3552/94/49 3553/95/257 203/95/258 201/94/255
f 3553/95/257 3552/94/49 202/94/256 204/95/259
f 3553/95/257 3542/86/226 197/86/229 203/95/258
f 3542/86/226 3553/95/257 204/95/259 198/86/230
f 3562/43/143 3563/104/30 445/104/9 441/43/278
f 3563/104/30 3562/43/143 442/43/279 446/104/8
f 3563/104/30 3564/105/280 443/105/281 445/104/9
f 3564/105/280 3563/104/30 446/104/8 444/105/282
f 3564/105/280 3565/39/26 439/39/283 443/105/281
f 3565/39/26 3564/105/280 444/105/282 440/39/284
f 3565/39/26 3562/43/143 441/43/278 439/39/283
f 3562/43/143 3565/39/26 440/39/284 442/43/279
f 3566/106/52 3567/107/43 301/107/46 303/106/53
f 3567/107/43 3566/106/52 304/106/54 302/107/47
f 3567/107/43 3568/108/44 297/108/45 301/107/46
f 3568/108/44 3567/107/43 302/107/47 298/108/48
f 3568/108/44 3569/49/49 299/49/50 297/108/45
f 3569/49/49 3568/108/44 298/108/48 300/49/51
f 3569/49/49 3566/106/52 303/106/53 299/49/50
f 3566/106/52 3569/49/49 300/49/51 304/106/54
f 3570/109/285 3571/110/286 55/110/287 57/109/288
f 3571/110/286 3570/109/285 58/109/289 56/110/290
f 3571/110/286 3572/37/291 49/37/292 55/110/287
f 3572/37/291 3571/110/286 56/110/290 50/37/293
f 3572/37/291 3573/54/294 53/54/295 49/37/292
f 3573/54/294 3572/37/291 50/37/293 54/54/296
f 3573/54/294 3570/109/285 57/109/288 53/54/295
f 3570/109/285 3573/54/294 54/54/296 58/109/289
f 3578/115/43 3579/116/44 287/116/88 283/115/89
f 3579/116/44 3578/115/43 284/115/261 288/116/298
f 3579/116/44 3580/117/49 285/117/299 287/116/88
f 3580/117/49 3579/116/44 288/116/298 286/117/300
f 3580/117/49 3581/118/52 281/118/301 285/117/299
f 3581/118/52 3580/117/49 286/117/300 282/118/302
f 3581/118/52 3578/115/43 283/115/89 281/118/301
f 3578/115/43 3581/118/52 282/118/302 284/115/261
f 3582/90/43 3583/89/44 271/89/297 267/90/264
f 3583/89/44 3582/90/43 268/90/261 272/89/298
f 3583/89/44 3584/119/49 269/119/255 271/89/297
f 3584/119/49 3583/89/44 272/89/298 270/119/300
f 3584/119/49 3585/120/52 265/120/253 269/119/255
f 3585/120/52 3584/119/49 270/119/300 266/120/302
f 3585/120/52 3582/90/43 267/90/264 265/120/253
f 3582/90/43 3585/120/52 266/120/302 268/90/261
f 3586/88/43 3587/87/44 247/87/297 243/88/264
f 3587/87/44 3586/88/43 244/88/261 248/87/298
f 3587/87/44 3588/116/49 245/116/255 247/87/297
f 3588/116/49 3587/87/44 248/87/298 246/116/300
f 3588/116/49 3589/115/52 241/115/253 245/116/255
f 3589/115/52 3588/116/49 246/116/300 242/115/302
f 3589/115/52 3586/88/43 243/88/264 241/115/253
f 3586/88/43 3589/115/52 242/115/302 244/88/261
f 3618/146/25 3619/54/26 485/54/5 483/146/6
f 3619/54/26 3618/146/25 484/146/304 486/54/303
f 3619/54/26 3620/37/28 479/37/12 485/54/5
f 3620/37/28 3619/54/26 486/54/303 480/37/119
f 3620/37/28 3621/36/30 481/36/9 479/37/12
f 3621/36/30 3620/37/28 480/37/119 482/36/38
f 3621/36/30 3618/146/25 483/146/6 481/36/9
f 3618/146/25 3621/36/30 482/36/38 484/146/304
f 3622/93/351 3623/92/352 155/92/353 163/93/354
f 3623/92/352 3622/93/351 164/93/355 156/92/356
f 3623/92/352 3624/95/357 147/95/358 155/92/353
f 3624/95/357 3623/92/352 156/92/356 148/95/359
f 3624/95/357 3625/94/360 161/94/361 147/95/358
f 3625/94/360 3624/95/357 148/95/359 162/94/362
f 3625/94/360 3622/93/351 163/93/354 161/94/361
f 3622/93/351 3625/94/360 162/94/362 164/93/355
f 3630/149/363 3631/150/364 603/150/365 605/149/366
f 3631/150/364 3630/149/363 606/149/367 604/150/368
f 3631/150/364 3632/151/369 595/151/370 603/150/365
f 3632/151/369 3631/150/364 604/150/368 596/151/371
f 3632/151/369 3633/85/56 599/85/372 595/151/370
f 3633/85/56 3632/151/369 596/151/371 600/85/373
f 3633/85/56 3634/24/374 601/24/375 599/85/372
f 3634/24/374 3633/85/56 600/85/373 602/24/376
f 3634/24/374 3635/152/377 607/152/378 601/24/375
f 3635/152/377 3634/24/374 602/24/376 608/152/379
f 3635/152/377 3630/149/363 605/149/366 607/152/378
f 3630/149/363 3635/152/377 608/152/379 606/149/367
f 3636/153/271 3637/154/271 395/154/272 407/153/380
f 3637/154/271 3636/153/271 408/153/381 396/154/382
f 3637/154/271 3638/155/383 401/155/384 395/154/272
f 3638/155/383 3637/154/271 396/154/382 402/155/385
f 3638/155/383 3639/51/386 397/51/387 401/155/384
f 3639/51/386 3638/155/383 402/155/385 398/51/388
f 3639/51/386 3640/156/389 399/156/390 397/51/387
f 3640/156/389 3639/51/386 398/51/388 400/156/391
f 3640/156/389 3641/157/392 405/157/393 399/156/390
f 3641/157/392 3640/156/389 400/156/391 406/157/394
f 3641/157/392 3642/82/395 403/82/396 405/157/393
f 3642/82/395 3641/157/392 406/157/394 404/82/397
f 3642/82/395 3643/158/398 409/158/399 403/82/396
f 3643/158/398 3642/82/395 404/82/397 410/158/400
f 3643/158/398 3636/153/271 407/153/380 409/158/399
f 3636/153/271 3643/158/398 410/158/400 408/153/381
f 3648/163/270 3649/164/406 347/164/407 345/163/408
f 3649/164/406 3648/163/270 346/163/409 348/164/410
f 3649/164/406 3650/165/276 341/165/200 347/164/407
f 3650/165/276 3649/164/406 348/164/410 342/165/201
f 3650/165/276 3651/166/411 343/166/412 341/165/200
f 3651/166/411 3650/165/276 342/165/201 344/166/413
f 3651/166/411 3648/163/270 345/163/408 343/166/412
f 3648/163/270 3651/166/411 344/166/413 346/163/409
f 3652/167/25 3653/44/138 433/44/414 431/167/6
f 3653/44/138 3652/167/25 432/167/3 434/44/415
f 3653/44/138 3654/57/28 427/57/416 433/44/414
f 3654/57/28 3653/44/138 434/44/415 428/57/417
f 3654/57/28 3655/168/418 429/168/419 427/57/416
f 3655/168/418 3654/57/28 428/57/417 430/168/420
f 3655/168/418 3652/167/25 431/167/6 429/168/419
f 3652/167/25 3655/168/418 430/168/420 432/167/3
f 3674/90/64 3675/91/61 615/91/63 613/90/66
f 3675/91/61 3674/90/64 614/90/65 616/91/62
f 3675/91/61 3676/182/56 609/182/60 615/91/63
f 3676/182/56 3675/91/61 616/91/62 610/182/57
f 3676/182/56 3677/183/55 611/183/59 609/182/60
f 3677/183/55 3676/182/56 610/182/57 612/183/58
f 3677/183/55 3674/90/64 613/90/66 611/183/59
f 3674/90/64 3677/183/55 612/183/58 614/90/65
f 3678/107/49 3679/184/44 529/184/48 525/107/51
f 3679/184/44 3678/107/49 526/107/50 530/184/132
f 3679/184/44 3680/155/43 527/155/47 529/184/48
f 3680/155/43 3679/184/44 530/184/132 528/155/133
f 3680/155/43 3681/154/52 523/154/54 527/155/47
f 3681/154/52 3680/155/43 528/155/133 524/154/53
f 3681/154/52 3678/107/49 525/107/51 523/154/54
f 3678/107/49 3681/154/52 524/154/53 526/107/50
f 3690/188/319 3691/189/475 99/189/476 97/188/320
f 3691/189/475 3690/188/319 98/188/477 100/189/478
f 3691/189/475 3692/190/30 87/190/38 99/189/476
f 3692/190/30 3691/189/475 100/189/478 88/190/106
f 3692/190/30 3693/191/479 89/191/480 87/190/38
f 3693/191/479 3692/190/30 88/190/106 90/191/481
f 3693/191/479 3694/45/482 85/45/483 89/191/480
f 3694/45/482 3693/191/479 90/191/481 86/45/484
f 3694/45/482 3695/42/485 93/42/486 85/45/483
f 3695/42/485 3694/45/482 86/45/484 94/42/487
f 3695/42/485 3696/192/488 95/192/489 93/42/486
f 3696/192/488 3695/42/485 94/42/487 96/192/490
f 3696/192/488 3697/193/25 91/193/304 95/192/489
f 3697/193/25 3696/192/488 96/192/490 92/193/189
f 3697/193/25 3690/188/319 97/188/320 91/193/304
f 3690/188/319 3697/193/25 92/193/189 98/188/477
f 3706/157/491 3707/155/92 517/155/135 521/157/492
f 3707/155/92 3706/157/491 522/157/493 518/155/50
f 3707/155/92 3708/184/95 511/184/494 517/155/135
f 3708/184/95 3707/155/92 518/155/50 512/184/53
f 3708/184/95 3709/202/495 513/202/496 511/184/494
f 3709/202/495 3708/184/95 512/184/53 514/202/497
f 3709/202/495 3710/203/498 507/203/499 513/202/496
f 3710/203/498 3709/202/495 514/202/497 508/203/500
f 3710/203/498 3711/204/501 509/204/502 507/203/499
f 3711/204/501 3710/203/498 508/203/500 510/204/503
f 3711/204/501 3712/118/504 515/118/505 509/204/502
f 3712/118/504 3711/204/501 510/204/503 516/118/506
f 3712/118/504 3713/156/507 519/156/508 515/118/505
f 3713/156/507 3712/118/504 516/118/506 520/156/509
f 3713/156/507 3706/157/491 521/157/492 519/156/508
f 3706/157/491 3713/156/507 520/156/509 522/157/493
f 3718/209/511 3719/210/512 319/210/513 321/209/514
f 3719/210/512 3718/209/511 322/209/515 320/210/516
f 3719/210/512 3720/107/517 325/107/518 319/210/513
f 3720/107/517 3719/210/512 320/210/516 326/107/519
f 3720/107/517 3721/211/520 323/211/521 325/107/518
f 3721/211/520 3720/107/517 326/107/519 324/211/522
f 3721/211/520 3722/212/523 305/212/524 323/211/521
f 3722/212/523 3721/211/520 324/211/522 306/212/525
f 3722/212/523 3723/155/526 327/155/527 305/212/524
f 3723/155/526 3722/212/523 306/212/525 328/155/528
f 3723/155/526 3724/184/529 337/184/530 327/155/527
f 3724/184/529 3723/155/526 328/155/528 338/184/531
f 3724/184/529 3725/213/532 339/213/533 337/184/530
f 3725/213/532 3724/184/529 338/184/531 340/213/534
f 3725/213/532 3726/214/535 333/214/536 339/213/533
f 3726/214/535 3725/213/532 340/213/534 334/214/537
f 3726/214/535 3727/163/538 335/163/539 333/214/536
f 3727/163/538 3726/214/535 334/214/537 336/163/540
f 3727/163/538 3728/166/541 329/166/542 335/163/539
f 3728/166/541 3727/163/538 336/163/540 330/166/543
f 3728/166/541 3729/165/544 331/165/545 329/166/542
f 3729/165/544 3728/166/541 330/166/543 332/165/546
f 3729/165/544 3730/118/547 307/118/548 331/165/545
f 3730/118/547 3729/165/544 332/165/546 308/118/549
f 3730/118/547 3731/156/550 309/156/551 307/118/548
f 3731/156/550 3730/118/547 308/118/549 310/156/552
f 3731/156/550 3732/157/553 313/157/554 309/156/551
f 3732/157/553 3731/156/550 310/156/552 314/157/555
f 3732/157/553 3733/82/270 311/82/556 313/157/554
f 3733/82/270 3732/157/553 314/157/555 312/82/274
f 3733/82/270 3734/158/270 317/158/556 311/82/556
f 3734/158/270 3733/82/270 312/82/274 318/158/557
f 3734/158/270 3735/215/558 315/215/559 317/158/556
f 3735/215/558 3734/158/270 318/158/557 316/215/560
f 3735/215/558 3718/209/511 321/209/514 315/215/559
f 3718/209/511 3735/215/558 316/215/560 322/209/515
f 3768/192/608 3769/239/609 7/239/3 5/192/4
f 3769/239/609 3768/192/608 6/192/610 8/239/422
f 3769/239/609 3770/188/611 1/188/185 7/239/3
f 3770/188/611 3769/239/609 8/239/422 2/188/106
f 3770/188/611 3771/193/612 3/193/29 1/188/185
f 3771/193/612 3770/188/611 2/188/106 4/193/186
f 3771/193/612 3768/192/608 5/192/4 3/193/29
f 3768/192/608 3771/193/612 4/193/186 6/192/610
f 3776/120/613 3777/166/277 617/166/614 621/120/615
f 3777/166/277 3776/120/613 622/120/616 618/166/604
f 3777/166/277 3778/240/617 619/240/618 617/166/614
f 3778/240/617 3777/166/277 618/166/604 620/240/619
f 3778/240/617 3779/90/620 613/90/621 619/240/618
f 3779/90/620 3778/240/617 620/240/619 614/90/622
f 3779/90/620 3776/120/613 621/120/615 613/90/621
f 3776/120/613 3779/90/620 614/90/622 622/120/616
f 3803/166/398 3804/116/395 645/116/397 649/166/400
f 3804/116/395 3803/166/398 650/166/399 646/116/396
f 3804/116/395 3805/117/392 647/117/394 645/116/397
f 3805/117/392 3804/116/395 646/116/396 648/117/393
f 3805/117/392 3806/118/389 637/118/391 647/117/394
f 3806/118/389 3805/117/392 648/117/393 638/118/390
f 3806/118/389 3807/256/386 639/256/388 637/118/391
f 3807/256/386 3806/118/389 638/118/390 640/256/387
f 3807/256/386 3808/154/383 643/154/385 639/256/388
f 3808/154/383 3807/256/386 640/256/387 644/154/384
f 3808/154/383 3809/155/271 641/155/382 643/154/385
f 3809/155/271 3808/154/383 644/154/384 642/155/272
f 3809/155/271 3810/257/271 651/257/381 641/155/382
f 3810/257/271 3809/155/271 642/155/272 652/257/380
f 3810/257/271 3803/166/398 649/166/400 651/257/381
f 3803/166/398 3810/257/271 652/257/380 650/166/399
f 3819/95/685 3820/92/686 139/92/88 135/95/89
f 3820/92/686 3819/95/685 136/95/261 140/92/298
f 3820/92/686 3821/264/687 137/264/299 139/92/88
f 3821/264/687 3820/92/686 140/92/298 138/264/300
f 3821/264/687 3822/240/688 133/240/301 137/264/299
f 3822/240/688 3821/264/687 138/264/300 134/240/302
f 3822/240/688 3819/95/685 135/95/89 133/240/301
f 3819/95/685 3822/240/688 134/240/302 136/95/261
f 3835/158/277 3836/85/613 377/85/616 379/158/604
f 3836/85/613 3835/158/277 380/158/614 378/85/615
f 3836/85/613 3837/24/620 369/24/622 377/85/616
f 3837/24/620 3836/85/613 378/85/615 370/24/621
f 3837/24/620 3838/215/617 375/215/619 369/24/622
f 3838/215/617 3837/24/620 370/24/621 376/215/618
f 3838/215/617 3835/158/277 379/158/604 375/215/619
f 3835/158/277 3838/215/617 376/215/618 380/158/614
f 3843/84/277 3844/24/276 635/24/689 629/84/614
f 3844/24/276 3843/84/277 630/84/604 636/24/601
f 3844/24/276 3845/152/271 631/152/381 635/24/689
f 3845/152/271 3844/24/276 636/24/601 632/152/380
f 3845/152/271 3846/149/270 633/149/557 631/152/381
f 3846/149/270 3845/152/271 632/152/380 634/149/402
f 3846/149/270 3843/84/277 629/84/614 633/149/557
f 3843/84/277 3846/149/270 634/149/402 630/84/604
f 3871/54/706 3872/109/707 499/109/708 495/54/709
f 3872/109/707 3871/54/706 496/54/710 500/109/711
f 3872/109/707 3873/110/712 497/110/713 499/109/708
f 3873/110/712 3872/109/707 500/109/711 498/110/714
f 3873/110/712 3874/37/715 493/37/716 497/110/713
f 3874/37/715 3873/110/712 498/110/714 494/37/717
f 3874/37/715 3871/54/706 495/54/709 493/37/716
f 3871/54/706 3874/37/715 494/37/717 496/54/710
f 3879/264/277 3880/92/276 589/92/201 585/264/194
f 3880/92/276 3879/264/277 586/264/193 590/92/200
f 3880/92/276 3881/91/271 587/91/381 589/92/201
f 3881/91/271 3880/92/276 590/92/200 588/91/380
f 3881/91/271 3882/90/270 583/90/557 587/91/381
f 3882/90/270 3881/91/271 588/91/380 584/90/402
f 3882/90/270 3879/264/277 585/264/194 583/90/557
f 3879/264/277 3882/90/270 584/90/402 586/264/193
f 3883/57/32 3884/279/720 505/279/721 503/57/189
f 3884/279/720 3883/57/32 504/57/304 506/279/722
f 3884/279/720 3885/54/10 495/54/723 505/279/721
f 3885/54/10 3884/279/720 506/279/722 496/54/724
f 3885/54/10 3886/146/725 501/146/726 495/54/723
f 3886/146/725 3885/54/10 496/54/724 502/146/727
f 3886/146/725 3883/57/32 503/57/189 501/146/726
f 3883/57/32 3886/146/725 502/146/727 504/57/304
f 3983/120/43 3984/119/44 295/119/88 291/120/89
f 3984/119/44 3983/120/43 292/120/261 296/119/298
f 3984/119/44 3985/204/49 293/204/299 295/119/88
f 3985/204/49 3984/119/44 296/119/298 294/204/300
f 3985/204/49 3986/334/52 289/334/301 293/204/299
f 3986/334/52 3985/204/49 294/204/300 290/334/302
f 3986/334/52 3983/120/43 291/120/89 289/334/301
f 3983/120/43 3986/334/52 290/334/302 292/120/261
f 3987/48/52 3988/256/43 277/256/46 279/48/53
f 3988/256/43 3987/48/52 280/48/54 278/256/47
f 3988/256/43 3989/154/44 273/154/45 277/256/46
f 3989/154/44 3988/256/43 278/256/47 274/154/48
f 3989/154/44 3990/335/49 275/335/50 273/154/45
f 3990/335/49 3989/154/44 274/154/48 276/335/51
f 3990/335/49 3987/48/52 279/48/53 275/335/50
f 3987/48/52 3990/335/49 276/335/51 280/48/54
f 3991/215/750 3992/336/167 191/336/751 189/215/752
f 3992/336/167 3991/215/750 190/215/753 192/336/754
f 3992/336/167 3993/82/755 181/82/756 191/336/751
f 3993/82/755 3992/336/167 192/336/754 182/82/757
f 3993/82/755 3994/85/758 183/85/759 181/82/756
f 3994/85/758 3993/82/755 182/82/757 184/85/760
f 3994/85/758 3995/24/761 187/24/762 183/85/759
f 3995/24/761 3994/85/758 184/85/760 188/24/763
f 3995/24/761 3996/209/764 185/209/765 187/24/762
f 3996/209/764 3995/24/761 188/24/763 186/209/766
f 3996/209/764 3997/150/49 195/150/255 185/209/765
f 3997/150/49 3996/209/764 186/209/766 196/150/300
f 3997/150/49 3998/337/52 193/337/253 195/150/255
f 3998/337/52 3997/150/49 196/150/300 194/337/302
f 3998/337/52 3991/215/750 189/215/752 193/337/253
f 3991/215/750 3998/337/52 194/337/302 190/215/753
f 4003/150/276 4004/340/775 385/340/776 381/150/405
f 4004/340/775 4003/150/276 382/150/404 386/340/777
f 4004/340/775 4005/23/778 367/23/779 385/340/776
f 4005/23/778 4004/340/775 386/340/777 368/23/780
f 4005/23/778 4006/84/781 383/84/782 367/23/779
f 4006/84/781 4005/23/778 368/23/780 384/84/783
f 4006/84/781 4003/150/276 381/150/405 383/84/782
f 4003/150/276 4006/84/781 384/84/783 382/150/404
f 4039/351/706 4040/167/851 67/167/852 63/351/853
f 4040/167/851 4039/351/706 64/351/854 68/167/855
f 4040/167/851 4041/44/856 65/44/857 67/167/852
f 4041/44/856 4040/167/851 68/167/855 66/44/858
f 4041/44/856 4042/57/28 59/57/29 65/44/857
f 4042/57/28 4041/44/856 66/44/858 60/57/186
f 4042/57/28 4043/279/859 61/279/860 59/57/29
f 4043/279/859 4042/57/28 60/57/186 62/279/861
f 4043/279/859 4044/54/862 53/54/863 61/279/860
f 4044/54/862 4043/279/859 62/279/861 54/54/864
f 4044/54/862 4039/351/706 63/351/853 53/54/863
f 4039/351/706 4044/54/862 54/54/864 64/351/854
f 4049/80/43 4050/79/44 171/79/132 169/80/133
f 4050/79/44 4049/80/43 170/80/47 172/79/48
f 4050/79/44 4051/108/49 165/108/134 171/79/132
f 4051/108/49 4050/79/44 172/79/48 166/108/51
f 4051/108/49 4052/256/52 167/256/136 165/108/134
f 4052/256/52 4051/108/49 166/108/51 168/256/54
f 4052/256/52 4049/80/43 169/80/133 167/256/136
f 4049/80/43 4052/256/52 168/256/54 170/80/47
f 4057/358/270 4058/89/271 393/89/380 391/358/402
f 4058/89/271 4057/358/270 392/358/557 394/89/381
f 4058/89/271 4059/90/276 387/90/601 393/89/380
f 4059/90/276 4058/89/271 394/89/381 388/90/689
f 4059/90/276 4060/359/277 389/359/604 387/90/601
f 4060/359/277 4059/90/276 388/90/689 390/359/614
f 4060/359/277 4057/358/270 391/358/402 389/359/604
f 4057/358/270 4060/359/277 390/359/614 392/358/557
f 4069/190/608 4070/189/609 15/189/3 13/190/4
f 4070/189/609 4069/190/608 14/190/610 16/189/422
f 4070/189/609 4071/362/611 9/362/8 15/189/3
f 4071/362/611 4070/189/609 16/189/422 10/362/607
f 4071/362/611 4072/191/612 11/191/11 9/362/8
f 4072/191/612 4071/362/611 10/362/607 12/191/606
f 4072/191/612 4069/190/608 13/190/4 11/191/11
f 4069/190/608 4072/191/612 12/191/606 14/190/610
f 4081/158/411 4082/363/276 597/363/201 591/158/413
f 4082/363/276 4081/158/411 592/158/412 598/363/200
f 4082/363/276 4083/364/406 593/364/410 597/363/201
f 4083/364/406 4082/363/276 598/363/200 594/364/407
f 4083/364/406 4084/151/270 595/151/409 593/364/410
f 4084/151/270 4083/364/406 594/364/407 596/151/408
f 4084/151/270 4081/158/411 591/158/413 595/151/409
f 4081/158/411 4084/151/270 596/151/408 592/158/412
f 4111/104/906 4112/192/32 39/192/304 37/104/303
f 4112/192/32 4111/104/906 38/104/610 40/192/422
f 4112/192/32 4113/193/37 33/193/38 39/192/304
f 4113/193/37 4112/192/32 40/192/422 34/193/607
f 4113/193/37 4114/105/907 35/105/119 33/193/38
f 4114/105/907 4113/193/37 34/193/607 36/105/606
f 4114/105/907 4111/104/906 37/104/303 35/105/119
f 4111/104/906 4114/105/907 36/105/606 38/104/610
f 4139/86/826 4140/95/686 147/95/941 143/86/942
f 4140/95/686 4139/86/826 144/86/943 148/95/944
f 4140/95/686 4141/240/945 145/240/946 147/95/941
f 4141/240/945 4140/95/686 148/95/944 146/240/947
f 4141/240/945 4142/87/948 141/87/301 145/240/946
f 4142/87/948 4141/240/945 146/240/947 142/87/254
f 4142/87/948 4139/86/826 143/86/942 141/87/301
f 4139/86/826 4142/87/948 142/87/254 144/86/943
f 4147/83/52 4148/336/43 129/336/89 131/83/136
f 4148/336/43 4147/83/52 132/83/54 130/336/47
f 4148/336/43 4149/215/44 125/215/88 129/336/89
f 4149/215/44 4148/336/43 130/336/47 126/215/48
f 4149/215/44 4150/337/49 127/337/134 125/215/88
f 4150/337/49 4149/215/44 126/215/48 128/337/51
f 4150/337/49 4147/83/52 131/83/136 127/337/134
f 4147/83/52 4150/337/49 128/337/51 132/83/54
f 4167/202/43 4168/203/44 263/203/45 259/202/46
f 4168/203/44 4167/202/43 260/202/47 264/203/48
f 4168/203/44 4169/78/49 261/78/255 263/203/45
f 4169/78/49 4168/203/44 264/203/48 262/78/256
f 4169/78/49 4170/85/52 257/85/253 261/78/255
f 4170/85/52 4169/78/49 262/78/256 258/85/254
f 4170/85/52 4167/202/43 259/202/46 257/85/253
f 4167/202/43 4170/85/52 258/85/254 260/202/47
f 4191/279/2 4192/52/1 453/52/5 451/279/6
f 4192/52/1 4191/279/2 452/279/188 454/52/27
f 4192/52/1 4193/53/10 447/53/12 453/52/5
f 4193/53/10 4192/52/1 454/52/27 448/53/11
f 4193/53/10 4194/54/7 449/54/9 447/53/12
f 4194/54/7 4193/53/10 448/53/11 450/54/8
f 4194/54/7 4191/279/2 451/279/6 449/54/9
f 4191/279/2 4194/54/7 450/54/8 452/279/188
f 4225/191/25 4226/45/26 473/45/5 475/191/6
f 4226/45/26 4225/191/25 476/191/188 474/45/27
f 4226/45/26 4227/42/28 471/42/12 473/45/5
f 4227/42/28 4226/45/26 474/45/27 472/42/29
f 4227/42/28 4228/192/30 477/192/9 471/42/12
f 4228/192/30 4227/42/28 472/42/29 478/192/185
f 4228/192/30 4225/191/25 475/191/6 477/192/9
f 4225/191/25 4228/192/30 478/192/185 476/191/188
f 4229/39/1010 4230/105/305 413/105/1011 425/39/1012
f 4230/105/305 4229/39/1010 426/39/1013 414/105/1014
f 4230/105/305 4231/104/1015 415/104/1016 413/105/1011
f 4231/104/1015 4230/105/305 414/105/1014 416/104/1017
f 4231/104/1015 4232/239/446 411/239/1018 415/104/1016
f 4232/239/446 4231/104/1015 416/104/1017 412/239/1019
f 4232/239/446 4233/362/421 419/362/1020 411/239/1018
f 4233/362/421 4232/239/446 412/239/1019 420/362/1021
f 4233/362/421 4234/167/1022 421/167/1023 419/362/1020
f 4234/167/1022 4233/362/421 420/362/1021 422/167/1024
f 4234/167/1022 4235/168/1025 417/168/1026 421/167/1023
f 4235/168/1025 4234/167/1022 422/167/1024 418/168/1027
f 4235/168/1025 4236/57/323 423/57/1028 417/168/1026
f 4236/57/323 4235/168/1025 418/168/1027 424/57/1029
f 4236/57/323 4229/39/1010 425/39/1012 423/57/1028
f 4229/39/1010 4236/57/323 424/57/1029 426/39/1013
f 4241/24/270 4242/23/271 365/23/380 363/24/402
f 4242/23/271 4241/24/270 364/24/557 366/23/381
f 4242/23/271 4243/340/276 359/340/200 365/23/380
f 4243/340/276 4242/23/271 366/23/381 360/340/201
f 4243/340/276 4244/209/277 361/209/193 359/340/200
f 4244/209/277 4243/340/276 360/340/201 362/209/194
f 4244/209/277 4241/24/270 363/24/402 361/209/193
f 4241/24/270 4244/209/277 362/209/194 364/24/557
f 4277/39/418 4278/57/280 427/57/281 439/39/419
f 4278/57/280 4277/39/418 440/39/420 428/57/282
f 4278/57/280 4279/279/1074 437/279/1075 427/57/281
f 4279/279/1074 4278/57/280 428/57/282 438/279/1076
f 4279/279/1074 4280/38/1077 435/38/1078 437/279/1075
f 4280/38/1077 4279/279/1074 438/279/1076 436/38/1079
f 4280/38/1077 4277/39/418 439/39/419 435/38/1078
f 4277/39/418 4280/38/1077 436/38/1079 440/39/420
f 4469/157/1295 4470/202/1296 227/202/1297 225/157/1298
f 4470/202/1296 4469/157/1295 226/157/1299 228/202/1300
f 4470/202/1296 4471/85/1301 221/85/1302 227/202/1297
f 4471/85/1301 4470/202/1296 228/202/1300 222/85/1303
f 4471/85/1301 4472/82/1304 223/82/1305 221/85/1302
f 4472/82/1304 4471/85/1301 222/85/1303 224/82/1306
f 4472/82/1304 4469/157/1295 225/157/1298 223/82/1305
f 4469/157/1295 4472/82/1304 224/82/1306 226/157/1299
f 4501/150/52 4502/209/43 121/209/89 123/150/136
f 4502/209/43 4501/150/52 124/150/54 122/209/47
f 4502/209/43 4503/24/44 117/24/88 121/209/89
f 4503/24/44 4502/209/43 122/209/47 118/24/48
f 4503/24/44 4504/84/49 119/84/134 117/24/88
f 4504/84/49 4503/24/44 118/24/48 120/84/51
f 4504/84/49 4501/150/52 123/150/136 119/84/134
f 4501/150/52 4504/84/49 120/84/51 124/150/54
f 4529/154/526 4530/335/523 549/335/525 569/154/528
f 4530/335/523 4529/154/526 570/154/527 550/335/524
f 4530/335/523 4531/106/520 565/106/522 549/335/525
f 4531/106/520 4530/335/523 550/335/524 566/106/521
f 4531/106/520 4532/184/517 567/184/519 565/106/522
f 4532/184/517 4531/106/520 566/106/521 568/184/518
f 4532/184/517 4533/468/512 561/468/516 567/184/519
f 4533/468/512 4532/184/517 568/184/518 562/468/513
f 4533/468/512 4534/264/511 563/264/515 561/468/516
f 4534/264/511 4533/468/512 562/468/513 564/264/514
f 4534/264/511 4535/240/558 557/240/560 563/264/515
f 4535/240/558 4534/264/511 564/264/514 558/240/559
f 4535/240/558 4536/166/270 559/166/557 557/240/560
f 4536/166/270 4535/240/558 558/240/559 560/166/556
f 4536/166/270 4537/116/270 555/116/274 559/166/557
f 4537/116/270 4536/166/270 560/166/556 556/116/556
f 4537/116/270 4538/117/553 553/117/555 555/116/274
f 4538/117/553 4537/116/270 556/116/556 554/117/554
f 4538/117/553 4539/118/550 551/118/552 553/117/555
f 4539/118/550 4538/117/553 554/117/554 552/118/551
f 4539/118/550 4540/156/547 547/156/549 551/118/552
f 4540/156/547 4539/118/550 552/118/551 548/156/548
f 4540/156/547 4541/363/544 573/363/546 547/156/549
f 4541/363/544 4540/156/547 548/156/548 574/363/545
f 4541/363/544 4542/158/541 571/158/543 573/363/546
f 4542/158/541 4541/363/544 574/363/545 572/158/542
f 4542/158/541 4543/151/538 577/151/540 571/158/543
f 4543/151/538 4542/158/541 572/158/542 578/151/539
f 4543/151/538 4544/469/535 575/469/537 577/151/540
f 4544/469/535 4543/151/538 578/151/539 576/469/536
f 4544/469/535 4545/470/532 581/470/534 575/469/537
f 4545/470/532 4544/469/535 576/469/536 582/470/533
f 4545/470/532 4546/107/529 579/107/1341 581/470/534
f 4546/107/529 4545/470/532 582/470/533 580/107/1342
f 4546/107/529 4529/154/526 569/154/528 579/107/1341
f 4529/154/526 4546/107/529 580/107/1342 570/154/527
f 4619/105/26 4620/193/25 83/193/188 79/105/27
f 4620/193/25 4619/105/26 80/105/5 84/193/6
f 4620/193/25 4621/190/30 81/190/185 83/193/188
f 4621/190/30 4620/193/25 84/193/6 82/190/9
f 4621/190/30 4622/168/28 77/168/29 81/190/185
f 4622/168/28 4621/190/30 82/190/9 78/168/12
f 4622/168/28 4619/105/26 79/105/27 77/168/29
f 4619/105/26 4622/168/28 78/168/12 80/105/5
f 4627/209/1391 4628/24/1392 541/24/1393 537/209/1394
f 4628/24/1392 4627/209/1391 538/209/1395 542/24/1396
f 4628/24/1392 4629/107/1397 539/107/355 541/24/1393
f 4629/107/1397 4628/24/1392 542/24/1396 540/107/923
f 4629/107/1397 4630/154/1398 531/154/362 539/107/355
f 4630/154/1398 4629/107/1397 540/107/923 532/154/924
f 4630/154/1398 4631/336/1399 533/336/1400 531/154/362
f 4631/336/1399 4630/154/1398 532/154/924 534/336/1401
f 4631/336/1399 4632/215/1402 535/215/1403 533/336/1400
f 4632/215/1402 4631/336/1399 534/336/1401 536/215/1404
f 4632/215/1402 4633/158/52 545/158/302 535/215/1403
f 4633/158/52 4632/215/1402 536/215/1404 546/158/301
f 4633/158/52 4634/151/49 543/151/300 545/158/302
f 4634/151/49 4633/158/52 546/158/301 544/151/299
f 4634/151/49 4627/209/1391 537/209/1394 543/151/300
f 4627/209/1391 4634/151/49 544/151/299 538/209/1395
f 4706/90/374 4707/120/56 351/120/373 349/90/1460
f 4707/120/56 4706/90/374 350/90/375 352/120/372
f 4707/120/56 4708/163/369 345/163/371 351/120/373
f 4708/163/369 4707/120/56 352/120/372 346/163/370
f 4708/163/369 4709/93/1461 353/93/368 345/163/371
f 4709/93/1461 4708/163/369 346/163/370 354/93/365
f 4709/93/1461 4710/358/363 355/358/367 353/93/368
f 4710/358/363 4709/93/1461 354/93/365 356/358/366
f 4710/358/363 4711/89/377 357/89/379 355/358/367
f 4711/89/377 4710/358/363 356/358/366 358/89/378
f 4711/89/377 4706/90/374 349/90/1460 357/89/379
f 4706/90/374 4711/89/377 358/89/378 350/90/375
f 4716/168/906 4717/190/32 31/190/304 29/168/303
f 4717/190/32 4716/168/906 30/168/610 32/190/422
f 4717/190/32 4718/191/37 25/191/38 31/190/304
f 4718/191/37 4717/190/32 32/190/422 26/191/607
f 4718/191/37 4719/167/907 27/167/119 25/191/38
f 4719/167/907 4718/191/37 26/191/607 28/167/606
f 4719/167/907 4716/168/906 29/168/303 27/167/119
f 4716/168/906 4719/167/907 28/167/606 30/168/610
f 4815/240/504 4816/264/501 153/264/88 145/240/89
f 4816/264/501 4815/240/504 146/240/90 154/264/91
f 4816/264/501 4817/163/1501 151/163/299 153/264/88
f 4817/163/1501 4816/264/501 154/264/91 152/163/256
f 4817/163/1501 4818/166/948 149/166/301 151/163/299
f 4818/166/948 4817/163/1501 152/163/256 150/166/254
f 4818/166/948 4815/240/504 145/240/89 149/166/301
f 4815/240/504 4818/166/948 150/166/254 146/240/90
f 4827/156/43 4828/157/44 255/157/45 251/156/46
f 4828/157/44 4827/156/43 252/156/47 256/157/48
f 4828/157/44 4829/82/49 253/82/255 255/157/45
f 4829/82/49 4828/157/44 256/157/48 254/82/256
f 4829/82/49 4830/81/52 249/81/253 253/82/255
f 4830/81/52 4829/82/49 254/82/256 250/81/254
f 4830/81/52 4827/156/43 251/156/46 249/81/253
f 4827/156/43 4830/81/52 250/81/254 252/156/47
f 4953/37/2 4954/55/1 461/55/5 459/37/6
f 4954/55/1 4953/37/2 460/37/3 462/55/4
f 4954/55/1 4955/56/10 455/56/12 461/55/5
f 4955/56/10 4954/55/1 462/55/4 456/56/29
f 4955/56/10 4956/38/7 457/38/9 455/56/12
f 4956/38/7 4955/56/10 456/56/29 458/38/185
f 4956/38/7 4953/37/2 459/37/6 457/38/9
f 4953/37/2 4956/38/7 458/38/185 460/37/3
f 5037/92/775 5038/93/276 627/93/404 625/92/777
f 5038/93/276 5037/92/775 626/92/776 628/93/405
f 5038/93/276 5039/359/1523 623/359/783 627/93/404
f 5039/359/1523 5038/93/276 628/93/405 624/359/782
f 5039/359/1523 5040/91/778 615/91/780 623/359/783
f 5040/91/778 5039/359/1523 624/359/782 616/91/779
f 5040/91/778 5037/92/775 625/92/777 615/91/780
f 5037/92/775 5040/91/778 616/91/779 626/92/776
f 5041/92/685 5042/91/592 159/91/1710 155/92/1711
f 5042/91/592 5041/92/685 156/92/1712 160/91/1713
f 5042/91/592 5043/90/1501 157/90/299 159/91/1710
f 5043/90/1501 5042/91/592 160/91/1713 158/90/256
f 5043/90/1501 5044/264/1714 153/264/1715 157/90/299
f 5044/264/1714 5043/90/1501 158/90/256 154/264/1716
f 5044/264/1714 5041/92/685 155/92/1711 153/264/1715
f 5041/92/685 5044/264/1714 154/264/1716 156/92/1712
f 5165/44/25 5166/45/26 469/45/610 465/44/422
f 5166/45/26 5165/44/25 466/44/304 470/45/303
f 5166/45/26 5167/42/28 467/42/12 469/45/610
f 5167/42/28 5166/45/26 470/45/303 468/42/119
f 5167/42/28 5168/43/30 463/43/9 467/42/12
f 5168/43/30 5167/42/28 468/42/119 464/43/38
f 5168/43/30 5165/44/25 465/44/422 463/43/9
f 5165/44/25 5168/43/30 464/43/38 466/44/304
f 5177/37/1 5178/582/2 23/582/3 21/37/4
f 5178/582/2 5177/37/1 22/37/5 24/582/6
f 5178/582/2 5179/351/7 17/351/8 23/582/3
f 5179/351/7 5178/582/2 24/582/6 18/351/9
f 5179/351/7 5180/54/10 19/54/11 17/351/8
f 5180/54/10 5179/351/7 18/351/9 20/54/12
f 5180/54/10 5177/37/1 21/37/4 19/54/11
f 5177/37/1 5180/54/10 20/54/12 22/37/5
f 5237/37/1502 5238/38/1832 51/38/1833 49/37/1834
f 5238/38/1832 5237/37/1502 50/37/1835 52/38/1605
f 5238/38/1832 5239/39/26 41/39/4 51/38/1833
f 5239/39/26 5238/38/1832 52/38/1605 42/39/610
f 5239/39/26 5240/43/1032 43/43/868 41/39/4
f 5240/43/1032 5239/39/26 42/39/610 44/43/869
f 5240/43/1032 5241/104/1836 45/104/1837 43/43/868
f 5241/104/1836 5240/43/1032 44/43/869 46/104/1838
f 5241/104/1836 5242/582/715 47/582/1839 45/104/1837
f 5242/582/715 5241/104/1836 46/104/1838 48/582/1840
f 5242/582/715 5237/37/1502 49/37/1834 47/582/1839
f 5237/37/1502 5242/582/715 48/582/1840 50/37/1835
usemtl Meshpart2Mtl.001
f 3449/1/1 3450/2/2 683/2/3 681/1/4
f 3450/2/2 3449/1/1 682/1/5 684/2/6
f 3450/2/2 3451/3/7 677/3/8 683/2/3
f 3451/3/7 3450/2/2 684/2/6 678/3/9
f 3451/3/7 3452/4/10 679/4/11 677/3/8
f 3452/4/10 3451/3/7 678/3/9 680/4/12
f 3452/4/10 3449/1/1 681/1/4 679/4/11
f 3449/1/1 3452/4/10 680/4/12 682/1/5
f 3558/100/270 3559/101/271 843/101/272 841/100/273
f 3559/101/271 3558/100/270 842/100/274 844/101/275
f 3559/101/271 3560/102/276 837/102/200 843/101/272
f 3560/102/276 3559/101/271 844/101/275 838/102/201
f 3560/102/276 3561/103/277 839/103/193 837/102/200
f 3561/103/277 3560/102/276 838/102/201 840/103/194
f 3561/103/277 3558/100/270 841/100/273 839/103/193
f 3558/100/270 3561/103/277 840/103/194 842/100/274
f 3574/111/52 3575/112/49 1043/112/51 1037/111/54
f 3575/112/49 3574/111/52 1038/111/136 1044/112/134
f 3575/112/49 3576/113/44 1039/113/91 1043/112/51
f 3576/113/44 3575/112/49 1044/112/134 1040/113/297
f 3576/113/44 3577/114/43 1041/114/90 1039/113/91
f 3577/114/43 3576/113/44 1040/113/297 1042/114/264
f 3577/114/43 3574/111/52 1037/111/54 1041/114/90
f 3574/111/52 3577/114/43 1042/114/264 1038/111/136
f 3702/198/52 3703/199/49 987/199/51 981/198/54
f 3703/199/49 3702/198/52 982/198/53 988/199/50
f 3703/199/49 3704/200/44 983/200/48 987/199/51
f 3704/200/44 3703/199/49 988/199/50 984/200/45
f 3704/200/44 3705/201/43 985/201/47 983/200/48
f 3705/201/43 3704/200/44 984/200/45 986/201/46
f 3705/201/43 3702/198/52 981/198/54 985/201/47
f 3702/198/52 3705/201/43 986/201/46 982/198/53
f 3736/216/40 3737/217/561 657/217/562 663/216/563
f 3737/217/561 3736/216/40 664/216/564 658/217/565
f 3737/217/561 3738/218/566 661/218/567 657/217/562
f 3738/218/566 3737/217/561 658/217/565 662/218/568
f 3738/218/566 3739/219/569 653/219/570 661/218/567
f 3739/219/569 3738/218/566 662/218/568 654/219/571
f 3739/219/569 3740/220/572 655/220/573 653/219/570
f 3740/220/572 3739/219/569 654/219/571 656/220/574
f 3740/220/572 3741/221/575 659/221/576 655/220/573
f 3741/221/575 3740/220/572 656/220/574 660/221/577
f 3741/221/575 3742/222/578 667/222/579 659/221/576
f 3742/222/578 3741/221/575 660/221/577 668/222/580
f 3742/222/578 3743/223/581 665/223/582 667/222/579
f 3743/223/581 3742/222/578 668/222/580 666/223/583
f 3743/223/581 3736/216/40 663/216/563 665/223/582
f 3736/216/40 3743/223/581 666/223/583 664/216/564
f 3748/1/270 3749/226/271 835/226/272 833/1/273
f 3749/226/271 3748/1/270 834/1/274 836/226/275
f 3749/226/271 3750/227/276 829/227/200 835/226/272
f 3750/227/276 3749/226/271 836/226/275 830/227/201
f 3750/227/276 3751/2/277 831/2/193 829/227/200
f 3751/2/277 3750/227/276 830/227/201 832/2/194
f 3751/2/277 3748/1/270 833/1/273 831/2/193
f 3748/1/270 3751/2/277 832/2/194 834/1/274
f 3827/265/52 3828/266/49 1035/266/51 1029/265/494
f 3828/266/49 3827/265/52 1030/265/53 1036/266/134
f 3828/266/49 3829/267/44 1031/267/48 1035/266/51
f 3829/267/44 3828/266/49 1036/266/134 1032/267/132
f 3829/267/44 3830/268/43 1033/268/47 1031/267/48
f 3830/268/43 3829/267/44 1032/267/132 1034/268/133
f 3830/268/43 3827/265/52 1029/265/494 1033/268/47
f 3827/265/52 3830/268/43 1034/268/133 1030/265/53
f 3831/1/26 3832/2/25 699/2/304 697/1/303
f 3832/2/25 3831/1/26 698/1/5 700/2/6
f 3832/2/25 3833/3/30 693/3/38 699/2/304
f 3833/3/30 3832/2/25 700/2/6 694/3/9
f 3833/3/30 3834/4/28 695/4/119 693/3/38
f 3834/4/28 3833/3/30 694/3/9 696/4/12
f 3834/4/28 3831/1/26 697/1/303 695/4/119
f 3831/1/26 3834/4/28 696/4/12 698/1/5
f 3839/269/26 3840/270/25 715/270/304 713/269/303
f 3840/270/25 3839/269/26 714/269/5 716/270/6
f 3840/270/25 3841/227/30 709/227/38 715/270/304
f 3841/227/30 3840/270/25 716/270/6 710/227/9
f 3841/227/30 3842/226/28 711/226/119 709/227/38
f 3842/226/28 3841/227/30 710/227/9 712/226/12
f 3842/226/28 3839/269/26 713/269/303 711/226/119
f 3839/269/26 3842/226/28 712/226/12 714/269/5
f 3847/1/26 3848/2/25 731/2/304 729/1/303
f 3848/2/25 3847/1/26 730/1/610 732/2/422
f 3848/2/25 3849/3/30 725/3/38 731/2/304
f 3849/3/30 3848/2/25 732/2/422 726/3/607
f 3849/3/30 3850/4/28 727/4/119 725/3/38
f 3850/4/28 3849/3/30 726/3/607 728/4/606
f 3850/4/28 3847/1/26 729/1/303 727/4/119
f 3847/1/26 3850/4/28 728/4/606 730/1/610
f 3855/269/26 3856/270/25 739/270/304 737/269/303
f 3856/270/25 3855/269/26 738/269/610 740/270/422
f 3856/270/25 3857/227/30 733/227/38 739/270/304
f 3857/227/30 3856/270/25 740/270/422 734/227/106
f 3857/227/30 3858/226/28 735/226/119 733/227/38
f 3858/226/28 3857/227/30 734/227/106 736/226/186
f 3858/226/28 3855/269/26 737/269/303 735/226/119
f 3855/269/26 3858/226/28 736/226/186 738/269/610
f 3891/281/277 3892/282/276 1067/282/728 1061/281/401
f 3892/282/276 3891/281/277 1062/281/403 1068/282/405
f 3892/282/276 3893/283/271 1063/283/381 1067/282/728
f 3893/283/271 3892/282/276 1068/282/405 1064/283/380
f 3893/283/271 3894/284/270 1065/284/557 1063/283/381
f 3894/284/270 3893/283/271 1064/283/380 1066/284/402
f 3894/284/270 3891/281/277 1061/281/401 1065/284/557
f 3891/281/277 3894/284/270 1066/284/402 1062/281/403
f 3895/217/26 3896/216/25 675/216/3 673/217/4
f 3896/216/25 3895/217/26 674/217/610 676/216/422
f 3896/216/25 3897/223/30 669/223/8 675/216/3
f 3897/223/30 3896/216/25 676/216/422 670/223/607
f 3897/223/30 3898/218/28 671/218/11 669/223/8
f 3898/218/28 3897/223/30 670/223/607 672/218/606
f 3898/218/28 3895/217/26 673/217/4 671/218/11
f 3895/217/26 3898/218/28 672/218/606 674/217/610
f 3899/285/52 3900/286/43 809/286/46 811/285/53
f 3900/286/43 3899/285/52 812/285/54 810/286/47
f 3900/286/43 3901/287/44 805/287/45 809/286/46
f 3901/287/44 3900/286/43 810/286/47 806/287/48
f 3901/287/44 3902/288/49 807/288/50 805/287/45
f 3902/288/49 3901/287/44 806/287/48 808/288/51
f 3902/288/49 3899/285/52 811/285/53 807/288/50
f 3899/285/52 3902/288/49 808/288/51 812/285/54
f 3915/3/25 3916/4/26 971/4/5 969/3/6
f 3916/4/26 3915/3/25 970/3/3 972/4/4
f 3916/4/26 3917/1/28 965/1/12 971/4/5
f 3917/1/28 3916/4/26 972/4/4 966/1/29
f 3917/1/28 3918/2/30 967/2/9 965/1/12
f 3918/2/30 3917/1/28 966/1/29 968/2/185
f 3918/2/30 3915/3/25 969/3/6 967/2/9
f 3915/3/25 3918/2/30 968/2/185 970/3/3
f 3919/227/25 3920/226/26 955/226/5 953/227/6
f 3920/226/26 3919/227/25 954/227/304 956/226/303
f 3920/226/26 3921/269/28 949/269/12 955/226/5
f 3921/269/28 3920/226/26 956/226/303 950/269/119
f 3921/269/28 3922/270/30 951/270/9 949/269/12
f 3922/270/30 3921/269/28 950/269/119 952/270/38
f 3922/270/30 3919/227/25 953/227/6 951/270/9
f 3919/227/25 3922/270/30 952/270/38 954/227/304
f 3923/295/52 3924/296/43 793/296/46 795/295/53
f 3924/296/43 3923/295/52 796/295/494 794/296/719
f 3924/296/43 3925/111/44 789/111/45 793/296/46
f 3925/111/44 3924/296/43 794/296/719 790/111/718
f 3925/111/44 3926/297/49 791/297/50 789/111/45
f 3926/297/49 3925/111/44 790/111/718 792/297/135
f 3926/297/49 3923/295/52 795/295/53 791/297/50
f 3923/295/52 3926/297/49 792/297/135 796/295/494
f 3931/227/25 3932/226/26 923/226/610 921/227/422
f 3932/226/26 3931/227/25 922/227/304 924/226/303
f 3932/226/26 3933/269/28 917/269/606 923/226/610
f 3933/269/28 3932/226/26 924/226/303 918/269/119
f 3933/269/28 3934/270/30 919/270/607 917/269/606
f 3934/270/30 3933/269/28 918/269/119 920/270/38
f 3934/270/30 3931/227/25 921/227/422 919/270/607
f 3931/227/25 3934/270/30 920/270/38 922/227/304
f 3939/227/25 3940/226/26 915/226/610 913/227/422
f 3940/226/26 3939/227/25 914/227/304 916/226/303
f 3940/226/26 3941/269/28 909/269/606 915/226/610
f 3941/269/28 3940/226/26 916/226/303 910/269/119
f 3941/269/28 3942/270/30 911/270/607 909/269/606
f 3942/270/30 3941/269/28 910/269/119 912/270/38
f 3942/270/30 3939/227/25 913/227/422 911/270/607
f 3939/227/25 3942/270/30 912/270/38 914/227/304
f 3943/302/270 3944/4/271 851/4/597 849/302/556
f 3944/4/271 3943/302/270 850/302/731 852/4/382
f 3944/4/271 3945/3/276 845/3/730 851/4/597
f 3945/3/276 3944/4/271 852/4/382 846/3/728
f 3945/3/276 3946/303/277 847/303/729 845/3/730
f 3946/303/277 3945/3/276 846/3/728 848/303/401
f 3946/303/277 3943/302/270 849/302/556 847/303/729
f 3943/302/270 3946/303/277 848/303/401 850/302/731
f 3947/304/52 3948/305/43 777/305/46 779/304/253
f 3948/305/43 3947/304/52 780/304/254 778/305/47
f 3948/305/43 3949/306/44 773/306/45 777/305/46
f 3949/306/44 3948/305/43 778/305/47 774/306/48
f 3949/306/44 3950/307/49 775/307/255 773/306/45
f 3950/307/49 3949/306/44 774/306/48 776/307/256
f 3950/307/49 3947/304/52 779/304/253 775/307/255
f 3947/304/52 3950/307/49 776/307/256 780/304/254
f 3955/309/52 3956/310/43 761/310/46 763/309/253
f 3956/310/43 3955/309/52 764/309/254 762/310/47
f 3956/310/43 3957/311/44 757/311/45 761/310/46
f 3957/311/44 3956/310/43 762/310/47 758/311/48
f 3957/311/44 3958/312/49 759/312/255 757/311/45
f 3958/312/49 3957/311/44 758/311/48 760/312/256
f 3958/312/49 3955/309/52 763/309/253 759/312/255
f 3955/309/52 3958/312/49 760/312/256 764/309/254
f 3967/319/270 3968/320/271 883/320/380 881/319/402
f 3968/320/271 3967/319/270 882/319/557 884/320/381
f 3968/320/271 3969/321/276 877/321/405 883/320/380
f 3969/321/276 3968/320/271 884/320/381 878/321/404
f 3969/321/276 3970/322/277 879/322/403 877/321/405
f 3970/322/277 3969/321/276 878/321/404 880/322/510
f 3970/322/277 3967/319/270 881/319/402 879/322/403
f 3967/319/270 3970/322/277 880/322/510 882/319/557
f 3971/323/52 3972/324/49 1019/324/51 1013/323/54
f 3972/324/49 3971/323/52 1014/323/53 1020/324/50
f 3972/324/49 3973/325/44 1015/325/48 1019/324/51
f 3973/325/44 3972/324/49 1020/324/50 1016/325/45
f 3973/325/44 3974/326/43 1017/326/47 1015/325/48
f 3974/326/43 3973/325/44 1016/325/45 1018/326/46
f 3974/326/43 3971/323/52 1013/323/54 1017/326/47
f 3971/323/52 3974/326/43 1018/326/46 1014/323/53
f 3979/330/270 3980/331/271 867/331/380 865/330/402
f 3980/331/271 3979/330/270 866/330/557 868/331/381
f 3980/331/271 3981/332/276 861/332/200 867/331/380
f 3981/332/276 3980/331/271 868/331/381 862/332/201
f 3981/332/276 3982/333/277 863/333/193 861/332/200
f 3982/333/277 3981/332/276 862/332/201 864/333/194
f 3982/333/277 3979/330/270 865/330/402 863/333/193
f 3979/330/270 3982/333/277 864/333/194 866/330/557
f 4045/352/270 4046/353/277 1091/353/194 1087/352/557
f 4046/353/277 4045/352/270 1088/352/402 1092/353/193
f 4046/353/277 4047/354/276 1089/354/201 1091/353/194
f 4047/354/276 4046/353/277 1092/353/193 1090/354/200
f 4047/354/276 4048/355/271 1085/355/381 1089/354/201
f 4048/355/271 4047/354/276 1090/354/200 1086/355/380
f 4048/355/271 4045/352/270 1087/352/557 1085/355/381
f 4045/352/270 4048/355/271 1086/355/380 1088/352/402
f 4061/1/26 4062/2/25 723/2/304 721/1/303
f 4062/2/25 4061/1/26 722/1/5 724/2/6
f 4062/2/25 4063/3/30 717/3/38 723/2/304
f 4063/3/30 4062/2/25 724/2/6 718/3/9
f 4063/3/30 4064/4/28 719/4/119 717/3/38
f 4064/4/28 4063/3/30 718/3/9 720/4/12
f 4064/4/28 4061/1/26 721/1/303 719/4/119
f 4061/1/26 4064/4/28 720/4/12 722/1/5
f 4107/375/52 4108/376/49 1003/376/135 997/375/54
f 4108/376/49 4107/375/52 998/375/136 1004/376/50
f 4108/376/49 4109/377/44 999/377/48 1003/376/135
f 4109/377/44 4108/376/49 1004/376/50 1000/377/132
f 4109/377/44 4110/378/43 1001/378/47 999/377/48
f 4110/378/43 4109/377/44 1000/377/132 1002/378/133
f 4110/378/43 4107/375/52 997/375/54 1001/378/47
f 4107/375/52 4110/378/43 1002/378/133 998/375/136
f 4115/379/277 4116/380/276 1107/380/728 1101/379/401
f 4116/380/276 4115/379/277 1102/379/729 1108/380/730
f 4116/380/276 4117/381/271 1103/381/382 1107/380/728
f 4117/381/271 4116/380/276 1108/380/730 1104/381/597
f 4117/381/271 4118/382/270 1105/382/731 1103/381/382
f 4118/382/270 4117/381/271 1104/381/597 1106/382/556
f 4118/382/270 4115/379/277 1101/379/401 1105/382/731
f 4115/379/277 4118/382/270 1106/382/556 1102/379/729
f 4151/379/277 4152/380/276 1083/380/728 1077/379/401
f 4152/380/276 4151/379/277 1078/379/193 1084/380/200
f 4152/380/276 4153/381/271 1079/381/382 1083/380/728
f 4153/381/271 4152/380/276 1084/380/200 1080/381/272
f 4153/381/271 4154/382/270 1081/382/731 1079/381/382
f 4154/382/270 4153/381/271 1080/381/272 1082/382/273
f 4154/382/270 4151/379/277 1077/379/401 1081/382/731
f 4151/379/277 4154/382/270 1082/382/273 1078/379/193
f 4171/3/25 4172/4/26 907/4/610 905/3/422
f 4172/4/26 4171/3/25 906/3/304 908/4/303
f 4172/4/26 4173/1/28 901/1/186 907/4/610
f 4173/1/28 4172/4/26 908/4/303 902/1/119
f 4173/1/28 4174/2/30 903/2/106 901/1/186
f 4174/2/30 4173/1/28 902/1/119 904/2/38
f 4174/2/30 4171/3/25 905/3/422 903/2/106
f 4171/3/25 4174/2/30 904/2/38 906/3/304
f 4179/404/52 4180/405/43 817/405/46 819/404/53
f 4180/405/43 4179/404/52 820/404/54 818/405/47
f 4180/405/43 4181/406/44 813/406/45 817/405/46
f 4181/406/44 4180/405/43 818/405/47 814/406/48
f 4181/406/44 4182/407/49 815/407/255 813/406/45
f 4182/407/49 4181/406/44 814/406/48 816/407/51
f 4182/407/49 4179/404/52 819/404/53 815/407/255
f 4179/404/52 4182/407/49 816/407/51 820/404/54
f 4213/227/277 4214/2/276 1123/2/201 1121/227/194
f 4214/2/276 4213/227/277 1122/227/193 1124/2/200
f 4214/2/276 4215/1/271 1117/1/275 1123/2/201
f 4215/1/271 4214/2/276 1124/2/200 1118/1/272
f 4215/1/271 4216/226/270 1119/226/274 1117/1/275
f 4216/226/270 4215/1/271 1118/1/272 1120/226/273
f 4216/226/270 4213/227/277 1121/227/194 1119/226/274
f 4213/227/277 4216/226/270 1120/226/273 1122/227/193
f 4257/222/1057 4258/219/1058 653/219/570 667/222/579
f 4258/219/1058 4257/222/1057 668/222/580 654/219/571
f 4258/219/1058 4259/218/1059 661/218/567 653/219/570
f 4259/218/1059 4258/219/1058 654/219/571 662/218/568
f 4259/218/1059 4260/223/1060 665/223/582 661/218/567
f 4260/223/1060 4259/218/1059 662/218/568 666/223/583
f 4260/223/1060 4257/222/1057 667/222/579 665/223/582
f 4257/222/1057 4260/223/1060 666/223/583 668/222/580
f 4289/319/270 4290/320/271 827/320/380 825/319/402
f 4290/320/271 4289/319/270 826/319/557 828/320/381
f 4290/320/271 4291/321/276 821/321/405 827/320/380
f 4291/321/276 4290/320/271 828/320/381 822/321/404
f 4291/321/276 4292/322/277 823/322/403 821/321/405
f 4292/322/277 4291/321/276 822/321/404 824/322/510
f 4292/322/277 4289/319/270 825/319/402 823/322/403
f 4289/319/270 4292/322/277 824/322/510 826/319/557
f 4293/269/1 4294/270/2 691/270/3 689/269/4
f 4294/270/2 4293/269/1 690/269/5 692/270/6
f 4294/270/2 4295/227/7 685/227/185 691/270/3
f 4295/227/7 4294/270/2 692/270/6 686/227/9
f 4295/227/7 4296/226/10 687/226/29 685/227/185
f 4296/226/10 4295/227/7 686/227/9 688/226/12
f 4296/226/10 4293/269/1 689/269/4 687/226/29
f 4293/269/1 4296/226/10 688/226/12 690/269/5
f 4309/305/52 4310/306/49 995/306/256 989/305/254
f 4310/306/49 4309/305/52 990/305/253 996/306/255
f 4310/306/49 4311/307/44 991/307/48 995/306/256
f 4311/307/44 4310/306/49 996/306/255 992/307/45
f 4311/307/44 4312/304/43 993/304/47 991/307/48
f 4312/304/43 4311/307/44 992/307/45 994/304/46
f 4312/304/43 4309/305/52 989/305/254 993/304/47
f 4309/305/52 4312/304/43 994/304/46 990/305/253
f 4321/432/52 4322/433/49 1027/433/51 1021/432/54
f 4322/433/49 4321/432/52 1022/432/53 1028/433/50
f 4322/433/49 4323/434/44 1023/434/48 1027/433/51
f 4323/434/44 4322/433/49 1028/433/50 1024/434/45
f 4323/434/44 4324/435/43 1025/435/47 1023/434/48
f 4324/435/43 4323/434/44 1024/434/45 1026/435/46
f 4324/435/43 4321/432/52 1021/432/54 1025/435/47
f 4321/432/52 4324/435/43 1026/435/46 1022/432/53
f 4365/310/52 4366/311/49 1011/311/256 1005/310/254
f 4366/311/49 4365/310/52 1006/310/253 1012/311/255
f 4366/311/49 4367/312/44 1007/312/48 1011/311/256
f 4367/312/44 4366/311/49 1012/311/255 1008/312/45
f 4367/312/44 4368/309/43 1009/309/47 1007/312/48
f 4368/309/43 4367/312/44 1008/312/45 1010/309/46
f 4368/309/43 4365/310/52 1005/310/254 1009/309/47
f 4365/310/52 4368/309/43 1010/309/46 1006/310/253
f 4405/281/277 4406/282/276 1131/282/404 1125/281/510
f 4406/282/276 4405/281/277 1126/281/403 1132/282/405
f 4406/282/276 4407/283/271 1127/283/381 1131/282/404
f 4407/283/271 4406/282/276 1132/282/405 1128/283/380
f 4407/283/271 4408/284/270 1129/284/557 1127/283/381
f 4408/284/270 4407/283/271 1128/283/380 1130/284/402
f 4408/284/270 4405/281/277 1125/281/510 1129/284/557
f 4405/281/277 4408/284/270 1130/284/402 1126/281/403
f 4505/1/270 4506/226/271 899/226/272 897/1/273
f 4506/226/271 4505/1/270 898/1/274 900/226/275
f 4506/226/271 4507/227/276 893/227/200 899/226/272
f 4507/227/276 4506/226/271 900/226/275 894/227/201
f 4507/227/276 4508/2/277 895/2/193 893/227/200
f 4508/2/277 4507/227/276 894/227/201 896/2/194
f 4508/2/277 4505/1/270 897/1/273 895/2/193
f 4505/1/270 4508/2/277 896/2/194 898/1/274
f 4509/269/26 4510/270/25 707/270/304 705/269/303
f 4510/270/25 4509/269/26 706/269/5 708/270/6
f 4510/270/25 4511/227/30 701/227/38 707/270/304
f 4511/227/30 4510/270/25 708/270/6 702/227/9
f 4511/227/30 4512/226/28 703/226/119 701/227/38
f 4512/226/28 4511/227/30 702/227/9 704/226/12
f 4512/226/28 4509/269/26 705/269/303 703/226/119
f 4509/269/26 4512/226/28 704/226/12 706/269/5
f 4513/463/52 4514/112/43 785/112/46 787/463/53
f 4514/112/43 4513/463/52 788/463/494 786/112/719
f 4514/112/43 4515/464/44 781/464/45 785/112/46
f 4515/464/44 4514/112/43 786/112/719 782/464/718
f 4515/464/44 4516/465/49 783/465/50 781/464/45
f 4516/465/49 4515/464/44 782/464/718 784/465/135
f 4516/465/49 4513/463/52 787/463/53 783/465/50
f 4513/463/52 4516/465/49 784/465/135 788/463/494
f 4525/222/25 4526/219/26 939/219/5 937/222/6
f 4526/219/26 4525/222/25 938/222/304 940/219/303
f 4526/219/26 4527/220/28 933/220/12 939/219/5
f 4527/220/28 4526/219/26 940/219/303 934/220/119
f 4527/220/28 4528/221/30 935/221/9 933/220/12
f 4528/221/30 4527/220/28 934/220/119 936/221/38
f 4528/221/30 4525/222/25 937/222/6 935/221/9
f 4525/222/25 4528/221/30 936/221/38 938/222/304
f 4555/3/25 4556/4/26 931/4/610 929/3/422
f 4556/4/26 4555/3/25 930/3/304 932/4/303
f 4556/4/26 4557/1/28 925/1/186 931/4/610
f 4557/1/28 4556/4/26 932/4/303 926/1/119
f 4557/1/28 4558/2/30 927/2/106 925/1/186
f 4558/2/30 4557/1/28 926/1/119 928/2/38
f 4558/2/30 4555/3/25 929/3/422 927/2/106
f 4555/3/25 4558/2/30 928/2/38 930/3/304
f 4587/100/270 4588/101/271 875/101/597 873/100/556
f 4588/101/271 4587/100/270 874/100/274 876/101/275
f 4588/101/271 4589/102/276 869/102/730 875/101/597
f 4589/102/276 4588/101/271 876/101/275 870/102/404
f 4589/102/276 4590/103/277 871/103/729 869/102/730
f 4590/103/277 4589/102/276 870/102/404 872/103/510
f 4590/103/277 4587/100/270 873/100/556 871/103/729
f 4587/100/270 4590/103/277 872/103/510 874/100/274
f 4595/302/270 4596/4/271 891/4/597 889/302/556
f 4596/4/271 4595/302/270 890/302/274 892/4/275
f 4596/4/271 4597/3/276 885/3/200 891/4/597
f 4597/3/276 4596/4/271 892/4/275 886/3/201
f 4597/3/276 4598/303/277 887/303/193 885/3/200
f 4598/303/277 4597/3/276 886/3/201 888/303/194
f 4598/303/277 4595/302/270 889/302/556 887/303/193
f 4595/302/270 4598/303/277 888/303/194 890/302/274
f 4659/481/52 4660/482/43 769/482/46 771/481/253
f 4660/482/43 4659/481/52 772/481/54 770/482/47
f 4660/482/43 4661/483/44 765/483/45 769/482/46
f 4661/483/44 4660/482/43 770/482/47 766/483/48
f 4661/483/44 4662/484/49 767/484/50 765/483/45
f 4662/484/49 4661/483/44 766/483/48 768/484/51
f 4662/484/49 4659/481/52 771/481/253 767/484/50
f 4659/481/52 4662/484/49 768/484/51 772/481/54
f 4663/227/277 4664/2/276 1075/2/689 1073/227/614
f 4664/2/276 4663/227/277 1074/227/193 1076/2/200
f 4664/2/276 4665/1/271 1069/1/382 1075/2/689
f 4665/1/271 4664/2/276 1076/2/200 1070/1/272
f 4665/1/271 4666/226/270 1071/226/731 1069/1/382
f 4666/226/270 4665/1/271 1070/1/272 1072/226/273
f 4666/226/270 4663/227/277 1073/227/614 1071/226/731
f 4663/227/277 4666/226/270 1072/226/273 1074/227/193
f 4775/227/25 4776/226/26 963/226/5 961/227/6
f 4776/226/26 4775/227/25 962/227/3 964/226/4
f 4776/226/26 4777/269/28 957/269/12 963/226/5
f 4777/269/28 4776/226/26 964/226/4 958/269/11
f 4777/269/28 4778/270/30 959/270/9 957/269/12
f 4778/270/30 4777/269/28 958/269/11 960/270/8
f 4778/270/30 4775/227/25 961/227/6 959/270/9
f 4775/227/25 4778/270/30 960/270/8 962/227/3
f 4779/500/277 4780/270/276 1115/270/201 1113/500/194
f 4780/270/276 4779/500/277 1114/500/193 1116/270/200
f 4780/270/276 4781/269/271 1109/269/382 1115/270/201
f 4781/269/271 4780/270/276 1116/270/200 1110/269/597
f 4781/269/271 4782/501/270 1111/501/731 1109/269/382
f 4782/501/270 4781/269/271 1110/269/597 1112/501/556
f 4782/501/270 4779/500/277 1113/500/194 1111/501/731
f 4779/500/277 4782/501/270 1112/501/556 1114/500/193
f 4787/3/25 4788/4/26 947/4/5 945/3/6
f 4788/4/26 4787/3/25 946/3/304 948/4/303
f 4788/4/26 4789/1/28 941/1/12 947/4/5
f 4789/1/28 4788/4/26 948/4/303 942/1/119
f 4789/1/28 4790/2/30 943/2/9 941/1/12
f 4790/2/30 4789/1/28 942/1/119 944/2/38
f 4790/2/30 4787/3/25 945/3/6 943/2/9
f 4787/3/25 4790/2/30 944/2/38 946/3/304
f 4791/500/277 4792/270/276 1059/270/728 1057/500/401
f 4792/270/276 4791/500/277 1058/500/729 1060/270/730
f 4792/270/276 4793/269/271 1053/269/382 1059/270/728
f 4793/269/271 4792/270/276 1060/270/730 1054/269/597
f 4793/269/271 4794/501/270 1055/501/731 1053/269/382
f 4794/501/270 4793/269/271 1054/269/597 1056/501/556
f 4794/501/270 4791/500/277 1057/500/401 1055/501/731
f 4791/500/277 4794/501/270 1056/501/556 1058/500/729
f 4867/516/52 4868/517/49 1051/517/135 1045/516/494
f 4868/517/49 4867/516/52 1046/516/136 1052/517/134
f 4868/517/49 4869/518/44 1047/518/718 1051/517/135
f 4869/518/44 4868/517/49 1052/517/134 1048/518/132
f 4869/518/44 4870/519/43 1049/519/719 1047/518/718
f 4870/519/43 4869/518/44 1048/518/132 1050/519/133
f 4870/519/43 4867/516/52 1045/516/494 1049/519/719
f 4867/516/52 4870/519/43 1050/519/133 1046/516/136
f 4881/523/52 4882/524/43 801/524/46 803/523/53
f 4882/524/43 4881/523/52 804/523/54 802/524/47
f 4882/524/43 4883/525/44 797/525/45 801/524/46
f 4883/525/44 4882/524/43 802/524/47 798/525/48
f 4883/525/44 4884/526/49 799/526/50 797/525/45
f 4884/526/49 4883/525/44 798/525/48 800/526/51
f 4884/526/49 4881/523/52 803/523/53 799/526/50
f 4881/523/52 4884/526/49 800/526/51 804/523/54
f 4933/557/52 4934/558/49 979/558/51 973/557/54
f 4934/558/49 4933/557/52 974/557/53 980/558/50
f 4934/558/49 4935/559/44 975/559/48 979/558/51
f 4935/559/44 4934/558/49 980/558/50 976/559/45
f 4935/559/44 4936/560/43 977/560/47 975/559/48
f 4936/560/43 4935/559/44 976/559/45 978/560/46
f 4936/560/43 4933/557/52 973/557/54 977/560/47
f 4933/557/52 4936/560/43 978/560/46 974/557/53
f 5081/568/277 5082/569/276 1099/569/201 1093/568/194
f 5082/569/276 5081/568/277 1094/568/193 1100/569/200
f 5082/569/276 5083/570/271 1095/570/381 1099/569/201
f 5083/570/271 5082/569/276 1100/569/200 1096/570/380
f 5083/570/271 5084/571/270 1097/571/557 1095/570/381
f 5084/571/270 5083/570/271 1096/570/380 1098/571/402
f 5084/571/270 5081/568/277 1093/568/194 1097/571/557
f 5081/568/277 5084/571/270 1098/571/402 1094/568/193
f 5145/573/270 5146/574/271 853/574/380 857/573/402
f 5146/574/271 5145/573/270 858/573/557 854/574/381
f 5146/574/271 5147/575/276 855/575/200 853/574/380
f 5147/575/276 5146/574/271 854/574/381 856/575/201
f 5147/575/276 5148/576/277 859/576/193 855/575/200
f 5148/576/277 5147/575/276 856/575/201 860/576/194
f 5148/576/277 5145/573/270 857/573/402 859/576/193
f 5145/573/270 5148/576/277 860/576/194 858/573/557
f 5251/617/44 5252/435/49 747/435/134 745/617/132
f 5252/435/49 5251/617/44 746/617/48 748/435/51
f 5252/435/49 5253/325/52 741/325/136 747/435/134
f 5253/325/52 5252/435/49 748/435/51 742/325/54
f 5253/325/52 5254/618/43 743/618/133 741/325/136
f 5254/618/43 5253/325/52 742/325/54 744/618/47
f 5254/618/43 5251/617/44 745/617/132 743/618/133
f 5251/617/44 5254/618/43 744/618/47 746/617/48
f 5255/619/52 5256/620/43 753/620/46 755/619/53
f 5256/620/43 5255/619/52 756/619/54 754/620/47
f 5256/620/43 5257/621/44 749/621/45 753/620/46
f 5257/621/44 5256/620/43 754/620/47 750/621/48
f 5257/621/44 5258/622/49 751/622/50 749/621/45
f 5258/622/49 5257/621/44 750/621/48 752/622/51
f 5258/622/49 5255/619/52 755/619/53 751/622/50
f 5255/619/52 5258/622/49 752/622/51 756/619/54
usemtl Meshpart3Mtl.001
f 3457/9/25 3458/10/26 1831/10/5 1829/9/6
f 3458/10/26 3457/9/25 1830/9/3 1832/10/27
f 3458/10/26 3459/11/28 1825/11/12 1831/10/5
f 3459/11/28 3458/10/26 1832/10/27 1826/11/29
f 3459/11/28 3460/12/30 1827/12/9 1825/11/12
f 3460/12/30 3459/11/28 1826/11/29 1828/12/8
f 3460/12/30 3457/9/25 1829/9/6 1827/12/9
f 3457/9/25 3460/12/30 1828/12/8 1830/9/3
f 3461/13/31 3462/14/32 1233/14/33 1231/13/34
f 3462/14/32 3461/13/31 1232/13/35 1234/14/36
f 3462/14/32 3463/15/37 1227/15/38 1233/14/33
f 3463/15/37 3462/14/32 1234/14/36 1228/15/39
f 3463/15/37 3464/16/40 1229/16/41 1227/15/38
f 3464/16/40 3463/15/37 1228/15/39 1230/16/42
f 3464/16/40 3461/13/31 1231/13/34 1229/16/41
f 3461/13/31 3464/16/40 1230/16/42 1232/13/35
f 3465/17/43 3466/18/44 1575/18/45 1573/17/46
f 3466/18/44 3465/17/43 1574/17/47 1576/18/48
f 3466/18/44 3467/19/49 1569/19/50 1575/18/45
f 3467/19/49 3466/18/44 1576/18/48 1570/19/51
f 3467/19/49 3468/20/52 1571/20/53 1569/19/50
f 3468/20/52 3467/19/49 1570/19/51 1572/20/54
f 3468/20/52 3465/17/43 1573/17/46 1571/20/53
f 3465/17/43 3468/20/52 1572/20/54 1574/17/47
f 3473/25/67 3474/26/68 2391/26/69 2395/25/70
f 3474/26/68 3473/25/67 2396/25/71 2392/26/72
f 3474/26/68 3475/27/73 2393/27/74 2391/26/69
f 3475/27/73 3474/26/68 2392/26/72 2394/27/75
f 3475/27/73 3476/28/76 2377/28/77 2393/27/74
f 3476/28/76 3475/27/73 2394/27/75 2378/28/78
f 3476/28/76 3477/29/79 2385/29/80 2377/28/77
f 3477/29/79 3476/28/76 2378/28/78 2386/29/81
f 3477/29/79 3478/30/82 2387/30/83 2385/29/80
f 3478/30/82 3477/29/79 2386/29/81 2388/30/84
f 3478/30/82 3479/31/85 2389/31/86 2387/30/83
f 3479/31/85 3478/30/82 2388/30/84 2390/31/87
f 3479/31/85 3473/25/67 2395/25/70 2389/31/86
f 3473/25/67 3479/31/85 2390/31/87 2396/25/71
f 3512/58/52 3513/59/49 2295/59/51 2289/58/54
f 3513/59/49 3512/58/52 2290/58/136 2296/59/134
f 3513/59/49 3514/60/44 2291/60/48 2295/59/51
f 3514/60/44 3513/59/49 2296/59/134 2292/60/132
f 3514/60/44 3515/61/43 2293/61/47 2291/60/48
f 3515/61/43 3514/60/44 2292/60/132 2294/61/133
f 3515/61/43 3512/58/52 2289/58/54 2293/61/47
f 3512/58/52 3515/61/43 2294/61/133 2290/58/136
f 3516/62/155 3517/63/156 1501/63/157 1505/62/158
f 3517/63/156 3516/62/155 1506/62/159 1502/63/160
f 3517/63/156 3518/64/161 1503/64/162 1501/63/157
f 3518/64/161 3517/63/156 1502/63/160 1504/64/163
f 3518/64/161 3519/65/164 1507/65/165 1503/64/162
f 3519/65/164 3518/64/161 1504/64/163 1508/65/166
f 3519/65/164 3520/66/167 1509/66/168 1507/65/165
f 3520/66/167 3519/65/164 1508/65/166 1510/66/169
f 3520/66/167 3521/67/170 1511/67/171 1509/66/168
f 3521/67/170 3520/66/167 1510/66/169 1512/67/172
f 3521/67/170 3516/62/155 1505/62/158 1511/67/171
f 3516/62/155 3521/67/170 1512/67/172 1506/62/159
f 3522/68/173 3523/69/174 1329/69/175 1327/68/176
f 3523/69/174 3522/68/173 1328/68/177 1330/69/178
f 3523/69/174 3524/70/179 1325/70/180 1329/69/175
f 3524/70/179 3523/69/174 1330/69/178 1326/70/181
f 3524/70/179 3525/71/182 1323/71/183 1325/70/180
f 3525/71/182 3524/70/179 1326/70/181 1324/71/184
f 3525/71/182 3522/68/173 1327/68/176 1323/71/183
f 3522/68/173 3525/71/182 1324/71/184 1328/68/177
f 3526/72/30 3527/73/28 1361/73/29 1363/72/185
f 3527/73/28 3526/72/30 1364/72/106 1362/73/186
f 3527/73/28 3528/74/26 1365/74/27 1361/73/29
f 3528/74/26 3527/73/28 1362/73/186 1366/74/187
f 3528/74/26 3529/75/25 1367/75/188 1365/74/27
f 3529/75/25 3528/74/26 1366/74/187 1368/75/189
f 3529/75/25 3526/72/30 1363/72/185 1367/75/188
f 3526/72/30 3529/75/25 1368/75/189 1364/72/106
f 3554/96/260 3555/97/43 2091/97/261 2087/96/262
f 3555/97/43 3554/96/260 2088/96/263 2092/97/264
f 3555/97/43 3556/98/265 2089/98/266 2091/97/261
f 3556/98/265 3555/97/43 2092/97/264 2090/98/267
f 3556/98/265 3557/99/49 2085/99/268 2089/98/266
f 3557/99/49 3556/98/265 2090/98/267 2086/99/269
f 3557/99/49 3554/96/260 2087/96/262 2085/99/268
f 3554/96/260 3557/99/49 2086/99/269 2088/96/263
f 3614/70/1 3615/9/2 1375/9/3 1373/70/4
f 3615/9/2 3614/70/1 1374/70/35 1376/9/322
f 3615/9/2 3616/144/7 1369/144/185 1375/9/3
f 3616/144/7 3615/9/2 1376/9/322 1370/144/9
f 3616/144/7 3617/145/10 1371/145/29 1369/144/185
f 3617/145/10 3616/144/7 1370/144/9 1372/145/12
f 3617/145/10 3614/70/1 1373/70/4 1371/145/29
f 3614/70/1 3617/145/10 1372/145/12 1374/70/35
f 3626/147/26 3627/12/25 1399/12/304 1397/147/303
f 3627/12/25 3626/147/26 1398/147/5 1400/12/6
f 3627/12/25 3628/9/30 1393/9/38 1399/12/304
f 3628/9/30 3627/12/25 1400/12/6 1394/9/9
f 3628/9/30 3629/148/28 1395/148/119 1393/9/38
f 3629/148/28 3628/9/30 1394/9/9 1396/148/12
f 3629/148/28 3626/147/26 1397/147/303 1395/148/119
f 3626/147/26 3629/148/28 1396/148/12 1398/147/5
f 3644/159/270 3645/160/277 2527/160/401 2529/159/17
f 3645/160/277 3644/159/270 2530/159/402 2528/160/403
f 3645/160/277 3646/161/276 2517/161/404 2527/160/401
f 3646/161/276 3645/160/277 2528/160/403 2518/161/405
f 3646/161/276 3647/162/271 2525/162/381 2517/161/404
f 3647/162/271 3646/161/276 2518/161/405 2526/162/380
f 3647/162/271 3644/159/270 2529/159/17 2525/162/381
f 3644/159/270 3647/162/271 2526/162/380 2530/159/402
f 3656/169/421 3657/72/25 1875/72/422 1861/169/423
f 3657/72/25 3656/169/421 1862/169/424 1876/72/3
f 3657/72/25 3658/73/425 1873/73/426 1875/72/422
f 3658/73/425 3657/72/25 1876/72/3 1874/73/427
f 3658/73/425 3659/170/428 1871/170/429 1873/73/426
f 3659/170/428 3658/73/425 1874/73/427 1872/170/430
f 3659/170/428 3660/75/431 1857/75/432 1871/170/429
f 3660/75/431 3659/170/428 1872/170/430 1858/75/433
f 3660/75/431 3661/171/434 1863/171/435 1857/75/432
f 3661/171/434 3660/75/431 1858/75/433 1864/171/436
f 3661/171/434 3662/172/437 1869/172/438 1863/171/435
f 3662/172/437 3661/171/434 1864/171/436 1870/172/439
f 3662/172/437 3663/173/440 1881/173/441 1869/172/438
f 3663/173/440 3662/172/437 1870/172/439 1882/173/442
f 3663/173/440 3664/174/443 1883/174/444 1881/173/441
f 3664/174/443 3663/173/440 1882/173/442 1884/174/445
f 3664/174/443 3665/175/28 1887/175/186 1883/174/444
f 3665/175/28 3664/174/443 1884/174/445 1888/175/29
f 3665/175/28 3666/176/30 1885/176/106 1887/175/186
f 3666/176/30 3665/175/28 1888/175/29 1886/176/185
f 3666/176/30 3667/177/446 1867/177/447 1885/176/106
f 3667/177/446 3666/176/30 1886/176/185 1868/177/448
f 3667/177/446 3668/16/449 1865/16/450 1867/177/447
f 3668/16/449 3667/177/446 1868/177/448 1866/16/451
f 3668/16/449 3669/178/452 1859/178/453 1865/16/450
f 3669/178/452 3668/16/449 1866/16/451 1860/178/454
f 3669/178/452 3656/169/421 1861/169/423 1859/178/453
f 3656/169/421 3669/178/452 1860/178/454 1862/169/424
f 3670/179/455 3671/99/170 2085/99/456 2073/179/457
f 3671/99/170 3670/179/455 2074/179/458 2086/99/459
f 3671/99/170 3672/180/460 2081/180/461 2085/99/456
f 3672/180/460 3671/99/170 2086/99/459 2082/180/462
f 3672/180/460 3673/181/463 2083/181/464 2081/180/461
f 3673/181/463 3672/180/460 2082/180/462 2084/181/465
f 3673/181/463 3670/179/455 2073/179/457 2083/181/464
f 3670/179/455 3673/181/463 2084/181/465 2074/179/458
f 3682/74/26 3683/75/25 1271/75/188 1267/74/27
f 3683/75/25 3682/74/26 1268/74/5 1272/75/6
f 3683/75/25 3684/72/30 1269/72/185 1271/75/188
f 3684/72/30 3683/75/25 1272/75/6 1270/72/9
f 3684/72/30 3685/73/28 1265/73/29 1269/72/185
f 3685/73/28 3684/72/30 1270/72/9 1266/73/12
f 3685/73/28 3682/74/26 1267/74/27 1265/73/29
f 3682/74/26 3685/73/28 1266/73/12 1268/74/5
f 3686/185/44 3687/181/466 2167/181/467 2163/185/48
f 3687/181/466 3686/185/44 2164/185/132 2168/181/468
f 3687/181/466 3688/186/469 2157/186/470 2167/181/467
f 3688/186/469 3687/181/466 2168/181/468 2158/186/471
f 3688/186/469 3689/187/472 2165/187/473 2157/186/470
f 3689/187/472 3688/186/469 2158/186/471 2166/187/474
f 3689/187/472 3686/185/44 2163/185/48 2165/187/473
f 3686/185/44 3689/187/472 2166/187/474 2164/185/132
f 3698/194/52 3699/195/49 2099/195/51 2093/194/54
f 3699/195/49 3698/194/52 2094/194/136 2100/195/134
f 3699/195/49 3700/196/44 2095/196/298 2099/195/51
f 3700/196/44 3699/195/49 2100/195/134 2096/196/297
f 3700/196/44 3701/197/43 2097/197/261 2095/196/298
f 3701/197/43 3700/196/44 2096/196/297 2098/197/264
f 3701/197/43 3698/194/52 2093/194/54 2097/197/261
f 3698/194/52 3701/197/43 2098/197/264 2094/194/136
f 3714/205/270 3715/206/271 1747/206/272 1745/205/273
f 3715/206/271 3714/205/270 1746/205/274 1748/206/275
f 3715/206/271 3716/207/276 1741/207/405 1747/206/272
f 3716/207/276 3715/206/271 1748/206/275 1742/207/404
f 3716/207/276 3717/208/277 1743/208/403 1741/207/405
f 3717/208/277 3716/207/276 1742/207/404 1744/208/510
f 3717/208/277 3714/205/270 1745/205/273 1743/208/403
f 3714/205/270 3717/208/277 1744/208/510 1746/205/274
f 3744/19/584 3745/224/585 2257/224/47 2245/19/48
f 3745/224/585 3744/19/584 2246/19/132 2258/224/133
f 3745/224/585 3746/225/52 2253/225/302 2257/224/47
f 3746/225/52 3745/224/585 2258/224/133 2254/225/253
f 3746/225/52 3747/18/49 2255/18/300 2253/225/302
f 3747/18/49 3746/225/52 2254/225/253 2256/18/255
f 3747/18/49 3744/19/584 2245/19/48 2255/18/300
f 3744/19/584 3747/18/49 2256/18/255 2246/19/132
f 3752/228/586 3753/229/587 2143/229/588 2137/228/589
f 3753/229/587 3752/228/586 2138/228/590 2144/229/591
f 3753/229/587 3754/180/592 2139/180/593 2143/229/588
f 3754/180/592 3753/229/587 2144/229/591 2140/180/594
f 3754/180/592 3755/230/43 2141/230/90 2139/180/593
f 3755/230/43 3754/180/592 2140/180/594 2142/230/89
f 3755/230/43 3752/228/586 2137/228/589 2141/230/90
f 3752/228/586 3755/230/43 2142/230/89 2138/228/590
f 3760/233/25 3761/16/26 1939/16/187 1937/233/189
f 3761/16/26 3760/233/25 1938/233/188 1940/16/27
f 3761/16/26 3762/13/28 1933/13/606 1939/16/187
f 3762/13/28 3761/16/26 1940/16/27 1934/13/11
f 3762/13/28 3763/234/30 1935/234/607 1933/13/606
f 3763/234/30 3762/13/28 1934/13/11 1936/234/8
f 3763/234/30 3760/233/25 1937/233/189 1935/234/607
f 3760/233/25 3763/234/30 1936/234/8 1938/233/188
f 3764/235/276 3765/236/277 1799/236/193 1795/235/200
f 3765/236/277 3764/235/276 1796/235/201 1800/236/194
f 3765/236/277 3766/237/270 1797/237/402 1799/236/193
f 3766/237/270 3765/236/277 1800/236/194 1798/237/557
f 3766/237/270 3767/238/271 1793/238/380 1797/237/402
f 3767/238/271 3766/237/270 1798/237/557 1794/238/381
f 3767/238/271 3764/235/276 1795/235/200 1793/238/380
f 3764/235/276 3767/238/271 1794/238/381 1796/235/201
f 3772/74/26 3773/75/25 1255/75/188 1251/74/27
f 3773/75/25 3772/74/26 1252/74/5 1256/75/6
f 3773/75/25 3774/72/30 1253/72/185 1255/75/188
f 3774/72/30 3773/75/25 1256/75/6 1254/72/9
f 3774/72/30 3775/73/28 1249/73/29 1253/72/185
f 3775/73/28 3774/72/30 1254/72/9 1250/73/12
f 3775/73/28 3772/74/26 1251/74/27 1249/73/29
f 3772/74/26 3775/73/28 1250/73/12 1252/74/5
f 3780/75/25 3781/74/26 1823/74/5 1819/75/6
f 3781/74/26 3780/75/25 1820/75/188 1824/74/27
f 3781/74/26 3782/172/28 1821/172/12 1823/74/5
f 3782/172/28 3781/74/26 1824/74/27 1822/172/29
f 3782/172/28 3783/171/30 1817/171/9 1821/172/12
f 3783/171/30 3782/172/28 1822/172/29 1818/171/185
f 3783/171/30 3780/75/25 1819/75/6 1817/171/9
f 3780/75/25 3783/171/30 1818/171/185 1820/75/188
f 3784/181/623 3785/186/624 1603/186/625 1615/181/626
f 3785/186/624 3784/181/623 1616/181/627 1604/186/628
f 3785/186/624 3786/241/629 1607/241/630 1603/186/625
f 3786/241/629 3785/186/624 1604/186/628 1608/241/631
f 3786/241/629 3787/242/632 1611/242/633 1607/241/630
f 3787/242/632 3786/241/629 1608/241/631 1612/242/634
f 3787/242/632 3788/236/635 1621/236/636 1611/242/633
f 3788/236/635 3787/242/632 1612/242/634 1622/236/637
f 3788/236/635 3789/235/638 1625/235/639 1621/236/636
f 3789/235/638 3788/236/635 1622/236/637 1626/235/640
f 3789/235/638 3790/243/641 1627/243/642 1625/235/639
f 3790/243/641 3789/235/638 1626/235/640 1628/243/643
f 3790/243/641 3791/244/644 1637/244/645 1627/243/642
f 3791/244/644 3790/243/641 1628/243/643 1638/244/646
f 3791/244/644 3792/245/406 1649/245/647 1637/244/645
f 3792/245/406 3791/244/644 1638/244/646 1650/245/648
f 3792/245/406 3793/246/649 1647/246/650 1649/245/647
f 3793/246/649 3792/245/406 1650/245/648 1648/246/651
f 3793/246/649 3794/247/652 1659/247/653 1647/246/650
f 3794/247/652 3793/246/649 1648/246/651 1660/247/654
f 3794/247/652 3795/248/276 1655/248/655 1659/247/653
f 3795/248/276 3794/247/652 1660/247/654 1656/248/656
f 3795/248/276 3796/249/657 1657/249/658 1655/248/655
f 3796/249/657 3795/248/276 1656/248/656 1658/249/659
f 3796/249/657 3797/250/660 1651/250/661 1657/249/658
f 3797/250/660 3796/249/657 1658/249/659 1652/250/662
f 3797/250/660 3798/251/663 1653/251/664 1651/250/661
f 3798/251/663 3797/250/660 1652/250/662 1654/251/665
f 3798/251/663 3799/252/666 1643/252/667 1653/251/664
f 3799/252/666 3798/251/663 1654/251/665 1644/252/668
f 3799/252/666 3800/253/669 1645/253/670 1643/252/667
f 3800/253/669 3799/252/666 1644/252/668 1646/253/671
f 3800/253/669 3801/254/277 1639/254/193 1645/253/670
f 3801/254/277 3800/253/669 1646/253/671 1640/254/194
f 3801/254/277 3802/255/672 1641/255/673 1639/254/193
f 3802/255/672 3801/254/277 1640/254/194 1642/255/674
f 3802/255/672 3784/181/623 1615/181/626 1641/255/673
f 3784/181/623 3802/255/672 1642/255/674 1616/181/627
f 3815/260/52 3816/261/49 2343/261/51 2337/260/54
f 3816/261/49 3815/260/52 2338/260/53 2344/261/50
f 3816/261/49 3817/262/44 2339/262/91 2343/261/51
f 3817/262/44 3816/261/49 2344/261/50 2340/262/297
f 3817/262/44 3818/263/43 2341/263/90 2339/262/91
f 3818/263/43 3817/262/44 2340/262/297 2342/263/264
f 3818/263/43 3815/260/52 2337/260/54 2341/263/90
f 3815/260/52 3818/263/43 2342/263/264 2338/260/53
f 3823/177/28 3824/69/30 1957/69/9 1959/177/12
f 3824/69/30 3823/177/28 1960/177/29 1958/69/8
f 3824/69/30 3825/70/25 1961/70/6 1957/69/9
f 3825/70/25 3824/69/30 1958/69/8 1962/70/188
f 3825/70/25 3826/169/26 1963/169/5 1961/70/6
f 3826/169/26 3825/70/25 1962/70/188 1964/169/27
f 3826/169/26 3823/177/28 1959/177/12 1963/169/5
f 3823/177/28 3826/169/26 1964/169/27 1960/177/29
f 3851/271/690 3852/72/691 1199/72/119 1195/271/38
f 3852/72/691 3851/271/690 1196/271/692 1200/72/693
f 3852/72/691 3853/169/694 1197/169/303 1199/72/119
f 3853/169/694 3852/72/691 1200/72/693 1198/169/695
f 3853/169/694 3854/178/696 1193/178/304 1197/169/303
f 3854/178/696 3853/169/694 1198/169/695 1194/178/697
f 3854/178/696 3851/271/690 1195/271/38 1193/178/304
f 3851/271/690 3854/178/696 1194/178/697 1196/271/692
f 3859/272/26 3860/273/25 1219/273/304 1217/272/303
f 3860/273/25 3859/272/26 1218/272/5 1220/273/6
f 3860/273/25 3861/274/30 1213/274/38 1219/273/304
f 3861/274/30 3860/273/25 1220/273/6 1214/274/9
f 3861/274/30 3862/275/28 1215/275/119 1213/274/38
f 3862/275/28 3861/274/30 1214/274/9 1216/275/12
f 3862/275/28 3859/272/26 1217/272/303 1215/275/119
f 3859/272/26 3862/275/28 1216/275/12 1218/272/5
f 3875/196/52 3876/277/49 2243/277/135 2237/196/494
f 3876/277/49 3875/196/52 2238/196/53 2244/277/50
f 3876/277/49 3877/161/584 2239/161/718 2243/277/135
f 3877/161/584 3876/277/49 2244/277/50 2240/161/45
f 3877/161/584 3878/278/585 2241/278/719 2239/161/718
f 3878/278/585 3877/161/584 2240/161/45 2242/278/46
f 3878/278/585 3875/196/52 2237/196/494 2241/278/719
f 3875/196/52 3878/278/585 2242/278/46 2238/196/53
f 3887/228/52 3888/280/43 1437/280/89 1439/228/136
f 3888/280/43 3887/228/52 1440/228/54 1438/280/90
f 3888/280/43 3889/20/44 1433/20/88 1437/280/89
f 3889/20/44 3888/280/43 1438/280/90 1434/20/91
f 3889/20/44 3890/229/49 1435/229/134 1433/20/88
f 3890/229/49 3889/20/44 1434/20/91 1436/229/51
f 3890/229/49 3887/228/52 1439/228/136 1435/229/134
f 3887/228/52 3890/229/49 1436/229/51 1440/228/54
f 3907/174/25 3908/173/26 1955/173/187 1953/174/189
f 3908/173/26 3907/174/25 1954/174/188 1956/173/27
f 3908/173/26 3909/290/28 1949/290/186 1955/173/187
f 3909/290/28 3908/173/26 1956/173/27 1950/290/29
f 3909/290/28 3910/175/30 1951/175/106 1949/290/186
f 3910/175/30 3909/290/28 1950/290/29 1952/175/185
f 3910/175/30 3907/174/25 1953/174/189 1951/175/106
f 3907/174/25 3910/175/30 1952/175/185 1954/174/188
f 3911/291/277 3912/292/276 2515/292/728 2513/291/401
f 3912/292/276 3911/291/277 2514/291/729 2516/292/730
f 3912/292/276 3913/293/271 2509/293/382 2515/292/728
f 3913/293/271 3912/292/276 2516/292/730 2510/293/597
f 3913/293/271 3914/294/270 2511/294/731 2509/293/382
f 3914/294/270 3913/293/271 2510/293/597 2512/294/556
f 3914/294/270 3911/291/277 2513/291/401 2511/294/731
f 3911/291/277 3914/294/270 2512/294/556 2514/291/729
f 3927/68/732 3928/233/733 1335/233/734 1327/68/735
f 3928/233/733 3927/68/732 1328/68/736 1336/233/737
f 3928/233/733 3929/234/26 1331/234/303 1335/233/734
f 3929/234/26 3928/233/733 1336/233/737 1332/234/610
f 3929/234/26 3930/298/738 1333/298/739 1331/234/303
f 3930/298/738 3929/234/26 1332/234/610 1334/298/740
f 3930/298/738 3927/68/732 1327/68/735 1333/298/739
f 3927/68/732 3930/298/738 1334/298/740 1328/68/736
f 3935/299/277 3936/300/276 2559/300/404 2555/299/510
f 3936/300/276 3935/299/277 2556/299/403 2560/300/405
f 3936/300/276 3937/301/271 2557/301/381 2559/300/404
f 3937/301/271 3936/300/276 2560/300/405 2558/301/380
f 3937/301/271 3938/292/270 2553/292/557 2557/301/381
f 3938/292/270 3937/301/271 2558/301/380 2554/292/402
f 3938/292/270 3935/299/277 2555/299/510 2553/292/557
f 3935/299/277 3938/292/270 2554/292/402 2556/299/403
f 3959/313/741 3960/314/276 2449/314/201 2445/313/742
f 3960/314/276 3959/313/741 2446/313/743 2450/314/200
f 3960/314/276 3961/315/744 2447/315/745 2449/314/201
f 3961/315/744 3960/314/276 2450/314/200 2448/315/746
f 3961/315/744 3962/316/747 2443/316/748 2447/315/745
f 3962/316/747 3961/315/744 2448/315/746 2444/316/749
f 3962/316/747 3959/313/741 2445/313/742 2443/316/748
f 3959/313/741 3962/316/747 2444/316/749 2446/313/743
f 4007/173/784 4008/177/785 1137/177/786 1133/173/787
f 4008/177/785 4007/173/784 1134/173/788 1138/177/789
f 4008/177/785 4009/171/790 1135/171/791 1137/177/786
f 4009/171/790 4008/177/785 1138/177/789 1136/171/792
f 4009/171/790 4010/341/319 1147/341/793 1135/171/791
f 4010/341/319 4009/171/790 1136/171/792 1148/341/477
f 4010/341/319 4011/342/475 1145/342/794 1147/341/793
f 4011/342/475 4010/341/319 1148/341/477 1146/342/478
f 4011/342/475 4012/75/795 1139/75/796 1145/342/794
f 4012/75/795 4011/342/475 1146/342/478 1140/75/797
f 4012/75/795 4013/169/798 1143/169/799 1139/75/796
f 4013/169/798 4012/75/795 1140/75/797 1144/169/800
f 4013/169/798 4014/343/801 1141/343/802 1143/169/799
f 4014/343/801 4013/169/798 1144/169/800 1142/343/803
f 4014/343/801 4007/173/784 1133/173/787 1141/343/802
f 4007/173/784 4014/343/801 1142/343/803 1134/173/788
f 4053/356/865 4054/357/866 1187/357/867 1183/356/868
f 4054/357/866 4053/356/865 1184/356/869 1188/357/870
f 4054/357/866 4055/273/871 1185/273/872 1187/357/867
f 4055/273/871 4054/357/866 1188/357/870 1186/273/873
f 4055/273/871 4056/272/874 1181/272/857 1185/273/872
f 4056/272/874 4055/273/871 1186/273/873 1182/272/858
f 4056/272/874 4053/356/865 1183/356/868 1181/272/857
f 4053/356/865 4056/272/874 1182/272/858 1184/356/869
f 4065/360/277 4066/361/276 2535/361/728 2531/360/401
f 4066/361/276 4065/360/277 2532/360/193 2536/361/200
f 4066/361/276 4067/195/271 2533/195/18 2535/361/728
f 4067/195/271 4066/361/276 2536/361/200 2534/195/15
f 4067/195/271 4068/196/270 2523/196/17 2533/195/18
f 4068/196/270 4067/195/271 2534/195/15 2524/196/16
f 4068/196/270 4065/360/277 2531/360/401 2523/196/17
f 4065/360/277 4068/196/270 2524/196/16 2532/360/193
f 4073/177/875 4074/173/876 1179/173/877 1171/177/878
f 4074/173/876 4073/177/875 1172/177/879 1180/173/880
f 4074/173/876 4075/290/1 1175/290/27 1179/173/877
f 4075/290/1 4074/173/876 1180/173/880 1176/290/5
f 4075/290/1 4076/176/881 1177/176/882 1175/290/27
f 4076/176/881 4075/290/1 1176/290/5 1178/176/883
f 4076/176/881 4073/177/875 1171/177/878 1177/176/882
f 4073/177/875 4076/176/881 1178/176/883 1172/177/879
f 4077/175/26 4078/176/25 1247/176/188 1243/175/27
f 4078/176/25 4077/175/26 1244/175/5 1248/176/6
f 4078/176/25 4079/171/30 1245/171/185 1247/176/188
f 4079/171/30 4078/176/25 1248/176/6 1246/171/9
f 4079/171/30 4080/172/28 1241/172/29 1245/171/185
f 4080/172/28 4079/171/30 1246/171/9 1242/172/12
f 4080/172/28 4077/175/26 1243/175/27 1241/172/29
f 4077/175/26 4080/172/28 1242/172/12 1244/175/5
f 4085/365/884 4086/366/49 2149/366/885 2145/365/886
f 4086/366/49 4085/365/884 2146/365/887 2150/366/888
f 4086/366/49 4087/367/889 2147/367/890 2149/366/885
f 4087/367/889 4086/366/49 2150/366/888 2148/367/891
f 4087/367/889 4088/229/43 2143/229/892 2147/367/890
f 4088/229/43 4087/367/889 2148/367/891 2144/229/893
f 4088/229/43 4085/365/884 2145/365/886 2143/229/892
f 4085/365/884 4088/229/43 2144/229/893 2146/365/887
f 4089/173/894 4090/172/895 1869/172/438 1881/173/441
f 4090/172/895 4089/173/894 1882/173/442 1870/172/439
f 4090/172/895 4091/74/896 1877/74/897 1869/172/438
f 4091/74/896 4090/172/895 1870/172/439 1878/74/898
f 4091/74/896 4092/75/899 1857/75/432 1877/74/897
f 4092/75/899 4091/74/896 1878/74/898 1858/75/433
f 4092/75/899 4093/170/900 1871/170/429 1857/75/432
f 4093/170/900 4092/75/899 1858/75/433 1872/170/430
f 4093/170/900 4094/343/901 1879/343/902 1871/170/429
f 4094/343/901 4093/170/900 1872/170/430 1880/343/903
f 4094/343/901 4089/173/894 1881/173/441 1879/343/902
f 4089/173/894 4094/343/901 1880/343/903 1882/173/442
f 4095/368/270 4096/28/271 1723/28/597 1721/368/556
f 4096/28/271 4095/368/270 1722/368/731 1724/28/382
f 4096/28/271 4097/369/276 1717/369/730 1723/28/597
f 4097/369/276 4096/28/271 1724/28/382 1718/369/728
f 4097/369/276 4098/370/277 1719/370/729 1717/369/730
f 4098/370/277 4097/369/276 1718/369/728 1720/370/401
f 4098/370/277 4095/368/270 1721/368/556 1719/370/729
f 4095/368/270 4098/370/277 1720/370/401 1722/368/731
f 4099/371/25 4100/271/26 1947/271/610 1945/371/322
f 4100/271/26 4099/371/25 1946/371/304 1948/271/4
f 4100/271/26 4101/178/28 1941/178/186 1947/271/610
f 4101/178/28 4100/271/26 1948/271/4 1942/178/29
f 4101/178/28 4102/372/30 1943/372/106 1941/178/186
f 4102/372/30 4101/178/28 1942/178/29 1944/372/38
f 4102/372/30 4099/371/25 1945/371/322 1943/372/106
f 4099/371/25 4102/372/30 1944/372/38 1946/371/304
f 4103/373/460 4104/374/463 2107/374/464 2101/373/461
f 4104/374/463 4103/373/460 2102/373/462 2108/374/465
f 4104/374/463 4105/181/904 2103/181/457 2107/374/464
f 4105/181/904 4104/374/463 2108/374/465 2104/181/458
f 4105/181/904 4106/180/905 2105/180/456 2103/181/457
f 4106/180/905 4105/181/904 2104/181/458 2106/180/459
f 4106/180/905 4103/373/460 2101/373/461 2105/180/456
f 4103/373/460 4106/180/905 2106/180/459 2102/373/462
f 4119/383/52 4120/384/908 2071/384/909 2063/383/910
f 4120/384/908 4119/383/52 2064/383/911 2072/384/912
f 4120/384/908 4121/385/44 2067/385/718 2071/384/909
f 4121/385/44 4120/384/908 2072/384/912 2068/385/132
f 4121/385/44 4122/386/170 2069/386/913 2067/385/718
f 4122/386/170 4121/385/44 2068/385/132 2070/386/914
f 4122/386/170 4119/383/52 2063/383/910 2069/386/913
f 4119/383/52 4122/386/170 2070/386/914 2064/383/911
f 4123/233/915 4124/15/856 1315/15/857 1305/233/916
f 4124/15/856 4123/233/915 1306/233/917 1316/15/858
f 4124/15/856 4125/14/26 1311/14/303 1315/15/857
f 4125/14/26 4124/15/856 1316/15/858 1312/14/5
f 4125/14/26 4126/234/918 1313/234/919 1311/14/303
f 4126/234/918 4125/14/26 1312/14/5 1314/234/920
f 4126/234/918 4123/233/915 1305/233/916 1313/234/919
f 4123/233/915 4126/234/918 1314/234/920 1306/233/917
f 4127/374/921 4128/373/922 2125/373/362 2123/374/355
f 4128/373/922 4127/374/921 2124/374/923 2126/373/924
f 4128/373/922 4129/229/925 2131/229/926 2125/373/362
f 4129/229/925 4128/373/922 2126/373/924 2132/229/927
f 4129/229/925 4130/367/928 2129/367/929 2131/229/926
f 4130/367/928 4129/229/925 2132/229/927 2130/367/930
f 4130/367/928 4131/366/931 2133/366/932 2129/367/929
f 4131/366/931 4130/367/928 2130/367/930 2134/366/933
f 4131/366/931 4132/387/840 2135/387/842 2133/366/932
f 4132/387/840 4131/366/931 2134/366/933 2136/387/934
f 4132/387/840 4133/388/935 2121/388/936 2135/387/842
f 4133/388/935 4132/387/840 2136/387/934 2122/388/937
f 4133/388/935 4134/186/938 2127/186/939 2121/388/936
f 4134/186/938 4133/388/935 2122/388/937 2128/186/940
f 4134/186/938 4127/374/921 2123/374/355 2127/186/939
f 4127/374/921 4134/186/938 2128/186/940 2124/374/923
f 4135/230/52 4136/389/49 2303/389/51 2297/230/54
f 4136/389/49 4135/230/52 2298/230/136 2304/389/134
f 4136/389/49 4137/390/44 2299/390/48 2303/389/51
f 4137/390/44 4136/389/49 2304/389/134 2300/390/132
f 4137/390/44 4138/391/43 2301/391/47 2299/390/48
f 4138/391/43 4137/390/44 2300/390/132 2302/391/133
f 4138/391/43 4135/230/52 2297/230/54 2301/391/47
f 4135/230/52 4138/391/43 2302/391/133 2298/230/136
f 4143/392/52 4144/393/49 2335/393/51 2329/392/54
f 4144/393/49 4143/392/52 2330/392/136 2336/393/134
f 4144/393/49 4145/394/44 2331/394/48 2335/393/51
f 4145/394/44 4144/393/49 2336/393/134 2332/394/132
f 4145/394/44 4146/395/43 2333/395/47 2331/394/48
f 4146/395/43 4145/394/44 2332/394/132 2334/395/133
f 4146/395/43 4143/392/52 2329/392/54 2333/395/47
f 4143/392/52 4146/395/43 2334/395/133 2330/392/136
f 4155/372/949 4156/71/950 1323/71/951 1321/372/952
f 4156/71/950 4155/372/949 1322/372/953 1324/71/954
f 4156/71/950 4157/396/955 1317/396/956 1323/71/951
f 4157/396/955 4156/71/950 1324/71/954 1318/396/957
f 4157/396/955 4158/371/28 1319/371/119 1317/396/956
f 4158/371/28 4157/396/955 1318/396/957 1320/371/186
f 4158/371/28 4155/372/949 1321/372/952 1319/371/119
f 4155/372/949 4158/371/28 1320/371/186 1322/372/953
f 4159/397/52 4160/197/49 2273/197/135 2267/397/494
f 4160/197/49 4159/397/52 2268/397/53 2274/197/50
f 4160/197/49 4161/398/584 2269/398/718 2273/197/135
f 4161/398/584 4160/197/49 2274/197/50 2270/398/45
f 4161/398/584 4162/399/585 2271/399/719 2269/398/718
f 4162/399/585 4161/398/584 2270/398/45 2272/399/46
f 4162/399/585 4159/397/52 2267/397/494 2271/399/719
f 4159/397/52 4162/399/585 2272/399/46 2268/397/53
f 4163/243/958 4164/277/270 2465/277/274 2461/243/959
f 4164/277/270 4163/243/958 2462/243/960 2466/277/556
f 4164/277/270 4165/196/961 2463/196/962 2465/277/274
f 4165/196/961 4164/277/270 2466/277/556 2464/196/963
f 4165/196/961 4166/195/276 2457/195/964 2463/196/962
f 4166/195/276 4165/196/961 2464/196/963 2458/195/965
f 4166/195/276 4163/243/958 2461/243/959 2457/195/964
f 4163/243/958 4166/195/276 2458/195/965 2462/243/960
f 4175/400/43 4176/401/44 1463/401/132 1459/400/133
f 4176/401/44 4175/400/43 1460/400/47 1464/401/48
f 4176/401/44 4177/402/49 1461/402/134 1463/401/132
f 4177/402/49 4176/401/44 1464/401/48 1462/402/135
f 4177/402/49 4178/403/52 1457/403/136 1461/402/134
f 4178/403/52 4177/402/49 1462/402/135 1458/403/494
f 4178/403/52 4175/400/43 1459/400/133 1457/403/136
f 4175/400/43 4178/403/52 1458/403/494 1460/400/47
f 4183/20/43 4184/19/44 1551/19/297 1549/20/264
f 4184/19/44 4183/20/43 1550/20/261 1552/19/298
f 4184/19/44 4185/408/49 1545/408/255 1551/19/297
f 4185/408/49 4184/19/44 1552/19/298 1546/408/300
f 4185/408/49 4186/365/52 1547/365/253 1545/408/255
f 4186/365/52 4185/408/49 1546/408/300 1548/365/302
f 4186/365/52 4183/20/43 1549/20/264 1547/365/253
f 4183/20/43 4186/365/52 1548/365/302 1550/20/261
f 4187/229/44 4188/228/43 2181/228/47 2177/229/48
f 4188/228/43 4187/229/44 2178/229/132 2182/228/133
f 4188/228/43 4189/409/52 2179/409/302 2181/228/47
f 4189/409/52 4188/228/43 2182/228/133 2180/409/253
f 4189/409/52 4190/365/49 2173/365/300 2179/409/302
f 4190/365/49 4189/409/52 2180/409/253 2174/365/255
f 4190/365/49 4187/229/44 2177/229/48 2173/365/300
f 4187/229/44 4190/365/49 2174/365/255 2178/229/132
f 4195/186/966 4196/187/967 1599/187/968 1603/186/625
f 4196/187/967 4195/186/966 1604/186/628 1600/187/969
f 4196/187/967 4197/410/970 1601/410/971 1599/187/968
f 4197/410/970 4196/187/967 1600/187/969 1602/410/972
f 4197/410/970 4198/411/973 1593/411/974 1601/410/971
f 4198/411/973 4197/410/970 1602/410/972 1594/411/975
f 4198/411/973 4199/208/976 1597/208/977 1593/411/974
f 4199/208/976 4198/411/973 1594/411/975 1598/208/978
f 4199/208/976 4200/207/979 1591/207/980 1597/208/977
f 4200/207/979 4199/208/976 1598/208/978 1592/207/981
f 4200/207/979 4201/25/982 1587/25/983 1591/207/980
f 4201/25/982 4200/207/979 1592/207/981 1588/25/984
f 4201/25/982 4202/412/985 1605/412/986 1587/25/983
f 4202/412/985 4201/25/982 1588/25/984 1606/412/987
f 4202/412/985 4195/186/966 1603/186/625 1605/412/986
f 4195/186/966 4202/412/985 1606/412/987 1604/186/628
f 4207/255/992 4208/415/993 1703/415/994 1701/255/995
f 4208/415/993 4207/255/992 1702/255/996 1704/415/997
f 4208/415/993 4209/395/998 1695/395/999 1703/415/994
f 4209/395/998 4208/415/993 1704/415/997 1696/395/1000
f 4209/395/998 4210/388/1001 1697/388/1002 1695/395/999
f 4210/388/1001 4209/395/998 1696/395/1000 1698/388/1003
f 4210/388/1001 4211/186/1004 1689/186/1005 1697/388/1002
f 4211/186/1004 4210/388/1001 1698/388/1003 1690/186/1006
f 4211/186/1004 4212/181/1007 1699/181/1008 1689/186/1005
f 4212/181/1007 4211/186/1004 1690/186/1006 1700/181/1009
f 4212/181/1007 4207/255/992 1701/255/995 1699/181/1008
f 4207/255/992 4212/181/1007 1700/181/1009 1702/255/996
f 4217/280/585 4218/20/584 1567/20/45 1563/280/46
f 4218/20/584 4217/280/585 1564/280/719 1568/20/718
f 4218/20/584 4219/365/49 1565/365/50 1567/20/45
f 4219/365/49 4218/20/584 1568/20/718 1566/365/135
f 4219/365/49 4220/409/52 1561/409/53 1565/365/50
f 4220/409/52 4219/365/49 1566/365/135 1562/409/494
f 4220/409/52 4217/280/585 1563/280/46 1561/409/53
f 4217/280/585 4220/409/52 1562/409/494 1564/280/719
f 4221/416/43 4222/225/44 1455/225/297 1453/416/264
f 4222/225/44 4221/416/43 1454/416/261 1456/225/298
f 4222/225/44 4223/224/49 1449/224/134 1455/225/297
f 4223/224/49 4222/225/44 1456/225/298 1450/224/135
f 4223/224/49 4224/417/52 1451/417/136 1449/224/134
f 4224/417/52 4223/224/49 1450/224/135 1452/417/494
f 4224/417/52 4221/416/43 1453/416/264 1451/417/136
f 4221/416/43 4224/417/52 1452/417/494 1454/416/261
f 4245/275/1032 4246/372/1033 1303/372/1034 1301/275/1035
f 4246/372/1033 4245/275/1032 1302/275/1036 1304/372/1037
f 4246/372/1033 4247/371/1038 1297/371/1039 1303/372/1034
f 4247/371/1038 4246/372/1033 1304/372/1037 1298/371/1040
f 4247/371/1038 4248/420/28 1299/420/11 1297/371/1039
f 4248/420/28 4247/371/1038 1298/371/1040 1300/420/42
f 4248/420/28 4245/275/1032 1301/275/1035 1299/420/11
f 4245/275/1032 4248/420/28 1300/420/42 1302/275/1036
f 4249/75/1041 4250/342/2 1155/342/1042 1153/75/1043
f 4250/342/2 4249/75/1041 1154/75/1044 1156/342/1045
f 4250/342/2 4251/178/1046 1149/178/1047 1155/342/1042
f 4251/178/1046 4250/342/2 1156/342/1045 1150/178/1048
f 4251/178/1046 4252/169/28 1151/169/1049 1149/178/1047
f 4252/169/28 4251/178/1046 1150/178/1048 1152/169/1050
f 4252/169/28 4249/75/1041 1153/75/1043 1151/169/1049
f 4249/75/1041 4252/169/28 1152/169/1050 1154/75/1044
f 4253/421/52 4254/194/1051 2207/194/1052 2201/421/494
f 4254/194/1051 4253/421/52 2202/421/136 2208/194/1053
f 4254/194/1051 4255/197/44 2203/197/1054 2207/194/1052
f 4255/197/44 4254/194/1051 2208/194/1053 2204/197/1055
f 4255/197/44 4256/397/156 2205/397/1056 2203/197/1054
f 4256/397/156 4255/197/44 2204/197/1055 2206/397/157
f 4256/397/156 4253/421/52 2201/421/494 2205/397/1056
f 4253/421/52 4256/397/156 2206/397/157 2202/421/136
f 4261/299/270 4262/411/1061 1681/411/1062 1679/299/1063
f 4262/411/1061 4261/299/270 1680/299/678 1682/411/1064
f 4262/411/1061 4263/410/276 1675/410/200 1681/411/1062
f 4263/410/276 4262/411/1061 1682/411/1064 1676/410/728
f 4263/410/276 4264/422/1065 1677/422/1066 1675/410/200
f 4264/422/1065 4263/410/276 1676/410/728 1678/422/1067
f 4264/422/1065 4261/299/270 1679/299/1063 1677/422/1066
f 4261/299/270 4264/422/1065 1678/422/1067 1680/299/678
f 4269/423/43 4270/424/44 1483/424/88 1479/423/89
f 4270/424/44 4269/423/43 1480/423/90 1484/424/91
f 4270/424/44 4271/389/49 1481/389/134 1483/424/88
f 4271/389/49 4270/424/44 1484/424/91 1482/389/51
f 4271/389/49 4272/230/52 1477/230/136 1481/389/134
f 4272/230/52 4271/389/49 1482/389/51 1478/230/54
f 4272/230/52 4269/423/43 1479/423/89 1477/230/136
f 4269/423/43 4272/230/52 1478/230/54 1480/423/90
f 4281/425/1080 4282/162/271 1673/162/380 1671/425/1081
f 4282/162/271 4281/425/1080 1672/425/1082 1674/162/18
f 4282/162/271 4283/161/1083 1669/161/1084 1673/162/380
f 4283/161/1083 4282/162/271 1674/162/18 1670/161/1085
f 4283/161/1083 4284/277/277 1667/277/1086 1669/161/1084
f 4284/277/277 4283/161/1083 1670/161/1085 1668/277/1087
f 4284/277/277 4281/425/1080 1671/425/1081 1667/277/1086
f 4281/425/1080 4284/277/277 1668/277/1087 1672/425/1082
f 4285/177/26 4286/16/1088 1173/16/1089 1171/177/1090
f 4286/16/1088 4285/177/26 1172/177/1091 1174/16/1092
f 4286/16/1088 4287/341/7 1163/341/1093 1173/16/1089
f 4287/341/7 4286/16/1088 1174/16/1092 1164/341/1094
f 4287/341/7 4288/171/1095 1169/171/1096 1163/341/1093
f 4288/171/1095 4287/341/7 1164/341/1094 1170/171/1097
f 4288/171/1095 4285/177/26 1171/177/1090 1169/171/1096
f 4285/177/26 4288/171/1095 1170/171/1097 1172/177/1091
f 4305/97/265 4306/96/49 2059/96/268 2053/97/266
f 4306/96/49 4305/97/265 2054/97/1116 2060/96/269
f 4306/96/49 4307/426/455 2055/426/1117 2059/96/268
f 4307/426/455 4306/96/49 2060/96/269 2056/426/1118
f 4307/426/455 4308/391/43 2057/391/719 2055/426/1117
f 4308/391/43 4307/426/455 2056/426/1118 2058/391/133
f 4308/391/43 4305/97/265 2053/97/266 2057/391/719
f 4305/97/265 4308/391/43 2058/391/133 2054/97/1116
f 4313/427/1119 4314/428/1120 1815/428/1121 1813/427/1122
f 4314/428/1120 4313/427/1119 1814/427/1123 1816/428/1124
f 4314/428/1120 4315/429/1125 1801/429/1126 1815/428/1121
f 4315/429/1125 4314/428/1120 1816/428/1124 1802/429/1127
f 4315/429/1125 4316/430/1128 1809/430/1129 1801/429/1126
f 4316/430/1128 4315/429/1125 1802/429/1127 1810/430/1130
f 4316/430/1128 4317/431/1131 1803/431/1132 1809/430/1129
f 4317/431/1131 4316/430/1128 1810/430/1130 1804/431/1133
f 4317/431/1131 4318/249/1134 1807/249/1135 1803/431/1132
f 4318/249/1134 4317/431/1131 1804/431/1133 1808/249/1136
f 4318/249/1134 4319/250/1137 1805/250/1138 1807/249/1135
f 4319/250/1137 4318/249/1134 1808/249/1136 1806/250/1139
f 4319/250/1137 4320/251/1140 1811/251/1141 1805/250/1138
f 4320/251/1140 4319/250/1137 1806/250/1139 1812/251/1142
f 4320/251/1140 4313/427/1119 1813/427/1122 1811/251/1141
f 4313/427/1119 4320/251/1140 1812/251/1142 1814/427/1123
f 4325/436/43 4326/437/44 1491/437/88 1487/436/89
f 4326/437/44 4325/436/43 1488/436/90 1492/437/91
f 4326/437/44 4327/185/49 1489/185/134 1491/437/88
f 4327/185/49 4326/437/44 1492/437/91 1490/185/51
f 4327/185/49 4328/438/52 1485/438/136 1489/185/134
f 4328/438/52 4327/185/49 1490/185/51 1486/438/54
f 4328/438/52 4325/436/43 1487/436/89 1485/438/136
f 4325/436/43 4328/438/52 1486/438/54 1488/436/90
f 4329/271/1143 4330/72/26 1899/72/187 1897/271/1144
f 4330/72/26 4329/271/1143 1898/271/1145 1900/72/27
f 4330/72/26 4331/169/1146 1895/169/1147 1899/72/187
f 4331/169/1146 4330/72/26 1900/72/27 1896/169/1148
f 4331/169/1146 4332/178/30 1893/178/1149 1895/169/1147
f 4332/178/30 4331/169/1146 1896/169/1148 1894/178/1150
f 4332/178/30 4329/271/1143 1897/271/1144 1893/178/1149
f 4329/271/1143 4332/178/30 1894/178/1150 1898/271/1145
f 4333/341/1032 4334/356/866 1167/356/1151 1163/341/1152
f 4334/356/866 4333/341/1032 1164/341/869 1168/356/870
f 4334/356/866 4335/272/871 1165/272/1153 1167/356/1151
f 4335/272/871 4334/356/866 1168/356/870 1166/272/873
f 4335/272/871 4336/342/856 1155/342/1154 1165/272/1153
f 4336/342/856 4335/272/871 1166/272/873 1156/342/858
f 4336/342/856 4333/341/1032 1163/341/1152 1155/342/1154
f 4333/341/1032 4336/342/856 1156/342/858 1164/341/869
f 4337/439/26 4338/233/25 1287/233/188 1283/439/27
f 4338/233/25 4337/439/26 1284/439/5 1288/233/6
f 4338/233/25 4339/372/30 1285/372/185 1287/233/188
f 4339/372/30 4338/233/25 1288/233/6 1286/372/9
f 4339/372/30 4340/274/28 1281/274/29 1285/372/185
f 4340/274/28 4339/372/30 1286/372/9 1282/274/12
f 4340/274/28 4337/439/26 1283/439/27 1281/274/29
f 4337/439/26 4340/274/28 1282/274/12 1284/439/5
f 4345/10/1155 4346/9/1156 1855/9/1157 1843/10/1158
f 4346/9/1156 4345/10/1155 1844/10/1159 1856/9/1160
f 4346/9/1156 4347/144/1161 1853/144/1162 1855/9/1157
f 4347/144/1161 4346/9/1156 1856/9/1160 1854/144/1163
f 4347/144/1161 4348/396/1164 1851/396/1165 1853/144/1162
f 4348/396/1164 4347/144/1161 1854/144/1163 1852/396/1166
f 4348/396/1164 4349/71/26 1849/71/610 1851/396/1165
f 4349/71/26 4348/396/1164 1852/396/1166 1850/71/4
f 4349/71/26 4350/148/1167 1845/148/1168 1849/71/610
f 4350/148/1167 4349/71/26 1850/71/4 1846/148/1169
f 4350/148/1167 4351/147/1170 1847/147/1171 1845/148/1168
f 4351/147/1170 4350/148/1167 1846/148/1169 1848/147/1172
f 4351/147/1170 4352/68/28 1837/68/606 1847/147/1171
f 4352/68/28 4351/147/1170 1848/147/1172 1838/68/11
f 4352/68/28 4353/298/1173 1833/298/1174 1837/68/606
f 4353/298/1173 4352/68/28 1838/68/11 1834/298/1175
f 4353/298/1173 4354/444/1176 1839/444/1177 1833/298/1174
f 4354/444/1176 4353/298/1173 1834/298/1175 1840/444/1178
f 4354/444/1176 4355/12/1179 1841/12/1180 1839/444/1177
f 4355/12/1179 4354/444/1176 1840/444/1178 1842/12/1181
f 4355/12/1179 4356/11/1182 1835/11/1183 1841/12/1180
f 4356/11/1182 4355/12/1179 1842/12/1181 1836/11/1184
f 4356/11/1182 4345/10/1155 1843/10/1158 1835/11/1183
f 4345/10/1155 4356/11/1182 1836/11/1184 1844/10/1159
f 4357/179/52 4358/445/908 2079/445/909 2073/179/910
f 4358/445/908 4357/179/52 2074/179/911 2080/445/1185
f 4358/445/908 4359/384/44 2075/384/298 2079/445/909
f 4359/384/44 4358/445/908 2080/445/1185 2076/384/297
f 4359/384/44 4360/383/1186 2077/383/1187 2075/384/298
f 4360/383/1186 4359/384/44 2076/384/297 2078/383/1188
f 4360/383/1186 4357/179/52 2073/179/910 2077/383/1187
f 4357/179/52 4360/383/1186 2078/383/1188 2074/179/911
f 4369/233/1032 4370/68/866 1309/68/1151 1305/233/868
f 4370/68/866 4369/233/1032 1306/233/869 1310/68/1189
f 4370/68/866 4371/71/871 1307/71/1153 1309/68/1151
f 4371/71/871 4370/68/866 1310/68/1189 1308/71/1190
f 4371/71/871 4372/372/856 1303/372/857 1307/71/1153
f 4372/372/856 4371/71/871 1308/71/1190 1304/372/858
f 4372/372/856 4369/233/1032 1305/233/868 1303/372/857
f 4369/233/1032 4372/372/856 1304/372/858 1306/233/869
f 4373/16/1191 4374/233/1192 1907/233/1193 1889/16/1194
f 4374/233/1192 4373/16/1191 1890/16/1195 1908/233/1196
f 4374/233/1192 4375/234/1197 1911/234/1198 1907/233/1193
f 4375/234/1197 4374/233/1192 1908/233/1196 1912/234/1199
f 4375/234/1197 4376/298/1200 1913/298/1177 1911/234/1198
f 4376/298/1200 4375/234/1197 1912/234/1199 1914/298/1201
f 4376/298/1200 4377/68/1202 1915/68/1203 1913/298/1177
f 4377/68/1202 4376/298/1200 1914/298/1201 1916/68/1204
f 4377/68/1202 4378/147/1205 1909/147/1206 1915/68/1203
f 4378/147/1205 4377/68/1202 1916/68/1204 1910/147/1207
f 4378/147/1205 4379/148/1208 1917/148/1209 1909/147/1206
f 4379/148/1208 4378/147/1205 1910/147/1207 1918/148/1210
f 4379/148/1208 4380/71/1211 1923/71/1212 1917/148/1209
f 4380/71/1211 4379/148/1208 1918/148/1210 1924/71/1213
f 4380/71/1211 4381/396/1033 1921/396/1214 1923/71/1212
f 4381/396/1033 4380/71/1211 1924/71/1213 1922/396/1215
f 4381/396/1033 4382/371/1216 1919/371/1217 1921/396/1214
f 4382/371/1216 4381/396/1033 1922/396/1215 1920/371/1218
f 4382/371/1216 4383/372/1219 1891/372/1220 1919/371/1217
f 4383/372/1219 4382/371/1216 1920/371/1218 1892/372/1221
f 4383/372/1219 4384/178/1222 1893/178/1223 1891/372/1220
f 4384/178/1222 4383/372/1219 1892/372/1221 1894/178/1224
f 4384/178/1222 4373/16/1191 1889/16/1194 1893/178/1223
f 4373/16/1191 4384/178/1222 1894/178/1224 1890/16/1195
f 4385/430/270 4386/449/271 1731/449/597 1729/430/556
f 4386/449/271 4385/430/270 1730/430/557 1732/449/381
f 4386/449/271 4387/247/276 1725/247/730 1731/449/597
f 4387/247/276 4386/449/271 1732/449/381 1726/247/404
f 4387/247/276 4388/246/277 1727/246/729 1725/247/730
f 4388/246/277 4387/247/276 1726/247/404 1728/246/510
f 4388/246/277 4385/430/270 1729/430/556 1727/246/729
f 4385/430/270 4388/246/277 1728/246/510 1730/430/557
f 4389/171/25 4390/172/26 2027/172/187 2023/171/189
f 4390/172/26 4389/171/25 2024/171/304 2028/172/303
f 4390/172/26 4391/175/28 2025/175/186 2027/172/187
f 4391/175/28 4390/172/26 2028/172/303 2026/175/119
f 4391/175/28 4392/176/30 2021/176/106 2025/175/186
f 4392/176/30 4391/175/28 2026/175/119 2022/176/38
f 4392/176/30 4389/171/25 2023/171/189 2021/176/106
f 4389/171/25 4392/176/30 2022/176/38 2024/171/304
f 4393/176/694 4394/13/696 1211/13/304 1209/176/303
f 4394/13/696 4393/176/694 1210/176/695 1212/13/697
f 4394/13/696 4395/16/690 1201/16/38 1211/13/304
f 4395/16/690 4394/13/696 1212/13/697 1202/16/692
f 4395/16/690 4396/177/691 1207/177/119 1201/16/38
f 4396/177/691 4395/16/690 1202/16/692 1208/177/693
f 4396/177/691 4393/176/694 1209/176/303 1207/177/119
f 4393/176/694 4396/177/691 1208/177/693 1210/176/695
f 4397/387/52 4398/408/1225 2161/408/1226 2153/387/1227
f 4398/408/1225 4397/387/52 2154/387/1228 2162/408/1229
f 4398/408/1225 4399/186/44 2157/186/1230 2161/408/1226
f 4399/186/44 4398/408/1225 2162/408/1229 2158/186/1231
f 4399/186/44 4400/388/1232 2159/388/1233 2157/186/1230
f 4400/388/1232 4399/186/44 2158/186/1231 2160/388/1234
f 4400/388/1232 4397/387/52 2153/387/1227 2159/388/1233
f 4397/387/52 4400/388/1232 2160/388/1234 2154/387/1228
f 4401/369/270 4402/450/271 1791/450/380 1789/369/402
f 4402/450/271 4401/369/270 1790/369/557 1792/450/381
f 4402/450/271 4403/159/276 1785/159/405 1791/450/380
f 4403/159/276 4402/450/271 1792/450/381 1786/159/404
f 4403/159/276 4404/162/277 1787/162/403 1785/159/405
f 4404/162/277 4403/159/276 1786/159/404 1788/162/510
f 4404/162/277 4401/369/270 1789/369/402 1787/162/403
f 4401/369/270 4404/162/277 1788/162/510 1790/369/557
f 4409/369/1235 4410/162/1236 1635/162/1237 1633/369/1238
f 4410/162/1236 4409/369/1235 1634/369/1239 1636/162/1240
f 4410/162/1236 4411/425/276 1629/425/200 1635/162/1237
f 4411/425/276 4410/162/1236 1636/162/1240 1630/425/201
f 4411/425/276 4412/277/1241 1631/277/1242 1629/425/200
f 4412/277/1241 4411/425/276 1630/425/201 1632/277/1243
f 4412/277/1241 4413/243/1244 1627/243/642 1631/277/1242
f 4413/243/1244 4412/277/1241 1632/277/1243 1628/243/643
f 4413/243/1244 4414/235/1245 1625/235/639 1627/243/642
f 4414/235/1245 4413/243/1244 1628/243/643 1626/235/640
f 4414/235/1245 4415/238/1246 1619/238/1247 1625/235/639
f 4415/238/1246 4414/235/1245 1626/235/640 1620/238/1248
f 4415/238/1246 4416/237/1249 1617/237/1250 1619/238/1247
f 4416/237/1249 4415/238/1246 1620/238/1248 1618/237/1251
f 4416/237/1249 4417/236/1236 1621/236/636 1617/237/1250
f 4417/236/1236 4416/237/1249 1618/237/1251 1622/236/637
f 4417/236/1236 4418/242/1252 1611/242/633 1621/236/636
f 4418/242/1252 4417/236/1236 1622/236/637 1612/242/634
f 4418/242/1252 4419/451/1253 1613/451/1254 1611/242/633
f 4419/451/1253 4418/242/1252 1612/242/634 1614/451/1255
f 4419/451/1253 4420/452/1256 1609/452/1257 1613/451/1254
f 4420/452/1256 4419/451/1253 1614/451/1255 1610/452/1258
f 4420/452/1256 4421/241/1259 1607/241/630 1609/452/1257
f 4421/241/1259 4420/452/1256 1610/452/1258 1608/241/631
f 4421/241/1259 4422/186/1260 1603/186/625 1607/241/630
f 4422/186/1260 4421/241/1259 1608/241/631 1604/186/628
f 4422/186/1260 4423/412/1261 1605/412/986 1603/186/625
f 4423/412/1261 4422/186/1260 1604/186/628 1606/412/987
f 4423/412/1261 4424/453/660 1579/453/1262 1605/412/986
f 4424/453/660 4423/412/1261 1606/412/987 1580/453/1263
f 4424/453/660 4425/26/1249 1583/26/1250 1579/453/1262
f 4425/26/1249 4424/453/660 1580/453/1263 1584/26/1251
f 4425/26/1249 4426/25/1236 1587/25/983 1583/26/1250
f 4426/25/1236 4425/26/1249 1584/26/1251 1588/25/984
f 4426/25/1236 4427/207/1252 1591/207/980 1587/25/983
f 4427/207/1252 4426/25/1236 1588/25/984 1592/207/981
f 4427/207/1252 4428/206/1253 1585/206/1254 1591/207/980
f 4428/206/1253 4427/207/1252 1592/207/981 1586/206/1255
f 4428/206/1253 4429/205/1264 1589/205/1265 1585/206/1254
f 4429/205/1264 4428/206/1253 1586/206/1255 1590/205/1266
f 4429/205/1264 4430/208/617 1597/208/977 1589/205/1265
f 4430/208/617 4429/205/1264 1590/205/1266 1598/208/978
f 4430/208/617 4431/411/1267 1593/411/974 1597/208/977
f 4431/411/1267 4430/208/617 1598/208/978 1594/411/975
f 4431/411/1267 4432/299/1268 1595/299/1269 1593/411/974
f 4432/299/1268 4431/411/1267 1594/411/975 1596/299/1270
f 4432/299/1268 4433/293/1271 1581/293/1272 1595/299/1269
f 4433/293/1271 4432/299/1268 1596/299/1270 1582/293/1273
f 4433/293/1271 4434/368/1274 1577/368/1275 1581/293/1272
f 4434/368/1274 4433/293/1271 1582/293/1273 1578/368/1276
f 4434/368/1274 4435/370/1277 1623/370/1278 1577/368/1275
f 4435/370/1277 4434/368/1274 1578/368/1276 1624/370/1279
f 4435/370/1277 4409/369/1235 1633/369/1238 1623/370/1278
f 4409/369/1235 4435/370/1277 1624/370/1279 1634/369/1239
f 4436/71/26 4437/70/25 1343/70/188 1341/71/27
f 4437/70/25 4436/71/26 1342/71/187 1344/70/189
f 4437/70/25 4438/145/30 1337/145/8 1343/70/188
f 4438/145/30 4437/70/25 1344/70/189 1338/145/607
f 4438/145/30 4439/396/28 1339/396/11 1337/145/8
f 4439/396/28 4438/145/30 1338/145/607 1340/396/606
f 4439/396/28 4436/71/26 1341/71/27 1339/396/11
f 4436/71/26 4439/396/28 1340/396/606 1342/71/187
f 4440/195/1280 4441/454/1281 2375/454/1282 2363/195/1283
f 4441/454/1281 4440/195/1280 2364/195/1284 2376/454/1285
f 4441/454/1281 4442/455/1286 2371/455/1287 2375/454/1282
f 4442/455/1286 4441/454/1281 2376/454/1285 2372/455/1288
f 4442/455/1286 4443/236/1289 2367/236/1290 2371/455/1287
f 4443/236/1289 4442/455/1286 2372/455/1288 2368/236/1291
f 4443/236/1289 4444/456/979 2365/456/981 2367/236/1290
f 4444/456/979 4443/236/1289 2368/236/1291 2366/456/980
f 4444/456/979 4445/457/976 2357/457/978 2365/456/981
f 4445/457/976 4444/456/979 2366/456/980 2358/457/977
f 4445/457/976 4446/425/973 2355/425/975 2357/457/978
f 4446/425/973 4445/457/976 2358/457/977 2356/425/974
f 4446/425/973 4447/277/970 2361/277/972 2355/425/975
f 4447/277/970 4446/425/973 2356/425/974 2362/277/971
f 4447/277/970 4448/243/1292 2359/243/1293 2361/277/972
f 4448/243/1292 4447/277/970 2362/277/971 2360/243/1294
f 4448/243/1292 4440/195/1280 2363/195/1283 2359/243/1293
f 4440/195/1280 4448/243/1292 2360/243/1294 2364/195/1284
f 4449/171/25 4450/172/26 2011/172/187 2007/171/189
f 4450/172/26 4449/171/25 2008/171/188 2012/172/27
f 4450/172/26 4451/175/28 2009/175/186 2011/172/187
f 4451/175/28 4450/172/26 2012/172/27 2010/175/29
f 4451/175/28 4452/176/30 2005/176/106 2009/175/186
f 4452/176/30 4451/175/28 2010/175/29 2006/176/185
f 4452/176/30 4449/171/25 2007/171/189 2005/176/106
f 4449/171/25 4452/176/30 2006/176/185 2008/171/188
f 4453/17/52 4454/416/49 2287/416/300 2283/17/302
f 4454/416/49 4453/17/52 2284/17/253 2288/416/255
f 4454/416/49 4455/417/584 2285/417/48 2287/416/300
f 4455/417/584 4454/416/49 2288/416/255 2286/417/132
f 4455/417/584 4456/20/585 2281/20/47 2285/417/48
f 4456/20/585 4455/417/584 2286/417/132 2282/20/133
f 4456/20/585 4453/17/52 2283/17/302 2281/20/47
f 4453/17/52 4456/20/585 2282/20/133 2284/17/253
f 4457/73/25 4458/458/26 1931/458/187 1929/73/189
f 4458/458/26 4457/73/25 1930/73/188 1932/458/27
f 4458/458/26 4459/343/28 1925/343/186 1931/458/187
f 4459/343/28 4458/458/26 1932/458/27 1926/343/29
f 4459/343/28 4460/170/30 1927/170/106 1925/343/186
f 4460/170/30 4459/343/28 1926/343/29 1928/170/185
f 4460/170/30 4457/73/25 1929/73/189 1927/170/106
f 4457/73/25 4460/170/30 1928/170/185 1930/73/188
f 4461/171/25 4462/172/26 1995/172/5 1991/171/6
f 4462/172/26 4461/171/25 1992/171/304 1996/172/303
f 4462/172/26 4463/175/28 1993/175/12 1995/172/5
f 4463/175/28 4462/172/26 1996/172/303 1994/175/119
f 4463/175/28 4464/176/30 1989/176/9 1993/175/12
f 4464/176/30 4463/175/28 1994/175/119 1990/176/38
f 4464/176/30 4461/171/25 1991/171/6 1989/176/9
f 4461/171/25 4464/176/30 1990/176/38 1992/171/304
f 4465/72/25 4466/73/26 1979/73/187 1975/72/189
f 4466/73/26 4465/72/25 1976/72/304 1980/73/303
f 4466/73/26 4467/74/28 1977/74/186 1979/73/187
f 4467/74/28 4466/73/26 1980/73/303 1978/74/119
f 4467/74/28 4468/75/30 1973/75/106 1977/74/186
f 4468/75/30 4467/74/28 1978/74/119 1974/75/38
f 4468/75/30 4465/72/25 1975/72/189 1973/75/106
f 4465/72/25 4468/75/30 1974/75/38 1976/72/304
f 4477/457/277 4478/456/276 2575/456/404 2573/457/510
f 4478/456/276 4477/457/277 2574/457/403 2576/456/405
f 4478/456/276 4479/459/271 2569/459/275 2575/456/404
f 4479/459/271 4478/456/276 2576/456/405 2570/459/272
f 4479/459/271 4480/460/270 2571/460/274 2569/459/275
f 4480/460/270 4479/459/271 2570/459/272 2572/460/273
f 4480/460/270 4477/457/277 2573/457/510 2571/460/274
f 4477/457/277 4480/460/270 2572/460/273 2574/457/403
f 4485/461/1307 4486/398/43 2037/398/719 2041/461/1308
f 4486/398/43 4485/461/1307 2042/461/1309 2038/398/46
f 4486/398/43 4487/399/1310 2033/399/1311 2037/398/719
f 4487/399/1310 4486/398/43 2038/398/46 2034/399/1312
f 4487/399/1310 4488/391/1313 2029/391/1314 2033/399/1311
f 4488/391/1313 4487/399/1310 2034/399/1312 2030/391/1315
f 4488/391/1313 4489/426/1316 2035/426/1317 2029/391/1314
f 4489/426/1316 4488/391/1313 2030/391/1315 2036/426/1318
f 4489/426/1316 4490/197/226 2031/197/230 2035/426/1317
f 4490/197/226 4489/426/1316 2036/426/1318 2032/197/229
f 4490/197/226 4491/196/247 2045/196/249 2031/197/230
f 4491/196/247 4490/197/226 2032/197/229 2046/196/248
f 4491/196/247 4492/386/1319 2051/386/1320 2045/196/249
f 4492/386/1319 4491/196/247 2046/196/248 2052/386/1321
f 4492/386/1319 4493/385/1322 2049/385/1323 2051/386/1320
f 4493/385/1322 4492/386/1319 2052/386/1321 2050/385/1324
f 4493/385/1322 4494/161/1325 2047/161/1326 2049/385/1323
f 4494/161/1325 4493/385/1322 2050/385/1324 2048/161/1327
f 4494/161/1325 4495/278/44 2039/278/298 2047/161/1326
f 4495/278/44 4494/161/1325 2048/161/1327 2040/278/297
f 4495/278/44 4496/462/1328 2043/462/1329 2039/278/298
f 4496/462/1328 4495/278/44 2040/278/297 2044/462/1330
f 4496/462/1328 4485/461/1307 2041/461/1308 2043/462/1329
f 4485/461/1307 4496/462/1328 2044/462/1330 2042/461/1309
f 4497/422/270 4498/410/271 1761/410/380 1749/422/402
f 4498/410/271 4497/422/270 1750/422/557 1762/410/381
f 4498/410/271 4499/408/276 1757/408/200 1761/410/380
f 4499/408/276 4498/410/271 1762/410/381 1758/408/201
f 4499/408/276 4500/19/277 1759/19/193 1757/408/200
f 4500/19/277 4499/408/276 1758/408/201 1760/19/194
f 4500/19/277 4497/422/270 1749/422/402 1759/19/193
f 4497/422/270 4500/19/277 1760/19/194 1750/422/557
f 4517/466/277 4518/467/617 2501/467/618 2497/466/194
f 4518/467/617 4517/466/277 2498/466/193 2502/467/619
f 4518/467/617 4519/410/644 2499/410/1331 2501/467/618
f 4519/410/644 4518/467/617 2502/467/619 2500/410/1332
f 4519/410/644 4520/187/1119 2495/187/1333 2499/410/1331
f 4520/187/1119 4519/410/644 2500/410/1332 2496/187/1334
f 4520/187/1119 4517/466/277 2497/466/194 2495/187/1333
f 4517/466/277 4520/187/1119 2496/187/1334 2498/466/193
f 4521/356/1335 4522/341/856 1205/341/857 1183/356/1336
f 4522/341/856 4521/356/1335 1184/356/1337 1206/341/858
f 4522/341/856 4523/16/26 1201/16/303 1205/341/857
f 4523/16/26 4522/341/856 1206/341/858 1202/16/5
f 4523/16/26 4524/15/1338 1203/15/1339 1201/16/303
f 4524/15/1338 4523/16/26 1202/16/5 1204/15/1340
f 4524/15/1338 4521/356/1335 1183/356/1336 1203/15/1339
f 4521/356/1335 4524/15/1338 1204/15/1340 1184/356/1337
f 4547/175/26 4548/176/25 1359/176/188 1357/175/27
f 4548/176/25 4547/175/26 1358/175/187 1360/176/189
f 4548/176/25 4549/171/30 1355/171/185 1359/176/188
f 4549/171/30 4548/176/25 1360/176/189 1356/171/106
f 4549/171/30 4550/172/28 1353/172/29 1355/171/185
f 4550/172/28 4549/171/30 1356/171/106 1354/172/186
f 4550/172/28 4547/175/26 1357/175/27 1353/172/29
f 4547/175/26 4550/172/28 1354/172/186 1358/175/187
f 4559/176/28 4560/13/1343 1905/13/1344 1901/176/186
f 4560/13/1343 4559/176/28 1902/176/29 1906/13/1345
f 4560/13/1343 4561/16/25 1889/16/1346 1905/13/1344
f 4561/16/25 4560/13/1343 1906/13/1345 1890/16/1347
f 4561/16/25 4562/177/329 1903/177/331 1889/16/1346
f 4562/177/329 4561/16/25 1890/16/1347 1904/177/330
f 4562/177/329 4559/176/28 1901/176/186 1903/177/331
f 4559/176/28 4562/177/329 1904/177/330 1902/176/29
f 4567/195/1354 4568/243/49 2219/243/135 2215/195/1355
f 4568/243/49 4567/195/1354 2216/195/1356 2220/243/134
f 4568/243/49 4569/277/1357 2217/277/1358 2219/243/135
f 4569/277/1357 4568/243/49 2220/243/134 2218/277/1359
f 4569/277/1357 4570/196/43 2213/196/1360 2217/277/1358
f 4570/196/43 4569/277/1357 2218/277/1359 2214/196/1361
f 4570/196/43 4567/195/1354 2215/195/1355 2213/196/1360
f 4567/195/1354 4570/196/43 2214/196/1361 2216/195/1356
f 4579/408/52 4580/410/49 2199/410/300 2189/408/302
f 4580/410/49 4579/408/52 2190/408/253 2200/410/255
f 4580/410/49 4581/187/44 2195/187/48 2199/410/300
f 4581/187/44 4580/410/49 2200/410/255 2196/187/132
f 4581/187/44 4582/186/43 2197/186/47 2195/187/48
f 4582/186/43 4581/187/44 2196/187/132 2198/186/133
f 4582/186/43 4579/408/52 2189/408/302 2197/186/47
f 4579/408/52 4582/186/43 2198/186/133 2190/408/253
f 4583/452/270 4584/451/271 1775/451/380 1773/452/402
f 4584/451/271 4583/452/270 1774/452/557 1776/451/381
f 4584/451/271 4585/242/276 1769/242/405 1775/451/380
f 4585/242/276 4584/451/271 1776/451/381 1770/242/404
f 4585/242/276 4586/241/277 1771/241/403 1769/242/405
f 4586/241/277 4585/242/276 1770/242/404 1772/241/510
f 4586/241/277 4583/452/270 1773/452/402 1771/241/403
f 4583/452/270 4586/241/277 1772/241/510 1774/452/557
f 4591/247/52 4592/475/49 2265/475/51 2259/247/54
f 4592/475/49 4591/247/52 2260/247/136 2266/475/134
f 4592/475/49 4593/476/44 2261/476/91 2265/475/51
f 4593/476/44 4592/475/49 2266/475/134 2262/476/88
f 4593/476/44 4594/477/43 2263/477/90 2261/476/91
f 4594/477/43 4593/476/44 2262/476/88 2264/477/89
f 4594/477/43 4591/247/52 2259/247/54 2263/477/90
f 4591/247/52 4594/477/43 2264/477/89 2260/247/136
f 4599/478/49 4600/386/1379 2231/386/1380 2227/478/256
f 4600/386/1379 4599/478/49 2228/478/255 2232/386/1381
f 4600/386/1379 4601/195/1382 2229/195/1383 2231/386/1380
f 4601/195/1382 4600/386/1379 2232/386/1381 2230/195/1384
f 4601/195/1382 4602/194/1385 2221/194/1386 2229/195/1383
f 4602/194/1385 4601/195/1382 2230/195/1384 2222/194/1387
f 4602/194/1385 4603/426/1388 2223/426/1389 2221/194/1386
f 4603/426/1388 4602/194/1385 2222/194/1387 2224/426/1390
f 4603/426/1388 4604/390/52 2225/390/254 2223/426/1389
f 4604/390/52 4603/426/1388 2224/426/1390 2226/390/253
f 4604/390/52 4605/252/931 2233/252/932 2225/390/254
f 4605/252/931 4604/390/52 2226/390/253 2234/252/933
f 4605/252/931 4606/479/840 2235/479/842 2233/252/932
f 4606/479/840 4605/252/931 2234/252/933 2236/479/934
f 4606/479/840 4599/478/49 2227/478/256 2235/479/842
f 4599/478/49 4606/479/840 2236/479/934 2228/478/255
f 4607/74/26 4608/75/25 1295/75/188 1291/74/27
f 4608/75/25 4607/74/26 1292/74/5 1296/75/6
f 4608/75/25 4609/72/30 1293/72/185 1295/75/188
f 4609/72/30 4608/75/25 1296/75/6 1294/72/9
f 4609/72/30 4610/73/28 1289/73/29 1293/72/185
f 4610/73/28 4609/72/30 1294/72/9 1290/73/12
f 4610/73/28 4607/74/26 1291/74/27 1289/73/29
f 4607/74/26 4610/73/28 1290/73/12 1292/74/5
f 4611/177/26 4612/147/25 1391/147/304 1389/177/27
f 4612/147/25 4611/177/26 1390/177/5 1392/147/6
f 4612/147/25 4613/148/30 1385/148/38 1391/147/304
f 4613/148/30 4612/147/25 1392/147/6 1386/148/9
f 4613/148/30 4614/169/28 1387/169/29 1385/148/38
f 4614/169/28 4613/148/30 1386/148/9 1388/169/12
f 4614/169/28 4611/177/26 1389/177/27 1387/169/29
f 4611/177/26 4614/169/28 1388/169/12 1390/177/5
f 4615/409/43 4616/365/44 1543/365/297 1539/409/264
f 4616/365/44 4615/409/43 1540/409/261 1544/365/298
f 4616/365/44 4617/229/49 1541/229/134 1543/365/297
f 4617/229/49 4616/365/44 1544/365/298 1542/229/135
f 4617/229/49 4618/228/52 1537/228/136 1541/229/134
f 4618/228/52 4617/229/49 1542/229/135 1538/228/494
f 4618/228/52 4615/409/43 1539/409/264 1537/228/136
f 4615/409/43 4618/228/52 1538/228/494 1540/409/261
f 4623/19/585 4624/422/584 1559/422/132 1555/19/133
f 4624/422/584 4623/19/585 1556/19/47 1560/422/48
f 4624/422/584 4625/410/49 1557/410/50 1559/422/132
f 4625/410/49 4624/422/584 1560/422/48 1558/410/135
f 4625/410/49 4626/408/52 1553/408/53 1557/410/50
f 4626/408/52 4625/410/49 1558/410/135 1554/408/494
f 4626/408/52 4623/19/585 1555/19/133 1553/408/53
f 4623/19/585 4626/408/52 1554/408/494 1556/19/47
f 4655/19/52 4656/422/49 2251/422/300 2245/19/302
f 4656/422/49 4655/19/52 2246/19/301 2252/422/299
f 4656/422/49 4657/410/1418 2247/410/1419 2251/422/300
f 4657/410/1418 4656/422/49 2252/422/299 2248/410/1106
f 4657/410/1418 4658/408/1420 2249/408/1421 2247/410/1419
f 4658/408/1420 4657/410/1418 2248/410/1106 2250/408/1109
f 4658/408/1420 4655/19/52 2245/19/302 2249/408/1421
f 4655/19/52 4658/408/1420 2250/408/1109 2246/19/301
f 4667/99/260 4668/98/43 2113/98/261 2109/99/262
f 4668/98/43 4667/99/260 2110/99/263 2114/98/264
f 4668/98/43 4669/230/1422 2111/230/266 2113/98/261
f 4669/230/1422 4668/98/43 2114/98/264 2112/230/267
f 4669/230/1422 4670/180/49 2105/180/268 2111/230/266
f 4670/180/49 4669/230/1422 2112/230/267 2106/180/269
f 4670/180/49 4667/99/260 2109/99/262 2105/180/268
f 4667/99/260 4670/180/49 2106/180/269 2110/99/263
f 4671/416/167 4672/225/761 2187/225/1423 2183/416/1424
f 4672/225/761 4671/416/167 2184/416/1425 2188/225/1426
f 4672/225/761 4673/224/1427 2185/224/1428 2187/225/1423
f 4673/224/1427 4672/225/761 2188/225/1426 2186/224/1429
f 4673/224/1427 4674/417/1430 2175/417/1431 2185/224/1428
f 4674/417/1430 4673/224/1427 2186/224/1429 2176/417/1432
f 4674/417/1430 4671/416/167 2183/416/1424 2175/417/1431
f 4671/416/167 4674/417/1430 2176/417/1432 2184/416/1425
f 4675/485/43 4676/445/44 1519/445/88 1515/485/89
f 4676/445/44 4675/485/43 1516/485/90 1520/445/91
f 4676/445/44 4677/486/49 1517/486/134 1519/445/88
f 4677/486/49 4676/445/44 1520/445/91 1518/486/51
f 4677/486/49 4678/487/52 1513/487/136 1517/486/134
f 4678/487/52 4677/486/49 1518/486/51 1514/487/54
f 4678/487/52 4675/485/43 1515/485/89 1513/487/136
f 4675/485/43 4678/487/52 1514/487/54 1516/485/90
f 4687/408/270 4688/186/271 1767/186/272 1757/408/16
f 4688/186/271 4687/408/270 1758/408/17 1768/186/381
f 4688/186/271 4689/388/276 1763/388/200 1767/186/272
f 4689/388/276 4688/186/271 1768/186/381 1764/388/201
f 4689/388/276 4690/387/277 1765/387/193 1763/388/200
f 4690/387/277 4689/388/276 1764/388/201 1766/387/194
f 4690/387/277 4687/408/270 1757/408/16 1765/387/193
f 4687/408/270 4690/387/277 1766/387/194 1758/408/17
f 4691/490/1445 4692/455/1446 2371/455/1287 2381/490/1447
f 4692/455/1446 4691/490/1445 2382/490/1448 2372/455/1288
f 4692/455/1446 4693/454/1449 2375/454/1282 2371/455/1287
f 4693/454/1449 4692/455/1446 2372/455/1288 2376/454/1285
f 4693/454/1449 4694/31/1450 2389/31/86 2375/454/1282
f 4694/31/1450 4693/454/1449 2376/454/1285 2390/31/87
f 4694/31/1450 4695/491/1451 2383/491/1452 2389/31/86
f 4695/491/1451 4694/31/1450 2390/31/87 2384/491/1453
f 4695/491/1451 4696/29/1454 2385/29/80 2383/491/1452
f 4696/29/1454 4695/491/1451 2384/491/1453 2386/29/81
f 4696/29/1454 4697/28/1455 2377/28/77 2385/29/80
f 4697/28/1455 4696/29/1454 2386/29/81 2378/28/78
f 4697/28/1455 4698/162/1456 2379/162/1457 2377/28/77
f 4698/162/1456 4697/28/1455 2378/28/78 2380/162/1458
f 4698/162/1456 4699/425/1267 2355/425/975 2379/162/1457
f 4699/425/1267 4698/162/1456 2380/162/1458 2356/425/974
f 4699/425/1267 4700/457/617 2357/457/978 2355/425/975
f 4700/457/617 4699/425/1267 2356/425/974 2358/457/977
f 4700/457/617 4701/460/617 2353/460/1459 2357/457/978
f 4701/460/617 4700/457/617 2358/457/977 2354/460/1265
f 4701/460/617 4702/459/1253 2369/459/1255 2353/460/1459
f 4702/459/1253 4701/460/617 2354/460/1265 2370/459/1254
f 4702/459/1253 4703/456/1252 2365/456/981 2369/459/1255
f 4703/456/1252 4702/459/1253 2370/459/1254 2366/456/980
f 4703/456/1252 4704/236/1236 2367/236/1290 2365/456/981
f 4704/236/1236 4703/456/1252 2366/456/980 2368/236/1291
f 4704/236/1236 4705/237/1249 2373/237/1251 2367/236/1290
f 4705/237/1249 4704/236/1236 2368/236/1291 2374/237/1250
f 4705/237/1249 4691/490/1445 2381/490/1447 2373/237/1251
f 4691/490/1445 4705/237/1249 2374/237/1250 2382/490/1448
f 4720/417/1464 4721/224/1465 2155/224/1466 2151/417/1467
f 4721/224/1465 4720/417/1464 2152/417/1468 2156/224/1469
f 4721/224/1465 4722/387/1470 2153/387/1428 2155/224/1466
f 4722/387/1470 4721/224/1465 2156/224/1469 2154/387/1429
f 4722/387/1470 4723/366/1471 2149/366/1431 2153/387/1428
f 4723/366/1471 4722/387/1470 2154/387/1429 2150/366/1432
f 4723/366/1471 4720/417/1464 2151/417/1467 2149/366/1431
f 4720/417/1464 4723/366/1471 2150/366/1432 2152/417/1468
f 4724/492/660 4725/493/657 2435/493/659 2427/492/662
f 4725/493/657 4724/492/660 2428/492/661 2436/493/658
f 4725/493/657 4726/494/276 2431/494/656 2435/493/659
f 4726/494/276 4725/493/657 2436/493/658 2432/494/655
f 4726/494/276 4727/417/652 2433/417/654 2431/494/656
f 4727/417/652 4726/494/276 2432/494/655 2434/417/653
f 4727/417/652 4728/366/649 2423/366/651 2433/417/654
f 4728/366/649 4727/417/652 2434/417/653 2424/366/650
f 4728/366/649 4729/467/406 2425/467/648 2423/366/651
f 4729/467/406 4728/366/649 2424/366/650 2426/467/647
f 4729/467/406 4730/466/1472 2413/466/1473 2425/467/648
f 4730/466/1472 4729/467/406 2426/467/647 2414/466/1474
f 4730/466/1472 4731/187/1475 2403/187/1476 2413/466/1473
f 4731/187/1475 4730/466/1472 2414/466/1474 2404/187/1477
f 4731/187/1475 4732/410/1478 2407/410/1479 2403/187/1476
f 4732/410/1478 4731/187/1475 2404/187/1477 2408/410/1480
f 4732/410/1478 4733/411/276 2405/411/689 2407/410/1479
f 4733/411/276 4732/410/1478 2408/410/1480 2406/411/200
f 4733/411/276 4734/299/1236 2411/299/1240 2405/411/689
f 4734/299/1236 4733/411/276 2406/411/200 2412/299/1237
f 4734/299/1236 4735/292/1235 2409/292/1481 2411/299/1240
f 4735/292/1235 4734/299/1236 2412/299/1237 2410/292/1482
f 4735/292/1235 4736/291/1277 2399/291/1279 2409/292/1481
f 4736/291/1277 4735/292/1235 2410/292/1482 2400/291/1278
f 4736/291/1277 4737/294/1483 2397/294/1484 2399/291/1279
f 4737/294/1483 4736/291/1277 2400/291/1278 2398/294/1485
f 4737/294/1483 4738/28/1486 2377/28/77 2397/294/1484
f 4738/28/1486 4737/294/1483 2398/294/1485 2378/28/78
f 4738/28/1486 4739/27/1487 2393/27/74 2377/28/77
f 4739/27/1487 4738/28/1486 2378/28/78 2394/27/75
f 4739/27/1487 4740/495/1488 2401/495/1489 2393/27/74
f 4740/495/1488 4739/27/1487 2394/27/75 2402/495/1490
f 4740/495/1488 4741/25/1491 2395/25/70 2401/495/1489
f 4741/25/1491 4740/495/1488 2402/495/1490 2396/25/71
f 4741/25/1491 4742/31/1492 2389/31/86 2395/25/70
f 4742/31/1492 4741/25/1491 2396/25/71 2390/31/87
f 4742/31/1492 4743/454/1493 2375/454/1282 2389/31/86
f 4743/454/1493 4742/31/1492 2390/31/87 2376/454/1285
f 4743/454/1493 4744/496/1494 2417/496/1495 2375/454/1282
f 4744/496/1494 4743/454/1493 2376/454/1285 2418/496/1496
f 4744/496/1494 4745/497/277 2415/497/194 2417/496/1495
f 4745/497/277 4744/496/1494 2418/496/1496 2416/497/193
f 4745/497/277 4746/316/669 2421/316/671 2415/497/194
f 4746/316/669 4745/497/277 2416/497/193 2422/316/670
f 4746/316/669 4747/315/666 2419/315/668 2421/316/671
f 4747/315/666 4746/316/669 2422/316/670 2420/315/667
f 4747/315/666 4748/314/663 2429/314/665 2419/315/668
f 4748/314/663 4747/315/666 2420/315/667 2430/314/664
f 4748/314/663 4724/492/660 2427/492/662 2429/314/665
f 4724/492/660 4748/314/663 2430/314/664 2428/492/661
f 4749/300/270 4750/299/271 1755/299/15 1753/300/16
f 4750/299/271 4749/300/270 1754/300/17 1756/299/381
f 4750/299/271 4751/422/276 1749/422/730 1755/299/15
f 4751/422/276 4750/299/271 1756/299/381 1750/422/404
f 4751/422/276 4752/498/277 1751/498/729 1749/422/730
f 4752/498/277 4751/422/276 1750/422/404 1752/498/401
f 4752/498/277 4749/300/270 1753/300/16 1751/498/729
f 4749/300/270 4752/498/277 1752/498/401 1754/300/17
f 4753/243/1119 4754/277/644 1667/277/1332 1663/243/1334
f 4754/277/644 4753/243/1119 1664/243/1333 1668/277/1331
f 4754/277/644 4755/245/617 1665/245/1497 1667/277/1332
f 4755/245/617 4754/277/644 1668/277/1331 1666/245/618
f 4755/245/617 4756/244/277 1661/244/193 1665/245/1497
f 4756/244/277 4755/245/617 1666/245/618 1662/244/510
f 4756/244/277 4753/243/1119 1663/243/1334 1661/244/193
f 4753/243/1119 4756/244/277 1662/244/510 1664/243/1333
f 4757/72/25 4758/73/26 2019/73/187 2015/72/189
f 4758/73/26 4757/72/25 2016/72/304 2020/73/303
f 4758/73/26 4759/74/28 2017/74/186 2019/73/187
f 4759/74/28 4758/73/26 2020/73/303 2018/74/119
f 4759/74/28 4760/75/30 2013/75/106 2017/74/186
f 4760/75/30 4759/74/28 2018/74/119 2014/75/38
f 4760/75/30 4757/72/25 2015/72/189 2013/75/106
f 4757/72/25 4760/75/30 2014/75/38 2016/72/304
f 4761/445/44 4762/179/1186 2119/179/1187 2115/445/298
f 4762/179/1186 4761/445/44 2116/445/297 2120/179/1188
f 4762/179/1186 4763/181/52 2103/181/910 2119/179/1187
f 4763/181/52 4762/179/1186 2120/179/1188 2104/181/911
f 4763/181/52 4764/185/1498 2117/185/909 2103/181/910
f 4764/185/1498 4763/181/52 2104/181/911 2118/185/1185
f 4764/185/1498 4761/445/44 2115/445/298 2117/185/909
f 4761/445/44 4764/185/1498 2118/185/1185 2116/445/297
f 4765/361/1001 4766/400/998 2451/400/1000 2459/361/1003
f 4766/400/998 4765/361/1001 2460/361/1002 2452/400/999
f 4766/400/998 4767/499/993 2453/499/997 2451/400/1000
f 4767/499/993 4766/400/998 2452/400/999 2454/499/994
f 4767/499/993 4768/496/992 2441/496/996 2453/499/997
f 4768/496/992 4767/499/993 2454/499/994 2442/496/995
f 4768/496/992 4769/454/1007 2455/454/1009 2441/496/996
f 4769/454/1007 4768/496/992 2442/496/995 2456/454/1008
f 4769/454/1007 4770/195/1004 2457/195/1006 2455/454/1009
f 4770/195/1004 4769/454/1007 2456/454/1008 2458/195/1005
f 4770/195/1004 4765/361/1001 2459/361/1003 2457/195/1006
f 4765/361/1001 4770/195/1004 2458/195/1005 2460/361/1002
f 4771/175/26 4772/176/25 1279/176/188 1275/175/27
f 4772/176/25 4771/175/26 1276/175/5 1280/176/6
f 4772/176/25 4773/171/30 1277/171/185 1279/176/188
f 4773/171/30 4772/176/25 1280/176/6 1278/171/9
f 4773/171/30 4774/172/28 1273/172/29 1277/171/185
f 4774/172/28 4773/171/30 1278/171/9 1274/172/12
f 4774/172/28 4771/175/26 1275/175/27 1273/172/29
f 4771/175/26 4774/172/28 1274/172/12 1276/175/5
f 4795/26/270 4796/25/277 2543/25/194 2537/26/557
f 4796/25/277 4795/26/270 2538/26/402 2544/25/193
f 4796/25/277 4797/495/276 2541/495/201 2543/25/194
f 4797/495/276 4796/25/277 2544/25/193 2542/495/200
f 4797/495/276 4798/27/271 2539/27/381 2541/495/201
f 4798/27/271 4797/495/276 2542/495/200 2540/27/380
f 4798/27/271 4795/26/270 2537/26/557 2539/27/381
f 4795/26/270 4798/27/271 2540/27/380 2538/26/402
f 4799/491/277 4800/31/276 2551/31/404 2545/491/510
f 4800/31/276 4799/491/277 2546/491/403 2552/31/405
f 4800/31/276 4801/30/271 2547/30/381 2551/31/404
f 4801/30/271 4800/31/276 2552/31/405 2548/30/380
f 4801/30/271 4802/29/270 2549/29/557 2547/30/381
f 4802/29/270 4801/30/271 2548/30/380 2550/29/402
f 4802/29/270 4799/491/277 2545/491/510 2549/29/557
f 4799/491/277 4802/29/270 2550/29/402 2546/491/403
f 4807/504/1125 4808/505/1120 2591/505/1124 2583/504/1127
f 4808/505/1120 4807/504/1125 2584/504/1126 2592/505/1121
f 4808/505/1120 4809/506/1119 2589/506/1123 2591/505/1124
f 4809/506/1119 4808/505/1120 2592/505/1121 2590/506/1122
f 4809/506/1119 4810/314/1140 2587/314/1500 2589/506/1123
f 4810/314/1140 4809/506/1119 2590/506/1122 2588/314/1141
f 4810/314/1140 4811/492/1137 2579/492/1139 2587/314/1500
f 4811/492/1137 4810/314/1140 2588/314/1141 2580/492/1138
f 4811/492/1137 4812/493/1134 2581/493/1136 2579/492/1139
f 4812/493/1134 4811/492/1137 2580/492/1138 2582/493/1135
f 4812/493/1134 4813/507/1236 2577/507/1133 2581/493/1136
f 4813/507/1236 4812/493/1134 2582/493/1135 2578/507/1132
f 4813/507/1236 4814/508/1128 2585/508/1130 2577/507/1133
f 4814/508/1128 4813/507/1236 2578/507/1132 2586/508/1129
f 4814/508/1128 4807/504/1125 2583/504/1127 2585/508/1130
f 4807/504/1125 4814/508/1128 2586/508/1129 2584/504/1126
f 4831/72/25 4832/73/26 2003/73/187 1999/72/189
f 4832/73/26 4831/72/25 2000/72/188 2004/73/27
f 4832/73/26 4833/74/28 2001/74/186 2003/73/187
f 4833/74/28 4832/73/26 2004/73/27 2002/74/29
f 4833/74/28 4834/75/30 1997/75/106 2001/74/186
f 4834/75/30 4833/74/28 2002/74/29 1998/75/185
f 4834/75/30 4831/72/25 1999/72/189 1997/75/106
f 4831/72/25 4834/75/30 1998/75/185 2000/72/188
f 4835/261/1517 4836/316/1518 2443/316/1519 2437/261/1520
f 4836/316/1518 4835/261/1517 2438/261/1521 2444/316/1522
f 4836/316/1518 4837/497/1523 2439/497/1524 2443/316/1519
f 4837/497/1523 4836/316/1518 2444/316/1522 2440/497/1525
f 4837/497/1523 4838/496/270 2441/496/557 2439/497/1524
f 4838/496/270 4837/497/1523 2440/497/1525 2442/496/16
f 4838/496/270 4835/261/1517 2437/261/1520 2441/496/557
f 4835/261/1517 4838/496/270 2442/496/16 2438/261/1521
f 4843/300/1528 4844/510/270 1683/510/16 1687/300/1529
f 4844/510/270 4843/300/1528 1688/300/1530 1684/510/557
f 4844/510/270 4845/293/1531 1685/293/1532 1683/510/16
f 4845/293/1531 4844/510/270 1684/510/557 1686/293/1533
f 4845/293/1531 4846/299/1534 1679/299/1535 1685/293/1532
f 4846/299/1534 4845/293/1531 1686/293/1533 1680/299/1536
f 4846/299/1534 4843/300/1528 1687/300/1529 1679/299/1535
f 4843/300/1528 4846/299/1534 1680/299/1536 1688/300/1530
f 4851/98/43 4852/253/44 1499/253/88 1495/98/89
f 4852/253/44 4851/98/43 1496/98/90 1500/253/91
f 4852/253/44 4853/513/49 1497/513/134 1499/253/88
f 4853/513/49 4852/253/44 1500/253/91 1498/513/51
f 4853/513/49 4854/514/52 1493/514/136 1497/513/134
f 4854/514/52 4853/513/49 1498/513/51 1494/514/54
f 4854/514/52 4851/98/43 1495/98/89 1493/514/136
f 4851/98/43 4854/514/52 1494/514/54 1496/98/90
f 4855/515/270 4856/159/1528 2475/159/1530 2477/515/557
f 4856/159/1528 4855/515/270 2478/515/16 2476/159/1529
f 4856/159/1528 4857/162/1534 2471/162/1536 2475/159/1530
f 4857/162/1534 4856/159/1528 2476/159/1529 2472/162/1535
f 4857/162/1534 4858/28/1531 2473/28/1533 2471/162/1536
f 4858/28/1531 4857/162/1534 2472/162/1535 2474/28/1532
f 4858/28/1531 4855/515/270 2477/515/557 2473/28/1533
f 4855/515/270 4858/28/1531 2474/28/1532 2478/515/16
f 4863/175/26 4864/176/25 1263/176/188 1259/175/27
f 4864/176/25 4863/175/26 1260/175/5 1264/176/6
f 4864/176/25 4865/171/30 1261/171/185 1263/176/188
f 4865/171/30 4864/176/25 1264/176/6 1262/171/9
f 4865/171/30 4866/172/28 1257/172/29 1261/171/185
f 4866/172/28 4865/171/30 1262/171/9 1258/172/12
f 4866/172/28 4863/175/26 1259/175/27 1257/172/29
f 4863/175/26 4866/172/28 1258/172/12 1260/175/5
f 4871/520/1539 4872/521/1357 1471/521/1359 1465/520/1540
f 4872/521/1357 4871/520/1539 1466/520/1541 1472/521/1542
f 4872/521/1357 4873/522/1543 1467/522/1544 1471/521/1359
f 4873/522/1543 4872/521/1357 1472/521/1542 1468/522/1545
f 4873/522/1543 4874/315/455 1475/315/1546 1467/522/1544
f 4874/315/455 4873/522/1543 1468/522/1545 1476/315/1547
f 4874/315/455 4875/261/761 1473/261/1548 1475/315/1546
f 4875/261/761 4874/315/455 1476/315/1547 1474/261/1549
f 4875/261/761 4876/260/1550 1469/260/1551 1473/261/1548
f 4876/260/1550 4875/261/761 1474/261/1549 1470/260/1552
f 4876/260/1550 4871/520/1539 1465/520/1540 1469/260/1551
f 4871/520/1539 4876/260/1550 1470/260/1552 1466/520/1541
f 4877/408/43 4878/410/44 1535/410/297 1531/408/264
f 4878/410/44 4877/408/43 1532/408/261 1536/410/298
f 4878/410/44 4879/187/49 1533/187/134 1535/410/297
f 4879/187/49 4878/410/44 1536/410/298 1534/187/51
f 4879/187/49 4880/186/52 1529/186/136 1533/187/134
f 4880/186/52 4879/187/49 1534/187/51 1530/186/54
f 4880/186/52 4877/408/43 1531/408/264 1529/186/136
f 4877/408/43 4880/186/52 1530/186/54 1532/408/261
f 4885/527/1553 4886/477/1554 1403/477/1555 1401/527/50
f 4886/477/1554 4885/527/1553 1402/527/135 1404/477/1556
f 4886/477/1554 4887/461/1557 1407/461/1558 1403/477/1555
f 4887/461/1557 4886/477/1554 1404/477/1556 1408/461/1559
f 4887/461/1557 4888/398/1560 1405/398/1561 1407/461/1558
f 4888/398/1560 4887/461/1557 1408/461/1559 1406/398/1562
f 4888/398/1560 4889/399/1563 1409/399/1564 1405/398/1561
f 4889/399/1563 4888/398/1560 1406/398/1562 1410/399/1565
f 4889/399/1563 4890/228/1566 1411/228/1567 1409/399/1564
f 4890/228/1566 4889/399/1563 1410/399/1565 1412/228/1568
f 4890/228/1566 4891/229/1569 1413/229/1570 1411/228/1567
f 4891/229/1569 4890/228/1566 1412/228/1568 1414/229/1571
f 4891/229/1569 4892/20/1572 1417/20/1573 1413/229/1570
f 4892/20/1572 4891/229/1569 1414/229/1571 1418/20/1574
f 4892/20/1572 4893/19/804 1419/19/1408 1417/20/1573
f 4893/19/804 4892/20/1572 1418/20/1574 1420/19/1407
f 4893/19/804 4894/186/1575 1421/186/1576 1419/19/1408
f 4894/186/1575 4893/19/804 1420/19/1407 1422/186/1577
f 4894/186/1575 4895/187/1578 1423/187/1579 1421/186/1576
f 4895/187/1578 4894/186/1575 1422/186/1577 1424/187/1580
f 4895/187/1578 4896/161/1581 1425/161/1582 1423/187/1579
f 4896/161/1581 4895/187/1578 1424/187/1580 1426/161/1583
f 4896/161/1581 4897/278/1584 1427/278/1585 1425/161/1582
f 4897/278/1584 4896/161/1581 1426/161/1583 1428/278/1586
f 4897/278/1584 4898/462/1587 1431/462/1588 1427/278/1585
f 4898/462/1587 4897/278/1584 1428/278/1586 1432/462/1589
f 4898/462/1587 4899/476/1590 1429/476/1591 1431/462/1588
f 4899/476/1590 4898/462/1587 1432/462/1589 1430/476/1592
f 4899/476/1590 4900/528/1593 1415/528/53 1429/476/1591
f 4900/528/1593 4899/476/1590 1430/476/1592 1416/528/494
f 4900/528/1593 4885/527/1553 1401/527/50 1415/528/53
f 4885/527/1553 4900/528/1593 1416/528/494 1402/527/135
f 4929/197/1659 4930/196/1660 2213/196/1661 2203/197/1662
f 4930/196/1660 4929/197/1659 2204/197/1663 2214/196/1664
f 4930/196/1660 4931/278/1665 2209/278/1666 2213/196/1661
f 4931/278/1665 4930/196/1660 2214/196/1664 2210/278/1667
f 4931/278/1665 4932/398/1668 2211/398/1669 2209/278/1666
f 4932/398/1668 4931/278/1665 2210/278/1667 2212/398/1670
f 4932/398/1668 4929/197/1659 2203/197/1662 2211/398/1669
f 4929/197/1659 4932/398/1668 2212/398/1670 2204/197/1663
f 4957/99/460 4958/179/463 2065/179/1678 2061/99/1679
f 4958/179/463 4957/99/460 2062/99/462 2066/179/465
f 4958/179/463 4959/383/455 2063/383/457 2065/179/1678
f 4959/383/455 4958/179/463 2066/179/465 2064/383/458
f 4959/383/455 4960/96/170 2059/96/456 2063/383/457
f 4960/96/170 4959/383/455 2064/383/458 2060/96/459
f 4960/96/170 4957/99/460 2061/99/1679 2059/96/456
f 4957/99/460 4960/96/170 2060/96/459 2062/99/462
f 4989/255/270 4990/254/1523 1709/254/1525 1701/255/402
f 4990/254/1523 4989/255/270 1702/255/557 1710/254/1524
f 4990/254/1523 4991/253/1518 1707/253/1522 1709/254/1525
f 4991/253/1518 4990/254/1523 1710/254/1524 1708/253/1519
f 4991/253/1518 4992/389/1517 1705/389/1521 1707/253/1522
f 4992/389/1517 4991/253/1518 1708/253/1519 1706/389/1520
f 4992/389/1517 4989/255/270 1701/255/402 1705/389/1521
f 4989/255/270 4992/389/1517 1706/389/1520 1702/255/557
f 4997/280/52 4998/20/49 2281/20/300 2275/280/302
f 4998/20/49 4997/280/52 2276/280/301 2282/20/299
f 4998/20/49 4999/365/1418 2277/365/1419 2281/20/300
f 4999/365/1418 4998/20/49 2282/20/299 2278/365/1106
f 4999/365/1418 5000/409/1420 2279/409/1421 2277/365/1419
f 5000/409/1420 4999/365/1418 2278/365/1106 2280/409/1109
f 5000/409/1420 4997/280/52 2275/280/302 2279/409/1421
f 4997/280/52 5000/409/1420 2280/409/1109 2276/280/301
f 5009/420/37 5010/271/907 1225/271/41 1221/420/1698
f 5010/271/907 5009/420/37 1222/420/9 1226/271/12
f 5010/271/907 5011/178/1699 1223/178/1700 1225/271/41
f 5011/178/1699 5010/271/907 1226/271/12 1224/178/5
f 5011/178/1699 5012/275/1701 1215/275/1650 1223/178/1700
f 5012/275/1701 5011/178/1699 1224/178/5 1216/275/6
f 5012/275/1701 5009/420/37 1221/420/1698 1215/275/1650
f 5009/420/37 5012/275/1701 1216/275/6 1222/420/9
f 5017/186/276 5018/408/961 1693/408/963 1689/186/965
f 5018/408/961 5017/186/276 1690/186/1702 1694/408/962
f 5018/408/961 5019/410/270 1675/410/556 1693/408/963
f 5019/410/270 5018/408/961 1694/408/962 1676/410/557
f 5019/410/270 5020/187/958 1691/187/1703 1675/410/556
f 5020/187/958 5019/410/270 1676/410/557 1692/187/959
f 5020/187/958 5017/186/276 1689/186/965 1691/187/1703
f 5017/186/276 5020/187/958 1692/187/959 1690/186/1702
f 5021/494/277 5022/564/276 2485/564/201 2479/494/194
f 5022/564/276 5021/494/277 2480/494/193 2486/564/200
f 5022/564/276 5023/17/271 2481/17/381 2485/564/201
f 5023/17/271 5022/564/276 2486/564/200 2482/17/380
f 5023/17/271 5024/20/270 2483/20/557 2481/17/381
f 5024/20/270 5023/17/271 2482/17/380 2484/20/402
f 5024/20/270 5021/494/277 2479/494/194 2483/20/557
f 5021/494/277 5024/20/270 2484/20/402 2480/494/193
f 5033/72/25 5034/73/26 1987/73/5 1983/72/6
f 5034/73/26 5033/72/25 1984/72/304 1988/73/303
f 5034/73/26 5035/74/28 1985/74/12 1987/73/5
f 5035/74/28 5034/73/26 1988/73/303 1986/74/119
f 5035/74/28 5036/75/30 1981/75/9 1985/74/12
f 5036/75/30 5035/74/28 1986/74/119 1982/75/38
f 5036/75/30 5033/72/25 1983/72/6 1981/75/9
f 5033/72/25 5036/75/30 1982/75/38 1984/72/304
f 5045/357/7 5046/356/10 1239/356/29 1235/357/185
f 5046/356/10 5045/357/7 1236/357/9 1240/356/12
f 5046/356/10 5047/15/1 1227/15/4 1239/356/29
f 5047/15/1 5046/356/10 1240/356/12 1228/15/35
f 5047/15/1 5048/439/2 1237/439/3 1227/15/4
f 5048/439/2 5047/15/1 1228/15/35 1238/439/6
f 5048/439/2 5045/357/7 1235/357/185 1237/439/3
f 5045/357/7 5048/439/2 1238/439/6 1236/357/9
f 5065/162/270 5066/161/1065 2469/161/1067 2471/162/678
f 5066/161/1065 5065/162/270 2472/162/1063 2470/161/1066
f 5066/161/1065 5067/277/276 2465/277/201 2469/161/1067
f 5067/277/276 5066/161/1065 2470/161/1066 2466/277/200
f 5067/277/276 5068/425/1061 2467/425/1064 2465/277/201
f 5068/425/1061 5067/277/276 2466/277/200 2468/425/1062
f 5068/425/1061 5065/162/270 2471/162/678 2467/425/1064
f 5065/162/270 5068/425/1061 2468/425/1062 2472/162/1063
f 5073/236/277 5074/455/276 2567/455/404 2565/236/510
f 5074/455/276 5073/236/277 2566/236/403 2568/455/405
f 5074/455/276 5075/490/271 2561/490/275 2567/455/404
f 5075/490/271 5074/455/276 2568/455/405 2562/490/272
f 5075/490/271 5076/237/270 2563/237/274 2561/490/275
f 5076/237/270 5075/490/271 2562/490/272 2564/237/273
f 5076/237/270 5073/236/277 2565/236/510 2563/237/274
f 5073/236/277 5076/237/270 2564/237/273 2566/236/403
f 5077/366/277 5078/417/276 2493/417/404 2489/366/510
f 5078/417/276 5077/366/277 2490/366/729 2494/417/730
f 5078/417/276 5079/567/271 2491/567/381 2493/417/404
f 5079/567/271 5078/417/276 2494/417/730 2492/567/597
f 5079/567/271 5080/508/270 2487/508/557 2491/567/381
f 5080/508/270 5079/567/271 2492/567/597 2488/508/556
f 5080/508/270 5077/366/277 2489/366/510 2487/508/557
f 5077/366/277 5080/508/270 2488/508/556 2490/366/729
f 5085/398/270 5086/461/271 1739/461/15 1735/398/16
f 5086/461/271 5085/398/270 1736/398/557 1740/461/381
f 5086/461/271 5087/572/276 1737/572/601 1739/461/15
f 5087/572/276 5086/461/271 1740/461/381 1738/572/201
f 5087/572/276 5088/248/277 1733/248/604 1737/572/601
f 5088/248/277 5087/572/276 1738/572/201 1734/248/194
f 5088/248/277 5085/398/270 1735/398/16 1733/248/604
f 5085/398/270 5088/248/277 1734/248/194 1736/398/557
f 5093/278/277 5094/196/276 2523/196/201 2519/278/194
f 5094/196/276 5093/278/277 2520/278/193 2524/196/200
f 5094/196/276 5095/277/271 2521/277/381 2523/196/201
f 5095/277/271 5094/196/276 2524/196/200 2522/277/380
f 5095/277/271 5096/161/270 2517/161/557 2521/277/381
f 5096/161/270 5095/277/271 2522/277/380 2518/161/402
f 5096/161/270 5093/278/277 2519/278/194 2517/161/557
f 5093/278/277 5096/161/270 2518/161/402 2520/278/193
f 5097/20/1740 5098/417/49 2175/417/1741 2169/20/1742
f 5098/417/49 5097/20/1740 2170/20/1743 2176/417/1744
f 5098/417/49 5099/366/1745 2171/366/1428 2175/417/1741
f 5099/366/1745 5098/417/49 2176/417/1744 2172/366/1746
f 5099/366/1745 5100/365/585 2173/365/47 2171/366/1428
f 5100/365/585 5099/366/1745 2172/366/1746 2174/365/133
f 5100/365/585 5097/20/1740 2169/20/1742 2173/365/47
f 5097/20/1740 5100/365/585 2174/365/133 2170/20/1743
f 5101/26/270 5102/453/271 1783/453/272 1781/26/273
f 5102/453/271 5101/26/270 1782/26/274 1784/453/275
f 5102/453/271 5103/412/276 1777/412/405 1783/453/272
f 5103/412/276 5102/453/271 1784/453/275 1778/412/404
f 5103/412/276 5104/25/277 1779/25/403 1777/412/405
f 5104/25/277 5103/412/276 1778/412/404 1780/25/510
f 5104/25/277 5101/26/270 1781/26/273 1779/25/403
f 5101/26/270 5104/25/277 1780/25/510 1782/26/274
f 5117/171/25 5118/172/26 1971/172/187 1967/171/189
f 5118/172/26 5117/171/25 1968/171/304 1972/172/303
f 5118/172/26 5119/175/28 1969/175/186 1971/172/187
f 5119/175/28 5118/172/26 1972/172/303 1970/175/119
f 5119/175/28 5120/176/30 1965/176/106 1969/175/186
f 5120/176/30 5119/175/28 1970/175/119 1966/176/38
f 5120/176/30 5117/171/25 1967/171/189 1965/176/106
f 5117/171/25 5120/176/30 1966/176/38 1968/171/304
f 5129/408/584 5130/387/1373 2193/387/1431 2189/408/48
f 5130/387/1373 5129/408/584 2190/408/132 2194/387/1757
f 5130/387/1373 5131/224/52 2185/224/1758 2193/387/1431
f 5131/224/52 5130/387/1373 2194/387/1757 2186/224/1759
f 5131/224/52 5132/19/1760 2191/19/1761 2185/224/1758
f 5132/19/1760 5131/224/52 2186/224/1759 2192/19/1762
f 5132/19/1760 5129/408/584 2189/408/48 2191/19/1761
f 5129/408/584 5132/19/1760 2192/19/1762 2190/408/132
f 5133/275/1763 5134/178/28 1193/178/119 1189/275/1764
f 5134/178/28 5133/275/1763 1190/275/1765 1194/178/12
f 5134/178/28 5135/342/1032 1191/342/868 1193/178/119
f 5135/342/1032 5134/178/28 1194/178/12 1192/342/869
f 5135/342/1032 5136/272/25 1181/272/1766 1191/342/868
f 5136/272/25 5135/342/1032 1192/342/869 1182/272/1767
f 5136/272/25 5133/275/1763 1189/275/1764 1181/272/1766
f 5133/275/1763 5136/272/25 1182/272/1767 1190/275/1765
f 5137/186/52 5138/19/43 1445/19/89 1447/186/136
f 5138/19/43 5137/186/52 1448/186/54 1446/19/90
f 5138/19/43 5139/422/44 1441/422/88 1445/19/89
f 5139/422/44 5138/19/43 1446/19/90 1442/422/91
f 5139/422/44 5140/187/49 1443/187/134 1441/422/88
f 5140/187/49 5139/422/44 1442/422/91 1444/187/51
f 5140/187/49 5137/186/52 1447/186/136 1443/187/134
f 5137/186/52 5140/187/49 1444/187/51 1448/186/54
f 5149/411/1080 5150/410/277 2499/410/1087 2507/411/1082
f 5150/410/277 5149/411/1080 2508/411/1081 2500/410/1086
f 5150/410/277 5151/422/1083 2505/422/1085 2499/410/1087
f 5151/422/1083 5150/410/277 2500/410/1086 2506/422/1084
f 5151/422/1083 5152/299/271 2503/299/381 2505/422/1085
f 5152/299/271 5151/422/1083 2506/422/1084 2504/299/380
f 5152/299/271 5149/411/1080 2507/411/1082 2503/299/381
f 5149/411/1080 5152/299/271 2504/299/380 2508/411/1081
f 5153/438/52 5154/185/49 2327/185/51 2321/438/54
f 5154/185/49 5153/438/52 2322/438/136 2328/185/134
f 5154/185/49 5155/385/44 2323/385/48 2327/185/51
f 5155/385/44 5154/185/49 2328/185/134 2324/385/132
f 5155/385/44 5156/478/43 2325/478/47 2323/385/48
f 5156/478/43 5155/385/44 2324/385/132 2326/478/133
f 5156/478/43 5153/438/52 2321/438/54 2325/478/47
f 5153/438/52 5156/478/43 2326/478/133 2322/438/136
f 5157/577/52 5158/578/49 2351/578/135 2345/577/494
f 5158/578/49 5157/577/52 2346/577/136 2352/578/134
f 5158/578/49 5159/316/44 2347/316/298 2351/578/135
f 5159/316/44 5158/578/49 2352/578/134 2348/316/88
f 5159/316/44 5160/579/43 2349/579/261 2347/316/298
f 5160/579/43 5159/316/44 2348/316/88 2350/579/89
f 5160/579/43 5157/577/52 2345/577/494 2349/579/261
f 5157/577/52 5160/579/43 2350/579/89 2346/577/136
f 5161/580/1 5162/444/2 1383/444/188 1381/580/27
f 5162/444/2 5161/580/1 1382/580/5 1384/444/6
f 5162/444/2 5163/12/7 1377/12/8 1383/444/188
f 5163/12/7 5162/444/2 1384/444/6 1378/12/9
f 5163/12/7 5164/69/10 1379/69/11 1377/12/8
f 5164/69/10 5163/12/7 1378/12/9 1380/69/12
f 5164/69/10 5161/580/1 1381/580/27 1379/69/11
f 5161/580/1 5164/69/10 1380/69/12 1382/580/5
f 5173/581/741 5174/253/1772 1707/253/1773 1715/581/1774
f 5174/253/1772 5173/581/741 1716/581/1775 1708/253/1776
f 5174/253/1772 5175/252/744 1713/252/746 1707/253/1773
f 5175/252/744 5174/253/1772 1708/253/1776 1714/252/745
f 5175/252/744 5176/251/276 1711/251/601 1713/252/746
f 5176/251/276 5175/252/744 1714/252/745 1712/251/201
f 5176/251/276 5173/581/741 1715/581/1774 1711/251/601
f 5173/581/741 5176/251/276 1712/251/201 1716/581/1775
f 5181/298/26 5182/580/25 1351/580/3 1349/298/4
f 5182/580/25 5181/298/26 1350/298/610 1352/580/422
f 5182/580/25 5183/69/30 1345/69/8 1351/580/3
f 5183/69/30 5182/580/25 1352/580/422 1346/69/607
f 5183/69/30 5184/68/28 1347/68/11 1345/69/8
f 5184/68/28 5183/69/30 1346/69/607 1348/68/606
f 5184/68/28 5181/298/26 1349/298/4 1347/68/11
f 5181/298/26 5184/68/28 1348/68/606 1350/298/610
f 5229/611/43 5230/612/44 1527/612/132 1523/611/133
f 5230/612/44 5229/611/43 1524/611/47 1528/612/48
f 5230/612/44 5231/613/49 1525/613/134 1527/612/132
f 5231/613/49 5230/612/44 1528/612/48 1526/613/135
f 5231/613/49 5232/614/52 1521/614/136 1525/613/134
f 5232/614/52 5231/613/49 1526/613/135 1522/614/494
f 5232/614/52 5229/611/43 1523/611/133 1521/614/136
f 5229/611/43 5232/614/52 1522/614/494 1524/611/47
f 5233/72/1825 5234/458/10 1161/458/29 1157/72/1826
f 5234/458/10 5233/72/1825 1158/72/1827 1162/458/12
f 5234/458/10 5235/343/1789 1159/343/1828 1161/458/29
f 5235/343/1789 5234/458/10 1162/458/12 1160/343/1829
f 5235/343/1789 5236/169/1611 1151/169/1830 1159/343/1828
f 5236/169/1611 5235/343/1789 1160/343/1829 1152/169/1831
f 5236/169/1611 5233/72/1825 1157/72/1826 1151/169/1830
f 5233/72/1825 5236/169/1611 1152/169/1831 1158/72/1827
f 5247/66/52 5248/65/49 2311/65/51 2305/66/54
f 5248/65/49 5247/66/52 2306/66/53 2312/65/50
f 5248/65/49 5249/615/44 2307/615/91 2311/65/51
f 5249/615/44 5248/65/49 2312/65/50 2308/615/297
f 5249/615/44 5250/616/43 2309/616/90 2307/615/91
f 5250/616/43 5249/615/44 2308/615/297 2310/616/264
f 5250/616/43 5247/66/52 2305/66/54 2309/616/90
f 5247/66/52 5250/616/43 2310/616/264 2306/66/53
f 5263/623/52 5264/624/49 2319/624/135 2313/623/494
f 5264/624/49 5263/623/52 2314/623/136 2320/624/134
f 5264/624/49 5265/625/44 2315/625/298 2319/624/135
f 5265/625/44 5264/624/49 2320/624/134 2316/625/88
f 5265/625/44 5266/626/43 2317/626/261 2315/625/298
f 5266/626/43 5265/625/44 2316/625/88 2318/626/89
f 5266/626/43 5263/623/52 2313/623/494 2317/626/261
f 5263/623/52 5266/626/43 2318/626/89 2314/623/136
usemtl Meshpart4Mtl.001
f 3590/121/28 3591/122/26 2663/122/303 2657/121/119
f 3591/122/26 3590/121/28 2658/121/186 2664/122/187
f 3591/122/26 3592/123/25 2659/123/304 2663/122/303
f 3592/123/25 3591/122/26 2664/122/187 2660/123/189
f 3592/123/25 3593/124/30 2661/124/38 2659/123/304
f 3593/124/30 3592/123/25 2660/123/189 2662/124/106
f 3593/124/30 3590/121/28 2657/121/119 2661/124/38
f 3590/121/28 3593/124/30 2662/124/106 2658/121/186
f 3594/125/305 3595/126/306 2635/126/307 2619/125/308
f 3595/126/306 3594/125/305 2620/125/309 2636/126/310
f 3595/126/306 3596/123/311 2637/123/312 2635/126/307
f 3596/123/311 3595/126/306 2636/126/310 2638/123/313
f 3596/123/311 3597/127/314 2639/127/315 2637/123/312
f 3597/127/314 3596/123/311 2638/123/313 2640/127/316
f 3597/127/314 3598/128/149 2627/128/317 2639/127/315
f 3598/128/149 3597/127/314 2640/127/316 2628/128/318
f 3598/128/149 3599/129/319 2623/129/320 2627/128/317
f 3599/129/319 3598/128/149 2628/128/318 2624/129/321
f 3599/129/319 3600/130/25 2611/130/3 2623/129/320
f 3600/130/25 3599/129/319 2624/129/321 2612/130/322
f 3600/130/25 3601/131/26 2613/131/4 2611/130/3
f 3601/131/26 3600/130/25 2612/130/322 2614/131/35
f 3601/131/26 3602/132/323 2621/132/324 2613/131/4
f 3602/132/323 3601/131/26 2614/131/35 2622/132/325
f 3602/132/323 3603/133/326 2625/133/327 2621/132/324
f 3603/133/326 3602/132/323 2622/132/325 2626/133/328
f 3603/133/326 3604/134/329 2633/134/330 2625/133/327
f 3604/134/329 3603/133/326 2626/133/328 2634/134/331
f 3604/134/329 3605/135/332 2631/135/333 2633/134/330
f 3605/135/332 3604/134/329 2634/134/331 2632/135/334
f 3605/135/332 3606/136/335 2629/136/336 2631/135/333
f 3606/136/335 3605/135/332 2632/135/334 2630/136/337
f 3606/136/335 3607/137/338 2617/137/339 2629/136/336
f 3607/137/338 3606/136/335 2630/136/337 2618/137/340
f 3607/137/338 3608/138/341 2609/138/342 2617/137/339
f 3608/138/341 3607/137/338 2618/137/340 2610/138/343
f 3608/138/341 3609/139/344 2615/139/345 2609/138/342
f 3609/139/344 3608/138/341 2610/138/343 2616/139/346
f 3609/139/344 3594/125/305 2619/125/308 2615/139/345
f 3594/125/305 3609/139/344 2616/139/346 2620/125/309
f 3867/276/28 3868/121/26 2687/121/303 2681/276/119
f 3868/121/26 3867/276/28 2682/276/12 2688/121/5
f 3868/121/26 3869/124/25 2683/124/304 2687/121/303
f 3869/124/25 3868/121/26 2688/121/5 2684/124/6
f 3869/124/25 3870/126/30 2685/126/38 2683/124/304
f 3870/126/30 3869/124/25 2684/124/6 2686/126/9
f 3870/126/30 3867/276/28 2681/276/119 2685/126/38
f 3867/276/28 3870/126/30 2686/126/9 2682/276/12
f 3903/138/28 3904/137/26 2655/137/303 2649/138/119
f 3904/137/26 3903/138/28 2650/138/12 2656/137/5
f 3904/137/26 3905/136/25 2651/136/304 2655/137/303
f 3905/136/25 3904/137/26 2656/137/5 2652/136/6
f 3905/136/25 3906/289/30 2653/289/38 2651/136/304
f 3906/289/30 3905/136/25 2652/136/6 2654/289/9
f 3906/289/30 3903/138/28 2649/138/119 2653/289/38
f 3903/138/28 3906/289/30 2654/289/9 2650/138/12
f 3951/135/30 3952/308/25 2847/308/189 2841/135/106
f 3952/308/25 3951/135/30 2842/135/185 2848/308/188
f 3952/308/25 3953/133/26 2843/133/187 2847/308/189
f 3953/133/26 3952/308/25 2848/308/188 2844/133/27
f 3953/133/26 3954/134/28 2845/134/186 2843/133/187
f 3954/134/28 3953/133/26 2844/133/27 2846/134/29
f 3954/134/28 3951/135/30 2841/135/106 2845/134/186
f 3951/135/30 3954/134/28 2846/134/29 2842/135/185
f 3963/317/270 3964/318/277 3119/318/510 3113/317/274
f 3964/318/277 3963/317/270 3114/317/273 3120/318/403
f 3964/318/277 3965/126/276 3115/126/201 3119/318/510
f 3965/126/276 3964/318/277 3120/318/403 3116/126/200
f 3965/126/276 3966/276/271 3117/276/381 3115/126/201
f 3966/276/271 3965/126/276 3116/126/200 3118/276/380
f 3966/276/271 3963/317/270 3113/317/274 3117/276/381
f 3963/317/270 3966/276/271 3118/276/380 3114/317/273
f 3975/327/270 3976/328/277 3103/328/194 3097/327/274
f 3976/328/277 3975/327/270 3098/327/273 3104/328/193
f 3976/328/277 3977/329/276 3099/329/201 3103/328/194
f 3977/329/276 3976/328/277 3104/328/193 3100/329/200
f 3977/329/276 3978/136/271 3101/136/275 3099/329/201
f 3978/136/271 3977/329/276 3100/329/200 3102/136/272
f 3978/136/271 3975/327/270 3097/327/274 3101/136/275
f 3975/327/270 3978/136/271 3102/136/272 3098/327/273
f 4015/344/44 4016/345/804 2717/345/805 2709/344/297
f 4016/345/804 4015/344/44 2710/344/48 2718/345/806
f 4016/345/804 4017/128/807 2721/128/808 2717/345/805
f 4017/128/807 4016/345/804 2718/345/806 2722/128/809
f 4017/128/807 4018/124/161 2729/124/810 2721/128/808
f 4018/124/161 4017/128/807 2722/128/809 2730/124/811
f 4018/124/161 4019/123/812 2727/123/813 2729/124/810
f 4019/123/812 4018/124/161 2730/124/811 2728/123/814
f 4019/123/812 4020/134/815 2725/134/816 2727/123/813
f 4020/134/815 4019/123/812 2728/123/814 2726/134/817
f 4020/134/815 4021/133/208 2713/133/818 2725/134/816
f 4021/133/208 4020/134/815 2726/134/817 2714/133/819
f 4021/133/208 4022/308/820 2705/308/821 2713/133/818
f 4022/308/820 4021/133/208 2714/133/819 2706/308/822
f 4022/308/820 4023/136/823 2711/136/824 2705/308/821
f 4023/136/823 4022/308/820 2706/308/822 2712/136/825
f 4023/136/823 4024/137/826 2715/137/827 2711/136/824
f 4024/137/826 4023/136/823 2712/136/825 2716/137/828
f 4024/137/826 4025/138/829 2731/138/830 2715/137/827
f 4025/138/829 4024/137/826 2716/137/828 2732/138/831
f 4025/138/829 4026/346/832 2733/346/833 2731/138/830
f 4026/346/832 4025/138/829 2732/138/831 2734/346/834
f 4026/346/832 4027/126/835 2735/126/836 2733/346/833
f 4027/126/835 4026/346/832 2734/346/834 2736/126/837
f 4027/126/835 4028/125/764 2723/125/838 2735/126/836
f 4028/125/764 4027/126/835 2736/126/837 2724/125/839
f 4028/125/764 4029/347/840 2719/347/841 2723/125/838
f 4029/347/840 4028/125/764 2724/125/839 2720/347/842
f 4029/347/840 4030/348/49 2707/348/255 2719/347/841
f 4030/348/49 4029/347/840 2720/347/842 2708/348/51
f 4030/348/49 4015/344/44 2709/344/297 2707/348/255
f 4015/344/44 4030/348/49 2708/348/51 2710/344/48
f 4035/127/30 4036/128/25 2863/128/189 2857/127/106
f 4036/128/25 4035/127/30 2858/127/185 2864/128/188
f 4036/128/25 4037/124/26 2859/124/187 2863/128/189
f 4037/124/26 4036/128/25 2864/128/188 2860/124/27
f 4037/124/26 4038/123/28 2861/123/186 2859/124/187
f 4038/123/28 4037/124/26 2860/124/27 2862/123/29
f 4038/123/28 4035/127/30 2857/127/106 2861/123/186
f 4035/127/30 4038/123/28 2862/123/29 2858/127/185
f 4203/413/49 4204/346/584 2935/346/988 2933/413/51
f 4204/346/584 4203/413/49 2934/413/134 2936/346/989
f 4204/346/584 4205/139/585 2929/139/990 2935/346/988
f 4205/139/585 4204/346/584 2936/346/989 2930/139/991
f 4205/139/585 4206/414/52 2931/414/54 2929/139/990
f 4206/414/52 4205/139/585 2930/139/991 2932/414/136
f 4206/414/52 4203/413/49 2933/413/51 2931/414/54
f 4203/413/49 4206/414/52 2932/414/136 2934/413/134
f 4237/121/270 4238/124/22 3095/124/1030 3089/121/274
f 4238/124/22 4237/121/270 3090/121/273 3096/124/769
f 4238/124/22 4239/418/19 3091/418/1031 3095/124/1030
f 4239/418/19 4238/124/22 3096/124/769 3092/418/770
f 4239/418/19 4240/419/271 3093/419/275 3091/418/1031
f 4240/419/271 4239/418/19 3092/418/770 3094/419/272
f 4240/419/271 4237/121/270 3089/121/274 3093/419/275
f 4237/121/270 4240/419/271 3094/419/272 3090/121/273
f 4265/346/28 4266/126/26 2671/126/303 2665/346/119
f 4266/126/26 4265/346/28 2666/346/12 2672/126/5
f 4266/126/26 4267/125/25 2667/125/304 2671/126/303
f 4267/125/25 4266/126/26 2672/126/5 2668/125/6
f 4267/125/25 4268/139/30 2669/139/38 2667/125/304
f 4268/139/30 4267/125/25 2668/125/6 2670/139/9
f 4268/139/30 4265/346/28 2665/346/119 2669/139/38
f 4265/346/28 4268/139/30 2670/139/9 2666/346/12
f 4273/126/270 4274/125/1068 3031/125/510 3025/126/1069
f 4274/125/1068 4273/126/270 3026/126/1070 3032/125/403
f 4274/125/1068 4275/139/1071 3027/139/404 3031/125/510
f 4275/139/1071 4274/125/1068 3032/125/403 3028/139/405
f 4275/139/1071 4276/346/271 3029/346/1072 3027/139/404
f 4276/346/271 4275/139/1071 3028/139/405 3030/346/1073
f 4276/346/271 4273/126/270 3025/126/1069 3029/346/1072
f 4273/126/270 4276/346/271 3030/346/1073 3026/126/1070
f 4341/440/270 4342/441/277 3063/441/194 3057/440/557
f 4342/441/277 4341/440/270 3058/440/402 3064/441/193
f 4342/441/277 4343/442/276 3059/442/201 3063/441/194
f 4343/442/276 4342/441/277 3064/441/193 3060/442/200
f 4343/442/276 4344/443/271 3061/443/381 3059/442/201
f 4344/443/271 4343/442/276 3060/442/200 3062/443/380
f 4344/443/271 4341/440/270 3057/440/557 3061/443/381
f 4341/440/270 4344/443/271 3062/443/380 3058/440/402
f 4361/308/191 4362/446/277 3079/446/510 3073/308/274
f 4362/446/277 4361/308/191 3074/308/273 3080/446/403
f 4362/446/277 4363/447/276 3075/447/404 3079/446/510
f 4363/447/276 4362/446/277 3080/446/403 3076/447/405
f 4363/447/276 4364/448/196 3077/448/275 3075/447/404
f 4364/448/196 4363/447/276 3076/447/405 3078/448/272
f 4364/448/196 4361/308/191 3073/308/274 3077/448/275
f 4361/308/191 4364/448/196 3078/448/272 3074/308/273
f 4551/138/49 4552/137/44 2943/137/48 2941/138/51
f 4552/137/44 4551/138/49 2942/138/134 2944/137/132
f 4552/137/44 4553/136/43 2937/136/47 2943/137/48
f 4553/136/43 4552/137/44 2944/137/132 2938/136/133
f 4553/136/43 4554/289/52 2939/289/54 2937/136/47
f 4554/289/52 4553/136/43 2938/136/133 2940/289/136
f 4554/289/52 4551/138/49 2941/138/51 2939/289/54
f 4551/138/49 4554/289/52 2940/289/136 2942/138/134
f 4563/471/1348 4564/472/1349 3055/472/510 3049/471/1350
f 4564/472/1349 4563/471/1348 3050/471/16 3056/472/729
f 4564/472/1349 4565/473/1351 3051/473/201 3055/472/510
f 4565/473/1351 4564/472/1349 3056/472/729 3052/473/405
f 4565/473/1351 4566/474/1352 3053/474/1353 3051/473/201
f 4566/474/1352 4565/473/1351 3052/473/405 3054/474/380
f 4566/474/1352 4563/471/1348 3049/471/1350 3053/474/1353
f 4563/471/1348 4566/474/1352 3054/474/380 3050/471/16
f 4571/347/1362 4572/125/1363 2891/125/1364 2887/347/1365
f 4572/125/1363 4571/347/1362 2888/347/251 2892/125/1366
f 4572/125/1363 4573/126/1367 2889/126/1368 2891/125/1364
f 4573/126/1367 4572/125/1363 2892/125/1366 2890/126/1369
f 4573/126/1367 4574/124/1370 2893/124/1371 2889/126/1368
f 4574/124/1370 4573/126/1367 2890/126/1369 2894/124/1372
f 4574/124/1370 4575/128/1373 2895/128/1374 2893/124/1371
f 4575/128/1373 4574/124/1370 2894/124/1372 2896/128/1375
f 4575/128/1373 4576/345/1376 2883/345/1377 2895/128/1374
f 4576/345/1376 4575/128/1373 2896/128/1375 2884/345/1378
f 4576/345/1376 4577/344/43 2885/344/719 2883/345/1377
f 4577/344/43 4576/345/1376 2884/345/1378 2886/344/46
f 4577/344/43 4578/348/52 2881/348/302 2885/344/719
f 4578/348/52 4577/344/43 2886/344/46 2882/348/253
f 4578/348/52 4571/347/1362 2887/347/1365 2881/348/302
f 4571/347/1362 4578/348/52 2882/348/253 2888/347/251
f 4635/441/270 4636/138/277 3111/138/194 3105/441/1350
f 4636/138/277 4635/441/270 3106/441/1405 3112/138/193
f 4636/138/277 4637/480/276 3107/480/201 3111/138/194
f 4637/480/276 4636/138/277 3112/138/193 3108/480/200
f 4637/480/276 4638/442/271 3109/442/1353 3107/480/201
f 4638/442/271 4637/480/276 3108/480/200 3110/442/1406
f 4638/442/271 4635/441/270 3105/441/1350 3109/442/1353
f 4635/441/270 4638/442/271 3110/442/1406 3106/441/1405
f 4639/347/804 4640/348/44 2913/348/48 2921/347/1407
f 4640/348/44 4639/347/804 2922/347/1408 2914/348/297
f 4640/348/44 4641/344/49 2903/344/51 2913/348/48
f 4641/344/49 4640/348/44 2914/348/297 2904/344/255
f 4641/344/49 4642/345/840 2901/345/842 2903/344/51
f 4642/345/840 4641/344/49 2904/344/255 2902/345/934
f 4642/345/840 4643/128/764 2897/128/1409 2901/345/842
f 4643/128/764 4642/345/840 2902/345/934 2898/128/1410
f 4643/128/764 4644/124/835 2909/124/837 2897/128/1409
f 4644/124/835 4643/128/764 2898/128/1410 2910/124/836
f 4644/124/835 4645/123/832 2907/123/834 2909/124/837
f 4645/123/832 4644/124/835 2910/124/836 2908/123/833
f 4645/123/832 4646/134/829 2905/134/1411 2907/123/834
f 4646/134/829 4645/123/832 2908/123/833 2906/134/1412
f 4646/134/829 4647/133/235 2899/133/828 2905/134/1411
f 4647/133/235 4646/134/829 2906/134/1412 2900/133/827
f 4647/133/235 4648/308/1413 2911/308/825 2899/133/828
f 4648/308/1413 4647/133/235 2900/133/827 2912/308/824
f 4648/308/1413 4649/136/820 2915/136/822 2911/308/825
f 4649/136/820 4648/308/1413 2912/308/824 2916/136/821
f 4649/136/820 4650/137/208 2917/137/819 2915/136/822
f 4650/137/208 4649/136/820 2916/136/821 2918/137/818
f 4650/137/208 4651/138/1414 2923/138/817 2917/137/819
f 4651/138/1414 4650/137/208 2918/137/818 2924/138/816
f 4651/138/1414 4652/346/812 2925/346/814 2923/138/817
f 4652/346/812 4651/138/1414 2924/138/816 2926/346/813
f 4652/346/812 4653/126/161 2927/126/811 2925/346/814
f 4653/126/161 4652/346/812 2926/346/813 2928/126/810
f 4653/126/161 4654/125/1415 2919/125/1416 2927/126/811
f 4654/125/1415 4653/126/161 2928/126/810 2920/125/1417
f 4654/125/1415 4639/347/804 2921/347/1407 2919/125/1416
f 4639/347/804 4654/125/1415 2920/125/1417 2922/347/1408
f 4683/133/1441 4684/134/1442 2959/134/718 2957/133/135
f 4684/134/1442 4683/133/1441 2958/133/134 2960/134/132
f 4684/134/1442 4685/135/1443 2953/135/719 2959/134/718
f 4685/135/1443 4684/134/1442 2960/134/132 2954/135/133
f 4685/135/1443 4686/308/1444 2955/308/494 2953/135/719
f 4686/308/1444 4685/135/1443 2954/135/133 2956/308/136
f 4686/308/1444 4683/133/1441 2957/133/135 2955/308/494
f 4683/133/1441 4686/308/1444 2956/308/136 2958/133/134
f 4783/502/270 4784/471/1068 3087/471/510 3081/502/1350
f 4784/471/1068 4783/502/270 3082/502/1405 3088/471/403
f 4784/471/1068 4785/474/1071 3083/474/201 3087/471/510
f 4785/474/1071 4784/471/1068 3088/471/403 3084/474/200
f 4785/474/1071 4786/127/1499 3085/127/1353 3083/474/201
f 4786/127/1499 4785/474/1071 3084/474/200 3086/127/1406
f 4786/127/1499 4783/502/270 3081/502/1350 3085/127/1353
f 4783/502/270 4786/127/1499 3086/127/1406 3082/502/1405
f 4803/472/1488 4804/503/1068 3071/503/510 3065/472/274
f 4804/503/1068 4803/472/1488 3066/472/273 3072/503/403
f 4804/503/1068 4805/134/1071 3067/134/201 3071/503/510
f 4805/134/1071 4804/503/1068 3072/503/403 3068/134/200
f 4805/134/1071 4806/473/1499 3069/473/381 3067/134/201
f 4806/473/1499 4805/134/1071 3068/134/200 3070/473/380
f 4806/473/1499 4803/472/1488 3065/472/274 3069/473/381
f 4803/472/1488 4806/473/1499 3070/473/380 3066/472/273
f 4819/128/1502 4820/127/1503 2601/127/1504 2603/128/1505
f 4820/127/1503 4819/128/1502 2604/128/1506 2602/127/1507
f 4820/127/1503 4821/134/1205 2597/134/1508 2601/127/1504
f 4821/134/1205 4820/127/1503 2602/127/1507 2598/134/1509
f 4821/134/1205 4822/133/1176 2593/133/1510 2597/134/1508
f 4822/133/1176 4821/134/1205 2598/134/1509 2594/133/1511
f 4822/133/1176 4823/132/915 2595/132/1512 2593/133/1510
f 4823/132/915 4822/133/1176 2594/133/1511 2596/132/1513
f 4823/132/915 4824/131/30 2605/131/185 2595/132/1512
f 4824/131/30 4823/132/915 2596/132/1513 2606/131/9
f 4824/131/30 4825/130/28 2607/130/29 2605/131/185
f 4825/130/28 4824/131/30 2606/131/9 2608/130/12
f 4825/130/28 4826/129/1514 2599/129/1515 2607/130/29
f 4826/129/1514 4825/130/28 2608/130/12 2600/129/1516
f 4826/129/1514 4819/128/1502 2603/128/1505 2599/129/1515
f 4819/128/1502 4826/129/1514 2600/129/1516 2604/128/1506
f 4839/308/28 4840/135/26 2647/135/303 2641/308/119
f 4840/135/26 4839/308/28 2642/308/186 2648/135/187
f 4840/135/26 4841/509/1526 2643/509/304 2647/135/303
f 4841/509/1526 4840/135/26 2648/135/187 2644/509/189
f 4841/509/1526 4842/446/1527 2645/446/38 2643/509/304
f 4842/446/1527 4841/509/1526 2644/509/189 2646/446/106
f 4842/446/1527 4839/308/28 2641/308/119 2645/446/38
f 4839/308/28 4842/446/1527 2646/446/106 2642/308/186
f 4859/133/44 4860/134/49 2751/134/50 2747/133/45
f 4860/134/49 4859/133/44 2748/133/718 2752/134/135
f 4860/134/49 4861/135/52 2749/135/53 2751/134/50
f 4861/135/52 4860/134/49 2752/134/135 2750/135/494
f 4861/135/52 4862/308/43 2745/308/46 2749/135/53
f 4862/308/43 4861/135/52 2750/135/494 2746/308/719
f 4862/308/43 4859/133/44 2747/133/45 2745/308/46
f 4859/133/44 4862/308/43 2746/308/719 2748/133/718
f 4937/125/149 4938/139/314 2831/139/316 2825/125/318
f 4938/139/314 4937/125/149 2826/125/317 2832/139/315
f 4938/139/314 4939/346/311 2829/346/1671 2831/139/316
f 4939/346/311 4938/139/314 2832/139/315 2830/346/312
f 4939/346/311 4940/124/306 2827/124/1672 2829/346/1671
f 4940/124/306 4939/346/311 2830/346/312 2828/124/1673
f 4940/124/306 4941/128/305 2821/128/309 2827/124/1672
f 4941/128/305 4940/124/306 2828/124/1673 2822/128/1637
f 4941/128/305 4942/127/344 2819/127/346 2821/128/309
f 4942/127/344 4941/128/305 2822/128/1637 2820/127/345
f 4942/127/344 4943/134/341 2815/134/343 2819/127/346
f 4943/134/341 4942/127/344 2820/127/345 2816/134/342
f 4943/134/341 4944/133/338 2805/133/340 2815/134/343
f 4944/133/338 4943/134/341 2816/134/342 2806/133/1674
f 4944/133/338 4945/308/335 2801/308/1675 2805/133/340
f 4945/308/335 4944/133/338 2806/133/1674 2802/308/1676
f 4945/308/335 4946/289/332 2807/289/1677 2801/308/1675
f 4946/289/332 4945/308/335 2802/308/1676 2808/289/333
f 4946/289/332 4947/138/329 2809/138/331 2807/289/1677
f 4947/138/329 4946/289/332 2808/289/333 2810/138/330
f 4947/138/329 4948/137/326 2803/137/328 2809/138/331
f 4948/137/326 4947/138/329 2810/138/330 2804/137/327
f 4948/137/326 4949/131/323 2811/131/1028 2803/137/328
f 4949/131/323 4948/137/326 2804/137/327 2812/131/324
f 4949/131/323 4950/132/26 2813/132/610 2811/131/1028
f 4950/132/26 4949/131/323 2812/131/324 2814/132/4
f 4950/132/26 4951/129/25 2817/129/422 2813/132/610
f 4951/129/25 4950/132/26 2814/132/4 2818/129/3
f 4951/129/25 4952/130/319 2823/130/477 2817/129/422
f 4952/130/319 4951/129/25 2818/129/3 2824/130/320
f 4952/130/319 4937/125/149 2825/125/318 2823/130/477
f 4937/125/149 4952/130/319 2824/130/320 2826/125/317
f 4961/123/1418 4962/561/92 2743/561/50 2739/123/45
f 4962/561/92 4961/123/1418 2740/123/718 2744/561/135
f 4962/561/92 4963/502/95 2741/502/53 2743/561/50
f 4963/502/95 4962/561/92 2744/561/135 2742/502/494
f 4963/502/95 4964/127/1420 2737/127/46 2741/502/53
f 4964/127/1420 4963/502/95 2742/502/494 2738/127/719
f 4964/127/1420 4961/123/1418 2739/123/45 2737/127/46
f 4961/123/1418 4964/127/1420 2738/127/719 2740/123/718
f 4965/126/1370 4966/124/1367 2691/124/1680 2697/126/1372
f 4966/124/1367 4965/126/1370 2698/126/1681 2692/124/1682
f 4966/124/1367 4967/128/1363 2695/128/1683 2691/124/1680
f 4967/128/1363 4966/124/1367 2692/124/1682 2696/128/1684
f 4967/128/1363 4968/345/1362 2693/345/1685 2695/128/1683
f 4968/345/1362 4967/128/1363 2696/128/1684 2694/345/252
f 4968/345/1362 4969/344/52 2703/344/136 2693/345/1685
f 4969/344/52 4968/345/1362 2694/345/252 2704/344/54
f 4969/344/52 4970/348/43 2701/348/133 2703/344/136
f 4970/348/43 4969/344/52 2704/344/54 2702/348/47
f 4970/348/43 4971/347/1376 2689/347/1686 2701/348/133
f 4971/347/1376 4970/348/43 2702/348/47 2690/347/1377
f 4971/347/1376 4972/125/1373 2699/125/1687 2689/347/1686
f 4972/125/1373 4971/347/1376 2690/347/1377 2700/125/1374
f 4972/125/1373 4965/126/1370 2697/126/1372 2699/125/1687
f 4965/126/1370 4972/125/1373 2700/125/1374 2698/126/1681
f 4973/124/30 4974/126/25 2871/126/189 2865/124/106
f 4974/126/25 4973/124/30 2866/124/38 2872/126/304
f 4974/126/25 4975/276/26 2867/276/187 2871/126/189
f 4975/276/26 4974/126/25 2872/126/304 2868/276/303
f 4975/276/26 4976/121/28 2869/121/186 2867/276/187
f 4976/121/28 4975/276/26 2868/276/303 2870/121/119
f 4976/121/28 4973/124/30 2865/124/106 2869/121/186
f 4973/124/30 4976/121/28 2870/121/119 2866/124/38
f 4977/131/915 4978/137/1176 2795/137/1511 2791/131/1688
f 4978/137/1176 4977/131/915 2792/131/1512 2796/137/1689
f 4978/137/1176 4979/138/1205 2793/138/1509 2795/137/1511
f 4979/138/1205 4978/137/1176 2796/137/1689 2794/138/1690
f 4979/138/1205 4980/139/1503 2797/139/1507 2793/138/1509
f 4980/139/1503 4979/138/1205 2794/138/1690 2798/139/1691
f 4980/139/1503 4981/125/1502 2799/125/1506 2797/139/1507
f 4981/125/1502 4980/139/1503 2798/139/1691 2800/125/1692
f 4981/125/1502 4982/130/1514 2787/130/1693 2799/125/1506
f 4982/130/1514 4981/125/1502 2800/125/1692 2788/130/1515
f 4982/130/1514 4983/129/28 2789/129/12 2787/130/1693
f 4983/129/28 4982/130/1514 2788/130/1515 2790/129/29
f 4983/129/28 4984/132/30 2785/132/9 2789/129/12
f 4984/132/30 4983/129/28 2790/129/29 2786/132/185
f 4984/132/30 4977/131/915 2791/131/1688 2785/132/9
f 4977/131/915 4984/132/30 2786/132/185 2792/131/1512
f 4985/127/44 4986/502/49 2775/502/134 2771/127/132
f 4986/502/49 4985/127/44 2772/127/48 2776/502/51
f 4986/502/49 4987/503/52 2773/503/136 2775/502/134
f 4987/503/52 4986/502/49 2776/502/51 2774/503/54
f 4987/503/52 4988/134/43 2769/134/133 2773/503/136
f 4988/134/43 4987/503/52 2774/503/54 2770/134/47
f 4988/134/43 4985/127/44 2771/127/132 2769/134/133
f 4985/127/44 4988/134/43 2770/134/47 2772/127/48
f 4993/126/30 4994/346/25 2855/346/6 2849/126/9
f 4994/346/25 4993/126/30 2850/126/38 2856/346/304
f 4994/346/25 4995/562/26 2851/562/5 2855/346/6
f 4995/562/26 4994/346/25 2856/346/304 2852/562/303
f 4995/562/26 4996/276/28 2853/276/12 2851/562/5
f 4996/276/28 4995/562/26 2852/562/303 2854/276/119
f 4996/276/28 4993/126/30 2849/126/9 2853/276/12
f 4993/126/30 4996/276/28 2854/276/119 2850/126/38
f 5001/138/1694 5002/137/1695 2767/137/93 2761/138/989
f 5002/137/1695 5001/138/1694 2762/138/718 2768/137/135
f 5002/137/1695 5003/136/1696 2763/136/96 2767/137/93
f 5003/136/1696 5002/137/1695 2768/137/135 2764/136/494
f 5003/136/1696 5004/289/1697 2765/289/991 2763/136/96
f 5004/289/1697 5003/136/1696 2764/136/494 2766/289/719
f 5004/289/1697 5001/138/1694 2761/138/989 2765/289/991
f 5001/138/1694 5004/289/1697 2766/289/719 2762/138/718
f 5005/139/270 5006/440/1068 3127/440/510 3121/139/557
f 5006/440/1068 5005/139/270 3122/139/402 3128/440/403
f 5006/440/1068 5007/443/1071 3123/443/404 3127/440/510
f 5007/443/1071 5006/440/1068 3128/440/403 3124/443/405
f 5007/443/1071 5008/414/271 3125/414/381 3123/443/404
f 5008/414/271 5007/443/1071 3124/443/405 3126/414/380
f 5008/414/271 5005/139/270 3121/139/557 3125/414/381
f 5005/139/270 5008/414/271 3126/414/380 3122/139/402
f 5013/329/611 5014/563/609 2839/563/6 2833/329/9
f 5014/563/609 5013/329/611 2834/329/185 2840/563/188
f 5014/563/609 5015/289/26 2835/289/5 2839/563/6
f 5015/289/26 5014/563/609 2840/563/188 2836/289/303
f 5015/289/26 5016/136/28 2837/136/12 2835/289/5
f 5016/136/28 5015/289/26 2836/289/303 2838/136/119
f 5016/136/28 5013/329/611 2833/329/9 2837/136/12
f 5013/329/611 5016/136/28 2838/136/119 2834/329/185
f 5029/136/28 5030/308/26 2679/308/303 2673/136/119
f 5030/308/26 5029/136/28 2674/136/12 2680/308/5
f 5030/308/26 5031/446/25 2675/446/304 2679/308/303
f 5031/446/25 5030/308/26 2680/308/5 2676/446/6
f 5031/446/25 5032/329/30 2677/329/38 2675/446/304
f 5032/329/30 5031/446/25 2676/446/6 2678/329/9
f 5032/329/30 5029/136/28 2673/136/119 2677/329/38
f 5029/136/28 5032/329/30 2678/329/9 2674/136/12
f 5049/480/52 5050/414/49 2967/414/135 2961/480/494
f 5050/414/49 5049/480/52 2962/480/136 2968/414/134
f 5050/414/49 5051/139/44 2963/139/298 2967/414/135
f 5051/139/44 5050/414/49 2968/414/134 2964/139/132
f 5051/139/44 5052/138/43 2965/138/261 2963/139/298
f 5052/138/43 5051/139/44 2964/139/132 2966/138/133
f 5052/138/43 5049/480/52 2961/480/494 2965/138/261
f 5049/480/52 5052/138/43 2966/138/133 2962/480/136
f 5053/125/1717 5054/126/1718 2999/126/1719 2991/125/382
f 5054/126/1718 5053/125/1717 2992/125/597 3000/126/1720
f 5054/126/1718 5055/124/1721 2997/124/1722 2999/126/1719
f 5055/124/1721 5054/126/1718 3000/126/1720 2998/124/1723
f 5055/124/1721 5056/128/270 2985/128/731 2997/124/1722
f 5056/128/270 5055/124/1721 2998/124/1723 2986/128/556
f 5056/128/270 5057/127/1724 2989/127/1725 2985/128/731
f 5057/127/1724 5056/128/270 2986/128/556 2990/127/1726
f 5057/127/1724 5058/134/1727 2987/134/1728 2989/127/1725
f 5058/134/1727 5057/127/1724 2990/127/1726 2988/134/1729
f 5058/134/1727 5059/133/277 2979/133/401 2987/134/1728
f 5059/133/277 5058/134/1727 2988/134/1729 2980/133/729
f 5059/133/277 5060/308/669 2981/308/1730 2979/133/401
f 5060/308/669 5059/133/277 2980/133/729 2982/308/1731
f 5060/308/669 5061/136/1478 2983/136/1732 2981/308/1730
f 5061/136/1478 5060/308/669 2982/308/1731 2984/136/1733
f 5061/136/1478 5062/137/199 2977/137/728 2983/136/1732
f 5062/137/199 5061/136/1478 2984/136/1733 2978/137/730
f 5062/137/199 5063/138/1734 2993/138/1735 2977/137/728
f 5063/138/1734 5062/137/199 2978/137/730 2994/138/1736
f 5063/138/1734 5064/139/1737 2995/139/1738 2993/138/1735
f 5064/139/1737 5063/138/1734 2994/138/1736 2996/139/1739
f 5064/139/1737 5053/125/1717 2991/125/382 2995/139/1738
f 5053/125/1717 5064/139/1737 2996/139/1739 2992/125/597
f 5069/123/687 5070/561/501 2951/561/48 2949/123/51
f 5070/561/501 5069/123/687 2950/123/134 2952/561/132
f 5070/561/501 5071/502/504 2945/502/47 2951/561/48
f 5071/502/504 5070/561/501 2952/561/132 2946/502/133
f 5071/502/504 5072/127/688 2947/127/54 2945/502/47
f 5072/127/688 5071/502/504 2946/502/133 2948/127/136
f 5072/127/688 5069/123/687 2949/123/51 2947/127/54
f 5069/123/687 5072/127/688 2948/127/136 2950/123/134
f 5089/448/1488 5090/447/277 3039/447/194 3033/448/274
f 5090/447/277 5089/448/1488 3034/448/273 3040/447/193
f 5090/447/277 5091/328/276 3035/328/201 3039/447/194
f 5091/328/276 5090/447/277 3040/447/193 3036/328/200
f 5091/328/276 5092/327/1499 3037/327/275 3035/328/201
f 5092/327/1499 5091/328/276 3036/328/200 3038/327/272
f 5092/327/1499 5089/448/1488 3033/448/274 3037/327/275
f 5089/448/1488 5092/327/1499 3038/327/272 3034/448/273
f 5105/137/1747 5106/136/1748 3023/136/1749 3017/137/1750
f 5106/136/1748 5105/137/1747 3018/137/402 3024/136/193
f 5106/136/1748 5107/289/1351 3019/289/1751 3023/136/1749
f 5107/289/1351 5106/136/1748 3024/136/193 3020/289/200
f 5107/289/1351 5108/138/1752 3021/138/1753 3019/289/1751
f 5108/138/1752 5107/289/1351 3020/289/200 3022/138/380
f 5108/138/1752 5105/137/1747 3017/137/1750 3021/138/1753
f 5105/137/1747 5108/138/1752 3022/138/380 3018/137/402
f 5109/419/1348 5110/418/1754 3047/418/1030 3041/419/1350
f 5110/418/1754 5109/419/1348 3042/419/402 3048/418/193
f 5110/418/1754 5111/318/1755 3043/318/1031 3047/418/1030
f 5111/318/1755 5110/418/1754 3048/418/193 3044/318/200
f 5111/318/1755 5112/317/1352 3045/317/1353 3043/318/1031
f 5112/317/1352 5111/318/1755 3044/318/200 3046/317/380
f 5112/317/1352 5109/419/1348 3041/419/1350 3045/317/1353
f 5109/419/1348 5112/317/1352 3046/317/380 3042/419/402
f 5113/134/1348 5114/135/1349 3007/135/1749 3001/134/1750
f 5114/135/1349 5113/134/1348 3002/134/402 3008/135/193
f 5114/135/1349 5115/308/1756 3003/308/1751 3007/135/1749
f 5115/308/1756 5114/135/1349 3008/135/193 3004/308/200
f 5115/308/1756 5116/133/1352 3005/133/1753 3003/308/1751
f 5116/133/1352 5115/308/1756 3004/308/200 3006/133/380
f 5116/133/1352 5113/134/1348 3001/134/1750 3005/133/1753
f 5113/134/1348 5116/133/1352 3006/133/380 3002/134/402
f 5121/446/30 5122/329/25 2879/329/189 2873/446/106
f 5122/329/25 5121/446/30 2874/446/38 2880/329/304
f 5122/329/25 5123/136/26 2875/136/187 2879/329/189
f 5123/136/26 5122/329/25 2880/329/304 2876/136/303
f 5123/136/26 5124/308/28 2877/308/186 2875/136/187
f 5124/308/28 5123/136/26 2876/136/303 2878/308/119
f 5124/308/28 5121/446/30 2873/446/106 2877/308/186
f 5121/446/30 5124/308/28 2878/308/119 2874/446/38
f 5125/123/191 5126/127/843 3015/127/510 3009/123/274
f 5126/127/843 5125/123/191 3010/123/273 3016/127/403
f 5126/127/843 5127/128/847 3011/128/404 3015/127/510
f 5127/128/847 5126/127/843 3016/127/403 3012/128/405
f 5127/128/847 5128/124/196 3013/124/275 3011/128/404
f 5128/124/196 5127/128/847 3012/128/405 3014/124/272
f 5128/124/196 5125/123/191 3009/123/274 3013/124/275
f 5125/123/191 5128/124/196 3014/124/272 3010/123/273
f 5169/127/49 5170/502/44 2975/502/91 2971/127/51
f 5170/502/44 5169/127/49 2972/127/50 2976/502/297
f 5170/502/44 5171/503/43 2973/503/90 2975/502/91
f 5171/503/43 5170/502/44 2976/502/297 2974/503/264
f 5171/503/43 5172/134/52 2969/134/54 2973/503/90
f 5172/134/52 5171/503/43 2974/503/264 2970/134/53
f 5172/134/52 5169/127/49 2971/127/51 2969/134/54
f 5169/127/49 5172/134/52 2970/134/53 2972/127/50
f 5225/414/44 5226/139/49 2783/139/134 2779/414/88
f 5226/139/49 5225/414/44 2780/414/298 2784/139/135
f 5226/139/49 5227/138/52 2781/138/136 2783/139/134
f 5227/138/52 5226/139/49 2784/139/135 2782/138/494
f 5227/138/52 5228/480/43 2777/480/89 2781/138/136
f 5228/480/43 5227/138/52 2782/138/494 2778/480/261
f 5228/480/43 5225/414/44 2779/414/88 2777/480/89
f 5225/414/44 5228/480/43 2778/480/261 2780/414/298
f 5259/413/44 5260/346/49 2759/346/50 2755/413/297
f 5260/346/49 5259/413/44 2756/413/298 2760/346/135
f 5260/346/49 5261/139/52 2757/139/53 2759/346/50
f 5261/139/52 5260/346/49 2760/346/135 2758/139/494
f 5261/139/52 5262/414/43 2753/414/264 2757/139/53
f 5262/414/43 5261/139/52 2758/139/494 2754/414/261
f 5262/414/43 5259/413/44 2755/413/297 2753/414/264
f 5259/413/44 5262/414/43 2754/414/261 2756/413/298
usemtl Meshpart5Mtl.001
f 3453/5/13 3454/6/14 3271/6/15 3269/5/16
f 3454/6/14 3453/5/13 3270/5/17 3272/6/18
f 3454/6/14 3455/7/19 3265/7/20 3271/6/15
f 3455/7/19 3454/6/14 3272/6/18 3266/7/21
f 3455/7/19 3456/8/22 3267/8/23 3265/7/20
f 3456/8/22 3455/7/19 3266/7/21 3268/8/24
f 3456/8/22 3453/5/13 3269/5/16 3267/8/23
f 3453/5/13 3456/8/22 3268/8/24 3270/5/17
f 3480/32/43 3481/33/44 3223/33/88 3217/32/89
f 3481/33/44 3480/32/43 3218/32/90 3224/33/91
f 3481/33/44 3482/34/92 3219/34/93 3223/33/88
f 3482/34/92 3481/33/44 3224/33/91 3220/34/94
f 3482/34/92 3483/35/95 3221/35/96 3219/34/93
f 3483/35/95 3482/34/92 3220/34/94 3222/35/97
f 3483/35/95 3480/32/43 3217/32/89 3221/35/96
f 3480/32/43 3483/35/95 3222/35/97 3218/32/90
f 3488/40/107 3489/6/108 3423/6/109 3419/40/110
f 3489/6/108 3488/40/107 3420/40/111 3424/6/112
f 3489/6/108 3490/5/113 3421/5/114 3423/6/109
f 3490/5/113 3489/6/108 3424/6/112 3422/5/115
f 3490/5/113 3491/41/116 3417/41/117 3421/5/114
f 3491/41/116 3490/5/113 3422/5/115 3418/41/118
f 3491/41/116 3488/40/107 3419/40/110 3417/41/117
f 3488/40/107 3491/41/116 3418/41/118 3420/40/111
f 3496/46/120 3497/47/121 3383/47/122 3381/46/123
f 3497/47/121 3496/46/120 3382/46/124 3384/47/125
f 3497/47/121 3498/34/126 3377/34/127 3383/47/122
f 3498/34/126 3497/47/121 3384/47/125 3378/34/128
f 3498/34/126 3499/33/129 3379/33/130 3377/34/127
f 3499/33/129 3498/34/126 3378/34/128 3380/33/131
f 3499/33/129 3496/46/120 3381/46/123 3379/33/130
f 3496/46/120 3499/33/129 3380/33/131 3382/46/124
f 3530/76/190 3531/33/191 3263/33/192 3259/76/193
f 3531/33/191 3530/76/190 3260/76/194 3264/33/195
f 3531/33/191 3532/34/196 3261/34/197 3263/33/192
f 3532/34/196 3531/33/191 3264/33/195 3262/34/198
f 3532/34/196 3533/77/199 3257/77/200 3261/34/197
f 3533/77/199 3532/34/196 3262/34/198 3258/77/201
f 3533/77/199 3530/76/190 3259/76/193 3257/77/200
f 3530/76/190 3533/77/199 3258/77/201 3260/76/194
f 3610/140/347 3611/141/348 3215/141/299 3213/140/88
f 3611/141/348 3610/140/347 3214/140/122 3216/141/123
f 3611/141/348 3612/142/349 3209/142/301 3215/141/299
f 3612/142/349 3611/141/348 3216/141/123 3210/142/130
f 3612/142/349 3613/143/350 3211/143/89 3209/142/301
f 3613/143/350 3612/142/349 3210/142/130 3212/143/127
f 3613/143/350 3610/140/347 3213/140/88 3211/143/89
f 3610/140/347 3613/143/350 3212/143/127 3214/140/122
f 3756/231/595 3757/232/596 3255/232/597 3253/231/556
f 3757/232/596 3756/231/595 3254/231/598 3256/232/599
f 3757/232/596 3758/6/600 3249/6/601 3255/232/597
f 3758/6/600 3757/232/596 3256/232/599 3250/6/602
f 3758/6/600 3759/5/603 3251/5/604 3249/6/601
f 3759/5/603 3758/6/600 3250/6/602 3252/5/605
f 3759/5/603 3756/231/595 3253/231/556 3251/5/604
f 3756/231/595 3759/5/603 3252/5/605 3254/231/598
f 3811/77/675 3812/258/676 3431/258/677 3425/77/678
f 3812/258/676 3811/77/675 3426/77/679 3432/258/403
f 3812/258/676 3813/259/680 3427/259/681 3431/258/677
f 3813/259/680 3812/258/676 3432/258/403 3428/259/405
f 3813/259/680 3814/76/682 3429/76/683 3427/259/681
f 3814/76/682 3813/259/680 3428/259/405 3430/76/684
f 3814/76/682 3811/77/675 3425/77/678 3429/76/683
f 3811/77/675 3814/76/682 3430/76/684 3426/77/679
f 3863/143/698 3864/140/699 3367/140/700 3361/143/701
f 3864/140/699 3863/143/698 3362/143/131 3368/140/124
f 3864/140/699 3865/141/702 3363/141/703 3367/140/700
f 3865/141/702 3864/140/699 3368/140/124 3364/141/125
f 3865/141/702 3866/142/704 3365/142/705 3363/141/703
f 3866/142/704 3865/141/702 3364/141/125 3366/142/128
f 3866/142/704 3863/143/698 3361/143/701 3365/142/705
f 3863/143/698 3866/142/704 3366/142/128 3362/143/131
f 3999/338/767 4000/339/768 3245/339/769 3247/338/770
f 4000/339/768 3999/338/767 3248/338/771 3246/339/772
f 4000/339/768 4001/76/773 3241/76/273 3245/339/769
f 4001/76/773 4000/339/768 3246/339/772 3242/76/110
f 4001/76/773 4002/77/774 3243/77/272 3241/76/273
f 4002/77/774 4001/76/773 3242/76/110 3244/77/117
f 4002/77/774 3999/338/767 3247/338/770 3243/77/272
f 3999/338/767 4002/77/774 3244/77/117 3248/338/771
f 4031/349/191 4032/77/843 3407/77/844 3401/349/845
f 4032/77/843 4031/349/191 3402/349/111 3408/77/846
f 4032/77/843 4033/76/847 3403/76/848 3407/77/844
f 4033/76/847 4032/77/843 3408/77/846 3404/76/849
f 4033/76/847 4034/350/196 3405/350/850 3403/76/848
f 4034/350/196 4033/76/847 3404/76/849 3406/350/118
f 4034/350/196 4031/349/191 3401/349/845 3405/350/850
f 4031/349/191 4034/350/196 3406/350/118 3402/349/111
f 4297/140/1098 4298/32/1099 3359/32/1100 3353/140/1101
f 4298/32/1099 4297/140/1098 3354/140/1102 3360/32/1103
f 4298/32/1099 4299/35/1104 3355/35/1105 3359/32/1100
f 4299/35/1104 4298/32/1099 3360/32/1103 3356/35/1106
f 4299/35/1104 4300/141/1107 3357/141/1108 3355/35/1105
f 4300/141/1107 4299/35/1104 3356/35/1106 3358/141/1109
f 4300/141/1107 4297/140/1098 3353/140/1101 3357/141/1108
f 4297/140/1098 4300/141/1107 3358/141/1109 3354/140/1102
f 4301/33/1110 4302/34/702 3375/34/1111 3373/33/1112
f 4302/34/702 4301/33/1110 3374/33/50 3376/34/297
f 4302/34/702 4303/35/704 3369/35/1113 3375/34/1111
f 4303/35/704 4302/34/702 3376/34/297 3370/35/264
f 4303/35/704 4304/32/1114 3371/32/1115 3369/35/1113
f 4304/32/1114 4303/35/704 3370/35/264 3372/32/53
f 4304/32/1114 4301/33/1110 3373/33/1112 3371/32/1115
f 4301/33/1110 4304/32/1114 3372/32/53 3374/33/50
f 4473/32/129 4474/8/120 3351/8/51 3345/32/54
f 4474/8/120 4473/32/129 3346/32/53 3352/8/50
f 4474/8/120 4475/7/121 3347/7/988 3351/8/51
f 4475/7/121 4474/8/120 3352/8/50 3348/7/45
f 4475/7/121 4476/35/126 3349/35/990 3347/7/988
f 4476/35/126 4475/7/121 3348/7/45 3350/35/46
f 4476/35/126 4473/32/129 3345/32/54 3349/35/990
f 4473/32/129 4476/35/126 3350/35/46 3346/32/53
f 4481/32/1104 4482/35/1099 3207/35/1103 3205/32/1106
f 4482/35/1099 4481/32/1104 3206/32/1105 3208/35/1100
f 4482/35/1099 4483/141/1098 3201/141/1102 3207/35/1103
f 4483/141/1098 4482/35/1099 3208/35/1100 3202/141/1101
f 4483/141/1098 4484/140/1107 3203/140/1109 3201/141/1102
f 4484/140/1107 4483/141/1098 3202/141/1101 3204/140/1108
f 4484/140/1107 4481/32/1104 3205/32/1106 3203/140/1109
f 4481/32/1104 4484/140/1107 3204/140/1108 3206/32/1105
f 4679/488/1433 4680/489/1434 3439/489/848 3437/488/844
f 4680/489/1434 4679/488/1433 3438/488/1435 3440/489/1436
f 4680/489/1434 4681/259/1437 3433/259/850 3439/489/848
f 4681/259/1437 4680/489/1434 3440/489/1436 3434/259/1438
f 4681/259/1437 4682/258/1439 3435/258/845 3433/259/850
f 4682/258/1439 4681/259/1437 3434/259/1438 3436/258/1440
f 4682/258/1439 4679/488/1433 3437/488/844 3435/258/845
f 4679/488/1433 4682/258/1439 3436/258/1440 3438/488/1435
f 4712/8/121 4713/7/1462 3199/7/50 3197/8/45
f 4713/7/1462 4712/8/121 3198/8/1111 3200/7/1112
f 4713/7/1462 4714/35/1463 3193/35/53 3199/7/50
f 4714/35/1463 4713/7/1462 3200/7/1112 3194/35/1115
f 4714/35/1463 4715/32/126 3195/32/46 3193/35/53
f 4715/32/126 4714/35/1463 3194/35/1115 3196/32/1113
f 4715/32/126 4712/8/121 3197/8/45 3195/32/46
f 4712/8/121 4715/32/126 3196/32/1113 3198/8/1111
f 4847/511/702 4848/512/699 3191/512/124 3185/511/125
f 4848/512/699 4847/511/702 3186/511/91 3192/512/94
f 4848/512/699 4849/7/1114 3187/7/131 3191/512/124
f 4849/7/1114 4848/512/699 3192/512/94 3188/7/254
f 4849/7/1114 4850/8/1537 3189/8/1538 3187/7/131
f 4850/8/1537 4849/7/1114 3188/7/254 3190/8/90
f 4850/8/1537 4847/511/702 3185/511/125 3189/8/1538
f 4847/511/702 4850/8/1537 3190/8/90 3186/511/91
f 4901/529/1594 4902/530/1595 3151/530/1596 3157/529/1597
f 4902/530/1595 4901/529/1594 3158/529/1598 3152/530/1599
f 4902/530/1595 4903/531/1600 3153/531/1601 3151/530/1596
f 4903/531/1600 4902/530/1595 3152/530/1599 3154/531/1602
f 4903/531/1600 4904/532/1603 3129/532/1604 3153/531/1601
f 4904/532/1603 4903/531/1600 3154/531/1602 3130/532/1605
f 4904/532/1603 4905/533/485 3143/533/1606 3129/532/1604
f 4905/533/485 4904/532/1603 3130/532/1605 3144/533/1607
f 4905/533/485 4906/534/434 3141/534/34 3143/533/1606
f 4906/534/434 4905/533/485 3144/533/1607 3142/534/1608
f 4906/534/434 4907/535/1595 3149/535/1609 3141/534/34
f 4907/535/1595 4906/534/434 3142/534/1608 3150/535/1610
f 4907/535/1595 4908/536/1611 3145/536/1612 3149/535/1609
f 4908/536/1611 4907/535/1595 3150/535/1610 3146/536/1613
f 4908/536/1611 4909/537/1614 3147/537/1615 3145/536/1612
f 4909/537/1614 4908/536/1611 3146/536/1613 3148/537/1616
f 4909/537/1614 4910/538/875 3135/538/1617 3147/537/1615
f 4910/538/875 4909/537/1614 3148/537/1616 3136/538/1618
f 4910/538/875 4911/539/611 3131/539/1619 3135/538/1617
f 4911/539/611 4910/538/875 3136/538/1618 3132/539/1620
f 4911/539/611 4912/540/1621 3133/540/1622 3131/539/1619
f 4912/540/1621 4911/539/611 3132/539/1620 3134/540/1623
f 4912/540/1621 4913/541/338 3137/541/1624 3133/540/1622
f 4913/541/338 4912/540/1621 3134/540/1623 3138/541/1625
f 4913/541/338 4914/542/1626 3139/542/1627 3137/541/1624
f 4914/542/1626 4913/541/338 3138/541/1625 3140/542/1628
f 4914/542/1626 4915/543/732 3155/543/1629 3139/542/1627
f 4915/543/732 4914/542/1626 3140/542/1628 3156/543/1630
f 4915/543/732 4916/544/1631 3161/544/1632 3155/543/1629
f 4916/544/1631 4915/543/732 3156/543/1630 3162/544/1633
f 4916/544/1631 4917/545/1634 3159/545/1635 3161/544/1632
f 4917/545/1634 4916/544/1631 3162/544/1633 3160/545/1636
f 4917/545/1634 4918/546/305 3165/546/1637 3159/545/1635
f 4918/546/305 4917/545/1634 3160/545/1636 3166/546/1638
f 4918/546/305 4919/547/1639 3163/547/1014 3165/546/1637
f 4919/547/1639 4918/546/305 3166/546/1638 3164/547/1640
f 4919/547/1639 4920/548/28 3171/548/563 3163/547/1014
f 4920/548/28 4919/547/1639 3164/547/1640 3172/548/564
f 4920/548/28 4921/549/1641 3173/549/1195 3171/548/563
f 4921/549/1641 4920/548/28 3172/548/564 3174/549/1642
f 4921/549/1641 4922/550/1643 3183/550/1644 3173/549/1195
f 4922/550/1643 4921/549/1641 3174/549/1642 3184/550/1645
f 4922/550/1643 4923/551/425 3179/551/1646 3183/550/1644
f 4923/551/425 4922/550/1643 3184/550/1645 3180/551/1647
f 4923/551/425 4924/552/1033 3181/552/1648 3179/551/1646
f 4924/552/1033 4923/551/425 3180/551/1647 3182/552/1649
f 4924/552/1033 4925/553/25 3175/553/1650 3181/552/1648
f 4925/553/25 4924/552/1033 3182/552/1649 3176/553/697
f 4925/553/25 4926/554/1651 3177/554/1652 3175/553/1650
f 4926/554/1651 4925/553/25 3176/553/697 3178/554/1653
f 4926/554/1651 4927/555/1654 3167/555/1655 3177/554/1652
f 4927/555/1654 4926/554/1651 3178/554/1653 3168/555/1656
f 4927/555/1654 4928/556/1657 3169/556/1207 3167/555/1655
f 4928/556/1657 4927/555/1654 3168/555/1656 3170/556/1658
f 4928/556/1657 4901/529/1594 3157/529/1597 3169/556/1207
f 4901/529/1594 4928/556/1657 3170/556/1658 3158/529/1598
f 5025/565/1439 5026/40/1704 3447/40/1705 3441/565/845
f 5026/40/1704 5025/565/1439 3442/565/192 3448/40/1706
f 5026/40/1704 5027/41/1707 3443/41/1708 3447/40/1705
f 5027/41/1707 5026/40/1704 3448/40/1706 3444/41/1709
f 5027/41/1707 5028/566/1437 3445/566/850 3443/41/1708
f 5028/566/1437 5027/41/1707 3444/41/1709 3446/566/197
f 5028/566/1437 5025/565/1439 3441/565/845 3445/566/850
f 5025/565/1439 5028/566/1437 3446/566/197 3442/565/192
f 5141/46/1768 5142/511/1769 3239/511/45 3235/46/46
f 5142/511/1769 5141/46/1768 3236/46/1113 3240/511/1111
f 5142/511/1769 5143/512/1770 3237/512/255 3239/511/45
f 5143/512/1770 5142/511/1769 3240/511/1111 3238/512/700
f 5143/512/1770 5144/47/1771 3233/47/253 3237/512/255
f 5144/47/1771 5143/512/1770 3238/512/700 3234/47/701
f 5144/47/1771 5141/46/1768 3235/46/46 3233/47/253
f 5141/46/1768 5144/47/1771 3234/47/701 3236/46/1113
f 5185/34/113 5186/33/108 3273/33/1777 3275/34/1778
f 5186/33/108 5185/34/113 3276/34/1779 3274/33/1780
f 5186/33/108 5187/8/107 3277/8/1781 3273/33/1777
f 5187/8/107 5186/33/108 3274/33/1780 3278/8/1782
f 5187/8/107 5188/7/116 3279/7/1783 3277/8/1781
f 5188/7/116 5187/8/107 3278/8/1782 3280/7/1784
f 5188/7/116 5185/34/113 3275/34/1778 3279/7/1783
f 5185/34/113 5188/7/116 3280/7/1784 3276/34/1779
f 5189/8/129 5190/511/1770 3343/511/51 3339/8/302
f 5190/511/1770 5189/8/129 3340/8/1785 3344/511/50
f 5190/511/1770 5191/512/1786 3341/512/91 3343/511/51
f 5191/512/1786 5190/511/1770 3344/511/50 3342/512/1787
f 5191/512/1786 5192/7/126 3337/7/127 3341/512/91
f 5192/7/126 5191/512/1786 3342/512/1787 3338/7/1788
f 5192/7/126 5189/8/129 3339/8/302 3337/7/127
f 5189/8/129 5192/7/126 3338/7/1788 3340/8/1785
f 5193/583/1789 5194/584/1600 3301/584/1602 3283/583/1605
f 5194/584/1600 5193/583/1789 3284/583/1604 3302/584/1601
f 5194/584/1600 5195/585/1595 3299/585/1599 3301/584/1602
f 5195/585/1595 5194/584/1600 3302/584/1601 3300/585/1596
f 5195/585/1595 5196/586/1594 3309/586/1598 3299/585/1599
f 5196/586/1594 5195/585/1595 3300/585/1596 3310/586/1597
f 5196/586/1594 5197/587/1657 3321/587/1658 3309/586/1598
f 5197/587/1657 5196/586/1594 3310/586/1597 3322/587/1207
f 5197/587/1657 5198/588/1790 3319/588/1656 3321/587/1658
f 5198/588/1790 5197/587/1657 3322/587/1207 3320/588/1655
f 5198/588/1790 5199/589/1791 3329/589/1653 3319/588/1656
f 5199/589/1791 5198/588/1790 3320/588/1655 3330/589/1652
f 5199/589/1791 5200/590/1792 3327/590/1793 3329/589/1653
f 5200/590/1792 5199/589/1791 3330/589/1652 3328/590/1650
f 5200/590/1792 5201/591/1594 3335/591/1649 3327/590/1793
f 5201/591/1594 5200/590/1792 3328/590/1650 3336/591/1648
f 5201/591/1594 5202/592/425 3331/592/1647 3335/591/1649
f 5202/592/425 5201/591/1594 3336/591/1648 3332/592/1794
f 5202/592/425 5203/593/1795 3333/593/1645 3331/592/1647
f 5203/593/1795 5202/592/425 3332/592/1794 3334/593/1796
f 5203/593/1795 5204/594/1797 3325/594/1194 3333/593/1645
f 5204/594/1797 5203/593/1795 3334/593/1796 3326/594/1195
f 5204/594/1797 5205/595/28 3323/595/1798 3325/594/1194
f 5205/595/28 5204/594/1797 3326/594/1195 3324/595/563
f 5205/595/28 5206/596/1799 3315/596/1800 3323/595/1798
f 5206/596/1799 5205/595/28 3324/595/563 3316/596/1801
f 5206/596/1799 5207/597/1802 3317/597/1803 3315/596/1800
f 5207/597/1802 5206/596/1799 3316/596/1801 3318/597/1804
f 5207/597/1802 5208/598/1502 3311/598/1636 3317/597/1803
f 5208/598/1502 5207/597/1802 3318/597/1804 3312/598/1805
f 5208/598/1502 5209/599/1806 3313/599/1807 3311/598/1636
f 5209/599/1806 5208/598/1502 3312/598/1805 3314/599/1808
f 5209/599/1806 5210/600/732 3307/600/1809 3313/599/1807
f 5210/600/732 5209/599/1806 3314/599/1808 3308/600/1810
f 5210/600/732 5211/601/1626 3303/601/1628 3307/600/1809
f 5211/601/1626 5210/600/732 3308/600/1810 3304/601/1627
f 5211/601/1626 5212/602/1811 3305/602/1812 3303/601/1628
f 5212/602/1811 5211/601/1626 3304/601/1627 3306/602/1813
f 5212/602/1811 5213/603/1811 3287/603/1814 3305/602/1812
f 5213/603/1811 5212/602/1811 3306/602/1813 3288/603/1815
f 5213/603/1811 5214/604/30 3285/604/1816 3287/603/1814
f 5214/604/30 5213/603/1811 3288/603/1815 3286/604/1619
f 5214/604/30 5215/605/1817 3281/605/1818 3285/604/1816
f 5215/605/1817 5214/604/30 3286/604/1619 3282/605/1617
f 5215/605/1817 5216/606/1038 3297/606/1616 3281/605/1818
f 5216/606/1038 5215/605/1817 3282/605/1617 3298/606/1819
f 5216/606/1038 5217/607/1611 3293/607/1613 3297/606/1616
f 5217/607/1611 5216/606/1038 3298/606/1819 3294/607/1820
f 5217/607/1611 5218/608/1821 3295/608/1822 3293/607/1613
f 5218/608/1821 5217/607/1611 3294/607/1820 3296/608/1609
f 5218/608/1821 5219/609/434 3289/609/435 3295/608/1822
f 5219/609/434 5218/608/1821 3296/608/1609 3290/609/34
f 5219/609/434 5220/610/1823 3291/610/1824 3289/609/435
f 5220/610/1823 5219/609/434 3290/609/34 3292/610/1606
f 5220/610/1823 5193/583/1789 3283/583/1605 3291/610/1824
f 5193/583/1789 5220/610/1823 3292/610/1606 3284/583/1604
f 5221/511/49 5222/512/584 3391/512/48 3387/511/256
f 5222/512/584 5221/511/49 3388/511/299 3392/512/132
f 5222/512/584 5223/47/585 3389/47/47 3391/512/48
f 5223/47/585 5222/512/584 3392/512/132 3390/47/133
f 5223/47/585 5224/46/52 3385/46/254 3389/47/47
f 5224/46/52 5223/47/585 3390/47/133 3386/46/301
f 5224/46/52 5221/511/49 3387/511/256 3385/46/254
f 5221/511/49 5224/46/52 3386/46/301 3388/511/299
f 5243/46/44 5244/47/49 3231/47/1841 3229/46/1787
f 5244/47/49 5243/46/44 3230/46/122 3232/47/123
f 5244/47/49 5245/34/52 3225/34/1785 3231/47/1841
f 5245/34/52 5244/47/49 3232/47/123 3226/34/130
f 5245/34/52 5246/33/43 3227/33/1842 3225/34/1785
f 5246/33/43 5245/34/52 3226/34/130 3228/33/127
f 5246/33/43 5243/46/44 3229/46/1787 3227/33/1842
f 5243/46/44 5246/33/43 3228/33/127 3230/46/122
f 5267/349/22 5268/350/19 3393/350/1843 3395/349/1844
f 5268/350/19 5267/349/22 3396/349/1845 3394/350/1846
f 5268/350/19 5269/627/271 3397/627/381 3393/350/1843
f 5269/627/271 5268/350/19 3394/350/1846 3398/627/380
f 5269/627/271 5270/628/270 3399/628/557 3397/627/381
f 5270/628/270 5269/627/271 3398/627/380 3400/628/402
f 5270/628/270 5267/349/22 3395/349/1844 3399/628/557
f 5267/349/22 5270/628/270 3400/628/402 3396/349/1845
f 5271/628/22 5272/627/19 3415/627/1847 3411/628/1848
f 5272/627/19 5271/628/22 3412/628/1849 3416/627/1850
f 5272/627/19 5273/5/271 3413/5/1851 3415/627/1847
f 5273/5/271 5272/627/19 3416/627/1850 3414/5/1852
f 5273/5/271 5274/6/270 3409/6/1853 3413/5/1851
f 5274/6/270 5273/5/271 3414/5/1852 3410/6/1854
f 5274/6/270 5271/628/22 3411/628/1848 3409/6/1853
f 5271/628/22 5274/6/270 3410/6/1854 3412/628/1849
