# Blender 5.2.0 LTS
# www.blender.org
mtllib Untitled.mtl
o 125185797615634.001
v -1.519063 0.117800 0.000002
v -1.519063 0.136086 -0.013473
v -1.519063 0.127103 -0.022457
v -1.519063 0.149561 -0.019054
v -1.519063 0.130504 0.000002
v -1.519063 0.149561 -0.031759
v -1.519063 0.136086 0.013478
v -1.519063 0.163036 -0.013473
v -1.519063 0.127103 0.022461
v -1.519063 0.172020 -0.022457
v -1.519063 0.149561 0.031763
v -1.519063 0.181323 0.000002
v -1.519063 0.149561 0.019058
v -1.519063 0.168618 0.000002
v -1.519063 0.163036 0.013478
v -1.519063 0.172020 0.022461
v -1.519063 0.149561 0.031763
v -1.506280 0.149561 0.039704
v -1.519063 0.172020 0.022461
v -1.519063 0.127103 0.022461
v -1.506280 0.177635 0.028075
v -1.506280 0.121488 0.028075
v -1.506280 0.189263 0.000002
v -1.506280 0.109859 0.000002
v -1.519063 0.181323 0.000002
v -1.519063 0.117800 0.000002
v -1.519063 0.172020 -0.022457
v -1.519063 0.127103 -0.022457
v -1.506280 0.177635 -0.028071
v -1.506280 0.121488 -0.028071
v -1.506280 0.149561 -0.039699
v -1.519063 0.149561 -0.031759
v -1.466636 -0.047173 -0.019154
v -1.466637 0.121633 0.019154
v -1.466637 0.121633 -0.019154
v -1.466636 -0.047173 0.019154
v -1.329982 0.168618 0.000002
v -1.519063 0.163036 0.013478
v -1.519063 0.168618 0.000002
v -1.329982 0.163036 0.013478
v -1.519063 0.149561 0.019058
v -1.329982 0.163036 -0.013473
v -1.519063 0.163036 -0.013473
v -1.329982 0.149561 0.019059
v -1.519063 0.136086 0.013478
v -1.329982 0.136086 0.013478
v -1.519063 0.130504 0.000002
v -1.329982 0.130504 0.000002
v -1.519063 0.136086 -0.013473
v -1.329982 0.149561 -0.019054
v -1.519063 0.149561 -0.019054
v -1.329982 0.136086 -0.013473
v 1.363713 0.278111 0.068806
v 1.363713 0.210082 -0.068806
v 1.363713 0.278111 -0.068806
v 1.363713 0.210082 0.068806
v 1.264912 0.142052 -0.068806
v 1.264912 0.142052 0.068806
v -1.126064 0.235355 -0.017965
v -1.126064 0.227913 0.000002
v -1.126064 0.238076 0.000002
v -1.126064 0.235355 0.017969
v -1.126064 0.242542 -0.010778
v -1.126064 0.253322 -0.025407
v -1.126064 0.242542 0.010782
v -1.126064 0.253322 0.025411
v -1.126064 0.253322 -0.015243
v -1.126064 0.253322 0.015247
v -1.126064 0.264102 0.010782
v -1.126064 0.271289 0.017969
v -1.126064 0.268567 0.000002
v -1.126064 0.278731 0.000002
v -1.126064 0.264102 -0.010778
v -1.126064 0.271289 -0.017965
v -1.126064 0.253322 0.025411
v -1.115839 0.253322 0.031763
v -1.126064 0.271289 0.017969
v -1.126064 0.235355 0.017969
v -1.115839 0.275780 0.022461
v -1.115839 0.230863 0.022461
v -1.115839 0.285083 0.000002
v -1.115839 0.221560 0.000002
v -1.126064 0.278731 0.000002
v -1.126064 0.227913 0.000002
v -1.126064 0.271289 -0.017965
v -1.126064 0.235355 -0.017965
v -1.115839 0.275780 -0.022457
v -1.115839 0.230863 -0.022457
v -1.115839 0.253322 -0.031759
v -1.126064 0.253322 -0.025407
v -1.105046 0.350905 -0.010516
v -1.105046 0.306415 -0.011770
v -1.105046 0.306415 0.011770
v -1.105046 0.275340 0.017686
v -1.105046 0.275340 -0.017686
v -1.105046 0.350905 0.010516
v -1.105046 0.360250 0.008413
v -1.105046 0.360250 0.016826
v -1.105046 0.375634 0.016826
v -1.105046 0.375634 0.008413
v -1.105046 0.360250 -0.008413
v -1.105046 0.360250 -0.016826
v -1.105046 0.375634 -0.016826
v -1.105046 0.375634 -0.008413
v -1.086549 0.366598 -0.000597
v -1.088567 0.359977 -0.002210
v -1.088567 0.359977 0.002210
v -1.086549 0.366598 0.000597
v 1.346107 0.267979 -0.088566
v 1.363713 0.210082 -0.068806
v 1.346107 0.212459 -0.088566
v 1.363713 0.278111 -0.068806
v 1.264912 0.142052 -0.068806
v 1.254689 0.152184 -0.088566
v 1.264912 0.142052 0.068806
v 1.363713 0.210082 0.068806
v 1.346107 0.212459 0.088566
v 1.254689 0.152184 0.088566
v 1.346107 0.267979 0.088566
v 1.363713 0.278111 0.068806
v -0.930106 0.190734 0.000002
v -0.943228 0.172955 0.023396
v -0.930106 0.178675 0.029115
v -0.930106 0.149561 0.041174
v -0.943228 0.182646 0.000002
v -0.943228 0.149561 0.033086
v -0.943228 0.172955 -0.023392
v -0.943228 0.126167 0.023397
v -0.930106 0.178675 -0.029111
v -0.930106 0.120448 0.029115
v -0.930106 0.149561 -0.041170
v -0.930106 0.108389 0.000002
v -0.943228 0.149561 -0.033082
v -0.943228 0.116477 0.000002
v -0.943228 0.126167 -0.023392
v -0.930106 0.120448 -0.029111
v -0.830898 0.286260 0.000002
v -0.841395 0.272038 0.018718
v -0.830898 0.276612 0.023293
v -0.830898 0.253322 0.032940
v -0.841395 0.279790 0.000002
v -0.841395 0.253322 0.026470
v -0.841395 0.272038 -0.018714
v -0.841395 0.234607 0.018718
v -0.830898 0.276612 -0.023289
v -0.830898 0.230031 0.023293
v -0.830898 0.253322 -0.032936
v -0.830898 0.220384 0.000002
v -0.841395 0.253322 -0.026466
v -0.841395 0.226854 0.000002
v -0.841395 0.234607 -0.018714
v -0.830898 0.230031 -0.023289
v 0.759322 -0.348172 0.046039
v 0.531925 -0.401963 0.046039
v 0.759322 -0.348172 -0.046039
v 0.531925 -0.401963 -0.046039
v 0.759322 -0.348172 -0.046039
v 0.668784 0.030896 -0.046039
v 0.668784 0.030896 0.046039
v 0.759322 -0.348172 0.046039
v -0.818382 0.100534 -0.069192
v -0.754381 0.306801 0.069190
v -0.754381 0.306801 -0.069192
v -0.818382 0.100534 0.069190
v -0.792352 0.055118 -0.072886
v -0.792352 0.055118 0.072886
v -0.832353 0.108700 -0.072886
v -0.832353 0.108700 0.072886
v 1.029417 0.036672 -0.092598
v 0.878985 0.036672 0.092598
v 0.878985 0.036672 -0.092598
v 1.029417 0.036672 0.092598
v 0.822985 -0.017601 0.092598
v 1.214748 -0.122272 -0.092598
v 0.822985 -0.017601 -0.092598
v 0.714842 -0.017601 -0.092598
v 0.714842 -0.017601 0.092598
v 1.214748 -0.122272 0.092598
v 1.322748 -0.122272 -0.092598
v 1.322748 -0.122272 0.092598
v 1.354748 -0.146272 -0.092598
v 1.354748 -0.146272 0.092598
v 1.498748 -0.146272 -0.092598
v 1.498748 -0.146272 0.092598
v 1.530748 -0.098272 -0.092598
v 1.530748 -0.098272 0.092598
v 1.530748 0.131497 -0.092598
v 1.530748 0.131497 0.092598
v 1.530748 0.182163 -0.092598
v 1.530748 0.182163 0.092598
v 1.530748 0.232830 -0.092598
v 1.530748 0.232830 0.092598
v 1.530748 0.283497 -0.092598
v 1.530748 0.283497 0.092598
v -0.754381 0.306801 -0.069192
v -0.797075 0.115916 -0.085014
v -0.818382 0.100534 -0.069192
v -0.741235 0.297571 -0.085014
v -0.754381 0.306801 0.069190
v -0.818382 0.100534 0.069190
v -0.797075 0.115916 0.085014
v -0.741235 0.297571 0.085014
v 0.872404 0.050411 -0.117420
v 0.822985 -0.017601 -0.092598
v 0.822985 0.001848 -0.117420
v 0.727499 0.001699 -0.117420
v 0.714842 -0.017601 -0.092598
v 0.878985 0.036672 -0.092598
v 1.029417 0.036672 -0.092598
v 1.037909 0.050859 -0.117420
v 1.214748 -0.122272 -0.092598
v 1.223464 -0.107711 -0.117420
v 1.322748 -0.122272 -0.092598
v 1.322748 -0.107136 -0.117420
v 1.354748 -0.146272 -0.092598
v 1.354748 -0.130348 -0.117420
v 1.491521 -0.129863 -0.117420
v 1.498748 -0.146272 -0.092598
v 1.530748 -0.098272 -0.092598
v 1.520125 -0.085854 -0.117420
v 1.530748 0.131497 -0.092598
v 1.519330 0.131497 -0.117420
v 1.530748 0.182163 -0.092598
v 1.518805 0.182163 -0.117420
v 1.530748 0.232830 -0.092598
v 1.518505 0.232830 -0.117420
v 1.518408 0.268722 -0.117420
v 1.530748 0.283497 -0.092598
v 0.822985 -0.017601 0.092598
v 0.727499 0.001699 0.117420
v 0.714842 -0.017601 0.092598
v 0.822985 0.001848 0.117420
v 0.872404 0.050411 0.117420
v 0.878985 0.036672 0.092598
v 1.029417 0.036672 0.092598
v 1.037909 0.050859 0.117420
v 1.214748 -0.122272 0.092598
v 1.223464 -0.107711 0.117420
v 1.322748 -0.122272 0.092598
v 1.322748 -0.107136 0.117420
v 1.354748 -0.130348 0.117420
v 1.354748 -0.146272 0.092598
v 1.491521 -0.129863 0.117420
v 1.498748 -0.146272 0.092598
v 1.530748 -0.098272 0.092598
v 1.520125 -0.085854 0.117420
v 1.530748 0.131497 0.092598
v 1.519330 0.131497 0.117420
v 1.518805 0.182163 0.117420
v 1.530748 0.182163 0.092598
v 1.518505 0.232830 0.117420
v 1.530748 0.232830 0.092598
v 1.518408 0.268722 0.117420
v 1.530748 0.283497 0.092598
v -0.792352 0.055118 -0.072886
v -0.832353 0.108700 -0.072886
v -0.803494 0.094231 -0.086846
v -0.785133 0.069575 -0.086846
v -0.792352 0.055118 0.072886
v -0.803494 0.094231 0.086846
v -0.832353 0.108700 0.072886
v -0.785133 0.069575 0.086846
v 0.759322 -0.348172 -0.046039
v 0.531925 -0.401963 -0.046039
v 0.558098 -0.373736 -0.059781
v 0.729084 -0.333289 -0.059781
v 0.759322 -0.348172 0.046039
v 0.558098 -0.373736 0.059781
v 0.531925 -0.401963 0.046039
v 0.729084 -0.333289 0.059781
v -1.105217 0.198082 0.008414
v -1.041218 0.198082 -0.008414
v -1.105217 0.198082 -0.008414
v -1.173218 0.162082 0.008414
v -1.173218 0.162082 -0.008414
v -1.041218 0.198082 0.008414
v -0.964444 0.245956 -0.008414
v -0.964444 0.245956 0.008414
v -1.317734 0.052431 -0.019154
v -1.292918 0.064891 -0.019154
v -1.292918 0.064891 0.019154
v -1.317734 0.052431 0.019154
v -1.317734 -0.005647 -0.019154
v -1.317734 -0.005647 0.019154
v -1.268100 0.052431 0.019154
v -1.268100 0.052431 -0.019154
v -1.268100 -0.016151 -0.019154
v -1.268100 -0.016151 0.019154
v 0.729084 -0.333289 -0.059781
v 0.639003 0.030896 -0.059781
v 0.668784 0.030896 -0.046039
v 0.759322 -0.348172 -0.046039
v 0.729084 -0.333289 0.059781
v 0.668784 0.030896 0.046039
v 0.639003 0.030896 0.059781
v 0.759322 -0.348172 0.046039
v -1.466636 -0.047173 -0.019154
v -1.417003 -0.047173 -0.019154
v -1.417003 -0.047173 0.019154
v -1.466636 -0.047173 0.019154
v -1.067945 0.375634 -0.016826
v -1.105046 0.375634 -0.016826
v -1.105046 0.375634 -0.008413
v -1.067945 0.375634 -0.008413
v -1.105046 0.375634 0.016826
v -1.067945 0.375634 0.008413
v -1.105046 0.375634 0.008413
v -1.067945 0.375634 0.016826
v 0.063700 0.371862 -0.044230
v 0.068657 0.371862 -0.011390
v 0.068657 0.371862 -0.044230
v 0.063700 0.371862 -0.011390
v 0.063700 0.371862 0.011390
v 0.063700 0.371862 0.044230
v 0.068657 0.371862 0.011390
v 0.068657 0.371862 0.044230
v -1.085056 0.366598 -0.000597
v -1.086549 0.366598 -0.000597
v -1.086549 0.366598 0.000597
v -1.085056 0.366598 0.000597
v -1.268100 -0.016151 -0.019154
v -1.218466 -0.016151 -0.019154
v -1.218466 -0.016151 0.019154
v -1.268100 -0.016151 0.019154
v -1.067945 0.360250 -0.008413
v -1.105046 0.360250 -0.008413
v -1.105046 0.360250 0.008413
v -1.067945 0.360250 0.008413
v -0.083597 0.365658 -0.043233
v -0.097312 0.365658 -0.043233
v -0.083597 0.365658 -0.027512
v -0.116455 0.365658 -0.027512
v -0.116455 0.365658 -0.058954
v -0.097312 0.365658 -0.058954
v -0.051460 0.365658 -0.027512
v -0.051460 0.365658 -0.043233
v -0.047566 0.365658 -0.027512
v -0.047566 0.365658 -0.043233
v -0.013263 0.339558 -0.027512
v -0.013263 0.339558 -0.043233
v -0.116455 0.365658 0.058954
v -0.097312 0.365658 0.043233
v -0.116455 0.365658 0.027512
v -0.097312 0.365658 0.058954
v -0.083597 0.365658 0.027512
v -0.083597 0.365658 0.043233
v -0.051460 0.365658 0.043233
v -0.051460 0.365658 0.027512
v -0.047566 0.365658 0.043233
v -0.047566 0.365658 0.027512
v -0.013263 0.339558 0.043233
v -0.013263 0.339558 0.027512
v -0.124122 0.359422 -0.027644
v 0.050804 0.359422 -0.011390
v 0.050804 0.359422 -0.027644
v 0.050804 0.359422 0.011390
v -0.124122 0.359422 0.027644
v 0.050804 0.359422 0.027644
v 0.068657 0.359422 0.011390
v 0.068657 0.359422 -0.011390
v 0.188759 -0.078465 -0.072886
v 0.330766 0.001535 -0.072886
v 0.188759 -0.078465 0.072886
v 0.330766 0.001535 0.072886
v 0.718984 0.001535 0.072886
v 0.718984 0.001535 -0.072886
v -0.135670 -0.078465 0.072886
v -0.135670 -0.078465 -0.072886
v -0.230093 0.001535 0.072886
v -0.230093 0.001535 -0.072886
v -0.473459 0.001535 0.072886
v -0.473459 0.001535 -0.072886
v -0.513460 0.055118 -0.072886
v -0.513460 0.055118 0.072886
v -0.792352 0.055118 0.072886
v -0.792352 0.055118 -0.072886
v 0.027240 0.364710 -0.056271
v 0.037603 0.369002 -0.027789
v 0.037603 0.369002 -0.056271
v 0.047964 0.364710 -0.027789
v 0.027240 0.364710 -0.027789
v 0.047964 0.364710 -0.056271
v 0.022948 0.354348 -0.056271
v 0.052257 0.354348 -0.027789
v 0.022948 0.354348 -0.027789
v 0.027240 0.339232 -0.056271
v 0.027240 0.339232 -0.027789
v 0.052257 0.354348 -0.056271
v 0.047964 0.339232 -0.027789
v 0.047964 0.339232 -0.056271
v 0.037603 0.369002 0.027789
v 0.047964 0.364710 0.056271
v 0.047964 0.364710 0.027789
v 0.052257 0.354348 0.056271
v 0.037603 0.369002 0.056271
v 0.052257 0.354348 0.027789
v 0.047964 0.339232 0.056271
v 0.047964 0.339232 0.027789
v 0.027240 0.364710 0.027789
v 0.027240 0.364710 0.056271
v 0.022948 0.354348 0.027789
v 0.022948 0.354348 0.056271
v 0.027240 0.339232 0.027789
v 0.027240 0.339232 0.056271
v -1.367368 -0.005647 -0.019154
v -1.317734 -0.005647 -0.019154
v -1.317734 -0.005647 0.019154
v -1.367368 -0.005647 0.019154
v -1.041218 0.198082 -0.008414
v -0.962964 0.238789 -0.012000
v -1.039437 0.190915 -0.012000
v -0.964444 0.245956 -0.008414
v -1.103438 0.190915 -0.012000
v -1.105217 0.198082 -0.008414
v -1.144363 0.169249 -0.012000
v -1.173218 0.162082 -0.008414
v 0.718984 0.015928 -0.086846
v 0.330766 0.001535 -0.072886
v 0.326970 0.016005 -0.086846
v 0.718984 0.001535 -0.072886
v 0.184963 -0.063995 -0.086846
v 0.188759 -0.078465 -0.072886
v -0.129593 -0.063995 -0.086846
v -0.135670 -0.078465 -0.072886
v -0.230093 0.001535 -0.072886
v -0.224016 0.016005 -0.086846
v -0.466205 0.016005 -0.086846
v -0.473459 0.001535 -0.072886
v -0.513460 0.055118 -0.072886
v -0.506240 0.069575 -0.086846
v -0.785133 0.069575 -0.086846
v -0.792352 0.055118 -0.072886
v -0.964444 0.245956 0.008414
v -1.041218 0.198082 0.008414
v -0.962964 0.238789 0.012000
v -1.039437 0.190915 0.012000
v -1.103438 0.190915 0.012000
v -1.105217 0.198082 0.008414
v -1.144363 0.169249 0.012000
v -1.173218 0.162082 0.008414
v 0.330766 0.001535 0.072886
v 0.718984 0.001535 0.072886
v 0.718984 0.015928 0.086846
v 0.326970 0.016005 0.086846
v 0.184963 -0.063995 0.086846
v 0.188759 -0.078465 0.072886
v -0.129593 -0.063995 0.086846
v -0.135670 -0.078465 0.072886
v -0.230093 0.001535 0.072886
v -0.224016 0.016005 0.086846
v -0.466205 0.016005 0.086846
v -0.473459 0.001535 0.072886
v -0.513460 0.055118 0.072886
v -0.506240 0.069575 0.086846
v -0.785133 0.069575 0.086846
v -0.792352 0.055118 0.072886
v 0.020158 0.349078 -0.027512
v 0.059132 0.349078 -0.027512
v 0.020158 0.349078 -0.043233
v 0.059132 0.349078 -0.043233
v 0.020158 0.349078 0.043233
v 0.059132 0.349078 0.043233
v 0.020158 0.349078 0.027512
v 0.059132 0.349078 0.027512
v -0.063008 0.339558 -0.043233
v 0.048926 0.339558 -0.058954
v -0.063008 0.339558 -0.058954
v -0.063008 0.339558 -0.027512
v 0.064199 0.339558 -0.043233
v -0.125887 0.339558 0.027512
v -0.125887 0.339558 -0.027512
v -0.063008 0.339558 0.027512
v 0.064199 0.339558 0.043233
v 0.048926 0.339558 0.058954
v -0.063008 0.339558 0.043233
v -0.063008 0.339558 0.058954
v 0.769053 0.248234 -0.085014
v 0.722653 0.300062 -0.085014
v 0.731708 0.315444 -0.069191
v 0.784435 0.252217 -0.069191
v 0.769053 0.163916 -0.085014
v 0.784435 0.148534 -0.069191
v -0.209248 0.315444 -0.069192
v -0.215374 0.300062 -0.085014
v -0.257228 0.325523 -0.085014
v -0.251103 0.340906 -0.069192
v -0.472476 0.325523 -0.085014
v -0.483583 0.340906 -0.069192
v -0.499583 0.306801 -0.069192
v -0.486436 0.297571 -0.085014
v -0.741235 0.297571 -0.085014
v -0.754381 0.306801 -0.069192
v 0.731708 0.315444 0.069191
v 0.769053 0.248234 0.085014
v 0.784435 0.252217 0.069191
v 0.769053 0.163916 0.085014
v 0.784435 0.148534 0.069191
v 0.722653 0.300062 0.085014
v -0.209248 0.315444 0.069190
v -0.215374 0.300062 0.085014
v -0.257228 0.325523 0.085014
v -0.251103 0.340907 0.069190
v -0.472478 0.325523 0.085014
v -0.483583 0.340907 0.069190
v -0.499583 0.306801 0.069190
v -0.486436 0.297571 0.085014
v -0.741235 0.297571 0.085014
v -0.754381 0.306801 0.069190
v 0.784435 0.148534 -0.069191
v 0.784435 0.252217 -0.069191
v 0.784435 0.252217 0.069191
v 0.784435 0.148534 0.069191
v 0.731708 0.315444 -0.069191
v 0.731708 0.315444 0.069191
v -0.209248 0.315444 0.069190
v -0.209248 0.315444 -0.069192
v -0.251103 0.340906 -0.069192
v -0.251103 0.340907 0.069190
v -0.483583 0.340906 -0.069192
v -0.483583 0.340907 0.069190
v -0.499583 0.306801 0.069190
v -0.499583 0.306801 -0.069192
v -0.754381 0.306801 -0.069192
v -0.754381 0.306801 0.069190
v 0.068657 0.349083 0.044230
v 0.068657 0.359422 -0.011390
v 0.068657 0.359422 0.011390
v 0.068657 0.371862 0.044230
v 0.068657 0.371862 0.011390
v 0.068657 0.349083 -0.044230
v 0.068657 0.371862 -0.044230
v 0.068657 0.371862 -0.011390
v -0.097312 0.365658 -0.058954
v -0.063008 0.339558 -0.043233
v -0.063008 0.339558 -0.058954
v -0.097312 0.365658 -0.043233
v -0.097312 0.365658 0.043233
v -0.063008 0.339558 0.058954
v -0.063008 0.339558 0.043233
v -0.097312 0.365658 0.058954
v 0.059132 0.338945 0.027512
v 0.059132 0.349078 0.027512
v 0.059132 0.349078 0.043233
v 0.059132 0.338945 0.043233
v 0.059132 0.338945 -0.043233
v 0.059132 0.349078 -0.043233
v 0.059132 0.349078 -0.027512
v 0.059132 0.338945 -0.027512
v 0.822985 0.001848 -0.117420
v 0.822985 0.165184 -0.117420
v 0.855103 0.126537 -0.117420
v 0.727499 0.164987 -0.117420
v 0.727499 0.001699 -0.117420
v 0.872404 0.050411 -0.117420
v 1.037909 0.050859 -0.117420
v 1.059448 0.126839 -0.117420
v 1.244792 -0.032084 -0.117420
v 1.223464 -0.107711 -0.117420
v 1.322748 -0.107136 -0.117420
v 1.322748 -0.032329 -0.117420
v 1.354748 -0.032744 -0.117420
v 1.354748 -0.130348 -0.117420
v 1.426634 -0.033359 -0.117420
v 1.491521 -0.129863 -0.117420
v 1.520125 -0.085854 -0.117420
v 1.437109 0.004436 -0.117420
v 1.519330 0.131497 -0.117420
v 1.438089 0.131497 -0.117420
v 1.518805 0.182163 -0.117420
v 1.391329 0.182163 -0.117420
v 1.391730 0.232830 -0.117420
v 1.518505 0.232830 -0.117420
v 1.443221 0.268722 -0.117420
v 1.518408 0.268722 -0.117420
v 0.822985 0.001848 0.117420
v 0.855103 0.126537 0.117420
v 0.822985 0.165184 0.117420
v 0.727499 0.164987 0.117420
v 0.727499 0.001699 0.117420
v 0.872404 0.050411 0.117420
v 1.037909 0.050859 0.117420
v 1.059448 0.126839 0.117420
v 1.244792 -0.032084 0.117420
v 1.223464 -0.107711 0.117420
v 1.322748 -0.107136 0.117420
v 1.322748 -0.032329 0.117420
v 1.354748 -0.032744 0.117420
v 1.354748 -0.130348 0.117420
v 1.426634 -0.033359 0.117420
v 1.491521 -0.129863 0.117420
v 1.520125 -0.085854 0.117420
v 1.437109 0.004436 0.117420
v 1.519330 0.131497 0.117420
v 1.438089 0.131497 0.117420
v 1.518805 0.182163 0.117420
v 1.391329 0.182163 0.117420
v 1.391730 0.232830 0.117420
v 1.518505 0.232830 0.117420
v 1.443221 0.268722 0.117420
v 1.518408 0.268722 0.117420
v 0.011202 0.241150 0.071897
v 0.011202 0.282523 0.071897
v 0.003300 0.290082 0.085014
v 0.003300 0.233591 0.085014
v 0.013838 0.244148 0.058663
v 0.013838 0.279524 0.058663
v 0.011202 0.282523 0.071897
v 0.011202 0.241150 0.071897
v 0.206672 0.233591 0.085014
v 0.011202 0.241150 0.071897
v 0.003300 0.233591 0.085014
v 0.546731 0.241150 0.071897
v 0.554631 0.233591 0.085014
v 0.856936 0.267979 -0.088566
v 0.856936 0.152184 -0.088566
v 0.806423 0.210082 -0.088566
v 1.254689 0.152184 -0.088566
v 1.346107 0.267979 -0.088566
v 1.346107 0.212459 -0.088566
v -0.224016 0.016005 -0.086846
v -0.141749 0.014231 -0.086846
v -0.129593 -0.063995 -0.086846
v 0.192554 0.014231 -0.086846
v -0.236172 0.094231 -0.086846
v 0.184963 -0.063995 -0.086846
v -0.466205 0.016005 -0.086846
v 0.326970 0.016005 -0.086846
v -0.506240 0.069575 -0.086846
v -0.803494 0.094231 -0.086846
v -0.785133 0.069575 -0.086846
v 0.334561 0.094231 -0.086846
v 0.443392 0.094231 -0.086846
v 0.718984 0.015928 -0.086846
v 0.496984 0.140159 -0.086846
v 0.718984 0.140235 -0.086846
v 1.346107 0.267979 0.088566
v 1.254689 0.152184 0.088566
v 1.346107 0.212459 0.088566
v 0.856936 0.267979 0.088566
v 0.856936 0.152184 0.088566
v 0.806423 0.210082 0.088566
v -0.459303 0.115916 -0.085014
v -0.486436 0.297571 -0.085014
v -0.385726 0.227916 -0.085014
v -0.542276 0.115916 -0.085014
v -0.741235 0.297571 -0.085014
v -0.797075 0.115916 -0.085014
v -0.472476 0.325523 -0.085014
v -0.257228 0.325523 -0.085014
v -0.215374 0.300062 -0.085014
v 0.238768 0.227916 -0.085014
v 0.722653 0.300062 -0.085014
v 0.498745 0.163916 -0.085014
v 0.336761 0.117988 -0.085014
v 0.445153 0.117988 -0.085014
v 0.769053 0.163916 -0.085014
v 0.769053 0.248234 -0.085014
v -0.506240 0.069575 0.086846
v -0.803494 0.094231 0.086846
v -0.785133 0.069575 0.086846
v -0.236172 0.094231 0.086846
v -0.466205 0.016005 0.086846
v -0.224016 0.016005 0.086846
v -0.141749 0.014231 0.086846
v -0.129593 -0.063995 0.086846
v 0.192554 0.014231 0.086846
v 0.184963 -0.063995 0.086846
v 0.326970 0.016005 0.086846
v 0.334561 0.094231 0.086846
v 0.443392 0.094231 0.086846
v 0.718984 0.015928 0.086846
v 0.496984 0.140159 0.086846
v 0.718984 0.140235 0.086846
v -0.459303 0.115916 0.085014
v -0.486436 0.297571 0.085014
v -0.542276 0.115916 0.085014
v -0.741235 0.297571 0.085014
v -0.797075 0.115916 0.085014
v -0.385726 0.227916 0.085014
v -0.472478 0.325523 0.085014
v -0.257228 0.325523 0.085014
v -0.215374 0.300062 0.085014
v 0.003300 0.233591 0.085014
v 0.003300 0.290082 0.085014
v 0.238768 0.227916 0.085014
v 0.206672 0.233591 0.085014
v 0.722653 0.300062 0.085014
v 0.554631 0.290082 0.085014
v 0.554631 0.233591 0.085014
v 0.498745 0.163916 0.085014
v 0.336761 0.117988 0.085014
v 0.445153 0.117988 0.085014
v 0.769053 0.163916 0.085014
v 0.769053 0.248234 0.085014
v 0.544093 0.244148 0.058663
v 0.011202 0.241150 0.071897
v 0.546731 0.241150 0.071897
v 0.013838 0.244148 0.058663
v -1.028168 0.230863 0.022461
v -1.115839 0.230863 0.022461
v -1.028168 0.221560 0.000002
v -1.115839 0.221560 0.000002
v -1.115839 0.253322 0.031763
v -1.028168 0.230863 -0.022457
v -1.028168 0.253322 0.031763
v -1.115839 0.230863 -0.022457
v -1.115839 0.275780 0.022461
v -1.028168 0.253322 -0.031759
v -1.028168 0.275780 0.022461
v -1.115839 0.253322 -0.031759
v -1.115839 0.285083 0.000002
v -1.028168 0.275780 -0.022457
v -1.028168 0.285083 0.000002
v -1.115839 0.275780 -0.022457
v -0.097312 0.365658 0.058954
v -0.125887 0.339558 0.058954
v -0.063008 0.339558 0.058954
v -0.116455 0.365658 0.058954
v -0.125887 0.302712 0.058954
v 0.048926 0.302712 0.058954
v 0.048926 0.339558 0.058954
v 0.064199 0.302712 0.043233
v 0.064199 0.339558 0.043233
v 0.064199 0.339558 -0.043233
v 0.064199 0.302712 -0.043233
v 0.048926 0.302712 -0.058954
v 0.048926 0.339558 -0.058954
v 0.232980 0.212534 -0.069192
v 0.336761 0.117988 -0.085014
v 0.330972 0.102606 -0.069192
v 0.450843 0.102606 -0.069191
v 0.238768 0.227916 -0.085014
v 0.445153 0.117988 -0.085014
v -0.378537 0.212534 -0.069192
v 0.504434 0.148534 -0.069191
v -0.385726 0.227916 -0.085014
v 0.498745 0.163916 -0.085014
v 0.769053 0.163916 -0.085014
v 0.784435 0.148534 -0.069191
v -0.459303 0.115916 -0.085014
v -0.452115 0.100534 -0.069192
v -0.542276 0.115916 -0.085014
v -0.563583 0.100534 -0.069192
v -0.797075 0.115916 -0.085014
v -0.818382 0.100534 -0.069192
v -0.116455 0.365658 -0.058954
v -0.125887 0.339558 -0.058954
v -0.116455 0.365658 -0.027512
v -0.125887 0.339558 -0.027512
v -0.125887 0.302712 -0.058954
v -0.125887 0.302712 0.058954
v -0.125887 0.339558 0.027512
v -0.125887 0.339558 0.058954
v -0.116455 0.365658 0.058954
v -0.116455 0.365658 0.027512
v 0.048926 0.302712 -0.058954
v -0.125887 0.302712 -0.058954
v -0.063008 0.339558 -0.058954
v 0.048926 0.339558 -0.058954
v -0.125887 0.339558 -0.058954
v -0.097312 0.365658 -0.058954
v -0.116455 0.365658 -0.058954
v 0.568093 -0.331504 -0.059781
v 0.558098 -0.373736 -0.059781
v 0.551426 -0.358501 -0.059781
v 0.729084 -0.333289 -0.059781
v 0.639003 0.030896 -0.059781
v 0.484403 0.030896 -0.059781
v 0.450843 0.102606 0.069191
v 0.336761 0.117988 0.085014
v 0.330972 0.102606 0.069190
v 0.232980 0.212534 0.069190
v 0.445153 0.117988 0.085014
v 0.238768 0.227916 0.085014
v 0.504434 0.148534 0.069191
v -0.378537 0.212534 0.069190
v 0.498745 0.163916 0.085014
v 0.769053 0.163916 0.085014
v 0.784435 0.148534 0.069191
v -0.385726 0.227916 0.085014
v -0.459303 0.115916 0.085014
v -0.452115 0.100534 0.069190
v -0.542276 0.115916 0.085014
v -0.563583 0.100534 0.069190
v -0.797075 0.115916 0.085014
v -0.818382 0.100534 0.069190
v 0.052257 0.354348 -0.056271
v 0.037603 0.369002 -0.056271
v 0.047964 0.364710 -0.056271
v 0.022948 0.354348 -0.056271
v 0.027240 0.364710 -0.056271
v 0.037603 0.339232 -0.056271
v 0.047964 0.339232 -0.056271
v 0.027240 0.339232 -0.056271
v 0.729084 -0.333289 0.059781
v 0.568093 -0.331504 0.059781
v 0.558098 -0.373736 0.059781
v 0.551426 -0.358501 0.059781
v 0.639003 0.030896 0.059781
v 0.484403 0.030896 0.059781
v 0.544093 0.279524 0.058663
v 0.013838 0.244148 0.058663
v 0.544093 0.244148 0.058663
v 0.013838 0.279524 0.058663
v 0.022948 0.354348 0.056271
v 0.052257 0.354348 0.056271
v 0.037603 0.369002 0.056271
v 0.047964 0.364710 0.056271
v 0.027240 0.364710 0.056271
v 0.037603 0.339232 0.056271
v 0.027240 0.339232 0.056271
v 0.047964 0.339232 0.056271
v -1.083040 0.359977 -0.002210
v -1.086549 0.366598 -0.000597
v -1.085056 0.366598 -0.000597
v -1.088567 0.359977 -0.002210
v 0.068657 0.371862 -0.044230
v 0.068657 0.349083 -0.044230
v 0.063700 0.371862 -0.044230
v 0.050804 0.359422 -0.044230
v 0.050804 0.349083 -0.044230
v -0.124122 0.349083 -0.027644
v -0.124122 0.349083 0.027644
v -0.124122 0.359422 -0.027644
v -0.124122 0.359422 0.027644
v -0.083597 0.365658 -0.043233
v -0.063008 0.339558 -0.043233
v -0.097312 0.365658 -0.043233
v -0.051460 0.365658 -0.043233
v -0.047566 0.365658 -0.043233
v -0.013263 0.339558 -0.043233
v 0.010948 0.338945 0.043233
v 0.020158 0.349078 0.027512
v 0.010948 0.338945 0.027512
v 0.020158 0.349078 0.043233
v 0.010948 0.338945 -0.027512
v 0.020158 0.349078 -0.043233
v 0.010948 0.338945 -0.043233
v 0.020158 0.349078 -0.027512
v 0.059132 0.338945 -0.043233
v 0.020158 0.349078 -0.043233
v 0.059132 0.349078 -0.043233
v 0.010948 0.338945 -0.043233
v -1.088567 0.359977 0.002210
v -1.085056 0.366598 0.000597
v -1.086549 0.366598 0.000597
v -1.083040 0.359977 0.002210
v 0.050804 0.359422 0.027644
v 0.063700 0.371862 0.011390
v 0.050804 0.359422 0.011390
v 0.063700 0.371862 0.044230
v 0.050804 0.359422 0.044230
v 0.063700 0.371862 -0.044230
v 0.050804 0.359422 -0.027644
v 0.063700 0.371862 -0.011390
v 0.050804 0.359422 -0.011390
v 0.050804 0.359422 -0.044230
v 0.068657 0.349083 0.044230
v 0.050804 0.359422 0.044230
v 0.050804 0.349083 0.044230
v 0.063700 0.371862 0.044230
v 0.068657 0.371862 0.044230
v -0.097312 0.365658 0.043233
v -0.063008 0.339558 0.043233
v -0.083597 0.365658 0.043233
v -0.051460 0.365658 0.043233
v -0.047566 0.365658 0.043233
v -0.013263 0.339558 0.043233
v 0.010948 0.338945 0.043233
v 0.059132 0.338945 0.043233
v 0.020158 0.349078 0.043233
v 0.059132 0.349078 0.043233
v 0.050804 0.349083 -0.027644
v -0.124122 0.359422 -0.027644
v 0.050804 0.359422 -0.027644
v -0.124122 0.349083 -0.027644
v -0.124122 0.349083 0.027644
v 0.050804 0.349083 0.027644
v 0.050804 0.359422 0.027644
v -0.124122 0.359422 0.027644
v -1.053718 0.306415 -0.011770
v -1.105046 0.275340 -0.017686
v -1.105046 0.306415 -0.011770
v -1.038631 0.275340 -0.017686
v -1.067945 0.350905 -0.010516
v -1.105046 0.350905 -0.010516
v -1.105046 0.360250 -0.016826
v -1.067945 0.360250 -0.016826
v -1.105046 0.375634 -0.016826
v -1.067945 0.375634 -0.016826
v -1.268100 0.052431 -0.019154
v -1.218466 -0.016151 -0.019154
v -1.268100 -0.016151 -0.019154
v -1.218466 0.121633 -0.019154
v -1.292918 0.064891 -0.019154
v -1.392185 0.064891 -0.019154
v -1.466637 0.121633 -0.019154
v -1.367368 0.052431 -0.019154
v -1.417003 0.052431 -0.019154
v -1.466636 -0.047173 -0.019154
v -1.417003 -0.047173 -0.019154
v -1.317734 0.052431 -0.019154
v -1.367368 -0.005647 -0.019154
v -1.317734 -0.005647 -0.019154
v -1.053718 0.306415 0.011770
v -1.105046 0.275340 0.017686
v -1.038631 0.275340 0.017686
v -1.105046 0.306415 0.011770
v -1.067945 0.350905 0.010516
v -1.105046 0.350905 0.010516
v -1.067945 0.360250 0.016826
v -1.105046 0.360250 0.016826
v -1.067945 0.375634 0.016826
v -1.105046 0.375634 0.016826
v -1.268100 0.052431 0.019154
v -1.218466 -0.016151 0.019154
v -1.218466 0.121633 0.019154
v -1.268100 -0.016151 0.019154
v -1.292918 0.064891 0.019154
v -1.392185 0.064891 0.019154
v -1.466637 0.121633 0.019154
v -1.367368 0.052431 0.019154
v -1.417003 0.052431 0.019154
v -1.466636 -0.047173 0.019154
v -1.417003 -0.047173 0.019154
v -1.317734 0.052431 0.019154
v -1.317734 -0.005647 0.019154
v -1.367368 -0.005647 0.019154
v 0.784435 0.148534 -0.069191
v 0.504434 0.148534 0.069191
v 0.504434 0.148534 -0.069191
v 0.784435 0.148534 0.069191
v 0.450843 0.102606 -0.069191
v 0.450843 0.102606 0.069191
v 0.330972 0.102606 0.069190
v 0.330972 0.102606 -0.069192
v 0.232980 0.212534 -0.069192
v 0.232980 0.212534 0.069190
v -0.378537 0.212534 0.069190
v -0.378537 0.212534 -0.069192
v -0.452115 0.100534 0.069190
v -0.452115 0.100534 -0.069192
v -0.563583 0.100534 0.069190
v -0.563583 0.100534 -0.069192
v -0.818382 0.100534 0.069190
v -0.818382 0.100534 -0.069192
v -1.103438 0.190915 -0.012000
v -1.006998 0.169249 -0.012000
v -1.144363 0.169249 -0.012000
v -1.039437 0.190915 -0.012000
v -0.962964 0.238789 -0.012000
v -0.901979 0.238789 -0.012000
v -1.006998 0.169249 0.012000
v -0.901979 0.238789 0.012000
v -0.962964 0.238789 0.012000
v -1.039437 0.190915 0.012000
v -1.103438 0.190915 0.012000
v -1.144363 0.169249 0.012000
v 0.844455 0.278111 -0.068806
v 1.363713 0.278111 -0.068806
v 1.346107 0.267979 -0.088566
v 0.856936 0.267979 -0.088566
v 0.806423 0.210082 -0.088566
v 0.787628 0.210082 -0.068806
v 0.844455 0.278111 0.068806
v 1.346107 0.267979 0.088566
v 1.363713 0.278111 0.068806
v 0.856936 0.267979 0.088566
v 0.806423 0.210082 0.088566
v 0.787628 0.210082 0.068806
v 0.718984 0.154628 -0.072886
v 0.496984 0.140159 -0.086846
v 0.491632 0.154628 -0.072886
v 0.718984 0.140235 -0.086846
v 0.438041 0.108700 -0.072886
v 0.443392 0.094231 -0.086846
v 0.334561 0.094231 -0.086846
v 0.330766 0.108700 -0.072886
v 0.188759 0.028700 -0.072886
v 0.192554 0.014231 -0.086846
v -0.135670 0.028700 -0.072886
v -0.141749 0.014231 -0.086846
v -0.236172 0.094231 -0.086846
v -0.230093 0.108700 -0.072886
v -0.803494 0.094231 -0.086846
v -0.832353 0.108700 -0.072886
v -0.716379 0.230031 -0.023289
v -0.830898 0.220384 0.000002
v -0.830898 0.230031 -0.023289
v -0.716379 0.220384 0.000002
v -0.716379 0.253322 -0.032936
v -0.830898 0.230031 0.023293
v -0.830898 0.253322 -0.032936
v -0.716379 0.230031 0.023293
v -0.716379 0.276612 -0.023289
v -0.830898 0.253322 0.032940
v -0.830898 0.276612 -0.023289
v -0.716379 0.253322 0.032940
v -0.716379 0.286260 0.000002
v -0.830898 0.276612 0.023293
v -0.830898 0.286260 0.000002
v -0.716379 0.276612 0.023293
v 0.496984 0.140159 0.086846
v 0.718984 0.140235 0.086846
v 0.718984 0.154628 0.072886
v 0.491632 0.154628 0.072886
v 0.438041 0.108700 0.072886
v 0.443392 0.094231 0.086846
v 0.334561 0.094231 0.086846
v 0.330766 0.108700 0.072886
v 0.188759 0.028700 0.072886
v 0.192554 0.014231 0.086846
v -0.135670 0.028700 0.072886
v -0.141749 0.014231 0.086846
v -0.236172 0.094231 0.086846
v -0.230093 0.108700 0.072886
v -0.803494 0.094231 0.086846
v -0.832353 0.108700 0.072886
v -1.105046 0.375634 0.008413
v -1.067945 0.375634 0.008413
v -1.067945 0.360250 0.008413
v -1.105046 0.360250 0.008413
v 0.068657 0.359422 0.011390
v 0.063700 0.371862 0.011390
v 0.068657 0.371862 0.011390
v 0.050804 0.359422 0.011390
v -0.716379 0.120448 -0.029111
v -0.930106 0.108389 0.000002
v -0.930106 0.120448 -0.029111
v -0.716379 0.108389 0.000002
v -0.716379 0.149561 -0.041170
v -0.930106 0.120448 0.029115
v -0.930106 0.149561 -0.041170
v -0.716379 0.120448 0.029115
v -0.716379 0.178675 -0.029111
v -0.930106 0.149561 0.041174
v -0.930106 0.178675 -0.029111
v -0.716379 0.149561 0.041174
v -0.716379 0.190734 0.000002
v -0.930106 0.178675 0.029115
v -0.930106 0.190734 0.000002
v -0.716379 0.178675 0.029115
v -1.105046 0.360250 -0.008413
v -1.067945 0.360250 -0.008413
v -1.067945 0.375634 -0.008413
v -1.105046 0.375634 -0.008413
v 0.063700 0.371862 -0.011390
v 0.050804 0.359422 -0.011390
v 0.068657 0.359422 -0.011390
v 0.068657 0.371862 -0.011390
v -1.186693 0.121488 0.028075
v -1.506280 0.121488 0.028075
v -1.186693 0.109859 0.000002
v -1.506280 0.109859 0.000002
v -1.506280 0.149561 0.039704
v -1.186693 0.121488 -0.028071
v -1.186693 0.149561 0.039704
v -1.506280 0.121488 -0.028071
v -1.506280 0.177635 0.028075
v -1.186693 0.149561 -0.039699
v -1.186693 0.177635 0.028075
v -1.506280 0.149561 -0.039699
v -1.506280 0.189263 0.000002
v -1.186693 0.177635 -0.028071
v -1.186693 0.189263 0.000002
v -1.506280 0.177635 -0.028071
v -0.943228 0.126167 -0.023392
v -1.173909 0.116477 0.000002
v -1.173909 0.126167 -0.023392
v -0.943228 0.116477 0.000002
v -0.943228 0.149561 -0.033082
v -1.173909 0.126167 0.023397
v -1.173909 0.149561 -0.033082
v -0.943228 0.126167 0.023397
v -0.943228 0.172955 -0.023392
v -1.173909 0.149561 0.033086
v -1.173909 0.172955 -0.023392
v -0.943228 0.149561 0.033086
v -0.943228 0.182646 0.000002
v -1.173909 0.172955 0.023396
v -1.173909 0.182646 0.000002
v -0.943228 0.172955 0.023396
v 1.248581 0.176141 0.033941
v 1.430021 0.176141 0.033941
v 1.430021 0.210082 0.048000
v 1.248581 0.162082 -0.000000
v 1.248581 0.210082 0.048000
v 1.430021 0.162082 -0.000000
v 1.430021 0.244023 0.033941
v 1.248581 0.176141 -0.033941
v 1.248581 0.244023 0.033941
v 1.430021 0.176141 -0.033941
v 1.430021 0.258082 -0.000000
v 1.248581 0.210082 -0.048000
v 1.248581 0.258082 -0.000000
v 1.430021 0.210082 -0.048000
v 1.430021 0.244023 -0.033941
v 1.248581 0.244023 -0.033941
v -0.125887 0.339558 0.027512
v -0.083597 0.365658 0.027512
v -0.063008 0.339558 0.027512
v -0.116455 0.365658 0.027512
v -0.051460 0.365658 0.027512
v -0.047566 0.365658 0.027512
v -0.013263 0.339558 0.027512
v 0.059132 0.338945 0.027512
v 0.020158 0.349078 0.027512
v 0.059132 0.349078 0.027512
v 0.010948 0.338945 0.027512
v 0.037603 0.339232 0.027789
v 0.052257 0.354348 0.027789
v 0.047964 0.339232 0.027789
v 0.022948 0.354348 0.027789
v 0.027240 0.339232 0.027789
v 0.037603 0.369002 0.027789
v 0.047964 0.364710 0.027789
v 0.027240 0.364710 0.027789
v -0.047566 0.365658 -0.027512
v -0.063008 0.339558 -0.027512
v -0.013263 0.339558 -0.027512
v -0.051460 0.365658 -0.027512
v -0.083597 0.365658 -0.027512
v -0.125887 0.339558 -0.027512
v -0.116455 0.365658 -0.027512
v 0.010948 0.338945 -0.027512
v 0.059132 0.338945 -0.027512
v 0.020158 0.349078 -0.027512
v 0.059132 0.349078 -0.027512
v 0.052257 0.354348 -0.027789
v 0.022948 0.354348 -0.027789
v 0.037603 0.339232 -0.027789
v 0.027240 0.339232 -0.027789
v 0.047964 0.339232 -0.027789
v 0.037603 0.369002 -0.027789
v 0.027240 0.364710 -0.027789
v 0.047964 0.364710 -0.027789
v 1.363713 0.278111 -0.068806
v 0.844455 0.278111 -0.068806
v 0.844455 0.278111 0.068806
v 1.363713 0.278111 0.068806
v 0.787628 0.210082 0.068806
v 0.787628 0.210082 -0.068806
v 0.003300 0.290082 0.085014
v 0.546731 0.282523 0.071897
v 0.554631 0.290082 0.085014
v 0.011202 0.282523 0.071897
v 0.844455 0.142052 -0.068806
v 0.787628 0.210082 -0.068806
v 0.806423 0.210082 -0.088566
v 0.856936 0.152184 -0.088566
v 1.264912 0.142052 -0.068806
v 1.254689 0.152184 -0.088566
v 1.264912 0.142052 0.068806
v 0.856936 0.152184 0.088566
v 0.844455 0.142052 0.068806
v 1.254689 0.152184 0.088566
v 0.806423 0.210082 0.088566
v 0.787628 0.210082 0.068806
v -0.841395 0.234607 -0.018714
v -1.017941 0.226854 0.000002
v -1.017941 0.234607 -0.018714
v -0.841395 0.226854 0.000002
v -0.841395 0.253322 -0.026466
v -1.017941 0.234607 0.018718
v -1.017941 0.253322 -0.026466
v -0.841395 0.234607 0.018718
v -0.841395 0.272038 -0.018714
v -1.017941 0.253322 0.026470
v -1.017941 0.272038 -0.018714
v -0.841395 0.253322 0.026470
v -0.841395 0.279790 0.000002
v -1.017941 0.272038 0.018718
v -1.017941 0.279790 0.000002
v -0.841395 0.272038 0.018718
v 0.188759 0.028700 -0.072886
v 0.330766 0.108700 0.072886
v 0.330766 0.108700 -0.072886
v 0.188759 0.028700 0.072886
v 0.438041 0.108700 0.072886
v -0.135670 0.028700 -0.072886
v 0.438041 0.108700 -0.072886
v -0.135670 0.028700 0.072886
v 0.491632 0.154628 -0.072886
v -0.230093 0.108700 -0.072886
v 0.491632 0.154628 0.072886
v 0.718984 0.154628 -0.072886
v 0.718984 0.154628 0.072886
v -0.230093 0.108700 0.072886
v -0.832353 0.108700 0.072886
v -0.832353 0.108700 -0.072886
v 0.544093 0.279524 0.058663
v 0.011202 0.282523 0.071897
v 0.013838 0.279524 0.058663
v 0.546731 0.282523 0.071897
v 0.727499 0.164987 -0.117420
v 0.822985 0.173765 -0.092598
v 0.822985 0.165184 -0.117420
v 0.714842 0.173765 -0.092598
v 0.846984 0.143491 -0.092598
v 0.855103 0.126537 -0.117420
v 1.059448 0.126839 -0.117420
v 1.069417 0.143491 -0.092598
v 1.254748 -0.015453 -0.092598
v 1.244792 -0.032084 -0.117420
v 1.322748 -0.032329 -0.117420
v 1.322748 -0.015453 -0.092598
v 1.354748 -0.032744 -0.117420
v 1.354748 -0.015453 -0.092598
v 1.418748 -0.015453 -0.092598
v 1.426634 -0.033359 -0.117420
v 1.437109 0.004436 -0.117420
v 1.426748 0.016547 -0.092598
v 1.438089 0.131497 -0.117420
v 1.426748 0.131497 -0.092598
v 1.391329 0.182163 -0.117420
v 1.378749 0.182163 -0.092598
v 1.391730 0.232830 -0.117420
v 1.378749 0.232830 -0.092598
v 1.450748 0.283497 -0.092598
v 1.443221 0.268722 -0.117420
v 1.518408 0.268722 -0.117420
v 1.530748 0.283497 -0.092598
v 0.822985 0.173765 0.092598
v 0.822985 0.165184 0.117420
v 0.846984 0.143491 0.092598
v 0.727499 0.164987 0.117420
v 0.714842 0.173765 0.092598
v 0.855103 0.126537 0.117420
v 1.059448 0.126839 0.117420
v 1.069417 0.143491 0.092598
v 1.254748 -0.015453 0.092598
v 1.244792 -0.032084 0.117420
v 1.322748 -0.032329 0.117420
v 1.322748 -0.015453 0.092598
v 1.354748 -0.015453 0.092598
v 1.354748 -0.032744 0.117420
v 1.418748 -0.015453 0.092598
v 1.426634 -0.033359 0.117420
v 1.437109 0.004436 0.117420
v 1.426748 0.016547 0.092598
v 1.438089 0.131497 0.117420
v 1.426748 0.131497 0.092598
v 1.378749 0.182163 0.092598
v 1.391329 0.182163 0.117420
v 1.378749 0.232830 0.092598
v 1.391730 0.232830 0.117420
v 1.450748 0.283497 0.092598
v 1.443221 0.268722 0.117420
v 1.518408 0.268722 0.117420
v 1.530748 0.283497 0.092598
v 0.048926 0.302712 -0.058954
v 0.048926 0.302712 0.058954
v -0.125887 0.302712 0.058954
v -0.125887 0.302712 -0.058954
v 0.064199 0.302712 -0.043233
v 0.064199 0.302712 0.043233
v 0.050804 0.349083 -0.044230
v 0.050804 0.359422 -0.027644
v 0.050804 0.359422 -0.044230
v 0.050804 0.349083 -0.027644
v 0.050804 0.359422 0.027644
v 0.050804 0.349083 0.027644
v 0.050804 0.359422 0.044230
v 0.050804 0.349083 0.044230
v 0.844455 0.142052 -0.068806
v 1.264912 0.142052 -0.068806
v 1.264912 0.142052 0.068806
v 0.844455 0.142052 0.068806
v 0.787628 0.210082 -0.068806
v 0.787628 0.210082 0.068806
v -0.063008 0.339558 0.027512
v -0.013263 0.339558 0.027512
v -0.013263 0.339558 0.043233
v -0.063008 0.339558 0.043233
v -0.063008 0.339558 -0.043233
v -0.013263 0.339558 -0.043233
v -0.013263 0.339558 -0.027512
v -0.063008 0.339558 -0.027512
v 0.059132 0.338945 -0.027512
v 0.010948 0.338945 -0.043233
v 0.059132 0.338945 -0.043233
v 0.010948 0.338945 -0.027512
v 0.059132 0.338945 0.043233
v 0.010948 0.338945 0.027512
v 0.059132 0.338945 0.027512
v 0.010948 0.338945 0.043233
v 0.538265 -0.331293 -0.046039
v 0.454624 0.030896 -0.046039
v 0.484403 0.030896 -0.059781
v 0.568093 -0.331504 -0.059781
v 0.551426 -0.358501 -0.059781
v 0.521596 -0.358293 -0.046039
v 0.558098 -0.373736 -0.059781
v 0.531925 -0.401963 -0.046039
v 0.484403 0.030896 0.059781
v 0.538265 -0.331293 0.046039
v 0.568093 -0.331504 0.059781
v 0.454624 0.030896 0.046039
v 0.551426 -0.358501 0.059781
v 0.521596 -0.358293 0.046039
v 0.558098 -0.373736 0.059781
v 0.531925 -0.401963 0.046039
v 0.050804 0.349083 0.027644
v -0.124122 0.349083 0.027644
v 0.050804 0.349083 -0.027644
v -0.124122 0.349083 -0.027644
v 0.068657 0.349083 -0.044230
v 0.050804 0.349083 -0.044230
v 0.068657 0.349083 0.044230
v 0.050804 0.349083 0.044230
v -1.088567 0.359977 -0.002210
v -1.083040 0.359977 -0.002210
v -1.083040 0.359977 0.002210
v -1.088567 0.359977 0.002210
v -1.006998 0.169249 -0.012000
v -0.901979 0.238789 -0.012000
v -1.005217 0.162082 -0.008414
v -0.877991 0.245956 -0.008414
v -1.005217 0.162082 0.008414
v -0.877991 0.245956 0.008414
v -0.901979 0.238789 0.012000
v -1.006998 0.169249 0.012000
v 0.846984 0.143491 0.092598
v 0.846984 0.143491 -0.092598
v 0.822985 0.173765 -0.092598
v 1.069417 0.143491 0.092598
v 0.822985 0.173765 0.092598
v 0.714842 0.173765 0.092598
v 0.714842 0.173765 -0.092598
v 1.069417 0.143491 -0.092598
v 1.254748 -0.015453 0.092598
v 1.254748 -0.015453 -0.092598
v 1.322748 -0.015453 0.092598
v 1.322748 -0.015453 -0.092598
v 1.354748 -0.015453 0.092598
v 1.354748 -0.015453 -0.092598
v 1.418748 -0.015453 0.092598
v 1.418748 -0.015453 -0.092598
v 1.426748 0.016547 0.092598
v 1.426748 0.016547 -0.092598
v 1.426748 0.131497 0.092598
v 1.426748 0.131497 -0.092598
v 1.378749 0.182163 0.092598
v 1.378749 0.182163 -0.092598
v 1.378749 0.232830 0.092598
v 1.378749 0.232830 -0.092598
v 1.450748 0.283497 0.092598
v 1.450748 0.283497 -0.092598
v 1.530748 0.283497 -0.092598
v 1.530748 0.283497 0.092598
v 0.714842 -0.017601 -0.092598
v 0.714842 -0.017601 0.092598
v 0.699055 -0.004563 -0.074078
v 0.699055 -0.004563 0.074078
v 0.546731 0.241150 0.071897
v 0.554631 0.290082 0.085014
v 0.546731 0.282523 0.071897
v 0.554631 0.233591 0.085014
v -0.877991 0.245956 -0.008414
v -1.005217 0.162082 0.008414
v -1.005217 0.162082 -0.008414
v -0.877991 0.245956 0.008414
v 0.714842 0.173765 0.092598
v 0.714842 0.173765 -0.092598
v 0.699055 0.160727 0.074078
v 0.699055 0.160727 -0.074078
v 0.521596 -0.358293 -0.046039
v 0.521596 -0.358293 0.046039
v 0.538265 -0.331293 -0.046039
v 0.531925 -0.401963 0.046039
v 0.531925 -0.401963 -0.046039
v 0.538265 -0.331293 0.046039
v 0.454624 0.030896 0.046039
v 0.454624 0.030896 -0.046039
v 0.727499 0.164987 0.117420
v 0.714842 0.173765 0.092598
v 0.714287 0.153110 0.093936
v 0.699055 0.160727 0.074078
v 0.714287 0.012081 0.093936
v 0.699055 -0.004563 0.074078
v 0.714842 -0.017601 0.092598
v 0.727499 0.001699 0.117420
v 0.546731 0.241150 0.071897
v 0.544093 0.279524 0.058663
v 0.544093 0.244148 0.058663
v 0.546731 0.282523 0.071897
v 0.714287 0.012081 -0.093936
v 0.714842 -0.017601 -0.092598
v 0.699055 -0.004563 -0.074078
v 0.727499 0.001699 -0.117420
v 0.714842 0.173765 -0.092598
v 0.714287 0.153110 -0.093936
v 0.699055 0.160727 -0.074078
v 0.727499 0.164987 -0.117420
v 0.727499 0.001699 -0.117420
v 0.714287 0.153110 -0.093936
v 0.727499 0.164987 -0.117420
v 0.714287 0.012081 -0.093936
v 0.727499 0.001699 0.117420
v 0.727499 0.164987 0.117420
v 0.714287 0.153110 0.093936
v 0.714287 0.012081 0.093936
v -1.417003 0.052431 0.019154
v -1.417003 -0.047173 -0.019154
v -1.417003 0.052431 -0.019154
v -1.417003 -0.047173 0.019154
v -1.392185 0.064891 0.019154
v -1.392185 0.064891 -0.019154
v -1.367368 0.052431 0.019154
v -1.367368 0.052431 -0.019154
v -1.367368 -0.005647 -0.019154
v -1.367368 -0.005647 0.019154
v 0.699055 0.160727 -0.074078
v 0.714287 0.012081 -0.093936
v 0.699055 -0.004563 -0.074078
v 0.714287 0.153110 -0.093936
v 0.699055 -0.004563 0.074078
v 0.699055 0.160727 0.074078
v -1.038631 0.275340 -0.017686
v -1.053718 0.306415 0.011770
v -1.038631 0.275340 0.017686
v -1.053718 0.306415 -0.011770
v -1.067945 0.350905 -0.010516
v -1.067945 0.350905 0.010516
v -1.067945 0.360250 0.008413
v -1.067945 0.360250 0.016826
v -1.067945 0.375634 0.016826
v -1.067945 0.375634 0.008413
v -1.067945 0.360250 -0.008413
v -1.067945 0.360250 -0.016826
v -1.067945 0.375634 -0.008413
v -1.067945 0.375634 -0.016826
v -1.085056 0.366598 0.000597
v -1.083040 0.359977 -0.002210
v -1.085056 0.366598 -0.000597
v -1.083040 0.359977 0.002210
v -1.028168 0.285083 0.000002
v -1.017941 0.272038 0.018718
v -1.017941 0.279790 0.000002
v -1.017941 0.272038 -0.018714
v -1.028168 0.275780 0.022461
v -1.028168 0.275780 -0.022457
v -1.028168 0.253322 0.031763
v -1.028168 0.253322 -0.031759
v -1.017941 0.253322 0.026470
v -1.017941 0.253322 -0.026466
v -1.017941 0.234607 0.018718
v -1.017941 0.234607 -0.018714
v -1.028168 0.230863 0.022461
v -1.028168 0.230863 -0.022457
v -1.028168 0.221560 0.000002
v -1.017941 0.226854 0.000002
v -1.186693 0.189263 0.000002
v -1.173909 0.172955 0.023396
v -1.173909 0.182646 0.000002
v -1.173909 0.172955 -0.023392
v -1.186693 0.177635 0.028075
v -1.186693 0.177635 -0.028071
v -1.186693 0.149561 0.039704
v -1.186693 0.149561 -0.039699
v -1.173909 0.149561 0.033086
v -1.173909 0.149561 -0.033082
v -1.173909 0.126167 0.023397
v -1.173909 0.126167 -0.023392
v -1.186693 0.121488 0.028075
v -1.186693 0.121488 -0.028071
v -1.186693 0.109859 0.000002
v -1.173909 0.116477 0.000002
v -1.218466 -0.016151 -0.019154
v -1.218466 0.121633 -0.019154
v -1.218466 0.121633 0.019154
v -1.218466 -0.016151 0.019154
v -1.529063 0.117800 0.000002
v -1.529063 0.136086 -0.013473
v -1.529063 0.127103 -0.022457
v -1.529063 0.149561 -0.019054
v -1.529063 0.130504 0.000002
v -1.529063 0.149561 -0.031759
v -1.529063 0.136086 0.013478
v -1.529063 0.163036 -0.013473
v -1.529063 0.127103 0.022461
v -1.529063 0.172020 -0.022457
v -1.529063 0.149561 0.031763
v -1.529063 0.181323 0.000002
v -1.529063 0.149561 0.019058
v -1.529063 0.168618 0.000002
v -1.529063 0.163036 0.013478
v -1.529063 0.172020 0.022461
v -1.524340 0.149561 0.040257
v -1.511557 0.149561 0.048199
v -1.524339 0.178027 0.028468
v -1.524340 0.121097 0.028468
v -1.511556 0.183642 0.034082
v -1.511556 0.115481 0.034082
v -1.511556 0.197758 0.000002
v -1.511557 0.101365 0.000002
v -1.524339 0.189818 0.000002
v -1.524340 0.109306 0.000002
v -1.524339 0.178026 -0.028464
v -1.524339 0.121097 -0.028464
v -1.511556 0.183642 -0.034078
v -1.511556 0.115481 -0.034078
v -1.511556 0.149561 -0.048194
v -1.524339 0.149561 -0.040254
v -1.476636 -0.047173 -0.019154
v -1.476637 0.121633 0.019154
v -1.476637 0.121633 -0.019154
v -1.476636 -0.047173 0.019154
v -1.336285 0.160854 0.000002
v -1.519063 0.155965 0.006407
v -1.519063 0.158618 0.000002
v -1.336284 0.157546 0.007988
v -1.519063 0.149561 0.009058
v -1.336285 0.157546 -0.007983
v -1.519063 0.155965 -0.006402
v -1.336285 0.149561 0.011295
v -1.519063 0.143157 0.006407
v -1.336285 0.141576 0.007988
v -1.519063 0.140504 0.000002
v -1.336285 0.138268 0.000002
v -1.519063 0.143157 -0.006402
v -1.336285 0.149561 -0.011290
v -1.519063 0.149561 -0.009054
v -1.336285 0.141576 -0.007983
v 1.373713 0.278111 0.068806
v 1.372565 0.205430 -0.068806
v 1.373713 0.278111 -0.068806
v 1.372565 0.205430 0.068806
v 1.270583 0.133816 -0.068806
v 1.270583 0.133816 0.068806
v -1.136064 0.235355 -0.017965
v -1.136064 0.227913 0.000002
v -1.136064 0.238076 0.000002
v -1.136064 0.235355 0.017969
v -1.136064 0.242542 -0.010778
v -1.136064 0.253322 -0.025407
v -1.136064 0.242542 0.010782
v -1.136064 0.253322 0.025411
v -1.136064 0.253322 -0.015243
v -1.136064 0.253322 0.015247
v -1.136064 0.264102 0.010782
v -1.136064 0.271289 0.017969
v -1.136064 0.268567 0.000002
v -1.136064 0.278731 0.000002
v -1.136064 0.264102 -0.010778
v -1.136064 0.271289 -0.017965
v -1.131341 0.253322 0.033905
v -1.121116 0.253322 0.040257
v -1.131341 0.277295 0.023975
v -1.131341 0.229349 0.023975
v -1.121116 0.281786 0.028468
v -1.121116 0.224857 0.028467
v -1.121116 0.293577 0.000002
v -1.121116 0.213066 0.000002
v -1.131341 0.287225 0.000002
v -1.131341 0.219419 0.000002
v -1.131341 0.277295 -0.023971
v -1.131341 0.229349 -0.023971
v -1.121116 0.281786 -0.028464
v -1.121116 0.224857 -0.028463
v -1.121116 0.253322 -0.040253
v -1.131341 0.253322 -0.033901
v -1.115046 0.350905 -0.010516
v -1.115046 0.306415 -0.011770
v -1.115046 0.306415 0.011770
v -1.115046 0.275340 0.017686
v -1.115046 0.275340 -0.017686
v -1.115046 0.350905 0.010516
v -1.115046 0.360250 0.008413
v -1.115046 0.360250 0.016826
v -1.115046 0.375634 0.016826
v -1.115046 0.375634 0.008413
v -1.115046 0.360250 -0.008413
v -1.115046 0.360250 -0.016826
v -1.115046 0.375634 -0.016826
v -1.115046 0.375634 -0.008413
v -1.096115 0.369514 -0.000597
v -1.098133 0.362892 -0.002210
v -1.098133 0.362892 0.002210
v -1.096115 0.369514 0.000597
v 1.353573 0.267979 -0.095218
v 1.370604 0.206919 -0.075326
v 1.352577 0.208220 -0.094904
v 1.371179 0.278111 -0.075458
v 1.269443 0.135220 -0.074533
v 1.259171 0.145386 -0.094371
v 1.269443 0.135220 0.074533
v 1.370604 0.206919 0.075326
v 1.352577 0.208220 0.094904
v 1.259171 0.145386 0.094371
v 1.353573 0.267979 0.095218
v 1.371179 0.278111 0.075458
v -0.935353 0.199247 0.000002
v -0.948475 0.178974 0.029416
v -0.935353 0.184694 0.035134
v -0.935353 0.149561 0.049687
v -0.948475 0.191159 0.000002
v -0.948475 0.149561 0.041599
v -0.948475 0.178974 -0.029412
v -0.948475 0.120148 0.029417
v -0.935353 0.184694 -0.035130
v -0.935353 0.114428 0.035135
v -0.935353 0.149561 -0.049683
v -0.935353 0.099876 0.000002
v -0.948475 0.149561 -0.041595
v -0.948475 0.107964 0.000002
v -0.948475 0.120148 -0.029412
v -0.935353 0.114429 -0.035131
v -0.836145 0.294773 0.000002
v -0.846642 0.278058 0.024738
v -0.836145 0.282632 0.029313
v -0.836145 0.253322 0.041453
v -0.846642 0.288303 0.000002
v -0.846642 0.253322 0.034983
v -0.846642 0.278058 -0.024734
v -0.846642 0.228588 0.024737
v -0.836145 0.282632 -0.029309
v -0.836145 0.224012 0.029312
v -0.836145 0.253322 -0.041449
v -0.836145 0.211871 0.000002
v -0.846642 0.253322 -0.034979
v -0.846642 0.218341 0.000002
v -0.846642 0.228588 -0.024734
v -0.836145 0.224012 -0.029308
v 0.761624 -0.357903 0.046039
v 0.534227 -0.411694 0.046039
v 0.761624 -0.357903 -0.046039
v 0.534227 -0.411694 -0.046039
v 0.769048 -0.345849 -0.046039
v 0.678510 0.033219 -0.046039
v 0.678510 0.033219 0.046039
v 0.769048 -0.345849 0.046039
v -0.827933 0.103497 -0.069192
v -0.763932 0.309764 0.069190
v -0.763932 0.309764 -0.069192
v -0.827933 0.103497 0.069190
v -0.800365 0.049136 -0.072886
v -0.800365 0.049136 0.072886
v -0.840366 0.102718 -0.072886
v -0.840366 0.102718 0.072886
v 1.025946 0.027294 -0.092598
v 0.882739 0.027403 0.092598
v 0.882739 0.027403 -0.092598
v 1.025946 0.027294 0.092598
v 0.826739 -0.026869 0.092598
v 1.211277 -0.131650 -0.092598
v 0.826739 -0.026869 -0.092598
v 0.714842 -0.027601 -0.092598
v 0.714842 -0.027601 0.092598
v 1.211277 -0.131650 0.092598
v 1.319586 -0.131759 -0.092598
v 1.319586 -0.131759 0.092598
v 1.351586 -0.155759 -0.092598
v 1.351586 -0.155759 0.092598
v 1.503466 -0.155089 -0.092598
v 1.503466 -0.155089 0.092598
v 1.540319 -0.101170 -0.092598
v 1.540319 -0.101170 0.092598
v 1.540748 0.131497 -0.092598
v 1.540748 0.131497 0.092598
v 1.540748 0.182163 -0.092598
v 1.540748 0.182163 0.092598
v 1.540748 0.232830 -0.092598
v 1.540748 0.232830 0.092598
v 1.540748 0.283497 -0.092598
v 1.540748 0.283497 0.092598
v -0.761247 0.308913 -0.076148
v -0.803841 0.118014 -0.092073
v -0.825142 0.102631 -0.076256
v -0.748111 0.299685 -0.091960
v -0.761248 0.308913 0.076146
v -0.825142 0.102632 0.076254
v -0.803841 0.118014 0.092072
v -0.748112 0.299685 0.091960
v 0.875667 0.042527 -0.122635
v 0.825673 -0.025175 -0.098549
v 0.826623 -0.005484 -0.123165
v 0.727501 -0.006192 -0.123563
v 0.714842 -0.025495 -0.098736
v 0.882112 0.028737 -0.097819
v 1.026736 0.028727 -0.098048
v 1.034869 0.043077 -0.122915
v 1.211724 -0.129996 -0.098184
v 1.220812 -0.115583 -0.122987
v 1.319699 -0.130411 -0.097544
v 1.320310 -0.115397 -0.122501
v 1.352337 -0.154454 -0.097817
v 1.351805 -0.138392 -0.122581
v 1.495490 -0.136932 -0.123275
v 1.502499 -0.153465 -0.098445
v 1.538958 -0.101167 -0.097519
v 1.528737 -0.087827 -0.122104
v 1.539837 0.131512 -0.096767
v 1.528403 0.131528 -0.121624
v 1.539771 0.182195 -0.096909
v 1.527809 0.182218 -0.121770
v 1.539720 0.232855 -0.097014
v 1.527473 0.232869 -0.121844
v 1.527367 0.268730 -0.121863
v 1.539703 0.283497 -0.097050
v 0.825673 -0.025175 0.098549
v 0.727501 -0.006192 0.123563
v 0.714842 -0.025495 0.098736
v 0.826623 -0.005484 0.123165
v 0.875667 0.042527 0.122635
v 0.882112 0.028737 0.097819
v 1.026736 0.028728 0.098048
v 1.034869 0.043077 0.122915
v 1.211724 -0.129996 0.098184
v 1.220812 -0.115583 0.122987
v 1.319760 -0.130405 0.097591
v 1.320337 -0.115422 0.122473
v 1.351744 -0.138399 0.122534
v 1.352311 -0.154429 0.097844
v 1.495490 -0.136932 0.123275
v 1.502499 -0.153465 0.098445
v 1.538958 -0.101167 0.097519
v 1.528737 -0.087827 0.122104
v 1.539826 0.131544 0.096792
v 1.528415 0.131561 0.121599
v 1.527828 0.182205 0.121731
v 1.539752 0.182181 0.096948
v 1.527480 0.232851 0.121830
v 1.539714 0.232837 0.097027
v 1.527367 0.268730 0.121863
v 1.539703 0.283497 0.097050
v -0.797924 0.050964 -0.080076
v -0.837917 0.104546 -0.080083
v -0.809060 0.090077 -0.094041
v -0.790711 0.065421 -0.094032
v -0.797924 0.050964 0.080076
v -0.809060 0.090077 0.094041
v -0.837917 0.104546 0.080083
v -0.790711 0.065421 0.094032
v 0.760564 -0.353423 -0.054459
v 0.533167 -0.407214 -0.054458
v 0.559340 -0.378987 -0.068200
v 0.730326 -0.338540 -0.068201
v 0.760564 -0.353423 0.054459
v 0.559340 -0.378987 0.068201
v 0.533167 -0.407214 0.054459
v 0.730326 -0.338540 0.068201
v -1.107628 0.207787 0.008414
v -1.043970 0.207696 -0.008414
v -1.107627 0.207787 -0.008414
v -1.177897 0.170920 0.008414
v -1.177897 0.170920 -0.008414
v -1.043970 0.207696 0.008414
v -0.969735 0.254441 -0.008414
v -0.969735 0.254441 0.008414
v -1.309223 0.047181 -0.019154
v -1.292918 0.054891 -0.019154
v -1.292918 0.054891 0.019154
v -1.309223 0.047181 0.019154
v -1.307734 -0.005647 -0.019154
v -1.307734 -0.005647 0.019154
v -1.276611 0.047181 0.019154
v -1.276611 0.047181 -0.019154
v -1.278100 -0.016151 -0.019154
v -1.278100 -0.016151 0.019154
v 0.733621 -0.332204 -0.068627
v 0.643170 0.031927 -0.068813
v 0.672969 0.031929 -0.055062
v 0.763873 -0.347085 -0.054877
v 0.733621 -0.332204 0.068627
v 0.672969 0.031929 0.055062
v 0.643170 0.031927 0.068813
v 0.763873 -0.347085 0.054877
v -1.466636 -0.057173 -0.019154
v -1.417003 -0.057173 -0.019154
v -1.417003 -0.057173 0.019154
v -1.466636 -0.057173 0.019154
v -1.067945 0.385634 -0.016826
v -1.105046 0.385634 -0.016826
v -1.105046 0.385634 -0.008413
v -1.067945 0.385634 -0.008413
v -1.105046 0.385634 0.016826
v -1.067945 0.385634 0.008413
v -1.105046 0.385634 0.008413
v -1.067945 0.385634 0.016826
v 0.063700 0.381862 -0.044230
v 0.068657 0.381862 -0.011390
v 0.068657 0.381862 -0.044230
v 0.063700 0.381862 -0.011390
v 0.063700 0.381862 0.011390
v 0.063700 0.381862 0.044230
v 0.068657 0.381862 0.011390
v 0.068657 0.381862 0.044230
v -1.085056 0.376598 -0.000597
v -1.086549 0.376598 -0.000597
v -1.086549 0.376598 0.000597
v -1.085056 0.376598 0.000597
v -1.268100 -0.026151 -0.019154
v -1.218466 -0.026151 -0.019154
v -1.218466 -0.026151 0.019154
v -1.268100 -0.026151 0.019154
v -1.067945 0.370250 -0.008413
v -1.105046 0.370250 -0.008413
v -1.105046 0.370250 0.008413
v -1.067945 0.370250 0.008413
v -0.083597 0.375658 -0.043233
v -0.097312 0.375658 -0.043233
v -0.083597 0.375658 -0.027512
v -0.116455 0.375658 -0.027512
v -0.116455 0.375658 -0.058954
v -0.097312 0.375658 -0.058954
v -0.051460 0.375658 -0.027512
v -0.051460 0.375658 -0.043233
v -0.044371 0.375134 -0.027512
v -0.044371 0.375134 -0.043233
v -0.007208 0.347516 -0.027512
v -0.007208 0.347516 -0.043233
v -0.116455 0.375658 0.058954
v -0.097312 0.375658 0.043233
v -0.116455 0.375658 0.027512
v -0.097312 0.375658 0.058954
v -0.083597 0.375658 0.027512
v -0.083597 0.375658 0.043233
v -0.051460 0.375658 0.043233
v -0.051460 0.375658 0.027512
v -0.044371 0.375134 0.043233
v -0.044371 0.375134 0.027512
v -0.007208 0.347516 0.043233
v -0.007208 0.347516 0.027512
v -0.124122 0.369422 -0.027644
v 0.050804 0.369422 -0.011390
v 0.050804 0.369422 -0.027644
v 0.050804 0.369422 0.011390
v -0.124122 0.369422 0.027644
v 0.050804 0.369422 0.027644
v 0.068657 0.369422 0.011390
v 0.068657 0.369422 -0.011390
v 0.191296 -0.088138 -0.072886
v 0.333303 -0.008138 -0.072886
v 0.191296 -0.088138 0.072886
v 0.333303 -0.008138 0.072886
v 0.718984 -0.008465 0.072886
v 0.718984 -0.008465 -0.072886
v -0.139113 -0.087854 0.072886
v -0.139113 -0.087854 -0.072886
v -0.233536 -0.007854 0.072886
v -0.233536 -0.007854 -0.072886
v -0.477941 -0.007404 0.072886
v -0.477941 -0.007404 -0.072886
v -0.517942 0.046179 -0.072886
v -0.517942 0.046179 0.072886
v -0.792352 0.045118 0.072886
v -0.792352 0.045118 -0.072886
v 0.020169 0.371781 -0.056271
v 0.037603 0.379002 -0.027789
v 0.037603 0.379002 -0.056271
v 0.055035 0.371781 -0.027789
v 0.020169 0.371781 -0.027789
v 0.055035 0.371781 -0.056271
v 0.012965 0.354928 -0.056271
v 0.062240 0.354928 -0.027789
v 0.012965 0.354928 -0.027789
v 0.017620 0.336501 -0.056271
v 0.017620 0.336501 -0.027789
v 0.062240 0.354928 -0.056271
v 0.057584 0.336500 -0.027789
v 0.057584 0.336500 -0.056271
v 0.037603 0.379002 0.027789
v 0.055035 0.371781 0.056271
v 0.055035 0.371781 0.027789
v 0.062240 0.354928 0.056271
v 0.037603 0.379002 0.056271
v 0.062240 0.354928 0.027789
v 0.057584 0.336500 0.056271
v 0.057584 0.336500 0.027789
v 0.020169 0.371781 0.027789
v 0.020169 0.371781 0.056271
v 0.012965 0.354928 0.027789
v 0.012965 0.354928 0.056271
v 0.017620 0.336501 0.027789
v 0.017620 0.336501 0.056271
v -1.367368 -0.015647 -0.019154
v -1.317734 -0.015647 -0.019154
v -1.317734 -0.015647 0.019154
v -1.367368 -0.015647 0.019154
v -1.042456 0.202276 -0.017407
v -0.965412 0.242714 -0.020866
v -1.040624 0.195121 -0.020995
v -0.966894 0.249885 -0.017278
v -1.104491 0.195154 -0.020995
v -1.106270 0.202322 -0.017409
v -1.146457 0.173204 -0.020943
v -1.175312 0.166037 -0.017357
v 0.718984 0.008966 -0.094025
v 0.332496 -0.005065 -0.080197
v 0.328700 0.009406 -0.094157
v 0.718984 -0.005427 -0.080064
v 0.186694 -0.070594 -0.094157
v 0.190490 -0.085064 -0.080197
v -0.131821 -0.070263 -0.094313
v -0.137997 -0.084694 -0.080355
v -0.232321 -0.004733 -0.080353
v -0.226343 0.009776 -0.094315
v -0.469132 0.010166 -0.094418
v -0.476386 -0.004303 -0.080459
v -0.516391 0.049275 -0.080454
v -0.509167 0.063730 -0.094413
v -0.785133 0.062629 -0.094040
v -0.792352 0.048172 -0.080080
v -0.966894 0.249885 0.017277
v -1.042456 0.202276 0.017407
v -0.965412 0.242714 0.020865
v -1.040624 0.195121 0.020995
v -1.104491 0.195154 0.020995
v -1.106270 0.202322 0.017409
v -1.146457 0.173204 0.020943
v -1.175312 0.166037 0.017357
v 0.332496 -0.005065 0.080197
v 0.718984 -0.005427 0.080064
v 0.718984 0.008966 0.094025
v 0.328700 0.009406 0.094157
v 0.186694 -0.070594 0.094157
v 0.190490 -0.085064 0.080197
v -0.131821 -0.070263 0.094313
v -0.137997 -0.084694 0.080355
v -0.232321 -0.004733 0.080353
v -0.226343 0.009776 0.094315
v -0.469132 0.010166 0.094418
v -0.476386 -0.004303 0.080459
v -0.516391 0.049275 0.080454
v -0.509167 0.063730 0.094413
v -0.785133 0.062629 0.094040
v -0.792352 0.048172 0.080080
v 0.020158 0.359078 -0.027512
v 0.059132 0.359078 -0.027512
v 0.020158 0.359078 -0.043233
v 0.059132 0.359078 -0.043233
v 0.020158 0.359078 0.043233
v 0.059132 0.359078 0.043233
v 0.020158 0.359078 0.027512
v 0.059132 0.359078 0.027512
v -0.063008 0.349558 -0.043233
v 0.048926 0.349558 -0.058954
v -0.063008 0.349558 -0.058954
v -0.063008 0.349558 -0.027512
v 0.064199 0.349558 -0.043233
v -0.125887 0.349558 0.027512
v -0.125887 0.349558 -0.027512
v -0.063008 0.349558 0.027512
v 0.064199 0.349558 0.043233
v 0.048926 0.349558 0.058954
v -0.063008 0.349558 0.043233
v -0.063008 0.349558 0.058954
v 0.775607 0.250769 -0.092129
v 0.725188 0.306233 -0.092464
v 0.734575 0.321515 -0.076602
v 0.791109 0.254546 -0.076265
v 0.776223 0.163916 -0.091984
v 0.791605 0.148534 -0.076161
v -0.207484 0.322151 -0.076396
v -0.213431 0.306709 -0.092228
v -0.255464 0.332230 -0.092218
v -0.249160 0.347553 -0.076406
v -0.475773 0.331073 -0.092651
v -0.487081 0.346276 -0.076868
v -0.502617 0.313677 -0.075789
v -0.490660 0.303422 -0.091937
v -0.741235 0.306209 -0.090053
v -0.754381 0.315439 -0.074231
v 0.734575 0.321515 0.076602
v 0.775607 0.250769 0.092129
v 0.791109 0.254546 0.076265
v 0.776223 0.163916 0.091984
v 0.791605 0.148534 0.076161
v 0.725188 0.306233 0.092464
v -0.207484 0.322152 0.076394
v -0.213431 0.306709 0.092228
v -0.255464 0.332231 0.092218
v -0.249160 0.347554 0.076404
v -0.475776 0.331073 0.092651
v -0.487081 0.346278 0.076866
v -0.502618 0.313677 0.075786
v -0.490660 0.303422 0.091937
v -0.741235 0.306209 0.090052
v -0.754381 0.315439 0.074228
v 0.794435 0.148534 -0.069191
v 0.793837 0.255623 -0.069191
v 0.793837 0.255623 0.069191
v 0.794435 0.148534 0.069191
v 0.735948 0.324501 -0.069191
v 0.735948 0.324501 0.069191
v -0.206549 0.325073 0.069190
v -0.206549 0.325073 -0.069192
v -0.248404 0.350535 -0.069192
v -0.248404 0.350536 0.069190
v -0.488946 0.349346 -0.069192
v -0.488946 0.349347 0.069190
v -0.504946 0.315241 0.069190
v -0.504946 0.315241 -0.069192
v -0.754381 0.316801 -0.069192
v -0.754381 0.316801 0.069190
v 0.078657 0.349083 0.044230
v 0.078657 0.359422 -0.011390
v 0.078657 0.359422 0.011390
v 0.078657 0.371862 0.044230
v 0.078657 0.371862 0.011390
v 0.078657 0.349083 -0.044230
v 0.078657 0.371862 -0.044230
v 0.078657 0.371862 -0.011390
v -0.091257 0.373616 -0.058954
v -0.056953 0.347516 -0.043233
v -0.056953 0.347516 -0.058954
v -0.091257 0.373616 -0.043233
v -0.091257 0.373616 0.043233
v -0.056953 0.347516 0.058954
v -0.056953 0.347516 0.043233
v -0.091257 0.373616 0.058954
v 0.069132 0.338945 0.027512
v 0.069132 0.349078 0.027512
v 0.069132 0.349078 0.043233
v 0.069132 0.338945 0.043233
v 0.069132 0.338945 -0.043233
v 0.069132 0.349078 -0.043233
v 0.069132 0.349078 -0.027512
v 0.069132 0.338945 -0.027512
v 0.822985 0.001848 -0.127420
v 0.822985 0.165184 -0.127420
v 0.855103 0.126537 -0.127420
v 0.727499 0.164987 -0.127420
v 0.727499 0.001699 -0.127420
v 0.872404 0.050411 -0.127420
v 1.037909 0.050859 -0.127420
v 1.059448 0.126839 -0.127420
v 1.244792 -0.032084 -0.127420
v 1.223464 -0.107711 -0.127420
v 1.322748 -0.107136 -0.127420
v 1.322748 -0.032329 -0.127420
v 1.354748 -0.032744 -0.127420
v 1.354748 -0.130348 -0.127420
v 1.426634 -0.033359 -0.127420
v 1.491521 -0.129863 -0.127420
v 1.520125 -0.085854 -0.127420
v 1.437109 0.004436 -0.127420
v 1.519330 0.131497 -0.127420
v 1.438089 0.131497 -0.127420
v 1.518805 0.182163 -0.127420
v 1.391329 0.182163 -0.127420
v 1.391730 0.232830 -0.127420
v 1.518505 0.232830 -0.127420
v 1.443221 0.268722 -0.127420
v 1.518408 0.268722 -0.127420
v 0.822985 0.001848 0.127420
v 0.855103 0.126537 0.127420
v 0.822985 0.165184 0.127420
v 0.727499 0.164987 0.127420
v 0.727499 0.001699 0.127420
v 0.872404 0.050411 0.127420
v 1.037909 0.050859 0.127420
v 1.059448 0.126839 0.127420
v 1.244792 -0.032084 0.127420
v 1.223464 -0.107711 0.127420
v 1.322748 -0.107136 0.127420
v 1.322748 -0.032329 0.127420
v 1.354748 -0.032744 0.127420
v 1.354748 -0.130348 0.127420
v 1.426634 -0.033359 0.127420
v 1.491521 -0.129863 0.127420
v 1.520125 -0.085854 0.127420
v 1.437109 0.004436 0.127420
v 1.519330 0.131497 0.127420
v 1.438089 0.131497 0.127420
v 1.518805 0.182163 0.127420
v 1.391329 0.182163 0.127420
v 1.391730 0.232830 0.127420
v 1.518505 0.232830 0.127420
v 1.443221 0.268722 0.127420
v 1.518408 0.268722 0.127420
v 0.019768 0.241150 0.077057
v 0.019768 0.282523 0.077057
v 0.011866 0.290082 0.090174
v 0.011866 0.233591 0.090174
v 0.023645 0.244148 0.060616
v 0.023645 0.279524 0.060616
v 0.021009 0.282523 0.073850
v 0.021009 0.241150 0.073850
v 0.206672 0.242255 0.090007
v 0.011202 0.249814 0.076890
v 0.003300 0.242255 0.090007
v 0.546731 0.249814 0.076890
v 0.554631 0.242255 0.090007
v 0.856936 0.267979 -0.098566
v 0.856936 0.152184 -0.098566
v 0.806423 0.210082 -0.098566
v 1.254689 0.152184 -0.098566
v 1.346107 0.267979 -0.098566
v 1.346107 0.212459 -0.098566
v -0.224016 0.016005 -0.096846
v -0.141749 0.014231 -0.096846
v -0.129593 -0.063995 -0.096846
v 0.192554 0.014231 -0.096846
v -0.236172 0.094231 -0.096846
v 0.184963 -0.063995 -0.096846
v -0.466205 0.016005 -0.096846
v 0.326970 0.016005 -0.096846
v -0.506240 0.069575 -0.096846
v -0.803494 0.094231 -0.096846
v -0.785133 0.069575 -0.096846
v 0.334561 0.094231 -0.096846
v 0.443392 0.094231 -0.096846
v 0.718984 0.015928 -0.096846
v 0.496984 0.140159 -0.096846
v 0.718984 0.140235 -0.096846
v 1.346107 0.267979 0.098566
v 1.254689 0.152184 0.098566
v 1.346107 0.212459 0.098566
v 0.856936 0.267979 0.098566
v 0.856936 0.152184 0.098566
v 0.806423 0.210082 0.098566
v -0.459303 0.115916 -0.095014
v -0.486436 0.297571 -0.095014
v -0.385726 0.227916 -0.095014
v -0.542276 0.115916 -0.095014
v -0.741235 0.297571 -0.095014
v -0.797075 0.115916 -0.095014
v -0.472476 0.325523 -0.095014
v -0.257228 0.325523 -0.095014
v -0.215374 0.300062 -0.095014
v 0.238768 0.227916 -0.095014
v 0.722653 0.300062 -0.095014
v 0.498745 0.163916 -0.095014
v 0.336761 0.117988 -0.095014
v 0.445153 0.117988 -0.095014
v 0.769053 0.163916 -0.095014
v 0.769053 0.248234 -0.095014
v -0.506240 0.069575 0.096846
v -0.803494 0.094231 0.096846
v -0.785133 0.069575 0.096846
v -0.236172 0.094231 0.096846
v -0.466205 0.016005 0.096846
v -0.224016 0.016005 0.096846
v -0.141749 0.014231 0.096846
v -0.129593 -0.063995 0.096846
v 0.192554 0.014231 0.096846
v 0.184963 -0.063995 0.096846
v 0.326970 0.016005 0.096846
v 0.334561 0.094231 0.096846
v 0.443392 0.094231 0.096846
v 0.718984 0.015928 0.096846
v 0.496984 0.140159 0.096846
v 0.718984 0.140235 0.096846
v -0.459303 0.115916 0.095014
v -0.486436 0.297571 0.095014
v -0.542276 0.115916 0.095014
v -0.741235 0.297571 0.095014
v -0.797075 0.115916 0.095014
v -0.385726 0.227916 0.095014
v -0.472478 0.325523 0.095014
v -0.257228 0.325523 0.095014
v -0.215374 0.300062 0.095014
v 0.003300 0.233591 0.095014
v 0.003300 0.290082 0.095014
v 0.238768 0.227916 0.095014
v 0.206672 0.233591 0.095014
v 0.722653 0.300062 0.095014
v 0.554631 0.290082 0.095014
v 0.554631 0.233591 0.095014
v 0.498745 0.163916 0.095014
v 0.336761 0.117988 0.095014
v 0.445153 0.117988 0.095014
v 0.769053 0.163916 0.095014
v 0.769053 0.248234 0.095014
v 0.544093 0.253901 0.060872
v 0.011202 0.250903 0.074106
v 0.546731 0.250903 0.074106
v 0.013838 0.253901 0.060872
v -1.028168 0.223792 0.029532
v -1.115839 0.223792 0.029532
v -1.028168 0.211560 0.000002
v -1.115839 0.211560 0.000002
v -1.115839 0.253322 0.041763
v -1.028168 0.223792 -0.029528
v -1.028168 0.253322 0.041763
v -1.115839 0.223792 -0.029528
v -1.115839 0.282851 0.029532
v -1.028168 0.253322 -0.041759
v -1.028168 0.282851 0.029532
v -1.115839 0.253322 -0.041759
v -1.115839 0.295083 0.000002
v -1.028168 0.282851 -0.029528
v -1.028168 0.295083 0.000002
v -1.115839 0.282851 -0.029528
v -0.097312 0.365658 0.068954
v -0.125887 0.339558 0.068954
v -0.063008 0.339558 0.068954
v -0.116455 0.365658 0.068954
v -0.125887 0.302712 0.068954
v 0.052820 0.302712 0.068165
v 0.052819 0.339558 0.068165
v 0.073465 0.302712 0.046993
v 0.073465 0.339558 0.046993
v 0.073465 0.339558 -0.046993
v 0.073465 0.302712 -0.046993
v 0.056099 0.302712 -0.065922
v 0.056099 0.339558 -0.065922
v 0.230038 0.206241 -0.076386
v 0.333819 0.111696 -0.092208
v 0.328191 0.096247 -0.076391
v 0.453252 0.096094 -0.076388
v 0.235987 0.221557 -0.092213
v 0.447562 0.111476 -0.092211
v -0.375181 0.206587 -0.076498
v 0.506843 0.142022 -0.076388
v -0.382545 0.221882 -0.092326
v 0.501154 0.157404 -0.092211
v 0.769053 0.156746 -0.091984
v 0.784435 0.141364 -0.076161
v -0.455947 0.109969 -0.092320
v -0.448934 0.094499 -0.076504
v -0.542276 0.108746 -0.091985
v -0.563583 0.093364 -0.076163
v -0.797075 0.108746 -0.091985
v -0.818382 0.093364 -0.076163
v -0.125860 0.369057 -0.058954
v -0.135737 0.341283 -0.058954
v -0.125860 0.369057 -0.027512
v -0.135821 0.340706 -0.027512
v -0.135887 0.302712 -0.058954
v -0.135887 0.302712 0.058954
v -0.135821 0.340706 0.027512
v -0.135737 0.341283 0.058954
v -0.125860 0.369057 0.058954
v -0.125860 0.369057 0.027512
v 0.048926 0.302712 -0.068954
v -0.125887 0.302712 -0.068954
v -0.063008 0.339558 -0.068954
v 0.048926 0.339558 -0.068954
v -0.125887 0.339558 -0.068954
v -0.097312 0.365658 -0.068954
v -0.116455 0.365658 -0.068954
v 0.568093 -0.331504 -0.069781
v 0.558098 -0.373736 -0.069781
v 0.551426 -0.358501 -0.069781
v 0.729084 -0.333289 -0.069781
v 0.639003 0.030896 -0.069781
v 0.484403 0.030896 -0.069781
v 0.453252 0.096094 0.076388
v 0.333819 0.111695 0.092207
v 0.328191 0.096247 0.076389
v 0.230038 0.206241 0.076383
v 0.447562 0.111476 0.092211
v 0.235987 0.221557 0.092213
v 0.506843 0.142022 0.076388
v -0.375181 0.206587 0.076496
v 0.501154 0.157404 0.092211
v 0.769053 0.156746 0.091984
v 0.784435 0.141364 0.076161
v -0.382545 0.221881 0.092326
v -0.455947 0.109969 0.092319
v -0.448934 0.094499 0.076502
v -0.542276 0.108746 0.091984
v -0.563583 0.093364 0.076160
v -0.797075 0.108746 0.091984
v -0.818382 0.093364 0.076160
v 0.052257 0.354348 -0.066271
v 0.037603 0.369002 -0.066271
v 0.047964 0.364710 -0.066271
v 0.022948 0.354348 -0.066271
v 0.027240 0.364710 -0.066271
v 0.037603 0.339232 -0.066271
v 0.047964 0.339232 -0.066271
v 0.027240 0.339232 -0.066271
v 0.729084 -0.333289 0.069781
v 0.568093 -0.331504 0.069781
v 0.558098 -0.373736 0.069781
v 0.551426 -0.358501 0.069781
v 0.639003 0.030896 0.069781
v 0.484403 0.030896 0.069781
v 0.544093 0.279524 0.068663
v 0.013838 0.244148 0.068663
v 0.544093 0.244148 0.068663
v 0.013838 0.279524 0.068663
v 0.022948 0.354348 0.066271
v 0.052257 0.354348 0.066271
v 0.037603 0.369002 0.066271
v 0.047964 0.364710 0.066271
v 0.027240 0.364710 0.066271
v 0.037603 0.339232 0.066271
v 0.027240 0.339232 0.066271
v 0.047964 0.339232 0.066271
v -1.083040 0.362344 -0.011926
v -1.086549 0.368965 -0.010313
v -1.085056 0.368965 -0.010313
v -1.088567 0.362344 -0.011926
v 0.068657 0.371862 -0.054230
v 0.068657 0.349083 -0.054230
v 0.063700 0.371862 -0.054230
v 0.050804 0.359422 -0.054230
v 0.050804 0.349083 -0.054230
v -0.134122 0.349083 -0.027644
v -0.134122 0.349083 0.027644
v -0.134122 0.359422 -0.027644
v -0.134122 0.359422 0.027644
v -0.083597 0.365658 -0.053233
v -0.063008 0.339558 -0.053233
v -0.097312 0.365658 -0.053233
v -0.051460 0.365658 -0.053233
v -0.047566 0.365658 -0.053233
v -0.013263 0.339558 -0.053233
v 0.003548 0.345671 0.043233
v 0.012758 0.355804 0.027512
v 0.003548 0.345671 0.027512
v 0.012758 0.355804 0.043233
v 0.003548 0.345671 -0.027512
v 0.012758 0.355804 -0.043233
v 0.003548 0.345671 -0.043233
v 0.012758 0.355804 -0.027512
v 0.059132 0.338945 -0.053233
v 0.020158 0.349078 -0.053233
v 0.059132 0.349078 -0.053233
v 0.010948 0.338945 -0.053233
v -1.088567 0.362344 0.011926
v -1.085056 0.368965 0.010313
v -1.086549 0.368965 0.010313
v -1.083040 0.362344 0.011926
v 0.043861 0.366619 0.027644
v 0.056757 0.379059 0.011390
v 0.043861 0.366619 0.011390
v 0.056757 0.379059 0.044230
v 0.043861 0.366619 0.044230
v 0.056757 0.379059 -0.044230
v 0.043861 0.366619 -0.027644
v 0.056757 0.379059 -0.011390
v 0.043861 0.366619 -0.011390
v 0.043861 0.366619 -0.044230
v 0.068657 0.349083 0.054230
v 0.050804 0.359422 0.054230
v 0.050804 0.349083 0.054230
v 0.063700 0.371862 0.054230
v 0.068657 0.371862 0.054230
v -0.097312 0.365658 0.053233
v -0.063008 0.339558 0.053233
v -0.083597 0.365658 0.053233
v -0.051460 0.365658 0.053233
v -0.047566 0.365658 0.053233
v -0.013263 0.339558 0.053233
v 0.010948 0.338945 0.053233
v 0.059132 0.338945 0.053233
v 0.020158 0.349078 0.053233
v 0.059132 0.349078 0.053233
v 0.050804 0.349083 -0.037644
v -0.124122 0.359422 -0.037644
v 0.050804 0.359422 -0.037644
v -0.124122 0.349083 -0.037644
v -0.124122 0.349083 0.037644
v 0.050804 0.349083 0.037644
v 0.050804 0.359422 0.037644
v -0.124122 0.359422 0.037644
v -1.053718 0.307678 -0.021690
v -1.105046 0.277210 -0.027510
v -1.105046 0.307494 -0.021712
v -1.038631 0.277210 -0.027510
v -1.067945 0.348392 -0.020195
v -1.105046 0.348114 -0.020119
v -1.105046 0.357324 -0.026388
v -1.067945 0.357324 -0.026388
v -1.105046 0.375634 -0.026826
v -1.067945 0.375634 -0.026826
v -1.268100 0.052431 -0.029154
v -1.218466 -0.016151 -0.029154
v -1.268100 -0.016151 -0.029154
v -1.218466 0.121633 -0.029154
v -1.292918 0.064891 -0.029154
v -1.392185 0.064891 -0.029154
v -1.466637 0.121633 -0.029154
v -1.367368 0.052431 -0.029154
v -1.417003 0.052431 -0.029154
v -1.466636 -0.047173 -0.029154
v -1.417003 -0.047173 -0.029154
v -1.317734 0.052431 -0.029154
v -1.367368 -0.005647 -0.029154
v -1.317734 -0.005647 -0.029154
v -1.053718 0.307678 0.021690
v -1.105046 0.277210 0.027510
v -1.038631 0.277210 0.027510
v -1.105046 0.307494 0.021712
v -1.067945 0.348392 0.020195
v -1.105046 0.348114 0.020119
v -1.067945 0.357324 0.026388
v -1.105046 0.357324 0.026388
v -1.067945 0.375634 0.026826
v -1.105046 0.375634 0.026826
v -1.268100 0.052431 0.029154
v -1.218466 -0.016151 0.029154
v -1.218466 0.121633 0.029154
v -1.268100 -0.016151 0.029154
v -1.292918 0.064891 0.029154
v -1.392185 0.064891 0.029154
v -1.466637 0.121633 0.029154
v -1.367368 0.052431 0.029154
v -1.417003 0.052431 0.029154
v -1.466636 -0.047173 0.029154
v -1.417003 -0.047173 0.029154
v -1.317734 0.052431 0.029154
v -1.317734 -0.005647 0.029154
v -1.367368 -0.005647 0.029154
v 0.784435 0.138534 -0.069191
v 0.507903 0.139155 0.069191
v 0.507903 0.139155 -0.069191
v 0.784435 0.138534 0.069191
v 0.454312 0.093227 -0.069191
v 0.454312 0.093227 0.069191
v 0.326882 0.093481 0.069190
v 0.326882 0.093481 -0.069192
v 0.228890 0.203409 -0.069192
v 0.228890 0.203409 0.069190
v -0.373789 0.203733 0.069190
v -0.373789 0.203733 -0.069192
v -0.447367 0.091733 0.069190
v -0.447367 0.091733 -0.069192
v -0.563583 0.090534 0.069190
v -0.563583 0.090534 -0.069192
v -0.818382 0.090534 0.069190
v -0.818382 0.090534 -0.069192
v -1.103438 0.190915 -0.022000
v -1.006998 0.169249 -0.022000
v -1.144363 0.169249 -0.022000
v -1.039437 0.190915 -0.022000
v -0.962964 0.238789 -0.022000
v -0.901979 0.238789 -0.022000
v -1.006998 0.169249 0.022000
v -0.901979 0.238789 0.022000
v -0.962964 0.238789 0.022000
v -1.039437 0.190915 0.022000
v -1.103438 0.190915 0.022000
v -1.144363 0.169249 0.022000
v 0.840668 0.285204 -0.074751
v 1.363713 0.287009 -0.073369
v 1.346107 0.276877 -0.093129
v 0.854269 0.275767 -0.094244
v 0.800279 0.215249 -0.094528
v 0.781429 0.215260 -0.074702
v 0.840668 0.285204 0.074751
v 1.346107 0.276877 0.093129
v 1.363713 0.287009 0.073369
v 0.854269 0.275767 0.094244
v 0.800279 0.215249 0.094528
v 0.781429 0.215260 0.074702
v 0.718982 0.161589 -0.080065
v 0.494656 0.146452 -0.094260
v 0.489304 0.160921 -0.080301
v 0.718982 0.147197 -0.094024
v 0.435713 0.114993 -0.080301
v 0.441064 0.100524 -0.094261
v 0.332830 0.100831 -0.094157
v 0.329035 0.115300 -0.080197
v 0.187028 0.035300 -0.080197
v 0.190823 0.020831 -0.094157
v -0.133443 0.034968 -0.080353
v -0.139422 0.020460 -0.094315
v -0.233945 0.100499 -0.094313
v -0.227766 0.114929 -0.080355
v -0.803494 0.101174 -0.094043
v -0.832353 0.115643 -0.080083
v -0.716379 0.222960 -0.030360
v -0.830898 0.210384 0.000002
v -0.830898 0.222960 -0.030360
v -0.716379 0.210384 0.000002
v -0.716379 0.253322 -0.042936
v -0.830898 0.222960 0.030364
v -0.830898 0.253322 -0.042936
v -0.716379 0.222960 0.030364
v -0.716379 0.283683 -0.030360
v -0.830898 0.253322 0.042940
v -0.830898 0.283683 -0.030360
v -0.716379 0.253322 0.042940
v -0.716379 0.296260 0.000002
v -0.830898 0.283683 0.030364
v -0.830898 0.296260 0.000002
v -0.716379 0.283683 0.030364
v 0.494656 0.146452 0.094260
v 0.718982 0.147197 0.094024
v 0.718982 0.161589 0.080065
v 0.489304 0.160921 0.080301
v 0.435713 0.114993 0.080301
v 0.441064 0.100524 0.094261
v 0.332830 0.100831 0.094157
v 0.329035 0.115300 0.080197
v 0.187028 0.035300 0.080197
v 0.190823 0.020831 0.094157
v -0.133443 0.034968 0.080353
v -0.139422 0.020460 0.094315
v -0.233945 0.100499 0.094313
v -0.227766 0.114929 0.080355
v -0.803494 0.101174 0.094043
v -0.832353 0.115643 0.080083
v -1.105046 0.375634 -0.001587
v -1.067945 0.375634 -0.001587
v -1.067945 0.360250 -0.001587
v -1.105046 0.360250 -0.001587
v 0.068657 0.359422 0.001390
v 0.063700 0.371862 0.001390
v 0.068657 0.371862 0.001390
v 0.050804 0.359422 0.001390
v -0.716379 0.113377 -0.036182
v -0.930106 0.098389 0.000002
v -0.930106 0.113377 -0.036182
v -0.716379 0.098389 0.000002
v -0.716379 0.149561 -0.051170
v -0.930106 0.113377 0.036186
v -0.930106 0.149561 -0.051170
v -0.716379 0.113377 0.036186
v -0.716379 0.185746 -0.036182
v -0.930106 0.149561 0.051174
v -0.930106 0.185746 -0.036182
v -0.716379 0.149561 0.051174
v -0.716379 0.200734 0.000002
v -0.930106 0.185746 0.036186
v -0.930106 0.200734 0.000002
v -0.716379 0.185746 0.036186
v -1.105046 0.360250 0.001587
v -1.067945 0.360250 0.001587
v -1.067945 0.375634 0.001587
v -1.105046 0.375634 0.001587
v 0.063700 0.371862 -0.001390
v 0.050804 0.359422 -0.001390
v 0.068657 0.359422 -0.001390
v 0.068657 0.371862 -0.001390
v -1.186693 0.114417 0.035146
v -1.506280 0.114417 0.035146
v -1.186693 0.099859 0.000002
v -1.506280 0.099859 0.000002
v -1.506280 0.149561 0.049704
v -1.186693 0.114417 -0.035142
v -1.186693 0.149561 0.049704
v -1.506280 0.114417 -0.035142
v -1.506280 0.184706 0.035146
v -1.186693 0.149561 -0.049699
v -1.186693 0.184706 0.035146
v -1.506280 0.149561 -0.049699
v -1.506280 0.199263 0.000002
v -1.186693 0.184706 -0.035142
v -1.186693 0.199263 0.000002
v -1.506280 0.184706 -0.035142
v -0.943228 0.119096 -0.030463
v -1.173909 0.106477 0.000002
v -1.173909 0.119096 -0.030463
v -0.943228 0.106477 0.000002
v -0.943228 0.149561 -0.043082
v -1.173909 0.119096 0.030468
v -1.173909 0.149561 -0.043082
v -0.943228 0.119096 0.030468
v -0.943228 0.180026 -0.030463
v -1.173909 0.149561 0.043086
v -1.173909 0.180026 -0.030463
v -0.943228 0.149561 0.043086
v -0.943228 0.192646 0.000002
v -1.173909 0.180026 0.030467
v -1.173909 0.192646 0.000002
v -0.943228 0.180026 0.030467
v 1.248581 0.169070 0.041012
v 1.430021 0.169070 0.041012
v 1.430021 0.210082 0.058000
v 1.248581 0.152082 -0.000000
v 1.248581 0.210082 0.058000
v 1.430021 0.152082 0.000000
v 1.430021 0.251094 0.041012
v 1.248581 0.169070 -0.041012
v 1.248581 0.251094 0.041012
v 1.430021 0.169070 -0.041012
v 1.430021 0.268082 -0.000000
v 1.248581 0.210082 -0.058000
v 1.248581 0.268082 0.000000
v 1.430021 0.210082 -0.058000
v 1.430021 0.251094 -0.041012
v 1.248581 0.251094 -0.041012
v -0.125887 0.339558 0.017512
v -0.083597 0.365658 0.017512
v -0.063008 0.339558 0.017512
v -0.116455 0.365658 0.017512
v -0.051460 0.365658 0.017512
v -0.047566 0.365658 0.017512
v -0.013263 0.339558 0.017512
v 0.059132 0.338945 0.017512
v 0.020158 0.349078 0.017512
v 0.059132 0.349078 0.017512
v 0.010948 0.338945 0.017512
v 0.037603 0.339232 0.017789
v 0.052257 0.354348 0.017789
v 0.047964 0.339232 0.017789
v 0.022948 0.354348 0.017789
v 0.027240 0.339232 0.017789
v 0.037603 0.369002 0.017789
v 0.047964 0.364710 0.017789
v 0.027240 0.364710 0.017789
v -0.047566 0.365658 -0.017512
v -0.063008 0.339558 -0.017512
v -0.013263 0.339558 -0.017512
v -0.051460 0.365658 -0.017512
v -0.083597 0.365658 -0.017512
v -0.125887 0.339558 -0.017512
v -0.116455 0.365658 -0.017512
v 0.010948 0.338945 -0.017512
v 0.059132 0.338945 -0.017512
v 0.020158 0.349078 -0.017512
v 0.059132 0.349078 -0.017512
v 0.052257 0.354348 -0.017789
v 0.022948 0.354348 -0.017789
v 0.037603 0.339232 -0.017789
v 0.027240 0.339232 -0.017789
v 0.047964 0.339232 -0.017789
v 0.037603 0.369002 -0.017789
v 0.027240 0.364710 -0.017789
v 0.047964 0.364710 -0.017789
v 1.363713 0.288111 -0.068806
v 0.840219 0.287169 -0.068806
v 0.840219 0.287169 0.068806
v 1.363713 0.288111 0.068806
v 0.779953 0.216493 0.068806
v 0.779953 0.216493 -0.068806
v 0.003300 0.281418 0.090007
v 0.546731 0.273859 0.076890
v 0.554631 0.281418 0.090007
v 0.011202 0.273859 0.076890
v 0.840667 0.134959 -0.074751
v 0.781429 0.204904 -0.074702
v 0.800279 0.204915 -0.094528
v 0.854269 0.144396 -0.094244
v 1.264912 0.133154 -0.073369
v 1.254689 0.143286 -0.093129
v 1.264912 0.133154 0.073369
v 0.854269 0.144396 0.094244
v 0.840667 0.134959 0.074751
v 1.254689 0.143286 0.093129
v 0.800279 0.204915 0.094528
v 0.781429 0.204904 0.074702
v -0.841395 0.227536 -0.025785
v -1.017941 0.216854 0.000002
v -1.017941 0.227536 -0.025785
v -0.841395 0.216854 0.000002
v -0.841395 0.253322 -0.036466
v -1.017941 0.227536 0.025789
v -1.017941 0.253322 -0.036466
v -0.841395 0.227536 0.025789
v -0.841395 0.279109 -0.025785
v -1.017941 0.253322 0.036470
v -1.017941 0.279109 -0.025785
v -0.841395 0.253322 0.036470
v -0.841395 0.289790 0.000002
v -1.017941 0.279109 0.025789
v -1.017941 0.289790 0.000002
v -0.841395 0.279109 0.025789
v 0.186222 0.038373 -0.072886
v 0.328229 0.118373 0.072886
v 0.328229 0.118373 -0.072886
v 0.186222 0.038373 0.072886
v 0.434572 0.118079 0.072886
v -0.132227 0.038089 -0.072886
v 0.434572 0.118079 -0.072886
v -0.132227 0.038089 0.072886
v 0.488163 0.164007 -0.072886
v -0.226650 0.118089 -0.072886
v 0.488163 0.164007 0.072886
v 0.718984 0.164628 -0.072886
v 0.718984 0.164628 0.072886
v -0.226650 0.118089 0.072886
v -0.832353 0.118700 0.072886
v -0.832353 0.118700 -0.072886
v 0.544093 0.269771 0.060873
v 0.011202 0.272770 0.074107
v 0.013838 0.269771 0.060873
v 0.546731 0.272770 0.074107
v 0.727496 0.174418 -0.120745
v 0.826821 0.182491 -0.095622
v 0.827491 0.173645 -0.120268
v 0.714842 0.183193 -0.095932
v 0.852233 0.151189 -0.096231
v 0.857918 0.134865 -0.122187
v 1.061971 0.134373 -0.123492
v 1.072320 0.150857 -0.098706
v 1.257283 -0.007923 -0.098670
v 1.247706 -0.024718 -0.123524
v 1.322805 -0.024055 -0.123036
v 1.322776 -0.007199 -0.098243
v 1.354784 -0.024535 -0.123131
v 1.354748 -0.007248 -0.098314
v 1.413380 -0.009551 -0.098627
v 1.422137 -0.026854 -0.123541
v 1.428210 0.005873 -0.121750
v 1.417724 0.017420 -0.096817
v 1.429423 0.128422 -0.121351
v 1.418319 0.127785 -0.096492
v 1.383028 0.178455 -0.121584
v 1.370258 0.179139 -0.096929
v 1.383970 0.237664 -0.121471
v 1.370525 0.236555 -0.096899
v 1.448654 0.292170 -0.097113
v 1.439731 0.277202 -0.121409
v 1.518408 0.277315 -0.122535
v 1.530748 0.292090 -0.097713
v 0.826821 0.182491 0.095622
v 0.827491 0.173645 0.120268
v 0.852233 0.151189 0.096231
v 0.727496 0.174418 0.120745
v 0.714842 0.183193 0.095932
v 0.857918 0.134865 0.122187
v 1.061971 0.134373 0.123492
v 1.072320 0.150857 0.098706
v 1.257283 -0.007923 0.098670
v 1.247706 -0.024718 0.123524
v 1.322777 -0.024070 0.123059
v 1.322748 -0.007183 0.098220
v 1.354776 -0.007232 0.098292
v 1.354811 -0.024551 0.123153
v 1.413380 -0.009551 0.098627
v 1.422137 -0.026854 0.123541
v 1.428210 0.005873 0.121750
v 1.417724 0.017420 0.096817
v 1.429448 0.128392 0.121382
v 1.418325 0.127723 0.096446
v 1.370229 0.179143 0.096874
v 1.383039 0.178497 0.121644
v 1.370523 0.236581 0.096871
v 1.383988 0.237682 0.121484
v 1.448654 0.292170 0.097113
v 1.439731 0.277202 0.121409
v 1.518408 0.277315 0.122535
v 1.530748 0.292090 0.097713
v 0.048926 0.292712 -0.058954
v 0.048926 0.292712 0.058954
v -0.125887 0.292712 0.058954
v -0.125887 0.292712 -0.058954
v 0.064199 0.292712 -0.043233
v 0.064199 0.292712 0.043233
v 0.040804 0.349083 -0.044230
v 0.040804 0.359422 -0.027644
v 0.040804 0.359422 -0.044230
v 0.040804 0.349083 -0.027644
v 0.040804 0.359422 0.027644
v 0.040804 0.349083 0.027644
v 0.040804 0.359422 0.044230
v 0.040804 0.349083 0.044230
v 0.840219 0.132994 -0.068806
v 1.264912 0.132052 -0.068806
v 1.264912 0.132052 0.068806
v 0.840219 0.132994 0.068806
v 0.779953 0.203671 -0.068806
v 0.779953 0.203671 0.068806
v -0.063008 0.329558 0.027512
v -0.013263 0.329558 0.027512
v -0.013263 0.329558 0.043233
v -0.063008 0.329558 0.043233
v -0.063008 0.329558 -0.043233
v -0.013263 0.329558 -0.043233
v -0.013263 0.329558 -0.027512
v -0.063008 0.329558 -0.027512
v 0.059132 0.328945 -0.027512
v 0.010948 0.328945 -0.043233
v 0.059132 0.328945 -0.043233
v 0.010948 0.328945 -0.027512
v 0.059132 0.328945 0.043233
v 0.010948 0.328945 0.027512
v 0.059132 0.328945 0.027512
v 0.010948 0.328945 0.043233
v 0.534103 -0.330389 -0.055087
v 0.450453 0.029933 -0.055077
v 0.480232 0.029933 -0.068819
v 0.563919 -0.330928 -0.068850
v 0.547248 -0.358088 -0.068857
v 0.517553 -0.357825 -0.055173
v 0.554133 -0.375020 -0.068871
v 0.528082 -0.402872 -0.055226
v 0.480232 0.029933 0.068819
v 0.534103 -0.330389 0.055087
v 0.563919 -0.330928 0.068850
v 0.450453 0.029933 0.055077
v 0.547248 -0.358088 0.068857
v 0.517553 -0.357825 0.055173
v 0.554133 -0.375020 0.068871
v 0.528082 -0.402872 0.055226
v 0.050804 0.339083 0.027644
v -0.124122 0.339083 0.027644
v 0.050804 0.339083 -0.027644
v -0.124122 0.339083 -0.027644
v 0.068657 0.339083 -0.044230
v 0.050804 0.339083 -0.044230
v 0.068657 0.339083 0.044230
v 0.050804 0.339083 0.044230
v -1.088567 0.349977 -0.002210
v -1.083040 0.349977 -0.002210
v -1.083040 0.349977 0.002210
v -1.088567 0.349977 0.002210
v -1.004469 0.165430 -0.020889
v -0.899529 0.235073 -0.020955
v -1.002692 0.158268 -0.017307
v -0.875543 0.242242 -0.017370
v -1.002692 0.158268 0.017307
v -0.875543 0.242242 0.017370
v -0.899529 0.235073 0.020955
v -1.004469 0.165430 0.020889
v 0.851336 0.152494 0.092598
v 0.851336 0.152494 -0.092598
v 0.827337 0.182768 -0.092598
v 1.072888 0.152869 0.092598
v 0.827337 0.182768 0.092598
v 0.714842 0.183765 0.092598
v 0.714842 0.183765 -0.092598
v 1.072888 0.152869 -0.092598
v 1.258219 -0.006075 0.092598
v 1.258219 -0.006075 -0.092598
v 1.322748 -0.005453 0.092598
v 1.322748 -0.005453 -0.092598
v 1.354748 -0.005453 0.092598
v 1.354748 -0.005453 -0.092598
v 1.412594 -0.007571 0.092598
v 1.412594 -0.007571 -0.092598
v 1.416823 0.017769 0.092598
v 1.416823 0.017769 -0.092598
v 1.417458 0.127795 0.092598
v 1.417458 0.127795 -0.092598
v 1.369459 0.178461 0.092598
v 1.369459 0.178461 -0.092598
v 1.369874 0.237437 0.092598
v 1.369873 0.237437 -0.092598
v 1.447730 0.293031 0.092598
v 1.447730 0.293031 -0.092598
v 1.530748 0.293497 -0.092598
v 1.530748 0.293497 0.092598
v 0.708474 -0.025311 -0.092598
v 0.708474 -0.025311 0.092598
v 0.692687 -0.012273 -0.074078
v 0.692687 -0.012273 0.074078
v 0.538165 0.241150 0.077056
v 0.546065 0.290082 0.090173
v 0.538165 0.282523 0.077056
v 0.546065 0.233591 0.090173
v -0.872487 0.237607 -0.008414
v -0.999713 0.153733 0.008414
v -0.999713 0.153733 -0.008414
v -0.872487 0.237607 0.008414
v 0.708474 0.181475 0.092598
v 0.708474 0.181475 -0.092598
v 0.692687 0.168437 0.074078
v 0.692687 0.168437 -0.074078
v 0.511724 -0.356696 -0.046039
v 0.511724 -0.356696 0.046039
v 0.528398 -0.329670 -0.046039
v 0.522194 -0.404265 0.046039
v 0.522194 -0.404265 -0.046039
v 0.528398 -0.329669 0.046039
v 0.444880 0.028646 0.046039
v 0.444880 0.028646 -0.046039
v 0.718682 0.165528 0.122107
v 0.706472 0.174342 0.098040
v 0.706116 0.153438 0.099691
v 0.691166 0.160961 0.080219
v 0.706129 0.011878 0.099715
v 0.691214 -0.004788 0.080281
v 0.706584 -0.018009 0.098223
v 0.718719 0.001320 0.122192
v 0.536924 0.241150 0.073852
v 0.534286 0.279524 0.060618
v 0.534286 0.244148 0.060618
v 0.536924 0.282523 0.073852
v 0.705923 0.011678 -0.099402
v 0.706584 -0.018009 -0.098223
v 0.691305 -0.004992 -0.080383
v 0.718719 0.001320 -0.122192
v 0.706472 0.174342 -0.098040
v 0.705949 0.153690 -0.099427
v 0.691250 0.161340 -0.080300
v 0.718682 0.165528 -0.122107
v 0.718784 0.001699 -0.122323
v 0.705572 0.153110 -0.098839
v 0.718784 0.164987 -0.122323
v 0.705572 0.012081 -0.098839
v 0.718784 0.001699 0.122323
v 0.718784 0.164987 0.122323
v 0.705572 0.153110 0.098839
v 0.705572 0.012081 0.098839
v -1.408492 0.047181 0.019154
v -1.407003 -0.047173 -0.019154
v -1.408492 0.047181 -0.019154
v -1.407003 -0.047173 0.019154
v -1.392185 0.054891 0.019154
v -1.392185 0.054891 -0.019154
v -1.375879 0.047181 0.019154
v -1.375879 0.047181 -0.019154
v -1.377368 -0.005647 -0.019154
v -1.377368 -0.005647 0.019154
v 0.689478 0.160727 -0.076956
v 0.706352 0.012081 -0.100022
v 0.689364 -0.004563 -0.076546
v 0.706352 0.153110 -0.100022
v 0.689055 -0.004563 0.074078
v 0.689055 0.160727 0.074078
v -1.029635 0.279707 -0.017686
v -1.044450 0.310171 0.011770
v -1.029635 0.279708 0.017686
v -1.044450 0.310171 -0.011770
v -1.058031 0.352214 -0.010516
v -1.058031 0.352214 0.010516
v -1.057945 0.360250 0.008413
v -1.057945 0.360250 0.016826
v -1.057945 0.375634 0.016826
v -1.057945 0.375634 0.008413
v -1.057945 0.360250 -0.008413
v -1.057945 0.360250 -0.016826
v -1.057945 0.375634 -0.008413
v -1.057945 0.375634 -0.016826
v -1.075489 0.369510 0.000597
v -1.073474 0.362890 -0.002210
v -1.075489 0.369510 -0.000597
v -1.073474 0.362890 0.002210
v -1.023572 0.293964 0.000002
v -1.013345 0.278318 0.024998
v -1.013345 0.288671 0.000002
v -1.013345 0.278318 -0.024994
v -1.023572 0.282060 0.028741
v -1.023572 0.282060 -0.028737
v -1.023571 0.253322 0.040644
v -1.023571 0.253322 -0.040640
v -1.013345 0.253322 0.035351
v -1.013345 0.253322 -0.035347
v -1.013344 0.228328 0.024998
v -1.013344 0.228328 -0.024994
v -1.023571 0.224583 0.028741
v -1.023571 0.224583 -0.028737
v -1.023571 0.212679 0.000002
v -1.013344 0.217973 0.000002
v -1.182096 0.198144 0.000002
v -1.169312 0.179235 0.029676
v -1.169312 0.191527 0.000002
v -1.169312 0.179234 -0.029672
v -1.182096 0.183915 0.034354
v -1.182096 0.183915 -0.034351
v -1.182096 0.149561 0.048585
v -1.182096 0.149561 -0.048580
v -1.169312 0.149561 0.041967
v -1.169312 0.149561 -0.041963
v -1.169312 0.119887 0.029677
v -1.169312 0.119887 -0.029672
v -1.182097 0.115208 0.034355
v -1.182096 0.115208 -0.034351
v -1.182096 0.100978 0.000002
v -1.169312 0.107596 0.000002
v -1.208466 -0.016151 -0.019154
v -1.208466 0.121633 -0.019154
v -1.208466 0.121633 0.019154
v -1.208466 -0.016151 0.019154
vn -0.6304 0.7763 -0.0004
vn -0.8039 -0.4206 -0.4206
vn -0.6303 0.5492 0.5487
vn -0.8041 -0.0006 -0.5944
vn -0.8043 -0.5942 -0.0005
vn -0.6305 -0.0003 0.7762
vn -0.8045 -0.4202 0.4198
vn -0.8044 0.4197 -0.4205
vn -0.6299 0.5492 -0.5492
vn -0.6302 -0.5493 0.5488
vn -0.6301 -0.0003 -0.7765
vn -0.6302 -0.7765 -0.0004
vn -0.8044 0.0003 0.5940
vn -0.8043 0.5942 -0.0006
vn -0.8041 0.4207 0.4200
vn -0.6302 -0.5487 -0.5493
vn 0.2779 -0.0005 0.9606
vn -0.9987 0.0004 0.0507
vn 0.2781 0.6792 0.6792
vn 0.2781 -0.6792 0.6792
vn -0.9987 0.0358 0.0358
vn -0.9987 -0.0361 0.0361
vn -0.9987 0.0508 0.0003
vn -0.9987 -0.0508 0.0004
vn 0.2786 0.9604 -0.0002
vn 0.2779 -0.9606 -0.0005
vn 0.2781 0.6789 -0.6795
vn 0.2779 -0.6790 -0.6795
vn -0.9987 0.0361 -0.0361
vn -0.9987 -0.0361 -0.0361
vn -0.9987 0.0004 -0.0507
vn 0.2786 -0.0002 -0.9604
vn -0.5776 0.5770 0.5775
vn -0.5772 -0.5772 -0.5777
vn -0.5772 -0.5777 0.5772
vn -0.5772 0.5777 -0.5772
vn -0.1538 -0.9881 0.0003
vn 0.6302 -0.5490 -0.5490
vn 0.6302 -0.7764 -0.0005
vn -0.1538 -0.6987 -0.6987
vn 0.6306 0.0001 -0.7761
vn -0.1538 -0.6987 0.6987
vn 0.6302 -0.5490 0.5490
vn -0.1538 0.0004 -0.9881
vn 0.6302 0.5490 -0.5490
vn -0.1538 0.6986 -0.6988
vn 0.6306 0.7761 0.0001
vn -0.1538 0.9881 0.0005
vn 0.6302 0.5490 0.5490
vn -0.1538 0.0005 0.9881
vn 0.6302 -0.0005 0.7764
vn -0.1538 0.6987 0.6987
vn 0.5771 -0.5774 -0.5776
vn 0.5066 -0.1742 0.8444
vn 0.5772 -0.5772 0.5777
vn 0.4279 -0.2249 -0.8754
vn 0.8030 -0.1483 0.5773
vn 0.8028 -0.1481 -0.5775
vn -0.6303 0.5492 0.5486
vn -0.6301 0.7765 -0.0004
vn -1.0000 -0.0000 -0.0000
vn -0.6300 0.5489 -0.5493
vn -1.0000 0.0005 0.0005
vn -1.0000 0.0002 0.0002
vn -0.6299 -0.5492 -0.5492
vn -0.6299 -0.7767 -0.0000
vn -0.6302 -0.5493 0.5487
vn 0.2778 -0.0005 0.9606
vn 0.2780 0.6792 0.6792
vn 0.2778 -0.6794 0.6791
vn -0.9987 -0.0358 0.0361
vn -0.9987 0.0506 0.0004
vn -0.9987 -0.0507 0.0005
vn 0.2785 0.9604 -0.0002
vn 0.2778 -0.9606 -0.0006
vn 0.2780 0.6792 -0.6792
vn 0.2780 -0.6792 -0.6792
vn -0.9987 0.0360 -0.0360
vn -0.9987 -0.0360 -0.0360
vn -0.9987 0.0004 -0.0506
vn 0.2785 -0.0002 -0.9604
vn -0.7830 0.1738 0.5972
vn -0.7255 -0.0748 0.6842
vn -0.7254 -0.0738 -0.6843
vn -0.5679 0.5250 -0.6339
vn -0.5684 0.5247 0.6337
vn -0.7826 0.1736 -0.5979
vn -0.9047 -0.3014 0.3013
vn -0.6465 0.2230 -0.7296
vn -0.5771 -0.5776 -0.5774
vn -0.9043 -0.3021 -0.3016
vn -0.6471 0.2231 0.7290
vn -0.7490 -0.4327 0.5017
vn -0.3922 0.6551 0.6458
vn -0.3922 0.6553 -0.6456
vn -0.7490 -0.4326 -0.5018
vn 0.8874 -0.4527 0.0864
vn -0.1958 0.0715 -0.9780
vn 0.8651 -0.4788 0.1497
vn 0.0992 -0.6857 -0.7211
vn 0.5170 0.2383 -0.8221
vn 0.9481 -0.3080 0.0788
vn 0.5190 0.2359 0.8216
vn -0.1958 0.0715 0.9780
vn 0.8489 -0.5062 -0.1521
vn 0.9393 -0.3238 -0.1132
vn 0.8874 -0.4528 -0.0863
vn 0.0990 -0.6854 0.7214
vn -0.9985 0.0541 -0.0000
vn 0.2821 0.6784 0.6784
vn -0.9985 0.0385 0.0385
vn -0.9985 0.0001 0.0543
vn 0.2821 0.9594 -0.0000
vn 0.2823 -0.0000 0.9593
vn 0.2821 0.6784 -0.6784
vn 0.2821 -0.6784 0.6784
vn -0.9985 0.0385 -0.0385
vn -0.9985 -0.0385 0.0385
vn -0.9985 -0.0000 -0.0541
vn -0.9985 -0.0545 -0.0000
vn 0.2821 0.0004 -0.9594
vn 0.2825 -0.9593 -0.0000
vn 0.2821 -0.6784 -0.6784
vn -0.9985 -0.0385 -0.0385
vn 0.2822 0.6784 0.6784
vn -0.9985 0.0002 0.0542
vn 0.2822 0.9594 0.0004
vn 0.2826 -0.0000 0.9592
vn 0.2822 0.6784 -0.6784
vn -0.9985 0.0001 -0.0542
vn -0.9985 -0.0543 0.0001
vn 0.2822 0.0005 -0.9594
vn 0.2826 -0.9592 -0.0000
vn -0.4293 -0.6947 -0.5772
vn 0.6949 -0.4287 -0.5773
vn -0.4292 -0.6946 0.5774
vn 0.6950 -0.4287 0.5772
vn 0.4273 0.6959 0.5772
vn 0.6957 -0.4274 0.5774
vn 0.6957 -0.4274 -0.5774
vn 0.4274 0.6956 -0.5775
vn -0.3803 0.7225 0.5773
vn -0.7224 -0.3803 -0.5775
vn -0.7225 -0.3806 0.5772
vn -0.3801 0.7227 -0.5772
vn -0.8079 0.1172 0.5776
vn -0.8080 0.1173 -0.5774
vn -0.1170 -0.8081 0.5772
vn -0.1172 -0.8079 -0.5776
vn -0.3558 -0.6184 0.7007
vn 0.2463 -0.6081 -0.7546
vn 0.4466 -0.6726 0.5901
vn -0.4137 -0.6833 -0.6016
vn 0.2475 -0.4244 -0.8710
vn -0.2890 -0.4605 0.8393
vn 0.3483 -0.4524 0.8210
vn 0.5770 -0.5775 0.5775
vn 0.5772 -0.5772 -0.5777
vn -0.3213 -0.4903 -0.8102
vn -0.2995 -0.6354 0.7117
vn -0.3625 -0.6984 -0.6171
vn -0.1988 -0.4890 0.8493
vn -0.2968 -0.5233 -0.7988
vn 0.0740 -0.4197 0.9046
vn 0.0555 -0.5087 -0.8592
vn 0.5862 -0.1842 0.7889
vn 0.5921 -0.1984 -0.7811
vn 0.7074 -0.0002 0.7068
vn 0.7071 -0.0005 -0.7071
vn 0.7072 -0.0004 0.7070
vn 0.5771 -0.5773 0.5777
vn 0.5772 -0.5777 -0.5772
vn -0.2345 -0.6066 -0.7596
vn -0.8126 0.5787 0.0692
vn 0.0773 0.7794 -0.6218
vn -0.9716 -0.2329 0.0408
vn -0.2350 -0.6065 0.7595
vn 0.0796 0.7767 0.6249
vn -0.8152 0.5760 -0.0605
vn -0.9736 -0.2238 -0.0455
vn 0.2135 -0.9504 0.2263
vn -0.0168 0.1231 -0.9923
vn 0.5157 -0.8265 0.2256
vn 0.4488 -0.8803 0.1539
vn 0.6871 -0.1551 -0.7098
vn 0.0257 -0.3917 -0.9197
vn -0.1931 -0.3418 -0.9197
vn -0.3585 -0.8722 0.3328
vn -0.1309 0.0543 -0.9899
vn -0.3670 -0.8785 0.3059
vn -0.2395 -0.4015 -0.8840
vn -0.2531 -0.9148 0.3147
vn -0.1026 -0.0273 -0.9943
vn -0.2760 -0.8943 0.3523
vn 0.3291 -0.8729 0.3601
vn -0.1883 0.0171 -0.9820
vn 0.0954 -0.0691 -0.9930
vn 0.9112 -0.2538 0.3245
vn 0.3336 -0.0004 -0.9427
vn 0.9433 0.0040 0.3319
vn 0.3339 0.0021 -0.9426
vn 0.9444 0.0099 0.3287
vn 0.3231 0.0003 -0.9464
vn 0.9464 0.0063 0.3229
vn 0.8470 -0.4081 0.3405
vn 0.3081 -0.7130 -0.6298
vn -0.1373 0.0271 0.9902
vn 0.4475 -0.8808 -0.1546
vn 0.6880 -0.1559 0.7088
vn 0.2659 -0.9368 -0.2275
vn 0.2139 -0.9606 -0.1774
vn 0.1257 -0.2394 0.9628
vn -0.1942 -0.3299 0.9238
vn -0.4993 -0.8505 -0.1653
vn -0.1241 0.0625 0.9903
vn -0.3993 -0.8922 -0.2108
vn -0.2416 -0.3696 0.8972
vn -0.3790 -0.9016 -0.2084
vn -0.4008 -0.8733 -0.2768
vn -0.0189 0.0278 0.9994
vn 0.3178 -0.8844 -0.3418
vn -0.0806 0.1827 0.9799
vn 0.0893 -0.0571 0.9944
vn 0.9113 -0.2558 -0.3225
vn 0.3309 0.0004 0.9437
vn 0.9403 0.0057 -0.3403
vn 0.9428 0.0054 -0.3333
vn 0.3276 0.0004 0.9448
vn 0.9462 0.0030 -0.3235
vn 0.3201 0.0001 0.9474
vn 0.8470 -0.4082 -0.3405
vn 0.3071 -0.7124 0.6311
vn -0.4442 0.5150 -0.7332
vn 0.3219 -0.7593 -0.5656
vn -0.6426 -0.7650 0.0419
vn -0.9864 -0.1619 0.0273
vn -0.4438 0.5151 0.7333
vn -0.6430 -0.7647 -0.0419
vn 0.3219 -0.7593 0.5656
vn -0.9868 -0.1600 -0.0265
vn -0.7480 -0.2062 -0.6308
vn 0.7846 0.1235 -0.6076
vn 0.4669 -0.8719 -0.1473
vn -0.0677 -0.9873 -0.1439
vn -0.7479 -0.2062 0.6310
vn 0.4669 -0.8719 0.1473
vn 0.7846 0.1234 0.6075
vn -0.0680 -0.9873 0.1439
vn -0.0747 0.6200 -0.7811
vn -0.3162 0.7092 0.6301
vn -0.1401 0.5609 0.8159
vn 0.2405 0.7804 -0.5772
vn 0.2401 0.7804 0.5773
vn -0.1878 0.6560 -0.7310
vn -0.7955 0.1842 0.5772
vn -0.7952 0.1844 -0.5776
vn 0.7764 -0.3027 0.5528
vn -0.0005 -0.7857 0.6187
vn -0.0004 -0.7854 -0.6189
vn 0.5809 -0.3584 -0.7308
vn 0.5775 0.5770 0.5775
vn 0.5772 0.5772 -0.5777
vn -0.7769 -0.3014 -0.5529
vn -0.5797 -0.3576 0.7322
vn -0.5776 0.5771 0.5773
vn 0.7907 0.5692 -0.2255
vn 0.8488 -0.4540 -0.2710
vn -0.1775 -0.5700 -0.8022
vn -0.2686 0.7090 -0.6521
vn 0.7909 0.5692 0.2247
vn -0.1930 -0.5561 0.8084
vn 0.8381 -0.4695 0.2777
vn -0.2581 0.7189 0.6455
vn -0.5772 -0.5772 0.5777
vn -0.5775 -0.5771 -0.5774
vn -0.5777 0.5772 0.5772
vn 0.5775 0.5775 0.5770
vn 0.5777 0.5771 -0.5773
vn -0.5772 0.5772 -0.5777
vn 0.5777 0.5772 -0.5772
vn 0.5772 0.5771 -0.5777
vn -0.5776 0.5772 0.5772
vn 0.5775 0.5771 -0.5774
vn 0.5776 0.5771 -0.5773
vn -0.0000 0.7075 0.7068
vn -0.3017 0.9043 0.3020
vn -0.0000 0.7068 -0.7074
vn 0.5776 0.5772 -0.5772
vn -0.0005 0.7070 -0.7072
vn -0.0000 0.7074 0.7068
vn 0.1312 0.5100 -0.8501
vn 0.0698 0.5954 0.8004
vn -0.1102 0.8090 -0.5773
vn -0.1099 0.8092 0.5771
vn -0.3019 0.9043 -0.3018
vn -0.0000 0.7068 -0.7075
vn 0.5770 0.5775 0.5775
vn -0.3011 0.9048 0.3012
vn -0.3015 0.9044 -0.3021
vn -0.5774 0.5771 -0.5775
vn 0.2415 -0.5819 0.7766
vn 0.1049 -0.7213 0.6846
vn 0.1451 -0.5530 -0.8204
vn 0.1056 -0.7614 -0.6396
vn -0.5777 -0.5772 -0.5772
vn -0.0721 -0.5546 -0.8290
vn -0.0739 -0.5829 0.8092
vn -0.1304 -0.7042 -0.6979
vn -0.1284 -0.7878 0.6024
vn -0.0659 -0.4766 -0.8766
vn -0.0494 -0.5242 0.8501
vn -0.1712 -0.8165 0.5513
vn -0.2772 -0.5528 -0.7859
vn 0.5776 -0.5771 -0.5774
vn -0.3335 0.3984 0.8544
vn -0.0000 0.5940 -0.8045
vn -0.0001 0.5947 0.8039
vn 0.3333 0.3990 -0.8542
vn -0.3309 0.4684 -0.8192
vn 0.3309 0.4684 0.8192
vn -0.6097 0.0370 0.7918
vn 0.6098 0.0376 -0.7917
vn -0.6120 0.0402 -0.7898
vn -0.7128 0.3979 0.5775
vn -0.7130 0.3980 -0.5772
vn 0.6115 0.0399 0.7902
vn 0.7131 0.3977 -0.5774
vn 0.7132 0.3977 0.5772
vn -0.0004 0.5942 0.8043
vn 0.3598 0.3598 -0.8609
vn 0.0005 0.5942 -0.8043
vn 0.7132 0.3978 0.5771
vn 0.0552 -0.1940 -0.9795
vn -0.8502 0.4710 -0.2353
vn -0.2642 0.9348 -0.2375
vn -0.4760 -0.5100 -0.7164
vn -0.2200 0.9048 -0.3647
vn 0.1429 -0.4010 -0.9049
vn -0.3580 0.8897 -0.2833
vn 0.6924 0.5090 -0.5114
vn -0.5748 -0.8181 -0.0198
vn 0.0215 -0.0545 -0.9983
vn 0.3250 -0.9454 -0.0259
vn -0.5807 0.0189 -0.8139
vn 0.2742 -0.9602 -0.0522
vn -0.0558 0.2182 -0.9743
vn -0.2985 -0.9536 -0.0402
vn 0.1108 0.2863 -0.9517
vn 0.0242 -0.1000 -0.9947
vn -0.2366 -0.9701 -0.0534
vn -0.3714 -0.9277 -0.0370
vn 0.1794 0.3529 -0.9183
vn 0.0481 -0.1345 -0.9897
vn -0.3091 -0.9501 -0.0416
vn 0.4553 -0.8903 0.0059
vn 0.6916 -0.0217 -0.7219
vn -0.4798 -0.5087 0.7149
vn 0.0552 -0.1940 0.9795
vn -0.8480 0.4755 0.2339
vn -0.2128 0.9352 0.2832
vn -0.2200 0.9046 0.3650
vn 0.1085 -0.4419 0.8905
vn -0.3580 0.8897 0.2833
vn 0.6925 0.5089 0.5113
vn 0.0459 -0.0889 0.9950
vn -0.5812 0.0201 0.8135
vn -0.5748 -0.8181 0.0198
vn 0.2542 -0.9660 -0.0472
vn 0.2749 -0.9602 0.0500
vn 0.0267 0.1838 0.9826
vn -0.2997 -0.9533 0.0380
vn 0.1754 0.1892 0.9661
vn 0.0225 -0.1071 0.9940
vn -0.3506 -0.9347 -0.0579
vn -0.3751 -0.9265 0.0311
vn 0.2597 0.2260 0.9389
vn 0.0424 -0.1625 0.9858
vn -0.4491 -0.8868 -0.1094
vn 0.4553 -0.8903 -0.0059
vn 0.6911 -0.0219 0.7224
vn -0.5776 0.5771 -0.5773
vn 0.7070 0.7072 -0.0005
vn -0.3031 0.6290 0.7159
vn 0.3012 0.9046 0.3016
vn -0.7187 0.6314 0.2912
vn 0.5775 0.5771 -0.5775
vn 0.3013 0.9046 -0.3016
vn -0.7184 0.6314 -0.2920
vn -0.3023 0.6290 -0.7163
vn 0.7072 0.7070 -0.0005
vn 0.9245 0.3811 -0.0101
vn 0.4538 0.8910 -0.0163
vn -0.0123 -0.3132 -0.9496
vn -0.1974 -0.0789 -0.9771
vn 0.9296 0.3632 0.0621
vn 0.1147 0.7462 -0.6557
vn 0.0465 0.1014 -0.9938
vn 0.2822 0.9574 0.0613
vn 0.2819 0.9586 -0.0411
vn 0.0415 -0.2011 -0.9787
vn -0.4339 0.9007 0.0209
vn 0.3242 -0.2321 -0.9171
vn 0.0168 0.4126 -0.9107
vn -0.6263 0.7197 0.2997
vn 0.3470 0.9061 0.2422
vn 0.7853 0.2085 -0.5829
vn -0.0123 -0.3132 0.9496
vn 0.9313 0.3642 -0.0061
vn -0.1785 -0.0215 0.9837
vn 0.9297 0.3630 -0.0621
vn 0.1147 0.7462 0.6557
vn 0.4326 0.8946 0.1123
vn 0.0466 0.1010 0.9938
vn 0.3568 0.9338 0.0247
vn 0.2794 0.9590 0.0485
vn -0.0666 -0.2347 0.9698
vn -0.4268 0.9043 -0.0126
vn 0.2514 -0.3764 0.8917
vn 0.0652 0.3355 0.9398
vn -0.3405 0.9395 -0.0380
vn 0.3471 0.9060 -0.2421
vn 0.7851 0.2083 0.5833
vn 0.5494 0.1990 0.8115
vn 0.5631 0.1831 -0.8058
vn 0.2841 0.3515 0.8920
vn 0.3787 0.3876 -0.8405
vn 0.3037 0.7114 -0.6338
vn 0.1856 0.6623 0.7259
vn 0.1913 0.5366 0.8219
vn 0.2567 0.5672 -0.7825
vn -0.0420 0.4087 0.9117
vn -0.0202 0.4638 -0.8857
vn -0.2141 0.8420 -0.4952
vn -0.3067 0.4812 0.8212
vn 0.5771 0.5776 0.5773
vn 0.5771 0.5773 -0.5777
vn 0.9047 -0.3016 -0.3009
vn 0.9043 -0.3020 0.3016
vn 0.5776 0.5774 0.5771
vn 0.8091 0.1096 0.5773
vn -0.1099 0.8089 -0.5776
vn 0.8092 0.1096 -0.5772
vn 0.8092 0.1097 -0.5773
vn -0.2942 0.7180 -0.6308
vn -0.3313 -0.7090 -0.6226
vn -0.2449 -0.5233 -0.8162
vn 0.5782 -0.5765 -0.5773
vn 0.5771 0.5775 -0.5774
vn -0.2264 0.5513 -0.8030
vn 0.2100 0.5699 -0.7944
vn -0.2671 -0.7238 -0.6362
vn -0.2125 -0.5699 -0.7938
vn 0.2650 0.7242 -0.6367
vn 0.1901 0.5902 -0.7845
vn -0.0057 -0.7085 -0.7056
vn -0.0078 -0.7069 -0.7073
vn 0.2350 0.7282 -0.6438
vn 0.2936 -0.3903 -0.8726
vn -0.3781 0.6929 -0.6140
vn -0.7308 0.2147 -0.6480
vn 0.6682 -0.0939 -0.7380
vn -0.7078 -0.0055 -0.7064
vn 0.5594 0.2161 -0.8003
vn -0.7066 -0.0062 -0.7076
vn 0.7220 0.2787 -0.6332
vn 0.6965 -0.3670 -0.6166
vn -0.7067 -0.0035 -0.7075
vn 0.2294 -0.7287 -0.6453
vn -0.5763 -0.5784 -0.5773
vn -0.2940 0.7180 0.6309
vn -0.2453 -0.5225 0.8166
vn -0.3315 -0.7090 0.6224
vn 0.5779 -0.5770 0.5772
vn 0.5766 0.5780 0.5774
vn -0.2271 0.5517 0.8025
vn 0.2099 0.5698 0.7945
vn -0.2675 -0.7234 0.6365
vn -0.2124 -0.5698 0.7938
vn 0.2646 0.7245 0.6365
vn 0.1898 0.5901 0.7847
vn -0.0062 -0.7082 0.7060
vn -0.0081 -0.7066 0.7076
vn 0.2346 0.7284 0.6437
vn 0.2937 -0.3899 0.8728
vn -0.3779 0.6932 0.6138
vn -0.7308 0.2153 0.6477
vn 0.6681 -0.0935 0.7382
vn -0.7080 -0.0054 0.7062
vn 0.5594 0.2167 0.8001
vn -0.7068 -0.0061 0.7074
vn 0.7219 0.2790 0.6333
vn 0.6962 -0.3673 0.6168
vn -0.7071 -0.0030 0.7071
vn 0.2285 -0.7289 0.6454
vn -0.5768 -0.5779 0.5773
vn 0.1695 0.4200 0.8915
vn 0.1695 -0.4200 0.8916
vn 0.7032 -0.7055 -0.0882
vn 0.7033 0.7053 -0.0884
vn 0.4552 0.5056 0.7329
vn 0.4552 -0.5052 0.7332
vn 0.6563 -0.6429 -0.3949
vn 0.6565 0.6427 -0.3949
vn -0.0004 0.9657 -0.2596
vn 0.4120 0.1868 0.8918
vn 0.7109 0.6967 -0.0955
vn -0.4124 0.1865 0.8917
vn -0.7107 0.6969 -0.0959
vn 0.3230 -0.7111 -0.6245
vn 0.3232 0.7105 -0.6251
vn 0.8113 0.0003 -0.5846
vn -0.2193 0.7295 -0.6479
vn -0.5774 -0.5775 -0.5771
vn -0.6950 0.3737 -0.6142
vn 0.2091 0.5719 -0.7933
vn -0.2094 -0.5720 -0.7931
vn 0.2653 0.7233 -0.6376
vn 0.1617 -0.6186 -0.7689
vn -0.2649 -0.7238 -0.6371
vn -0.1923 0.7313 -0.6544
vn 0.3516 0.7026 -0.6187
vn -0.1620 0.6180 -0.7693
vn 0.2539 0.5080 -0.8231
vn 0.7460 -0.3743 -0.5508
vn 0.3526 0.7017 -0.6191
vn 0.1917 -0.7319 -0.6539
vn 0.2103 -0.5703 -0.7941
vn -0.5776 0.5773 -0.5772
vn 0.2680 -0.7232 -0.6365
vn -0.5771 -0.5778 -0.5771
vn -0.5774 -0.5775 0.5771
vn -0.2186 0.7300 0.6475
vn -0.6946 0.3745 0.6142
vn 0.3236 -0.7108 0.6246
vn 0.3229 0.7111 0.6245
vn 0.8112 -0.0004 0.5848
vn -0.3746 0.6948 -0.6139
vn 0.2802 -0.4532 -0.8462
vn -0.2640 0.4893 -0.8312
vn -0.0005 0.7073 -0.7070
vn 0.4781 -0.6465 -0.5945
vn 0.6648 0.4907 -0.5632
vn 0.4187 -0.6769 -0.6054
vn -0.2052 -0.7309 -0.6509
vn -0.1717 -0.6107 -0.7730
vn 0.2394 0.5326 -0.8118
vn -0.3187 -0.7121 -0.6256
vn -0.2111 0.5695 -0.7944
vn 0.3191 0.7116 -0.6259
vn -0.2680 0.7230 -0.6367
vn -0.5777 0.5772 -0.5772
vn -0.7216 -0.2763 -0.6348
vn 0.2549 0.5074 0.8231
vn 0.7458 -0.3747 0.5508
vn 0.3522 0.7025 0.6184
vn -0.2658 -0.7235 0.6371
vn 0.3516 0.7026 0.6187
vn 0.2093 0.5711 0.7937
vn -0.2100 -0.5712 0.7935
vn 0.2650 0.7234 0.6375
vn 0.1616 -0.6185 0.7690
vn -0.1920 0.7318 0.6539
vn -0.1623 0.6180 0.7693
vn 0.1915 -0.7317 0.6541
vn 0.2103 -0.5701 0.7942
vn -0.5776 0.5774 0.5771
vn 0.2672 -0.7234 0.6367
vn -0.5776 -0.5773 0.5771
vn -0.3746 0.6948 0.6139
vn 0.2796 -0.4531 0.8465
vn 0.4780 -0.6467 0.5944
vn 0.6644 0.4909 0.5636
vn -0.2644 0.4893 0.8311
vn 0.4182 -0.6770 0.6056
vn -0.2053 -0.7307 0.6511
vn -0.1717 -0.6104 0.7733
vn -0.3021 -0.3013 0.9044
vn -0.3018 0.3010 0.9046
vn 0.2391 0.5328 0.8118
vn -0.0006 -0.7071 0.7071
vn -0.3185 -0.7121 0.6257
vn 0.3010 0.3015 0.9047
vn 0.3014 -0.3013 0.9047
vn -0.2111 0.5704 0.7938
vn 0.3188 0.7122 0.6254
vn -0.2671 0.7235 0.6366
vn -0.5776 0.5773 0.5771
vn -0.7219 -0.2754 0.6348
vn -0.5147 0.4356 0.7385
vn 0.6351 0.6696 -0.3852
vn -0.6351 0.6696 -0.3851
vn 0.5144 0.4359 0.7385
vn -0.8042 -0.4203 0.4203
vn 0.8042 -0.4203 0.4203
vn -0.8043 -0.5942 0.0004
vn 0.8042 -0.5944 -0.0005
vn 0.8039 -0.0001 0.5947
vn -0.8042 -0.4204 -0.4201
vn -0.8045 -0.0000 0.5940
vn 0.8042 -0.4203 -0.4203
vn 0.8042 0.4203 0.4203
vn -0.8043 -0.0004 -0.5942
vn -0.8042 0.4203 0.4203
vn 0.8042 -0.0005 -0.5944
vn 0.8045 0.5940 -0.0001
vn -0.8042 0.4203 -0.4203
vn -0.8045 0.5940 -0.0000
vn 0.8042 0.4203 -0.4203
vn -0.2454 -0.7268 0.6415
vn 0.7312 -0.1284 0.6700
vn -0.1978 -0.5848 0.7867
vn 0.4603 -0.6564 0.5977
vn 0.5771 0.5773 0.5776
vn 0.0614 0.8437 0.5332
vn 0.0698 -0.8264 0.5588
vn 0.5164 0.8231 0.2363
vn 0.5262 -0.8098 0.2596
vn 0.5582 -0.8096 -0.1816
vn 0.5192 0.8283 -0.2107
vn 0.8163 0.5775 0.0121
vn 0.8165 -0.5772 0.0122
vn 0.0265 -0.1588 -0.9870
vn -0.4481 -0.8911 0.0722
vn -0.0026 0.2725 -0.9622
vn -0.1712 0.1620 -0.9718
vn -0.2624 -0.9648 -0.0179
vn 0.3706 -0.9283 0.0304
vn 0.2082 -0.2394 -0.9483
vn -0.0165 -0.1531 -0.9881
vn 0.6138 -0.7892 -0.0206
vn 0.3468 -0.9315 0.1099
vn -0.3621 -0.9302 0.0605
vn -0.7507 -0.1084 -0.6517
vn 0.5790 -0.8097 -0.0962
vn -0.1771 0.3302 -0.9272
vn 0.0023 -1.0000 0.0001
vn -0.0017 -0.0011 -1.0000
vn 0.3042 -0.9497 0.0749
vn 0.7705 -0.1646 -0.6159
vn -0.7394 -0.3465 0.5772
vn -0.6513 0.1161 0.7499
vn -0.7392 -0.3467 -0.5773
vn -0.9185 -0.1921 -0.3456
vn -0.5771 0.5773 -0.5776
vn -0.9194 -0.1961 0.3409
vn -0.6510 0.1140 -0.7504
vn -0.7391 -0.3469 -0.5774
vn -0.7394 -0.3465 0.5773
vn 0.5771 0.5773 -0.5776
vn -0.1967 -0.5853 -0.7866
vn -0.5772 -0.5777 -0.5772
vn 0.7312 -0.1284 -0.6700
vn -0.2446 -0.7269 -0.6417
vn 0.4609 -0.6560 -0.5977
vn 0.5870 -0.0965 -0.8038
vn 0.3612 0.7239 -0.5878
vn 0.7861 -0.0549 -0.6156
vn -0.6975 0.4254 -0.5766
vn -0.4969 -0.6354 -0.5910
vn 0.6453 -0.5129 -0.5662
vn -0.1705 0.1742 0.9698
vn -0.4480 -0.8911 -0.0722
vn 0.2146 0.1749 0.9609
vn 0.0242 -0.1708 0.9850
vn 0.2944 -0.9557 -0.0023
vn -0.3918 -0.9110 -0.1289
vn -0.0188 -0.1358 0.9906
vn 0.2057 -0.2428 0.9480
vn 0.2373 -0.9714 0.0067
vn -0.3620 -0.9302 -0.0605
vn -0.7506 -0.1084 0.6518
vn 0.4579 -0.8769 -0.1464
vn 0.5864 -0.8060 0.0805
vn -0.0302 0.3179 0.9476
vn 0.0023 -1.0000 -0.0002
vn -0.0016 -0.0008 1.0000
vn 0.3042 -0.9497 -0.0749
vn 0.7703 -0.1646 0.6160
vn -0.7672 -0.0442 -0.6399
vn 0.0004 -0.7765 -0.6302
vn -0.5487 -0.5494 -0.6302
vn 0.7673 -0.0445 -0.6398
vn 0.5494 -0.5487 -0.6301
vn -0.0003 0.7068 -0.7074
vn -0.4856 0.6421 -0.5932
vn 0.4854 0.6419 -0.5936
vn -0.6975 0.4254 0.5766
vn 0.5870 -0.0965 0.8038
vn 0.3612 0.7244 0.5872
vn 0.7857 -0.0557 0.6162
vn -0.4971 -0.6354 0.5909
vn 0.6449 -0.5134 0.5662
vn -0.5777 -0.5772 0.5772
vn -0.5772 0.5777 0.5772
vn 0.5772 -0.5777 0.5772
vn 0.7671 -0.0449 0.6399
vn -0.7672 -0.0442 0.6399
vn -0.0004 -0.7765 0.6301
vn -0.5494 -0.5487 0.6302
vn 0.5487 -0.5494 0.6301
vn -0.0003 0.7074 0.7068
vn 0.4849 0.6425 0.5933
vn -0.4850 0.6426 0.5932
vn -0.6617 0.6139 -0.4304
vn 0.4816 -0.4855 -0.7296
vn -0.4812 -0.4859 -0.7296
vn 0.6615 0.6137 -0.4309
vn -0.5773 0.5776 -0.5771
vn 0.2906 -0.7187 -0.6317
vn 0.7159 -0.3037 -0.6287
vn 0.5775 0.5770 -0.5775
vn -0.5775 0.5775 0.5770
vn -0.5771 0.5772 -0.5777
vn 0.0004 -0.7074 -0.7069
vn 0.2450 0.7264 -0.6421
vn 0.7954 -0.2680 -0.5436
vn -0.0003 -0.7074 -0.7068
vn -0.2453 -0.7269 -0.6414
vn -0.7954 0.2680 -0.5436
vn -0.0387 0.8155 -0.5775
vn -0.8156 -0.0391 0.5772
vn -0.0389 0.8155 0.5775
vn -0.8156 -0.0389 -0.5774
vn -0.0389 0.8156 0.5774
vn -0.8154 -0.0389 -0.5776
vn -0.5777 0.5773 -0.5771
vn 0.3158 -0.7128 -0.6263
vn 0.7650 0.3386 -0.5479
vn 0.6615 0.6138 0.4309
vn -0.4817 -0.4855 0.7296
vn 0.4811 -0.4860 0.7296
vn -0.6617 0.6139 0.4305
vn 0.0181 0.9998 -0.0002
vn -0.8165 0.0145 0.5772
vn 0.0147 0.8161 0.5777
vn -0.8162 0.0147 -0.5776
vn 0.0149 0.8164 -0.5773
vn -0.8163 0.0144 0.5774
vn 0.0181 0.9998 0.0002
vn -0.8163 0.0147 -0.5775
vn 0.0150 0.8165 -0.5772
vn 0.0147 0.8162 0.5775
vn 0.7156 -0.3044 0.6287
vn 0.2898 -0.7190 0.6317
vn 0.7953 -0.2683 0.5436
vn 0.2449 0.7265 0.6421
vn -0.0005 -0.7071 0.7071
vn -0.2455 -0.7266 0.6417
vn -0.7953 0.2683 0.5436
vn 0.7651 0.3382 0.5480
vn -0.5777 0.5773 0.5771
vn 0.3150 -0.7131 0.6263
vn 0.5777 -0.5772 -0.5772
vn -0.6405 -0.1594 -0.7513
vn 0.5772 0.6753 -0.4592
vn 0.6896 0.0782 -0.7200
vn -0.7065 0.5390 -0.4586
vn -0.5889 -0.3111 -0.7459
vn 0.6440 -0.2137 -0.7346
vn 0.7793 -0.1834 -0.5992
vn -0.7793 -0.1834 -0.5992
vn 0.5776 -0.5773 -0.5771
vn 0.4530 0.2801 -0.8464
vn -0.5772 -0.5776 -0.5772
vn -0.0005 0.5679 -0.8231
vn -0.0003 0.5680 -0.8230
vn 0.5776 -0.5772 -0.5772
vn 0.4539 0.2796 -0.8460
vn -0.4539 0.2800 -0.8459
vn -0.4539 0.2794 -0.8461
vn -0.6405 -0.1594 0.7513
vn 0.5775 0.6751 0.4590
vn -0.7063 0.5394 0.4585
vn 0.6896 0.0782 0.7200
vn -0.6001 -0.3014 0.7410
vn 0.6443 -0.2135 0.7344
vn -0.7793 -0.1834 0.5992
vn 0.7793 -0.1834 0.5992
vn 0.4530 0.2801 0.8464
vn -0.5774 -0.5776 0.5771
vn -0.0000 0.5681 0.8229
vn -0.0002 0.5681 0.8230
vn 0.5775 -0.5774 0.5771
vn 0.4530 0.2795 0.8466
vn -0.4531 0.2802 0.8463
vn 0.5774 0.5771 0.5776
vn -0.5772 0.5776 0.5772
vn -0.5776 -0.5771 0.5774
vn 0.2312 -0.6250 -0.7456
vn 0.4154 -0.6833 0.6005
vn 0.3192 -0.4928 0.8095
vn 0.1693 -0.4578 -0.8728
vn -0.0855 -0.4771 -0.8747
vn -0.0582 -0.5479 0.8345
vn -0.1453 -0.8096 0.5687
vn -0.2602 -0.5805 -0.7715
vn 0.6051 -0.5612 -0.5647
vn 0.5927 -0.6038 0.5330
vn 0.3231 -0.2899 -0.9009
vn 0.3973 -0.3195 0.8603
vn 0.0004 -0.7069 -0.7073
vn -0.0000 -0.7067 0.7075
vn 0.1823 -0.7319 -0.6565
vn -0.2201 0.7294 -0.6477
vn 0.8165 0.2029 -0.5405
vn 0.1750 -0.6078 -0.7746
vn 0.2094 -0.7307 -0.6497
vn -0.8045 -0.2424 -0.5423
vn -0.2194 0.7299 0.6474
vn -0.8046 -0.2421 0.5423
vn 0.2094 -0.7307 0.6497
vn 0.1750 -0.6078 0.7746
vn 0.1823 -0.7319 0.6565
vn 0.8166 0.2027 0.5405
vn 0.1987 -0.0122 -0.9800
vn -0.7946 0.2486 -0.5539
vn -0.3354 0.8854 0.3217
vn -0.4504 0.8557 0.2549
vn -0.3979 0.8997 0.1795
vn 0.3252 0.6667 -0.6706
vn 0.1987 -0.0164 0.9799
vn -0.3346 0.8856 -0.3221
vn -0.7948 0.2488 0.5535
vn -0.3254 0.8874 -0.3266
vn -0.3980 0.9002 -0.1767
vn 0.3262 0.6514 0.6850
vn -0.5837 -0.0252 -0.8116
vn -0.3748 0.9271 -0.0004
vn 0.1756 -0.1771 -0.9684
vn -0.5727 0.8194 -0.0258
vn 0.0212 0.1181 -0.9928
vn -0.3466 0.9351 0.0735
vn -0.2304 0.9726 -0.0320
vn 0.1068 -0.1467 -0.9834
vn 0.0048 0.0786 -0.9969
vn -0.2526 0.9667 0.0412
vn 0.0797 0.1195 -0.9896
vn 0.3526 0.9333 0.0683
vn 0.3847 0.9197 -0.0789
vn 0.0172 -0.2559 -0.9665
vn 0.2274 0.9733 0.0312
vn 0.8228 0.1662 -0.5435
vn -0.8044 -0.4202 -0.4200
vn 0.8039 -0.5947 -0.0001
vn -0.8045 -0.5940 -0.0000
vn -0.8043 0.5942 -0.0004
vn 0.8042 0.5944 -0.0005
vn -0.3017 0.9531 0.0253
vn -0.5716 0.8201 0.0250
vn -0.5837 -0.0252 0.8116
vn 0.1055 -0.2760 0.9553
vn 0.0229 0.1038 0.9943
vn -0.2394 0.9702 0.0375
vn -0.2291 0.9728 0.0352
vn 0.0546 -0.2139 0.9753
vn 0.0051 0.0761 0.9971
vn -0.1770 0.9836 0.0354
vn 0.0807 0.1170 0.9898
vn 0.4529 0.8905 0.0435
vn 0.3820 0.9203 0.0845
vn -0.1122 -0.2854 0.9518
vn 0.2274 0.9733 -0.0312
vn 0.8226 0.1663 0.5438
vn -0.5776 0.5773 -0.5771
vn 0.7766 0.3137 -0.5463
vn -0.8042 -0.4203 -0.4203
vn -0.8043 -0.0004 -0.5943
vn 0.8039 -0.0002 0.5947
vn -0.8043 0.4202 0.4202
vn 0.7768 0.3134 0.5463
vn -0.5773 0.5776 0.5771
vn 0.8044 0.5940 -0.0001
vn 0.8041 0.4204 -0.4204
vn -0.8043 -0.4202 -0.4201
vn 0.8039 -0.5947 -0.0002
vn -0.8045 -0.0001 0.5940
vn 0.8043 -0.5943 -0.0005
vn -0.8045 0.5940 0.0001
vn 0.8041 -0.0004 -0.5945
vn 0.6774 0.4752 -0.5615
vn -0.0003 0.7074 -0.7068
vn -0.7670 -0.0450 -0.6400
vn 0.7671 -0.0449 -0.6399
vn 0.0004 -0.7765 -0.6301
vn -0.2453 -0.7269 0.6414
vn -0.0003 -0.7074 0.7068
vn 0.0004 -0.7074 0.7069
vn 0.6772 0.4754 0.5616
vn 0.4602 -0.6565 0.5977
vn -0.7673 -0.0445 0.6398
vn 0.7669 -0.0450 0.6402
vn -0.1780 0.3791 0.9081
vn -0.0517 0.5163 -0.8548
vn -0.0728 0.8133 -0.5773
vn -0.0727 0.8133 0.5773
vn 0.7109 -0.6967 -0.0955
vn -0.4116 -0.1863 0.8921
vn -0.7109 -0.6968 -0.0955
vn 0.4116 -0.1864 0.8921
vn -0.1443 0.1698 -0.9749
vn 0.3262 -0.6514 -0.6850
vn -0.3979 -0.8997 0.1795
vn -0.4559 -0.8526 0.2554
vn -0.7314 -0.2320 -0.6413
vn -0.4214 -0.8564 0.2984
vn -0.7314 -0.2319 0.6413
vn -0.4559 -0.8526 -0.2554
vn 0.1927 0.0122 0.9812
vn -0.4223 -0.8561 -0.2979
vn -0.3979 -0.8997 -0.1795
vn 0.3252 -0.6667 0.6706
vn -0.8043 0.5943 -0.0004
vn 0.8041 0.4205 0.4201
vn -0.1070 0.7216 0.6840
vn -0.1451 0.5530 -0.8204
vn -0.2378 0.5837 0.7763
vn -0.1042 0.7619 -0.6393
vn -0.3447 0.6217 -0.7033
vn 0.4036 0.6484 0.6455
vn -0.4154 0.6833 0.6005
vn 0.4058 0.6859 -0.6040
vn -0.3210 0.4914 0.8097
vn 0.2707 0.4559 0.8478
vn -0.1695 0.4582 -0.8726
vn 0.3237 0.4899 -0.8094
vn -0.5144 -0.4357 0.7386
vn 0.6350 -0.6695 -0.3853
vn 0.5145 -0.4353 0.7388
vn -0.6351 -0.6696 -0.3851
vn 0.4249 0.7936 0.4354
vn 0.0646 0.0771 -0.9949
vn 0.2073 0.7854 0.5833
vn 0.7033 0.3791 -0.6014
vn 0.1516 0.2173 -0.9643
vn 0.1885 0.9562 0.2240
vn 0.2745 0.9357 0.2217
vn -0.0713 -0.1112 -0.9912
vn 0.0071 0.3025 -0.9531
vn 0.2211 0.9684 0.1157
vn 0.0034 0.9845 0.1752
vn 0.0036 0.1727 -0.9850
vn 0.0095 0.9872 0.1594
vn -0.0063 0.1523 -0.9883
vn -0.5473 0.3913 -0.7399
vn -0.7557 0.6405 0.1363
vn -0.9525 0.1307 0.2750
vn -0.3596 0.0372 -0.9324
vn -0.8698 -0.3820 0.3124
vn -0.4409 -0.2038 -0.8741
vn -0.8331 -0.3523 0.4263
vn -0.1108 -0.0452 -0.9928
vn -0.7973 0.4100 0.4429
vn -0.0136 0.0215 -0.9997
vn -0.0926 0.1572 -0.9832
vn -0.4349 0.8000 0.4133
vn -0.4440 0.8512 0.2800
vn -0.6853 0.2611 -0.6799
vn 0.0646 0.0771 0.9949
vn 0.4996 0.5838 -0.6401
vn 0.0606 0.3464 0.9361
vn 0.4247 0.7938 -0.4353
vn 0.7020 0.3784 0.6034
vn 0.2371 0.9027 -0.3590
vn 0.2785 0.9331 -0.2277
vn -0.1382 0.0059 0.9904
vn 0.0104 0.3100 0.9507
vn 0.3699 0.8904 -0.2653
vn 0.0038 0.9850 -0.1723
vn -0.0004 0.1780 0.9840
vn -0.0020 0.1601 0.9871
vn 0.0139 0.9873 -0.1582
vn -0.4717 0.4943 0.7302
vn -0.4838 0.7714 -0.4134
vn -0.9508 0.1325 -0.2800
vn -0.3587 0.0384 0.9327
vn -0.8663 -0.3823 -0.3215
vn -0.4508 -0.2206 0.8650
vn -0.1330 -0.0924 0.9868
vn -0.8484 -0.3339 -0.4107
vn -0.1275 -0.0811 0.9885
vn -0.7828 0.4044 -0.4729
vn -0.0942 0.1687 0.9812
vn -0.2224 0.8348 -0.5037
vn -0.4440 0.8511 -0.2801
vn -0.6855 0.2612 0.6796
vn -0.3025 -0.6288 0.7163
vn -0.3031 -0.6290 -0.7159
vn -0.7184 -0.6313 0.2920
vn -0.7188 -0.6314 -0.2911
vn -0.0511 -0.5394 0.8405
vn -0.5777 -0.5771 -0.5773
vn -0.1774 -0.3793 -0.9081
vn -0.0732 -0.8133 0.5772
vn -0.0730 -0.8131 -0.5776
vn 0.1610 -0.0072 -0.9869
vn 0.3728 -0.5743 -0.7288
vn -0.6829 -0.6787 -0.2701
vn -0.9489 0.1447 -0.2805
vn -0.9030 0.0938 -0.4193
vn 0.4837 -0.0789 -0.8716
vn -0.9604 0.0993 -0.2602
vn -0.0211 0.7491 -0.6621
vn -0.6829 -0.6787 0.2701
vn 0.1754 -0.0056 0.9845
vn -0.9424 0.1617 0.2929
vn 0.3726 -0.5746 0.7287
vn -0.8947 0.0971 0.4361
vn 0.4890 -0.0883 0.8678
vn -0.9579 0.1046 0.2675
vn -0.0052 0.7440 0.6682
vn 0.3012 -0.9048 -0.3011
vn 0.5777 -0.5771 -0.5773
vn 0.3016 -0.9047 0.3009
vn -0.5773 -0.5771 0.5776
vn -0.5775 -0.5771 -0.5775
vn 0.8662 -0.4413 -0.2342
vn 0.4299 -0.8591 -0.2777
vn 0.4561 0.5210 -0.7215
vn -0.6211 -0.5579 -0.5504
vn 0.4615 0.5194 0.7192
vn -0.6218 -0.5563 0.5513
vn 0.4299 -0.8591 0.2777
vn 0.8627 -0.4495 0.2317
vn 0.2773 0.5738 -0.7706
vn 0.1605 0.8153 0.5564
vn 0.2288 0.3579 0.9053
vn 0.0825 0.5346 -0.8410
vn 0.3847 0.3717 -0.8449
vn 0.0706 0.5816 0.8104
vn 0.1166 0.7311 -0.6722
vn 0.1381 0.7851 0.6038
vn -0.0002 0.7068 -0.7074
vn -0.0001 0.7068 -0.7074
vn -0.4487 0.3621 -0.8171
vn -0.7693 0.4683 0.4346
vn -0.7264 0.0892 -0.6814
vn -0.7278 0.0887 0.6801
vn -0.6883 -0.3068 -0.6574
vn -0.7094 -0.3286 0.6235
vn -0.5227 -0.2274 -0.8216
vn -0.5330 -0.2534 0.8073
vn -0.4524 0.2022 -0.8686
vn -0.5094 0.1755 0.8425
vn -0.2187 0.5076 -0.8334
vn -0.2873 0.5366 0.7934
vn -0.6105 -0.2066 0.7646
vn -0.6106 -0.2066 -0.7645
vn 0.1505 -0.9366 0.3163
vn 0.1507 -0.9366 -0.3163
vn -0.1697 0.4197 0.8917
vn -0.7033 -0.7053 -0.0886
vn -0.1698 -0.4205 0.8913
vn -0.7031 0.7056 -0.0882
vn -0.1646 -0.7998 0.5772
vn 0.7997 -0.1642 -0.5775
vn 0.8000 -0.1643 0.5771
vn -0.1646 -0.7998 -0.5772
vn -0.6105 0.2066 -0.7646
vn -0.6107 0.2067 0.7644
vn 0.1507 0.9366 -0.3163
vn 0.1510 0.9366 0.3163
vn -0.5725 0.0920 0.8147
vn -0.5725 0.1001 -0.8138
vn -0.7722 0.1077 0.6261
vn -0.6947 0.4291 -0.5773
vn -0.6947 0.4290 0.5774
vn -0.7529 0.1239 -0.6464
vn -0.4323 -0.6927 -0.5773
vn -0.4327 -0.6927 0.5771
vn -0.8761 0.0042 -0.4821
vn -0.5295 -0.7296 0.4329
vn -0.9466 0.2971 0.1255
vn -0.0427 -0.3877 0.9208
vn -0.9469 -0.2862 0.1464
vn -0.0310 0.4032 0.9146
vn -0.5502 0.7705 0.3219
vn -0.8796 -0.0883 -0.4674
vn -0.6567 0.6426 -0.3947
vn -0.4551 -0.5056 0.7330
vn -0.4550 0.5052 0.7333
vn -0.6564 -0.6426 -0.3952
vn -0.4479 -0.8024 -0.3943
vn -0.5596 0.7654 -0.3178
vn 0.0995 0.0553 -0.9935
vn -0.8695 -0.1532 0.4695
vn -0.5328 -0.7270 -0.4331
vn -0.5324 0.7948 -0.2913
vn 0.1100 0.1452 -0.9833
vn -0.8706 -0.0418 0.4901
vn -0.7181 0.6830 0.1338
vn -0.1970 -0.4358 -0.8782
vn -0.7088 -0.6949 0.1209
vn -0.1985 0.4534 -0.8689
vn -0.7180 0.6830 -0.1338
vn -0.7090 -0.6948 -0.1211
vn -0.1971 -0.4363 0.8780
vn -0.1983 0.4527 0.8693
vn 0.5770 -0.5598 -0.5947
vn 0.5860 -0.3606 0.7256
vn -0.0005 -0.7857 -0.6186
vn -0.0005 -0.7856 0.6187
vn -0.7760 -0.3025 -0.5534
vn -0.5907 -0.8041 -0.0672
vn -0.8968 0.3937 0.2020
vn -0.6209 0.7808 0.0694
vn -0.8560 -0.4910 0.1617
vn -0.5771 0.5775 -0.5775
vn 0.2785 0.7247 0.6302
vn 0.7106 0.2137 -0.6704
vn 0.2781 0.7247 -0.6304
vn 0.7089 0.2144 0.6720
vn 0.7851 0.2802 0.5523
vn 0.7851 0.2800 -0.5524
vn 0.9045 -0.3017 0.3013
vn 0.6398 0.2369 -0.7311
vn 0.9047 -0.3016 -0.3010
vn 0.6401 0.2370 0.7308
vn 0.7489 -0.4329 -0.5018
vn 0.3926 0.6552 0.6455
vn 0.7487 -0.4328 0.5022
vn 0.3924 0.6550 -0.6457
vn 0.9917 0.1287 0.0001
vn -0.3680 0.6575 0.6575
vn -0.3683 0.9297 -0.0000
vn -0.3680 0.6575 -0.6575
vn 0.9916 0.0913 0.0913
vn 0.9916 0.0913 -0.0913
vn 0.9917 0.0001 0.1287
vn 0.9917 0.0001 -0.1289
vn -0.3680 0.0003 0.9298
vn -0.3680 -0.0000 -0.9298
vn -0.3679 -0.6575 0.6575
vn -0.3679 -0.6575 -0.6575
vn 0.9916 -0.0912 0.0912
vn 0.9916 -0.0912 -0.0912
vn 0.9917 -0.1288 0.0001
vn -0.3679 -0.9298 0.0004
vn 0.9917 0.1287 0.0002
vn -0.3679 0.6575 0.6575
vn -0.3682 0.9298 -0.0000
vn -0.3679 0.6575 -0.6575
vn 0.9916 0.0912 0.0912
vn 0.9916 0.0912 -0.0912
vn 0.9917 0.0002 0.1286
vn 0.9917 0.0003 -0.1287
vn -0.3679 0.0004 0.9299
vn -0.3682 -0.0000 -0.9298
vn 0.9916 -0.0913 0.0913
vn 0.9917 -0.1287 0.0002
vn -0.3679 -0.9299 0.0004
vn 0.5771 -0.5777 -0.5773
vn 0.6300 0.7766 -0.0001
vn 0.6306 0.5488 0.5488
vn 0.8041 -0.4207 -0.4199
vn 0.8043 -0.0005 -0.5942
vn 0.8039 -0.5948 -0.0000
vn 0.6301 0.0004 0.7765
vn 0.8040 -0.4208 0.4202
vn 0.8041 0.4200 -0.4208
vn 0.6302 0.5487 -0.5493
vn 0.6299 -0.5492 0.5492
vn 0.6302 -0.0004 -0.7764
vn 0.6300 -0.7766 -0.0003
vn 0.8043 0.0005 0.5943
vn 0.8039 0.5948 -0.0000
vn 0.8043 0.4206 0.4198
vn 0.6300 -0.5489 -0.5494
vn 0.9253 -0.0003 -0.3791
vn 0.9255 -0.2679 -0.2679
vn -0.1971 -0.0000 -0.9804
vn 0.9255 0.2679 -0.2679
vn -0.1967 -0.6935 -0.6931
vn -0.1967 0.6933 -0.6933
vn -0.1967 -0.9805 0.0003
vn -0.1968 0.9804 0.0004
vn 0.9254 -0.3789 0.0005
vn 0.9253 0.3791 -0.0003
vn 0.9255 -0.2681 0.2677
vn 0.9255 0.2680 0.2676
vn -0.1968 -0.6933 0.6933
vn -0.1967 0.6933 0.6933
vn -0.1967 0.0004 0.9805
vn 0.9254 0.0004 0.3789
vn 0.9663 -0.2428 -0.0858
vn 0.8004 0.5994 0.0002
vn 0.8008 0.4235 0.4236
vn 0.1619 -0.1988 0.9666
vn 0.8007 0.0006 0.5991
vn 0.1313 -0.1736 -0.9760
vn 0.8008 0.4235 -0.4236
vn 0.1349 -0.8440 0.5191
vn 0.8008 -0.4235 0.4236
vn 0.1619 -0.9666 -0.1989
vn 0.8007 -0.5990 0.0006
vn -0.2268 -0.7141 0.6623
vn 0.8008 -0.4235 -0.4236
vn -0.1595 0.6358 -0.7552
vn 0.8004 0.0002 -0.5995
vn 0.1618 0.1988 -0.9666
vn -0.5821 -0.5730 -0.5768
vn -0.5821 -0.5735 0.5764
vn -0.6440 0.3869 0.6600
vn -0.6740 0.4306 -0.6002
vn 0.1443 0.8040 0.5769
vn 0.1446 0.8040 -0.5768
vn 0.6305 0.5491 0.5486
vn 1.0000 -0.0000 -0.0000
vn 0.6299 0.7767 -0.0001
vn 1.0000 0.0002 -0.0006
vn 0.6300 0.0001 0.7766
vn 1.0000 0.0006 -0.0003
vn 1.0000 -0.0001 -0.0003
vn 1.0000 0.0003 0.0001
vn 1.0000 -0.0004 -0.0006
vn 0.6302 -0.5493 -0.5487
vn 0.6302 -0.7765 0.0004
vn 1.0000 0.0006 0.0003
vn 0.9254 -0.0003 -0.3791
vn 0.9255 -0.2679 -0.2678
vn 0.9255 0.2676 -0.2679
vn -0.1968 0.6933 -0.6933
vn -0.1967 -0.9805 0.0004
vn 0.9254 -0.3789 0.0004
vn 0.9254 0.3791 -0.0003
vn 0.9255 -0.2679 0.2678
vn 0.9255 0.2678 0.2678
vn -0.1967 -0.6933 0.6933
vn 0.7828 0.1739 0.5975
vn 0.7252 -0.0742 -0.6846
vn 0.7259 -0.0742 0.6838
vn 0.5678 0.5249 -0.6341
vn 0.5684 0.5244 0.6340
vn 0.7830 0.1731 -0.5975
vn 0.9044 -0.3016 0.3018
vn 0.6467 0.2227 -0.7295
vn 0.6468 0.2236 0.7292
vn 0.5771 -0.5776 0.5774
vn 0.3802 -0.7769 0.5019
vn 0.6910 0.3251 -0.6456
vn 0.6910 0.3254 0.6455
vn 0.3804 -0.7769 -0.5018
vn -0.0051 -0.4547 0.8906
vn -0.2280 0.2027 0.9523
vn -0.8612 0.4948 -0.1163
vn -0.7358 -0.6766 0.0292
vn -0.0167 0.9910 -0.1328
vn 0.4458 0.4342 0.7828
vn -0.0167 0.9905 0.1364
vn -0.2280 0.2027 -0.9523
vn -0.9369 0.3396 0.0831
vn 0.4710 0.4518 -0.7576
vn -0.0050 -0.4547 -0.8906
vn -0.7356 -0.6768 -0.0295
vn -0.1995 -0.9799 0.0002
vn -0.1997 -0.6929 -0.6929
vn 0.9243 -0.2699 -0.2700
vn -0.1996 0.0002 -0.9799
vn 0.9242 -0.3818 -0.0000
vn 0.9242 0.0002 -0.3819
vn 0.9243 -0.2699 0.2700
vn 0.9242 0.2700 -0.2700
vn -0.1996 -0.6929 0.6929
vn -0.1997 0.6929 -0.6929
vn -0.1995 0.0001 0.9799
vn -0.1997 0.9799 -0.0000
vn 0.9244 -0.0000 0.3815
vn 0.9242 0.3819 0.0003
vn 0.9242 0.2700 0.2700
vn -0.1997 0.6929 0.6929
vn -0.1995 -0.9799 0.0001
vn -0.1997 -0.6928 -0.6929
vn 0.9242 -0.2700 -0.2700
vn -0.1996 0.0003 -0.9799
vn 0.9244 -0.3815 -0.0000
vn 0.9242 0.0004 -0.3819
vn 0.9242 -0.2700 0.2700
vn 0.9243 0.2699 -0.2700
vn -0.1997 -0.6928 0.6929
vn -0.1996 0.6929 -0.6929
vn -0.1996 0.0001 0.9799
vn -0.1996 0.9799 0.0002
vn 0.9244 -0.0000 0.3814
vn 0.9242 0.3820 0.0004
vn 0.9243 0.2699 0.2700
vn -0.1996 0.6929 0.6929
vn -0.6946 0.4288 -0.5776
vn -0.6946 0.4288 0.5776
vn 0.4292 0.6947 -0.5772
vn 0.4288 0.6946 0.5776
vn -0.6956 0.4277 0.5773
vn -0.4274 -0.6957 -0.5774
vn -0.4274 -0.6957 0.5774
vn -0.6956 0.4276 -0.5773
vn 0.7225 0.3803 0.5773
vn 0.3802 -0.7224 0.5776
vn 0.3802 -0.7226 -0.5774
vn 0.7224 0.3802 -0.5776
vn 0.1170 0.8082 0.5772
vn 0.8079 -0.1174 0.5776
vn 0.1172 0.8080 -0.5774
vn 0.8081 -0.1175 -0.5772
vn 0.0262 0.5830 0.8121
vn -0.1588 0.3900 0.9070
vn -0.0407 0.4727 -0.8803
vn 0.1537 0.4149 -0.8968
vn -0.1891 0.7740 -0.6042
vn 0.1689 0.7720 0.6127
vn -0.2606 0.6359 0.7265
vn 0.5756 0.5797 0.5768
vn 0.5760 0.5792 -0.5768
vn 0.2415 0.6515 -0.7192
vn 0.0432 0.5981 0.8003
vn 0.1575 0.4719 -0.8675
vn 0.1508 0.7679 0.6225
vn 0.2197 0.6639 -0.7148
vn -0.5149 0.6419 0.5681
vn -0.3163 0.5962 -0.7379
vn -0.7353 0.2122 0.6436
vn -0.7190 0.2230 -0.6583
vn -0.7070 0.0007 0.7072
vn -0.7070 0.0007 -0.7072
vn -0.7068 -0.0000 0.7074
vn -0.7068 -0.0000 -0.7074
vn 0.5398 -0.8413 0.0276
vn 0.8205 0.5534 0.1434
vn 0.0306 0.3115 0.9498
vn -0.1677 -0.4740 0.8644
vn 0.5398 -0.8414 -0.0271
vn 0.0395 0.3081 -0.9505
vn 0.8181 0.5561 -0.1465
vn -0.1657 -0.4832 -0.8597
vn -0.1700 -0.1035 0.9800
vn -0.1676 0.1771 0.9698
vn -0.2469 0.9557 -0.1605
vn 0.4474 0.0676 0.8918
vn 0.6859 0.7274 -0.0209
vn -0.3911 0.8318 -0.3938
vn 0.2218 0.9317 -0.2877
vn -0.1695 0.0377 0.9848
vn 0.2432 0.9533 -0.1791
vn 0.0314 0.3401 0.9399
vn 0.2129 0.8940 -0.3943
vn -0.1056 0.0986 0.9895
vn 0.2027 0.9501 -0.2370
vn 0.0759 0.3737 0.9245
vn -0.2941 0.3597 0.8855
vn -0.4285 0.8502 -0.3057
vn -0.9249 0.3006 -0.2329
vn -0.4010 0.0589 0.9142
vn -0.9424 -0.0021 -0.3345
vn -0.3371 0.0040 0.9415
vn -0.9427 -0.0024 -0.3335
vn -0.3315 0.0005 0.9435
vn -0.9463 -0.0032 -0.3232
vn -0.3230 -0.0021 0.9464
vn -0.2411 -0.4091 0.8801
vn -0.6872 -0.7134 -0.1373
vn -0.4290 0.8936 0.1325
vn 0.6851 0.7281 0.0219
vn 0.4474 0.0676 -0.8918
vn -0.1676 0.1771 -0.9698
vn -0.1425 -0.1272 -0.9816
vn -0.4866 0.8407 0.2375
vn 0.2187 0.9367 0.2736
vn -0.0720 -0.1293 -0.9890
vn 0.2439 0.9552 0.1675
vn 0.0999 0.2635 -0.9595
vn 0.1993 0.9102 0.3631
vn 0.0126 -0.0214 -0.9997
vn 0.0632 0.3326 -0.9410
vn 0.1934 0.9624 0.1910
vn -0.3017 0.3409 -0.8904
vn -0.5768 0.8030 0.1498
vn -0.9269 0.3040 0.2201
vn -0.3980 0.0596 -0.9155
vn -0.9433 -0.0059 0.3320
vn -0.3391 -0.0047 -0.9407
vn -0.3323 -0.0004 -0.9432
vn -0.9440 -0.0049 0.3299
vn -0.3228 0.0001 -0.9465
vn -0.9470 -0.0024 0.3213
vn -0.2410 -0.4089 -0.8802
vn -0.6869 -0.7139 0.1359
vn 0.1812 0.9807 0.0732
vn 0.0754 -0.2286 0.9706
vn 0.9264 -0.3085 0.2158
vn -0.3204 0.3364 0.8855
vn 0.1811 0.9807 -0.0736
vn 0.9264 -0.3085 -0.2158
vn 0.0757 -0.2289 -0.9705
vn -0.3201 0.3346 -0.8864
vn -0.8838 0.3677 0.2894
vn 0.3080 -0.2001 0.9301
vn 0.6495 0.6949 0.3088
vn -0.2245 -0.3245 0.9189
vn -0.8837 0.3678 -0.2895
vn 0.6494 0.6950 -0.3087
vn 0.3080 -0.2001 -0.9301
vn -0.2241 -0.3247 -0.9189
vn 0.1685 -0.6860 -0.7078
vn 0.2483 -0.7215 0.6463
vn 0.0436 -0.5983 0.8001
vn 0.7803 -0.2413 -0.5771
vn 0.7801 -0.2416 0.5772
vn 0.0406 -0.6157 -0.7869
vn -0.1830 -0.7959 0.5770
vn -0.1830 -0.7960 -0.5770
vn -0.2446 0.2670 0.9321
vn -0.0000 0.5760 -0.8175
vn 0.0002 0.5760 0.8174
vn -0.2411 0.3896 -0.8889
vn -0.5865 0.5697 0.5758
vn -0.5860 0.5702 -0.5757
vn 0.2364 0.2687 -0.9337
vn 0.2444 0.3896 0.8880
vn 0.5849 0.5708 0.5763
vn 0.5845 0.5710 -0.5765
vn 0.2380 0.4410 0.8654
vn -0.6870 -0.6842 0.2446
vn 0.3618 -0.5774 0.7319
vn -0.7434 0.5877 0.3193
vn 0.2371 0.4408 -0.8657
vn 0.3723 -0.5620 -0.7386
vn -0.6711 -0.6981 -0.2497
vn -0.7537 0.5780 -0.3129
vn 0.5771 0.5777 0.5773
vn -0.5772 0.5772 -0.5776
vn -0.5777 -0.5771 0.5773
vn -0.5772 -0.5771 -0.5777
vn -0.5772 -0.5771 0.5777
vn -0.5775 -0.5771 0.5774
vn 0.5772 -0.5772 -0.5776
vn -0.5776 -0.5771 0.5773
vn 0.0005 -0.7071 0.7071
vn -0.0004 -0.7069 -0.7073
vn -0.3012 -0.9048 0.3010
vn 0.5775 -0.5771 -0.5774
vn 0.5771 -0.5777 0.5772
vn -0.0269 -0.7147 -0.6989
vn -0.0259 -0.7147 0.6989
vn -0.3630 -0.6852 -0.6315
vn -0.2399 -0.6442 0.7263
vn -0.8090 -0.1143 -0.5767
vn -0.8087 -0.1148 0.5769
vn -0.3020 -0.9045 -0.3011
vn 0.0003 -0.7068 0.7074
vn -0.0005 -0.7071 -0.7071
vn -0.3018 -0.9043 0.3019
vn -0.3020 -0.9043 -0.3016
vn -0.5776 -0.5772 -0.5772
vn -0.1794 0.6827 0.7083
vn -0.1237 0.7247 -0.6779
vn -0.2616 0.5716 0.7777
vn -0.1400 0.5348 -0.8333
vn -0.5774 0.5774 -0.5773
vn -0.5775 0.5775 0.5771
vn 0.3733 0.6961 -0.6133
vn 0.2397 0.6527 0.7187
vn 0.3581 0.4630 -0.8108
vn 0.1531 0.4165 0.8962
vn 0.4896 0.6538 -0.5769
vn 0.3043 0.6055 0.7354
vn 0.2752 0.2342 0.9324
vn 0.4504 0.2711 -0.8507
vn 0.5766 0.5784 -0.5770
vn 0.5765 0.5787 0.5768
vn 0.6107 -0.5021 0.6123
vn 0.0004 -0.7764 0.6302
vn -0.0003 -0.7762 -0.6305
vn -0.6106 -0.5018 -0.6127
vn 0.5061 -0.5119 -0.6941
vn -0.5061 -0.5119 0.6941
vn 0.7658 -0.0562 0.6406
vn -0.7655 -0.0561 -0.6410
vn 0.7621 -0.0598 -0.6447
vn 0.4083 0.7084 0.5758
vn 0.4085 0.7080 -0.5761
vn -0.7621 -0.0592 0.6447
vn -0.4086 0.7082 -0.5758
vn -0.4087 0.7080 0.5759
vn -0.0001 -0.7766 0.6300
vn -0.5591 -0.4812 -0.6752
vn -0.0000 -0.7761 -0.6305
vn -0.4087 0.7079 0.5761
vn 0.2580 -0.8943 0.3655
vn -0.0696 0.4338 0.8983
vn -0.5669 0.0066 0.8237
vn -0.1992 -0.9381 0.2834
vn -0.0501 0.2163 0.9750
vn 0.2316 -0.9386 0.2556
vn -0.0748 0.3551 0.9318
vn 0.8890 0.0728 0.4520
vn -0.5814 -0.0193 0.8134
vn 0.0574 -0.2150 0.9749
vn -0.2262 0.9738 0.0249
vn -0.5732 0.8192 0.0200
vn 0.0010 0.0761 0.9971
vn -0.1882 0.9815 0.0354
vn 0.0675 0.1167 0.9909
vn 0.4355 0.8991 0.0441
vn 0.3937 0.9136 0.1016
vn -0.1199 -0.3179 0.9405
vn 0.1272 0.1586 0.9791
vn 0.5541 0.8308 0.0525
vn 0.5429 0.8246 0.1590
vn -0.1934 -0.3762 0.9062
vn 0.4690 -0.0741 0.8801
vn 0.6617 0.7432 0.0987
vn -0.1956 -0.9393 -0.2818
vn -0.5670 0.0065 -0.8237
vn 0.2603 -0.8926 -0.3682
vn -0.1295 0.4556 -0.8807
vn -0.0502 0.2166 -0.9750
vn 0.2690 -0.9177 -0.2924
vn -0.0748 0.3551 -0.9318
vn 0.8891 0.0730 -0.4519
vn -0.2262 0.9738 -0.0249
vn -0.5805 -0.0200 -0.8140
vn -0.5738 0.8188 -0.0189
vn 0.1184 -0.1368 -0.9835
vn 0.0007 0.0782 -0.9969
vn -0.2523 0.9672 0.0295
vn 0.0666 0.1186 -0.9907
vn 0.3537 0.9341 0.0477
vn 0.3968 0.9131 -0.0938
vn 0.0303 -0.2837 -0.9584
vn 0.1244 0.1632 -0.9787
vn 0.4493 0.8911 0.0644
vn 0.5588 0.8192 -0.1288
vn -0.0033 -0.3600 -0.9330
vn 0.4690 -0.0741 -0.8801
vn 0.6617 0.7432 -0.0994
vn 0.7075 -0.7068 -0.0000
vn -0.3031 -0.6289 0.7159
vn 0.3015 -0.9044 0.3018
vn -0.7188 -0.6312 0.2915
vn 0.3014 -0.9045 -0.3018
vn -0.7188 -0.6312 -0.2915
vn -0.3031 -0.6289 -0.7160
vn -0.1514 -0.0439 0.9875
vn -0.4368 -0.8949 -0.0916
vn 0.0190 -0.1276 0.9917
vn -0.9560 -0.2934 0.0026
vn 0.0510 0.3671 0.9288
vn -0.6717 0.7311 0.1194
vn -0.2329 -0.9722 0.0226
vn 0.1303 0.1441 0.9809
vn 0.0018 -0.0933 0.9956
vn -0.2795 -0.9593 -0.0404
vn 0.1575 -0.2105 0.9648
vn 0.5537 -0.8264 -0.1022
vn 0.6725 -0.7267 -0.1403
vn 0.0835 0.4355 0.8963
vn 0.3774 -0.1321 0.9166
vn 0.6998 -0.7143 0.0047
vn -0.3157 -0.9485 -0.0247
vn -0.9410 -0.3351 0.0472
vn -0.1514 -0.0439 -0.9875
vn 0.0509 0.3669 -0.9289
vn -0.6717 0.7311 -0.1194
vn -0.0638 -0.0781 -0.9949
vn -0.2328 -0.9722 -0.0230
vn 0.0703 0.2330 -0.9699
vn 0.0008 -0.0856 -0.9963
vn -0.1970 -0.9798 -0.0344
vn 0.1626 -0.2047 -0.9652
vn 0.6660 -0.7448 -0.0418
vn 0.6804 -0.7301 0.0633
vn -0.3497 0.3358 -0.8746
vn 0.3776 -0.1321 -0.9165
vn 0.7000 -0.7141 -0.0050
vn -0.5794 0.5758 0.5768
vn -0.7078 -0.2602 -0.6568
vn -0.7172 -0.2907 0.6333
vn -0.5789 0.5762 -0.5769
vn -0.2109 -0.7832 0.5849
vn -0.2876 -0.6168 -0.7327
vn -0.0523 -0.6105 -0.7903
vn -0.0507 -0.6191 0.7837
vn -0.1302 -0.7591 0.6378
vn -0.1884 -0.6788 -0.7098
vn 0.5889 -0.6005 0.5408
vn 0.3585 -0.5611 -0.7460
vn 0.2015 -0.0775 -0.9764
vn 0.4770 -0.0613 0.8768
vn 0.5754 -0.5795 0.5772
vn 0.5755 -0.5791 -0.5774
vn -0.5771 0.5773 -0.5777
vn -0.9045 -0.3020 0.3012
vn -0.9047 -0.3017 -0.3009
vn -0.5771 -0.5773 -0.5777
vn 0.1102 -0.8091 0.5772
vn -0.8089 -0.1101 0.5775
vn -0.8091 -0.1096 -0.5773
vn 0.1099 -0.8089 -0.5776
vn 0.1099 -0.8090 -0.5775
vn -0.2261 0.5519 0.8027
vn 0.2101 0.5704 0.7941
vn 0.2654 0.7242 0.6364
vn 0.1903 0.5906 0.7842
vn 0.2354 0.7284 0.6435
vn 0.2937 -0.3906 0.8725
vn 0.6689 -0.0937 0.7374
vn 0.5599 0.2167 0.7997
vn 0.7223 0.2794 0.6327
vn -0.2941 0.7180 -0.6308
vn -0.2270 0.5519 -0.8024
vn 0.2100 0.5705 -0.7940
vn 0.2653 0.7246 -0.6361
vn 0.1901 0.5908 -0.7841
vn 0.2353 0.7287 -0.6432
vn 0.2941 -0.3907 -0.8723
vn 0.6689 -0.0933 -0.7375
vn 0.5594 0.2167 -0.8001
vn 0.7220 0.2795 -0.6329
vn -0.8675 0.4201 0.2664
vn -0.2506 -0.7053 -0.6631
vn -0.8672 -0.4205 0.2666
vn -0.2508 0.7056 -0.6628
vn -0.7013 0.5056 0.5026
vn -0.4549 -0.6426 -0.6165
vn -0.7013 -0.5056 0.5025
vn -0.4551 0.6427 -0.6163
vn -0.0004 -0.2596 -0.9657
vn 0.7107 -0.2665 -0.6510
vn 0.4117 -0.8654 0.2857
vn -0.4124 -0.8650 0.2858
vn -0.7110 -0.2667 -0.6507
vn 0.3228 -0.7111 0.6246
vn 0.8113 -0.0003 0.5846
vn 0.3236 0.7106 0.6247
vn -0.2193 0.7298 0.6475
vn -0.5776 -0.5772 0.5772
vn 0.2090 0.5715 0.7935
vn 0.2658 0.7235 0.6371
vn -0.2101 -0.5714 0.7933
vn -0.2651 -0.7239 0.6369
vn -0.1915 0.7318 0.6541
vn 0.3516 0.7021 0.6192
vn -0.1623 0.6188 0.7686
vn 0.2538 0.5080 0.8231
vn 0.7460 -0.3744 0.5507
vn 0.3522 0.7019 0.6191
vn -0.2184 0.7298 -0.6478
vn 0.3236 -0.7107 -0.6246
vn 0.3236 0.7106 -0.6247
vn 0.8112 0.0004 -0.5848
vn -0.3744 0.6947 0.6141
vn -0.2640 0.4898 0.8309
vn 0.2802 -0.4532 0.8462
vn -0.0000 0.7068 0.7075
vn 0.6644 0.4913 0.5632
vn 0.2394 0.5331 0.8115
vn -0.3187 -0.7120 0.6257
vn -0.2104 0.5697 0.7945
vn 0.3189 0.7117 0.6260
vn -0.2670 0.7234 0.6367
vn -0.5773 0.5777 0.5771
vn 0.2549 0.5079 -0.8228
vn 0.3530 0.7021 -0.6184
vn 0.7460 -0.3744 -0.5507
vn -0.2658 -0.7235 -0.6371
vn 0.3523 0.7023 -0.6186
vn 0.2100 0.5717 -0.7931
vn -0.2101 -0.5714 -0.7933
vn 0.2657 0.7237 -0.6369
vn -0.1923 0.7317 -0.6539
vn -0.1625 0.6187 -0.7686
vn -0.3751 0.6944 -0.6141
vn 0.0005 0.7070 -0.7072
vn 0.2802 -0.4531 -0.8463
vn 0.6645 0.4908 -0.5636
vn -0.2644 0.4896 -0.8309
vn -0.1717 -0.6108 -0.7730
vn -0.3021 -0.3015 -0.9044
vn -0.3021 0.3012 -0.9045
vn 0.2391 0.5331 -0.8116
vn 0.0006 -0.7072 -0.7071
vn -0.3185 -0.7121 -0.6257
vn 0.3021 0.3015 -0.9044
vn 0.3014 -0.3018 -0.9045
vn -0.2109 0.5705 -0.7938
vn 0.3195 0.7119 -0.6253
vn -0.2680 0.7232 -0.6366
vn -0.5143 -0.7114 0.4790
vn -0.6351 -0.4382 -0.6361
vn 0.6351 -0.4382 -0.6361
vn 0.5144 -0.7116 0.4786
vn -0.6303 0.5490 -0.5490
vn -0.6305 0.7762 0.0002
vn 0.6303 0.5490 -0.5490
vn 0.6304 0.0003 -0.7763
vn -0.6304 0.5488 0.5490
vn -0.6302 -0.0004 -0.7764
vn 0.6303 0.5490 0.5490
vn 0.6303 -0.5490 -0.5490
vn -0.6305 -0.0002 0.7762
vn -0.6303 -0.5490 -0.5490
vn 0.6306 -0.0001 0.7761
vn 0.6301 -0.7765 0.0004
vn -0.6303 -0.5490 0.5490
vn -0.6302 -0.7764 0.0004
vn 0.6303 -0.5490 0.5490
vn -0.2009 -0.5815 -0.7884
vn 0.7309 -0.1276 -0.6704
vn 0.5770 0.5772 -0.5778
vn -0.4285 0.5973 -0.6779
vn -0.2695 -0.7256 -0.6331
vn -0.7358 0.6238 -0.2634
vn -0.6970 -0.6586 -0.2836
vn -0.7062 -0.6356 0.3121
vn -0.7127 0.6268 0.3149
vn -0.0232 0.5758 0.8173
vn -0.0235 -0.5762 0.8170
vn 0.5034 0.8583 0.0997
vn 0.3953 0.9134 -0.0973
vn 0.0003 0.1699 0.9855
vn -0.4334 0.9012 0.0022
vn -0.1443 -0.3464 0.9269
vn -0.0930 0.1508 0.9842
vn -0.3419 0.9368 -0.0739
vn -0.4218 0.9062 0.0296
vn 0.1969 -0.3824 0.9028
vn -0.0436 -0.2371 0.9705
vn -0.3679 -0.0541 0.9283
vn -0.7276 0.6744 0.1255
vn -0.0009 0.1891 0.9820
vn -0.3614 0.9324 0.0118
vn -0.0005 0.0053 1.0000
vn -0.0025 1.0000 -0.0021
vn 0.3042 -0.0481 0.9514
vn 0.7703 0.6205 0.1469
vn 0.3490 -0.7385 0.5769
vn 0.3494 -0.7380 -0.5772
vn 0.7312 -0.1254 0.6706
vn 0.8721 -0.4086 -0.2692
vn 0.5783 0.5763 0.5775
vn 0.5780 0.5764 -0.5776
vn 0.8712 -0.4117 0.2674
vn 0.7299 -0.1321 -0.6707
vn 0.3494 -0.7385 -0.5766
vn 0.3505 -0.7380 0.5767
vn -0.1978 -0.5853 0.7863
vn 0.7312 -0.1283 0.6699
vn 0.5879 -0.0969 0.8031
vn 0.7861 -0.0555 0.6156
vn 0.3617 0.7239 0.5875
vn -0.4344 0.9006 -0.0165
vn 0.3953 0.9134 0.0973
vn 0.1519 0.1712 -0.9735
vn 0.5108 0.8553 -0.0864
vn -0.0530 0.0794 -0.9954
vn 0.0355 -0.3135 -0.9489
vn -0.4159 0.9081 -0.0479
vn -0.3451 0.9353 0.0786
vn 0.1042 -0.2751 -0.9558
vn -0.3678 -0.0541 -0.9283
vn -0.7276 0.6744 -0.1258
vn 0.3181 -0.1971 -0.9274
vn -0.0058 0.2017 -0.9794
vn -0.4655 0.8777 0.1142
vn -0.0005 0.0053 -1.0000
vn -0.0022 1.0000 0.0019
vn 0.3042 -0.0480 -0.9514
vn 0.7703 0.6205 -0.1470
vn -0.7671 -0.0441 0.6400
vn 0.0004 -0.7765 0.6301
vn 0.7671 -0.0442 0.6400
vn 0.0003 0.7068 0.7074
vn 0.4849 0.6423 0.5936
vn 0.3617 0.7239 -0.5875
vn 0.5874 -0.0961 -0.8036
vn 0.7857 -0.0547 -0.6162
vn 0.5770 0.5775 -0.5775
vn 0.7669 -0.0442 -0.6403
vn -0.7673 -0.0445 -0.6398
vn 0.0003 0.7074 -0.7068
vn 0.4856 0.6420 -0.5933
vn -0.6617 0.3472 0.6646
vn -0.4818 -0.7666 0.4245
vn 0.4814 -0.7670 0.4243
vn 0.6618 0.3465 0.6649
vn 0.2902 -0.7191 0.6314
vn 0.7159 -0.3042 0.6284
vn 0.5771 -0.5772 0.5777
vn 0.2454 0.7268 0.6415
vn 0.8154 0.0389 -0.5776
vn 0.8156 0.0391 0.5773
vn 0.0387 -0.8155 0.5775
vn 0.0389 -0.8156 -0.5774
vn 0.8156 0.0389 0.5773
vn 0.0387 -0.8157 -0.5772
vn 0.3158 -0.7128 0.6262
vn 0.7651 0.3384 0.5479
vn 0.6621 0.3467 -0.6644
vn 0.4817 -0.7666 -0.4245
vn -0.4815 -0.7669 -0.4243
vn -0.6619 0.3468 -0.6645
vn 0.9998 -0.0180 -0.0003
vn 0.8165 -0.0143 0.5772
vn -0.0149 -0.8162 0.5775
vn -0.0150 -0.8163 -0.5775
vn 0.8162 -0.0147 -0.5775
vn -0.0146 -0.8162 0.5776
vn -0.0148 -0.8163 -0.5774
vn 0.9998 -0.0179 -0.0002
vn 0.8161 -0.0147 -0.5777
vn 0.8164 -0.0145 0.5773
vn 0.7159 -0.3042 -0.6284
vn 0.2902 -0.7191 -0.6314
vn 0.2453 0.7269 -0.6415
vn 0.7648 0.3387 -0.5480
vn 0.3158 -0.7128 -0.6262
vn 0.5777 -0.5772 0.5772
vn -0.6557 -0.3574 0.6651
vn 0.7246 -0.0782 0.6848
vn 0.5776 0.4588 0.6752
vn -0.6996 0.3267 0.6355
vn -0.7502 0.0290 0.6606
vn 0.7849 0.1703 0.5958
vn 0.6482 0.2334 0.7248
vn -0.6478 0.2361 0.7243
vn 0.5760 -0.5713 0.5847
vn -0.5764 -0.5709 0.5847
vn 0.4535 0.2802 0.8460
vn -0.5774 0.5776 0.5771
vn -0.0004 0.5673 0.8235
vn -0.0002 0.5672 0.8236
vn 0.4530 0.2799 0.8465
vn -0.4529 0.2798 0.8465
vn 0.5772 0.5772 0.5777
vn -0.6417 -0.3584 -0.6781
vn -0.6998 0.3264 -0.6354
vn 0.5776 0.4588 -0.6752
vn 0.7246 -0.0782 -0.6848
vn -0.7407 0.0336 -0.6710
vn 0.7851 0.1702 -0.5955
vn -0.6482 0.2354 -0.7241
vn 0.6486 0.2328 -0.7247
vn -0.5760 -0.5713 -0.5847
vn 0.5764 -0.5709 -0.5847
vn 0.4530 0.2794 -0.8466
vn -0.5774 0.5776 -0.5771
vn 0.0001 0.5671 -0.8236
vn -0.0001 0.5671 -0.8236
vn 0.4538 0.2793 -0.8462
vn -0.4534 0.2803 -0.8461
vn -0.4539 0.2799 -0.8460
vn -0.5775 0.5775 -0.5771
vn -0.5771 0.5779 0.5771
vn -0.1540 0.4151 0.8967
vn -0.0304 0.5415 -0.8401
vn -0.5766 0.5779 -0.5776
vn -0.1857 0.6883 0.7013
vn -0.1649 0.7737 -0.6117
vn 0.4441 0.6727 -0.5918
vn 0.2799 0.6228 0.7306
vn 0.3461 0.2924 0.8915
vn 0.4240 0.3492 -0.8356
vn 0.1076 0.5044 -0.8568
vn -0.1192 0.2190 0.9684
vn -0.2522 0.7843 -0.5668
vn -0.3253 0.5946 0.7353
vn -0.0032 0.7083 -0.7059
vn -0.0031 0.7083 0.7060
vn 0.1813 -0.7321 0.6566
vn -0.2200 0.7298 0.6473
vn 0.1740 -0.6077 0.7749
vn 0.2093 -0.7307 0.6499
vn -0.2192 0.7298 -0.6476
vn 0.2103 -0.7304 -0.6499
vn 0.1750 -0.6074 -0.7749
vn 0.1823 -0.7319 -0.6566
vn 0.6037 -0.7836 -0.1470
vn -0.3478 -0.2074 0.9143
vn -0.7106 -0.7033 -0.0204
vn 0.1128 -0.4185 0.9012
vn 0.3451 0.2760 0.8971
vn 0.9967 0.0755 -0.0309
vn 0.6038 -0.7847 0.1405
vn -0.7104 -0.7035 0.0208
vn -0.3487 -0.2075 -0.9140
vn 0.0961 -0.2977 -0.9498
vn 0.3426 0.2777 -0.8975
vn 0.9958 0.0905 0.0167
vn -0.5709 -0.8206 0.0251
vn 0.3493 -0.9352 -0.0579
vn 0.0806 -0.1251 0.9889
vn -0.5831 0.0251 0.8120
vn 0.4113 -0.9084 0.0753
vn 0.0292 0.2669 0.9633
vn 0.0411 -0.0826 0.9957
vn 0.2521 -0.9673 -0.0285
vn 0.2795 -0.9588 0.0511
vn 0.0379 0.1898 0.9811
vn -0.2856 -0.9577 0.0368
vn 0.1981 0.1885 0.9619
vn 0.0118 -0.1092 0.9939
vn -0.3550 -0.9333 -0.0547
vn 0.2312 0.0857 0.9691
vn 0.7798 -0.5759 0.2453
vn -0.6305 0.5489 0.5489
vn 0.6304 0.7763 0.0004
vn -0.6302 0.7764 -0.0004
vn 0.6304 0.0004 -0.7763
vn -0.6305 -0.7762 -0.0001
vn 0.6305 -0.7762 -0.0001
vn 0.0806 -0.1251 -0.9889
vn -0.5699 -0.8213 -0.0256
vn -0.5842 0.0243 -0.8112
vn 0.4353 -0.8997 -0.0336
vn 0.4055 -0.9096 -0.0902
vn -0.1130 0.3030 -0.9463
vn 0.0419 -0.0795 -0.9960
vn 0.3127 -0.9492 -0.0341
vn 0.2787 -0.9589 -0.0537
vn -0.0594 0.2304 -0.9713
vn -0.2843 -0.9579 -0.0397
vn 0.1186 0.3070 -0.9443
vn 0.0125 -0.1036 -0.9945
vn -0.2593 -0.9650 -0.0397
vn 0.2312 0.0857 -0.9691
vn 0.7797 -0.5760 -0.2456
vn 0.5776 -0.5773 0.5771
vn 0.2903 -0.7191 0.6314
vn -0.6303 0.5490 0.5490
vn 0.6303 0.7763 0.0004
vn -0.6302 0.7765 -0.0004
vn -0.6305 -0.0001 0.7761
vn 0.6305 -0.0001 0.7762
vn 0.6303 0.0004 -0.7763
vn -0.6302 -0.0004 -0.7765
vn -0.6302 -0.5491 -0.5489
vn 0.5771 0.5774 -0.5776
vn 0.2903 -0.7191 -0.6314
vn -0.6305 0.7762 0.0001
vn 0.6299 0.7766 -0.0001
vn 0.6303 0.0004 -0.7764
vn -0.6302 0.5490 0.5490
vn -0.6306 -0.0000 0.7761
vn -0.6302 -0.5490 -0.5490
vn 0.6302 -0.7764 0.0004
vn -0.6302 -0.5490 0.5490
vn -0.6302 -0.7765 0.0004
vn 0.6303 -0.5488 0.5491
vn -0.6304 0.5489 0.5489
vn -0.6302 0.5490 -0.5490
vn -0.6306 0.7761 -0.0000
vn 0.6305 -0.0001 0.7761
vn 0.6303 -0.7764 0.0004
vn 0.6772 0.4758 0.5612
vn 0.0003 0.7074 0.7069
vn -0.0005 -0.7073 0.7070
vn -0.0000 0.7067 0.7075
vn -0.7671 -0.0449 0.6399
vn 0.7673 -0.0445 0.6398
vn 0.0004 0.7069 -0.7073
vn 0.0005 -0.7071 -0.7071
vn 0.6772 0.4757 -0.5614
vn 0.4610 -0.6560 -0.5977
vn -0.7671 -0.0449 -0.6399
vn 0.7671 -0.0442 -0.6400
vn 0.2857 -0.6175 -0.7328
vn 0.4604 -0.6667 0.5861
vn -0.5772 -0.5778 -0.5771
vn 0.8139 0.0690 -0.5769
vn 0.8138 0.0689 0.5771
vn 0.7109 0.2667 -0.6507
vn -0.7107 0.2666 -0.6511
vn -0.4124 0.8650 0.2858
vn 0.4123 0.8651 0.2857
vn 0.3107 0.9324 -0.1845
vn 0.3283 -0.2668 0.9061
vn 0.9958 -0.0905 -0.0167
vn 0.0031 0.3471 0.9378
vn -0.6679 0.7377 -0.0989
vn -0.4405 0.2050 0.8740
vn -0.6679 0.7377 0.0989
vn 0.5057 0.8074 0.3040
vn 0.1181 0.4193 -0.9002
vn -0.4396 0.2047 -0.8746
vn 0.3451 -0.2760 -0.8971
vn 0.9967 -0.0755 0.0309
vn -0.6305 -0.7761 -0.0001
vn 0.6300 -0.5491 -0.5492
vn 0.2586 -0.5735 0.7773
vn 0.1792 -0.6847 0.7064
vn 0.1230 -0.7250 -0.6777
vn 0.1398 -0.5321 -0.8351
vn 0.0365 -0.5821 -0.8123
vn -0.0123 -0.5842 0.8115
vn 0.1539 -0.4150 0.8967
vn -0.1556 -0.4249 -0.8918
vn 0.1871 -0.6845 0.7046
vn -0.1672 -0.7717 0.6136
vn 0.1688 -0.7720 -0.6128
vn -0.5769 -0.5779 0.5773
vn -0.5770 -0.5780 -0.5770
vn -0.2387 -0.6500 -0.7215
vn 0.5774 -0.5774 -0.5772
vn 0.5768 -0.5778 0.5775
vn -0.5144 0.7115 0.4787
vn 0.5148 0.7112 0.4787
vn 0.6352 0.4381 -0.6361
vn -0.6351 0.4382 -0.6361
vn 0.4212 -0.3491 0.8371
vn -0.2480 -0.3905 0.8866
vn -0.4938 -0.7742 -0.3960
vn 0.7022 -0.6729 -0.2326
vn -0.6553 -0.7473 -0.1097
vn -0.0543 0.0546 0.9970
vn -0.1289 -0.3067 0.9430
vn -0.4742 -0.8710 -0.1286
vn -0.4213 -0.8939 -0.1529
vn 0.0866 0.1665 0.9822
vn -0.0025 -0.1799 0.9837
vn 0.0004 -0.9846 -0.1750
vn -0.0046 -0.1659 0.9861
vn -0.0185 -0.9878 -0.1547
vn 0.3044 -0.6916 -0.6551
vn -0.2010 0.3666 0.9084
vn 0.2559 -0.0455 0.9656
vn 0.9402 -0.0762 -0.3319
vn 0.1842 -0.0192 0.9827
vn 0.8333 0.3263 -0.4462
vn 0.4401 0.2051 0.8742
vn 0.9181 0.2754 -0.2850
vn 0.4018 -0.3097 0.8618
vn 0.8344 -0.4799 -0.2711
vn 0.1794 -0.9376 -0.2978
vn 0.2381 -0.3163 0.9183
vn -0.4319 -0.1913 0.8814
vn -0.6998 -0.7049 -0.1159
vn -0.2499 -0.8961 0.3668
vn -0.7414 -0.6273 0.2383
vn -0.2480 -0.3905 -0.8866
vn 0.4210 -0.3490 -0.8372
vn 0.7035 -0.6722 0.2307
vn -0.1131 0.0247 -0.9933
vn -0.1259 -0.3124 -0.9416
vn -0.3775 -0.8917 0.2496
vn -0.4218 -0.8921 0.1618
vn -0.1295 0.1308 -0.9829
vn 0.0019 -0.1776 -0.9841
vn 0.0054 -0.9838 0.1794
vn -0.0148 -0.9875 0.1571
vn -0.0064 -0.1653 -0.9862
vn 0.3907 -0.6040 0.6946
vn -0.3988 0.0731 -0.9141
vn 0.2608 -0.0490 -0.9642
vn 0.9406 -0.0767 0.3308
vn 0.1919 -0.0188 -0.9812
vn 0.8244 0.3362 0.4553
vn 0.9126 0.2749 0.3027
vn 0.4385 0.2121 -0.8733
vn 0.8257 -0.4732 0.3070
vn 0.4039 -0.3201 -0.8569
vn 0.1886 -0.9308 0.3132
vn 0.1174 -0.4834 -0.8675
vn -0.4319 -0.1914 -0.8814
vn -0.6995 -0.7051 0.1162
vn -0.3030 0.6289 0.7160
vn -0.3025 0.6288 -0.7163
vn -0.7188 0.6314 0.2911
vn 0.4587 0.6402 0.6162
vn 0.4605 0.6663 -0.5865
vn 0.8139 -0.0686 0.5769
vn 0.8140 -0.0691 -0.5767
vn 0.5771 0.5776 0.5774
vn 0.9033 -0.1507 0.4017
vn -0.1964 -0.5709 0.7972
vn 0.8370 -0.4578 0.2997
vn -0.4689 0.1021 0.8773
vn -0.1235 0.0157 0.9922
vn 0.9460 -0.1341 0.2950
vn -0.4978 0.2582 0.8279
vn 0.4157 0.8452 0.3358
vn -0.1960 -0.5713 -0.7970
vn -0.4812 0.0846 -0.8725
vn 0.9033 -0.1507 -0.4017
vn 0.8372 -0.4575 -0.2996
vn -0.1410 0.0172 -0.9899
vn 0.9444 -0.1245 -0.3043
vn -0.5039 0.2523 -0.8261
vn 0.3997 0.8505 -0.3420
vn 0.3020 0.9043 -0.3018
vn 0.3021 0.9044 0.3013
vn -0.5775 0.5771 0.5775
vn 0.5771 0.5777 0.5772
vn 0.5654 0.0031 0.8248
vn 0.1764 0.9438 0.2794
vn 0.1012 -0.3596 0.9276
vn -0.8982 -0.1649 0.4074
vn 0.1764 0.9438 -0.2794
vn 0.0901 -0.3599 -0.9286
vn -0.8976 -0.1665 -0.4083
vn 0.5689 0.0112 -0.8223
vn -0.2175 -0.2879 -0.9326
vn -0.2243 -0.7818 0.5819
vn -0.1354 -0.2807 0.9502
vn -0.3739 -0.6964 -0.6125
vn -0.2980 -0.6096 -0.7346
vn 0.5751 -0.5799 -0.5771
vn 0.5746 -0.5803 0.5771
vn -0.2405 -0.6515 0.7196
vn -0.3631 -0.4535 -0.8140
vn -0.1565 -0.4293 0.8895
vn 0.0029 -0.7082 -0.7060
vn 0.0039 -0.7082 0.7060
vn -0.0135 -0.7110 -0.7030
vn -0.0125 -0.7111 0.7030
vn -0.1940 -0.3478 -0.9173
vn 0.0049 -0.0045 1.0000
vn 0.6856 -0.0600 -0.7255
vn 0.6851 -0.0580 0.7262
vn 0.5621 0.1655 -0.8103
vn 0.5156 0.2037 0.8323
vn 0.7372 0.2563 -0.6252
vn 0.7010 0.2765 0.6574
vn 0.6778 -0.4245 -0.6003
vn 0.6602 -0.3422 0.6686
vn 0.1535 -0.7626 -0.6284
vn 0.2156 -0.6646 0.7154
vn -0.5759 -0.5788 0.5773
vn -0.5763 -0.5789 -0.5769
vn 0.0873 0.6388 0.7644
vn 0.9482 0.0292 0.3162
vn 0.0875 0.6386 -0.7645
vn 0.9482 0.0290 -0.3163
vn 0.8676 0.4197 0.2666
vn 0.8674 -0.4199 0.2670
vn 0.2507 -0.7056 -0.6628
vn 0.2506 0.7053 -0.6631
vn -0.8000 0.1640 0.5772
vn 0.1640 0.7998 0.5775
vn 0.1644 0.7998 -0.5773
vn -0.7996 0.1642 -0.5777
vn 0.0872 -0.6388 -0.7644
vn 0.9482 -0.0290 -0.3163
vn 0.0875 -0.6388 0.7644
vn 0.9482 -0.0288 0.3164
vn 0.7692 -0.1163 0.6283
vn 0.5671 -0.1022 0.8173
vn 0.7551 -0.1281 -0.6429
vn 0.4345 0.6918 -0.5767
vn 0.4347 0.6919 0.5765
vn 0.5767 -0.1189 -0.8083
vn 0.6929 -0.4323 -0.5771
vn 0.6930 -0.4317 0.5774
vn 0.0140 -0.1042 -0.9945
vn 0.4490 0.2738 -0.8505
vn 0.5195 -0.8183 -0.2462
vn 0.8981 -0.3974 0.1884
vn 0.4569 -0.2823 -0.8435
vn 0.8788 0.4489 0.1621
vn 0.4342 0.8253 -0.3611
vn 0.0314 -0.1169 -0.9926
vn 0.4552 0.6426 -0.6163
vn 0.7013 0.5057 0.5024
vn 0.7013 -0.5056 0.5025
vn 0.4548 -0.6430 -0.6162
vn 0.5788 -0.7674 0.2758
vn 0.9364 0.0244 -0.3501
vn 0.4342 0.8292 0.3520
vn 0.0338 -0.0527 0.9980
vn 0.5164 -0.8204 0.2456
vn 0.9293 0.0254 -0.3684
vn 0.5266 0.7483 0.4033
vn 0.0279 -0.0491 0.9984
vn 0.2587 0.6830 0.6831
vn 0.2645 -0.6948 0.6688
vn 0.8527 -0.4363 -0.2874
vn 0.8459 0.4528 -0.2818
vn 0.2586 0.6831 -0.6830
vn 0.8529 -0.4358 0.2876
vn 0.2646 -0.6949 -0.6686
vn 0.8457 0.4535 0.2814
vn -0.2537 0.1579 -0.9543
vn -0.4606 0.0650 0.8852
vn -0.5825 0.5729 0.5766
vn -0.5821 0.5736 -0.5763
vn -0.0003 0.5761 -0.8174
vn 0.2391 0.2677 -0.9334
vn 0.2441 0.3881 0.8887
vn 0.5863 0.5696 0.5760
vn 0.5860 0.5697 -0.5762
vn 0.6651 -0.6874 0.2919
vn 0.6266 0.6983 0.3461
vn 0.1087 0.3754 0.9205
vn 0.1046 -0.4784 0.8719
vn 0.5780 0.5770 -0.5770
vn 0.5781 -0.5775 -0.5764
vn -0.7448 0.2263 0.6278
vn -0.7446 0.2264 -0.6279
vn -0.6274 -0.3328 -0.7040
vn -0.6276 -0.3332 0.7036
vn -0.7691 0.0953 0.6320
vn -0.7693 0.0978 -0.6313
vn -0.9062 -0.2959 0.3021
vn -0.6476 0.2367 -0.7243
vn -0.9061 -0.2962 -0.3022
vn -0.6476 0.2372 0.7241
vn -0.3806 -0.7768 -0.5018
vn -0.3804 -0.7770 0.5016
vn -0.6909 0.3252 0.6457
vn -0.6909 0.3254 -0.6455
vn 0.2628 -0.9649 0.0002
vn -0.8957 -0.4446 0.0003
vn -0.8958 -0.3143 -0.3143
vn -0.8958 -0.3143 0.3143
vn 0.2626 -0.6823 -0.6823
vn 0.2626 -0.6823 0.6823
vn 0.2624 0.0002 -0.9650
vn 0.2624 0.0001 0.9649
vn -0.8959 -0.0000 -0.4442
vn -0.8958 -0.0000 0.4445
vn -0.8958 0.3142 -0.3143
vn -0.8958 0.3142 0.3143
vn 0.2625 0.6823 -0.6823
vn 0.2625 0.6823 0.6823
vn 0.2624 0.9650 0.0002
vn -0.8959 0.4442 -0.0000
vn 0.2627 -0.9649 0.0001
vn -0.8958 -0.4445 0.0002
vn -0.8958 -0.3142 0.3143
vn 0.2625 -0.6823 -0.6823
vn 0.2625 -0.6823 0.6823
vn 0.2623 0.0003 -0.9650
vn 0.2624 0.0003 0.9650
vn -0.8960 -0.0000 -0.4441
vn -0.8958 0.0002 0.4445
vn -0.8958 0.3143 -0.3143
vn -0.8958 0.3143 0.3143
vn -0.8960 0.4441 -0.0000
vn -0.5776 0.5771 0.5774
vt 0.000000 0.000000
s 1
usemtl Material.003
f 1/1/1 2/1/2 3/1/3
f 4/1/4 3/1/3 2/1/2
f 2/1/2 1/1/1 5/1/5
f 3/1/3 4/1/4 6/1/6
f 1/1/1 7/1/7 5/1/5
f 8/1/8 6/1/6 4/1/4
f 1/1/1 9/1/9 7/1/7
f 6/1/6 8/1/8 10/1/10
f 11/1/11 7/1/7 9/1/9
f 12/1/12 10/1/10 8/1/8
f 7/1/7 11/1/11 13/1/13
f 12/1/12 8/1/8 14/1/14
f 15/1/15 13/1/13 11/1/11
f 14/1/14 16/1/16 12/1/12
f 11/1/11 16/1/16 15/1/15
f 16/1/16 14/1/14 15/1/15
f 17/1/17 18/1/18 19/1/19
f 20/1/20 18/1/18 17/1/17
f 18/1/18 21/1/21 19/1/19
f 18/1/18 20/1/20 22/1/22
f 23/1/23 19/1/19 21/1/21
f 24/1/24 22/1/22 20/1/20
f 19/1/19 23/1/23 25/1/25
f 26/1/26 24/1/24 20/1/20
f 23/1/23 27/1/27 25/1/25
f 28/1/28 24/1/24 26/1/26
f 27/1/27 23/1/23 29/1/29
f 24/1/24 28/1/28 30/1/30
f 31/1/31 27/1/27 29/1/29
f 31/1/31 30/1/30 28/1/28
f 27/1/27 31/1/31 32/1/32
f 32/1/32 31/1/31 28/1/28
f 33/1/33 34/1/34 35/1/35
f 34/1/34 33/1/33 36/1/36
f 37/1/37 38/1/38 39/1/39
f 38/1/38 37/1/37 40/1/40
f 40/1/40 41/1/41 38/1/38
f 39/1/39 42/1/42 37/1/37
f 42/1/42 39/1/39 43/1/43
f 41/1/41 40/1/40 44/1/44
f 37/1/37 44/1/44 40/1/40
f 44/1/44 45/1/45 41/1/41
f 45/1/45 44/1/44 46/1/46
f 45/1/45 46/1/46 47/1/47
f 44/1/44 48/1/48 46/1/46
f 48/1/48 47/1/47 46/1/46
f 37/1/37 48/1/48 44/1/44
f 47/1/47 48/1/48 49/1/49
f 50/1/50 37/1/37 42/1/42
f 43/1/43 50/1/50 42/1/42
f 48/1/48 37/1/37 50/1/50
f 50/1/50 43/1/43 51/1/51
f 52/1/52 49/1/49 48/1/48
f 48/1/48 50/1/50 52/1/52
f 52/1/52 51/1/51 49/1/49
f 51/1/51 52/1/52 50/1/50
f 53/1/53 54/1/54 55/1/55
f 54/1/54 53/1/53 56/1/56
f 54/1/54 56/1/56 57/1/57
f 57/1/57 56/1/56 58/1/58
f 59/1/59 60/1/60 61/1/61
f 62/1/62 61/1/61 60/1/60
f 59/1/59 61/1/61 63/1/63
f 63/1/63 64/1/6 59/1/59
f 61/1/61 62/1/62 65/1/63
f 66/1/11 65/1/63 62/1/62
f 61/1/61 67/1/64 63/1/63
f 64/1/6 63/1/63 67/1/64
f 68/1/64 61/1/61 65/1/63
f 65/1/63 66/1/11 68/1/64
f 67/1/64 61/1/61 68/1/64
f 69/1/63 68/1/64 66/1/11
f 66/1/11 70/1/65 69/1/63
f 71/1/61 68/1/64 69/1/63
f 70/1/65 71/1/61 69/1/63
f 68/1/64 71/1/61 67/1/64
f 71/1/61 70/1/65 72/1/66
f 73/1/63 64/1/6 67/1/64
f 67/1/64 71/1/61 73/1/63
f 64/1/6 73/1/63 74/1/67
f 74/1/67 71/1/61 72/1/66
f 71/1/61 74/1/67 73/1/63
f 75/1/68 76/1/18 77/1/69
f 78/1/70 76/1/18 75/1/68
f 76/1/18 79/1/21 77/1/69
f 76/1/18 78/1/70 80/1/71
f 81/1/72 77/1/69 79/1/21
f 82/1/73 80/1/71 78/1/70
f 77/1/69 81/1/72 83/1/74
f 84/1/75 82/1/73 78/1/70
f 81/1/72 85/1/76 83/1/74
f 86/1/77 82/1/73 84/1/75
f 85/1/76 81/1/72 87/1/78
f 82/1/73 86/1/77 88/1/79
f 89/1/80 85/1/76 87/1/78
f 89/1/80 88/1/79 86/1/77
f 85/1/76 89/1/80 90/1/81
f 90/1/81 89/1/80 86/1/77
f 91/1/82 92/1/83 93/1/84
f 92/1/83 94/1/85 93/1/84
f 94/1/85 92/1/83 95/1/86
f 96/1/87 91/1/82 93/1/84
f 91/1/82 96/1/87 97/1/88
f 98/1/89 97/1/88 96/1/87
f 98/1/89 99/1/90 97/1/88
f 100/1/35 97/1/88 99/1/90
f 97/1/88 101/1/91 91/1/82
f 101/1/91 102/1/92 91/1/82
f 102/1/92 101/1/91 103/1/35
f 103/1/35 101/1/91 104/1/34
f 105/1/93 106/1/94 107/1/95
f 105/1/93 107/1/95 108/1/96
f 109/1/97 110/1/98 111/1/99
f 110/1/98 109/1/97 112/1/100
f 113/1/101 111/1/99 110/1/98
f 111/1/99 113/1/101 114/1/102
f 115/1/103 116/1/104 117/1/105
f 117/1/105 118/1/106 115/1/103
f 116/1/104 119/1/107 117/1/105
f 116/1/104 120/1/108 119/1/107
f 121/1/109 122/1/110 123/1/111
f 124/1/112 123/1/111 122/1/110
f 122/1/110 121/1/109 125/1/113
f 124/1/112 122/1/110 126/1/114
f 127/1/115 125/1/113 121/1/109
f 128/1/116 124/1/112 126/1/114
f 121/1/109 129/1/117 127/1/115
f 124/1/112 128/1/116 130/1/118
f 131/1/119 127/1/115 129/1/117
f 132/1/120 130/1/118 128/1/116
f 127/1/115 131/1/119 133/1/121
f 132/1/120 128/1/116 134/1/122
f 131/1/119 135/1/123 133/1/121
f 135/1/123 132/1/120 134/1/122
f 131/1/119 136/1/124 135/1/123
f 132/1/120 135/1/123 136/1/124
f 137/1/109 138/1/125 139/1/111
f 140/1/126 139/1/111 138/1/125
f 138/1/125 137/1/109 141/1/127
f 140/1/126 138/1/125 142/1/128
f 143/1/129 141/1/127 137/1/109
f 144/1/116 140/1/126 142/1/128
f 137/1/109 145/1/117 143/1/129
f 140/1/126 144/1/116 146/1/118
f 147/1/130 143/1/129 145/1/117
f 148/1/131 146/1/118 144/1/116
f 143/1/129 147/1/130 149/1/132
f 148/1/131 144/1/116 150/1/133
f 147/1/130 151/1/123 149/1/132
f 151/1/123 148/1/131 150/1/133
f 147/1/130 152/1/124 151/1/123
f 148/1/131 151/1/123 152/1/124
f 153/1/134 154/1/135 155/1/136
f 156/1/137 155/1/136 154/1/135
f 157/1/138 158/1/139 159/1/140
f 157/1/138 159/1/140 160/1/141
f 161/1/142 162/1/143 163/1/144
f 162/1/143 161/1/142 164/1/145
f 165/1/146 166/1/147 167/1/148
f 167/1/148 166/1/147 168/1/149
f 169/1/150 170/1/151 171/1/152
f 170/1/151 169/1/150 172/1/153
f 173/1/154 171/1/152 170/1/151
f 174/1/155 172/1/153 169/1/150
f 171/1/152 173/1/154 175/1/156
f 176/1/157 175/1/156 173/1/154
f 176/1/157 173/1/154 177/1/158
f 172/1/153 174/1/155 178/1/159
f 179/1/160 178/1/159 174/1/155
f 178/1/159 179/1/160 180/1/161
f 181/1/162 180/1/161 179/1/160
f 180/1/161 181/1/162 182/1/163
f 183/1/164 182/1/163 181/1/162
f 182/1/163 183/1/164 184/1/165
f 185/1/166 184/1/165 183/1/164
f 184/1/165 185/1/166 186/1/167
f 187/1/168 186/1/167 185/1/166
f 186/1/167 187/1/168 188/1/169
f 189/1/170 188/1/169 187/1/168
f 188/1/169 189/1/170 190/1/169
f 191/1/170 190/1/169 189/1/170
f 190/1/169 191/1/170 192/1/169
f 193/1/171 192/1/169 191/1/170
f 192/1/169 193/1/171 194/1/172
f 195/1/173 196/1/174 197/1/175
f 196/1/174 195/1/173 198/1/176
f 199/1/177 200/1/178 201/1/179
f 199/1/177 201/1/179 202/1/180
f 203/1/181 204/1/182 205/1/183
f 206/1/184 205/1/183 204/1/182
f 204/1/182 207/1/185 206/1/184
f 204/1/182 203/1/181 208/1/186
f 203/1/181 209/1/187 208/1/186
f 203/1/181 210/1/188 209/1/187
f 210/1/188 211/1/189 209/1/187
f 210/1/188 212/1/190 211/1/189
f 213/1/191 211/1/189 212/1/190
f 212/1/190 214/1/192 213/1/191
f 214/1/192 215/1/193 213/1/191
f 214/1/192 216/1/194 215/1/193
f 217/1/195 215/1/193 216/1/194
f 215/1/193 217/1/195 218/1/196
f 219/1/197 218/1/196 217/1/195
f 217/1/195 220/1/198 219/1/197
f 220/1/198 221/1/199 219/1/197
f 220/1/198 222/1/200 221/1/199
f 222/1/200 223/1/201 221/1/199
f 223/1/201 222/1/200 224/1/202
f 224/1/202 225/1/203 223/1/201
f 225/1/203 224/1/202 226/1/204
f 227/1/205 225/1/203 226/1/204
f 225/1/203 227/1/205 228/1/206
f 229/1/207 230/1/208 231/1/209
f 230/1/208 229/1/207 232/1/210
f 229/1/207 233/1/211 232/1/210
f 229/1/207 234/1/212 233/1/211
f 235/1/213 233/1/211 234/1/212
f 233/1/211 235/1/213 236/1/214
f 237/1/215 236/1/214 235/1/213
f 236/1/214 237/1/215 238/1/216
f 239/1/217 238/1/216 237/1/215
f 238/1/216 239/1/217 240/1/218
f 239/1/217 241/1/219 240/1/218
f 239/1/217 242/1/220 241/1/219
f 242/1/220 243/1/221 241/1/219
f 242/1/220 244/1/222 243/1/221
f 245/1/223 243/1/221 244/1/222
f 243/1/221 245/1/223 246/1/224
f 247/1/225 246/1/224 245/1/223
f 246/1/224 247/1/225 248/1/226
f 247/1/225 249/1/227 248/1/226
f 247/1/225 250/1/228 249/1/227
f 250/1/228 251/1/229 249/1/227
f 250/1/228 252/1/230 251/1/229
f 252/1/230 253/1/231 251/1/229
f 252/1/230 254/1/232 253/1/231
f 255/1/233 256/1/234 257/1/235
f 255/1/233 257/1/235 258/1/236
f 259/1/237 260/1/238 261/1/239
f 260/1/238 259/1/237 262/1/240
f 263/1/241 264/1/242 265/1/243
f 263/1/241 265/1/243 266/1/244
f 267/1/245 268/1/246 269/1/247
f 268/1/246 267/1/245 270/1/248
f 271/1/249 272/1/250 273/1/251
f 273/1/251 274/1/252 271/1/249
f 273/1/251 275/1/253 274/1/252
f 272/1/250 271/1/249 276/1/254
f 277/1/255 272/1/250 276/1/254
f 277/1/255 276/1/254 278/1/256
f 279/1/257 280/1/258 281/1/259
f 279/1/257 281/1/259 282/1/260
f 282/1/260 283/1/261 279/1/257
f 283/1/261 282/1/260 284/1/262
f 280/1/258 285/1/263 281/1/259
f 280/1/258 286/1/264 285/1/263
f 287/1/265 285/1/263 286/1/264
f 285/1/263 287/1/265 288/1/36
f 289/1/266 290/1/267 291/1/268
f 291/1/268 292/1/269 289/1/266
f 293/1/270 294/1/271 295/1/272
f 294/1/271 293/1/270 296/1/273
f 297/1/157 298/1/274 299/1/275
f 297/1/157 299/1/275 300/1/158
f 301/1/276 302/1/277 303/1/278
f 301/1/276 303/1/278 304/1/279
f 305/1/278 306/1/276 307/1/277
f 306/1/276 305/1/278 308/1/279
f 309/1/277 310/1/279 311/1/276
f 310/1/279 309/1/277 312/1/280
f 313/1/277 314/1/281 315/1/276
f 315/1/276 314/1/281 316/1/279
f 317/1/282 318/1/277 319/1/283
f 317/1/282 319/1/283 320/1/279
f 321/1/157 322/1/274 323/1/275
f 321/1/157 323/1/275 324/1/158
f 325/1/276 326/1/277 327/1/284
f 325/1/276 327/1/284 328/1/279
f 329/1/285 330/1/286 331/1/287
f 330/1/286 332/1/288 331/1/287
f 333/1/277 332/1/288 330/1/286
f 333/1/277 330/1/286 334/1/276
f 331/1/287 335/1/289 329/1/285
f 336/1/290 329/1/285 335/1/289
f 336/1/290 335/1/289 337/1/291
f 337/1/291 338/1/292 336/1/290
f 339/1/293 338/1/292 337/1/291
f 338/1/292 339/1/293 340/1/294
f 341/1/283 342/1/295 343/1/277
f 342/1/295 341/1/283 344/1/279
f 345/1/285 343/1/277 342/1/295
f 342/1/295 346/1/296 345/1/285
f 346/1/296 347/1/289 345/1/285
f 348/1/290 345/1/285 347/1/289
f 348/1/290 347/1/289 349/1/291
f 349/1/291 350/1/292 348/1/290
f 351/1/293 350/1/292 349/1/291
f 350/1/292 351/1/293 352/1/294
f 353/1/297 354/1/298 355/1/276
f 353/1/297 356/1/299 354/1/298
f 356/1/299 353/1/297 357/1/280
f 356/1/299 357/1/280 358/1/279
f 354/1/298 356/1/299 359/1/300
f 360/1/276 354/1/298 359/1/300
f 361/1/301 362/1/302 363/1/303
f 362/1/302 364/1/304 363/1/303
f 362/1/302 365/1/305 364/1/304
f 362/1/302 366/1/274 365/1/305
f 363/1/303 367/1/306 361/1/301
f 368/1/307 361/1/301 367/1/306
f 368/1/307 367/1/306 369/1/308
f 370/1/309 368/1/307 369/1/308
f 370/1/309 369/1/308 371/1/310
f 372/1/311 370/1/309 371/1/310
f 372/1/311 371/1/310 373/1/312
f 373/1/312 371/1/310 374/1/313
f 374/1/313 375/1/314 373/1/312
f 376/1/157 373/1/312 375/1/314
f 377/1/315 378/1/316 379/1/317
f 380/1/318 379/1/317 378/1/316
f 378/1/316 377/1/315 381/1/319
f 379/1/317 380/1/318 382/1/320
f 383/1/321 381/1/319 377/1/315
f 384/1/322 382/1/320 380/1/318
f 381/1/319 383/1/321 385/1/323
f 386/1/324 385/1/323 383/1/321
f 385/1/323 386/1/324 387/1/325
f 382/1/320 384/1/322 388/1/326
f 389/1/327 388/1/326 384/1/322
f 388/1/326 389/1/327 390/1/328
f 391/1/329 392/1/330 393/1/320
f 394/1/322 393/1/320 392/1/330
f 392/1/330 391/1/329 395/1/331
f 393/1/320 394/1/322 396/1/326
f 397/1/327 396/1/326 394/1/322
f 396/1/326 397/1/327 398/1/332
f 399/1/315 395/1/331 391/1/329
f 395/1/331 399/1/315 400/1/319
f 401/1/321 400/1/319 399/1/315
f 400/1/319 401/1/321 402/1/323
f 403/1/324 402/1/323 401/1/321
f 402/1/323 403/1/324 404/1/325
f 405/1/157 406/1/274 407/1/275
f 405/1/157 407/1/275 408/1/158
f 409/1/333 410/1/334 411/1/335
f 410/1/334 409/1/333 412/1/336
f 413/1/337 409/1/333 411/1/335
f 409/1/333 413/1/337 414/1/338
f 415/1/339 414/1/338 413/1/337
f 416/1/340 414/1/338 415/1/339
f 417/1/341 418/1/342 419/1/343
f 418/1/342 417/1/341 420/1/344
f 418/1/342 421/1/345 419/1/343
f 421/1/345 418/1/342 422/1/346
f 422/1/346 423/1/347 421/1/345
f 422/1/346 424/1/348 423/1/347
f 425/1/349 423/1/347 424/1/348
f 423/1/347 425/1/349 426/1/350
f 427/1/351 426/1/350 425/1/349
f 425/1/349 428/1/352 427/1/351
f 429/1/353 427/1/351 428/1/352
f 427/1/351 429/1/353 430/1/354
f 431/1/355 430/1/354 429/1/353
f 429/1/353 432/1/356 431/1/355
f 433/1/357 434/1/358 435/1/359
f 435/1/359 434/1/358 436/1/360
f 434/1/358 437/1/361 436/1/360
f 437/1/361 434/1/358 438/1/362
f 438/1/362 439/1/363 437/1/361
f 438/1/362 440/1/364 439/1/363
f 441/1/365 442/1/366 443/1/367
f 441/1/365 443/1/367 444/1/368
f 445/1/369 441/1/365 444/1/368
f 441/1/365 445/1/369 446/1/370
f 447/1/371 446/1/370 445/1/369
f 446/1/370 447/1/371 448/1/372
f 449/1/373 448/1/372 447/1/371
f 447/1/371 450/1/374 449/1/373
f 451/1/375 449/1/373 450/1/374
f 449/1/373 451/1/375 452/1/376
f 453/1/377 452/1/376 451/1/375
f 451/1/375 454/1/378 453/1/377
f 455/1/379 453/1/377 454/1/378
f 453/1/377 455/1/379 456/1/380
f 457/1/280 458/1/381 459/1/277
f 460/1/276 459/1/277 458/1/381
f 461/1/280 462/1/381 463/1/277
f 464/1/276 463/1/277 462/1/381
f 465/1/382 466/1/383 467/1/277
f 468/1/384 466/1/383 465/1/382
f 468/1/384 469/1/385 466/1/383
f 470/1/386 468/1/384 471/1/277
f 468/1/384 470/1/386 472/1/387
f 472/1/387 469/1/385 468/1/384
f 472/1/387 473/1/388 469/1/385
f 473/1/388 472/1/387 474/1/389
f 472/1/387 475/1/390 474/1/389
f 474/1/389 475/1/390 476/1/280
f 477/1/391 478/1/392 479/1/393
f 477/1/391 479/1/393 480/1/394
f 481/1/395 477/1/391 480/1/394
f 481/1/395 480/1/394 482/1/396
f 478/1/392 483/1/397 479/1/393
f 478/1/392 484/1/398 483/1/397
f 485/1/399 483/1/397 484/1/398
f 483/1/397 485/1/399 486/1/400
f 487/1/401 486/1/400 485/1/399
f 486/1/400 487/1/401 488/1/402
f 487/1/401 489/1/403 488/1/402
f 487/1/401 490/1/404 489/1/403
f 490/1/404 491/1/405 489/1/403
f 489/1/403 491/1/405 492/1/406
f 493/1/407 494/1/408 495/1/409
f 496/1/410 495/1/409 494/1/408
f 495/1/409 496/1/410 497/1/411
f 494/1/408 493/1/407 498/1/412
f 499/1/413 498/1/412 493/1/407
f 498/1/412 499/1/413 500/1/414
f 501/1/415 500/1/414 499/1/413
f 499/1/413 502/1/416 501/1/415
f 502/1/416 503/1/417 501/1/415
f 502/1/416 504/1/418 503/1/417
f 505/1/419 503/1/417 504/1/418
f 503/1/417 505/1/419 506/1/420
f 505/1/419 507/1/421 506/1/420
f 507/1/421 505/1/419 508/1/422
f 509/1/261 510/1/423 511/1/424
f 509/1/261 511/1/424 512/1/262
f 511/1/424 510/1/423 513/1/425
f 513/1/425 514/1/426 511/1/424
f 513/1/425 515/1/427 514/1/426
f 515/1/427 513/1/425 516/1/428
f 517/1/429 515/1/427 516/1/428
f 515/1/427 517/1/429 518/1/430
f 519/1/431 518/1/430 517/1/429
f 518/1/430 519/1/431 520/1/432
f 519/1/431 521/1/433 520/1/432
f 521/1/433 519/1/431 522/1/434
f 523/1/435 521/1/433 522/1/434
f 521/1/433 523/1/435 524/1/280
f 525/1/436 526/1/437 527/1/438
f 527/1/438 528/1/172 525/1/436
f 528/1/172 527/1/438 529/1/55
f 525/1/436 530/1/439 526/1/437
f 531/1/171 526/1/437 530/1/439
f 526/1/437 531/1/171 532/1/172
f 533/1/440 534/1/441 535/1/294
f 534/1/441 533/1/440 536/1/442
f 537/1/440 538/1/441 539/1/294
f 538/1/441 537/1/440 540/1/443
f 541/1/261 542/1/55 543/1/53
f 541/1/261 543/1/53 544/1/262
f 545/1/261 546/1/55 547/1/53
f 545/1/261 547/1/53 548/1/262
f 549/1/444 550/1/445 551/1/446
f 549/1/444 552/1/447 550/1/445
f 552/1/447 549/1/444 553/1/448
f 549/1/444 551/1/446 554/1/449
f 551/1/446 555/1/450 554/1/449
f 555/1/450 551/1/446 556/1/451
f 555/1/450 556/1/451 557/1/452
f 558/1/453 555/1/450 557/1/452
f 557/1/452 559/1/454 558/1/453
f 559/1/454 557/1/452 560/1/455
f 561/1/456 559/1/454 560/1/455
f 561/1/456 562/1/457 559/1/454
f 563/1/458 562/1/457 561/1/456
f 562/1/457 563/1/458 564/1/459
f 563/1/458 565/1/460 564/1/459
f 565/1/460 563/1/458 566/1/461
f 566/1/461 567/1/462 565/1/460
f 567/1/462 566/1/461 568/1/463
f 568/1/463 569/1/464 567/1/462
f 569/1/464 568/1/463 570/1/465
f 571/1/466 569/1/464 570/1/465
f 571/1/466 572/1/467 569/1/464
f 572/1/467 571/1/466 573/1/468
f 573/1/468 574/1/469 572/1/467
f 575/1/470 576/1/471 577/1/472
f 575/1/470 577/1/472 578/1/473
f 579/1/474 575/1/470 578/1/473
f 576/1/471 575/1/470 580/1/475
f 581/1/476 576/1/471 580/1/475
f 576/1/471 581/1/476 582/1/477
f 581/1/476 583/1/478 582/1/477
f 583/1/478 581/1/476 584/1/479
f 585/1/480 583/1/478 584/1/479
f 583/1/478 585/1/480 586/1/481
f 585/1/480 587/1/482 586/1/481
f 587/1/482 585/1/480 588/1/483
f 588/1/483 589/1/484 587/1/482
f 589/1/484 588/1/483 590/1/485
f 589/1/484 590/1/485 591/1/486
f 591/1/486 592/1/487 589/1/484
f 591/1/486 593/1/488 592/1/487
f 592/1/487 593/1/488 594/1/489
f 594/1/489 593/1/488 595/1/490
f 594/1/489 595/1/490 596/1/491
f 595/1/490 597/1/492 596/1/491
f 597/1/492 595/1/490 598/1/493
f 598/1/493 599/1/494 597/1/492
f 599/1/494 598/1/493 600/1/495
f 601/1/496 602/1/497 603/1/498
f 601/1/496 603/1/498 604/1/499
f 605/1/500 606/1/501 607/1/502
f 605/1/500 607/1/502 608/1/503
f 609/1/504 610/1/505 611/1/506
f 612/1/507 610/1/505 609/1/504
f 613/1/508 612/1/507 609/1/504
f 614/1/509 615/1/510 616/1/511
f 615/1/510 614/1/509 617/1/512
f 614/1/509 618/1/513 617/1/512
f 617/1/512 618/1/513 619/1/514
f 620/1/515 621/1/516 622/1/517
f 623/1/518 622/1/517 621/1/516
f 621/1/516 620/1/515 624/1/519
f 622/1/517 623/1/518 625/1/520
f 626/1/521 624/1/519 620/1/515
f 627/1/522 625/1/520 623/1/518
f 624/1/519 626/1/521 628/1/523
f 629/1/524 624/1/519 628/1/523
f 628/1/523 630/1/525 629/1/524
f 631/1/526 627/1/522 623/1/518
f 627/1/522 631/1/526 632/1/527
f 632/1/527 633/1/528 627/1/522
f 634/1/529 633/1/528 632/1/527
f 633/1/528 634/1/529 635/1/530
f 636/1/531 637/1/532 638/1/533
f 639/1/534 637/1/532 636/1/531
f 637/1/532 639/1/534 640/1/535
f 640/1/535 639/1/534 641/1/536
f 642/1/537 643/1/538 644/1/539
f 643/1/538 642/1/537 645/1/540
f 645/1/540 646/1/541 643/1/538
f 646/1/541 645/1/540 647/1/542
f 648/1/543 644/1/539 643/1/538
f 649/1/544 644/1/539 648/1/543
f 644/1/539 649/1/544 650/1/545
f 651/1/546 644/1/539 650/1/545
f 650/1/545 652/1/547 651/1/546
f 651/1/546 652/1/547 653/1/548
f 654/1/549 651/1/546 653/1/548
f 654/1/549 653/1/548 655/1/550
f 652/1/547 656/1/551 653/1/548
f 656/1/551 652/1/547 657/1/552
f 658/1/553 659/1/554 660/1/555
f 659/1/554 658/1/553 661/1/556
f 662/1/557 661/1/556 658/1/553
f 661/1/556 662/1/557 663/1/558
f 664/1/559 661/1/556 663/1/558
f 663/1/558 665/1/560 664/1/559
f 666/1/561 664/1/559 665/1/560
f 666/1/561 665/1/560 667/1/562
f 668/1/563 666/1/561 667/1/562
f 666/1/561 668/1/563 669/1/564
f 669/1/564 668/1/563 670/1/565
f 671/1/566 670/1/565 668/1/563
f 671/1/566 672/1/567 670/1/565
f 672/1/567 671/1/566 673/1/568
f 674/1/569 675/1/570 676/1/285
f 676/1/285 675/1/570 677/1/571
f 678/1/572 676/1/285 677/1/571
f 675/1/570 674/1/569 679/1/573
f 679/1/573 680/1/574 675/1/570
f 680/1/574 679/1/573 681/1/575
f 679/1/573 682/1/576 681/1/575
f 679/1/573 683/1/577 682/1/576
f 684/1/578 682/1/576 683/1/577
f 683/1/577 679/1/573 685/1/579
f 683/1/577 685/1/579 686/1/580
f 684/1/578 687/1/581 682/1/576
f 687/1/581 684/1/578 688/1/582
f 685/1/579 689/1/583 686/1/580
f 689/1/583 687/1/581 688/1/582
f 689/1/583 685/1/579 690/1/584
f 691/1/585 690/1/584 685/1/579
f 690/1/584 691/1/585 692/1/586
f 690/1/584 693/1/587 689/1/583
f 687/1/581 689/1/583 693/1/587
f 687/1/581 693/1/587 694/1/588
f 695/1/589 696/1/590 697/1/591
f 696/1/590 695/1/589 698/1/592
f 699/1/593 700/1/594 701/1/595
f 702/1/596 701/1/595 700/1/594
f 700/1/594 699/1/593 703/1/597
f 701/1/595 702/1/596 704/1/598
f 705/1/599 703/1/597 699/1/593
f 706/1/600 704/1/598 702/1/596
f 703/1/597 705/1/599 707/1/601
f 704/1/598 706/1/600 708/1/602
f 709/1/603 707/1/601 705/1/599
f 710/1/604 708/1/602 706/1/600
f 709/1/603 711/1/605 707/1/601
f 708/1/602 710/1/604 712/1/606
f 711/1/605 709/1/603 713/1/607
f 714/1/608 712/1/606 710/1/604
f 713/1/607 714/1/608 711/1/605
f 714/1/608 713/1/607 712/1/606
f 715/1/609 716/1/610 717/1/611
f 716/1/610 715/1/609 718/1/612
f 719/1/613 717/1/611 716/1/610
f 719/1/613 720/1/614 717/1/611
f 717/1/611 720/1/614 721/1/615
f 722/1/616 721/1/615 720/1/614
f 722/1/616 723/1/617 721/1/615
f 722/1/616 724/1/618 723/1/617
f 724/1/618 722/1/616 725/1/619
f 726/1/620 724/1/618 725/1/619
f 726/1/620 727/1/621 724/1/618
f 728/1/622 729/1/623 730/1/624
f 731/1/625 730/1/624 729/1/623
f 729/1/623 728/1/622 732/1/626
f 731/1/625 729/1/623 733/1/627
f 734/1/628 732/1/626 728/1/622
f 735/1/629 731/1/625 733/1/627
f 732/1/626 734/1/628 736/1/630
f 733/1/627 737/1/631 735/1/629
f 738/1/632 735/1/629 737/1/631
f 735/1/629 738/1/632 739/1/633
f 734/1/628 740/1/634 736/1/630
f 740/1/634 734/1/628 741/1/635
f 742/1/636 740/1/634 741/1/635
f 741/1/635 743/1/637 742/1/636
f 743/1/637 744/1/638 742/1/636
f 744/1/638 743/1/637 745/1/639
f 746/1/640 747/1/641 748/1/642
f 747/1/641 749/1/643 748/1/642
f 750/1/276 749/1/643 747/1/641
f 751/1/644 749/1/643 750/1/276
f 749/1/643 751/1/644 752/1/645
f 752/1/645 751/1/644 753/1/646
f 752/1/645 753/1/646 754/1/647
f 755/1/648 752/1/645 754/1/647
f 756/1/551 757/1/649 758/1/650
f 758/1/650 759/1/651 756/1/551
f 760/1/652 758/1/650 757/1/649
f 760/1/652 761/1/653 758/1/650
f 761/1/653 760/1/652 762/1/654
f 763/1/655 764/1/656 765/1/657
f 764/1/656 763/1/655 766/1/658
f 767/1/659 766/1/658 763/1/655
f 763/1/655 768/1/660 767/1/659
f 769/1/661 770/1/662 771/1/663
f 770/1/662 772/1/664 771/1/663
f 770/1/662 769/1/661 773/1/665
f 772/1/664 770/1/662 774/1/666
f 775/1/667 773/1/665 769/1/661
f 776/1/668 772/1/664 774/1/666
f 773/1/665 775/1/667 777/1/669
f 778/1/670 777/1/669 775/1/667
f 775/1/667 779/1/671 778/1/670
f 776/1/668 774/1/666 780/1/672
f 781/1/673 776/1/668 780/1/672
f 776/1/668 781/1/673 782/1/674
f 783/1/675 782/1/674 781/1/673
f 782/1/674 783/1/675 784/1/676
f 783/1/675 785/1/677 784/1/676
f 786/1/678 784/1/676 785/1/677
f 787/1/679 788/1/680 789/1/681
f 790/1/682 788/1/680 787/1/679
f 788/1/680 790/1/682 791/1/683
f 790/1/682 787/1/679 792/1/684
f 792/1/684 787/1/679 793/1/685
f 790/1/682 792/1/684 794/1/686
f 795/1/687 796/1/688 797/1/689
f 796/1/688 798/1/690 797/1/689
f 799/1/691 796/1/688 795/1/687
f 796/1/688 799/1/691 800/1/692
f 801/1/693 802/1/297 803/1/694
f 802/1/297 801/1/693 804/1/695
f 805/1/696 806/1/697 807/1/698
f 807/1/698 806/1/697 808/1/699
f 805/1/696 807/1/698 809/1/700
f 806/1/697 805/1/696 810/1/701
f 805/1/696 811/1/702 810/1/701
f 806/1/697 810/1/701 812/1/703
f 813/1/704 814/1/705 815/1/706
f 814/1/705 813/1/704 816/1/707
f 817/1/651 818/1/708 819/1/709
f 818/1/708 820/1/710 819/1/709
f 820/1/710 818/1/708 821/1/711
f 822/1/712 823/1/713 824/1/35
f 824/1/35 823/1/713 825/1/34
f 826/1/714 827/1/715 828/1/716
f 829/1/717 827/1/715 826/1/714
f 830/1/718 827/1/715 829/1/717
f 827/1/715 830/1/718 831/1/719
f 832/1/720 833/1/721 834/1/722
f 833/1/721 832/1/720 835/1/723
f 836/1/720 837/1/721 838/1/724
f 837/1/721 836/1/720 839/1/725
f 840/1/726 841/1/727 842/1/651
f 841/1/727 840/1/726 843/1/728
f 844/1/729 845/1/730 846/1/731
f 845/1/730 844/1/729 847/1/732
f 848/1/733 849/1/734 850/1/735
f 848/1/733 851/1/736 849/1/734
f 851/1/736 848/1/733 852/1/737
f 853/1/738 854/1/739 855/1/740
f 854/1/739 856/1/741 855/1/740
f 853/1/738 857/1/742 854/1/739
f 858/1/566 859/1/743 860/1/297
f 858/1/566 861/1/744 859/1/743
f 861/1/744 858/1/566 862/1/693
f 863/1/745 864/1/746 865/1/747
f 865/1/747 864/1/746 866/1/747
f 864/1/746 867/1/748 866/1/747
f 867/1/748 864/1/746 868/1/749
f 869/1/750 870/1/751 871/1/752
f 871/1/752 870/1/751 872/1/693
f 873/1/551 874/1/753 875/1/651
f 874/1/753 873/1/551 876/1/711
f 877/1/297 878/1/694 879/1/693
f 877/1/297 879/1/693 880/1/695
f 881/1/754 882/1/755 883/1/756
f 882/1/755 881/1/754 884/1/757
f 883/1/756 885/1/758 881/1/754
f 885/1/758 883/1/756 886/1/759
f 887/1/760 885/1/758 886/1/759
f 887/1/760 888/1/761 885/1/758
f 889/1/762 888/1/761 887/1/760
f 889/1/762 890/1/651 888/1/761
f 891/1/763 892/1/551 893/1/711
f 892/1/551 891/1/763 894/1/764
f 894/1/764 891/1/763 895/1/765
f 895/1/765 896/1/766 894/1/764
f 894/1/764 896/1/766 897/1/767
f 895/1/765 898/1/768 896/1/766
f 897/1/767 896/1/766 899/1/769
f 900/1/711 897/1/767 899/1/769
f 899/1/769 901/1/551 900/1/711
f 898/1/768 895/1/765 902/1/770
f 902/1/770 903/1/711 898/1/768
f 903/1/711 902/1/770 904/1/551
f 905/1/771 906/1/772 907/1/773
f 906/1/772 905/1/771 908/1/774
f 909/1/775 908/1/774 905/1/771
f 908/1/774 909/1/775 910/1/776
f 910/1/776 909/1/775 911/1/777
f 910/1/776 911/1/777 912/1/778
f 912/1/778 911/1/777 913/1/568
f 912/1/778 913/1/568 914/1/695
f 915/1/779 916/1/694 917/1/780
f 916/1/694 915/1/779 918/1/297
f 919/1/781 915/1/779 917/1/780
f 917/1/780 920/1/782 919/1/781
f 920/1/782 917/1/780 921/1/783
f 919/1/781 920/1/782 922/1/784
f 920/1/782 921/1/783 923/1/785
f 921/1/783 924/1/786 923/1/785
f 925/1/694 923/1/785 924/1/786
f 919/1/781 922/1/784 926/1/785
f 922/1/784 927/1/787 926/1/785
f 927/1/787 922/1/784 928/1/297
f 929/1/788 930/1/789 931/1/790
f 930/1/789 929/1/788 932/1/305
f 931/1/790 930/1/789 933/1/791
f 933/1/791 930/1/789 934/1/792
f 935/1/793 933/1/791 934/1/792
f 933/1/791 935/1/793 936/1/794
f 936/1/794 935/1/793 937/1/795
f 937/1/795 935/1/793 938/1/796
f 938/1/796 939/1/797 937/1/795
f 940/1/798 937/1/795 939/1/797
f 940/1/798 939/1/797 941/1/799
f 942/1/800 940/1/798 941/1/799
f 942/1/800 941/1/799 943/1/801
f 944/1/802 942/1/800 943/1/801
f 943/1/801 945/1/314 944/1/802
f 946/1/157 944/1/802 945/1/314
f 947/1/803 948/1/804 949/1/805
f 948/1/804 947/1/803 950/1/806
f 951/1/807 948/1/804 950/1/806
f 948/1/804 951/1/807 952/1/808
f 953/1/809 954/1/810 955/1/811
f 955/1/811 956/1/812 953/1/809
f 957/1/813 953/1/809 956/1/812
f 953/1/809 957/1/813 958/1/814
f 959/1/815 960/1/816 961/1/817
f 959/1/815 961/1/817 962/1/818
f 963/1/819 959/1/815 962/1/818
f 959/1/815 963/1/819 964/1/820
f 965/1/821 966/1/822 967/1/823
f 966/1/822 965/1/821 968/1/824
f 965/1/821 969/1/825 968/1/824
f 965/1/821 970/1/826 969/1/825
f 971/1/827 972/1/828 973/1/829
f 972/1/828 971/1/827 974/1/830
f 975/1/831 973/1/829 972/1/828
f 972/1/828 976/1/832 975/1/831
f 977/1/833 975/1/831 976/1/832
f 975/1/831 977/1/833 978/1/834
f 979/1/835 978/1/834 977/1/833
f 977/1/833 980/1/836 979/1/835
f 981/1/837 979/1/835 980/1/836
f 981/1/837 980/1/836 982/1/838
f 983/1/839 981/1/837 982/1/838
f 981/1/837 983/1/839 984/1/840
f 985/1/841 984/1/840 983/1/839
f 986/1/842 984/1/840 985/1/841
f 987/1/843 988/1/844 989/1/600
f 988/1/844 987/1/843 990/1/845
f 989/1/600 991/1/602 987/1/843
f 990/1/845 992/1/594 988/1/844
f 991/1/602 989/1/600 993/1/604
f 992/1/594 990/1/845 994/1/593
f 993/1/604 995/1/606 991/1/602
f 994/1/593 996/1/597 992/1/594
f 995/1/606 993/1/604 997/1/608
f 996/1/597 994/1/593 998/1/599
f 995/1/606 997/1/608 999/1/846
f 998/1/599 1000/1/601 996/1/597
f 1001/1/847 999/1/846 997/1/608
f 1000/1/601 998/1/599 1002/1/603
f 999/1/846 1001/1/847 1002/1/603
f 1000/1/601 1002/1/603 1001/1/847
f 1003/1/848 1004/1/849 1005/1/850
f 1005/1/850 1006/1/851 1003/1/848
f 1007/1/852 1003/1/848 1006/1/851
f 1003/1/848 1007/1/852 1008/1/853
f 1009/1/854 1008/1/853 1007/1/852
f 1007/1/852 1010/1/855 1009/1/854
f 1011/1/856 1009/1/854 1010/1/855
f 1009/1/854 1011/1/856 1012/1/857
f 1013/1/858 1012/1/857 1011/1/856
f 1012/1/857 1013/1/858 1014/1/859
f 1013/1/858 1015/1/860 1014/1/859
f 1015/1/860 1013/1/858 1016/1/861
f 1017/1/862 1015/1/860 1016/1/861
f 1016/1/861 1018/1/863 1017/1/862
f 1019/1/753 1020/1/651 1021/1/864
f 1019/1/753 1021/1/864 1022/1/711
f 1023/1/708 1024/1/709 1025/1/651
f 1024/1/709 1023/1/708 1026/1/865
f 1027/1/866 1028/1/844 1029/1/600
f 1028/1/844 1027/1/866 1030/1/845
f 1029/1/600 1031/1/867 1027/1/866
f 1030/1/845 1032/1/594 1028/1/844
f 1031/1/867 1029/1/600 1033/1/604
f 1032/1/594 1030/1/845 1034/1/593
f 1033/1/604 1035/1/606 1031/1/867
f 1034/1/593 1036/1/868 1032/1/594
f 1035/1/606 1033/1/604 1037/1/608
f 1036/1/868 1034/1/593 1038/1/599
f 1035/1/606 1037/1/608 1039/1/846
f 1038/1/599 1040/1/601 1036/1/868
f 1041/1/847 1039/1/846 1037/1/608
f 1040/1/601 1038/1/599 1042/1/869
f 1039/1/846 1041/1/847 1042/1/869
f 1040/1/601 1042/1/869 1041/1/847
f 1043/1/297 1044/1/694 1045/1/568
f 1043/1/297 1045/1/568 1046/1/695
f 1047/1/744 1048/1/870 1049/1/871
f 1049/1/871 1050/1/693 1047/1/744
f 1051/1/593 1052/1/594 1053/1/595
f 1054/1/596 1053/1/595 1052/1/594
f 1052/1/594 1051/1/593 1055/1/868
f 1053/1/595 1054/1/596 1056/1/866
f 1057/1/599 1055/1/868 1051/1/593
f 1058/1/600 1056/1/866 1054/1/596
f 1055/1/868 1057/1/599 1059/1/601
f 1056/1/866 1058/1/600 1060/1/867
f 1061/1/603 1059/1/601 1057/1/599
f 1062/1/604 1060/1/867 1058/1/600
f 1061/1/603 1063/1/872 1059/1/601
f 1060/1/867 1062/1/604 1064/1/606
f 1063/1/872 1061/1/603 1065/1/607
f 1066/1/873 1064/1/606 1062/1/604
f 1065/1/607 1066/1/873 1063/1/872
f 1066/1/873 1065/1/607 1064/1/606
f 1067/1/874 1068/1/875 1069/1/600
f 1068/1/875 1067/1/874 1070/1/845
f 1069/1/600 1071/1/867 1067/1/874
f 1070/1/845 1072/1/594 1068/1/875
f 1071/1/867 1069/1/600 1073/1/604
f 1072/1/594 1070/1/845 1074/1/593
f 1073/1/604 1075/1/606 1071/1/867
f 1074/1/593 1076/1/597 1072/1/594
f 1075/1/606 1073/1/604 1077/1/608
f 1076/1/597 1074/1/593 1078/1/599
f 1075/1/606 1077/1/608 1079/1/846
f 1078/1/599 1080/1/601 1076/1/597
f 1081/1/847 1079/1/846 1077/1/608
f 1080/1/601 1078/1/599 1082/1/603
f 1079/1/846 1081/1/847 1082/1/603
f 1080/1/601 1082/1/603 1081/1/847
f 1083/1/594 1084/1/593 1085/1/876
f 1086/1/877 1084/1/593 1083/1/594
f 1083/1/594 1085/1/876 1087/1/868
f 1086/1/877 1088/1/595 1084/1/593
f 1087/1/868 1085/1/876 1089/1/603
f 1090/1/600 1088/1/595 1086/1/877
f 1087/1/868 1089/1/603 1091/1/601
f 1090/1/600 1092/1/866 1088/1/595
f 1093/1/878 1091/1/601 1089/1/603
f 1094/1/879 1092/1/866 1090/1/600
f 1093/1/878 1095/1/605 1091/1/601
f 1094/1/879 1096/1/602 1092/1/866
f 1097/1/606 1095/1/605 1093/1/878
f 1098/1/608 1096/1/602 1094/1/879
f 1097/1/606 1098/1/608 1095/1/605
f 1098/1/608 1097/1/606 1096/1/602
f 1099/1/880 1100/1/714 1101/1/287
f 1100/1/714 1099/1/880 1102/1/654
f 1101/1/287 1100/1/714 1103/1/717
f 1104/1/718 1101/1/287 1103/1/717
f 1101/1/287 1104/1/718 1105/1/719
f 1106/1/726 1107/1/727 1108/1/651
f 1107/1/727 1106/1/726 1109/1/728
f 1110/1/881 1111/1/882 1112/1/685
f 1111/1/882 1110/1/881 1113/1/883
f 1113/1/883 1110/1/881 1114/1/686
f 1115/1/884 1111/1/882 1113/1/883
f 1111/1/882 1115/1/884 1116/1/681
f 1115/1/884 1113/1/883 1117/1/683
f 1118/1/885 1119/1/290 1120/1/749
f 1119/1/290 1118/1/885 1121/1/886
f 1119/1/290 1121/1/886 1122/1/887
f 1122/1/887 1123/1/888 1119/1/290
f 1123/1/888 1122/1/887 1124/1/889
f 1125/1/750 1126/1/751 1127/1/752
f 1127/1/752 1126/1/751 1128/1/693
f 1129/1/890 1130/1/891 1131/1/701
f 1131/1/701 1130/1/891 1132/1/702
f 1129/1/890 1131/1/701 1133/1/703
f 1129/1/890 1134/1/698 1130/1/891
f 1130/1/891 1134/1/698 1135/1/700
f 1134/1/698 1129/1/890 1136/1/699
f 1137/1/276 1138/1/892 1139/1/893
f 1137/1/276 1139/1/893 1140/1/279
f 1138/1/892 1141/1/894 1139/1/893
f 1142/1/895 1141/1/894 1138/1/892
f 1143/1/896 1144/1/897 1145/1/898
f 1144/1/897 1143/1/896 1146/1/899
f 1147/1/900 1148/1/901 1149/1/902
f 1147/1/900 1149/1/902 1150/1/903
f 1151/1/904 1147/1/900 1150/1/903
f 1151/1/904 1150/1/903 1152/1/905
f 1153/1/906 1154/1/907 1155/1/908
f 1154/1/907 1153/1/906 1156/1/909
f 1157/1/910 1155/1/908 1154/1/907
f 1155/1/908 1157/1/910 1158/1/911
f 1159/1/866 1160/1/844 1161/1/600
f 1160/1/844 1159/1/866 1162/1/845
f 1161/1/600 1163/1/867 1159/1/866
f 1162/1/845 1164/1/594 1160/1/844
f 1163/1/867 1161/1/600 1165/1/604
f 1164/1/594 1162/1/845 1166/1/593
f 1165/1/604 1167/1/606 1163/1/867
f 1166/1/593 1168/1/868 1164/1/594
f 1167/1/606 1165/1/604 1169/1/608
f 1168/1/868 1166/1/593 1170/1/599
f 1167/1/606 1169/1/608 1171/1/912
f 1170/1/599 1172/1/913 1168/1/868
f 1173/1/847 1171/1/912 1169/1/608
f 1172/1/913 1170/1/599 1174/1/603
f 1171/1/912 1173/1/847 1174/1/603
f 1172/1/913 1174/1/603 1173/1/847
f 1175/1/914 1176/1/915 1177/1/916
f 1176/1/915 1175/1/914 1178/1/917
f 1179/1/918 1177/1/916 1176/1/915
f 1180/1/919 1178/1/917 1175/1/914
f 1177/1/916 1179/1/918 1181/1/920
f 1178/1/917 1180/1/919 1182/1/921
f 1181/1/920 1179/1/918 1183/1/922
f 1184/1/923 1182/1/921 1180/1/919
f 1183/1/922 1179/1/918 1185/1/924
f 1186/1/276 1183/1/922 1185/1/924
f 1186/1/276 1185/1/924 1187/1/279
f 1182/1/921 1184/1/923 1188/1/925
f 1184/1/923 1189/1/280 1188/1/925
f 1184/1/923 1190/1/277 1189/1/280
f 1191/1/926 1192/1/927 1193/1/928
f 1192/1/927 1191/1/926 1194/1/929
f 1195/1/930 1196/1/931 1197/1/932
f 1196/1/931 1195/1/930 1198/1/933
f 1199/1/934 1197/1/932 1196/1/931
f 1197/1/932 1199/1/934 1200/1/935
f 1199/1/934 1201/1/936 1200/1/935
f 1199/1/934 1202/1/937 1201/1/936
f 1203/1/938 1201/1/936 1202/1/937
f 1201/1/936 1203/1/938 1204/1/939
f 1205/1/940 1204/1/939 1203/1/938
f 1205/1/940 1203/1/938 1206/1/941
f 1207/1/942 1205/1/940 1206/1/941
f 1207/1/942 1206/1/941 1208/1/943
f 1209/1/944 1207/1/942 1208/1/943
f 1207/1/942 1209/1/944 1210/1/945
f 1211/1/946 1210/1/945 1209/1/944
f 1209/1/944 1212/1/947 1211/1/946
f 1212/1/947 1213/1/948 1211/1/946
f 1213/1/948 1212/1/947 1214/1/949
f 1215/1/950 1213/1/948 1214/1/949
f 1215/1/950 1214/1/949 1216/1/951
f 1216/1/951 1217/1/952 1215/1/950
f 1217/1/952 1216/1/951 1218/1/953
f 1219/1/954 1217/1/952 1218/1/953
f 1217/1/952 1219/1/954 1220/1/955
f 1221/1/956 1220/1/955 1219/1/954
f 1221/1/956 1219/1/954 1222/1/957
f 1223/1/958 1224/1/959 1225/1/960
f 1223/1/958 1226/1/961 1224/1/959
f 1226/1/961 1223/1/958 1227/1/962
f 1225/1/960 1224/1/959 1228/1/963
f 1229/1/964 1225/1/960 1228/1/963
f 1225/1/960 1229/1/964 1230/1/965
f 1231/1/966 1230/1/965 1229/1/964
f 1229/1/964 1232/1/967 1231/1/966
f 1233/1/968 1231/1/966 1232/1/967
f 1231/1/966 1233/1/968 1234/1/969
f 1235/1/970 1234/1/969 1233/1/968
f 1235/1/970 1233/1/968 1236/1/971
f 1237/1/972 1235/1/970 1236/1/971
f 1236/1/971 1238/1/973 1237/1/972
f 1239/1/974 1237/1/972 1238/1/973
f 1237/1/972 1239/1/974 1240/1/975
f 1241/1/976 1240/1/975 1239/1/974
f 1240/1/975 1241/1/976 1242/1/977
f 1243/1/978 1242/1/977 1241/1/976
f 1243/1/978 1241/1/976 1244/1/979
f 1245/1/980 1243/1/978 1244/1/979
f 1245/1/980 1244/1/979 1246/1/981
f 1247/1/982 1245/1/980 1246/1/981
f 1247/1/982 1246/1/981 1248/1/983
f 1249/1/984 1247/1/982 1248/1/983
f 1247/1/982 1249/1/984 1250/1/985
f 1251/1/986 1252/1/987 1253/1/314
f 1251/1/986 1253/1/314 1254/1/157
f 1255/1/988 1252/1/987 1251/1/986
f 1252/1/987 1255/1/988 1256/1/989
f 1257/1/587 1258/1/34 1259/1/35
f 1258/1/34 1257/1/587 1260/1/36
f 1261/1/35 1262/1/587 1263/1/34
f 1262/1/587 1264/1/36 1263/1/34
f 1265/1/990 1266/1/274 1267/1/991
f 1265/1/990 1267/1/991 1268/1/992
f 1265/1/990 1268/1/992 1269/1/993
f 1269/1/993 1268/1/992 1270/1/994
f 1271/1/157 1272/1/274 1273/1/991
f 1271/1/157 1273/1/991 1274/1/158
f 1275/1/157 1276/1/274 1277/1/991
f 1275/1/157 1277/1/991 1278/1/158
f 1279/1/991 1280/1/157 1281/1/274
f 1280/1/157 1279/1/991 1282/1/158
f 1283/1/991 1284/1/157 1285/1/274
f 1284/1/157 1283/1/991 1286/1/158
f 1287/1/995 1288/1/996 1289/1/997
f 1289/1/997 1290/1/998 1287/1/995
f 1291/1/999 1287/1/995 1290/1/998
f 1287/1/995 1291/1/999 1292/1/1000
f 1293/1/1001 1292/1/1000 1291/1/999
f 1292/1/1000 1293/1/1001 1294/1/1002
f 1295/1/1003 1296/1/1004 1297/1/1005
f 1296/1/1004 1295/1/1003 1298/1/1006
f 1296/1/1004 1299/1/1007 1297/1/1005
f 1300/1/1008 1299/1/1007 1296/1/1004
f 1300/1/1008 1301/1/1009 1299/1/1007
f 1300/1/1008 1302/1/1010 1301/1/1009
f 1303/1/1011 1304/1/1012 1305/1/1013
f 1306/1/157 1305/1/1013 1304/1/1012
f 1307/1/1014 1303/1/1011 1305/1/1013
f 1307/1/1014 1305/1/1013 1308/1/157
f 1307/1/1014 1309/1/1015 1303/1/1011
f 1303/1/1011 1309/1/1015 1310/1/158
f 1311/1/157 1312/1/274 1313/1/275
f 1311/1/157 1313/1/275 1314/1/158
f 1315/1/1016 1316/1/1017 1317/1/1018
f 1318/1/1019 1317/1/1018 1316/1/1017
f 1319/1/1020 1320/1/1021 1321/1/1022
f 1321/1/1022 1322/1/1023 1319/1/1020
f 1323/1/1024 1324/1/1025 1325/1/1026
f 1324/1/1025 1323/1/1024 1326/1/1027
f 1325/1/1026 1327/1/1028 1323/1/1024
f 1325/1/1026 1328/1/280 1327/1/1028
f 1325/1/1026 1329/1/277 1328/1/280
f 1330/1/1029 1324/1/1025 1326/1/1027
f 1330/1/1029 1326/1/1027 1331/1/1030
f 1332/1/1031 1330/1/1029 1331/1/1030
f 1332/1/1031 1331/1/1030 1333/1/1032
f 1333/1/1032 1334/1/290 1332/1/1031
f 1334/1/290 1333/1/1032 1335/1/1033
f 1335/1/1033 1336/1/290 1334/1/290
f 1336/1/290 1335/1/1033 1337/1/1034
f 1337/1/1034 1338/1/1035 1336/1/290
f 1338/1/1035 1337/1/1034 1339/1/1036
f 1339/1/1036 1340/1/1037 1338/1/1035
f 1340/1/1037 1339/1/1036 1341/1/1038
f 1342/1/1039 1340/1/1037 1341/1/1038
f 1342/1/1039 1341/1/1038 1343/1/1040
f 1343/1/1040 1344/1/1041 1342/1/1039
f 1344/1/1041 1343/1/1040 1345/1/1042
f 1345/1/1042 1346/1/1043 1344/1/1041
f 1346/1/1043 1345/1/1042 1347/1/1044
f 1347/1/1044 1348/1/1045 1346/1/1043
f 1348/1/1045 1347/1/1044 1349/1/276
f 1349/1/276 1347/1/1044 1350/1/279
f 1351/1/1046 1352/1/1047 1353/1/1048
f 1353/1/1048 1352/1/1047 1354/1/1049
f 1355/1/1050 1356/1/1051 1357/1/1052
f 1356/1/1051 1355/1/1050 1358/1/1053
f 1359/1/1054 1360/1/1055 1361/1/1056
f 1360/1/1055 1359/1/1054 1362/1/1057
f 1363/1/1058 1364/1/1059 1365/1/1060
f 1365/1/1060 1364/1/1059 1366/1/1061
f 1367/1/1062 1368/1/1063 1369/1/1064
f 1367/1/1062 1370/1/1065 1368/1/1063
f 1371/1/1066 1370/1/1065 1367/1/1062
f 1369/1/1064 1368/1/1063 1372/1/1067
f 1372/1/1067 1373/1/1068 1369/1/1064
f 1374/1/1069 1369/1/1064 1373/1/1068
f 1375/1/1070 1376/1/1071 1377/1/1072
f 1376/1/1071 1378/1/1073 1377/1/1072
f 1378/1/1073 1379/1/1074 1377/1/1072
f 1378/1/1073 1380/1/1075 1379/1/1074
f 1381/1/1076 1379/1/1074 1380/1/1075
f 1379/1/1074 1381/1/1076 1382/1/1077
f 1383/1/1078 1384/1/1079 1385/1/1080
f 1384/1/1079 1383/1/1078 1386/1/1081
f 1387/1/1082 1388/1/1083 1389/1/1084
f 1388/1/1083 1387/1/1082 1390/1/1085
f 1391/1/1086 1392/1/1087 1393/1/1088
f 1392/1/1087 1391/1/1086 1394/1/1089
f 1395/1/1090 1396/1/1091 1397/1/1092
f 1396/1/1091 1395/1/1090 1398/1/1093
f 1399/1/1094 1400/1/1095 1401/1/1096
f 1399/1/1094 1401/1/1096 1402/1/1097
f 1403/1/1098 1404/1/261 1405/1/1099
f 1404/1/261 1403/1/1098 1406/1/262
f 1405/1/1099 1407/1/1100 1403/1/1098
f 1405/1/1099 1408/1/1101 1407/1/1100
f 1408/1/1101 1409/1/1102 1407/1/1100
f 1408/1/1101 1410/1/264 1409/1/1102
f 1411/1/265 1409/1/1102 1410/1/264
f 1409/1/1102 1411/1/265 1412/1/36
f 1413/1/1103 1414/1/1104 1415/1/1105
f 1414/1/1104 1413/1/1103 1416/1/1106
f 1413/1/1103 1415/1/1105 1417/1/1107
f 1413/1/1103 1417/1/1107 1418/1/34
f 1419/1/1108 1420/1/1109 1421/1/1110
f 1420/1/1109 1419/1/1108 1422/1/1111
f 1423/1/1112 1420/1/1109 1422/1/1111
f 1420/1/1109 1423/1/1112 1424/1/1113
f 1425/1/1114 1424/1/1113 1423/1/1112
f 1424/1/1113 1425/1/1114 1426/1/1115
f 1425/1/1114 1427/1/172 1426/1/1115
f 1428/1/55 1427/1/172 1425/1/1114
f 1423/1/1112 1429/1/1116 1425/1/1114
f 1429/1/1116 1423/1/1112 1430/1/1117
f 1430/1/1117 1431/1/172 1429/1/1116
f 1430/1/1117 1432/1/55 1431/1/172
f 1433/1/1118 1434/1/1119 1435/1/1120
f 1434/1/1119 1433/1/1118 1436/1/1121
f 1437/1/1122 1438/1/1123 1439/1/1124
f 1440/1/1125 1437/1/1122 1439/1/1124
f 1437/1/1122 1441/1/1126 1438/1/1123
f 1437/1/1122 1440/1/1125 1442/1/1127
f 1443/1/1128 1438/1/1123 1441/1/1126
f 1444/1/1129 1442/1/1127 1440/1/1125
f 1438/1/1123 1443/1/1128 1445/1/1130
f 1440/1/1125 1446/1/1131 1444/1/1129
f 1447/1/1132 1445/1/1130 1443/1/1128
f 1448/1/1133 1444/1/1129 1446/1/1131
f 1443/1/1128 1449/1/1134 1447/1/1132
f 1444/1/1129 1448/1/1133 1450/1/1135
f 1451/1/1136 1447/1/1132 1449/1/1134
f 1451/1/1136 1450/1/1135 1448/1/1133
f 1447/1/1132 1451/1/1136 1452/1/1137
f 1448/1/1133 1452/1/1137 1451/1/1136
f 1453/1/1138 1454/1/1139 1455/1/1140
f 1456/1/1141 1453/1/1138 1455/1/1140
f 1453/1/1138 1457/1/1142 1454/1/1139
f 1453/1/1138 1456/1/1141 1458/1/1143
f 1459/1/1144 1454/1/1139 1457/1/1142
f 1460/1/1145 1458/1/1143 1456/1/1141
f 1454/1/1139 1459/1/1144 1461/1/1146
f 1456/1/1141 1462/1/1147 1460/1/1145
f 1463/1/1132 1461/1/1146 1459/1/1144
f 1464/1/1133 1460/1/1145 1462/1/1147
f 1459/1/1144 1465/1/1148 1463/1/1132
f 1460/1/1145 1464/1/1133 1466/1/1135
f 1467/1/1149 1463/1/1132 1465/1/1148
f 1467/1/1149 1466/1/1135 1464/1/1133
f 1463/1/1132 1467/1/1149 1468/1/1150
f 1464/1/1133 1468/1/1150 1467/1/1149
f 1469/1/261 1470/1/55 1471/1/1151
f 1469/1/261 1471/1/1151 1472/1/262
f 1/1/1 3/1/3 1475/1/1153 1473/1/1152
f 9/1/9 1/1/1 1473/1/1152 1481/1/1160
f 11/1/11 9/1/9 1481/1/1160 1483/1/1162
f 17/1/17 19/1/19 1491/1/1169 1489/1/1168
f 20/1/20 17/1/17 1489/1/1168 1492/1/1171
f 25/1/25 27/1/27 1499/1/1178 1497/1/1176
f 33/1/33 35/1/35 1507/1/55 1505/1/261
f 36/1/36 33/1/33 1505/1/261 1508/1/262
f 41/1/41 45/1/45 1517/1/1192 1513/1/1188
f 49/1/49 51/1/51 1523/1/1198 1521/1/1196
f 57/1/57 58/1/58 1530/1/1205 1529/1/1204
f 87/1/78 81/1/72 1553/1/1222 1559/1/1227
f 97/1/88 100/1/35 1572/1/55 1569/1/1234
f 101/1/91 97/1/88 1569/1/1234 1573/1/437
f 106/1/94 105/1/93 1577/1/1238 1578/1/1240
f 105/1/93 108/1/96 1580/1/1241 1577/1/1238
f 114/1/102 113/1/101 1585/1/1246 1586/1/1247
f 121/1/109 123/1/111 1595/1/1255 1593/1/1254
f 129/1/117 121/1/109 1593/1/1254 1601/1/1262
f 131/1/119 129/1/117 1601/1/1262 1603/1/1264
f 137/1/109 139/1/111 1611/1/1271 1609/1/1270
f 145/1/117 137/1/109 1609/1/1270 1617/1/1278
f 147/1/130 145/1/117 1617/1/1278 1619/1/1280
f 153/1/134 155/1/136 1627/1/1287 1625/1/1286
f 154/1/135 153/1/134 1625/1/1286 1626/1/1288
f 161/1/142 163/1/144 1635/1/1295 1633/1/1294
f 164/1/145 161/1/142 1633/1/1294 1636/1/1297
f 169/1/150 171/1/152 1643/1/1303 1641/1/1302
f 174/1/155 169/1/150 1641/1/1302 1646/1/1307
f 187/1/168 185/1/166 1657/1/1318 1659/1/1320
f 194/1/172 193/1/171 1665/1/35 1666/1/34
f 202/1/180 201/1/179 1673/1/1329 1674/1/1331
f 209/1/187 211/1/189 1683/1/1340 1681/1/1338
f 220/1/198 217/1/195 1689/1/1346 1692/1/1349
f 225/1/203 228/1/206 1700/1/1357 1697/1/1354
f 233/1/211 236/1/214 1708/1/1365 1705/1/1362
f 241/1/219 243/1/221 1715/1/1372 1713/1/1370
f 249/1/227 251/1/229 1723/1/1380 1721/1/1378
f 258/1/236 257/1/235 1729/1/1385 1730/1/1387
f 266/1/244 265/1/243 1737/1/1393 1738/1/1395
f 275/1/253 273/1/251 1745/1/1401 1747/1/1404
f 282/1/260 281/1/259 1753/1/1409 1754/1/1411
f 281/1/259 285/1/263 1757/1/1414 1753/1/1409
f 290/1/267 289/1/266 1761/1/1418 1762/1/1420
f 289/1/266 292/1/269 1764/1/1421 1761/1/1418
f 298/1/274 297/1/157 1769/1/1426 1770/1/276
f 297/1/157 300/1/158 1772/1/280 1769/1/1426
f 305/1/278 307/1/277 1779/1/157 1777/1/158
f 308/1/279 305/1/278 1777/1/158 1780/1/305
f 313/1/277 315/1/276 1787/1/1430 1785/1/157
f 314/1/281 313/1/277 1785/1/157 1786/1/158
f 322/1/274 321/1/157 1793/1/1426 1794/1/276
f 321/1/157 324/1/158 1796/1/280 1793/1/1426
f 330/1/286 329/1/285 1801/1/1434 1802/1/1436
f 329/1/285 336/1/290 1808/1/1440 1801/1/1434
f 339/1/293 337/1/291 1809/1/1441 1811/1/1443
f 345/1/285 348/1/290 1820/1/1440 1817/1/1446
f 353/1/297 355/1/276 1827/1/274 1825/1/157
f 357/1/280 353/1/297 1825/1/157 1829/1/158
f 362/1/302 361/1/301 1833/1/1451 1834/1/1453
f 361/1/301 368/1/307 1840/1/1458 1833/1/1451
f 371/1/310 369/1/308 1841/1/1459 1843/1/1461
f 377/1/315 379/1/317 1851/1/1468 1849/1/1467
f 383/1/321 377/1/315 1849/1/1467 1855/1/1473
f 385/1/323 387/1/325 1859/1/1477 1857/1/1475
f 393/1/320 396/1/326 1868/1/1478 1865/1/1472
f 403/1/324 401/1/321 1873/1/1473 1875/1/1476
f 412/1/336 409/1/333 1881/1/1485 1884/1/1488
f 409/1/333 414/1/338 1886/1/1490 1881/1/1485
f 417/1/341 419/1/343 1891/1/1494 1889/1/1493
f 420/1/344 417/1/341 1889/1/1493 1892/1/1496
f 428/1/352 425/1/349 1897/1/1501 1900/1/1504
f 433/1/357 435/1/359 1907/1/1510 1905/1/1509
f 434/1/358 433/1/357 1905/1/1509 1906/1/1511
f 442/1/366 441/1/365 1913/1/1517 1914/1/1519
f 441/1/365 446/1/370 1918/1/1522 1913/1/1517
f 449/1/373 452/1/376 1924/1/1528 1921/1/1525
f 457/1/280 459/1/277 1931/1/1237 1929/1/158
f 458/1/381 457/1/280 1929/1/158 1930/1/305
f 465/1/382 467/1/277 1939/1/157 1937/1/1533
f 468/1/384 465/1/382 1937/1/1533 1940/1/1535
f 473/1/388 474/1/389 1946/1/1539 1945/1/1538
f 481/1/395 482/1/396 1954/1/1545 1953/1/1544
f 489/1/403 492/1/406 1964/1/1555 1961/1/1552
f 508/1/422 505/1/419 1977/1/1568 1980/1/1571
f 516/1/428 513/1/425 1985/1/1576 1988/1/1579
f 521/1/433 524/1/280 1996/1/1587 1993/1/1584
f 537/1/440 539/1/294 2011/1/1593 2009/1/1592
f 540/1/443 537/1/440 2009/1/1592 2012/1/1596
f 546/1/55 545/1/261 2017/1/587 2018/1/35
f 545/1/261 548/1/262 2020/1/36 2017/1/587
f 563/1/458 561/1/456 2033/1/482 2035/1/1602
f 569/1/464 572/1/467 2044/1/493 2041/1/490
f 578/1/473 577/1/472 2049/1/445 2050/1/447
f 588/1/483 585/1/480 2057/1/1610 2060/1/1611
f 595/1/490 593/1/488 2065/1/462 2067/1/464
f 602/1/497 601/1/496 2073/1/1616 2074/1/1618
f 601/1/496 604/1/499 2076/1/1619 2073/1/1616
f 609/1/504 611/1/506 2083/1/1625 2081/1/1624
f 613/1/508 609/1/504 2081/1/1624 2085/1/1628
f 617/1/512 619/1/514 2091/1/533 2089/1/1632
f 625/1/520 627/1/522 2099/1/1640 2097/1/1638
f 633/1/528 635/1/530 2107/1/568 2105/1/566
f 650/1/545 649/1/544 2121/1/575 2122/1/576
f 667/1/562 665/1/560 2137/1/1666 2139/1/1667
f 681/1/575 682/1/576 2154/1/1674 2153/1/544
f 709/1/603 705/1/599 2177/1/1694 2181/1/1698
f 721/1/615 723/1/617 2195/1/1710 2193/1/1708
f 729/1/623 732/1/626 2204/1/1719 2201/1/1717
f 733/1/627 729/1/623 2201/1/1717 2205/1/1720
f 738/1/632 737/1/631 2209/1/1724 2210/1/1725
f 754/1/647 753/1/646 2225/1/1740 2226/1/1741
f 761/1/653 762/1/654 2234/1/612 2233/1/609
f 769/1/661 771/1/663 2243/1/1749 2241/1/1748
f 775/1/667 769/1/661 2241/1/1748 2247/1/1754
f 777/1/669 778/1/670 2250/1/1757 2249/1/1756
f 786/1/678 785/1/677 2257/1/1764 2258/1/1765
f 801/1/693 803/1/694 2275/1/551 2273/1/651
f 804/1/695 801/1/693 2273/1/651 2276/1/753
f 817/1/651 819/1/709 2291/1/1783 2289/1/693
f 818/1/708 817/1/651 2289/1/693 2290/1/694
f 834/1/722 833/1/721 2305/1/1789 2306/1/1788
f 833/1/721 835/1/723 2307/1/1790 2305/1/1789
f 842/1/651 841/1/727 2313/1/1793 2314/1/693
f 841/1/727 843/1/728 2315/1/1794 2313/1/1793
f 850/1/735 849/1/734 2321/1/1801 2322/1/1800
f 849/1/734 851/1/736 2323/1/1802 2321/1/1801
f 865/1/747 866/1/747 2338/1/717 2337/1/714
f 873/1/551 875/1/651 2347/1/693 2345/1/694
f 876/1/711 873/1/551 2345/1/694 2348/1/297
f 884/1/757 881/1/754 2353/1/1815 2356/1/1818
f 881/1/754 885/1/758 2357/1/1819 2353/1/1815
f 890/1/651 889/1/762 2361/1/1823 2362/1/1824
f 897/1/767 900/1/711 2372/1/786 2369/1/783
f 905/1/771 907/1/773 2379/1/1833 2377/1/1832
f 909/1/775 905/1/771 2377/1/1832 2381/1/1836
f 914/1/695 913/1/568 2385/1/1840 2386/1/1841
f 924/1/786 921/1/783 2393/1/767 2396/1/711
f 929/1/788 931/1/790 2403/1/1851 2401/1/1850
f 932/1/305 929/1/788 2401/1/1850 2404/1/1853
f 937/1/795 940/1/798 2412/1/1861 2409/1/1858
f 946/1/157 945/1/314 2417/1/280 2418/1/277
f 954/1/810 953/1/809 2425/1/1870 2426/1/808
f 953/1/809 958/1/814 2430/1/805 2425/1/1870
f 962/1/818 961/1/817 2433/1/1875 2434/1/1877
f 969/1/825 970/1/826 2442/1/1885 2441/1/1884
f 980/1/836 977/1/833 2449/1/1892 2452/1/1895
f 986/1/842 985/1/841 2457/1/1900 2458/1/1901
f 997/1/608 993/1/604 2465/1/1699 2469/1/1703
f 1009/1/854 1012/1/857 2484/1/1917 2481/1/1914
f 1017/1/862 1018/1/863 2490/1/1923 2489/1/1922
f 1037/1/608 1033/1/604 2505/1/1930 2509/1/1703
f 1050/1/693 1049/1/871 2521/1/551 2522/1/651
f 1061/1/603 1057/1/599 2529/1/1932 2533/1/1941
f 1077/1/608 1073/1/604 2545/1/1930 2549/1/1703
f 1093/1/878 1089/1/603 2561/1/1698 2565/1/1944
f 1113/1/883 1114/1/686 2586/1/1770 2585/1/1956
f 1117/1/683 1113/1/883 2585/1/1956 2589/1/700
f 1122/1/887 1121/1/886 2593/1/1958 2594/1/1958
f 1129/1/890 1133/1/703 2605/1/685 2601/1/1961
f 1136/1/699 1129/1/890 2601/1/1961 2608/1/681
f 1138/1/892 1137/1/276 2609/1/35 2610/1/1964
f 1137/1/276 1140/1/279 2612/1/1965 2609/1/35
f 1153/1/906 1155/1/908 2627/1/1979 2625/1/1978
f 1156/1/909 1153/1/906 2625/1/1978 2628/1/1981
f 1165/1/604 1161/1/600 2633/1/1695 2637/1/1930
f 1173/1/847 1169/1/608 2641/1/43 2645/1/1907
f 1177/1/916 1181/1/920 2653/1/1992 2649/1/1987
f 1187/1/279 1185/1/924 2657/1/1996 2659/1/1998
f 1201/1/936 1204/1/939 2676/1/2015 2673/1/2012
f 1212/1/947 1209/1/944 2681/1/2020 2684/1/2023
f 1217/1/952 1220/1/955 2692/1/2031 2689/1/2028
f 1225/1/960 1230/1/965 2702/1/2041 2697/1/2035
f 1236/1/971 1233/1/968 2705/1/2044 2708/1/2047
f 1244/1/979 1241/1/976 2713/1/2052 2716/1/2055
f 1250/1/985 1249/1/984 2721/1/2060 2722/1/2061
f 1257/1/587 1259/1/35 2731/1/55 2729/1/261
f 1260/1/36 1257/1/587 2729/1/261 2732/1/262
f 1266/1/274 1265/1/990 2737/1/2065 2738/1/1850
f 1265/1/990 1269/1/993 2741/1/2067 2737/1/2065
f 1274/1/158 1273/1/991 2745/1/279 2746/1/280
f 1290/1/998 1289/1/997 2761/1/2071 2762/1/2073
f 1297/1/1005 1299/1/1007 2771/1/2082 2769/1/2079
f 1305/1/1013 1306/1/157 2778/1/277 2777/1/2087
f 1308/1/157 1305/1/1013 2777/1/2087 2780/1/277
f 1314/1/158 1313/1/275 2785/1/1427 2786/1/280
f 1322/1/1023 1321/1/1022 2793/1/2095 2794/1/2097
f 1339/1/1036 1337/1/1034 2809/1/2112 2811/1/2114
f 1347/1/1044 1345/1/1042 2817/1/2120 2819/1/2122
f 1353/1/1048 1354/1/1049 2826/1/2129 2825/1/2127
f 1369/1/1064 1374/1/1069 2846/1/2149 2841/1/2143
f 1377/1/1072 1379/1/1074 2851/1/2154 2849/1/2151
f 1402/1/1097 1401/1/1096 2873/1/2175 2874/1/2177
f 1409/1/1102 1412/1/36 2884/1/2186 2881/1/2183
f 1418/1/34 1417/1/1107 2889/1/2191 2890/1/2192
f 1428/1/55 1425/1/1114 2897/1/2199 2900/1/35
f 1425/1/1114 1429/1/1116 2901/1/2201 2897/1/2199
f 1433/1/1118 1435/1/1120 2907/1/2204 2905/1/2203
f 1436/1/1121 1433/1/1118 2905/1/2203 2908/1/2206
f 1443/1/1128 1441/1/1126 2913/1/2211 2915/1/2213
f 1451/1/1136 1449/1/1134 2921/1/2219 2923/1/2221
f 1459/1/1144 1457/1/1142 2929/1/2226 2931/1/2228
f 1467/1/1149 1465/1/1148 2937/1/2219 2939/1/2221
f 4/1/4 2/1/2 1474/1/1154 1476/1/1155
f 2/1/2 5/1/5 1477/1/1156 1474/1/1154
f 10/1/10 12/1/12 1484/1/1163 1482/1/1161
f 21/1/21 18/1/18 1490/1/1170 1493/1/1172
f 18/1/18 22/1/22 1494/1/1173 1490/1/1170
f 28/1/28 26/1/26 1498/1/1177 1500/1/1179
f 35/1/35 34/1/34 1506/1/1151 1507/1/55
f 34/1/34 36/1/36 1508/1/262 1506/1/1151
f 70/1/65 66/1/11 1538/1/1162 1542/1/1215
f 82/1/73 88/1/79 1560/1/1181 1554/1/1175
f 99/1/90 98/1/89 1570/1/1235 1571/1/172
f 107/1/95 106/1/94 1578/1/1240 1579/1/1239
f 122/1/110 125/1/113 1597/1/1258 1594/1/1256
f 126/1/114 122/1/110 1594/1/1256 1598/1/1259
f 130/1/118 132/1/120 1604/1/1265 1602/1/1263
f 138/1/125 141/1/127 1613/1/1274 1610/1/1272
f 142/1/128 138/1/125 1610/1/1272 1614/1/1275
f 146/1/118 148/1/131 1620/1/1281 1618/1/1279
f 156/1/137 154/1/135 1626/1/1288 1628/1/1289
f 163/1/144 162/1/143 1634/1/1296 1635/1/1295
f 162/1/143 164/1/145 1636/1/1297 1634/1/1296
f 170/1/151 172/1/153 1644/1/1305 1642/1/1304
f 173/1/154 170/1/151 1642/1/1304 1645/1/1306
f 178/1/159 180/1/161 1652/1/1313 1650/1/1311
f 186/1/167 188/1/169 1660/1/1321 1658/1/1319
f 212/1/190 210/1/188 1682/1/1339 1684/1/1341
f 218/1/196 219/1/197 1691/1/1348 1690/1/1347
f 227/1/205 226/1/204 1698/1/1355 1699/1/1356
f 235/1/213 234/1/212 1706/1/1363 1707/1/1364
f 244/1/222 242/1/220 1714/1/1371 1716/1/1373
f 252/1/230 250/1/228 1722/1/1379 1724/1/1381
f 274/1/252 275/1/253 1747/1/1404 1746/1/1403
f 284/1/262 282/1/260 1754/1/1411 1756/1/1413
f 291/1/268 290/1/267 1762/1/1420 1763/1/1419
f 299/1/275 298/1/274 1770/1/276 1771/1/1427
f 307/1/277 306/1/276 1778/1/1428 1779/1/157
f 306/1/276 308/1/279 1780/1/305 1778/1/1428
f 316/1/279 314/1/281 1786/1/158 1788/1/305
f 323/1/275 322/1/274 1794/1/276 1795/1/1427
f 334/1/276 330/1/286 1802/1/1436 1806/1/274
f 338/1/292 340/1/294 1812/1/1444 1810/1/1442
f 347/1/289 346/1/296 1818/1/1447 1819/1/1439
f 355/1/276 354/1/298 1826/1/1448 1827/1/274
f 354/1/298 360/1/276 1832/1/274 1826/1/1448
f 366/1/274 362/1/302 1834/1/1453 1838/1/1456
f 370/1/309 372/1/311 1844/1/1462 1842/1/1460
f 380/1/318 378/1/316 1850/1/1469 1852/1/1470
f 378/1/316 381/1/319 1853/1/1471 1850/1/1469
f 387/1/325 386/1/324 1858/1/1476 1859/1/1477
f 397/1/327 394/1/322 1866/1/1474 1869/1/1479
f 402/1/323 404/1/325 1876/1/1477 1874/1/1475
f 411/1/335 410/1/334 1882/1/1487 1883/1/1486
f 410/1/334 412/1/336 1884/1/1488 1882/1/1487
f 418/1/342 420/1/344 1892/1/1496 1890/1/1495
f 422/1/346 418/1/342 1890/1/1495 1894/1/1498
f 426/1/350 427/1/351 1899/1/1503 1898/1/1502
f 438/1/362 434/1/358 1906/1/1511 1910/1/1514
f 443/1/367 442/1/366 1914/1/1519 1915/1/1518
f 451/1/375 450/1/374 1922/1/1526 1923/1/1527
f 460/1/276 458/1/381 1930/1/305 1932/1/274
f 467/1/277 466/1/383 1938/1/1534 1939/1/157
f 466/1/383 469/1/385 1941/1/1536 1938/1/1534
f 474/1/389 476/1/280 1948/1/158 1946/1/1539
f 491/1/405 490/1/404 1962/1/1553 1963/1/1554
f 498/1/412 500/1/414 1972/1/1563 1970/1/1561
f 506/1/420 507/1/421 1979/1/1570 1978/1/1569
f 514/1/426 515/1/427 1987/1/1578 1986/1/1577
f 523/1/435 522/1/434 1994/1/1585 1995/1/1586
f 531/1/171 530/1/439 2002/1/712 2003/1/35
f 539/1/294 538/1/441 2010/1/1594 2011/1/1593
f 538/1/441 540/1/443 2012/1/1596 2010/1/1594
f 547/1/53 546/1/55 2018/1/35 2019/1/34
f 554/1/449 555/1/450 2027/1/1598 2026/1/1597
f 562/1/457 564/1/459 2036/1/485 2034/1/1601
f 571/1/466 570/1/465 2042/1/1605 2043/1/492
f 579/1/474 578/1/473 2050/1/447 2051/1/448
f 586/1/481 587/1/482 2059/1/456 2058/1/455
f 594/1/489 596/1/491 2068/1/1615 2066/1/1614
f 603/1/498 602/1/497 2074/1/1618 2075/1/1617
f 611/1/506 610/1/505 2082/1/1626 2083/1/1625
f 610/1/505 612/1/507 2084/1/1627 2082/1/1626
f 619/1/514 618/1/513 2090/1/1633 2091/1/533
f 628/1/523 626/1/521 2098/1/1639 2100/1/1641
f 635/1/530 634/1/529 2106/1/567 2107/1/568
f 642/1/537 644/1/539 2116/1/1649 2114/1/1648
f 645/1/540 642/1/537 2114/1/1648 2117/1/1651
f 652/1/547 650/1/545 2122/1/576 2124/1/1654
f 658/1/553 660/1/555 2132/1/1660 2130/1/1659
f 662/1/557 658/1/553 2130/1/1659 2134/1/1663
f 666/1/561 669/1/564 2141/1/526 2138/1/518
f 674/1/569 676/1/285 2148/1/1670 2146/1/1669
f 679/1/573 674/1/569 2146/1/1669 2151/1/1673
f 682/1/576 687/1/581 2159/1/1679 2154/1/1674
f 690/1/584 692/1/586 2164/1/1684 2162/1/1682
f 693/1/587 690/1/584 2162/1/1682 2165/1/551
f 710/1/604 706/1/600 2178/1/1695 2182/1/1699
f 725/1/619 722/1/616 2194/1/1709 2197/1/1712
f 730/1/624 731/1/625 2203/1/1718 2202/1/1716
f 739/1/633 738/1/632 2210/1/1725 2211/1/1726
f 746/1/640 748/1/642 2220/1/1734 2218/1/1733
f 747/1/641 746/1/640 2218/1/1733 2219/1/1735
f 755/1/648 754/1/647 2226/1/1741 2227/1/1742
f 770/1/662 773/1/665 2245/1/1752 2242/1/1750
f 774/1/666 770/1/662 2242/1/1750 2246/1/1753
f 778/1/670 779/1/671 2251/1/1758 2250/1/1757
f 803/1/694 802/1/297 2274/1/1774 2275/1/551
f 802/1/297 804/1/695 2276/1/753 2274/1/1774
f 810/1/701 811/1/702 2283/1/1778 2282/1/1777
f 812/1/703 810/1/701 2282/1/1777 2284/1/685
f 821/1/711 818/1/708 2290/1/694 2293/1/297
f 826/1/714 828/1/716 2300/1/745 2298/1/747
f 829/1/717 826/1/714 2298/1/747 2301/1/747
f 858/1/566 860/1/297 2332/1/711 2330/1/551
f 862/1/693 858/1/566 2330/1/551 2334/1/651
f 866/1/747 867/1/748 2339/1/718 2338/1/717
f 875/1/651 874/1/753 2346/1/1814 2347/1/693
f 874/1/753 876/1/711 2348/1/297 2346/1/1814
f 883/1/756 882/1/755 2354/1/1817 2355/1/1816
f 882/1/755 884/1/757 2356/1/1818 2354/1/1817
f 898/1/768 903/1/711 2375/1/1831 2370/1/1829
f 907/1/773 906/1/772 2378/1/1834 2379/1/1833
f 906/1/772 908/1/774 2380/1/1835 2378/1/1834
f 928/1/297 922/1/784 2394/1/1846 2400/1/711
f 930/1/789 932/1/305 2404/1/1853 2402/1/1852
f 934/1/792 930/1/789 2402/1/1852 2406/1/1855
f 939/1/797 938/1/796 2410/1/1859 2411/1/1860
f 955/1/811 954/1/810 2426/1/808 2427/1/1871
f 963/1/819 962/1/818 2434/1/1877 2435/1/1878
f 978/1/834 979/1/835 2451/1/1894 2450/1/1893
f 998/1/599 994/1/593 2466/1/1689 2470/1/1694
f 1011/1/856 1010/1/855 2482/1/1915 2483/1/1916
f 1038/1/599 1034/1/593 2506/1/1689 2510/1/1932
f 1062/1/604 1058/1/600 2530/1/49 2534/1/1930
f 1078/1/599 1074/1/593 2546/1/1947 2550/1/1932
f 1094/1/879 1090/1/600 2562/1/1695 2566/1/1949
f 1106/1/726 1108/1/651 2580/1/693 2578/1/694
f 1109/1/728 1106/1/726 2578/1/694 2581/1/1794
f 1124/1/889 1122/1/887 2594/1/1958 2596/1/1960
f 1132/1/702 1130/1/891 2602/1/1962 2604/1/1778
f 1130/1/891 1135/1/700 2607/1/683 2602/1/1962
f 1142/1/895 1138/1/892 2610/1/1964 2614/1/1967
f 1154/1/907 1156/1/909 2628/1/1981 2626/1/1980
f 1157/1/910 1154/1/907 2626/1/1980 2629/1/1982
f 1166/1/593 1162/1/845 2634/1/1928 2638/1/1689
f 1174/1/603 1170/1/599 2642/1/1932 2646/1/1941
f 1178/1/917 1182/1/921 2654/1/1993 2650/1/1989
f 1186/1/276 1187/1/279 2659/1/1998 2658/1/1997
f 1203/1/938 1202/1/937 2674/1/2013 2675/1/2014
f 1210/1/945 1211/1/946 2683/1/2022 2682/1/2021
f 1219/1/954 1218/1/953 2690/1/2029 2691/1/2030
f 1226/1/961 1227/1/962 2699/1/2038 2698/1/2037
f 1234/1/969 1235/1/970 2707/1/2046 2706/1/2045
f 1242/1/977 1243/1/978 2715/1/2054 2714/1/2053
f 1259/1/35 1258/1/34 2730/1/53 2731/1/55
f 1258/1/34 1260/1/36 2732/1/262 2730/1/53
f 1267/1/991 1266/1/274 2738/1/1850 2739/1/1853
f 1291/1/999 1290/1/998 2762/1/2073 2763/1/2074
f 1330/1/1029 1332/1/1031 2804/1/2107 2802/1/2105
f 1338/1/1035 1340/1/1037 2812/1/2115 2810/1/2113
f 1346/1/1043 1348/1/1045 2820/1/2123 2818/1/2121
f 1370/1/1065 1371/1/1066 2843/1/2146 2842/1/2145
f 1380/1/1075 1378/1/1073 2850/1/2153 2852/1/2155
f 1411/1/265 1410/1/264 2882/1/2184 2883/1/2185
f 1426/1/1115 1427/1/172 2899/1/90 2898/1/2200
f 1435/1/1120 1434/1/1119 2906/1/2205 2907/1/2204
f 1434/1/1119 1436/1/1121 2908/1/2206 2906/1/2205
f 1442/1/1127 1444/1/1129 2916/1/2214 2914/1/2212
f 1450/1/1135 1451/1/1136 2923/1/2221 2922/1/2220
f 1458/1/1143 1460/1/1145 2932/1/2229 2930/1/2227
f 1466/1/1135 1467/1/1149 2939/1/2221 2938/1/2220
f 3/1/3 6/1/6 1478/1/1157 1475/1/1153
f 16/1/16 11/1/11 1483/1/1162 1488/1/1167
f 19/1/19 25/1/25 1497/1/1176 1491/1/1169
f 27/1/27 32/1/32 1504/1/1183 1499/1/1178
f 51/1/51 43/1/43 1515/1/1190 1523/1/1198
f 60/1/60 59/1/59 1531/1/1206 1532/1/1208
f 59/1/59 64/1/6 1536/1/1210 1531/1/1206
f 75/1/68 77/1/69 1549/1/1219 1547/1/1218
f 78/1/70 75/1/68 1547/1/1218 1550/1/1220
f 83/1/74 85/1/76 1557/1/1225 1555/1/1223
f 92/1/83 91/1/82 1563/1/1228 1564/1/1230
f 100/1/35 99/1/90 1571/1/172 1572/1/55
f 91/1/82 102/1/92 1574/1/1236 1563/1/1228
f 108/1/96 107/1/95 1579/1/1239 1580/1/1241
f 116/1/104 115/1/103 1587/1/1248 1588/1/1250
f 115/1/103 118/1/106 1590/1/1251 1587/1/1248
f 123/1/111 124/1/112 1596/1/1257 1595/1/1255
f 136/1/124 131/1/119 1603/1/1264 1608/1/1269
f 139/1/111 140/1/126 1612/1/1273 1611/1/1271
f 152/1/124 147/1/130 1619/1/1280 1624/1/1285
f 155/1/136 156/1/137 1628/1/1289 1627/1/1287
f 171/1/152 175/1/156 1647/1/1308 1643/1/1303
f 181/1/162 179/1/160 1651/1/1312 1653/1/1314
f 189/1/170 187/1/168 1659/1/1320 1661/1/1322
f 195/1/173 197/1/175 1669/1/1325 1667/1/1324
f 198/1/176 195/1/173 1667/1/1324 1670/1/1327
f 203/1/181 205/1/183 1677/1/1333 1675/1/1332
f 210/1/188 203/1/181 1675/1/1332 1682/1/1339
f 211/1/189 213/1/191 1685/1/1342 1683/1/1340
f 219/1/197 221/1/199 1693/1/1350 1691/1/1348
f 228/1/206 227/1/205 1699/1/1356 1700/1/1357
f 237/1/215 235/1/213 1707/1/1364 1709/1/1366
f 243/1/221 246/1/224 1718/1/1375 1715/1/1372
f 251/1/229 253/1/231 1725/1/1382 1723/1/1380
f 259/1/237 261/1/239 1733/1/1389 1731/1/1388
f 262/1/240 259/1/237 1731/1/1388 1734/1/1391
f 267/1/245 269/1/247 1741/1/1397 1739/1/1396
f 270/1/248 267/1/245 1739/1/1396 1742/1/1399
f 283/1/261 284/1/262 1756/1/1413 1755/1/1412
f 292/1/269 291/1/268 1763/1/1419 1764/1/1421
f 300/1/158 299/1/275 1771/1/1427 1772/1/280
f 315/1/276 316/1/279 1788/1/305 1787/1/1430
f 324/1/158 323/1/275 1795/1/1427 1796/1/280
f 331/1/287 332/1/288 1804/1/1437 1803/1/1435
f 335/1/289 331/1/287 1803/1/1435 1807/1/1439
f 340/1/294 339/1/293 1811/1/1443 1812/1/1444
f 349/1/291 347/1/289 1819/1/1439 1821/1/1441
f 363/1/303 364/1/304 1836/1/1454 1835/1/1452
f 367/1/306 363/1/303 1835/1/1452 1839/1/1457
f 374/1/313 371/1/310 1843/1/1461 1846/1/1464
f 379/1/317 382/1/320 1854/1/1472 1851/1/1468
f 395/1/331 400/1/319 1872/1/1471 1867/1/1483
f 404/1/325 403/1/324 1875/1/1476 1876/1/1477
f 413/1/337 411/1/335 1883/1/1486 1885/1/1489
f 419/1/343 421/1/345 1893/1/1497 1891/1/1494
f 427/1/351 430/1/354 1902/1/1506 1899/1/1503
f 435/1/359 436/1/360 1908/1/1512 1907/1/1510
f 444/1/368 443/1/367 1915/1/1518 1916/1/1520
f 454/1/378 451/1/375 1923/1/1527 1926/1/1530
f 459/1/277 460/1/276 1932/1/274 1931/1/1237
f 476/1/280 475/1/390 1947/1/1533 1948/1/158
f 483/1/397 486/1/400 1958/1/1549 1955/1/1546
f 492/1/406 491/1/405 1963/1/1554 1964/1/1555
f 502/1/416 499/1/413 1971/1/1562 1974/1/1565
f 507/1/421 508/1/422 1980/1/1571 1979/1/1570
f 515/1/427 518/1/430 1990/1/1581 1987/1/1578
f 524/1/280 523/1/435 1995/1/1586 1996/1/1587
f 532/1/172 531/1/171 2003/1/35 2004/1/34
f 548/1/262 547/1/53 2019/1/34 2020/1/36
f 555/1/450 558/1/453 2030/1/1599 2027/1/1598
f 566/1/461 563/1/458 2035/1/1602 2038/1/1603
f 573/1/468 571/1/466 2043/1/492 2045/1/494
f 587/1/482 589/1/484 2061/1/1612 2059/1/456
f 598/1/493 595/1/490 2067/1/464 2070/1/467
f 604/1/499 603/1/498 2075/1/1617 2076/1/1619
f 627/1/522 633/1/528 2105/1/566 2099/1/1640
f 643/1/538 646/1/541 2118/1/571 2115/1/1650
f 648/1/543 643/1/538 2115/1/1650 2120/1/574
f 651/1/546 654/1/549 2126/1/1656 2123/1/1653
f 660/1/555 659/1/554 2131/1/1661 2132/1/1660
f 659/1/554 661/1/556 2133/1/1662 2131/1/1661
f 668/1/563 667/1/562 2139/1/1667 2140/1/1668
f 677/1/571 675/1/570 2147/1/1671 2149/1/541
f 675/1/570 680/1/574 2152/1/543 2147/1/1671
f 684/1/578 683/1/577 2155/1/1675 2156/1/1676
f 683/1/577 686/1/580 2158/1/1678 2155/1/1675
f 692/1/586 691/1/585 2163/1/1683 2164/1/1684
f 699/1/593 701/1/595 2173/1/1690 2171/1/1689
f 705/1/599 699/1/593 2171/1/1689 2177/1/1694
f 707/1/601 711/1/605 2183/1/1700 2179/1/1696
f 715/1/609 717/1/611 2189/1/1704 2187/1/653
f 718/1/612 715/1/609 2187/1/653 2190/1/654
f 723/1/617 724/1/618 2196/1/1711 2195/1/1710
f 731/1/625 735/1/629 2207/1/1722 2203/1/1718
f 750/1/276 747/1/641 2219/1/1735 2222/1/1737
f 763/1/655 765/1/657 2237/1/1746 2235/1/1745
f 768/1/660 763/1/655 2235/1/1745 2240/1/692
f 771/1/663 772/1/664 2244/1/1751 2243/1/1749
f 787/1/679 789/1/681 2261/1/699 2259/1/1766
f 793/1/685 787/1/679 2259/1/1766 2265/1/703
f 795/1/687 797/1/689 2269/1/1771 2267/1/658
f 799/1/691 795/1/687 2267/1/658 2271/1/659
f 819/1/709 820/1/710 2292/1/1784 2291/1/1783
f 828/1/716 827/1/715 2299/1/1786 2300/1/745
f 827/1/715 831/1/719 2303/1/749 2299/1/1786
f 851/1/736 852/1/737 2324/1/1803 2323/1/1802
f 860/1/297 859/1/743 2331/1/1809 2332/1/711
f 859/1/743 861/1/744 2333/1/1810 2331/1/1809
f 867/1/748 868/1/749 2340/1/719 2339/1/718
f 886/1/759 883/1/756 2355/1/1816 2358/1/1820
f 891/1/763 893/1/711 2365/1/297 2363/1/1825
f 895/1/765 891/1/763 2363/1/1825 2367/1/1827
f 901/1/551 899/1/769 2371/1/1830 2373/1/694
f 918/1/297 915/1/779 2387/1/1842 2390/1/711
f 915/1/779 919/1/781 2391/1/1844 2387/1/1842
f 923/1/785 925/1/694 2397/1/551 2395/1/1847
f 931/1/790 933/1/791 2405/1/1854 2403/1/1851
f 941/1/799 939/1/797 2411/1/1860 2413/1/1862
f 947/1/803 949/1/805 2421/1/814 2419/1/1866
f 950/1/806 947/1/803 2419/1/1866 2422/1/1868
f 956/1/812 955/1/811 2427/1/1871 2428/1/1872
f 964/1/820 963/1/819 2435/1/1878 2436/1/1879
f 971/1/827 973/1/829 2445/1/1887 2443/1/1886
f 974/1/830 971/1/827 2443/1/1886 2446/1/1889
f 979/1/835 981/1/837 2453/1/1896 2451/1/1894
f 990/1/845 987/1/843 2459/1/1902 2462/1/1904
f 987/1/843 991/1/602 2463/1/1697 2459/1/1902
f 995/1/606 999/1/846 2471/1/1906 2467/1/1701
f 1004/1/849 1003/1/848 2475/1/1908 2476/1/1910
f 1003/1/848 1008/1/853 2480/1/1913 2475/1/1908
f 1013/1/858 1011/1/856 2483/1/1916 2485/1/1918
f 1020/1/651 1019/1/753 2491/1/1924 2492/1/693
f 1019/1/753 1022/1/711 2494/1/297 2491/1/1924
f 1030/1/845 1027/1/866 2499/1/1926 2502/1/1928
f 1027/1/866 1031/1/867 2503/1/1929 2499/1/1926
f 1035/1/606 1039/1/846 2511/1/1906 2507/1/1701
f 1044/1/694 1043/1/297 2515/1/1934 2516/1/551
f 1043/1/297 1046/1/695 2518/1/753 2515/1/1934
f 1051/1/593 1053/1/595 2525/1/1936 2523/1/1689
f 1057/1/599 1051/1/593 2523/1/1689 2529/1/1932
f 1059/1/601 1063/1/872 2535/1/1942 2531/1/38
f 1070/1/845 1067/1/874 2539/1/1946 2542/1/1928
f 1067/1/874 1071/1/867 2543/1/1929 2539/1/1946
f 1075/1/606 1079/1/846 2551/1/1906 2547/1/1701
f 1086/1/877 1083/1/594 2555/1/1691 2558/1/1152
f 1083/1/594 1087/1/868 2559/1/1938 2555/1/1691
f 1091/1/601 1095/1/605 2567/1/1950 2563/1/1696
f 1099/1/880 1101/1/287 2573/1/1952 2571/1/1951
f 1102/1/654 1099/1/880 2571/1/1951 2574/1/612
f 1108/1/651 1107/1/727 2579/1/1793 2580/1/693
f 1107/1/727 1109/1/728 2581/1/1794 2579/1/1793
f 1116/1/681 1115/1/884 2587/1/698 2588/1/699
f 1115/1/884 1117/1/683 2589/1/700 2587/1/698
f 1123/1/888 1124/1/889 2596/1/1960 2595/1/1959
f 1131/1/701 1132/1/702 2604/1/1778 2603/1/1777
f 1133/1/703 1131/1/701 2603/1/1777 2605/1/685
f 1140/1/279 1139/1/893 2611/1/1963 2612/1/1965
f 1139/1/893 1141/1/894 2613/1/1966 2611/1/1963
f 1148/1/901 1147/1/900 2619/1/1972 2620/1/1974
f 1147/1/900 1151/1/904 2623/1/1976 2619/1/1972
f 1155/1/908 1158/1/911 2630/1/1983 2627/1/1979
f 1163/1/867 1167/1/606 2639/1/1943 2635/1/1929
f 1171/1/912 1174/1/603 2646/1/1941 2643/1/1984
f 1185/1/924 1179/1/918 2651/1/1990 2657/1/1996
f 1195/1/930 1197/1/932 2669/1/2007 2667/1/2006
f 1198/1/933 1195/1/930 2667/1/2006 2670/1/2009
f 1206/1/941 1203/1/938 2675/1/2014 2678/1/2017
f 1211/1/946 1213/1/948 2685/1/2024 2683/1/2022
f 1222/1/957 1219/1/954 2691/1/2030 2694/1/2033
f 1235/1/970 1237/1/972 2709/1/2048 2707/1/2046
f 1243/1/978 1245/1/980 2717/1/2056 2715/1/2054
f 1251/1/986 1254/1/157 2726/1/277 2723/1/2062
f 1255/1/988 1251/1/986 2723/1/2062 2727/1/2064
f 1268/1/992 1267/1/991 2739/1/1853 2740/1/2066
f 1276/1/274 1275/1/157 2747/1/2069 2748/1/276
f 1275/1/157 1278/1/158 2750/1/280 2747/1/2069
f 1283/1/991 1285/1/274 2757/1/276 2755/1/279
f 1286/1/158 1283/1/991 2755/1/279 2758/1/280
f 1293/1/1001 1291/1/999 2763/1/2074 2765/1/2076
f 1299/1/1007 1301/1/1009 2773/1/2084 2771/1/2082
f 1307/1/1014 1308/1/157 2780/1/277 2779/1/2088
f 1309/1/1015 1307/1/1014 2779/1/2088 2781/1/1427
f 1315/1/1016 1317/1/1018 2789/1/2091 2787/1/2090
f 1316/1/1017 1315/1/1016 2787/1/2090 2788/1/2092
f 1326/1/1027 1323/1/1024 2795/1/2098 2798/1/2101
f 1323/1/1024 1327/1/1028 2799/1/2102 2795/1/2098
f 1333/1/1032 1331/1/1030 2803/1/2106 2805/1/2108
f 1341/1/1038 1339/1/1036 2811/1/2114 2813/1/2116
f 1350/1/279 1347/1/1044 2819/1/2122 2822/1/2125
f 1355/1/1050 1357/1/1052 2829/1/2131 2827/1/2130
f 1358/1/1053 1355/1/1050 2827/1/2130 2830/1/2133
f 1363/1/1058 1365/1/1060 2837/1/2139 2835/1/2138
f 1364/1/1059 1363/1/1058 2835/1/2138 2836/1/2140
f 1379/1/1074 1382/1/1077 2854/1/2157 2851/1/2154
f 1387/1/1082 1389/1/1084 2861/1/2163 2859/1/2162
f 1390/1/1085 1387/1/1082 2859/1/2162 2862/1/2165
f 1395/1/1090 1397/1/1092 2869/1/2171 2867/1/2170
f 1398/1/1093 1395/1/1090 2867/1/2170 2870/1/2173
f 1406/1/262 1403/1/1098 2875/1/2178 2878/1/2181
f 1403/1/1098 1407/1/1100 2879/1/2182 2875/1/2178
f 1412/1/36 1411/1/265 2883/1/2185 2884/1/2186
f 1419/1/1108 1421/1/1110 2893/1/2194 2891/1/2193
f 1422/1/1111 1419/1/1108 2891/1/2193 2894/1/2196
f 1427/1/172 1428/1/55 2900/1/35 2899/1/90
f 1449/1/1134 1443/1/1128 2915/1/2213 2921/1/2219
f 1465/1/1148 1459/1/1144 2931/1/2228 2937/1/2219
f 8/1/8 4/1/4 1476/1/1155 1480/1/1159
f 12/1/12 16/1/16 1488/1/1167 1484/1/1163
f 26/1/26 20/1/20 1492/1/1171 1498/1/1177
f 32/1/32 28/1/28 1500/1/1179 1504/1/1183
f 62/1/62 60/1/60 1532/1/1208 1534/1/1160
f 79/1/21 76/1/18 1548/1/1170 1551/1/1172
f 76/1/18 80/1/71 1552/1/1221 1548/1/1170
f 86/1/77 84/1/75 1556/1/1224 1558/1/1226
f 95/1/86 92/1/83 1564/1/1230 1567/1/1232
f 120/1/108 116/1/104 1588/1/1250 1592/1/1253
f 124/1/112 130/1/118 1602/1/1263 1596/1/1257
f 132/1/120 136/1/124 1608/1/1269 1604/1/1265
f 140/1/126 146/1/118 1618/1/1279 1612/1/1273
f 148/1/131 152/1/124 1624/1/1285 1620/1/1281
f 172/1/153 178/1/159 1650/1/1311 1644/1/1305
f 180/1/161 182/1/163 1654/1/1315 1652/1/1313
f 188/1/169 190/1/169 1662/1/1323 1660/1/1321
f 197/1/175 196/1/174 1668/1/1326 1669/1/1325
f 196/1/174 198/1/176 1670/1/1327 1668/1/1326
f 207/1/185 204/1/182 1676/1/1334 1679/1/1336
f 204/1/182 208/1/186 1680/1/1337 1676/1/1334
f 214/1/192 212/1/190 1684/1/1341 1686/1/1343
f 222/1/200 220/1/198 1692/1/1349 1694/1/1351
f 236/1/214 238/1/216 1710/1/1367 1708/1/1365
f 245/1/223 244/1/222 1716/1/1373 1717/1/1374
f 254/1/232 252/1/230 1724/1/1381 1726/1/1383
f 261/1/239 260/1/238 1732/1/1390 1733/1/1389
f 260/1/238 262/1/240 1734/1/1391 1732/1/1390
f 269/1/247 268/1/246 1740/1/1398 1741/1/1397
f 268/1/246 270/1/248 1742/1/1399 1740/1/1398
f 278/1/256 276/1/254 1748/1/1405 1750/1/1407
f 332/1/288 333/1/277 1805/1/1438 1804/1/1437
f 348/1/290 350/1/292 1822/1/1442 1820/1/1440
f 356/1/299 358/1/279 1830/1/305 1828/1/1449
f 359/1/300 356/1/299 1828/1/1449 1831/1/1450
f 364/1/304 365/1/305 1837/1/1455 1836/1/1454
f 372/1/311 373/1/312 1845/1/1463 1844/1/1462
f 384/1/322 380/1/318 1852/1/1470 1856/1/1474
f 388/1/326 390/1/328 1862/1/1480 1860/1/1478
f 396/1/326 398/1/332 1870/1/1484 1868/1/1478
f 429/1/353 428/1/352 1900/1/1504 1901/1/1505
f 436/1/360 437/1/361 1909/1/1513 1908/1/1512
f 445/1/369 444/1/368 1916/1/1520 1917/1/1521
f 452/1/376 453/1/377 1925/1/1529 1924/1/1528
f 471/1/277 468/1/384 1940/1/1535 1943/1/157
f 485/1/399 484/1/398 1956/1/1547 1957/1/1548
f 500/1/414 501/1/415 1973/1/1564 1972/1/1563
f 517/1/429 516/1/428 1988/1/1579 1989/1/1580
f 557/1/452 556/1/451 2028/1/477 2029/1/478
f 564/1/459 565/1/460 2037/1/486 2036/1/485
f 572/1/467 574/1/469 2046/1/495 2044/1/493
f 581/1/476 580/1/475 2052/1/1607 2053/1/1608
f 590/1/485 588/1/483 2060/1/1611 2062/1/459
f 596/1/491 597/1/492 2069/1/466 2068/1/1615
f 612/1/507 613/1/508 2085/1/1628 2084/1/1627
f 620/1/515 622/1/517 2094/1/1635 2092/1/1634
f 626/1/521 620/1/515 2092/1/1634 2098/1/1639
f 630/1/525 628/1/523 2100/1/1641 2102/1/1643
f 636/1/531 638/1/533 2110/1/514 2108/1/764
f 639/1/534 636/1/531 2108/1/764 2111/1/1645
f 644/1/539 651/1/546 2123/1/1653 2116/1/1649
f 657/1/552 652/1/547 2124/1/1654 2129/1/588
f 671/1/566 668/1/563 2140/1/1668 2143/1/528
f 676/1/285 678/1/572 2150/1/1672 2148/1/1670
f 688/1/582 684/1/578 2156/1/1676 2160/1/1680
f 702/1/596 700/1/594 2172/1/1691 2174/1/1152
f 700/1/594 703/1/597 2175/1/1692 2172/1/1691
f 708/1/602 712/1/606 2184/1/1701 2180/1/1697
f 716/1/610 718/1/612 2190/1/654 2188/1/1705
f 719/1/613 716/1/610 2188/1/1705 2191/1/1706
f 724/1/618 727/1/621 2199/1/1714 2196/1/1711
f 732/1/626 736/1/630 2208/1/1723 2204/1/1719
f 740/1/634 742/1/636 2214/1/1729 2212/1/1727
f 748/1/642 749/1/643 2221/1/1736 2220/1/1734
f 757/1/649 756/1/551 2228/1/751 2229/1/297
f 756/1/551 759/1/651 2231/1/693 2228/1/751
f 765/1/657 764/1/656 2236/1/1747 2237/1/1746
f 764/1/656 766/1/658 2238/1/687 2236/1/1747
f 772/1/664 776/1/668 2248/1/1755 2244/1/1751
f 781/1/673 780/1/672 2252/1/1759 2253/1/1760
f 789/1/681 788/1/680 2260/1/1767 2261/1/699
f 788/1/680 791/1/683 2263/1/700 2260/1/1767
f 798/1/690 796/1/688 2268/1/1772 2270/1/1773
f 796/1/688 800/1/692 2272/1/660 2268/1/1772
f 820/1/710 821/1/711 2293/1/297 2292/1/1784
f 836/1/720 838/1/724 2310/1/1791 2308/1/1787
f 839/1/725 836/1/720 2308/1/1787 2311/1/1792
f 844/1/729 846/1/731 2318/1/1796 2316/1/1795
f 847/1/732 844/1/729 2316/1/1795 2319/1/1798
f 893/1/711 892/1/551 2364/1/1826 2365/1/297
f 892/1/551 894/1/764 2366/1/780 2364/1/1826
f 900/1/711 901/1/551 2373/1/694 2372/1/786
f 908/1/774 910/1/776 2382/1/1837 2380/1/1835
f 917/1/780 916/1/694 2388/1/1843 2389/1/764
f 916/1/694 918/1/297 2390/1/711 2388/1/1843
f 925/1/694 924/1/786 2396/1/711 2397/1/551
f 940/1/798 942/1/800 2414/1/1863 2412/1/1861
f 949/1/805 948/1/804 2420/1/1867 2421/1/814
f 948/1/804 952/1/808 2424/1/810 2420/1/1867
f 957/1/813 956/1/812 2428/1/1872 2429/1/1873
f 972/1/828 974/1/830 2446/1/1889 2444/1/1888
f 976/1/832 972/1/828 2444/1/1888 2448/1/1891
f 982/1/838 980/1/836 2452/1/1895 2454/1/1897
f 989/1/600 988/1/844 2460/1/1903 2461/1/1695
f 988/1/844 992/1/594 2464/1/1691 2460/1/1903
f 996/1/597 1000/1/601 2472/1/1696 2468/1/1905
f 1005/1/850 1004/1/849 2476/1/1910 2477/1/1909
f 1012/1/857 1014/1/859 2486/1/1919 2484/1/1917
f 1021/1/864 1020/1/651 2492/1/693 2493/1/694
f 1029/1/600 1028/1/844 2500/1/1927 2501/1/1695
f 1028/1/844 1032/1/594 2504/1/1691 2500/1/1927
f 1036/1/868 1040/1/601 2512/1/1696 2508/1/1931
f 1045/1/568 1044/1/694 2516/1/551 2517/1/651
f 1054/1/596 1052/1/594 2524/1/45 2526/1/1937
f 1052/1/594 1055/1/868 2527/1/1938 2524/1/45
f 1060/1/867 1064/1/606 2536/1/1943 2532/1/1940
f 1069/1/600 1068/1/875 2540/1/1927 2541/1/49
f 1068/1/875 1072/1/594 2544/1/45 2540/1/1927
f 1076/1/597 1080/1/601 2552/1/1696 2548/1/1938
f 1085/1/876 1084/1/593 2556/1/1689 2557/1/1932
f 1084/1/593 1088/1/595 2560/1/1948 2556/1/1689
f 1092/1/866 1096/1/602 2568/1/1940 2564/1/1926
f 1100/1/714 1102/1/654 2574/1/612 2572/1/1953
f 1103/1/717 1100/1/714 2572/1/1953 2575/1/747
f 1149/1/902 1148/1/901 2620/1/1974 2621/1/1973
f 1164/1/594 1168/1/868 2640/1/1931 2636/1/1691
f 1172/1/913 1173/1/847 2645/1/1907 2644/1/1985
f 1184/1/923 1180/1/919 2652/1/1991 2656/1/1995
f 1188/1/925 1189/1/280 2661/1/2000 2660/1/1999
f 1196/1/931 1198/1/933 2670/1/2009 2668/1/2008
f 1199/1/934 1196/1/931 2668/1/2008 2671/1/2010
f 1204/1/939 1205/1/940 2677/1/2016 2676/1/2015
f 1214/1/949 1212/1/947 2684/1/2023 2686/1/2025
f 1220/1/955 1221/1/956 2693/1/2032 2692/1/2031
f 1229/1/964 1228/1/963 2700/1/2039 2701/1/2040
f 1238/1/973 1236/1/971 2708/1/2047 2710/1/2049
f 1246/1/981 1244/1/979 2716/1/2055 2718/1/2057
f 1253/1/314 1252/1/987 2724/1/2063 2725/1/280
f 1252/1/987 1256/1/989 2728/1/388 2724/1/2063
f 1270/1/994 1268/1/992 2740/1/2066 2742/1/2068
f 1277/1/991 1276/1/274 2748/1/276 2749/1/279
f 1285/1/274 1284/1/157 2756/1/2069 2757/1/276
f 1284/1/157 1286/1/158 2758/1/280 2756/1/2069
f 1292/1/1000 1294/1/1002 2766/1/2077 2764/1/2075
f 1302/1/1010 1300/1/1008 2772/1/2083 2774/1/2085
f 1318/1/1019 1316/1/1017 2788/1/2092 2790/1/2093
f 1325/1/1026 1324/1/1025 2796/1/2100 2797/1/2099
f 1324/1/1025 1330/1/1029 2802/1/2105 2796/1/2100
f 1332/1/1031 1334/1/290 2806/1/2109 2804/1/2107
f 1340/1/1037 1342/1/1039 2814/1/2117 2812/1/2115
f 1348/1/1045 1349/1/276 2821/1/2124 2820/1/2123
f 1357/1/1052 1356/1/1051 2828/1/2132 2829/1/2131
f 1356/1/1051 1358/1/1053 2830/1/2133 2828/1/2132
f 1366/1/1061 1364/1/1059 2836/1/2140 2838/1/2141
f 1373/1/1068 1372/1/1067 2844/1/2147 2845/1/2148
f 1381/1/1076 1380/1/1075 2852/1/2155 2853/1/2156
f 1389/1/1084 1388/1/1083 2860/1/2164 2861/1/2163
f 1388/1/1083 1390/1/1085 2862/1/2165 2860/1/2164
f 1397/1/1092 1396/1/1091 2868/1/2172 2869/1/2171
f 1396/1/1091 1398/1/1093 2870/1/2173 2868/1/2172
f 1405/1/1099 1404/1/261 2876/1/2180 2877/1/2179
f 1404/1/261 1406/1/262 2878/1/2181 2876/1/2180
f 1421/1/1110 1420/1/1109 2892/1/2195 2893/1/2194
f 1420/1/1109 1424/1/1113 2896/1/2198 2892/1/2195
f 1444/1/1129 1450/1/1135 2922/1/2220 2916/1/2214
f 1460/1/1145 1466/1/1135 2938/1/2220 2932/1/2229
f 5/1/5 7/1/7 1479/1/1158 1477/1/1156
f 13/1/13 15/1/15 1487/1/1166 1485/1/1164
f 23/1/23 21/1/21 1493/1/1172 1495/1/1174
f 31/1/31 29/1/29 1501/1/1180 1503/1/1182
f 45/1/45 47/1/47 1519/1/1194 1517/1/1192
f 53/1/53 55/1/55 1527/1/1201 1525/1/1200
f 56/1/56 53/1/53 1525/1/1200 1528/1/1203
f 77/1/69 83/1/74 1555/1/1223 1549/1/1219
f 85/1/76 90/1/81 1562/1/1183 1557/1/1225
f 93/1/84 94/1/85 1566/1/1231 1565/1/1229
f 96/1/87 93/1/84 1565/1/1229 1568/1/1233
f 104/1/34 101/1/91 1573/1/437 1576/1/172
f 109/1/97 111/1/99 1583/1/1243 1581/1/1242
f 112/1/100 109/1/97 1581/1/1242 1584/1/1245
f 118/1/106 117/1/105 1589/1/1249 1590/1/1251
f 117/1/105 119/1/107 1591/1/1252 1589/1/1249
f 125/1/113 127/1/115 1599/1/1260 1597/1/1258
f 133/1/121 135/1/123 1607/1/1268 1605/1/1266
f 141/1/127 143/1/129 1615/1/1276 1613/1/1274
f 149/1/132 151/1/123 1623/1/1284 1621/1/1282
f 158/1/139 157/1/138 1629/1/1290 1630/1/1292
f 157/1/138 160/1/141 1632/1/1293 1629/1/1290
f 165/1/146 167/1/148 1639/1/1299 1637/1/1298
f 166/1/147 165/1/146 1637/1/1298 1638/1/1300
f 177/1/158 173/1/154 1645/1/1306 1649/1/1310
f 183/1/164 181/1/162 1653/1/1314 1655/1/1316
f 191/1/170 189/1/170 1661/1/1322 1663/1/1322
f 205/1/183 206/1/184 1678/1/1335 1677/1/1333
f 213/1/191 215/1/193 1687/1/1344 1685/1/1342
f 221/1/199 223/1/201 1695/1/1352 1693/1/1350
f 229/1/207 231/1/209 1703/1/1359 1701/1/1358
f 234/1/212 229/1/207 1701/1/1358 1706/1/1363
f 239/1/217 237/1/215 1709/1/1366 1711/1/1368
f 247/1/225 245/1/223 1717/1/1374 1719/1/1376
f 253/1/231 254/1/232 1726/1/1383 1725/1/1382
f 277/1/255 278/1/256 1750/1/1407 1749/1/1406
f 285/1/263 288/1/36 1760/1/1417 1757/1/1414
f 293/1/270 295/1/272 1767/1/1423 1765/1/1422
f 296/1/273 293/1/270 1765/1/1422 1768/1/1425
f 302/1/277 301/1/276 1773/1/1428 1774/1/157
f 301/1/276 304/1/279 1776/1/305 1773/1/1428
f 309/1/277 311/1/276 1783/1/274 1781/1/157
f 312/1/280 309/1/277 1781/1/157 1784/1/158
f 318/1/277 317/1/282 1789/1/1431 1790/1/157
f 317/1/282 320/1/279 1792/1/305 1789/1/1431
f 326/1/277 325/1/276 1797/1/1433 1798/1/157
f 325/1/276 328/1/279 1800/1/305 1797/1/1433
f 333/1/277 334/1/276 1806/1/274 1805/1/1438
f 341/1/283 343/1/277 1815/1/1438 1813/1/1432
f 344/1/279 341/1/283 1813/1/1432 1816/1/305
f 351/1/293 349/1/291 1821/1/1441 1823/1/1443
f 358/1/279 357/1/280 1829/1/158 1830/1/305
f 365/1/305 366/1/274 1838/1/1456 1837/1/1455
f 373/1/312 376/1/157 1848/1/1466 1845/1/1463
f 381/1/319 385/1/323 1857/1/1475 1853/1/1471
f 390/1/328 389/1/327 1861/1/1479 1862/1/1480
f 398/1/332 397/1/327 1869/1/1479 1870/1/1484
f 406/1/274 405/1/157 1877/1/1426 1878/1/276
f 405/1/157 408/1/158 1880/1/280 1877/1/1426
f 415/1/339 413/1/337 1885/1/1489 1887/1/1491
f 421/1/345 423/1/347 1895/1/1499 1893/1/1497
f 432/1/356 429/1/353 1901/1/1505 1904/1/1508
f 437/1/361 439/1/363 1911/1/1515 1909/1/1513
f 447/1/371 445/1/369 1917/1/1521 1919/1/1523
f 453/1/377 456/1/380 1928/1/1532 1925/1/1529
f 461/1/280 463/1/277 1935/1/1237 1933/1/158
f 462/1/381 461/1/280 1933/1/158 1934/1/305
f 469/1/385 473/1/388 1945/1/1538 1941/1/1536
f 478/1/392 477/1/391 1949/1/1540 1950/1/1542
f 477/1/391 481/1/395 1953/1/1544 1949/1/1540
f 487/1/401 485/1/399 1957/1/1548 1959/1/1550
f 493/1/407 495/1/409 1967/1/1557 1965/1/1556
f 499/1/413 493/1/407 1965/1/1556 1971/1/1562
f 501/1/415 503/1/417 1975/1/1566 1973/1/1564
f 510/1/423 509/1/261 1981/1/1572 1982/1/1574
f 509/1/261 512/1/262 1984/1/1575 1981/1/1572
f 519/1/431 517/1/429 1989/1/1580 1991/1/1582
f 525/1/436 528/1/172 2000/1/1591 1997/1/1588
f 530/1/439 525/1/436 1997/1/1588 2002/1/712
f 533/1/440 535/1/294 2007/1/1593 2005/1/1592
f 536/1/442 533/1/440 2005/1/1592 2008/1/1595
f 542/1/55 541/1/261 2013/1/587 2014/1/35
f 541/1/261 544/1/262 2016/1/36 2013/1/587
f 553/1/448 549/1/444 2021/1/470 2025/1/474
f 549/1/444 554/1/449 2026/1/1597 2021/1/470
f 560/1/455 557/1/452 2029/1/478 2032/1/481
f 565/1/460 567/1/462 2039/1/488 2037/1/486
f 574/1/469 573/1/468 2045/1/494 2046/1/495
f 584/1/479 581/1/476 2053/1/1608 2056/1/1609
f 589/1/484 592/1/487 2064/1/1613 2061/1/1612
f 597/1/492 599/1/494 2071/1/468 2069/1/466
f 606/1/501 605/1/500 2077/1/1620 2078/1/1622
f 605/1/500 608/1/503 2080/1/1623 2077/1/1620
f 623/1/518 621/1/516 2093/1/1636 2095/1/561
f 621/1/516 624/1/519 2096/1/1637 2093/1/1636
f 629/1/524 630/1/525 2102/1/1643 2101/1/1642
f 638/1/533 637/1/532 2109/1/1644 2110/1/514
f 637/1/532 640/1/535 2112/1/1646 2109/1/1644
f 647/1/542 645/1/540 2117/1/1651 2119/1/1652
f 655/1/550 653/1/548 2125/1/1655 2127/1/1657
f 653/1/548 656/1/551 2128/1/1658 2125/1/1655
f 661/1/556 664/1/559 2136/1/1665 2133/1/1662
f 669/1/564 670/1/565 2142/1/527 2141/1/526
f 678/1/572 677/1/571 2149/1/541 2150/1/1672
f 691/1/585 685/1/579 2157/1/1677 2163/1/1683
f 694/1/588 693/1/587 2165/1/551 2166/1/552
f 701/1/595 704/1/598 2176/1/1693 2173/1/1690
f 713/1/607 709/1/603 2181/1/1698 2185/1/1702
f 717/1/611 721/1/615 2193/1/1708 2189/1/1704
f 726/1/620 725/1/619 2197/1/1712 2198/1/1713
f 737/1/631 733/1/627 2205/1/1720 2209/1/1724
f 743/1/637 741/1/635 2213/1/1728 2215/1/1730
f 749/1/643 752/1/645 2224/1/1739 2221/1/1736
f 760/1/652 757/1/649 2229/1/297 2232/1/1744
f 773/1/665 777/1/669 2249/1/1756 2245/1/1752
f 783/1/675 781/1/673 2253/1/1760 2255/1/1762
f 797/1/689 798/1/690 2270/1/1773 2269/1/1771
f 805/1/696 809/1/700 2281/1/683 2277/1/1775
f 811/1/702 805/1/696 2277/1/1775 2283/1/1778
f 813/1/704 815/1/706 2287/1/1780 2285/1/1779
f 816/1/707 813/1/704 2285/1/1779 2288/1/1782
f 830/1/718 829/1/717 2301/1/747 2302/1/748
f 838/1/724 837/1/721 2309/1/1789 2310/1/1791
f 837/1/721 839/1/725 2311/1/1792 2309/1/1789
f 846/1/731 845/1/730 2317/1/1797 2318/1/1796
f 845/1/730 847/1/732 2319/1/1798 2317/1/1797
f 853/1/738 855/1/740 2327/1/1805 2325/1/1804
f 857/1/742 853/1/738 2325/1/1804 2329/1/1808
f 861/1/744 862/1/693 2334/1/651 2333/1/1810
f 869/1/750 871/1/752 2343/1/1813 2341/1/1812
f 870/1/751 869/1/750 2341/1/1812 2342/1/551
f 878/1/694 877/1/297 2349/1/1774 2350/1/551
f 877/1/297 880/1/695 2352/1/753 2349/1/1774
f 885/1/758 888/1/761 2360/1/1822 2357/1/1819
f 911/1/777 909/1/775 2381/1/1836 2383/1/1838
f 921/1/783 917/1/780 2389/1/764 2393/1/767
f 933/1/791 936/1/794 2408/1/1857 2405/1/1854
f 943/1/801 941/1/799 2413/1/1862 2415/1/1864
f 958/1/814 957/1/813 2429/1/1873 2430/1/805
f 965/1/821 967/1/823 2439/1/1881 2437/1/1880
f 970/1/826 965/1/821 2437/1/1880 2442/1/1885
f 973/1/829 975/1/831 2447/1/1890 2445/1/1887
f 981/1/837 984/1/840 2456/1/1899 2453/1/1896
f 993/1/604 989/1/600 2461/1/1695 2465/1/1699
f 1001/1/847 997/1/608 2469/1/1703 2473/1/1907
f 1006/1/851 1005/1/850 2477/1/1909 2478/1/1911
f 1016/1/861 1013/1/858 2485/1/1918 2488/1/1921
f 1022/1/711 1021/1/864 2493/1/694 2494/1/297
f 1033/1/604 1029/1/600 2501/1/1695 2505/1/1930
f 1041/1/847 1037/1/608 2509/1/1703 2513/1/1907
f 1046/1/695 1045/1/568 2517/1/651 2518/1/753
f 1053/1/595 1056/1/866 2528/1/1939 2525/1/1936
f 1065/1/607 1061/1/603 2533/1/1941 2537/1/1944
f 1073/1/604 1069/1/600 2541/1/49 2545/1/1930
f 1081/1/847 1077/1/608 2549/1/1703 2553/1/1907
f 1089/1/603 1085/1/876 2557/1/1932 2561/1/1698
f 1097/1/606 1093/1/878 2565/1/1944 2569/1/1701
f 1101/1/287 1105/1/719 2577/1/749 2573/1/1952
f 1125/1/750 1127/1/752 2599/1/1813 2597/1/1812
f 1126/1/751 1125/1/750 2597/1/1812 2598/1/551
f 1141/1/894 1142/1/895 2614/1/1967 2613/1/1966
f 1150/1/903 1149/1/902 2621/1/1973 2622/1/1975
f 1158/1/911 1157/1/910 2629/1/1982 2630/1/1983
f 1169/1/608 1165/1/604 2637/1/1930 2641/1/43
f 1181/1/920 1183/1/922 2655/1/1994 2653/1/1992
f 1189/1/280 1190/1/277 2662/1/2001 2661/1/2000
f 1197/1/932 1200/1/935 2672/1/2011 2669/1/2007
f 1205/1/940 1207/1/942 2679/1/2018 2677/1/2016
f 1213/1/948 1215/1/950 2687/1/2026 2685/1/2024
f 1221/1/956 1222/1/957 2694/1/2033 2693/1/2032
f 1232/1/967 1229/1/964 2701/1/2040 2704/1/2043
f 1237/1/972 1240/1/975 2712/1/2051 2709/1/2048
f 1245/1/980 1247/1/982 2719/1/2058 2717/1/2056
f 1254/1/157 1253/1/314 2725/1/280 2726/1/277
f 1261/1/35 1263/1/34 2735/1/53 2733/1/55
f 1262/1/587 1261/1/35 2733/1/55 2734/1/261
f 1269/1/993 1270/1/994 2742/1/2068 2741/1/2067
f 1278/1/158 1277/1/991 2749/1/279 2750/1/280
f 1294/1/1002 1293/1/1001 2765/1/2076 2766/1/2077
f 1301/1/1009 1302/1/1010 2774/1/2085 2773/1/2084
f 1310/1/158 1309/1/1015 2781/1/1427 2782/1/280
f 1317/1/1018 1318/1/1019 2790/1/2093 2789/1/2091
f 1329/1/277 1325/1/1026 2797/1/2099 2801/1/2104
f 1335/1/1033 1333/1/1032 2805/1/2108 2807/1/2110
f 1343/1/1040 1341/1/1038 2813/1/2116 2815/1/2118
f 1349/1/276 1350/1/279 2822/1/2125 2821/1/2124
f 1365/1/1060 1366/1/1061 2838/1/2141 2837/1/2139
f 1374/1/1069 1373/1/1068 2845/1/2148 2846/1/2149
f 1382/1/1077 1381/1/1076 2853/1/2156 2854/1/2157
f 1408/1/1101 1405/1/1099 2877/1/2179 2880/1/1410
f 1416/1/1106 1413/1/1103 2885/1/2187 2888/1/2190
f 1413/1/1103 1418/1/34 2890/1/2192 2885/1/2187
f 1429/1/1116 1431/1/172 2903/1/90 2901/1/2201
f 1441/1/1126 1437/1/1122 2909/1/2207 2913/1/2211
f 1437/1/1122 1442/1/1127 2914/1/2212 2909/1/2207
f 1445/1/1130 1447/1/1132 2919/1/2217 2917/1/2215
f 1457/1/1142 1453/1/1138 2925/1/2223 2929/1/2226
f 1453/1/1138 1458/1/1143 2930/1/2227 2925/1/2223
f 1461/1/1146 1463/1/1132 2935/1/2232 2933/1/2230
f 1470/1/55 1469/1/261 2941/1/2235 2942/1/35
f 1469/1/261 1472/1/262 2944/1/36 2941/1/2235
f 6/1/6 10/1/10 1482/1/1161 1478/1/1157
f 15/1/15 14/1/14 1486/1/1165 1487/1/1166
f 22/1/22 24/1/24 1496/1/1175 1494/1/1173
f 30/1/30 31/1/31 1503/1/1182 1502/1/1181
f 39/1/39 38/1/38 1510/1/1186 1511/1/1185
f 38/1/38 41/1/41 1513/1/1188 1510/1/1186
f 55/1/55 54/1/54 1526/1/1202 1527/1/1201
f 54/1/54 57/1/57 1529/1/1204 1526/1/1202
f 66/1/11 62/1/62 1534/1/1160 1538/1/1162
f 72/1/66 70/1/65 1542/1/1215 1544/1/1216
f 84/1/75 78/1/70 1550/1/1220 1556/1/1224
f 90/1/81 86/1/77 1558/1/1226 1562/1/1183
f 94/1/85 95/1/86 1567/1/1232 1566/1/1231
f 102/1/92 103/1/35 1575/1/1237 1574/1/1236
f 110/1/98 112/1/100 1584/1/1245 1582/1/1244
f 113/1/101 110/1/98 1582/1/1244 1585/1/1246
f 128/1/116 126/1/114 1598/1/1259 1600/1/1261
f 135/1/123 134/1/122 1606/1/1267 1607/1/1268
f 144/1/116 142/1/128 1614/1/1275 1616/1/1277
f 151/1/123 150/1/133 1622/1/1283 1623/1/1284
f 159/1/140 158/1/139 1630/1/1292 1631/1/1291
f 168/1/149 166/1/147 1638/1/1300 1640/1/1301
f 179/1/160 174/1/155 1646/1/1307 1651/1/1312
f 182/1/163 184/1/165 1656/1/1317 1654/1/1315
f 190/1/169 192/1/169 1664/1/1323 1662/1/1323
f 206/1/184 207/1/185 1679/1/1336 1678/1/1335
f 216/1/194 214/1/192 1686/1/1343 1688/1/1345
f 224/1/202 222/1/200 1694/1/1351 1696/1/1353
f 231/1/209 230/1/208 1702/1/1360 1703/1/1359
f 230/1/208 232/1/210 1704/1/1361 1702/1/1360
f 238/1/216 240/1/218 1712/1/1369 1710/1/1367
f 246/1/224 248/1/226 1720/1/1377 1718/1/1375
f 287/1/265 286/1/264 1758/1/1415 1759/1/1416
f 295/1/272 294/1/271 1766/1/1424 1767/1/1423
f 294/1/271 296/1/273 1768/1/1425 1766/1/1424
f 303/1/278 302/1/277 1774/1/157 1775/1/158
f 311/1/276 310/1/279 1782/1/1429 1783/1/274
f 310/1/279 312/1/280 1784/1/158 1782/1/1429
f 319/1/283 318/1/277 1790/1/157 1791/1/1432
f 327/1/284 326/1/277 1798/1/157 1799/1/158
f 342/1/295 344/1/279 1816/1/305 1814/1/1445
f 346/1/296 342/1/295 1814/1/1445 1818/1/1447
f 350/1/292 352/1/294 1824/1/1444 1822/1/1442
f 375/1/314 374/1/313 1846/1/1464 1847/1/1465
f 382/1/320 388/1/326 1860/1/1478 1854/1/1472
f 407/1/275 406/1/274 1878/1/276 1879/1/1427
f 414/1/338 416/1/340 1888/1/1492 1886/1/1490
f 424/1/348 422/1/346 1894/1/1498 1896/1/1500
f 430/1/354 431/1/355 1903/1/1507 1902/1/1506
f 440/1/364 438/1/362 1910/1/1514 1912/1/1516
f 446/1/370 448/1/372 1920/1/1524 1918/1/1522
f 455/1/379 454/1/378 1926/1/1530 1927/1/1531
f 464/1/276 462/1/381 1934/1/305 1936/1/274
f 470/1/386 471/1/277 1943/1/157 1942/1/1432
f 472/1/387 470/1/386 1942/1/1432 1944/1/1537
f 484/1/398 478/1/392 1950/1/1542 1956/1/1547
f 486/1/400 488/1/402 1960/1/1551 1958/1/1549
f 496/1/410 494/1/408 1966/1/1558 1968/1/1559
f 494/1/408 498/1/412 1970/1/1561 1966/1/1558
f 504/1/418 502/1/416 1974/1/1565 1976/1/1567
f 513/1/425 510/1/423 1982/1/1574 1985/1/1576
f 518/1/430 520/1/432 1992/1/1583 1990/1/1581
f 527/1/438 526/1/437 1998/1/1590 1999/1/1589
f 526/1/437 532/1/172 2004/1/34 1998/1/1590
f 535/1/294 534/1/441 2006/1/1594 2007/1/1593
f 534/1/441 536/1/442 2008/1/1595 2006/1/1594
f 543/1/53 542/1/55 2014/1/35 2015/1/34
f 551/1/446 550/1/445 2022/1/472 2023/1/471
f 550/1/445 552/1/447 2024/1/473 2022/1/472
f 558/1/453 559/1/454 2031/1/1600 2030/1/1599
f 568/1/463 566/1/461 2038/1/1603 2040/1/1604
f 582/1/477 583/1/478 2055/1/452 2054/1/451
f 591/1/486 590/1/485 2062/1/459 2063/1/460
f 600/1/495 598/1/493 2070/1/467 2072/1/469
f 607/1/502 606/1/501 2078/1/1622 2079/1/1621
f 614/1/509 616/1/511 2088/1/1630 2086/1/1629
f 618/1/513 614/1/509 2086/1/1629 2090/1/1633
f 622/1/517 625/1/520 2097/1/1638 2094/1/1635
f 646/1/541 647/1/542 2119/1/1652 2118/1/571
f 654/1/549 655/1/550 2127/1/1657 2126/1/1656
f 663/1/558 662/1/557 2134/1/1663 2135/1/1664
f 670/1/565 672/1/567 2144/1/529 2142/1/527
f 686/1/580 689/1/583 2161/1/1681 2158/1/1678
f 706/1/600 702/1/596 2174/1/1152 2178/1/1695
f 714/1/608 710/1/604 2182/1/1699 2186/1/1703
f 727/1/621 726/1/620 2198/1/1713 2199/1/1714
f 741/1/635 734/1/628 2206/1/1721 2213/1/1728
f 742/1/636 744/1/638 2216/1/1731 2214/1/1729
f 751/1/644 750/1/276 2222/1/1737 2223/1/1738
f 759/1/651 758/1/650 2230/1/1743 2231/1/693
f 758/1/650 761/1/653 2233/1/609 2230/1/1743
f 766/1/658 767/1/659 2239/1/691 2238/1/687
f 780/1/672 774/1/666 2246/1/1753 2252/1/1759
f 782/1/674 784/1/676 2256/1/1763 2254/1/1761
f 791/1/683 790/1/682 2262/1/1768 2263/1/700
f 790/1/682 794/1/686 2266/1/1770 2262/1/1768
f 808/1/699 806/1/697 2278/1/1776 2280/1/681
f 806/1/697 812/1/703 2284/1/685 2278/1/1776
f 815/1/706 814/1/705 2286/1/1781 2287/1/1780
f 814/1/705 816/1/707 2288/1/1782 2286/1/1781
f 822/1/712 824/1/35 2296/1/1785 2294/1/261
f 823/1/713 822/1/712 2294/1/261 2295/1/262
f 831/1/719 830/1/718 2302/1/748 2303/1/749
f 856/1/741 854/1/739 2326/1/1806 2328/1/1807
f 854/1/739 857/1/742 2329/1/1808 2326/1/1806
f 872/1/693 870/1/751 2342/1/551 2344/1/651
f 879/1/693 878/1/694 2350/1/551 2351/1/651
f 887/1/760 886/1/759 2358/1/1820 2359/1/1821
f 894/1/764 897/1/767 2369/1/783 2366/1/780
f 904/1/551 902/1/770 2374/1/1830 2376/1/694
f 910/1/776 912/1/778 2384/1/1839 2382/1/1837
f 926/1/785 927/1/787 2399/1/1849 2398/1/1848
f 935/1/793 934/1/792 2406/1/1855 2407/1/1856
f 942/1/800 944/1/802 2416/1/1865 2414/1/1863
f 951/1/807 950/1/806 2422/1/1868 2423/1/1869
f 967/1/823 966/1/822 2438/1/1882 2439/1/1881
f 966/1/822 968/1/824 2440/1/1883 2438/1/1882
f 983/1/839 982/1/838 2454/1/1897 2455/1/1898
f 994/1/593 990/1/845 2462/1/1904 2466/1/1689
f 1002/1/603 998/1/599 2470/1/1694 2474/1/1698
f 1007/1/852 1006/1/851 2478/1/1911 2479/1/1912
f 1014/1/859 1015/1/860 2487/1/1920 2486/1/1919
f 1034/1/593 1030/1/845 2502/1/1928 2506/1/1689
f 1042/1/869 1038/1/599 2510/1/1932 2514/1/1933
f 1058/1/600 1054/1/596 2526/1/1937 2530/1/49
f 1066/1/873 1062/1/604 2534/1/1930 2538/1/1945
f 1074/1/593 1070/1/845 2542/1/1928 2546/1/1947
f 1082/1/603 1078/1/599 2550/1/1932 2554/1/1698
f 1090/1/600 1086/1/877 2558/1/1152 2562/1/1695
f 1098/1/608 1094/1/879 2566/1/1949 2570/1/1703
f 1110/1/881 1112/1/685 2584/1/703 2582/1/1954
f 1114/1/686 1110/1/881 2582/1/1954 2586/1/1770
f 1118/1/885 1120/1/749 2592/1/719 2590/1/653
f 1121/1/886 1118/1/885 2590/1/653 2593/1/1958
f 1128/1/693 1126/1/751 2598/1/551 2600/1/651
f 1135/1/700 1134/1/698 2606/1/884 2607/1/683
f 1134/1/698 1136/1/699 2608/1/681 2606/1/884
f 1152/1/905 1150/1/903 2622/1/1975 2624/1/1977
f 1170/1/599 1166/1/593 2638/1/1689 2642/1/1932
f 1182/1/921 1188/1/925 2660/1/1999 2654/1/1993
f 1208/1/943 1206/1/941 2678/1/2017 2680/1/2019
f 1216/1/951 1214/1/949 2686/1/2025 2688/1/2027
f 1230/1/965 1231/1/966 2703/1/2042 2702/1/2041
f 1239/1/974 1238/1/973 2710/1/2049 2711/1/2050
f 1248/1/983 1246/1/981 2718/1/2057 2720/1/2059
f 1264/1/36 1262/1/587 2734/1/261 2736/1/262
f 1331/1/1030 1326/1/1027 2798/1/2101 2803/1/2106
f 1334/1/290 1336/1/290 2808/1/2111 2806/1/2109
f 1342/1/1039 1344/1/1041 2816/1/2119 2814/1/2117
f 1415/1/1105 1414/1/1104 2886/1/2189 2887/1/2188
f 1414/1/1104 1416/1/1106 2888/1/2190 2886/1/2189
f 1423/1/1112 1422/1/1111 2894/1/2196 2895/1/2197
f 1432/1/55 1430/1/1117 2902/1/2202 2904/1/35
f 1439/1/1124 1438/1/1123 2910/1/2209 2911/1/2208
f 1438/1/1123 1445/1/1130 2917/1/2215 2910/1/2209
f 1448/1/1133 1446/1/1131 2918/1/2216 2920/1/2218
f 1455/1/1140 1454/1/1139 2926/1/2209 2927/1/2224
f 1454/1/1139 1461/1/1146 2933/1/2230 2926/1/2209
f 1464/1/1133 1462/1/1147 2934/1/2231 2936/1/2233
f 1471/1/1151 1470/1/55 2942/1/35 2943/1/34
f 7/1/7 13/1/13 1485/1/1164 1479/1/1158
f 29/1/29 23/1/23 1495/1/1174 1501/1/1180
f 43/1/43 39/1/39 1511/1/1185 1515/1/1190
f 47/1/47 49/1/49 1521/1/1196 1519/1/1194
f 81/1/72 79/1/21 1551/1/1172 1553/1/1222
f 89/1/80 87/1/78 1559/1/1227 1561/1/1182
f 103/1/35 104/1/34 1576/1/172 1575/1/1237
f 111/1/99 114/1/102 1586/1/1247 1583/1/1243
f 119/1/107 120/1/108 1592/1/1253 1591/1/1252
f 127/1/115 133/1/121 1605/1/1266 1599/1/1260
f 143/1/129 149/1/132 1621/1/1282 1615/1/1276
f 160/1/141 159/1/140 1631/1/1291 1632/1/1293
f 167/1/148 168/1/149 1640/1/1301 1639/1/1299
f 175/1/156 176/1/157 1648/1/1309 1647/1/1308
f 185/1/166 183/1/164 1655/1/1316 1657/1/1318
f 193/1/171 191/1/170 1663/1/1322 1665/1/35
f 200/1/178 199/1/177 1671/1/1328 1672/1/1330
f 199/1/177 202/1/180 1674/1/1331 1671/1/1328
f 215/1/193 218/1/196 1690/1/1347 1687/1/1344
f 223/1/201 225/1/203 1697/1/1354 1695/1/1352
f 242/1/220 239/1/217 1711/1/1368 1714/1/1371
f 250/1/228 247/1/225 1719/1/1376 1722/1/1379
f 256/1/234 255/1/233 1727/1/1384 1728/1/1386
f 255/1/233 258/1/236 1730/1/1387 1727/1/1384
f 264/1/242 263/1/241 1735/1/1392 1736/1/1394
f 263/1/241 266/1/244 1738/1/1395 1735/1/1392
f 271/1/249 274/1/252 1746/1/1403 1743/1/1400
f 276/1/254 271/1/249 1743/1/1400 1748/1/1405
f 280/1/258 279/1/257 1751/1/1408 1752/1/1410
f 279/1/257 283/1/261 1755/1/1412 1751/1/1408
f 288/1/36 287/1/265 1759/1/1416 1760/1/1417
f 304/1/279 303/1/278 1775/1/158 1776/1/305
f 320/1/279 319/1/283 1791/1/1432 1792/1/305
f 328/1/279 327/1/284 1799/1/158 1800/1/305
f 337/1/291 335/1/289 1807/1/1439 1809/1/1441
f 343/1/277 345/1/285 1817/1/1446 1815/1/1438
f 352/1/294 351/1/293 1823/1/1443 1824/1/1444
f 360/1/276 359/1/300 1831/1/1450 1832/1/274
f 369/1/308 367/1/306 1839/1/1457 1841/1/1459
f 376/1/157 375/1/314 1847/1/1465 1848/1/1466
f 386/1/324 383/1/321 1855/1/1473 1858/1/1476
f 391/1/329 393/1/320 1865/1/1472 1863/1/1481
f 399/1/315 391/1/329 1863/1/1481 1871/1/1467
f 401/1/321 399/1/315 1871/1/1467 1873/1/1473
f 408/1/158 407/1/275 1879/1/1427 1880/1/280
f 416/1/340 415/1/339 1887/1/1491 1888/1/1492
f 423/1/347 426/1/350 1898/1/1502 1895/1/1499
f 431/1/355 432/1/356 1904/1/1508 1903/1/1507
f 439/1/363 440/1/364 1912/1/1516 1911/1/1515
f 450/1/374 447/1/371 1919/1/1523 1922/1/1526
f 456/1/380 455/1/379 1927/1/1531 1928/1/1532
f 463/1/277 464/1/276 1936/1/274 1935/1/1237
f 480/1/394 479/1/393 1951/1/1541 1952/1/1543
f 479/1/393 483/1/397 1955/1/1546 1951/1/1541
f 490/1/404 487/1/401 1959/1/1550 1962/1/1553
f 495/1/409 497/1/411 1969/1/1560 1967/1/1557
f 503/1/417 506/1/420 1978/1/1569 1975/1/1566
f 512/1/262 511/1/424 1983/1/1573 1984/1/1575
f 511/1/424 514/1/426 1986/1/1577 1983/1/1573
f 522/1/434 519/1/431 1991/1/1582 1994/1/1585
f 529/1/55 527/1/438 1999/1/1589 2001/1/35
f 544/1/262 543/1/53 2015/1/34 2016/1/36
f 556/1/451 551/1/446 2023/1/471 2028/1/477
f 559/1/454 562/1/457 2034/1/1601 2031/1/1600
f 567/1/462 569/1/464 2041/1/490 2039/1/488
f 575/1/470 579/1/474 2051/1/448 2047/1/1606
f 580/1/475 575/1/470 2047/1/1606 2052/1/1607
f 583/1/478 586/1/481 2058/1/455 2055/1/452
f 593/1/488 591/1/486 2063/1/460 2065/1/462
f 599/1/494 600/1/495 2072/1/469 2071/1/468
f 608/1/503 607/1/502 2079/1/1621 2080/1/1623
f 616/1/511 615/1/510 2087/1/1631 2088/1/1630
f 615/1/510 617/1/512 2089/1/1632 2087/1/1631
f 631/1/526 623/1/518 2095/1/561 2103/1/564
f 632/1/527 631/1/526 2103/1/564 2104/1/565
f 641/1/536 639/1/534 2111/1/1645 2113/1/1647
f 665/1/560 663/1/558 2135/1/1664 2137/1/1666
f 673/1/568 671/1/566 2143/1/528 2145/1/530
f 685/1/579 679/1/573 2151/1/1673 2157/1/1677
f 687/1/581 694/1/588 2166/1/552 2159/1/1679
f 695/1/589 697/1/591 2169/1/1686 2167/1/1685
f 698/1/592 695/1/589 2167/1/1685 2170/1/1688
f 703/1/597 707/1/601 2179/1/1696 2175/1/1692
f 711/1/605 714/1/608 2186/1/1703 2183/1/1700
f 720/1/614 719/1/613 2191/1/1706 2192/1/1707
f 735/1/629 739/1/633 2211/1/1726 2207/1/1722
f 745/1/639 743/1/637 2215/1/1730 2217/1/1732
f 753/1/646 751/1/644 2223/1/1738 2225/1/1740
f 767/1/659 768/1/660 2240/1/692 2239/1/691
f 779/1/671 775/1/667 2247/1/1754 2251/1/1758
f 785/1/677 783/1/675 2255/1/1762 2257/1/1764
f 800/1/692 799/1/691 2271/1/659 2272/1/660
f 807/1/698 808/1/699 2280/1/681 2279/1/884
f 809/1/700 807/1/698 2279/1/884 2281/1/683
f 825/1/34 823/1/713 2295/1/262 2297/1/172
f 855/1/740 856/1/741 2328/1/1807 2327/1/1805
f 863/1/745 865/1/747 2337/1/714 2335/1/716
f 864/1/746 863/1/745 2335/1/716 2336/1/1811
f 871/1/752 872/1/693 2344/1/651 2343/1/1813
f 880/1/695 879/1/693 2351/1/651 2352/1/753
f 889/1/762 887/1/760 2359/1/1821 2361/1/1823
f 902/1/770 895/1/765 2367/1/1827 2374/1/1830
f 903/1/711 904/1/551 2376/1/694 2375/1/1831
f 913/1/568 911/1/777 2383/1/1838 2385/1/1840
f 919/1/781 926/1/785 2398/1/1848 2391/1/1844
f 927/1/787 928/1/297 2400/1/711 2399/1/1849
f 938/1/796 935/1/793 2407/1/1856 2410/1/1859
f 945/1/314 943/1/801 2415/1/1864 2417/1/280
f 952/1/808 951/1/807 2423/1/1869 2424/1/810
f 960/1/816 959/1/815 2431/1/1874 2432/1/1876
f 959/1/815 964/1/820 2436/1/1879 2431/1/1874
f 975/1/831 978/1/834 2450/1/1893 2447/1/1890
f 985/1/841 983/1/839 2455/1/1898 2457/1/1900
f 991/1/602 995/1/606 2467/1/1701 2463/1/1697
f 999/1/846 1002/1/603 2474/1/1698 2471/1/1906
f 1010/1/855 1007/1/852 2479/1/1912 2482/1/1915
f 1015/1/860 1017/1/862 2489/1/1922 2487/1/1920
f 1023/1/708 1025/1/651 2497/1/693 2495/1/694
f 1026/1/865 1023/1/708 2495/1/694 2498/1/870
f 1031/1/867 1035/1/606 2507/1/1701 2503/1/1929
f 1039/1/846 1042/1/869 2514/1/1933 2511/1/1906
f 1048/1/870 1047/1/744 2519/1/1935 2520/1/865
f 1047/1/744 1050/1/693 2522/1/651 2519/1/1935
f 1055/1/868 1059/1/601 2531/1/38 2527/1/1938
f 1063/1/872 1066/1/873 2538/1/1945 2535/1/1942
f 1071/1/867 1075/1/606 2547/1/1701 2543/1/1929
f 1079/1/846 1082/1/603 2554/1/1698 2551/1/1906
f 1087/1/868 1091/1/601 2563/1/1696 2559/1/1938
f 1095/1/605 1098/1/608 2570/1/1703 2567/1/1950
f 1104/1/718 1103/1/717 2575/1/747 2576/1/748
f 1112/1/685 1111/1/882 2583/1/1955 2584/1/703
f 1111/1/882 1116/1/681 2588/1/699 2583/1/1955
f 1120/1/749 1119/1/290 2591/1/1957 2592/1/719
f 1119/1/290 1123/1/888 2595/1/1959 2591/1/1957
f 1127/1/752 1128/1/693 2600/1/651 2599/1/1813
f 1143/1/896 1145/1/898 2617/1/1969 2615/1/1968
f 1146/1/899 1143/1/896 2615/1/1968 2618/1/1971
f 1151/1/904 1152/1/905 2624/1/1977 2623/1/1976
f 1162/1/845 1159/1/866 2631/1/1926 2634/1/1928
f 1159/1/866 1163/1/867 2635/1/1929 2631/1/1926
f 1167/1/606 1171/1/912 2643/1/1984 2639/1/1943
f 1175/1/914 1177/1/916 2649/1/1987 2647/1/1986
f 1180/1/919 1175/1/914 2647/1/1986 2652/1/1991
f 1183/1/922 1186/1/276 2658/1/1997 2655/1/1994
f 1191/1/926 1193/1/928 2665/1/2003 2663/1/2002
f 1194/1/929 1191/1/926 2663/1/2002 2666/1/2005
f 1202/1/937 1199/1/934 2671/1/2010 2674/1/2013
f 1207/1/942 1210/1/945 2682/1/2021 2679/1/2018
f 1215/1/950 1217/1/952 2689/1/2028 2687/1/2026
f 1223/1/958 1225/1/960 2697/1/2035 2695/1/2034
f 1227/1/962 1223/1/958 2695/1/2034 2699/1/2038
f 1231/1/966 1234/1/969 2706/1/2045 2703/1/2042
f 1241/1/976 1239/1/974 2711/1/2050 2713/1/2052
f 1247/1/982 1250/1/985 2722/1/2061 2719/1/2058
f 1256/1/989 1255/1/988 2727/1/2064 2728/1/388
f 1263/1/34 1264/1/36 2736/1/262 2735/1/53
f 1272/1/274 1271/1/157 2743/1/2069 2744/1/276
f 1271/1/157 1274/1/158 2746/1/280 2743/1/2069
f 1279/1/991 1281/1/274 2753/1/276 2751/1/279
f 1282/1/158 1279/1/991 2751/1/279 2754/1/280
f 1288/1/996 1287/1/995 2759/1/2070 2760/1/2072
f 1287/1/995 1292/1/1000 2764/1/2075 2759/1/2070
f 1295/1/1003 1297/1/1005 2769/1/2079 2767/1/2078
f 1298/1/1006 1295/1/1003 2767/1/2078 2770/1/2081
f 1304/1/1012 1303/1/1011 2775/1/2086 2776/1/280
f 1303/1/1011 1310/1/158 2782/1/280 2775/1/2086
f 1312/1/274 1311/1/157 2783/1/2089 2784/1/276
f 1311/1/157 1314/1/158 2786/1/280 2783/1/2089
f 1320/1/1021 1319/1/1020 2791/1/2094 2792/1/2096
f 1319/1/1020 1322/1/1023 2794/1/2097 2791/1/2094
f 1327/1/1028 1328/1/280 2800/1/2103 2799/1/2102
f 1337/1/1034 1335/1/1033 2807/1/2110 2809/1/2112
f 1345/1/1042 1343/1/1040 2815/1/2118 2817/1/2120
f 1351/1/1046 1353/1/1048 2825/1/2127 2823/1/2126
f 1352/1/1047 1351/1/1046 2823/1/2126 2824/1/2128
f 1359/1/1054 1361/1/1056 2833/1/2135 2831/1/2134
f 1362/1/1057 1359/1/1054 2831/1/2134 2834/1/2137
f 1367/1/1062 1369/1/1064 2841/1/2143 2839/1/2142
f 1371/1/1066 1367/1/1062 2839/1/2142 2843/1/2146
f 1375/1/1070 1377/1/1072 2849/1/2151 2847/1/2150
f 1376/1/1071 1375/1/1070 2847/1/2150 2848/1/2152
f 1383/1/1078 1385/1/1080 2857/1/2159 2855/1/2158
f 1386/1/1081 1383/1/1078 2855/1/2158 2858/1/2161
f 1391/1/1086 1393/1/1088 2865/1/2167 2863/1/2166
f 1394/1/1089 1391/1/1086 2863/1/2166 2866/1/2169
f 1400/1/1095 1399/1/1094 2871/1/2174 2872/1/2176
f 1399/1/1094 1402/1/1097 2874/1/2177 2871/1/2174
f 1407/1/1100 1409/1/1102 2881/1/2183 2879/1/2182
f 1417/1/1107 1415/1/1105 2887/1/2188 2889/1/2191
f 1430/1/1117 1423/1/1112 2895/1/2197 2902/1/2202
f 1431/1/172 1432/1/55 2904/1/35 2903/1/90
f 1440/1/1125 1439/1/1124 2911/1/2208 2912/1/2210
f 1447/1/1132 1452/1/1137 2924/1/2222 2919/1/2217
f 1456/1/1141 1455/1/1140 2927/1/2224 2928/1/2225
f 1463/1/1132 1468/1/1150 2940/1/2234 2935/1/2232
f 1472/1/262 1471/1/1151 2943/1/34 2944/1/36
f 14/1/14 8/1/8 1480/1/1159 1486/1/1165
f 24/1/24 30/1/30 1502/1/1181 1496/1/1175
f 58/1/58 56/1/56 1528/1/1203 1530/1/1205
f 64/1/6 74/1/67 1546/1/1161 1536/1/1210
f 74/1/67 72/1/66 1544/1/1216 1546/1/1161
f 80/1/71 82/1/73 1554/1/1175 1552/1/1221
f 88/1/79 89/1/80 1561/1/1182 1560/1/1181
f 98/1/89 96/1/87 1568/1/1233 1570/1/1235
f 134/1/122 128/1/116 1600/1/1261 1606/1/1267
f 150/1/133 144/1/116 1616/1/1277 1622/1/1283
f 176/1/157 177/1/158 1649/1/1310 1648/1/1309
f 184/1/165 186/1/167 1658/1/1319 1656/1/1317
f 192/1/169 194/1/172 1666/1/34 1664/1/1323
f 201/1/179 200/1/178 1672/1/1330 1673/1/1329
f 208/1/186 209/1/187 1681/1/1338 1680/1/1337
f 217/1/195 216/1/194 1688/1/1345 1689/1/1346
f 226/1/204 224/1/202 1696/1/1353 1698/1/1355
f 232/1/210 233/1/211 1705/1/1362 1704/1/1361
f 240/1/218 241/1/219 1713/1/1370 1712/1/1369
f 248/1/226 249/1/227 1721/1/1378 1720/1/1377
f 257/1/235 256/1/234 1728/1/1386 1729/1/1385
f 265/1/243 264/1/242 1736/1/1394 1737/1/1393
f 273/1/251 272/1/250 1744/1/1402 1745/1/1401
f 272/1/250 277/1/255 1749/1/1406 1744/1/1402
f 286/1/264 280/1/258 1752/1/1410 1758/1/1415
f 336/1/290 338/1/292 1810/1/1442 1808/1/1440
f 368/1/307 370/1/309 1842/1/1460 1840/1/1458
f 389/1/327 384/1/322 1856/1/1474 1861/1/1479
f 394/1/322 392/1/330 1864/1/1482 1866/1/1474
f 392/1/330 395/1/331 1867/1/1483 1864/1/1482
f 400/1/319 402/1/323 1874/1/1475 1872/1/1471
f 425/1/349 424/1/348 1896/1/1500 1897/1/1501
f 448/1/372 449/1/373 1921/1/1525 1920/1/1524
f 475/1/390 472/1/387 1944/1/1537 1947/1/1533
f 482/1/396 480/1/394 1952/1/1543 1954/1/1545
f 488/1/402 489/1/403 1961/1/1552 1960/1/1551
f 497/1/411 496/1/410 1968/1/1559 1969/1/1560
f 505/1/419 504/1/418 1976/1/1567 1977/1/1568
f 520/1/432 521/1/433 1993/1/1584 1992/1/1583
f 528/1/172 529/1/55 2001/1/35 2000/1/1591
f 552/1/447 553/1/448 2025/1/474 2024/1/473
f 561/1/456 560/1/455 2032/1/481 2033/1/482
f 570/1/465 568/1/463 2040/1/1604 2042/1/1605
f 577/1/472 576/1/471 2048/1/446 2049/1/445
f 576/1/471 582/1/477 2054/1/451 2048/1/446
f 585/1/480 584/1/479 2056/1/1609 2057/1/1610
f 592/1/487 594/1/489 2066/1/1614 2064/1/1613
f 624/1/519 629/1/524 2101/1/1642 2096/1/1637
f 634/1/529 632/1/527 2104/1/565 2106/1/567
f 640/1/535 641/1/536 2113/1/1647 2112/1/1646
f 649/1/544 648/1/543 2120/1/574 2121/1/575
f 656/1/551 657/1/552 2129/1/588 2128/1/1658
f 664/1/559 666/1/561 2138/1/518 2136/1/1665
f 672/1/567 673/1/568 2145/1/530 2144/1/529
f 680/1/574 681/1/575 2153/1/544 2152/1/543
f 689/1/583 688/1/582 2160/1/1680 2161/1/1681
f 697/1/591 696/1/590 2168/1/1687 2169/1/1686
f 696/1/590 698/1/592 2170/1/1688 2168/1/1687
f 704/1/598 708/1/602 2180/1/1697 2176/1/1693
f 712/1/606 713/1/607 2185/1/1702 2184/1/1701
f 722/1/616 720/1/614 2192/1/1707 2194/1/1709
f 728/1/622 730/1/624 2202/1/1716 2200/1/1715
f 734/1/628 728/1/622 2200/1/1715 2206/1/1721
f 736/1/630 740/1/634 2212/1/1727 2208/1/1723
f 744/1/638 745/1/639 2217/1/1732 2216/1/1731
f 752/1/645 755/1/648 2227/1/1742 2224/1/1739
f 762/1/654 760/1/652 2232/1/1744 2234/1/612
f 776/1/668 782/1/674 2254/1/1761 2248/1/1755
f 784/1/676 786/1/678 2258/1/1765 2256/1/1763
f 792/1/684 793/1/685 2265/1/703 2264/1/1769
f 794/1/686 792/1/684 2264/1/1769 2266/1/1770
f 824/1/35 825/1/34 2297/1/172 2296/1/1785
f 832/1/720 834/1/722 2306/1/1788 2304/1/1787
f 835/1/723 832/1/720 2304/1/1787 2307/1/1790
f 840/1/726 842/1/651 2314/1/693 2312/1/694
f 843/1/728 840/1/726 2312/1/694 2315/1/1794
f 848/1/733 850/1/735 2322/1/1800 2320/1/1799
f 852/1/737 848/1/733 2320/1/1799 2324/1/1803
f 868/1/749 864/1/746 2336/1/1811 2340/1/719
f 888/1/761 890/1/651 2362/1/1824 2360/1/1822
f 896/1/766 898/1/768 2370/1/1829 2368/1/1828
f 899/1/769 896/1/766 2368/1/1828 2371/1/1830
f 912/1/778 914/1/695 2386/1/1841 2384/1/1839
f 922/1/784 920/1/782 2392/1/1845 2394/1/1846
f 920/1/782 923/1/785 2395/1/1847 2392/1/1845
f 936/1/794 937/1/795 2409/1/1858 2408/1/1857
f 944/1/802 946/1/157 2418/1/277 2416/1/1865
f 961/1/817 960/1/816 2432/1/1876 2433/1/1875
f 968/1/824 969/1/825 2441/1/1884 2440/1/1883
f 977/1/833 976/1/832 2448/1/1891 2449/1/1892
f 984/1/840 986/1/842 2458/1/1901 2456/1/1899
f 992/1/594 996/1/597 2468/1/1905 2464/1/1691
f 1000/1/601 1001/1/847 2473/1/1907 2472/1/1696
f 1008/1/853 1009/1/854 2481/1/1914 2480/1/1913
f 1018/1/863 1016/1/861 2488/1/1921 2490/1/1923
f 1025/1/651 1024/1/709 2496/1/1925 2497/1/693
f 1024/1/709 1026/1/865 2498/1/870 2496/1/1925
f 1032/1/594 1036/1/868 2508/1/1931 2504/1/1691
f 1040/1/601 1041/1/847 2513/1/1907 2512/1/1696
f 1049/1/871 1048/1/870 2520/1/865 2521/1/551
f 1056/1/866 1060/1/867 2532/1/1940 2528/1/1939
f 1064/1/606 1065/1/607 2537/1/1944 2536/1/1943
f 1072/1/594 1076/1/597 2548/1/1938 2544/1/45
f 1080/1/601 1081/1/847 2553/1/1907 2552/1/1696
f 1088/1/595 1092/1/866 2564/1/1926 2560/1/1948
f 1096/1/602 1097/1/606 2569/1/1701 2568/1/1940
f 1105/1/719 1104/1/718 2576/1/748 2577/1/749
f 1145/1/898 1144/1/897 2616/1/1970 2617/1/1969
f 1144/1/897 1146/1/899 2618/1/1971 2616/1/1970
f 1161/1/600 1160/1/844 2632/1/1927 2633/1/1695
f 1160/1/844 1164/1/594 2636/1/1691 2632/1/1927
f 1168/1/868 1172/1/913 2644/1/1985 2640/1/1931
f 1176/1/915 1178/1/917 2650/1/1989 2648/1/1988
f 1179/1/918 1176/1/915 2648/1/1988 2651/1/1990
f 1190/1/277 1184/1/923 2656/1/1995 2662/1/2001
f 1193/1/928 1192/1/927 2664/1/2004 2665/1/2003
f 1192/1/927 1194/1/929 2666/1/2005 2664/1/2004
f 1200/1/935 1201/1/936 2673/1/2012 2672/1/2011
f 1209/1/944 1208/1/943 2680/1/2019 2681/1/2020
f 1218/1/953 1216/1/951 2688/1/2027 2690/1/2029
f 1224/1/959 1226/1/961 2698/1/2037 2696/1/2036
f 1228/1/963 1224/1/959 2696/1/2036 2700/1/2039
f 1233/1/968 1232/1/967 2704/1/2043 2705/1/2044
f 1240/1/975 1242/1/977 2714/1/2053 2712/1/2051
f 1249/1/984 1248/1/983 2720/1/2059 2721/1/2060
f 1273/1/991 1272/1/274 2744/1/276 2745/1/279
f 1281/1/274 1280/1/157 2752/1/2069 2753/1/276
f 1280/1/157 1282/1/158 2754/1/280 2752/1/2069
f 1289/1/997 1288/1/996 2760/1/2072 2761/1/2071
f 1296/1/1004 1298/1/1006 2770/1/2081 2768/1/2080
f 1300/1/1008 1296/1/1004 2768/1/2080 2772/1/2083
f 1306/1/157 1304/1/1012 2776/1/280 2778/1/277
f 1313/1/275 1312/1/274 2784/1/276 2785/1/1427
f 1321/1/1022 1320/1/1021 2792/1/2096 2793/1/2095
f 1328/1/280 1329/1/277 2801/1/2104 2800/1/2103
f 1336/1/290 1338/1/1035 2810/1/2113 2808/1/2111
f 1344/1/1041 1346/1/1043 2818/1/2121 2816/1/2119
f 1354/1/1049 1352/1/1047 2824/1/2128 2826/1/2129
f 1361/1/1056 1360/1/1055 2832/1/2136 2833/1/2135
f 1360/1/1055 1362/1/1057 2834/1/2137 2832/1/2136
f 1368/1/1063 1370/1/1065 2842/1/2145 2840/1/2144
f 1372/1/1067 1368/1/1063 2840/1/2144 2844/1/2147
f 1378/1/1073 1376/1/1071 2848/1/2152 2850/1/2153
f 1385/1/1080 1384/1/1079 2856/1/2160 2857/1/2159
f 1384/1/1079 1386/1/1081 2858/1/2161 2856/1/2160
f 1393/1/1088 1392/1/1087 2864/1/2168 2865/1/2167
f 1392/1/1087 1394/1/1089 2866/1/2169 2864/1/2168
f 1401/1/1096 1400/1/1095 2872/1/2176 2873/1/2175
f 1410/1/264 1408/1/1101 2880/1/1410 2882/1/2184
f 1424/1/1113 1426/1/1115 2898/1/2200 2896/1/2198
f 1446/1/1131 1440/1/1125 2912/1/2210 2918/1/2216
f 1452/1/1137 1448/1/1133 2920/1/2218 2924/1/2222
f 1462/1/1147 1456/1/1141 2928/1/2225 2934/1/2231
f 1468/1/1150 1464/1/1133 2936/1/2233 2940/1/2234
usemtl Contorno_Negro
f 1473/1/1152 1475/1/1153 1474/1/1154
f 1476/1/1155 1474/1/1154 1475/1/1153
f 1474/1/1154 1477/1/1156 1473/1/1152
f 1475/1/1153 1478/1/1157 1476/1/1155
f 1473/1/1152 1477/1/1156 1479/1/1158
f 1480/1/1159 1476/1/1155 1478/1/1157
f 1473/1/1152 1479/1/1158 1481/1/1160
f 1478/1/1157 1482/1/1161 1480/1/1159
f 1483/1/1162 1481/1/1160 1479/1/1158
f 1484/1/1163 1480/1/1159 1482/1/1161
f 1479/1/1158 1485/1/1164 1483/1/1162
f 1484/1/1163 1486/1/1165 1480/1/1159
f 1487/1/1166 1483/1/1162 1485/1/1164
f 1486/1/1165 1484/1/1163 1488/1/1167
f 1483/1/1162 1487/1/1166 1488/1/1167
f 1488/1/1167 1487/1/1166 1486/1/1165
f 1489/1/1168 1491/1/1169 1490/1/1170
f 1492/1/1171 1489/1/1168 1490/1/1170
f 1490/1/1170 1491/1/1169 1493/1/1172
f 1490/1/1170 1494/1/1173 1492/1/1171
f 1495/1/1174 1493/1/1172 1491/1/1169
f 1496/1/1175 1492/1/1171 1494/1/1173
f 1491/1/1169 1497/1/1176 1495/1/1174
f 1498/1/1177 1492/1/1171 1496/1/1175
f 1495/1/1174 1497/1/1176 1499/1/1178
f 1500/1/1179 1498/1/1177 1496/1/1175
f 1499/1/1178 1501/1/1180 1495/1/1174
f 1496/1/1175 1502/1/1181 1500/1/1179
f 1503/1/1182 1501/1/1180 1499/1/1178
f 1503/1/1182 1500/1/1179 1502/1/1181
f 1499/1/1178 1504/1/1183 1503/1/1182
f 1504/1/1183 1500/1/1179 1503/1/1182
f 1505/1/261 1507/1/55 1506/1/1151
f 1506/1/1151 1508/1/262 1505/1/261
f 1509/1/1184 1511/1/1185 1510/1/1186
f 1510/1/1186 1512/1/1187 1509/1/1184
f 1512/1/1187 1510/1/1186 1513/1/1188
f 1511/1/1185 1509/1/1184 1514/1/1189
f 1514/1/1189 1515/1/1190 1511/1/1185
f 1513/1/1188 1516/1/1191 1512/1/1187
f 1509/1/1184 1512/1/1187 1516/1/1191
f 1516/1/1191 1513/1/1188 1517/1/1192
f 1517/1/1192 1518/1/1193 1516/1/1191
f 1517/1/1192 1519/1/1194 1518/1/1193
f 1516/1/1191 1518/1/1193 1520/1/1195
f 1520/1/1195 1518/1/1193 1519/1/1194
f 1509/1/1184 1516/1/1191 1520/1/1195
f 1519/1/1194 1521/1/1196 1520/1/1195
f 1522/1/1197 1514/1/1189 1509/1/1184
f 1515/1/1190 1514/1/1189 1522/1/1197
f 1520/1/1195 1522/1/1197 1509/1/1184
f 1522/1/1197 1523/1/1198 1515/1/1190
f 1524/1/1199 1520/1/1195 1521/1/1196
f 1520/1/1195 1524/1/1199 1522/1/1197
f 1524/1/1199 1521/1/1196 1523/1/1198
f 1523/1/1198 1522/1/1197 1524/1/1199
f 1525/1/1200 1527/1/1201 1526/1/1202
f 1526/1/1202 1528/1/1203 1525/1/1200
f 1526/1/1202 1529/1/1204 1528/1/1203
f 1529/1/1204 1530/1/1205 1528/1/1203
f 1531/1/1206 1533/1/1207 1532/1/1208
f 1534/1/1160 1532/1/1208 1533/1/1207
f 1531/1/1206 1535/1/1209 1533/1/1207
f 1535/1/1209 1531/1/1206 1536/1/1210
f 1533/1/1207 1537/1/1211 1534/1/1160
f 1538/1/1162 1534/1/1160 1537/1/1211
f 1533/1/1207 1535/1/1209 1539/1/1212
f 1536/1/1210 1539/1/1212 1535/1/1209
f 1540/1/1213 1537/1/1211 1533/1/1207
f 1537/1/1211 1540/1/1213 1538/1/1162
f 1539/1/1212 1540/1/1213 1533/1/1207
f 1541/1/1214 1538/1/1162 1540/1/1213
f 1538/1/1162 1541/1/1214 1542/1/1215
f 1543/1/1207 1541/1/1214 1540/1/1213
f 1542/1/1215 1541/1/1214 1543/1/1207
f 1540/1/1213 1539/1/1212 1543/1/1207
f 1543/1/1207 1544/1/1216 1542/1/1215
f 1545/1/1217 1539/1/1212 1536/1/1210
f 1539/1/1212 1545/1/1217 1543/1/1207
f 1536/1/1210 1546/1/1161 1545/1/1217
f 1546/1/1161 1544/1/1216 1543/1/1207
f 1543/1/1207 1545/1/1217 1546/1/1161
f 1547/1/1218 1549/1/1219 1548/1/1170
f 1550/1/1220 1547/1/1218 1548/1/1170
f 1548/1/1170 1549/1/1219 1551/1/1172
f 1548/1/1170 1552/1/1221 1550/1/1220
f 1553/1/1222 1551/1/1172 1549/1/1219
f 1554/1/1175 1550/1/1220 1552/1/1221
f 1549/1/1219 1555/1/1223 1553/1/1222
f 1556/1/1224 1550/1/1220 1554/1/1175
f 1553/1/1222 1555/1/1223 1557/1/1225
f 1558/1/1226 1556/1/1224 1554/1/1175
f 1557/1/1225 1559/1/1227 1553/1/1222
f 1554/1/1175 1560/1/1181 1558/1/1226
f 1561/1/1182 1559/1/1227 1557/1/1225
f 1561/1/1182 1558/1/1226 1560/1/1181
f 1557/1/1225 1562/1/1183 1561/1/1182
f 1562/1/1183 1558/1/1226 1561/1/1182
f 1563/1/1228 1565/1/1229 1564/1/1230
f 1564/1/1230 1565/1/1229 1566/1/1231
f 1566/1/1231 1567/1/1232 1564/1/1230
f 1568/1/1233 1565/1/1229 1563/1/1228
f 1563/1/1228 1569/1/1234 1568/1/1233
f 1570/1/1235 1568/1/1233 1569/1/1234
f 1570/1/1235 1569/1/1234 1571/1/172
f 1572/1/55 1571/1/172 1569/1/1234
f 1569/1/1234 1563/1/1228 1573/1/437
f 1573/1/437 1563/1/1228 1574/1/1236
f 1574/1/1236 1575/1/1237 1573/1/437
f 1575/1/1237 1576/1/172 1573/1/437
f 1577/1/1238 1579/1/1239 1578/1/1240
f 1577/1/1238 1580/1/1241 1579/1/1239
f 1581/1/1242 1583/1/1243 1582/1/1244
f 1582/1/1244 1584/1/1245 1581/1/1242
f 1585/1/1246 1582/1/1244 1583/1/1243
f 1583/1/1243 1586/1/1247 1585/1/1246
f 1587/1/1248 1589/1/1249 1588/1/1250
f 1589/1/1249 1587/1/1248 1590/1/1251
f 1588/1/1250 1589/1/1249 1591/1/1252
f 1588/1/1250 1591/1/1252 1592/1/1253
f 1593/1/1254 1595/1/1255 1594/1/1256
f 1596/1/1257 1594/1/1256 1595/1/1255
f 1594/1/1256 1597/1/1258 1593/1/1254
f 1596/1/1257 1598/1/1259 1594/1/1256
f 1599/1/1260 1593/1/1254 1597/1/1258
f 1600/1/1261 1598/1/1259 1596/1/1257
f 1593/1/1254 1599/1/1260 1601/1/1262
f 1596/1/1257 1602/1/1263 1600/1/1261
f 1603/1/1264 1601/1/1262 1599/1/1260
f 1604/1/1265 1600/1/1261 1602/1/1263
f 1599/1/1260 1605/1/1266 1603/1/1264
f 1604/1/1265 1606/1/1267 1600/1/1261
f 1603/1/1264 1605/1/1266 1607/1/1268
f 1607/1/1268 1606/1/1267 1604/1/1265
f 1603/1/1264 1607/1/1268 1608/1/1269
f 1604/1/1265 1608/1/1269 1607/1/1268
f 1609/1/1270 1611/1/1271 1610/1/1272
f 1612/1/1273 1610/1/1272 1611/1/1271
f 1610/1/1272 1613/1/1274 1609/1/1270
f 1612/1/1273 1614/1/1275 1610/1/1272
f 1615/1/1276 1609/1/1270 1613/1/1274
f 1616/1/1277 1614/1/1275 1612/1/1273
f 1609/1/1270 1615/1/1276 1617/1/1278
f 1612/1/1273 1618/1/1279 1616/1/1277
f 1619/1/1280 1617/1/1278 1615/1/1276
f 1620/1/1281 1616/1/1277 1618/1/1279
f 1615/1/1276 1621/1/1282 1619/1/1280
f 1620/1/1281 1622/1/1283 1616/1/1277
f 1619/1/1280 1621/1/1282 1623/1/1284
f 1623/1/1284 1622/1/1283 1620/1/1281
f 1619/1/1280 1623/1/1284 1624/1/1285
f 1620/1/1281 1624/1/1285 1623/1/1284
f 1625/1/1286 1627/1/1287 1626/1/1288
f 1628/1/1289 1626/1/1288 1627/1/1287
f 1629/1/1290 1631/1/1291 1630/1/1292
f 1629/1/1290 1632/1/1293 1631/1/1291
f 1633/1/1294 1635/1/1295 1634/1/1296
f 1634/1/1296 1636/1/1297 1633/1/1294
f 1637/1/1298 1639/1/1299 1638/1/1300
f 1639/1/1299 1640/1/1301 1638/1/1300
f 1641/1/1302 1643/1/1303 1642/1/1304
f 1642/1/1304 1644/1/1305 1641/1/1302
f 1645/1/1306 1642/1/1304 1643/1/1303
f 1646/1/1307 1641/1/1302 1644/1/1305
f 1643/1/1303 1647/1/1308 1645/1/1306
f 1648/1/1309 1645/1/1306 1647/1/1308
f 1648/1/1309 1649/1/1310 1645/1/1306
f 1644/1/1305 1650/1/1311 1646/1/1307
f 1651/1/1312 1646/1/1307 1650/1/1311
f 1650/1/1311 1652/1/1313 1651/1/1312
f 1653/1/1314 1651/1/1312 1652/1/1313
f 1652/1/1313 1654/1/1315 1653/1/1314
f 1655/1/1316 1653/1/1314 1654/1/1315
f 1654/1/1315 1656/1/1317 1655/1/1316
f 1657/1/1318 1655/1/1316 1656/1/1317
f 1656/1/1317 1658/1/1319 1657/1/1318
f 1659/1/1320 1657/1/1318 1658/1/1319
f 1658/1/1319 1660/1/1321 1659/1/1320
f 1661/1/1322 1659/1/1320 1660/1/1321
f 1660/1/1321 1662/1/1323 1661/1/1322
f 1663/1/1322 1661/1/1322 1662/1/1323
f 1662/1/1323 1664/1/1323 1663/1/1322
f 1665/1/35 1663/1/1322 1664/1/1323
f 1664/1/1323 1666/1/34 1665/1/35
f 1667/1/1324 1669/1/1325 1668/1/1326
f 1668/1/1326 1670/1/1327 1667/1/1324
f 1671/1/1328 1673/1/1329 1672/1/1330
f 1671/1/1328 1674/1/1331 1673/1/1329
f 1675/1/1332 1677/1/1333 1676/1/1334
f 1678/1/1335 1676/1/1334 1677/1/1333
f 1676/1/1334 1678/1/1335 1679/1/1336
f 1676/1/1334 1680/1/1337 1675/1/1332
f 1675/1/1332 1680/1/1337 1681/1/1338
f 1675/1/1332 1681/1/1338 1682/1/1339
f 1682/1/1339 1681/1/1338 1683/1/1340
f 1682/1/1339 1683/1/1340 1684/1/1341
f 1685/1/1342 1684/1/1341 1683/1/1340
f 1684/1/1341 1685/1/1342 1686/1/1343
f 1686/1/1343 1685/1/1342 1687/1/1344
f 1686/1/1343 1687/1/1344 1688/1/1345
f 1689/1/1346 1688/1/1345 1687/1/1344
f 1687/1/1344 1690/1/1347 1689/1/1346
f 1691/1/1348 1689/1/1346 1690/1/1347
f 1689/1/1346 1691/1/1348 1692/1/1349
f 1692/1/1349 1691/1/1348 1693/1/1350
f 1692/1/1349 1693/1/1350 1694/1/1351
f 1694/1/1351 1693/1/1350 1695/1/1352
f 1695/1/1352 1696/1/1353 1694/1/1351
f 1696/1/1353 1695/1/1352 1697/1/1354
f 1697/1/1354 1698/1/1355 1696/1/1353
f 1699/1/1356 1698/1/1355 1697/1/1354
f 1697/1/1354 1700/1/1357 1699/1/1356
f 1701/1/1358 1703/1/1359 1702/1/1360
f 1702/1/1360 1704/1/1361 1701/1/1358
f 1701/1/1358 1704/1/1361 1705/1/1362
f 1701/1/1358 1705/1/1362 1706/1/1363
f 1707/1/1364 1706/1/1363 1705/1/1362
f 1705/1/1362 1708/1/1365 1707/1/1364
f 1709/1/1366 1707/1/1364 1708/1/1365
f 1708/1/1365 1710/1/1367 1709/1/1366
f 1711/1/1368 1709/1/1366 1710/1/1367
f 1710/1/1367 1712/1/1369 1711/1/1368
f 1711/1/1368 1712/1/1369 1713/1/1370
f 1711/1/1368 1713/1/1370 1714/1/1371
f 1714/1/1371 1713/1/1370 1715/1/1372
f 1714/1/1371 1715/1/1372 1716/1/1373
f 1717/1/1374 1716/1/1373 1715/1/1372
f 1715/1/1372 1718/1/1375 1717/1/1374
f 1719/1/1376 1717/1/1374 1718/1/1375
f 1718/1/1375 1720/1/1377 1719/1/1376
f 1719/1/1376 1720/1/1377 1721/1/1378
f 1719/1/1376 1721/1/1378 1722/1/1379
f 1722/1/1379 1721/1/1378 1723/1/1380
f 1722/1/1379 1723/1/1380 1724/1/1381
f 1724/1/1381 1723/1/1380 1725/1/1382
f 1724/1/1381 1725/1/1382 1726/1/1383
f 1727/1/1384 1729/1/1385 1728/1/1386
f 1727/1/1384 1730/1/1387 1729/1/1385
f 1731/1/1388 1733/1/1389 1732/1/1390
f 1732/1/1390 1734/1/1391 1731/1/1388
f 1735/1/1392 1737/1/1393 1736/1/1394
f 1735/1/1392 1738/1/1395 1737/1/1393
f 1739/1/1396 1741/1/1397 1740/1/1398
f 1740/1/1398 1742/1/1399 1739/1/1396
f 1743/1/1400 1745/1/1401 1744/1/1402
f 1745/1/1401 1743/1/1400 1746/1/1403
f 1745/1/1401 1746/1/1403 1747/1/1404
f 1744/1/1402 1748/1/1405 1743/1/1400
f 1749/1/1406 1748/1/1405 1744/1/1402
f 1749/1/1406 1750/1/1407 1748/1/1405
f 1751/1/1408 1753/1/1409 1752/1/1410
f 1751/1/1408 1754/1/1411 1753/1/1409
f 1754/1/1411 1751/1/1408 1755/1/1412
f 1755/1/1412 1756/1/1413 1754/1/1411
f 1752/1/1410 1753/1/1409 1757/1/1414
f 1752/1/1410 1757/1/1414 1758/1/1415
f 1759/1/1416 1758/1/1415 1757/1/1414
f 1757/1/1414 1760/1/1417 1759/1/1416
f 1761/1/1418 1763/1/1419 1762/1/1420
f 1763/1/1419 1761/1/1418 1764/1/1421
f 1765/1/1422 1767/1/1423 1766/1/1424
f 1766/1/1424 1768/1/1425 1765/1/1422
f 1769/1/1426 1771/1/1427 1770/1/276
f 1769/1/1426 1772/1/280 1771/1/1427
f 1773/1/1428 1775/1/158 1774/1/157
f 1773/1/1428 1776/1/305 1775/1/158
f 1777/1/158 1779/1/157 1778/1/1428
f 1778/1/1428 1780/1/305 1777/1/158
f 1781/1/157 1783/1/274 1782/1/1429
f 1782/1/1429 1784/1/158 1781/1/157
f 1785/1/157 1787/1/1430 1786/1/158
f 1787/1/1430 1788/1/305 1786/1/158
f 1789/1/1431 1791/1/1432 1790/1/157
f 1789/1/1431 1792/1/305 1791/1/1432
f 1793/1/1426 1795/1/1427 1794/1/276
f 1793/1/1426 1796/1/280 1795/1/1427
f 1797/1/1433 1799/1/158 1798/1/157
f 1797/1/1433 1800/1/305 1799/1/158
f 1801/1/1434 1803/1/1435 1802/1/1436
f 1802/1/1436 1803/1/1435 1804/1/1437
f 1805/1/1438 1802/1/1436 1804/1/1437
f 1805/1/1438 1806/1/274 1802/1/1436
f 1803/1/1435 1801/1/1434 1807/1/1439
f 1808/1/1440 1807/1/1439 1801/1/1434
f 1808/1/1440 1809/1/1441 1807/1/1439
f 1809/1/1441 1808/1/1440 1810/1/1442
f 1811/1/1443 1809/1/1441 1810/1/1442
f 1810/1/1442 1812/1/1444 1811/1/1443
f 1813/1/1432 1815/1/1438 1814/1/1445
f 1814/1/1445 1816/1/305 1813/1/1432
f 1817/1/1446 1814/1/1445 1815/1/1438
f 1814/1/1445 1817/1/1446 1818/1/1447
f 1818/1/1447 1817/1/1446 1819/1/1439
f 1820/1/1440 1819/1/1439 1817/1/1446
f 1820/1/1440 1821/1/1441 1819/1/1439
f 1821/1/1441 1820/1/1440 1822/1/1442
f 1823/1/1443 1821/1/1441 1822/1/1442
f 1822/1/1442 1824/1/1444 1823/1/1443
f 1825/1/157 1827/1/274 1826/1/1448
f 1825/1/157 1826/1/1448 1828/1/1449
f 1828/1/1449 1829/1/158 1825/1/157
f 1828/1/1449 1830/1/305 1829/1/158
f 1826/1/1448 1831/1/1450 1828/1/1449
f 1832/1/274 1831/1/1450 1826/1/1448
f 1833/1/1451 1835/1/1452 1834/1/1453
f 1834/1/1453 1835/1/1452 1836/1/1454
f 1834/1/1453 1836/1/1454 1837/1/1455
f 1834/1/1453 1837/1/1455 1838/1/1456
f 1835/1/1452 1833/1/1451 1839/1/1457
f 1840/1/1458 1839/1/1457 1833/1/1451
f 1840/1/1458 1841/1/1459 1839/1/1457
f 1842/1/1460 1841/1/1459 1840/1/1458
f 1842/1/1460 1843/1/1461 1841/1/1459
f 1844/1/1462 1843/1/1461 1842/1/1460
f 1844/1/1462 1845/1/1463 1843/1/1461
f 1845/1/1463 1846/1/1464 1843/1/1461
f 1846/1/1464 1845/1/1463 1847/1/1465
f 1848/1/1466 1847/1/1465 1845/1/1463
f 1849/1/1467 1851/1/1468 1850/1/1469
f 1852/1/1470 1850/1/1469 1851/1/1468
f 1850/1/1469 1853/1/1471 1849/1/1467
f 1851/1/1468 1854/1/1472 1852/1/1470
f 1855/1/1473 1849/1/1467 1853/1/1471
f 1856/1/1474 1852/1/1470 1854/1/1472
f 1853/1/1471 1857/1/1475 1855/1/1473
f 1858/1/1476 1855/1/1473 1857/1/1475
f 1857/1/1475 1859/1/1477 1858/1/1476
f 1854/1/1472 1860/1/1478 1856/1/1474
f 1861/1/1479 1856/1/1474 1860/1/1478
f 1860/1/1478 1862/1/1480 1861/1/1479
f 1863/1/1481 1865/1/1472 1864/1/1482
f 1866/1/1474 1864/1/1482 1865/1/1472
f 1864/1/1482 1867/1/1483 1863/1/1481
f 1865/1/1472 1868/1/1478 1866/1/1474
f 1869/1/1479 1866/1/1474 1868/1/1478
f 1868/1/1478 1870/1/1484 1869/1/1479
f 1871/1/1467 1863/1/1481 1867/1/1483
f 1867/1/1483 1872/1/1471 1871/1/1467
f 1873/1/1473 1871/1/1467 1872/1/1471
f 1872/1/1471 1874/1/1475 1873/1/1473
f 1875/1/1476 1873/1/1473 1874/1/1475
f 1874/1/1475 1876/1/1477 1875/1/1476
f 1877/1/1426 1879/1/1427 1878/1/276
f 1877/1/1426 1880/1/280 1879/1/1427
f 1881/1/1485 1883/1/1486 1882/1/1487
f 1882/1/1487 1884/1/1488 1881/1/1485
f 1885/1/1489 1883/1/1486 1881/1/1485
f 1881/1/1485 1886/1/1490 1885/1/1489
f 1887/1/1491 1885/1/1489 1886/1/1490
f 1888/1/1492 1887/1/1491 1886/1/1490
f 1889/1/1493 1891/1/1494 1890/1/1495
f 1890/1/1495 1892/1/1496 1889/1/1493
f 1890/1/1495 1891/1/1494 1893/1/1497
f 1893/1/1497 1894/1/1498 1890/1/1495
f 1894/1/1498 1893/1/1497 1895/1/1499
f 1894/1/1498 1895/1/1499 1896/1/1500
f 1897/1/1501 1896/1/1500 1895/1/1499
f 1895/1/1499 1898/1/1502 1897/1/1501
f 1899/1/1503 1897/1/1501 1898/1/1502
f 1897/1/1501 1899/1/1503 1900/1/1504
f 1901/1/1505 1900/1/1504 1899/1/1503
f 1899/1/1503 1902/1/1506 1901/1/1505
f 1903/1/1507 1901/1/1505 1902/1/1506
f 1901/1/1505 1903/1/1507 1904/1/1508
f 1905/1/1509 1907/1/1510 1906/1/1511
f 1907/1/1510 1908/1/1512 1906/1/1511
f 1906/1/1511 1908/1/1512 1909/1/1513
f 1909/1/1513 1910/1/1514 1906/1/1511
f 1910/1/1514 1909/1/1513 1911/1/1515
f 1910/1/1514 1911/1/1515 1912/1/1516
f 1913/1/1517 1915/1/1518 1914/1/1519
f 1913/1/1517 1916/1/1520 1915/1/1518
f 1917/1/1521 1916/1/1520 1913/1/1517
f 1913/1/1517 1918/1/1522 1917/1/1521
f 1919/1/1523 1917/1/1521 1918/1/1522
f 1918/1/1522 1920/1/1524 1919/1/1523
f 1921/1/1525 1919/1/1523 1920/1/1524
f 1919/1/1523 1921/1/1525 1922/1/1526
f 1923/1/1527 1922/1/1526 1921/1/1525
f 1921/1/1525 1924/1/1528 1923/1/1527
f 1925/1/1529 1923/1/1527 1924/1/1528
f 1923/1/1527 1925/1/1529 1926/1/1530
f 1927/1/1531 1926/1/1530 1925/1/1529
f 1925/1/1529 1928/1/1532 1927/1/1531
f 1929/1/158 1931/1/1237 1930/1/305
f 1932/1/274 1930/1/305 1931/1/1237
f 1933/1/158 1935/1/1237 1934/1/305
f 1936/1/274 1934/1/305 1935/1/1237
f 1937/1/1533 1939/1/157 1938/1/1534
f 1940/1/1535 1937/1/1533 1938/1/1534
f 1940/1/1535 1938/1/1534 1941/1/1536
f 1942/1/1432 1943/1/157 1940/1/1535
f 1940/1/1535 1944/1/1537 1942/1/1432
f 1944/1/1537 1940/1/1535 1941/1/1536
f 1944/1/1537 1941/1/1536 1945/1/1538
f 1945/1/1538 1946/1/1539 1944/1/1537
f 1944/1/1537 1946/1/1539 1947/1/1533
f 1946/1/1539 1948/1/158 1947/1/1533
f 1949/1/1540 1951/1/1541 1950/1/1542
f 1949/1/1540 1952/1/1543 1951/1/1541
f 1953/1/1544 1952/1/1543 1949/1/1540
f 1953/1/1544 1954/1/1545 1952/1/1543
f 1950/1/1542 1951/1/1541 1955/1/1546
f 1950/1/1542 1955/1/1546 1956/1/1547
f 1957/1/1548 1956/1/1547 1955/1/1546
f 1955/1/1546 1958/1/1549 1957/1/1548
f 1959/1/1550 1957/1/1548 1958/1/1549
f 1958/1/1549 1960/1/1551 1959/1/1550
f 1959/1/1550 1960/1/1551 1961/1/1552
f 1959/1/1550 1961/1/1552 1962/1/1553
f 1962/1/1553 1961/1/1552 1963/1/1554
f 1961/1/1552 1964/1/1555 1963/1/1554
f 1965/1/1556 1967/1/1557 1966/1/1558
f 1968/1/1559 1966/1/1558 1967/1/1557
f 1967/1/1557 1969/1/1560 1968/1/1559
f 1966/1/1558 1970/1/1561 1965/1/1556
f 1971/1/1562 1965/1/1556 1970/1/1561
f 1970/1/1561 1972/1/1563 1971/1/1562
f 1973/1/1564 1971/1/1562 1972/1/1563
f 1971/1/1562 1973/1/1564 1974/1/1565
f 1974/1/1565 1973/1/1564 1975/1/1566
f 1974/1/1565 1975/1/1566 1976/1/1567
f 1977/1/1568 1976/1/1567 1975/1/1566
f 1975/1/1566 1978/1/1569 1977/1/1568
f 1977/1/1568 1978/1/1569 1979/1/1570
f 1979/1/1570 1980/1/1571 1977/1/1568
f 1981/1/1572 1983/1/1573 1982/1/1574
f 1981/1/1572 1984/1/1575 1983/1/1573
f 1983/1/1573 1985/1/1576 1982/1/1574
f 1985/1/1576 1983/1/1573 1986/1/1577
f 1985/1/1576 1986/1/1577 1987/1/1578
f 1987/1/1578 1988/1/1579 1985/1/1576
f 1989/1/1580 1988/1/1579 1987/1/1578
f 1987/1/1578 1990/1/1581 1989/1/1580
f 1991/1/1582 1989/1/1580 1990/1/1581
f 1990/1/1581 1992/1/1583 1991/1/1582
f 1991/1/1582 1992/1/1583 1993/1/1584
f 1993/1/1584 1994/1/1585 1991/1/1582
f 1995/1/1586 1994/1/1585 1993/1/1584
f 1993/1/1584 1996/1/1587 1995/1/1586
f 1997/1/1588 1999/1/1589 1998/1/1590
f 1999/1/1589 1997/1/1588 2000/1/1591
f 2000/1/1591 2001/1/35 1999/1/1589
f 1997/1/1588 1998/1/1590 2002/1/712
f 2003/1/35 2002/1/712 1998/1/1590
f 1998/1/1590 2004/1/34 2003/1/35
f 2005/1/1592 2007/1/1593 2006/1/1594
f 2006/1/1594 2008/1/1595 2005/1/1592
f 2009/1/1592 2011/1/1593 2010/1/1594
f 2010/1/1594 2012/1/1596 2009/1/1592
f 2013/1/587 2015/1/34 2014/1/35
f 2013/1/587 2016/1/36 2015/1/34
f 2017/1/587 2019/1/34 2018/1/35
f 2017/1/587 2020/1/36 2019/1/34
f 2021/1/470 2023/1/471 2022/1/472
f 2021/1/470 2022/1/472 2024/1/473
f 2024/1/473 2025/1/474 2021/1/470
f 2021/1/470 2026/1/1597 2023/1/471
f 2023/1/471 2026/1/1597 2027/1/1598
f 2027/1/1598 2028/1/477 2023/1/471
f 2027/1/1598 2029/1/478 2028/1/477
f 2030/1/1599 2029/1/478 2027/1/1598
f 2029/1/478 2030/1/1599 2031/1/1600
f 2031/1/1600 2032/1/481 2029/1/478
f 2033/1/482 2032/1/481 2031/1/1600
f 2033/1/482 2031/1/1600 2034/1/1601
f 2035/1/1602 2033/1/482 2034/1/1601
f 2034/1/1601 2036/1/485 2035/1/1602
f 2035/1/1602 2036/1/485 2037/1/486
f 2037/1/486 2038/1/1603 2035/1/1602
f 2038/1/1603 2037/1/486 2039/1/488
f 2039/1/488 2040/1/1604 2038/1/1603
f 2040/1/1604 2039/1/488 2041/1/490
f 2041/1/490 2042/1/1605 2040/1/1604
f 2043/1/492 2042/1/1605 2041/1/490
f 2043/1/492 2041/1/490 2044/1/493
f 2044/1/493 2045/1/494 2043/1/492
f 2045/1/494 2044/1/493 2046/1/495
f 2047/1/1606 2049/1/445 2048/1/446
f 2047/1/1606 2050/1/447 2049/1/445
f 2051/1/448 2050/1/447 2047/1/1606
f 2048/1/446 2052/1/1607 2047/1/1606
f 2053/1/1608 2052/1/1607 2048/1/446
f 2048/1/446 2054/1/451 2053/1/1608
f 2053/1/1608 2054/1/451 2055/1/452
f 2055/1/452 2056/1/1609 2053/1/1608
f 2057/1/1610 2056/1/1609 2055/1/452
f 2055/1/452 2058/1/455 2057/1/1610
f 2057/1/1610 2058/1/455 2059/1/456
f 2059/1/456 2060/1/1611 2057/1/1610
f 2060/1/1611 2059/1/456 2061/1/1612
f 2061/1/1612 2062/1/459 2060/1/1611
f 2061/1/1612 2063/1/460 2062/1/459
f 2063/1/460 2061/1/1612 2064/1/1613
f 2063/1/460 2064/1/1613 2065/1/462
f 2064/1/1613 2066/1/1614 2065/1/462
f 2066/1/1614 2067/1/464 2065/1/462
f 2066/1/1614 2068/1/1615 2067/1/464
f 2067/1/464 2068/1/1615 2069/1/466
f 2069/1/466 2070/1/467 2067/1/464
f 2070/1/467 2069/1/466 2071/1/468
f 2071/1/468 2072/1/469 2070/1/467
f 2073/1/1616 2075/1/1617 2074/1/1618
f 2073/1/1616 2076/1/1619 2075/1/1617
f 2077/1/1620 2079/1/1621 2078/1/1622
f 2077/1/1620 2080/1/1623 2079/1/1621
f 2081/1/1624 2083/1/1625 2082/1/1626
f 2084/1/1627 2081/1/1624 2082/1/1626
f 2085/1/1628 2081/1/1624 2084/1/1627
f 2086/1/1629 2088/1/1630 2087/1/1631
f 2087/1/1631 2089/1/1632 2086/1/1629
f 2086/1/1629 2089/1/1632 2090/1/1633
f 2089/1/1632 2091/1/533 2090/1/1633
f 2092/1/1634 2094/1/1635 2093/1/1636
f 2095/1/561 2093/1/1636 2094/1/1635
f 2093/1/1636 2096/1/1637 2092/1/1634
f 2094/1/1635 2097/1/1638 2095/1/561
f 2098/1/1639 2092/1/1634 2096/1/1637
f 2099/1/1640 2095/1/561 2097/1/1638
f 2096/1/1637 2100/1/1641 2098/1/1639
f 2101/1/1642 2100/1/1641 2096/1/1637
f 2100/1/1641 2101/1/1642 2102/1/1643
f 2103/1/564 2095/1/561 2099/1/1640
f 2099/1/1640 2104/1/565 2103/1/564
f 2104/1/565 2099/1/1640 2105/1/566
f 2106/1/567 2104/1/565 2105/1/566
f 2105/1/566 2107/1/568 2106/1/567
f 2108/1/764 2110/1/514 2109/1/1644
f 2111/1/1645 2108/1/764 2109/1/1644
f 2109/1/1644 2112/1/1646 2111/1/1645
f 2112/1/1646 2113/1/1647 2111/1/1645
f 2114/1/1648 2116/1/1649 2115/1/1650
f 2115/1/1650 2117/1/1651 2114/1/1648
f 2117/1/1651 2115/1/1650 2118/1/571
f 2118/1/571 2119/1/1652 2117/1/1651
f 2120/1/574 2115/1/1650 2116/1/1649
f 2121/1/575 2120/1/574 2116/1/1649
f 2116/1/1649 2122/1/576 2121/1/575
f 2123/1/1653 2122/1/576 2116/1/1649
f 2122/1/576 2123/1/1653 2124/1/1654
f 2123/1/1653 2125/1/1655 2124/1/1654
f 2126/1/1656 2125/1/1655 2123/1/1653
f 2126/1/1656 2127/1/1657 2125/1/1655
f 2124/1/1654 2125/1/1655 2128/1/1658
f 2128/1/1658 2129/1/588 2124/1/1654
f 2130/1/1659 2132/1/1660 2131/1/1661
f 2131/1/1661 2133/1/1662 2130/1/1659
f 2134/1/1663 2130/1/1659 2133/1/1662
f 2133/1/1662 2135/1/1664 2134/1/1663
f 2136/1/1665 2135/1/1664 2133/1/1662
f 2135/1/1664 2136/1/1665 2137/1/1666
f 2138/1/518 2137/1/1666 2136/1/1665
f 2138/1/518 2139/1/1667 2137/1/1666
f 2140/1/1668 2139/1/1667 2138/1/518
f 2138/1/518 2141/1/526 2140/1/1668
f 2141/1/526 2142/1/527 2140/1/1668
f 2143/1/528 2140/1/1668 2142/1/527
f 2143/1/528 2142/1/527 2144/1/529
f 2144/1/529 2145/1/530 2143/1/528
f 2146/1/1669 2148/1/1670 2147/1/1671
f 2148/1/1670 2149/1/541 2147/1/1671
f 2150/1/1672 2149/1/541 2148/1/1670
f 2147/1/1671 2151/1/1673 2146/1/1669
f 2151/1/1673 2147/1/1671 2152/1/543
f 2152/1/543 2153/1/544 2151/1/1673
f 2151/1/1673 2153/1/544 2154/1/1674
f 2151/1/1673 2154/1/1674 2155/1/1675
f 2156/1/1676 2155/1/1675 2154/1/1674
f 2155/1/1675 2157/1/1677 2151/1/1673
f 2155/1/1675 2158/1/1678 2157/1/1677
f 2156/1/1676 2154/1/1674 2159/1/1679
f 2159/1/1679 2160/1/1680 2156/1/1676
f 2157/1/1677 2158/1/1678 2161/1/1681
f 2161/1/1681 2160/1/1680 2159/1/1679
f 2161/1/1681 2162/1/1682 2157/1/1677
f 2163/1/1683 2157/1/1677 2162/1/1682
f 2162/1/1682 2164/1/1684 2163/1/1683
f 2162/1/1682 2161/1/1681 2165/1/551
f 2159/1/1679 2165/1/551 2161/1/1681
f 2159/1/1679 2166/1/552 2165/1/551
f 2167/1/1685 2169/1/1686 2168/1/1687
f 2168/1/1687 2170/1/1688 2167/1/1685
f 2171/1/1689 2173/1/1690 2172/1/1691
f 2174/1/1152 2172/1/1691 2173/1/1690
f 2172/1/1691 2175/1/1692 2171/1/1689
f 2173/1/1690 2176/1/1693 2174/1/1152
f 2177/1/1694 2171/1/1689 2175/1/1692
f 2178/1/1695 2174/1/1152 2176/1/1693
f 2175/1/1692 2179/1/1696 2177/1/1694
f 2176/1/1693 2180/1/1697 2178/1/1695
f 2181/1/1698 2177/1/1694 2179/1/1696
f 2182/1/1699 2178/1/1695 2180/1/1697
f 2181/1/1698 2179/1/1696 2183/1/1700
f 2180/1/1697 2184/1/1701 2182/1/1699
f 2183/1/1700 2185/1/1702 2181/1/1698
f 2186/1/1703 2182/1/1699 2184/1/1701
f 2185/1/1702 2183/1/1700 2186/1/1703
f 2186/1/1703 2184/1/1701 2185/1/1702
f 2187/1/653 2189/1/1704 2188/1/1705
f 2188/1/1705 2190/1/654 2187/1/653
f 2191/1/1706 2188/1/1705 2189/1/1704
f 2191/1/1706 2189/1/1704 2192/1/1707
f 2189/1/1704 2193/1/1708 2192/1/1707
f 2194/1/1709 2192/1/1707 2193/1/1708
f 2194/1/1709 2193/1/1708 2195/1/1710
f 2194/1/1709 2195/1/1710 2196/1/1711
f 2196/1/1711 2197/1/1712 2194/1/1709
f 2198/1/1713 2197/1/1712 2196/1/1711
f 2198/1/1713 2196/1/1711 2199/1/1714
f 2200/1/1715 2202/1/1716 2201/1/1717
f 2203/1/1718 2201/1/1717 2202/1/1716
f 2201/1/1717 2204/1/1719 2200/1/1715
f 2203/1/1718 2205/1/1720 2201/1/1717
f 2206/1/1721 2200/1/1715 2204/1/1719
f 2207/1/1722 2205/1/1720 2203/1/1718
f 2204/1/1719 2208/1/1723 2206/1/1721
f 2205/1/1720 2207/1/1722 2209/1/1724
f 2210/1/1725 2209/1/1724 2207/1/1722
f 2207/1/1722 2211/1/1726 2210/1/1725
f 2206/1/1721 2208/1/1723 2212/1/1727
f 2212/1/1727 2213/1/1728 2206/1/1721
f 2214/1/1729 2213/1/1728 2212/1/1727
f 2213/1/1728 2214/1/1729 2215/1/1730
f 2215/1/1730 2214/1/1729 2216/1/1731
f 2216/1/1731 2217/1/1732 2215/1/1730
f 2218/1/1733 2220/1/1734 2219/1/1735
f 2219/1/1735 2220/1/1734 2221/1/1736
f 2222/1/1737 2219/1/1735 2221/1/1736
f 2223/1/1738 2222/1/1737 2221/1/1736
f 2221/1/1736 2224/1/1739 2223/1/1738
f 2224/1/1739 2225/1/1740 2223/1/1738
f 2224/1/1739 2226/1/1741 2225/1/1740
f 2227/1/1742 2226/1/1741 2224/1/1739
f 2228/1/751 2230/1/1743 2229/1/297
f 2230/1/1743 2228/1/751 2231/1/693
f 2232/1/1744 2229/1/297 2230/1/1743
f 2232/1/1744 2230/1/1743 2233/1/609
f 2233/1/609 2234/1/612 2232/1/1744
f 2235/1/1745 2237/1/1746 2236/1/1747
f 2236/1/1747 2238/1/687 2235/1/1745
f 2239/1/691 2235/1/1745 2238/1/687
f 2235/1/1745 2239/1/691 2240/1/692
f 2241/1/1748 2243/1/1749 2242/1/1750
f 2242/1/1750 2243/1/1749 2244/1/1751
f 2242/1/1750 2245/1/1752 2241/1/1748
f 2244/1/1751 2246/1/1753 2242/1/1750
f 2247/1/1754 2241/1/1748 2245/1/1752
f 2248/1/1755 2246/1/1753 2244/1/1751
f 2245/1/1752 2249/1/1756 2247/1/1754
f 2250/1/1757 2247/1/1754 2249/1/1756
f 2247/1/1754 2250/1/1757 2251/1/1758
f 2248/1/1755 2252/1/1759 2246/1/1753
f 2253/1/1760 2252/1/1759 2248/1/1755
f 2248/1/1755 2254/1/1761 2253/1/1760
f 2255/1/1762 2253/1/1760 2254/1/1761
f 2254/1/1761 2256/1/1763 2255/1/1762
f 2255/1/1762 2256/1/1763 2257/1/1764
f 2258/1/1765 2257/1/1764 2256/1/1763
f 2259/1/1766 2261/1/699 2260/1/1767
f 2262/1/1768 2259/1/1766 2260/1/1767
f 2260/1/1767 2263/1/700 2262/1/1768
f 2262/1/1768 2264/1/1769 2259/1/1766
f 2264/1/1769 2265/1/703 2259/1/1766
f 2262/1/1768 2266/1/1770 2264/1/1769
f 2267/1/658 2269/1/1771 2268/1/1772
f 2268/1/1772 2269/1/1771 2270/1/1773
f 2271/1/659 2267/1/658 2268/1/1772
f 2268/1/1772 2272/1/660 2271/1/659
f 2273/1/651 2275/1/551 2274/1/1774
f 2274/1/1774 2276/1/753 2273/1/651
f 2277/1/1775 2279/1/884 2278/1/1776
f 2279/1/884 2280/1/681 2278/1/1776
f 2277/1/1775 2281/1/683 2279/1/884
f 2278/1/1776 2282/1/1777 2277/1/1775
f 2277/1/1775 2282/1/1777 2283/1/1778
f 2278/1/1776 2284/1/685 2282/1/1777
f 2285/1/1779 2287/1/1780 2286/1/1781
f 2286/1/1781 2288/1/1782 2285/1/1779
f 2289/1/693 2291/1/1783 2290/1/694
f 2290/1/694 2291/1/1783 2292/1/1784
f 2292/1/1784 2293/1/297 2290/1/694
f 2294/1/261 2296/1/1785 2295/1/262
f 2296/1/1785 2297/1/172 2295/1/262
f 2298/1/747 2300/1/745 2299/1/1786
f 2301/1/747 2298/1/747 2299/1/1786
f 2302/1/748 2301/1/747 2299/1/1786
f 2299/1/1786 2303/1/749 2302/1/748
f 2304/1/1787 2306/1/1788 2305/1/1789
f 2305/1/1789 2307/1/1790 2304/1/1787
f 2308/1/1787 2310/1/1791 2309/1/1789
f 2309/1/1789 2311/1/1792 2308/1/1787
f 2312/1/694 2314/1/693 2313/1/1793
f 2313/1/1793 2315/1/1794 2312/1/694
f 2316/1/1795 2318/1/1796 2317/1/1797
f 2317/1/1797 2319/1/1798 2316/1/1795
f 2320/1/1799 2322/1/1800 2321/1/1801
f 2320/1/1799 2321/1/1801 2323/1/1802
f 2323/1/1802 2324/1/1803 2320/1/1799
f 2325/1/1804 2327/1/1805 2326/1/1806
f 2326/1/1806 2327/1/1805 2328/1/1807
f 2325/1/1804 2326/1/1806 2329/1/1808
f 2330/1/551 2332/1/711 2331/1/1809
f 2330/1/551 2331/1/1809 2333/1/1810
f 2333/1/1810 2334/1/651 2330/1/551
f 2335/1/716 2337/1/714 2336/1/1811
f 2337/1/714 2338/1/717 2336/1/1811
f 2336/1/1811 2338/1/717 2339/1/718
f 2339/1/718 2340/1/719 2336/1/1811
f 2341/1/1812 2343/1/1813 2342/1/551
f 2343/1/1813 2344/1/651 2342/1/551
f 2345/1/694 2347/1/693 2346/1/1814
f 2346/1/1814 2348/1/297 2345/1/694
f 2349/1/1774 2351/1/651 2350/1/551
f 2349/1/1774 2352/1/753 2351/1/651
f 2353/1/1815 2355/1/1816 2354/1/1817
f 2354/1/1817 2356/1/1818 2353/1/1815
f 2355/1/1816 2353/1/1815 2357/1/1819
f 2357/1/1819 2358/1/1820 2355/1/1816
f 2359/1/1821 2358/1/1820 2357/1/1819
f 2359/1/1821 2357/1/1819 2360/1/1822
f 2361/1/1823 2359/1/1821 2360/1/1822
f 2361/1/1823 2360/1/1822 2362/1/1824
f 2363/1/1825 2365/1/297 2364/1/1826
f 2364/1/1826 2366/1/780 2363/1/1825
f 2366/1/780 2367/1/1827 2363/1/1825
f 2367/1/1827 2366/1/780 2368/1/1828
f 2366/1/780 2369/1/783 2368/1/1828
f 2367/1/1827 2368/1/1828 2370/1/1829
f 2369/1/783 2371/1/1830 2368/1/1828
f 2372/1/786 2371/1/1830 2369/1/783
f 2371/1/1830 2372/1/786 2373/1/694
f 2370/1/1829 2374/1/1830 2367/1/1827
f 2374/1/1830 2370/1/1829 2375/1/1831
f 2375/1/1831 2376/1/694 2374/1/1830
f 2377/1/1832 2379/1/1833 2378/1/1834
f 2378/1/1834 2380/1/1835 2377/1/1832
f 2381/1/1836 2377/1/1832 2380/1/1835
f 2380/1/1835 2382/1/1837 2381/1/1836
f 2382/1/1837 2383/1/1838 2381/1/1836
f 2382/1/1837 2384/1/1839 2383/1/1838
f 2384/1/1839 2385/1/1840 2383/1/1838
f 2384/1/1839 2386/1/1841 2385/1/1840
f 2387/1/1842 2389/1/764 2388/1/1843
f 2388/1/1843 2390/1/711 2387/1/1842
f 2391/1/1844 2389/1/764 2387/1/1842
f 2389/1/764 2391/1/1844 2392/1/1845
f 2392/1/1845 2393/1/767 2389/1/764
f 2391/1/1844 2394/1/1846 2392/1/1845
f 2392/1/1845 2395/1/1847 2393/1/767
f 2393/1/767 2395/1/1847 2396/1/711
f 2397/1/551 2396/1/711 2395/1/1847
f 2391/1/1844 2398/1/1848 2394/1/1846
f 2394/1/1846 2398/1/1848 2399/1/1849
f 2399/1/1849 2400/1/711 2394/1/1846
f 2401/1/1850 2403/1/1851 2402/1/1852
f 2402/1/1852 2404/1/1853 2401/1/1850
f 2403/1/1851 2405/1/1854 2402/1/1852
f 2405/1/1854 2406/1/1855 2402/1/1852
f 2407/1/1856 2406/1/1855 2405/1/1854
f 2405/1/1854 2408/1/1857 2407/1/1856
f 2408/1/1857 2409/1/1858 2407/1/1856
f 2409/1/1858 2410/1/1859 2407/1/1856
f 2410/1/1859 2409/1/1858 2411/1/1860
f 2412/1/1861 2411/1/1860 2409/1/1858
f 2412/1/1861 2413/1/1862 2411/1/1860
f 2414/1/1863 2413/1/1862 2412/1/1861
f 2414/1/1863 2415/1/1864 2413/1/1862
f 2416/1/1865 2415/1/1864 2414/1/1863
f 2415/1/1864 2416/1/1865 2417/1/280
f 2418/1/277 2417/1/280 2416/1/1865
f 2419/1/1866 2421/1/814 2420/1/1867
f 2420/1/1867 2422/1/1868 2419/1/1866
f 2423/1/1869 2422/1/1868 2420/1/1867
f 2420/1/1867 2424/1/810 2423/1/1869
f 2425/1/1870 2427/1/1871 2426/1/808
f 2427/1/1871 2425/1/1870 2428/1/1872
f 2429/1/1873 2428/1/1872 2425/1/1870
f 2425/1/1870 2430/1/805 2429/1/1873
f 2431/1/1874 2433/1/1875 2432/1/1876
f 2431/1/1874 2434/1/1877 2433/1/1875
f 2435/1/1878 2434/1/1877 2431/1/1874
f 2431/1/1874 2436/1/1879 2435/1/1878
f 2437/1/1880 2439/1/1881 2438/1/1882
f 2438/1/1882 2440/1/1883 2437/1/1880
f 2437/1/1880 2440/1/1883 2441/1/1884
f 2437/1/1880 2441/1/1884 2442/1/1885
f 2443/1/1886 2445/1/1887 2444/1/1888
f 2444/1/1888 2446/1/1889 2443/1/1886
f 2447/1/1890 2444/1/1888 2445/1/1887
f 2444/1/1888 2447/1/1890 2448/1/1891
f 2449/1/1892 2448/1/1891 2447/1/1890
f 2447/1/1890 2450/1/1893 2449/1/1892
f 2451/1/1894 2449/1/1892 2450/1/1893
f 2449/1/1892 2451/1/1894 2452/1/1895
f 2453/1/1896 2452/1/1895 2451/1/1894
f 2453/1/1896 2454/1/1897 2452/1/1895
f 2455/1/1898 2454/1/1897 2453/1/1896
f 2453/1/1896 2456/1/1899 2455/1/1898
f 2457/1/1900 2455/1/1898 2456/1/1899
f 2458/1/1901 2457/1/1900 2456/1/1899
f 2459/1/1902 2461/1/1695 2460/1/1903
f 2460/1/1903 2462/1/1904 2459/1/1902
f 2461/1/1695 2459/1/1902 2463/1/1697
f 2462/1/1904 2460/1/1903 2464/1/1691
f 2463/1/1697 2465/1/1699 2461/1/1695
f 2464/1/1691 2466/1/1689 2462/1/1904
f 2465/1/1699 2463/1/1697 2467/1/1701
f 2466/1/1689 2464/1/1691 2468/1/1905
f 2467/1/1701 2469/1/1703 2465/1/1699
f 2468/1/1905 2470/1/1694 2466/1/1689
f 2467/1/1701 2471/1/1906 2469/1/1703
f 2470/1/1694 2468/1/1905 2472/1/1696
f 2473/1/1907 2469/1/1703 2471/1/1906
f 2472/1/1696 2474/1/1698 2470/1/1694
f 2471/1/1906 2474/1/1698 2473/1/1907
f 2472/1/1696 2473/1/1907 2474/1/1698
f 2475/1/1908 2477/1/1909 2476/1/1910
f 2477/1/1909 2475/1/1908 2478/1/1911
f 2479/1/1912 2478/1/1911 2475/1/1908
f 2475/1/1908 2480/1/1913 2479/1/1912
f 2481/1/1914 2479/1/1912 2480/1/1913
f 2479/1/1912 2481/1/1914 2482/1/1915
f 2483/1/1916 2482/1/1915 2481/1/1914
f 2481/1/1914 2484/1/1917 2483/1/1916
f 2485/1/1918 2483/1/1916 2484/1/1917
f 2484/1/1917 2486/1/1919 2485/1/1918
f 2485/1/1918 2486/1/1919 2487/1/1920
f 2487/1/1920 2488/1/1921 2485/1/1918
f 2489/1/1922 2488/1/1921 2487/1/1920
f 2488/1/1921 2489/1/1922 2490/1/1923
f 2491/1/1924 2493/1/694 2492/1/693
f 2491/1/1924 2494/1/297 2493/1/694
f 2495/1/694 2497/1/693 2496/1/1925
f 2496/1/1925 2498/1/870 2495/1/694
f 2499/1/1926 2501/1/1695 2500/1/1927
f 2500/1/1927 2502/1/1928 2499/1/1926
f 2501/1/1695 2499/1/1926 2503/1/1929
f 2502/1/1928 2500/1/1927 2504/1/1691
f 2503/1/1929 2505/1/1930 2501/1/1695
f 2504/1/1691 2506/1/1689 2502/1/1928
f 2505/1/1930 2503/1/1929 2507/1/1701
f 2506/1/1689 2504/1/1691 2508/1/1931
f 2507/1/1701 2509/1/1703 2505/1/1930
f 2508/1/1931 2510/1/1932 2506/1/1689
f 2507/1/1701 2511/1/1906 2509/1/1703
f 2510/1/1932 2508/1/1931 2512/1/1696
f 2513/1/1907 2509/1/1703 2511/1/1906
f 2512/1/1696 2514/1/1933 2510/1/1932
f 2511/1/1906 2514/1/1933 2513/1/1907
f 2512/1/1696 2513/1/1907 2514/1/1933
f 2515/1/1934 2517/1/651 2516/1/551
f 2515/1/1934 2518/1/753 2517/1/651
f 2519/1/1935 2521/1/551 2520/1/865
f 2521/1/551 2519/1/1935 2522/1/651
f 2523/1/1689 2525/1/1936 2524/1/45
f 2526/1/1937 2524/1/45 2525/1/1936
f 2524/1/45 2527/1/1938 2523/1/1689
f 2525/1/1936 2528/1/1939 2526/1/1937
f 2529/1/1932 2523/1/1689 2527/1/1938
f 2530/1/49 2526/1/1937 2528/1/1939
f 2527/1/1938 2531/1/38 2529/1/1932
f 2528/1/1939 2532/1/1940 2530/1/49
f 2533/1/1941 2529/1/1932 2531/1/38
f 2534/1/1930 2530/1/49 2532/1/1940
f 2533/1/1941 2531/1/38 2535/1/1942
f 2532/1/1940 2536/1/1943 2534/1/1930
f 2535/1/1942 2537/1/1944 2533/1/1941
f 2538/1/1945 2534/1/1930 2536/1/1943
f 2537/1/1944 2535/1/1942 2538/1/1945
f 2538/1/1945 2536/1/1943 2537/1/1944
f 2539/1/1946 2541/1/49 2540/1/1927
f 2540/1/1927 2542/1/1928 2539/1/1946
f 2541/1/49 2539/1/1946 2543/1/1929
f 2542/1/1928 2540/1/1927 2544/1/45
f 2543/1/1929 2545/1/1930 2541/1/49
f 2544/1/45 2546/1/1947 2542/1/1928
f 2545/1/1930 2543/1/1929 2547/1/1701
f 2546/1/1947 2544/1/45 2548/1/1938
f 2547/1/1701 2549/1/1703 2545/1/1930
f 2548/1/1938 2550/1/1932 2546/1/1947
f 2547/1/1701 2551/1/1906 2549/1/1703
f 2550/1/1932 2548/1/1938 2552/1/1696
f 2553/1/1907 2549/1/1703 2551/1/1906
f 2552/1/1696 2554/1/1698 2550/1/1932
f 2551/1/1906 2554/1/1698 2553/1/1907
f 2552/1/1696 2553/1/1907 2554/1/1698
f 2555/1/1691 2557/1/1932 2556/1/1689
f 2558/1/1152 2555/1/1691 2556/1/1689
f 2555/1/1691 2559/1/1938 2557/1/1932
f 2558/1/1152 2556/1/1689 2560/1/1948
f 2559/1/1938 2561/1/1698 2557/1/1932
f 2562/1/1695 2558/1/1152 2560/1/1948
f 2559/1/1938 2563/1/1696 2561/1/1698
f 2562/1/1695 2560/1/1948 2564/1/1926
f 2565/1/1944 2561/1/1698 2563/1/1696
f 2566/1/1949 2562/1/1695 2564/1/1926
f 2565/1/1944 2563/1/1696 2567/1/1950
f 2566/1/1949 2564/1/1926 2568/1/1940
f 2569/1/1701 2565/1/1944 2567/1/1950
f 2570/1/1703 2566/1/1949 2568/1/1940
f 2569/1/1701 2567/1/1950 2570/1/1703
f 2570/1/1703 2568/1/1940 2569/1/1701
f 2571/1/1951 2573/1/1952 2572/1/1953
f 2572/1/1953 2574/1/612 2571/1/1951
f 2573/1/1952 2575/1/747 2572/1/1953
f 2576/1/748 2575/1/747 2573/1/1952
f 2573/1/1952 2577/1/749 2576/1/748
f 2578/1/694 2580/1/693 2579/1/1793
f 2579/1/1793 2581/1/1794 2578/1/694
f 2582/1/1954 2584/1/703 2583/1/1955
f 2583/1/1955 2585/1/1956 2582/1/1954
f 2585/1/1956 2586/1/1770 2582/1/1954
f 2587/1/698 2585/1/1956 2583/1/1955
f 2583/1/1955 2588/1/699 2587/1/698
f 2587/1/698 2589/1/700 2585/1/1956
f 2590/1/653 2592/1/719 2591/1/1957
f 2591/1/1957 2593/1/1958 2590/1/653
f 2591/1/1957 2594/1/1958 2593/1/1958
f 2594/1/1958 2591/1/1957 2595/1/1959
f 2595/1/1959 2596/1/1960 2594/1/1958
f 2597/1/1812 2599/1/1813 2598/1/551
f 2599/1/1813 2600/1/651 2598/1/551
f 2601/1/1961 2603/1/1777 2602/1/1962
f 2603/1/1777 2604/1/1778 2602/1/1962
f 2601/1/1961 2605/1/685 2603/1/1777
f 2601/1/1961 2602/1/1962 2606/1/884
f 2602/1/1962 2607/1/683 2606/1/884
f 2606/1/884 2608/1/681 2601/1/1961
f 2609/1/35 2611/1/1963 2610/1/1964
f 2609/1/35 2612/1/1965 2611/1/1963
f 2610/1/1964 2611/1/1963 2613/1/1966
f 2614/1/1967 2610/1/1964 2613/1/1966
f 2615/1/1968 2617/1/1969 2616/1/1970
f 2616/1/1970 2618/1/1971 2615/1/1968
f 2619/1/1972 2621/1/1973 2620/1/1974
f 2619/1/1972 2622/1/1975 2621/1/1973
f 2623/1/1976 2622/1/1975 2619/1/1972
f 2623/1/1976 2624/1/1977 2622/1/1975
f 2625/1/1978 2627/1/1979 2626/1/1980
f 2626/1/1980 2628/1/1981 2625/1/1978
f 2629/1/1982 2626/1/1980 2627/1/1979
f 2627/1/1979 2630/1/1983 2629/1/1982
f 2631/1/1926 2633/1/1695 2632/1/1927
f 2632/1/1927 2634/1/1928 2631/1/1926
f 2633/1/1695 2631/1/1926 2635/1/1929
f 2634/1/1928 2632/1/1927 2636/1/1691
f 2635/1/1929 2637/1/1930 2633/1/1695
f 2636/1/1691 2638/1/1689 2634/1/1928
f 2637/1/1930 2635/1/1929 2639/1/1943
f 2638/1/1689 2636/1/1691 2640/1/1931
f 2639/1/1943 2641/1/43 2637/1/1930
f 2640/1/1931 2642/1/1932 2638/1/1689
f 2639/1/1943 2643/1/1984 2641/1/43
f 2642/1/1932 2640/1/1931 2644/1/1985
f 2645/1/1907 2641/1/43 2643/1/1984
f 2644/1/1985 2646/1/1941 2642/1/1932
f 2643/1/1984 2646/1/1941 2645/1/1907
f 2644/1/1985 2645/1/1907 2646/1/1941
f 2647/1/1986 2649/1/1987 2648/1/1988
f 2648/1/1988 2650/1/1989 2647/1/1986
f 2651/1/1990 2648/1/1988 2649/1/1987
f 2652/1/1991 2647/1/1986 2650/1/1989
f 2649/1/1987 2653/1/1992 2651/1/1990
f 2650/1/1989 2654/1/1993 2652/1/1991
f 2653/1/1992 2655/1/1994 2651/1/1990
f 2656/1/1995 2652/1/1991 2654/1/1993
f 2655/1/1994 2657/1/1996 2651/1/1990
f 2658/1/1997 2657/1/1996 2655/1/1994
f 2658/1/1997 2659/1/1998 2657/1/1996
f 2654/1/1993 2660/1/1999 2656/1/1995
f 2656/1/1995 2660/1/1999 2661/1/2000
f 2656/1/1995 2661/1/2000 2662/1/2001
f 2663/1/2002 2665/1/2003 2664/1/2004
f 2664/1/2004 2666/1/2005 2663/1/2002
f 2667/1/2006 2669/1/2007 2668/1/2008
f 2668/1/2008 2670/1/2009 2667/1/2006
f 2671/1/2010 2668/1/2008 2669/1/2007
f 2669/1/2007 2672/1/2011 2671/1/2010
f 2671/1/2010 2672/1/2011 2673/1/2012
f 2671/1/2010 2673/1/2012 2674/1/2013
f 2675/1/2014 2674/1/2013 2673/1/2012
f 2673/1/2012 2676/1/2015 2675/1/2014
f 2677/1/2016 2675/1/2014 2676/1/2015
f 2677/1/2016 2678/1/2017 2675/1/2014
f 2679/1/2018 2678/1/2017 2677/1/2016
f 2679/1/2018 2680/1/2019 2678/1/2017
f 2681/1/2020 2680/1/2019 2679/1/2018
f 2679/1/2018 2682/1/2021 2681/1/2020
f 2683/1/2022 2681/1/2020 2682/1/2021
f 2681/1/2020 2683/1/2022 2684/1/2023
f 2684/1/2023 2683/1/2022 2685/1/2024
f 2685/1/2024 2686/1/2025 2684/1/2023
f 2687/1/2026 2686/1/2025 2685/1/2024
f 2687/1/2026 2688/1/2027 2686/1/2025
f 2688/1/2027 2687/1/2026 2689/1/2028
f 2689/1/2028 2690/1/2029 2688/1/2027
f 2691/1/2030 2690/1/2029 2689/1/2028
f 2689/1/2028 2692/1/2031 2691/1/2030
f 2693/1/2032 2691/1/2030 2692/1/2031
f 2693/1/2032 2694/1/2033 2691/1/2030
f 2695/1/2034 2697/1/2035 2696/1/2036
f 2695/1/2034 2696/1/2036 2698/1/2037
f 2698/1/2037 2699/1/2038 2695/1/2034
f 2697/1/2035 2700/1/2039 2696/1/2036
f 2701/1/2040 2700/1/2039 2697/1/2035
f 2697/1/2035 2702/1/2041 2701/1/2040
f 2703/1/2042 2701/1/2040 2702/1/2041
f 2701/1/2040 2703/1/2042 2704/1/2043
f 2705/1/2044 2704/1/2043 2703/1/2042
f 2703/1/2042 2706/1/2045 2705/1/2044
f 2707/1/2046 2705/1/2044 2706/1/2045
f 2707/1/2046 2708/1/2047 2705/1/2044
f 2709/1/2048 2708/1/2047 2707/1/2046
f 2708/1/2047 2709/1/2048 2710/1/2049
f 2711/1/2050 2710/1/2049 2709/1/2048
f 2709/1/2048 2712/1/2051 2711/1/2050
f 2713/1/2052 2711/1/2050 2712/1/2051
f 2712/1/2051 2714/1/2053 2713/1/2052
f 2715/1/2054 2713/1/2052 2714/1/2053
f 2715/1/2054 2716/1/2055 2713/1/2052
f 2717/1/2056 2716/1/2055 2715/1/2054
f 2717/1/2056 2718/1/2057 2716/1/2055
f 2719/1/2058 2718/1/2057 2717/1/2056
f 2719/1/2058 2720/1/2059 2718/1/2057
f 2721/1/2060 2720/1/2059 2719/1/2058
f 2719/1/2058 2722/1/2061 2721/1/2060
f 2723/1/2062 2725/1/280 2724/1/2063
f 2723/1/2062 2726/1/277 2725/1/280
f 2727/1/2064 2723/1/2062 2724/1/2063
f 2724/1/2063 2728/1/388 2727/1/2064
f 2729/1/261 2731/1/55 2730/1/53
f 2730/1/53 2732/1/262 2729/1/261
f 2733/1/55 2735/1/53 2734/1/261
f 2734/1/261 2735/1/53 2736/1/262
f 2737/1/2065 2739/1/1853 2738/1/1850
f 2737/1/2065 2740/1/2066 2739/1/1853
f 2737/1/2065 2741/1/2067 2740/1/2066
f 2741/1/2067 2742/1/2068 2740/1/2066
f 2743/1/2069 2745/1/279 2744/1/276
f 2743/1/2069 2746/1/280 2745/1/279
f 2747/1/2069 2749/1/279 2748/1/276
f 2747/1/2069 2750/1/280 2749/1/279
f 2751/1/279 2753/1/276 2752/1/2069
f 2752/1/2069 2754/1/280 2751/1/279
f 2755/1/279 2757/1/276 2756/1/2069
f 2756/1/2069 2758/1/280 2755/1/279
f 2759/1/2070 2761/1/2071 2760/1/2072
f 2761/1/2071 2759/1/2070 2762/1/2073
f 2763/1/2074 2762/1/2073 2759/1/2070
f 2759/1/2070 2764/1/2075 2763/1/2074
f 2765/1/2076 2763/1/2074 2764/1/2075
f 2764/1/2075 2766/1/2077 2765/1/2076
f 2767/1/2078 2769/1/2079 2768/1/2080
f 2768/1/2080 2770/1/2081 2767/1/2078
f 2768/1/2080 2769/1/2079 2771/1/2082
f 2772/1/2083 2768/1/2080 2771/1/2082
f 2772/1/2083 2771/1/2082 2773/1/2084
f 2772/1/2083 2773/1/2084 2774/1/2085
f 2775/1/2086 2777/1/2087 2776/1/280
f 2778/1/277 2776/1/280 2777/1/2087
f 2779/1/2088 2777/1/2087 2775/1/2086
f 2779/1/2088 2780/1/277 2777/1/2087
f 2779/1/2088 2775/1/2086 2781/1/1427
f 2775/1/2086 2782/1/280 2781/1/1427
f 2783/1/2089 2785/1/1427 2784/1/276
f 2783/1/2089 2786/1/280 2785/1/1427
f 2787/1/2090 2789/1/2091 2788/1/2092
f 2790/1/2093 2788/1/2092 2789/1/2091
f 2791/1/2094 2793/1/2095 2792/1/2096
f 2793/1/2095 2791/1/2094 2794/1/2097
f 2795/1/2098 2797/1/2099 2796/1/2100
f 2796/1/2100 2798/1/2101 2795/1/2098
f 2797/1/2099 2795/1/2098 2799/1/2102
f 2797/1/2099 2799/1/2102 2800/1/2103
f 2797/1/2099 2800/1/2103 2801/1/2104
f 2802/1/2105 2798/1/2101 2796/1/2100
f 2802/1/2105 2803/1/2106 2798/1/2101
f 2804/1/2107 2803/1/2106 2802/1/2105
f 2804/1/2107 2805/1/2108 2803/1/2106
f 2805/1/2108 2804/1/2107 2806/1/2109
f 2806/1/2109 2807/1/2110 2805/1/2108
f 2807/1/2110 2806/1/2109 2808/1/2111
f 2808/1/2111 2809/1/2112 2807/1/2110
f 2809/1/2112 2808/1/2111 2810/1/2113
f 2810/1/2113 2811/1/2114 2809/1/2112
f 2811/1/2114 2810/1/2113 2812/1/2115
f 2812/1/2115 2813/1/2116 2811/1/2114
f 2814/1/2117 2813/1/2116 2812/1/2115
f 2814/1/2117 2815/1/2118 2813/1/2116
f 2815/1/2118 2814/1/2117 2816/1/2119
f 2816/1/2119 2817/1/2120 2815/1/2118
f 2817/1/2120 2816/1/2119 2818/1/2121
f 2818/1/2121 2819/1/2122 2817/1/2120
f 2819/1/2122 2818/1/2121 2820/1/2123
f 2820/1/2123 2821/1/2124 2819/1/2122
f 2821/1/2124 2822/1/2125 2819/1/2122
f 2823/1/2126 2825/1/2127 2824/1/2128
f 2825/1/2127 2826/1/2129 2824/1/2128
f 2827/1/2130 2829/1/2131 2828/1/2132
f 2828/1/2132 2830/1/2133 2827/1/2130
f 2831/1/2134 2833/1/2135 2832/1/2136
f 2832/1/2136 2834/1/2137 2831/1/2134
f 2835/1/2138 2837/1/2139 2836/1/2140
f 2837/1/2139 2838/1/2141 2836/1/2140
f 2839/1/2142 2841/1/2143 2840/1/2144
f 2839/1/2142 2840/1/2144 2842/1/2145
f 2843/1/2146 2839/1/2142 2842/1/2145
f 2841/1/2143 2844/1/2147 2840/1/2144
f 2844/1/2147 2841/1/2143 2845/1/2148
f 2846/1/2149 2845/1/2148 2841/1/2143
f 2847/1/2150 2849/1/2151 2848/1/2152
f 2848/1/2152 2849/1/2151 2850/1/2153
f 2850/1/2153 2849/1/2151 2851/1/2154
f 2850/1/2153 2851/1/2154 2852/1/2155
f 2853/1/2156 2852/1/2155 2851/1/2154
f 2851/1/2154 2854/1/2157 2853/1/2156
f 2855/1/2158 2857/1/2159 2856/1/2160
f 2856/1/2160 2858/1/2161 2855/1/2158
f 2859/1/2162 2861/1/2163 2860/1/2164
f 2860/1/2164 2862/1/2165 2859/1/2162
f 2863/1/2166 2865/1/2167 2864/1/2168
f 2864/1/2168 2866/1/2169 2863/1/2166
f 2867/1/2170 2869/1/2171 2868/1/2172
f 2868/1/2172 2870/1/2173 2867/1/2170
f 2871/1/2174 2873/1/2175 2872/1/2176
f 2871/1/2174 2874/1/2177 2873/1/2175
f 2875/1/2178 2877/1/2179 2876/1/2180
f 2876/1/2180 2878/1/2181 2875/1/2178
f 2877/1/2179 2875/1/2178 2879/1/2182
f 2877/1/2179 2879/1/2182 2880/1/1410
f 2880/1/1410 2879/1/2182 2881/1/2183
f 2880/1/1410 2881/1/2183 2882/1/2184
f 2883/1/2185 2882/1/2184 2881/1/2183
f 2881/1/2183 2884/1/2186 2883/1/2185
f 2885/1/2187 2887/1/2188 2886/1/2189
f 2886/1/2189 2888/1/2190 2885/1/2187
f 2885/1/2187 2889/1/2191 2887/1/2188
f 2885/1/2187 2890/1/2192 2889/1/2191
f 2891/1/2193 2893/1/2194 2892/1/2195
f 2892/1/2195 2894/1/2196 2891/1/2193
f 2895/1/2197 2894/1/2196 2892/1/2195
f 2892/1/2195 2896/1/2198 2895/1/2197
f 2897/1/2199 2895/1/2197 2896/1/2198
f 2896/1/2198 2898/1/2200 2897/1/2199
f 2897/1/2199 2898/1/2200 2899/1/90
f 2900/1/35 2897/1/2199 2899/1/90
f 2895/1/2197 2897/1/2199 2901/1/2201
f 2901/1/2201 2902/1/2202 2895/1/2197
f 2902/1/2202 2901/1/2201 2903/1/90
f 2902/1/2202 2903/1/90 2904/1/35
f 2905/1/2203 2907/1/2204 2906/1/2205
f 2906/1/2205 2908/1/2206 2905/1/2203
f 2909/1/2207 2911/1/2208 2910/1/2209
f 2912/1/2210 2911/1/2208 2909/1/2207
f 2909/1/2207 2910/1/2209 2913/1/2211
f 2909/1/2207 2914/1/2212 2912/1/2210
f 2915/1/2213 2913/1/2211 2910/1/2209
f 2916/1/2214 2912/1/2210 2914/1/2212
f 2910/1/2209 2917/1/2215 2915/1/2213
f 2912/1/2210 2916/1/2214 2918/1/2216
f 2919/1/2217 2915/1/2213 2917/1/2215
f 2920/1/2218 2918/1/2216 2916/1/2214
f 2915/1/2213 2919/1/2217 2921/1/2219
f 2916/1/2214 2922/1/2220 2920/1/2218
f 2923/1/2221 2921/1/2219 2919/1/2217
f 2923/1/2221 2920/1/2218 2922/1/2220
f 2919/1/2217 2924/1/2222 2923/1/2221
f 2920/1/2218 2923/1/2221 2924/1/2222
f 2925/1/2223 2927/1/2224 2926/1/2209
f 2928/1/2225 2927/1/2224 2925/1/2223
f 2925/1/2223 2926/1/2209 2929/1/2226
f 2925/1/2223 2930/1/2227 2928/1/2225
f 2931/1/2228 2929/1/2226 2926/1/2209
f 2932/1/2229 2928/1/2225 2930/1/2227
f 2926/1/2209 2933/1/2230 2931/1/2228
f 2928/1/2225 2932/1/2229 2934/1/2231
f 2935/1/2232 2931/1/2228 2933/1/2230
f 2936/1/2233 2934/1/2231 2932/1/2229
f 2931/1/2228 2935/1/2232 2937/1/2219
f 2932/1/2229 2938/1/2220 2936/1/2233
f 2939/1/2221 2937/1/2219 2935/1/2232
f 2939/1/2221 2936/1/2233 2938/1/2220
f 2935/1/2232 2940/1/2234 2939/1/2221
f 2936/1/2233 2939/1/2221 2940/1/2234
f 2941/1/2235 2943/1/34 2942/1/35
f 2941/1/2235 2944/1/36 2943/1/34
